# Blender 4.0.2
# www.blender.org
mtllib Aktenschrank base.mtl
o FileCab_01_body
v -2.989776 1.259566 1.204870
v -2.980942 0.337348 1.204870
v -2.980942 0.641623 1.204870
v -2.980942 1.250174 1.204870
v -2.980943 0.052930 1.204869
v -2.980942 0.357205 1.204870
v -3.000261 0.347209 1.613854
v -2.989776 0.347209 1.204870
v -2.989777 0.037556 1.204869
v -2.989776 0.651559 1.204870
v -2.980942 0.661481 1.204870
v -2.980942 0.945898 1.204870
v -2.989776 0.956007 1.204870
v -2.980942 0.965756 1.204870
v -2.992013 0.039792 1.613854
v -2.989776 0.037556 1.611617
v -2.990432 0.038211 1.613199
v -2.989776 1.259566 1.188122
v -2.990431 1.259566 1.188778
v -2.992013 0.025742 1.613854
v -2.992013 0.023505 1.611617
v -2.989776 0.025451 1.611617
v -2.992013 0.024220 1.613199
v -2.990722 0.024389 1.612908
v -2.990432 0.024015 1.611617
v -2.990432 0.025596 1.613199
v -2.992013 0.023505 1.190358
v -2.990432 0.025593 1.188797
v -2.990727 0.024392 1.189087
v -2.990432 0.024072 1.190395
v -2.992013 0.024160 1.188776
v -3.006558 1.277725 1.179564
v -3.006558 1.279962 1.181801
v -3.006558 1.279307 1.180219
v -3.006558 1.279962 1.619280
v -3.002506 0.347209 1.190370
v -3.001824 1.259566 1.613161
v -3.002506 1.259566 1.611489
v -3.001827 1.259566 1.188817
v -3.002506 0.025742 1.190365
v -3.000270 0.023505 1.190358
v -3.001555 0.024455 1.189073
v -3.000268 0.024160 1.188776
v -3.001851 0.024160 1.190361
v -3.000265 0.025742 1.613854
v -3.002506 0.025742 1.611610
v -3.000269 0.023505 1.611617
v -3.001850 0.025742 1.613197
v -3.001555 0.024455 1.612902
v -3.001851 0.024160 1.611614
v -3.000267 0.024160 1.613199
v -3.004608 1.259566 1.619280
v -3.006558 1.261802 1.621517
v -3.008795 1.261802 1.619280
v -3.006558 1.259566 1.616382
v -3.005583 1.260221 1.620862
v -3.007467 1.260221 1.620050
v -3.008140 1.261802 1.620862
v -3.008140 1.260221 1.617831
v -3.005987 1.259566 1.618431
v -3.008795 1.261802 1.181801
v -3.006558 1.261802 1.179564
v -3.004815 1.259566 1.181801
v -3.006558 1.259566 1.185034
v -3.008140 1.261802 1.180219
v -3.007498 1.260221 1.181080
v -3.005687 1.260221 1.180219
v -3.006048 1.259566 1.182748
v -3.008140 1.260221 1.183417
v -3.006558 1.277725 1.621517
v -3.008795 1.277725 1.619280
v -3.006558 1.279306 1.620862
v -3.007849 1.279016 1.620572
v -3.008140 1.279306 1.619280
v -3.008140 1.277725 1.620862
v -3.008795 1.277725 1.181801
v -3.007850 1.279016 1.180509
v -3.008140 1.277725 1.180219
v -3.008140 1.279307 1.181801
v -3.000265 0.025742 1.188121
v -3.001850 0.025742 1.188779
v -2.990432 0.347209 1.188783
v -2.992013 0.347209 1.188121
v -2.989776 0.347209 1.190381
v -3.002506 0.347209 1.611606
v -3.001849 0.347209 1.613195
v -3.000262 0.347209 1.188121
v -3.001849 0.347209 1.188780
v -2.992013 0.025742 1.188121
v -2.989777 0.025440 1.190428
v -2.989776 1.259566 1.190362
v -3.002506 1.259566 1.190494
v -3.000188 1.259566 1.188122
v -3.000177 1.259566 1.613854
v -2.992013 1.259566 1.188122
v -2.608570 1.259566 1.204870
v -2.617403 0.337348 1.204869
v -2.617404 0.641623 1.204870
v -2.617404 1.250174 1.204870
v -2.617403 0.052930 1.204869
v -2.617403 0.357205 1.204869
v -2.598084 0.347209 1.613854
v -2.608569 0.347209 1.204869
v -2.608569 0.037556 1.204869
v -2.608570 0.651559 1.204870
v -2.617404 0.661481 1.204870
v -2.617404 0.945898 1.204870
v -2.608570 0.956007 1.204870
v -2.617404 0.965756 1.204870
v -2.606333 0.039792 1.613853
v -2.608569 0.037556 1.611617
v -2.607914 0.038211 1.613198
v -2.608570 1.259566 1.188122
v -2.607914 1.259566 1.188778
v -2.606333 0.025742 1.613853
v -2.606333 0.023505 1.611617
v -2.608569 0.025451 1.611617
v -2.606333 0.024220 1.613198
v -2.607624 0.024389 1.612908
v -2.607914 0.024015 1.611617
v -2.607914 0.025596 1.613198
v -2.606333 0.023505 1.190358
v -2.607914 0.025593 1.188797
v -2.607619 0.024392 1.189087
v -2.607914 0.024072 1.190395
v -2.606333 0.024160 1.188776
v -2.591788 1.277725 1.179564
v -2.591788 1.279962 1.181800
v -2.591788 1.279307 1.180219
v -2.591788 1.279962 1.619280
v -2.595840 0.347209 1.190370
v -2.596522 1.259566 1.613161
v -2.595840 1.259566 1.611489
v -2.596519 1.259566 1.188817
v -2.595840 0.025742 1.190365
v -2.598076 0.023505 1.190358
v -2.596791 0.024455 1.189073
v -2.598078 0.024160 1.188776
v -2.596495 0.024160 1.190361
v -2.598081 0.025742 1.613853
v -2.595840 0.025742 1.611610
v -2.598076 0.023505 1.611617
v -2.596496 0.025742 1.613196
v -2.596791 0.024455 1.612902
v -2.596494 0.024160 1.611614
v -2.598078 0.024160 1.613198
v -2.593737 1.259566 1.619280
v -2.591788 1.261802 1.621517
v -2.589551 1.261802 1.619280
v -2.591788 1.259566 1.616382
v -2.592762 1.260221 1.620862
v -2.590878 1.260221 1.620050
v -2.590206 1.261802 1.620862
v -2.590206 1.260221 1.617831
v -2.592359 1.259566 1.618431
v -2.589551 1.261802 1.181800
v -2.591788 1.261802 1.179564
v -2.593531 1.259566 1.181801
v -2.591788 1.259566 1.185034
v -2.590206 1.261802 1.180219
v -2.590848 1.260221 1.181080
v -2.592659 1.260221 1.180219
v -2.592298 1.259566 1.182748
v -2.590206 1.260221 1.183417
v -2.591788 1.277725 1.621517
v -2.589551 1.277725 1.619280
v -2.591788 1.279306 1.620862
v -2.590496 1.279016 1.620572
v -2.590206 1.279306 1.619280
v -2.590206 1.277725 1.620862
v -2.589551 1.277725 1.181800
v -2.590496 1.279016 1.180509
v -2.590206 1.277725 1.180219
v -2.590206 1.279307 1.181800
v -2.598080 0.025742 1.188121
v -2.596496 0.025742 1.188778
v -2.607914 0.347209 1.188783
v -2.606333 0.347209 1.188121
v -2.608569 0.347209 1.190381
v -2.595840 0.347209 1.611606
v -2.596497 0.347209 1.613195
v -2.598083 0.347209 1.188121
v -2.596497 0.347209 1.188780
v -2.606333 0.025742 1.188121
v -2.608569 0.025440 1.190428
v -2.608570 1.259566 1.190362
v -2.595840 1.259566 1.190494
v -2.598158 1.259566 1.188122
v -2.598169 1.259566 1.613854
v -2.606333 1.259566 1.188122
v -2.607914 0.347209 1.613854
v -2.607914 1.259566 1.613854
v -2.990432 0.347209 1.613854
v -2.990432 1.259566 1.613854
v -2.990432 0.039792 1.613854
v -2.607914 0.039792 1.613853
v -2.980943 0.337348 1.204870
v -2.799173 0.337348 1.204870
v -2.980943 0.052930 1.204869
v -2.799173 0.052930 1.204869
v -2.980942 0.337348 1.601884
v -2.799173 0.337348 1.601884
v -2.980942 0.052930 1.601884
v -2.799173 0.052930 1.601884
v -2.617403 0.337348 1.204869
v -2.617403 0.052930 1.204869
v -2.617403 0.337348 1.601884
v -2.617403 0.052930 1.601884
v -2.980943 0.641623 1.204870
v -2.799173 0.641623 1.204870
v -2.980943 0.357205 1.204869
v -2.799173 0.357205 1.204869
v -2.980942 0.641623 1.601884
v -2.799173 0.641623 1.601884
v -2.980942 0.357205 1.601884
v -2.799173 0.357205 1.601884
v -2.617403 0.641623 1.204870
v -2.617403 0.357205 1.204869
v -2.617403 0.641623 1.601884
v -2.617403 0.357205 1.601884
v -2.980943 0.945898 1.204870
v -2.799173 0.945898 1.204870
v -2.980943 0.661481 1.204870
v -2.799173 0.661480 1.204869
v -2.980942 0.945898 1.601884
v -2.799173 0.945898 1.601884
v -2.980942 0.661480 1.601884
v -2.799173 0.661480 1.601884
v -2.617403 0.945898 1.204870
v -2.617403 0.661481 1.204869
v -2.617403 0.945898 1.601884
v -2.617403 0.661480 1.601884
v -2.980943 1.250174 1.204870
v -2.799173 1.250174 1.204870
v -2.980943 0.965756 1.204870
v -2.799173 0.965756 1.204870
v -2.980942 1.250174 1.601884
v -2.799173 1.250174 1.601884
v -2.980942 0.965756 1.601884
v -2.799173 0.965756 1.601884
v -2.617403 1.250174 1.204870
v -2.617403 0.965756 1.204869
v -2.617403 1.250174 1.601884
v -2.617403 0.965756 1.601884
vn -0.0000 -1.0000 -0.0000
vn -0.0002 -0.9955 0.0948
vn -0.0000 -0.0000 -1.0000
vn -0.9993 0.0373 0.0014
vn -0.9993 0.0374 -0.0014
vn -0.9993 -0.0374 -0.0015
vn -0.9993 -0.0374 0.0015
vn -0.0016 1.0000 0.0015
vn 0.0016 1.0000 0.0015
vn 0.0016 1.0000 -0.0015
vn -0.0016 1.0000 -0.0015
vn 0.0028 -0.0002 1.0000
vn -0.0000 -0.0021 1.0000
vn -0.0000 -0.0000 1.0000
vn 0.0230 -0.6944 0.7192
vn -0.0230 -0.6944 0.7192
vn -0.0664 -0.9978 -0.0015
vn 0.0546 -0.9985 -0.0015
vn 0.0546 -0.9985 0.0015
vn -0.0664 -0.9978 0.0015
vn -0.0002 -0.9964 -0.0842
vn 0.0002 -0.9964 -0.0842
vn -0.0601 -0.0000 0.9982
vn -0.0619 -0.0018 0.9981
vn 0.0995 -0.0651 0.9929
vn -0.0682 -0.0000 -0.9977
vn 0.0673 -0.0000 -0.9977
vn 0.0677 -0.0019 -0.9977
vn -0.0667 -0.0019 -0.9978
vn -1.0000 -0.0020 0.0016
vn -1.0000 -0.0000 0.0016
vn -1.0000 -0.0000 -0.0016
vn -1.0000 -0.0020 -0.0016
vn -0.0000 -1.0000 0.0016
vn -1.0000 0.0001 -0.0016
vn 0.9992 -0.0000 -0.0407
vn 1.0000 -0.0000 -0.0000
vn 0.9986 -0.0000 -0.0526
vn -0.0016 -0.0374 0.9993
vn 0.0016 -0.0375 0.9993
vn 0.0015 0.0373 0.9993
vn -0.0015 0.0373 0.9993
vn -0.1167 -0.9932 0.0002
vn -0.1167 -0.9932 -0.0002
vn 0.0016 -0.0374 -0.9993
vn -0.0016 -0.0375 -0.9993
vn -0.0016 0.0374 -0.9993
vn 0.0016 0.0374 -0.9993
vn 1.0000 -0.0000 0.0016
vn 0.9988 -0.0491 0.0016
vn 0.9995 -0.0259 -0.0197
vn -0.0687 -0.0000 -0.9976
vn 0.0671 0.0001 -0.9977
vn -0.0001 -1.0000 -0.0000
vn 0.7024 -0.0247 0.7114
vn 0.5241 -0.6022 0.6022
vn 0.6554 -0.7553 0.0012
vn 0.0312 -0.7179 0.6955
vn 0.7142 -0.0015 -0.6999
vn 0.5444 -0.6004 -0.5858
vn 0.0455 -0.7072 -0.7055
vn 0.6554 -0.7553 -0.0012
vn -0.7077 -0.0014 -0.7065
vn -0.5780 -0.5767 -0.5773
vn -0.7071 -0.7071 -0.0011
vn -0.0501 -0.7062 -0.7062
vn -0.7078 -0.0010 0.7064
vn -0.5776 -0.5770 0.5775
vn -0.7071 -0.7071 0.0011
vn -0.0349 -0.7184 0.6947
vn -0.0013 -0.7071 0.7072
vn -0.4280 -0.8243 0.3706
vn -0.0644 -0.9967 0.0489
vn -0.7087 -0.0693 0.7021
vn -0.7075 -0.7067 0.0011
vn -0.7106 -0.0700 -0.7001
vn -0.4434 -0.8243 -0.3519
vn -0.7074 -0.7068 -0.0010
vn -0.0014 -0.7071 -0.7071
vn -0.0654 -0.9969 -0.0427
vn -0.0008 0.7068 0.7074
vn -0.5775 0.5772 0.5774
vn -0.7068 0.0275 0.7068
vn -0.7074 0.7069 0.0008
vn -0.5773 0.5775 -0.5773
vn -0.7074 0.7069 -0.0008
vn -0.7068 0.0275 -0.7068
vn -0.0008 0.7068 -0.7074
vn 0.0013 -0.7071 0.7072
vn -0.0592 -0.0000 0.9982
vn 0.0002 -0.9955 0.0948
vn 0.0008 0.7068 0.7074
vn 0.0008 0.7068 -0.7074
vn 0.0014 -0.7071 -0.7071
vn -0.7094 -0.0000 0.7048
vn -0.7100 -0.0000 0.7042
vn 0.7104 -0.0000 -0.7038
vn 0.7092 -0.0000 -0.7050
vn -0.7106 -0.0000 -0.7036
vn -0.7117 -0.0000 -0.7025
vn 0.9993 0.0374 0.0014
vn 0.9993 -0.0374 0.0015
vn 0.9993 -0.0374 -0.0015
vn 0.9993 0.0373 -0.0015
vn 0.0664 -0.9978 -0.0015
vn 0.0664 -0.9978 0.0015
vn -0.0546 -0.9985 0.0015
vn -0.0546 -0.9985 -0.0015
vn 0.0619 -0.0018 0.9981
vn -0.0028 -0.0002 1.0000
vn -0.0995 -0.0651 0.9929
vn 0.0682 -0.0000 -0.9977
vn 0.0667 -0.0019 -0.9978
vn -0.0678 -0.0019 -0.9977
vn -0.0673 -0.0000 -0.9977
vn 1.0000 -0.0020 0.0015
vn 1.0000 -0.0020 -0.0015
vn 1.0000 -0.0000 -0.0016
vn -0.9992 -0.0000 -0.0407
vn -0.9986 -0.0000 -0.0526
vn -1.0000 -0.0000 -0.0000
vn 0.1167 -0.9932 0.0002
vn 0.1167 -0.9932 -0.0002
vn -0.9995 -0.0258 -0.0198
vn -0.9988 -0.0491 0.0015
vn 0.0687 -0.0001 -0.9976
vn -0.0671 -0.0000 -0.9977
vn 0.0001 -1.0000 -0.0000
vn -0.7024 -0.0247 0.7114
vn -0.6554 -0.7553 0.0012
vn -0.5241 -0.6022 0.6022
vn -0.0312 -0.7179 0.6955
vn -0.7143 -0.0015 -0.6999
vn -0.0455 -0.7072 -0.7055
vn -0.5443 -0.6004 -0.5859
vn -0.6554 -0.7553 -0.0012
vn 0.7077 -0.0014 -0.7065
vn 0.7071 -0.7071 -0.0011
vn 0.5777 -0.5771 -0.5773
vn 0.0501 -0.7062 -0.7062
vn 0.7078 -0.0010 0.7064
vn 0.5776 -0.5770 0.5775
vn 0.7071 -0.7071 0.0011
vn 0.0349 -0.7184 0.6947
vn 0.0644 -0.9967 0.0489
vn 0.4289 -0.8242 0.3698
vn 0.7087 -0.0693 0.7021
vn 0.7075 -0.7067 0.0011
vn 0.7074 -0.7068 -0.0010
vn 0.4434 -0.8243 -0.3519
vn 0.7106 -0.0700 -0.7001
vn 0.0654 -0.9969 -0.0427
vn 0.7068 0.0275 0.7068
vn 0.5773 0.5775 0.5773
vn 0.7074 0.7069 0.0008
vn 0.7074 0.7069 -0.0008
vn 0.5775 0.5771 -0.5775
vn 0.7068 0.0275 -0.7068
vn 0.7094 -0.0000 0.7048
vn 0.0601 -0.0000 0.9982
vn 0.7100 -0.0000 0.7042
vn -0.7104 -0.0000 -0.7038
vn -0.7092 -0.0000 -0.7050
vn 0.7117 -0.0000 -0.7025
vn 0.7106 -0.0000 -0.7036
vn 0.0592 -0.0000 0.9982
vn -0.0000 1.0000 -0.0000
vt 0.764443 0.706420
vt 0.764436 0.711759
vt 0.761461 0.704003
vt 0.006867 0.977283
vt 0.215427 0.977282
vt 0.210594 0.985694
vt 0.011700 0.985694
vt 0.748973 0.701074
vt 0.509719 0.701101
vt 0.509721 0.692394
vt 0.748970 0.692366
vt 0.749038 0.702926
vt 0.749056 0.929875
vt 0.509681 0.929895
vt 0.509655 0.702953
vt 0.716277 0.671308
vt 0.715412 0.671308
vt 0.715411 0.503122
vt 0.715412 0.672244
vt 0.506138 0.672246
vt 0.506138 0.671309
vt 0.236536 0.680888
vt 0.236536 0.685405
vt 0.006064 0.685388
vt 0.006064 0.680871
vt 0.493820 0.920675
vt 0.493850 0.712010
vt 0.497240 0.703962
vt 0.497285 0.928906
vt 0.961372 0.418472
vt 0.961372 0.209913
vt 0.966903 0.214746
vt 0.966903 0.413639
vt 0.720789 0.503122
vt 0.720792 0.678996
vt 0.956039 0.413639
vt 0.956039 0.214746
vt 0.492685 0.920676
vt 0.484744 0.920690
vt 0.484385 0.712025
vt 0.492326 0.712011
vt 0.896666 0.962854
vt 0.688108 0.962854
vt 0.692941 0.957418
vt 0.891833 0.957418
vt 0.891833 0.968282
vt 0.692941 0.968282
vt 0.945041 0.213882
vt 0.945041 0.005323
vt 0.950511 0.010156
vt 0.950510 0.209049
vt 0.716277 0.678996
vt 0.939646 0.209049
vt 0.939646 0.010157
vt 0.238414 0.503130
vt 0.242930 0.503131
vt 0.242924 0.678999
vt 0.238410 0.679006
vt 0.006068 0.679003
vt 0.006073 0.503127
vt 0.236532 0.503131
vt 0.236532 0.679006
vt 0.731471 0.524455
vt 0.940031 0.524456
vt 0.940390 0.525392
vt 0.731113 0.525392
vt 0.550667 0.991186
vt 0.545231 0.996019
vt 0.389624 0.996019
vt 0.384155 0.991186
vt 0.006144 0.003974
vt 0.236472 0.003977
vt 0.679291 0.960346
vt 0.346630 0.968284
vt 0.180126 0.968284
vt 0.180126 0.960357
vt 0.171254 0.943520
vt 0.165723 0.948353
vt 0.010114 0.948353
vt 0.004686 0.943520
vt 0.513200 0.968284
vt 0.759615 0.702992
vt 0.759614 0.929808
vt 0.750906 0.929811
vt 0.750900 0.702990
vt 0.982506 0.689978
vt 0.987339 0.695116
vt 0.987339 0.850720
vt 0.982506 0.856054
vt 0.679291 0.968284
vt 0.747433 0.690500
vt 0.511442 0.690525
vt 0.514427 0.688296
vt 0.744759 0.688271
vt 0.499125 0.929812
vt 0.499077 0.703040
vt 0.507784 0.703028
vt 0.507832 0.929820
vt 0.493844 0.707023
vt 0.493843 0.706725
vt 0.228596 0.693782
vt 0.006064 0.693785
vt 0.006064 0.687163
vt 0.236497 0.687153
vt 0.958462 0.004688
vt 0.963295 0.010083
vt 0.963294 0.165689
vt 0.958462 0.174101
vt 0.238436 0.003977
vt 0.242909 0.003977
vt 0.010721 0.968284
vt 0.004093 0.960383
vt 0.492894 0.711058
vt 0.005126 0.687090
vt 0.005321 0.686419
vt 0.006064 0.686299
vt 0.005315 0.686210
vt 0.005120 0.685506
vt 0.243859 0.679114
vt 0.243718 0.679825
vt 0.242960 0.679933
vt 0.236515 0.686326
vt 0.237262 0.686414
vt 0.237456 0.687079
vt 0.237472 0.679006
vt 0.237384 0.679741
vt 0.236668 0.679933
vt 0.237466 0.685525
vt 0.237265 0.686233
vt 0.238274 0.679933
vt 0.237559 0.679741
vt 0.721731 0.678996
vt 0.721644 0.679730
vt 0.236534 0.679943
vt 0.237276 0.680031
vt 0.237471 0.680753
vt 0.006066 0.679934
vt 0.005334 0.679847
vt 0.005143 0.679137
vt 0.720793 0.679932
vt 0.716277 0.679902
vt 0.005137 0.680737
vt 0.005330 0.680022
vt 0.760521 0.703521
vt 0.760794 0.702417
vt 0.761889 0.703197
vt 0.759705 0.702049
vt 0.748186 0.691449
vt 0.749457 0.691239
vt 0.749911 0.692281
vt 0.748596 0.690232
vt 0.508780 0.692311
vt 0.509260 0.691279
vt 0.510592 0.691475
vt 0.498175 0.703526
vt 0.497861 0.702449
vt 0.498979 0.702093
vt 0.496726 0.703240
vt 0.510153 0.690289
vt 0.749981 0.702980
vt 0.750035 0.702223
vt 0.750837 0.702040
vt 0.748983 0.701988
vt 0.749737 0.701934
vt 0.749920 0.701136
vt 0.508956 0.701962
vt 0.509709 0.702016
vt 0.507845 0.702076
vt 0.508648 0.702254
vt 0.508707 0.703013
vt 0.508772 0.701164
vt 0.005114 0.685388
vt 0.005127 0.680872
vt 0.238412 0.679949
vt 0.760521 0.929279
vt 0.715409 0.003975
vt 0.720740 0.003975
vt 0.237473 0.680889
vt 0.237472 0.685405
vt 0.761461 0.928797
vt 0.749993 0.929821
vt 0.508745 0.929836
vt 0.498223 0.929333
vt 0.005127 0.694143
vt 0.005127 0.687242
vt 0.715340 0.672173
vt 0.715340 0.679075
vt 0.764830 0.705507
vt 0.745683 0.687888
vt 0.731473 0.301922
vt 0.940032 0.301923
vt 0.493399 0.705817
vt 0.721729 0.503122
vt 0.005156 0.003974
vt 0.005138 0.503127
vt 0.005129 0.679003
vt 0.180126 0.959413
vt 0.679291 0.959408
vt 0.243867 0.503130
vt 0.243853 0.003977
vt 0.237474 0.503131
vt 0.237477 0.003977
vt 0.721730 0.003975
vt 0.004176 0.959422
vt 0.513502 0.687915
vt 0.715429 0.679767
vt 0.748992 0.931726
vt 0.748990 0.940434
vt 0.509749 0.940455
vt 0.509745 0.931747
vt 0.484265 0.019053
vt 0.253793 0.019050
vt 0.253793 0.014533
vt 0.484265 0.014535
vt 0.500755 0.678996
vt 0.505270 0.671309
vt 0.505270 0.678996
vt 0.486146 0.196800
vt 0.486141 0.020924
vt 0.490655 0.020931
vt 0.490659 0.196800
vt 0.253796 0.020928
vt 0.484261 0.020924
vt 0.484261 0.196800
vt 0.253802 0.196804
vt 0.776484 0.982124
vt 0.609972 0.982124
vt 0.615441 0.977291
vt 0.771048 0.977291
vt 0.253874 0.695958
vt 0.484202 0.695954
vt 0.977315 0.679459
vt 0.977326 0.180182
vt 0.985254 0.180182
vt 0.985254 0.346723
vt 0.436896 0.977287
vt 0.603463 0.977287
vt 0.598035 0.982120
vt 0.442426 0.982120
vt 0.985254 0.513342
vt 0.377639 0.996023
vt 0.211564 0.996023
vt 0.216898 0.991189
vt 0.372500 0.991189
vt 0.985254 0.679459
vt 0.747455 0.942299
vt 0.744781 0.944528
vt 0.514458 0.944553
vt 0.511473 0.942326
vt 0.493813 0.926381
vt 0.493820 0.920765
vt 0.476326 0.006154
vt 0.484227 0.012784
vt 0.253793 0.012759
vt 0.253793 0.006137
vt 0.004689 0.929609
vt 0.174102 0.929609
vt 0.165691 0.934443
vt 0.010084 0.934443
vt 0.486166 0.695954
vt 0.490644 0.695954
vt 0.977352 0.004113
vt 0.985254 0.010743
vt 0.493641 0.920854
vt 0.252855 0.012833
vt 0.253793 0.013624
vt 0.253050 0.013503
vt 0.252851 0.014415
vt 0.253046 0.013712
vt 0.491589 0.020817
vt 0.490691 0.019998
vt 0.491448 0.020106
vt 0.484245 0.013614
vt 0.485189 0.012858
vt 0.484994 0.013525
vt 0.485202 0.020924
vt 0.484398 0.019996
vt 0.485115 0.020189
vt 0.484995 0.013706
vt 0.485196 0.014415
vt 0.486005 0.019997
vt 0.485289 0.020189
vt 0.499817 0.678996
vt 0.499904 0.679731
vt 0.485192 0.019187
vt 0.484999 0.019902
vt 0.484263 0.019989
vt 0.253795 0.019991
vt 0.252867 0.020793
vt 0.253059 0.020079
vt 0.505270 0.679902
vt 0.500754 0.679932
vt 0.253055 0.019903
vt 0.252861 0.019184
vt 0.761889 0.929604
vt 0.760794 0.930383
vt 0.759704 0.930751
vt 0.749931 0.940518
vt 0.749477 0.941559
vt 0.748208 0.941350
vt 0.748618 0.942566
vt 0.510622 0.941375
vt 0.509288 0.941571
vt 0.508808 0.940538
vt 0.499031 0.930756
vt 0.497923 0.930404
vt 0.496800 0.929637
vt 0.510183 0.942561
vt 0.750844 0.930759
vt 0.750046 0.930575
vt 0.749756 0.930866
vt 0.749002 0.930812
vt 0.749939 0.931664
vt 0.509735 0.930834
vt 0.508982 0.930887
vt 0.508688 0.930588
vt 0.507891 0.930768
vt 0.508798 0.931685
vt 0.252856 0.019049
vt 0.252843 0.014533
vt 0.486143 0.019981
vt 0.485202 0.014535
vt 0.485202 0.019052
vt 0.252856 0.012680
vt 0.252857 0.005778
vt 0.506207 0.672174
vt 0.506207 0.679075
vt 0.764444 0.926380
vt 0.764831 0.927293
vt 0.745705 0.944912
vt 0.493427 0.927289
vt 0.499817 0.503123
vt 0.500759 0.503123
vt 0.252899 0.695957
vt 0.252861 0.196804
vt 0.252857 0.020928
vt 0.976381 0.180182
vt 0.976387 0.679459
vt 0.491600 0.196800
vt 0.491581 0.695954
vt 0.485192 0.695954
vt 0.485212 0.196800
vt 0.499826 0.003976
vt 0.500803 0.003976
vt 0.976391 0.004197
vt 0.513533 0.944935
vt 0.506118 0.679767
vt 0.430651 0.982428
vt 0.222087 0.982428
vt 0.226920 0.977289
vt 0.425818 0.977289
vt 0.506137 0.503123
vt 0.506135 0.003976
vt 0.764436 0.921040
vt 0.505999 0.679880
vt 0.500018 0.679845
vt 0.721529 0.679845
vt 0.715547 0.679880
vt 0.871316 0.633642
vt 0.968435 0.633642
vt 0.968435 0.769209
vt 0.871316 0.769209
vt 0.321974 0.887898
vt 0.321974 0.949966
vt 0.186407 0.949966
vt 0.186407 0.887898
vt 0.474309 0.840718
vt 0.412240 0.840718
vt 0.412240 0.705151
vt 0.474308 0.705151
vt 0.474302 0.947280
vt 0.412233 0.947280
vt 0.412233 0.850161
vt 0.474302 0.850161
s 1
usemtl comic
f 94/1/1 194/2/1 52/3/2
f 104/4/3 9/5/3 5/6/3 100/7/3
f 71/8/4 76/9/5 61/10/6 54/11/7
f 35/12/8 130/13/9 128/14/10 33/15/11
f 15/16/12 195/17/13 193/18/14
f 17/19/15 112/20/16 196/21/13 195/17/13
f 41/22/17 27/23/18 21/24/19 47/25/20
f 113/26/1 18/27/1 63/28/21 158/29/22
f 13/30/3 108/31/3 107/32/3 12/33/3
f 193/18/14 7/34/23 45/35/24 15/16/12
f 108/31/3 13/30/3 14/36/3 109/37/3
f 18/27/1 113/26/1 186/38/1 96/39/1 1/40/1 91/41/1
f 10/42/3 105/43/3 98/44/3 3/45/3
f 105/43/3 10/42/3 11/46/3 106/47/3
f 103/48/3 8/49/3 6/50/3 101/51/3
f 45/35/24 20/52/25 15/16/12
f 8/49/3 103/48/3 97/53/3 2/54/3
f 87/55/26 83/56/27 89/57/28 80/58/29
f 46/59/30 85/60/31 36/61/32 40/62/33
f 16/63/34 111/64/34 112/65/16 17/66/15
f 10/67/3 3/68/3 6/69/3 8/70/3
f 38/71/31 92/72/35 36/61/32 85/60/31
f 91/73/36 10/74/37 8/75/37 84/76/38
f 13/77/3 12/78/3 11/79/3 10/80/3
f 91/73/36 13/81/37 10/74/37
f 53/82/39 148/83/40 165/84/41 70/85/42
f 1/86/3 4/87/3 14/88/3 13/89/3
f 91/73/36 1/90/37 13/81/37
f 55/91/43 64/92/44 92/93/1 38/94/1
f 157/95/45 62/96/46 32/97/47 127/98/48
f 63/28/21 18/27/1 95/99/1 93/100/1
f 9/101/37 16/102/49 22/103/50 90/104/51
f 8/105/3 2/106/3 5/107/3 9/108/3
f 93/109/52 95/110/53 83/56/27 87/55/26
f 84/76/38 8/75/37 9/111/37 90/112/51
f 91/41/1 19/113/54 95/99/1 18/27/1
f 26/114/55 24/115/56 25/116/57 22/103/50
f 21/24/19 25/116/57 24/117/56 23/118/58
f 28/119/59 29/120/60 31/121/61 89/57/28
f 30/122/62 29/123/60 28/124/59 90/104/51
f 81/125/63 42/126/64 44/127/65 40/62/33
f 27/23/18 31/128/61 29/129/60 30/122/62
f 43/130/66 42/131/64 81/125/63 80/58/29
f 48/132/67 49/133/68 45/35/24
f 41/22/17 44/134/65 42/135/64 43/136/66
f 50/137/69 49/138/68 48/139/67 46/59/30
f 45/35/24 51/140/70 23/141/58 20/52/25
f 47/25/20 51/142/70 49/143/68 50/137/69
f 52/3/2 56/144/71 57/145/72 60/146/73
f 53/82/39 58/147/74 57/145/72 56/144/71
f 54/11/7 59/148/75 57/149/72 58/150/74
f 55/91/43 60/151/73 57/149/72 59/148/75
f 61/10/6 65/152/76 66/153/77 69/154/78
f 62/96/46 67/155/79 66/156/77 65/157/76
f 63/28/21 68/158/80 66/156/77 67/155/79
f 64/92/44 69/154/78 66/153/77 68/159/80
f 70/85/42 72/160/81 73/161/82 75/162/83
f 35/12/8 74/163/84 73/164/82
f 71/8/4 75/165/83 73/164/82 74/163/84
f 33/15/11 77/166/85 79/167/86
f 32/97/47 78/168/87 77/169/85 34/170/88
f 76/9/5 79/167/86 77/166/85 78/171/87
f 47/25/20 21/24/19 23/172/58 51/173/70
f 40/62/33 44/134/65 50/137/69 46/59/30
f 41/22/17 47/25/20 50/137/69 44/134/65
f 89/57/28 31/121/61 43/174/66 80/58/29
f 148/83/40 53/82/39 56/144/71 151/175/89
f 7/34/23 193/18/14 194/176/14 94/177/90
f 27/23/18 41/22/17 43/178/66 31/179/61
f 22/103/50 25/116/57 30/122/62 90/104/51
f 21/24/19 27/23/18 30/122/62 25/116/57
f 151/175/89 56/144/71 52/3/2 147/180/91
f 130/13/9 35/12/8 72/160/81 167/181/92
f 167/181/92 72/160/81 70/85/42 165/84/41
f 33/15/11 128/14/10 129/182/93 34/170/88
f 34/170/88 129/182/93 127/98/48 32/97/47
f 62/96/46 157/95/45 162/183/94 67/155/79
f 16/102/49 17/184/15 26/185/55 22/103/50
f 17/186/15 15/16/12 20/52/25 26/187/55
f 52/3/2 60/146/73 37/188/1 94/1/1
f 55/91/43 38/94/1 37/189/1 60/151/73
f 67/155/79 162/183/94 158/29/22 63/28/21
f 9/190/1 104/191/1 111/64/34 16/63/34
f 61/10/6 69/154/78 59/148/75 54/11/7
f 64/92/44 55/91/43 59/148/75 69/154/78
f 39/192/1 68/158/80 63/28/21 93/100/1
f 70/85/42 75/162/83 58/147/74 53/82/39
f 86/193/95 48/132/67 45/35/24 7/34/23
f 71/8/4 54/11/7 58/150/74 75/165/83
f 33/15/11 79/167/86 74/163/84 35/12/8
f 76/9/5 71/8/4 74/163/84 79/167/86
f 62/96/46 65/157/76 78/168/87 32/97/47
f 61/10/6 76/9/5 78/171/87 65/152/76
f 37/194/96 38/71/31 85/60/31 86/195/95
f 86/195/95 85/60/31 46/59/30 48/196/67
f 82/197/97 19/198/98 91/73/36 84/76/38
f 82/199/97 83/56/27 95/110/53 19/200/98
f 87/55/26 88/201/99 39/202/100 93/109/52
f 88/201/99 36/61/32 92/72/35 39/202/100
f 37/203/96 86/193/95 7/34/23 94/177/90
f 80/58/29 81/125/63 88/201/99 87/55/26
f 81/125/63 40/62/33 36/61/32 88/201/99
f 90/112/51 28/204/59 82/197/97 84/76/38
f 28/119/59 89/57/28 83/56/27 82/199/97
f 39/205/1 92/93/1 64/92/44 68/159/80
f 26/187/55 20/52/25 24/206/56
f 77/169/85 33/15/11 34/170/88
f 73/161/82 72/160/81 35/12/8
f 166/207/101 149/208/102 156/209/103 171/210/104
f 136/211/105 142/212/106 116/213/107 122/214/108
f 140/215/109 110/216/110 115/217/111
f 182/218/112 175/219/113 184/220/114 178/221/115
f 141/222/116 135/223/117 131/224/118 180/225/49
f 105/226/3 103/227/3 101/228/3 98/229/3
f 133/230/49 180/225/49 131/224/118 187/231/118
f 186/232/119 179/233/120 103/234/121 105/235/121
f 108/236/3 105/237/3 106/238/3 107/239/3
f 186/232/119 105/235/121 108/240/121
f 96/241/3 108/242/3 109/243/3 99/244/3
f 186/232/119 108/240/121 96/245/121
f 150/246/122 133/247/1 187/248/1 159/249/123
f 158/29/22 188/250/1 190/251/1 113/26/1
f 104/252/121 185/253/124 117/254/125 111/255/31
f 103/256/3 104/257/3 100/258/3 97/259/3
f 188/260/126 182/218/112 178/221/115 190/261/127
f 179/233/120 185/262/124 104/263/121 103/234/121
f 186/38/1 113/26/1 190/251/1 114/264/128
f 121/265/129 117/254/125 120/266/130 119/267/131
f 116/213/107 118/268/132 119/269/131 120/266/130
f 123/270/133 184/220/114 126/271/134 124/272/135
f 125/273/136 185/253/124 123/274/133 124/275/135
f 176/276/137 135/223/117 139/277/138 137/278/139
f 122/214/108 125/273/136 124/279/135 126/280/134
f 138/281/140 175/219/113 176/276/137 137/282/139
f 143/283/141 140/215/109 144/284/142
f 136/211/105 138/285/140 137/286/139 139/287/138
f 145/288/143 141/222/116 143/289/141 144/290/142
f 140/215/109 115/217/111 118/291/132 146/292/144
f 142/212/106 145/288/143 144/293/142 146/294/144
f 147/180/91 155/295/145 152/296/146 151/175/89
f 148/83/40 151/175/89 152/296/146 153/297/147
f 149/208/102 153/298/147 152/299/146 154/300/148
f 150/246/122 154/300/148 152/299/146 155/301/145
f 156/209/103 164/302/149 161/303/150 160/304/151
f 157/95/45 160/305/151 161/306/150 162/183/94
f 158/29/22 162/183/94 161/306/150 163/307/152
f 159/249/123 163/308/152 161/303/150 164/302/149
f 165/84/41 170/309/153 168/310/154 167/181/92
f 130/13/9 168/311/154 169/312/155
f 166/207/101 169/312/155 168/311/154 170/313/153
f 128/14/10 174/314/156 172/315/157
f 127/98/48 129/182/93 172/316/157 173/317/158
f 171/210/104 173/318/158 172/315/157 174/314/156
f 142/212/106 146/319/144 118/320/132 116/213/107
f 135/223/117 141/222/116 145/288/143 139/287/138
f 136/211/105 139/287/138 145/288/143 142/212/106
f 184/220/114 175/219/113 138/321/140 126/271/134
f 122/214/108 126/322/134 138/323/140 136/211/105
f 117/254/125 185/253/124 125/273/136 120/266/130
f 116/213/107 120/266/130 125/273/136 122/214/108
f 111/255/31 117/254/125 121/324/129 112/325/16
f 112/326/16 121/327/129 115/217/111 110/216/110
f 147/180/91 189/328/1 132/329/1 155/295/145
f 150/246/122 155/301/145 132/330/1 133/247/1
f 156/209/103 149/208/102 154/300/148 164/302/149
f 159/249/123 164/302/149 154/300/148 150/246/122
f 134/331/1 188/250/1 158/29/22 163/307/152
f 165/84/41 148/83/40 153/297/147 170/309/153
f 181/332/159 102/333/160 140/215/109 143/283/141
f 166/207/101 170/313/153 153/298/147 149/208/102
f 128/14/10 130/13/9 169/312/155 174/314/156
f 171/210/104 174/314/156 169/312/155 166/207/101
f 157/95/45 127/98/48 173/317/158 160/305/151
f 156/209/103 160/304/151 173/318/158 171/210/104
f 132/334/161 181/335/159 180/225/49 133/230/49
f 181/335/159 143/336/141 141/222/116 180/225/49
f 177/337/162 179/233/120 186/232/119 114/338/163
f 177/339/162 114/340/163 190/261/127 178/221/115
f 182/218/112 188/260/126 134/341/164 183/342/165
f 183/342/165 134/341/164 187/231/118 131/224/118
f 132/343/161 189/344/166 102/333/160 181/332/159
f 175/219/113 182/218/112 183/342/165 176/276/137
f 176/276/137 183/342/165 131/224/118 135/223/117
f 185/262/124 179/233/120 177/337/162 123/345/133
f 123/270/133 177/339/162 178/221/115 184/220/114
f 134/346/1 163/308/152 159/249/123 187/248/1
f 121/327/129 119/347/131 115/217/111
f 172/316/157 129/182/93 128/14/10
f 168/310/154 130/13/9 167/181/92
f 1/348/3 96/349/3 99/350/3 4/351/3
f 191/352/14 110/216/110 140/215/109 102/333/160
f 192/353/14 191/352/14 102/333/160 189/344/166
f 147/180/91 192/354/1 189/328/1
f 193/18/14 195/17/13 196/21/13 191/352/14
f 195/17/13 15/16/12 17/19/15
f 194/176/14 193/18/14 191/352/14 192/353/14
f 194/2/1 192/354/1 147/180/91 52/3/2
f 196/21/13 112/20/16 110/216/110
f 191/352/14 196/21/13 110/216/110
f 115/217/111 119/355/131 118/291/132
f 144/356/142 140/215/109 146/292/144
f 45/35/24 49/357/68 51/140/70
f 24/358/56 20/52/25 23/141/58
f 199/359/37 197/360/37 201/361/37 203/362/37
f 200/363/167 199/364/167 203/365/167 204/366/167
f 197/367/1 198/368/1 202/369/1 201/370/1
f 201/371/3 202/372/3 204/373/3 203/374/3
f 206/359/121 208/362/121 207/361/121 205/360/121
f 200/363/167 204/366/167 208/365/167 206/364/167
f 205/367/1 207/370/1 202/369/1 198/368/1
f 207/371/3 208/374/3 204/373/3 202/372/3
f 211/359/37 209/360/37 213/361/37 215/362/37
f 212/363/167 211/364/167 215/365/167 216/366/167
f 209/367/1 210/368/1 214/369/1 213/370/1
f 213/371/3 214/372/3 216/373/3 215/374/3
f 218/359/121 220/362/121 219/361/121 217/360/121
f 212/363/167 216/366/167 220/365/167 218/364/167
f 217/367/1 219/370/1 214/369/1 210/368/1
f 219/371/3 220/374/3 216/373/3 214/372/3
f 223/359/37 221/360/37 225/361/37 227/362/37
f 224/363/167 223/364/167 227/365/167 228/366/167
f 221/367/1 222/368/1 226/369/1 225/370/1
f 225/371/3 226/372/3 228/373/3 227/374/3
f 230/359/121 232/362/121 231/361/121 229/360/121
f 224/363/167 228/366/167 232/365/167 230/364/167
f 229/367/1 231/370/1 226/369/1 222/368/1
f 231/371/3 232/374/3 228/373/3 226/372/3
f 235/359/37 233/360/37 237/361/37 239/362/37
f 236/363/167 235/364/167 239/365/167 240/366/167
f 233/367/1 234/368/1 238/369/1 237/370/1
f 237/371/3 238/372/3 240/373/3 239/374/3
f 242/359/121 244/362/121 243/361/121 241/360/121
f 236/363/167 240/366/167 244/365/167 242/364/167
f 241/367/1 243/370/1 238/369/1 234/368/1
f 243/371/3 244/374/3 240/373/3 238/372/3
o FileCab_01_D
v -2.843138 1.146935 1.183500
v -2.843138 1.198423 1.183500
v -2.755207 1.146935 1.183500
v -2.755207 1.198423 1.183500
v -2.983626 1.252691 1.199328
v -2.799173 0.962905 1.199328
v -2.799173 1.252691 1.199328
v -2.799173 0.976578 1.199328
v -2.972301 1.172081 1.199328
v -2.972301 0.976578 1.199328
v -2.983626 0.962905 1.199328
v -2.962856 1.172081 1.199328
v -2.799173 0.986353 1.199328
v -2.972301 1.172081 1.587508
v -2.972301 0.976578 1.587508
v -2.799173 0.976578 1.587508
v -2.799173 0.986353 1.578124
v -2.962856 0.986353 1.578124
v -2.962856 1.172081 1.578125
v -2.799173 1.172081 1.587508
v -2.799173 1.172081 1.578124
v -2.962856 0.986353 1.199328
v -2.614719 1.252691 1.199328
v -2.626045 1.172081 1.199328
v -2.626045 0.976578 1.199328
v -2.614719 0.962905 1.199328
v -2.635489 1.172081 1.199328
v -2.626045 1.172081 1.587508
v -2.626045 0.976578 1.587508
v -2.635489 0.986353 1.578124
v -2.635489 1.172081 1.578124
v -2.635489 0.986353 1.199328
v -2.847438 1.142635 1.184071
v -2.847438 1.202723 1.184071
v -2.847438 1.142635 1.181591
v -2.847438 1.202723 1.181591
v -2.843138 1.146935 1.181591
v -2.843138 1.198423 1.181591
v -2.843138 1.146935 1.183500
v -2.843138 1.198423 1.183500
v -2.983626 0.962905 1.199328
v -2.983626 1.252691 1.199328
v -2.983626 0.962905 1.186206
v -2.981619 1.250556 1.184071
v -2.983626 1.252691 1.186206
v -2.983436 0.963107 1.185429
v -2.982985 0.963586 1.184753
v -2.845289 1.144785 1.180523
v -2.845289 1.200573 1.180523
v -2.848809 1.022811 1.160756
v -2.848809 1.033736 1.160756
v -2.845315 1.022811 1.167012
v -2.845315 1.033736 1.167012
v -2.845315 1.033736 1.160756
v -2.845315 1.022811 1.160756
v -2.799173 1.033736 1.160791
v -2.799173 1.022811 1.160791
v -2.833245 1.032097 1.159160
v -2.833245 1.024449 1.159160
v -2.833245 1.032097 1.165416
v -2.833245 1.024449 1.165416
v -2.816209 1.033736 1.161299
v -2.816209 1.022811 1.161299
v -2.816209 1.033736 1.155043
v -2.816209 1.022811 1.155043
v -2.799173 1.033736 1.154535
v -2.799173 1.022811 1.154535
v -2.824727 1.033736 1.156347
v -2.824727 1.022811 1.156347
v -2.824727 1.033736 1.162603
v -2.824727 1.022811 1.162603
v -2.840335 1.032097 1.160505
v -2.840335 1.024449 1.160505
v -2.840335 1.032097 1.166761
v -2.840335 1.024449 1.166761
v -2.849211 1.028273 1.159871
v -2.845315 1.028273 1.159871
v -2.833245 1.028273 1.158275
v -2.816209 1.028273 1.154158
v -2.799173 1.028273 1.153650
v -2.824727 1.028273 1.155462
v -2.840335 1.028273 1.159620
v -2.878920 1.028273 1.181528
v -2.871779 1.028273 1.181528
v -2.866941 1.022197 1.181528
v -2.865070 1.022811 1.180654
v -2.865913 1.022631 1.181272
v -2.866941 1.034350 1.181528
v -2.865070 1.033736 1.180654
v -2.865913 1.033916 1.181272
v -2.856599 1.022174 1.181528
v -2.856828 1.022811 1.180649
v -2.857031 1.022624 1.181271
v -2.856599 1.034372 1.181528
v -2.856828 1.033736 1.180752
v -2.857031 1.033923 1.181301
v -2.866094 1.028273 1.180657
v -2.868067 1.028273 1.181528
v -2.866965 1.028273 1.181273
v -2.878920 1.019635 1.184071
v -2.878920 1.036912 1.184071
v -2.853089 1.019635 1.184071
v -2.853089 1.036912 1.184071
v -2.884587 1.028273 1.184071
v -2.871779 1.036912 1.184071
v -2.871779 1.019635 1.184071
v -2.882739 1.035192 1.184071
v -2.882739 1.021354 1.184071
v -2.878920 1.020593 1.181528
v -2.878920 1.019635 1.182446
v -2.878920 1.019915 1.181797
v -2.878920 1.035954 1.181528
v -2.878920 1.036912 1.182446
v -2.878920 1.036631 1.181797
v -2.853089 1.019635 1.182446
v -2.854184 1.020427 1.181528
v -2.853410 1.019867 1.181797
v -2.854184 1.036120 1.181528
v -2.853089 1.036912 1.182446
v -2.853410 1.036680 1.181797
v -2.883637 1.028273 1.181528
v -2.884587 1.028273 1.182446
v -2.884308 1.028273 1.181797
v -2.871779 1.036912 1.182446
v -2.871779 1.035956 1.181528
v -2.871779 1.036632 1.181797
v -2.871779 1.019635 1.182446
v -2.871779 1.020591 1.181528
v -2.871779 1.019915 1.181797
v -2.882739 1.035192 1.182446
v -2.881951 1.034588 1.181528
v -2.882509 1.035015 1.181797
v -2.882739 1.021354 1.182446
v -2.881951 1.021959 1.181528
v -2.882509 1.021531 1.181797
v -2.750907 1.142635 1.184071
v -2.750907 1.202723 1.184071
v -2.750907 1.142635 1.181591
v -2.750907 1.202723 1.181591
v -2.755207 1.146935 1.181591
v -2.755207 1.198423 1.181591
v -2.755207 1.146935 1.183500
v -2.755207 1.198423 1.183500
v -2.614719 1.252691 1.186205
v -2.616021 0.964288 1.184267
v -2.615360 0.963586 1.184752
v -2.753057 1.144785 1.180523
v -2.753057 1.200573 1.180523
v -2.749536 1.022811 1.160756
v -2.749536 1.033736 1.160756
v -2.753031 1.022811 1.167012
v -2.753031 1.033736 1.167012
v -2.753031 1.033736 1.160756
v -2.753031 1.022811 1.160756
v -2.765101 1.032097 1.159160
v -2.765101 1.024449 1.159160
v -2.765101 1.032097 1.165416
v -2.765101 1.024449 1.165416
v -2.782137 1.033736 1.161299
v -2.782137 1.022811 1.161299
v -2.782137 1.033736 1.155043
v -2.782137 1.022811 1.155043
v -2.773619 1.033736 1.156347
v -2.773619 1.022811 1.156347
v -2.773619 1.033736 1.162603
v -2.773619 1.022811 1.162603
v -2.758011 1.032097 1.160505
v -2.758011 1.024449 1.160505
v -2.758011 1.032097 1.166761
v -2.758011 1.024449 1.166761
v -2.749134 1.028273 1.159871
v -2.753031 1.028273 1.159871
v -2.765101 1.028273 1.158275
v -2.782137 1.028273 1.154158
v -2.773619 1.028273 1.155462
v -2.758011 1.028273 1.159620
v -2.719425 1.028273 1.181528
v -2.726566 1.028273 1.181528
v -2.731405 1.022197 1.181528
v -2.733276 1.022811 1.180654
v -2.732433 1.022631 1.181272
v -2.731405 1.034350 1.181528
v -2.733276 1.033736 1.180654
v -2.732433 1.033916 1.181272
v -2.741746 1.022174 1.181528
v -2.741517 1.022811 1.180649
v -2.741315 1.022624 1.181271
v -2.741746 1.034372 1.181528
v -2.741517 1.033736 1.180752
v -2.741315 1.033923 1.181301
v -2.732252 1.028273 1.180657
v -2.730278 1.028273 1.181528
v -2.731380 1.028273 1.181273
v -2.719425 1.019635 1.184071
v -2.719425 1.036912 1.184071
v -2.745257 1.019635 1.184071
v -2.745257 1.036912 1.184071
v -2.713759 1.028273 1.184071
v -2.726566 1.036912 1.184071
v -2.726566 1.019635 1.184071
v -2.715606 1.035192 1.184071
v -2.715606 1.021354 1.184071
v -2.719425 1.020593 1.181528
v -2.719425 1.019635 1.182446
v -2.719425 1.019915 1.181797
v -2.719425 1.035954 1.181528
v -2.719425 1.036912 1.182446
v -2.719425 1.036631 1.181797
v -2.745257 1.019635 1.182446
v -2.744162 1.020427 1.181528
v -2.744936 1.019867 1.181797
v -2.744162 1.036120 1.181528
v -2.745257 1.036912 1.182446
v -2.744936 1.036680 1.181797
v -2.714709 1.028273 1.181528
v -2.713759 1.028273 1.182446
v -2.714037 1.028273 1.181797
v -2.726566 1.036912 1.182446
v -2.726566 1.035956 1.181528
v -2.726566 1.036632 1.181797
v -2.726566 1.019635 1.182446
v -2.726566 1.020591 1.181528
v -2.726566 1.019915 1.181797
v -2.715606 1.035192 1.182446
v -2.716394 1.034588 1.181528
v -2.715837 1.035015 1.181797
v -2.715606 1.021354 1.182446
v -2.716394 1.021959 1.181528
v -2.715837 1.021531 1.181797
v -2.982325 0.964288 1.184267
v -2.616727 0.965039 1.184071
v -2.616727 1.250556 1.184071
v -2.982325 1.251306 1.184267
v -2.614719 1.252691 1.199328
v -2.614910 1.252488 1.185429
v -2.616021 1.251306 1.184267
v -2.981619 0.965039 1.184071
v -2.983436 1.252488 1.185429
v -2.982985 1.252009 1.184753
v -2.843138 1.146935 1.184071
v -2.843138 1.198423 1.184071
v -2.615360 1.252009 1.184752
v -2.755207 1.146935 1.184071
v -2.755207 1.198423 1.184071
v -2.614719 0.962905 1.199328
v -2.614719 0.962905 1.186205
v -2.614910 0.963107 1.185429
vn -0.0000 -0.0000 -1.0000
vn -0.0000 -0.0000 1.0000
vn -0.0000 1.0000 -0.0000
vn -0.0000 -1.0000 -0.0000
vn -1.0000 -0.0000 -0.0000
vn 1.0000 -0.0000 -0.0000
vn -0.4078 0.6578 -0.6332
vn -0.4078 -0.6578 -0.6332
vn 0.4078 -0.6578 -0.6332
vn -0.0072 0.0072 -0.9999
vn 0.3575 -0.6068 -0.7100
vn 0.3575 0.6068 -0.7100
vn -0.0072 -0.0072 -0.9999
vn 0.0072 -0.0072 -0.9999
vn -0.3575 0.6068 -0.7100
vn 0.0072 0.0072 -0.9999
vn -0.3575 -0.6068 -0.7100
vn 0.4078 0.6578 -0.6332
vn -0.0566 -0.0000 -0.9984
vn -0.7015 -0.0000 -0.7127
vn -0.5800 0.3739 -0.7237
vn -0.0647 0.0408 -0.9971
vn -0.7084 -0.0000 -0.7058
vn -0.4672 0.7518 -0.4654
vn 0.1471 0.7461 -0.6494
vn -0.0102 -0.0000 -0.9999
vn -0.8302 0.5433 -0.1248
vn -0.9927 -0.0000 -0.1203
vn -0.8362 0.5485 -0.0000
vn -0.7685 -0.0000 -0.6399
vn -0.5046 0.7503 -0.4271
vn 0.0553 0.9985 -0.0000
vn 0.1345 -0.9909 -0.0000
vn 0.0557 -0.9984 -0.0000
vn 0.1471 -0.7461 -0.6494
vn 0.0467 -0.8630 -0.5030
vn -0.4687 -0.7499 -0.4669
vn -0.0000 -0.9999 -0.0107
vn -0.5059 -0.7488 -0.4282
vn 0.0467 0.8630 -0.5030
vn 0.1345 0.9909 -0.0000
vn -0.1044 0.9945 -0.0000
vn -0.2192 0.8373 -0.5008
vn 0.1246 -0.0000 0.9922
vn 0.2634 -0.0000 0.9647
vn -0.1105 -0.0000 -0.9939
vn -0.2731 -0.0000 -0.9620
vn -0.2192 -0.8373 -0.5008
vn -0.0958 -0.9954 -0.0000
vn -0.1044 -0.9945 -0.0000
vn -0.2047 -0.7990 -0.5654
vn -0.0430 -0.7935 -0.6070
vn -0.0000 -0.7943 -0.6076
vn -0.2047 0.7990 -0.5654
vn -0.0958 0.9954 -0.0000
vn -0.0430 0.7935 -0.6070
vn 0.2283 -0.0000 0.9736
vn 0.0707 -0.0000 0.9975
vn -0.2360 -0.0000 -0.9717
vn -0.0707 -0.0000 -0.9975
vn -0.0000 0.7943 -0.6076
vn 0.6618 -0.0026 0.7497
vn 0.0001 0.9999 -0.0106
vn -0.0003 -0.9935 -0.1142
vn 0.6678 -0.7237 -0.1742
vn -0.0006 -0.0542 -0.9985
vn -0.0412 -0.0000 -0.9992
vn -0.0234 -0.0428 -0.9988
vn -0.0003 0.9935 -0.1142
vn -0.1530 0.9809 -0.1200
vn -0.1550 0.9879 -0.0000
vn 0.7731 -0.0030 0.6343
vn -0.0233 0.0406 -0.9989
vn -0.2499 0.4208 -0.8721
vn -0.3988 -0.0000 -0.9170
vn 0.0428 0.0350 -0.9985
vn 0.6367 0.4997 -0.5873
vn 0.0427 -0.0370 -0.9984
vn 0.6265 -0.5217 -0.5791
vn -0.2485 -0.4380 -0.8639
vn 0.0534 0.0595 -0.9968
vn 0.0534 -0.0595 -0.9968
vn 0.6678 0.7237 -0.1742
vn -0.1530 -0.9809 -0.1200
vn -0.1550 -0.9879 -0.0000
vn -0.0045 0.0316 -0.9995
vn -0.0045 -0.0316 -0.9995
vn -0.0647 -0.0408 -0.9971
vn -0.0006 0.0542 -0.9985
vn -0.8302 -0.5433 -0.1248
vn -0.8362 -0.5484 -0.0000
vn -0.1045 0.6935 -0.7128
vn -0.0014 0.7186 -0.6954
vn 0.3766 0.4127 -0.8294
vn 0.3766 -0.4127 -0.8294
vn -0.0014 -0.7186 -0.6954
vn -0.1045 -0.6935 -0.7129
vn -0.5800 -0.3739 -0.7237
vn 0.0566 -0.0000 -0.9984
vn 0.0647 0.0408 -0.9971
vn 0.5800 0.3739 -0.7237
vn 0.7015 -0.0000 -0.7127
vn 0.7084 -0.0000 -0.7058
vn 0.0101 -0.0000 -0.9999
vn -0.1471 0.7461 -0.6494
vn 0.4672 0.7518 -0.4654
vn 0.8302 0.5433 -0.1248
vn 0.8362 0.5485 -0.0000
vn 0.9927 -0.0000 -0.1203
vn 0.5046 0.7503 -0.4271
vn 0.7685 -0.0000 -0.6399
vn -0.0553 0.9985 -0.0000
vn -0.1345 -0.9909 -0.0000
vn -0.0468 -0.8630 -0.5030
vn -0.1471 -0.7461 -0.6494
vn -0.0557 -0.9984 -0.0000
vn 0.4687 -0.7499 -0.4669
vn 0.5059 -0.7488 -0.4282
vn -0.0467 0.8630 -0.5030
vn 0.2192 0.8373 -0.5008
vn 0.1044 0.9945 -0.0000
vn -0.1345 0.9909 -0.0000
vn -0.1246 -0.0000 0.9922
vn -0.2634 -0.0000 0.9647
vn 0.1105 -0.0000 -0.9939
vn 0.2192 -0.8373 -0.5008
vn 0.2731 -0.0000 -0.9620
vn 0.0958 -0.9954 -0.0000
vn 0.2046 -0.7990 -0.5654
vn 0.1044 -0.9945 -0.0000
vn 0.0431 -0.7935 -0.6070
vn 0.2047 0.7990 -0.5654
vn 0.0430 0.7935 -0.6070
vn 0.0958 0.9954 -0.0000
vn -0.2283 -0.0000 0.9736
vn -0.0707 -0.0000 0.9975
vn 0.2360 -0.0000 -0.9717
vn 0.0707 -0.0000 -0.9975
vn -0.6618 -0.0026 0.7497
vn -0.0001 0.9999 -0.0106
vn 0.0003 -0.9935 -0.1142
vn -0.6678 -0.7237 -0.1742
vn 0.0002 -0.0542 -0.9985
vn 0.0234 -0.0428 -0.9988
vn 0.0412 -0.0000 -0.9992
vn 0.0003 0.9935 -0.1142
vn 0.1550 0.9879 -0.0000
vn 0.1530 0.9809 -0.1200
vn -0.7731 -0.0030 0.6343
vn 0.3988 -0.0000 -0.9170
vn 0.2499 0.4208 -0.8721
vn 0.0233 0.0406 -0.9989
vn -0.6367 0.4997 -0.5873
vn -0.0428 0.0350 -0.9985
vn -0.6265 -0.5217 -0.5791
vn -0.0427 -0.0370 -0.9984
vn 0.2485 -0.4380 -0.8639
vn -0.0534 -0.0595 -0.9968
vn -0.0534 0.0595 -0.9968
vn -0.6678 0.7237 -0.1742
vn 0.1530 -0.9809 -0.1200
vn 0.1550 -0.9879 -0.0000
vn 0.0045 0.0316 -0.9995
vn 0.0045 -0.0316 -0.9995
vn 0.0647 -0.0408 -0.9971
vn 0.0002 0.0542 -0.9985
vn 0.8362 -0.5484 -0.0000
vn 0.8302 -0.5433 -0.1248
vn 0.0014 0.7186 -0.6954
vn 0.1045 0.6935 -0.7129
vn -0.3766 -0.4127 -0.8294
vn -0.3766 0.4127 -0.8294
vn 0.0014 -0.7186 -0.6954
vn 0.5800 -0.3739 -0.7237
vn 0.1045 -0.6935 -0.7129
vn 0.3607 0.4597 -0.8115
vn 0.5198 0.6620 -0.5399
vn 0.5199 -0.6622 -0.5396
vn 0.3607 -0.4598 -0.8115
vn -0.3607 0.4597 -0.8115
vn -0.3607 -0.4598 -0.8115
vn -0.5199 -0.6622 -0.5396
vn -0.5198 0.6621 -0.5399
vn 0.9999 -0.0000 -0.0137
vn 0.2004 -0.2557 -0.9458
vn 0.2004 0.2557 -0.9458
vn 0.0008 -0.0011 -1.0000
vn 0.0016 0.0020 -1.0000
vn -0.9999 -0.0000 -0.0137
vn -0.2004 -0.2557 -0.9458
vn -0.2004 0.2557 -0.9458
vn -0.0008 -0.0011 -1.0000
vn -0.0016 0.0020 -1.0000
vn -0.0000 -0.9999 -0.0145
vn -0.0000 0.9999 -0.0146
vt 0.402547 0.930423
vt 0.329919 0.930423
vt 0.329919 0.887896
vt 0.402547 0.887896
vt 0.785471 0.931377
vt 0.785471 0.846188
vt 0.924086 0.846188
vt 0.882133 0.931377
vt 0.924086 0.942187
vt 0.882133 0.936292
vt 0.773266 0.942187
vt 0.780383 0.936292
vt 0.858449 0.730312
vt 0.773260 0.730311
vt 0.773260 0.633650
vt 0.858449 0.633650
vt 0.926818 0.292487
vt 0.729676 0.292487
vt 0.729676 0.207298
vt 0.926818 0.207298
vt 0.729676 0.105720
vt 0.931703 0.105720
vt 0.926818 0.110637
vt 0.729676 0.110637
vt 0.931712 0.624437
vt 0.729684 0.624437
vt 0.729684 0.534333
vt 0.931712 0.534333
vt 0.729676 0.003971
vt 0.931703 0.003971
vt 0.863364 0.836944
vt 0.773260 0.836944
vt 0.773260 0.735195
vt 0.863364 0.735195
vt 0.773266 0.846186
vt 0.780383 0.846186
vt 0.844888 0.977285
vt 0.877828 0.977285
vt 0.877828 0.978644
vt 0.844888 0.978644
vt 0.936123 0.271415
vt 0.934763 0.271415
vt 0.934763 0.218498
vt 0.936123 0.218498
vt 0.876649 0.979960
vt 0.875471 0.981276
vt 0.847245 0.981276
vt 0.846066 0.979960
vt 0.937439 0.270236
vt 0.937439 0.219676
vt 0.938755 0.220855
vt 0.938755 0.269058
vt 0.939802 0.220855
vt 0.939802 0.269058
vt 0.875471 0.982323
vt 0.847245 0.982323
vt 0.785208 0.979963
vt 0.835767 0.979963
vt 0.834589 0.981279
vt 0.786386 0.981279
vt 0.784029 0.978647
vt 0.836946 0.978647
vt 0.784029 0.977287
vt 0.836946 0.977287
vt 0.957968 0.614903
vt 0.958364 0.614910
vt 0.957378 0.618606
vt 0.957044 0.618364
vt 0.954918 0.436949
vt 0.956796 0.436807
vt 0.957144 0.437831
vt 0.954958 0.438359
vt 0.957734 0.618764
vt 0.958746 0.614971
vt 0.959607 0.615201
vt 0.958594 0.618994
vt 0.954615 0.426169
vt 0.957011 0.426434
vt 0.959619 0.436390
vt 0.949272 0.439387
vt 0.950194 0.436656
vt 0.952746 0.437955
vt 0.952734 0.440416
vt 0.953036 0.436913
vt 0.949701 0.428975
vt 0.952238 0.426568
vt 0.957295 0.440288
vt 0.960693 0.439066
vt 0.961559 0.443350
vt 0.957813 0.444862
vt 0.989872 0.875235
vt 0.994064 0.875235
vt 0.994064 0.879192
vt 0.989872 0.879192
vt 0.955022 0.440633
vt 0.955148 0.445094
vt 0.952473 0.445012
vt 0.948336 0.449624
vt 0.948649 0.443714
vt 0.952063 0.450721
vt 0.947982 0.467097
vt 0.947978 0.455480
vt 0.952017 0.455918
vt 0.952151 0.466980
vt 0.958544 0.450538
vt 0.962204 0.449234
vt 0.962890 0.455061
vt 0.958882 0.455724
vt 0.988973 0.884109
vt 0.994963 0.884109
vt 0.994963 0.888833
vt 0.988973 0.888833
vt 0.955305 0.450697
vt 0.955452 0.455913
vt 0.963541 0.466659
vt 0.959371 0.466776
vt 0.994963 0.898176
vt 0.988973 0.898176
vt 0.955761 0.466878
vt 0.988973 0.872502
vt 0.994963 0.872502
vt 0.959706 0.428663
vt 0.951468 0.609905
vt 0.941222 0.609883
vt 0.941224 0.608992
vt 0.951469 0.609014
vt 0.951468 0.610691
vt 0.951468 0.614903
vt 0.949432 0.614903
vt 0.948815 0.611571
vt 0.951468 0.619901
vt 0.955383 0.619899
vt 0.955383 0.620790
vt 0.951469 0.620792
vt 0.955494 0.619886
vt 0.957588 0.618944
vt 0.957953 0.619756
vt 0.955860 0.620699
vt 0.988973 0.862675
vt 0.994963 0.862718
vt 0.954586 0.425145
vt 0.957027 0.425517
vt 0.957018 0.425967
vt 0.954601 0.425670
vt 0.960033 0.428413
vt 0.959776 0.428438
vt 0.988624 0.862087
vt 0.995311 0.862084
vt 0.995064 0.862359
vt 0.988870 0.862354
vt 0.949336 0.428719
vt 0.952170 0.425653
vt 0.952205 0.426102
vt 0.949598 0.428733
vt 0.943146 0.618246
vt 0.941821 0.619204
vt 0.941821 0.610601
vt 0.943146 0.611559
vt 0.940976 0.610167
vt 0.940976 0.619638
vt 0.940085 0.619638
vt 0.940085 0.610167
vt 0.955383 0.609906
vt 0.955383 0.609015
vt 0.955382 0.619113
vt 0.955382 0.614903
vt 0.955382 0.610692
vt 0.957044 0.611441
vt 0.951468 0.619114
vt 0.948815 0.618234
vt 0.941222 0.619923
vt 0.941224 0.620813
vt 0.958746 0.614834
vt 0.957734 0.611041
vt 0.958594 0.610811
vt 0.959607 0.614604
vt 0.955382 0.619512
vt 0.951468 0.619513
vt 0.941372 0.619511
vt 0.941372 0.610294
vt 0.941397 0.610261
vt 0.951468 0.610292
vt 0.955395 0.610293
vt 0.957362 0.611179
vt 0.955494 0.609919
vt 0.957588 0.610861
vt 0.941397 0.619545
vt 0.955382 0.610293
vt 0.957362 0.618626
vt 0.955395 0.619512
vt 0.957378 0.611199
vt 0.958364 0.614895
vt 0.955860 0.609106
vt 0.957953 0.610049
vt 0.918472 0.951468
vt 0.919832 0.951468
vt 0.919832 0.984408
vt 0.918472 0.984408
vt 0.921148 0.983229
vt 0.921148 0.952647
vt 0.922464 0.953825
vt 0.922464 0.982051
vt 0.923511 0.953825
vt 0.923511 0.982051
vt 0.736441 0.636183
vt 0.732979 0.637107
vt 0.732737 0.636773
vt 0.736433 0.635787
vt 0.956603 0.496807
vt 0.956564 0.495397
vt 0.958776 0.495801
vt 0.958486 0.496843
vt 0.732579 0.636417
vt 0.732350 0.635557
vt 0.736142 0.634544
vt 0.736372 0.635405
vt 0.959284 0.507187
vt 0.956907 0.507587
vt 0.961328 0.497100
vt 0.950828 0.494690
vt 0.954227 0.493468
vt 0.954377 0.495924
vt 0.951903 0.497366
vt 0.954726 0.496949
vt 0.954511 0.507322
vt 0.951843 0.505062
vt 0.958788 0.493340
vt 0.959048 0.488744
vt 0.962873 0.490042
vt 0.962250 0.494368
vt 0.989872 0.921117
vt 0.989872 0.917161
vt 0.994064 0.917161
vt 0.994064 0.921117
vt 0.956500 0.493123
vt 0.953709 0.488894
vt 0.956374 0.488662
vt 0.949318 0.484522
vt 0.952978 0.483218
vt 0.949963 0.490406
vt 0.952640 0.478032
vt 0.948632 0.478695
vt 0.959459 0.483035
vt 0.959504 0.477838
vt 0.963543 0.478275
vt 0.963186 0.484131
vt 0.988973 0.912243
vt 0.988973 0.907519
vt 0.994963 0.907519
vt 0.994963 0.912243
vt 0.956216 0.483059
vt 0.956070 0.477842
vt 0.988973 0.923850
vt 0.994963 0.923850
vt 0.961849 0.504811
vt 0.741439 0.642683
vt 0.742330 0.642682
vt 0.742352 0.652927
vt 0.741461 0.652929
vt 0.740653 0.642683
vt 0.739772 0.645336
vt 0.736441 0.644719
vt 0.736441 0.642683
vt 0.731443 0.642683
vt 0.730552 0.642682
vt 0.730554 0.638768
vt 0.731444 0.638769
vt 0.731457 0.638657
vt 0.730645 0.638291
vt 0.731587 0.636198
vt 0.732400 0.636563
vt 0.994963 0.933634
vt 0.988973 0.933677
vt 0.956936 0.508610
vt 0.956921 0.508086
vt 0.959317 0.507653
vt 0.959352 0.508102
vt 0.961932 0.505031
vt 0.962190 0.505042
vt 0.988624 0.934265
vt 0.988870 0.933998
vt 0.995064 0.933993
vt 0.995311 0.934268
vt 0.951492 0.505338
vt 0.951754 0.505309
vt 0.954505 0.507789
vt 0.954495 0.508239
vt 0.733097 0.651005
vt 0.739784 0.651005
vt 0.740742 0.652330
vt 0.732140 0.652330
vt 0.741177 0.653176
vt 0.741177 0.654066
vt 0.731705 0.654066
vt 0.731705 0.653176
vt 0.741438 0.638769
vt 0.742328 0.638768
vt 0.736441 0.638769
vt 0.732231 0.638769
vt 0.740651 0.638769
vt 0.739902 0.637107
vt 0.732229 0.642683
vt 0.733110 0.645336
vt 0.731421 0.652929
vt 0.730530 0.652927
vt 0.736510 0.635405
vt 0.736739 0.634544
vt 0.740532 0.635557
vt 0.740303 0.636417
vt 0.731830 0.642683
vt 0.731831 0.638769
vt 0.741049 0.652779
vt 0.731833 0.652779
vt 0.741052 0.642683
vt 0.741083 0.652754
vt 0.740165 0.636789
vt 0.741050 0.638756
vt 0.740482 0.636563
vt 0.741425 0.638657
vt 0.731799 0.652754
vt 0.741050 0.638769
vt 0.731831 0.638756
vt 0.732717 0.636789
vt 0.736448 0.635787
vt 0.740144 0.636773
vt 0.741294 0.636198
vt 0.742237 0.638291
vt 0.994238 0.003970
vt 0.994238 0.052174
vt 0.993191 0.052174
vt 0.993191 0.003970
vt 0.012167 0.711245
vt 0.011904 0.710799
vt 0.170541 0.710799
vt 0.170279 0.711243
vt 0.012173 0.912976
vt 0.170282 0.912978
vt 0.170544 0.913423
vt 0.011911 0.913421
vt 0.170651 0.710364
vt 0.011793 0.710361
vt 0.011793 0.703168
vt 0.170651 0.703170
vt 0.169895 0.711692
vt 0.012552 0.711695
vt 0.169483 0.712094
vt 0.012963 0.712096
vt 0.170655 0.913861
vt 0.170655 0.921054
vt 0.011800 0.921053
vt 0.011800 0.913859
vt 0.169897 0.912529
vt 0.012558 0.912527
vt 0.069769 0.836214
vt 0.169486 0.912127
vt 0.012966 0.912129
vt 0.041544 0.836214
vt 0.069769 0.788010
vt 0.171273 0.710992
vt 0.178467 0.710992
vt 0.178467 0.913230
vt 0.171274 0.913230
vt 0.170833 0.711097
vt 0.170838 0.913127
vt 0.170383 0.912880
vt 0.170376 0.711345
vt 0.012538 0.711709
vt 0.012545 0.912512
vt 0.012077 0.912874
vt 0.012067 0.711345
vt 0.011171 0.710993
vt 0.011180 0.913227
vt 0.003987 0.913227
vt 0.003977 0.710993
vt 0.011612 0.711098
vt 0.011620 0.913122
vt 0.169908 0.711707
vt 0.169912 0.912515
vt 0.041543 0.788010
s 1
usemtl comic
f 247/375/168 245/376/168 246/377/168 248/378/168
f 266/379/169 257/380/169 251/381/169 256/382/169
f 256/382/169 251/381/169 249/383/169
f 253/384/169 256/382/169 249/383/169
f 253/384/169 249/383/169 255/385/169 254/386/169
f 263/387/168 265/388/168 261/389/168 262/390/168
f 261/391/170 257/392/170 266/393/170 262/394/170
f 253/395/170 258/396/170 263/397/170 256/398/170
f 259/399/171 254/400/171 252/401/171 260/402/171
f 258/396/172 253/395/172 254/403/172 259/404/172
f 259/405/169 260/406/169 264/407/169 258/408/169
f 255/385/169 250/409/169 252/410/169 254/386/169
f 263/397/173 262/394/173 266/393/173 256/398/173
f 263/387/170 258/408/170 264/407/170 265/388/170
f 276/379/169 271/382/169 251/381/169 257/380/169
f 271/382/169 267/383/169 251/381/169
f 268/384/169 267/383/169 271/382/169
f 268/384/169 269/386/169 270/385/169 267/383/169
f 275/387/168 274/390/168 261/389/168 265/388/168
f 261/391/170 274/394/170 276/393/170 257/392/170
f 268/395/170 271/398/170 275/397/170 272/396/170
f 273/399/171 260/402/171 252/401/171 269/400/171
f 272/396/173 273/404/173 269/403/173 268/395/173
f 273/405/169 272/408/169 264/407/169 260/406/169
f 270/385/169 269/386/169 252/410/169 250/409/169
f 275/397/172 271/398/172 276/393/172 274/394/172
f 275/387/170 265/388/170 264/407/170 272/408/170
f 277/411/172 278/412/172 280/413/174 279/414/175
f 382/415/176 380/416/171 277/417/171 279/418/175
f 293/419/177 282/420/178 281/421/179 292/422/180
f 391/423/181 292/424/180 281/425/179 384/426/182
f 384/426/182 281/425/179 283/427/170 386/428/170
f 282/420/178 284/429/173 283/430/173 281/421/179
f 293/431/177 392/432/183 385/433/184 282/434/178
f 280/435/174 383/436/185 392/432/183 293/431/177
f 278/437/170 381/438/170 383/436/185 280/435/174
f 382/415/176 279/418/175 292/424/180 391/423/181
f 280/413/174 293/419/177 292/422/180 279/414/175
f 365/439/186 367/440/187 376/441/188 375/442/189
f 320/443/190 295/444/191 298/445/192 321/446/193
f 374/447/194 366/448/195 348/449/172 351/450/196
f 320/443/190 341/451/197 333/452/198 295/444/191
f 298/445/192 295/444/191 297/453/199
f 319/454/200 296/455/201 299/456/202 317/457/203
f 294/458/204 299/456/202 296/455/201
f 296/455/201 336/459/205 330/460/206 294/458/204
f 316/461/207 318/462/208 304/463/209 302/464/210
f 318/465/211 319/466/211 305/467/212 304/468/212
f 326/469/213 322/470/214 303/471/215 317/457/203
f 315/472/216 305/473/217 303/471/215 313/474/218
f 301/475/171 307/476/171 309/477/219 311/478/220
f 312/479/221 314/480/222 306/481/170 308/482/223
f 314/483/224 315/484/224 307/485/225 306/486/225
f 325/487/226 323/488/227 309/477/219 313/474/218
f 308/482/223 306/481/170 300/489/170 310/490/228
f 306/486/225 307/485/225 301/491/169 300/492/169
f 323/488/227 324/493/168 311/478/220 309/477/219
f 322/470/214 325/487/226 313/474/218 303/471/215
f 304/468/212 305/467/212 315/484/224 314/483/224
f 302/464/210 304/463/209 314/480/222 312/479/221
f 307/476/171 315/472/216 313/474/218 309/477/219
f 321/446/193 326/469/213 317/457/203 299/456/202
f 297/494/229 296/495/229 319/466/211 318/465/211
f 298/445/192 297/453/199 318/462/208 316/461/207
f 305/473/217 319/454/200 317/457/203 303/471/215
f 298/445/192 316/461/207 326/469/213 321/446/193
f 302/464/210 312/479/221 325/487/226 322/470/214
f 308/482/223 310/490/228 324/493/168 323/488/227
f 312/479/221 308/482/223 323/488/227 325/487/226
f 316/461/207 302/464/210 322/470/214 326/469/213
f 294/458/204 320/443/190 321/446/193 299/456/202
f 295/444/191 333/452/198 339/496/230 297/453/199
f 371/497/231 359/498/232 346/499/171 350/500/171
f 372/501/233 328/502/168 342/503/234 329/504/235
f 368/505/236 357/506/237 345/507/238 349/508/170
f 357/509/237 374/510/194 351/511/196 345/512/238
f 297/494/229 339/513/239 336/514/239 296/495/229
f 342/515/234 332/516/240 334/517/241 343/518/242
f 343/518/242 334/517/241 333/452/198 341/451/197
f 332/516/240 338/519/243 340/520/244 334/517/241
f 334/517/241 340/520/244 339/496/230 333/452/198
f 338/521/243 335/522/245 337/523/246 340/524/244
f 340/524/244 337/523/246 336/514/239 339/513/239
f 335/525/245 329/526/235 331/527/247 337/528/246
f 337/528/246 331/527/247 330/460/206 336/459/205
f 329/526/235 342/515/234 343/518/242 331/527/247
f 331/527/247 343/518/242 341/451/197 330/460/206
f 338/529/243 362/530/248 360/531/249 335/532/245
f 359/533/232 363/534/250 347/535/173 346/536/173
f 354/537/251 371/497/231 350/500/171 344/538/252
f 365/439/186 375/442/189 356/539/253 327/540/168
f 353/541/254 378/542/255 365/439/186 327/540/168
f 369/543/256 328/502/168 327/540/168 356/539/253
f 342/503/234 328/502/168 369/543/256 332/544/240
f 332/544/240 369/543/256 362/530/248 338/529/243
f 335/532/245 360/531/249 372/501/233 329/504/235
f 327/540/168 328/502/168 372/501/233 353/541/254
f 363/545/250 368/505/236 349/508/170 347/546/170
f 366/547/195 377/548/257 352/549/258 348/550/172
f 367/440/187 366/448/195 374/447/194 376/441/188
f 356/539/253 358/551/259 370/552/260 369/543/256
f 358/551/259 357/506/237 368/505/236 370/552/260
f 362/530/248 364/553/261 361/554/262 360/531/249
f 364/553/261 363/534/250 359/533/232 361/554/262
f 360/531/249 361/555/262 373/556/263 372/501/233
f 361/555/262 359/498/232 371/497/231 373/556/263
f 353/541/254 355/557/264 379/558/265 378/542/255
f 355/557/264 354/559/251 377/560/257 379/558/265
f 369/543/256 370/552/260 364/561/261 362/530/248
f 370/552/260 368/505/236 363/545/250 364/561/261
f 372/501/233 373/556/263 355/562/264 353/541/254
f 373/556/263 371/497/231 354/537/251 355/562/264
f 375/442/189 376/563/188 358/564/259 356/539/253
f 376/563/188 374/510/194 357/509/237 358/564/259
f 378/542/255 379/565/265 367/566/187 365/439/186
f 379/565/265 377/548/257 366/547/195 367/566/187
f 377/560/257 354/559/251 344/567/252 352/568/258
f 294/458/204 330/460/206 341/451/197 320/443/190
f 380/569/173 382/570/176 383/571/185 381/572/173
f 392/573/183 391/574/181 384/575/182 385/576/184
f 385/576/184 384/575/182 386/577/172 387/578/172
f 383/571/185 382/570/176 391/574/181 392/573/183
f 459/579/266 469/580/267 470/581/268 461/582/269
f 415/583/270 416/584/271 397/585/272 394/586/273
f 468/587/274 445/588/275 442/589/173 460/590/276
f 415/583/270 394/586/273 427/591/277 435/592/278
f 397/585/272 396/593/279 394/586/273
f 414/594/280 412/595/281 398/596/282 395/597/283
f 393/598/284 395/597/283 398/596/282
f 395/597/283 393/598/284 424/599/285 430/600/205
f 411/601/286 399/602/287 401/603/288 413/604/289
f 413/605/290 401/606/291 402/607/291 414/608/290
f 420/609/292 412/595/281 400/610/293 417/611/294
f 410/612/295 408/613/296 400/610/293 402/614/297
f 301/475/171 311/478/220 406/615/298 404/616/171
f 407/617/299 405/618/300 403/619/170 409/620/301
f 409/621/302 403/622/303 404/623/303 410/624/302
f 419/625/304 408/613/296 406/615/298 418/626/305
f 405/618/300 310/490/228 300/489/170 403/619/170
f 403/622/303 300/492/169 301/491/169 404/623/303
f 418/626/305 406/615/298 311/478/220 324/493/168
f 417/611/294 400/610/293 408/613/296 419/625/304
f 401/606/291 409/621/302 410/624/302 402/607/291
f 399/602/287 407/617/299 409/620/301 401/603/288
f 404/616/171 406/615/298 408/613/296 410/612/295
f 416/584/271 398/596/282 412/595/281 420/609/292
f 396/627/306 413/605/290 414/608/290 395/628/306
f 397/585/272 411/601/286 413/604/289 396/593/279
f 402/614/297 400/610/293 412/595/281 414/594/280
f 397/585/272 416/584/271 420/609/292 411/601/286
f 399/602/287 417/611/294 419/625/304 407/617/299
f 405/618/300 418/626/305 324/493/168 310/490/228
f 407/617/299 419/625/304 418/626/305 405/618/300
f 411/601/286 420/609/292 417/611/294 399/602/287
f 393/598/284 398/596/282 416/584/271 415/583/270
f 394/586/273 396/593/279 433/629/307 427/591/277
f 465/630/308 444/631/171 440/632/171 453/633/309
f 466/634/310 423/635/311 436/636/312 422/637/168
f 462/638/313 443/639/170 439/640/314 451/641/315
f 451/642/315 439/643/314 445/644/275 468/645/274
f 396/627/306 395/628/306 430/646/316 433/647/316
f 436/648/312 437/649/317 428/650/318 426/651/319
f 437/649/317 435/592/278 427/591/277 428/650/318
f 426/651/319 428/650/318 434/652/320 432/653/321
f 428/650/318 427/591/277 433/629/307 434/652/320
f 432/654/321 434/655/320 431/656/322 429/657/323
f 434/655/320 433/647/316 430/646/316 431/656/322
f 429/658/323 431/659/322 425/660/324 423/661/311
f 431/659/322 430/600/205 424/599/285 425/660/324
f 423/661/311 425/660/324 437/649/317 436/648/312
f 425/660/324 424/599/285 435/592/278 437/649/317
f 432/662/321 429/663/323 454/664/325 456/665/326
f 453/666/309 440/667/172 441/668/172 457/669/327
f 448/670/328 438/671/329 444/631/171 465/630/308
f 459/579/266 421/672/168 450/673/330 469/580/267
f 447/674/331 421/672/168 459/579/266 472/675/332
f 463/676/333 450/673/330 421/672/168 422/637/168
f 436/636/312 426/677/319 463/676/333 422/637/168
f 426/677/319 432/662/321 456/665/326 463/676/333
f 429/663/323 423/635/311 466/634/310 454/664/325
f 421/672/168 447/674/331 466/634/310 422/637/168
f 457/678/327 441/679/170 443/639/170 462/638/313
f 460/680/276 442/681/173 446/682/334 471/683/335
f 461/582/269 470/581/268 468/587/274 460/590/276
f 450/673/330 463/676/333 464/684/336 452/685/337
f 452/685/337 464/684/336 462/638/313 451/641/315
f 456/665/326 454/664/325 455/686/338 458/687/339
f 458/687/339 455/686/338 453/666/309 457/669/327
f 454/664/325 466/634/310 467/688/340 455/689/338
f 455/689/338 467/688/340 465/630/308 453/633/309
f 447/674/331 472/675/332 473/690/341 449/691/342
f 449/691/342 473/690/341 471/692/335 448/693/328
f 463/676/333 456/665/326 458/694/339 464/684/336
f 464/684/336 458/694/339 457/678/327 462/638/313
f 466/634/310 447/674/331 449/695/342 467/688/340
f 467/688/340 449/695/342 448/670/328 465/630/308
f 469/580/267 450/673/330 452/696/337 470/697/268
f 470/697/268 452/696/337 451/642/315 468/645/274
f 472/675/332 459/579/266 461/698/269 473/699/341
f 473/699/341 461/698/269 460/680/276 471/683/335
f 471/692/335 446/700/334 438/701/329 448/693/328
f 393/598/284 415/583/270 435/592/278 424/599/285
f 282/702/178 385/703/184 387/704/171 284/705/171
f 486/706/343 479/707/344 491/708/345 390/709/346
f 483/710/347 291/711/348 290/712/349 482/713/350
f 490/714/351 388/715/351 478/716/173 489/717/173
f 389/718/352 480/719/353 486/706/343 390/709/346
f 491/708/345 479/707/344 388/715/351 490/714/351
f 475/720/354 476/721/355 480/719/353 389/718/352
f 287/722/356 285/723/172 286/724/172 289/725/356
f 474/726/357 291/711/348 483/710/347 477/727/358
f 484/728/168 481/729/359 288/730/360 485/731/168
f 290/712/349 287/722/356 289/725/356 482/713/350
f 481/729/359 474/726/357 477/727/358 288/730/360
f 475/720/354 481/729/359 484/728/168 487/732/168
f 490/733/361 489/734/171 285/735/171 287/736/361
f 491/737/345 290/738/349 291/739/348 390/740/346
f 480/741/353 477/742/358 483/743/347 486/744/343
f 491/737/345 490/733/361 287/736/361 290/738/349
f 388/745/362 289/746/362 286/747/170 478/748/170
f 479/749/344 482/750/350 289/746/362 388/745/362
f 475/720/354 389/751/352 474/752/357 481/729/359
f 488/753/168 485/731/168 288/730/360 476/721/355
f 389/751/352 390/740/346 291/739/348 474/752/357
f 475/720/354 487/732/168 488/753/168 476/721/355
f 482/750/350 479/749/344 486/744/343 483/743/347
f 477/742/358 480/741/353 476/721/355 288/730/360
o FileCab_01_B
v -2.983626 0.644307 1.179657
v -2.799173 0.354521 1.179657
v -2.799173 0.644307 1.179657
v -2.799173 0.368194 1.179657
v -2.972301 0.563697 1.179657
v -2.972301 0.368194 1.179657
v -2.983626 0.354521 1.179657
v -2.962856 0.563697 1.179657
v -2.799173 0.377969 1.179657
v -2.972301 0.563697 1.567838
v -2.972301 0.368194 1.567838
v -2.799173 0.368194 1.567838
v -2.799173 0.377969 1.558454
v -2.962856 0.377969 1.558454
v -2.962856 0.563697 1.558454
v -2.799173 0.563697 1.567838
v -2.799173 0.563697 1.558454
v -2.962856 0.377969 1.179657
v -2.614719 0.644307 1.179657
v -2.626045 0.563697 1.179657
v -2.626045 0.368194 1.179657
v -2.614719 0.354521 1.179657
v -2.635489 0.563697 1.179657
v -2.626045 0.563697 1.567838
v -2.626045 0.368194 1.567838
v -2.635489 0.377969 1.558454
v -2.635489 0.563697 1.558454
v -2.635489 0.377969 1.179657
v -2.847438 0.534252 1.164400
v -2.847438 0.594339 1.164400
v -2.847438 0.534252 1.161920
v -2.847438 0.594339 1.161920
v -2.843138 0.538551 1.161920
v -2.843138 0.590040 1.161920
v -2.843138 0.538551 1.163830
v -2.843138 0.590040 1.163830
v -2.983626 0.354521 1.179657
v -2.983626 0.644307 1.179657
v -2.983626 0.354521 1.166535
v -2.981619 0.642172 1.164400
v -2.983626 0.644307 1.166535
v -2.983436 0.354723 1.165759
v -2.982985 0.355202 1.165082
v -2.845289 0.536402 1.160853
v -2.845289 0.592190 1.160853
v -2.848809 0.414427 1.141086
v -2.848809 0.425353 1.141086
v -2.845315 0.414427 1.147341
v -2.845315 0.425353 1.147341
v -2.845315 0.425353 1.141086
v -2.845315 0.414427 1.141086
v -2.799173 0.425353 1.141120
v -2.799173 0.414427 1.141120
v -2.833245 0.423714 1.139489
v -2.833245 0.416066 1.139489
v -2.833245 0.423714 1.145745
v -2.833245 0.416066 1.145745
v -2.816209 0.425353 1.141629
v -2.816209 0.414427 1.141629
v -2.816209 0.425353 1.135373
v -2.816209 0.414427 1.135373
v -2.799173 0.425353 1.134864
v -2.799173 0.414427 1.134864
v -2.824727 0.425353 1.136677
v -2.824727 0.414427 1.136677
v -2.824727 0.425353 1.142933
v -2.824727 0.414427 1.142933
v -2.840335 0.423714 1.140834
v -2.840335 0.416066 1.140834
v -2.840335 0.423714 1.147090
v -2.840335 0.416066 1.147090
v -2.849211 0.419890 1.140200
v -2.845315 0.419890 1.140200
v -2.833245 0.419890 1.138604
v -2.816209 0.419890 1.134488
v -2.799173 0.419890 1.133979
v -2.824727 0.419890 1.135791
v -2.840335 0.419890 1.139949
v -2.878920 0.419890 1.161858
v -2.871779 0.419890 1.161858
v -2.866941 0.413813 1.161858
v -2.865070 0.414427 1.160983
v -2.865913 0.414247 1.161602
v -2.866941 0.425966 1.161858
v -2.865070 0.425353 1.160983
v -2.865913 0.425532 1.161602
v -2.856599 0.413791 1.161858
v -2.856828 0.414427 1.160978
v -2.857031 0.414241 1.161600
v -2.856599 0.425989 1.161858
v -2.856828 0.425353 1.161082
v -2.857031 0.425539 1.161631
v -2.866094 0.419890 1.160986
v -2.868067 0.419890 1.161858
v -2.866965 0.419890 1.161602
v -2.878920 0.411251 1.164400
v -2.878920 0.428528 1.164400
v -2.853089 0.411251 1.164400
v -2.853089 0.428528 1.164400
v -2.884587 0.419890 1.164400
v -2.871779 0.428528 1.164400
v -2.871779 0.411251 1.164400
v -2.882739 0.426809 1.164400
v -2.882739 0.412971 1.164400
v -2.878920 0.412209 1.161858
v -2.878920 0.411251 1.162775
v -2.878920 0.411532 1.162127
v -2.878920 0.427571 1.161858
v -2.878920 0.428528 1.162775
v -2.878920 0.428248 1.162127
v -2.853089 0.411251 1.162775
v -2.854184 0.412043 1.161858
v -2.853410 0.411483 1.162127
v -2.854184 0.427736 1.161858
v -2.853089 0.428528 1.162775
v -2.853410 0.428296 1.162127
v -2.883637 0.419890 1.161858
v -2.884587 0.419890 1.162775
v -2.884308 0.419890 1.162127
v -2.871779 0.428528 1.162775
v -2.871779 0.427572 1.161858
v -2.871779 0.428248 1.162127
v -2.871779 0.411251 1.162775
v -2.871779 0.412207 1.161858
v -2.871779 0.411531 1.162127
v -2.882739 0.426809 1.162775
v -2.881951 0.426204 1.161858
v -2.882509 0.426632 1.162127
v -2.882739 0.412971 1.162775
v -2.881951 0.413575 1.161858
v -2.882509 0.413148 1.162127
v -2.750907 0.534252 1.164400
v -2.750907 0.594339 1.164400
v -2.750907 0.534252 1.161920
v -2.750907 0.594339 1.161920
v -2.755207 0.538551 1.161920
v -2.755207 0.590040 1.161920
v -2.755207 0.538551 1.163830
v -2.755207 0.590040 1.163830
v -2.614719 0.644307 1.166535
v -2.616021 0.355905 1.164596
v -2.615360 0.355202 1.165082
v -2.753057 0.536402 1.160853
v -2.753057 0.592190 1.160853
v -2.749536 0.414427 1.141086
v -2.749536 0.425353 1.141086
v -2.753031 0.414427 1.147341
v -2.753031 0.425353 1.147341
v -2.753031 0.425353 1.141086
v -2.753031 0.414427 1.141086
v -2.765101 0.423714 1.139489
v -2.765101 0.416066 1.139489
v -2.765101 0.423714 1.145745
v -2.765101 0.416066 1.145745
v -2.782137 0.425353 1.141629
v -2.782137 0.414427 1.141629
v -2.782137 0.425353 1.135373
v -2.782137 0.414427 1.135373
v -2.773619 0.425353 1.136677
v -2.773619 0.414427 1.136677
v -2.773619 0.425353 1.142933
v -2.773619 0.414427 1.142933
v -2.758011 0.423714 1.140834
v -2.758011 0.416066 1.140834
v -2.758011 0.423714 1.147090
v -2.758011 0.416066 1.147090
v -2.749134 0.419890 1.140200
v -2.753031 0.419890 1.140200
v -2.765101 0.419890 1.138604
v -2.782137 0.419890 1.134488
v -2.773619 0.419890 1.135791
v -2.758011 0.419890 1.139949
v -2.719425 0.419890 1.161858
v -2.726566 0.419890 1.161858
v -2.731405 0.413813 1.161858
v -2.733276 0.414427 1.160983
v -2.732433 0.414247 1.161602
v -2.731405 0.425966 1.161858
v -2.733276 0.425353 1.160983
v -2.732433 0.425532 1.161602
v -2.741746 0.413791 1.161858
v -2.741517 0.414427 1.160978
v -2.741315 0.414241 1.161600
v -2.741746 0.425989 1.161858
v -2.741517 0.425353 1.161082
v -2.741315 0.425539 1.161631
v -2.732252 0.419890 1.160986
v -2.730278 0.419890 1.161858
v -2.731380 0.419890 1.161602
v -2.719425 0.411251 1.164400
v -2.719425 0.428528 1.164400
v -2.745257 0.411251 1.164400
v -2.745257 0.428528 1.164400
v -2.713759 0.419890 1.164400
v -2.726566 0.428528 1.164400
v -2.726566 0.411251 1.164400
v -2.715606 0.426809 1.164400
v -2.715606 0.412971 1.164400
v -2.719425 0.412209 1.161858
v -2.719425 0.411251 1.162775
v -2.719425 0.411532 1.162126
v -2.719425 0.427571 1.161858
v -2.719425 0.428528 1.162775
v -2.719425 0.428248 1.162126
v -2.745257 0.411251 1.162775
v -2.744162 0.412043 1.161858
v -2.744936 0.411483 1.162126
v -2.744162 0.427736 1.161858
v -2.745257 0.428528 1.162775
v -2.744936 0.428296 1.162126
v -2.714709 0.419890 1.161858
v -2.713759 0.419890 1.162775
v -2.714037 0.419890 1.162126
v -2.726566 0.428528 1.162775
v -2.726566 0.427572 1.161858
v -2.726566 0.428248 1.162126
v -2.726566 0.411251 1.162775
v -2.726566 0.412207 1.161858
v -2.726566 0.411531 1.162126
v -2.715606 0.426809 1.162775
v -2.716394 0.426204 1.161858
v -2.715837 0.426632 1.162126
v -2.715606 0.412971 1.162775
v -2.716394 0.413575 1.161858
v -2.715837 0.413148 1.162126
v -2.982325 0.355905 1.164596
v -2.616727 0.356655 1.164400
v -2.616727 0.642172 1.164400
v -2.982325 0.642923 1.164596
v -2.614719 0.644307 1.179657
v -2.614910 0.644104 1.165759
v -2.616021 0.642923 1.164596
v -2.981619 0.356655 1.164400
v -2.983436 0.644104 1.165759
v -2.982985 0.643625 1.165082
v -2.843138 0.538551 1.164400
v -2.843138 0.590040 1.164400
v -2.615360 0.643625 1.165082
v -2.755207 0.538551 1.164400
v -2.755207 0.590040 1.164400
v -2.614719 0.354521 1.179657
v -2.614719 0.354521 1.166535
v -2.614910 0.354723 1.165759
v -2.843138 0.538551 1.163830
v -2.843138 0.590040 1.163830
v -2.755207 0.538551 1.163830
v -2.755207 0.590040 1.163830
vn -0.0000 -0.0000 1.0000
vn -0.0000 -0.0000 -1.0000
vn -0.0000 1.0000 -0.0000
vn -0.0000 -1.0000 -0.0000
vn -1.0000 -0.0000 -0.0000
vn 1.0000 -0.0000 -0.0000
vn -0.4078 0.6578 -0.6332
vn -0.4078 -0.6578 -0.6332
vn 0.4078 -0.6578 -0.6332
vn -0.0072 0.0072 -0.9999
vn 0.3575 -0.6068 -0.7100
vn 0.3575 0.6068 -0.7100
vn -0.0072 -0.0072 -0.9999
vn 0.0072 -0.0072 -0.9999
vn -0.3575 0.6068 -0.7100
vn 0.0072 0.0072 -0.9999
vn -0.3575 -0.6068 -0.7100
vn 0.4078 0.6578 -0.6332
vn -0.0566 -0.0000 -0.9984
vn -0.7015 -0.0000 -0.7127
vn -0.5800 0.3739 -0.7237
vn -0.0647 0.0408 -0.9971
vn -0.7084 -0.0000 -0.7058
vn -0.4672 0.7518 -0.4654
vn 0.1471 0.7461 -0.6494
vn -0.0102 -0.0000 -0.9999
vn -0.8302 0.5433 -0.1248
vn -0.9927 -0.0000 -0.1203
vn -0.8362 0.5485 -0.0000
vn -0.7685 -0.0000 -0.6399
vn -0.5046 0.7503 -0.4271
vn 0.0553 0.9985 -0.0000
vn 0.1345 -0.9909 -0.0000
vn 0.0557 -0.9984 -0.0000
vn 0.1471 -0.7461 -0.6494
vn 0.0467 -0.8630 -0.5030
vn -0.4687 -0.7499 -0.4669
vn -0.0000 -0.9999 -0.0107
vn -0.5059 -0.7488 -0.4282
vn 0.0467 0.8630 -0.5030
vn 0.1345 0.9909 -0.0000
vn -0.1044 0.9945 -0.0000
vn -0.2192 0.8373 -0.5008
vn 0.1246 -0.0000 0.9922
vn 0.2634 -0.0000 0.9647
vn -0.1105 -0.0000 -0.9939
vn -0.2731 -0.0000 -0.9620
vn -0.2192 -0.8373 -0.5008
vn -0.0958 -0.9954 -0.0000
vn -0.1044 -0.9945 -0.0000
vn -0.2047 -0.7990 -0.5654
vn -0.0430 -0.7935 -0.6070
vn -0.0000 -0.7943 -0.6076
vn -0.2047 0.7990 -0.5654
vn -0.0958 0.9954 -0.0000
vn -0.0430 0.7935 -0.6070
vn 0.2283 -0.0000 0.9736
vn 0.0707 -0.0000 0.9975
vn -0.2360 -0.0000 -0.9718
vn -0.0707 -0.0000 -0.9975
vn -0.0000 0.7943 -0.6076
vn 0.6618 -0.0026 0.7497
vn 0.0001 0.9999 -0.0106
vn -0.0003 -0.9935 -0.1142
vn 0.6678 -0.7237 -0.1742
vn -0.0006 -0.0542 -0.9985
vn -0.0412 -0.0000 -0.9992
vn -0.0234 -0.0428 -0.9988
vn -0.0003 0.9935 -0.1142
vn -0.1530 0.9809 -0.1200
vn -0.1550 0.9879 -0.0000
vn 0.7731 -0.0030 0.6343
vn -0.0233 0.0406 -0.9989
vn -0.2499 0.4208 -0.8721
vn -0.3988 -0.0000 -0.9170
vn 0.0428 0.0350 -0.9985
vn 0.6367 0.4997 -0.5873
vn 0.0427 -0.0370 -0.9984
vn 0.6265 -0.5217 -0.5791
vn -0.2485 -0.4380 -0.8639
vn 0.0534 0.0595 -0.9968
vn 0.0534 -0.0595 -0.9968
vn 0.6678 0.7237 -0.1742
vn -0.1530 -0.9809 -0.1200
vn -0.1550 -0.9879 -0.0000
vn -0.0045 0.0316 -0.9995
vn -0.0045 -0.0316 -0.9995
vn -0.0647 -0.0408 -0.9971
vn -0.0006 0.0542 -0.9985
vn -0.8302 -0.5433 -0.1248
vn -0.8362 -0.5484 -0.0000
vn -0.1045 0.6935 -0.7128
vn -0.0014 0.7186 -0.6954
vn 0.3766 0.4127 -0.8294
vn 0.3766 -0.4127 -0.8294
vn -0.0014 -0.7186 -0.6954
vn -0.1045 -0.6935 -0.7129
vn -0.5800 -0.3739 -0.7237
vn 0.0566 -0.0000 -0.9984
vn 0.0647 0.0408 -0.9971
vn 0.5800 0.3739 -0.7237
vn 0.7015 -0.0000 -0.7127
vn 0.7084 -0.0000 -0.7058
vn 0.0101 -0.0000 -0.9999
vn -0.1471 0.7461 -0.6494
vn 0.4672 0.7518 -0.4654
vn 0.8302 0.5433 -0.1248
vn 0.8362 0.5485 -0.0000
vn 0.9927 -0.0000 -0.1203
vn 0.5046 0.7503 -0.4271
vn 0.7685 -0.0000 -0.6399
vn -0.0553 0.9985 -0.0000
vn -0.1345 -0.9909 -0.0000
vn -0.0468 -0.8630 -0.5030
vn -0.1471 -0.7461 -0.6494
vn -0.0557 -0.9984 -0.0000
vn 0.4687 -0.7499 -0.4669
vn 0.5059 -0.7488 -0.4282
vn -0.0467 0.8630 -0.5030
vn 0.2192 0.8373 -0.5008
vn 0.1044 0.9945 -0.0000
vn -0.1345 0.9909 -0.0000
vn -0.1246 -0.0000 0.9922
vn -0.2634 -0.0000 0.9647
vn 0.1105 -0.0000 -0.9939
vn 0.2192 -0.8373 -0.5008
vn 0.2731 -0.0000 -0.9620
vn 0.0958 -0.9954 -0.0000
vn 0.2046 -0.7990 -0.5654
vn 0.1044 -0.9945 -0.0000
vn 0.0431 -0.7935 -0.6070
vn 0.2047 0.7990 -0.5654
vn 0.0430 0.7935 -0.6070
vn 0.0958 0.9954 -0.0000
vn -0.2283 -0.0000 0.9736
vn -0.0707 -0.0000 0.9975
vn 0.2360 -0.0000 -0.9717
vn 0.0707 -0.0000 -0.9975
vn -0.6618 -0.0026 0.7497
vn -0.0001 0.9999 -0.0106
vn 0.0003 -0.9935 -0.1142
vn -0.6678 -0.7237 -0.1742
vn 0.0002 -0.0542 -0.9985
vn 0.0234 -0.0428 -0.9988
vn 0.0412 -0.0000 -0.9992
vn 0.0003 0.9935 -0.1142
vn 0.1550 0.9879 -0.0000
vn 0.1530 0.9809 -0.1200
vn -0.7731 -0.0030 0.6343
vn 0.3988 -0.0000 -0.9170
vn 0.2499 0.4208 -0.8721
vn 0.0233 0.0406 -0.9989
vn -0.6367 0.4997 -0.5873
vn -0.0428 0.0350 -0.9985
vn -0.6265 -0.5217 -0.5791
vn -0.0427 -0.0370 -0.9984
vn 0.2485 -0.4380 -0.8639
vn -0.0534 -0.0595 -0.9968
vn -0.0534 0.0595 -0.9968
vn -0.6678 0.7237 -0.1742
vn 0.1530 -0.9809 -0.1200
vn 0.1550 -0.9879 -0.0000
vn 0.0045 0.0316 -0.9995
vn 0.0045 -0.0316 -0.9995
vn 0.0647 -0.0408 -0.9971
vn 0.0002 0.0542 -0.9985
vn 0.8362 -0.5484 -0.0001
vn 0.8302 -0.5433 -0.1248
vn 0.0014 0.7186 -0.6954
vn 0.1045 0.6935 -0.7129
vn -0.3766 -0.4127 -0.8294
vn -0.3766 0.4127 -0.8294
vn 0.0014 -0.7186 -0.6954
vn 0.5800 -0.3739 -0.7237
vn 0.1045 -0.6935 -0.7129
vn 0.3607 0.4597 -0.8115
vn 0.5198 0.6620 -0.5399
vn 0.5199 -0.6622 -0.5395
vn 0.3607 -0.4598 -0.8115
vn -0.3607 0.4597 -0.8115
vn -0.3607 -0.4598 -0.8115
vn -0.5199 -0.6622 -0.5395
vn -0.5198 0.6621 -0.5399
vn 0.9999 -0.0000 -0.0137
vn 0.2004 -0.2557 -0.9458
vn 0.2004 0.2557 -0.9458
vn 0.0008 -0.0011 -1.0000
vn 0.0016 0.0021 -1.0000
vn -0.9999 -0.0000 -0.0137
vn -0.2004 -0.2557 -0.9458
vn -0.2004 0.2557 -0.9458
vn -0.0008 -0.0011 -1.0000
vn -0.0016 0.0020 -1.0000
vn -0.0000 -0.9999 -0.0145
vn -0.0000 0.9999 -0.0146
vt 0.785471 0.931377
vt 0.785471 0.846188
vt 0.924086 0.846188
vt 0.882133 0.931377
vt 0.924086 0.942187
vt 0.882133 0.936292
vt 0.773266 0.942187
vt 0.780383 0.936292
vt 0.858449 0.730312
vt 0.773260 0.730311
vt 0.773260 0.633650
vt 0.858449 0.633650
vt 0.926818 0.292487
vt 0.729676 0.292487
vt 0.729676 0.207298
vt 0.926818 0.207298
vt 0.729676 0.105720
vt 0.931703 0.105720
vt 0.926818 0.110637
vt 0.729676 0.110637
vt 0.931712 0.624437
vt 0.729684 0.624437
vt 0.729684 0.534333
vt 0.931712 0.534333
vt 0.729676 0.003971
vt 0.931703 0.003971
vt 0.863364 0.836944
vt 0.773260 0.836944
vt 0.773260 0.735195
vt 0.863364 0.735195
vt 0.773266 0.846186
vt 0.780383 0.846186
vt 0.844888 0.977285
vt 0.877828 0.977285
vt 0.877828 0.978644
vt 0.844888 0.978644
vt 0.936123 0.271415
vt 0.934763 0.271415
vt 0.934763 0.218498
vt 0.936123 0.218498
vt 0.876649 0.979960
vt 0.875471 0.981276
vt 0.847245 0.981276
vt 0.846066 0.979960
vt 0.937439 0.270236
vt 0.937439 0.219676
vt 0.938755 0.220855
vt 0.938755 0.269058
vt 0.939802 0.220855
vt 0.939802 0.269058
vt 0.875471 0.982323
vt 0.847245 0.982323
vt 0.785208 0.979963
vt 0.835767 0.979963
vt 0.834589 0.981279
vt 0.786386 0.981279
vt 0.784029 0.978647
vt 0.836946 0.978647
vt 0.784029 0.977287
vt 0.836946 0.977287
vt 0.957968 0.614903
vt 0.958364 0.614910
vt 0.957378 0.618606
vt 0.957044 0.618364
vt 0.954918 0.436949
vt 0.956796 0.436807
vt 0.957144 0.437831
vt 0.954958 0.438359
vt 0.957734 0.618764
vt 0.958746 0.614971
vt 0.959607 0.615201
vt 0.958594 0.618994
vt 0.954615 0.426169
vt 0.957011 0.426434
vt 0.959619 0.436390
vt 0.949272 0.439387
vt 0.950194 0.436656
vt 0.952746 0.437955
vt 0.952734 0.440416
vt 0.953036 0.436913
vt 0.949701 0.428975
vt 0.952238 0.426568
vt 0.957295 0.440288
vt 0.960693 0.439066
vt 0.961559 0.443350
vt 0.957813 0.444862
vt 0.989872 0.875235
vt 0.994064 0.875235
vt 0.994064 0.879192
vt 0.989872 0.879192
vt 0.955022 0.440633
vt 0.955148 0.445094
vt 0.952473 0.445012
vt 0.948336 0.449624
vt 0.948649 0.443714
vt 0.952063 0.450721
vt 0.947982 0.467097
vt 0.947978 0.455480
vt 0.952017 0.455918
vt 0.952151 0.466980
vt 0.958544 0.450538
vt 0.962204 0.449234
vt 0.962890 0.455061
vt 0.958882 0.455724
vt 0.988973 0.884109
vt 0.994963 0.884109
vt 0.994963 0.888833
vt 0.988973 0.888833
vt 0.955305 0.450697
vt 0.955452 0.455913
vt 0.963541 0.466659
vt 0.959371 0.466776
vt 0.994963 0.898176
vt 0.988973 0.898176
vt 0.955761 0.466878
vt 0.988973 0.872502
vt 0.994963 0.872502
vt 0.959706 0.428663
vt 0.951468 0.609905
vt 0.941222 0.609883
vt 0.941224 0.608992
vt 0.951469 0.609014
vt 0.951468 0.610691
vt 0.951468 0.614903
vt 0.949432 0.614903
vt 0.948815 0.611571
vt 0.951468 0.619901
vt 0.955383 0.619899
vt 0.955383 0.620790
vt 0.951469 0.620792
vt 0.955494 0.619886
vt 0.957588 0.618944
vt 0.957953 0.619756
vt 0.955860 0.620699
vt 0.988973 0.862675
vt 0.994963 0.862718
vt 0.954586 0.425145
vt 0.957027 0.425517
vt 0.957018 0.425967
vt 0.954601 0.425670
vt 0.960033 0.428413
vt 0.959776 0.428438
vt 0.988624 0.862087
vt 0.995311 0.862084
vt 0.995064 0.862359
vt 0.988870 0.862354
vt 0.949336 0.428719
vt 0.952170 0.425653
vt 0.952205 0.426102
vt 0.949598 0.428733
vt 0.943146 0.618246
vt 0.941821 0.619204
vt 0.941821 0.610601
vt 0.943146 0.611559
vt 0.940976 0.610167
vt 0.940976 0.619638
vt 0.940085 0.619638
vt 0.940085 0.610167
vt 0.955383 0.609906
vt 0.955383 0.609015
vt 0.955382 0.619113
vt 0.955382 0.614903
vt 0.955382 0.610692
vt 0.957044 0.611441
vt 0.951468 0.619114
vt 0.948815 0.618234
vt 0.941222 0.619923
vt 0.941224 0.620813
vt 0.958746 0.614834
vt 0.957734 0.611041
vt 0.958594 0.610811
vt 0.959607 0.614604
vt 0.955382 0.619512
vt 0.951468 0.619513
vt 0.941372 0.619511
vt 0.941372 0.610294
vt 0.941397 0.610261
vt 0.951468 0.610292
vt 0.955395 0.610293
vt 0.957362 0.611179
vt 0.955494 0.609919
vt 0.957588 0.610861
vt 0.941397 0.619545
vt 0.955382 0.610293
vt 0.957362 0.618626
vt 0.955395 0.619512
vt 0.957378 0.611199
vt 0.958364 0.614895
vt 0.955860 0.609106
vt 0.957953 0.610049
vt 0.918472 0.951468
vt 0.919832 0.951468
vt 0.919832 0.984408
vt 0.918472 0.984408
vt 0.921148 0.983229
vt 0.921148 0.952647
vt 0.922464 0.953825
vt 0.922464 0.982051
vt 0.923511 0.953825
vt 0.923511 0.982051
vt 0.736441 0.636183
vt 0.732979 0.637107
vt 0.732737 0.636773
vt 0.736433 0.635787
vt 0.956603 0.496807
vt 0.956564 0.495397
vt 0.958776 0.495801
vt 0.958486 0.496843
vt 0.732579 0.636417
vt 0.732350 0.635557
vt 0.736142 0.634544
vt 0.736372 0.635405
vt 0.959284 0.507187
vt 0.956907 0.507587
vt 0.961328 0.497100
vt 0.950828 0.494690
vt 0.954227 0.493468
vt 0.954377 0.495924
vt 0.951903 0.497366
vt 0.954726 0.496949
vt 0.954511 0.507322
vt 0.951843 0.505062
vt 0.958788 0.493340
vt 0.959048 0.488744
vt 0.962873 0.490042
vt 0.962250 0.494368
vt 0.989872 0.921117
vt 0.989872 0.917161
vt 0.994064 0.917161
vt 0.994064 0.921117
vt 0.956500 0.493123
vt 0.953709 0.488894
vt 0.956374 0.488662
vt 0.949318 0.484522
vt 0.952978 0.483218
vt 0.949963 0.490406
vt 0.952640 0.478032
vt 0.948632 0.478695
vt 0.959459 0.483035
vt 0.959504 0.477838
vt 0.963543 0.478275
vt 0.963186 0.484131
vt 0.988973 0.912243
vt 0.988973 0.907519
vt 0.994963 0.907519
vt 0.994963 0.912243
vt 0.956216 0.483059
vt 0.956070 0.477842
vt 0.988973 0.923850
vt 0.994963 0.923850
vt 0.961849 0.504811
vt 0.741439 0.642683
vt 0.742330 0.642682
vt 0.742352 0.652927
vt 0.741461 0.652929
vt 0.740653 0.642683
vt 0.739772 0.645336
vt 0.736441 0.644719
vt 0.736441 0.642683
vt 0.731443 0.642683
vt 0.730552 0.642682
vt 0.730554 0.638768
vt 0.731444 0.638769
vt 0.731457 0.638657
vt 0.730645 0.638291
vt 0.731587 0.636198
vt 0.732400 0.636563
vt 0.994963 0.933634
vt 0.988973 0.933677
vt 0.956936 0.508610
vt 0.956921 0.508086
vt 0.959317 0.507653
vt 0.959352 0.508102
vt 0.961932 0.505031
vt 0.962190 0.505042
vt 0.988624 0.934265
vt 0.988870 0.933998
vt 0.995064 0.933993
vt 0.995311 0.934268
vt 0.951492 0.505338
vt 0.951754 0.505309
vt 0.954505 0.507789
vt 0.954495 0.508239
vt 0.733097 0.651005
vt 0.739784 0.651005
vt 0.740742 0.652330
vt 0.732140 0.652330
vt 0.741177 0.653176
vt 0.741177 0.654066
vt 0.731705 0.654066
vt 0.731705 0.653176
vt 0.741438 0.638769
vt 0.742328 0.638768
vt 0.736441 0.638769
vt 0.732231 0.638769
vt 0.740651 0.638769
vt 0.739902 0.637107
vt 0.732229 0.642683
vt 0.733110 0.645336
vt 0.731421 0.652929
vt 0.730530 0.652927
vt 0.736510 0.635405
vt 0.736739 0.634544
vt 0.740532 0.635557
vt 0.740303 0.636417
vt 0.731830 0.642683
vt 0.731831 0.638769
vt 0.741049 0.652779
vt 0.731833 0.652779
vt 0.741052 0.642683
vt 0.741083 0.652754
vt 0.740165 0.636789
vt 0.741050 0.638756
vt 0.740482 0.636563
vt 0.741425 0.638657
vt 0.731799 0.652754
vt 0.741050 0.638769
vt 0.731831 0.638756
vt 0.732717 0.636789
vt 0.736448 0.635787
vt 0.740144 0.636773
vt 0.741294 0.636198
vt 0.742237 0.638291
vt 0.994238 0.003970
vt 0.994238 0.052174
vt 0.993191 0.052174
vt 0.993191 0.003970
vt 0.012167 0.711245
vt 0.011904 0.710799
vt 0.170541 0.710799
vt 0.170279 0.711243
vt 0.012173 0.912976
vt 0.170282 0.912978
vt 0.170544 0.913423
vt 0.011911 0.913421
vt 0.170651 0.710364
vt 0.011793 0.710361
vt 0.011793 0.703168
vt 0.170651 0.703170
vt 0.169895 0.711692
vt 0.012552 0.711695
vt 0.169483 0.712094
vt 0.012963 0.712096
vt 0.170655 0.913861
vt 0.170655 0.921054
vt 0.011800 0.921053
vt 0.011800 0.913859
vt 0.169897 0.912529
vt 0.012558 0.912527
vt 0.069769 0.836214
vt 0.169486 0.912127
vt 0.012966 0.912129
vt 0.041544 0.836214
vt 0.069769 0.788010
vt 0.171273 0.710992
vt 0.178467 0.710992
vt 0.178467 0.913230
vt 0.171274 0.913230
vt 0.170833 0.711097
vt 0.170838 0.913127
vt 0.170383 0.912880
vt 0.170376 0.711345
vt 0.012538 0.711709
vt 0.012545 0.912512
vt 0.012077 0.912874
vt 0.012067 0.711345
vt 0.011171 0.710993
vt 0.011180 0.913227
vt 0.003987 0.913227
vt 0.003977 0.710993
vt 0.011612 0.711098
vt 0.011620 0.913122
vt 0.169908 0.711707
vt 0.169912 0.912515
vt 0.041543 0.788010
vt 0.943945 0.821177
vt 0.871317 0.821177
vt 0.871317 0.778649
vt 0.943945 0.778649
s 1
usemtl comic
f 509/754/363 500/755/363 494/756/363 499/757/363
f 499/757/363 494/756/363 492/758/363
f 496/759/363 499/757/363 492/758/363
f 496/759/363 492/758/363 498/760/363 497/761/363
f 506/762/364 508/763/364 504/764/364 505/765/364
f 504/766/365 500/767/365 509/768/365 505/769/365
f 496/770/365 501/771/365 506/772/365 499/773/365
f 502/774/366 497/775/366 495/776/366 503/777/366
f 501/771/367 496/770/367 497/778/367 502/779/367
f 502/780/363 503/781/363 507/782/363 501/783/363
f 498/760/363 493/784/363 495/785/363 497/761/363
f 506/772/368 505/769/368 509/768/368 499/773/368
f 506/762/365 501/783/365 507/782/365 508/763/365
f 519/754/363 514/757/363 494/756/363 500/755/363
f 514/757/363 510/758/363 494/756/363
f 511/759/363 510/758/363 514/757/363
f 511/759/363 512/761/363 513/760/363 510/758/363
f 518/762/364 517/765/364 504/764/364 508/763/364
f 504/766/365 517/769/365 519/768/365 500/767/365
f 511/770/365 514/773/365 518/772/365 515/771/365
f 516/774/366 503/777/366 495/776/366 512/775/366
f 515/771/368 516/779/368 512/778/368 511/770/368
f 516/780/363 515/783/363 507/782/363 503/781/363
f 513/760/363 512/761/363 495/785/363 493/784/363
f 518/772/367 514/773/367 519/768/367 517/769/367
f 518/762/365 508/763/365 507/782/365 515/783/365
f 520/786/367 521/787/367 523/788/369 522/789/370
f 625/790/371 623/791/366 520/792/366 522/793/370
f 536/794/372 525/795/373 524/796/374 535/797/375
f 634/798/376 535/799/375 524/800/374 627/801/377
f 627/801/377 524/800/374 526/802/365 629/803/365
f 525/795/373 527/804/368 526/805/368 524/796/374
f 536/806/372 635/807/378 628/808/379 525/809/373
f 523/810/369 626/811/380 635/807/378 536/806/372
f 521/812/365 624/813/365 626/811/380 523/810/369
f 625/790/371 522/793/370 535/799/375 634/798/376
f 523/788/369 536/794/372 535/797/375 522/789/370
f 608/814/381 610/815/382 619/816/383 618/817/384
f 563/818/385 538/819/386 541/820/387 564/821/388
f 617/822/389 609/823/390 591/824/367 594/825/391
f 563/818/385 584/826/392 576/827/393 538/819/386
f 541/820/387 538/819/386 540/828/394
f 562/829/395 539/830/396 542/831/397 560/832/398
f 537/833/399 542/831/397 539/830/396
f 539/830/396 579/834/400 573/835/401 537/833/399
f 559/836/402 561/837/403 547/838/404 545/839/405
f 561/840/406 562/841/406 548/842/407 547/843/407
f 569/844/408 565/845/409 546/846/410 560/832/398
f 558/847/411 548/848/412 546/846/410 556/849/413
f 544/850/366 550/851/366 552/852/414 554/853/415
f 555/854/416 557/855/417 549/856/365 551/857/418
f 557/858/419 558/859/419 550/860/420 549/861/420
f 568/862/421 566/863/422 552/852/414 556/849/413
f 551/857/418 549/856/365 543/864/365 553/865/423
f 549/861/420 550/860/420 544/866/363 543/867/363
f 566/863/422 567/868/364 554/853/415 552/852/414
f 565/845/409 568/862/421 556/849/413 546/846/410
f 547/843/407 548/842/407 558/859/419 557/858/419
f 545/839/405 547/838/404 557/855/417 555/854/416
f 550/851/366 558/847/411 556/849/413 552/852/414
f 564/821/388 569/844/408 560/832/398 542/831/397
f 540/869/424 539/870/424 562/841/406 561/840/406
f 541/820/387 540/828/394 561/837/403 559/836/402
f 548/848/412 562/829/395 560/832/398 546/846/410
f 541/820/387 559/836/402 569/844/408 564/821/388
f 545/839/405 555/854/416 568/862/421 565/845/409
f 551/857/418 553/865/423 567/868/364 566/863/422
f 555/854/416 551/857/418 566/863/422 568/862/421
f 559/836/402 545/839/405 565/845/409 569/844/408
f 537/833/399 563/818/385 564/821/388 542/831/397
f 538/819/386 576/827/393 582/871/425 540/828/394
f 614/872/426 602/873/427 589/874/366 593/875/366
f 615/876/428 571/877/364 585/878/429 572/879/430
f 611/880/431 600/881/432 588/882/433 592/883/365
f 600/884/432 617/885/389 594/886/391 588/887/433
f 540/869/424 582/888/434 579/889/434 539/870/424
f 585/890/429 575/891/435 577/892/436 586/893/437
f 586/893/437 577/892/436 576/827/393 584/826/392
f 575/891/435 581/894/438 583/895/439 577/892/436
f 577/892/436 583/895/439 582/871/425 576/827/393
f 581/896/438 578/897/440 580/898/441 583/899/439
f 583/899/439 580/898/441 579/889/434 582/888/434
f 578/900/440 572/901/430 574/902/442 580/903/441
f 580/903/441 574/902/442 573/835/401 579/834/400
f 572/901/430 585/890/429 586/893/437 574/902/442
f 574/902/442 586/893/437 584/826/392 573/835/401
f 581/904/438 605/905/443 603/906/444 578/907/440
f 602/908/427 606/909/445 590/910/368 589/911/368
f 597/912/446 614/872/426 593/875/366 587/913/447
f 608/814/381 618/817/384 599/914/448 570/915/364
f 596/916/449 621/917/450 608/814/381 570/915/364
f 612/918/451 571/877/364 570/915/364 599/914/448
f 585/878/429 571/877/364 612/918/451 575/919/435
f 575/919/435 612/918/451 605/905/443 581/904/438
f 578/907/440 603/906/444 615/876/428 572/879/430
f 570/915/364 571/877/364 615/876/428 596/916/449
f 606/920/445 611/880/431 592/883/365 590/921/365
f 609/922/390 620/923/452 595/924/453 591/925/367
f 610/815/382 609/823/390 617/822/389 619/816/383
f 599/914/448 601/926/454 613/927/455 612/918/451
f 601/926/454 600/881/432 611/880/431 613/927/455
f 605/905/443 607/928/456 604/929/457 603/906/444
f 607/928/456 606/909/445 602/908/427 604/929/457
f 603/906/444 604/930/457 616/931/458 615/876/428
f 604/930/457 602/873/427 614/872/426 616/931/458
f 596/916/449 598/932/459 622/933/460 621/917/450
f 598/932/459 597/934/446 620/935/452 622/933/460
f 612/918/451 613/927/455 607/936/456 605/905/443
f 613/927/455 611/880/431 606/920/445 607/936/456
f 615/876/428 616/931/458 598/937/459 596/916/449
f 616/931/458 614/872/426 597/912/446 598/937/459
f 618/817/384 619/938/383 601/939/454 599/914/448
f 619/938/383 617/885/389 600/884/432 601/939/454
f 621/917/450 622/940/460 610/941/382 608/814/381
f 622/940/460 620/923/452 609/922/390 610/941/382
f 620/935/452 597/934/446 587/942/447 595/943/453
f 537/833/399 573/835/401 584/826/392 563/818/385
f 623/944/368 625/945/371 626/946/380 624/947/368
f 635/948/378 634/949/376 627/950/377 628/951/379
f 628/951/379 627/950/377 629/952/367 630/953/367
f 626/946/380 625/945/371 634/949/376 635/948/378
f 702/954/461 712/955/462 713/956/463 704/957/464
f 658/958/465 659/959/466 640/960/467 637/961/468
f 711/962/469 688/963/470 685/964/368 703/965/471
f 658/958/465 637/961/468 670/966/472 678/967/473
f 640/960/467 639/968/474 637/961/468
f 657/969/475 655/970/476 641/971/477 638/972/478
f 636/973/479 638/972/478 641/971/477
f 638/972/478 636/973/479 667/974/480 673/975/400
f 654/976/481 642/977/482 644/978/483 656/979/484
f 656/980/485 644/981/486 645/982/486 657/983/485
f 663/984/487 655/970/476 643/985/488 660/986/489
f 653/987/490 651/988/491 643/985/488 645/989/492
f 544/850/366 554/853/415 649/990/493 647/991/366
f 650/992/494 648/993/495 646/994/365 652/995/496
f 652/996/497 646/997/498 647/998/498 653/999/497
f 662/1000/499 651/988/491 649/990/493 661/1001/500
f 648/993/495 553/865/423 543/864/365 646/994/365
f 646/997/498 543/867/363 544/866/363 647/998/498
f 661/1001/500 649/990/493 554/853/415 567/868/364
f 660/986/489 643/985/488 651/988/491 662/1000/499
f 644/981/486 652/996/497 653/999/497 645/982/486
f 642/977/482 650/992/494 652/995/496 644/978/483
f 647/991/366 649/990/493 651/988/491 653/987/490
f 659/959/466 641/971/477 655/970/476 663/984/487
f 639/1002/501 656/980/485 657/983/485 638/1003/501
f 640/960/467 654/976/481 656/979/484 639/968/474
f 645/989/492 643/985/488 655/970/476 657/969/475
f 640/960/467 659/959/466 663/984/487 654/976/481
f 642/977/482 660/986/489 662/1000/499 650/992/494
f 648/993/495 661/1001/500 567/868/364 553/865/423
f 650/992/494 662/1000/499 661/1001/500 648/993/495
f 654/976/481 663/984/487 660/986/489 642/977/482
f 636/973/479 641/971/477 659/959/466 658/958/465
f 637/961/468 639/968/474 676/1004/502 670/966/472
f 708/1005/503 687/1006/366 683/1007/366 696/1008/504
f 709/1009/505 666/1010/506 679/1011/507 665/1012/364
f 705/1013/508 686/1014/365 682/1015/509 694/1016/510
f 694/1017/510 682/1018/509 688/1019/470 711/1020/469
f 639/1002/501 638/1003/501 673/1021/511 676/1022/511
f 679/1023/507 680/1024/512 671/1025/513 669/1026/514
f 680/1024/512 678/967/473 670/966/472 671/1025/513
f 669/1026/514 671/1025/513 677/1027/515 675/1028/516
f 671/1025/513 670/966/472 676/1004/502 677/1027/515
f 675/1029/516 677/1030/515 674/1031/517 672/1032/518
f 677/1030/515 676/1022/511 673/1021/511 674/1031/517
f 672/1033/518 674/1034/517 668/1035/519 666/1036/506
f 674/1034/517 673/975/400 667/974/480 668/1035/519
f 666/1036/506 668/1035/519 680/1024/512 679/1023/507
f 668/1035/519 667/974/480 678/967/473 680/1024/512
f 675/1037/516 672/1038/518 697/1039/520 699/1040/521
f 696/1041/504 683/1042/367 684/1043/367 700/1044/522
f 691/1045/523 681/1046/524 687/1006/366 708/1005/503
f 702/954/461 664/1047/364 693/1048/525 712/955/462
f 690/1049/526 664/1047/364 702/954/461 715/1050/527
f 706/1051/528 693/1048/525 664/1047/364 665/1012/364
f 679/1011/507 669/1052/514 706/1051/528 665/1012/364
f 669/1052/514 675/1037/516 699/1040/521 706/1051/528
f 672/1038/518 666/1010/506 709/1009/505 697/1039/520
f 664/1047/364 690/1049/526 709/1009/505 665/1012/364
f 700/1053/522 684/1054/365 686/1014/365 705/1013/508
f 703/1055/471 685/1056/368 689/1057/529 714/1058/530
f 704/957/464 713/956/463 711/962/469 703/965/471
f 693/1048/525 706/1051/528 707/1059/531 695/1060/532
f 695/1060/532 707/1059/531 705/1013/508 694/1016/510
f 699/1040/521 697/1039/520 698/1061/533 701/1062/534
f 701/1062/534 698/1061/533 696/1041/504 700/1044/522
f 697/1039/520 709/1009/505 710/1063/535 698/1064/533
f 698/1064/533 710/1063/535 708/1005/503 696/1008/504
f 690/1049/526 715/1050/527 716/1065/536 692/1066/537
f 692/1066/537 716/1065/536 714/1067/530 691/1068/523
f 706/1051/528 699/1040/521 701/1069/534 707/1059/531
f 707/1059/531 701/1069/534 700/1053/522 705/1013/508
f 709/1009/505 690/1049/526 692/1070/537 710/1063/535
f 710/1063/535 692/1070/537 691/1045/523 708/1005/503
f 712/955/462 693/1048/525 695/1071/532 713/1072/463
f 713/1072/463 695/1071/532 694/1017/510 711/1020/469
f 715/1050/527 702/954/461 704/1073/464 716/1074/536
f 716/1074/536 704/1073/464 703/1055/471 714/1058/530
f 714/1067/530 689/1075/529 681/1076/524 691/1068/523
f 636/973/479 658/958/465 678/967/473 667/974/480
f 525/1077/373 628/1078/379 630/1079/366 527/1080/366
f 729/1081/538 722/1082/539 734/1083/540 633/1084/541
f 726/1085/542 534/1086/543 533/1087/544 725/1088/545
f 733/1089/546 631/1090/546 721/1091/368 732/1092/368
f 632/1093/547 723/1094/548 729/1081/538 633/1084/541
f 734/1083/540 722/1082/539 631/1090/546 733/1089/546
f 718/1095/549 719/1096/550 723/1094/548 632/1093/547
f 530/1097/551 528/1098/367 529/1099/367 532/1100/551
f 717/1101/552 534/1086/543 726/1085/542 720/1102/553
f 727/1103/364 724/1104/554 531/1105/555 728/1106/364
f 533/1087/544 530/1097/551 532/1100/551 725/1088/545
f 724/1104/554 717/1101/552 720/1102/553 531/1105/555
f 718/1095/549 724/1104/554 727/1103/364 730/1107/364
f 733/1108/556 732/1109/366 528/1110/366 530/1111/556
f 734/1112/540 533/1113/544 534/1114/543 633/1115/541
f 723/1116/548 720/1117/553 726/1118/542 729/1119/538
f 734/1112/540 733/1108/556 530/1111/556 533/1113/544
f 631/1120/557 532/1121/557 529/1122/365 721/1123/365
f 722/1124/539 725/1125/545 532/1121/557 631/1120/557
f 718/1095/549 632/1126/547 717/1127/552 724/1104/554
f 731/1128/364 728/1106/364 531/1105/555 719/1096/550
f 632/1126/547 633/1115/541 534/1114/543 717/1127/552
f 718/1095/549 730/1107/364 731/1128/364 719/1096/550
f 725/1125/545 722/1124/539 729/1119/538 726/1118/542
f 720/1117/553 723/1116/548 719/1096/550 531/1105/555
f 737/1129/364 735/1130/364 736/1131/364 738/1132/364
o FileCab_01_A
v -2.847438 0.229977 1.171521
v -2.847438 0.290064 1.171521
v -2.847438 0.229977 1.169041
v -2.847438 0.290064 1.169041
v -2.843139 0.234276 1.169041
v -2.843139 0.285765 1.169041
v -2.843139 0.234276 1.170950
v -2.843139 0.285765 1.170950
v -2.983627 0.050246 1.186778
v -2.983626 0.340032 1.186778
v -2.983627 0.050246 1.173656
v -2.981619 0.337897 1.171521
v -2.983626 0.340032 1.173656
v -2.983436 0.050448 1.172879
v -2.982985 0.050927 1.172203
v -2.845289 0.232126 1.167973
v -2.845289 0.287914 1.167973
v -2.848809 0.110152 1.148206
v -2.848809 0.121077 1.148206
v -2.845315 0.110152 1.154462
v -2.845315 0.121077 1.154462
v -2.845315 0.121077 1.148206
v -2.845315 0.110152 1.148206
v -2.799173 0.121077 1.148241
v -2.799173 0.110152 1.148241
v -2.833245 0.119439 1.146610
v -2.833245 0.111791 1.146610
v -2.833245 0.119439 1.152866
v -2.833245 0.111791 1.152866
v -2.816209 0.121077 1.148749
v -2.816209 0.110152 1.148749
v -2.816209 0.121077 1.142493
v -2.816209 0.110152 1.142493
v -2.799173 0.121077 1.141985
v -2.799173 0.110152 1.141985
v -2.824727 0.121077 1.143797
v -2.824727 0.110152 1.143797
v -2.824727 0.121077 1.150053
v -2.824727 0.110152 1.150053
v -2.840335 0.119439 1.147955
v -2.840335 0.111791 1.147955
v -2.840335 0.119439 1.154211
v -2.840335 0.111791 1.154211
v -2.849212 0.115615 1.147321
v -2.845315 0.115615 1.147321
v -2.833245 0.115615 1.145725
v -2.816209 0.115615 1.141608
v -2.799173 0.115615 1.141100
v -2.824727 0.115615 1.142912
v -2.840335 0.115615 1.147070
v -2.878921 0.115615 1.168978
v -2.871780 0.115615 1.168978
v -2.866941 0.109538 1.168978
v -2.865070 0.110152 1.168104
v -2.865913 0.109972 1.168722
v -2.866941 0.121691 1.168978
v -2.865070 0.121077 1.168104
v -2.865913 0.121257 1.168722
v -2.856600 0.109516 1.168978
v -2.856829 0.110152 1.168099
v -2.857031 0.109966 1.168721
v -2.856600 0.121714 1.168978
v -2.856829 0.121077 1.168202
v -2.857031 0.121264 1.168751
v -2.866094 0.115615 1.168107
v -2.868067 0.115615 1.168978
v -2.866966 0.115615 1.168723
v -2.878921 0.106976 1.171521
v -2.878921 0.124253 1.171521
v -2.853089 0.106976 1.171521
v -2.853089 0.124253 1.171521
v -2.883692 0.115615 1.171521
v -2.871780 0.124253 1.171521
v -2.871780 0.106976 1.171521
v -2.882740 0.122534 1.171521
v -2.882740 0.108695 1.171521
v -2.878921 0.107934 1.168978
v -2.878921 0.106976 1.169896
v -2.878921 0.107257 1.169247
v -2.878921 0.123295 1.168978
v -2.878921 0.124253 1.169896
v -2.878921 0.123973 1.169247
v -2.853089 0.106976 1.169896
v -2.854184 0.107768 1.168978
v -2.853410 0.107208 1.169247
v -2.854184 0.123461 1.168978
v -2.853089 0.124253 1.169896
v -2.853410 0.124021 1.169247
v -2.882743 0.115615 1.168978
v -2.883692 0.115615 1.169896
v -2.883414 0.115615 1.169247
v -2.871780 0.124253 1.169896
v -2.871780 0.123297 1.168978
v -2.871780 0.123973 1.169247
v -2.871780 0.106976 1.169896
v -2.871780 0.107932 1.168978
v -2.871780 0.107256 1.169247
v -2.882740 0.122534 1.169896
v -2.881952 0.121929 1.168978
v -2.882509 0.122357 1.169247
v -2.882740 0.108695 1.169896
v -2.881952 0.109300 1.168978
v -2.882509 0.108873 1.169247
v -2.750908 0.229977 1.171521
v -2.750908 0.290064 1.171521
v -2.750908 0.229977 1.169041
v -2.750908 0.290064 1.169041
v -2.755208 0.234276 1.169041
v -2.755208 0.285765 1.169041
v -2.755208 0.234276 1.170950
v -2.755208 0.285765 1.170950
v -2.614720 0.340032 1.173655
v -2.616021 0.051629 1.171717
v -2.615361 0.050927 1.172202
v -2.753057 0.232126 1.167973
v -2.753057 0.287914 1.167973
v -2.749537 0.110152 1.148206
v -2.749537 0.121077 1.148206
v -2.753031 0.110152 1.154462
v -2.753031 0.121077 1.154462
v -2.753031 0.121077 1.148206
v -2.753031 0.110152 1.148206
v -2.765101 0.119439 1.146610
v -2.765101 0.111791 1.146610
v -2.765101 0.119439 1.152866
v -2.765101 0.111791 1.152866
v -2.782137 0.121077 1.148749
v -2.782137 0.110152 1.148749
v -2.782137 0.121077 1.142493
v -2.782137 0.110152 1.142493
v -2.773619 0.121077 1.143797
v -2.773619 0.110152 1.143797
v -2.773619 0.121077 1.150053
v -2.773619 0.110152 1.150053
v -2.758011 0.119439 1.147955
v -2.758011 0.111791 1.147955
v -2.758011 0.119439 1.154211
v -2.758011 0.111791 1.154211
v -2.749135 0.115615 1.147321
v -2.753031 0.115615 1.147321
v -2.765101 0.115615 1.145725
v -2.782137 0.115615 1.141608
v -2.773619 0.115615 1.142912
v -2.758011 0.115615 1.147070
v -2.719426 0.115615 1.168978
v -2.726567 0.115615 1.168978
v -2.731405 0.109538 1.168978
v -2.733276 0.110152 1.168104
v -2.732433 0.109972 1.168722
v -2.731405 0.121691 1.168978
v -2.733276 0.121077 1.168104
v -2.732433 0.121257 1.168722
v -2.741747 0.109516 1.168978
v -2.741517 0.110152 1.168099
v -2.741315 0.109966 1.168721
v -2.741747 0.121714 1.168978
v -2.741517 0.121077 1.168202
v -2.741315 0.121264 1.168751
v -2.732252 0.115615 1.168107
v -2.730279 0.115615 1.168978
v -2.731380 0.115615 1.168723
v -2.719426 0.106976 1.171521
v -2.719426 0.124253 1.171521
v -2.745257 0.106976 1.171521
v -2.745257 0.124253 1.171521
v -2.713759 0.115615 1.171521
v -2.726567 0.124253 1.171521
v -2.726567 0.106976 1.171521
v -2.715607 0.122534 1.171521
v -2.715607 0.108695 1.171521
v -2.719426 0.107934 1.168978
v -2.719426 0.106976 1.169896
v -2.719426 0.107257 1.169247
v -2.719426 0.123295 1.168978
v -2.719426 0.124253 1.169896
v -2.719426 0.123973 1.169247
v -2.745257 0.106976 1.169896
v -2.744162 0.107768 1.168978
v -2.744936 0.107208 1.169247
v -2.744162 0.123461 1.168978
v -2.745257 0.124253 1.169896
v -2.744936 0.124021 1.169247
v -2.714709 0.115615 1.168978
v -2.713759 0.115615 1.169896
v -2.714037 0.115615 1.169247
v -2.726567 0.124253 1.169896
v -2.726567 0.123297 1.168978
v -2.726567 0.123973 1.169247
v -2.726567 0.106976 1.169896
v -2.726567 0.107932 1.168978
v -2.726567 0.107256 1.169247
v -2.715607 0.122534 1.169896
v -2.716395 0.121929 1.168978
v -2.715837 0.122357 1.169247
v -2.715607 0.108695 1.169896
v -2.716395 0.109300 1.168978
v -2.715837 0.108873 1.169247
v -2.982325 0.051629 1.171717
v -2.616727 0.052380 1.171521
v -2.616727 0.337897 1.171521
v -2.982325 0.338647 1.171717
v -2.614720 0.340032 1.186778
v -2.614910 0.339829 1.172879
v -2.616021 0.338647 1.171717
v -2.981619 0.052380 1.171521
v -2.983436 0.339829 1.172879
v -2.982985 0.339350 1.172203
v -2.843139 0.234276 1.171521
v -2.843139 0.285765 1.171521
v -2.615361 0.339350 1.172202
v -2.755208 0.234276 1.171521
v -2.755208 0.285765 1.171521
v -2.614720 0.050246 1.186778
v -2.614720 0.050246 1.173655
v -2.614910 0.050448 1.172879
v -2.983626 0.340032 1.186778
v -2.799173 0.050246 1.186778
v -2.799173 0.340032 1.186778
v -2.799173 0.063919 1.186778
v -2.972301 0.259422 1.186778
v -2.972301 0.063919 1.186778
v -2.983627 0.050246 1.186778
v -2.962857 0.259422 1.186778
v -2.799173 0.073694 1.186778
v -2.972301 0.259422 1.574958
v -2.972301 0.063919 1.574958
v -2.799173 0.063919 1.574958
v -2.799173 0.073694 1.565574
v -2.962857 0.073694 1.565574
v -2.962856 0.259422 1.565575
v -2.799173 0.259422 1.574958
v -2.799173 0.259422 1.565574
v -2.962857 0.073694 1.186778
v -2.614720 0.340032 1.186778
v -2.626045 0.259422 1.186778
v -2.626045 0.063919 1.186778
v -2.614720 0.050246 1.186778
v -2.635490 0.259422 1.186778
v -2.626045 0.259422 1.574958
v -2.626045 0.063919 1.574958
v -2.635489 0.073694 1.565574
v -2.635489 0.259422 1.565574
v -2.635489 0.073694 1.186778
v -2.843139 0.234276 1.170950
v -2.843139 0.285765 1.170950
v -2.755208 0.234276 1.170950
v -2.755208 0.285765 1.170950
vn -1.0000 -0.0000 -0.0000
vn -0.4078 0.6578 -0.6332
vn -0.4078 -0.6578 -0.6332
vn 0.4078 -0.6578 -0.6332
vn -0.0000 -1.0000 -0.0000
vn -0.0072 0.0072 -0.9999
vn 0.3575 -0.6068 -0.7100
vn 0.3575 0.6068 -0.7100
vn -0.0072 -0.0072 -0.9999
vn 0.0072 -0.0072 -0.9999
vn -0.3575 0.6068 -0.7100
vn -0.0000 1.0000 -0.0000
vn 1.0000 -0.0000 -0.0000
vn 0.0072 0.0072 -0.9999
vn -0.3575 -0.6068 -0.7100
vn 0.4078 0.6578 -0.6332
vn -0.0506 -0.0001 -0.9987
vn -0.6990 0.0033 -0.7151
vn -0.6092 0.3337 -0.7194
vn -0.0636 0.0420 -0.9971
vn -0.7084 -0.0000 -0.7058
vn -0.4672 0.7518 -0.4654
vn 0.1471 0.7461 -0.6494
vn -0.0103 -0.0000 -0.9999
vn -0.8620 0.4904 -0.1285
vn -0.9930 -0.0000 -0.1183
vn -0.8699 0.4932 -0.0001
vn -0.7685 -0.0000 -0.6399
vn -0.5046 0.7503 -0.4271
vn 0.0553 0.9985 -0.0000
vn 0.1345 -0.9909 -0.0000
vn 0.0557 -0.9984 -0.0000
vn 0.1471 -0.7461 -0.6494
vn 0.0467 -0.8630 -0.5030
vn -0.4687 -0.7499 -0.4669
vn -0.0000 -0.9999 -0.0107
vn -0.5059 -0.7488 -0.4282
vn 0.0467 0.8630 -0.5030
vn 0.1345 0.9909 -0.0000
vn -0.1044 0.9945 -0.0000
vn -0.2192 0.8373 -0.5008
vn 0.1246 -0.0000 0.9922
vn 0.2634 -0.0000 0.9647
vn -0.1105 -0.0000 -0.9939
vn -0.2731 -0.0000 -0.9620
vn -0.2192 -0.8373 -0.5008
vn -0.0958 -0.9954 -0.0000
vn -0.1044 -0.9945 -0.0000
vn -0.2047 -0.7990 -0.5654
vn -0.0430 -0.7935 -0.6070
vn -0.0000 -0.7943 -0.6076
vn -0.2047 0.7990 -0.5654
vn -0.0958 0.9954 -0.0000
vn -0.0430 0.7935 -0.6070
vn 0.2283 -0.0000 0.9736
vn 0.0707 -0.0000 0.9975
vn -0.2360 -0.0000 -0.9717
vn -0.0707 -0.0000 -0.9975
vn -0.0000 0.7943 -0.6076
vn -0.0000 -0.0000 1.0000
vn -0.0000 -0.0000 -1.0000
vn 0.6618 -0.0026 0.7497
vn 0.0001 0.9999 -0.0106
vn -0.0003 -0.9935 -0.1142
vn 0.6678 -0.7237 -0.1742
vn -0.0006 -0.0542 -0.9985
vn -0.0412 -0.0000 -0.9992
vn -0.0234 -0.0428 -0.9988
vn -0.0003 0.9935 -0.1142
vn -0.1530 0.9809 -0.1200
vn -0.1550 0.9879 -0.0000
vn 0.7731 -0.0030 0.6343
vn -0.0233 0.0406 -0.9989
vn -0.2499 0.4208 -0.8721
vn -0.3988 -0.0000 -0.9170
vn 0.0428 0.0350 -0.9985
vn 0.6367 0.4996 -0.5873
vn 0.0427 -0.0370 -0.9984
vn 0.6265 -0.5217 -0.5791
vn -0.2485 -0.4380 -0.8639
vn 0.0534 0.0595 -0.9968
vn 0.0534 -0.0595 -0.9968
vn 0.6678 0.7237 -0.1742
vn -0.1530 -0.9809 -0.1200
vn -0.1550 -0.9879 -0.0000
vn -0.0045 0.0316 -0.9995
vn -0.0045 -0.0316 -0.9995
vn -0.0636 -0.0420 -0.9971
vn -0.0006 0.0542 -0.9985
vn -0.8616 -0.4917 -0.1264
vn -0.8699 -0.4932 -0.0000
vn -0.1045 0.6935 -0.7128
vn -0.0014 0.7186 -0.6954
vn 0.3766 0.4127 -0.8294
vn 0.3766 -0.4127 -0.8294
vn -0.0014 -0.7186 -0.6954
vn -0.1045 -0.6935 -0.7129
vn -0.6092 -0.3337 -0.7194
vn 0.0566 -0.0000 -0.9984
vn 0.0647 0.0408 -0.9971
vn 0.5800 0.3739 -0.7237
vn 0.7015 -0.0000 -0.7127
vn 0.7084 -0.0002 -0.7058
vn 0.0101 -0.0000 -0.9999
vn -0.1471 0.7461 -0.6494
vn 0.4672 0.7518 -0.4654
vn 0.8302 0.5433 -0.1248
vn 0.8362 0.5485 -0.0000
vn 0.9927 -0.0000 -0.1203
vn 0.5046 0.7503 -0.4271
vn 0.7685 -0.0000 -0.6399
vn -0.0553 0.9985 -0.0000
vn -0.1345 -0.9909 -0.0000
vn -0.0468 -0.8630 -0.5030
vn -0.1471 -0.7461 -0.6494
vn -0.0557 -0.9984 -0.0000
vn 0.4687 -0.7499 -0.4669
vn 0.5059 -0.7488 -0.4282
vn -0.0467 0.8630 -0.5030
vn 0.2192 0.8373 -0.5008
vn 0.1044 0.9945 -0.0000
vn -0.1345 0.9909 -0.0000
vn -0.1246 -0.0000 0.9922
vn -0.2634 -0.0000 0.9647
vn 0.1105 -0.0000 -0.9939
vn 0.2192 -0.8373 -0.5008
vn 0.2731 -0.0000 -0.9620
vn 0.0958 -0.9954 -0.0000
vn 0.2047 -0.7990 -0.5654
vn 0.1044 -0.9945 -0.0000
vn 0.0431 -0.7935 -0.6070
vn 0.2047 0.7990 -0.5654
vn 0.0430 0.7935 -0.6070
vn 0.0958 0.9954 -0.0000
vn -0.2283 -0.0000 0.9736
vn -0.0707 -0.0000 0.9975
vn 0.2360 -0.0000 -0.9717
vn 0.0707 -0.0000 -0.9975
vn -0.6618 -0.0026 0.7497
vn -0.0001 0.9999 -0.0106
vn 0.0003 -0.9935 -0.1142
vn -0.6678 -0.7237 -0.1742
vn 0.0002 -0.0542 -0.9985
vn 0.0234 -0.0428 -0.9988
vn 0.0412 -0.0000 -0.9991
vn 0.0003 0.9935 -0.1142
vn 0.1550 0.9879 -0.0000
vn 0.1530 0.9809 -0.1200
vn -0.7731 -0.0030 0.6343
vn 0.3988 -0.0000 -0.9170
vn 0.2499 0.4208 -0.8721
vn 0.0233 0.0406 -0.9989
vn -0.6367 0.4996 -0.5873
vn -0.0428 0.0350 -0.9985
vn -0.6265 -0.5217 -0.5791
vn -0.0427 -0.0370 -0.9984
vn 0.2485 -0.4380 -0.8639
vn -0.0534 -0.0595 -0.9968
vn -0.0534 0.0595 -0.9968
vn -0.6678 0.7237 -0.1742
vn 0.1530 -0.9809 -0.1200
vn 0.1550 -0.9879 -0.0000
vn 0.0045 0.0316 -0.9995
vn 0.0045 -0.0316 -0.9995
vn 0.0647 -0.0408 -0.9971
vn 0.0002 0.0542 -0.9985
vn 0.8362 -0.5484 -0.0001
vn 0.8302 -0.5433 -0.1248
vn 0.0014 0.7186 -0.6954
vn 0.1045 0.6935 -0.7129
vn -0.3766 -0.4127 -0.8294
vn -0.3766 0.4127 -0.8294
vn 0.0014 -0.7186 -0.6954
vn 0.5800 -0.3739 -0.7237
vn 0.1045 -0.6935 -0.7129
vn 0.3607 0.4597 -0.8115
vn 0.5198 0.6620 -0.5399
vn 0.5199 -0.6622 -0.5396
vn 0.3607 -0.4598 -0.8115
vn -0.3607 0.4597 -0.8115
vn -0.3607 -0.4598 -0.8115
vn -0.5199 -0.6622 -0.5395
vn -0.5198 0.6621 -0.5399
vn 0.9999 -0.0000 -0.0137
vn 0.2004 -0.2557 -0.9458
vn 0.2004 0.2557 -0.9458
vn 0.0008 -0.0011 -1.0000
vn 0.0016 0.0021 -1.0000
vn -0.9999 -0.0000 -0.0137
vn -0.2004 -0.2557 -0.9458
vn -0.2004 0.2557 -0.9458
vn -0.0008 -0.0011 -1.0000
vn -0.0016 0.0020 -1.0000
vn -0.0000 -0.9999 -0.0145
vn -0.0000 0.9999 -0.0146
vt 0.871318 0.830299
vt 0.904257 0.830299
vt 0.904257 0.831659
vt 0.871318 0.831659
vt 0.758939 0.633649
vt 0.760299 0.633649
vt 0.760299 0.686566
vt 0.758940 0.686566
vt 0.903079 0.832975
vt 0.901900 0.834291
vt 0.873675 0.834291
vt 0.872496 0.832975
vt 0.757623 0.634828
vt 0.757624 0.685388
vt 0.756308 0.684209
vt 0.756307 0.636006
vt 0.755261 0.684209
vt 0.755261 0.636006
vt 0.901900 0.835338
vt 0.873675 0.835338
vt 0.985169 0.993275
vt 0.985169 0.942715
vt 0.986485 0.943894
vt 0.986485 0.992096
vt 0.983853 0.994454
vt 0.983853 0.941537
vt 0.982494 0.994454
vt 0.982494 0.941537
vt 0.958681 0.781183
vt 0.958689 0.780787
vt 0.962385 0.781774
vt 0.962143 0.782108
vt 0.955025 0.528315
vt 0.956907 0.528279
vt 0.957198 0.529321
vt 0.954986 0.529725
vt 0.962543 0.781418
vt 0.958750 0.780405
vt 0.958980 0.779545
vt 0.962773 0.780557
vt 0.955326 0.517535
vt 0.957703 0.517934
vt 0.959750 0.528021
vt 0.949251 0.530434
vt 0.950324 0.527758
vt 0.952799 0.529198
vt 0.952650 0.531655
vt 0.953148 0.528174
vt 0.950262 0.520062
vt 0.952930 0.517801
vt 0.957211 0.531782
vt 0.960672 0.530752
vt 0.961297 0.535078
vt 0.957473 0.536378
vt 0.388964 0.941497
vt 0.388964 0.945689
vt 0.385007 0.945689
vt 0.385007 0.941497
vt 0.954922 0.531999
vt 0.954798 0.536460
vt 0.952132 0.536229
vt 0.947743 0.540603
vt 0.948387 0.534719
vt 0.951403 0.541906
vt 0.946412 0.558028
vt 0.947059 0.546429
vt 0.951067 0.547092
vt 0.950581 0.558144
vt 0.957884 0.542086
vt 0.961611 0.540989
vt 0.961970 0.546845
vt 0.957932 0.547283
vt 0.380090 0.940598
vt 0.380090 0.946588
vt 0.375366 0.946588
vt 0.375366 0.940598
vt 0.954642 0.542063
vt 0.954497 0.547280
vt 0.961971 0.558461
vt 0.957801 0.558345
vt 0.366023 0.946588
vt 0.366023 0.940598
vt 0.954191 0.558245
vt 0.391697 0.940598
vt 0.391697 0.946588
vt 0.960269 0.520310
vt 0.953683 0.787683
vt 0.953661 0.797929
vt 0.952770 0.797927
vt 0.952792 0.787682
vt 0.954470 0.787684
vt 0.958681 0.787684
vt 0.958681 0.789719
vt 0.955350 0.790336
vt 0.963679 0.787683
vt 0.963678 0.783769
vt 0.964569 0.783769
vt 0.964570 0.787682
vt 0.963665 0.783657
vt 0.962722 0.781564
vt 0.963535 0.781198
vt 0.964477 0.783291
vt 0.401524 0.940598
vt 0.401481 0.946588
vt 0.955354 0.516512
vt 0.957770 0.517019
vt 0.957736 0.517468
vt 0.955340 0.517036
vt 0.960609 0.520079
vt 0.960352 0.520090
vt 0.402112 0.940249
vt 0.402115 0.946936
vt 0.401839 0.946689
vt 0.401845 0.940496
vt 0.949912 0.519785
vt 0.952914 0.516883
vt 0.952923 0.517334
vt 0.950173 0.519815
vt 0.962025 0.796006
vt 0.962983 0.797330
vt 0.954380 0.797330
vt 0.955338 0.796006
vt 0.953946 0.798176
vt 0.963417 0.798176
vt 0.963417 0.799067
vt 0.953946 0.799067
vt 0.953684 0.783769
vt 0.952794 0.783769
vt 0.962892 0.783769
vt 0.958681 0.783769
vt 0.954471 0.783769
vt 0.955220 0.782108
vt 0.962893 0.787684
vt 0.962013 0.790336
vt 0.963701 0.797929
vt 0.964592 0.797927
vt 0.958612 0.780405
vt 0.954820 0.781418
vt 0.954590 0.780557
vt 0.958383 0.779545
vt 0.963291 0.783769
vt 0.963292 0.787684
vt 0.963290 0.797779
vt 0.954073 0.797779
vt 0.954039 0.797754
vt 0.954071 0.787684
vt 0.954072 0.783757
vt 0.954958 0.781790
vt 0.953697 0.783657
vt 0.954640 0.781564
vt 0.963323 0.797754
vt 0.954072 0.783769
vt 0.962405 0.781790
vt 0.963291 0.783756
vt 0.954978 0.781774
vt 0.958674 0.780787
vt 0.952885 0.783291
vt 0.953828 0.781198
vt 0.905484 0.951467
vt 0.906844 0.951467
vt 0.906843 0.984407
vt 0.905484 0.984407
vt 0.908159 0.983229
vt 0.908159 0.952646
vt 0.909475 0.953824
vt 0.909475 0.982050
vt 0.910522 0.953824
vt 0.910522 0.982050
vt 0.971490 0.813535
vt 0.970566 0.810073
vt 0.970900 0.809831
vt 0.971886 0.813527
vt 0.953357 0.588174
vt 0.953396 0.586764
vt 0.955583 0.587291
vt 0.955234 0.588315
vt 0.971256 0.809673
vt 0.972116 0.809443
vt 0.973129 0.813236
vt 0.972268 0.813466
vt 0.955453 0.598688
vt 0.953057 0.598954
vt 0.958058 0.588731
vt 0.947710 0.585737
vt 0.951171 0.584707
vt 0.951184 0.587168
vt 0.948633 0.588468
vt 0.951475 0.588210
vt 0.950680 0.598555
vt 0.948142 0.596149
vt 0.955732 0.584835
vt 0.956250 0.580260
vt 0.959996 0.581771
vt 0.959132 0.586055
vt 0.343082 0.941497
vt 0.347038 0.941497
vt 0.347038 0.945689
vt 0.343082 0.945689
vt 0.953460 0.584490
vt 0.950910 0.580111
vt 0.953584 0.580029
vt 0.946771 0.575500
vt 0.950498 0.574403
vt 0.947086 0.581411
vt 0.950451 0.569206
vt 0.946412 0.569644
vt 0.956979 0.574584
vt 0.957315 0.569397
vt 0.961324 0.570060
vt 0.960639 0.575887
vt 0.351956 0.940598
vt 0.356680 0.940598
vt 0.356680 0.946588
vt 0.351956 0.946588
vt 0.953740 0.574426
vt 0.953886 0.569209
vt 0.340349 0.940598
vt 0.340349 0.946588
vt 0.958147 0.596459
vt 0.964990 0.818533
vt 0.964992 0.819424
vt 0.954746 0.819446
vt 0.954744 0.818555
vt 0.964990 0.817746
vt 0.962337 0.816866
vt 0.962955 0.813535
vt 0.964990 0.813535
vt 0.964990 0.808537
vt 0.964992 0.807646
vt 0.968905 0.807647
vt 0.968905 0.808538
vt 0.969017 0.808551
vt 0.969382 0.807739
vt 0.971476 0.808681
vt 0.971110 0.809494
vt 0.330565 0.946588
vt 0.330522 0.940598
vt 0.953029 0.599977
vt 0.953043 0.599453
vt 0.955460 0.599155
vt 0.955469 0.599606
vt 0.958217 0.596683
vt 0.958474 0.596708
vt 0.329934 0.940249
vt 0.330201 0.940496
vt 0.330206 0.946689
vt 0.329931 0.946936
vt 0.947777 0.596406
vt 0.948039 0.596391
vt 0.950647 0.599021
vt 0.950612 0.599470
vt 0.956668 0.810191
vt 0.956668 0.816878
vt 0.955344 0.817836
vt 0.955344 0.809233
vt 0.954498 0.818270
vt 0.953607 0.818270
vt 0.953607 0.808799
vt 0.954498 0.808799
vt 0.968905 0.818532
vt 0.968905 0.819422
vt 0.968904 0.813535
vt 0.968905 0.809324
vt 0.968905 0.817745
vt 0.970566 0.816996
vt 0.964990 0.809323
vt 0.962337 0.810203
vt 0.954744 0.808515
vt 0.954746 0.807624
vt 0.972268 0.813603
vt 0.973129 0.813833
vt 0.972116 0.817626
vt 0.971256 0.817396
vt 0.964990 0.808924
vt 0.968905 0.808925
vt 0.954894 0.818143
vt 0.954894 0.808926
vt 0.964990 0.818146
vt 0.954919 0.818177
vt 0.970884 0.817258
vt 0.968917 0.818144
vt 0.971110 0.817576
vt 0.969017 0.818519
vt 0.954919 0.808893
vt 0.968905 0.818144
vt 0.968917 0.808925
vt 0.970884 0.809811
vt 0.971886 0.813542
vt 0.970900 0.817238
vt 0.971476 0.818388
vt 0.969382 0.819331
vt 0.993188 0.109785
vt 0.993188 0.061581
vt 0.994234 0.061581
vt 0.994234 0.109785
vt 0.396215 0.713345
vt 0.396661 0.713083
vt 0.396661 0.871720
vt 0.396217 0.871458
vt 0.194484 0.713352
vt 0.194482 0.871461
vt 0.194038 0.871723
vt 0.194040 0.713090
vt 0.397097 0.871830
vt 0.397099 0.712972
vt 0.404293 0.712972
vt 0.404290 0.871830
vt 0.395768 0.871073
vt 0.395766 0.713730
vt 0.395366 0.870662
vt 0.395364 0.714142
vt 0.193600 0.871833
vt 0.186406 0.871833
vt 0.186408 0.712979
vt 0.193601 0.712979
vt 0.194932 0.871076
vt 0.194933 0.713737
vt 0.271247 0.770948
vt 0.195333 0.870664
vt 0.195331 0.714145
vt 0.271246 0.742722
vt 0.319450 0.770948
vt 0.396468 0.872452
vt 0.396468 0.879646
vt 0.194230 0.879646
vt 0.194230 0.872452
vt 0.396364 0.872012
vt 0.194334 0.872016
vt 0.194581 0.871562
vt 0.396115 0.871555
vt 0.395751 0.713717
vt 0.194948 0.713724
vt 0.194586 0.713255
vt 0.396116 0.713246
vt 0.396467 0.712350
vt 0.194233 0.712359
vt 0.194233 0.705165
vt 0.396467 0.705156
vt 0.396363 0.712791
vt 0.194338 0.712799
vt 0.395753 0.871087
vt 0.194945 0.871091
vt 0.319450 0.742722
vt 0.785471 0.931377
vt 0.785471 0.846188
vt 0.924086 0.846188
vt 0.882133 0.931377
vt 0.924086 0.942187
vt 0.882133 0.936292
vt 0.773266 0.942187
vt 0.780383 0.936292
vt 0.858449 0.730312
vt 0.773260 0.730311
vt 0.773260 0.633650
vt 0.858449 0.633650
vt 0.926818 0.292487
vt 0.729676 0.292487
vt 0.729676 0.207298
vt 0.926818 0.207298
vt 0.729676 0.105720
vt 0.931703 0.105720
vt 0.926818 0.110637
vt 0.729676 0.110637
vt 0.931712 0.624437
vt 0.729684 0.624437
vt 0.729684 0.534333
vt 0.931712 0.534333
vt 0.729676 0.003971
vt 0.931703 0.003971
vt 0.863364 0.836944
vt 0.773260 0.836944
vt 0.773260 0.735195
vt 0.863364 0.735195
vt 0.773266 0.846186
vt 0.780383 0.846186
vt 0.974552 0.830296
vt 0.974552 0.902923
vt 0.932024 0.902923
vt 0.932024 0.830296
s 1
usemtl comic
f 739/1133/558 740/1134/558 742/1135/559 741/1136/560
f 844/1137/561 842/1138/562 739/1139/562 741/1140/560
f 755/1141/563 744/1142/564 743/1143/565 754/1144/566
f 853/1145/567 754/1146/566 743/1147/565 846/1148/568
f 846/1148/568 743/1147/565 745/1149/569 848/1150/569
f 744/1142/564 746/1151/570 745/1152/570 743/1143/565
f 755/1153/563 854/1154/571 847/1155/572 744/1156/564
f 742/1157/559 845/1158/573 854/1154/571 755/1153/563
f 740/1159/569 843/1160/569 845/1158/573 742/1157/559
f 844/1137/561 741/1140/560 754/1146/566 853/1145/567
f 742/1135/559 755/1141/563 754/1144/566 741/1136/560
f 827/1161/574 829/1162/575 838/1163/576 837/1164/577
f 782/1165/578 757/1166/579 760/1167/580 783/1168/581
f 836/1169/582 828/1170/583 810/1171/558 813/1172/584
f 782/1165/578 803/1173/585 795/1174/586 757/1166/579
f 760/1167/580 757/1166/579 759/1175/587
f 781/1176/588 758/1177/589 761/1178/590 779/1179/591
f 756/1180/592 761/1178/590 758/1177/589
f 758/1177/589 798/1181/593 792/1182/594 756/1180/592
f 778/1183/595 780/1184/596 766/1185/597 764/1186/598
f 780/1187/599 781/1188/599 767/1189/600 766/1190/600
f 788/1191/601 784/1192/602 765/1193/603 779/1179/591
f 777/1194/604 767/1195/605 765/1193/603 775/1196/606
f 763/1197/562 769/1198/562 771/1199/607 773/1200/608
f 774/1201/609 776/1202/610 768/1203/569 770/1204/611
f 776/1205/612 777/1206/612 769/1207/613 768/1208/613
f 787/1209/614 785/1210/615 771/1199/607 775/1196/606
f 770/1204/611 768/1203/569 762/1211/569 772/1212/616
f 768/1208/613 769/1207/613 763/1213/617 762/1214/617
f 785/1210/615 786/1215/618 773/1200/608 771/1199/607
f 784/1192/602 787/1209/614 775/1196/606 765/1193/603
f 766/1190/600 767/1189/600 777/1206/612 776/1205/612
f 764/1186/598 766/1185/597 776/1202/610 774/1201/609
f 769/1198/562 777/1194/604 775/1196/606 771/1199/607
f 783/1168/581 788/1191/601 779/1179/591 761/1178/590
f 759/1216/619 758/1217/619 781/1188/599 780/1187/599
f 760/1167/580 759/1175/587 780/1184/596 778/1183/595
f 767/1195/605 781/1176/588 779/1179/591 765/1193/603
f 760/1167/580 778/1183/595 788/1191/601 783/1168/581
f 764/1186/598 774/1201/609 787/1209/614 784/1192/602
f 770/1204/611 772/1212/616 786/1215/618 785/1210/615
f 774/1201/609 770/1204/611 785/1210/615 787/1209/614
f 778/1183/595 764/1186/598 784/1192/602 788/1191/601
f 756/1180/592 782/1165/578 783/1168/581 761/1178/590
f 757/1166/579 795/1174/586 801/1218/620 759/1175/587
f 833/1219/621 821/1220/622 808/1221/562 812/1222/562
f 834/1223/623 790/1224/618 804/1225/624 791/1226/625
f 830/1227/626 819/1228/627 807/1229/628 811/1230/569
f 819/1231/627 836/1232/582 813/1233/584 807/1234/628
f 759/1216/619 801/1235/629 798/1236/629 758/1217/619
f 804/1237/624 794/1238/630 796/1239/631 805/1240/632
f 805/1240/632 796/1239/631 795/1174/586 803/1173/585
f 794/1238/630 800/1241/633 802/1242/634 796/1239/631
f 796/1239/631 802/1242/634 801/1218/620 795/1174/586
f 800/1243/633 797/1244/635 799/1245/636 802/1246/634
f 802/1246/634 799/1245/636 798/1236/629 801/1235/629
f 797/1247/635 791/1248/625 793/1249/637 799/1250/636
f 799/1250/636 793/1249/637 792/1182/594 798/1181/593
f 791/1248/625 804/1237/624 805/1240/632 793/1249/637
f 793/1249/637 805/1240/632 803/1173/585 792/1182/594
f 800/1251/633 824/1252/638 822/1253/639 797/1254/635
f 821/1255/622 825/1256/640 809/1257/570 808/1258/570
f 816/1259/641 833/1219/621 812/1222/562 806/1260/642
f 827/1161/574 837/1164/577 818/1261/643 789/1262/618
f 815/1263/644 840/1264/645 827/1161/574 789/1262/618
f 831/1265/646 790/1224/618 789/1262/618 818/1261/643
f 804/1225/624 790/1224/618 831/1265/646 794/1266/630
f 794/1266/630 831/1265/646 824/1252/638 800/1251/633
f 797/1254/635 822/1253/639 834/1223/623 791/1226/625
f 789/1262/618 790/1224/618 834/1223/623 815/1263/644
f 825/1267/640 830/1227/626 811/1230/569 809/1268/569
f 828/1269/583 839/1270/647 814/1271/648 810/1272/558
f 829/1162/575 828/1170/583 836/1169/582 838/1163/576
f 818/1261/643 820/1273/649 832/1274/650 831/1265/646
f 820/1273/649 819/1228/627 830/1227/626 832/1274/650
f 824/1252/638 826/1275/651 823/1276/652 822/1253/639
f 826/1275/651 825/1256/640 821/1255/622 823/1276/652
f 822/1253/639 823/1277/652 835/1278/653 834/1223/623
f 823/1277/652 821/1220/622 833/1219/621 835/1278/653
f 815/1263/644 817/1279/654 841/1280/655 840/1264/645
f 817/1279/654 816/1281/641 839/1282/647 841/1280/655
f 831/1265/646 832/1274/650 826/1283/651 824/1252/638
f 832/1274/650 830/1227/626 825/1267/640 826/1283/651
f 834/1223/623 835/1278/653 817/1284/654 815/1263/644
f 835/1278/653 833/1219/621 816/1259/641 817/1284/654
f 837/1164/577 838/1285/576 820/1286/649 818/1261/643
f 838/1285/576 836/1232/582 819/1231/627 820/1286/649
f 840/1264/645 841/1287/655 829/1288/575 827/1161/574
f 841/1287/655 839/1270/647 828/1269/583 829/1288/575
f 839/1282/647 816/1281/641 806/1289/642 814/1290/648
f 756/1180/592 792/1182/594 803/1173/585 782/1165/578
f 842/1291/570 844/1292/561 845/1293/573 843/1294/570
f 854/1295/571 853/1296/567 846/1297/568 847/1298/572
f 847/1298/572 846/1297/568 848/1299/558 849/1300/558
f 845/1293/573 844/1292/561 853/1296/567 854/1295/571
f 921/1301/656 931/1302/657 932/1303/658 923/1304/659
f 877/1305/660 878/1306/661 859/1307/662 856/1308/663
f 930/1309/664 907/1310/665 904/1311/570 922/1312/666
f 877/1305/660 856/1308/663 889/1313/667 897/1314/668
f 859/1307/662 858/1315/669 856/1308/663
f 876/1316/670 874/1317/671 860/1318/672 857/1319/673
f 855/1320/674 857/1319/673 860/1318/672
f 857/1319/673 855/1320/674 886/1321/675 892/1322/593
f 873/1323/676 861/1324/677 863/1325/678 875/1326/679
f 875/1327/680 863/1328/681 864/1329/681 876/1330/680
f 882/1331/682 874/1317/671 862/1332/683 879/1333/684
f 872/1334/685 870/1335/686 862/1332/683 864/1336/687
f 763/1197/562 773/1200/608 868/1337/688 866/1338/562
f 869/1339/689 867/1340/690 865/1341/569 871/1342/691
f 871/1343/692 865/1344/693 866/1345/693 872/1346/692
f 881/1347/694 870/1335/686 868/1337/688 880/1348/695
f 867/1340/690 772/1212/616 762/1211/569 865/1341/569
f 865/1344/693 762/1214/617 763/1213/617 866/1345/693
f 880/1348/695 868/1337/688 773/1200/608 786/1215/618
f 879/1333/684 862/1332/683 870/1335/686 881/1347/694
f 863/1328/681 871/1343/692 872/1346/692 864/1329/681
f 861/1324/677 869/1339/689 871/1342/691 863/1325/678
f 866/1338/562 868/1337/688 870/1335/686 872/1334/685
f 878/1306/661 860/1318/672 874/1317/671 882/1331/682
f 858/1349/696 875/1327/680 876/1330/680 857/1350/696
f 859/1307/662 873/1323/676 875/1326/679 858/1315/669
f 864/1336/687 862/1332/683 874/1317/671 876/1316/670
f 859/1307/662 878/1306/661 882/1331/682 873/1323/676
f 861/1324/677 879/1333/684 881/1347/694 869/1339/689
f 867/1340/690 880/1348/695 786/1215/618 772/1212/616
f 869/1339/689 881/1347/694 880/1348/695 867/1340/690
f 873/1323/676 882/1331/682 879/1333/684 861/1324/677
f 855/1320/674 860/1318/672 878/1306/661 877/1305/660
f 856/1308/663 858/1315/669 895/1351/697 889/1313/667
f 927/1352/698 906/1353/562 902/1354/562 915/1355/699
f 928/1356/700 885/1357/701 898/1358/702 884/1359/618
f 924/1360/703 905/1361/569 901/1362/704 913/1363/705
f 913/1364/705 901/1365/704 907/1366/665 930/1367/664
f 858/1349/696 857/1350/696 892/1368/706 895/1369/706
f 898/1370/702 899/1371/707 890/1372/708 888/1373/709
f 899/1371/707 897/1314/668 889/1313/667 890/1372/708
f 888/1373/709 890/1372/708 896/1374/710 894/1375/711
f 890/1372/708 889/1313/667 895/1351/697 896/1374/710
f 894/1376/711 896/1377/710 893/1378/712 891/1379/713
f 896/1377/710 895/1369/706 892/1368/706 893/1378/712
f 891/1380/713 893/1381/712 887/1382/714 885/1383/701
f 893/1381/712 892/1322/593 886/1321/675 887/1382/714
f 885/1383/701 887/1382/714 899/1371/707 898/1370/702
f 887/1382/714 886/1321/675 897/1314/668 899/1371/707
f 894/1384/711 891/1385/713 916/1386/715 918/1387/716
f 915/1388/699 902/1389/558 903/1390/558 919/1391/717
f 910/1392/718 900/1393/719 906/1353/562 927/1352/698
f 921/1301/656 883/1394/618 912/1395/720 931/1302/657
f 909/1396/721 883/1394/618 921/1301/656 934/1397/722
f 925/1398/723 912/1395/720 883/1394/618 884/1359/618
f 898/1358/702 888/1399/709 925/1398/723 884/1359/618
f 888/1399/709 894/1384/711 918/1387/716 925/1398/723
f 891/1385/713 885/1357/701 928/1356/700 916/1386/715
f 883/1394/618 909/1396/721 928/1356/700 884/1359/618
f 919/1400/717 903/1401/569 905/1361/569 924/1360/703
f 922/1402/666 904/1403/570 908/1404/724 933/1405/725
f 923/1304/659 932/1303/658 930/1309/664 922/1312/666
f 912/1395/720 925/1398/723 926/1406/726 914/1407/727
f 914/1407/727 926/1406/726 924/1360/703 913/1363/705
f 918/1387/716 916/1386/715 917/1408/728 920/1409/729
f 920/1409/729 917/1408/728 915/1388/699 919/1391/717
f 916/1386/715 928/1356/700 929/1410/730 917/1411/728
f 917/1411/728 929/1410/730 927/1352/698 915/1355/699
f 909/1396/721 934/1397/722 935/1412/731 911/1413/732
f 911/1413/732 935/1412/731 933/1414/725 910/1415/718
f 925/1398/723 918/1387/716 920/1416/729 926/1406/726
f 926/1406/726 920/1416/729 919/1400/717 924/1360/703
f 928/1356/700 909/1396/721 911/1417/732 929/1410/730
f 929/1410/730 911/1417/732 910/1392/718 927/1352/698
f 931/1302/657 912/1395/720 914/1418/727 932/1419/658
f 932/1419/658 914/1418/727 913/1364/705 930/1367/664
f 934/1397/722 921/1301/656 923/1420/659 935/1421/731
f 935/1421/731 923/1420/659 922/1402/666 933/1405/725
f 933/1414/725 908/1422/724 900/1423/719 910/1415/718
f 855/1320/674 877/1305/660 897/1314/668 886/1321/675
f 744/1424/564 847/1425/572 849/1426/562 746/1427/562
f 948/1428/733 941/1429/734 953/1430/735 852/1431/736
f 945/1432/737 753/1433/738 752/1434/739 944/1435/740
f 952/1436/741 850/1437/741 940/1438/570 951/1439/570
f 851/1440/742 942/1441/743 948/1428/733 852/1431/736
f 953/1430/735 941/1429/734 850/1437/741 952/1436/741
f 937/1442/744 938/1443/745 942/1441/743 851/1440/742
f 749/1444/746 747/1445/558 748/1446/558 751/1447/746
f 936/1448/747 753/1433/738 945/1432/737 939/1449/748
f 946/1450/618 943/1451/749 750/1452/750 947/1453/618
f 752/1434/739 749/1444/746 751/1447/746 944/1435/740
f 943/1451/749 936/1448/747 939/1449/748 750/1452/750
f 937/1442/744 943/1451/749 946/1450/618 949/1454/618
f 952/1455/751 951/1456/562 747/1457/562 749/1458/751
f 953/1459/735 752/1460/739 753/1461/738 852/1462/736
f 942/1463/743 939/1464/748 945/1465/737 948/1466/733
f 953/1459/735 952/1455/751 749/1458/751 752/1460/739
f 850/1467/752 751/1468/752 748/1469/569 940/1470/569
f 941/1471/734 944/1472/740 751/1468/752 850/1467/752
f 937/1442/744 851/1473/742 936/1474/747 943/1451/749
f 950/1475/618 947/1453/618 750/1452/750 938/1443/745
f 851/1473/742 852/1462/736 753/1461/738 936/1474/747
f 937/1442/744 949/1454/618 950/1475/618 938/1443/745
f 944/1472/740 941/1471/734 948/1466/733 945/1465/737
f 939/1464/748 942/1463/743 938/1443/745 750/1452/750
f 971/1476/617 962/1477/617 956/1478/617 961/1479/617
f 961/1479/617 956/1478/617 954/1480/617
f 958/1481/617 961/1479/617 954/1480/617
f 958/1481/617 954/1480/617 960/1482/617 959/1483/617
f 968/1484/618 970/1485/618 966/1486/618 967/1487/618
f 966/1488/569 962/1489/569 971/1490/569 967/1491/569
f 958/1492/569 963/1493/569 968/1494/569 961/1495/569
f 964/1496/562 959/1497/562 957/1498/562 965/1499/562
f 963/1493/558 958/1492/558 959/1500/558 964/1501/558
f 964/1502/617 965/1503/617 969/1504/617 963/1505/617
f 960/1482/617 955/1506/617 957/1507/617 959/1483/617
f 968/1494/570 967/1491/570 971/1490/570 961/1495/570
f 968/1484/569 963/1505/569 969/1504/569 970/1485/569
f 981/1476/617 976/1479/617 956/1478/617 962/1477/617
f 976/1479/617 972/1480/617 956/1478/617
f 973/1481/617 972/1480/617 976/1479/617
f 973/1481/617 974/1483/617 975/1482/617 972/1480/617
f 980/1484/618 979/1487/618 966/1486/618 970/1485/618
f 966/1488/569 979/1491/569 981/1490/569 962/1489/569
f 973/1492/569 976/1495/569 980/1494/569 977/1493/569
f 978/1496/562 965/1499/562 957/1498/562 974/1497/562
f 977/1493/570 978/1501/570 974/1500/570 973/1492/570
f 978/1502/617 977/1505/617 969/1504/617 965/1503/617
f 975/1482/617 974/1483/617 957/1507/617 955/1506/617
f 980/1494/558 976/1495/558 981/1490/558 979/1491/558
f 980/1484/569 970/1485/569 969/1504/569 977/1505/569
f 984/1508/618 982/1509/618 983/1510/618 985/1511/618
