# Blender 4.0.2
# www.blender.org
mtllib Boden.mtl
o bad_floor
v 0.722384 0.011984 -0.937679
v 0.727384 0.011984 -0.932679
v 0.727384 0.016984 -0.937679
v 3.026090 0.011984 -0.932679
v 3.031090 0.011984 -0.937679
v 3.026090 0.016984 -0.937679
v 0.727384 0.011984 -3.180354
v 0.722384 0.011984 -3.175354
v 0.727384 0.016984 -3.175354
v 3.031090 0.011984 -3.175354
v 3.026090 0.011984 -3.180354
v 3.026090 0.016984 -3.175354
v 0.958486 0.011984 -0.932679
v 0.958486 0.016984 -0.937679
v 0.953486 0.011984 -0.937679
v 1.189587 0.011984 -0.932679
v 1.189587 0.016984 -0.937679
v 1.184587 0.011984 -0.937679
v 1.420689 0.011984 -0.932679
v 1.420689 0.016984 -0.937679
v 1.415689 0.011984 -0.937679
v 1.651791 0.011984 -0.932679
v 1.651791 0.016984 -0.937679
v 1.646791 0.011984 -0.937679
v 1.882892 0.011984 -0.932679
v 1.882892 0.016984 -0.937679
v 1.877892 0.011984 -0.937679
v 2.113994 0.011984 -0.932679
v 2.113994 0.016984 -0.937679
v 2.108994 0.011984 -0.937679
v 2.345096 0.011984 -0.932679
v 2.345096 0.016984 -0.937679
v 2.340096 0.011984 -0.937679
v 2.576197 0.011984 -0.932679
v 2.576197 0.016984 -0.937679
v 2.571198 0.011984 -0.937679
v 2.794988 0.011984 -0.932679
v 2.799988 0.011984 -0.937679
v 2.794988 0.016984 -0.937679
v 2.794988 0.011984 -3.180354
v 2.794988 0.016984 -3.175354
v 2.799988 0.011984 -3.175354
v 2.563886 0.011984 -3.180354
v 2.563886 0.016984 -3.175354
v 2.568886 0.011984 -3.175354
v 2.332785 0.011984 -3.180354
v 2.332785 0.016984 -3.175354
v 2.337785 0.011984 -3.175354
v 2.101683 0.011984 -3.180354
v 2.101683 0.016984 -3.175354
v 2.106683 0.011984 -3.175354
v 1.870581 0.011984 -3.180354
v 1.870581 0.016984 -3.175354
v 1.875582 0.011984 -3.175354
v 1.639480 0.011984 -3.180354
v 1.639480 0.016984 -3.175354
v 1.644480 0.011984 -3.175354
v 1.408378 0.011984 -3.180354
v 1.408378 0.016984 -3.175354
v 1.413378 0.011984 -3.175354
v 1.177276 0.011984 -3.180354
v 1.177276 0.016984 -3.175354
v 1.182276 0.011984 -3.175354
v 0.958486 0.011984 -3.180354
v 0.953486 0.011984 -3.175354
v 0.958486 0.016984 -3.175354
v 0.722384 0.011984 -2.950361
v 0.727384 0.016984 -2.950361
v 0.727384 0.011984 -2.955361
v 0.722384 0.011984 -2.725369
v 0.727384 0.016984 -2.725369
v 0.727384 0.011984 -2.730369
v 0.722384 0.011984 -2.500376
v 0.727384 0.016984 -2.500376
v 0.727384 0.011984 -2.505376
v 0.722384 0.011984 -2.275384
v 0.727384 0.016984 -2.275384
v 0.727384 0.011984 -2.280384
v 0.722384 0.011984 -2.050391
v 0.727384 0.016984 -2.050391
v 0.727384 0.011984 -2.055391
v 0.722384 0.011984 -1.825399
v 0.727384 0.016984 -1.825399
v 0.727384 0.011984 -1.830399
v 0.722384 0.011984 -1.600406
v 0.727384 0.016984 -1.600406
v 0.727384 0.011984 -1.605406
v 0.722384 0.011984 -1.375414
v 0.727384 0.016984 -1.375414
v 0.727384 0.011984 -1.380414
v 0.722384 0.011984 -1.162671
v 0.727384 0.011984 -1.157671
v 0.727384 0.016984 -1.162671
v 3.031090 0.011984 -1.162671
v 3.026090 0.016984 -1.162671
v 3.026090 0.011984 -1.157671
v 3.031090 0.011984 -1.387664
v 3.026090 0.016984 -1.387664
v 3.026090 0.011984 -1.382664
v 3.031090 0.011984 -1.612656
v 3.026090 0.016984 -1.612656
v 3.026090 0.011984 -1.607656
v 3.031090 0.011984 -1.837649
v 3.026090 0.016984 -1.837649
v 3.026090 0.011984 -1.832649
v 3.031090 0.011984 -2.062641
v 3.026090 0.016984 -2.062641
v 3.026090 0.011984 -2.057641
v 3.031090 0.011984 -2.287634
v 3.026090 0.016984 -2.287634
v 3.026090 0.011984 -2.282634
v 3.031090 0.011984 -2.512626
v 3.026090 0.016984 -2.512626
v 3.026090 0.011984 -2.507626
v 3.031090 0.011984 -2.737619
v 3.026090 0.016984 -2.737619
v 3.026090 0.011984 -2.732619
v 3.031090 0.011984 -2.950361
v 3.026090 0.011984 -2.955361
v 3.026090 0.016984 -2.950361
v 0.951175 0.011984 -1.162671
v 0.946175 0.016984 -1.162671
v 0.946175 0.011984 -1.157671
v 0.951175 0.011984 -1.387664
v 0.946175 0.016984 -1.387664
v 0.946175 0.011984 -1.382664
v 0.951175 0.011984 -1.612656
v 0.946175 0.016984 -1.612656
v 0.946175 0.011984 -1.607656
v 0.951175 0.011984 -1.837649
v 0.946175 0.016984 -1.837649
v 0.946175 0.011984 -1.832649
v 0.951175 0.011984 -2.062641
v 0.946175 0.016984 -2.062641
v 0.946175 0.011984 -2.057641
v 0.951175 0.011984 -2.287634
v 0.946175 0.016984 -2.287634
v 0.946175 0.011984 -2.282634
v 0.951175 0.011984 -2.512626
v 0.946175 0.016984 -2.512626
v 0.946175 0.011984 -2.507626
v 0.951175 0.011984 -2.737619
v 0.946175 0.016984 -2.737619
v 0.946175 0.011984 -2.732619
v 0.951175 0.011984 -2.950361
v 0.946175 0.011984 -2.955361
v 0.946175 0.016984 -2.950361
v 1.177276 0.011984 -1.157671
v 1.182276 0.011984 -1.162671
v 1.177276 0.016984 -1.162671
v 1.177276 0.011984 -1.382664
v 1.182276 0.011984 -1.387664
v 1.177276 0.016984 -1.387664
v 1.177276 0.011984 -1.607656
v 1.182276 0.011984 -1.612656
v 1.177276 0.016984 -1.612656
v 1.177276 0.011984 -1.832649
v 1.182276 0.011984 -1.837649
v 1.177276 0.016984 -1.837649
v 1.177276 0.011984 -2.057641
v 1.182276 0.011984 -2.062641
v 1.177276 0.016984 -2.062641
v 1.177276 0.011984 -2.282634
v 1.182276 0.011984 -2.287634
v 1.177276 0.016984 -2.287634
v 1.177276 0.011984 -2.507626
v 1.182276 0.011984 -2.512626
v 1.177276 0.016984 -2.512626
v 1.182276 0.011984 -2.737619
v 1.177276 0.016984 -2.737619
v 1.177276 0.011984 -2.732619
v 1.177276 0.011984 -2.955361
v 1.177276 0.016984 -2.950361
v 1.182276 0.011984 -2.950361
v 1.408378 0.011984 -1.157671
v 1.413378 0.011984 -1.162671
v 1.408378 0.016984 -1.162671
v 1.408378 0.011984 -1.382664
v 1.413378 0.011984 -1.387664
v 1.408378 0.016984 -1.387664
v 1.408378 0.011984 -1.607656
v 1.413378 0.011984 -1.612656
v 1.408378 0.016984 -1.612656
v 1.408378 0.011984 -1.832649
v 1.413378 0.011984 -1.837649
v 1.408378 0.016984 -1.837649
v 1.408378 0.011984 -2.057641
v 1.413378 0.011984 -2.062641
v 1.408378 0.016984 -2.062641
v 1.408378 0.011984 -2.282634
v 1.413378 0.011984 -2.287634
v 1.408378 0.016984 -2.287634
v 1.408378 0.011984 -2.507626
v 1.413378 0.011984 -2.512626
v 1.408378 0.016984 -2.512626
v 1.413378 0.011984 -2.737619
v 1.408378 0.016984 -2.737619
v 1.408378 0.011984 -2.732619
v 1.408378 0.011984 -2.955361
v 1.408378 0.016984 -2.950361
v 1.413378 0.011984 -2.950361
v 1.639480 0.011984 -1.157671
v 1.644480 0.011984 -1.162671
v 1.639480 0.016984 -1.162671
v 1.639480 0.011984 -1.382664
v 1.644480 0.011984 -1.387664
v 1.639480 0.016984 -1.387664
v 1.639480 0.011984 -1.607656
v 1.644480 0.011984 -1.612656
v 1.639480 0.016984 -1.612656
v 1.639480 0.011984 -1.832649
v 1.644480 0.011984 -1.837649
v 1.639480 0.016984 -1.837649
v 1.639480 0.011984 -2.057641
v 1.644480 0.011984 -2.062641
v 1.639480 0.016984 -2.062641
v 1.639480 0.011984 -2.282634
v 1.644480 0.011984 -2.287634
v 1.639480 0.016984 -2.287634
v 1.639480 0.011984 -2.507626
v 1.644480 0.011984 -2.512626
v 1.639480 0.016984 -2.512626
v 1.644480 0.011984 -2.737619
v 1.639480 0.016984 -2.737619
v 1.639480 0.011984 -2.732619
v 1.639480 0.011984 -2.955361
v 1.639480 0.016984 -2.950361
v 1.644480 0.011984 -2.950361
v 1.870581 0.011984 -1.157671
v 1.875582 0.011984 -1.162671
v 1.870581 0.016984 -1.162671
v 1.870581 0.011984 -1.382664
v 1.875582 0.011984 -1.387664
v 1.870581 0.016984 -1.387664
v 1.870581 0.011984 -1.607656
v 1.875582 0.011984 -1.612656
v 1.870581 0.016984 -1.612656
v 1.870581 0.011984 -1.832649
v 1.875582 0.011984 -1.837649
v 1.870581 0.016984 -1.837649
v 1.870581 0.011984 -2.057641
v 1.875582 0.011984 -2.062641
v 1.870581 0.016984 -2.062641
v 1.870581 0.011984 -2.282634
v 1.875582 0.011984 -2.287634
v 1.870581 0.016984 -2.287634
v 1.870581 0.011984 -2.507626
v 1.875582 0.011984 -2.512626
v 1.870581 0.016984 -2.512626
v 1.875582 0.011984 -2.737619
v 1.870581 0.016984 -2.737619
v 1.870581 0.011984 -2.732619
v 1.870581 0.011984 -2.955361
v 1.870581 0.016984 -2.950361
v 1.875582 0.011984 -2.950361
v 2.101683 0.011984 -1.157671
v 2.106683 0.011984 -1.162671
v 2.101683 0.016984 -1.162671
v 2.101683 0.011984 -1.382664
v 2.106683 0.011984 -1.387664
v 2.101683 0.016984 -1.387664
v 2.101683 0.011984 -1.607656
v 2.106683 0.011984 -1.612656
v 2.101683 0.016984 -1.612656
v 2.101683 0.011984 -1.832649
v 2.106683 0.011984 -1.837649
v 2.101683 0.016984 -1.837649
v 2.101683 0.011984 -2.057641
v 2.106683 0.011984 -2.062641
v 2.101683 0.016984 -2.062641
v 2.101683 0.011984 -2.282634
v 2.106683 0.011984 -2.287634
v 2.101683 0.016984 -2.287634
v 2.101683 0.011984 -2.507626
v 2.106683 0.011984 -2.512626
v 2.101683 0.016984 -2.512626
v 2.106683 0.011984 -2.737619
v 2.101683 0.016984 -2.737619
v 2.101683 0.011984 -2.732619
v 2.101683 0.011984 -2.955361
v 2.101683 0.016984 -2.950361
v 2.106683 0.011984 -2.950361
v 2.332785 0.011984 -1.157671
v 2.337785 0.011984 -1.162671
v 2.332785 0.016984 -1.162671
v 2.332785 0.011984 -1.382664
v 2.337785 0.011984 -1.387664
v 2.332785 0.016984 -1.387664
v 2.332785 0.011984 -1.607656
v 2.337785 0.011984 -1.612656
v 2.332785 0.016984 -1.612656
v 2.332785 0.011984 -1.832649
v 2.337785 0.011984 -1.837649
v 2.332785 0.016984 -1.837649
v 2.332785 0.011984 -2.057641
v 2.337785 0.011984 -2.062641
v 2.332785 0.016984 -2.062641
v 2.332785 0.011984 -2.282634
v 2.337785 0.011984 -2.287634
v 2.332785 0.016984 -2.287634
v 2.332785 0.011984 -2.507626
v 2.337785 0.011984 -2.512626
v 2.332785 0.016984 -2.512626
v 2.337785 0.011984 -2.737619
v 2.332785 0.016984 -2.737619
v 2.332785 0.011984 -2.732619
v 2.332785 0.011984 -2.955361
v 2.332785 0.016984 -2.950361
v 2.337785 0.011984 -2.950361
v 2.563886 0.011984 -1.157671
v 2.568886 0.011984 -1.162671
v 2.563886 0.016984 -1.162671
v 2.563886 0.011984 -1.382664
v 2.568886 0.011984 -1.387664
v 2.563886 0.016984 -1.387664
v 2.563886 0.011984 -1.607656
v 2.568886 0.011984 -1.612656
v 2.563886 0.016984 -1.612656
v 2.563886 0.011984 -1.832649
v 2.568886 0.011984 -1.837649
v 2.563886 0.016984 -1.837649
v 2.563886 0.011984 -2.057641
v 2.568886 0.011984 -2.062641
v 2.563886 0.016984 -2.062641
v 2.563886 0.011984 -2.282634
v 2.568886 0.011984 -2.287634
v 2.563886 0.016984 -2.287634
v 2.563886 0.011984 -2.507626
v 2.568886 0.011984 -2.512626
v 2.563886 0.016984 -2.512626
v 2.568886 0.011984 -2.737619
v 2.563886 0.016984 -2.737619
v 2.563886 0.011984 -2.732619
v 2.563886 0.011984 -2.955361
v 2.563886 0.016984 -2.950361
v 2.568886 0.011984 -2.950361
v 2.802299 0.011984 -1.162671
v 2.807299 0.011984 -1.157671
v 2.807299 0.016984 -1.162671
v 2.802299 0.011984 -1.387664
v 2.807299 0.011984 -1.382664
v 2.807299 0.016984 -1.387664
v 2.802299 0.011984 -1.612656
v 2.807299 0.011984 -1.607656
v 2.807299 0.016984 -1.612656
v 2.802299 0.011984 -1.837649
v 2.807299 0.011984 -1.832649
v 2.807299 0.016984 -1.837649
v 2.802299 0.011984 -2.062641
v 2.807299 0.011984 -2.057641
v 2.807299 0.016984 -2.062641
v 2.802299 0.011984 -2.287634
v 2.807299 0.011984 -2.282634
v 2.807299 0.016984 -2.287634
v 2.802299 0.011984 -2.512626
v 2.807299 0.011984 -2.507626
v 2.807299 0.016984 -2.512626
v 2.802299 0.011984 -2.737619
v 2.807299 0.011984 -2.732619
v 2.807299 0.016984 -2.737619
v 2.802299 0.011984 -2.950361
v 2.807299 0.016984 -2.950361
v 2.807299 0.011984 -2.955361
v 0.951175 0.011984 -2.962611
v 0.946175 0.016984 -2.962611
v 0.946175 0.011984 -2.957611
v 0.953486 0.011984 -2.950361
v 0.958486 0.016984 -2.950361
v 0.958486 0.011984 -2.955361
v 0.958486 0.011984 -2.957611
v 0.958486 0.016984 -2.962611
v 0.953486 0.011984 -2.962611
v 0.946175 0.011984 -3.180354
v 0.946175 0.016984 -3.175354
v 0.951175 0.011984 -3.175354
v 1.182276 0.011984 -2.962611
v 1.177276 0.016984 -2.962611
v 1.177276 0.011984 -2.957611
v 1.184587 0.011984 -2.950361
v 1.189587 0.016984 -2.950361
v 1.189587 0.011984 -2.955361
v 1.189587 0.011984 -2.957611
v 1.189587 0.016984 -2.962611
v 1.184587 0.011984 -2.962611
v 1.189587 0.011984 -3.180354
v 1.184587 0.011984 -3.175354
v 1.189587 0.016984 -3.175354
v 1.413378 0.011984 -2.962611
v 1.408378 0.016984 -2.962611
v 1.408378 0.011984 -2.957611
v 1.415689 0.011984 -2.950361
v 1.420689 0.016984 -2.950361
v 1.420689 0.011984 -2.955361
v 1.420689 0.011984 -2.957611
v 1.420689 0.016984 -2.962611
v 1.415689 0.011984 -2.962611
v 1.420689 0.011984 -3.180354
v 1.415689 0.011984 -3.175354
v 1.420689 0.016984 -3.175354
v 1.644480 0.011984 -2.962611
v 1.639480 0.016984 -2.962611
v 1.639480 0.011984 -2.957611
v 1.646791 0.011984 -2.950361
v 1.651791 0.016984 -2.950361
v 1.651791 0.011984 -2.955361
v 1.651791 0.011984 -2.957611
v 1.651791 0.016984 -2.962611
v 1.646791 0.011984 -2.962611
v 1.651791 0.011984 -3.180354
v 1.646791 0.011984 -3.175354
v 1.651791 0.016984 -3.175354
v 1.875582 0.011984 -2.962611
v 1.870581 0.016984 -2.962611
v 1.870581 0.011984 -2.957611
v 1.877892 0.011984 -2.950361
v 1.882892 0.016984 -2.950361
v 1.882892 0.011984 -2.955361
v 1.882892 0.011984 -2.957611
v 1.882892 0.016984 -2.962611
v 1.877892 0.011984 -2.962611
v 1.882892 0.011984 -3.180354
v 1.877892 0.011984 -3.175354
v 1.882892 0.016984 -3.175354
v 2.106683 0.011984 -2.962611
v 2.101683 0.016984 -2.962611
v 2.101683 0.011984 -2.957611
v 2.108994 0.011984 -2.950361
v 2.113994 0.016984 -2.950361
v 2.113994 0.011984 -2.955361
v 2.113994 0.011984 -2.957611
v 2.113994 0.016984 -2.962611
v 2.108994 0.011984 -2.962611
v 2.113994 0.011984 -3.180354
v 2.108994 0.011984 -3.175354
v 2.113994 0.016984 -3.175354
v 2.337785 0.011984 -2.962611
v 2.332785 0.016984 -2.962611
v 2.332785 0.011984 -2.957611
v 2.340096 0.011984 -2.950361
v 2.345096 0.016984 -2.950361
v 2.345096 0.011984 -2.955361
v 2.345096 0.011984 -2.957611
v 2.345096 0.016984 -2.962611
v 2.340096 0.011984 -2.962611
v 2.345096 0.011984 -3.180354
v 2.340096 0.011984 -3.175354
v 2.345096 0.016984 -3.175354
v 2.568886 0.011984 -2.962611
v 2.563886 0.016984 -2.962611
v 2.563886 0.011984 -2.957611
v 2.571198 0.011984 -2.950361
v 2.576197 0.016984 -2.950361
v 2.576197 0.011984 -2.955361
v 2.576197 0.011984 -2.957611
v 2.576197 0.016984 -2.962611
v 2.571198 0.011984 -2.962611
v 2.576197 0.011984 -3.180354
v 2.571198 0.011984 -3.175354
v 2.576197 0.016984 -3.175354
v 2.802299 0.011984 -2.962611
v 2.807299 0.011984 -2.957611
v 2.807299 0.016984 -2.962611
v 2.799988 0.011984 -2.950361
v 2.794988 0.011984 -2.955361
v 2.794988 0.016984 -2.950361
v 2.794988 0.011984 -2.957611
v 2.799988 0.011984 -2.962611
v 2.794988 0.016984 -2.962611
v 2.807299 0.011984 -3.180354
v 2.802299 0.011984 -3.175354
v 2.807299 0.016984 -3.175354
v 0.946175 0.011984 -0.932679
v 0.951175 0.011984 -0.937679
v 0.946175 0.016984 -0.937679
v 0.953486 0.011984 -1.150421
v 0.958486 0.016984 -1.150421
v 0.958486 0.011984 -1.155421
v 0.953486 0.011984 -1.162671
v 0.958486 0.011984 -1.157671
v 0.958486 0.016984 -1.162671
v 0.946175 0.011984 -1.155421
v 0.946175 0.016984 -1.150421
v 0.951175 0.011984 -1.150421
v 0.953486 0.011984 -1.375414
v 0.958486 0.016984 -1.375414
v 0.958486 0.011984 -1.380414
v 0.953486 0.011984 -1.387664
v 0.958486 0.011984 -1.382664
v 0.958486 0.016984 -1.387664
v 0.946175 0.011984 -1.380414
v 0.946175 0.016984 -1.375414
v 0.951175 0.011984 -1.375414
v 0.953486 0.011984 -1.600406
v 0.958486 0.016984 -1.600406
v 0.958486 0.011984 -1.605406
v 0.953486 0.011984 -1.612656
v 0.958486 0.011984 -1.607656
v 0.958486 0.016984 -1.612656
v 0.946175 0.011984 -1.605406
v 0.946175 0.016984 -1.600406
v 0.951175 0.011984 -1.600406
v 0.953486 0.011984 -1.825399
v 0.958486 0.016984 -1.825399
v 0.958486 0.011984 -1.830399
v 0.953486 0.011984 -1.837649
v 0.958486 0.011984 -1.832649
v 0.958486 0.016984 -1.837649
v 0.946175 0.011984 -1.830399
v 0.946175 0.016984 -1.825399
v 0.951175 0.011984 -1.825399
v 0.953486 0.011984 -2.050391
v 0.958486 0.016984 -2.050391
v 0.958486 0.011984 -2.055391
v 0.953486 0.011984 -2.062641
v 0.958486 0.011984 -2.057641
v 0.958486 0.016984 -2.062641
v 0.946175 0.011984 -2.055391
v 0.946175 0.016984 -2.050391
v 0.951175 0.011984 -2.050391
v 0.953486 0.011984 -2.275384
v 0.958486 0.016984 -2.275384
v 0.958486 0.011984 -2.280384
v 0.953486 0.011984 -2.287634
v 0.958486 0.011984 -2.282634
v 0.958486 0.016984 -2.287634
v 0.946175 0.011984 -2.280384
v 0.946175 0.016984 -2.275384
v 0.951175 0.011984 -2.275384
v 0.953486 0.011984 -2.500376
v 0.958486 0.016984 -2.500376
v 0.958486 0.011984 -2.505376
v 0.953486 0.011984 -2.512626
v 0.958486 0.011984 -2.507626
v 0.958486 0.016984 -2.512626
v 0.946175 0.011984 -2.505376
v 0.946175 0.016984 -2.500376
v 0.951175 0.011984 -2.500376
v 0.953486 0.011984 -2.725369
v 0.958486 0.016984 -2.725369
v 0.958486 0.011984 -2.730369
v 0.953486 0.011984 -2.737619
v 0.958486 0.011984 -2.732619
v 0.958486 0.016984 -2.737619
v 0.946175 0.011984 -2.730369
v 0.946175 0.016984 -2.725369
v 0.951175 0.011984 -2.725369
v 1.177276 0.011984 -0.932679
v 1.182276 0.011984 -0.937679
v 1.177276 0.016984 -0.937679
v 1.184587 0.011984 -1.150421
v 1.189587 0.016984 -1.150421
v 1.189587 0.011984 -1.155421
v 1.184587 0.011984 -1.162671
v 1.189587 0.011984 -1.157671
v 1.189587 0.016984 -1.162671
v 1.177276 0.011984 -1.155421
v 1.177276 0.016984 -1.150421
v 1.182276 0.011984 -1.150421
v 1.184587 0.011984 -1.375414
v 1.189587 0.016984 -1.375414
v 1.189587 0.011984 -1.380414
v 1.184587 0.011984 -1.387664
v 1.189587 0.011984 -1.382664
v 1.189587 0.016984 -1.387664
v 1.177276 0.011984 -1.380414
v 1.177276 0.016984 -1.375414
v 1.182276 0.011984 -1.375414
v 1.184587 0.011984 -1.600406
v 1.189587 0.016984 -1.600406
v 1.189587 0.011984 -1.605406
v 1.184587 0.011984 -1.612656
v 1.189587 0.011984 -1.607656
v 1.189587 0.016984 -1.612656
v 1.177276 0.011984 -1.605406
v 1.177276 0.016984 -1.600406
v 1.182276 0.011984 -1.600406
v 1.184587 0.011984 -1.825399
v 1.189587 0.016984 -1.825399
v 1.189587 0.011984 -1.830399
v 1.184587 0.011984 -1.837649
v 1.189587 0.011984 -1.832649
v 1.189587 0.016984 -1.837649
v 1.177276 0.011984 -1.830399
v 1.177276 0.016984 -1.825399
v 1.182276 0.011984 -1.825399
v 1.184587 0.011984 -2.050391
v 1.189587 0.016984 -2.050391
v 1.189587 0.011984 -2.055391
v 1.184587 0.011984 -2.062641
v 1.189587 0.011984 -2.057641
v 1.189587 0.016984 -2.062641
v 1.177276 0.011984 -2.055391
v 1.177276 0.016984 -2.050391
v 1.182276 0.011984 -2.050391
v 1.184587 0.011984 -2.275384
v 1.189587 0.016984 -2.275384
v 1.189587 0.011984 -2.280384
v 1.184587 0.011984 -2.287634
v 1.189587 0.011984 -2.282634
v 1.189587 0.016984 -2.287634
v 1.177276 0.011984 -2.280384
v 1.177276 0.016984 -2.275384
v 1.182276 0.011984 -2.275384
v 1.184587 0.011984 -2.500376
v 1.189587 0.016984 -2.500376
v 1.189587 0.011984 -2.505376
v 1.184587 0.011984 -2.512626
v 1.189587 0.011984 -2.507626
v 1.189587 0.016984 -2.512626
v 1.177276 0.011984 -2.505376
v 1.177276 0.016984 -2.500376
v 1.182276 0.011984 -2.500376
v 1.184587 0.011984 -2.725369
v 1.189587 0.016984 -2.725369
v 1.189587 0.011984 -2.730369
v 1.184587 0.011984 -2.737619
v 1.189587 0.011984 -2.732619
v 1.189587 0.016984 -2.737619
v 1.177276 0.011984 -2.730369
v 1.177276 0.016984 -2.725369
v 1.182276 0.011984 -2.725369
v 1.408378 0.011984 -0.932679
v 1.413378 0.011984 -0.937679
v 1.408378 0.016984 -0.937679
v 1.415689 0.011984 -1.150421
v 1.420689 0.016984 -1.150421
v 1.420689 0.011984 -1.155421
v 1.415689 0.011984 -1.162671
v 1.420689 0.011984 -1.157671
v 1.420689 0.016984 -1.162671
v 1.408378 0.011984 -1.155421
v 1.408378 0.016984 -1.150421
v 1.413378 0.011984 -1.150421
v 1.415689 0.011984 -1.375414
v 1.420689 0.016984 -1.375414
v 1.420689 0.011984 -1.380414
v 1.415689 0.011984 -1.387664
v 1.420689 0.011984 -1.382664
v 1.420689 0.016984 -1.387664
v 1.408378 0.011984 -1.380414
v 1.408378 0.016984 -1.375414
v 1.413378 0.011984 -1.375414
v 1.415689 0.011984 -1.600406
v 1.420689 0.016984 -1.600406
v 1.420689 0.011984 -1.605406
v 1.415689 0.011984 -1.612656
v 1.420689 0.011984 -1.607656
v 1.420689 0.016984 -1.612656
v 1.408378 0.011984 -1.605406
v 1.408378 0.016984 -1.600406
v 1.413378 0.011984 -1.600406
v 1.415689 0.011984 -1.825399
v 1.420689 0.016984 -1.825399
v 1.420689 0.011984 -1.830399
v 1.415689 0.011984 -1.837649
v 1.420689 0.011984 -1.832649
v 1.420689 0.016984 -1.837649
v 1.408378 0.011984 -1.830399
v 1.408378 0.016984 -1.825399
v 1.413378 0.011984 -1.825399
v 1.415689 0.011984 -2.050391
v 1.420689 0.016984 -2.050391
v 1.420689 0.011984 -2.055391
v 1.415689 0.011984 -2.062641
v 1.420689 0.011984 -2.057641
v 1.420689 0.016984 -2.062641
v 1.408378 0.011984 -2.055391
v 1.408378 0.016984 -2.050391
v 1.413378 0.011984 -2.050391
v 1.415689 0.011984 -2.275384
v 1.420689 0.016984 -2.275384
v 1.420689 0.011984 -2.280384
v 1.415689 0.011984 -2.287634
v 1.420689 0.011984 -2.282634
v 1.420689 0.016984 -2.287634
v 1.408378 0.011984 -2.280384
v 1.408378 0.016984 -2.275384
v 1.413378 0.011984 -2.275384
v 1.415689 0.011984 -2.500376
v 1.420689 0.016984 -2.500376
v 1.420689 0.011984 -2.505376
v 1.415689 0.011984 -2.512626
v 1.420689 0.011984 -2.507626
v 1.420689 0.016984 -2.512626
v 1.408378 0.011984 -2.505376
v 1.408378 0.016984 -2.500376
v 1.413378 0.011984 -2.500376
v 1.415689 0.011984 -2.725369
v 1.420689 0.016984 -2.725369
v 1.420689 0.011984 -2.730369
v 1.415689 0.011984 -2.737619
v 1.420689 0.011984 -2.732619
v 1.420689 0.016984 -2.737619
v 1.408378 0.011984 -2.730369
v 1.408378 0.016984 -2.725369
v 1.413378 0.011984 -2.725369
v 1.639480 0.011984 -0.932679
v 1.644480 0.011984 -0.937679
v 1.639480 0.016984 -0.937679
v 1.646791 0.011984 -1.150421
v 1.651791 0.016984 -1.150421
v 1.651791 0.011984 -1.155421
v 1.646791 0.011984 -1.162671
v 1.651791 0.011984 -1.157671
v 1.651791 0.016984 -1.162671
v 1.639480 0.011984 -1.155421
v 1.639480 0.016984 -1.150421
v 1.644480 0.011984 -1.150421
v 1.646791 0.011984 -1.375414
v 1.651791 0.016984 -1.375414
v 1.651791 0.011984 -1.380414
v 1.646791 0.011984 -1.387664
v 1.651791 0.011984 -1.382664
v 1.651791 0.016984 -1.387664
v 1.639480 0.011984 -1.380414
v 1.639480 0.016984 -1.375414
v 1.644480 0.011984 -1.375414
v 1.646791 0.011984 -1.600406
v 1.651791 0.016984 -1.600406
v 1.651791 0.011984 -1.605406
v 1.646791 0.011984 -1.612656
v 1.651791 0.011984 -1.607656
v 1.651791 0.016984 -1.612656
v 1.639480 0.011984 -1.605406
v 1.639480 0.016984 -1.600406
v 1.644480 0.011984 -1.600406
v 1.646791 0.011984 -1.825399
v 1.651791 0.016984 -1.825399
v 1.651791 0.011984 -1.830399
v 1.646791 0.011984 -1.837649
v 1.651791 0.011984 -1.832649
v 1.651791 0.016984 -1.837649
v 1.639480 0.011984 -1.830399
v 1.639480 0.016984 -1.825399
v 1.644480 0.011984 -1.825399
v 1.646791 0.011984 -2.050391
v 1.651791 0.016984 -2.050391
v 1.651791 0.011984 -2.055391
v 1.646791 0.011984 -2.062641
v 1.651791 0.011984 -2.057641
v 1.651791 0.016984 -2.062641
v 1.639480 0.011984 -2.055391
v 1.639480 0.016984 -2.050391
v 1.644480 0.011984 -2.050391
v 1.646791 0.011984 -2.275384
v 1.651791 0.016984 -2.275384
v 1.651791 0.011984 -2.280384
v 1.646791 0.011984 -2.287634
v 1.651791 0.011984 -2.282634
v 1.651791 0.016984 -2.287634
v 1.639480 0.011984 -2.280384
v 1.639480 0.016984 -2.275384
v 1.644480 0.011984 -2.275384
v 1.646791 0.011984 -2.500376
v 1.651791 0.016984 -2.500376
v 1.651791 0.011984 -2.505376
v 1.646791 0.011984 -2.512626
v 1.651791 0.011984 -2.507626
v 1.651791 0.016984 -2.512626
v 1.639480 0.011984 -2.505376
v 1.639480 0.016984 -2.500376
v 1.644480 0.011984 -2.500376
v 1.646791 0.011984 -2.725369
v 1.651791 0.016984 -2.725369
v 1.651791 0.011984 -2.730369
v 1.646791 0.011984 -2.737619
v 1.651791 0.011984 -2.732619
v 1.651791 0.016984 -2.737619
v 1.639480 0.011984 -2.730369
v 1.639480 0.016984 -2.725369
v 1.644480 0.011984 -2.725369
v 1.870581 0.011984 -0.932679
v 1.875582 0.011984 -0.937679
v 1.870581 0.016984 -0.937679
v 1.877892 0.011984 -1.150421
v 1.882892 0.016984 -1.150421
v 1.882892 0.011984 -1.155421
v 1.877892 0.011984 -1.162671
v 1.882892 0.011984 -1.157671
v 1.882892 0.016984 -1.162671
v 1.870581 0.011984 -1.155421
v 1.870581 0.016984 -1.150421
v 1.875582 0.011984 -1.150421
v 1.877892 0.011984 -1.375414
v 1.882892 0.016984 -1.375414
v 1.882892 0.011984 -1.380414
v 1.877892 0.011984 -1.387664
v 1.882892 0.011984 -1.382664
v 1.882892 0.016984 -1.387664
v 1.870581 0.011984 -1.380414
v 1.870581 0.016984 -1.375414
v 1.875582 0.011984 -1.375414
v 1.877892 0.011984 -1.600406
v 1.882892 0.016984 -1.600406
v 1.882892 0.011984 -1.605406
v 1.877892 0.011984 -1.612656
v 1.882892 0.011984 -1.607656
v 1.882892 0.016984 -1.612656
v 1.870581 0.011984 -1.605406
v 1.870581 0.016984 -1.600406
v 1.875582 0.011984 -1.600406
v 1.877892 0.011984 -1.825399
v 1.882892 0.016984 -1.825399
v 1.882892 0.011984 -1.830399
v 1.877892 0.011984 -1.837649
v 1.882892 0.011984 -1.832649
v 1.882892 0.016984 -1.837649
v 1.870581 0.011984 -1.830399
v 1.870581 0.016984 -1.825399
v 1.875582 0.011984 -1.825399
v 1.877892 0.011984 -2.050391
v 1.882892 0.016984 -2.050391
v 1.882892 0.011984 -2.055391
v 1.877892 0.011984 -2.062641
v 1.882892 0.011984 -2.057641
v 1.882892 0.016984 -2.062641
v 1.870581 0.011984 -2.055391
v 1.870581 0.016984 -2.050391
v 1.875582 0.011984 -2.050391
v 1.877892 0.011984 -2.275384
v 1.882892 0.016984 -2.275384
v 1.882892 0.011984 -2.280384
v 1.877892 0.011984 -2.287634
v 1.882892 0.011984 -2.282634
v 1.882892 0.016984 -2.287634
v 1.870581 0.011984 -2.280384
v 1.870581 0.016984 -2.275384
v 1.875582 0.011984 -2.275384
v 1.877892 0.011984 -2.500376
v 1.882892 0.016984 -2.500376
v 1.882892 0.011984 -2.505376
v 1.877892 0.011984 -2.512626
v 1.882892 0.011984 -2.507626
v 1.882892 0.016984 -2.512626
v 1.870581 0.011984 -2.505376
v 1.870581 0.016984 -2.500376
v 1.875582 0.011984 -2.500376
v 1.877892 0.011984 -2.725369
v 1.882892 0.016984 -2.725369
v 1.882892 0.011984 -2.730369
v 1.877892 0.011984 -2.737619
v 1.882892 0.011984 -2.732619
v 1.882892 0.016984 -2.737619
v 1.870581 0.011984 -2.730369
v 1.870581 0.016984 -2.725369
v 1.875582 0.011984 -2.725369
v 2.101683 0.011984 -0.932679
v 2.106683 0.011984 -0.937679
v 2.101683 0.016984 -0.937679
v 2.108994 0.011984 -1.150421
v 2.113994 0.016984 -1.150421
v 2.113994 0.011984 -1.155421
v 2.108994 0.011984 -1.162671
v 2.113994 0.011984 -1.157671
v 2.113994 0.016984 -1.162671
v 2.101683 0.011984 -1.155421
v 2.101683 0.016984 -1.150421
v 2.106683 0.011984 -1.150421
v 2.108994 0.011984 -1.375414
v 2.113994 0.016984 -1.375414
v 2.113994 0.011984 -1.380414
v 2.108994 0.011984 -1.387664
v 2.113994 0.011984 -1.382664
v 2.113994 0.016984 -1.387664
v 2.101683 0.011984 -1.380414
v 2.101683 0.016984 -1.375414
v 2.106683 0.011984 -1.375414
v 2.108994 0.011984 -1.600406
v 2.113994 0.016984 -1.600406
v 2.113994 0.011984 -1.605406
v 2.108994 0.011984 -1.612656
v 2.113994 0.011984 -1.607656
v 2.113994 0.016984 -1.612656
v 2.101683 0.011984 -1.605406
v 2.101683 0.016984 -1.600406
v 2.106683 0.011984 -1.600406
v 2.108994 0.011984 -1.825399
v 2.113994 0.016984 -1.825399
v 2.113994 0.011984 -1.830399
v 2.108994 0.011984 -1.837649
v 2.113994 0.011984 -1.832649
v 2.113994 0.016984 -1.837649
v 2.101683 0.011984 -1.830399
v 2.101683 0.016984 -1.825399
v 2.106683 0.011984 -1.825399
v 2.108994 0.011984 -2.050391
v 2.113994 0.016984 -2.050391
v 2.113994 0.011984 -2.055391
v 2.108994 0.011984 -2.062641
v 2.113994 0.011984 -2.057641
v 2.113994 0.016984 -2.062641
v 2.101683 0.011984 -2.055391
v 2.101683 0.016984 -2.050391
v 2.106683 0.011984 -2.050391
v 2.108994 0.011984 -2.275384
v 2.113994 0.016984 -2.275384
v 2.113994 0.011984 -2.280384
v 2.108994 0.011984 -2.287634
v 2.113994 0.011984 -2.282634
v 2.113994 0.016984 -2.287634
v 2.101683 0.011984 -2.280384
v 2.101683 0.016984 -2.275384
v 2.106683 0.011984 -2.275384
v 2.108994 0.011984 -2.500376
v 2.113994 0.016984 -2.500376
v 2.113994 0.011984 -2.505376
v 2.108994 0.011984 -2.512626
v 2.113994 0.011984 -2.507626
v 2.113994 0.016984 -2.512626
v 2.101683 0.011984 -2.505376
v 2.101683 0.016984 -2.500376
v 2.106683 0.011984 -2.500376
v 2.108994 0.011984 -2.725369
v 2.113994 0.016984 -2.725369
v 2.113994 0.011984 -2.730369
v 2.108994 0.011984 -2.737619
v 2.113994 0.011984 -2.732619
v 2.113994 0.016984 -2.737619
v 2.101683 0.011984 -2.730369
v 2.101683 0.016984 -2.725369
v 2.106683 0.011984 -2.725369
v 2.332785 0.011984 -0.932679
v 2.337785 0.011984 -0.937679
v 2.332785 0.016984 -0.937679
v 2.340096 0.011984 -1.150421
v 2.345096 0.016984 -1.150421
v 2.345096 0.011984 -1.155421
v 2.340096 0.011984 -1.162671
v 2.345096 0.011984 -1.157671
v 2.345096 0.016984 -1.162671
v 2.332785 0.011984 -1.155421
v 2.332785 0.016984 -1.150421
v 2.337785 0.011984 -1.150421
v 2.340096 0.011984 -1.375414
v 2.345096 0.016984 -1.375414
v 2.345096 0.011984 -1.380414
v 2.340096 0.011984 -1.387664
v 2.345096 0.011984 -1.382664
v 2.345096 0.016984 -1.387664
v 2.332785 0.011984 -1.380414
v 2.332785 0.016984 -1.375414
v 2.337785 0.011984 -1.375414
v 2.340096 0.011984 -1.600406
v 2.345096 0.016984 -1.600406
v 2.345096 0.011984 -1.605406
v 2.340096 0.011984 -1.612656
v 2.345096 0.011984 -1.607656
v 2.345096 0.016984 -1.612656
v 2.332785 0.011984 -1.605406
v 2.332785 0.016984 -1.600406
v 2.337785 0.011984 -1.600406
v 2.340096 0.011984 -1.825399
v 2.345096 0.016984 -1.825399
v 2.345096 0.011984 -1.830399
v 2.340096 0.011984 -1.837649
v 2.345096 0.011984 -1.832649
v 2.345096 0.016984 -1.837649
v 2.332785 0.011984 -1.830399
v 2.332785 0.016984 -1.825399
v 2.337785 0.011984 -1.825399
v 2.340096 0.011984 -2.050391
v 2.345096 0.016984 -2.050391
v 2.345096 0.011984 -2.055391
v 2.340096 0.011984 -2.062641
v 2.345096 0.011984 -2.057641
v 2.345096 0.016984 -2.062641
v 2.332785 0.011984 -2.055391
v 2.332785 0.016984 -2.050391
v 2.337785 0.011984 -2.050391
v 2.340096 0.011984 -2.275384
v 2.345096 0.016984 -2.275384
v 2.345096 0.011984 -2.280384
v 2.340096 0.011984 -2.287634
v 2.345096 0.011984 -2.282634
v 2.345096 0.016984 -2.287634
v 2.332785 0.011984 -2.280384
v 2.332785 0.016984 -2.275384
v 2.337785 0.011984 -2.275384
v 2.340096 0.011984 -2.500376
v 2.345096 0.016984 -2.500376
v 2.345096 0.011984 -2.505376
v 2.340096 0.011984 -2.512626
v 2.345096 0.011984 -2.507626
v 2.345096 0.016984 -2.512626
v 2.332785 0.011984 -2.505376
v 2.332785 0.016984 -2.500376
v 2.337785 0.011984 -2.500376
v 2.340096 0.011984 -2.725369
v 2.345096 0.016984 -2.725369
v 2.345096 0.011984 -2.730369
v 2.340096 0.011984 -2.737619
v 2.345096 0.011984 -2.732619
v 2.345096 0.016984 -2.737619
v 2.332785 0.011984 -2.730369
v 2.332785 0.016984 -2.725369
v 2.337785 0.011984 -2.725369
v 2.563886 0.011984 -0.932679
v 2.568886 0.011984 -0.937679
v 2.563886 0.016984 -0.937679
v 2.571198 0.011984 -1.150421
v 2.576197 0.016984 -1.150421
v 2.576197 0.011984 -1.155421
v 2.571198 0.011984 -1.162671
v 2.576197 0.011984 -1.157671
v 2.576197 0.016984 -1.162671
v 2.563886 0.011984 -1.155421
v 2.563886 0.016984 -1.150421
v 2.568886 0.011984 -1.150421
v 2.571198 0.011984 -1.375414
v 2.576197 0.016984 -1.375414
v 2.576197 0.011984 -1.380414
v 2.571198 0.011984 -1.387664
v 2.576197 0.011984 -1.382664
v 2.576197 0.016984 -1.387664
v 2.563886 0.011984 -1.380414
v 2.563886 0.016984 -1.375414
v 2.568886 0.011984 -1.375414
v 2.571198 0.011984 -1.600406
v 2.576197 0.016984 -1.600406
v 2.576197 0.011984 -1.605406
v 2.571198 0.011984 -1.612656
v 2.576197 0.011984 -1.607656
v 2.576197 0.016984 -1.612656
v 2.563886 0.011984 -1.605406
v 2.563886 0.016984 -1.600406
v 2.568886 0.011984 -1.600406
v 2.571198 0.011984 -1.825399
v 2.576197 0.016984 -1.825399
v 2.576197 0.011984 -1.830399
v 2.571198 0.011984 -1.837649
v 2.576197 0.011984 -1.832649
v 2.576197 0.016984 -1.837649
v 2.563886 0.011984 -1.830399
v 2.563886 0.016984 -1.825399
v 2.568886 0.011984 -1.825399
v 2.571198 0.011984 -2.050391
v 2.576197 0.016984 -2.050391
v 2.576197 0.011984 -2.055391
v 2.571198 0.011984 -2.062641
v 2.576197 0.011984 -2.057641
v 2.576197 0.016984 -2.062641
v 2.563886 0.011984 -2.055391
v 2.563886 0.016984 -2.050391
v 2.568886 0.011984 -2.050391
v 2.571198 0.011984 -2.275384
v 2.576197 0.016984 -2.275384
v 2.576197 0.011984 -2.280384
v 2.571198 0.011984 -2.287634
v 2.576197 0.011984 -2.282634
v 2.576197 0.016984 -2.287634
v 2.563886 0.011984 -2.280384
v 2.563886 0.016984 -2.275384
v 2.568886 0.011984 -2.275384
v 2.571198 0.011984 -2.500376
v 2.576197 0.016984 -2.500376
v 2.576197 0.011984 -2.505376
v 2.571198 0.011984 -2.512626
v 2.576197 0.011984 -2.507626
v 2.576197 0.016984 -2.512626
v 2.563886 0.011984 -2.505376
v 2.563886 0.016984 -2.500376
v 2.568886 0.011984 -2.500376
v 2.571198 0.011984 -2.725369
v 2.576197 0.016984 -2.725369
v 2.576197 0.011984 -2.730369
v 2.571198 0.011984 -2.737619
v 2.576197 0.011984 -2.732619
v 2.576197 0.016984 -2.737619
v 2.563886 0.011984 -2.730369
v 2.563886 0.016984 -2.725369
v 2.568886 0.011984 -2.725369
v 2.807299 0.011984 -0.932679
v 2.807299 0.016984 -0.937679
v 2.802299 0.011984 -0.937679
v 2.799988 0.011984 -1.150421
v 2.794988 0.011984 -1.155421
v 2.794988 0.016984 -1.150421
v 2.799988 0.011984 -1.162671
v 2.794988 0.016984 -1.162671
v 2.794988 0.011984 -1.157671
v 2.807299 0.011984 -1.155421
v 2.802299 0.011984 -1.150421
v 2.807299 0.016984 -1.150421
v 2.799988 0.011984 -1.375414
v 2.794988 0.011984 -1.380414
v 2.794988 0.016984 -1.375414
v 2.799988 0.011984 -1.387664
v 2.794988 0.016984 -1.387664
v 2.794988 0.011984 -1.382664
v 2.807299 0.011984 -1.380414
v 2.802299 0.011984 -1.375414
v 2.807299 0.016984 -1.375414
v 2.799988 0.011984 -1.600406
v 2.794988 0.011984 -1.605406
v 2.794988 0.016984 -1.600406
v 2.799988 0.011984 -1.612656
v 2.794988 0.016984 -1.612656
v 2.794988 0.011984 -1.607656
v 2.807299 0.011984 -1.605406
v 2.802299 0.011984 -1.600406
v 2.807299 0.016984 -1.600406
v 2.799988 0.011984 -1.825399
v 2.794988 0.011984 -1.830399
v 2.794988 0.016984 -1.825399
v 2.799988 0.011984 -1.837649
v 2.794988 0.016984 -1.837649
v 2.794988 0.011984 -1.832649
v 2.807299 0.011984 -1.830399
v 2.802299 0.011984 -1.825399
v 2.807299 0.016984 -1.825399
v 2.799988 0.011984 -2.050391
v 2.794988 0.011984 -2.055391
v 2.794988 0.016984 -2.050391
v 2.799988 0.011984 -2.062641
v 2.794988 0.016984 -2.062641
v 2.794988 0.011984 -2.057641
v 2.807299 0.011984 -2.055391
v 2.802299 0.011984 -2.050391
v 2.807299 0.016984 -2.050391
v 2.799988 0.011984 -2.275384
v 2.794988 0.011984 -2.280384
v 2.794988 0.016984 -2.275384
v 2.799988 0.011984 -2.287634
v 2.794988 0.016984 -2.287634
v 2.794988 0.011984 -2.282634
v 2.807299 0.011984 -2.280384
v 2.802299 0.011984 -2.275384
v 2.807299 0.016984 -2.275384
v 2.799988 0.011984 -2.500376
v 2.794988 0.011984 -2.505376
v 2.794988 0.016984 -2.500376
v 2.799988 0.011984 -2.512626
v 2.794988 0.016984 -2.512626
v 2.794988 0.011984 -2.507626
v 2.807299 0.011984 -2.505376
v 2.802299 0.011984 -2.500376
v 2.807299 0.016984 -2.500376
v 2.799988 0.011984 -2.725369
v 2.794988 0.011984 -2.730369
v 2.794988 0.016984 -2.725369
v 2.799988 0.011984 -2.737619
v 2.794988 0.016984 -2.737619
v 2.794988 0.011984 -2.732619
v 2.807299 0.011984 -2.730369
v 2.802299 0.011984 -2.725369
v 2.807299 0.016984 -2.725369
v 0.722384 0.011984 -1.150421
v 0.727384 0.016984 -1.150421
v 0.727384 0.011984 -1.155421
v 0.722384 0.011984 -1.387664
v 0.727384 0.011984 -1.382664
v 0.727384 0.016984 -1.387664
v 0.722384 0.011984 -1.612656
v 0.727384 0.011984 -1.607656
v 0.727384 0.016984 -1.612656
v 0.722384 0.011984 -1.837649
v 0.727384 0.011984 -1.832649
v 0.727384 0.016984 -1.837649
v 0.722384 0.011984 -2.062641
v 0.727384 0.011984 -2.057641
v 0.727384 0.016984 -2.062641
v 0.722384 0.011984 -2.287634
v 0.727384 0.011984 -2.282634
v 0.727384 0.016984 -2.287634
v 0.722384 0.011984 -2.512626
v 0.727384 0.011984 -2.507626
v 0.727384 0.016984 -2.512626
v 0.722384 0.011984 -2.737619
v 0.727384 0.011984 -2.732619
v 0.727384 0.016984 -2.737619
v 0.722384 0.011984 -2.962611
v 0.727384 0.011984 -2.957611
v 0.727384 0.016984 -2.962611
v 3.031090 0.011984 -1.150421
v 3.026090 0.011984 -1.155421
v 3.026090 0.016984 -1.150421
v 3.031090 0.011984 -1.375414
v 3.026090 0.011984 -1.380414
v 3.026090 0.016984 -1.375414
v 3.031090 0.011984 -1.600406
v 3.026090 0.011984 -1.605406
v 3.026090 0.016984 -1.600406
v 3.031090 0.011984 -1.825399
v 3.026090 0.011984 -1.830399
v 3.026090 0.016984 -1.825399
v 3.031090 0.011984 -2.050391
v 3.026090 0.011984 -2.055391
v 3.026090 0.016984 -2.050391
v 3.031090 0.011984 -2.275384
v 3.026090 0.011984 -2.280384
v 3.026090 0.016984 -2.275384
v 3.031090 0.011984 -2.500376
v 3.026090 0.011984 -2.505376
v 3.026090 0.016984 -2.500376
v 3.031090 0.011984 -2.725369
v 3.026090 0.011984 -2.730369
v 3.026090 0.016984 -2.725369
v 3.031090 0.011984 -2.962611
v 3.026090 0.016984 -2.962611
v 3.026090 0.011984 -2.957611
v 0.722384 0.011984 -0.937679
v 0.727384 0.006984 -0.937679
v 0.727384 0.011984 -0.932679
v 3.026090 0.011984 -0.932679
v 3.026090 0.006984 -0.937679
v 3.031090 0.011984 -0.937679
v 0.727384 0.011984 -3.180354
v 0.727384 0.006984 -3.175354
v 0.722384 0.011984 -3.175354
v 3.031090 0.011984 -3.175354
v 3.026090 0.006984 -3.175354
v 3.026090 0.011984 -3.180354
v 0.958486 0.011984 -0.932679
v 0.953486 0.011984 -0.937679
v 0.958486 0.006984 -0.937679
v 1.189587 0.011984 -0.932679
v 1.184587 0.011984 -0.937679
v 1.189587 0.006984 -0.937679
v 1.420689 0.011984 -0.932679
v 1.415689 0.011984 -0.937679
v 1.420689 0.006984 -0.937679
v 1.651791 0.011984 -0.932679
v 1.646791 0.011984 -0.937679
v 1.651791 0.006984 -0.937679
v 1.882892 0.011984 -0.932679
v 1.877892 0.011984 -0.937679
v 1.882892 0.006984 -0.937679
v 2.113994 0.011984 -0.932679
v 2.108994 0.011984 -0.937679
v 2.113994 0.006984 -0.937679
v 2.345096 0.011984 -0.932679
v 2.340096 0.011984 -0.937679
v 2.345096 0.006984 -0.937679
v 2.576197 0.011984 -0.932679
v 2.571198 0.011984 -0.937679
v 2.576197 0.006984 -0.937679
v 2.794988 0.011984 -0.932679
v 2.794988 0.006984 -0.937679
v 2.799988 0.011984 -0.937679
v 2.794988 0.011984 -3.180354
v 2.799988 0.011984 -3.175354
v 2.794988 0.006984 -3.175354
v 2.563886 0.011984 -3.180354
v 2.568886 0.011984 -3.175354
v 2.563886 0.006984 -3.175354
v 2.332785 0.011984 -3.180354
v 2.337785 0.011984 -3.175354
v 2.332785 0.006984 -3.175354
v 2.101683 0.011984 -3.180354
v 2.106683 0.011984 -3.175354
v 2.101683 0.006984 -3.175354
v 1.870581 0.011984 -3.180354
v 1.875582 0.011984 -3.175354
v 1.870581 0.006984 -3.175354
v 1.639480 0.011984 -3.180354
v 1.644480 0.011984 -3.175354
v 1.639480 0.006984 -3.175354
v 1.408378 0.011984 -3.180354
v 1.413378 0.011984 -3.175354
v 1.408378 0.006984 -3.175354
v 1.177276 0.011984 -3.180354
v 1.182276 0.011984 -3.175354
v 1.177276 0.006984 -3.175354
v 0.958486 0.011984 -3.180354
v 0.958486 0.006984 -3.175354
v 0.953486 0.011984 -3.175354
v 0.722384 0.011984 -2.950361
v 0.727384 0.011984 -2.955361
v 0.727384 0.006984 -2.950361
v 0.722384 0.011984 -2.725369
v 0.727384 0.011984 -2.730369
v 0.727384 0.006984 -2.725369
v 0.722384 0.011984 -2.500376
v 0.727384 0.011984 -2.505376
v 0.727384 0.006984 -2.500376
v 0.722384 0.011984 -2.275384
v 0.727384 0.011984 -2.280384
v 0.727384 0.006984 -2.275384
v 0.722384 0.011984 -2.050391
v 0.727384 0.011984 -2.055391
v 0.727384 0.006984 -2.050391
v 0.722384 0.011984 -1.825399
v 0.727384 0.011984 -1.830399
v 0.727384 0.006984 -1.825399
v 0.722384 0.011984 -1.600406
v 0.727384 0.011984 -1.605406
v 0.727384 0.006984 -1.600406
v 0.722384 0.011984 -1.375414
v 0.727384 0.011984 -1.380414
v 0.727384 0.006984 -1.375414
v 0.722384 0.011984 -1.162671
v 0.727384 0.006984 -1.162671
v 0.727384 0.011984 -1.157671
v 3.031090 0.011984 -1.162671
v 3.026090 0.011984 -1.157671
v 3.026090 0.006984 -1.162671
v 3.031090 0.011984 -1.387664
v 3.026090 0.011984 -1.382664
v 3.026090 0.006984 -1.387664
v 3.031090 0.011984 -1.612656
v 3.026090 0.011984 -1.607656
v 3.026090 0.006984 -1.612656
v 3.031090 0.011984 -1.837649
v 3.026090 0.011984 -1.832649
v 3.026090 0.006984 -1.837649
v 3.031090 0.011984 -2.062641
v 3.026090 0.011984 -2.057641
v 3.026090 0.006984 -2.062641
v 3.031090 0.011984 -2.287634
v 3.026090 0.011984 -2.282634
v 3.026090 0.006984 -2.287634
v 3.031090 0.011984 -2.512626
v 3.026090 0.011984 -2.507626
v 3.026090 0.006984 -2.512626
v 3.031090 0.011984 -2.737619
v 3.026090 0.011984 -2.732619
v 3.026090 0.006984 -2.737619
v 3.031090 0.011984 -2.950361
v 3.026090 0.006984 -2.950361
v 3.026090 0.011984 -2.955361
v 0.951175 0.011984 -1.162671
v 0.946175 0.011984 -1.157671
v 0.946175 0.006984 -1.162671
v 0.951175 0.011984 -1.387664
v 0.946175 0.011984 -1.382664
v 0.946175 0.006984 -1.387664
v 0.951175 0.011984 -1.612656
v 0.946175 0.011984 -1.607656
v 0.946175 0.006984 -1.612656
v 0.951175 0.011984 -1.837649
v 0.946175 0.011984 -1.832649
v 0.946175 0.006984 -1.837649
v 0.951175 0.011984 -2.062641
v 0.946175 0.011984 -2.057641
v 0.946175 0.006984 -2.062641
v 0.951175 0.011984 -2.287634
v 0.946175 0.011984 -2.282634
v 0.946175 0.006984 -2.287634
v 0.951175 0.011984 -2.512626
v 0.946175 0.011984 -2.507626
v 0.946175 0.006984 -2.512626
v 0.951175 0.011984 -2.737619
v 0.946175 0.011984 -2.732619
v 0.946175 0.006984 -2.737619
v 0.951175 0.011984 -2.950361
v 0.946175 0.006984 -2.950361
v 0.946175 0.011984 -2.955361
v 1.177276 0.011984 -1.157671
v 1.177276 0.006984 -1.162671
v 1.182276 0.011984 -1.162671
v 1.177276 0.011984 -1.382664
v 1.177276 0.006984 -1.387664
v 1.182276 0.011984 -1.387664
v 1.177276 0.011984 -1.607656
v 1.177276 0.006984 -1.612656
v 1.182276 0.011984 -1.612656
v 1.177276 0.011984 -1.832649
v 1.177276 0.006984 -1.837649
v 1.182276 0.011984 -1.837649
v 1.177276 0.011984 -2.057641
v 1.177276 0.006984 -2.062641
v 1.182276 0.011984 -2.062641
v 1.177276 0.011984 -2.282634
v 1.177276 0.006984 -2.287634
v 1.182276 0.011984 -2.287634
v 1.177276 0.011984 -2.507626
v 1.177276 0.006984 -2.512626
v 1.182276 0.011984 -2.512626
v 1.182276 0.011984 -2.737619
v 1.177276 0.011984 -2.732619
v 1.177276 0.006984 -2.737619
v 1.177276 0.011984 -2.955361
v 1.182276 0.011984 -2.950361
v 1.177276 0.006984 -2.950361
v 1.408378 0.011984 -1.157671
v 1.408378 0.006984 -1.162671
v 1.413378 0.011984 -1.162671
v 1.408378 0.011984 -1.382664
v 1.408378 0.006984 -1.387664
v 1.413378 0.011984 -1.387664
v 1.408378 0.011984 -1.607656
v 1.408378 0.006984 -1.612656
v 1.413378 0.011984 -1.612656
v 1.408378 0.011984 -1.832649
v 1.408378 0.006984 -1.837649
v 1.413378 0.011984 -1.837649
v 1.408378 0.011984 -2.057641
v 1.408378 0.006984 -2.062641
v 1.413378 0.011984 -2.062641
v 1.408378 0.011984 -2.282634
v 1.408378 0.006984 -2.287634
v 1.413378 0.011984 -2.287634
v 1.408378 0.011984 -2.507626
v 1.408378 0.006984 -2.512626
v 1.413378 0.011984 -2.512626
v 1.413378 0.011984 -2.737619
v 1.408378 0.011984 -2.732619
v 1.408378 0.006984 -2.737619
v 1.408378 0.011984 -2.955361
v 1.413378 0.011984 -2.950361
v 1.408378 0.006984 -2.950361
v 1.639480 0.011984 -1.157671
v 1.639480 0.006984 -1.162671
v 1.644480 0.011984 -1.162671
v 1.639480 0.011984 -1.382664
v 1.639480 0.006984 -1.387664
v 1.644480 0.011984 -1.387664
v 1.639480 0.011984 -1.607656
v 1.639480 0.006984 -1.612656
v 1.644480 0.011984 -1.612656
v 1.639480 0.011984 -1.832649
v 1.639480 0.006984 -1.837649
v 1.644480 0.011984 -1.837649
v 1.639480 0.011984 -2.057641
v 1.639480 0.006984 -2.062641
v 1.644480 0.011984 -2.062641
v 1.639480 0.011984 -2.282634
v 1.639480 0.006984 -2.287634
v 1.644480 0.011984 -2.287634
v 1.639480 0.011984 -2.507626
v 1.639480 0.006984 -2.512626
v 1.644480 0.011984 -2.512626
v 1.644480 0.011984 -2.737619
v 1.639480 0.011984 -2.732619
v 1.639480 0.006984 -2.737619
v 1.639480 0.011984 -2.955361
v 1.644480 0.011984 -2.950361
v 1.639480 0.006984 -2.950361
v 1.870581 0.011984 -1.157671
v 1.870581 0.006984 -1.162671
v 1.875582 0.011984 -1.162671
v 1.870581 0.011984 -1.382664
v 1.870581 0.006984 -1.387664
v 1.875582 0.011984 -1.387664
v 1.870581 0.011984 -1.607656
v 1.870581 0.006984 -1.612656
v 1.875582 0.011984 -1.612656
v 1.870581 0.011984 -1.832649
v 1.870581 0.006984 -1.837649
v 1.875582 0.011984 -1.837649
v 1.870581 0.011984 -2.057641
v 1.870581 0.006984 -2.062641
v 1.875582 0.011984 -2.062641
v 1.870581 0.011984 -2.282634
v 1.870581 0.006984 -2.287634
v 1.875582 0.011984 -2.287634
v 1.870581 0.011984 -2.507626
v 1.870581 0.006984 -2.512626
v 1.875582 0.011984 -2.512626
v 1.875582 0.011984 -2.737619
v 1.870581 0.011984 -2.732619
v 1.870581 0.006984 -2.737619
v 1.870581 0.011984 -2.955361
v 1.875582 0.011984 -2.950361
v 1.870581 0.006984 -2.950361
v 2.101683 0.011984 -1.157671
v 2.101683 0.006984 -1.162671
v 2.106683 0.011984 -1.162671
v 2.101683 0.011984 -1.382664
v 2.101683 0.006984 -1.387664
v 2.106683 0.011984 -1.387664
v 2.101683 0.011984 -1.607656
v 2.101683 0.006984 -1.612656
v 2.106683 0.011984 -1.612656
v 2.101683 0.011984 -1.832649
v 2.101683 0.006984 -1.837649
v 2.106683 0.011984 -1.837649
v 2.101683 0.011984 -2.057641
v 2.101683 0.006984 -2.062641
v 2.106683 0.011984 -2.062641
v 2.101683 0.011984 -2.282634
v 2.101683 0.006984 -2.287634
v 2.106683 0.011984 -2.287634
v 2.101683 0.011984 -2.507626
v 2.101683 0.006984 -2.512626
v 2.106683 0.011984 -2.512626
v 2.106683 0.011984 -2.737619
v 2.101683 0.011984 -2.732619
v 2.101683 0.006984 -2.737619
v 2.101683 0.011984 -2.955361
v 2.106683 0.011984 -2.950361
v 2.101683 0.006984 -2.950361
v 2.332785 0.011984 -1.157671
v 2.332785 0.006984 -1.162671
v 2.337785 0.011984 -1.162671
v 2.332785 0.011984 -1.382664
v 2.332785 0.006984 -1.387664
v 2.337785 0.011984 -1.387664
v 2.332785 0.011984 -1.607656
v 2.332785 0.006984 -1.612656
v 2.337785 0.011984 -1.612656
v 2.332785 0.011984 -1.832649
v 2.332785 0.006984 -1.837649
v 2.337785 0.011984 -1.837649
v 2.332785 0.011984 -2.057641
v 2.332785 0.006984 -2.062641
v 2.337785 0.011984 -2.062641
v 2.332785 0.011984 -2.282634
v 2.332785 0.006984 -2.287634
v 2.337785 0.011984 -2.287634
v 2.332785 0.011984 -2.507626
v 2.332785 0.006984 -2.512626
v 2.337785 0.011984 -2.512626
v 2.337785 0.011984 -2.737619
v 2.332785 0.011984 -2.732619
v 2.332785 0.006984 -2.737619
v 2.332785 0.011984 -2.955361
v 2.337785 0.011984 -2.950361
v 2.332785 0.006984 -2.950361
v 2.563886 0.011984 -1.157671
v 2.563886 0.006984 -1.162671
v 2.568886 0.011984 -1.162671
v 2.563886 0.011984 -1.382664
v 2.563886 0.006984 -1.387664
v 2.568886 0.011984 -1.387664
v 2.563886 0.011984 -1.607656
v 2.563886 0.006984 -1.612656
v 2.568886 0.011984 -1.612656
v 2.563886 0.011984 -1.832649
v 2.563886 0.006984 -1.837649
v 2.568886 0.011984 -1.837649
v 2.563886 0.011984 -2.057641
v 2.563886 0.006984 -2.062641
v 2.568886 0.011984 -2.062641
v 2.563886 0.011984 -2.282634
v 2.563886 0.006984 -2.287634
v 2.568886 0.011984 -2.287634
v 2.563886 0.011984 -2.507626
v 2.563886 0.006984 -2.512626
v 2.568886 0.011984 -2.512626
v 2.568886 0.011984 -2.737619
v 2.563886 0.011984 -2.732619
v 2.563886 0.006984 -2.737619
v 2.563886 0.011984 -2.955361
v 2.568886 0.011984 -2.950361
v 2.563886 0.006984 -2.950361
v 2.802299 0.011984 -1.162671
v 2.807299 0.006984 -1.162671
v 2.807299 0.011984 -1.157671
v 2.802299 0.011984 -1.387664
v 2.807299 0.006984 -1.387664
v 2.807299 0.011984 -1.382664
v 2.802299 0.011984 -1.612656
v 2.807299 0.006984 -1.612656
v 2.807299 0.011984 -1.607656
v 2.802299 0.011984 -1.837649
v 2.807299 0.006984 -1.837649
v 2.807299 0.011984 -1.832649
v 2.802299 0.011984 -2.062641
v 2.807299 0.006984 -2.062641
v 2.807299 0.011984 -2.057641
v 2.802299 0.011984 -2.287634
v 2.807299 0.006984 -2.287634
v 2.807299 0.011984 -2.282634
v 2.802299 0.011984 -2.512626
v 2.807299 0.006984 -2.512626
v 2.807299 0.011984 -2.507626
v 2.802299 0.011984 -2.737619
v 2.807299 0.006984 -2.737619
v 2.807299 0.011984 -2.732619
v 2.802299 0.011984 -2.950361
v 2.807299 0.011984 -2.955361
v 2.807299 0.006984 -2.950361
v 0.951175 0.011984 -2.962611
v 0.946175 0.011984 -2.957611
v 0.946175 0.006984 -2.962611
v 0.953486 0.011984 -2.950361
v 0.958486 0.011984 -2.955361
v 0.958486 0.006984 -2.950361
v 0.958486 0.011984 -2.957611
v 0.953486 0.011984 -2.962611
v 0.958486 0.006984 -2.962611
v 0.946175 0.011984 -3.180354
v 0.951175 0.011984 -3.175354
v 0.946175 0.006984 -3.175354
v 1.182276 0.011984 -2.962611
v 1.177276 0.011984 -2.957611
v 1.177276 0.006984 -2.962611
v 1.184587 0.011984 -2.950361
v 1.189587 0.011984 -2.955361
v 1.189587 0.006984 -2.950361
v 1.189587 0.011984 -2.957611
v 1.184587 0.011984 -2.962611
v 1.189587 0.006984 -2.962611
v 1.189587 0.011984 -3.180354
v 1.189587 0.006984 -3.175354
v 1.184587 0.011984 -3.175354
v 1.413378 0.011984 -2.962611
v 1.408378 0.011984 -2.957611
v 1.408378 0.006984 -2.962611
v 1.415689 0.011984 -2.950361
v 1.420689 0.011984 -2.955361
v 1.420689 0.006984 -2.950361
v 1.420689 0.011984 -2.957611
v 1.415689 0.011984 -2.962611
v 1.420689 0.006984 -2.962611
v 1.420689 0.011984 -3.180354
v 1.420689 0.006984 -3.175354
v 1.415689 0.011984 -3.175354
v 1.644480 0.011984 -2.962611
v 1.639480 0.011984 -2.957611
v 1.639480 0.006984 -2.962611
v 1.646791 0.011984 -2.950361
v 1.651791 0.011984 -2.955361
v 1.651791 0.006984 -2.950361
v 1.651791 0.011984 -2.957611
v 1.646791 0.011984 -2.962611
v 1.651791 0.006984 -2.962611
v 1.651791 0.011984 -3.180354
v 1.651791 0.006984 -3.175354
v 1.646791 0.011984 -3.175354
v 1.875582 0.011984 -2.962611
v 1.870581 0.011984 -2.957611
v 1.870581 0.006984 -2.962611
v 1.877892 0.011984 -2.950361
v 1.882892 0.011984 -2.955361
v 1.882892 0.006984 -2.950361
v 1.882892 0.011984 -2.957611
v 1.877892 0.011984 -2.962611
v 1.882892 0.006984 -2.962611
v 1.882892 0.011984 -3.180354
v 1.882892 0.006984 -3.175354
v 1.877892 0.011984 -3.175354
v 2.106683 0.011984 -2.962611
v 2.101683 0.011984 -2.957611
v 2.101683 0.006984 -2.962611
v 2.108994 0.011984 -2.950361
v 2.113994 0.011984 -2.955361
v 2.113994 0.006984 -2.950361
v 2.113994 0.011984 -2.957611
v 2.108994 0.011984 -2.962611
v 2.113994 0.006984 -2.962611
v 2.113994 0.011984 -3.180354
v 2.113994 0.006984 -3.175354
v 2.108994 0.011984 -3.175354
v 2.337785 0.011984 -2.962611
v 2.332785 0.011984 -2.957611
v 2.332785 0.006984 -2.962611
v 2.340096 0.011984 -2.950361
v 2.345096 0.011984 -2.955361
v 2.345096 0.006984 -2.950361
v 2.345096 0.011984 -2.957611
v 2.340096 0.011984 -2.962611
v 2.345096 0.006984 -2.962611
v 2.345096 0.011984 -3.180354
v 2.345096 0.006984 -3.175354
v 2.340096 0.011984 -3.175354
v 2.568886 0.011984 -2.962611
v 2.563886 0.011984 -2.957611
v 2.563886 0.006984 -2.962611
v 2.571198 0.011984 -2.950361
v 2.576197 0.011984 -2.955361
v 2.576197 0.006984 -2.950361
v 2.576197 0.011984 -2.957611
v 2.571198 0.011984 -2.962611
v 2.576197 0.006984 -2.962611
v 2.576197 0.011984 -3.180354
v 2.576197 0.006984 -3.175354
v 2.571198 0.011984 -3.175354
v 2.802299 0.011984 -2.962611
v 2.807299 0.006984 -2.962611
v 2.807299 0.011984 -2.957611
v 2.799988 0.011984 -2.950361
v 2.794988 0.006984 -2.950361
v 2.794988 0.011984 -2.955361
v 2.794988 0.011984 -2.957611
v 2.794988 0.006984 -2.962611
v 2.799988 0.011984 -2.962611
v 2.807299 0.011984 -3.180354
v 2.807299 0.006984 -3.175354
v 2.802299 0.011984 -3.175354
v 0.946175 0.011984 -0.932679
v 0.946175 0.006984 -0.937679
v 0.951175 0.011984 -0.937679
v 0.953486 0.011984 -1.150421
v 0.958486 0.011984 -1.155421
v 0.958486 0.006984 -1.150421
v 0.953486 0.011984 -1.162671
v 0.958486 0.006984 -1.162671
v 0.958486 0.011984 -1.157671
v 0.946175 0.011984 -1.155421
v 0.951175 0.011984 -1.150421
v 0.946175 0.006984 -1.150421
v 0.953486 0.011984 -1.375414
v 0.958486 0.011984 -1.380414
v 0.958486 0.006984 -1.375414
v 0.953486 0.011984 -1.387664
v 0.958486 0.006984 -1.387664
v 0.958486 0.011984 -1.382664
v 0.946175 0.011984 -1.380414
v 0.951175 0.011984 -1.375414
v 0.946175 0.006984 -1.375414
v 0.953486 0.011984 -1.600406
v 0.958486 0.011984 -1.605406
v 0.958486 0.006984 -1.600406
v 0.953486 0.011984 -1.612656
v 0.958486 0.006984 -1.612656
v 0.958486 0.011984 -1.607656
v 0.946175 0.011984 -1.605406
v 0.951175 0.011984 -1.600406
v 0.946175 0.006984 -1.600406
v 0.953486 0.011984 -1.825399
v 0.958486 0.011984 -1.830399
v 0.958486 0.006984 -1.825399
v 0.953486 0.011984 -1.837649
v 0.958486 0.006984 -1.837649
v 0.958486 0.011984 -1.832649
v 0.946175 0.011984 -1.830399
v 0.951175 0.011984 -1.825399
v 0.946175 0.006984 -1.825399
v 0.953486 0.011984 -2.050391
v 0.958486 0.011984 -2.055391
v 0.958486 0.006984 -2.050391
v 0.953486 0.011984 -2.062641
v 0.958486 0.006984 -2.062641
v 0.958486 0.011984 -2.057641
v 0.946175 0.011984 -2.055391
v 0.951175 0.011984 -2.050391
v 0.946175 0.006984 -2.050391
v 0.953486 0.011984 -2.275384
v 0.958486 0.011984 -2.280384
v 0.958486 0.006984 -2.275384
v 0.953486 0.011984 -2.287634
v 0.958486 0.006984 -2.287634
v 0.958486 0.011984 -2.282634
v 0.946175 0.011984 -2.280384
v 0.951175 0.011984 -2.275384
v 0.946175 0.006984 -2.275384
v 0.953486 0.011984 -2.500376
v 0.958486 0.011984 -2.505376
v 0.958486 0.006984 -2.500376
v 0.953486 0.011984 -2.512626
v 0.958486 0.006984 -2.512626
v 0.958486 0.011984 -2.507626
v 0.946175 0.011984 -2.505376
v 0.951175 0.011984 -2.500376
v 0.946175 0.006984 -2.500376
v 0.953486 0.011984 -2.725369
v 0.958486 0.011984 -2.730369
v 0.958486 0.006984 -2.725369
v 0.953486 0.011984 -2.737619
v 0.958486 0.006984 -2.737619
v 0.958486 0.011984 -2.732619
v 0.946175 0.011984 -2.730369
v 0.951175 0.011984 -2.725369
v 0.946175 0.006984 -2.725369
v 1.177276 0.011984 -0.932679
v 1.177276 0.006984 -0.937679
v 1.182276 0.011984 -0.937679
v 1.184587 0.011984 -1.150421
v 1.189587 0.011984 -1.155421
v 1.189587 0.006984 -1.150421
v 1.184587 0.011984 -1.162671
v 1.189587 0.006984 -1.162671
v 1.189587 0.011984 -1.157671
v 1.177276 0.011984 -1.155421
v 1.182276 0.011984 -1.150421
v 1.177276 0.006984 -1.150421
v 1.184587 0.011984 -1.375414
v 1.189587 0.011984 -1.380414
v 1.189587 0.006984 -1.375414
v 1.184587 0.011984 -1.387664
v 1.189587 0.006984 -1.387664
v 1.189587 0.011984 -1.382664
v 1.177276 0.011984 -1.380414
v 1.182276 0.011984 -1.375414
v 1.177276 0.006984 -1.375414
v 1.184587 0.011984 -1.600406
v 1.189587 0.011984 -1.605406
v 1.189587 0.006984 -1.600406
v 1.184587 0.011984 -1.612656
v 1.189587 0.006984 -1.612656
v 1.189587 0.011984 -1.607656
v 1.177276 0.011984 -1.605406
v 1.182276 0.011984 -1.600406
v 1.177276 0.006984 -1.600406
v 1.184587 0.011984 -1.825399
v 1.189587 0.011984 -1.830399
v 1.189587 0.006984 -1.825399
v 1.184587 0.011984 -1.837649
v 1.189587 0.006984 -1.837649
v 1.189587 0.011984 -1.832649
v 1.177276 0.011984 -1.830399
v 1.182276 0.011984 -1.825399
v 1.177276 0.006984 -1.825399
v 1.184587 0.011984 -2.050391
v 1.189587 0.011984 -2.055391
v 1.189587 0.006984 -2.050391
v 1.184587 0.011984 -2.062641
v 1.189587 0.006984 -2.062641
v 1.189587 0.011984 -2.057641
v 1.177276 0.011984 -2.055391
v 1.182276 0.011984 -2.050391
v 1.177276 0.006984 -2.050391
v 1.184587 0.011984 -2.275384
v 1.189587 0.011984 -2.280384
v 1.189587 0.006984 -2.275384
v 1.184587 0.011984 -2.287634
v 1.189587 0.006984 -2.287634
v 1.189587 0.011984 -2.282634
v 1.177276 0.011984 -2.280384
v 1.182276 0.011984 -2.275384
v 1.177276 0.006984 -2.275384
v 1.184587 0.011984 -2.500376
v 1.189587 0.011984 -2.505376
v 1.189587 0.006984 -2.500376
v 1.184587 0.011984 -2.512626
v 1.189587 0.006984 -2.512626
v 1.189587 0.011984 -2.507626
v 1.177276 0.011984 -2.505376
v 1.182276 0.011984 -2.500376
v 1.177276 0.006984 -2.500376
v 1.184587 0.011984 -2.725369
v 1.189587 0.011984 -2.730369
v 1.189587 0.006984 -2.725369
v 1.184587 0.011984 -2.737619
v 1.189587 0.006984 -2.737619
v 1.189587 0.011984 -2.732619
v 1.177276 0.011984 -2.730369
v 1.182276 0.011984 -2.725369
v 1.177276 0.006984 -2.725369
v 1.408378 0.011984 -0.932679
v 1.408378 0.006984 -0.937679
v 1.413378 0.011984 -0.937679
v 1.415689 0.011984 -1.150421
v 1.420689 0.011984 -1.155421
v 1.420689 0.006984 -1.150421
v 1.415689 0.011984 -1.162671
v 1.420689 0.006984 -1.162671
v 1.420689 0.011984 -1.157671
v 1.408378 0.011984 -1.155421
v 1.413378 0.011984 -1.150421
v 1.408378 0.006984 -1.150421
v 1.415689 0.011984 -1.375414
v 1.420689 0.011984 -1.380414
v 1.420689 0.006984 -1.375414
v 1.415689 0.011984 -1.387664
v 1.420689 0.006984 -1.387664
v 1.420689 0.011984 -1.382664
v 1.408378 0.011984 -1.380414
v 1.413378 0.011984 -1.375414
v 1.408378 0.006984 -1.375414
v 1.415689 0.011984 -1.600406
v 1.420689 0.011984 -1.605406
v 1.420689 0.006984 -1.600406
v 1.415689 0.011984 -1.612656
v 1.420689 0.006984 -1.612656
v 1.420689 0.011984 -1.607656
v 1.408378 0.011984 -1.605406
v 1.413378 0.011984 -1.600406
v 1.408378 0.006984 -1.600406
v 1.415689 0.011984 -1.825399
v 1.420689 0.011984 -1.830399
v 1.420689 0.006984 -1.825399
v 1.415689 0.011984 -1.837649
v 1.420689 0.006984 -1.837649
v 1.420689 0.011984 -1.832649
v 1.408378 0.011984 -1.830399
v 1.413378 0.011984 -1.825399
v 1.408378 0.006984 -1.825399
v 1.415689 0.011984 -2.050391
v 1.420689 0.011984 -2.055391
v 1.420689 0.006984 -2.050391
v 1.415689 0.011984 -2.062641
v 1.420689 0.006984 -2.062641
v 1.420689 0.011984 -2.057641
v 1.408378 0.011984 -2.055391
v 1.413378 0.011984 -2.050391
v 1.408378 0.006984 -2.050391
v 1.415689 0.011984 -2.275384
v 1.420689 0.011984 -2.280384
v 1.420689 0.006984 -2.275384
v 1.415689 0.011984 -2.287634
v 1.420689 0.006984 -2.287634
v 1.420689 0.011984 -2.282634
v 1.408378 0.011984 -2.280384
v 1.413378 0.011984 -2.275384
v 1.408378 0.006984 -2.275384
v 1.415689 0.011984 -2.500376
v 1.420689 0.011984 -2.505376
v 1.420689 0.006984 -2.500376
v 1.415689 0.011984 -2.512626
v 1.420689 0.006984 -2.512626
v 1.420689 0.011984 -2.507626
v 1.408378 0.011984 -2.505376
v 1.413378 0.011984 -2.500376
v 1.408378 0.006984 -2.500376
v 1.415689 0.011984 -2.725369
v 1.420689 0.011984 -2.730369
v 1.420689 0.006984 -2.725369
v 1.415689 0.011984 -2.737619
v 1.420689 0.006984 -2.737619
v 1.420689 0.011984 -2.732619
v 1.408378 0.011984 -2.730369
v 1.413378 0.011984 -2.725369
v 1.408378 0.006984 -2.725369
v 1.639480 0.011984 -0.932679
v 1.639480 0.006984 -0.937679
v 1.644480 0.011984 -0.937679
v 1.646791 0.011984 -1.150421
v 1.651791 0.011984 -1.155421
v 1.651791 0.006984 -1.150421
v 1.646791 0.011984 -1.162671
v 1.651791 0.006984 -1.162671
v 1.651791 0.011984 -1.157671
v 1.639480 0.011984 -1.155421
v 1.644480 0.011984 -1.150421
v 1.639480 0.006984 -1.150421
v 1.646791 0.011984 -1.375414
v 1.651791 0.011984 -1.380414
v 1.651791 0.006984 -1.375414
v 1.646791 0.011984 -1.387664
v 1.651791 0.006984 -1.387664
v 1.651791 0.011984 -1.382664
v 1.639480 0.011984 -1.380414
v 1.644480 0.011984 -1.375414
v 1.639480 0.006984 -1.375414
v 1.646791 0.011984 -1.600406
v 1.651791 0.011984 -1.605406
v 1.651791 0.006984 -1.600406
v 1.646791 0.011984 -1.612656
v 1.651791 0.006984 -1.612656
v 1.651791 0.011984 -1.607656
v 1.639480 0.011984 -1.605406
v 1.644480 0.011984 -1.600406
v 1.639480 0.006984 -1.600406
v 1.646791 0.011984 -1.825399
v 1.651791 0.011984 -1.830399
v 1.651791 0.006984 -1.825399
v 1.646791 0.011984 -1.837649
v 1.651791 0.006984 -1.837649
v 1.651791 0.011984 -1.832649
v 1.639480 0.011984 -1.830399
v 1.644480 0.011984 -1.825399
v 1.639480 0.006984 -1.825399
v 1.646791 0.011984 -2.050391
v 1.651791 0.011984 -2.055391
v 1.651791 0.006984 -2.050391
v 1.646791 0.011984 -2.062641
v 1.651791 0.006984 -2.062641
v 1.651791 0.011984 -2.057641
v 1.639480 0.011984 -2.055391
v 1.644480 0.011984 -2.050391
v 1.639480 0.006984 -2.050391
v 1.646791 0.011984 -2.275384
v 1.651791 0.011984 -2.280384
v 1.651791 0.006984 -2.275384
v 1.646791 0.011984 -2.287634
v 1.651791 0.006984 -2.287634
v 1.651791 0.011984 -2.282634
v 1.639480 0.011984 -2.280384
v 1.644480 0.011984 -2.275384
v 1.639480 0.006984 -2.275384
v 1.646791 0.011984 -2.500376
v 1.651791 0.011984 -2.505376
v 1.651791 0.006984 -2.500376
v 1.646791 0.011984 -2.512626
v 1.651791 0.006984 -2.512626
v 1.651791 0.011984 -2.507626
v 1.639480 0.011984 -2.505376
v 1.644480 0.011984 -2.500376
v 1.639480 0.006984 -2.500376
v 1.646791 0.011984 -2.725369
v 1.651791 0.011984 -2.730369
v 1.651791 0.006984 -2.725369
v 1.646791 0.011984 -2.737619
v 1.651791 0.006984 -2.737619
v 1.651791 0.011984 -2.732619
v 1.639480 0.011984 -2.730369
v 1.644480 0.011984 -2.725369
v 1.639480 0.006984 -2.725369
v 1.870581 0.011984 -0.932679
v 1.870581 0.006984 -0.937679
v 1.875582 0.011984 -0.937679
v 1.877892 0.011984 -1.150421
v 1.882892 0.011984 -1.155421
v 1.882892 0.006984 -1.150421
v 1.877892 0.011984 -1.162671
v 1.882892 0.006984 -1.162671
v 1.882892 0.011984 -1.157671
v 1.870581 0.011984 -1.155421
v 1.875582 0.011984 -1.150421
v 1.870581 0.006984 -1.150421
v 1.877892 0.011984 -1.375414
v 1.882892 0.011984 -1.380414
v 1.882892 0.006984 -1.375414
v 1.877892 0.011984 -1.387664
v 1.882892 0.006984 -1.387664
v 1.882892 0.011984 -1.382664
v 1.870581 0.011984 -1.380414
v 1.875582 0.011984 -1.375414
v 1.870581 0.006984 -1.375414
v 1.877892 0.011984 -1.600406
v 1.882892 0.011984 -1.605406
v 1.882892 0.006984 -1.600406
v 1.877892 0.011984 -1.612656
v 1.882892 0.006984 -1.612656
v 1.882892 0.011984 -1.607656
v 1.870581 0.011984 -1.605406
v 1.875582 0.011984 -1.600406
v 1.870581 0.006984 -1.600406
v 1.877892 0.011984 -1.825399
v 1.882892 0.011984 -1.830399
v 1.882892 0.006984 -1.825399
v 1.877892 0.011984 -1.837649
v 1.882892 0.006984 -1.837649
v 1.882892 0.011984 -1.832649
v 1.870581 0.011984 -1.830399
v 1.875582 0.011984 -1.825399
v 1.870581 0.006984 -1.825399
v 1.877892 0.011984 -2.050391
v 1.882892 0.011984 -2.055391
v 1.882892 0.006984 -2.050391
v 1.877892 0.011984 -2.062641
v 1.882892 0.006984 -2.062641
v 1.882892 0.011984 -2.057641
v 1.870581 0.011984 -2.055391
v 1.875582 0.011984 -2.050391
v 1.870581 0.006984 -2.050391
v 1.877892 0.011984 -2.275384
v 1.882892 0.011984 -2.280384
v 1.882892 0.006984 -2.275384
v 1.877892 0.011984 -2.287634
v 1.882892 0.006984 -2.287634
v 1.882892 0.011984 -2.282634
v 1.870581 0.011984 -2.280384
v 1.875582 0.011984 -2.275384
v 1.870581 0.006984 -2.275384
v 1.877892 0.011984 -2.500376
v 1.882892 0.011984 -2.505376
v 1.882892 0.006984 -2.500376
v 1.877892 0.011984 -2.512626
v 1.882892 0.006984 -2.512626
v 1.882892 0.011984 -2.507626
v 1.870581 0.011984 -2.505376
v 1.875582 0.011984 -2.500376
v 1.870581 0.006984 -2.500376
v 1.877892 0.011984 -2.725369
v 1.882892 0.011984 -2.730369
v 1.882892 0.006984 -2.725369
v 1.877892 0.011984 -2.737619
v 1.882892 0.006984 -2.737619
v 1.882892 0.011984 -2.732619
v 1.870581 0.011984 -2.730369
v 1.875582 0.011984 -2.725369
v 1.870581 0.006984 -2.725369
v 2.101683 0.011984 -0.932679
v 2.101683 0.006984 -0.937679
v 2.106683 0.011984 -0.937679
v 2.108994 0.011984 -1.150421
v 2.113994 0.011984 -1.155421
v 2.113994 0.006984 -1.150421
v 2.108994 0.011984 -1.162671
v 2.113994 0.006984 -1.162671
v 2.113994 0.011984 -1.157671
v 2.101683 0.011984 -1.155421
v 2.106683 0.011984 -1.150421
v 2.101683 0.006984 -1.150421
v 2.108994 0.011984 -1.375414
v 2.113994 0.011984 -1.380414
v 2.113994 0.006984 -1.375414
v 2.108994 0.011984 -1.387664
v 2.113994 0.006984 -1.387664
v 2.113994 0.011984 -1.382664
v 2.101683 0.011984 -1.380414
v 2.106683 0.011984 -1.375414
v 2.101683 0.006984 -1.375414
v 2.108994 0.011984 -1.600406
v 2.113994 0.011984 -1.605406
v 2.113994 0.006984 -1.600406
v 2.108994 0.011984 -1.612656
v 2.113994 0.006984 -1.612656
v 2.113994 0.011984 -1.607656
v 2.101683 0.011984 -1.605406
v 2.106683 0.011984 -1.600406
v 2.101683 0.006984 -1.600406
v 2.108994 0.011984 -1.825399
v 2.113994 0.011984 -1.830399
v 2.113994 0.006984 -1.825399
v 2.108994 0.011984 -1.837649
v 2.113994 0.006984 -1.837649
v 2.113994 0.011984 -1.832649
v 2.101683 0.011984 -1.830399
v 2.106683 0.011984 -1.825399
v 2.101683 0.006984 -1.825399
v 2.108994 0.011984 -2.050391
v 2.113994 0.011984 -2.055391
v 2.113994 0.006984 -2.050391
v 2.108994 0.011984 -2.062641
v 2.113994 0.006984 -2.062641
v 2.113994 0.011984 -2.057641
v 2.101683 0.011984 -2.055391
v 2.106683 0.011984 -2.050391
v 2.101683 0.006984 -2.050391
v 2.108994 0.011984 -2.275384
v 2.113994 0.011984 -2.280384
v 2.113994 0.006984 -2.275384
v 2.108994 0.011984 -2.287634
v 2.113994 0.006984 -2.287634
v 2.113994 0.011984 -2.282634
v 2.101683 0.011984 -2.280384
v 2.106683 0.011984 -2.275384
v 2.101683 0.006984 -2.275384
v 2.108994 0.011984 -2.500376
v 2.113994 0.011984 -2.505376
v 2.113994 0.006984 -2.500376
v 2.108994 0.011984 -2.512626
v 2.113994 0.006984 -2.512626
v 2.113994 0.011984 -2.507626
v 2.101683 0.011984 -2.505376
v 2.106683 0.011984 -2.500376
v 2.101683 0.006984 -2.500376
v 2.108994 0.011984 -2.725369
v 2.113994 0.011984 -2.730369
v 2.113994 0.006984 -2.725369
v 2.108994 0.011984 -2.737619
v 2.113994 0.006984 -2.737619
v 2.113994 0.011984 -2.732619
v 2.101683 0.011984 -2.730369
v 2.106683 0.011984 -2.725369
v 2.101683 0.006984 -2.725369
v 2.332785 0.011984 -0.932679
v 2.332785 0.006984 -0.937679
v 2.337785 0.011984 -0.937679
v 2.340096 0.011984 -1.150421
v 2.345096 0.011984 -1.155421
v 2.345096 0.006984 -1.150421
v 2.340096 0.011984 -1.162671
v 2.345096 0.006984 -1.162671
v 2.345096 0.011984 -1.157671
v 2.332785 0.011984 -1.155421
v 2.337785 0.011984 -1.150421
v 2.332785 0.006984 -1.150421
v 2.340096 0.011984 -1.375414
v 2.345096 0.011984 -1.380414
v 2.345096 0.006984 -1.375414
v 2.340096 0.011984 -1.387664
v 2.345096 0.006984 -1.387664
v 2.345096 0.011984 -1.382664
v 2.332785 0.011984 -1.380414
v 2.337785 0.011984 -1.375414
v 2.332785 0.006984 -1.375414
v 2.340096 0.011984 -1.600406
v 2.345096 0.011984 -1.605406
v 2.345096 0.006984 -1.600406
v 2.340096 0.011984 -1.612656
v 2.345096 0.006984 -1.612656
v 2.345096 0.011984 -1.607656
v 2.332785 0.011984 -1.605406
v 2.337785 0.011984 -1.600406
v 2.332785 0.006984 -1.600406
v 2.340096 0.011984 -1.825399
v 2.345096 0.011984 -1.830399
v 2.345096 0.006984 -1.825399
v 2.340096 0.011984 -1.837649
v 2.345096 0.006984 -1.837649
v 2.345096 0.011984 -1.832649
v 2.332785 0.011984 -1.830399
v 2.337785 0.011984 -1.825399
v 2.332785 0.006984 -1.825399
v 2.340096 0.011984 -2.050391
v 2.345096 0.011984 -2.055391
v 2.345096 0.006984 -2.050391
v 2.340096 0.011984 -2.062641
v 2.345096 0.006984 -2.062641
v 2.345096 0.011984 -2.057641
v 2.332785 0.011984 -2.055391
v 2.337785 0.011984 -2.050391
v 2.332785 0.006984 -2.050391
v 2.340096 0.011984 -2.275384
v 2.345096 0.011984 -2.280384
v 2.345096 0.006984 -2.275384
v 2.340096 0.011984 -2.287634
v 2.345096 0.006984 -2.287634
v 2.345096 0.011984 -2.282634
v 2.332785 0.011984 -2.280384
v 2.337785 0.011984 -2.275384
v 2.332785 0.006984 -2.275384
v 2.340096 0.011984 -2.500376
v 2.345096 0.011984 -2.505376
v 2.345096 0.006984 -2.500376
v 2.340096 0.011984 -2.512626
v 2.345096 0.006984 -2.512626
v 2.345096 0.011984 -2.507626
v 2.332785 0.011984 -2.505376
v 2.337785 0.011984 -2.500376
v 2.332785 0.006984 -2.500376
v 2.340096 0.011984 -2.725369
v 2.345096 0.011984 -2.730369
v 2.345096 0.006984 -2.725369
v 2.340096 0.011984 -2.737619
v 2.345096 0.006984 -2.737619
v 2.345096 0.011984 -2.732619
v 2.332785 0.011984 -2.730369
v 2.337785 0.011984 -2.725369
v 2.332785 0.006984 -2.725369
v 2.563886 0.011984 -0.932679
v 2.563886 0.006984 -0.937679
v 2.568886 0.011984 -0.937679
v 2.571198 0.011984 -1.150421
v 2.576197 0.011984 -1.155421
v 2.576197 0.006984 -1.150421
v 2.571198 0.011984 -1.162671
v 2.576197 0.006984 -1.162671
v 2.576197 0.011984 -1.157671
v 2.563886 0.011984 -1.155421
v 2.568886 0.011984 -1.150421
v 2.563886 0.006984 -1.150421
v 2.571198 0.011984 -1.375414
v 2.576197 0.011984 -1.380414
v 2.576197 0.006984 -1.375414
v 2.571198 0.011984 -1.387664
v 2.576197 0.006984 -1.387664
v 2.576197 0.011984 -1.382664
v 2.563886 0.011984 -1.380414
v 2.568886 0.011984 -1.375414
v 2.563886 0.006984 -1.375414
v 2.571198 0.011984 -1.600406
v 2.576197 0.011984 -1.605406
v 2.576197 0.006984 -1.600406
v 2.571198 0.011984 -1.612656
v 2.576197 0.006984 -1.612656
v 2.576197 0.011984 -1.607656
v 2.563886 0.011984 -1.605406
v 2.568886 0.011984 -1.600406
v 2.563886 0.006984 -1.600406
v 2.571198 0.011984 -1.825399
v 2.576197 0.011984 -1.830399
v 2.576197 0.006984 -1.825399
v 2.571198 0.011984 -1.837649
v 2.576197 0.006984 -1.837649
v 2.576197 0.011984 -1.832649
v 2.563886 0.011984 -1.830399
v 2.568886 0.011984 -1.825399
v 2.563886 0.006984 -1.825399
v 2.571198 0.011984 -2.050391
v 2.576197 0.011984 -2.055391
v 2.576197 0.006984 -2.050391
v 2.571198 0.011984 -2.062641
v 2.576197 0.006984 -2.062641
v 2.576197 0.011984 -2.057641
v 2.563886 0.011984 -2.055391
v 2.568886 0.011984 -2.050391
v 2.563886 0.006984 -2.050391
v 2.571198 0.011984 -2.275384
v 2.576197 0.011984 -2.280384
v 2.576197 0.006984 -2.275384
v 2.571198 0.011984 -2.287634
v 2.576197 0.006984 -2.287634
v 2.576197 0.011984 -2.282634
v 2.563886 0.011984 -2.280384
v 2.568886 0.011984 -2.275384
v 2.563886 0.006984 -2.275384
v 2.571198 0.011984 -2.500376
v 2.576197 0.011984 -2.505376
v 2.576197 0.006984 -2.500376
v 2.571198 0.011984 -2.512626
v 2.576197 0.006984 -2.512626
v 2.576197 0.011984 -2.507626
v 2.563886 0.011984 -2.505376
v 2.568886 0.011984 -2.500376
v 2.563886 0.006984 -2.500376
v 2.571198 0.011984 -2.725369
v 2.576197 0.011984 -2.730369
v 2.576197 0.006984 -2.725369
v 2.571198 0.011984 -2.737619
v 2.576197 0.006984 -2.737619
v 2.576197 0.011984 -2.732619
v 2.563886 0.011984 -2.730369
v 2.568886 0.011984 -2.725369
v 2.563886 0.006984 -2.725369
v 2.807299 0.011984 -0.932679
v 2.802299 0.011984 -0.937679
v 2.807299 0.006984 -0.937679
v 2.799988 0.011984 -1.150421
v 2.794988 0.006984 -1.150421
v 2.794988 0.011984 -1.155421
v 2.799988 0.011984 -1.162671
v 2.794988 0.011984 -1.157671
v 2.794988 0.006984 -1.162671
v 2.807299 0.011984 -1.155421
v 2.807299 0.006984 -1.150421
v 2.802299 0.011984 -1.150421
v 2.799988 0.011984 -1.375414
v 2.794988 0.006984 -1.375414
v 2.794988 0.011984 -1.380414
v 2.799988 0.011984 -1.387664
v 2.794988 0.011984 -1.382664
v 2.794988 0.006984 -1.387664
v 2.807299 0.011984 -1.380414
v 2.807299 0.006984 -1.375414
v 2.802299 0.011984 -1.375414
v 2.799988 0.011984 -1.600406
v 2.794988 0.006984 -1.600406
v 2.794988 0.011984 -1.605406
v 2.799988 0.011984 -1.612656
v 2.794988 0.011984 -1.607656
v 2.794988 0.006984 -1.612656
v 2.807299 0.011984 -1.605406
v 2.807299 0.006984 -1.600406
v 2.802299 0.011984 -1.600406
v 2.799988 0.011984 -1.825399
v 2.794988 0.006984 -1.825399
v 2.794988 0.011984 -1.830399
v 2.799988 0.011984 -1.837649
v 2.794988 0.011984 -1.832649
v 2.794988 0.006984 -1.837649
v 2.807299 0.011984 -1.830399
v 2.807299 0.006984 -1.825399
v 2.802299 0.011984 -1.825399
v 2.799988 0.011984 -2.050391
v 2.794988 0.006984 -2.050391
v 2.794988 0.011984 -2.055391
v 2.799988 0.011984 -2.062641
v 2.794988 0.011984 -2.057641
v 2.794988 0.006984 -2.062641
v 2.807299 0.011984 -2.055391
v 2.807299 0.006984 -2.050391
v 2.802299 0.011984 -2.050391
v 2.799988 0.011984 -2.275384
v 2.794988 0.006984 -2.275384
v 2.794988 0.011984 -2.280384
v 2.799988 0.011984 -2.287634
v 2.794988 0.011984 -2.282634
v 2.794988 0.006984 -2.287634
v 2.807299 0.011984 -2.280384
v 2.807299 0.006984 -2.275384
v 2.802299 0.011984 -2.275384
v 2.799988 0.011984 -2.500376
v 2.794988 0.006984 -2.500376
v 2.794988 0.011984 -2.505376
v 2.799988 0.011984 -2.512626
v 2.794988 0.011984 -2.507626
v 2.794988 0.006984 -2.512626
v 2.807299 0.011984 -2.505376
v 2.807299 0.006984 -2.500376
v 2.802299 0.011984 -2.500376
v 2.799988 0.011984 -2.725369
v 2.794988 0.006984 -2.725369
v 2.794988 0.011984 -2.730369
v 2.799988 0.011984 -2.737619
v 2.794988 0.011984 -2.732619
v 2.794988 0.006984 -2.737619
v 2.807299 0.011984 -2.730369
v 2.807299 0.006984 -2.725369
v 2.802299 0.011984 -2.725369
v 0.722384 0.011984 -1.150421
v 0.727384 0.011984 -1.155421
v 0.727384 0.006984 -1.150421
v 0.722384 0.011984 -1.387664
v 0.727384 0.006984 -1.387664
v 0.727384 0.011984 -1.382664
v 0.722384 0.011984 -1.612656
v 0.727384 0.006984 -1.612656
v 0.727384 0.011984 -1.607656
v 0.722384 0.011984 -1.837649
v 0.727384 0.006984 -1.837649
v 0.727384 0.011984 -1.832649
v 0.722384 0.011984 -2.062641
v 0.727384 0.006984 -2.062641
v 0.727384 0.011984 -2.057641
v 0.722384 0.011984 -2.287634
v 0.727384 0.006984 -2.287634
v 0.727384 0.011984 -2.282634
v 0.722384 0.011984 -2.512626
v 0.727384 0.006984 -2.512626
v 0.727384 0.011984 -2.507626
v 0.722384 0.011984 -2.737619
v 0.727384 0.006984 -2.737619
v 0.727384 0.011984 -2.732619
v 0.722384 0.011984 -2.962611
v 0.727384 0.006984 -2.962611
v 0.727384 0.011984 -2.957611
v 3.031090 0.011984 -1.150421
v 3.026090 0.006984 -1.150421
v 3.026090 0.011984 -1.155421
v 3.031090 0.011984 -1.375414
v 3.026090 0.006984 -1.375414
v 3.026090 0.011984 -1.380414
v 3.031090 0.011984 -1.600406
v 3.026090 0.006984 -1.600406
v 3.026090 0.011984 -1.605406
v 3.031090 0.011984 -1.825399
v 3.026090 0.006984 -1.825399
v 3.026090 0.011984 -1.830399
v 3.031090 0.011984 -2.050391
v 3.026090 0.006984 -2.050391
v 3.026090 0.011984 -2.055391
v 3.031090 0.011984 -2.275384
v 3.026090 0.006984 -2.275384
v 3.026090 0.011984 -2.280384
v 3.031090 0.011984 -2.500376
v 3.026090 0.006984 -2.500376
v 3.026090 0.011984 -2.505376
v 3.031090 0.011984 -2.725369
v 3.026090 0.006984 -2.725369
v 3.026090 0.011984 -2.730369
v 3.031090 0.011984 -2.962611
v 3.026090 0.011984 -2.957611
v 3.026090 0.006984 -2.962611
vn -0.0000 -0.0000 -1.0000
vn -1.0000 -0.0000 -0.0000
vn 1.0000 -0.0000 -0.0000
vn -0.0000 -0.0000 1.0000
vn -0.0000 -1.0000 -0.0000
vn -0.0000 1.0000 -0.0000
vn -0.5773 0.5774 0.5773
vn 0.5773 0.5774 0.5773
vn -0.5773 0.5774 -0.5773
vn 0.5773 0.5774 -0.5773
vn -0.5774 0.5773 -0.5774
vn -0.5773 0.5773 -0.5774
vn -0.5773 0.5774 -0.5774
vn -0.5773 0.5774 0.5774
vn 0.5774 0.5774 0.5773
vn 0.5773 0.5773 0.5774
vn 0.5773 0.5774 -0.5774
vn 0.5774 0.5774 0.5774
vn 0.5774 0.5773 -0.5774
vn 0.5774 0.5773 0.5774
vn 0.5774 0.5774 -0.5773
vn -0.5774 0.5774 0.5773
vn -0.5774 0.5774 -0.5773
vn -0.5774 0.5773 0.5774
vn 0.5774 0.5773 0.5773
vn -0.5774 0.5773 0.5773
vn -0.5774 0.5774 0.5774
vn -0.5774 0.5774 -0.5774
vn 0.5774 0.5774 -0.5774
vn -0.5774 0.5773 -0.5773
vn 0.5774 0.5773 -0.5773
vn 0.5773 0.5773 -0.5774
vn -0.5773 0.5773 0.5774
vn -0.5773 -0.5774 0.5773
vn 0.5773 -0.5774 0.5773
vn -0.5773 -0.5774 -0.5773
vn 0.5773 -0.5774 -0.5773
vn -0.5774 -0.5773 -0.5774
vn -0.5773 -0.5773 -0.5774
vn -0.5773 -0.5774 -0.5774
vn -0.5773 -0.5774 0.5774
vn 0.5774 -0.5774 0.5773
vn 0.5773 -0.5773 0.5774
vn 0.5774 -0.5774 -0.5773
vn 0.5774 -0.5774 0.5774
vn 0.5774 -0.5773 -0.5774
vn 0.5774 -0.5773 0.5774
vn -0.5774 -0.5774 0.5773
vn -0.5774 -0.5774 -0.5773
vn -0.5774 -0.5773 0.5774
vn 0.5774 -0.5773 0.5773
vn -0.5774 -0.5773 0.5773
vn -0.5774 -0.5774 0.5774
vn -0.5774 -0.5774 -0.5774
vn 0.5774 -0.5774 -0.5774
vn -0.5774 -0.5773 -0.5773
vn 0.5774 -0.5773 -0.5773
vn 0.5773 -0.5773 -0.5774
vn -0.5773 -0.5773 0.5774
vn -0.7071 0.7071 -0.0000
vn -0.0000 0.7071 0.7071
vn 0.7071 0.7071 -0.0000
vn -0.0000 0.7071 -0.7071
vn -0.7071 -0.7071 -0.0000
vn -0.0000 -0.7071 0.7071
vn 0.7071 -0.7071 -0.0000
vn -0.0000 -0.7071 -0.7071
vn -0.6156 -0.0000 0.7880
vn 0.7214 -0.0000 0.6925
vn -0.6156 -0.0000 -0.7880
vn 0.6156 -0.0000 -0.7880
vn -0.7343 -0.0000 0.6788
vn -0.6487 -0.0000 0.7611
vn -0.7051 -0.0000 0.7091
vn 0.6487 -0.0000 0.7611
vn 0.6555 -0.0000 -0.7552
vn 0.6987 -0.0000 -0.7154
vn 0.6486 -0.0000 -0.7611
vn 0.6487 -0.0000 -0.7611
vn 0.7448 -0.0000 -0.6673
vn -0.6987 -0.0000 -0.7154
vn -0.8423 -0.0000 -0.5391
vn -0.6555 -0.0000 -0.7552
vn -0.7448 -0.0000 -0.6673
vn -0.6487 -0.0000 -0.7611
vn 0.6156 -0.0000 0.7880
vn 0.6555 -0.0000 0.7552
vn 0.6987 -0.0000 0.7154
vn 0.7448 -0.0000 0.6673
vn 0.7607 -0.0000 0.6491
vn 0.8423 -0.0000 0.5391
vn 0.8423 -0.0000 -0.5391
vn 0.7343 -0.0000 0.6788
vn 0.7051 -0.0000 0.7091
vn 0.7380 -0.0000 0.6748
vn 0.6839 -0.0000 -0.7295
vn -0.7214 -0.0000 0.6925
vn -0.6555 -0.0000 0.7552
vn -0.6987 -0.0000 0.7154
vn -0.7380 -0.0000 -0.6748
vn -0.7051 -0.0000 -0.7091
vn -0.7448 -0.0000 0.6673
vn -0.7343 -0.0000 -0.6788
vn -0.6839 -0.0000 0.7295
vn -0.7214 -0.0000 -0.6925
vn 0.7343 -0.0000 -0.6788
vn 0.7214 -0.0000 -0.6925
vn -0.7380 -0.0000 0.6748
vn -0.6839 -0.0000 -0.7295
vn 0.7051 -0.0000 -0.7091
vn 0.6839 -0.0000 0.7295
vn -0.6736 -0.0000 -0.7391
vn 0.7380 -0.0000 -0.6748
vn -0.7607 -0.0000 0.6491
vn -0.8423 -0.0000 0.5391
vn 0.6736 -0.0000 -0.7391
vt 0.902185 1.000000
vt 0.997815 1.000000
vt 0.997815 1.000000
vt 0.000000 0.902245
vt 0.000000 0.997755
vt 0.200000 0.997755
vt 0.200000 0.902245
vt 0.300000 0.997755
vt 0.300000 0.902245
vt 0.400000 0.997755
vt 0.400000 0.902245
vt 0.500000 0.997755
vt 0.500000 0.902245
vt 0.600000 0.997755
vt 0.600000 0.902245
vt 0.700000 0.997755
vt 0.700000 0.902245
vt 0.800000 0.997755
vt 0.800000 0.902245
vt 0.900000 0.997755
vt 0.900000 0.902245
vt 0.800000 0.002245
vt 0.800000 0.097755
vt 0.897815 0.100000
vt 0.802185 0.100000
vt 0.802185 0.100000
vt 0.897815 0.100000
vt 0.897815 0.200000
vt 0.802185 0.200000
vt 0.802185 0.200000
vt 0.897815 0.200000
vt 0.897815 0.300000
vt 0.802185 0.300000
vt 0.802185 0.300000
vt 0.897815 0.400000
vt 0.802185 0.400000
vt 0.802185 0.400000
vt 0.897815 0.500000
vt 0.802185 0.500000
vt 0.802185 0.500000
vt 0.897815 0.600000
vt 0.802185 0.600000
vt 0.897815 0.700000
vt 0.802185 0.700000
vt 0.802185 0.700000
vt 0.802185 0.900000
vt 0.897815 0.900000
vt 0.802185 0.900000
vt 0.700000 0.002245
vt 0.700000 0.097755
vt 0.800000 0.197755
vt 0.800000 0.102245
vt 0.800000 0.297755
vt 0.800000 0.202245
vt 0.800000 0.397755
vt 0.800000 0.302245
vt 0.800000 0.497755
vt 0.800000 0.402245
vt 0.800000 0.402245
vt 0.800000 0.497755
vt 0.800000 0.597755
vt 0.800000 0.502245
vt 0.800000 0.697755
vt 0.800000 0.602245
vt 0.800000 0.797755
vt 0.800000 0.702245
vt 0.797815 0.800000
vt 0.702185 0.800000
vt 0.600000 0.002245
vt 0.600000 0.097755
vt 0.700000 0.197755
vt 0.700000 0.102245
vt 0.700000 0.297755
vt 0.700000 0.202245
vt 0.700000 0.397755
vt 0.700000 0.302245
vt 0.700000 0.497755
vt 0.700000 0.402245
vt 0.700000 0.402245
vt 0.700000 0.497755
vt 0.700000 0.597755
vt 0.700000 0.502245
vt 0.700000 0.697755
vt 0.700000 0.602245
vt 0.700000 0.797755
vt 0.700000 0.702245
vt 0.697815 0.800000
vt 0.602185 0.800000
vt 0.697815 0.800000
vt 0.500000 0.002245
vt 0.500000 0.097755
vt 0.500000 0.002245
vt 0.600000 0.197755
vt 0.600000 0.102245
vt 0.600000 0.297755
vt 0.600000 0.202245
vt 0.600000 0.397755
vt 0.600000 0.302245
vt 0.600000 0.497755
vt 0.600000 0.402245
vt 0.600000 0.402245
vt 0.600000 0.497755
vt 0.600000 0.597755
vt 0.600000 0.502245
vt 0.600000 0.697755
vt 0.600000 0.602245
vt 0.600000 0.797755
vt 0.600000 0.702245
vt 0.597815 0.800000
vt 0.502185 0.800000
vt 0.400000 0.002245
vt 0.400000 0.097755
vt 0.500000 0.197755
vt 0.500000 0.102245
vt 0.500000 0.197755
vt 0.500000 0.297755
vt 0.500000 0.202245
vt 0.500000 0.297755
vt 0.500000 0.397755
vt 0.500000 0.302245
vt 0.500000 0.497755
vt 0.500000 0.402245
vt 0.500000 0.402245
vt 0.500000 0.497755
vt 0.500000 0.597755
vt 0.500000 0.502245
vt 0.500000 0.597755
vt 0.500000 0.697755
vt 0.500000 0.602245
vt 0.500000 0.697755
vt 0.500000 0.797755
vt 0.500000 0.702245
vt 0.500000 0.797755
vt 0.497815 0.800000
vt 0.402185 0.800000
vt 0.300000 0.002245
vt 0.300000 0.097755
vt 0.400000 0.197755
vt 0.400000 0.102245
vt 0.400000 0.297755
vt 0.400000 0.202245
vt 0.400000 0.397755
vt 0.400000 0.302245
vt 0.400000 0.497755
vt 0.400000 0.402245
vt 0.400000 0.402245
vt 0.400000 0.597755
vt 0.400000 0.502245
vt 0.400000 0.697755
vt 0.400000 0.602245
vt 0.400000 0.697755
vt 0.400000 0.797755
vt 0.400000 0.702245
vt 0.397815 0.800000
vt 0.302185 0.800000
vt 0.397815 0.800000
vt 0.200000 0.002245
vt 0.200000 0.097755
vt 0.300000 0.197755
vt 0.300000 0.102245
vt 0.300000 0.297755
vt 0.300000 0.202245
vt 0.300000 0.397755
vt 0.300000 0.302245
vt 0.300000 0.497755
vt 0.300000 0.402245
vt 0.300000 0.402245
vt 0.300000 0.497755
vt 0.300000 0.597755
vt 0.300000 0.502245
vt 0.300000 0.697755
vt 0.300000 0.602245
vt 0.300000 0.797755
vt 0.300000 0.702245
vt 0.297815 0.800000
vt 0.202185 0.800000
vt 0.100000 0.002245
vt 0.100000 0.097755
vt 0.200000 0.197755
vt 0.200000 0.102245
vt 0.200000 0.297755
vt 0.200000 0.202245
vt 0.200000 0.397755
vt 0.200000 0.302245
vt 0.200000 0.497755
vt 0.200000 0.402245
vt 0.200000 0.402245
vt 0.200000 0.497755
vt 0.200000 0.597755
vt 0.200000 0.502245
vt 0.200000 0.697755
vt 0.200000 0.602245
vt 0.200000 0.697755
vt 0.200000 0.797755
vt 0.200000 0.702245
vt 0.197815 0.800000
vt 0.102185 0.800000
vt 0.102185 0.800000
vt 0.097815 0.000000
vt 0.002185 0.000000
vt 0.002185 0.200000
vt 0.097815 0.200000
vt 0.002185 0.300000
vt 0.097815 0.300000
vt 0.002185 0.400000
vt 0.097815 0.400000
vt 0.002185 0.500000
vt 0.097815 0.500000
vt 0.097815 0.500000
vt 0.002185 0.600000
vt 0.097815 0.600000
vt 0.002185 0.700000
vt 0.097815 0.700000
vt 0.002185 0.800000
vt 0.097815 0.800000
vt 0.002185 0.900000
vt 0.097815 0.900000
vt 1.000000 0.097755
vt 1.000000 0.002245
vt 1.000000 0.097755
vt 0.997815 0.100000
vt 0.902185 0.100000
vt 0.902185 0.100000
vt 0.997815 0.100000
vt 0.997815 0.200000
vt 0.902185 0.200000
vt 0.902185 0.200000
vt 0.997815 0.200000
vt 0.997815 0.300000
vt 0.902185 0.300000
vt 0.997815 0.300000
vt 0.997815 0.400000
vt 0.902185 0.400000
vt 0.902185 0.400000
vt 0.997815 0.400000
vt 0.997815 0.500000
vt 0.902185 0.500000
vt 0.997815 0.500000
vt 0.997815 0.600000
vt 0.902185 0.600000
vt 0.997815 0.600000
vt 0.997815 0.700000
vt 0.902185 0.700000
vt 0.997815 0.700000
vt 0.997815 0.800000
vt 0.902185 0.800000
vt 0.902185 0.800000
vt 0.997815 0.800000
vt 0.102185 0.002245
vt 0.102185 0.097755
vt 0.197815 0.097755
vt 0.197815 0.002245
vt 0.902185 0.902245
vt 0.902185 0.997755
vt 0.997815 0.997755
vt 0.997815 0.902245
vt 0.002185 0.802245
vt 0.002185 0.897755
vt 0.097815 0.897755
vt 0.097815 0.802245
vt 0.102185 0.902245
vt 0.102185 0.997755
vt 0.197815 0.997755
vt 0.197815 0.902245
vt 0.202185 0.902245
vt 0.202185 0.997755
vt 0.297815 0.997755
vt 0.297815 0.902245
vt 0.302185 0.902245
vt 0.302185 0.997755
vt 0.397815 0.997755
vt 0.397815 0.902245
vt 0.402185 0.902245
vt 0.402185 0.997755
vt 0.497815 0.997755
vt 0.497815 0.902245
vt 0.502185 0.902245
vt 0.502185 0.997755
vt 0.597815 0.997755
vt 0.597815 0.902245
vt 0.602185 0.902245
vt 0.602185 0.997755
vt 0.697815 0.997755
vt 0.697815 0.902245
vt 0.702185 0.902245
vt 0.702185 0.997755
vt 0.797815 0.997755
vt 0.797815 0.902245
vt 0.802185 0.902245
vt 0.802185 0.997755
vt 0.897815 0.997755
vt 0.897815 0.902245
vt 0.802185 0.202245
vt 0.802185 0.297755
vt 0.897815 0.297755
vt 0.897815 0.202245
vt 0.802185 0.302245
vt 0.802185 0.397755
vt 0.897815 0.397755
vt 0.897815 0.302245
vt 0.802185 0.402245
vt 0.802185 0.497755
vt 0.897815 0.497755
vt 0.897815 0.402245
vt 0.802185 0.502245
vt 0.802185 0.597755
vt 0.897815 0.597755
vt 0.897815 0.502245
vt 0.802185 0.602245
vt 0.802185 0.697755
vt 0.897815 0.697755
vt 0.897815 0.602245
vt 0.802185 0.702245
vt 0.802185 0.797755
vt 0.897815 0.797755
vt 0.897815 0.702245
vt 0.802185 0.102245
vt 0.802185 0.197755
vt 0.897815 0.197755
vt 0.897815 0.102245
vt 0.802185 0.002245
vt 0.802185 0.097755
vt 0.897815 0.097755
vt 0.897815 0.002245
vt 0.702186 0.202245
vt 0.702186 0.297755
vt 0.797815 0.297755
vt 0.797815 0.202245
vt 0.702186 0.302245
vt 0.702185 0.397755
vt 0.797815 0.397755
vt 0.797815 0.302245
vt 0.702186 0.402245
vt 0.702186 0.497755
vt 0.797815 0.497755
vt 0.797815 0.402245
vt 0.702186 0.502245
vt 0.702185 0.597755
vt 0.797815 0.597755
vt 0.797815 0.502245
vt 0.702186 0.602245
vt 0.702186 0.697755
vt 0.797815 0.697755
vt 0.797815 0.602245
vt 0.702186 0.702245
vt 0.702185 0.797755
vt 0.797815 0.797755
vt 0.797815 0.702245
vt 0.702185 0.802245
vt 0.702185 0.897755
vt 0.797815 0.897755
vt 0.797815 0.802245
vt 0.802185 0.802245
vt 0.802185 0.897755
vt 0.897815 0.897755
vt 0.897815 0.802245
vt 0.702186 0.002245
vt 0.702186 0.097755
vt 0.797815 0.097755
vt 0.797815 0.002245
vt 0.602185 0.202245
vt 0.602185 0.297755
vt 0.697815 0.297755
vt 0.697815 0.202245
vt 0.602185 0.302245
vt 0.602185 0.397755
vt 0.697815 0.397755
vt 0.697815 0.302245
vt 0.602185 0.402245
vt 0.602185 0.497755
vt 0.697815 0.497755
vt 0.697815 0.402245
vt 0.602185 0.502245
vt 0.602185 0.597755
vt 0.697815 0.597755
vt 0.697815 0.502245
vt 0.602185 0.602245
vt 0.602185 0.697755
vt 0.697815 0.697755
vt 0.697815 0.602245
vt 0.602185 0.702245
vt 0.602185 0.797755
vt 0.697815 0.797755
vt 0.697815 0.702245
vt 0.602185 0.802245
vt 0.602185 0.897755
vt 0.697815 0.897755
vt 0.697815 0.802245
vt 0.702186 0.102245
vt 0.702186 0.197755
vt 0.797815 0.197755
vt 0.797815 0.102245
vt 0.602185 0.002245
vt 0.602185 0.097755
vt 0.697815 0.097755
vt 0.697815 0.002245
vt 0.502185 0.202245
vt 0.502185 0.297755
vt 0.597815 0.297755
vt 0.597815 0.202245
vt 0.502185 0.302245
vt 0.502185 0.397755
vt 0.597815 0.397755
vt 0.597815 0.302245
vt 0.502185 0.402245
vt 0.502185 0.497755
vt 0.597815 0.497755
vt 0.597815 0.402245
vt 0.502185 0.502245
vt 0.502185 0.597755
vt 0.597815 0.597755
vt 0.597815 0.502245
vt 0.502185 0.602245
vt 0.502185 0.697755
vt 0.597815 0.697755
vt 0.597815 0.602245
vt 0.502185 0.702245
vt 0.502185 0.797755
vt 0.597815 0.797755
vt 0.597815 0.702245
vt 0.502185 0.802245
vt 0.502185 0.897755
vt 0.597815 0.897755
vt 0.597815 0.802245
vt 0.602185 0.102245
vt 0.602185 0.197755
vt 0.697815 0.197755
vt 0.697815 0.102245
vt 0.502185 0.002245
vt 0.502185 0.097755
vt 0.597815 0.097755
vt 0.597815 0.002245
vt 0.402185 0.202245
vt 0.402185 0.297755
vt 0.497815 0.297755
vt 0.497815 0.202245
vt 0.402185 0.302245
vt 0.402185 0.397755
vt 0.497815 0.397755
vt 0.497815 0.302245
vt 0.402185 0.402245
vt 0.402185 0.497755
vt 0.497815 0.497755
vt 0.497815 0.402245
vt 0.402185 0.502245
vt 0.402185 0.597755
vt 0.497815 0.597755
vt 0.497815 0.502245
vt 0.402185 0.602245
vt 0.402185 0.697755
vt 0.497815 0.697755
vt 0.497815 0.602245
vt 0.402185 0.702245
vt 0.402185 0.797755
vt 0.497815 0.797755
vt 0.497815 0.702245
vt 0.402185 0.802245
vt 0.402185 0.897755
vt 0.497815 0.897755
vt 0.497815 0.802245
vt 0.502185 0.102245
vt 0.502185 0.197755
vt 0.597815 0.197755
vt 0.597815 0.102245
vt 0.402185 0.002245
vt 0.402185 0.097755
vt 0.497815 0.097755
vt 0.497815 0.002245
vt 0.302185 0.202245
vt 0.302185 0.297755
vt 0.397815 0.297755
vt 0.397815 0.202245
vt 0.302185 0.302245
vt 0.302185 0.397755
vt 0.397815 0.397755
vt 0.397815 0.302245
vt 0.302185 0.402245
vt 0.302185 0.497755
vt 0.397815 0.497755
vt 0.397815 0.402245
vt 0.302185 0.502245
vt 0.302185 0.597755
vt 0.397815 0.597755
vt 0.397815 0.502245
vt 0.302185 0.602245
vt 0.302185 0.697755
vt 0.397815 0.697755
vt 0.397815 0.602245
vt 0.302185 0.702245
vt 0.302185 0.797755
vt 0.397815 0.797755
vt 0.397815 0.702245
vt 0.302185 0.802245
vt 0.302185 0.897755
vt 0.397815 0.897755
vt 0.397815 0.802245
vt 0.402185 0.102245
vt 0.402185 0.197755
vt 0.497815 0.197755
vt 0.497815 0.102245
vt 0.302185 0.002245
vt 0.302185 0.097755
vt 0.397815 0.097755
vt 0.397815 0.002245
vt 0.202185 0.202245
vt 0.202185 0.297755
vt 0.297815 0.297755
vt 0.297815 0.202245
vt 0.202185 0.302245
vt 0.202185 0.397755
vt 0.297815 0.397755
vt 0.297815 0.302245
vt 0.202185 0.402245
vt 0.202185 0.497755
vt 0.297815 0.497755
vt 0.297815 0.402245
vt 0.202185 0.502245
vt 0.202185 0.597755
vt 0.297815 0.597755
vt 0.297815 0.502245
vt 0.202185 0.602245
vt 0.202185 0.697755
vt 0.297815 0.697755
vt 0.297815 0.602245
vt 0.202185 0.702245
vt 0.202185 0.797755
vt 0.297815 0.797755
vt 0.297815 0.702245
vt 0.202185 0.802245
vt 0.202185 0.897755
vt 0.297815 0.897755
vt 0.297815 0.802245
vt 0.302185 0.102245
vt 0.302185 0.197755
vt 0.397815 0.197755
vt 0.397815 0.102245
vt 0.202185 0.002245
vt 0.202185 0.097755
vt 0.297815 0.097755
vt 0.297815 0.002245
vt 0.102185 0.202245
vt 0.102185 0.297755
vt 0.197815 0.297755
vt 0.197815 0.202245
vt 0.102185 0.302245
vt 0.102185 0.397755
vt 0.197815 0.397755
vt 0.197815 0.302245
vt 0.102185 0.402245
vt 0.102185 0.497755
vt 0.197815 0.497755
vt 0.197815 0.402245
vt 0.102185 0.502245
vt 0.102185 0.597755
vt 0.197815 0.597755
vt 0.197815 0.502245
vt 0.102185 0.602245
vt 0.102185 0.697755
vt 0.197815 0.697755
vt 0.197815 0.602245
vt 0.102185 0.702245
vt 0.102185 0.797755
vt 0.197815 0.797755
vt 0.197815 0.702245
vt 0.102185 0.802245
vt 0.102185 0.897755
vt 0.197815 0.897755
vt 0.197815 0.802245
vt 0.202185 0.102245
vt 0.202185 0.197755
vt 0.297815 0.197755
vt 0.297815 0.102245
vt 0.902185 0.002245
vt 0.902185 0.097755
vt 0.997815 0.097755
vt 0.997815 0.002245
vt 0.902185 0.102245
vt 0.902185 0.197755
vt 0.997815 0.197755
vt 0.997815 0.102245
vt 0.002185 0.102245
vt 0.002185 0.197755
vt 0.097815 0.197755
vt 0.097815 0.102245
vt 0.002185 0.202245
vt 0.002185 0.297755
vt 0.097815 0.297755
vt 0.097815 0.202245
vt 0.002185 0.302245
vt 0.002185 0.397755
vt 0.097815 0.397755
vt 0.097815 0.302245
vt 0.002185 0.402245
vt 0.002185 0.497755
vt 0.097815 0.497755
vt 0.097815 0.402245
vt 0.002185 0.502245
vt 0.002185 0.597755
vt 0.097815 0.597755
vt 0.097815 0.502245
vt 0.002185 0.602245
vt 0.002185 0.697755
vt 0.097815 0.697755
vt 0.097815 0.602245
vt 0.002185 0.702245
vt 0.002185 0.797755
vt 0.097815 0.797755
vt 0.097815 0.702245
vt 0.002185 0.902245
vt 0.002185 0.997755
vt 0.097815 0.997755
vt 0.097815 0.902245
vt 0.902185 0.202245
vt 0.902185 0.297755
vt 0.997815 0.297755
vt 0.997815 0.202245
vt 0.902185 0.302245
vt 0.902185 0.397755
vt 0.997815 0.397755
vt 0.997815 0.302245
vt 0.902185 0.402245
vt 0.902185 0.497755
vt 0.997815 0.497755
vt 0.997815 0.402245
vt 0.902185 0.502245
vt 0.902185 0.597755
vt 0.997815 0.597755
vt 0.997815 0.502245
vt 0.902185 0.602245
vt 0.902185 0.697755
vt 0.997815 0.697755
vt 0.997815 0.602245
vt 0.902185 0.702245
vt 0.902185 0.797755
vt 0.997815 0.797755
vt 0.997815 0.702245
vt 0.902185 0.802245
vt 0.902185 0.897755
vt 0.997815 0.897755
vt 0.997815 0.802245
vt 0.102185 0.102245
vt 0.102185 0.197755
vt 0.197815 0.197755
vt 0.197815 0.102245
vt 0.002185 0.002245
vt 0.097815 0.002245
vt 0.097815 0.097755
vt 0.002185 0.097755
vt 0.997815 0.002245
vt 0.997815 0.097755
vt 0.997815 0.902245
vt 0.997815 0.997755
vt 0.902185 0.997755
vt 0.097815 0.997755
vt 0.997815 0.000000
vt 0.902185 0.000000
vt 0.997815 0.000000
vt 0.102185 0.002245
vt 0.102185 0.097755
vt 0.297815 0.097755
vt 0.502185 0.097755
vt 0.697815 0.097755
vt 0.802185 0.097755
vt 0.197815 0.000000
vt 0.102185 0.000000
vt 0.102185 0.000000
vt 0.897815 0.997755
vt 0.802185 0.997755
vt 0.797815 0.997755
vt 0.702185 0.997755
vt 0.697815 0.902245
vt 0.697815 0.997755
vt 0.602185 0.997755
vt 0.597815 0.997755
vt 0.502185 0.997755
vt 0.497815 0.902245
vt 0.497815 0.997755
vt 0.402185 0.997755
vt 0.302185 0.997755
vt 0.297815 0.997755
vt 0.202185 0.997755
vt 0.102185 0.902245
vt 0.197815 0.997755
vt 0.102185 0.997755
vt 0.097815 0.900000
vt 0.100000 0.902245
vt 0.100000 0.997755
vt 0.102185 1.000000
vt 0.197815 1.000000
vt 0.197815 1.000000
vt 0.202185 1.000000
vt 0.297815 1.000000
vt 0.302185 1.000000
vt 0.397815 1.000000
vt 0.397815 1.000000
vt 0.402185 1.000000
vt 0.497815 1.000000
vt 0.402185 1.000000
vt 0.502185 1.000000
vt 0.597815 1.000000
vt 0.602185 1.000000
vt 0.697815 1.000000
vt 0.602185 1.000000
vt 0.997815 0.900000
vt 0.902185 0.900000
vt 0.997815 0.900000
vt 1.000000 0.997755
vt 1.000000 0.902245
vt 0.097815 0.797755
vt 0.002185 0.797755
vt 0.097815 0.602245
vt 0.097815 0.597755
vt 0.002185 0.597755
vt 0.097815 0.302245
vt 0.097815 0.202245
vt 0.002185 0.297755
vt 0.002185 0.197755
vt 0.002185 1.000000
vt 0.097815 1.000000
vt 0.097815 1.000000
vt 0.997815 0.102245
vt 0.997815 0.197755
vt 0.997815 0.202245
vt 0.997815 0.297755
vt 0.902185 0.297755
vt 0.997815 0.302245
vt 0.997815 0.397755
vt 0.902185 0.397755
vt 0.997815 0.402245
vt 0.997815 0.497755
vt 0.997815 0.502245
vt 0.997815 0.597755
vt 0.997815 0.602245
vt 0.997815 0.702245
vt 0.997815 0.797755
vt 0.902185 0.797755
vt 0.997815 0.802245
vt 0.997815 0.897755
vt 0.297815 0.000000
vt 0.202185 0.000000
vt 0.002185 0.100000
vt 0.097815 0.100000
vt 0.102185 0.300000
vt 0.197815 0.300000
vt 0.102185 0.400000
vt 0.197815 0.400000
vt 0.102185 0.500000
vt 0.197815 0.500000
vt 0.102185 0.600000
vt 0.197815 0.600000
vt 0.102185 0.700000
vt 0.197815 0.700000
vt 0.197815 0.800000
vt 0.197815 0.800000
vt 0.197815 0.900000
vt 0.102185 0.900000
vt 0.102185 0.900000
vt 0.397815 0.000000
vt 0.302185 0.000000
vt 0.202185 0.200000
vt 0.297815 0.200000
vt 0.202185 0.300000
vt 0.297815 0.300000
vt 0.202185 0.400000
vt 0.297815 0.400000
vt 0.202185 0.500000
vt 0.297815 0.500000
vt 0.202185 0.600000
vt 0.297815 0.600000
vt 0.202185 0.700000
vt 0.297815 0.700000
vt 0.297815 0.900000
vt 0.202185 0.900000
vt 0.497815 0.000000
vt 0.402185 0.000000
vt 0.302185 0.200000
vt 0.397815 0.200000
vt 0.302185 0.300000
vt 0.397815 0.300000
vt 0.302185 0.400000
vt 0.397815 0.400000
vt 0.302185 0.500000
vt 0.397815 0.500000
vt 0.302185 0.600000
vt 0.397815 0.600000
vt 0.302185 0.700000
vt 0.397815 0.700000
vt 0.397815 0.800000
vt 0.397815 0.900000
vt 0.302185 0.900000
vt 0.597815 0.000000
vt 0.502185 0.000000
vt 0.402185 0.200000
vt 0.497815 0.200000
vt 0.402185 0.200000
vt 0.402185 0.300000
vt 0.497815 0.300000
vt 0.402185 0.300000
vt 0.402185 0.400000
vt 0.497815 0.400000
vt 0.402185 0.400000
vt 0.402185 0.500000
vt 0.497815 0.500000
vt 0.402185 0.500000
vt 0.402185 0.600000
vt 0.497815 0.600000
vt 0.402185 0.700000
vt 0.497815 0.700000
vt 0.402185 0.800000
vt 0.402185 0.800000
vt 0.497815 0.900000
vt 0.402185 0.900000
vt 0.697815 0.000000
vt 0.602185 0.000000
vt 0.502185 0.200000
vt 0.597815 0.200000
vt 0.502185 0.300000
vt 0.597815 0.300000
vt 0.502185 0.400000
vt 0.597815 0.400000
vt 0.502185 0.500000
vt 0.597815 0.500000
vt 0.502185 0.600000
vt 0.597815 0.600000
vt 0.502185 0.700000
vt 0.597815 0.700000
vt 0.597815 0.800000
vt 0.597815 0.900000
vt 0.502185 0.900000
vt 0.797815 0.000000
vt 0.702185 0.000000
vt 0.602185 0.200000
vt 0.697815 0.200000
vt 0.697815 0.200000
vt 0.602185 0.200000
vt 0.602185 0.300000
vt 0.697815 0.300000
vt 0.697815 0.300000
vt 0.602185 0.300000
vt 0.602185 0.400000
vt 0.697815 0.400000
vt 0.697815 0.400000
vt 0.602185 0.400000
vt 0.602185 0.500000
vt 0.697815 0.500000
vt 0.697815 0.500000
vt 0.602185 0.500000
vt 0.602185 0.600000
vt 0.697815 0.600000
vt 0.697815 0.600000
vt 0.602185 0.600000
vt 0.602185 0.700000
vt 0.697815 0.700000
vt 0.697815 0.700000
vt 0.602185 0.700000
vt 0.602185 0.800000
vt 0.697815 0.800000
vt 0.602185 0.800000
vt 0.697815 0.900000
vt 0.602185 0.900000
vt 0.897815 0.000000
vt 0.802185 0.000000
vt 0.702185 0.200000
vt 0.797815 0.200000
vt 0.702185 0.300000
vt 0.797815 0.300000
vt 0.702185 0.400000
vt 0.797815 0.400000
vt 0.702185 0.500000
vt 0.797815 0.500000
vt 0.797815 0.500000
vt 0.702185 0.600000
vt 0.797815 0.600000
vt 0.702185 0.700000
vt 0.797815 0.700000
vt 0.797815 0.900000
vt 0.702185 0.900000
vt 0.900000 0.097755
vt 0.900000 0.002245
vt 0.802185 0.197755
vt 0.897815 0.202245
vt 0.802185 0.297755
vt 0.802185 0.397755
vt 0.802185 0.497755
vt 0.897815 0.597755
vt 0.802185 0.597755
vt 0.897815 0.602245
vt 0.802185 0.697755
vt 0.897815 0.797755
vt 0.802185 0.797755
vt 0.802185 0.897755
vt 0.802185 1.000000
vt 0.897815 1.000000
vt 0.997815 0.100000
vt 0.997815 0.200000
vt 0.902185 0.300000
vt 0.997815 0.300000
vt 0.997815 0.300000
vt 0.902185 0.600000
vt 0.997815 0.600000
vt 0.997815 0.600000
vt 0.902185 0.700000
vt 0.997815 0.700000
vt 0.997815 0.700000
vt 0.100000 0.097755
vt 0.100000 0.002245
vt 0.800000 0.102245
vt 0.800000 0.197755
vt 0.800000 0.202245
vt 0.800000 0.297755
vt 0.800000 0.302245
vt 0.800000 0.397755
vt 0.800000 0.402245
vt 0.800000 0.497755
vt 0.800000 0.497755
vt 0.800000 0.402245
vt 0.800000 0.502245
vt 0.800000 0.597755
vt 0.800000 0.602245
vt 0.800000 0.697755
vt 0.800000 0.702245
vt 0.800000 0.797755
vt 0.897815 0.800000
vt 0.802185 0.800000
vt 0.802185 0.800000
vt 0.897815 0.800000
vt 0.800000 0.902245
vt 0.800000 0.997755
vt 0.700000 0.102245
vt 0.700000 0.197755
vt 0.700000 0.202245
vt 0.700000 0.297755
vt 0.700000 0.302245
vt 0.700000 0.397755
vt 0.700000 0.402245
vt 0.700000 0.497755
vt 0.700000 0.497755
vt 0.700000 0.402245
vt 0.700000 0.502245
vt 0.700000 0.602245
vt 0.700000 0.697755
vt 0.700000 0.797755
vt 0.800000 0.097755
vt 0.800000 0.002245
vt 0.700000 0.902245
vt 0.700000 0.997755
vt 0.600000 0.102245
vt 0.600000 0.197755
vt 0.600000 0.202245
vt 0.600000 0.297755
vt 0.600000 0.302245
vt 0.600000 0.397755
vt 0.600000 0.402245
vt 0.600000 0.497755
vt 0.600000 0.497755
vt 0.600000 0.402245
vt 0.600000 0.502245
vt 0.600000 0.597755
vt 0.600000 0.602245
vt 0.600000 0.697755
vt 0.600000 0.797755
vt 0.700000 0.097755
vt 0.700000 0.002245
vt 0.600000 0.902245
vt 0.600000 0.997755
vt 0.500000 0.102245
vt 0.500000 0.197755
vt 0.500000 0.102245
vt 0.500000 0.202245
vt 0.500000 0.297755
vt 0.500000 0.202245
vt 0.500000 0.302245
vt 0.500000 0.397755
vt 0.500000 0.402245
vt 0.500000 0.497755
vt 0.500000 0.497755
vt 0.500000 0.402245
vt 0.500000 0.502245
vt 0.500000 0.502245
vt 0.500000 0.602245
vt 0.500000 0.697755
vt 0.500000 0.602245
vt 0.500000 0.797755
vt 0.500000 0.702245
vt 0.600000 0.097755
vt 0.600000 0.002245
vt 0.500000 0.902245
vt 0.500000 0.997755
vt 0.400000 0.102245
vt 0.400000 0.197755
vt 0.400000 0.202245
vt 0.400000 0.297755
vt 0.400000 0.302245
vt 0.400000 0.397755
vt 0.400000 0.402245
vt 0.400000 0.497755
vt 0.400000 0.497755
vt 0.400000 0.502245
vt 0.400000 0.602245
vt 0.400000 0.697755
vt 0.400000 0.602245
vt 0.400000 0.702245
vt 0.400000 0.797755
vt 0.500000 0.097755
vt 0.500000 0.002245
vt 0.500000 0.097755
vt 0.400000 0.902245
vt 0.400000 0.997755
vt 0.300000 0.102245
vt 0.300000 0.197755
vt 0.300000 0.202245
vt 0.300000 0.297755
vt 0.300000 0.302245
vt 0.300000 0.397755
vt 0.300000 0.402245
vt 0.300000 0.497755
vt 0.300000 0.497755
vt 0.300000 0.402245
vt 0.300000 0.502245
vt 0.300000 0.597755
vt 0.300000 0.602245
vt 0.300000 0.697755
vt 0.300000 0.797755
vt 0.400000 0.097755
vt 0.400000 0.002245
vt 0.300000 0.902245
vt 0.300000 0.997755
vt 0.200000 0.102245
vt 0.200000 0.197755
vt 0.200000 0.202245
vt 0.200000 0.297755
vt 0.200000 0.302245
vt 0.200000 0.397755
vt 0.200000 0.402245
vt 0.200000 0.497755
vt 0.200000 0.497755
vt 0.200000 0.502245
vt 0.200000 0.602245
vt 0.200000 0.697755
vt 0.200000 0.602245
vt 0.200000 0.702245
vt 0.200000 0.797755
vt 0.300000 0.097755
vt 0.300000 0.002245
vt 0.200000 0.902245
vt 0.200000 0.997755
vt 0.100000 0.102245
vt 0.100000 0.197755
vt 0.100000 0.202245
vt 0.100000 0.297755
vt 0.100000 0.302245
vt 0.100000 0.397755
vt 0.100000 0.402245
vt 0.100000 0.497755
vt 0.100000 0.497755
vt 0.100000 0.502245
vt 0.100000 0.597755
vt 0.100000 0.602245
vt 0.100000 0.697755
vt 0.100000 0.702245
vt 0.100000 0.797755
vt 0.200000 0.097755
vt 0.200000 0.002245
vt 0.200000 0.802245
vt 0.200000 0.897755
vt 0.200000 0.802245
vt 0.102185 0.200000
vt 0.197815 0.200000
vt 0.197815 0.200000
vt 0.000000 0.102245
vt 0.000000 0.197755
vt 0.000000 0.202245
vt 0.000000 0.297755
vt 0.000000 0.302245
vt 0.000000 0.397755
vt 0.000000 0.402245
vt 0.000000 0.497755
vt 0.000000 0.497755
vt 0.000000 0.402245
vt 0.000000 0.502245
vt 0.000000 0.597755
vt 0.000000 0.602245
vt 0.000000 0.697755
vt 0.000000 0.697755
vt 0.000000 0.602245
vt 0.100000 0.802245
vt 0.100000 0.897755
vt 0.100000 0.897755
vt 0.100000 0.802245
vt 0.900000 0.297755
vt 0.900000 0.202245
vt 0.900000 0.397755
vt 0.900000 0.302245
vt 0.900000 0.497755
vt 0.900000 0.402245
vt 0.900000 0.402245
vt 0.900000 0.597755
vt 0.900000 0.502245
vt 0.900000 0.697755
vt 0.900000 0.602245
vt 0.900000 0.797755
vt 0.900000 0.702245
vt 0.997815 0.800000
vt 0.900000 0.897755
vt 0.900000 0.802245
vt 0.900000 0.897755
vt 0.000000 0.802245
vt 0.000000 0.897755
vt 0.000000 0.897755
vt 0.097815 0.800000
vt 0.297815 0.100000
vt 0.202185 0.100000
vt 0.000000 0.702245
vt 0.000000 0.797755
vt 0.300000 0.802245
vt 0.300000 0.897755
vt 0.300000 0.802245
vt 0.102185 0.802245
vt 0.197815 0.897755
vt 0.397815 0.100000
vt 0.302185 0.100000
vt 0.397815 0.100000
vt 0.400000 0.802245
vt 0.400000 0.897755
vt 0.400000 0.802245
vt 0.297815 0.897755
vt 0.497815 0.100000
vt 0.402185 0.100000
vt 0.500000 0.802245
vt 0.500000 0.897755
vt 0.500000 0.802245
vt 0.397815 0.802245
vt 0.302185 0.897755
vt 0.597815 0.100000
vt 0.502185 0.100000
vt 0.600000 0.802245
vt 0.600000 0.897755
vt 0.600000 0.802245
vt 0.697815 0.100000
vt 0.602185 0.100000
vt 0.697815 0.100000
vt 0.700000 0.802245
vt 0.700000 0.897755
vt 0.797815 0.100000
vt 0.702185 0.100000
vt 0.800000 0.802245
vt 0.800000 0.897755
vt 0.800000 0.802245
vt 0.697815 0.802245
vt 0.900000 0.102245
vt 0.900000 0.197755
vt 0.900000 0.902245
vt 0.900000 0.997755
vt 0.802185 0.900000
vt 0.702185 1.000000
vt 0.797815 1.000000
vt 0.797815 1.000000
vt 0.100000 0.997755
vt 0.100000 0.902245
vt 0.100000 0.197755
vt 0.100000 0.102245
vt 0.102185 0.100000
vt 0.197815 0.100000
vt 0.197815 0.100000
vt 0.100000 0.297755
vt 0.100000 0.202245
vt 0.197815 0.102245
vt 0.102185 0.197755
vt 1.000000 0.197755
vt 1.000000 0.102245
vt 1.000000 0.197755
vt 0.197815 0.202245
vt 0.197815 0.297755
vt 0.102185 0.297755
vt 0.100000 0.397755
vt 0.100000 0.302245
vt 0.197815 0.397755
vt 0.102185 0.397755
vt 0.100000 0.497755
vt 0.100000 0.402245
vt 0.100000 0.402245
vt 0.197815 0.402245
vt 0.100000 0.597755
vt 0.100000 0.502245
vt 0.102185 0.502245
vt 0.197815 0.502245
vt 0.102185 0.597755
vt 0.100000 0.697755
vt 0.097815 0.600000
vt 0.102185 0.602245
vt 0.197815 0.602245
vt 0.100000 0.797755
vt 0.100000 0.702245
vt 0.102185 0.702245
vt 0.102185 0.797755
vt 0.100000 0.897755
vt 0.100000 0.802245
vt 0.197815 0.900000
vt 0.197815 0.100000
vt 0.197815 0.200000
vt 0.102185 0.200000
vt 0.297815 0.197755
vt 0.202185 0.197755
vt 0.197815 0.300000
vt 0.102185 0.300000
vt 0.102185 0.300000
vt 0.297815 0.202245
vt 0.297815 0.297755
vt 0.202185 0.297755
vt 0.197815 0.400000
vt 0.102185 0.400000
vt 0.297815 0.397755
vt 0.202185 0.397755
vt 0.197815 0.500000
vt 0.102185 0.500000
vt 0.297815 0.497755
vt 0.197815 0.600000
vt 0.102185 0.600000
vt 0.102185 0.600000
vt 0.297815 0.597755
vt 0.202185 0.597755
vt 0.197815 0.700000
vt 0.102185 0.700000
vt 0.102185 0.700000
vt 0.297815 0.602245
vt 0.297815 0.697755
vt 0.200000 0.897755
vt 0.200000 0.802245
vt 0.200000 0.897755
vt 0.297815 0.797755
vt 0.202185 0.797755
vt 0.397815 0.100000
vt 0.302185 0.197755
vt 0.297815 0.300000
vt 0.202185 0.300000
vt 0.397815 0.202245
vt 0.302185 0.297755
vt 0.302185 0.397755
vt 0.302185 0.497755
vt 0.297815 0.600000
vt 0.202185 0.600000
vt 0.302185 0.597755
vt 0.397815 0.602245
vt 0.397815 0.697755
vt 0.302185 0.697755
vt 0.300000 0.897755
vt 0.300000 0.802245
vt 0.300000 0.897755
vt 0.302185 0.797755
vt 0.397815 0.900000
vt 0.402185 0.100000
vt 0.402185 0.100000
vt 0.397815 0.200000
vt 0.397815 0.200000
vt 0.402185 0.197755
vt 0.397815 0.300000
vt 0.302185 0.300000
vt 0.397815 0.300000
vt 0.497815 0.202245
vt 0.497815 0.297755
vt 0.402185 0.297755
vt 0.397815 0.400000
vt 0.397815 0.400000
vt 0.397815 0.500000
vt 0.397815 0.500000
vt 0.397815 0.600000
vt 0.302185 0.600000
vt 0.402185 0.502245
vt 0.497815 0.597755
vt 0.402185 0.597755
vt 0.397815 0.700000
vt 0.302185 0.700000
vt 0.497815 0.602245
vt 0.400000 0.897755
vt 0.400000 0.802245
vt 0.400000 0.897755
vt 0.497815 0.797755
vt 0.402185 0.900000
vt 0.597815 0.100000
vt 0.402185 0.200000
vt 0.502185 0.197755
vt 0.497815 0.300000
vt 0.402185 0.300000
vt 0.597815 0.202245
vt 0.597815 0.297755
vt 0.502185 0.297755
vt 0.402185 0.400000
vt 0.502185 0.397755
vt 0.402185 0.500000
vt 0.502185 0.497755
vt 0.497815 0.600000
vt 0.402185 0.600000
vt 0.597815 0.597755
vt 0.502185 0.597755
vt 0.497815 0.700000
vt 0.402185 0.700000
vt 0.597815 0.602245
vt 0.500000 0.897755
vt 0.500000 0.802245
vt 0.500000 0.897755
vt 0.597815 0.797755
vt 0.502185 0.797755
vt 0.597815 0.900000
vt 0.602185 0.100000
vt 0.697815 0.100000
vt 0.602185 0.100000
vt 0.597815 0.200000
vt 0.697815 0.197755
vt 0.602185 0.197755
vt 0.597815 0.300000
vt 0.502185 0.300000
vt 0.697815 0.202245
vt 0.697815 0.297755
vt 0.597815 0.400000
vt 0.697815 0.397755
vt 0.602185 0.397755
vt 0.597815 0.500000
vt 0.697815 0.497755
vt 0.597815 0.600000
vt 0.502185 0.600000
vt 0.697815 0.597755
vt 0.602185 0.597755
vt 0.597815 0.700000
vt 0.502185 0.700000
vt 0.697815 0.602245
vt 0.697815 0.697755
vt 0.600000 0.897755
vt 0.600000 0.802245
vt 0.600000 0.897755
vt 0.697815 0.797755
vt 0.602185 0.797755
vt 0.697815 0.900000
vt 0.602185 0.900000
vt 0.697815 0.200000
vt 0.602185 0.200000
vt 0.702186 0.197755
vt 0.697815 0.300000
vt 0.602185 0.300000
vt 0.797815 0.202245
vt 0.702186 0.297755
vt 0.702186 0.397755
vt 0.697815 0.600000
vt 0.602185 0.600000
vt 0.797815 0.597755
vt 0.697815 0.700000
vt 0.602185 0.700000
vt 0.602185 0.700000
vt 0.797815 0.602245
vt 0.700000 0.897755
vt 0.700000 0.802245
vt 0.797815 0.797755
vt 0.702185 0.797755
vt 0.802185 0.100000
vt 0.802185 0.100000
vt 0.802185 0.200000
vt 0.802185 0.200000
vt 0.802185 0.300000
vt 0.897815 0.300000
vt 0.802185 0.300000
vt 0.802185 0.400000
vt 0.702185 0.500000
vt 0.802185 0.500000
vt 0.797815 0.600000
vt 0.802185 0.600000
vt 0.897815 0.600000
vt 0.797815 0.700000
vt 0.702185 0.700000
vt 0.897815 0.700000
vt 0.800000 0.897755
vt 0.800000 0.802245
vt 0.800000 0.897755
vt 0.802185 0.800000
vt 0.802185 0.800000
vt 0.900000 0.002245
vt 0.900000 0.097755
vt 0.900000 0.197755
vt 0.900000 0.102245
vt 0.900000 0.202245
vt 0.900000 0.297755
vt 1.000000 0.297755
vt 1.000000 0.202245
vt 1.000000 0.297755
vt 0.900000 0.302245
vt 0.900000 0.397755
vt 1.000000 0.397755
vt 1.000000 0.302245
vt 0.900000 0.402245
vt 0.900000 0.497755
vt 0.900000 0.497755
vt 1.000000 0.497755
vt 1.000000 0.402245
vt 1.000000 0.402245
vt 1.000000 0.497755
vt 0.900000 0.502245
vt 0.900000 0.597755
vt 1.000000 0.597755
vt 1.000000 0.502245
vt 1.000000 0.597755
vt 0.900000 0.602245
vt 0.900000 0.697755
vt 1.000000 0.697755
vt 1.000000 0.602245
vt 1.000000 0.697755
vt 0.900000 0.797755
vt 1.000000 0.797755
vt 1.000000 0.702245
vt 1.000000 0.797755
vt 0.900000 0.802245
vt 0.900000 0.897755
vt 0.900000 0.802245
vt 1.000000 0.897755
vt 1.000000 0.802245
vt 1.000000 0.897755
vt 0.000000 0.002245
vt 0.000000 0.097755
s 0
usemtl comic
f 469/1/1 11/2/1 1212/3/1 1669/1/1
f 1171/4/2 8/5/2 1209/5/2 2371/4/2
f 63/6/3 376/7/3 1576/7/3 1262/6/3
f 60/8/3 388/9/3 1588/9/3 1259/8/3
f 57/10/3 400/11/3 1600/11/3 1256/10/3
f 54/12/3 412/13/3 1612/13/3 1253/12/3
f 51/14/3 424/15/3 1624/15/3 1250/14/3
f 48/16/3 436/17/3 1636/17/3 1247/16/3
f 45/18/3 448/19/3 1648/19/3 1244/18/3
f 42/20/3 467/21/3 1668/21/3 1241/20/3
f 36/22/2 1000/23/2 2200/23/2 1235/22/2
f 1080/24/4 1004/25/4 2205/26/4 2279/27/4
f 1089/28/4 1013/29/4 2214/30/4 2288/31/4
f 1098/32/4 1022/33/4 2223/34/4 2297/32/4
f 1107/35/4 1031/36/4 2232/37/4 2306/35/4
f 1116/38/4 1040/39/4 2241/40/4 2315/38/4
f 1125/41/4 1049/42/4 2250/42/4 2324/41/4
f 1134/43/4 1058/44/4 2259/45/4 2333/43/4
f 453/46/1 464/47/1 1665/47/1 1652/48/1
f 33/49/2 925/50/2 2125/50/2 1232/49/2
f 1017/51/3 311/52/3 1512/52/3 2216/51/3
f 1026/53/3 314/54/3 1515/54/3 2225/53/3
f 1035/55/3 317/56/3 1518/56/3 2234/55/3
f 1044/57/3 320/58/3 1521/59/3 2243/60/3
f 1053/61/3 323/62/3 1524/62/3 2252/61/3
f 1062/63/3 326/64/3 1527/64/3 2261/63/3
f 1071/65/3 329/66/3 1530/66/3 2270/65/3
f 333/67/4 992/68/4 2193/68/4 1532/67/4
f 30/69/2 850/70/2 2050/70/2 1229/69/2
f 942/71/3 284/72/3 1485/72/3 2141/71/3
f 951/73/3 287/74/3 1488/74/3 2150/73/3
f 960/75/3 290/76/3 1491/76/3 2159/75/3
f 969/77/3 293/78/3 1494/79/3 2168/80/3
f 978/81/3 296/82/3 1497/82/3 2177/81/3
f 987/83/3 299/84/3 1500/84/3 2186/83/3
f 996/85/3 302/86/3 1503/86/3 2195/85/3
f 306/87/4 917/88/4 2118/88/4 1505/89/4
f 27/90/2 775/91/2 1975/91/2 1226/92/2
f 867/93/3 257/94/3 1458/94/3 2066/93/3
f 876/95/3 260/96/3 1461/96/3 2075/95/3
f 885/97/3 263/98/3 1464/98/3 2084/97/3
f 894/99/3 266/100/3 1467/101/3 2093/102/3
f 903/103/3 269/104/3 1470/104/3 2102/103/3
f 912/105/3 272/106/3 1473/106/3 2111/105/3
f 921/107/3 275/108/3 1476/108/3 2120/107/3
f 279/109/4 842/110/4 2043/110/4 1478/109/4
f 24/111/2 700/112/2 1900/112/2 1223/111/2
f 792/113/3 230/114/3 1431/114/3 1991/115/3
f 801/116/3 233/117/3 1434/117/3 2000/118/3
f 810/119/3 236/120/3 1437/120/3 2009/119/3
f 819/121/3 239/122/3 1440/123/3 2018/124/3
f 828/125/3 242/126/3 1443/126/3 2027/127/3
f 837/128/3 245/129/3 1446/129/3 2036/130/3
f 846/131/3 248/132/3 1449/132/3 2045/133/3
f 252/134/4 767/135/4 1968/135/4 1451/134/4
f 21/136/2 625/137/2 1825/137/2 1220/136/2
f 717/138/3 203/139/3 1404/139/3 1916/138/3
f 726/140/3 206/141/3 1407/141/3 1925/140/3
f 735/142/3 209/143/3 1410/143/3 1934/142/3
f 744/144/3 212/145/3 1413/146/3 1943/144/3
f 753/147/3 215/148/3 1416/148/3 1952/147/3
f 762/149/3 218/150/3 1419/150/3 1961/151/3
f 771/152/3 221/153/3 1422/153/3 1970/152/3
f 225/154/4 692/155/4 1893/155/4 1424/156/4
f 18/157/2 550/158/2 1750/158/2 1217/157/2
f 642/159/3 176/160/3 1377/160/3 1841/159/3
f 651/161/3 179/162/3 1380/162/3 1850/161/3
f 660/163/3 182/164/3 1383/164/3 1859/163/3
f 669/165/3 185/166/3 1386/167/3 1868/168/3
f 678/169/3 188/170/3 1389/170/3 1877/169/3
f 687/171/3 191/172/3 1392/172/3 1886/171/3
f 696/173/3 194/174/3 1395/174/3 1895/173/3
f 198/175/4 617/176/4 1818/176/4 1397/175/4
f 15/177/2 475/178/2 1675/178/2 1214/177/2
f 567/179/3 149/180/3 1350/180/3 1766/179/3
f 576/181/3 152/182/3 1353/182/3 1775/181/3
f 585/183/3 155/184/3 1356/184/3 1784/183/3
f 594/185/3 158/186/3 1359/187/3 1793/188/3
f 603/189/3 161/190/3 1362/190/3 1802/189/3
f 612/191/3 164/192/3 1365/192/3 1811/193/3
f 621/194/3 167/195/3 1368/195/3 1820/194/3
f 171/196/4 542/197/4 1743/198/4 1370/196/4
f 472/199/4 2/200/4 1203/200/4 1672/199/4
f 90/201/1 490/202/1 1690/202/1 1289/201/1
f 87/203/1 499/204/1 1699/204/1 1286/203/1
f 84/205/1 508/206/1 1708/206/1 1283/205/1
f 81/207/1 517/208/1 1717/209/1 1280/207/1
f 78/210/1 526/211/1 1726/211/1 1277/210/1
f 75/212/1 535/213/1 1735/213/1 1274/212/1
f 72/214/1 544/215/1 1744/215/1 1271/214/1
f 69/216/1 146/217/1 1347/217/1 1268/216/1
f 1174/218/3 5/219/3 1206/219/3 2374/220/3
f 96/221/4 338/222/4 1539/223/4 1295/224/4
f 99/225/4 341/226/4 1542/227/4 1298/228/4
f 102/229/4 344/230/4 1545/230/4 1301/231/4
f 105/232/4 347/233/4 1548/234/4 1304/235/4
f 108/236/4 350/237/4 1551/237/4 1307/238/4
f 111/239/4 353/240/4 1554/240/4 1310/241/4
f 114/242/4 356/243/4 1557/243/4 1313/244/4
f 117/245/4 359/246/4 1560/247/4 1316/248/4
f 1215/249/5 1677/250/5 1758/251/5 1748/252/5
f 1661/253/5 1670/254/5 1211/255/5 2400/256/5
f 2369/257/5 1269/258/5 1346/259/5 1344/260/5
f 1572/261/5 1265/262/5 1263/263/5 1578/264/5
f 1584/265/5 1586/266/5 1260/267/5 1590/268/5
f 1596/269/5 1598/270/5 1257/271/5 1602/272/5
f 1608/273/5 1610/274/5 1254/275/5 1614/276/5
f 1620/277/5 1622/278/5 1251/279/5 1626/280/5
f 1632/281/5 1634/282/5 1248/283/5 1638/284/5
f 1644/285/5 1646/286/5 1245/287/5 1650/288/5
f 1656/289/5 1658/290/5 1242/291/5 1667/292/5
f 2213/293/5 2220/294/5 2294/295/5 2289/296/5
f 2222/297/5 2229/298/5 2303/299/5 2298/300/5
f 2231/301/5 2238/302/5 2312/303/5 2307/304/5
f 2240/305/5 2247/306/5 2321/307/5 2316/308/5
f 2249/309/5 2256/310/5 2330/311/5 2325/312/5
f 2258/313/5 2265/314/5 2339/315/5 2334/316/5
f 2204/317/5 2211/318/5 2285/319/5 2280/320/5
f 1236/321/5 2202/322/5 2276/323/5 1238/324/5
f 2138/325/5 2145/326/5 2226/327/5 1514/328/5
f 2147/329/5 2154/330/5 2235/331/5 1517/332/5
f 2156/333/5 2163/334/5 2244/335/5 1520/336/5
f 2165/337/5 2172/338/5 2253/339/5 1523/340/5
f 2174/341/5 2181/342/5 2262/343/5 1526/344/5
f 2183/345/5 2190/346/5 2271/347/5 1529/348/5
f 2192/349/5 1641/350/5 1536/351/5 1533/352/5
f 2267/353/5 1653/354/5 1664/355/5 2343/356/5
f 1233/357/5 2127/358/5 2208/359/5 2198/360/5
f 2063/361/5 2070/362/5 2151/363/5 1487/364/5
f 2072/365/5 2079/366/5 2160/367/5 1490/368/5
f 2081/369/5 2088/370/5 2169/371/5 1493/372/5
f 2090/373/5 2097/374/5 2178/375/5 1496/376/5
f 2099/377/5 2106/378/5 2187/379/5 1499/380/5
f 2108/381/5 2115/382/5 2196/383/5 1502/384/5
f 2117/385/5 1629/386/5 1509/387/5 1506/388/5
f 2129/389/5 2136/390/5 2217/391/5 1511/392/5
f 1230/393/5 2052/394/5 2133/395/5 2123/396/5
f 1988/397/5 1995/398/5 2076/399/5 1460/400/5
f 1997/401/5 2004/402/5 2085/403/5 1463/404/5
f 2006/405/5 2013/406/5 2094/407/5 1466/408/5
f 2015/409/5 2022/410/5 2103/411/5 1469/412/5
f 2024/413/5 2031/414/5 2112/415/5 1472/416/5
f 2033/417/5 2040/418/5 2121/419/5 1475/420/5
f 2042/421/5 1617/422/5 1482/423/5 1479/424/5
f 2054/425/5 2061/426/5 2142/427/5 1484/428/5
f 1227/429/5 1977/430/5 2058/431/5 2048/432/5
f 1913/433/5 1920/434/5 2001/435/5 1433/436/5
f 1922/437/5 1929/438/5 2010/439/5 1436/440/5
f 1931/441/5 1938/442/5 2019/443/5 1439/444/5
f 1940/445/5 1947/446/5 2028/447/5 1442/448/5
f 1949/449/5 1956/450/5 2037/451/5 1445/452/5
f 1958/453/5 1965/454/5 2046/455/5 1448/456/5
f 1967/457/5 1605/458/5 1455/459/5 1452/460/5
f 1979/461/5 1986/462/5 2067/463/5 1457/464/5
f 1224/465/5 1902/466/5 1983/467/5 1973/468/5
f 1838/469/5 1845/470/5 1926/471/5 1406/472/5
f 1847/473/5 1854/474/5 1935/475/5 1409/476/5
f 1856/477/5 1863/478/5 1944/479/5 1412/480/5
f 1865/481/5 1872/482/5 1953/483/5 1415/484/5
f 1874/485/5 1881/486/5 1962/487/5 1418/488/5
f 1883/489/5 1890/490/5 1971/491/5 1421/492/5
f 1892/493/5 1593/494/5 1428/495/5 1425/496/5
f 1904/497/5 1911/498/5 1992/499/5 1430/500/5
f 1221/501/5 1827/502/5 1908/503/5 1898/504/5
f 1763/505/5 1770/506/5 1851/507/5 1379/508/5
f 1772/509/5 1779/510/5 1860/511/5 1382/512/5
f 1781/513/5 1788/514/5 1869/515/5 1385/516/5
f 1790/517/5 1797/518/5 1878/519/5 1388/520/5
f 1799/521/5 1806/522/5 1887/523/5 1391/524/5
f 1808/525/5 1815/526/5 1896/527/5 1394/528/5
f 1817/529/5 1581/530/5 1401/531/5 1398/532/5
f 1829/533/5 1836/534/5 1917/535/5 1403/536/5
f 1218/537/5 1752/538/5 1833/539/5 1823/540/5
f 1688/541/5 1695/542/5 1776/543/5 1352/544/5
f 1697/545/5 1704/546/5 1785/547/5 1355/548/5
f 1706/549/5 1713/550/5 1794/551/5 1358/552/5
f 1715/553/5 1722/554/5 1803/555/5 1361/556/5
f 1724/557/5 1731/558/5 1812/559/5 1364/560/5
f 1733/561/5 1740/562/5 1821/563/5 1367/564/5
f 1742/565/5 1569/566/5 1374/567/5 1371/568/5
f 1754/569/5 1761/570/5 1842/571/5 1376/572/5
f 2274/573/5 2282/574/5 2375/575/5 1205/576/5
f 1538/577/5 2291/578/5 2378/579/5 1296/580/5
f 1292/581/5 1290/582/5 1692/583/5 1323/584/5
f 2351/585/5 1287/586/5 1701/587/5 1326/588/5
f 2354/589/5 1284/590/5 1710/591/5 1329/592/5
f 2357/593/5 1281/594/5 1719/595/5 1332/596/5
f 2360/597/5 1278/598/5 1728/599/5 1335/600/5
f 2363/601/5 1275/602/5 1737/603/5 1338/604/5
f 2366/605/5 1272/606/5 1746/607/5 1341/608/5
f 2372/609/5 1208/610/5 1575/611/5 1566/612/5
f 1541/613/5 2300/614/5 2381/615/5 1299/616/5
f 1544/617/5 2309/618/5 2384/619/5 1302/620/5
f 1547/621/5 2318/622/5 2387/623/5 1305/624/5
f 1550/625/5 2327/626/5 2390/627/5 1308/628/5
f 1553/629/5 2336/630/5 2393/631/5 1311/632/5
f 1556/633/5 2345/634/5 2396/635/5 1314/636/5
f 1559/637/5 1563/638/5 1319/639/5 1317/640/5
f 1679/641/5 1686/642/5 1767/643/5 1349/644/5
f 3/645/6 474/646/6 482/647/6 1148/648/6
f 1073/573/6 6/649/6 1176/650/6 1083/574/6
f 462/253/6 1199/651/6 12/652/6 471/653/6
f 1173/609/6 365/612/6 374/654/6 9/610/6
f 4/655/4 1072/656/4 2272/656/4 1204/657/4
f 14/658/6 549/252/6 557/251/6 476/659/6
f 17/537/6 624/540/6 632/660/6 551/538/6
f 20/501/6 699/504/6 707/503/6 626/502/6
f 23/465/6 774/468/6 782/467/6 701/466/6
f 26/429/6 849/432/6 857/431/6 776/661/6
f 29/393/6 924/396/6 932/662/6 851/394/6
f 32/357/6 999/360/6 1007/359/6 926/358/6
f 35/321/6 39/324/6 1077/323/6 1001/663/6
f 547/664/4 13/665/4 1213/666/4 1747/664/4
f 455/289/6 468/292/6 41/667/6 459/668/6
f 443/285/6 449/288/6 44/669/6 447/670/6
f 431/281/6 437/671/6 47/672/6 435/673/6
f 419/277/6 425/280/6 50/674/6 423/675/6
f 407/273/6 413/676/6 53/677/6 411/678/6
f 395/269/6 401/272/6 56/271/6 399/679/6
f 383/265/6 389/268/6 59/680/6 387/681/6
f 371/682/6 377/264/6 62/683/6 66/684/6
f 366/685/4 1172/216/4 2373/216/4 1565/685/4
f 372/686/2 65/687/2 1266/687/2 1571/686/2
f 64/688/1 61/689/1 1261/690/1 1264/688/1
f 385/691/1 58/692/1 1258/692/1 1585/691/1
f 397/693/1 55/694/1 1255/695/1 1597/693/1
f 409/696/1 52/697/1 1252/697/1 1609/698/1
f 421/699/1 49/700/1 1249/700/1 1621/699/1
f 433/701/1 46/702/1 1246/702/1 1633/703/1
f 1200/704/4 461/705/4 1662/705/4 2399/706/4
f 10/707/3 1198/708/3 2398/708/3 1210/707/3
f 1170/257/6 143/260/6 147/259/6 68/258/6
f 1167/605/6 140/608/6 545/709/6 71/710/6
f 1164/601/6 137/711/6 536/603/6 74/602/6
f 1161/597/6 134/600/6 527/712/6 77/713/6
f 1158/593/6 131/596/6 518/595/6 80/594/6
f 1155/589/6 128/714/6 509/591/6 83/590/6
f 1152/585/6 125/715/6 500/587/6 86/716/6
f 93/581/6 122/584/6 491/583/6 89/717/6
f 7/718/1 373/719/1 1573/720/1 1207/718/1
f 339/577/6 95/721/6 1179/722/6 1092/578/6
f 342/613/6 98/723/6 1182/724/6 1101/725/6
f 345/617/6 101/726/6 1185/727/6 1110/728/6
f 348/621/6 104/729/6 1188/730/6 1119/622/6
f 351/625/6 107/731/6 1191/732/6 1128/626/6
f 354/629/6 110/733/6 1194/631/6 1137/630/6
f 357/633/6 113/734/6 1197/735/6 1146/736/6
f 360/637/6 116/737/6 120/738/6 362/638/6
f 622/739/4 16/740/4 1216/740/4 1822/739/4
f 1149/741/1 481/742/1 1681/742/1 2348/741/1
f 495/743/1 574/744/1 1774/744/1 1694/743/1
f 504/745/1 583/746/1 1783/746/1 1703/745/1
f 513/747/1 592/748/1 1792/748/1 1712/747/1
f 522/749/1 601/750/1 1801/750/1 1721/749/1
f 531/751/1 610/752/1 1810/752/1 1730/751/1
f 540/198/1 619/753/1 1819/754/1 1739/198/1
f 378/755/4 370/756/4 1570/757/4 1577/755/4
f 697/758/4 19/759/4 1219/759/4 1897/758/4
f 561/760/1 640/761/1 1840/761/1 1760/760/1
f 570/762/1 649/763/1 1849/763/1 1769/762/1
f 579/764/1 658/765/1 1858/765/1 1778/764/1
f 588/766/1 667/767/1 1867/767/1 1787/766/1
f 597/768/1 676/769/1 1876/769/1 1796/768/1
f 606/770/1 685/771/1 1885/771/1 1805/770/1
f 615/176/1 694/175/1 1894/175/1 1814/176/1
f 390/772/4 382/773/4 1582/773/4 1589/772/4
f 772/774/4 22/775/4 1222/775/4 1972/774/4
f 636/776/1 715/777/1 1915/777/1 1835/776/1
f 645/778/1 724/779/1 1924/779/1 1844/778/1
f 654/780/1 733/781/1 1933/781/1 1853/780/1
f 663/782/1 742/783/1 1942/783/1 1862/782/1
f 672/784/1 751/785/1 1951/785/1 1871/784/1
f 681/786/1 760/787/1 1960/787/1 1880/786/1
f 690/155/1 769/788/1 1969/788/1 1889/155/1
f 402/789/4 394/790/4 1594/790/4 1601/789/4
f 847/791/4 25/792/4 1225/792/4 2047/791/4
f 711/793/1 790/794/1 1990/794/1 1910/795/1
f 720/796/1 799/797/1 1999/797/1 1919/798/1
f 729/799/1 808/800/1 2008/800/1 1928/801/1
f 738/802/1 817/803/1 2017/803/1 1937/804/1
f 747/805/1 826/806/1 2026/806/1 1946/805/1
f 756/807/1 835/808/1 2035/808/1 1955/807/1
f 765/809/1 844/134/1 2044/134/1 1964/810/1
f 414/811/4 406/812/4 1606/812/4 1613/811/4
f 922/813/4 28/814/4 1228/814/4 2122/813/4
f 786/815/1 865/816/1 2065/816/1 1985/815/1
f 795/817/1 874/818/1 2074/818/1 1994/817/1
f 804/819/1 883/820/1 2083/820/1 2003/819/1
f 813/821/1 892/822/1 2092/822/1 2012/821/1
f 822/823/1 901/824/1 2101/824/1 2021/823/1
f 831/825/1 910/826/1 2110/826/1 2030/825/1
f 840/110/1 919/827/1 2119/827/1 2039/110/1
f 426/828/4 418/829/4 1618/829/4 1625/828/4
f 997/830/4 31/831/4 1231/831/4 2197/830/4
f 861/832/1 940/833/1 2140/834/1 2060/835/1
f 870/836/1 949/837/1 2149/838/1 2069/839/1
f 879/840/1 958/841/1 2158/842/1 2078/843/1
f 888/844/1 967/845/1 2167/846/1 2087/847/1
f 897/848/1 976/849/1 2176/850/1 2096/851/1
f 906/852/1 985/853/1 2185/854/1 2105/855/1
f 915/856/1 994/857/1 2194/857/1 2114/858/1
f 438/859/4 430/860/4 1630/860/4 1637/859/4
f 37/861/4 34/862/4 1234/862/4 1237/861/4
f 936/863/1 1015/864/1 2215/864/1 2135/863/1
f 945/865/1 1024/866/1 2224/866/1 2144/865/1
f 954/867/1 1033/868/1 2233/868/1 2153/867/1
f 963/869/1 1042/870/1 2242/871/1 2162/869/1
f 972/872/1 1051/873/1 2251/873/1 2171/872/1
f 981/874/1 1060/875/1 2260/875/1 2180/874/1
f 990/68/1 1069/67/1 2269/67/1 2189/68/1
f 450/876/4 442/877/4 1642/877/4 1649/876/4
f 1075/878/3 38/879/3 1239/879/3 2275/878/3
f 1005/317/6 1079/320/6 1086/319/6 1010/880/6
f 1014/293/6 1088/881/6 1095/295/6 1019/882/6
f 1023/297/6 1097/300/6 1104/299/6 1028/883/6
f 1032/301/6 1106/304/6 1113/303/6 1037/884/6
f 1041/305/6 1115/308/6 1122/885/6 1046/886/6
f 1050/309/6 1124/887/6 1131/311/6 1055/888/6
f 1059/313/6 1133/316/6 1140/889/6 1064/890/6
f 1068/353/6 1142/356/6 465/355/6 452/891/6
f 457/892/1 40/893/1 1240/893/1 1657/892/1
f 1081/223/1 1175/894/1 2376/224/1 2281/223/1
f 1090/227/1 1178/895/1 2379/228/1 2290/227/1
f 1099/896/1 1181/897/1 2382/898/1 2299/896/1
f 1108/233/1 1184/232/1 2385/235/1 2308/234/1
f 1117/237/1 1187/236/1 2388/238/1 2317/237/1
f 1126/899/1 1190/900/1 2391/901/1 2326/899/1
f 1135/902/1 1193/903/1 2394/904/1 2335/902/1
f 483/905/3 473/906/3 1674/906/3 1682/905/3
f 1003/907/2 1009/908/2 2209/908/2 2203/907/2
f 1012/909/2 1018/910/2 2218/910/2 2212/909/2
f 1021/911/2 1027/912/2 2227/912/2 2221/911/2
f 1030/913/2 1036/914/2 2236/915/2 2230/916/2
f 1039/917/2 1045/918/2 2245/918/2 2239/917/2
f 1048/919/2 1054/920/2 2254/920/2 2248/919/2
f 1057/921/2 1063/922/2 2263/922/2 2257/921/2
f 1143/923/4 1067/924/4 2268/925/4 2342/926/4
f 456/927/2 458/928/2 1659/928/2 1655/927/2
f 928/929/2 934/930/2 2134/930/2 2128/929/2
f 937/931/2 943/932/2 2143/932/2 2137/931/2
f 946/933/2 952/934/2 2152/934/2 2146/933/2
f 955/935/2 961/936/2 2161/937/2 2155/938/2
f 964/939/2 970/81/2 2170/81/2 2164/939/2
f 973/940/2 979/941/2 2179/941/2 2173/940/2
f 982/86/2 988/942/2 2188/942/2 2182/86/2
f 1008/943/3 998/944/3 2199/944/3 2207/943/3
f 444/945/2 446/946/2 1647/946/2 1643/945/2
f 853/947/2 859/948/2 2059/948/2 2053/947/2
f 862/949/2 868/950/2 2068/950/2 2062/949/2
f 871/951/2 877/952/2 2077/952/2 2071/951/2
f 880/953/2 886/954/2 2086/955/2 2080/956/2
f 889/957/2 895/958/2 2095/958/2 2089/957/2
f 898/959/2 904/960/2 2104/960/2 2098/959/2
f 907/108/2 913/961/2 2113/961/2 2107/108/2
f 933/962/3 923/963/3 2124/963/3 2132/962/3
f 432/964/2 434/965/2 1635/965/2 1631/964/2
f 778/966/2 784/967/2 1984/967/2 1978/968/2
f 787/969/2 793/970/2 1993/970/2 1987/971/2
f 796/972/2 802/973/2 2002/973/2 1996/972/2
f 805/974/2 811/975/2 2011/976/2 2005/977/2
f 814/978/2 820/125/2 2020/125/2 2014/979/2
f 823/980/2 829/981/2 2029/981/2 2023/982/2
f 832/132/2 838/983/2 2038/983/2 2032/984/2
f 858/985/3 848/986/3 2049/986/3 2057/985/3
f 420/987/2 422/988/2 1623/988/2 1619/987/2
f 703/989/2 709/990/2 1909/990/2 1903/989/2
f 712/991/2 718/992/2 1918/992/2 1912/991/2
f 721/993/2 727/994/2 1927/994/2 1921/993/2
f 730/995/2 736/996/2 1936/997/2 1930/995/2
f 739/998/2 745/147/2 1945/147/2 1939/998/2
f 748/999/2 754/1000/2 1954/1000/2 1948/1001/2
f 757/1002/2 763/1003/2 1963/1003/2 1957/1002/2
f 783/1004/3 773/1005/3 1974/1005/3 1982/1006/3
f 408/1007/2 410/1008/2 1611/1008/2 1607/1007/2
f 628/1009/2 634/1010/2 1834/1010/2 1828/1009/2
f 637/1011/2 643/1012/2 1843/1012/2 1837/1011/2
f 646/1013/2 652/1014/2 1852/1014/2 1846/1013/2
f 655/1015/2 661/1016/2 1861/1017/2 1855/1018/2
f 664/1019/2 670/1020/2 1870/1020/2 1864/1019/2
f 673/1021/2 679/1022/2 1879/1022/2 1873/1021/2
f 682/174/2 688/1023/2 1888/1023/2 1882/174/2
f 708/1024/3 698/1025/3 1899/1025/3 1907/1024/3
f 396/1026/2 398/1027/2 1599/1027/2 1595/1026/2
f 553/1028/2 559/1029/2 1759/1029/2 1753/1028/2
f 562/1030/2 568/1031/2 1768/1031/2 1762/1030/2
f 571/1032/2 577/1033/2 1777/1033/2 1771/1032/2
f 580/1034/2 586/1035/2 1786/1036/2 1780/1034/2
f 589/1037/2 595/189/2 1795/189/2 1789/1037/2
f 598/1038/2 604/1039/2 1804/1039/2 1798/1040/2
f 607/1041/2 613/1042/2 1813/1042/2 1807/1041/2
f 633/1043/3 623/1044/3 1824/1044/3 1832/1043/3
f 384/1045/2 386/1046/2 1587/1046/2 1583/1045/2
f 478/1047/2 484/1048/2 1684/1048/2 1678/1047/2
f 487/1049/2 493/1050/2 1693/1050/2 1687/1049/2
f 496/1051/2 502/1052/2 1702/1052/2 1696/1051/2
f 505/1053/2 511/1054/2 1711/1055/2 1705/1053/2
f 514/1056/2 520/1057/2 1720/1057/2 1714/1056/2
f 523/1058/2 529/1059/2 1729/1059/2 1723/1058/2
f 532/1060/2 538/1061/2 1738/1061/2 1732/1060/2
f 558/1062/3 548/1063/3 1749/1063/3 1757/1062/3
f 616/1064/2 379/1065/2 1579/1065/2 1816/1066/2
f 486/1067/1 565/1068/1 1765/1069/1 1685/1067/1
f 123/742/4 92/741/4 1293/741/4 1322/742/4
f 91/1070/2 88/1071/2 1288/1071/2 1291/1070/2
f 1150/1072/2 85/1073/2 1285/1073/2 2350/1072/2
f 1153/1074/2 82/1075/2 1282/1075/2 2353/1074/2
f 1156/1076/2 79/1077/2 1279/1078/2 2356/1079/2
f 1159/1080/2 76/1081/2 1276/1081/2 2359/1080/2
f 1162/1082/2 73/1083/2 1273/1084/2 2362/1085/2
f 541/1086/2 367/1087/2 1567/1088/2 1741/1089/2
f 1093/1090/3 1087/1091/3 2287/1091/3 2293/1090/3
f 1102/1092/3 1096/1093/3 2296/1093/3 2302/1092/3
f 1111/1094/3 1105/1095/3 2305/1096/3 2311/1094/3
f 1120/1097/3 1114/1098/3 2314/1098/3 2320/1097/3
f 1129/1099/3 1123/1100/3 2323/1100/3 2329/1099/3
f 1138/1101/3 1132/1102/3 2332/1102/3 2338/1101/3
f 1144/247/1 1196/1103/1 2397/248/1 2344/247/1
f 1202/645/5 2349/648/5 1683/647/5 1673/646/5
f 463/1104/3 1141/1105/3 2341/1105/3 1663/1106/3
f 1168/1107/2 67/1108/2 1267/1109/2 2368/1107/2
f 144/1110/4 1169/214/4 2370/214/4 1343/1110/4
f 175/1111/4 554/1112/4 1755/1112/4 1375/1111/4
f 1165/1113/2 70/1114/2 1270/1114/2 2365/1113/2
f 691/1115/2 391/1116/2 1591/1116/2 1891/1117/2
f 543/1118/6 170/568/6 173/1119/6 368/566/6
f 202/1120/4 629/1121/4 1830/1121/4 1402/1122/4
f 766/1123/2 403/1124/2 1603/1124/2 1966/1125/2
f 618/529/6 197/532/6 200/1126/6 380/530/6
f 229/1127/4 704/1128/4 1905/1128/4 1429/1127/4
f 841/1129/2 415/1130/2 1615/1130/2 2041/1131/2
f 693/493/6 224/1132/6 227/495/6 392/1133/6
f 256/1134/4 779/1135/4 1980/1135/4 1456/1134/4
f 916/1136/2 427/1137/2 1627/1137/2 2116/1138/2
f 768/457/6 251/460/6 254/459/6 404/458/6
f 283/1139/4 854/1140/4 2055/1140/4 1483/1141/4
f 991/1142/2 439/1143/2 1639/1143/2 2191/1142/2
f 843/421/6 278/424/6 281/423/6 416/422/6
f 310/1144/4 929/1145/4 2130/1145/4 1510/1144/4
f 1066/1146/2 451/1147/2 1651/1147/2 2266/1148/2
f 918/385/6 305/1149/6 308/387/6 428/386/6
f 337/1150/2 1091/1151/2 2292/1151/2 1537/1150/2
f 460/1152/2 470/1153/2 1671/1153/2 1660/1152/2
f 993/349/6 332/352/6 335/351/6 440/350/6
f 466/47/4 454/1154/4 1654/48/4 1666/47/4
f 445/1155/1 43/1156/1 1243/1157/1 1645/1155/1
f 375/1158/3 364/1159/3 1564/686/3 1574/1158/3
f 492/1160/3 121/1161/3 1321/1161/3 1691/1160/3
f 477/1162/1 556/1163/1 1756/1164/1 1676/1162/1
f 501/1165/3 124/1166/3 1324/1166/3 1700/1165/3
f 480/641/6 150/1167/6 566/643/6 485/1168/6
f 1177/1169/3 94/1170/3 1294/1170/3 2377/1171/3
f 126/202/4 1151/201/4 2352/201/4 1325/202/4
f 489/541/6 153/1172/6 575/1173/6 494/1174/6
f 510/1175/3 127/1176/3 1327/1176/3 1709/1175/3
f 129/204/4 1154/203/4 2355/203/4 1328/204/4
f 498/545/6 156/548/6 584/1177/6 503/1178/6
f 519/1179/3 130/1180/3 1330/1181/3 1718/1179/3
f 132/206/4 1157/205/4 2358/205/4 1331/206/4
f 507/549/6 159/1182/6 593/551/6 512/550/6
f 528/1183/3 133/1184/3 1333/1184/3 1727/1183/3
f 135/209/4 1160/207/4 2361/207/4 1334/209/4
f 516/1185/6 162/1186/6 602/555/6 521/1187/6
f 537/1188/3 136/1058/3 1336/1058/3 1736/1188/3
f 138/1189/4 1163/210/4 2364/210/4 1337/1189/4
f 525/1190/6 165/1191/6 611/559/6 530/558/6
f 546/1192/3 139/1193/3 1339/1193/3 1745/1192/3
f 141/213/4 1166/212/4 2367/212/4 1340/213/4
f 534/1194/6 168/564/6 620/563/6 539/1195/6
f 145/1196/3 142/1197/3 1342/1089/3 1345/1196/3
f 369/757/1 172/1198/1 1372/1198/1 1568/757/1
f 148/1199/4 479/1162/4 1680/1162/4 1348/1199/4
f 552/1112/1 631/1111/1 1831/1111/1 1751/1112/1
f 151/1200/4 488/1201/4 1689/1067/4 1351/1200/4
f 555/569/6 177/572/6 641/1202/6 560/1203/6
f 154/1204/4 497/1205/4 1698/1206/4 1354/1204/4
f 564/505/6 180/1207/6 650/1208/6 569/1209/6
f 157/1210/4 506/1211/4 1707/745/4 1357/1210/4
f 573/509/6 183/512/6 659/1212/6 578/1213/6
f 160/1214/4 515/1215/4 1716/747/4 1360/1214/4
f 582/513/6 186/516/6 668/1216/6 587/514/6
f 163/1217/4 524/1218/4 1725/1219/4 1363/1217/4
f 591/517/6 189/520/6 677/1220/6 596/1221/6
f 166/1222/4 533/1223/4 1734/1224/4 1366/1222/4
f 600/521/6 192/1225/6 686/1226/6 605/522/6
f 174/1227/3 169/1228/3 1369/1228/3 1373/1229/3
f 609/525/6 195/528/6 695/1230/6 614/1231/6
f 381/773/1 199/772/1 1399/772/1 1580/773/1
f 627/1121/1 706/1232/1 1906/1232/1 1826/1121/1
f 178/761/4 563/760/4 1764/760/4 1378/761/4
f 630/533/6 204/536/6 716/535/6 635/1233/6
f 181/1234/4 572/1235/4 1773/1235/4 1381/1234/4
f 639/469/6 207/1236/6 725/471/6 644/1237/6
f 184/765/4 581/764/4 1782/764/4 1384/765/4
f 648/473/6 210/476/6 734/475/6 653/1238/6
f 187/767/4 590/766/4 1791/766/4 1387/767/4
f 657/477/6 213/480/6 743/479/6 662/1239/6
f 190/1240/4 599/1241/4 1800/1241/4 1390/1240/4
f 666/481/6 216/484/6 752/483/6 671/1242/6
f 193/771/4 608/770/4 1809/770/4 1393/771/4
f 675/485/6 219/1243/6 761/1244/6 680/1245/6
f 201/1246/3 196/1247/3 1396/1247/3 1400/1248/3
f 684/489/6 222/492/6 770/491/6 689/1249/6
f 393/790/1 226/1250/1 1426/1250/1 1592/790/1
f 702/1251/1 781/1127/1 1981/1127/1 1901/1252/1
f 205/1253/4 638/776/4 1839/776/4 1405/1254/4
f 705/497/6 231/500/6 791/499/6 710/1255/6
f 208/1256/4 647/1257/4 1848/1257/4 1408/1258/4
f 714/433/6 234/1259/6 800/1260/6 719/1261/6
f 211/1262/4 656/780/4 1857/780/4 1411/1263/4
f 723/437/6 237/440/6 809/439/6 728/438/6
f 214/1264/4 665/782/4 1866/782/4 1414/1265/4
f 732/441/6 240/444/6 818/443/6 737/442/6
f 217/1266/4 674/1267/4 1875/1267/4 1417/1266/4
f 741/1268/6 243/448/6 827/1269/6 746/1270/6
f 220/1271/4 683/1272/4 1884/1272/4 1420/1271/4
f 750/449/6 246/1273/6 836/451/6 755/450/6
f 228/1274/3 223/1275/3 1423/1275/3 1427/1276/3
f 759/453/6 249/456/6 845/1277/6 764/454/6
f 405/1278/1 253/811/1 1453/811/1 1604/1278/1
f 777/1135/1 856/1279/1 2056/1279/1 1976/1135/1
f 232/794/4 713/1280/4 1914/1280/4 1432/794/4
f 780/461/6 258/464/6 866/463/6 785/1281/6
f 235/1282/4 722/1283/4 1923/1283/4 1435/1282/4
f 789/397/6 261/1284/6 875/1285/6 794/1286/6
f 238/800/4 731/1287/4 1932/1287/4 1438/800/4
f 798/401/6 264/404/6 884/403/6 803/1288/6
f 241/803/4 740/1289/4 1941/1289/4 1441/803/4
f 807/405/6 267/408/6 893/407/6 812/1290/6
f 244/1291/4 749/1292/4 1950/1292/4 1444/1291/4
f 816/409/6 270/412/6 902/1293/6 821/1294/6
f 247/1295/4 758/1296/4 1959/1296/4 1447/1295/4
f 825/413/6 273/1297/6 911/415/6 830/414/6
f 255/1298/3 250/1299/3 1450/1299/3 1454/1300/3
f 834/417/6 276/420/6 920/1301/6 839/1302/6
f 417/829/1 280/1303/1 1480/1303/1 1616/829/1
f 852/1304/1 931/1141/1 2131/1305/1 2051/1306/1
f 259/1307/4 788/815/4 1989/815/4 1459/1307/4
f 855/425/6 285/428/6 941/1308/6 860/1309/6
f 262/1310/4 797/1311/4 1998/1311/4 1462/1310/4
f 864/361/6 288/1312/6 950/1313/6 869/362/6
f 265/1314/4 806/819/4 2007/819/4 1465/1314/4
f 873/365/6 291/368/6 959/1315/6 878/1316/6
f 268/1317/4 815/821/4 2016/821/4 1468/1317/4
f 882/369/6 294/372/6 968/1318/6 887/370/6
f 271/1319/4 824/1320/4 2025/1320/4 1471/1319/4
f 891/373/6 297/376/6 977/1321/6 896/1322/6
f 274/1323/4 833/1324/4 2034/1324/4 1474/1323/4
f 900/377/6 300/1325/6 986/1326/6 905/378/6
f 282/1327/3 277/1328/3 1477/1328/3 1481/1329/3
f 909/381/6 303/384/6 995/1330/6 914/1331/6
f 429/860/1 307/1332/1 1507/1332/1 1628/1333/1
f 927/1145/1 1006/1144/1 2206/1144/1 2126/1145/1
f 286/1334/4 863/1335/4 2064/1335/4 1486/833/4
f 930/389/6 312/392/6 1016/391/6 935/1336/6
f 289/1337/4 872/1338/4 2073/1338/4 1489/1337/4
f 939/325/6 315/1339/6 1025/327/6 944/1340/6
f 292/841/4 881/840/4 2082/840/4 1492/841/4
f 948/329/6 318/332/6 1034/331/6 953/1341/6
f 295/845/4 890/844/4 2091/844/4 1495/845/4
f 957/333/6 321/336/6 1043/335/6 962/334/6
f 298/1342/4 899/1343/4 2100/1343/4 1498/1342/4
f 966/337/6 324/340/6 1052/1344/6 971/338/6
f 301/1345/4 908/1346/4 2109/1347/4 1501/1345/4
f 975/341/6 327/1348/6 1061/343/6 980/342/6
f 309/1349/3 304/1350/3 1504/1350/3 1508/1349/3
f 984/345/6 330/348/6 1070/1351/6 989/1352/6
f 441/877/1 334/876/1 1534/876/1 1640/877/1
f 1002/1353/1 1076/27/1 2277/24/1 2201/1354/1
f 313/864/4 938/863/4 2139/863/4 1513/864/4
f 1011/1355/1 1085/31/1 2286/28/1 2210/1356/1
f 316/866/4 947/865/4 2148/865/4 1516/866/4
f 1020/1357/1 1094/1358/1 2295/1358/1 2219/1359/1
f 319/868/4 956/867/4 2157/867/4 1519/868/4
f 1029/1360/1 1103/35/1 2304/35/1 2228/37/1
f 322/871/4 965/1361/4 2166/869/4 1522/871/4
f 1038/1362/1 1112/38/1 2313/38/1 2237/40/1
f 325/1363/4 974/872/4 2175/872/4 1525/1363/4
f 1047/1364/1 1121/1365/1 2322/1365/1 2246/1364/1
f 328/1366/4 983/1367/4 2184/1367/4 1528/1366/4
f 1056/44/1 1130/43/1 2331/1368/1 2255/44/1
f 336/1369/3 331/1370/3 1531/1370/3 1535/1371/3
f 1065/1372/1 1139/926/1 2340/923/1 2264/1373/1
f 1074/1374/2 1082/1375/2 2283/1375/2 2273/1374/2
f 1084/1376/3 1078/1377/3 2278/1377/3 2284/1376/3
f 340/1378/2 1100/1379/2 2301/1379/2 1540/1378/2
f 1180/1380/3 97/1381/3 1297/1381/3 2380/1382/3
f 343/1383/2 1109/1384/2 2310/1384/2 1543/1383/2
f 1183/1385/3 100/1386/3 1300/1386/3 2383/1385/3
f 346/1387/2 1118/1388/2 2319/1389/2 1546/1387/2
f 1186/1390/3 103/1391/3 1303/1392/3 2386/1393/3
f 349/1394/2 1127/1395/2 2328/1395/2 1549/1394/2
f 1189/1396/3 106/1397/3 1306/1397/3 2389/1398/3
f 352/1399/2 1136/1400/2 2337/1400/2 1552/1399/2
f 1192/1401/3 109/1402/3 1309/1402/3 2392/1403/3
f 355/1102/2 1145/1404/2 2346/1404/2 1555/1102/2
f 1195/1405/3 112/1406/3 1312/1406/3 2395/1407/3
f 358/1408/2 361/1409/2 1561/1409/2 1558/1410/2
f 118/1411/3 115/1412/3 1315/1412/3 1318/1413/3
f 363/705/1 119/704/1 1320/706/1 1562/705/1
f 1/1414/7 2/200/7 3/645/7
f 4/655/8 5/219/8 6/649/8
f 7/718/9 8/5/9 9/610/9
f 10/707/10 11/2/10 12/652/10
f 13/665/7 14/658/7 15/177/7
f 16/740/7 17/537/7 18/157/7
f 19/759/7 20/501/7 21/136/7
f 22/775/7 23/465/7 24/111/7
f 25/792/7 26/429/7 27/90/7
f 28/814/7 29/393/7 30/69/7
f 31/831/7 32/357/7 33/49/7
f 34/862/7 35/321/7 36/22/7
f 37/861/8 38/879/8 39/324/8
f 40/893/10 41/667/10 42/20/10
f 43/1156/10 44/669/10 45/18/10
f 46/702/10 47/672/10 48/16/10
f 49/700/10 50/674/10 51/14/10
f 52/697/10 53/677/10 54/12/10
f 55/694/10 56/271/10 57/10/10
f 58/692/10 59/680/10 60/8/10
f 61/689/10 62/683/10 63/6/10
f 64/688/9 65/687/9 66/684/9
f 67/1108/11 68/258/11 69/216/11
f 70/1114/12 71/710/12 72/214/12
f 73/1083/12 74/602/12 75/212/12
f 76/1081/12 77/713/12 78/210/12
f 79/1077/12 80/594/12 81/207/12
f 82/1075/12 83/590/12 84/205/12
f 85/1073/12 86/716/12 87/203/12
f 88/1071/13 89/717/13 90/201/13
f 91/1070/14 92/741/14 93/581/14
f 94/1170/15 95/721/15 96/221/15
f 97/1381/15 98/723/15 99/225/15
f 100/1386/16 101/726/16 102/229/16
f 103/1391/15 104/729/15 105/232/15
f 106/1397/15 107/731/15 108/236/15
f 109/1402/15 110/733/15 111/239/15
f 112/1406/15 113/734/15 114/242/15
f 115/1412/15 116/737/15 117/245/15
f 118/1411/17 119/704/17 120/738/17
f 121/1161/8 122/584/8 123/742/8
f 124/1166/18 125/715/18 126/202/18
f 127/1176/18 128/714/18 129/204/18
f 130/1180/15 131/596/15 132/206/15
f 133/1184/18 134/600/18 135/209/18
f 136/1058/18 137/711/18 138/1189/18
f 139/1193/18 140/608/18 141/213/18
f 142/1197/15 143/260/15 144/1110/15
f 145/1196/10 146/217/10 147/259/10
f 148/1199/8 149/180/8 150/1167/8
f 151/1200/18 152/182/18 153/1172/18
f 154/1204/8 155/184/8 156/548/8
f 157/1210/18 158/186/18 159/1182/18
f 160/1214/8 161/190/8 162/1186/8
f 163/1217/8 164/192/8 165/1191/8
f 166/1222/18 167/195/18 168/564/18
f 169/1228/18 170/568/18 171/196/18
f 172/1198/19 173/1119/19 174/1227/19
f 175/1111/8 176/160/8 177/572/8
f 178/761/18 179/162/18 180/1207/18
f 181/1234/18 182/164/18 183/512/18
f 184/765/18 185/166/18 186/516/18
f 187/767/18 188/170/18 189/520/18
f 190/1240/18 191/172/18 192/1225/18
f 193/771/18 194/174/18 195/528/18
f 196/1247/18 197/532/18 198/175/18
f 199/772/10 200/1126/10 201/1246/10
f 202/1120/8 203/139/8 204/536/8
f 205/1253/16 206/141/16 207/1236/16
f 208/1256/20 209/143/20 210/476/20
f 211/1262/20 212/145/20 213/480/20
f 214/1264/16 215/148/16 216/484/16
f 217/1266/16 218/150/16 219/1243/16
f 220/1271/16 221/153/16 222/492/16
f 223/1275/20 224/1132/20 225/154/20
f 226/1250/19 227/495/19 228/1274/19
f 229/1127/8 230/114/8 231/500/8
f 232/794/18 233/117/18 234/1259/18
f 235/1282/18 236/120/18 237/440/18
f 238/800/18 239/122/18 240/444/18
f 241/803/18 242/126/18 243/448/18
f 244/1291/18 245/129/18 246/1273/18
f 247/1295/18 248/132/18 249/456/18
f 250/1299/18 251/460/18 252/134/18
f 253/811/10 254/459/10 255/1298/10
f 256/1134/8 257/94/8 258/464/8
f 259/1307/18 260/96/18 261/1284/18
f 262/1310/18 263/98/18 264/404/18
f 265/1314/18 266/100/18 267/408/18
f 268/1317/18 269/104/18 270/412/18
f 271/1319/18 272/106/18 273/1297/18
f 274/1323/18 275/108/18 276/420/18
f 277/1328/18 278/424/18 279/109/18
f 280/1303/21 281/423/21 282/1327/21
f 283/1139/15 284/72/15 285/428/15
f 286/1334/15 287/74/15 288/1312/15
f 289/1337/18 290/76/18 291/368/18
f 292/841/18 293/78/18 294/372/18
f 295/845/15 296/82/15 297/376/15
f 298/1342/15 299/84/15 300/1325/15
f 301/1345/15 302/86/15 303/384/15
f 304/1350/18 305/1149/18 306/87/18
f 307/1332/17 308/387/17 309/1349/17
f 310/1144/15 311/52/15 312/392/15
f 313/864/15 314/54/15 315/1339/15
f 316/866/15 317/56/15 318/332/15
f 319/868/15 320/58/15 321/336/15
f 322/871/15 323/62/15 324/340/15
f 325/1363/15 326/64/15 327/1348/15
f 328/1366/15 329/66/15 330/348/15
f 331/1370/15 332/352/15 333/67/15
f 334/876/21 335/351/21 336/1369/21
f 337/1150/22 338/222/22 339/577/22
f 340/1378/22 341/226/22 342/613/22
f 343/1383/22 344/230/22 345/617/22
f 346/1387/22 347/233/22 348/621/22
f 349/1394/22 350/237/22 351/625/22
f 352/1399/22 353/240/22 354/629/22
f 355/1102/22 356/243/22 357/633/22
f 358/1408/22 359/246/22 360/637/22
f 361/1409/23 362/638/23 363/705/23
f 364/1159/20 365/612/20 366/685/20
f 367/1087/9 368/566/9 369/757/9
f 370/756/24 371/682/24 372/686/24
f 373/719/10 374/654/10 375/1158/10
f 376/7/20 377/264/20 378/755/20
f 379/1065/9 380/530/9 381/773/9
f 382/773/24 383/265/24 384/1045/24
f 385/691/9 386/1046/9 387/681/9
f 388/9/20 389/268/20 390/772/20
f 391/1116/9 392/1133/9 393/790/9
f 394/790/24 395/269/24 396/1026/24
f 397/693/9 398/1027/9 399/679/9
f 400/11/8 401/272/8 402/789/8
f 403/1124/11 404/458/11 405/1278/11
f 406/812/7 407/273/7 408/1007/7
f 409/696/9 410/1008/9 411/678/9
f 412/13/20 413/676/20 414/811/20
f 415/1130/9 416/422/9 417/829/9
f 418/829/24 419/277/24 420/987/24
f 421/699/9 422/988/9 423/675/9
f 424/15/20 425/280/20 426/828/20
f 427/1137/13 428/386/13 429/860/13
f 430/860/24 431/281/24 432/964/24
f 433/701/9 434/965/9 435/673/9
f 436/17/20 437/671/20 438/859/20
f 439/1143/9 440/350/9 441/877/9
f 442/877/24 443/285/24 444/945/24
f 445/1155/9 446/946/9 447/670/9
f 448/19/25 449/288/25 450/876/25
f 451/1147/13 452/891/13 453/46/13
f 454/1154/26 455/289/26 456/927/26
f 457/892/9 458/928/9 459/668/9
f 460/1152/26 461/705/26 462/253/26
f 463/1104/21 464/47/21 465/355/21
f 466/47/25 467/21/25 468/292/25
f 469/1/9 470/1153/9 471/653/9
f 472/199/8 473/906/8 474/646/8
f 475/178/9 476/659/9 477/1162/9
f 478/1047/7 479/1162/7 480/641/7
f 481/742/10 482/647/10 483/905/10
f 484/1048/11 485/1168/11 486/1067/11
f 487/1049/27 488/1201/27 489/541/27
f 490/202/19 491/583/19 492/1160/19
f 493/1050/28 494/1174/28 495/743/28
f 496/1051/27 497/1205/27 498/545/27
f 499/204/29 500/587/29 501/1165/29
f 502/1052/28 503/1178/28 504/745/28
f 505/1053/27 506/1211/27 507/549/27
f 508/206/29 509/591/29 510/1175/29
f 511/1054/28 512/550/28 513/747/28
f 514/1056/27 515/1215/27 516/1185/27
f 517/208/29 518/595/29 519/1179/29
f 520/1057/30 521/1187/30 522/749/30
f 523/1058/27 524/1218/27 525/1190/27
f 526/211/29 527/712/29 528/1183/29
f 529/1059/28 530/558/28 531/751/28
f 532/1060/27 533/1223/27 534/1194/27
f 535/213/29 536/603/29 537/1188/29
f 538/1061/28 539/1195/28 540/198/28
f 541/1086/27 542/197/27 543/1118/27
f 544/215/29 545/709/29 546/1192/29
f 547/664/8 548/1063/8 549/252/8
f 550/158/9 551/538/9 552/1112/9
f 553/1028/7 554/1112/7 555/569/7
f 556/1163/10 557/251/10 558/1062/10
f 559/1029/11 560/1203/11 561/760/11
f 562/1030/27 563/760/27 564/505/27
f 565/1068/10 566/643/10 567/179/10
f 568/1031/28 569/1209/28 570/762/28
f 571/1032/27 572/1235/27 573/509/27
f 574/744/29 575/1173/29 576/181/29
f 577/1033/28 578/1213/28 579/764/28
f 580/1034/27 581/764/27 582/513/27
f 583/746/29 584/1177/29 585/183/29
f 586/1035/28 587/514/28 588/766/28
f 589/1037/27 590/766/27 591/517/27
f 592/748/10 593/551/10 594/185/10
f 595/189/30 596/1221/30 597/768/30
f 598/1038/27 599/1241/27 600/521/27
f 601/750/21 602/555/21 603/189/21
f 604/1039/28 605/522/28 606/770/28
f 607/1041/27 608/770/27 609/525/27
f 610/752/10 611/559/10 612/191/10
f 613/1042/28 614/1231/28 615/176/28
f 616/1064/27 617/176/27 618/529/27
f 619/753/10 620/563/10 621/194/10
f 622/739/8 623/1044/8 624/540/8
f 625/137/9 626/502/9 627/1121/9
f 628/1009/7 629/1121/7 630/533/7
f 631/1111/10 632/660/10 633/1043/10
f 634/1010/11 635/1233/11 636/776/11
f 637/1011/27 638/776/27 639/469/27
f 640/761/19 641/1202/19 642/159/19
f 643/1012/28 644/1237/28 645/778/28
f 646/1013/27 647/1257/27 648/473/27
f 649/763/29 650/1208/29 651/161/29
f 652/1014/28 653/1238/28 654/780/28
f 655/1015/27 656/780/27 657/477/27
f 658/765/29 659/1212/29 660/163/29
f 661/1016/28 662/1239/28 663/782/28
f 664/1019/27 665/782/27 666/481/27
f 667/767/29 668/1216/29 669/165/29
f 670/1020/30 671/1242/30 672/784/30
f 673/1021/27 674/1267/27 675/485/27
f 676/769/31 677/1220/31 678/169/31
f 679/1022/28 680/1245/28 681/786/28
f 682/174/27 683/1272/27 684/489/27
f 685/771/29 686/1226/29 687/171/29
f 688/1023/28 689/1249/28 690/155/28
f 691/1115/27 692/155/27 693/493/27
f 694/175/29 695/1230/29 696/173/29
f 697/758/8 698/1025/8 699/504/8
f 700/112/9 701/466/9 702/1251/9
f 703/989/7 704/1128/7 705/497/7
f 706/1232/10 707/503/10 708/1024/10
f 709/990/9 710/1255/9 711/793/9
f 712/991/27 713/1280/27 714/433/27
f 715/777/10 716/535/10 717/138/10
f 718/992/11 719/1261/11 720/796/11
f 721/993/27 722/1283/27 723/437/27
f 724/779/32 725/471/32 726/140/32
f 727/994/11 728/438/11 729/799/11
f 730/995/27 731/1287/27 732/441/27
f 733/781/32 734/475/32 735/142/32
f 736/996/11 737/442/11 738/802/11
f 739/998/27 740/1289/27 741/1268/27
f 742/783/32 743/479/32 744/144/32
f 745/147/11 746/1270/11 747/805/11
f 748/999/27 749/1292/27 750/449/27
f 751/785/19 752/483/19 753/147/19
f 754/1000/11 755/450/11 756/807/11
f 757/1002/27 758/1296/27 759/453/27
f 760/787/32 761/1244/32 762/149/32
f 763/1003/11 764/454/11 765/809/11
f 766/1123/27 767/135/27 768/457/27
f 769/788/32 770/491/32 771/152/32
f 772/774/8 773/1005/8 774/468/8
f 775/91/9 776/661/9 777/1135/9
f 778/966/7 779/1135/7 780/461/7
f 781/1127/10 782/467/10 783/1004/10
f 784/967/11 785/1281/11 786/815/11
f 787/969/27 788/815/27 789/397/27
f 790/794/19 791/499/19 792/113/19
f 793/970/28 794/1286/28 795/817/28
f 796/972/27 797/1311/27 798/401/27
f 799/797/21 800/1260/21 801/116/21
f 802/973/28 803/1288/28 804/819/28
f 805/974/27 806/819/27 807/405/27
f 808/800/29 809/439/29 810/119/29
f 811/975/28 812/1290/28 813/821/28
f 814/978/27 815/821/27 816/409/27
f 817/803/29 818/443/29 819/121/29
f 820/125/30 821/1294/30 822/823/30
f 823/980/27 824/1320/27 825/413/27
f 826/806/21 827/1269/21 828/125/21
f 829/981/28 830/414/28 831/825/28
f 832/132/27 833/1324/27 834/417/27
f 835/808/29 836/451/29 837/128/29
f 838/983/28 839/1302/28 840/110/28
f 841/1129/27 842/110/27 843/421/27
f 844/134/21 845/1277/21 846/131/21
f 847/791/8 848/986/8 849/432/8
f 850/70/9 851/394/9 852/1304/9
f 853/947/7 854/1140/7 855/425/7
f 856/1279/21 857/431/21 858/985/21
f 859/948/11 860/1309/11 861/832/11
f 862/949/27 863/1335/27 864/361/27
f 865/816/31 866/463/31 867/93/31
f 868/950/28 869/362/28 870/836/28
f 871/951/27 872/1338/27 873/365/27
f 874/818/21 875/1285/21 876/95/21
f 877/952/28 878/1316/28 879/840/28
f 880/953/27 881/840/27 882/369/27
f 883/820/21 884/403/21 885/97/21
f 886/954/12 887/370/12 888/844/12
f 889/957/27 890/844/27 891/373/27
f 892/822/21 893/407/21 894/99/21
f 895/958/30 896/1322/30 897/848/30
f 898/959/27 899/1343/27 900/377/27
f 901/824/21 902/1293/21 903/103/21
f 904/960/28 905/378/28 906/852/28
f 907/108/27 908/1346/27 909/381/27
f 910/826/21 911/415/21 912/105/21
f 913/961/28 914/1331/28 915/856/28
f 916/1136/27 917/88/27 918/385/27
f 919/827/21 920/1301/21 921/107/21
f 922/813/8 923/963/8 924/396/8
f 925/50/9 926/358/9 927/1145/9
f 928/929/7 929/1145/7 930/389/7
f 931/1141/10 932/662/10 933/962/10
f 934/930/11 935/1336/11 936/863/11
f 937/931/27 938/863/27 939/325/27
f 940/833/19 941/1308/19 942/71/19
f 943/932/28 944/1340/28 945/865/28
f 946/933/27 947/865/27 948/329/27
f 949/837/29 950/1313/29 951/73/29
f 952/934/28 953/1341/28 954/867/28
f 955/935/27 956/867/27 957/333/27
f 958/841/32 959/1315/32 960/75/32
f 961/936/28 962/334/28 963/869/28
f 964/939/27 965/1361/27 966/337/27
f 967/845/32 968/1318/32 969/77/32
f 970/81/30 971/338/30 972/872/30
f 973/940/27 974/872/27 975/341/27
f 976/849/31 977/1321/31 978/81/31
f 979/941/28 980/342/28 981/874/28
f 982/86/27 983/1367/27 984/345/27
f 985/853/32 986/1326/32 987/83/32
f 988/942/28 989/1352/28 990/68/28
f 991/1142/27 992/68/27 993/349/27
f 994/857/29 995/1330/29 996/85/29
f 997/830/8 998/944/8 999/360/8
f 1000/23/13 1001/663/13 1002/1353/13
f 1003/907/22 1004/25/22 1005/317/22
f 1006/1144/21 1007/359/21 1008/943/21
f 1009/908/11 1010/880/11 1011/1355/11
f 1012/909/22 1013/29/22 1014/293/22
f 1015/864/31 1016/391/31 1017/51/31
f 1018/910/12 1019/882/12 1020/1357/12
f 1021/911/22 1022/33/22 1023/297/22
f 1024/866/21 1025/327/21 1026/53/21
f 1027/912/12 1028/883/12 1029/1360/12
f 1030/913/22 1031/36/22 1032/301/22
f 1033/868/21 1034/331/21 1035/55/21
f 1036/914/12 1037/884/12 1038/1362/12
f 1039/917/22 1040/39/22 1041/305/22
f 1042/870/21 1043/335/21 1044/57/21
f 1045/918/12 1046/886/12 1047/1364/12
f 1048/919/22 1049/42/22 1050/309/22
f 1051/873/21 1052/1344/21 1053/61/21
f 1054/920/12 1055/888/12 1056/44/12
f 1057/921/22 1058/44/22 1059/313/22
f 1060/875/21 1061/343/21 1062/63/21
f 1063/922/12 1064/890/12 1065/1372/12
f 1066/1146/22 1067/924/22 1068/353/22
f 1069/67/21 1070/1351/21 1071/65/21
f 1072/656/7 1073/573/7 1074/1374/7
f 1075/878/21 1076/27/21 1077/323/21
f 1078/1377/15 1079/320/15 1080/24/15
f 1081/223/23 1082/1375/23 1083/574/23
f 1084/1376/31 1085/31/31 1086/319/31
f 1087/1091/15 1088/881/15 1089/28/15
f 1090/227/30 1091/1151/30 1092/578/30
f 1093/1090/21 1094/1358/21 1095/295/21
f 1096/1093/15 1097/300/15 1098/32/15
f 1099/896/23 1100/1379/23 1101/725/23
f 1102/1092/21 1103/35/21 1104/299/21
f 1105/1095/15 1106/304/15 1107/35/15
f 1108/233/23 1109/1384/23 1110/728/23
f 1111/1094/21 1112/38/21 1113/303/21
f 1114/1098/15 1115/308/15 1116/38/15
f 1117/237/23 1118/1388/23 1119/622/23
f 1120/1097/21 1121/1365/21 1122/885/21
f 1123/1100/15 1124/887/15 1125/41/15
f 1126/899/23 1127/1395/23 1128/626/23
f 1129/1099/21 1130/43/21 1131/311/21
f 1132/1102/15 1133/316/15 1134/43/15
f 1135/902/23 1136/1400/23 1137/630/23
f 1138/1101/21 1139/926/21 1140/889/21
f 1141/1105/15 1142/356/15 1143/923/15
f 1144/247/23 1145/1404/23 1146/736/23
f 1147/1415/13 1148/648/13 1149/741/13
f 1150/1072/33 1151/201/33 1152/585/33
f 1153/1074/33 1154/203/33 1155/589/33
f 1156/1076/33 1157/205/33 1158/593/33
f 1159/1080/33 1160/207/33 1161/597/33
f 1162/1082/33 1163/210/33 1164/601/33
f 1165/1113/33 1166/212/33 1167/605/33
f 1168/1107/33 1169/214/33 1170/257/33
f 1171/4/14 1172/216/14 1173/609/14
f 1174/218/21 1175/894/21 1176/650/21
f 1177/1169/31 1178/895/31 1179/722/31
f 1180/1380/21 1181/897/21 1182/724/21
f 1183/1385/32 1184/232/32 1185/727/32
f 1186/1390/32 1187/236/32 1188/730/32
f 1189/1396/21 1190/900/21 1191/732/21
f 1192/1401/32 1193/903/32 1194/631/32
f 1195/1405/21 1196/1103/21 1197/735/21
f 1198/708/20 1199/651/20 1200/704/20
f 1201/1414/34 1202/645/34 1203/200/34
f 1204/657/35 1205/576/35 1206/219/35
f 1207/718/36 1208/610/36 1209/5/36
f 1210/707/37 1211/255/37 1212/3/37
f 1213/666/34 1214/177/34 1215/249/34
f 1216/740/34 1217/157/34 1218/537/34
f 1219/759/34 1220/136/34 1221/501/34
f 1222/775/34 1223/111/34 1224/465/34
f 1225/792/34 1226/92/34 1227/429/34
f 1228/814/34 1229/69/34 1230/393/34
f 1231/831/34 1232/49/34 1233/357/34
f 1234/862/34 1235/22/34 1236/321/34
f 1237/861/35 1238/324/35 1239/879/35
f 1240/893/37 1241/20/37 1242/291/37
f 1243/1157/37 1244/18/37 1245/287/37
f 1246/702/37 1247/16/37 1248/283/37
f 1249/700/37 1250/14/37 1251/279/37
f 1252/697/37 1253/12/37 1254/275/37
f 1255/695/37 1256/10/37 1257/271/37
f 1258/692/37 1259/8/37 1260/267/37
f 1261/690/37 1262/6/37 1263/263/37
f 1264/688/36 1265/262/36 1266/687/36
f 1267/1109/38 1268/216/38 1269/258/38
f 1270/1114/39 1271/214/39 1272/606/39
f 1273/1084/39 1274/212/39 1275/602/39
f 1276/1081/39 1277/210/39 1278/598/39
f 1279/1078/39 1280/207/39 1281/594/39
f 1282/1075/39 1283/205/39 1284/590/39
f 1285/1073/39 1286/203/39 1287/586/39
f 1288/1071/40 1289/201/40 1290/582/40
f 1291/1070/41 1292/581/41 1293/741/41
f 1294/1170/42 1295/224/42 1296/580/42
f 1297/1381/42 1298/228/42 1299/616/42
f 1300/1386/43 1301/231/43 1302/620/43
f 1303/1392/43 1304/235/43 1305/624/43
f 1306/1397/42 1307/238/42 1308/628/42
f 1309/1402/43 1310/241/43 1311/632/43
f 1312/1406/42 1313/244/42 1314/636/42
f 1315/1412/43 1316/248/43 1317/640/43
f 1318/1413/44 1319/639/44 1320/706/44
f 1321/1161/35 1322/742/35 1323/584/35
f 1324/1166/45 1325/202/45 1326/588/45
f 1327/1176/45 1328/204/45 1329/592/45
f 1330/1181/45 1331/206/45 1332/596/45
f 1333/1184/45 1334/209/45 1335/600/45
f 1336/1058/45 1337/1189/45 1338/604/45
f 1339/1193/45 1340/213/45 1341/608/45
f 1342/1089/45 1343/1110/45 1344/260/45
f 1345/1196/44 1346/259/44 1347/217/44
f 1348/1199/35 1349/644/35 1350/180/35
f 1351/1200/45 1352/544/45 1353/182/45
f 1354/1204/35 1355/548/35 1356/184/35
f 1357/1210/45 1358/552/45 1359/187/45
f 1360/1214/35 1361/556/35 1362/190/35
f 1363/1217/35 1364/560/35 1365/192/35
f 1366/1222/45 1367/564/45 1368/195/45
f 1369/1228/45 1370/196/45 1371/568/45
f 1372/1198/46 1373/1229/46 1374/567/46
f 1375/1111/35 1376/572/35 1377/160/35
f 1378/761/45 1379/508/45 1380/162/45
f 1381/1234/45 1382/512/45 1383/164/45
f 1384/765/45 1385/516/45 1386/167/45
f 1387/767/45 1388/520/45 1389/170/45
f 1390/1240/45 1391/524/45 1392/172/45
f 1393/771/45 1394/528/45 1395/174/45
f 1396/1247/45 1397/175/45 1398/532/45
f 1399/772/37 1400/1248/37 1401/531/37
f 1402/1122/35 1403/536/35 1404/139/35
f 1405/1254/43 1406/472/43 1407/141/43
f 1408/1258/47 1409/476/47 1410/143/47
f 1411/1263/47 1412/480/47 1413/146/47
f 1414/1265/43 1415/484/43 1416/148/43
f 1417/1266/47 1418/488/47 1419/150/47
f 1420/1271/43 1421/492/43 1422/153/43
f 1423/1275/47 1424/156/47 1425/496/47
f 1426/1250/46 1427/1276/46 1428/495/46
f 1429/1127/35 1430/500/35 1431/114/35
f 1432/794/42 1433/436/42 1434/117/42
f 1435/1282/45 1436/440/45 1437/120/45
f 1438/800/45 1439/444/45 1440/123/45
f 1441/803/42 1442/448/42 1443/126/42
f 1444/1291/45 1445/452/45 1446/129/45
f 1447/1295/42 1448/456/42 1449/132/42
f 1450/1299/45 1451/134/45 1452/460/45
f 1453/811/37 1454/1300/37 1455/459/37
f 1456/1134/42 1457/464/42 1458/94/42
f 1459/1307/42 1460/400/42 1461/96/42
f 1462/1310/42 1463/404/42 1464/98/42
f 1465/1314/42 1466/408/42 1467/101/42
f 1468/1317/42 1469/412/42 1470/104/42
f 1471/1319/42 1472/416/42 1473/106/42
f 1474/1323/42 1475/420/42 1476/108/42
f 1477/1328/42 1478/109/42 1479/424/42
f 1480/1303/37 1481/1329/37 1482/423/37
f 1483/1141/35 1484/428/35 1485/72/35
f 1486/833/45 1487/364/45 1488/74/45
f 1489/1337/43 1490/368/43 1491/76/43
f 1492/841/43 1493/372/43 1494/79/43
f 1495/845/45 1496/376/45 1497/82/45
f 1498/1342/43 1499/380/43 1500/84/43
f 1501/1345/45 1502/384/45 1503/86/45
f 1504/1350/43 1505/89/43 1506/388/43
f 1507/1332/37 1508/1349/37 1509/387/37
f 1510/1144/42 1511/392/42 1512/52/42
f 1513/864/42 1514/328/42 1515/54/42
f 1516/866/42 1517/332/42 1518/56/42
f 1519/868/42 1520/336/42 1521/59/42
f 1522/871/42 1523/340/42 1524/62/42
f 1525/1363/42 1526/344/42 1527/64/42
f 1528/1366/42 1529/348/42 1530/66/42
f 1531/1370/42 1532/67/42 1533/352/42
f 1534/876/44 1535/1371/44 1536/351/44
f 1537/1150/48 1538/577/48 1539/223/48
f 1540/1378/48 1541/613/48 1542/227/48
f 1543/1383/48 1544/617/48 1545/230/48
f 1546/1387/48 1547/621/48 1548/234/48
f 1549/1394/48 1550/625/48 1551/237/48
f 1552/1399/48 1553/629/48 1554/240/48
f 1555/1102/48 1556/633/48 1557/243/48
f 1558/1410/48 1559/637/48 1560/247/48
f 1561/1409/49 1562/705/49 1563/638/49
f 1564/686/47 1565/685/47 1566/612/47
f 1567/1088/36 1568/757/36 1569/566/36
f 1570/757/50 1571/686/50 1572/261/50
f 1573/720/37 1574/1158/37 1575/611/37
f 1576/7/47 1577/755/47 1578/264/47
f 1579/1065/36 1580/773/36 1581/530/36
f 1582/773/50 1583/1045/50 1584/265/50
f 1585/691/36 1586/266/36 1587/1046/36
f 1588/9/47 1589/772/47 1590/268/47
f 1591/1116/36 1592/790/36 1593/494/36
f 1594/790/50 1595/1026/50 1596/269/50
f 1597/693/36 1598/270/36 1599/1027/36
f 1600/11/35 1601/789/35 1602/272/35
f 1603/1124/38 1604/1278/38 1605/458/38
f 1606/812/34 1607/1007/34 1608/273/34
f 1609/698/36 1610/274/36 1611/1008/36
f 1612/13/47 1613/811/47 1614/276/47
f 1615/1130/36 1616/829/36 1617/422/36
f 1618/829/50 1619/987/50 1620/277/50
f 1621/699/36 1622/278/36 1623/988/36
f 1624/15/51 1625/828/51 1626/280/51
f 1627/1137/36 1628/1333/36 1629/386/36
f 1630/860/50 1631/964/50 1632/281/50
f 1633/703/36 1634/282/36 1635/965/36
f 1636/17/47 1637/859/47 1638/284/47
f 1639/1143/36 1640/877/36 1641/350/36
f 1642/877/50 1643/945/50 1644/285/50
f 1645/1155/36 1646/286/36 1647/946/36
f 1648/19/51 1649/876/51 1650/288/51
f 1651/1147/49 1652/48/49 1653/354/49
f 1654/48/50 1655/927/50 1656/289/50
f 1657/892/36 1658/290/36 1659/928/36
f 1660/1152/52 1661/253/52 1662/705/52
f 1663/1106/44 1664/355/44 1665/47/44
f 1666/47/51 1667/292/51 1668/21/51
f 1669/1/36 1670/254/36 1671/1153/36
f 1672/199/35 1673/646/35 1674/906/35
f 1675/178/36 1676/1162/36 1677/250/36
f 1678/1047/34 1679/641/34 1680/1162/34
f 1681/742/37 1682/905/37 1683/647/37
f 1684/1048/38 1685/1067/38 1686/642/38
f 1687/1049/53 1688/541/53 1689/1067/53
f 1690/202/46 1691/1160/46 1692/583/46
f 1693/1050/54 1694/743/54 1695/542/54
f 1696/1051/53 1697/545/53 1698/1206/53
f 1699/204/55 1700/1165/55 1701/587/55
f 1702/1052/54 1703/745/54 1704/546/54
f 1705/1053/53 1706/549/53 1707/745/53
f 1708/206/55 1709/1175/55 1710/591/55
f 1711/1055/54 1712/747/54 1713/550/54
f 1714/1056/53 1715/553/53 1716/747/53
f 1717/209/44 1718/1179/44 1719/595/44
f 1720/1057/56 1721/749/56 1722/554/56
f 1723/1058/53 1724/557/53 1725/1219/53
f 1726/211/55 1727/1183/55 1728/599/55
f 1729/1059/54 1730/751/54 1731/558/54
f 1732/1060/53 1733/561/53 1734/1224/53
f 1735/213/55 1736/1188/55 1737/603/55
f 1738/1061/54 1739/198/54 1740/562/54
f 1741/1089/53 1742/565/53 1743/198/53
f 1744/215/55 1745/1192/55 1746/607/55
f 1747/664/35 1748/252/35 1749/1063/35
f 1750/158/36 1751/1112/36 1752/538/36
f 1753/1028/34 1754/569/34 1755/1112/34
f 1756/1164/37 1757/1062/37 1758/251/37
f 1759/1029/38 1760/760/38 1761/570/38
f 1762/1030/53 1763/505/53 1764/760/53
f 1765/1069/37 1766/179/37 1767/643/37
f 1768/1031/54 1769/762/54 1770/506/54
f 1771/1032/53 1772/509/53 1773/1235/53
f 1774/744/55 1775/181/55 1776/543/55
f 1777/1033/54 1778/764/54 1779/510/54
f 1780/1034/53 1781/513/53 1782/764/53
f 1783/746/55 1784/183/55 1785/547/55
f 1786/1036/54 1787/766/54 1788/514/54
f 1789/1037/53 1790/517/53 1791/766/53
f 1792/748/37 1793/188/37 1794/551/37
f 1795/189/56 1796/768/56 1797/518/56
f 1798/1040/53 1799/521/53 1800/1241/53
f 1801/750/44 1802/189/44 1803/555/44
f 1804/1039/54 1805/770/54 1806/522/54
f 1807/1041/53 1808/525/53 1809/770/53
f 1810/752/37 1811/193/37 1812/559/37
f 1813/1042/54 1814/176/54 1815/526/54
f 1816/1066/53 1817/529/53 1818/176/53
f 1819/754/37 1820/194/37 1821/563/37
f 1822/739/35 1823/540/35 1824/1044/35
f 1825/137/36 1826/1121/36 1827/502/36
f 1828/1009/34 1829/533/34 1830/1121/34
f 1831/1111/37 1832/1043/37 1833/539/37
f 1834/1010/38 1835/776/38 1836/534/38
f 1837/1011/53 1838/469/53 1839/776/53
f 1840/761/46 1841/159/46 1842/571/46
f 1843/1012/54 1844/778/54 1845/470/54
f 1846/1013/53 1847/473/53 1848/1257/53
f 1849/763/55 1850/161/55 1851/507/55
f 1852/1014/54 1853/780/54 1854/474/54
f 1855/1018/53 1856/477/53 1857/780/53
f 1858/765/55 1859/163/55 1860/511/55
f 1861/1017/54 1862/782/54 1863/478/54
f 1864/1019/53 1865/481/53 1866/782/53
f 1867/767/55 1868/168/55 1869/515/55
f 1870/1020/56 1871/784/56 1872/482/56
f 1873/1021/53 1874/485/53 1875/1267/53
f 1876/769/57 1877/169/57 1878/519/57
f 1879/1022/54 1880/786/54 1881/486/54
f 1882/174/53 1883/489/53 1884/1272/53
f 1885/771/55 1886/171/55 1887/523/55
f 1888/1023/54 1889/155/54 1890/490/54
f 1891/1117/53 1892/493/53 1893/155/53
f 1894/175/55 1895/173/55 1896/527/55
f 1897/758/35 1898/504/35 1899/1025/35
f 1900/112/36 1901/1252/36 1902/466/36
f 1903/989/34 1904/497/34 1905/1128/34
f 1906/1232/37 1907/1024/37 1908/503/37
f 1909/990/36 1910/795/36 1911/498/36
f 1912/991/53 1913/433/53 1914/1280/53
f 1915/777/37 1916/138/37 1917/535/37
f 1918/992/54 1919/798/54 1920/434/54
f 1921/993/50 1922/437/50 1923/1283/50
f 1924/779/58 1925/140/58 1926/471/58
f 1927/994/54 1928/801/54 1929/438/54
f 1930/995/50 1931/441/50 1932/1287/50
f 1933/781/46 1934/142/46 1935/475/46
f 1936/997/54 1937/804/54 1938/442/54
f 1939/998/53 1940/445/53 1941/1289/53
f 1942/783/46 1943/144/46 1944/479/46
f 1945/147/56 1946/805/56 1947/446/56
f 1948/1001/53 1949/449/53 1950/1292/53
f 1951/785/46 1952/147/46 1953/483/46
f 1954/1000/54 1955/807/54 1956/450/54
f 1957/1002/53 1958/453/53 1959/1296/53
f 1960/787/58 1961/151/58 1962/487/58
f 1963/1003/54 1964/810/54 1965/454/54
f 1966/1125/50 1967/457/50 1968/135/50
f 1969/788/58 1970/152/58 1971/491/58
f 1972/774/35 1973/468/35 1974/1005/35
f 1975/91/36 1976/1135/36 1977/430/36
f 1978/968/34 1979/461/34 1980/1135/34
f 1981/1127/37 1982/1006/37 1983/467/37
f 1984/967/38 1985/815/38 1986/462/38
f 1987/971/53 1988/397/53 1989/815/53
f 1990/794/46 1991/115/46 1992/499/46
f 1993/970/54 1994/817/54 1995/398/54
f 1996/972/53 1997/401/53 1998/1311/53
f 1999/797/55 2000/118/55 2001/435/55
f 2002/973/54 2003/819/54 2004/402/54
f 2005/977/53 2006/405/53 2007/819/53
f 2008/800/55 2009/119/55 2010/439/55
f 2011/976/54 2012/821/54 2013/406/54
f 2014/979/53 2015/409/53 2016/821/53
f 2017/803/55 2018/124/55 2019/443/55
f 2020/125/56 2021/823/56 2022/410/56
f 2023/982/53 2024/413/53 2025/1320/53
f 2026/806/57 2027/127/57 2028/447/57
f 2029/981/54 2030/825/54 2031/414/54
f 2032/984/53 2033/417/53 2034/1324/53
f 2035/808/55 2036/130/55 2037/451/55
f 2038/983/54 2039/110/54 2040/418/54
f 2041/1131/53 2042/421/53 2043/110/53
f 2044/134/55 2045/133/55 2046/455/55
f 2047/791/35 2048/432/35 2049/986/35
f 2050/70/36 2051/1306/36 2052/394/36
f 2053/947/34 2054/425/34 2055/1140/34
f 2056/1279/37 2057/985/37 2058/431/37
f 2059/948/38 2060/835/38 2061/426/38
f 2062/949/53 2063/361/53 2064/1335/53
f 2065/816/46 2066/93/46 2067/463/46
f 2068/950/54 2069/839/54 2070/362/54
f 2071/951/53 2072/365/53 2073/1338/53
f 2074/818/55 2075/95/55 2076/399/55
f 2077/952/54 2078/843/54 2079/366/54
f 2080/956/59 2081/369/59 2082/840/59
f 2083/820/55 2084/97/55 2085/403/55
f 2086/955/54 2087/847/54 2088/370/54
f 2089/957/53 2090/373/53 2091/844/53
f 2092/822/55 2093/102/55 2094/407/55
f 2095/958/56 2096/851/56 2097/374/56
f 2098/959/53 2099/377/53 2100/1343/53
f 2101/824/57 2102/103/57 2103/411/57
f 2104/960/54 2105/855/54 2106/378/54
f 2107/108/53 2108/381/53 2109/1347/53
f 2110/826/55 2111/105/55 2112/415/55
f 2113/961/54 2114/858/54 2115/382/54
f 2116/1138/59 2117/385/59 2118/88/59
f 2119/827/55 2120/107/55 2121/419/55
f 2122/813/35 2123/396/35 2124/963/35
f 2125/50/36 2126/1145/36 2127/358/36
f 2128/929/34 2129/389/34 2130/1145/34
f 2131/1305/44 2132/962/44 2133/395/44
f 2134/930/38 2135/863/38 2136/390/38
f 2137/931/53 2138/325/53 2139/863/53
f 2140/834/57 2141/71/57 2142/427/57
f 2143/932/54 2144/865/54 2145/326/54
f 2146/933/53 2147/329/53 2148/865/53
f 2149/838/44 2150/73/44 2151/363/44
f 2152/934/54 2153/867/54 2154/330/54
f 2155/938/53 2156/333/53 2157/867/53
f 2158/842/55 2159/75/55 2160/367/55
f 2161/937/54 2162/869/54 2163/334/54
f 2164/939/53 2165/337/53 2166/869/53
f 2167/846/55 2168/80/55 2169/371/55
f 2170/81/56 2171/872/56 2172/338/56
f 2173/940/53 2174/341/53 2175/872/53
f 2176/850/44 2177/81/44 2178/375/44
f 2179/941/54 2180/874/54 2181/342/54
f 2182/86/53 2183/345/53 2184/1367/53
f 2185/854/44 2186/83/44 2187/379/44
f 2188/942/54 2189/68/54 2190/346/54
f 2191/1142/53 2192/349/53 2193/68/53
f 2194/857/44 2195/85/44 2196/383/44
f 2197/830/35 2198/360/35 2199/944/35
f 2200/23/49 2201/1354/49 2202/322/49
f 2203/907/41 2204/317/41 2205/26/41
f 2206/1144/44 2207/943/44 2208/359/44
f 2209/908/56 2210/1356/56 2211/318/56
f 2212/909/59 2213/293/59 2214/30/59
f 2215/864/57 2216/51/57 2217/391/57
f 2218/910/49 2219/1359/49 2220/294/49
f 2221/911/59 2222/297/59 2223/34/59
f 2224/866/44 2225/53/44 2226/327/44
f 2227/912/49 2228/37/49 2229/298/49
f 2230/916/59 2231/301/59 2232/37/59
f 2233/868/44 2234/55/44 2235/331/44
f 2236/915/49 2237/40/49 2238/302/49
f 2239/917/59 2240/305/59 2241/40/59
f 2242/871/44 2243/60/44 2244/335/44
f 2245/918/49 2246/1364/49 2247/306/49
f 2248/919/59 2249/309/59 2250/42/59
f 2251/873/44 2252/61/44 2253/339/44
f 2254/920/49 2255/44/49 2256/310/49
f 2257/921/59 2258/313/59 2259/45/59
f 2260/875/44 2261/63/44 2262/343/44
f 2263/922/49 2264/1373/49 2265/314/49
f 2266/1148/59 2267/353/59 2268/925/59
f 2269/67/44 2270/65/44 2271/347/44
f 2272/656/34 2273/1374/34 2274/573/34
f 2275/878/44 2276/323/44 2277/24/44
f 2278/1377/42 2279/27/42 2280/320/42
f 2281/223/49 2282/574/49 2283/1375/49
f 2284/1376/57 2285/319/57 2286/28/57
f 2287/1091/42 2288/31/42 2289/296/42
f 2290/227/56 2291/578/56 2292/1151/56
f 2293/1090/44 2294/295/44 2295/1358/44
f 2296/1093/42 2297/32/42 2298/300/42
f 2299/896/49 2300/614/49 2301/1379/49
f 2302/1092/44 2303/299/44 2304/35/44
f 2305/1096/42 2306/35/42 2307/304/42
f 2308/234/49 2309/618/49 2310/1384/49
f 2311/1094/44 2312/303/44 2313/38/44
f 2314/1098/42 2315/38/42 2316/308/42
f 2317/237/49 2318/622/49 2319/1389/49
f 2320/1097/44 2321/307/44 2322/1365/44
f 2323/1100/42 2324/41/42 2325/312/42
f 2326/899/49 2327/626/49 2328/1395/49
f 2329/1099/44 2330/311/44 2331/1368/44
f 2332/1102/42 2333/43/42 2334/316/42
f 2335/902/49 2336/630/49 2337/1400/49
f 2338/1101/44 2339/315/44 2340/923/44
f 2341/1105/42 2342/926/42 2343/356/42
f 2344/247/49 2345/634/49 2346/1404/49
f 2347/1415/40 2348/741/40 2349/648/40
f 2350/1072/59 2351/585/59 2352/201/59
f 2353/1074/59 2354/589/59 2355/203/59
f 2356/1079/59 2357/593/59 2358/205/59
f 2359/1080/59 2360/597/59 2361/207/59
f 2362/1085/59 2363/601/59 2364/210/59
f 2365/1113/59 2366/605/59 2367/212/59
f 2368/1107/59 2369/257/59 2370/214/59
f 2371/4/41 2372/609/41 2373/216/41
f 2374/220/44 2375/575/44 2376/224/44
f 2377/1171/57 2378/579/57 2379/228/57
f 2380/1382/44 2381/615/44 2382/898/44
f 2383/1385/58 2384/619/58 2385/235/58
f 2386/1393/44 2387/623/44 2388/238/44
f 2389/1398/44 2390/627/44 2391/901/44
f 2392/1403/44 2393/631/44 2394/904/44
f 2395/1407/44 2396/635/44 2397/248/44
f 2398/708/47 2399/706/47 2400/256/47
f 1147/1415/60 1/1414/60 3/645/60 1148/648/60
f 1072/656/61 4/655/61 6/649/61 1073/573/61
f 1198/708/62 10/707/62 12/652/62 1199/651/62
f 373/719/63 7/718/63 9/610/63 374/654/63
f 2/200/61 472/199/61 474/646/61 3/645/61
f 13/665/61 547/664/61 549/252/61 14/658/61
f 16/740/61 622/739/61 624/540/61 17/537/61
f 19/759/61 697/758/61 699/504/61 20/501/61
f 22/775/61 772/774/61 774/468/61 23/465/61
f 25/792/61 847/791/61 849/432/61 26/429/61
f 28/814/61 922/813/61 924/396/61 29/393/61
f 31/831/61 997/830/61 999/360/61 32/357/61
f 34/862/61 37/861/61 39/324/61 35/321/61
f 11/2/63 469/1/63 471/653/63 12/652/63
f 40/893/63 457/892/63 459/668/63 41/667/63
f 43/1156/63 445/1155/63 447/670/63 44/669/63
f 46/702/63 433/701/63 435/673/63 47/672/63
f 49/700/63 421/699/63 423/675/63 50/674/63
f 52/697/63 409/696/63 411/678/63 53/677/63
f 55/694/63 397/693/63 399/679/63 56/271/63
f 58/692/63 385/691/63 387/681/63 59/680/63
f 61/689/63 64/688/63 66/684/63 62/683/63
f 364/1159/62 375/1158/62 374/654/62 365/612/62
f 376/7/62 63/6/62 62/683/62 377/264/62
f 388/9/62 60/8/62 59/680/62 389/268/62
f 400/11/62 57/10/62 56/271/62 401/272/62
f 412/13/62 54/12/62 53/677/62 413/676/62
f 424/15/62 51/14/62 50/674/62 425/280/62
f 436/17/62 48/16/62 47/672/62 437/671/62
f 448/19/62 45/18/62 44/669/62 449/288/62
f 462/253/60 471/653/60 470/1153/60 460/1152/60
f 8/5/60 1171/4/60 1173/609/60 9/610/60
f 67/1108/60 1168/1107/60 1170/257/60 68/258/60
f 70/1114/60 1165/1113/60 1167/605/60 71/710/60
f 73/1083/60 1162/1082/60 1164/601/60 74/602/60
f 76/1081/60 1159/1080/60 1161/597/60 77/713/60
f 79/1077/60 1156/1076/60 1158/593/60 80/594/60
f 82/1075/60 1153/1074/60 1155/589/60 83/590/60
f 85/1073/60 1150/1072/60 1152/585/60 86/716/60
f 88/1071/60 91/1070/60 93/581/60 89/717/60
f 5/219/62 1174/218/62 1176/650/62 6/649/62
f 94/1170/62 1177/1169/62 1179/722/62 95/721/62
f 97/1381/62 1180/1380/62 1182/724/62 98/723/62
f 100/1386/62 1183/1385/62 1185/727/62 101/726/62
f 103/1391/62 1186/1390/62 1188/730/62 104/729/62
f 106/1397/62 1189/1396/62 1191/732/62 107/731/62
f 109/1402/62 1192/1401/62 1194/631/62 110/733/62
f 112/1406/62 1195/1405/62 1197/735/62 113/734/62
f 115/1412/62 118/1411/62 120/738/62 116/737/62
f 14/658/60 476/659/60 475/178/60 15/177/60
f 480/641/60 485/1168/60 484/1048/60 478/1047/60
f 489/541/60 494/1174/60 493/1050/60 487/1049/60
f 498/545/60 503/1178/60 502/1052/60 496/1051/60
f 507/549/60 512/550/60 511/1054/60 505/1053/60
f 516/1185/60 521/1187/60 520/1057/60 514/1056/60
f 525/1190/60 530/558/60 529/1059/60 523/1058/60
f 534/1194/60 539/1195/60 538/1061/60 532/1060/60
f 543/1118/60 368/566/60 367/1087/60 541/1086/60
f 17/537/60 551/538/60 550/158/60 18/157/60
f 555/569/60 560/1203/60 559/1029/60 553/1028/60
f 564/505/60 569/1209/60 568/1031/60 562/1030/60
f 573/509/60 578/1213/60 577/1033/60 571/1032/60
f 582/513/60 587/514/60 586/1035/60 580/1034/60
f 591/517/60 596/1221/60 595/189/60 589/1037/60
f 600/521/60 605/522/60 604/1039/60 598/1038/60
f 609/525/60 614/1231/60 613/1042/60 607/1041/60
f 618/529/60 380/530/60 379/1065/60 616/1064/60
f 20/501/60 626/502/60 625/137/60 21/136/60
f 630/533/60 635/1233/60 634/1010/60 628/1009/60
f 639/469/60 644/1237/60 643/1012/60 637/1011/60
f 648/473/60 653/1238/60 652/1014/60 646/1013/60
f 657/477/60 662/1239/60 661/1016/60 655/1015/60
f 666/481/60 671/1242/60 670/1020/60 664/1019/60
f 675/485/60 680/1245/60 679/1022/60 673/1021/60
f 684/489/60 689/1249/60 688/1023/60 682/174/60
f 693/493/60 392/1133/60 391/1116/60 691/1115/60
f 23/465/60 701/466/60 700/112/60 24/111/60
f 705/497/60 710/1255/60 709/990/60 703/989/60
f 714/433/60 719/1261/60 718/992/60 712/991/60
f 723/437/60 728/438/60 727/994/60 721/993/60
f 732/441/60 737/442/60 736/996/60 730/995/60
f 741/1268/60 746/1270/60 745/147/60 739/998/60
f 750/449/60 755/450/60 754/1000/60 748/999/60
f 759/453/60 764/454/60 763/1003/60 757/1002/60
f 768/457/60 404/458/60 403/1124/60 766/1123/60
f 26/429/60 776/661/60 775/91/60 27/90/60
f 780/461/60 785/1281/60 784/967/60 778/966/60
f 789/397/60 794/1286/60 793/970/60 787/969/60
f 798/401/60 803/1288/60 802/973/60 796/972/60
f 807/405/60 812/1290/60 811/975/60 805/974/60
f 816/409/60 821/1294/60 820/125/60 814/978/60
f 825/413/60 830/414/60 829/981/60 823/980/60
f 834/417/60 839/1302/60 838/983/60 832/132/60
f 843/421/60 416/422/60 415/1130/60 841/1129/60
f 29/393/60 851/394/60 850/70/60 30/69/60
f 855/425/60 860/1309/60 859/948/60 853/947/60
f 864/361/60 869/362/60 868/950/60 862/949/60
f 873/365/60 878/1316/60 877/952/60 871/951/60
f 882/369/60 887/370/60 886/954/60 880/953/60
f 891/373/60 896/1322/60 895/958/60 889/957/60
f 900/377/60 905/378/60 904/960/60 898/959/60
f 909/381/60 914/1331/60 913/961/60 907/108/60
f 918/385/60 428/386/60 427/1137/60 916/1136/60
f 32/357/60 926/358/60 925/50/60 33/49/60
f 930/389/60 935/1336/60 934/930/60 928/929/60
f 939/325/60 944/1340/60 943/932/60 937/931/60
f 948/329/60 953/1341/60 952/934/60 946/933/60
f 957/333/60 962/334/60 961/936/60 955/935/60
f 966/337/60 971/338/60 970/81/60 964/939/60
f 975/341/60 980/342/60 979/941/60 973/940/60
f 984/345/60 989/1352/60 988/942/60 982/86/60
f 993/349/60 440/350/60 439/1143/60 991/1142/60
f 35/321/60 1001/663/60 1000/23/60 36/22/60
f 1005/317/60 1010/880/60 1009/908/60 1003/907/60
f 1014/293/60 1019/882/60 1018/910/60 1012/909/60
f 1023/297/60 1028/883/60 1027/912/60 1021/911/60
f 1032/301/60 1037/884/60 1036/914/60 1030/913/60
f 1041/305/60 1046/886/60 1045/918/60 1039/917/60
f 1050/309/60 1055/888/60 1054/920/60 1048/919/60
f 1059/313/60 1064/890/60 1063/922/60 1057/921/60
f 1068/353/60 452/891/60 451/1147/60 1066/1146/60
f 38/879/62 1075/878/62 1077/323/62 39/324/62
f 1078/1377/62 1084/1376/62 1086/319/62 1079/320/62
f 1087/1091/62 1093/1090/62 1095/295/62 1088/881/62
f 1096/1093/62 1102/1092/62 1104/299/62 1097/300/62
f 1105/1095/62 1111/1094/62 1113/303/62 1106/304/62
f 1114/1098/62 1120/1097/62 1122/885/62 1115/308/62
f 1123/1100/62 1129/1099/62 1131/311/62 1124/887/62
f 1132/1102/62 1138/1101/62 1140/889/62 1133/316/62
f 1141/1105/62 463/1104/62 465/355/62 1142/356/62
f 1076/27/63 1002/1353/63 1001/663/63 1077/323/63
f 1085/31/63 1011/1355/63 1010/880/63 1086/319/63
f 1094/1358/63 1020/1357/63 1019/882/63 1095/295/63
f 1103/35/63 1029/1360/63 1028/883/63 1104/299/63
f 1112/38/63 1038/1362/63 1037/884/63 1113/303/63
f 1121/1365/63 1047/1364/63 1046/886/63 1122/885/63
f 1130/43/63 1056/44/63 1055/888/63 1131/311/63
f 1139/926/63 1065/1372/63 1064/890/63 1140/889/63
f 468/292/61 455/289/61 454/1154/61 466/47/61
f 1006/1144/63 927/1145/63 926/358/63 1007/359/63
f 1015/864/63 936/863/63 935/1336/63 1016/391/63
f 1024/866/63 945/865/63 944/1340/63 1025/327/63
f 1033/868/63 954/867/63 953/1341/63 1034/331/63
f 1042/870/63 963/869/63 962/334/63 1043/335/63
f 1051/873/63 972/872/63 971/338/63 1052/1344/63
f 1060/875/63 981/874/63 980/342/63 1061/343/63
f 1069/67/63 990/68/63 989/1352/63 1070/1351/63
f 449/288/61 443/285/61 442/877/61 450/876/61
f 931/1141/63 852/1304/63 851/394/63 932/662/63
f 940/833/63 861/832/63 860/1309/63 941/1308/63
f 949/837/63 870/836/63 869/362/63 950/1313/63
f 958/841/63 879/840/63 878/1316/63 959/1315/63
f 967/845/63 888/844/63 887/370/63 968/1318/63
f 976/849/63 897/848/63 896/1322/63 977/1321/63
f 985/853/63 906/852/63 905/378/63 986/1326/63
f 994/857/63 915/856/63 914/1331/63 995/1330/63
f 437/671/61 431/281/61 430/860/61 438/859/61
f 856/1279/63 777/1135/63 776/661/63 857/431/63
f 865/816/63 786/815/63 785/1281/63 866/463/63
f 874/818/63 795/817/63 794/1286/63 875/1285/63
f 883/820/63 804/819/63 803/1288/63 884/403/63
f 892/822/63 813/821/63 812/1290/63 893/407/63
f 901/824/63 822/823/63 821/1294/63 902/1293/63
f 910/826/63 831/825/63 830/414/63 911/415/63
f 919/827/63 840/110/63 839/1302/63 920/1301/63
f 425/280/61 419/277/61 418/829/61 426/828/61
f 781/1127/63 702/1251/63 701/466/63 782/467/63
f 790/794/63 711/793/63 710/1255/63 791/499/63
f 799/797/63 720/796/63 719/1261/63 800/1260/63
f 808/800/63 729/799/63 728/438/63 809/439/63
f 817/803/63 738/802/63 737/442/63 818/443/63
f 826/806/63 747/805/63 746/1270/63 827/1269/63
f 835/808/63 756/807/63 755/450/63 836/451/63
f 844/134/63 765/809/63 764/454/63 845/1277/63
f 413/676/61 407/273/61 406/812/61 414/811/61
f 706/1232/63 627/1121/63 626/502/63 707/503/63
f 715/777/63 636/776/63 635/1233/63 716/535/63
f 724/779/63 645/778/63 644/1237/63 725/471/63
f 733/781/63 654/780/63 653/1238/63 734/475/63
f 742/783/63 663/782/63 662/1239/63 743/479/63
f 751/785/63 672/784/63 671/1242/63 752/483/63
f 760/787/63 681/786/63 680/1245/63 761/1244/63
f 769/788/63 690/155/63 689/1249/63 770/491/63
f 401/272/61 395/269/61 394/790/61 402/789/61
f 631/1111/63 552/1112/63 551/538/63 632/660/63
f 640/761/63 561/760/63 560/1203/63 641/1202/63
f 649/763/63 570/762/63 569/1209/63 650/1208/63
f 658/765/63 579/764/63 578/1213/63 659/1212/63
f 667/767/63 588/766/63 587/514/63 668/1216/63
f 676/769/63 597/768/63 596/1221/63 677/1220/63
f 685/771/63 606/770/63 605/522/63 686/1226/63
f 694/175/63 615/176/63 614/1231/63 695/1230/63
f 389/268/61 383/265/61 382/773/61 390/772/61
f 556/1163/63 477/1162/63 476/659/63 557/251/63
f 565/1068/63 486/1067/63 485/1168/63 566/643/63
f 574/744/63 495/743/63 494/1174/63 575/1173/63
f 583/746/63 504/745/63 503/1178/63 584/1177/63
f 592/748/63 513/747/63 512/550/63 593/551/63
f 601/750/63 522/749/63 521/1187/63 602/555/63
f 610/752/63 531/751/63 530/558/63 611/559/63
f 619/753/63 540/198/63 539/1195/63 620/563/63
f 377/264/61 371/682/61 370/756/61 378/755/61
f 481/742/63 1149/741/63 1148/648/63 482/647/63
f 490/202/63 90/201/63 89/717/63 491/583/63
f 499/204/63 87/203/63 86/716/63 500/587/63
f 508/206/63 84/205/63 83/590/63 509/591/63
f 517/208/63 81/207/63 80/594/63 518/595/63
f 526/211/63 78/210/63 77/713/63 527/712/63
f 535/213/63 75/212/63 74/602/63 536/603/63
f 544/215/63 72/214/63 71/710/63 545/709/63
f 365/612/61 1173/609/61 1172/216/61 366/685/61
f 1175/894/63 1081/223/63 1083/574/63 1176/650/63
f 1178/895/63 1090/227/63 1092/578/63 1179/722/63
f 1181/897/63 1099/896/63 1101/725/63 1182/724/63
f 1184/232/63 1108/233/63 1110/728/63 1185/727/63
f 1187/236/63 1117/237/63 1119/622/63 1188/730/63
f 1190/900/63 1126/899/63 1128/626/63 1191/732/63
f 1193/903/63 1135/902/63 1137/630/63 1194/631/63
f 1196/1103/63 1144/247/63 1146/736/63 1197/735/63
f 1199/651/61 462/253/61 461/705/61 1200/704/61
f 371/682/60 66/684/60 65/687/60 372/686/60
f 142/1197/62 145/1196/62 147/259/62 143/260/62
f 172/1198/63 369/757/63 368/566/63 173/1119/63
f 146/217/63 69/216/63 68/258/63 147/259/63
f 383/265/60 387/681/60 386/1046/60 384/1045/60
f 169/1228/62 174/1227/62 173/1119/62 170/568/62
f 199/772/63 381/773/63 380/530/63 200/1126/63
f 395/269/60 399/679/60 398/1027/60 396/1026/60
f 196/1247/62 201/1246/62 200/1126/62 197/532/62
f 226/1250/63 393/790/63 392/1133/63 227/495/63
f 407/273/60 411/678/60 410/1008/60 408/1007/60
f 223/1275/62 228/1274/62 227/495/62 224/1132/62
f 253/811/63 405/1278/63 404/458/63 254/459/63
f 419/277/60 423/675/60 422/988/60 420/987/60
f 250/1299/62 255/1298/62 254/459/62 251/460/62
f 280/1303/63 417/829/63 416/422/63 281/423/63
f 431/281/60 435/673/60 434/965/60 432/964/60
f 277/1328/62 282/1327/62 281/423/62 278/424/62
f 307/1332/63 429/860/63 428/386/63 308/387/63
f 443/285/60 447/670/60 446/946/60 444/945/60
f 304/1350/62 309/1349/62 308/387/62 305/1149/62
f 334/876/63 441/877/63 440/350/63 335/351/63
f 455/289/60 459/668/60 458/928/60 456/927/60
f 331/1370/62 336/1369/62 335/351/62 332/352/62
f 464/47/63 453/46/63 452/891/63 465/355/63
f 467/21/62 42/20/62 41/667/62 468/292/62
f 360/637/60 362/638/60 361/1409/60 358/1408/60
f 119/704/63 363/705/63 362/638/63 120/738/63
f 473/906/62 483/905/62 482/647/62 474/646/62
f 121/1161/62 492/1160/62 491/583/62 122/584/62
f 150/1167/61 480/641/61 479/1162/61 148/1199/61
f 122/584/61 93/581/61 92/741/61 123/742/61
f 124/1166/62 501/1165/62 500/587/62 125/715/62
f 153/1172/61 489/541/61 488/1201/61 151/1200/61
f 125/715/61 1152/585/61 1151/201/61 126/202/61
f 127/1176/62 510/1175/62 509/591/62 128/714/62
f 156/548/61 498/545/61 497/1205/61 154/1204/61
f 128/714/61 1155/589/61 1154/203/61 129/204/61
f 130/1180/62 519/1179/62 518/595/62 131/596/62
f 159/1182/61 507/549/61 506/1211/61 157/1210/61
f 131/596/61 1158/593/61 1157/205/61 132/206/61
f 133/1184/62 528/1183/62 527/712/62 134/600/62
f 162/1186/61 516/1185/61 515/1215/61 160/1214/61
f 134/600/61 1161/597/61 1160/207/61 135/209/61
f 136/1058/62 537/1188/62 536/603/62 137/711/62
f 165/1191/61 525/1190/61 524/1218/61 163/1217/61
f 137/711/61 1164/601/61 1163/210/61 138/1189/61
f 139/1193/62 546/1192/62 545/709/62 140/608/62
f 168/564/61 534/1194/61 533/1223/61 166/1222/61
f 140/608/61 1167/605/61 1166/212/61 141/213/61
f 170/568/61 543/1118/61 542/197/61 171/196/61
f 143/260/61 1170/257/61 1169/214/61 144/1110/61
f 548/1063/62 558/1062/62 557/251/62 549/252/62
f 149/180/62 567/179/62 566/643/62 150/1167/62
f 177/572/61 555/569/61 554/1112/61 175/1111/61
f 152/182/62 576/181/62 575/1173/62 153/1172/62
f 180/1207/61 564/505/61 563/760/61 178/761/61
f 155/184/62 585/183/62 584/1177/62 156/548/62
f 183/512/61 573/509/61 572/1235/61 181/1234/61
f 158/186/62 594/185/62 593/551/62 159/1182/62
f 186/516/61 582/513/61 581/764/61 184/765/61
f 161/190/62 603/189/62 602/555/62 162/1186/62
f 189/520/61 591/517/61 590/766/61 187/767/61
f 164/192/62 612/191/62 611/559/62 165/1191/62
f 192/1225/61 600/521/61 599/1241/61 190/1240/61
f 167/195/62 621/194/62 620/563/62 168/564/62
f 195/528/61 609/525/61 608/770/61 193/771/61
f 197/532/61 618/529/61 617/176/61 198/175/61
f 623/1044/62 633/1043/62 632/660/62 624/540/62
f 176/160/62 642/159/62 641/1202/62 177/572/62
f 204/536/61 630/533/61 629/1121/61 202/1120/61
f 179/162/62 651/161/62 650/1208/62 180/1207/62
f 207/1236/61 639/469/61 638/776/61 205/1253/61
f 182/164/62 660/163/62 659/1212/62 183/512/62
f 210/476/61 648/473/61 647/1257/61 208/1256/61
f 185/166/62 669/165/62 668/1216/62 186/516/62
f 213/480/61 657/477/61 656/780/61 211/1262/61
f 188/170/62 678/169/62 677/1220/62 189/520/62
f 216/484/61 666/481/61 665/782/61 214/1264/61
f 191/172/62 687/171/62 686/1226/62 192/1225/62
f 219/1243/61 675/485/61 674/1267/61 217/1266/61
f 194/174/62 696/173/62 695/1230/62 195/528/62
f 222/492/61 684/489/61 683/1272/61 220/1271/61
f 224/1132/61 693/493/61 692/155/61 225/154/61
f 698/1025/62 708/1024/62 707/503/62 699/504/62
f 203/139/62 717/138/62 716/535/62 204/536/62
f 231/500/61 705/497/61 704/1128/61 229/1127/61
f 206/141/62 726/140/62 725/471/62 207/1236/62
f 234/1259/61 714/433/61 713/1280/61 232/794/61
f 209/143/62 735/142/62 734/475/62 210/476/62
f 237/440/61 723/437/61 722/1283/61 235/1282/61
f 212/145/62 744/144/62 743/479/62 213/480/62
f 240/444/61 732/441/61 731/1287/61 238/800/61
f 215/148/62 753/147/62 752/483/62 216/484/62
f 243/448/61 741/1268/61 740/1289/61 241/803/61
f 218/150/62 762/149/62 761/1244/62 219/1243/62
f 246/1273/61 750/449/61 749/1292/61 244/1291/61
f 221/153/62 771/152/62 770/491/62 222/492/62
f 249/456/61 759/453/61 758/1296/61 247/1295/61
f 251/460/61 768/457/61 767/135/61 252/134/61
f 773/1005/62 783/1004/62 782/467/62 774/468/62
f 230/114/62 792/113/62 791/499/62 231/500/62
f 258/464/61 780/461/61 779/1135/61 256/1134/61
f 233/117/62 801/116/62 800/1260/62 234/1259/62
f 261/1284/61 789/397/61 788/815/61 259/1307/61
f 236/120/62 810/119/62 809/439/62 237/440/62
f 264/404/61 798/401/61 797/1311/61 262/1310/61
f 239/122/62 819/121/62 818/443/62 240/444/62
f 267/408/61 807/405/61 806/819/61 265/1314/61
f 242/126/62 828/125/62 827/1269/62 243/448/62
f 270/412/61 816/409/61 815/821/61 268/1317/61
f 245/129/62 837/128/62 836/451/62 246/1273/62
f 273/1297/61 825/413/61 824/1320/61 271/1319/61
f 248/132/62 846/131/62 845/1277/62 249/456/62
f 276/420/61 834/417/61 833/1324/61 274/1323/61
f 278/424/61 843/421/61 842/110/61 279/109/61
f 848/986/62 858/985/62 857/431/62 849/432/62
f 257/94/62 867/93/62 866/463/62 258/464/62
f 285/428/61 855/425/61 854/1140/61 283/1139/61
f 260/96/62 876/95/62 875/1285/62 261/1284/62
f 288/1312/61 864/361/61 863/1335/61 286/1334/61
f 263/98/62 885/97/62 884/403/62 264/404/62
f 291/368/61 873/365/61 872/1338/61 289/1337/61
f 266/100/62 894/99/62 893/407/62 267/408/62
f 294/372/61 882/369/61 881/840/61 292/841/61
f 269/104/62 903/103/62 902/1293/62 270/412/62
f 297/376/61 891/373/61 890/844/61 295/845/61
f 272/106/62 912/105/62 911/415/62 273/1297/62
f 300/1325/61 900/377/61 899/1343/61 298/1342/61
f 275/108/62 921/107/62 920/1301/62 276/420/62
f 303/384/61 909/381/61 908/1346/61 301/1345/61
f 305/1149/61 918/385/61 917/88/61 306/87/61
f 923/963/62 933/962/62 932/662/62 924/396/62
f 284/72/62 942/71/62 941/1308/62 285/428/62
f 312/392/61 930/389/61 929/1145/61 310/1144/61
f 287/74/62 951/73/62 950/1313/62 288/1312/62
f 315/1339/61 939/325/61 938/863/61 313/864/61
f 290/76/62 960/75/62 959/1315/62 291/368/62
f 318/332/61 948/329/61 947/865/61 316/866/61
f 293/78/62 969/77/62 968/1318/62 294/372/62
f 321/336/61 957/333/61 956/867/61 319/868/61
f 296/82/62 978/81/62 977/1321/62 297/376/62
f 324/340/61 966/337/61 965/1361/61 322/871/61
f 299/84/62 987/83/62 986/1326/62 300/1325/62
f 327/1348/61 975/341/61 974/872/61 325/1363/61
f 302/86/62 996/85/62 995/1330/62 303/384/62
f 330/348/61 984/345/61 983/1367/61 328/1366/61
f 332/352/61 993/349/61 992/68/61 333/67/61
f 998/944/62 1008/943/62 1007/359/62 999/360/62
f 311/52/62 1017/51/62 1016/391/62 312/392/62
f 1079/320/61 1005/317/61 1004/25/61 1080/24/61
f 314/54/62 1026/53/62 1025/327/62 315/1339/62
f 1088/881/61 1014/293/61 1013/29/61 1089/28/61
f 317/56/62 1035/55/62 1034/331/62 318/332/62
f 1097/300/61 1023/297/61 1022/33/61 1098/32/61
f 320/58/62 1044/57/62 1043/335/62 321/336/62
f 1106/304/61 1032/301/61 1031/36/61 1107/35/61
f 323/62/62 1053/61/62 1052/1344/62 324/340/62
f 1115/308/61 1041/305/61 1040/39/61 1116/38/61
f 326/64/62 1062/63/62 1061/343/62 327/1348/62
f 1124/887/61 1050/309/61 1049/42/61 1125/41/61
f 329/66/62 1071/65/62 1070/1351/62 330/348/62
f 1133/316/61 1059/313/61 1058/44/61 1134/43/61
f 1142/356/61 1068/353/61 1067/924/61 1143/923/61
f 1073/573/60 1083/574/60 1082/1375/60 1074/1374/60
f 339/577/60 1092/578/60 1091/1151/60 337/1150/60
f 95/721/61 339/577/61 338/222/61 96/221/61
f 342/613/60 1101/725/60 1100/1379/60 340/1378/60
f 98/723/61 342/613/61 341/226/61 99/225/61
f 345/617/60 1110/728/60 1109/1384/60 343/1383/60
f 101/726/61 345/617/61 344/230/61 102/229/61
f 348/621/60 1119/622/60 1118/1388/60 346/1387/60
f 104/729/61 348/621/61 347/233/61 105/232/61
f 351/625/60 1128/626/60 1127/1395/60 349/1394/60
f 107/731/61 351/625/61 350/237/61 108/236/61
f 354/629/60 1137/630/60 1136/1400/60 352/1399/60
f 110/733/61 354/629/61 353/240/61 111/239/61
f 357/633/60 1146/736/60 1145/1404/60 355/1102/60
f 113/734/61 357/633/61 356/243/61 114/242/61
f 116/737/61 360/637/61 359/246/61 117/245/61
f 2349/648/64 1202/645/64 1201/1414/64 2347/1415/64
f 2274/573/65 1205/576/65 1204/657/65 2272/656/65
f 2400/256/66 1211/255/66 1210/707/66 2398/708/66
f 1575/611/67 1208/610/67 1207/718/67 1573/720/67
f 1202/645/65 1673/646/65 1672/199/65 1203/200/65
f 1215/249/65 1748/252/65 1747/664/65 1213/666/65
f 1218/537/65 1823/540/65 1822/739/65 1216/740/65
f 1221/501/65 1898/504/65 1897/758/65 1219/759/65
f 1224/465/65 1973/468/65 1972/774/65 1222/775/65
f 1227/429/65 2048/432/65 2047/791/65 1225/792/65
f 1230/393/65 2123/396/65 2122/813/65 1228/814/65
f 1233/357/65 2198/360/65 2197/830/65 1231/831/65
f 1236/321/65 1238/324/65 1237/861/65 1234/862/65
f 1211/255/67 1670/254/67 1669/1/67 1212/3/67
f 1242/291/67 1658/290/67 1657/892/67 1240/893/67
f 1245/287/67 1646/286/67 1645/1155/67 1243/1157/67
f 1248/283/67 1634/282/67 1633/703/67 1246/702/67
f 1251/279/67 1622/278/67 1621/699/67 1249/700/67
f 1254/275/67 1610/274/67 1609/698/67 1252/697/67
f 1257/271/67 1598/270/67 1597/693/67 1255/695/67
f 1260/267/67 1586/266/67 1585/691/67 1258/692/67
f 1263/263/67 1265/262/67 1264/688/67 1261/690/67
f 1566/612/66 1575/611/66 1574/1158/66 1564/686/66
f 1578/264/66 1263/263/66 1262/6/66 1576/7/66
f 1590/268/66 1260/267/66 1259/8/66 1588/9/66
f 1602/272/66 1257/271/66 1256/10/66 1600/11/66
f 1614/276/66 1254/275/66 1253/12/66 1612/13/66
f 1626/280/66 1251/279/66 1250/14/66 1624/15/66
f 1638/284/66 1248/283/66 1247/16/66 1636/17/66
f 1650/288/66 1245/287/66 1244/18/66 1648/19/66
f 1660/1152/64 1671/1153/64 1670/254/64 1661/253/64
f 1208/610/64 2372/609/64 2371/4/64 1209/5/64
f 1269/258/64 2369/257/64 2368/1107/64 1267/1109/64
f 1272/606/64 2366/605/64 2365/1113/64 1270/1114/64
f 1275/602/64 2363/601/64 2362/1085/64 1273/1084/64
f 1278/598/64 2360/597/64 2359/1080/64 1276/1081/64
f 1281/594/64 2357/593/64 2356/1079/64 1279/1078/64
f 1284/590/64 2354/589/64 2353/1074/64 1282/1075/64
f 1287/586/64 2351/585/64 2350/1072/64 1285/1073/64
f 1290/582/64 1292/581/64 1291/1070/64 1288/1071/64
f 1205/576/66 2375/575/66 2374/220/66 1206/219/66
f 1296/580/66 2378/579/66 2377/1171/66 1294/1170/66
f 1299/616/66 2381/615/66 2380/1382/66 1297/1381/66
f 1302/620/66 2384/619/66 2383/1385/66 1300/1386/66
f 1305/624/66 2387/623/66 2386/1393/66 1303/1392/66
f 1308/628/66 2390/627/66 2389/1398/66 1306/1397/66
f 1311/632/66 2393/631/66 2392/1403/66 1309/1402/66
f 1314/636/66 2396/635/66 2395/1407/66 1312/1406/66
f 1317/640/66 1319/639/66 1318/1413/66 1315/1412/66
f 1214/177/64 1675/178/64 1677/250/64 1215/249/64
f 1678/1047/64 1684/1048/64 1686/642/64 1679/641/64
f 1687/1049/64 1693/1050/64 1695/542/64 1688/541/64
f 1696/1051/64 1702/1052/64 1704/546/64 1697/545/64
f 1705/1053/64 1711/1055/64 1713/550/64 1706/549/64
f 1714/1056/64 1720/1057/64 1722/554/64 1715/553/64
f 1723/1058/64 1729/1059/64 1731/558/64 1724/557/64
f 1732/1060/64 1738/1061/64 1740/562/64 1733/561/64
f 1741/1089/64 1567/1088/64 1569/566/64 1742/565/64
f 1217/157/64 1750/158/64 1752/538/64 1218/537/64
f 1753/1028/64 1759/1029/64 1761/570/64 1754/569/64
f 1762/1030/64 1768/1031/64 1770/506/64 1763/505/64
f 1771/1032/64 1777/1033/64 1779/510/64 1772/509/64
f 1780/1034/64 1786/1036/64 1788/514/64 1781/513/64
f 1789/1037/64 1795/189/64 1797/518/64 1790/517/64
f 1798/1040/64 1804/1039/64 1806/522/64 1799/521/64
f 1807/1041/64 1813/1042/64 1815/526/64 1808/525/64
f 1816/1066/64 1579/1065/64 1581/530/64 1817/529/64
f 1220/136/64 1825/137/64 1827/502/64 1221/501/64
f 1828/1009/64 1834/1010/64 1836/534/64 1829/533/64
f 1837/1011/64 1843/1012/64 1845/470/64 1838/469/64
f 1846/1013/64 1852/1014/64 1854/474/64 1847/473/64
f 1855/1018/64 1861/1017/64 1863/478/64 1856/477/64
f 1864/1019/64 1870/1020/64 1872/482/64 1865/481/64
f 1873/1021/64 1879/1022/64 1881/486/64 1874/485/64
f 1882/174/64 1888/1023/64 1890/490/64 1883/489/64
f 1891/1117/64 1591/1116/64 1593/494/64 1892/493/64
f 1223/111/64 1900/112/64 1902/466/64 1224/465/64
f 1903/989/64 1909/990/64 1911/498/64 1904/497/64
f 1912/991/64 1918/992/64 1920/434/64 1913/433/64
f 1921/993/64 1927/994/64 1929/438/64 1922/437/64
f 1930/995/64 1936/997/64 1938/442/64 1931/441/64
f 1939/998/64 1945/147/64 1947/446/64 1940/445/64
f 1948/1001/64 1954/1000/64 1956/450/64 1949/449/64
f 1957/1002/64 1963/1003/64 1965/454/64 1958/453/64
f 1966/1125/64 1603/1124/64 1605/458/64 1967/457/64
f 1226/92/64 1975/91/64 1977/430/64 1227/429/64
f 1978/968/64 1984/967/64 1986/462/64 1979/461/64
f 1987/971/64 1993/970/64 1995/398/64 1988/397/64
f 1996/972/64 2002/973/64 2004/402/64 1997/401/64
f 2005/977/64 2011/976/64 2013/406/64 2006/405/64
f 2014/979/64 2020/125/64 2022/410/64 2015/409/64
f 2023/982/64 2029/981/64 2031/414/64 2024/413/64
f 2032/984/64 2038/983/64 2040/418/64 2033/417/64
f 2041/1131/64 1615/1130/64 1617/422/64 2042/421/64
f 1229/69/64 2050/70/64 2052/394/64 1230/393/64
f 2053/947/64 2059/948/64 2061/426/64 2054/425/64
f 2062/949/64 2068/950/64 2070/362/64 2063/361/64
f 2071/951/64 2077/952/64 2079/366/64 2072/365/64
f 2080/956/64 2086/955/64 2088/370/64 2081/369/64
f 2089/957/64 2095/958/64 2097/374/64 2090/373/64
f 2098/959/64 2104/960/64 2106/378/64 2099/377/64
f 2107/108/64 2113/961/64 2115/382/64 2108/381/64
f 2116/1138/64 1627/1137/64 1629/386/64 2117/385/64
f 1232/49/64 2125/50/64 2127/358/64 1233/357/64
f 2128/929/64 2134/930/64 2136/390/64 2129/389/64
f 2137/931/64 2143/932/64 2145/326/64 2138/325/64
f 2146/933/64 2152/934/64 2154/330/64 2147/329/64
f 2155/938/64 2161/937/64 2163/334/64 2156/333/64
f 2164/939/64 2170/81/64 2172/338/64 2165/337/64
f 2173/940/64 2179/941/64 2181/342/64 2174/341/64
f 2182/86/64 2188/942/64 2190/346/64 2183/345/64
f 2191/1142/64 1639/1143/64 1641/350/64 2192/349/64
f 1235/22/64 2200/23/64 2202/322/64 1236/321/64
f 2203/907/64 2209/908/64 2211/318/64 2204/317/64
f 2212/909/64 2218/910/64 2220/294/64 2213/293/64
f 2221/911/64 2227/912/64 2229/298/64 2222/297/64
f 2230/916/64 2236/915/64 2238/302/64 2231/301/64
f 2239/917/64 2245/918/64 2247/306/64 2240/305/64
f 2248/919/64 2254/920/64 2256/310/64 2249/309/64
f 2257/921/64 2263/922/64 2265/314/64 2258/313/64
f 2266/1148/64 1651/1147/64 1653/354/64 2267/353/64
f 1238/324/66 2276/323/66 2275/878/66 1239/879/66
f 2280/320/66 2285/319/66 2284/1376/66 2278/1377/66
f 2289/296/66 2294/295/66 2293/1090/66 2287/1091/66
f 2298/300/66 2303/299/66 2302/1092/66 2296/1093/66
f 2307/304/66 2312/303/66 2311/1094/66 2305/1096/66
f 2316/308/66 2321/307/66 2320/1097/66 2314/1098/66
f 2325/312/66 2330/311/66 2329/1099/66 2323/1100/66
f 2334/316/66 2339/315/66 2338/1101/66 2332/1102/66
f 2343/356/66 1664/355/66 1663/1106/66 2341/1105/66
f 2276/323/67 2202/322/67 2201/1354/67 2277/24/67
f 2285/319/67 2211/318/67 2210/1356/67 2286/28/67
f 2294/295/67 2220/294/67 2219/1359/67 2295/1358/67
f 2303/299/67 2229/298/67 2228/37/67 2304/35/67
f 2312/303/67 2238/302/67 2237/40/67 2313/38/67
f 2321/307/67 2247/306/67 2246/1364/67 2322/1365/67
f 2330/311/67 2256/310/67 2255/44/67 2331/1368/67
f 2339/315/67 2265/314/67 2264/1373/67 2340/923/67
f 1666/47/65 1654/48/65 1656/289/65 1667/292/65
f 2208/359/67 2127/358/67 2126/1145/67 2206/1144/67
f 2217/391/67 2136/390/67 2135/863/67 2215/864/67
f 2226/327/67 2145/326/67 2144/865/67 2224/866/67
f 2235/331/67 2154/330/67 2153/867/67 2233/868/67
f 2244/335/67 2163/334/67 2162/869/67 2242/871/67
f 2253/339/67 2172/338/67 2171/872/67 2251/873/67
f 2262/343/67 2181/342/67 2180/874/67 2260/875/67
f 2271/347/67 2190/346/67 2189/68/67 2269/67/67
f 1649/876/65 1642/877/65 1644/285/65 1650/288/65
f 2133/395/67 2052/394/67 2051/1306/67 2131/1305/67
f 2142/427/67 2061/426/67 2060/835/67 2140/834/67
f 2151/363/67 2070/362/67 2069/839/67 2149/838/67
f 2160/367/67 2079/366/67 2078/843/67 2158/842/67
f 2169/371/67 2088/370/67 2087/847/67 2167/846/67
f 2178/375/67 2097/374/67 2096/851/67 2176/850/67
f 2187/379/67 2106/378/67 2105/855/67 2185/854/67
f 2196/383/67 2115/382/67 2114/858/67 2194/857/67
f 1637/859/65 1630/860/65 1632/281/65 1638/284/65
f 2058/431/67 1977/430/67 1976/1135/67 2056/1279/67
f 2067/463/67 1986/462/67 1985/815/67 2065/816/67
f 2076/399/67 1995/398/67 1994/817/67 2074/818/67
f 2085/403/67 2004/402/67 2003/819/67 2083/820/67
f 2094/407/67 2013/406/67 2012/821/67 2092/822/67
f 2103/411/67 2022/410/67 2021/823/67 2101/824/67
f 2112/415/67 2031/414/67 2030/825/67 2110/826/67
f 2121/419/67 2040/418/67 2039/110/67 2119/827/67
f 1625/828/65 1618/829/65 1620/277/65 1626/280/65
f 1983/467/67 1902/466/67 1901/1252/67 1981/1127/67
f 1992/499/67 1911/498/67 1910/795/67 1990/794/67
f 2001/435/67 1920/434/67 1919/798/67 1999/797/67
f 2010/439/67 1929/438/67 1928/801/67 2008/800/67
f 2019/443/67 1938/442/67 1937/804/67 2017/803/67
f 2028/447/67 1947/446/67 1946/805/67 2026/806/67
f 2037/451/67 1956/450/67 1955/807/67 2035/808/67
f 2046/455/67 1965/454/67 1964/810/67 2044/134/67
f 1613/811/65 1606/812/65 1608/273/65 1614/276/65
f 1908/503/67 1827/502/67 1826/1121/67 1906/1232/67
f 1917/535/67 1836/534/67 1835/776/67 1915/777/67
f 1926/471/67 1845/470/67 1844/778/67 1924/779/67
f 1935/475/67 1854/474/67 1853/780/67 1933/781/67
f 1944/479/67 1863/478/67 1862/782/67 1942/783/67
f 1953/483/67 1872/482/67 1871/784/67 1951/785/67
f 1962/487/67 1881/486/67 1880/786/67 1960/787/67
f 1971/491/67 1890/490/67 1889/155/67 1969/788/67
f 1601/789/65 1594/790/65 1596/269/65 1602/272/65
f 1833/539/67 1752/538/67 1751/1112/67 1831/1111/67
f 1842/571/67 1761/570/67 1760/760/67 1840/761/67
f 1851/507/67 1770/506/67 1769/762/67 1849/763/67
f 1860/511/67 1779/510/67 1778/764/67 1858/765/67
f 1869/515/67 1788/514/67 1787/766/67 1867/767/67
f 1878/519/67 1797/518/67 1796/768/67 1876/769/67
f 1887/523/67 1806/522/67 1805/770/67 1885/771/67
f 1896/527/67 1815/526/67 1814/176/67 1894/175/67
f 1589/772/65 1582/773/65 1584/265/65 1590/268/65
f 1758/251/67 1677/250/67 1676/1162/67 1756/1164/67
f 1767/643/67 1686/642/67 1685/1067/67 1765/1069/67
f 1776/543/67 1695/542/67 1694/743/67 1774/744/67
f 1785/547/67 1704/546/67 1703/745/67 1783/746/67
f 1794/551/67 1713/550/67 1712/747/67 1792/748/67
f 1803/555/67 1722/554/67 1721/749/67 1801/750/67
f 1812/559/67 1731/558/67 1730/751/67 1810/752/67
f 1821/563/67 1740/562/67 1739/198/67 1819/754/67
f 1577/755/65 1570/757/65 1572/261/65 1578/264/65
f 1683/647/67 2349/648/67 2348/741/67 1681/742/67
f 1692/583/67 1290/582/67 1289/201/67 1690/202/67
f 1701/587/67 1287/586/67 1286/203/67 1699/204/67
f 1710/591/67 1284/590/67 1283/205/67 1708/206/67
f 1719/595/67 1281/594/67 1280/207/67 1717/209/67
f 1728/599/67 1278/598/67 1277/210/67 1726/211/67
f 1737/603/67 1275/602/67 1274/212/67 1735/213/67
f 1746/607/67 1272/606/67 1271/214/67 1744/215/67
f 1565/685/65 2373/216/65 2372/609/65 1566/612/65
f 2375/575/67 2282/574/67 2281/223/67 2376/224/67
f 2378/579/67 2291/578/67 2290/227/67 2379/228/67
f 2381/615/67 2300/614/67 2299/896/67 2382/898/67
f 2384/619/67 2309/618/67 2308/234/67 2385/235/67
f 2387/623/67 2318/622/67 2317/237/67 2388/238/67
f 2390/627/67 2327/626/67 2326/899/67 2391/901/67
f 2393/631/67 2336/630/67 2335/902/67 2394/904/67
f 2396/635/67 2345/634/67 2344/247/67 2397/248/67
f 2399/706/65 1662/705/65 1661/253/65 2400/256/65
f 1571/686/64 1266/687/64 1265/262/64 1572/261/64
f 1344/260/66 1346/259/66 1345/1196/66 1342/1089/66
f 1374/567/67 1569/566/67 1568/757/67 1372/1198/67
f 1346/259/67 1269/258/67 1268/216/67 1347/217/67
f 1583/1045/64 1587/1046/64 1586/266/64 1584/265/64
f 1371/568/66 1374/567/66 1373/1229/66 1369/1228/66
f 1401/531/67 1581/530/67 1580/773/67 1399/772/67
f 1595/1026/64 1599/1027/64 1598/270/64 1596/269/64
f 1398/532/66 1401/531/66 1400/1248/66 1396/1247/66
f 1428/495/67 1593/494/67 1592/790/67 1426/1250/67
f 1607/1007/64 1611/1008/64 1610/274/64 1608/273/64
f 1425/496/66 1428/495/66 1427/1276/66 1423/1275/66
f 1455/459/67 1605/458/67 1604/1278/67 1453/811/67
f 1619/987/64 1623/988/64 1622/278/64 1620/277/64
f 1452/460/66 1455/459/66 1454/1300/66 1450/1299/66
f 1482/423/67 1617/422/67 1616/829/67 1480/1303/67
f 1631/964/64 1635/965/64 1634/282/64 1632/281/64
f 1479/424/66 1482/423/66 1481/1329/66 1477/1328/66
f 1509/387/67 1629/386/67 1628/1333/67 1507/1332/67
f 1643/945/64 1647/946/64 1646/286/64 1644/285/64
f 1506/388/66 1509/387/66 1508/1349/66 1504/1350/66
f 1536/351/67 1641/350/67 1640/877/67 1534/876/67
f 1655/927/64 1659/928/64 1658/290/64 1656/289/64
f 1533/352/66 1536/351/66 1535/1371/66 1531/1370/66
f 1664/355/67 1653/354/67 1652/48/67 1665/47/67
f 1667/292/66 1242/291/66 1241/20/66 1668/21/66
f 1558/1410/64 1561/1409/64 1563/638/64 1559/637/64
f 1319/639/67 1563/638/67 1562/705/67 1320/706/67
f 1673/646/66 1683/647/66 1682/905/66 1674/906/66
f 1323/584/66 1692/583/66 1691/1160/66 1321/1161/66
f 1348/1199/65 1680/1162/65 1679/641/65 1349/644/65
f 1322/742/65 1293/741/65 1292/581/65 1323/584/65
f 1326/588/66 1701/587/66 1700/1165/66 1324/1166/66
f 1351/1200/65 1689/1067/65 1688/541/65 1352/544/65
f 1325/202/65 2352/201/65 2351/585/65 1326/588/65
f 1329/592/66 1710/591/66 1709/1175/66 1327/1176/66
f 1354/1204/65 1698/1206/65 1697/545/65 1355/548/65
f 1328/204/65 2355/203/65 2354/589/65 1329/592/65
f 1332/596/66 1719/595/66 1718/1179/66 1330/1181/66
f 1357/1210/65 1707/745/65 1706/549/65 1358/552/65
f 1331/206/65 2358/205/65 2357/593/65 1332/596/65
f 1335/600/66 1728/599/66 1727/1183/66 1333/1184/66
f 1360/1214/65 1716/747/65 1715/553/65 1361/556/65
f 1334/209/65 2361/207/65 2360/597/65 1335/600/65
f 1338/604/66 1737/603/66 1736/1188/66 1336/1058/66
f 1363/1217/65 1725/1219/65 1724/557/65 1364/560/65
f 1337/1189/65 2364/210/65 2363/601/65 1338/604/65
f 1341/608/66 1746/607/66 1745/1192/66 1339/1193/66
f 1366/1222/65 1734/1224/65 1733/561/65 1367/564/65
f 1340/213/65 2367/212/65 2366/605/65 1341/608/65
f 1370/196/65 1743/198/65 1742/565/65 1371/568/65
f 1343/1110/65 2370/214/65 2369/257/65 1344/260/65
f 1748/252/66 1758/251/66 1757/1062/66 1749/1063/66
f 1349/644/66 1767/643/66 1766/179/66 1350/180/66
f 1375/1111/65 1755/1112/65 1754/569/65 1376/572/65
f 1352/544/66 1776/543/66 1775/181/66 1353/182/66
f 1378/761/65 1764/760/65 1763/505/65 1379/508/65
f 1355/548/66 1785/547/66 1784/183/66 1356/184/66
f 1381/1234/65 1773/1235/65 1772/509/65 1382/512/65
f 1358/552/66 1794/551/66 1793/188/66 1359/187/66
f 1384/765/65 1782/764/65 1781/513/65 1385/516/65
f 1361/556/66 1803/555/66 1802/189/66 1362/190/66
f 1387/767/65 1791/766/65 1790/517/65 1388/520/65
f 1364/560/66 1812/559/66 1811/193/66 1365/192/66
f 1390/1240/65 1800/1241/65 1799/521/65 1391/524/65
f 1367/564/66 1821/563/66 1820/194/66 1368/195/66
f 1393/771/65 1809/770/65 1808/525/65 1394/528/65
f 1397/175/65 1818/176/65 1817/529/65 1398/532/65
f 1823/540/66 1833/539/66 1832/1043/66 1824/1044/66
f 1376/572/66 1842/571/66 1841/159/66 1377/160/66
f 1402/1122/65 1830/1121/65 1829/533/65 1403/536/65
f 1379/508/66 1851/507/66 1850/161/66 1380/162/66
f 1405/1254/65 1839/776/65 1838/469/65 1406/472/65
f 1382/512/66 1860/511/66 1859/163/66 1383/164/66
f 1408/1258/65 1848/1257/65 1847/473/65 1409/476/65
f 1385/516/66 1869/515/66 1868/168/66 1386/167/66
f 1411/1263/65 1857/780/65 1856/477/65 1412/480/65
f 1388/520/66 1878/519/66 1877/169/66 1389/170/66
f 1414/1265/65 1866/782/65 1865/481/65 1415/484/65
f 1391/524/66 1887/523/66 1886/171/66 1392/172/66
f 1417/1266/65 1875/1267/65 1874/485/65 1418/488/65
f 1394/528/66 1896/527/66 1895/173/66 1395/174/66
f 1420/1271/65 1884/1272/65 1883/489/65 1421/492/65
f 1424/156/65 1893/155/65 1892/493/65 1425/496/65
f 1898/504/66 1908/503/66 1907/1024/66 1899/1025/66
f 1403/536/66 1917/535/66 1916/138/66 1404/139/66
f 1429/1127/65 1905/1128/65 1904/497/65 1430/500/65
f 1406/472/66 1926/471/66 1925/140/66 1407/141/66
f 1432/794/65 1914/1280/65 1913/433/65 1433/436/65
f 1409/476/66 1935/475/66 1934/142/66 1410/143/66
f 1435/1282/65 1923/1283/65 1922/437/65 1436/440/65
f 1412/480/66 1944/479/66 1943/144/66 1413/146/66
f 1438/800/65 1932/1287/65 1931/441/65 1439/444/65
f 1415/484/66 1953/483/66 1952/147/66 1416/148/66
f 1441/803/65 1941/1289/65 1940/445/65 1442/448/65
f 1418/488/66 1962/487/66 1961/151/66 1419/150/66
f 1444/1291/65 1950/1292/65 1949/449/65 1445/452/65
f 1421/492/66 1971/491/66 1970/152/66 1422/153/66
f 1447/1295/65 1959/1296/65 1958/453/65 1448/456/65
f 1451/134/65 1968/135/65 1967/457/65 1452/460/65
f 1973/468/66 1983/467/66 1982/1006/66 1974/1005/66
f 1430/500/66 1992/499/66 1991/115/66 1431/114/66
f 1456/1134/65 1980/1135/65 1979/461/65 1457/464/65
f 1433/436/66 2001/435/66 2000/118/66 1434/117/66
f 1459/1307/65 1989/815/65 1988/397/65 1460/400/65
f 1436/440/66 2010/439/66 2009/119/66 1437/120/66
f 1462/1310/65 1998/1311/65 1997/401/65 1463/404/65
f 1439/444/66 2019/443/66 2018/124/66 1440/123/66
f 1465/1314/65 2007/819/65 2006/405/65 1466/408/65
f 1442/448/66 2028/447/66 2027/127/66 1443/126/66
f 1468/1317/65 2016/821/65 2015/409/65 1469/412/65
f 1445/452/66 2037/451/66 2036/130/66 1446/129/66
f 1471/1319/65 2025/1320/65 2024/413/65 1472/416/65
f 1448/456/66 2046/455/66 2045/133/66 1449/132/66
f 1474/1323/65 2034/1324/65 2033/417/65 1475/420/65
f 1478/109/65 2043/110/65 2042/421/65 1479/424/65
f 2048/432/66 2058/431/66 2057/985/66 2049/986/66
f 1457/464/66 2067/463/66 2066/93/66 1458/94/66
f 1483/1141/65 2055/1140/65 2054/425/65 1484/428/65
f 1460/400/66 2076/399/66 2075/95/66 1461/96/66
f 1486/833/65 2064/1335/65 2063/361/65 1487/364/65
f 1463/404/66 2085/403/66 2084/97/66 1464/98/66
f 1489/1337/65 2073/1338/65 2072/365/65 1490/368/65
f 1466/408/66 2094/407/66 2093/102/66 1467/101/66
f 1492/841/65 2082/840/65 2081/369/65 1493/372/65
f 1469/412/66 2103/411/66 2102/103/66 1470/104/66
f 1495/845/65 2091/844/65 2090/373/65 1496/376/65
f 1472/416/66 2112/415/66 2111/105/66 1473/106/66
f 1498/1342/65 2100/1343/65 2099/377/65 1499/380/65
f 1475/420/66 2121/419/66 2120/107/66 1476/108/66
f 1501/1345/65 2109/1347/65 2108/381/65 1502/384/65
f 1505/89/65 2118/88/65 2117/385/65 1506/388/65
f 2123/396/66 2133/395/66 2132/962/66 2124/963/66
f 1484/428/66 2142/427/66 2141/71/66 1485/72/66
f 1510/1144/65 2130/1145/65 2129/389/65 1511/392/65
f 1487/364/66 2151/363/66 2150/73/66 1488/74/66
f 1513/864/65 2139/863/65 2138/325/65 1514/328/65
f 1490/368/66 2160/367/66 2159/75/66 1491/76/66
f 1516/866/65 2148/865/65 2147/329/65 1517/332/65
f 1493/372/66 2169/371/66 2168/80/66 1494/79/66
f 1519/868/65 2157/867/65 2156/333/65 1520/336/65
f 1496/376/66 2178/375/66 2177/81/66 1497/82/66
f 1522/871/65 2166/869/65 2165/337/65 1523/340/65
f 1499/380/66 2187/379/66 2186/83/66 1500/84/66
f 1525/1363/65 2175/872/65 2174/341/65 1526/344/65
f 1502/384/66 2196/383/66 2195/85/66 1503/86/66
f 1528/1366/65 2184/1367/65 2183/345/65 1529/348/65
f 1532/67/65 2193/68/65 2192/349/65 1533/352/65
f 2198/360/66 2208/359/66 2207/943/66 2199/944/66
f 1511/392/66 2217/391/66 2216/51/66 1512/52/66
f 2279/27/65 2205/26/65 2204/317/65 2280/320/65
f 1514/328/66 2226/327/66 2225/53/66 1515/54/66
f 2288/31/65 2214/30/65 2213/293/65 2289/296/65
f 1517/332/66 2235/331/66 2234/55/66 1518/56/66
f 2297/32/65 2223/34/65 2222/297/65 2298/300/65
f 1520/336/66 2244/335/66 2243/60/66 1521/59/66
f 2306/35/65 2232/37/65 2231/301/65 2307/304/65
f 1523/340/66 2253/339/66 2252/61/66 1524/62/66
f 2315/38/65 2241/40/65 2240/305/65 2316/308/65
f 1526/344/66 2262/343/66 2261/63/66 1527/64/66
f 2324/41/65 2250/42/65 2249/309/65 2325/312/65
f 1529/348/66 2271/347/66 2270/65/66 1530/66/66
f 2333/43/65 2259/45/65 2258/313/65 2334/316/65
f 2342/926/65 2268/925/65 2267/353/65 2343/356/65
f 2273/1374/64 2283/1375/64 2282/574/64 2274/573/64
f 1537/1150/64 2292/1151/64 2291/578/64 1538/577/64
f 1295/224/65 1539/223/65 1538/577/65 1296/580/65
f 1540/1378/64 2301/1379/64 2300/614/64 1541/613/64
f 1298/228/65 1542/227/65 1541/613/65 1299/616/65
f 1543/1383/64 2310/1384/64 2309/618/64 1544/617/64
f 1301/231/65 1545/230/65 1544/617/65 1302/620/65
f 1546/1387/64 2319/1389/64 2318/622/64 1547/621/64
f 1304/235/65 1548/234/65 1547/621/65 1305/624/65
f 1549/1394/64 2328/1395/64 2327/626/64 1550/625/64
f 1307/238/65 1551/237/65 1550/625/65 1308/628/65
f 1552/1399/64 2337/1400/64 2336/630/64 1553/629/64
f 1310/241/65 1554/240/65 1553/629/65 1311/632/65
f 1555/1102/64 2346/1404/64 2345/634/64 1556/633/64
f 1313/244/65 1557/243/65 1556/633/65 1314/636/65
f 1316/248/65 1560/247/65 1559/637/65 1317/640/65
f 1/1414/68 1201/1414/68 1203/200/68 2/200/68
f 4/655/69 1204/657/69 1206/219/69 5/219/69
f 7/718/70 1207/718/70 1209/5/70 8/5/70
f 10/707/71 1210/707/71 1212/3/71 11/2/71
f 15/177/68 1214/177/68 1213/666/68 13/665/68
f 18/157/68 1217/157/68 1216/740/68 16/740/68
f 21/136/72 1220/136/72 1219/759/72 19/759/72
f 24/111/72 1223/111/72 1222/775/72 22/775/72
f 27/90/72 1226/92/72 1225/792/72 25/792/72
f 30/69/73 1229/69/73 1228/814/73 28/814/73
f 33/49/68 1232/49/68 1231/831/68 31/831/68
f 36/22/74 1235/22/74 1234/862/74 34/862/74
f 37/861/75 1237/861/75 1239/879/75 38/879/75
f 42/20/76 1241/20/76 1240/893/76 40/893/76
f 45/18/77 1244/18/77 1243/1157/77 43/1156/77
f 48/16/76 1247/16/76 1246/702/76 46/702/76
f 51/14/78 1250/14/78 1249/700/78 49/700/78
f 54/12/79 1253/12/79 1252/697/79 52/697/79
f 57/10/80 1256/10/80 1255/695/80 55/694/80
f 60/8/77 1259/8/77 1258/692/77 58/692/77
f 63/6/77 1262/6/77 1261/690/77 61/689/77
f 64/688/81 1264/688/81 1266/687/81 65/687/81
f 69/216/82 1268/216/82 1267/1109/82 67/1108/82
f 72/214/83 1271/214/83 1270/1114/83 70/1114/83
f 75/212/84 1274/212/84 1273/1084/84 73/1083/84
f 78/210/70 1277/210/70 1276/1081/70 76/1081/70
f 81/207/84 1280/207/84 1279/1078/84 79/1077/84
f 84/205/70 1283/205/70 1282/1075/70 82/1075/70
f 87/203/70 1286/203/70 1285/1073/70 85/1073/70
f 90/201/85 1289/201/85 1288/1071/85 88/1071/85
f 91/1070/74 1291/1070/74 1293/741/74 92/741/74
f 96/221/69 1295/224/69 1294/1170/69 94/1170/69
f 99/225/69 1298/228/69 1297/1381/69 97/1381/69
f 102/229/86 1301/231/86 1300/1386/86 100/1386/86
f 105/232/87 1304/235/87 1303/1392/87 103/1391/87
f 108/236/69 1307/238/69 1306/1397/69 106/1397/69
f 111/239/75 1310/241/75 1309/1402/75 109/1402/75
f 114/242/69 1313/244/69 1312/1406/69 112/1406/69
f 117/245/87 1316/248/87 1315/1412/87 115/1412/87
f 118/1411/76 1318/1413/76 1320/706/76 119/704/76
f 123/742/86 1322/742/86 1321/1161/86 121/1161/86
f 126/202/86 1325/202/86 1324/1166/86 124/1166/86
f 129/204/88 1328/204/88 1327/1176/88 127/1176/88
f 132/206/89 1331/206/89 1330/1181/89 130/1180/89
f 135/209/88 1334/209/88 1333/1184/88 133/1184/88
f 138/1189/90 1337/1189/90 1336/1058/90 136/1058/90
f 141/213/86 1340/213/86 1339/1193/86 139/1193/86
f 144/1110/91 1343/1110/91 1342/1089/91 142/1197/91
f 145/1196/92 1345/1196/92 1347/217/92 146/217/92
f 148/1199/86 1348/1199/86 1350/180/86 149/180/86
f 151/1200/86 1351/1200/86 1353/182/86 152/182/86
f 154/1204/88 1354/1204/88 1356/184/88 155/184/88
f 157/1210/89 1357/1210/89 1359/187/89 158/186/89
f 160/1214/86 1360/1214/86 1362/190/86 161/190/86
f 163/1217/87 1363/1217/87 1365/192/87 164/192/87
f 166/1222/86 1366/1222/86 1368/195/86 167/195/86
f 171/196/89 1370/196/89 1369/1228/89 169/1228/89
f 174/1227/80 1373/1229/80 1372/1198/80 172/1198/80
f 175/1111/86 1375/1111/86 1377/160/86 176/160/86
f 178/761/86 1378/761/86 1380/162/86 179/162/86
f 181/1234/88 1381/1234/88 1383/164/88 182/164/88
f 184/765/89 1384/765/89 1386/167/89 185/166/89
f 187/767/86 1387/767/86 1389/170/86 188/170/86
f 190/1240/87 1390/1240/87 1392/172/87 191/172/87
f 193/771/86 1393/771/86 1395/174/86 194/174/86
f 198/175/89 1397/175/89 1396/1247/89 196/1247/89
f 201/1246/80 1400/1248/80 1399/772/80 199/772/80
f 202/1120/93 1402/1122/93 1404/139/93 203/139/93
f 205/1253/93 1405/1254/93 1407/141/93 206/141/93
f 208/1256/94 1408/1258/94 1410/143/94 209/143/94
f 211/1262/95 1411/1263/95 1413/146/95 212/145/95
f 214/1264/93 1414/1265/93 1416/148/93 215/148/93
f 217/1266/69 1417/1266/69 1419/150/69 218/150/69
f 220/1271/93 1420/1271/93 1422/153/93 221/153/93
f 225/154/95 1424/156/95 1423/1275/95 223/1275/95
f 228/1274/96 1427/1276/96 1426/1250/96 226/1250/96
f 229/1127/93 1429/1127/93 1431/114/93 230/114/93
f 232/794/93 1432/794/93 1434/117/93 233/117/93
f 235/1282/94 1435/1282/94 1437/120/94 236/120/94
f 238/800/95 1438/800/95 1440/123/95 239/122/95
f 241/803/93 1441/803/93 1443/126/93 242/126/93
f 244/1291/69 1444/1291/69 1446/129/69 245/129/69
f 247/1295/93 1447/1295/93 1449/132/93 248/132/93
f 252/134/95 1451/134/95 1450/1299/95 250/1299/95
f 255/1298/96 1454/1300/96 1453/811/96 253/811/96
f 256/1134/93 1456/1134/93 1458/94/93 257/94/93
f 259/1307/93 1459/1307/93 1461/96/93 260/96/93
f 262/1310/94 1462/1310/94 1464/98/94 263/98/94
f 265/1314/95 1465/1314/95 1467/101/95 266/100/95
f 268/1317/93 1468/1317/93 1470/104/93 269/104/93
f 271/1319/69 1471/1319/69 1473/106/69 272/106/69
f 274/1323/93 1474/1323/93 1476/108/93 275/108/93
f 279/109/95 1478/109/95 1477/1328/95 277/1328/95
f 282/1327/96 1481/1329/96 1480/1303/96 280/1303/96
f 283/1139/94 1483/1141/94 1485/72/94 284/72/94
f 286/1334/94 1486/833/94 1488/74/94 287/74/94
f 289/1337/87 1489/1337/87 1491/76/87 290/76/87
f 292/841/88 1492/841/88 1494/79/88 293/78/88
f 295/845/94 1495/845/94 1497/82/94 296/82/94
f 298/1342/86 1498/1342/86 1500/84/86 299/84/86
f 301/1345/94 1501/1345/94 1503/86/94 302/86/94
f 306/87/88 1505/89/88 1504/1350/88 304/1350/88
f 309/1349/77 1508/1349/77 1507/1332/77 307/1332/77
f 310/1144/86 1510/1144/86 1512/52/86 311/52/86
f 313/864/86 1513/864/86 1515/54/86 314/54/86
f 316/866/88 1516/866/88 1518/56/88 317/56/88
f 319/868/89 1519/868/89 1521/59/89 320/58/89
f 322/871/86 1522/871/86 1524/62/86 323/62/86
f 325/1363/87 1525/1363/87 1527/64/87 326/64/87
f 328/1366/86 1528/1366/86 1530/66/86 329/66/86
f 333/67/89 1532/67/89 1531/1370/89 331/1370/89
f 336/1369/80 1535/1371/80 1534/876/80 334/876/80
f 337/1150/97 1537/1150/97 1539/223/97 338/222/97
f 340/1378/97 1540/1378/97 1542/227/97 341/226/97
f 343/1383/68 1543/1383/68 1545/230/68 344/230/68
f 346/1387/98 1546/1387/98 1548/234/98 347/233/98
f 349/1394/97 1549/1394/97 1551/237/97 350/237/97
f 352/1399/74 1552/1399/74 1554/240/74 353/240/74
f 355/1102/97 1555/1102/97 1557/243/97 356/243/97
f 358/1408/98 1558/1410/98 1560/247/98 359/246/98
f 363/705/83 1562/705/83 1561/1409/83 361/1409/83
f 366/685/90 1565/685/90 1564/686/90 364/1159/90
f 369/757/84 1568/757/84 1567/1088/84 367/1087/84
f 372/686/99 1571/686/99 1570/757/99 370/756/99
f 375/1158/77 1574/1158/77 1573/720/77 373/719/77
f 378/755/88 1577/755/88 1576/7/88 376/7/88
f 381/773/84 1580/773/84 1579/1065/84 379/1065/84
f 384/1045/99 1583/1045/99 1582/773/99 382/773/99
f 385/691/81 1585/691/81 1587/1046/81 386/1046/81
f 390/772/88 1589/772/88 1588/9/88 388/9/88
f 393/790/100 1592/790/100 1591/1116/100 391/1116/100
f 396/1026/73 1595/1026/73 1594/790/73 394/790/73
f 397/693/84 1597/693/84 1599/1027/84 398/1027/84
f 402/789/94 1601/789/94 1600/11/94 400/11/94
f 405/1278/100 1604/1278/100 1603/1124/100 403/1124/100
f 408/1007/73 1607/1007/73 1606/812/73 406/812/73
f 409/696/101 1609/698/101 1611/1008/101 410/1008/101
f 414/811/94 1613/811/94 1612/13/94 412/13/94
f 417/829/100 1616/829/100 1615/1130/100 415/1130/100
f 420/987/73 1619/987/73 1618/829/73 418/829/73
f 421/699/101 1621/699/101 1623/988/101 422/988/101
f 426/828/94 1625/828/94 1624/15/94 424/15/94
f 429/860/81 1628/1333/81 1627/1137/81 427/1137/81
f 432/964/98 1631/964/98 1630/860/98 430/860/98
f 433/701/83 1633/703/83 1635/965/83 434/965/83
f 438/859/87 1637/859/87 1636/17/87 436/17/87
f 441/877/84 1640/877/84 1639/1143/84 439/1143/84
f 444/945/99 1643/945/99 1642/877/99 442/877/99
f 445/1155/81 1645/1155/81 1647/946/81 446/946/81
f 450/876/88 1649/876/88 1648/19/88 448/19/88
f 453/46/81 1652/48/81 1651/1147/81 451/1147/81
f 456/927/98 1655/927/98 1654/48/98 454/1154/98
f 457/892/83 1657/892/83 1659/928/83 458/928/83
f 460/1152/68 1660/1152/68 1662/705/68 461/705/68
f 463/1104/77 1663/1106/77 1665/47/77 464/47/77
f 466/47/87 1666/47/87 1668/21/87 467/21/87
f 469/1/70 1669/1/70 1671/1153/70 470/1153/70
f 472/199/86 1672/199/86 1674/906/86 473/906/86
f 477/1162/70 1676/1162/70 1675/178/70 475/178/70
f 478/1047/68 1678/1047/68 1680/1162/68 479/1162/68
f 483/905/71 1682/905/71 1681/742/71 481/742/71
f 486/1067/70 1685/1067/70 1684/1048/70 484/1048/70
f 487/1049/68 1687/1049/68 1689/1067/68 488/1201/68
f 492/1160/71 1691/1160/71 1690/202/71 490/202/71
f 495/743/70 1694/743/70 1693/1050/70 493/1050/70
f 496/1051/99 1696/1051/99 1698/1206/99 497/1205/99
f 501/1165/71 1700/1165/71 1699/204/71 499/204/71
f 504/745/81 1703/745/81 1702/1052/81 502/1052/81
f 505/1053/102 1705/1053/102 1707/745/102 506/1211/102
f 510/1175/77 1709/1175/77 1708/206/77 508/206/77
f 513/747/84 1712/747/84 1711/1055/84 511/1054/84
f 514/1056/68 1714/1056/68 1716/747/68 515/1215/68
f 519/1179/80 1718/1179/80 1717/209/80 517/208/80
f 522/749/70 1721/749/70 1720/1057/70 520/1057/70
f 523/1058/98 1723/1058/98 1725/1219/98 524/1218/98
f 528/1183/77 1727/1183/77 1726/211/77 526/211/77
f 531/751/83 1730/751/83 1729/1059/83 529/1059/83
f 532/1060/68 1732/1060/68 1734/1224/68 533/1223/68
f 537/1188/76 1736/1188/76 1735/213/76 535/213/76
f 540/198/70 1739/198/70 1738/1061/70 538/1061/70
f 541/1086/102 1741/1089/102 1743/198/102 542/197/102
f 546/1192/71 1745/1192/71 1744/215/71 544/215/71
f 547/664/86 1747/664/86 1749/1063/86 548/1063/86
f 552/1112/70 1751/1112/70 1750/158/70 550/158/70
f 553/1028/68 1753/1028/68 1755/1112/68 554/1112/68
f 558/1062/71 1757/1062/71 1756/1164/71 556/1163/71
f 561/760/70 1760/760/70 1759/1029/70 559/1029/70
f 562/1030/68 1762/1030/68 1764/760/68 563/760/68
f 567/179/71 1766/179/71 1765/1069/71 565/1068/71
f 570/762/70 1769/762/70 1768/1031/70 568/1031/70
f 571/1032/99 1771/1032/99 1773/1235/99 572/1235/99
f 576/181/71 1775/181/71 1774/744/71 574/744/71
f 579/764/81 1778/764/81 1777/1033/81 577/1033/81
f 580/1034/102 1780/1034/102 1782/764/102 581/764/102
f 585/183/77 1784/183/77 1783/746/77 583/746/77
f 588/766/84 1787/766/84 1786/1036/84 586/1035/84
f 589/1037/68 1789/1037/68 1791/766/68 590/766/68
f 594/185/80 1793/188/80 1792/748/80 592/748/80
f 597/768/70 1796/768/70 1795/189/70 595/189/70
f 598/1038/98 1798/1040/98 1800/1241/98 599/1241/98
f 603/189/71 1802/189/71 1801/750/71 601/750/71
f 606/770/83 1805/770/83 1804/1039/83 604/1039/83
f 607/1041/68 1807/1041/68 1809/770/68 608/770/68
f 612/191/76 1811/193/76 1810/752/76 610/752/76
f 615/176/70 1814/176/70 1813/1042/70 613/1042/70
f 616/1064/102 1816/1066/102 1818/176/102 617/176/102
f 621/194/71 1820/194/71 1819/754/71 619/753/71
f 622/739/86 1822/739/86 1824/1044/86 623/1044/86
f 627/1121/103 1826/1121/103 1825/137/103 625/137/103
f 628/1009/72 1828/1009/72 1830/1121/72 629/1121/72
f 633/1043/71 1832/1043/71 1831/1111/71 631/1111/71
f 636/776/103 1835/776/103 1834/1010/103 634/1010/103
f 637/1011/72 1837/1011/72 1839/776/72 638/776/72
f 642/159/71 1841/159/71 1840/761/71 640/761/71
f 645/778/103 1844/778/103 1843/1012/103 643/1012/103
f 646/1013/73 1846/1013/73 1848/1257/73 647/1257/73
f 651/161/71 1850/161/71 1849/763/71 649/763/71
f 654/780/101 1853/780/101 1852/1014/101 652/1014/101
f 655/1015/104 1855/1018/104 1857/780/104 656/780/104
f 660/163/77 1859/163/77 1858/765/77 658/765/77
f 663/782/100 1862/782/100 1861/1017/100 661/1016/100
f 664/1019/72 1864/1019/72 1866/782/72 665/782/72
f 669/165/80 1868/168/80 1867/767/80 667/767/80
f 672/784/103 1871/784/103 1870/1020/103 670/1020/103
f 673/1021/97 1873/1021/97 1875/1267/97 674/1267/97
f 678/169/71 1877/169/71 1876/769/71 676/769/71
f 681/786/105 1880/786/105 1879/1022/105 679/1022/105
f 682/174/72 1882/174/72 1884/1272/72 683/1272/72
f 687/171/76 1886/171/76 1885/771/76 685/771/76
f 690/155/103 1889/155/103 1888/1023/103 688/1023/103
f 691/1115/104 1891/1117/104 1893/155/104 692/155/104
f 696/173/71 1895/173/71 1894/175/71 694/175/71
f 697/758/93 1897/758/93 1899/1025/93 698/1025/93
f 702/1251/103 1901/1252/103 1900/112/103 700/112/103
f 703/989/72 1903/989/72 1905/1128/72 704/1128/72
f 708/1024/106 1907/1024/106 1906/1232/106 706/1232/106
f 711/793/103 1910/795/103 1909/990/103 709/990/103
f 712/991/72 1912/991/72 1914/1280/72 713/1280/72
f 717/138/106 1916/138/106 1915/777/106 715/777/106
f 720/796/103 1919/798/103 1918/992/103 718/992/103
f 721/993/73 1921/993/73 1923/1283/73 722/1283/73
f 726/140/106 1925/140/106 1924/779/106 724/779/106
f 729/799/101 1928/801/101 1927/994/101 727/994/101
f 730/995/104 1930/995/104 1932/1287/104 731/1287/104
f 735/142/79 1934/142/79 1933/781/79 733/781/79
f 738/802/100 1937/804/100 1936/997/100 736/996/100
f 739/998/72 1939/998/72 1941/1289/72 740/1289/72
f 744/144/96 1943/144/96 1942/783/96 742/783/96
f 747/805/103 1946/805/103 1945/147/103 745/147/103
f 748/999/97 1948/1001/97 1950/1292/97 749/1292/97
f 753/147/106 1952/147/106 1951/785/106 751/785/106
f 756/807/105 1955/807/105 1954/1000/105 754/1000/105
f 757/1002/72 1957/1002/72 1959/1296/72 758/1296/72
f 762/149/107 1961/151/107 1960/787/107 760/787/107
f 765/809/103 1964/810/103 1963/1003/103 763/1003/103
f 766/1123/104 1966/1125/104 1968/135/104 767/135/104
f 771/152/106 1970/152/106 1969/788/106 769/788/106
f 772/774/93 1972/774/93 1974/1005/93 773/1005/93
f 777/1135/103 1976/1135/103 1975/91/103 775/91/103
f 778/966/72 1978/968/72 1980/1135/72 779/1135/72
f 783/1004/106 1982/1006/106 1981/1127/106 781/1127/106
f 786/815/103 1985/815/103 1984/967/103 784/967/103
f 787/969/72 1987/971/72 1989/815/72 788/815/72
f 792/113/106 1991/115/106 1990/794/106 790/794/106
f 795/817/103 1994/817/103 1993/970/103 793/970/103
f 796/972/73 1996/972/73 1998/1311/73 797/1311/73
f 801/116/106 2000/118/106 1999/797/106 799/797/106
f 804/819/101 2003/819/101 2002/973/101 802/973/101
f 805/974/104 2005/977/104 2007/819/104 806/819/104
f 810/119/79 2009/119/79 2008/800/79 808/800/79
f 813/821/100 2012/821/100 2011/976/100 811/975/100
f 814/978/72 2014/979/72 2016/821/72 815/821/72
f 819/121/96 2018/124/96 2017/803/96 817/803/96
f 822/823/103 2021/823/103 2020/125/103 820/125/103
f 823/980/97 2023/982/97 2025/1320/97 824/1320/97
f 828/125/106 2027/127/106 2026/806/106 826/806/106
f 831/825/105 2030/825/105 2029/981/105 829/981/105
f 832/132/72 2032/984/72 2034/1324/72 833/1324/72
f 837/128/107 2036/130/107 2035/808/107 835/808/107
f 840/110/103 2039/110/103 2038/983/103 838/983/103
f 841/1129/104 2041/1131/104 2043/110/104 842/110/104
f 846/131/106 2045/133/106 2044/134/106 844/134/106
f 847/791/93 2047/791/93 2049/986/93 848/986/93
f 852/1304/101 2051/1306/101 2050/70/101 850/70/101
f 853/947/73 2053/947/73 2055/1140/73 854/1140/73
f 858/985/106 2057/985/106 2056/1279/106 856/1279/106
f 861/832/101 2060/835/101 2059/948/101 859/948/101
f 862/949/73 2062/949/73 2064/1335/73 863/1335/73
f 867/93/106 2066/93/106 2065/816/106 865/816/106
f 870/836/101 2069/839/101 2068/950/101 868/950/101
f 871/951/98 2071/951/98 2073/1338/98 872/1338/98
f 876/95/106 2075/95/106 2074/818/106 874/818/106
f 879/840/83 2078/843/83 2077/952/83 877/952/83
f 880/953/99 2080/956/99 2082/840/99 881/840/99
f 885/97/78 2084/97/78 2083/820/78 883/820/78
f 888/844/81 2087/847/81 2086/955/81 886/954/81
f 889/957/73 2089/957/73 2091/844/73 890/844/73
f 894/99/96 2093/102/96 2092/822/96 892/822/96
f 897/848/85 2096/851/85 2095/958/85 895/958/85
f 898/959/68 2098/959/68 2100/1343/68 899/1343/68
f 903/103/106 2102/103/106 2101/824/106 901/824/106
f 906/852/70 2105/855/70 2104/960/70 904/960/70
f 907/108/73 2107/108/73 2109/1347/73 908/1346/73
f 912/105/107 2111/105/107 2110/826/107 910/826/107
f 915/856/101 2114/858/101 2113/961/101 913/961/101
f 916/1136/99 2116/1138/99 2118/88/99 917/88/99
f 921/107/106 2120/107/106 2119/827/106 919/827/106
f 922/813/94 2122/813/94 2124/963/94 923/963/94
f 927/1145/70 2126/1145/70 2125/50/70 925/50/70
f 928/929/68 2128/929/68 2130/1145/68 929/1145/68
f 933/962/78 2132/962/78 2131/1305/78 931/1141/78
f 936/863/70 2135/863/70 2134/930/70 934/930/70
f 937/931/68 2137/931/68 2139/863/68 938/863/68
f 942/71/78 2141/71/78 2140/834/78 940/833/78
f 945/865/70 2144/865/70 2143/932/70 943/932/70
f 946/933/99 2146/933/99 2148/865/99 947/865/99
f 951/73/78 2150/73/78 2149/838/78 949/837/78
f 954/867/81 2153/867/81 2152/934/81 952/934/81
f 955/935/102 2155/938/102 2157/867/102 956/867/102
f 960/75/76 2159/75/76 2158/842/76 958/841/76
f 963/869/84 2162/869/84 2161/937/84 961/936/84
f 964/939/68 2164/939/68 2166/869/68 965/1361/68
f 969/77/77 2168/80/77 2167/846/77 967/845/77
f 972/872/70 2171/872/70 2170/81/70 970/81/70
f 973/940/98 2173/940/98 2175/872/98 974/872/98
f 978/81/78 2177/81/78 2176/850/78 976/849/78
f 981/874/83 2180/874/83 2179/941/83 979/941/83
f 982/86/68 2182/86/68 2184/1367/68 983/1367/68
f 987/83/71 2186/83/71 2185/854/71 985/853/71
f 990/68/70 2189/68/70 2188/942/70 988/942/70
f 991/1142/102 2191/1142/102 2193/68/102 992/68/102
f 996/85/78 2195/85/78 2194/857/78 994/857/78
f 997/830/86 2197/830/86 2199/944/86 998/944/86
f 1002/1353/85 2201/1354/85 2200/23/85 1000/23/85
f 1003/907/74 2203/907/74 2205/26/74 1004/25/74
f 1008/943/71 2207/943/71 2206/1144/71 1006/1144/71
f 1011/1355/85 2210/1356/85 2209/908/85 1009/908/85
f 1012/909/74 2212/909/74 2214/30/74 1013/29/74
f 1017/51/71 2216/51/71 2215/864/71 1015/864/71
f 1020/1357/85 2219/1359/85 2218/910/85 1018/910/85
f 1021/911/98 2221/911/98 2223/34/98 1022/33/98
f 1026/53/71 2225/53/71 2224/866/71 1024/866/71
f 1029/1360/83 2228/37/83 2227/912/83 1027/912/83
f 1030/913/99 2230/916/99 2232/37/99 1031/36/99
f 1035/55/77 2234/55/77 2233/868/77 1033/868/77
f 1038/1362/81 2237/40/81 2236/915/81 1036/914/81
f 1039/917/74 2239/917/74 2241/40/74 1040/39/74
f 1044/57/80 2243/60/80 2242/871/80 1042/870/80
f 1047/1364/85 2246/1364/85 2245/918/85 1045/918/85
f 1048/919/108 2248/919/108 2250/42/108 1049/42/108
f 1053/61/71 2252/61/71 2251/873/71 1051/873/71
f 1056/44/109 2255/44/109 2254/920/109 1054/920/109
f 1057/921/74 2257/921/74 2259/45/74 1058/44/74
f 1062/63/76 2261/63/76 2260/875/76 1060/875/76
f 1065/1372/85 2264/1373/85 2263/922/85 1063/922/85
f 1066/1146/99 2266/1148/99 2268/925/99 1067/924/99
f 1071/65/71 2270/65/71 2269/67/71 1069/67/71
f 1074/1374/97 2273/1374/97 2272/656/97 1072/656/97
f 1075/878/110 2275/878/110 2277/24/110 1076/27/110
f 1080/24/75 2279/27/75 2278/1377/75 1078/1377/75
f 1081/223/105 2281/223/105 2283/1375/105 1082/1375/105
f 1084/1376/110 2284/1376/110 2286/28/110 1085/31/110
f 1089/28/75 2288/31/75 2287/1091/75 1087/1091/75
f 1090/227/105 2290/227/105 2292/1151/105 1091/1151/105
f 1093/1090/110 2293/1090/110 2295/1358/110 1094/1358/110
f 1098/32/87 2297/32/87 2296/1093/87 1096/1093/87
f 1099/896/105 2299/896/105 2301/1379/105 1100/1379/105
f 1102/1092/76 2302/1092/76 2304/35/76 1103/35/76
f 1107/35/88 2306/35/88 2305/1096/88 1105/1095/88
f 1108/233/70 2308/234/70 2310/1384/70 1109/1384/70
f 1111/1094/77 2311/1094/77 2313/38/77 1112/38/77
f 1116/38/75 2315/38/75 2314/1098/75 1114/1098/75
f 1117/237/83 2317/237/83 2319/1389/83 1118/1388/83
f 1120/1097/79 2320/1097/79 2322/1365/79 1121/1365/79
f 1125/41/111 2324/41/111 2323/1100/111 1123/1100/111
f 1126/899/112 2326/899/112 2328/1395/112 1127/1395/112
f 1129/1099/113 2329/1099/113 2331/1368/113 1130/43/113
f 1134/43/75 2333/43/75 2332/1102/75 1132/1102/75
f 1135/902/85 2335/902/85 2337/1400/85 1136/1400/85
f 1138/1101/110 2338/1101/110 2340/923/110 1139/926/110
f 1143/923/88 2342/926/88 2341/1105/88 1141/1105/88
f 1144/247/105 2344/247/105 2346/1404/105 1145/1404/105
f 1149/741/70 2348/741/70 2347/1415/70 1147/1415/70
f 1150/1072/68 2350/1072/68 2352/201/68 1151/201/68
f 1153/1074/68 2353/1074/68 2355/203/68 1154/203/68
f 1156/1076/102 2356/1079/102 2358/205/102 1157/205/102
f 1159/1080/68 2359/1080/68 2361/207/68 1160/207/68
f 1162/1082/114 2362/1085/114 2364/210/114 1163/210/114
f 1165/1113/114 2365/1113/114 2367/212/114 1166/212/114
f 1168/1107/115 2368/1107/115 2370/214/115 1169/214/115
f 1171/4/68 2371/4/68 2373/216/68 1172/216/68
f 1174/218/107 2374/220/107 2376/224/107 1175/894/107
f 1177/1169/107 2377/1171/107 2379/228/107 1178/895/107
f 1180/1380/107 2380/1382/107 2382/898/107 1181/897/107
f 1183/1385/71 2383/1385/71 2385/235/71 1184/232/71
f 1186/1390/76 2386/1393/76 2388/238/76 1187/236/76
f 1189/1396/116 2389/1398/116 2391/901/116 1190/900/116
f 1192/1401/110 2392/1403/110 2394/904/110 1193/903/110
f 1195/1405/107 2395/1407/107 2397/248/107 1196/1103/107
f 1200/704/86 2399/706/86 2398/708/86 1198/708/86
f 1/1414/2 1147/1415/2 2347/1415/2 1201/1414/2
o Floor
v -3.757829 0.011119 1.726380
v -3.752803 0.011119 1.731379
v -3.752829 0.016119 1.726379
v 3.021662 0.011119 1.731379
v 3.026695 0.011119 1.726380
v 3.021695 0.016119 1.726379
v -3.753502 0.011119 -3.181052
v -3.758502 0.011119 -3.176052
v -3.753502 0.016119 -3.176052
v 0.653883 0.011119 1.731379
v 0.658928 0.011119 1.726380
v 0.653928 0.016119 1.726379
v 0.660857 0.011119 -3.176052
v 0.655833 0.011119 -3.181052
v 0.655857 0.016119 -3.176052
v -3.752413 0.011119 -0.871252
v -3.757437 0.011119 -0.866252
v -3.752437 0.016119 -0.866252
v 3.026713 0.011119 -0.866252
v 3.021662 0.011119 -0.871252
v 3.021713 0.016119 -0.866252
v 0.656327 0.011119 -0.871255
v 0.656345 0.016119 -0.866255
v 0.661345 0.011119 -0.866252
v -3.758660 0.011119 -0.605859
v -3.753660 0.016119 -0.605859
v -3.753660 0.011119 -0.610859
v -3.758630 0.011119 -0.345466
v -3.753630 0.016119 -0.345472
v -3.753660 0.011119 -0.350472
v -3.757155 0.011119 -0.085072
v -3.752155 0.016119 -0.085075
v -3.752116 0.011119 -0.090075
v -3.759166 0.011119 0.175321
v -3.754166 0.016119 0.175321
v -3.754166 0.011119 0.170321
v -3.759173 0.011119 0.435715
v -3.754173 0.016119 0.435704
v -3.754167 0.011119 0.430704
v -3.759482 0.011119 0.696108
v -3.754482 0.016119 0.696108
v -3.754482 0.011119 0.691108
v -3.759475 0.011119 0.956501
v -3.754475 0.016119 0.956483
v -3.754482 0.011119 0.951484
v -3.759148 0.011119 1.216895
v -3.754148 0.016119 1.216895
v -3.754148 0.011119 1.211895
v -3.759148 0.011119 1.465986
v -3.754148 0.011119 1.470986
v -3.754148 0.016119 1.465986
v 3.028402 0.011119 1.465986
v 3.023402 0.016119 1.465986
v 3.023367 0.011119 1.470986
v 3.030178 0.011119 1.205593
v 3.025178 0.016119 1.205593
v 3.025178 0.011119 1.210593
v 3.030201 0.011119 0.945199
v 3.025201 0.016119 0.945202
v 3.025178 0.011119 0.950202
v 3.031386 0.011119 0.684806
v 3.026386 0.016119 0.684806
v 3.026386 0.011119 0.689806
v 3.031346 0.011119 0.424413
v 3.026346 0.016119 0.424420
v 3.026386 0.011119 0.429419
v 3.029331 0.011119 0.164019
v 3.024331 0.016119 0.164022
v 3.024304 0.011119 0.169022
v 3.030703 0.011119 -0.096374
v 3.025702 0.016119 -0.096374
v 3.025702 0.011119 -0.091374
v 3.030675 0.011119 -0.356768
v 3.025676 0.016119 -0.356763
v 3.025702 0.011119 -0.351763
v 3.029327 0.011119 -0.605859
v 3.024299 0.011119 -0.610859
v 3.024327 0.016119 -0.605859
v 0.661136 0.011119 1.477288
v 0.656180 0.011119 1.472285
v 0.656135 0.016119 1.477285
v -0.065057 0.011119 -0.605859
v -0.070062 0.011119 -0.610863
v -0.070057 0.016119 -0.605863
v -0.354930 0.011119 -0.085073
v -0.359884 0.011119 -0.090079
v -0.359931 0.016119 -0.085079
v 0.663745 0.011119 0.690457
v 0.663745 0.016119 0.695457
v 0.665017 0.016119 0.425063
v 0.665017 0.011119 0.430063
v -0.356502 0.011119 0.169670
v -0.356502 0.016119 0.174670
v 0.661582 0.011119 -0.096374
v 0.656582 0.016119 -0.096371
v 0.656568 0.011119 -0.091371
v 0.657295 0.011119 -0.350470
v 0.657281 0.016119 -0.345470
v 0.662281 0.011119 -0.345466
v 0.662277 0.011119 -0.617161
v 0.657277 0.016119 -0.617156
v 0.657295 0.011119 -0.612156
v 0.662261 0.011119 -1.134188
v 0.657261 0.016119 -1.134188
v 0.657233 0.011119 -1.129188
v 0.663678 0.011119 -1.390831
v 0.658678 0.016119 -1.390831
v 0.658678 0.011119 -1.385831
v 0.663647 0.011119 -1.647475
v 0.658647 0.016119 -1.647457
v 0.658678 0.011119 -1.642457
v 0.662102 0.011119 -1.904118
v 0.657102 0.016119 -1.904118
v 0.657102 0.011119 -1.899118
v 0.662122 0.011119 -2.160761
v 0.657122 0.016119 -2.160758
v 0.657102 0.011119 -2.155757
v 0.663125 0.011119 -2.417405
v 0.658125 0.016119 -2.417405
v 0.658125 0.011119 -2.412405
v 0.663104 0.011119 -2.674048
v 0.658104 0.016119 -2.674040
v 0.658125 0.011119 -2.669040
v 0.662068 0.011119 -2.919408
v 0.657047 0.011119 -2.924408
v 0.657068 0.016119 -2.919408
v -3.758483 0.011119 -2.919408
v -3.753483 0.016119 -2.919414
v -3.753502 0.011119 -2.924414
v -3.757550 0.011119 -2.662765
v -3.752550 0.016119 -2.662768
v -3.752525 0.011119 -2.667768
v -3.758829 0.011119 -2.406121
v -3.753829 0.016119 -2.406121
v -3.753829 0.011119 -2.411121
v -3.758794 0.011119 -2.149478
v -3.753793 0.016119 -2.149485
v -3.753829 0.011119 -2.154485
v -3.757037 0.011119 -1.892835
v -3.752037 0.016119 -1.892838
v -3.752029 0.011119 -1.897838
v -3.757458 0.011119 -1.636192
v -3.752458 0.016119 -1.636191
v -3.752417 0.011119 -1.641191
v -3.759504 0.011119 -1.379548
v -3.754504 0.016119 -1.379548
v -3.754504 0.011119 -1.384548
v -3.759504 0.011119 -1.134188
v -3.754504 0.011119 -1.129188
v -3.754504 0.016119 -1.134188
v -0.062991 0.011119 -0.351117
v -0.062991 0.016119 -0.346117
v 1.469763 0.011119 -0.085072
v 1.464797 0.011119 -0.090076
v 1.464763 0.016119 -0.085076
v 1.468681 0.011119 0.169670
v 1.468681 0.016119 0.174670
v 2.282127 0.011119 -0.345466
v 2.287127 0.016119 -0.345466
v 2.287127 0.011119 -0.350466
v 2.280106 0.016119 -0.085723
v 2.280106 0.011119 -0.090723
v 1.711360 0.011119 -0.351765
v 1.716360 0.011119 -0.356768
v 1.711360 0.016119 -0.356765
v 1.711361 0.011119 -0.610862
v 1.711361 0.016119 -0.605862
v 1.716361 0.011119 -0.605859
v -0.943691 0.011119 -0.617161
v -0.948691 0.016119 -0.617156
v -0.948662 0.011119 -0.612156
v -0.943927 0.016119 -0.876903
v -0.943927 0.011119 -0.871903
v -0.452616 0.016119 -1.133546
v -0.452616 0.011119 -1.128546
v -0.456615 0.011119 -0.872538
v -0.451653 0.011119 -0.877545
v -0.456653 0.016119 -0.877538
v -1.672026 0.011119 -0.605859
v -1.677032 0.011119 -0.610862
v -1.677026 0.016119 -0.605862
v -1.671741 0.011119 -0.356768
v -1.676741 0.016119 -0.356764
v -1.676735 0.011119 -0.351764
v -0.843763 0.011119 -0.096374
v -0.848763 0.016119 -0.096372
v -0.848783 0.011119 -0.091372
v -0.847716 0.011119 -0.350470
v -0.847737 0.016119 -0.345470
v -0.842736 0.011119 -0.345466
v -0.961426 0.011119 0.435714
v -0.966418 0.011119 0.430711
v -0.966426 0.016119 0.435711
v -0.960210 0.011119 0.690457
v -0.960210 0.016119 0.695457
v -0.033341 0.011119 0.424413
v -0.038341 0.016119 0.424416
v -0.038370 0.011119 0.429416
v -0.036856 0.011119 0.170311
v -0.036885 0.016119 0.175311
v -0.031885 0.011119 0.175321
v 1.729024 0.011119 0.170321
v 1.724001 0.011119 0.175321
v 1.729001 0.016119 0.175321
v 1.722850 0.011119 0.424413
v 1.727827 0.011119 0.429416
v 1.727850 0.016119 0.424416
v 2.552306 0.016119 0.695457
v 2.552306 0.011119 0.690457
v 2.559938 0.011119 0.430714
v 2.554938 0.011119 0.435715
v 2.559938 0.016119 0.435715
v 1.493943 0.011119 0.691104
v 1.493919 0.016119 0.696104
v 1.498919 0.011119 0.696108
v 1.499099 0.011119 0.950850
v 1.499099 0.016119 0.955850
v -2.098683 0.016119 0.174670
v -2.098683 0.011119 0.169670
v -2.094210 0.011119 -0.090723
v -2.094210 0.016119 -0.095723
v -2.629069 0.011119 -0.351117
v -2.629069 0.016119 -0.356117
v -2.623592 0.011119 -0.091368
v -2.623571 0.016119 -0.096368
v -2.628572 0.011119 -0.096374
v -2.747123 0.016119 -0.606510
v -2.747123 0.011119 -0.611510
v -2.742370 0.011119 -0.871259
v -2.747341 0.011119 -0.866252
v -2.742341 0.016119 -0.866259
v -2.258693 0.011119 -0.872542
v -2.258730 0.016119 -0.877542
v -2.263730 0.011119 -0.877545
v -2.268895 0.011119 -1.128546
v -2.268895 0.016119 -1.133546
v -1.710885 0.011119 -1.129182
v -1.705929 0.011119 -1.134188
v -1.710929 0.016119 -1.134182
v -1.708079 0.011119 -1.379548
v -1.713123 0.011119 -1.384551
v -1.713079 0.016119 -1.379551
v -0.081107 0.011119 -1.129188
v -0.081115 0.016119 -1.134188
v -0.086115 0.011119 -1.134188
v -0.088733 0.011119 -1.385190
v -0.088733 0.016119 -1.390190
v -0.473402 0.016119 -1.903476
v -0.473402 0.011119 -1.898477
v -0.470673 0.011119 -1.641833
v -0.470673 0.016119 -1.636833
v -2.264242 0.011119 -1.898476
v -2.264242 0.016119 -1.903476
v -2.263476 0.016119 -1.636833
v -2.263476 0.011119 -1.641833
v -0.971318 0.011119 -1.385827
v -0.966346 0.011119 -1.390831
v -0.971346 0.016119 -1.390827
v -0.967691 0.011119 -1.636192
v -0.972718 0.011119 -1.641194
v -0.972691 0.016119 -1.636194
v -2.749888 0.016119 -1.380190
v -2.749888 0.011119 -1.385190
v -2.744201 0.011119 -1.641198
v -2.749173 0.011119 -1.636191
v -2.744174 0.016119 -1.636198
v -1.815719 0.011119 0.170310
v -1.815742 0.016119 0.175310
v -1.810742 0.011119 0.175321
v -1.809779 0.011119 0.430063
v -1.809779 0.016119 0.435063
v -3.446768 0.011119 0.175321
v -3.441768 0.016119 0.175319
v -3.441745 0.011119 0.170319
v -3.442932 0.011119 0.429417
v -3.442909 0.016119 0.424416
v -3.447909 0.011119 0.424413
v -2.563841 0.011119 0.430710
v -2.568849 0.011119 0.435714
v -2.563849 0.016119 0.435710
v -2.571745 0.016119 0.695457
v -2.571745 0.011119 0.690457
v -0.321845 0.011119 0.950850
v -0.321845 0.016119 0.955850
v -0.326530 0.011119 0.691103
v -0.326559 0.016119 0.696103
v -0.321559 0.011119 0.696108
v 2.071059 0.011119 1.211244
v 2.071059 0.016119 1.216244
v 2.064040 0.011119 0.951495
v 2.064033 0.016119 0.956495
v 2.069033 0.011119 0.956501
v 0.155096 0.011119 1.205593
v 0.150096 0.016119 1.205597
v 0.150087 0.011119 1.210598
v 0.150559 0.011119 0.951494
v 0.150550 0.016119 0.956494
v 0.155550 0.011119 0.956501
v 1.343069 0.011119 1.216895
v 1.338044 0.011119 1.211892
v 1.338068 0.016119 1.216892
v 1.339313 0.011119 1.470991
v 1.344288 0.011119 1.465986
v 1.339288 0.016119 1.465991
v -0.511767 0.011119 1.216895
v -0.516774 0.011119 1.211892
v -0.516767 0.016119 1.216892
v -0.508434 0.011119 1.471637
v -0.508434 0.016119 1.476637
v -1.972668 0.011119 0.691103
v -1.972707 0.016119 0.696103
v -1.967707 0.011119 0.696108
v -1.969629 0.011119 0.945199
v -1.974629 0.016119 0.945202
v -1.974668 0.011119 0.950202
v -1.559735 0.011119 1.211244
v -1.559735 0.016119 1.216244
v -1.567807 0.011119 0.951493
v -1.567799 0.016119 0.956493
v -1.562799 0.011119 0.956501
v -3.194905 0.011119 0.950850
v -3.194905 0.016119 0.945850
v -3.195100 0.016119 1.216244
v -3.195100 0.011119 1.211244
v -3.573739 0.011119 0.696108
v -3.568738 0.016119 0.696105
v -3.568708 0.011119 0.691105
v -3.570274 0.011119 0.950208
v -3.570244 0.016119 0.945208
v -3.575243 0.011119 0.945199
v -3.436592 0.011119 1.470992
v -3.436606 0.016119 1.465992
v -3.441606 0.011119 1.465986
v -3.442311 0.011119 1.216895
v -3.437311 0.016119 1.216881
v -3.437325 0.011119 1.211882
v -1.792090 0.016119 1.476637
v -1.792090 0.011119 1.471637
v -1.784639 0.011119 1.211881
v -1.789633 0.011119 1.216895
v -1.784633 0.016119 1.216880
v -2.897166 0.011119 1.472285
v -2.902149 0.011119 1.477288
v -2.897149 0.016119 1.477285
v -2.896260 0.011119 1.731379
v -2.896277 0.016119 1.726379
v -2.901277 0.011119 1.726380
v -1.420379 0.011119 1.472284
v -1.425323 0.011119 1.477288
v -1.420322 0.016119 1.477285
v -1.436369 0.011119 1.731379
v -1.431315 0.011119 1.726380
v -1.436316 0.016119 1.726379
v -3.240839 0.011119 -0.351762
v -3.240851 0.016119 -0.356762
v -3.245851 0.011119 -0.356767
v -3.246461 0.011119 -0.605859
v -3.241461 0.016119 -0.605865
v -3.241473 0.011119 -0.610865
v -3.583184 0.011119 -1.379548
v -3.578184 0.016119 -1.379552
v -3.578207 0.011119 -1.384552
v -3.576999 0.011119 -1.129186
v -3.577023 0.016119 -1.134186
v -3.582023 0.011119 -1.134188
v -1.432899 0.011119 -1.899114
v -1.427909 0.011119 -1.904118
v -1.432909 0.016119 -1.904114
v -1.426450 0.016119 -2.160120
v -1.426450 0.011119 -2.155120
v -0.133206 0.011119 -1.899118
v -0.133206 0.016119 -1.904118
v -0.138206 0.011119 -1.904118
v -0.139455 0.011119 -2.155120
v -0.139455 0.016119 -2.160120
v -2.589579 0.011119 -1.899108
v -2.589559 0.016119 -1.904108
v -2.594559 0.011119 -1.904118
v -2.595355 0.011119 -2.155120
v -2.595355 0.016119 -2.160120
v -3.311529 0.011119 -2.406121
v -3.306529 0.016119 -2.406121
v -3.306493 0.011119 -2.411121
v -3.308340 0.011119 -2.155757
v -3.308304 0.016119 -2.160757
v -3.313304 0.011119 -2.160761
v -1.850209 0.011119 -2.155754
v -1.850189 0.016119 -2.160754
v -1.855189 0.011119 -2.160761
v -1.854203 0.011119 -2.406121
v -1.849202 0.016119 -2.406125
v -1.849182 0.011119 -2.411125
v -0.638428 0.011119 -2.411763
v -0.638428 0.016119 -2.416763
v -0.633509 0.011119 -2.155755
v -0.633489 0.016119 -2.160755
v -0.638489 0.011119 -2.160761
v 0.268871 0.016119 -2.673407
v 0.268871 0.011119 -2.668407
v 0.261690 0.011119 -2.412401
v 0.266713 0.011119 -2.417405
v 0.261713 0.016119 -2.417401
v -1.016743 0.016119 -2.673407
v -1.016743 0.011119 -2.668407
v -1.010679 0.011119 -2.412396
v -1.010679 0.016119 -2.417396
v -1.015679 0.011119 -2.417405
v 0.495638 0.011119 -1.385831
v 0.495638 0.016119 -1.390831
v 0.490638 0.011119 -1.390831
v 0.490637 0.011119 -1.636192
v 0.495637 0.016119 -1.636192
v 0.495637 0.011119 -1.641192
v -0.161504 0.016119 -2.930050
v -0.161504 0.011119 -2.925050
v -0.169495 0.011119 -2.669044
v -0.164477 0.011119 -2.674048
v -0.169477 0.016119 -2.674045
v -1.458389 0.011119 -2.669048
v -1.453343 0.011119 -2.674048
v -1.458343 0.016119 -2.674048
v -1.449043 0.016119 -2.930050
v -1.449043 0.011119 -2.925050
v -2.785179 0.011119 -2.669048
v -2.785199 0.016119 -2.674048
v -2.790199 0.011119 -2.674048
v -2.792175 0.011119 -2.925050
v -2.792175 0.016119 -2.930050
v -3.176059 0.011119 -3.181052
v -3.181105 0.011119 -3.176052
v -3.176105 0.016119 -3.176052
v -3.178400 0.011119 -2.925683
v -3.178353 0.016119 -2.930683
v -3.183354 0.011119 -2.930691
v -1.851387 0.011119 -2.925684
v -1.851348 0.016119 -2.930684
v -1.856348 0.011119 -2.930691
v -1.849380 0.011119 -3.181052
v -1.854420 0.011119 -3.176052
v -1.849420 0.016119 -3.176052
v -0.641455 0.011119 -2.925685
v -0.641414 0.016119 -2.930685
v -0.646414 0.011119 -2.930691
v -0.639389 0.011119 -3.181052
v -0.644429 0.011119 -3.176052
v -0.639429 0.016119 -3.176052
v 0.666813 0.011119 -0.617160
v 0.671750 0.011119 -0.612158
v 0.671814 0.016119 -0.617158
v 0.664933 0.016119 -0.606510
v 0.664933 0.011119 -0.611510
v 0.669971 0.011119 -0.866253
v 0.674971 0.016119 -0.866252
v 0.675034 0.011119 -0.871252
v 0.661344 0.011119 -0.877545
v 0.656344 0.016119 -0.877545
v 0.656327 0.011119 -0.872545
v -2.756102 0.011119 -0.871252
v -2.756078 0.016119 -0.866252
v -2.751077 0.011119 -0.866252
v -2.749898 0.016119 -0.876903
v -2.749898 0.011119 -0.871903
v -3.757454 0.011119 -0.877544
v -3.752413 0.011119 -0.872541
v -3.752453 0.016119 -0.877541
v 0.675034 0.011119 1.731379
v 0.674953 0.016119 1.726379
v 0.669953 0.011119 1.726380
v 0.665899 0.011119 1.477287
v 0.670900 0.016119 1.477283
v 0.670818 0.011119 1.472283
v 0.662885 0.011119 1.471637
v 0.662885 0.016119 1.466637
v 1.723402 0.011119 0.169670
v 1.723402 0.016119 0.164670
v 1.720083 0.011119 0.175321
v 1.715122 0.011119 0.170308
v 1.715083 0.016119 0.175308
v 1.477438 0.011119 0.169032
v 1.477465 0.016119 0.164032
v 1.472465 0.011119 0.164019
v 1.463059 0.011119 0.169021
v 1.468092 0.011119 0.164019
v 1.463092 0.016119 0.164021
v 2.273225 0.011119 -0.091370
v 2.278237 0.011119 -0.096374
v 2.273237 0.016119 -0.096370
v 2.287127 0.011119 -0.091374
v 2.287127 0.016119 -0.096374
v 2.282127 0.011119 -0.096374
v 1.471818 0.016119 -0.095723
v 1.471818 0.011119 -0.090723
v 1.473810 0.011119 -0.085072
v 1.478810 0.016119 -0.085076
v 1.478837 0.011119 -0.090076
v -0.061047 0.011119 -0.605859
v -0.056047 0.016119 -0.605863
v -0.056047 0.011119 -0.610863
v -0.063244 0.011119 -0.611510
v -0.063244 0.016119 -0.616510
v -0.061047 0.011119 -0.356768
v -0.056047 0.011119 -0.351763
v -0.056047 0.016119 -0.356763
v -0.069809 0.011119 -0.351763
v -0.064814 0.011119 -0.356768
v -0.069814 0.016119 -0.356763
v 0.666216 0.011119 0.684806
v 0.671205 0.011119 0.689810
v 0.671216 0.016119 0.684810
v 0.656653 0.011119 0.689809
v 0.661667 0.011119 0.684806
v 0.656667 0.016119 0.684809
v 0.666744 0.011119 0.435714
v 0.671744 0.016119 0.435712
v 0.671754 0.011119 0.430711
v 0.657375 0.011119 0.430710
v 0.657361 0.016119 0.435710
v 0.662361 0.011119 0.435714
v 0.664933 0.011119 -0.351117
v 0.664933 0.016119 -0.356117
v 0.666738 0.011119 -0.345466
v 0.671738 0.016119 -0.345469
v 0.671750 0.011119 -0.350469
v 0.666144 0.011119 -0.096374
v 0.671132 0.011119 -0.091370
v 0.671144 0.016119 -0.096370
v 0.663588 0.016119 -0.085723
v 0.663588 0.011119 -0.090723
v 1.348529 0.016119 1.476637
v 1.348529 0.011119 1.471637
v 1.350188 0.011119 1.465986
v 1.355234 0.011119 1.470986
v 1.355188 0.016119 1.465986
v -0.351155 0.011119 -0.085072
v -0.346155 0.016119 -0.085075
v -0.346122 0.011119 -0.090075
v -0.352339 0.011119 -0.090723
v -0.352339 0.016119 -0.095723
v -0.352827 0.011119 0.164019
v -0.347861 0.011119 0.169029
v -0.347827 0.016119 0.164029
v -0.362308 0.011119 0.169021
v -0.357261 0.011119 0.164019
v -0.362262 0.016119 0.164021
v 1.501575 0.011119 0.690457
v 1.501575 0.016119 0.685457
v 1.503644 0.011119 0.696108
v 1.508644 0.016119 0.696105
v 1.508667 0.011119 0.691105
v 1.720185 0.016119 0.435063
v 1.720185 0.011119 0.430063
v 1.718142 0.011119 0.424413
v 1.713142 0.016119 0.424415
v 1.713103 0.011119 0.429416
v -0.028099 0.011119 0.169670
v -0.028099 0.016119 0.164670
v -0.027331 0.011119 0.175321
v -0.022331 0.016119 0.175319
v -0.022292 0.011119 0.170319
v 1.717763 0.016119 -0.346117
v 1.717763 0.011119 -0.351117
v 1.720437 0.011119 -0.356768
v 1.725401 0.011119 -0.351762
v 1.725437 0.016119 -0.356762
v 1.719645 0.011119 -0.611510
v 1.719645 0.016119 -0.616510
v 1.722246 0.011119 -0.605859
v 1.727246 0.016119 -0.605859
v 1.727283 0.011119 -0.610859
v -3.448729 0.011119 1.470986
v -3.443729 0.011119 1.465986
v -3.448729 0.016119 1.465986
v -3.442384 0.011119 1.471637
v -3.442384 0.016119 1.476637
v -3.759122 0.011119 1.477288
v -3.754122 0.016119 1.477278
v -3.754148 0.011119 1.472278
v -3.443117 0.011119 1.211244
v -3.443117 0.016119 1.206244
v -3.443730 0.011119 1.216895
v -3.448730 0.011119 1.211895
v -3.448730 0.016119 1.216895
v -3.759155 0.011119 1.205593
v -3.754148 0.011119 1.210603
v -3.754155 0.016119 1.205603
v -3.575733 0.016119 0.955850
v -3.575733 0.011119 0.950850
v -3.576681 0.011119 0.945199
v -3.581681 0.016119 0.945199
v -3.581681 0.011119 0.950199
v -3.759482 0.011119 0.945199
v -3.754482 0.011119 0.950199
v -3.754482 0.016119 0.945199
v -3.581681 0.011119 0.691108
v -3.581681 0.016119 0.696108
v -3.576681 0.011119 0.696108
v -3.574167 0.016119 0.685457
v -3.574167 0.011119 0.690457
v -3.759475 0.011119 0.684806
v -3.754482 0.011119 0.689824
v -3.754476 0.016119 0.684824
v -3.455905 0.011119 0.429413
v -3.450905 0.011119 0.424413
v -3.455905 0.016119 0.424413
v -3.448706 0.011119 0.430064
v -3.448706 0.016119 0.435064
v -3.759166 0.011119 0.424413
v -3.754166 0.011119 0.429413
v -3.754166 0.016119 0.424413
v -3.455905 0.011119 0.170321
v -3.455905 0.016119 0.175321
v -3.450905 0.011119 0.175321
v -3.447520 0.016119 0.164670
v -3.447520 0.011119 0.169670
v -3.759127 0.011119 0.164020
v -3.754167 0.011119 0.169030
v -3.754127 0.016119 0.164030
v -2.631417 0.016119 -0.085723
v -2.631417 0.011119 -0.090723
v -2.632727 0.011119 -0.096374
v -2.637727 0.016119 -0.096374
v -2.637752 0.011119 -0.091374
v -3.757146 0.011119 -0.096374
v -3.752116 0.011119 -0.091374
v -3.752146 0.016119 -0.096374
v -3.247119 0.016119 -0.346116
v -3.247119 0.011119 -0.351116
v -3.248670 0.011119 -0.356767
v -3.253670 0.016119 -0.356767
v -3.253664 0.011119 -0.351767
v -3.758660 0.011119 -0.356767
v -3.753659 0.011119 -0.351767
v -3.753659 0.016119 -0.356767
v -3.247754 0.011119 -0.611510
v -3.247754 0.016119 -0.616510
v -3.248995 0.011119 -0.605859
v -3.254002 0.011119 -0.610859
v -3.253995 0.016119 -0.605859
v -3.758636 0.011119 -0.617161
v -3.753660 0.011119 -0.612154
v -3.753636 0.016119 -0.617154
v -3.582436 0.016119 -1.123546
v -3.582436 0.011119 -1.128546
v -3.585732 0.011119 -1.134188
v -3.590732 0.016119 -1.134188
v -3.590732 0.011119 -1.129188
v -3.759463 0.011119 -1.122905
v -3.754463 0.016119 -1.122923
v -3.754504 0.011119 -1.127923
v -3.590731 0.011119 -1.384548
v -3.590731 0.016119 -1.379548
v -3.585731 0.011119 -1.379548
v -3.583644 0.016119 -1.390190
v -3.583644 0.011119 -1.385190
v -3.759464 0.011119 -1.390831
v -3.754504 0.011119 -1.385813
v -3.754463 0.016119 -1.390813
v -2.757937 0.011119 -1.641191
v -2.757928 0.016119 -1.636191
v -2.752928 0.011119 -1.636191
v -2.751725 0.016119 -1.646833
v -2.751725 0.011119 -1.641833
v -3.757410 0.011119 -1.647475
v -3.752417 0.011119 -1.642471
v -3.752410 0.016119 -1.647471
v -2.597491 0.016119 -1.893476
v -2.597491 0.011119 -1.898476
v -2.598294 0.011119 -1.904118
v -2.603293 0.016119 -1.904118
v -2.603315 0.011119 -1.899118
v -3.757065 0.011119 -1.904118
v -3.752029 0.011119 -1.899118
v -3.752065 0.016119 -1.904118
v -3.314452 0.016119 -2.150120
v -3.314452 0.011119 -2.155120
v -3.316252 0.011119 -2.160761
v -3.321252 0.016119 -2.160761
v -3.321252 0.011119 -2.155761
v -3.758829 0.011119 -2.160761
v -3.753829 0.011119 -2.155761
v -3.753829 0.016119 -2.160761
v -3.321252 0.011119 -2.411121
v -3.321252 0.016119 -2.406121
v -3.316252 0.011119 -2.406121
v -3.312603 0.016119 -2.416763
v -3.312605 0.011119 -2.411763
v -3.758803 0.011119 -2.417405
v -3.753829 0.011119 -2.412397
v -3.753803 0.016119 -2.417397
v -2.792594 0.016119 -2.663407
v -2.792595 0.011119 -2.668406
v -2.795926 0.011119 -2.674048
v -2.800926 0.016119 -2.674048
v -2.800954 0.011119 -2.669048
v -3.757544 0.011119 -2.674048
v -3.752525 0.011119 -2.669048
v -3.752544 0.016119 -2.674048
v -3.190816 0.011119 -2.925692
v -3.185816 0.011119 -2.930691
v -3.190816 0.016119 -2.930691
v -3.184839 0.011119 -2.925050
v -3.184839 0.016119 -2.920050
v -3.758502 0.011119 -2.930691
v -3.753502 0.011119 -2.925692
v -3.753502 0.016119 -2.930691
v 3.030703 0.011119 -0.345466
v 3.025702 0.011119 -0.350466
v 3.025702 0.016119 -0.345466
v 2.280724 0.016119 -0.356117
v 2.280724 0.011119 -0.351117
v 2.278831 0.011119 -0.345466
v 2.273843 0.011119 -0.350471
v 2.273831 0.016119 -0.345472
v 3.030676 0.011119 -0.085072
v 3.025702 0.011119 -0.090077
v 3.025676 0.016119 -0.085077
v 3.029249 0.011119 -0.617161
v 3.024248 0.016119 -0.617158
v 3.024299 0.011119 -0.612158
v -0.934646 0.011119 -0.612157
v -0.934664 0.016119 -0.617157
v -0.939664 0.011119 -0.617161
v -0.941465 0.016119 -0.606510
v -0.941465 0.011119 -0.611510
v -0.448829 0.016119 -0.866903
v -0.448829 0.011119 -0.871903
v -0.447637 0.011119 -0.877545
v -0.442601 0.011119 -0.872545
v -0.442637 0.016119 -0.877545
v -0.935614 0.011119 -0.871259
v -0.940595 0.011119 -0.866252
v -0.935595 0.016119 -0.866259
v -0.950155 0.011119 -0.871255
v -0.950127 0.016119 -0.866255
v -0.945127 0.011119 -0.866252
v -0.087013 0.016119 -1.123546
v -0.087013 0.011119 -1.128546
v -0.088918 0.011119 -1.134188
v -0.093918 0.016119 -1.134179
v -0.093893 0.011119 -1.129179
v -0.444481 0.011119 -1.127914
v -0.449444 0.011119 -1.122905
v -0.444444 0.016119 -1.122914
v -0.458522 0.011119 -1.127908
v -0.458485 0.016119 -1.122907
v -0.453484 0.011119 -1.122905
v -1.662515 0.011119 -0.610863
v -1.667510 0.011119 -0.605859
v -1.662510 0.016119 -0.605863
v -1.670213 0.011119 -0.611510
v -1.670213 0.016119 -0.616510
v -0.840771 0.011119 -0.351117
v -0.840771 0.016119 -0.356117
v -0.838714 0.011119 -0.345466
v -0.833714 0.016119 -0.345470
v -0.833700 0.011119 -0.350470
v -1.662262 0.011119 -0.351764
v -1.662267 0.016119 -0.356764
v -1.667267 0.011119 -0.356768
v -1.669664 0.016119 -0.346117
v -1.669664 0.011119 -0.351117
v -0.834427 0.011119 -0.091368
v -0.834413 0.016119 -0.096368
v -0.839413 0.011119 -0.096374
v -0.842566 0.016119 -0.085723
v -0.842566 0.011119 -0.090723
v -0.031632 0.016119 0.435063
v -0.031632 0.011119 0.430063
v -0.029273 0.011119 0.424413
v -0.024312 0.011119 0.429417
v -0.024272 0.016119 0.424417
v -0.951971 0.011119 0.430711
v -0.956985 0.011119 0.435714
v -0.951985 0.016119 0.435711
v -0.959098 0.011119 0.430063
v -0.959098 0.016119 0.425063
v -0.319070 0.011119 0.690457
v -0.319070 0.016119 0.685457
v -0.317496 0.011119 0.696108
v -0.312496 0.016119 0.696105
v -0.312472 0.011119 0.691105
v -0.952693 0.011119 0.689811
v -0.952679 0.016119 0.684811
v -0.957679 0.011119 0.684806
v -0.966809 0.011119 0.689809
v -0.961801 0.011119 0.684806
v -0.966801 0.016119 0.684809
v 3.029344 0.011119 0.175321
v 3.024304 0.011119 0.170321
v 3.024344 0.016119 0.175321
v 2.546658 0.011119 0.430711
v 2.546647 0.016119 0.435711
v 2.551647 0.011119 0.435714
v 2.552855 0.016119 0.425063
v 2.552855 0.011119 0.430063
v 3.031363 0.011119 0.696108
v 3.026386 0.011119 0.691101
v 3.026363 0.016119 0.696101
v 2.559938 0.011119 0.689806
v 2.559938 0.016119 0.684806
v 2.554938 0.011119 0.684806
v 2.551119 0.011119 0.684806
v 2.546119 0.016119 0.684809
v 2.546108 0.011119 0.689809
v 3.031386 0.011119 0.435715
v 3.026386 0.011119 0.430714
v 3.026386 0.016119 0.435715
v 2.071445 0.011119 0.950850
v 2.071445 0.016119 0.945850
v 2.072869 0.011119 0.956501
v 2.077869 0.016119 0.956501
v 2.077869 0.011119 0.951501
v 1.507460 0.011119 0.950205
v 1.507483 0.016119 0.945205
v 1.502483 0.011119 0.945199
v 1.492675 0.011119 0.950201
v 1.497700 0.011119 0.945199
v 1.492700 0.016119 0.945201
v -1.807078 0.011119 0.169670
v -1.807078 0.016119 0.164670
v -1.806393 0.011119 0.175321
v -1.801393 0.016119 0.175319
v -1.801363 0.011119 0.170319
v -2.090298 0.011119 0.169031
v -2.090251 0.016119 0.164031
v -2.095251 0.011119 0.164020
v -2.099359 0.011119 0.164019
v -2.104359 0.016119 0.164022
v -2.104398 0.011119 0.169022
v -2.087875 0.011119 -0.090075
v -2.092921 0.011119 -0.085072
v -2.087921 0.016119 -0.085075
v -2.097388 0.011119 -0.085072
v -2.102348 0.011119 -0.090078
v -2.102388 0.016119 -0.085078
v -2.622525 0.011119 -0.350469
v -2.627546 0.011119 -0.345466
v -2.622546 0.016119 -0.345469
v -2.631495 0.011119 -0.345466
v -2.636471 0.011119 -0.350471
v -2.636495 0.016119 -0.345471
v -2.740875 0.011119 -0.612158
v -2.740904 0.016119 -0.617158
v -2.745904 0.011119 -0.617160
v -2.749846 0.011119 -0.617161
v -2.754846 0.016119 -0.617154
v -2.754822 0.011119 -0.612154
v -2.273210 0.011119 -0.872538
v -2.268250 0.011119 -0.877544
v -2.273251 0.016119 -0.877538
v -2.264897 0.011119 -0.871903
v -2.264897 0.016119 -0.866903
v -1.702747 0.016119 -1.123546
v -1.702747 0.011119 -1.128546
v -1.701389 0.011119 -1.134188
v -1.696344 0.011119 -1.129185
v -1.696389 0.016119 -1.134186
v -2.260599 0.011119 -1.127911
v -2.265562 0.011119 -1.122905
v -2.260561 0.016119 -1.122910
v -2.270260 0.011119 -1.122905
v -2.275301 0.011119 -1.127907
v -2.275260 0.016119 -1.122907
v -0.964127 0.016119 -1.380190
v -0.964127 0.011119 -1.385190
v -0.962293 0.011119 -1.390831
v -0.957275 0.011119 -1.385828
v -0.957293 0.016119 -1.390828
v -1.698658 0.011119 -1.384552
v -1.703613 0.011119 -1.379548
v -1.698613 0.016119 -1.379553
v -1.706273 0.011119 -1.385190
v -1.706273 0.016119 -1.390190
v 0.662215 0.011119 -1.122905
v 0.657233 0.011119 -1.127909
v 0.657215 0.016119 -1.122909
v 0.489193 0.016119 -1.380190
v 0.489193 0.011119 -1.385190
v 0.488739 0.011119 -1.390831
v 0.483739 0.016119 -1.390826
v 0.483758 0.011119 -1.385826
v -0.081541 0.011119 -1.384554
v -0.086533 0.011119 -1.379548
v -0.081533 0.016119 -1.379554
v -0.090153 0.011119 -1.379548
v -0.095178 0.011119 -1.384552
v -0.095153 0.016119 -1.379552
v -0.139035 0.016119 -1.893477
v -0.139035 0.011119 -1.898477
v -0.141054 0.011119 -1.904118
v -0.146054 0.016119 -1.904109
v -0.146046 0.011119 -1.899109
v -0.466017 0.011119 -1.897845
v -0.470986 0.011119 -1.892835
v -0.465986 0.016119 -1.892845
v -0.479231 0.011119 -1.897838
v -0.479209 0.016119 -1.892838
v -0.474209 0.011119 -1.892835
v 0.488232 0.011119 -1.641833
v 0.488232 0.016119 -1.646833
v 0.487816 0.011119 -1.636192
v 0.482797 0.011119 -1.641195
v 0.482816 0.016119 -1.636195
v -0.464441 0.011119 -1.642471
v -0.464472 0.016119 -1.647471
v -0.469472 0.011119 -1.647475
v -0.478078 0.011119 -1.642468
v -0.473100 0.011119 -1.647475
v -0.478100 0.016119 -1.647468
v -1.425510 0.016119 -1.893476
v -1.425510 0.011119 -1.898476
v -1.423453 0.011119 -1.904118
v -1.418415 0.011119 -1.899115
v -1.418453 0.016119 -1.904115
v -2.258417 0.011119 -1.897839
v -2.263395 0.011119 -1.892835
v -2.258394 0.016119 -1.892839
v -2.266349 0.011119 -1.892835
v -2.271341 0.011119 -1.897845
v -2.271349 0.016119 -1.892845
v -0.966486 0.011119 -1.641833
v -0.966486 0.016119 -1.646833
v -0.963215 0.011119 -1.636192
v -0.958215 0.016119 -1.636198
v -0.958234 0.011119 -1.641198
v -2.257264 0.011119 -1.642472
v -2.257286 0.016119 -1.647472
v -2.262286 0.011119 -1.647475
v -2.266721 0.011119 -1.647475
v -2.271721 0.016119 -1.647468
v -2.271729 0.011119 -1.642468
v -2.742800 0.011119 -1.385828
v -2.742828 0.016119 -1.390828
v -2.747828 0.011119 -1.390831
v -2.752508 0.011119 -1.390831
v -2.757508 0.016119 -1.390827
v -2.757500 0.011119 -1.385827
v -1.802877 0.011119 0.429416
v -1.802848 0.016119 0.424416
v -1.807848 0.011119 0.424413
v -1.816906 0.011119 0.429417
v -1.811883 0.011119 0.424413
v -1.816883 0.016119 0.424417
v -2.577942 0.011119 0.430711
v -2.577948 0.016119 0.435711
v -2.572948 0.011119 0.435715
v -2.571040 0.016119 0.425063
v -2.571040 0.011119 0.430064
v -1.965150 0.011119 0.690457
v -1.965150 0.016119 0.685457
v -1.963677 0.011119 0.696108
v -1.958677 0.016119 0.696105
v -1.958640 0.011119 0.691105
v -2.564231 0.011119 0.689812
v -2.564224 0.016119 0.684811
v -2.569224 0.011119 0.684806
v -2.573251 0.011119 0.684806
v -2.578251 0.016119 0.684809
v -2.578257 0.011119 0.689809
v 0.158920 0.011119 0.950850
v 0.158920 0.016119 0.945850
v 0.160104 0.011119 0.956501
v 0.165104 0.016119 0.956499
v 0.165112 0.011119 0.951499
v -0.313740 0.011119 0.950206
v -0.313716 0.016119 0.945206
v -0.318716 0.011119 0.945199
v -0.328037 0.011119 0.950202
v -0.323008 0.011119 0.945199
v -0.328008 0.016119 0.945202
v 3.030143 0.011119 1.216895
v 3.025178 0.011119 1.211891
v 3.025143 0.016119 1.216891
v 2.077871 0.011119 1.210593
v 2.077871 0.016119 1.205593
v 2.072870 0.011119 1.205593
v 2.063654 0.011119 1.210597
v 2.068661 0.011119 1.205593
v 2.063662 0.016119 1.205597
v 3.030178 0.011119 0.956501
v 3.025178 0.011119 0.951501
v 3.025178 0.016119 0.956501
v 1.344855 0.011119 1.211244
v 1.344855 0.016119 1.206244
v 1.347875 0.011119 1.216895
v 1.352875 0.016119 1.216890
v 1.352829 0.011119 1.211890
v 0.164724 0.011119 1.210595
v 0.164732 0.016119 1.205595
v 0.159732 0.011119 1.205593
v 0.158060 0.016119 1.216244
v 0.158060 0.011119 1.211244
v 3.028334 0.011119 1.477288
v 3.023367 0.011119 1.472286
v 3.023334 0.016119 1.477286
v -0.502478 0.011119 1.211890
v -0.507452 0.011119 1.216895
v -0.502452 0.016119 1.216890
v -0.510110 0.011119 1.211244
v -0.510110 0.016119 1.206244
v -0.501138 0.011119 1.470989
v -0.501163 0.016119 1.465989
v -0.506163 0.011119 1.465986
v -0.516367 0.011119 1.470990
v -0.511375 0.011119 1.465986
v -0.516375 0.016119 1.465989
v -1.559703 0.011119 0.950850
v -1.559703 0.016119 0.945850
v -1.558700 0.011119 0.956501
v -1.553700 0.016119 0.956499
v -1.553691 0.011119 0.951498
v -1.960580 0.011119 0.950207
v -1.960542 0.016119 0.945207
v -1.965542 0.011119 0.945199
v -1.968657 0.016119 0.955850
v -1.968657 0.011119 0.950850
v -1.554164 0.011119 1.210596
v -1.554155 0.016119 1.205596
v -1.559155 0.011119 1.205593
v -1.567367 0.011119 1.210607
v -1.562375 0.011119 1.205593
v -1.567375 0.016119 1.205607
v -3.188960 0.011119 0.951499
v -3.193970 0.011119 0.956501
v -3.188970 0.016119 0.956499
v -3.197996 0.011119 0.956501
v -3.202984 0.011119 0.951493
v -3.202996 0.016119 0.956493
v -1.793158 0.011119 1.211244
v -1.793158 0.016119 1.206244
v -1.793715 0.011119 1.216895
v -1.798730 0.011119 1.211892
v -1.798715 0.016119 1.216892
v -3.189485 0.011119 1.210595
v -3.189475 0.016119 1.205595
v -3.194475 0.011119 1.205593
v -3.198605 0.011119 1.205593
v -3.203604 0.016119 1.205606
v -3.203617 0.011119 1.210606
v -2.911298 0.011119 1.472282
v -2.911313 0.016119 1.477282
v -2.906313 0.011119 1.477288
v -2.903511 0.016119 1.466637
v -2.903511 0.011119 1.471637
v -1.426286 0.011119 1.471637
v -1.426286 0.016119 1.466637
v -1.428636 0.011119 1.477288
v -1.433582 0.011119 1.472279
v -1.433636 0.016119 1.477279
v -1.784304 0.011119 1.470995
v -1.784310 0.016119 1.465995
v -1.789310 0.011119 1.465986
v -1.793011 0.011119 1.465986
v -1.798011 0.016119 1.465989
v -1.797997 0.011119 1.470989
v -2.912091 0.011119 1.731379
v -2.907075 0.011119 1.726380
v -2.912075 0.016119 1.726379
v -1.417446 0.011119 1.731379
v -1.417503 0.016119 1.726379
v -1.422503 0.011119 1.726380
v -0.640478 0.016119 -2.150120
v -0.640478 0.011119 -2.155120
v -0.641706 0.011119 -2.160761
v -0.646706 0.016119 -2.160758
v -0.646726 0.011119 -2.155757
v -1.420373 0.011119 -2.154482
v -1.425335 0.011119 -2.149478
v -1.420335 0.016119 -2.149482
v -1.433415 0.011119 -2.154486
v -1.433405 0.016119 -2.149486
v -1.428405 0.011119 -2.149478
v 0.662133 0.011119 -1.892835
v 0.657102 0.011119 -1.897839
v 0.657133 0.016119 -1.892839
v 0.662102 0.011119 -2.149478
v 0.657102 0.011119 -2.154478
v 0.657102 0.016119 -2.149478
v -0.133206 0.011119 -2.154478
v -0.138206 0.011119 -2.149478
v -0.133206 0.016119 -2.149478
v -0.141457 0.011119 -2.149478
v -0.146466 0.011119 -2.154485
v -0.146457 0.016119 -2.149485
v -1.857056 0.016119 -2.150120
v -1.857056 0.011119 -2.155120
v -1.858164 0.011119 -2.160761
v -1.863164 0.016119 -2.160757
v -1.863129 0.011119 -2.155757
v -2.588556 0.011119 -2.154482
v -2.593576 0.011119 -2.149478
v -2.588576 0.016119 -2.149482
v -2.597225 0.011119 -2.149478
v -2.602203 0.011119 -2.154483
v -2.602225 0.016119 -2.149483
v -1.857830 0.011119 -2.411763
v -1.857831 0.016119 -2.416763
v -1.859893 0.011119 -2.406122
v -1.864929 0.011119 -2.411121
v -1.864894 0.016119 -2.406121
v -1.023720 0.011119 -2.412401
v -1.018723 0.011119 -2.417405
v -1.023723 0.016119 -2.417401
v -1.017775 0.011119 -2.411763
v -1.017775 0.016119 -2.406763
v 0.267678 0.016119 -2.406763
v 0.267678 0.011119 -2.411763
v 0.269950 0.011119 -2.417405
v 0.274950 0.011119 -2.412405
v 0.274950 0.016119 -2.417405
v -0.632486 0.011119 -2.411125
v -0.637506 0.011119 -2.406122
v -0.632506 0.016119 -2.406125
v -0.640720 0.011119 -2.406122
v -0.645700 0.011119 -2.411130
v -0.645720 0.016119 -2.406130
v 0.663125 0.011119 -2.662765
v 0.658125 0.011119 -2.667765
v 0.658125 0.016119 -2.662765
v 0.274950 0.011119 -2.667765
v 0.269950 0.011119 -2.662765
v 0.274950 0.016119 -2.662765
v 0.262884 0.011119 -2.667772
v 0.262860 0.016119 -2.662773
v 0.267860 0.011119 -2.662765
v 0.663105 0.011119 -2.406122
v 0.658125 0.011119 -2.411130
v 0.658105 0.016119 -2.406130
v -0.163416 0.016119 -2.663407
v -0.163416 0.011119 -2.668407
v -0.161259 0.011119 -2.674048
v -0.156278 0.011119 -2.669041
v -0.156259 0.016119 -2.674041
v -1.010659 0.011119 -2.667769
v -1.015660 0.011119 -2.662765
v -1.010660 0.016119 -2.662769
v -1.018875 0.011119 -2.662765
v -1.023878 0.011119 -2.667772
v -1.023875 0.016119 -2.662772
v 0.663650 0.011119 -1.379548
v 0.658678 0.011119 -1.384567
v 0.658650 0.016119 -1.379567
v 0.663678 0.011119 -1.636192
v 0.658678 0.011119 -1.641192
v 0.658678 0.016119 -1.636192
v 0.662023 0.011119 -2.930692
v 0.657023 0.016119 -2.930688
v 0.657047 0.011119 -2.925688
v -0.155291 0.011119 -2.924408
v -0.160310 0.011119 -2.919408
v -0.155310 0.016119 -2.919408
v -0.168570 0.011119 -2.924415
v -0.168588 0.016119 -2.919415
v -0.163588 0.011119 -2.919408
v -1.452308 0.011119 -2.668407
v -1.452310 0.016119 -2.663407
v -1.448931 0.011119 -2.674048
v -1.443949 0.011119 -2.669041
v -1.443931 0.016119 -2.674041
v -0.648461 0.016119 -2.920050
v -0.648461 0.011119 -2.925050
v -0.649694 0.011119 -2.930692
v -0.654694 0.016119 -2.930687
v -0.654674 0.011119 -2.925688
v -1.443024 0.011119 -2.924412
v -1.448042 0.011119 -2.919408
v -1.443042 0.016119 -2.919412
v -1.456048 0.011119 -2.924416
v -1.456095 0.016119 -2.919416
v -1.451094 0.011119 -2.919409
v -1.858728 0.016119 -2.920050
v -1.858728 0.011119 -2.925050
v -1.859765 0.011119 -2.930692
v -1.864765 0.016119 -2.930688
v -1.864746 0.011119 -2.925688
v -2.786198 0.011119 -2.924412
v -2.791178 0.011119 -2.919408
v -2.786178 0.016119 -2.919412
v -2.794543 0.011119 -2.919408
v -2.799515 0.011119 -2.924417
v -2.799543 0.016119 -2.919416
v -3.190816 0.011119 -3.181052
v -3.190816 0.016119 -3.176052
v -3.185816 0.011119 -3.176052
v -1.865722 0.011119 -3.181052
v -1.865703 0.016119 -3.176052
v -1.860703 0.011119 -3.176052
v -0.655692 0.011119 -3.181052
v -0.655673 0.016119 -3.176052
v -0.650673 0.011119 -3.176052
v -3.757829 0.011119 1.726380
v -3.752829 0.006119 1.726379
v -3.752803 0.011119 1.731379
v 3.021662 0.011119 1.731379
v 3.021695 0.006119 1.726379
v 3.026695 0.011119 1.726380
v -3.753502 0.011119 -3.181052
v -3.753502 0.006119 -3.176052
v -3.758502 0.011119 -3.176052
v 0.653883 0.011119 1.731379
v 0.653928 0.006119 1.726379
v 0.658928 0.011119 1.726380
v 0.660857 0.011119 -3.176052
v 0.655857 0.006119 -3.176052
v 0.655833 0.011119 -3.181052
v -3.752413 0.011119 -0.871252
v -3.752437 0.006119 -0.866252
v -3.757437 0.011119 -0.866252
v 3.026713 0.011119 -0.866252
v 3.021713 0.006119 -0.866252
v 3.021662 0.011119 -0.871252
v 0.656327 0.011119 -0.871255
v 0.661345 0.011119 -0.866252
v 0.656345 0.006119 -0.866255
v -3.758660 0.011119 -0.605859
v -3.753660 0.011119 -0.610859
v -3.753660 0.006119 -0.605859
v -3.758630 0.011119 -0.345466
v -3.753660 0.011119 -0.350472
v -3.753630 0.006119 -0.345472
v -3.757155 0.011119 -0.085072
v -3.752116 0.011119 -0.090075
v -3.752155 0.006119 -0.085075
v -3.759166 0.011119 0.175321
v -3.754166 0.011119 0.170321
v -3.754166 0.006119 0.175321
v -3.759173 0.011119 0.435715
v -3.754167 0.011119 0.430704
v -3.754173 0.006119 0.435704
v -3.759482 0.011119 0.696108
v -3.754482 0.011119 0.691108
v -3.754482 0.006119 0.696108
v -3.759475 0.011119 0.956501
v -3.754482 0.011119 0.951484
v -3.754475 0.006119 0.956483
v -3.759148 0.011119 1.216895
v -3.754148 0.011119 1.211895
v -3.754148 0.006119 1.216895
v -3.759148 0.011119 1.465986
v -3.754148 0.006119 1.465986
v -3.754148 0.011119 1.470986
v 3.028402 0.011119 1.465986
v 3.023367 0.011119 1.470986
v 3.023402 0.006119 1.465986
v 3.030178 0.011119 1.205593
v 3.025178 0.011119 1.210593
v 3.025178 0.006119 1.205593
v 3.030201 0.011119 0.945199
v 3.025178 0.011119 0.950202
v 3.025201 0.006119 0.945202
v 3.031386 0.011119 0.684806
v 3.026386 0.011119 0.689806
v 3.026386 0.006119 0.684806
v 3.031346 0.011119 0.424413
v 3.026386 0.011119 0.429419
v 3.026346 0.006119 0.424420
v 3.029331 0.011119 0.164019
v 3.024304 0.011119 0.169022
v 3.024331 0.006119 0.164022
v 3.030703 0.011119 -0.096374
v 3.025702 0.011119 -0.091374
v 3.025702 0.006119 -0.096374
v 3.030675 0.011119 -0.356768
v 3.025702 0.011119 -0.351763
v 3.025676 0.006119 -0.356763
v 3.029327 0.011119 -0.605859
v 3.024327 0.006119 -0.605859
v 3.024299 0.011119 -0.610859
v 0.661136 0.011119 1.477288
v 0.656135 0.006119 1.477285
v 0.656180 0.011119 1.472285
v -0.065057 0.011119 -0.605859
v -0.070057 0.006119 -0.605863
v -0.070062 0.011119 -0.610863
v -0.354930 0.011119 -0.085073
v -0.359931 0.006119 -0.085079
v -0.359884 0.011119 -0.090079
v 0.663745 0.006119 0.695457
v 0.663745 0.011119 0.690457
v 0.665017 0.011119 0.430063
v 0.665017 0.006119 0.425063
v -0.356502 0.006119 0.174670
v -0.356502 0.011119 0.169670
v 0.661582 0.011119 -0.096374
v 0.656568 0.011119 -0.091371
v 0.656582 0.006119 -0.096371
v 0.657295 0.011119 -0.350470
v 0.662281 0.011119 -0.345466
v 0.657281 0.006119 -0.345470
v 0.662277 0.011119 -0.617161
v 0.657295 0.011119 -0.612156
v 0.657277 0.006119 -0.617156
v 0.662261 0.011119 -1.134188
v 0.657233 0.011119 -1.129188
v 0.657261 0.006119 -1.134188
v 0.663678 0.011119 -1.390831
v 0.658678 0.011119 -1.385831
v 0.658678 0.006119 -1.390831
v 0.663647 0.011119 -1.647475
v 0.658678 0.011119 -1.642457
v 0.658647 0.006119 -1.647457
v 0.662102 0.011119 -1.904118
v 0.657102 0.011119 -1.899118
v 0.657102 0.006119 -1.904118
v 0.662122 0.011119 -2.160761
v 0.657102 0.011119 -2.155757
v 0.657122 0.006119 -2.160758
v 0.663125 0.011119 -2.417405
v 0.658125 0.011119 -2.412405
v 0.658125 0.006119 -2.417405
v 0.663104 0.011119 -2.674048
v 0.658125 0.011119 -2.669040
v 0.658104 0.006119 -2.674040
v 0.662068 0.011119 -2.919408
v 0.657068 0.006119 -2.919408
v 0.657047 0.011119 -2.924408
v -3.758483 0.011119 -2.919408
v -3.753502 0.011119 -2.924414
v -3.753483 0.006119 -2.919414
v -3.757550 0.011119 -2.662765
v -3.752525 0.011119 -2.667768
v -3.752550 0.006119 -2.662768
v -3.758829 0.011119 -2.406121
v -3.753829 0.011119 -2.411121
v -3.753829 0.006119 -2.406121
v -3.758794 0.011119 -2.149478
v -3.753829 0.011119 -2.154485
v -3.753793 0.006119 -2.149485
v -3.757037 0.011119 -1.892835
v -3.752029 0.011119 -1.897838
v -3.752037 0.006119 -1.892838
v -3.757458 0.011119 -1.636192
v -3.752417 0.011119 -1.641191
v -3.752458 0.006119 -1.636191
v -3.759504 0.011119 -1.379548
v -3.754504 0.011119 -1.384548
v -3.754504 0.006119 -1.379548
v -3.759504 0.011119 -1.134188
v -3.754504 0.006119 -1.134188
v -3.754504 0.011119 -1.129188
v -0.062991 0.006119 -0.346117
v -0.062991 0.011119 -0.351117
v 1.469763 0.011119 -0.085072
v 1.464763 0.006119 -0.085076
v 1.464797 0.011119 -0.090076
v 1.468681 0.006119 0.174670
v 1.468681 0.011119 0.169670
v 2.282127 0.011119 -0.345466
v 2.287127 0.011119 -0.350466
v 2.287127 0.006119 -0.345466
v 2.280106 0.011119 -0.090723
v 2.280106 0.006119 -0.085723
v 1.711360 0.011119 -0.351765
v 1.711360 0.006119 -0.356765
v 1.716360 0.011119 -0.356768
v 1.711361 0.011119 -0.610862
v 1.716361 0.011119 -0.605859
v 1.711361 0.006119 -0.605862
v -0.943691 0.011119 -0.617161
v -0.948662 0.011119 -0.612156
v -0.948691 0.006119 -0.617156
v -0.943927 0.011119 -0.871903
v -0.943927 0.006119 -0.876903
v -0.452616 0.011119 -1.128546
v -0.452616 0.006119 -1.133546
v -0.456615 0.011119 -0.872538
v -0.456653 0.006119 -0.877538
v -0.451653 0.011119 -0.877545
v -1.672026 0.011119 -0.605859
v -1.677026 0.006119 -0.605862
v -1.677032 0.011119 -0.610862
v -1.671741 0.011119 -0.356768
v -1.676735 0.011119 -0.351764
v -1.676741 0.006119 -0.356764
v -0.843763 0.011119 -0.096374
v -0.848783 0.011119 -0.091372
v -0.848763 0.006119 -0.096372
v -0.847716 0.011119 -0.350470
v -0.842736 0.011119 -0.345466
v -0.847737 0.006119 -0.345470
v -0.961426 0.011119 0.435714
v -0.966426 0.006119 0.435711
v -0.966418 0.011119 0.430711
v -0.960210 0.006119 0.695457
v -0.960210 0.011119 0.690457
v -0.033341 0.011119 0.424413
v -0.038370 0.011119 0.429416
v -0.038341 0.006119 0.424416
v -0.036856 0.011119 0.170311
v -0.031885 0.011119 0.175321
v -0.036885 0.006119 0.175311
v 1.729024 0.011119 0.170321
v 1.729001 0.006119 0.175321
v 1.724001 0.011119 0.175321
v 1.722850 0.011119 0.424413
v 1.727850 0.006119 0.424416
v 1.727827 0.011119 0.429416
v 2.552306 0.011119 0.690457
v 2.552306 0.006119 0.695457
v 2.559938 0.011119 0.430714
v 2.559938 0.006119 0.435715
v 2.554938 0.011119 0.435715
v 1.493943 0.011119 0.691104
v 1.498919 0.011119 0.696108
v 1.493919 0.006119 0.696104
v 1.499099 0.006119 0.955850
v 1.499099 0.011119 0.950850
v -2.098683 0.011119 0.169670
v -2.098683 0.006119 0.174670
v -2.094210 0.006119 -0.095723
v -2.094210 0.011119 -0.090723
v -2.629069 0.006119 -0.356117
v -2.629069 0.011119 -0.351117
v -2.623592 0.011119 -0.091368
v -2.628572 0.011119 -0.096374
v -2.623571 0.006119 -0.096368
v -2.747123 0.011119 -0.611510
v -2.747123 0.006119 -0.606510
v -2.742370 0.011119 -0.871259
v -2.742341 0.006119 -0.866259
v -2.747341 0.011119 -0.866252
v -2.258693 0.011119 -0.872542
v -2.263730 0.011119 -0.877545
v -2.258730 0.006119 -0.877542
v -2.268895 0.006119 -1.133546
v -2.268895 0.011119 -1.128546
v -1.710885 0.011119 -1.129182
v -1.710929 0.006119 -1.134182
v -1.705929 0.011119 -1.134188
v -1.708079 0.011119 -1.379548
v -1.713079 0.006119 -1.379551
v -1.713123 0.011119 -1.384551
v -0.081107 0.011119 -1.129188
v -0.086115 0.011119 -1.134188
v -0.081115 0.006119 -1.134188
v -0.088733 0.006119 -1.390190
v -0.088733 0.011119 -1.385190
v -0.473402 0.011119 -1.898477
v -0.473402 0.006119 -1.903476
v -0.470673 0.006119 -1.636833
v -0.470673 0.011119 -1.641833
v -2.264242 0.006119 -1.903476
v -2.264242 0.011119 -1.898476
v -2.263476 0.011119 -1.641833
v -2.263476 0.006119 -1.636833
v -0.971318 0.011119 -1.385827
v -0.971346 0.006119 -1.390827
v -0.966346 0.011119 -1.390831
v -0.967691 0.011119 -1.636192
v -0.972691 0.006119 -1.636194
v -0.972718 0.011119 -1.641194
v -2.749888 0.011119 -1.385190
v -2.749888 0.006119 -1.380190
v -2.744201 0.011119 -1.641198
v -2.744174 0.006119 -1.636198
v -2.749173 0.011119 -1.636191
v -1.815719 0.011119 0.170310
v -1.810742 0.011119 0.175321
v -1.815742 0.006119 0.175310
v -1.809779 0.006119 0.435063
v -1.809779 0.011119 0.430063
v -3.446768 0.011119 0.175321
v -3.441745 0.011119 0.170319
v -3.441768 0.006119 0.175319
v -3.442932 0.011119 0.429417
v -3.447909 0.011119 0.424413
v -3.442909 0.006119 0.424416
v -2.563841 0.011119 0.430710
v -2.563849 0.006119 0.435710
v -2.568849 0.011119 0.435714
v -2.571745 0.011119 0.690457
v -2.571745 0.006119 0.695457
v -0.321845 0.006119 0.955850
v -0.321845 0.011119 0.950850
v -0.326530 0.011119 0.691103
v -0.321559 0.011119 0.696108
v -0.326559 0.006119 0.696103
v 2.071059 0.006119 1.216244
v 2.071059 0.011119 1.211244
v 2.064040 0.011119 0.951495
v 2.069033 0.011119 0.956501
v 2.064033 0.006119 0.956495
v 0.155096 0.011119 1.205593
v 0.150087 0.011119 1.210598
v 0.150096 0.006119 1.205597
v 0.150559 0.011119 0.951494
v 0.155550 0.011119 0.956501
v 0.150550 0.006119 0.956494
v 1.343069 0.011119 1.216895
v 1.338068 0.006119 1.216892
v 1.338044 0.011119 1.211892
v 1.339313 0.011119 1.470991
v 1.339288 0.006119 1.465991
v 1.344288 0.011119 1.465986
v -0.511767 0.011119 1.216895
v -0.516767 0.006119 1.216892
v -0.516774 0.011119 1.211892
v -0.508434 0.006119 1.476637
v -0.508434 0.011119 1.471637
v -1.972668 0.011119 0.691103
v -1.967707 0.011119 0.696108
v -1.972707 0.006119 0.696103
v -1.969629 0.011119 0.945199
v -1.974668 0.011119 0.950202
v -1.974629 0.006119 0.945202
v -1.559735 0.006119 1.216244
v -1.559735 0.011119 1.211244
v -1.567807 0.011119 0.951493
v -1.562799 0.011119 0.956501
v -1.567799 0.006119 0.956493
v -3.194905 0.006119 0.945850
v -3.194905 0.011119 0.950850
v -3.195100 0.011119 1.211244
v -3.195100 0.006119 1.216244
v -3.573739 0.011119 0.696108
v -3.568708 0.011119 0.691105
v -3.568738 0.006119 0.696105
v -3.570274 0.011119 0.950208
v -3.575243 0.011119 0.945199
v -3.570244 0.006119 0.945208
v -3.436592 0.011119 1.470992
v -3.441606 0.011119 1.465986
v -3.436606 0.006119 1.465992
v -3.442311 0.011119 1.216895
v -3.437325 0.011119 1.211882
v -3.437311 0.006119 1.216881
v -1.792090 0.011119 1.471637
v -1.792090 0.006119 1.476637
v -1.784639 0.011119 1.211881
v -1.784633 0.006119 1.216880
v -1.789633 0.011119 1.216895
v -2.897166 0.011119 1.472285
v -2.897149 0.006119 1.477285
v -2.902149 0.011119 1.477288
v -2.896260 0.011119 1.731379
v -2.901277 0.011119 1.726380
v -2.896277 0.006119 1.726379
v -1.420379 0.011119 1.472284
v -1.420322 0.006119 1.477285
v -1.425323 0.011119 1.477288
v -1.436369 0.011119 1.731379
v -1.436316 0.006119 1.726379
v -1.431315 0.011119 1.726380
v -3.240839 0.011119 -0.351762
v -3.245851 0.011119 -0.356767
v -3.240851 0.006119 -0.356762
v -3.246461 0.011119 -0.605859
v -3.241473 0.011119 -0.610865
v -3.241461 0.006119 -0.605865
v -3.583184 0.011119 -1.379548
v -3.578207 0.011119 -1.384552
v -3.578184 0.006119 -1.379552
v -3.576999 0.011119 -1.129186
v -3.582023 0.011119 -1.134188
v -3.577023 0.006119 -1.134186
v -1.432899 0.011119 -1.899114
v -1.432909 0.006119 -1.904114
v -1.427909 0.011119 -1.904118
v -1.426450 0.011119 -2.155120
v -1.426450 0.006119 -2.160120
v -0.133206 0.011119 -1.899118
v -0.138206 0.011119 -1.904118
v -0.133206 0.006119 -1.904118
v -0.139455 0.006119 -2.160120
v -0.139455 0.011119 -2.155120
v -2.589579 0.011119 -1.899108
v -2.594559 0.011119 -1.904118
v -2.589559 0.006119 -1.904108
v -2.595355 0.006119 -2.160120
v -2.595355 0.011119 -2.155120
v -3.311529 0.011119 -2.406121
v -3.306493 0.011119 -2.411121
v -3.306529 0.006119 -2.406121
v -3.308340 0.011119 -2.155757
v -3.313304 0.011119 -2.160761
v -3.308304 0.006119 -2.160757
v -1.850209 0.011119 -2.155754
v -1.855189 0.011119 -2.160761
v -1.850189 0.006119 -2.160754
v -1.854203 0.011119 -2.406121
v -1.849182 0.011119 -2.411125
v -1.849202 0.006119 -2.406125
v -0.638428 0.006119 -2.416763
v -0.638428 0.011119 -2.411763
v -0.633509 0.011119 -2.155755
v -0.638489 0.011119 -2.160761
v -0.633489 0.006119 -2.160755
v 0.268871 0.011119 -2.668407
v 0.268871 0.006119 -2.673407
v 0.261690 0.011119 -2.412401
v 0.261713 0.006119 -2.417401
v 0.266713 0.011119 -2.417405
v -1.016743 0.011119 -2.668407
v -1.016743 0.006119 -2.673407
v -1.010679 0.011119 -2.412396
v -1.015679 0.011119 -2.417405
v -1.010679 0.006119 -2.417396
v 0.495638 0.011119 -1.385831
v 0.490638 0.011119 -1.390831
v 0.495638 0.006119 -1.390831
v 0.490637 0.011119 -1.636192
v 0.495637 0.011119 -1.641192
v 0.495637 0.006119 -1.636192
v -0.161504 0.011119 -2.925050
v -0.161504 0.006119 -2.930050
v -0.169495 0.011119 -2.669044
v -0.169477 0.006119 -2.674045
v -0.164477 0.011119 -2.674048
v -1.458389 0.011119 -2.669048
v -1.458343 0.006119 -2.674048
v -1.453343 0.011119 -2.674048
v -1.449043 0.011119 -2.925050
v -1.449043 0.006119 -2.930050
v -2.785179 0.011119 -2.669048
v -2.790199 0.011119 -2.674048
v -2.785199 0.006119 -2.674048
v -2.792175 0.006119 -2.930050
v -2.792175 0.011119 -2.925050
v -3.176059 0.011119 -3.181052
v -3.176105 0.006119 -3.176052
v -3.181105 0.011119 -3.176052
v -3.178400 0.011119 -2.925683
v -3.183354 0.011119 -2.930691
v -3.178353 0.006119 -2.930683
v -1.851387 0.011119 -2.925684
v -1.856348 0.011119 -2.930691
v -1.851348 0.006119 -2.930684
v -1.849380 0.011119 -3.181052
v -1.849420 0.006119 -3.176052
v -1.854420 0.011119 -3.176052
v -0.641455 0.011119 -2.925685
v -0.646414 0.011119 -2.930691
v -0.641414 0.006119 -2.930685
v -0.639389 0.011119 -3.181052
v -0.639429 0.006119 -3.176052
v -0.644429 0.011119 -3.176052
v 0.666813 0.011119 -0.617160
v 0.671814 0.006119 -0.617158
v 0.671750 0.011119 -0.612158
v 0.664933 0.011119 -0.611510
v 0.664933 0.006119 -0.606510
v 0.669971 0.011119 -0.866253
v 0.675034 0.011119 -0.871252
v 0.674971 0.006119 -0.866252
v 0.661344 0.011119 -0.877545
v 0.656327 0.011119 -0.872545
v 0.656344 0.006119 -0.877545
v -2.756102 0.011119 -0.871252
v -2.751077 0.011119 -0.866252
v -2.756078 0.006119 -0.866252
v -2.749898 0.011119 -0.871903
v -2.749898 0.006119 -0.876903
v -3.757454 0.011119 -0.877544
v -3.752453 0.006119 -0.877541
v -3.752413 0.011119 -0.872541
v 0.675034 0.011119 1.731379
v 0.669953 0.011119 1.726380
v 0.674953 0.006119 1.726379
v 0.665899 0.011119 1.477287
v 0.670818 0.011119 1.472283
v 0.670900 0.006119 1.477283
v 0.662885 0.006119 1.466637
v 0.662885 0.011119 1.471637
v 1.723402 0.006119 0.164670
v 1.723402 0.011119 0.169670
v 1.720083 0.011119 0.175321
v 1.715083 0.006119 0.175308
v 1.715122 0.011119 0.170308
v 1.477438 0.011119 0.169032
v 1.472465 0.011119 0.164019
v 1.477465 0.006119 0.164032
v 1.463059 0.011119 0.169021
v 1.463092 0.006119 0.164021
v 1.468092 0.011119 0.164019
v 2.273225 0.011119 -0.091370
v 2.273237 0.006119 -0.096370
v 2.278237 0.011119 -0.096374
v 2.287127 0.011119 -0.091374
v 2.282127 0.011119 -0.096374
v 2.287127 0.006119 -0.096374
v 1.471818 0.011119 -0.090723
v 1.471818 0.006119 -0.095723
v 1.473810 0.011119 -0.085072
v 1.478837 0.011119 -0.090076
v 1.478810 0.006119 -0.085076
v -0.061047 0.011119 -0.605859
v -0.056047 0.011119 -0.610863
v -0.056047 0.006119 -0.605863
v -0.063244 0.006119 -0.616510
v -0.063244 0.011119 -0.611510
v -0.061047 0.011119 -0.356768
v -0.056047 0.006119 -0.356763
v -0.056047 0.011119 -0.351763
v -0.069809 0.011119 -0.351763
v -0.069814 0.006119 -0.356763
v -0.064814 0.011119 -0.356768
v 0.666216 0.011119 0.684806
v 0.671216 0.006119 0.684810
v 0.671205 0.011119 0.689810
v 0.656653 0.011119 0.689809
v 0.656667 0.006119 0.684809
v 0.661667 0.011119 0.684806
v 0.666744 0.011119 0.435714
v 0.671754 0.011119 0.430711
v 0.671744 0.006119 0.435712
v 0.657375 0.011119 0.430710
v 0.662361 0.011119 0.435714
v 0.657361 0.006119 0.435710
v 0.664933 0.006119 -0.356117
v 0.664933 0.011119 -0.351117
v 0.666738 0.011119 -0.345466
v 0.671750 0.011119 -0.350469
v 0.671738 0.006119 -0.345469
v 0.666144 0.011119 -0.096374
v 0.671144 0.006119 -0.096370
v 0.671132 0.011119 -0.091370
v 0.663588 0.011119 -0.090723
v 0.663588 0.006119 -0.085723
v 1.348529 0.011119 1.471637
v 1.348529 0.006119 1.476637
v 1.350188 0.011119 1.465986
v 1.355188 0.006119 1.465986
v 1.355234 0.011119 1.470986
v -0.351155 0.011119 -0.085072
v -0.346122 0.011119 -0.090075
v -0.346155 0.006119 -0.085075
v -0.352339 0.006119 -0.095723
v -0.352339 0.011119 -0.090723
v -0.352827 0.011119 0.164019
v -0.347827 0.006119 0.164029
v -0.347861 0.011119 0.169029
v -0.362308 0.011119 0.169021
v -0.362262 0.006119 0.164021
v -0.357261 0.011119 0.164019
v 1.501575 0.006119 0.685457
v 1.501575 0.011119 0.690457
v 1.503644 0.011119 0.696108
v 1.508667 0.011119 0.691105
v 1.508644 0.006119 0.696105
v 1.720185 0.011119 0.430063
v 1.720185 0.006119 0.435063
v 1.718142 0.011119 0.424413
v 1.713103 0.011119 0.429416
v 1.713142 0.006119 0.424415
v -0.028099 0.006119 0.164670
v -0.028099 0.011119 0.169670
v -0.027331 0.011119 0.175321
v -0.022292 0.011119 0.170319
v -0.022331 0.006119 0.175319
v 1.717763 0.011119 -0.351117
v 1.717763 0.006119 -0.346117
v 1.720437 0.011119 -0.356768
v 1.725437 0.006119 -0.356762
v 1.725401 0.011119 -0.351762
v 1.719645 0.006119 -0.616510
v 1.719645 0.011119 -0.611510
v 1.722246 0.011119 -0.605859
v 1.727283 0.011119 -0.610859
v 1.727246 0.006119 -0.605859
v -3.448729 0.011119 1.470986
v -3.448729 0.006119 1.465986
v -3.443729 0.011119 1.465986
v -3.442384 0.006119 1.476637
v -3.442384 0.011119 1.471637
v -3.759122 0.011119 1.477288
v -3.754148 0.011119 1.472278
v -3.754122 0.006119 1.477278
v -3.443117 0.006119 1.206244
v -3.443117 0.011119 1.211244
v -3.443730 0.011119 1.216895
v -3.448730 0.006119 1.216895
v -3.448730 0.011119 1.211895
v -3.759155 0.011119 1.205593
v -3.754155 0.006119 1.205603
v -3.754148 0.011119 1.210603
v -3.575733 0.011119 0.950850
v -3.575733 0.006119 0.955850
v -3.576681 0.011119 0.945199
v -3.581681 0.011119 0.950199
v -3.581681 0.006119 0.945199
v -3.759482 0.011119 0.945199
v -3.754482 0.006119 0.945199
v -3.754482 0.011119 0.950199
v -3.581681 0.011119 0.691108
v -3.576681 0.011119 0.696108
v -3.581681 0.006119 0.696108
v -3.574167 0.011119 0.690457
v -3.574167 0.006119 0.685457
v -3.759475 0.011119 0.684806
v -3.754476 0.006119 0.684824
v -3.754482 0.011119 0.689824
v -3.455905 0.011119 0.429413
v -3.455905 0.006119 0.424413
v -3.450905 0.011119 0.424413
v -3.448706 0.006119 0.435064
v -3.448706 0.011119 0.430064
v -3.759166 0.011119 0.424413
v -3.754166 0.006119 0.424413
v -3.754166 0.011119 0.429413
v -3.455905 0.011119 0.170321
v -3.450905 0.011119 0.175321
v -3.455905 0.006119 0.175321
v -3.447520 0.011119 0.169670
v -3.447520 0.006119 0.164670
v -3.759127 0.011119 0.164020
v -3.754127 0.006119 0.164030
v -3.754167 0.011119 0.169030
v -2.631417 0.011119 -0.090723
v -2.631417 0.006119 -0.085723
v -2.632727 0.011119 -0.096374
v -2.637752 0.011119 -0.091374
v -2.637727 0.006119 -0.096374
v -3.757146 0.011119 -0.096374
v -3.752146 0.006119 -0.096374
v -3.752116 0.011119 -0.091374
v -3.247119 0.011119 -0.351116
v -3.247119 0.006119 -0.346116
v -3.248670 0.011119 -0.356767
v -3.253664 0.011119 -0.351767
v -3.253670 0.006119 -0.356767
v -3.758660 0.011119 -0.356767
v -3.753659 0.006119 -0.356767
v -3.753659 0.011119 -0.351767
v -3.247754 0.006119 -0.616510
v -3.247754 0.011119 -0.611510
v -3.248995 0.011119 -0.605859
v -3.253995 0.006119 -0.605859
v -3.254002 0.011119 -0.610859
v -3.758636 0.011119 -0.617161
v -3.753636 0.006119 -0.617154
v -3.753660 0.011119 -0.612154
v -3.582436 0.011119 -1.128546
v -3.582436 0.006119 -1.123546
v -3.585732 0.011119 -1.134188
v -3.590732 0.011119 -1.129188
v -3.590732 0.006119 -1.134188
v -3.759463 0.011119 -1.122905
v -3.754504 0.011119 -1.127923
v -3.754463 0.006119 -1.122923
v -3.590731 0.011119 -1.384548
v -3.585731 0.011119 -1.379548
v -3.590731 0.006119 -1.379548
v -3.583644 0.011119 -1.385190
v -3.583644 0.006119 -1.390190
v -3.759464 0.011119 -1.390831
v -3.754463 0.006119 -1.390813
v -3.754504 0.011119 -1.385813
v -2.757937 0.011119 -1.641191
v -2.752928 0.011119 -1.636191
v -2.757928 0.006119 -1.636191
v -2.751725 0.011119 -1.641833
v -2.751725 0.006119 -1.646833
v -3.757410 0.011119 -1.647475
v -3.752410 0.006119 -1.647471
v -3.752417 0.011119 -1.642471
v -2.597491 0.011119 -1.898476
v -2.597491 0.006119 -1.893476
v -2.598294 0.011119 -1.904118
v -2.603315 0.011119 -1.899118
v -2.603293 0.006119 -1.904118
v -3.757065 0.011119 -1.904118
v -3.752065 0.006119 -1.904118
v -3.752029 0.011119 -1.899118
v -3.314452 0.011119 -2.155120
v -3.314452 0.006119 -2.150120
v -3.316252 0.011119 -2.160761
v -3.321252 0.011119 -2.155761
v -3.321252 0.006119 -2.160761
v -3.758829 0.011119 -2.160761
v -3.753829 0.006119 -2.160761
v -3.753829 0.011119 -2.155761
v -3.321252 0.011119 -2.411121
v -3.316252 0.011119 -2.406121
v -3.321252 0.006119 -2.406121
v -3.312605 0.011119 -2.411763
v -3.312603 0.006119 -2.416763
v -3.758803 0.011119 -2.417405
v -3.753803 0.006119 -2.417397
v -3.753829 0.011119 -2.412397
v -2.792595 0.011119 -2.668406
v -2.792594 0.006119 -2.663407
v -2.795926 0.011119 -2.674048
v -2.800954 0.011119 -2.669048
v -2.800926 0.006119 -2.674048
v -3.757544 0.011119 -2.674048
v -3.752544 0.006119 -2.674048
v -3.752525 0.011119 -2.669048
v -3.190816 0.011119 -2.925692
v -3.190816 0.006119 -2.930691
v -3.185816 0.011119 -2.930691
v -3.184839 0.006119 -2.920050
v -3.184839 0.011119 -2.925050
v -3.758502 0.011119 -2.930691
v -3.753502 0.006119 -2.930691
v -3.753502 0.011119 -2.925692
v 3.030703 0.011119 -0.345466
v 3.025702 0.006119 -0.345466
v 3.025702 0.011119 -0.350466
v 2.280724 0.011119 -0.351117
v 2.280724 0.006119 -0.356117
v 2.278831 0.011119 -0.345466
v 2.273831 0.006119 -0.345472
v 2.273843 0.011119 -0.350471
v 3.030676 0.011119 -0.085072
v 3.025676 0.006119 -0.085077
v 3.025702 0.011119 -0.090077
v 3.029249 0.011119 -0.617161
v 3.024299 0.011119 -0.612158
v 3.024248 0.006119 -0.617158
v -0.934646 0.011119 -0.612157
v -0.939664 0.011119 -0.617161
v -0.934664 0.006119 -0.617157
v -0.941465 0.011119 -0.611510
v -0.941465 0.006119 -0.606510
v -0.448829 0.011119 -0.871903
v -0.448829 0.006119 -0.866903
v -0.447637 0.011119 -0.877545
v -0.442637 0.006119 -0.877545
v -0.442601 0.011119 -0.872545
v -0.935614 0.011119 -0.871259
v -0.935595 0.006119 -0.866259
v -0.940595 0.011119 -0.866252
v -0.950155 0.011119 -0.871255
v -0.945127 0.011119 -0.866252
v -0.950127 0.006119 -0.866255
v -0.087013 0.011119 -1.128546
v -0.087013 0.006119 -1.123546
v -0.088918 0.011119 -1.134188
v -0.093893 0.011119 -1.129179
v -0.093918 0.006119 -1.134179
v -0.444481 0.011119 -1.127914
v -0.444444 0.006119 -1.122914
v -0.449444 0.011119 -1.122905
v -0.458522 0.011119 -1.127908
v -0.453484 0.011119 -1.122905
v -0.458485 0.006119 -1.122907
v -1.662515 0.011119 -0.610863
v -1.662510 0.006119 -0.605863
v -1.667510 0.011119 -0.605859
v -1.670213 0.006119 -0.616510
v -1.670213 0.011119 -0.611510
v -0.840771 0.006119 -0.356117
v -0.840771 0.011119 -0.351117
v -0.838714 0.011119 -0.345466
v -0.833700 0.011119 -0.350470
v -0.833714 0.006119 -0.345470
v -1.662262 0.011119 -0.351764
v -1.667267 0.011119 -0.356768
v -1.662267 0.006119 -0.356764
v -1.669664 0.011119 -0.351117
v -1.669664 0.006119 -0.346117
v -0.834427 0.011119 -0.091368
v -0.839413 0.011119 -0.096374
v -0.834413 0.006119 -0.096368
v -0.842566 0.011119 -0.090723
v -0.842566 0.006119 -0.085723
v -0.031632 0.011119 0.430063
v -0.031632 0.006119 0.435063
v -0.029273 0.011119 0.424413
v -0.024272 0.006119 0.424417
v -0.024312 0.011119 0.429417
v -0.951971 0.011119 0.430711
v -0.951985 0.006119 0.435711
v -0.956985 0.011119 0.435714
v -0.959098 0.006119 0.425063
v -0.959098 0.011119 0.430063
v -0.319070 0.006119 0.685457
v -0.319070 0.011119 0.690457
v -0.317496 0.011119 0.696108
v -0.312472 0.011119 0.691105
v -0.312496 0.006119 0.696105
v -0.952693 0.011119 0.689811
v -0.957679 0.011119 0.684806
v -0.952679 0.006119 0.684811
v -0.966809 0.011119 0.689809
v -0.966801 0.006119 0.684809
v -0.961801 0.011119 0.684806
v 3.029344 0.011119 0.175321
v 3.024344 0.006119 0.175321
v 3.024304 0.011119 0.170321
v 2.546658 0.011119 0.430711
v 2.551647 0.011119 0.435714
v 2.546647 0.006119 0.435711
v 2.552855 0.011119 0.430063
v 2.552855 0.006119 0.425063
v 3.031363 0.011119 0.696108
v 3.026363 0.006119 0.696101
v 3.026386 0.011119 0.691101
v 2.559938 0.011119 0.689806
v 2.554938 0.011119 0.684806
v 2.559938 0.006119 0.684806
v 2.551119 0.011119 0.684806
v 2.546108 0.011119 0.689809
v 2.546119 0.006119 0.684809
v 3.031386 0.011119 0.435715
v 3.026386 0.006119 0.435715
v 3.026386 0.011119 0.430714
v 2.071445 0.006119 0.945850
v 2.071445 0.011119 0.950850
v 2.072869 0.011119 0.956501
v 2.077869 0.011119 0.951501
v 2.077869 0.006119 0.956501
v 1.507460 0.011119 0.950205
v 1.502483 0.011119 0.945199
v 1.507483 0.006119 0.945205
v 1.492675 0.011119 0.950201
v 1.492700 0.006119 0.945201
v 1.497700 0.011119 0.945199
v -1.807078 0.006119 0.164670
v -1.807078 0.011119 0.169670
v -1.806393 0.011119 0.175321
v -1.801363 0.011119 0.170319
v -1.801393 0.006119 0.175319
v -2.090298 0.011119 0.169031
v -2.095251 0.011119 0.164020
v -2.090251 0.006119 0.164031
v -2.099359 0.011119 0.164019
v -2.104398 0.011119 0.169022
v -2.104359 0.006119 0.164022
v -2.087875 0.011119 -0.090075
v -2.087921 0.006119 -0.085075
v -2.092921 0.011119 -0.085072
v -2.097388 0.011119 -0.085072
v -2.102388 0.006119 -0.085078
v -2.102348 0.011119 -0.090078
v -2.622525 0.011119 -0.350469
v -2.622546 0.006119 -0.345469
v -2.627546 0.011119 -0.345466
v -2.631495 0.011119 -0.345466
v -2.636495 0.006119 -0.345471
v -2.636471 0.011119 -0.350471
v -2.740875 0.011119 -0.612158
v -2.745904 0.011119 -0.617160
v -2.740904 0.006119 -0.617158
v -2.749846 0.011119 -0.617161
v -2.754822 0.011119 -0.612154
v -2.754846 0.006119 -0.617154
v -2.273210 0.011119 -0.872538
v -2.273251 0.006119 -0.877538
v -2.268250 0.011119 -0.877544
v -2.264897 0.006119 -0.866903
v -2.264897 0.011119 -0.871903
v -1.702747 0.011119 -1.128546
v -1.702747 0.006119 -1.123546
v -1.701389 0.011119 -1.134188
v -1.696389 0.006119 -1.134186
v -1.696344 0.011119 -1.129185
v -2.260599 0.011119 -1.127911
v -2.260561 0.006119 -1.122910
v -2.265562 0.011119 -1.122905
v -2.270260 0.011119 -1.122905
v -2.275260 0.006119 -1.122907
v -2.275301 0.011119 -1.127907
v -0.964127 0.011119 -1.385190
v -0.964127 0.006119 -1.380190
v -0.962293 0.011119 -1.390831
v -0.957293 0.006119 -1.390828
v -0.957275 0.011119 -1.385828
v -1.698658 0.011119 -1.384552
v -1.698613 0.006119 -1.379553
v -1.703613 0.011119 -1.379548
v -1.706273 0.006119 -1.390190
v -1.706273 0.011119 -1.385190
v 0.662215 0.011119 -1.122905
v 0.657215 0.006119 -1.122909
v 0.657233 0.011119 -1.127909
v 0.489193 0.011119 -1.385190
v 0.489193 0.006119 -1.380190
v 0.488739 0.011119 -1.390831
v 0.483758 0.011119 -1.385826
v 0.483739 0.006119 -1.390826
v -0.081541 0.011119 -1.384554
v -0.081533 0.006119 -1.379554
v -0.086533 0.011119 -1.379548
v -0.090153 0.011119 -1.379548
v -0.095153 0.006119 -1.379552
v -0.095178 0.011119 -1.384552
v -0.139035 0.011119 -1.898477
v -0.139035 0.006119 -1.893477
v -0.141054 0.011119 -1.904118
v -0.146046 0.011119 -1.899109
v -0.146054 0.006119 -1.904109
v -0.466017 0.011119 -1.897845
v -0.465986 0.006119 -1.892845
v -0.470986 0.011119 -1.892835
v -0.479231 0.011119 -1.897838
v -0.474209 0.011119 -1.892835
v -0.479209 0.006119 -1.892838
v 0.488232 0.006119 -1.646833
v 0.488232 0.011119 -1.641833
v 0.487816 0.011119 -1.636192
v 0.482816 0.006119 -1.636195
v 0.482797 0.011119 -1.641195
v -0.464441 0.011119 -1.642471
v -0.469472 0.011119 -1.647475
v -0.464472 0.006119 -1.647471
v -0.478078 0.011119 -1.642468
v -0.478100 0.006119 -1.647468
v -0.473100 0.011119 -1.647475
v -1.425510 0.011119 -1.898476
v -1.425510 0.006119 -1.893476
v -1.423453 0.011119 -1.904118
v -1.418453 0.006119 -1.904115
v -1.418415 0.011119 -1.899115
v -2.258417 0.011119 -1.897839
v -2.258394 0.006119 -1.892839
v -2.263395 0.011119 -1.892835
v -2.266349 0.011119 -1.892835
v -2.271349 0.006119 -1.892845
v -2.271341 0.011119 -1.897845
v -0.966486 0.006119 -1.646833
v -0.966486 0.011119 -1.641833
v -0.963215 0.011119 -1.636192
v -0.958234 0.011119 -1.641198
v -0.958215 0.006119 -1.636198
v -2.257264 0.011119 -1.642472
v -2.262286 0.011119 -1.647475
v -2.257286 0.006119 -1.647472
v -2.266721 0.011119 -1.647475
v -2.271729 0.011119 -1.642468
v -2.271721 0.006119 -1.647468
v -2.742800 0.011119 -1.385828
v -2.747828 0.011119 -1.390831
v -2.742828 0.006119 -1.390828
v -2.752508 0.011119 -1.390831
v -2.757500 0.011119 -1.385827
v -2.757508 0.006119 -1.390827
v -1.802877 0.011119 0.429416
v -1.807848 0.011119 0.424413
v -1.802848 0.006119 0.424416
v -1.816906 0.011119 0.429417
v -1.816883 0.006119 0.424417
v -1.811883 0.011119 0.424413
v -2.577942 0.011119 0.430711
v -2.572948 0.011119 0.435715
v -2.577948 0.006119 0.435711
v -2.571040 0.011119 0.430064
v -2.571040 0.006119 0.425063
v -1.965150 0.006119 0.685457
v -1.965150 0.011119 0.690457
v -1.963677 0.011119 0.696108
v -1.958640 0.011119 0.691105
v -1.958677 0.006119 0.696105
v -2.564231 0.011119 0.689812
v -2.569224 0.011119 0.684806
v -2.564224 0.006119 0.684811
v -2.573251 0.011119 0.684806
v -2.578257 0.011119 0.689809
v -2.578251 0.006119 0.684809
v 0.158920 0.006119 0.945850
v 0.158920 0.011119 0.950850
v 0.160104 0.011119 0.956501
v 0.165112 0.011119 0.951499
v 0.165104 0.006119 0.956499
v -0.313740 0.011119 0.950206
v -0.318716 0.011119 0.945199
v -0.313716 0.006119 0.945206
v -0.328037 0.011119 0.950202
v -0.328008 0.006119 0.945202
v -0.323008 0.011119 0.945199
v 3.030143 0.011119 1.216895
v 3.025143 0.006119 1.216891
v 3.025178 0.011119 1.211891
v 2.077871 0.011119 1.210593
v 2.072870 0.011119 1.205593
v 2.077871 0.006119 1.205593
v 2.063654 0.011119 1.210597
v 2.063662 0.006119 1.205597
v 2.068661 0.011119 1.205593
v 3.030178 0.011119 0.956501
v 3.025178 0.006119 0.956501
v 3.025178 0.011119 0.951501
v 1.344855 0.006119 1.206244
v 1.344855 0.011119 1.211244
v 1.347875 0.011119 1.216895
v 1.352829 0.011119 1.211890
v 1.352875 0.006119 1.216890
v 0.164724 0.011119 1.210595
v 0.159732 0.011119 1.205593
v 0.164732 0.006119 1.205595
v 0.158060 0.011119 1.211244
v 0.158060 0.006119 1.216244
v 3.028334 0.011119 1.477288
v 3.023334 0.006119 1.477286
v 3.023367 0.011119 1.472286
v -0.502478 0.011119 1.211890
v -0.502452 0.006119 1.216890
v -0.507452 0.011119 1.216895
v -0.510110 0.006119 1.206244
v -0.510110 0.011119 1.211244
v -0.501138 0.011119 1.470989
v -0.506163 0.011119 1.465986
v -0.501163 0.006119 1.465989
v -0.516367 0.011119 1.470990
v -0.516375 0.006119 1.465989
v -0.511375 0.011119 1.465986
v -1.559703 0.006119 0.945850
v -1.559703 0.011119 0.950850
v -1.558700 0.011119 0.956501
v -1.553691 0.011119 0.951498
v -1.553700 0.006119 0.956499
v -1.960580 0.011119 0.950207
v -1.965542 0.011119 0.945199
v -1.960542 0.006119 0.945207
v -1.968657 0.011119 0.950850
v -1.968657 0.006119 0.955850
v -1.554164 0.011119 1.210596
v -1.559155 0.011119 1.205593
v -1.554155 0.006119 1.205596
v -1.567367 0.011119 1.210607
v -1.567375 0.006119 1.205607
v -1.562375 0.011119 1.205593
v -3.188960 0.011119 0.951499
v -3.188970 0.006119 0.956499
v -3.193970 0.011119 0.956501
v -3.197996 0.011119 0.956501
v -3.202996 0.006119 0.956493
v -3.202984 0.011119 0.951493
v -1.793158 0.006119 1.206244
v -1.793158 0.011119 1.211244
v -1.793715 0.011119 1.216895
v -1.798715 0.006119 1.216892
v -1.798730 0.011119 1.211892
v -3.189485 0.011119 1.210595
v -3.194475 0.011119 1.205593
v -3.189475 0.006119 1.205595
v -3.198605 0.011119 1.205593
v -3.203617 0.011119 1.210606
v -3.203604 0.006119 1.205606
v -2.911298 0.011119 1.472282
v -2.906313 0.011119 1.477288
v -2.911313 0.006119 1.477282
v -2.903511 0.011119 1.471637
v -2.903511 0.006119 1.466637
v -1.426286 0.006119 1.466637
v -1.426286 0.011119 1.471637
v -1.428636 0.011119 1.477288
v -1.433636 0.006119 1.477279
v -1.433582 0.011119 1.472279
v -1.784304 0.011119 1.470995
v -1.789310 0.011119 1.465986
v -1.784310 0.006119 1.465995
v -1.793011 0.011119 1.465986
v -1.797997 0.011119 1.470989
v -1.798011 0.006119 1.465989
v -2.912091 0.011119 1.731379
v -2.912075 0.006119 1.726379
v -2.907075 0.011119 1.726380
v -1.417446 0.011119 1.731379
v -1.422503 0.011119 1.726380
v -1.417503 0.006119 1.726379
v -0.640478 0.011119 -2.155120
v -0.640478 0.006119 -2.150120
v -0.641706 0.011119 -2.160761
v -0.646726 0.011119 -2.155757
v -0.646706 0.006119 -2.160758
v -1.420373 0.011119 -2.154482
v -1.420335 0.006119 -2.149482
v -1.425335 0.011119 -2.149478
v -1.433415 0.011119 -2.154486
v -1.428405 0.011119 -2.149478
v -1.433405 0.006119 -2.149486
v 0.662133 0.011119 -1.892835
v 0.657133 0.006119 -1.892839
v 0.657102 0.011119 -1.897839
v 0.662102 0.011119 -2.149478
v 0.657102 0.006119 -2.149478
v 0.657102 0.011119 -2.154478
v -0.133206 0.011119 -2.154478
v -0.133206 0.006119 -2.149478
v -0.138206 0.011119 -2.149478
v -0.141457 0.011119 -2.149478
v -0.146457 0.006119 -2.149485
v -0.146466 0.011119 -2.154485
v -1.857056 0.011119 -2.155120
v -1.857056 0.006119 -2.150120
v -1.858164 0.011119 -2.160761
v -1.863129 0.011119 -2.155757
v -1.863164 0.006119 -2.160757
v -2.588556 0.011119 -2.154482
v -2.588576 0.006119 -2.149482
v -2.593576 0.011119 -2.149478
v -2.597225 0.011119 -2.149478
v -2.602225 0.006119 -2.149483
v -2.602203 0.011119 -2.154483
v -1.857831 0.006119 -2.416763
v -1.857830 0.011119 -2.411763
v -1.859893 0.011119 -2.406122
v -1.864894 0.006119 -2.406121
v -1.864929 0.011119 -2.411121
v -1.023720 0.011119 -2.412401
v -1.023723 0.006119 -2.417401
v -1.018723 0.011119 -2.417405
v -1.017775 0.006119 -2.406763
v -1.017775 0.011119 -2.411763
v 0.267678 0.011119 -2.411763
v 0.267678 0.006119 -2.406763
v 0.269950 0.011119 -2.417405
v 0.274950 0.006119 -2.417405
v 0.274950 0.011119 -2.412405
v -0.632486 0.011119 -2.411125
v -0.632506 0.006119 -2.406125
v -0.637506 0.011119 -2.406122
v -0.640720 0.011119 -2.406122
v -0.645720 0.006119 -2.406130
v -0.645700 0.011119 -2.411130
v 0.663125 0.011119 -2.662765
v 0.658125 0.006119 -2.662765
v 0.658125 0.011119 -2.667765
v 0.274950 0.011119 -2.667765
v 0.274950 0.006119 -2.662765
v 0.269950 0.011119 -2.662765
v 0.262884 0.011119 -2.667772
v 0.267860 0.011119 -2.662765
v 0.262860 0.006119 -2.662773
v 0.663105 0.011119 -2.406122
v 0.658105 0.006119 -2.406130
v 0.658125 0.011119 -2.411130
v -0.163416 0.011119 -2.668407
v -0.163416 0.006119 -2.663407
v -0.161259 0.011119 -2.674048
v -0.156259 0.006119 -2.674041
v -0.156278 0.011119 -2.669041
v -1.010659 0.011119 -2.667769
v -1.010660 0.006119 -2.662769
v -1.015660 0.011119 -2.662765
v -1.018875 0.011119 -2.662765
v -1.023875 0.006119 -2.662772
v -1.023878 0.011119 -2.667772
v 0.663650 0.011119 -1.379548
v 0.658650 0.006119 -1.379567
v 0.658678 0.011119 -1.384567
v 0.663678 0.011119 -1.636192
v 0.658678 0.006119 -1.636192
v 0.658678 0.011119 -1.641192
v 0.662023 0.011119 -2.930692
v 0.657047 0.011119 -2.925688
v 0.657023 0.006119 -2.930688
v -0.155291 0.011119 -2.924408
v -0.155310 0.006119 -2.919408
v -0.160310 0.011119 -2.919408
v -0.168570 0.011119 -2.924415
v -0.163588 0.011119 -2.919408
v -0.168588 0.006119 -2.919415
v -1.452310 0.006119 -2.663407
v -1.452308 0.011119 -2.668407
v -1.448931 0.011119 -2.674048
v -1.443931 0.006119 -2.674041
v -1.443949 0.011119 -2.669041
v -0.648461 0.011119 -2.925050
v -0.648461 0.006119 -2.920050
v -0.649694 0.011119 -2.930692
v -0.654674 0.011119 -2.925688
v -0.654694 0.006119 -2.930687
v -1.443024 0.011119 -2.924412
v -1.443042 0.006119 -2.919412
v -1.448042 0.011119 -2.919408
v -1.456048 0.011119 -2.924416
v -1.451094 0.011119 -2.919409
v -1.456095 0.006119 -2.919416
v -1.858728 0.011119 -2.925050
v -1.858728 0.006119 -2.920050
v -1.859765 0.011119 -2.930692
v -1.864746 0.011119 -2.925688
v -1.864765 0.006119 -2.930688
v -2.786198 0.011119 -2.924412
v -2.786178 0.006119 -2.919412
v -2.791178 0.011119 -2.919408
v -2.794543 0.011119 -2.919408
v -2.799543 0.006119 -2.919416
v -2.799515 0.011119 -2.924417
v -3.190816 0.011119 -3.181052
v -3.185816 0.011119 -3.176052
v -3.190816 0.006119 -3.176052
v -1.865722 0.011119 -3.181052
v -1.860703 0.011119 -3.176052
v -1.865703 0.006119 -3.176052
v -0.655692 0.011119 -3.181052
v -0.650673 0.011119 -3.176052
v -0.655673 0.006119 -3.176052
vn -1.0000 -0.0000 -0.0000
vn -1.0000 -0.0000 -0.0048
vn -0.0000 -0.0000 -1.0000
vn 1.0000 -0.0000 0.0066
vn -0.0041 -0.0000 -1.0000
vn -0.0009 -0.0000 1.0000
vn -0.0006 -0.0000 -1.0000
vn 1.0000 -0.0000 0.0024
vn -0.0000 -0.0000 1.0000
vn 0.0009 -0.0000 1.0000
vn 0.0005 -0.0000 1.0000
vn -0.0021 -0.0000 -1.0000
vn 1.0000 -0.0000 -0.0000
vn 0.0006 -0.0000 -1.0000
vn -0.0013 -0.0000 -1.0000
vn 1.0000 -0.0000 -0.0037
vn -0.0006 -0.0000 1.0000
vn -0.0007 -0.0000 -1.0000
vn -0.0012 -0.0000 -1.0000
vn -0.0011 -0.0000 -1.0000
vn 0.0008 -0.0000 -1.0000
vn 0.0007 -0.0000 1.0000
vn 1.0000 -0.0000 0.0028
vn 0.0011 -0.0000 1.0000
vn 0.0006 -0.0000 1.0000
vn 0.0012 -0.0000 -1.0000
vn 0.0010 -0.0000 1.0000
vn -0.0005 -0.0000 1.0000
vn 0.0041 -0.0000 1.0000
vn 1.0000 -0.0000 -0.0033
vn 0.0012 -0.0000 1.0000
vn 0.0005 -0.0000 -1.0000
vn -0.0004 -0.0000 -1.0000
vn 0.0019 -0.0000 -1.0000
vn 0.0010 -0.0000 -1.0000
vn -0.0005 -0.0000 -1.0000
vn 1.0000 -0.0000 -0.0013
vn 0.0004 -0.0000 -1.0000
vn 0.0018 -0.0000 -1.0000
vn 1.0000 -0.0000 0.0088
vn 0.0007 -0.0000 -1.0000
vn -0.0007 -0.0000 1.0000
vn 0.0008 -0.0000 1.0000
vn -0.0015 -0.0000 1.0000
vn 0.0014 -0.0000 1.0000
vn -0.0013 -0.0000 1.0000
vn 0.9999 -0.0000 0.0112
vn -0.0012 -0.0000 1.0000
vn -0.0000 -1.0000 -0.0000
vn -0.0000 1.0000 -0.0000
vn -0.9999 -0.0000 0.0162
vn 0.9999 -0.0000 -0.0101
vn -0.0010 -0.0000 -1.0000
vn 1.0000 -0.0000 0.0078
vn 1.0000 -0.0000 0.0030
vn 0.0009 -0.0000 -1.0000
vn -0.0008 -0.0000 -1.0000
vn 1.0000 -0.0000 0.0070
vn 0.0025 -0.0000 1.0000
vn -1.0000 -0.0000 0.0013
vn -1.0000 -0.0000 -0.0012
vn -1.0000 -0.0000 -0.0079
vn -1.0000 -0.0000 -0.0070
vn -1.0000 -0.0000 -0.0011
vn -1.0000 -0.0000 0.0086
vn 1.0000 -0.0000 -0.0067
vn -0.0008 -0.0000 1.0000
vn -1.0000 -0.0000 -0.0090
vn -1.0000 -0.0000 0.0090
vn -1.0000 -0.0000 -0.0028
vn -0.0017 -0.0000 1.0000
vn -1.0000 -0.0000 -0.0021
vn -1.0000 -0.0000 -0.0037
vn -1.0000 -0.0000 -0.0024
vn 0.0015 -0.0000 -1.0000
vn -1.0000 -0.0000 -0.0078
vn -1.0000 -0.0000 -0.0054
vn 1.0000 -0.0000 -0.0080
vn 1.0000 -0.0000 0.0054
vn -0.0010 -0.0000 1.0000
vn -1.0000 -0.0000 -0.0035
vn -1.0000 -0.0000 -0.0073
vn 0.9999 -0.0000 -0.0100
vn 1.0000 -0.0000 0.0049
vn 0.0013 -0.0000 1.0000
vn -0.0018 -0.0000 -1.0000
vn -1.0000 -0.0000 0.0089
vn -1.0000 -0.0000 0.0012
vn 1.0000 -0.0000 -0.0059
vn 0.0038 -0.0000 -1.0000
vn -1.0000 -0.0000 0.0056
vn -1.0000 -0.0000 0.0032
vn -0.0004 -0.0000 1.0000
vn 0.0017 -0.0000 1.0000
vn -1.0000 -0.0000 -0.0093
vn -0.0020 -0.0000 1.0000
vn 1.0000 -0.0000 0.0010
vn -1.0000 -0.0000 -0.0075
vn 1.0000 -0.0000 0.0039
vn -0.0009 -0.0000 -1.0000
vn -0.0019 -0.0000 1.0000
vn 0.0004 -0.0000 1.0000
vn -1.0000 -0.0000 0.0093
vn -1.0000 -0.0000 -0.0067
vn -1.0000 -0.0000 0.0052
vn -0.0022 -0.0000 1.0000
vn 1.0000 -0.0000 0.0021
vn -1.0000 -0.0000 -0.0014
vn -0.0011 -0.0000 1.0000
vn 0.0032 -0.0000 1.0000
vn 1.0000 -0.0000 -0.0028
vn -0.0036 -0.0000 1.0000
vn -0.0023 -0.0000 -1.0000
vn 0.0013 -0.0000 -1.0000
vn 0.0016 -0.0000 -1.0000
vn -1.0000 -0.0000 -0.0020
vn -0.0016 -0.0000 1.0000
vn -0.9999 -0.0000 0.0113
vn -1.0000 -0.0000 0.0031
vn 1.0000 -0.0000 -0.0016
vn -0.0032 -0.0000 -1.0000
vn -0.0041 -0.0000 1.0000
vn 0.0014 -0.0000 -1.0000
vn -1.0000 -0.0000 0.0044
vn 1.0000 -0.0000 -0.0020
vn -1.0000 -0.0000 0.0045
vn 1.0000 -0.0000 0.0050
vn 1.0000 -0.0000 -0.0086
vn -0.0014 -0.0000 1.0000
vn 1.0000 -0.0000 -0.0007
vn 1.0000 -0.0000 0.0035
vn -1.0000 -0.0000 -0.0044
vn 1.0000 -0.0000 -0.0046
vn -0.0019 -0.0000 -1.0000
vn -1.0000 -0.0000 0.0047
vn 1.0000 -0.0000 -0.0049
vn 1.0000 -0.0000 -0.0047
vn -1.0000 -0.0000 0.0037
vn 0.0017 -0.0000 -1.0000
vn -0.9999 -0.0000 -0.0132
vn 1.0000 -0.0000 0.0056
vn 1.0000 -0.0000 -0.0057
vn -0.9999 -0.0000 0.0100
vn -1.0000 -0.0000 0.0057
vn -1.0000 -0.0000 0.0073
vn 1.0000 -0.0000 -0.0041
vn 1.0000 -0.0000 -0.0012
vn -1.0000 -0.0000 -0.0046
vn 0.0028 -0.0000 -1.0000
vn 1.0000 -0.0000 0.0093
vn 1.0000 -0.0000 0.0067
vn 0.0026 -0.0000 -1.0000
vn 0.0011 -0.0000 -1.0000
vn -0.0021 -0.0000 1.0000
vn -1.0000 -0.0000 0.0028
vn -0.0027 -0.0000 -1.0000
vn -0.0014 -0.0000 -1.0000
vn -1.0000 -0.0000 -0.0041
vn -1.0000 -0.0000 0.0035
vn -1.0000 -0.0000 0.0059
vn -0.0015 -0.0000 -1.0000
vn 1.0000 -0.0000 -0.0025
vn 1.0000 -0.0000 -0.0021
vn 0.0020 -0.0000 -1.0000
vn 1.0000 -0.0000 0.0057
vn -0.9999 -0.0000 -0.0129
vn 1.0000 -0.0000 -0.0014
vn 0.0023 -0.0000 1.0000
vn 1.0000 -0.0000 -0.0092
vn 1.0000 -0.0000 0.0015
vn 1.0000 -0.0000 0.0041
vn 1.0000 -0.0000 0.0058
vn 1.0000 -0.0000 0.0014
vn 1.0000 -0.0000 0.0079
vn 0.9999 -0.0000 -0.0108
vn -1.0000 -0.0000 0.0021
vn 0.0021 -0.0000 1.0000
vn 1.0000 -0.0000 -0.0045
vn -0.0010 0.0519 -0.9987
vn 1.0000 -0.0000 0.0011
vn 1.0000 -0.0000 0.0043
vn 1.0000 -0.0000 0.0012
vn 1.0000 -0.0000 0.0077
vn -1.0000 -0.0000 -0.0050
vn 0.9999 -0.0000 0.0107
vn -1.0000 -0.0000 -0.0049
vn -1.0000 -0.0000 -0.0089
vn -1.0000 -0.0000 -0.0034
vn 1.0000 -0.0000 -0.0052
vn 1.0000 -0.0000 0.0076
vn -1.0000 -0.0000 -0.0001
vn 1.0000 -0.0000 0.0044
vn -0.9999 -0.0000 -0.0126
vn -1.0000 -0.0000 0.0049
vn -0.5763 0.5764 0.5793
vn 0.5761 0.5761 0.5799
vn -0.5773 0.5774 -0.5774
vn 0.5757 0.5756 0.5808
vn 0.5764 0.5764 -0.5792
vn -0.5764 0.5764 -0.5792
vn 0.5754 0.5754 -0.5812
vn 0.5768 0.5765 -0.5787
vn -0.5773 0.5774 -0.5773
vn -0.5790 0.5783 -0.5747
vn -0.5760 0.5757 -0.5803
vn -0.5774 0.5773 -0.5774
vn -0.5779 0.5767 -0.5774
vn -0.5790 0.5769 -0.5762
vn -0.5774 0.5773 -0.5773
vn -0.5774 0.5773 0.5773
vn 0.5760 0.5760 0.5801
vn 0.5773 0.5774 0.5773
vn 0.5767 0.5764 0.5790
vn 0.5774 0.5773 0.5773
vn 0.5794 0.5787 0.5740
vn 0.5765 0.5762 0.5793
vn 0.5774 0.5773 0.5774
vn 0.5787 0.5782 0.5751
vn 0.5763 0.5763 -0.5795
vn 0.5793 0.5790 -0.5738
vn 0.5775 0.5770 -0.5776
vn 0.5796 0.5789 -0.5735
vn 0.5770 0.5767 0.5783
vn 0.5782 0.5777 -0.5761
vn 0.5784 0.5779 0.5757
vn 0.5763 0.5763 0.5795
vn 0.5774 0.5774 0.5773
vn 0.5799 0.5778 0.5743
vn 0.5769 0.5764 0.5787
vn 0.5773 0.5773 0.5774
vn 0.5788 0.5779 0.5754
vn 0.5765 0.5765 -0.5790
vn -0.5785 0.5778 -0.5757
vn -0.5766 0.5762 -0.5792
vn -0.5792 0.5784 -0.5744
vn -0.5773 0.5769 -0.5778
vn -0.5758 0.5758 -0.5805
vn -0.5773 0.5774 0.5774
vn 0.5789 0.5785 -0.5746
vn -0.5774 0.5774 -0.5773
vn 0.5776 0.5772 0.5772
vn 0.5776 0.5772 -0.5772
vn 0.5788 0.5783 0.5749
vn 0.5793 0.5785 0.5742
vn 0.5774 0.5770 -0.5777
vn 0.5778 0.5774 0.5768
vn 0.5768 0.5765 0.5788
vn 0.5785 0.5780 -0.5756
vn 0.5779 0.5775 -0.5766
vn 0.5765 0.5761 0.5794
vn 0.5792 0.5781 -0.5747
vn -0.5765 0.5765 -0.5791
vn -0.5785 0.5781 0.5754
vn -0.5773 0.5773 -0.5774
vn 0.5786 0.5782 -0.5753
vn -0.5786 0.5779 0.5755
vn -0.5790 0.5782 -0.5748
vn -0.5761 0.5758 0.5801
vn 0.5795 0.5788 0.5737
vn 0.5759 0.5756 -0.5806
vn -0.5770 0.5770 0.5780
vn 0.5765 0.5762 -0.5794
vn -0.5789 0.5781 -0.5750
vn 0.5791 0.5778 -0.5752
vn -0.5767 0.5763 -0.5791
vn -0.5774 0.5769 -0.5778
vn 0.5788 0.5783 -0.5749
vn 0.5781 0.5774 -0.5766
vn 0.5773 0.5769 0.5778
vn 0.5782 0.5774 -0.5764
vn 0.5766 0.5764 -0.5791
vn 0.5786 0.5781 0.5753
vn 0.5773 0.5770 -0.5778
vn 0.5792 0.5787 -0.5741
vn 0.5761 0.5758 0.5802
vn 0.5777 0.5767 -0.5777
vn -0.5764 0.5761 -0.5795
vn -0.5792 0.5782 0.5747
vn -0.5773 0.5766 0.5782
vn -0.5789 0.5774 -0.5758
vn -0.5787 0.5770 -0.5763
vn -0.5782 0.5779 -0.5759
vn -0.5767 0.5766 0.5787
vn -0.5798 0.5794 -0.5728
vn 0.5753 0.5753 0.5815
vn -0.5773 0.5767 0.5781
vn -0.5783 0.5776 -0.5761
vn -0.5786 0.5781 -0.5754
vn -0.5766 0.5763 0.5791
vn 0.5780 0.5776 0.5764
vn -0.5774 0.5774 0.5774
vn -0.5789 0.5777 0.5755
vn -0.5759 0.5760 -0.5801
vn -0.5791 0.5786 0.5744
vn -0.5787 0.5779 0.5755
vn -0.5769 0.5764 -0.5787
vn -0.5786 0.5779 0.5756
vn 0.5767 0.5763 0.5790
vn -0.5780 0.5770 0.5770
vn -0.5773 0.5773 0.5774
vn 0.5769 0.5765 0.5786
vn 0.5756 0.5756 0.5809
vn -0.5766 0.5766 0.5789
vn -0.5755 0.5756 -0.5809
vn -0.5797 0.5788 0.5735
vn -0.5795 0.5786 0.5740
vn -0.5758 0.5759 -0.5804
vn -0.5794 0.5787 0.5740
vn -0.5800 0.5797 0.5723
vn -0.5749 0.5749 -0.5822
vn 0.5767 0.5767 0.5787
vn 0.5764 0.5764 -0.5793
vn -0.5760 0.5757 0.5804
vn -0.5741 0.5743 0.5835
vn -0.5808 0.5804 -0.5709
vn 0.5798 0.5784 -0.5738
vn -0.5794 0.5779 0.5747
vn 0.5762 0.5760 0.5798
vn 0.5772 0.5768 0.5781
vn -0.5774 0.5774 0.5773
vn -0.5766 0.5762 -0.5793
vn -0.5777 0.5772 -0.5772
vn -0.5777 0.5772 0.5772
vn 0.5779 0.5774 0.5768
vn -0.5780 0.5776 0.5764
vn 0.5771 0.5767 0.5783
vn -0.5772 0.5768 -0.5780
vn -0.5771 0.5768 -0.5782
vn -0.5781 0.5777 0.5763
vn -0.5755 0.5756 0.5809
vn -0.5763 0.5759 -0.5798
vn -0.5794 0.5783 0.5744
vn 0.5757 0.5755 0.5808
vn -0.5767 0.5763 -0.5790
vn -0.5760 0.5758 -0.5802
vn -0.5792 0.5785 0.5743
vn -0.5791 0.5780 -0.5750
vn 0.5774 0.5773 -0.5773
vn -0.5779 0.5767 0.5775
vn 0.5773 0.5774 -0.5773
vn -0.5789 0.5769 0.5762
vn 0.5774 0.5773 -0.5774
vn -0.5797 0.5785 0.5739
vn 0.5764 0.5764 0.5792
vn -0.5762 0.5762 0.5796
vn 0.5776 0.5776 0.5768
vn 0.5771 0.5771 -0.5778
vn -0.5788 0.5780 0.5752
vn 0.5773 0.5774 0.5774
vn -0.5803 0.5782 -0.5735
vn 0.5773 0.5774 -0.5774
vn -0.5803 0.5782 0.5735
vn 0.5770 0.5770 -0.5780
vn -0.5779 0.5775 0.5766
vn 0.5765 0.5765 0.5790
vn -0.5760 0.5760 0.5800
vn 0.5774 0.5774 -0.5773
vn -0.5789 0.5781 0.5751
vn -0.5766 0.5766 0.5788
vn -0.5774 0.5773 0.5774
vn 0.5783 0.5776 -0.5762
vn 0.5787 0.5782 -0.5751
vn 0.5795 0.5792 0.5733
vn -0.5769 0.5765 0.5786
vn -0.5759 0.5759 0.5802
vn -0.5786 0.5778 -0.5757
vn 0.5764 0.5762 -0.5795
vn 0.5790 0.5780 0.5751
vn -0.5794 0.5784 -0.5742
vn 0.5761 0.5758 -0.5801
vn -0.5779 0.5774 -0.5768
vn -0.5771 0.5767 -0.5783
vn -0.5775 0.5770 0.5776
vn -0.5784 0.5776 0.5760
vn -0.5792 0.5787 0.5741
vn -0.5783 0.5777 0.5761
vn 0.5773 0.5770 0.5778
vn 0.5758 0.5758 -0.5804
vn 0.5780 0.5776 -0.5764
vn 0.5788 0.5780 -0.5753
vn -0.5787 0.5781 0.5753
vn 0.5765 0.5763 0.5792
vn -0.5764 0.5762 -0.5795
vn -0.5800 0.5788 0.5733
vn 0.5760 0.5757 0.5803
vn -0.5757 0.5755 -0.5808
vn 0.5793 0.5787 -0.5741
vn -0.5768 0.5764 -0.5788
vn 0.5787 0.5781 -0.5753
vn -0.5764 0.5761 0.5795
vn 0.5788 0.5780 0.5752
vn 0.5794 0.5787 0.5739
vn -0.5758 0.5755 0.5807
vn -0.5792 0.5786 -0.5743
vn 0.5760 0.5757 -0.5804
vn -0.5794 0.5789 -0.5737
vn 0.5784 0.5779 -0.5758
vn 0.5785 0.5779 0.5757
vn -0.5781 0.5775 -0.5765
vn 0.5767 0.5762 -0.5791
vn 0.5784 0.5773 0.5763
vn -0.5793 0.5782 -0.5746
vn 0.5767 0.5764 -0.5790
vn 0.5769 0.5765 -0.5787
vn -0.5764 0.5760 0.5796
vn 0.5787 0.5780 0.5754
vn -0.5761 0.5758 0.5802
vn -0.5785 0.5781 -0.5755
vn 0.5784 0.5773 -0.5764
vn -0.5767 0.5764 0.5790
vn 0.5775 0.5768 0.5777
vn -0.5765 0.5762 0.5794
vn 0.5780 0.5775 0.5766
vn -0.5788 0.5783 0.5749
vn 0.5768 0.5763 0.5789
vn 0.5778 0.5774 -0.5768
vn -0.5762 0.5758 -0.5801
vn -0.5780 0.5774 0.5766
vn 0.5774 0.5770 0.5777
vn -0.5772 0.5770 -0.5778
vn 0.5764 0.5761 0.5795
vn 0.5789 0.5786 -0.5745
vn -0.5773 0.5774 0.5773
vn 0.5774 0.5769 0.5778
vn -0.5795 0.5790 -0.5736
vn -0.5778 0.5775 0.5767
vn 0.5788 0.5786 -0.5747
vn -0.5787 0.5782 -0.5752
vn -0.5765 0.5763 0.5792
vn 0.5779 0.5775 0.5766
vn -0.5772 0.5769 -0.5779
vn -0.5794 0.5785 0.5741
vn -0.5779 0.5776 0.5765
vn 0.5787 0.5771 0.5762
vn -0.5772 0.5769 -0.5780
vn 0.5785 0.5775 -0.5761
vn 0.5770 0.5767 -0.5783
vn 0.5779 0.5763 0.5778
vn 0.5784 0.5777 -0.5760
vn 0.5801 0.5791 -0.5728
vn -0.5778 0.5768 0.5775
vn 0.5781 0.5778 0.5761
vn 0.5768 0.5767 0.5786
vn -0.5751 0.5753 0.5817
vn -0.5791 0.5787 -0.5742
vn 0.5775 0.5767 -0.5778
vn 0.5765 0.5760 -0.5796
vn -0.5774 0.5774 -0.5774
vn 0.5775 0.5768 -0.5777
vn 0.5790 0.5785 0.5745
vn 0.5785 0.5780 -0.5755
vn 0.5760 0.5760 -0.5800
vn 0.5778 0.5773 0.5770
vn 0.5788 0.5778 -0.5755
vn 0.5787 0.5778 -0.5755
vn -0.5787 0.5778 0.5756
vn -0.5776 0.5772 -0.5772
vn 0.5778 0.5770 -0.5773
vn 0.5798 0.5777 -0.5745
vn 0.5786 0.5781 0.5754
vn -0.5766 0.5766 -0.5788
vn 0.5786 0.5778 -0.5757
vn -0.5786 0.5778 0.5757
vn 0.5784 0.5780 0.5757
vn -0.5770 0.5765 -0.5786
vn 0.5797 0.5788 -0.5735
vn 0.5783 0.5780 0.5757
vn -0.5784 0.5780 -0.5757
vn 0.5790 0.5781 -0.5749
vn 0.5773 0.5773 -0.5774
vn 0.5766 0.5766 -0.5788
vn 0.5766 0.5766 -0.5789
vn -0.5763 -0.5764 0.5793
vn 0.5761 -0.5761 0.5799
vn -0.5773 -0.5774 -0.5774
vn 0.5757 -0.5756 0.5808
vn 0.5764 -0.5764 -0.5792
vn -0.5764 -0.5764 -0.5792
vn 0.5754 -0.5754 -0.5812
vn 0.5768 -0.5765 -0.5787
vn -0.5773 -0.5774 -0.5773
vn -0.5790 -0.5783 -0.5747
vn -0.5761 -0.5758 -0.5802
vn -0.5774 -0.5773 -0.5774
vn -0.5779 -0.5767 -0.5774
vn -0.5790 -0.5769 -0.5762
vn -0.5774 -0.5773 -0.5773
vn -0.5774 -0.5773 0.5773
vn 0.5760 -0.5760 0.5801
vn 0.5773 -0.5774 0.5773
vn 0.5767 -0.5764 0.5790
vn 0.5774 -0.5773 0.5773
vn 0.5794 -0.5787 0.5740
vn 0.5765 -0.5762 0.5793
vn 0.5774 -0.5773 0.5774
vn 0.5787 -0.5782 0.5751
vn 0.5763 -0.5763 -0.5795
vn 0.5793 -0.5790 -0.5738
vn 0.5775 -0.5770 -0.5776
vn 0.5796 -0.5789 -0.5735
vn 0.5770 -0.5767 0.5783
vn 0.5782 -0.5777 -0.5761
vn 0.5784 -0.5779 0.5757
vn 0.5763 -0.5763 0.5795
vn 0.5774 -0.5774 0.5773
vn 0.5799 -0.5778 0.5743
vn 0.5769 -0.5764 0.5787
vn 0.5773 -0.5773 0.5774
vn 0.5788 -0.5779 0.5754
vn 0.5765 -0.5765 -0.5790
vn -0.5785 -0.5778 -0.5757
vn -0.5766 -0.5762 -0.5792
vn -0.5792 -0.5784 -0.5744
vn -0.5773 -0.5769 -0.5778
vn -0.5758 -0.5758 -0.5805
vn -0.5773 -0.5774 0.5774
vn 0.5789 -0.5785 -0.5746
vn -0.5774 -0.5774 -0.5773
vn 0.5776 -0.5772 0.5772
vn 0.5776 -0.5772 -0.5772
vn 0.5788 -0.5783 0.5749
vn 0.5793 -0.5785 0.5742
vn 0.5774 -0.5770 -0.5777
vn 0.5778 -0.5774 0.5768
vn 0.5768 -0.5765 0.5788
vn 0.5785 -0.5780 -0.5756
vn 0.5779 -0.5775 -0.5766
vn 0.5765 -0.5761 0.5794
vn 0.5792 -0.5781 -0.5747
vn -0.5765 -0.5765 -0.5791
vn -0.5785 -0.5781 0.5754
vn -0.5773 -0.5773 -0.5774
vn 0.5786 -0.5782 -0.5753
vn -0.5786 -0.5779 0.5755
vn -0.5790 -0.5782 -0.5748
vn -0.5761 -0.5758 0.5801
vn 0.5795 -0.5788 0.5737
vn 0.5759 -0.5756 -0.5806
vn -0.5770 -0.5770 0.5780
vn 0.5765 -0.5762 -0.5794
vn -0.5789 -0.5781 -0.5750
vn 0.5791 -0.5778 -0.5752
vn -0.5767 -0.5763 -0.5791
vn -0.5785 -0.5781 0.5755
vn -0.5774 -0.5769 -0.5778
vn 0.5788 -0.5783 -0.5749
vn 0.5781 -0.5774 -0.5766
vn 0.5773 -0.5769 0.5778
vn 0.5782 -0.5774 -0.5764
vn 0.5766 -0.5764 -0.5791
vn 0.5786 -0.5781 0.5753
vn 0.5773 -0.5769 -0.5778
vn 0.5792 -0.5787 -0.5741
vn 0.5761 -0.5758 0.5802
vn 0.5777 -0.5767 -0.5777
vn -0.5764 -0.5761 -0.5795
vn -0.5792 -0.5782 0.5747
vn -0.5773 -0.5766 0.5782
vn -0.5789 -0.5774 -0.5758
vn -0.5787 -0.5770 -0.5763
vn -0.5782 -0.5779 -0.5759
vn -0.5767 -0.5766 0.5787
vn -0.5798 -0.5794 -0.5728
vn 0.5753 -0.5753 0.5815
vn -0.5773 -0.5767 0.5781
vn -0.5783 -0.5776 -0.5762
vn -0.5785 -0.5781 -0.5754
vn -0.5766 -0.5763 0.5791
vn 0.5780 -0.5776 0.5764
vn -0.5774 -0.5774 0.5774
vn -0.5789 -0.5777 0.5755
vn -0.5759 -0.5760 -0.5801
vn -0.5791 -0.5786 0.5744
vn -0.5787 -0.5779 0.5755
vn -0.5769 -0.5764 -0.5787
vn -0.5786 -0.5779 0.5756
vn 0.5767 -0.5763 0.5790
vn -0.5780 -0.5770 0.5770
vn -0.5773 -0.5773 0.5774
vn 0.5769 -0.5765 0.5786
vn 0.5756 -0.5756 0.5809
vn -0.5766 -0.5766 0.5789
vn -0.5755 -0.5756 -0.5809
vn -0.5797 -0.5789 0.5735
vn -0.5795 -0.5786 0.5740
vn -0.5758 -0.5759 -0.5804
vn -0.5794 -0.5787 0.5740
vn -0.5800 -0.5797 0.5723
vn -0.5749 -0.5749 -0.5822
vn 0.5767 -0.5767 0.5787
vn 0.5764 -0.5764 -0.5793
vn -0.5760 -0.5757 0.5804
vn -0.5741 -0.5743 0.5835
vn -0.5808 -0.5804 -0.5709
vn 0.5798 -0.5784 -0.5739
vn -0.5794 -0.5779 0.5747
vn 0.5762 -0.5760 0.5798
vn 0.5772 -0.5768 0.5781
vn -0.5774 -0.5774 0.5773
vn -0.5766 -0.5762 -0.5793
vn -0.5777 -0.5772 -0.5772
vn -0.5777 -0.5772 0.5772
vn 0.5779 -0.5774 0.5768
vn -0.5780 -0.5776 0.5764
vn 0.5771 -0.5767 0.5783
vn -0.5772 -0.5768 -0.5780
vn -0.5771 -0.5768 -0.5782
vn -0.5781 -0.5777 0.5763
vn -0.5755 -0.5756 0.5809
vn -0.5763 -0.5759 -0.5798
vn -0.5794 -0.5783 0.5744
vn 0.5757 -0.5755 0.5808
vn -0.5767 -0.5763 -0.5790
vn -0.5760 -0.5758 -0.5802
vn -0.5792 -0.5785 0.5743
vn -0.5791 -0.5780 -0.5750
vn 0.5774 -0.5773 -0.5773
vn -0.5779 -0.5767 0.5775
vn 0.5773 -0.5774 -0.5773
vn -0.5789 -0.5769 0.5762
vn 0.5774 -0.5773 -0.5774
vn -0.5797 -0.5785 0.5739
vn 0.5764 -0.5764 0.5792
vn -0.5762 -0.5762 0.5796
vn 0.5776 -0.5776 0.5768
vn 0.5771 -0.5771 -0.5778
vn -0.5788 -0.5780 0.5752
vn -0.5803 -0.5783 -0.5734
vn 0.5773 -0.5774 -0.5774
vn -0.5803 -0.5782 0.5735
vn 0.5770 -0.5770 -0.5780
vn -0.5779 -0.5775 0.5766
vn 0.5765 -0.5765 0.5790
vn -0.5760 -0.5760 0.5800
vn 0.5773 -0.5774 0.5774
vn 0.5773 -0.5773 -0.5774
vn -0.5789 -0.5781 0.5751
vn -0.5774 -0.5773 0.5774
vn 0.5783 -0.5776 -0.5762
vn 0.5787 -0.5782 -0.5751
vn 0.5795 -0.5792 0.5733
vn -0.5769 -0.5765 0.5786
vn -0.5759 -0.5759 0.5802
vn -0.5786 -0.5778 -0.5757
vn 0.5764 -0.5762 -0.5795
vn 0.5790 -0.5780 0.5751
vn -0.5794 -0.5784 -0.5742
vn 0.5761 -0.5758 -0.5801
vn -0.5779 -0.5774 -0.5768
vn -0.5771 -0.5767 -0.5783
vn -0.5775 -0.5770 0.5776
vn -0.5784 -0.5776 0.5760
vn -0.5792 -0.5787 0.5741
vn -0.5783 -0.5777 0.5761
vn 0.5773 -0.5770 0.5778
vn 0.5758 -0.5758 -0.5804
vn 0.5780 -0.5776 -0.5764
vn 0.5788 -0.5780 -0.5753
vn -0.5787 -0.5781 0.5753
vn 0.5765 -0.5763 0.5792
vn -0.5764 -0.5762 -0.5795
vn -0.5800 -0.5788 0.5733
vn 0.5760 -0.5757 0.5803
vn -0.5757 -0.5755 -0.5808
vn 0.5793 -0.5787 -0.5741
vn -0.5768 -0.5764 -0.5788
vn 0.5787 -0.5781 -0.5753
vn -0.5764 -0.5761 0.5795
vn 0.5788 -0.5780 0.5752
vn 0.5794 -0.5787 0.5739
vn -0.5758 -0.5755 0.5807
vn -0.5792 -0.5786 -0.5743
vn 0.5760 -0.5757 -0.5804
vn -0.5794 -0.5789 -0.5737
vn 0.5784 -0.5779 -0.5758
vn 0.5785 -0.5779 0.5757
vn -0.5781 -0.5775 -0.5765
vn 0.5767 -0.5762 -0.5791
vn 0.5784 -0.5773 0.5763
vn -0.5793 -0.5782 -0.5746
vn 0.5767 -0.5764 -0.5790
vn 0.5769 -0.5765 -0.5787
vn -0.5764 -0.5760 0.5796
vn 0.5787 -0.5780 0.5754
vn -0.5761 -0.5758 0.5802
vn -0.5785 -0.5781 -0.5755
vn 0.5784 -0.5773 -0.5764
vn -0.5767 -0.5764 0.5790
vn 0.5776 -0.5768 0.5777
vn -0.5765 -0.5762 0.5794
vn 0.5780 -0.5775 0.5766
vn -0.5788 -0.5784 0.5749
vn 0.5768 -0.5763 0.5789
vn 0.5778 -0.5774 -0.5768
vn -0.5762 -0.5758 -0.5801
vn -0.5780 -0.5774 0.5766
vn 0.5774 -0.5770 0.5777
vn -0.5772 -0.5770 -0.5778
vn 0.5764 -0.5761 0.5795
vn 0.5789 -0.5786 -0.5745
vn 0.5774 -0.5769 0.5777
vn -0.5795 -0.5790 -0.5736
vn -0.5778 -0.5775 0.5767
vn 0.5788 -0.5786 -0.5747
vn -0.5787 -0.5782 -0.5752
vn -0.5765 -0.5763 0.5792
vn 0.5779 -0.5775 0.5766
vn -0.5772 -0.5769 -0.5779
vn -0.5794 -0.5785 0.5741
vn -0.5779 -0.5776 0.5765
vn 0.5787 -0.5771 0.5762
vn -0.5772 -0.5769 -0.5780
vn 0.5785 -0.5775 -0.5761
vn 0.5770 -0.5767 -0.5783
vn -0.5779 -0.5777 0.5765
vn 0.5779 -0.5763 0.5778
vn 0.5784 -0.5777 -0.5760
vn 0.5801 -0.5791 -0.5728
vn -0.5778 -0.5768 0.5775
vn 0.5781 -0.5778 0.5761
vn 0.5768 -0.5767 0.5786
vn -0.5751 -0.5753 0.5817
vn -0.5791 -0.5787 -0.5742
vn 0.5775 -0.5767 -0.5778
vn 0.5765 -0.5760 -0.5796
vn 0.5774 -0.5774 -0.5773
vn 0.5775 -0.5768 -0.5777
vn 0.5790 -0.5785 0.5745
vn 0.5785 -0.5780 -0.5755
vn 0.5760 -0.5760 -0.5800
vn 0.5778 -0.5773 0.5770
vn 0.5788 -0.5778 -0.5755
vn 0.5787 -0.5778 -0.5755
vn -0.5787 -0.5778 0.5756
vn -0.5776 -0.5772 -0.5772
vn 0.5778 -0.5770 -0.5773
vn 0.5798 -0.5777 -0.5745
vn 0.5786 -0.5781 0.5754
vn -0.5766 -0.5766 -0.5788
vn 0.5786 -0.5778 -0.5757
vn -0.5786 -0.5778 0.5757
vn 0.5784 -0.5780 0.5757
vn -0.5770 -0.5765 -0.5786
vn 0.5797 -0.5788 -0.5735
vn 0.5783 -0.5780 0.5757
vn -0.5784 -0.5780 -0.5757
vn 0.5790 -0.5781 -0.5749
vn 0.5766 -0.5766 -0.5788
vn 0.5766 -0.5766 -0.5789
vn -0.7071 0.7071 0.0037
vn -0.0000 0.7071 0.7071
vn -0.0000 0.7071 -0.7071
vn 0.7071 0.7071 -0.0034
vn -0.7071 0.7071 0.0058
vn 0.7071 0.7071 -0.0072
vn -0.7070 0.7071 -0.0090
vn -0.7071 0.7071 -0.0034
vn -0.7071 0.7071 -0.0000
vn -0.7071 0.7071 0.0042
vn -0.7071 0.7071 -0.0056
vn -0.7071 0.7071 -0.0009
vn -0.7071 0.7071 0.0009
vn 0.7071 0.7071 0.0047
vn 0.7071 0.7071 0.0049
vn 0.7071 0.7071 -0.0000
vn 0.7071 0.7071 0.0033
vn 0.7071 0.7071 -0.0057
vn 0.7071 0.7071 0.0038
vn 0.7071 0.7071 -0.0038
vn -0.7070 0.7071 0.0115
vn -0.0018 0.7071 0.7071
vn 0.0006 0.7071 0.7071
vn -0.7071 0.7071 -0.0015
vn -0.0006 0.7071 0.7071
vn -0.0006 0.7071 -0.7071
vn -0.7071 0.7071 -0.0017
vn -0.7071 0.7071 -0.0038
vn -0.0007 0.7071 -0.7071
vn -0.7071 0.7071 -0.0047
vn -0.0005 0.7071 -0.7071
vn -0.0004 0.7071 -0.7071
vn -0.0014 0.7071 0.7071
vn -0.0004 0.7071 0.7071
vn -0.0015 0.7071 0.7071
vn -0.0025 0.7071 -0.7071
vn -0.0009 0.7071 -0.7071
vn -0.0009 0.7071 0.7071
vn 0.7071 0.7071 0.0025
vn 0.7071 0.7071 0.0040
vn 0.7071 0.7071 -0.0044
vn 0.7071 0.7071 0.0028
vn 0.7071 0.7071 -0.0030
vn -0.7071 0.7071 0.0027
vn -0.7071 0.7071 -0.0036
vn -0.7071 0.7071 0.0050
vn -0.7071 0.7071 -0.0011
vn -0.7071 0.7071 -0.0058
vn -0.0026 0.7071 -0.7071
vn -0.0010 0.7071 -0.7071
vn 0.7071 0.7071 0.0017
vn 0.0008 0.7071 -0.7071
vn 0.0004 0.7071 0.7071
vn -0.7071 0.7071 -0.0051
vn -0.0005 0.7071 0.7071
vn -0.7071 0.7071 0.0026
vn -0.0013 0.7071 -0.7071
vn 0.0004 0.7071 -0.7071
vn -0.7071 0.7071 0.0052
vn -0.7071 0.7071 0.0007
vn -0.7071 0.7071 -0.0020
vn -0.0007 0.7071 0.7071
vn 0.0007 0.7071 -0.7071
vn 0.0003 0.7071 0.7071
vn -0.7071 0.7071 -0.0055
vn 0.0006 0.7071 -0.7071
vn 0.7071 0.7071 0.0055
vn 0.0010 0.7071 0.7071
vn 0.7071 0.7071 0.0015
vn -0.0008 0.7071 0.7071
vn -0.7071 0.7071 -0.0033
vn -0.0016 0.7071 0.7071
vn 0.7071 0.7071 0.0056
vn 0.0009 0.7071 -0.7071
vn 0.7071 0.7071 0.0035
vn 0.0009 0.7071 0.7071
vn 0.7071 0.7071 -0.0035
vn 0.0003 0.7071 -0.7071
vn -0.0008 0.7071 -0.7071
vn 0.7071 0.7071 -0.0058
vn -0.7071 0.7071 0.0064
vn 0.7071 0.7071 -0.0036
vn -0.0014 0.7071 -0.7071
vn -0.7071 0.7071 0.0044
vn 0.7071 0.7071 0.0011
vn 0.0005 0.7071 -0.7071
vn 0.7071 0.7071 -0.0012
vn -0.7071 0.7071 -0.0041
vn 0.7071 0.7071 0.0009
vn -0.0010 0.7071 0.7071
vn 0.0005 0.7071 0.7071
vn -0.7071 0.7071 -0.0035
vn -0.7071 0.7071 0.0066
vn -0.0011 0.7071 0.7071
vn -0.7071 0.7071 -0.0053
vn -0.7071 0.7071 -0.0013
vn -0.0003 0.7071 0.7071
vn 0.0012 0.7071 -0.7071
vn 0.0019 0.7071 0.7071
vn -0.0013 0.7071 0.7071
vn 0.0020 0.7071 0.7071
vn 0.7071 0.7071 -0.0020
vn 0.7071 0.7071 0.0022
vn 0.7071 0.7071 0.0076
vn 0.7071 0.7071 -0.0009
vn -0.7071 0.7071 0.0054
vn 0.0014 0.7071 -0.7071
vn 0.7071 0.7071 0.0031
vn 0.0011 0.7071 -0.7071
vn 0.7071 0.7071 -0.0050
vn 0.7071 0.7071 -0.0004
vn 0.0026 0.7071 -0.7071
vn 0.0026 0.7071 0.7071
vn 0.7071 0.7071 -0.0027
vn -0.7071 0.7071 -0.0027
vn 0.0010 0.7071 -0.7071
vn -0.7071 0.7071 -0.0026
vn 0.7071 0.7071 -0.0028
vn 0.7071 0.7071 -0.0026
vn -0.7071 0.7071 0.0041
vn 0.7071 0.7071 0.0063
vn 0.0007 0.7071 0.7071
vn 0.0018 0.7071 -0.7071
vn -0.0003 0.7071 -0.7071
vn 0.7071 0.7071 -0.0007
vn 0.7071 0.7071 0.0020
vn 0.7071 0.7071 0.0066
vn 0.7071 0.7071 0.0041
vn -0.0015 0.7071 -0.7071
vn -0.7071 0.7071 0.0020
vn -0.0019 0.7071 -0.7071
vn -0.0012 0.7071 0.7071
vn -0.7071 0.7071 -0.0043
vn -0.0025 0.7071 0.7071
vn -0.7071 0.7071 -0.0032
vn -0.7071 0.7071 -0.0029
vn -0.7071 0.7071 0.0017
vn -0.7071 0.7071 0.0033
vn -0.0026 0.7071 0.7071
vn -0.7071 0.7071 0.0039
vn -0.7071 0.7071 -0.0028
vn -0.7071 0.7071 0.0028
vn -0.7071 0.7071 -0.0065
vn 0.7071 0.7071 -0.0041
vn 0.7071 0.7071 -0.0053
vn 0.0012 0.7071 0.7071
vn -0.7071 0.7071 0.0012
vn 0.7071 0.7071 -0.0008
vn 0.7071 0.7071 0.0029
vn 0.0016 0.7071 -0.7071
vn 0.7071 0.7071 0.0032
vn -0.7071 0.7071 -0.0066
vn -0.7071 0.7071 0.0053
vn 0.0008 0.7071 0.7071
vn 0.7071 0.7071 -0.0062
vn 0.7071 0.7071 -0.0039
vn 0.0014 0.7071 0.7071
vn 0.7071 0.7071 -0.0032
vn 0.7071 0.7071 -0.0014
vn -0.7071 0.7071 0.0032
vn 0.7071 0.7071 0.0013
vn 0.7071 0.7071 -0.0011
vn -0.0020 0.7071 -0.7071
vn -0.7071 0.7071 -0.0014
vn -0.7071 0.7071 0.0025
vn 0.0013 0.7071 -0.7071
vn -0.7071 0.7071 0.0080
vn -0.7071 0.7071 -0.0001
vn 0.7071 0.7071 0.0026
vn 0.7071 0.7071 0.0065
vn -0.7071 0.7071 -0.0057
vn -0.7071 -0.7071 0.0037
vn -0.0000 -0.7071 0.7071
vn -0.0000 -0.7071 -0.7071
vn 0.7071 -0.7071 -0.0034
vn -0.7071 -0.7071 0.0058
vn 0.7071 -0.7071 -0.0072
vn -0.7070 -0.7071 -0.0090
vn -0.7071 -0.7071 -0.0034
vn -0.7071 -0.7071 -0.0000
vn -0.7071 -0.7071 0.0042
vn -0.7071 -0.7071 -0.0056
vn -0.7071 -0.7071 -0.0009
vn -0.7071 -0.7071 0.0009
vn 0.7071 -0.7071 0.0047
vn 0.7071 -0.7071 0.0049
vn 0.7071 -0.7071 -0.0000
vn 0.7071 -0.7071 0.0033
vn 0.7071 -0.7071 -0.0057
vn 0.7071 -0.7071 0.0038
vn 0.7071 -0.7071 -0.0038
vn -0.7070 -0.7071 0.0115
vn -0.0018 -0.7071 0.7071
vn 0.0006 -0.7071 0.7071
vn -0.7071 -0.7071 -0.0015
vn -0.0006 -0.7071 0.7071
vn -0.0006 -0.7071 -0.7071
vn -0.7071 -0.7071 -0.0017
vn -0.7071 -0.7071 -0.0038
vn -0.0007 -0.7071 -0.7071
vn -0.7071 -0.7071 -0.0047
vn -0.0005 -0.7071 -0.7071
vn -0.0004 -0.7071 -0.7071
vn -0.0014 -0.7071 0.7071
vn -0.0004 -0.7071 0.7071
vn -0.0015 -0.7071 0.7071
vn -0.0025 -0.7071 -0.7071
vn -0.0009 -0.7071 -0.7071
vn -0.0009 -0.7071 0.7071
vn 0.7071 -0.7071 0.0025
vn 0.7071 -0.7071 0.0040
vn 0.7071 -0.7071 -0.0044
vn 0.7071 -0.7071 0.0028
vn 0.7071 -0.7071 -0.0030
vn -0.7071 -0.7071 0.0027
vn -0.7071 -0.7071 -0.0036
vn -0.7071 -0.7071 0.0050
vn -0.7071 -0.7071 -0.0011
vn -0.7071 -0.7071 -0.0058
vn -0.0026 -0.7071 -0.7071
vn -0.0010 -0.7071 -0.7071
vn 0.7071 -0.7071 0.0017
vn 0.0008 -0.7071 -0.7071
vn 0.0004 -0.7071 0.7071
vn -0.7071 -0.7071 -0.0051
vn -0.0005 -0.7071 0.7071
vn -0.7071 -0.7071 0.0026
vn -0.0013 -0.7071 -0.7071
vn 0.0004 -0.7071 -0.7071
vn -0.7071 -0.7071 0.0052
vn -0.7071 -0.7071 0.0007
vn -0.7071 -0.7071 -0.0020
vn -0.0007 -0.7071 0.7071
vn 0.0007 -0.7071 -0.7071
vn 0.0003 -0.7071 0.7071
vn -0.7071 -0.7071 -0.0055
vn 0.0006 -0.7071 -0.7071
vn 0.7071 -0.7071 0.0055
vn 0.0010 -0.7071 0.7071
vn 0.7071 -0.7071 0.0015
vn -0.0008 -0.7071 0.7071
vn -0.7071 -0.7071 -0.0033
vn -0.0016 -0.7071 0.7071
vn 0.7071 -0.7071 0.0056
vn 0.0009 -0.7071 -0.7071
vn 0.7071 -0.7071 0.0035
vn 0.0009 -0.7071 0.7071
vn 0.7071 -0.7071 -0.0035
vn 0.0003 -0.7071 -0.7071
vn -0.0008 -0.7071 -0.7071
vn 0.7071 -0.7071 -0.0058
vn -0.7071 -0.7071 0.0064
vn 0.7071 -0.7071 -0.0036
vn -0.0014 -0.7071 -0.7071
vn -0.7071 -0.7071 0.0044
vn 0.7071 -0.7071 0.0011
vn 0.0005 -0.7071 -0.7071
vn 0.7071 -0.7071 -0.0012
vn -0.7071 -0.7071 -0.0041
vn 0.7071 -0.7071 0.0009
vn -0.0010 -0.7071 0.7071
vn 0.0005 -0.7071 0.7071
vn -0.7071 -0.7071 -0.0035
vn -0.7071 -0.7071 0.0066
vn -0.0011 -0.7071 0.7071
vn -0.7071 -0.7071 -0.0053
vn -0.7071 -0.7071 -0.0013
vn -0.0003 -0.7071 0.7071
vn 0.0012 -0.7071 -0.7071
vn 0.0019 -0.7071 0.7071
vn -0.0013 -0.7071 0.7071
vn 0.0020 -0.7071 0.7071
vn 0.7071 -0.7071 -0.0020
vn 0.7071 -0.7071 0.0022
vn 0.7071 -0.7071 0.0076
vn 0.7071 -0.7071 -0.0009
vn -0.7071 -0.7071 0.0054
vn 0.0014 -0.7071 -0.7071
vn 0.7071 -0.7071 0.0031
vn 0.0011 -0.7071 -0.7071
vn 0.7071 -0.7071 -0.0050
vn 0.7071 -0.7071 -0.0004
vn 0.0026 -0.7071 -0.7071
vn 0.0026 -0.7071 0.7071
vn 0.7071 -0.7071 -0.0027
vn -0.7071 -0.7071 -0.0027
vn 0.0010 -0.7071 -0.7071
vn -0.7071 -0.7071 -0.0026
vn 0.7071 -0.7071 -0.0028
vn 0.7071 -0.7071 -0.0026
vn -0.7071 -0.7071 0.0041
vn 0.7071 -0.7071 0.0063
vn 0.0007 -0.7071 0.7071
vn 0.0018 -0.7071 -0.7071
vn -0.0003 -0.7071 -0.7071
vn 0.7071 -0.7071 -0.0007
vn 0.7071 -0.7071 0.0020
vn 0.7071 -0.7071 0.0066
vn 0.7071 -0.7071 0.0041
vn -0.0015 -0.7071 -0.7071
vn -0.7071 -0.7071 0.0020
vn -0.0019 -0.7071 -0.7071
vn -0.0012 -0.7071 0.7071
vn -0.7071 -0.7071 -0.0043
vn -0.0025 -0.7071 0.7071
vn -0.7071 -0.7071 -0.0032
vn -0.7071 -0.7071 -0.0029
vn -0.7071 -0.7071 0.0017
vn -0.7071 -0.7071 0.0033
vn -0.0026 -0.7071 0.7071
vn -0.7071 -0.7071 0.0039
vn -0.7071 -0.7071 -0.0028
vn -0.7071 -0.7071 0.0028
vn -0.7071 -0.7071 -0.0065
vn 0.7071 -0.7071 -0.0041
vn 0.7071 -0.7071 -0.0053
vn 0.0012 -0.7071 0.7071
vn -0.7071 -0.7071 0.0012
vn 0.7071 -0.7071 -0.0008
vn 0.7071 -0.7071 0.0029
vn 0.0016 -0.7071 -0.7071
vn 0.7071 -0.7071 0.0032
vn -0.7071 -0.7071 -0.0066
vn -0.7071 -0.7071 0.0053
vn 0.0008 -0.7071 0.7071
vn 0.7071 -0.7071 -0.0062
vn 0.7071 -0.7071 -0.0039
vn 0.0014 -0.7071 0.7071
vn 0.7071 -0.7071 -0.0032
vn 0.7071 -0.7071 -0.0014
vn -0.7071 -0.7071 0.0032
vn 0.7071 -0.7071 0.0013
vn 0.7071 -0.7071 -0.0011
vn -0.0020 -0.7071 -0.7071
vn -0.7071 -0.7071 -0.0014
vn -0.7071 -0.7071 0.0025
vn 0.0013 -0.7071 -0.7071
vn -0.7071 -0.7071 0.0080
vn -0.7071 -0.7071 -0.0001
vn 0.7071 -0.7071 0.0026
vn 0.7071 -0.7071 0.0065
vn -0.7071 -0.7071 -0.0057
vn -0.7431 -0.0000 0.6692
vn 0.6531 -0.0000 0.7573
vn -0.6987 -0.0000 -0.7154
vn 0.6123 -0.0000 0.7907
vn 0.6138 -0.0000 -0.7894
vn -0.6537 -0.0000 -0.7567
vn 0.6118 -0.0000 -0.7910
vn 0.7435 -0.0000 -0.6687
vn -0.7008 -0.0000 -0.7133
vn -0.6526 -0.0000 -0.7577
vn -0.6152 -0.0000 -0.7884
vn -0.7448 -0.0000 -0.6673
vn -0.6161 -0.0000 -0.7876
vn -0.7448 -0.0000 0.6673
vn 0.7424 -0.0000 0.6699
vn 0.6555 -0.0000 0.7552
vn 0.6970 -0.0000 0.7171
vn 0.6156 -0.0000 0.7880
vn 0.6586 -0.0000 0.7525
vn 0.6967 -0.0000 0.7173
vn 0.7006 -0.0000 0.7135
vn 0.6535 -0.0000 -0.7569
vn 0.6589 -0.0000 -0.7523
vn 0.7210 -0.0000 -0.6929
vn 0.6192 -0.0000 -0.7852
vn 0.7438 -0.0000 0.6684
vn 0.7457 -0.0000 -0.6663
vn 0.7000 -0.0000 0.7141
vn 0.7429 -0.0000 0.6694
vn 0.7949 -0.0000 0.6067
vn 0.7931 -0.0000 0.6091
vn 0.6471 -0.0000 0.7624
vn 0.7607 -0.0000 0.6491
vn 0.6173 -0.0000 0.7868
vn 0.7036 -0.0000 -0.7106
vn -0.6171 -0.0000 -0.7869
vn -0.6137 -0.0000 -0.7895
vn -0.6157 -0.0000 -0.7880
vn -0.6183 -0.0000 -0.7859
vn -0.6981 -0.0000 -0.7160
vn -0.6790 0.2652 -0.6846
vn -0.6987 -0.0000 0.7154
vn 0.6182 -0.0000 -0.7860
vn -0.6156 -0.0000 -0.7880
vn 0.6839 -0.0000 0.7295
vn 0.6555 -0.0000 -0.7552
vn 0.7467 -0.0000 0.6652
vn 0.6583 -0.0000 0.7527
vn 0.6551 -0.0000 -0.7555
vn 0.6560 -0.0000 0.7548
vn 0.6972 -0.0000 0.7169
vn 0.6571 -0.0000 -0.7538
vn 0.8017 -0.0000 -0.5977
vn 0.6534 -0.0000 0.7571
vn 0.7467 -0.0000 -0.6651
vn -0.6538 -0.0000 -0.7567
vn -0.6856 -0.0000 0.7280
vn 0.7623 -0.0000 -0.6473
vn -0.7002 -0.0000 0.7140
vn -0.8029 -0.0000 -0.5961
vn -0.7583 -0.0000 0.6519
vn 0.7635 -0.0000 0.6458
vn 0.7419 -0.0000 -0.6705
vn -0.6549 -0.0000 0.7557
vn 0.6576 -0.0000 0.7534
vn -0.6930 0.1980 -0.6932
vn 0.6174 -0.0000 -0.7867
vn -0.6970 -0.0000 -0.7170
vn -0.8026 -0.0000 0.5965
vn -0.7443 -0.0000 -0.6679
vn 0.7467 -0.0000 -0.6652
vn 0.7612 -0.0000 -0.6486
vn 0.6980 -0.0000 0.7161
vn 0.7454 -0.0000 -0.6666
vn 0.7591 -0.0000 -0.6509
vn 0.7004 -0.0000 0.7137
vn 0.6981 -0.0000 -0.7160
vn 0.7014 -0.0000 -0.7127
vn 0.6959 -0.0000 0.7181
vn 0.6833 -0.0000 -0.7301
vn -0.7913 -0.0000 -0.6114
vn -0.6180 -0.0000 0.7862
vn -0.6545 -0.0000 0.7561
vn -0.7616 -0.0000 -0.6481
vn -0.6991 -0.0000 -0.7150
vn -0.7459 -0.0000 -0.6660
vn -0.6974 -0.0000 0.7167
vn -0.6200 -0.0000 -0.7846
vn 0.6948 -0.0000 0.7192
vn -0.6546 -0.0000 0.7560
vn -0.6996 -0.0000 -0.7146
vn -0.7004 -0.0000 -0.7138
vn -0.7432 -0.0000 0.6691
vn 0.7613 -0.0000 0.6484
vn -0.6172 -0.0000 0.7868
vn -0.6528 -0.0000 -0.7575
vn -0.7013 -0.0000 0.7129
vn -0.7620 -0.0000 0.6476
vn -0.6471 -0.0000 -0.7624
vn -0.7001 -0.0000 0.7140
vn 0.6538 -0.0000 0.7567
vn -0.7607 -0.0000 0.6491
vn -0.6555 -0.0000 0.7552
vn -0.6555 -0.0000 -0.7552
vn 0.6473 -0.0000 0.7622
vn 0.6121 -0.0000 0.7907
vn -0.6141 -0.0000 0.7892
vn -0.7577 -0.0000 -0.6525
vn -0.6192 -0.0000 0.7853
vn -0.6516 -0.0000 0.7585
vn -0.6959 -0.0000 -0.7182
vn -0.6586 -0.0000 0.7525
vn -0.6126 -0.0000 -0.7904
vn -0.7490 -0.0000 0.6626
vn -0.7566 -0.0000 -0.6538
vn 0.7595 -0.0000 0.6505
vn 0.6537 -0.0000 -0.7568
vn -0.6125 -0.0000 0.7905
vn -0.7555 -0.0000 0.6552
vn -0.7045 -0.0000 -0.7097
vn 0.7474 -0.0000 -0.6644
vn -0.6575 -0.0000 0.7534
vn 0.6963 -0.0000 0.7178
vn 0.8006 -0.0000 0.5992
vn -0.6156 -0.0000 0.7880
vn -0.6535 -0.0000 -0.7569
vn 0.6559 -0.0000 0.7549
vn -0.7614 -0.0000 0.6483
vn 0.6146 -0.0000 0.7889
vn -0.6979 -0.0000 -0.7162
vn 0.6997 -0.0000 -0.7145
vn -0.7599 -0.0000 -0.6500
vn -0.7615 -0.0000 0.6482
vn -0.7417 -0.0000 0.6707
vn -0.6530 -0.0000 -0.7573
vn -0.6580 -0.0000 0.7530
vn 0.7417 -0.0000 0.6708
vn -0.7432 -0.0000 -0.6690
vn 0.7422 -0.0000 0.6702
vn -0.6959 -0.0000 -0.7181
vn -0.6184 -0.0000 0.7859
vn 0.7448 -0.0000 0.6673
vn -0.7005 -0.0000 -0.7136
vn 0.6987 -0.0000 -0.7154
vn -0.6152 -0.0000 0.7884
vn 0.7607 -0.0000 -0.6491
vn -0.6991 -0.0000 0.7150
vn 0.6987 -0.0000 0.7154
vn -0.7015 -0.0000 0.7127
vn 0.6537 -0.0000 0.7568
vn -0.6533 -0.0000 0.7571
vn 0.6161 -0.0000 0.7877
vn -0.6839 -0.0000 0.7295
vn 0.6982 -0.0000 -0.7159
vn -0.7231 -0.0000 0.6908
vn 0.6986 -0.0000 0.7155
vn -0.6188 -0.0000 -0.7855
vn 0.6839 -0.0000 -0.7295
vn -0.7016 -0.0000 0.7126
vn -0.5934 0.1545 0.7900
vn 0.7036 -0.0000 0.7106
vn -0.6460 -0.0000 0.7633
vn 0.6486 -0.0000 0.7611
vn -0.7051 -0.0000 0.7091
vn 0.6156 -0.0000 -0.7880
vn -0.7232 -0.0000 0.6907
vn 0.7324 -0.0000 0.6809
vn -0.7037 -0.0000 0.7105
vn 0.7456 -0.0000 -0.6664
vn 0.7624 -0.0000 -0.6471
vn 0.7023 -0.0000 0.7119
vn -0.8414 -0.0000 0.5405
vn -0.6960 -0.0000 0.7180
vn -0.7000 -0.0000 -0.7141
vn 0.6966 -0.0000 -0.7174
vn 0.6574 -0.0000 0.7535
vn -0.6583 -0.0000 -0.7528
vn 0.6960 -0.0000 -0.7180
vn -0.6559 -0.0000 -0.7549
vn -0.7598 -0.0000 -0.6502
vn -0.6153 -0.0000 0.7883
vn -0.6850 -0.0000 0.7286
vn -0.6146 -0.0000 -0.7889
vn -0.7432 -0.0000 -0.6691
vn -0.6167 -0.0000 0.7872
vn 0.6550 -0.0000 0.7557
vn 0.6525 -0.0000 -0.7578
vn 0.8019 -0.0000 -0.5975
vn 0.7622 -0.0000 -0.6473
vn 0.6979 -0.0000 0.7162
vn -0.7003 -0.0000 0.7138
vn 0.7431 -0.0000 0.6691
vn -0.6533 -0.0000 -0.7571
vn -0.7084 -0.0000 0.7058
vn 0.6958 -0.0000 0.7182
vn -0.6520 -0.0000 -0.7582
vn 0.6585 -0.0000 -0.7526
vn -0.6645 -0.0000 -0.7473
vn 0.8435 -0.0000 -0.5372
vn -0.6966 -0.0000 0.7175
vn 0.6175 -0.0000 0.7865
vn -0.8401 -0.0000 0.5425
vn -0.7631 -0.0000 -0.6463
vn -0.6541 -0.0000 0.7564
vn -0.7636 -0.0000 -0.6457
vn 0.6500 -0.0000 -0.7599
vn -0.6846 -0.0000 -0.7290
vn 0.6845 -0.0000 0.7290
vn -0.7468 -0.0000 -0.6650
vn 0.8000 -0.0000 -0.6000
vn 0.7201 -0.0000 -0.6939
vn -0.6965 -0.0000 0.7176
vn 0.7003 -0.0000 0.7139
vn -0.7422 -0.0000 0.6701
vn -0.7463 -0.0000 -0.6656
vn 0.7453 -0.0000 -0.6668
vn -0.7046 -0.2590 -0.6606
vn -0.7433 -0.0000 0.6690
vn 0.6391 -0.2159 0.7382
vn -0.6535 -0.0000 0.7569
vn 0.6493 -0.0000 0.7605
vn -0.7072 -0.0000 0.7071
vn 0.6538 -0.0000 0.7566
vn 0.4624 -0.0000 -0.8867
vn -0.7423 -0.0000 -0.6701
vn -0.7453 -0.0000 0.6668
vn 0.7927 -0.0000 0.6096
vn -0.7004 -0.0000 0.7137
vn 0.6534 -0.0000 0.7570
vn 0.6183 -0.0000 -0.7859
vn 0.7927 -0.0000 0.6097
vn 0.7448 -0.0000 -0.6673
vn -0.6590 -0.0000 -0.7521
vn 0.7010 -0.0000 -0.7131
vn -0.7069 -0.0000 -0.7073
vn -0.7590 -0.0000 0.6511
vn -0.7442 -0.0000 -0.6680
vn -0.6185 -0.0000 0.7858
vn -0.7454 -0.0000 0.6666
vn 0.7453 -0.0000 0.6667
vn -0.6979 -0.0000 -0.7161
vn 0.6166 -0.0000 -0.7873
vn 0.6545 -0.0000 -0.7561
vn -0.6563 -0.0000 0.7545
vn 0.6978 -0.0000 0.7163
vn 0.7458 -0.0000 -0.6662
vn 0.7641 -0.0000 -0.6451
vn -0.7444 -0.0000 0.6678
vn 0.6566 -0.0000 0.7542
vn -0.7571 -0.0000 0.6533
vn 0.7594 -0.0000 0.6506
vn -0.7014 -0.0000 -0.7127
vn 0.7925 -0.0000 -0.6099
vn 0.6965 -0.0000 -0.7176
vn 0.7931 -0.0000 -0.6091
vn 0.6582 -0.0000 0.7529
vn -0.6972 -0.0000 -0.7168
vn 0.6173 -0.0000 -0.7867
vn 0.6529 -0.0000 -0.7574
vn 0.6842 -0.0000 0.7293
vn 0.6502 -0.0000 -0.7598
vn 0.6856 -0.0000 -0.7279
vn 0.6172 -0.0000 -0.7868
vn -0.7619 -0.0000 0.6477
vn -0.6486 -0.0000 -0.7611
vn 0.7212 -0.0000 -0.6928
vn 0.7007 -0.0000 -0.7135
vn 0.6175 -0.0000 0.7866
vn -0.6472 -0.0000 -0.7623
vn 0.6569 -0.0000 -0.7540
vn -0.6170 -0.0000 0.7869
vn 0.6854 -0.0000 0.7282
vn -0.6826 -0.0000 -0.7308
vn 0.6192 -0.0000 -0.7853
vn 0.6570 -0.0000 0.7539
vn -0.6570 -0.0000 -0.7539
vn 0.5586 -0.0000 -0.8295
vn 0.6987 -0.0000 -0.7155
vn 0.6541 -0.0000 -0.7564
vn 0.6972 -0.0000 -0.7168
vt 0.000000 0.948971
vt 0.000000 0.998981
vt 0.000000 0.479439
vt 0.000000 0.530544
vt 0.653330 0.531570
vt 0.999263 0.531570
vt 1.000000 0.052131
vt 1.000000 0.001026
vt 1.000000 0.001026
vt 0.000736 0.159471
vt 0.027047 0.159471
vt 0.027047 0.159471
vt 0.000741 0.212628
vt 0.026359 0.212628
vt 0.026359 0.212628
vt 0.000741 0.212628
vt 0.000740 0.318942
vt 0.044871 0.318942
vt 0.775352 0.212628
vt 0.653327 0.212628
vt 0.000740 0.372099
vt 0.166688 0.372099
vt 0.166688 0.372099
vt 0.889647 0.424230
vt 0.889647 0.373125
vt 0.000740 0.106314
vt 0.045930 0.106314
vt 0.125378 0.000000
vt 0.000741 0.000000
vt 0.000741 0.000000
vt 0.125378 0.000000
vt 0.999264 0.425256
vt 0.889647 0.425256
vt 0.999263 0.372099
vt 0.890384 0.372099
vt 0.999263 0.372099
vt 0.999260 0.318942
vt 0.806870 0.318942
vt 0.000736 0.265785
vt 0.045700 0.265785
vt 0.807323 0.477387
vt 0.807323 0.426282
vt 0.652593 0.372099
vt 0.770332 0.372099
vt 0.000739 0.425256
vt 0.075608 0.425256
vt 0.652593 0.530544
vt 0.652593 0.479439
vt 0.652593 0.479439
vt 0.149187 0.531570
vt 0.000740 0.531570
vt 0.000741 0.635665
vt 0.025021 0.635666
vt 0.025021 0.635666
vt 0.000741 0.635666
vt 0.000741 0.687713
vt 0.148174 0.687713
vt 0.148174 0.687713
vt 0.000741 0.739761
vt 0.171781 0.739761
vt 0.000741 0.739761
vt 0.000738 0.791809
vt 0.065613 0.791809
vt 0.000741 0.843857
vt 0.064871 0.843857
vt 0.064871 0.843857
vt 0.000739 0.895904
vt 0.142554 0.895904
vt 0.000740 0.947952
vt 0.084902 0.947952
vt 0.000740 0.947952
vt 0.000741 0.478413
vt 0.074816 0.478413
vt 0.074816 0.478413
vt 0.000741 0.478413
vt 0.651851 0.531570
vt 0.488934 0.531570
vt 0.415698 0.478413
vt 0.544616 0.478413
vt 0.651852 0.372099
vt 0.502460 0.372099
vt 0.651852 0.372099
vt 0.652593 0.264759
vt 0.652593 0.213654
vt 0.652593 0.213654
vt 0.652593 0.265785
vt 0.550788 0.265785
vt 0.999266 0.265785
vt 0.929763 0.265785
vt 0.999263 0.212628
vt 0.930500 0.212628
vt 0.930500 0.212628
vt 0.999261 0.159471
vt 0.858356 0.159471
vt 0.999261 0.159471
vt 0.430626 0.372099
vt 0.501723 0.372099
vt 0.429885 0.372099
vt 0.245446 0.372099
vt 0.245446 0.372099
vt 0.414959 0.478413
vt 0.308386 0.478413
vt 0.415698 0.531570
vt 0.220964 0.531570
vt 0.488193 0.583618
vt 0.303942 0.583618
vt 0.303942 0.583618
vt 0.651851 0.583618
vt 0.542392 0.583618
vt 0.651861 0.687713
vt 0.626939 0.687713
vt 0.485027 0.738742
vt 0.485027 0.688732
vt 0.485027 0.688732
vt 0.485027 0.738742
vt 0.626201 0.635665
vt 0.541650 0.635666
vt 0.626201 0.635665
vt 0.220443 0.687713
vt 0.411620 0.687713
vt 0.287810 0.318942
vt 0.501474 0.318942
vt 0.244965 0.318942
vt 0.286340 0.318942
vt 0.286340 0.318942
vt 0.287635 0.265785
vt 0.412384 0.265785
vt 0.508176 0.212628
vt 0.652593 0.212628
vt 0.999260 0.106314
vt 0.859096 0.106314
vt 0.577357 0.159471
vt 0.774525 0.159471
vt 0.999263 0.053157
vt 0.753352 0.053157
vt 0.753352 0.053157
vt 0.576618 0.106314
vt 0.750964 0.106314
vt 0.265342 0.212628
vt 0.413124 0.212628
vt 0.265342 0.212628
vt 0.324352 0.159471
vt 0.506440 0.159471
vt 0.323612 0.158445
vt 0.323612 0.107340
vt 0.323612 0.158445
vt 0.175419 0.212628
vt 0.263863 0.212628
vt 0.082728 0.106314
vt 0.289246 0.106314
vt 0.323612 0.106314
vt 0.477845 0.106314
vt 0.290555 0.053157
vt 0.343297 0.053157
vt 0.652593 0.052131
vt 0.652593 0.001026
vt 0.149187 0.478413
vt 0.307645 0.478413
vt 0.302465 0.583618
vt 0.220223 0.583618
vt 0.302465 0.583618
vt 0.485027 0.739761
vt 0.345051 0.739761
vt 0.651851 0.739761
vt 0.534687 0.739761
vt 0.534687 0.739761
vt 0.343569 0.739761
vt 0.220443 0.739761
vt 0.280070 0.791809
vt 0.171781 0.791809
vt 0.344081 0.791809
vt 0.281547 0.791809
vt 0.651852 0.791809
vt 0.533946 0.791809
vt 0.651852 0.791809
vt 0.651851 0.843857
vt 0.595045 0.843857
vt 0.593563 0.843857
vt 0.460258 0.843857
vt 0.651851 0.635666
vt 0.627680 0.635666
vt 0.651853 0.895904
vt 0.594304 0.895904
vt 0.404493 0.895904
vt 0.341473 0.895904
vt 0.340735 0.946933
vt 0.340735 0.896923
vt 0.340735 0.896923
vt 0.340735 0.946933
vt 0.279903 0.947952
vt 0.142554 0.947952
vt 0.340735 0.947952
vt 0.281381 0.947952
vt 0.459833 1.000000
vt 0.651851 1.000000
vt 0.651851 1.000000
vt 0.344772 0.052131
vt 0.479537 0.052134
vt 0.651852 0.052131
vt 0.651852 0.001026
vt 0.344773 0.001026
vt 0.653328 0.479439
vt 0.653329 0.530544
vt 0.999263 0.530544
vt 0.999264 0.479439
vt 0.807324 0.479436
vt 0.416436 0.530545
vt 0.488197 0.530549
vt 0.651852 0.530545
vt 0.651853 0.479438
vt 0.545355 0.479434
vt 0.416437 0.479438
vt 0.000741 0.948971
vt 0.000741 0.998981
vt 0.084160 0.998981
vt 0.084160 0.948971
vt 0.000741 0.054183
vt 0.000740 0.105288
vt 0.045931 0.105288
vt 0.046019 0.054183
vt 0.000738 0.107339
vt 0.000737 0.158447
vt 0.027050 0.158452
vt 0.082130 0.158446
vt 0.081993 0.107339
vt 0.046669 0.107333
vt 0.000733 0.213652
vt 0.000736 0.264760
vt 0.045704 0.264765
vt 0.174678 0.264759
vt 0.174678 0.213653
vt 0.027110 0.213647
vt 0.413864 0.264760
vt 0.550047 0.264764
vt 0.651854 0.264760
vt 0.651853 0.213653
vt 0.507439 0.213649
vt 0.413863 0.213653
vt 0.000741 0.266811
vt 0.000740 0.317916
vt 0.044872 0.317916
vt 0.044957 0.266811
vt 0.653328 0.213653
vt 0.653328 0.264759
vt 0.807578 0.264764
vt 0.929028 0.264759
vt 0.929028 0.213653
vt 0.775354 0.213649
vt 0.752457 0.105288
vt 0.858367 0.105292
vt 0.999262 0.105288
vt 0.999263 0.054183
vt 0.753334 0.054183
vt 0.653329 0.001026
vt 0.653327 0.052131
vt 0.752617 0.052134
vt 0.999263 0.052131
vt 0.999263 0.001026
vt 0.309125 0.477388
vt 0.415699 0.477392
vt 0.544617 0.477388
vt 0.544617 0.426281
vt 0.430625 0.426276
vt 0.309125 0.426281
vt 0.808060 0.477387
vt 0.999263 0.477387
vt 0.999264 0.426281
vt 0.889648 0.426278
vt 0.808058 0.426281
vt 0.890384 0.424230
vt 0.999263 0.424230
vt 0.999263 0.373125
vt 0.890384 0.373125
vt 0.000740 0.160497
vt 0.000741 0.211602
vt 0.026358 0.211602
vt 0.026308 0.160497
vt 0.149924 0.530545
vt 0.220228 0.530549
vt 0.414958 0.530545
vt 0.414959 0.479438
vt 0.308383 0.479434
vt 0.149926 0.479438
vt 0.546095 0.477388
vt 0.652590 0.477392
vt 0.806587 0.477387
vt 0.806587 0.426281
vt 0.652590 0.426276
vt 0.546095 0.426281
vt 0.000734 0.319967
vt 0.000739 0.371074
vt 0.166679 0.371078
vt 0.244699 0.371074
vt 0.244235 0.319967
vt 0.045620 0.319963
vt 0.000741 0.426282
vt 0.000741 0.477387
vt 0.074817 0.477387
vt 0.074865 0.426282
vt 0.653328 0.373124
vt 0.653328 0.424231
vt 0.807320 0.424235
vt 0.888913 0.424231
vt 0.888912 0.373124
vt 0.771067 0.373120
vt 0.503179 0.371074
vt 0.652564 0.371078
vt 0.770314 0.371073
vt 0.769501 0.319967
vt 0.549000 0.319963
vt 0.502227 0.319967
vt 0.000741 0.584637
vt 0.000741 0.634646
vt 0.025021 0.634646
vt 0.025021 0.584637
vt 0.000735 0.636683
vt 0.000740 0.686695
vt 0.148174 0.686694
vt 0.148175 0.636684
vt 0.025768 0.636679
vt 0.000740 0.688732
vt 0.000741 0.738742
vt 0.171774 0.738748
vt 0.219707 0.738743
vt 0.219706 0.688732
vt 0.148913 0.688727
vt 0.000741 0.740780
vt 0.000739 0.790790
vt 0.065614 0.790794
vt 0.171041 0.790790
vt 0.171040 0.740780
vt 0.000741 0.792828
vt 0.000741 0.842838
vt 0.064871 0.842838
vt 0.064871 0.792828
vt 0.000736 0.844875
vt 0.000738 0.894886
vt 0.142555 0.894891
vt 0.340731 0.894890
vt 0.403760 0.894886
vt 0.403927 0.844875
vt 0.280807 0.844870
vt 0.065618 0.844871
vt 0.000741 0.373125
vt 0.000740 0.424231
vt 0.075608 0.424234
vt 0.165948 0.424230
vt 0.165948 0.373125
vt 0.000739 0.532588
vt 0.000731 0.582600
vt 0.025775 0.582605
vt 0.219483 0.582599
vt 0.219485 0.532589
vt 0.149184 0.532584
vt 0.246175 0.371074
vt 0.430606 0.371078
vt 0.501703 0.371074
vt 0.500754 0.319967
vt 0.287091 0.319963
vt 0.245707 0.319967
vt 0.542391 0.634647
vt 0.626935 0.634652
vt 0.651856 0.634648
vt 0.651852 0.584636
vt 0.542391 0.584637
vt 0.221182 0.738742
vt 0.344311 0.738747
vt 0.484288 0.738742
vt 0.484290 0.688732
vt 0.412355 0.688727
vt 0.221183 0.688732
vt 0.287821 0.317917
vt 0.501484 0.317921
vt 0.548257 0.317917
vt 0.549290 0.266810
vt 0.413109 0.266806
vt 0.288364 0.266810
vt 0.771785 0.371074
vt 0.889639 0.371078
vt 0.999264 0.371074
vt 0.999262 0.319967
vt 0.806893 0.319962
vt 0.770971 0.319967
vt 0.807622 0.317916
vt 0.999262 0.317916
vt 0.999264 0.266810
vt 0.929757 0.266807
vt 0.808303 0.266811
vt 0.930500 0.264759
vt 0.999263 0.264759
vt 0.999263 0.213654
vt 0.930500 0.213654
vt 0.508155 0.211603
vt 0.652564 0.211607
vt 0.774601 0.211603
vt 0.773803 0.160497
vt 0.576645 0.160492
vt 0.507196 0.160496
vt 0.176158 0.264760
vt 0.287635 0.264764
vt 0.412384 0.264760
vt 0.412384 0.213653
vt 0.264604 0.213649
vt 0.176157 0.213653
vt 0.220961 0.582599
vt 0.303206 0.582603
vt 0.487453 0.582599
vt 0.487455 0.532589
vt 0.415693 0.532584
vt 0.220963 0.532589
vt 0.303791 0.634647
vt 0.412362 0.634651
vt 0.540911 0.634647
vt 0.540914 0.584636
vt 0.488186 0.584632
vt 0.303939 0.584636
vt 0.076296 0.477388
vt 0.149190 0.477393
vt 0.307645 0.477387
vt 0.307645 0.426281
vt 0.166690 0.426276
vt 0.076345 0.426281
vt 0.627680 0.686694
vt 0.651851 0.686694
vt 0.651851 0.636685
vt 0.627680 0.636685
vt 0.534687 0.790790
vt 0.651851 0.790790
vt 0.651851 0.740780
vt 0.534687 0.740780
vt 0.344826 0.790790
vt 0.460257 0.790795
vt 0.533208 0.790791
vt 0.533209 0.740779
vt 0.485022 0.740775
vt 0.345046 0.740780
vt 0.027838 0.211603
vt 0.175410 0.211607
vt 0.263852 0.211603
vt 0.263290 0.160496
vt 0.082881 0.160492
vt 0.027784 0.160496
vt 0.431365 0.424231
vt 0.545355 0.424235
vt 0.651853 0.424231
vt 0.651852 0.373124
vt 0.502463 0.373120
vt 0.431364 0.373124
vt 0.026501 0.634647
vt 0.148917 0.634651
vt 0.302313 0.634647
vt 0.302461 0.584636
vt 0.220218 0.584632
vt 0.026502 0.584636
vt 0.265329 0.211603
vt 0.413106 0.211607
vt 0.506678 0.211603
vt 0.505721 0.160496
vt 0.323631 0.160492
vt 0.264765 0.160496
vt 0.549730 0.317916
vt 0.770228 0.317921
vt 0.806153 0.317917
vt 0.806831 0.266810
vt 0.652567 0.266806
vt 0.550767 0.266810
vt 0.776073 0.211603
vt 0.929754 0.211607
vt 0.999265 0.211603
vt 0.999263 0.160496
vt 0.858369 0.160492
vt 0.775277 0.160496
vt 0.046352 0.317916
vt 0.244964 0.317922
vt 0.286348 0.317917
vt 0.286887 0.266810
vt 0.175412 0.266806
vt 0.046438 0.266810
vt 0.859096 0.158445
vt 0.999260 0.158445
vt 0.999260 0.107340
vt 0.859096 0.107340
vt 0.290729 0.105289
vt 0.323633 0.105294
vt 0.477863 0.105288
vt 0.478778 0.054182
vt 0.344023 0.054177
vt 0.291280 0.054182
vt 0.577357 0.158445
vt 0.774520 0.158450
vt 0.857620 0.158446
vt 0.857620 0.107339
vt 0.751701 0.107335
vt 0.577357 0.107340
vt 0.479341 0.105289
vt 0.576643 0.105293
vt 0.750983 0.105288
vt 0.751862 0.054182
vt 0.652563 0.054178
vt 0.480257 0.054182
vt 0.047403 0.105289
vt 0.082743 0.105294
vt 0.289256 0.105288
vt 0.289804 0.054183
vt 0.126117 0.054177
vt 0.047496 0.054182
vt 0.324351 0.158445
vt 0.506436 0.158450
vt 0.575882 0.158446
vt 0.575881 0.107339
vt 0.478584 0.107335
vt 0.324351 0.107340
vt 0.126860 0.052131
vt 0.290552 0.052135
vt 0.343295 0.052132
vt 0.343293 0.001026
vt 0.126860 0.001026
vt 0.083608 0.158445
vt 0.264014 0.158451
vt 0.322879 0.158446
vt 0.322882 0.107339
vt 0.289973 0.107334
vt 0.083470 0.107340
vt 0.281549 0.842838
vt 0.404664 0.842843
vt 0.459520 0.842838
vt 0.459519 0.792827
vt 0.344084 0.792823
vt 0.281548 0.792827
vt 0.459832 0.998981
vt 0.651852 0.998981
vt 0.651852 0.948971
vt 0.530681 0.948968
vt 0.459831 0.948971
vt 0.167428 0.424231
vt 0.308384 0.424235
vt 0.429886 0.424230
vt 0.429886 0.373124
vt 0.245451 0.373120
vt 0.167426 0.373124
vt 0.413099 0.686695
vt 0.485030 0.686699
vt 0.626199 0.686695
vt 0.626200 0.636684
vt 0.541648 0.636680
vt 0.413100 0.636684
vt 0.172520 0.790790
vt 0.280807 0.790795
vt 0.343347 0.790790
vt 0.343566 0.740780
vt 0.220447 0.740775
vt 0.172519 0.740779
vt 0.460998 0.842838
vt 0.594300 0.842843
vt 0.651855 0.842838
vt 0.651853 0.792828
vt 0.533948 0.792823
vt 0.460997 0.792828
vt 0.149653 0.686695
vt 0.220448 0.686699
vt 0.411621 0.686694
vt 0.411622 0.636684
vt 0.303047 0.636680
vt 0.149655 0.636684
vt 0.405236 0.894886
vt 0.530677 0.894890
vt 0.593565 0.894886
vt 0.593564 0.844875
vt 0.460262 0.844871
vt 0.405402 0.844875
vt 0.066353 0.842838
vt 0.280068 0.842838
vt 0.280069 0.792828
vt 0.171781 0.792824
vt 0.066353 0.792828
vt 0.595045 0.894885
vt 0.651851 0.894885
vt 0.651851 0.844876
vt 0.595045 0.844876
vt 0.531421 0.946933
vt 0.651852 0.946933
vt 0.651853 0.896923
vt 0.594304 0.896919
vt 0.531420 0.896923
vt 0.341475 0.946934
vt 0.459089 0.946938
vt 0.529941 0.946934
vt 0.529940 0.896923
vt 0.404496 0.896918
vt 0.341473 0.896923
vt 0.485765 0.738743
vt 0.533949 0.738747
vt 0.651853 0.738743
vt 0.651859 0.688731
vt 0.626930 0.688726
vt 0.485767 0.688732
vt 0.000741 0.896923
vt 0.000740 0.946934
vt 0.084901 0.946937
vt 0.141815 0.946934
vt 0.141814 0.896923
vt 0.143295 0.946933
vt 0.280641 0.946937
vt 0.339997 0.946934
vt 0.339995 0.896923
vt 0.143295 0.896923
vt 0.281384 0.998981
vt 0.458351 0.998981
vt 0.458351 0.948971
vt 0.340737 0.948967
vt 0.281382 0.948971
vt 0.488931 0.582599
vt 0.541652 0.582603
vt 0.651852 0.582599
vt 0.651851 0.532589
vt 0.488933 0.532589
vt 0.085642 0.998981
vt 0.279902 0.998981
vt 0.279902 0.948971
vt 0.142557 0.948967
vt 0.085640 0.948971
vt 0.000740 0.479438
vt 0.000741 0.530544
vt 0.148446 0.530544
vt 0.148447 0.479438
vt 0.075557 0.479435
vt 0.000741 0.001026
vt 0.125378 0.001026
vt 0.125379 0.052132
vt 0.046763 0.052136
vt 0.000739 0.052132
vt 0.999263 0.052131
vt 0.752617 0.052134
vt 0.653327 0.052131
vt 0.084160 0.998981
vt 0.651852 0.001026
vt 0.651852 0.052131
vt 0.479537 0.052134
vt 0.530681 0.948968
vt 0.651852 0.948971
vt 0.651852 0.998981
vt 0.652593 0.001026
vt 0.652593 0.052131
vt 0.652593 0.052131
vt 0.999264 0.479439
vt 0.999263 0.530544
vt 0.807323 0.478413
vt 0.653327 0.478413
vt 0.075557 0.479435
vt 0.148446 0.530544
vt 0.488193 0.531570
vt 0.651852 0.531570
vt 1.000000 0.530544
vt 1.000000 0.479439
vt 1.000000 0.530544
vt 0.074865 0.426282
vt 0.075608 0.424234
vt 0.000734 0.319967
vt 0.045620 0.319963
vt 0.244235 0.319967
vt 0.244699 0.371074
vt 0.166679 0.371078
vt 0.000739 0.371074
vt 0.000740 0.317916
vt 0.027110 0.213647
vt 0.174678 0.213653
vt 0.174678 0.264759
vt 0.000741 0.211602
vt 0.046669 0.107333
vt 0.027050 0.158452
vt 0.000737 0.158447
vt 0.046019 0.054183
vt 0.045931 0.105288
vt 0.000740 0.105288
vt 0.000741 1.000000
vt 0.084160 1.000000
vt 0.084160 1.000000
vt 0.000741 1.000000
vt 0.753334 0.054183
vt 0.999262 0.105288
vt 0.858367 0.105292
vt 0.859096 0.107340
vt 0.999260 0.107340
vt 0.999260 0.158445
vt 0.775277 0.160496
vt 0.858369 0.160492
vt 0.999263 0.160496
vt 0.929754 0.211607
vt 0.930500 0.213654
vt 0.999263 0.213654
vt 0.999263 0.264759
vt 0.808303 0.266811
vt 0.929757 0.266807
vt 0.999264 0.266810
vt 0.770971 0.319967
vt 0.806893 0.319962
vt 0.999262 0.319967
vt 0.999264 0.371074
vt 0.889639 0.371078
vt 0.999263 0.424230
vt 0.808058 0.426281
vt 0.889648 0.426278
vt 0.999264 0.426282
vt 0.653325 0.053157
vt 0.752614 0.053157
vt 0.806884 0.317916
vt 0.807566 0.266811
vt 0.888912 0.373124
vt 0.888913 0.424231
vt 0.807320 0.424235
vt 0.653328 0.424231
vt 0.545356 0.478413
vt 0.416438 0.478413
vt 0.775354 0.213649
vt 0.929028 0.213654
vt 0.929028 0.264759
vt 0.807578 0.264764
vt 0.653328 0.264760
vt 0.544617 0.425256
vt 0.430626 0.425256
vt 0.652593 0.582599
vt 0.652593 0.532589
vt 0.653329 0.425256
vt 0.807323 0.425256
vt 0.769483 0.318942
vt 0.548970 0.318942
vt 0.652593 0.053157
vt 0.480276 0.053157
vt 0.431363 0.372099
vt 0.431363 0.372099
vt 0.999264 0.053157
vt 0.999264 0.053157
vt 0.651853 0.212628
vt 0.507436 0.212628
vt 0.550049 0.265785
vt 0.651854 0.265785
vt 0.500734 0.318942
vt 0.287071 0.318942
vt 0.500734 0.318942
vt 0.545356 0.426282
vt 0.545356 0.477387
vt 0.545356 0.477387
vt 0.545356 0.426282
vt 0.503200 0.372099
vt 0.546095 0.478413
vt 0.652593 0.478413
vt 1.000000 0.105288
vt 1.000000 0.054183
vt 0.081991 0.106314
vt 0.046669 0.106314
vt 0.000000 0.054183
vt 0.000000 0.105288
vt 0.000000 0.107340
vt 0.000000 0.158445
vt 0.045612 0.317916
vt 0.045698 0.266811
vt 0.000000 0.213654
vt 0.000000 0.264759
vt 0.000000 0.266811
vt 0.000000 0.317916
vt 0.000000 0.319968
vt 0.000000 0.371073
vt 0.148448 0.478413
vt 0.075558 0.478413
vt 0.488933 0.532589
vt 0.651852 0.532589
vt 0.651852 0.582599
vt 0.651852 0.584636
vt 0.651856 0.634648
vt 0.626935 0.634652
vt 0.627680 0.686694
vt 0.627680 0.636685
vt 0.651851 0.686694
vt 0.485767 0.688732
vt 0.626930 0.688726
vt 0.651859 0.688731
vt 0.651853 0.738743
vt 0.533949 0.738747
vt 0.534687 0.740780
vt 0.651851 0.740780
vt 0.651851 0.790790
vt 0.460997 0.792827
vt 0.533948 0.792823
vt 0.651853 0.792827
vt 0.651855 0.842838
vt 0.595045 0.844876
vt 0.651851 0.894885
vt 0.531420 0.896923
vt 0.594304 0.896919
vt 0.651853 0.896923
vt 0.651852 0.946934
vt 0.651851 0.000000
vt 0.344774 0.000000
vt 0.141814 0.896923
vt 0.000740 0.946934
vt 0.000736 0.844875
vt 0.065618 0.844871
vt 0.280807 0.844870
vt 0.403927 0.844875
vt 0.403760 0.894886
vt 0.340731 0.894890
vt 0.142555 0.894891
vt 0.000738 0.894886
vt 0.064871 0.792828
vt 0.064871 0.842838
vt 0.000741 0.842838
vt 0.171041 0.790790
vt 0.148913 0.688727
vt 0.171774 0.738748
vt 0.000741 0.738742
vt 0.025768 0.636679
vt 0.148175 0.636684
vt 0.148174 0.686694
vt 0.000740 0.686695
vt 0.025021 0.584637
vt 0.025762 0.583618
vt 0.219482 0.583618
vt 0.025021 0.583618
vt 0.000741 0.583618
vt 0.000741 0.583618
vt 0.000000 0.584637
vt 0.000000 0.634646
vt 0.000000 0.634646
vt 0.000000 0.584637
vt 0.000000 0.636685
vt 0.000000 0.686694
vt 0.000000 0.688732
vt 0.000000 0.738742
vt 0.000000 0.738742
vt 0.000000 0.740780
vt 0.000000 0.790790
vt 0.000000 0.792828
vt 0.000000 0.842837
vt 0.084902 0.998981
vt 0.084902 0.948971
vt 0.084902 0.998981
vt 0.808060 0.478413
vt 0.999263 0.478413
vt 1.000000 0.477387
vt 1.000000 0.426282
vt 0.771067 0.372099
vt 0.653328 0.372099
vt 0.807323 0.426282
vt 0.807323 0.477387
vt 0.807323 0.477387
vt 0.807323 0.426282
vt 0.046671 0.105288
vt 0.046760 0.054183
vt 0.808058 0.425256
vt 0.808058 0.425256
vt 0.652593 0.425256
vt 0.546095 0.425256
vt 0.488193 0.532589
vt 0.488193 0.582599
vt 0.488193 0.582599
vt 0.488193 0.532589
vt 0.309125 0.478413
vt 0.541650 0.583618
vt 0.651852 0.583618
vt 0.541650 0.583618
vt 0.416437 0.479438
vt 0.651852 0.530545
vt 0.220223 0.531570
vt 0.414957 0.531570
vt 0.416435 0.531570
vt 0.430626 0.373125
vt 0.430626 0.424230
vt 0.149927 0.478413
vt 0.502205 0.318942
vt 0.167428 0.425256
vt 0.308386 0.425256
vt 0.413124 0.213654
vt 0.413124 0.264759
vt 0.506460 0.160497
vt 0.507417 0.211602
vt 0.507417 0.211602
vt 0.506460 0.160497
vt 0.413124 0.265785
vt 0.288375 0.265785
vt 0.652592 0.373125
vt 0.652593 0.424230
vt 0.888912 0.372099
vt 0.888912 0.372099
vt 0.888914 0.425256
vt 0.888914 0.425256
vt 1.000000 0.424230
vt 1.000000 0.373125
vt 0.550028 0.266811
vt 0.548991 0.317916
vt 0.770239 0.319968
vt 0.771050 0.371073
vt 1.000000 0.317916
vt 1.000000 0.266811
vt 1.000000 0.371073
vt 1.000000 0.319968
vt 1.000000 0.371073
vt 0.775261 0.159471
vt 0.774540 0.160497
vt 0.775337 0.211602
vt 0.775337 0.211602
vt 0.858356 0.107340
vt 0.858356 0.158445
vt 0.807579 0.265785
vt 0.929028 0.265785
vt 0.929029 0.265785
vt 0.287624 0.266811
vt 0.287082 0.317916
vt 0.287082 0.317916
vt 0.413864 0.265785
vt 0.220223 0.582599
vt 0.220223 0.532589
vt 0.220223 0.532589
vt 0.220223 0.582599
vt 0.246187 0.372099
vt 0.246187 0.372099
vt 0.166689 0.424230
vt 0.166688 0.373125
vt 0.165947 0.372099
vt 0.000741 0.372099
vt 0.000741 0.372099
vt 0.165947 0.372099
vt 0.309125 0.425256
vt 0.309125 0.425256
vt 0.219485 0.532588
vt 0.219483 0.582599
vt 0.025775 0.582605
vt 0.000731 0.582600
vt 0.219486 0.531570
vt 0.488930 0.583618
vt 0.303199 0.584637
vt 0.303052 0.634646
vt 0.303052 0.634647
vt 0.220960 0.583618
vt 0.303202 0.583618
vt 0.308386 0.426282
vt 0.308386 0.477387
vt 0.412361 0.635666
vt 0.540911 0.635665
vt 0.540911 0.635666
vt 0.303788 0.635666
vt 0.412361 0.635666
vt 0.541650 0.634646
vt 0.541650 0.584637
vt 0.626939 0.635666
vt 0.651857 0.635665
vt 0.651857 0.635666
vt 0.487452 0.583618
vt 0.533946 0.739761
vt 0.651852 0.739761
vt 0.484291 0.687713
vt 0.412361 0.687713
vt 0.484291 0.687713
vt 0.344310 0.739761
vt 0.484288 0.739761
vt 0.344305 0.740780
vt 0.344086 0.790790
vt 0.344086 0.790790
vt 0.286896 0.265785
vt 0.175419 0.265785
vt 0.221183 0.687713
vt 0.412361 0.636685
vt 0.412361 0.686694
vt 0.221182 0.739761
vt 0.303049 0.635666
vt 0.149656 0.635666
vt 0.303049 0.635666
vt 0.542391 0.635666
vt 0.148916 0.687713
vt 0.000740 0.687713
vt 0.219705 0.687713
vt 0.219705 0.687713
vt 0.929028 0.212628
vt 0.413862 0.212628
vt 0.244974 0.319968
vt 0.245437 0.371073
vt 0.045611 0.318942
vt 0.000732 0.318942
vt 0.244225 0.318942
vt 0.174678 0.265785
vt 0.175419 0.264759
vt 0.175419 0.213654
vt 0.175419 0.213654
vt 0.264029 0.160497
vt 0.264590 0.211602
vt 0.264029 0.160497
vt 0.264601 0.212628
vt 0.176157 0.212628
vt 0.576618 0.107340
vt 0.576618 0.158445
vt 0.576618 0.107340
vt 0.413863 0.213653
vt 0.507438 0.213649
vt 0.651853 0.213653
vt 0.651854 0.264760
vt 0.550047 0.264764
vt 0.412384 0.212628
vt 0.412384 0.212628
vt 1.000000 0.211602
vt 1.000000 0.160497
vt 1.000000 0.160497
vt 1.000000 0.264759
vt 1.000000 0.213654
vt 1.000000 0.213654
vt 0.859096 0.159471
vt 0.999260 0.159471
vt 0.479321 0.106314
vt 0.245695 0.318942
vt 0.505701 0.159471
vt 0.323612 0.159471
vt 0.751703 0.106314
vt 0.577357 0.106314
vt 0.752597 0.054183
vt 0.751720 0.105288
vt 0.501493 0.319968
vt 0.502441 0.371073
vt 0.479518 0.054183
vt 0.478603 0.105288
vt 0.770953 0.318942
vt 0.770953 0.318942
vt 0.478585 0.106314
vt 0.324351 0.106314
vt 0.929763 0.264759
vt 0.929763 0.213654
vt 0.323612 0.158445
vt 0.323612 0.107340
vt 0.576618 0.159471
vt 0.507175 0.159471
vt 0.478796 0.053157
vt 0.344033 0.053157
vt 0.857620 0.106314
vt 0.857619 0.106314
vt 0.083611 0.159471
vt 0.264018 0.159471
vt 0.322884 0.106314
vt 0.289985 0.106314
vt 0.289996 0.105288
vt 0.290544 0.054183
vt 0.083468 0.106314
vt 0.083468 0.106314
vt 0.027100 0.212628
vt 0.000731 0.212628
vt 0.027099 0.211602
vt 0.027048 0.160497
vt 0.027048 0.160497
vt 0.027099 0.211602
vt 0.026307 0.159471
vt 0.000740 0.159471
vt 0.000738 0.053157
vt 0.046761 0.053157
vt 0.082133 0.159471
vt 0.125379 0.053157
vt 0.125379 0.053157
vt 0.344821 0.791809
vt 0.460259 0.791809
vt 0.344821 0.791809
vt 0.082731 0.107340
vt 0.082869 0.158445
vt 0.126119 0.052131
vt 0.126119 0.001026
vt 0.291292 0.053157
vt 0.999263 0.000000
vt 0.653330 0.000000
vt 0.999263 0.000000
vt 0.289815 0.053157
vt 0.126119 0.053157
vt 0.264752 0.159471
vt 0.344033 0.001026
vt 0.344033 0.052131
vt 0.075607 0.426282
vt 0.075558 0.477387
vt 0.075607 0.426282
vt 0.000727 0.583618
vt 0.000727 0.583618
vt 0.074866 0.425256
vt 0.000741 0.425256
vt 0.074866 0.425256
vt 0.025762 0.635666
vt 0.000732 0.635666
vt 0.000732 0.635666
vt 0.025762 0.634646
vt 0.025762 0.584637
vt 0.148175 0.635665
vt 0.221183 0.688732
vt 0.412355 0.688727
vt 0.344311 0.738747
vt 0.533207 0.791809
vt 0.220443 0.688732
vt 0.220443 0.738742
vt 0.220443 0.738742
vt 0.220443 0.688732
vt 0.533946 0.790790
vt 0.533946 0.740780
vt 0.533946 0.740780
vt 0.533946 0.790790
vt 0.172521 0.791809
vt 0.280809 0.791809
vt 0.280809 0.791809
vt 0.172521 0.791809
vt 0.171781 0.790790
vt 0.171781 0.740780
vt 0.280809 0.842838
vt 0.280809 0.792828
vt 0.171040 0.739761
vt 0.000741 0.739761
vt 0.065613 0.843857
vt 0.000735 0.843857
vt 0.000735 0.843857
vt 0.065613 0.842838
vt 0.065613 0.792828
vt 0.064871 0.791809
vt 0.000741 0.791809
vt 0.534687 0.791809
vt 0.651851 0.791809
vt 0.651851 0.791809
vt 0.534687 0.791809
vt 0.404497 0.894885
vt 0.404664 0.844876
vt 0.404497 0.894885
vt 0.403930 0.843857
vt 0.280809 0.843857
vt 0.594304 0.843857
vt 0.651856 0.843857
vt 0.651856 0.843857
vt 0.460258 0.842838
vt 0.460259 0.792828
vt 0.460258 0.842838
vt 0.343343 0.791809
vt 0.343343 0.791809
vt 0.530680 0.895904
vt 0.593566 0.895904
vt 0.593566 0.895904
vt 0.594304 0.844876
vt 0.594304 0.894885
vt 0.594304 0.894885
vt 0.595045 0.895904
vt 0.651851 0.895904
vt 0.530680 0.896924
vt 0.530680 0.946933
vt 0.460999 0.843857
vt 0.404668 0.843857
vt 0.459521 0.843857
vt 0.626939 0.686694
vt 0.626939 0.636685
vt 0.626939 0.636685
vt 0.652593 0.790790
vt 0.652592 0.740780
vt 0.652593 0.740780
vt 0.652592 0.790790
vt 0.485764 0.739761
vt 0.000000 0.896924
vt 0.000000 0.946933
vt 0.405234 0.895904
vt 0.340735 0.895904
vt 0.403758 0.895904
vt 0.459092 0.947952
vt 0.529942 0.947952
vt 0.459092 0.998981
vt 0.459092 0.948971
vt 0.459092 0.948971
vt 0.341475 0.947952
vt 0.142554 0.946933
vt 0.142554 0.896923
vt 0.142554 0.896923
vt 0.280643 0.998981
vt 0.280643 0.948971
vt 0.141813 0.895904
vt 0.000741 0.895904
vt 0.084902 0.948971
vt 0.084902 0.998981
vt 0.415698 0.479439
vt 0.415698 0.530544
vt 0.415698 0.479439
vt 0.141816 0.947952
vt 0.143295 0.947952
vt 0.280643 0.947952
vt 0.459092 0.948971
vt 0.459092 0.998981
vt 0.459092 0.998981
vt 0.459092 0.948971
vt 0.000741 0.001026
vt 0.000739 0.052132
vt 0.340735 0.896923
vt 0.340735 0.946933
vt 0.340735 0.946933
vt 0.340735 0.896924
vt 0.000741 0.531570
vt 0.148446 0.531570
vt 0.000741 0.531570
vt 0.339998 0.947952
vt 0.339998 0.947952
vt 0.000000 0.426282
vt 0.000000 0.477387
vt 0.000000 0.477387
vt 0.652593 0.634646
vt 0.652593 0.584637
vt 0.652593 0.584637
vt 0.415698 0.530544
vt 0.415698 0.479439
vt 0.149187 0.530544
vt 0.149187 0.479439
vt 0.149187 0.479439
vt 0.000000 0.532589
vt 0.000000 0.582599
vt 0.220223 0.532589
vt 0.220223 0.582599
vt 0.652593 0.998981
vt 0.652593 0.948971
vt 0.652593 0.998981
vt 0.478603 0.105288
vt 0.479518 0.054183
vt 0.545356 0.426282
vt 0.549709 0.318942
vt 0.770223 0.318942
vt 0.806884 0.317916
vt 0.808315 0.265785
vt 0.808315 0.265785
vt 0.549000 0.319963
vt 0.769501 0.319967
vt 0.889647 0.424230
vt 0.889647 0.424230
vt 0.889647 0.372099
vt 0.999265 0.372099
vt 0.806587 0.425256
vt 0.890384 0.425256
vt 0.999263 0.425256
vt 0.999263 0.425256
vt 0.806141 0.318942
vt 0.806141 0.318942
vt 0.544617 0.426281
vt 0.544617 0.477388
vt 0.415699 0.477392
vt 0.502441 0.371073
vt 0.501493 0.319968
vt 0.651854 0.478413
vt 0.771050 0.371073
vt 0.770239 0.319968
vt 0.653328 0.265785
vt 0.508155 0.211603
vt 0.507196 0.160496
vt 0.773802 0.160497
vt 0.774600 0.211602
vt 0.652564 0.211607
vt 0.806844 0.265785
vt 0.550767 0.266810
vt 0.806831 0.266810
vt 0.806153 0.317917
vt 0.548238 0.318942
vt 0.548238 0.318942
vt 0.431364 0.373124
vt 0.651853 0.424231
vt 0.545355 0.424235
vt 0.652590 0.426276
vt 0.806587 0.426281
vt 0.806587 0.477387
vt 0.652590 0.477393
vt 0.545356 0.425256
vt 0.651853 0.425256
vt 0.545356 0.425256
vt 1.000000 0.158445
vt 1.000000 0.107340
vt 1.000000 0.107340
vt 1.000000 0.158445
vt 0.480257 0.054182
vt 0.652563 0.054178
vt 0.751862 0.054182
vt 0.576643 0.105293
vt 0.245707 0.319967
vt 0.287091 0.319963
vt 0.500754 0.319967
vt 0.430606 0.371078
vt 0.774617 0.212628
vt 0.288364 0.266810
vt 0.413109 0.266806
vt 0.549290 0.266810
vt 0.548257 0.317917
vt 0.501484 0.317921
vt 0.652593 0.424230
vt 0.652592 0.373125
vt 0.929763 0.212628
vt 0.999267 0.212628
vt 0.857621 0.159471
vt 0.776089 0.212628
vt 0.549310 0.265785
vt 0.549310 0.265785
vt 0.999264 0.478413
vt 0.806587 0.478413
vt 0.479536 0.053157
vt 0.651853 0.053157
vt 0.000738 0.106314
vt 0.046760 0.054183
vt 0.046671 0.105288
vt 0.046671 0.105288
vt 0.126860 0.053157
vt 0.046020 0.053157
vt 0.000741 0.053157
vt 0.126117 0.054177
vt 0.289804 0.054183
vt 0.289256 0.105288
vt 0.174678 0.212628
vt 0.047399 0.106314
vt 0.047499 0.053157
vt 0.047499 0.053157
vt 0.044959 0.265785
vt 0.000741 0.265785
vt 0.027784 0.160496
vt 0.082881 0.160492
vt 0.263290 0.160496
vt 0.263852 0.211603
vt 0.000000 0.160497
vt 0.000000 0.211602
vt 0.175419 0.213654
vt 0.175419 0.264759
vt 0.175419 0.264759
vt 0.046440 0.265785
vt 0.046440 0.265785
vt 0.244709 0.372099
vt 0.046438 0.266810
vt 0.286887 0.266810
vt 0.286348 0.317917
vt 0.244964 0.317921
vt 0.165949 0.425256
vt 0.165949 0.425256
vt 0.075608 0.425256
vt 0.166689 0.425256
vt 0.076346 0.425256
vt 0.076295 0.478413
vt 0.076295 0.478413
vt 0.000739 0.478413
vt 0.000739 0.478413
vt 0.166688 0.373125
vt 0.166688 0.424230
vt 0.025762 0.584637
vt 0.025762 0.584637
vt 0.000000 0.373125
vt 0.000000 0.424230
vt 0.149923 0.531570
vt 0.431365 0.425256
vt 0.220218 0.584632
vt 0.302461 0.584636
vt 0.148917 0.634651
vt 0.344305 0.740780
vt 0.344305 0.740780
vt 0.148916 0.686694
vt 0.148916 0.636685
vt 0.148916 0.636685
vt 0.148916 0.686694
vt 0.148916 0.636685
vt 0.219708 0.739761
vt 0.149653 0.686695
vt 0.149655 0.636684
vt 0.303047 0.636680
vt 0.411621 0.686695
vt 0.220448 0.686699
vt 0.287082 0.317916
vt 0.171041 0.791809
vt 0.172519 0.740779
vt 0.220447 0.740775
vt 0.343566 0.740780
vt 0.343347 0.790790
vt 0.066352 0.791809
vt 0.066353 0.792828
vt 0.171781 0.792824
vt 0.280068 0.842838
vt 0.066354 0.843857
vt 0.280068 0.843857
vt 0.280809 0.792828
vt 0.280809 0.842838
vt 0.280809 0.842838
vt 0.084160 0.947952
vt 0.000741 0.947952
vt 0.000741 0.947952
vt 0.084160 0.947952
vt 0.280641 0.946937
vt 0.085638 0.947952
vt 0.000000 0.844876
vt 0.000000 0.894885
vt 0.085640 0.948971
vt 0.142557 0.948967
vt 0.279902 0.998981
vt 0.280643 0.998981
vt 0.771802 0.372099
vt 0.308383 0.479434
vt 0.220228 0.530549
vt 0.487456 0.531570
vt 0.220963 0.532589
vt 0.415693 0.532584
vt 0.487455 0.532589
vt 0.487453 0.582599
vt 0.308386 0.477387
vt 0.308386 0.426282
vt 0.308386 0.426282
vt 0.540915 0.583618
vt 0.540915 0.583618
vt 0.488186 0.584632
vt 0.540914 0.584636
vt 0.540911 0.634647
vt 0.412362 0.634651
vt 0.652592 0.686694
vt 0.652593 0.636685
vt 0.413101 0.635666
vt 0.488193 0.582599
vt 0.488193 0.532589
vt 0.076345 0.426281
vt 0.307646 0.426281
vt 0.307645 0.477387
vt 0.149190 0.477393
vt 0.307646 0.425256
vt 0.245451 0.373120
vt 0.429886 0.373124
vt 0.308384 0.424235
vt 0.430626 0.424230
vt 0.430626 0.373125
vt 0.429887 0.425256
vt 0.807610 0.318942
vt 0.999260 0.318942
vt 0.807610 0.318942
vt 0.176157 0.213653
vt 0.412384 0.213653
vt 0.412384 0.264759
vt 0.287635 0.264764
vt 0.506698 0.212628
vt 0.264765 0.160496
vt 0.323631 0.160492
vt 0.505721 0.160496
vt 0.858356 0.106314
vt 0.999262 0.106314
vt 0.548991 0.317916
vt 0.550028 0.266811
vt 0.929763 0.264759
vt 0.775337 0.211602
vt 0.774541 0.160497
vt 0.774541 0.160497
vt 0.930500 0.265785
vt 0.999263 0.265785
vt 0.577357 0.107340
vt 0.751701 0.107335
vt 0.857620 0.158446
vt 0.774520 0.158450
vt 0.773785 0.159471
vt 0.576618 0.158445
vt 0.576618 0.107340
vt 0.576618 0.107340
vt 0.576618 0.158445
vt 0.046350 0.318942
vt 0.167425 0.372099
vt 0.176158 0.265785
vt 0.244974 0.319968
vt 0.245437 0.371073
vt 0.026503 0.583618
vt 0.303199 0.584637
vt 0.148916 0.635666
vt 0.302309 0.635666
vt 0.412361 0.686694
vt 0.412361 0.636685
vt 0.412361 0.636685
vt 0.412361 0.686694
vt 0.413099 0.686695
vt 0.413100 0.636684
vt 0.541648 0.636680
vt 0.626200 0.636684
vt 0.626199 0.686695
vt 0.485030 0.686699
vt 0.026501 0.635666
vt 0.541650 0.584637
vt 0.541650 0.634646
vt 0.541650 0.584637
vt 0.533210 0.739761
vt 0.652593 0.738742
vt 0.652593 0.688732
vt 0.652593 0.738742
vt 0.627680 0.687713
vt 0.651851 0.687713
vt 0.345046 0.740780
vt 0.485022 0.740775
vt 0.533209 0.740779
vt 0.533208 0.790791
vt 0.460257 0.790795
vt 0.652593 0.842838
vt 0.652593 0.792828
vt 0.652593 0.792828
vt 0.652593 0.842838
vt 0.460997 0.791809
vt 0.460997 0.791809
vt 0.485768 0.687713
vt 0.485768 0.687713
vt 0.485027 0.687713
vt 0.626199 0.687713
vt 0.413098 0.687713
vt 0.651852 0.947952
vt 0.530680 0.947952
vt 0.172517 0.739761
vt 0.172517 0.739761
vt 0.149652 0.687713
vt 0.459518 0.791809
vt 0.220443 0.738742
vt 0.411622 0.635666
vt 0.045698 0.266811
vt 0.045612 0.317916
vt 0.045698 0.266811
vt 0.027841 0.212628
vt 0.575883 0.159471
vt 0.263279 0.159471
vt 0.082872 0.159471
vt 0.324351 0.107340
vt 0.478584 0.107334
vt 0.575882 0.107339
vt 0.575882 0.158446
vt 0.575881 0.106314
vt 0.575881 0.106314
vt 0.507417 0.211602
vt 0.506460 0.160497
vt 0.507417 0.211602
vt 0.752440 0.106314
vt 0.858356 0.158445
vt 0.858356 0.107340
vt 0.858356 0.107340
vt 0.751881 0.053157
vt 0.751720 0.105288
vt 0.752597 0.054183
vt 0.291280 0.054182
vt 0.344023 0.054177
vt 0.478778 0.054182
vt 0.477863 0.105288
vt 0.323633 0.105294
vt 0.344772 0.053157
vt 0.264590 0.211602
vt 0.264029 0.160497
vt 0.083470 0.107340
vt 0.289973 0.107334
vt 0.322882 0.107339
vt 0.322879 0.158446
vt 0.264014 0.158451
vt 0.027781 0.159471
vt 0.290716 0.106314
vt 0.322878 0.159471
vt 0.322878 0.159471
vt 0.082731 0.107340
vt 0.082731 0.107340
vt 0.027048 0.160497
vt 0.027099 0.211602
vt 0.126119 0.001026
vt 0.126119 0.052131
vt 0.126860 0.001026
vt 0.343295 0.052132
vt 0.343291 0.000000
vt 0.126861 0.000000
vt 0.290544 0.054183
vt 0.289996 0.105288
vt 0.344033 0.052131
vt 0.344033 0.001026
vt 0.281548 0.792827
vt 0.344084 0.792823
vt 0.459519 0.792828
vt 0.171781 0.740780
vt 0.171781 0.790790
vt 0.531420 0.895904
vt 0.533946 0.740780
vt 0.533946 0.790790
vt 0.652593 0.894885
vt 0.652593 0.844876
vt 0.065613 0.792828
vt 0.065613 0.842838
vt 0.065613 0.842838
vt 0.065613 0.792828
vt 0.281549 0.843857
vt 0.405405 0.843857
vt 0.405405 0.843857
vt 0.405402 0.844875
vt 0.460262 0.844871
vt 0.593564 0.844875
vt 0.593565 0.894886
vt 0.530677 0.894890
vt 0.626939 0.686694
vt 0.460259 0.792828
vt 0.652593 0.946933
vt 0.652593 0.896924
vt 0.652592 0.896924
vt 0.529940 0.895904
vt 0.531421 0.947952
vt 0.651851 0.947952
vt 0.594304 0.894885
vt 0.594304 0.844876
vt 0.594304 0.844876
vt 0.341473 0.896923
vt 0.404496 0.896918
vt 0.529941 0.946934
vt 0.459089 0.946938
vt 0.339994 0.895905
vt 0.143295 0.895904
vt 0.143295 0.895904
vt 0.339994 0.895905
vt 0.404664 0.844876
vt 0.459830 0.947952
vt 0.530680 0.896923
vt 0.458351 0.947952
vt 0.281382 0.948971
vt 0.340737 0.948967
vt 0.458351 0.948971
vt 0.652593 0.479439
vt 0.652593 0.530544
vt 0.142554 0.896924
vt 0.142554 0.896924
vt 0.085643 1.000000
vt 0.279902 1.000000
vt 0.279902 1.000000
vt 0.281385 1.000000
vt 0.458350 1.000000
vt 0.281385 1.000000
vt 0.000000 0.001026
vt 0.000000 0.052131
s 0
usemtl comic
f 3103/1416/117 2408/1417/117 3599/1417/117 4293/1416/117
f 3039/1418/118 2417/1419/118 3608/1419/118 4229/1418/118
f 2854/1420/119 2420/1421/119 3611/1421/119 4043/1420/119
f 3393/1422/120 2405/1423/120 3596/1424/120 4583/1422/120
f 2445/1425/121 2987/1426/121 4176/1427/121 3634/1425/121
f 2442/1428/119 2994/1429/119 4184/1430/119 3631/1431/119
f 2436/1432/119 3010/1433/119 4200/1433/119 3625/1432/119
f 2945/1434/122 2908/1435/122 4099/1435/122 4136/1434/122
f 2433/1436/123 3019/1437/123 4208/1438/123 3622/1436/123
f 3111/1439/124 2886/1440/124 4077/1440/124 4301/1439/124
f 2448/1441/119 2981/1442/119 4172/1442/119 3637/1441/119
f 3456/1443/125 2402/1444/125 3593/1445/125 4646/1446/125
f 2475/1447/126 3110/1448/126 4299/1448/126 3664/1447/126
f 2472/1449/125 2888/1450/125 4078/1450/125 3661/1451/125
f 2469/1452/127 2874/1453/127 4065/1453/127 3658/1452/127
f 2439/1454/128 3005/1455/128 4196/1455/128 3628/1454/128
f 2568/1456/129 2564/1457/129 3755/1457/129 3757/1456/129
f 2928/1458/130 2554/1459/130 3745/1459/130 4117/1458/130
f 2430/1460/131 3027/1461/131 4216/1461/131 3619/1460/131
f 2424/1462/132 2500/1463/132 3690/1464/132 3613/1462/132
f 2862/1465/133 2864/1466/133 4055/1466/133 4051/1465/133
f 2547/1467/119 3050/1468/119 4240/1469/119 3736/1470/119
f 2544/1471/119 3058/1472/119 4248/1473/119 3733/1471/119
f 2541/1474/134 3067/1475/134 4256/1475/134 3730/1476/134
f 2538/1477/135 3075/1478/135 4264/1478/135 3727/1477/135
f 2535/1479/119 3082/1480/119 4272/1481/119 3724/1479/119
f 2532/1482/134 3091/1483/134 4280/1483/134 3721/1482/134
f 2529/1484/136 3101/1485/136 4292/1485/136 3718/1486/136
f 2427/1487/119 3037/1488/119 4228/1489/119 3616/1490/119
f 2857/1491/125 3128/1492/125 4319/1492/125 4046/1491/125
f 3124/1493/137 2483/1494/137 3674/1494/137 4313/1493/137
f 2496/1495/138 2937/1496/138 4128/1496/138 3685/1497/138
f 2918/1498/139 2911/1499/139 4102/1500/139 4107/1498/139
f 2491/1501/122 3170/1502/122 4361/1502/122 3680/1501/122
f 2466/1503/140 3195/1504/140 4384/1504/140 3655/1503/140
f 2463/1505/125 3199/1506/125 4389/1507/125 3652/1505/125
f 2460/1508/141 3208/1509/141 4399/1509/141 3649/1510/141
f 3166/1511/142 2486/1512/142 3677/1512/142 4355/1511/142
f 2587/1513/127 2620/1514/127 3811/1515/127 3776/1513/127
f 2571/1516/143 3150/1517/143 4341/1517/143 3760/1516/143
f 2573/1518/144 2632/1519/144 3822/1519/144 3762/1518/144
f 2575/1520/133 3256/1521/133 4447/1522/133 3764/1520/133
f 2505/1523/125 2643/1524/125 3833/1524/125 3694/1523/125
f 2511/1525/145 3299/1526/145 4490/1526/145 3700/1525/145
f 3298/1527/146 3308/1528/146 4499/1529/146 4487/1530/146
f 3281/1531/147 2646/1532/147 3837/1532/147 4470/1533/147
f 2655/1534/148 2660/1535/148 3851/1535/148 3844/1534/148
f 3223/1536/149 2492/1537/149 3683/1537/149 4412/1536/149
f 2619/1538/150 2667/1539/150 3857/1540/150 3808/1538/150
f 2670/1541/151 2592/1542/151 3783/1542/151 3861/1541/151
f 3181/1543/123 2488/1544/123 3679/1544/123 4370/1543/123
f 2457/1545/125 3374/1546/125 4564/1546/125 3646/1545/125
f 3364/1547/152 2616/1548/152 3807/1548/152 4553/1547/152
f 2454/1549/125 2932/1550/125 4123/1551/125 3643/1549/125
f 3392/1552/130 2700/1553/130 3891/1553/130 4581/1552/130
f 3353/1554/134 2594/1555/134 3785/1555/134 4542/1556/134
f 3411/1557/152 2683/1558/152 3874/1558/152 4600/1557/152
f 2720/1559/153 3421/1560/153 4612/1560/153 3909/1561/153
f 2682/1562/151 2710/1563/151 3900/1563/151 3871/1562/151
f 2724/1564/154 3432/1565/154 4623/1565/154 3913/1564/154
f 2716/1566/130 2706/1567/130 3897/1567/130 3907/1566/130
f 2738/1568/155 3448/1569/155 4639/1569/155 3927/1568/155
f 2479/1570/156 2411/1571/156 3602/1571/156 3669/1570/156
f 2628/1572/157 2580/1573/157 3771/1573/157 3817/1572/157
f 2637/1574/147 2635/1575/147 3826/1575/147 3827/1576/147
f 2649/1577/158 3313/1578/158 4504/1578/158 3838/1577/158
f 2514/1579/125 2771/1580/125 3961/1581/125 3703/1579/125
f 2766/1582/159 2652/1583/159 3843/1583/159 3956/1582/159
f 3489/1584/143 2779/1585/143 3970/1585/143 4678/1584/143
f 2770/1586/160 2787/1587/160 3977/1587/160 3959/1586/160
f 2517/1588/138 2774/1589/138 3965/1589/138 3706/1590/138
f 2520/1591/125 3509/1592/125 4700/1592/125 3709/1591/125
f 2800/1593/138 2793/1594/138 3984/1594/138 3990/1593/138
f 2508/1595/125 2808/1596/125 3998/1596/125 3697/1595/125
f 2523/1597/161 2799/1598/161 3988/1598/161 3712/1597/161
f 2804/1599/162 3558/1600/162 4749/1600/162 3993/1599/162
f 3570/1601/163 2820/1602/163 4011/1603/163 4759/1604/163
f 3575/1605/138 2827/1606/138 4018/1606/138 4764/1605/138
f 2823/1607/164 2835/1608/164 4025/1608/164 4012/1607/164
f 2844/1609/119 2414/1610/119 3605/1611/119 4034/1609/119
f 3939/1612/165 3898/1613/165 3670/1614/165 3601/1615/165 4651/1616/165
f 4038/1617/165 4044/1618/165 3610/1619/165 4309/1620/165 4155/1621/165
f 4321/1622/165 4316/1623/165 3614/1624/165 3692/1625/165 4089/1626/165 4312/1627/165
f 4294/1628/165 3598/1629/165 4774/1630/165 4289/1631/165
f 3640/1632/165 3638/1633/165 4171/1634/165 4161/1635/165
f 4174/1636/165 3635/1637/165 4177/1638/165 4617/1639/165 4629/1640/165 4168/1641/165
f 4190/1642/165 3629/1643/165 4195/1644/165 4536/1645/165 4549/1646/165 4188/1647/165
f 4363/1648/165 4358/1649/165 4108/1650/165 4101/1651/165 4367/1652/165 4374/1653/165
f 4198/1654/165 3626/1655/165 4202/1656/165 4193/1657/165
f 4098/1658/165 4105/1659/165 4141/1660/165 4383/1661/165 4394/1662/165 4135/1663/165
f 4577/1664/165 3878/1665/165 4562/1666/165 3644/1667/165 4122/1668/165
f 4058/1669/165 4061/1670/165 4120/1671/165 4584/1672/165 3595/1673/165
f 4338/1674/165 4314/1675/165 3673/1676/165 4095/1677/165 4342/1678/165 4349/1679/165
f 4159/1680/165 3667/1681/165 3665/1682/165 4300/1683/165 4153/1684/165
f 3750/1685/165 4297/1686/165 3662/1687/165 4080/1688/165
f 4182/1689/165 3632/1690/165 4186/1691/165 4180/1692/165
f 3820/1693/165 4441/1694/165 4325/1695/165 3761/1696/165 4340/1697/165 4434/1698/165
f 4088/1699/165 4041/1700/165 3758/1701/165 3754/1702/165 4109/1703/165 4092/1704/165
f 4206/1705/165 3623/1706/165 4209/1707/165 4424/1708/165 4419/1709/165 4204/1710/165
f 4222/1711/165 3617/1712/165 4227/1713/165 4220/1714/165
f 4115/1715/165 4113/1716/165 4151/1717/165 4302/1718/165 4076/1719/165 4082/1720/165
f 4126/1721/165 4118/1722/165 3744/1723/165 4073/1724/165 4145/1725/165 4130/1726/165
f 3739/1727/165 3737/1728/165 4242/1729/165 4236/1730/165
f 4246/1731/165 3734/1732/165 4250/1733/165 4527/1734/165 4244/1735/165
f 4254/1736/165 3731/1737/165 4257/1738/165 4509/1739/165 4521/1740/165 4252/1741/165
f 4262/1742/165 3728/1743/165 4265/1744/165 4684/1745/165 4260/1746/165
f 4270/1747/165 3725/1748/165 4274/1749/165 4268/1750/165
f 4278/1751/165 3722/1752/165 4281/1753/165 4745/1754/165 4728/1755/165 4692/1756/165 4686/1757/165 4276/1758/165
f 4214/1759/165 3620/1760/165 4217/1761/165 4430/1762/165 4212/1763/165
f 4054/1764/165 4239/1765/165 4233/1766/165 4452/1767/165 4439/1768/165 4052/1769/165
f 4421/1770/165 4356/1771/165 3676/1772/165 4133/1773/165 4409/1774/165 4416/1775/165
f 4473/1776/165 4468/1777/165 4731/1778/165 3695/1779/165 3835/1780/165
f 4506/1781/165 4501/1782/165 4488/1783/165 4498/1784/165 4511/1785/165 4518/1786/165
f 4413/1787/165 3682/1788/165 3791/1789/165 3788/1790/165 4365/1791/165 4530/1792/165
f 4085/1793/165 3752/1794/165 4305/1795/165 3659/1796/165 4064/1797/165 4071/1798/165
f 3793/1799/165 4379/1800/165 3656/1801/165 4385/1802/165 3796/1803/165
f 3801/1804/165 4396/1805/165 3653/1806/165 4391/1807/165
f 4371/1808/165 3678/1809/165 3805/1810/165 4407/1811/165 4550/1812/165 4557/1813/165
f 3869/1814/165 3860/1815/165 3782/1816/165 4376/1817/165 4539/1818/165 4546/1819/165
f 4449/1820/165 4444/1821/165 4336/1822/165 3767/1823/165 3763/1824/165 3824/1825/165
f 4460/1826/165 4455/1827/165 4476/1828/165 4330/1829/165 3765/1830/165 4446/1831/165
f 3949/1832/165 3818/1833/165 3770/1834/165 3774/1835/165 3812/1836/165 3946/1837/165
f 4003/1838/165 4734/1839/165 3698/1840/165 4000/1841/165
f 4670/1842/165 4667/1843/165 3704/1844/165 3963/1845/165
f 4658/1846/165 4653/1847/165 4673/1848/165 4482/1849/165 3839/1850/165 4503/1851/165
f 3917/1852/165 3872/1853/165 3902/1854/165 3905/1855/165 3911/1856/165 3920/1857/165
f 4346/1858/165 3741/1859/165 3689/1860/165 3686/1861/165 4127/1862/165 4354/1863/165
f 3952/1864/165 3853/1865/165 3831/1866/165 3828/1867/165 3825/1868/165 3955/1869/165
f 4543/1870/165 3784/1871/165 3877/1872/165 4559/1873/165 4597/1874/165 4604/1875/165
f 4149/1876/165 3746/1877/165 4067/1878/165 4144/1879/165 3681/1880/165 4360/1881/165
f 4139/1882/165 3799/1883/165 4387/1884/165 3650/1885/165 4398/1886/165 4405/1887/165
f 3864/1888/165 3809/1889/165 3859/1890/165 4532/1891/165 4538/1892/165 3867/1893/165
f 4402/1894/165 4571/1895/165 3647/1896/165 4566/1897/165
f 3930/1898/165 3906/1899/165 3896/1900/165 4595/1901/165 4635/1902/165 4642/1903/165
f 4554/1904/165 3806/1905/165 3882/1906/165 4568/1907/165 4573/1908/165 4580/1909/165
f 4587/1910/165 4582/1911/165 3890/1912/165 3893/1913/165 4062/1914/165 4593/1915/165
f 3926/1916/165 3914/1917/165 4622/1918/165 4645/1919/165 4634/1920/165 3923/1921/165
f 4601/1922/165 3873/1923/165 3888/1924/165 3885/1925/165 4589/1926/165 4609/1927/165
f 3933/1928/165 3928/1929/165 4638/1930/165 3942/1931/165 3937/1932/165
f 4614/1933/165 4606/1934/165 3910/1935/165 4611/1936/165 4619/1937/165 4626/1938/165
f 3982/1939/165 4694/1940/165 4705/1941/165 4656/1942/165 3960/1943/165 3979/1944/165
f 4035/1945/165 3604/1946/165 4738/1947/165 4005/1948/165 4033/1949/165
f 4427/1950/165 4351/1951/165 3780/1952/165 3777/1953/165 3810/1954/165 3816/1955/165
f 4515/1956/165 3840/1957/165 4492/1958/165 4471/1959/165 3836/1960/165 4457/1961/165
f 4681/1962/165 4676/1963/165 4662/1964/165 3957/1965/165 3842/1966/165 3968/1967/165
f 4702/1968/165 4697/1969/165 4717/1970/165 3707/1971/165 3964/1972/165 3987/1973/165
f 3855/1974/165 3845/1975/165 3850/1976/165 3847/1977/165 4462/1978/165 4524/1979/165
f 4725/1980/165 4720/1981/165 4715/1982/165 3991/1983/165 3983/1984/165 3997/1985/165
f 3973/1986/165 4689/1987/165 4679/1988/165 3969/1989/165 3976/1990/165
f 4711/1991/165 4708/1992/165 3710/1993/165 4699/1994/165
f 4740/1995/165 3715/1996/165 3713/1997/165 3989/1998/165 4722/1999/165
f 4756/2000/165 4751/2001/165 4744/2002/165 4007/2003/165 3994/2004/165 4748/2005/165
f 4484/2006/165 4479/2007/165 4664/2008/165 3701/2009/165 4489/2010/165 4496/2011/165
f 4286/2012/165 3719/2013/165 4291/2014/165 4770/2015/165 4284/2016/165
f 4767/2017/165 4762/2018/165 4760/2019/165 4010/2020/165 4016/2021/165
f 4029/2022/165 4780/2023/165 4754/2024/165 4013/2025/165 4027/2026/165
f 4332/2027/165 4327/2028/165 4465/2029/165 4047/2030/165 4318/2031/165
f 4020/2032/165 4777/2033/165 4765/2034/165 4017/2035/165 4024/2036/165
f 4230/2037/165 3607/2038/165 4050/2039/165 4437/2040/165 4224/2041/165
f 2403/2042/166 3458/2043/166 3441/2044/166 2974/2045/166 2976/2046/166
f 2867/1669/166 2406/1673/166 3395/2047/166 2929/2048/166 2870/2049/166
f 3105/1628/166 3100/1631/166 3583/2050/166 2409/1629/166
f 2750/1612/166 3460/1616/166 2412/2051/166 2481/2052/166 2709/2053/166
f 2846/1945/166 2842/1949/166 2814/2054/166 3547/2055/166 2415/2056/166
f 2868/2057/167 2869/2058/167 4059/2059/167 4057/2057/167
f 2849/1617/166 2966/1621/166 3118/2060/166 2421/2061/166 2853/1618/166
f 2965/2062/158 2848/2063/158 4039/2063/158 4156/2062/158
f 3041/2037/166 3035/2064/166 3246/2040/166 2859/2065/166 2418/2038/166
f 3126/2066/157 2422/2067/157 3612/2067/157 4315/2066/157
f 2419/2068/168 3117/2069/168 4307/2069/168 3609/2070/168
f 3033/1711/166 3029/2071/166 3038/1713/166 2426/1712/166
f 3025/1759/166 3021/1763/166 3241/1762/166 3026/2072/166 2429/1760/166
f 3017/2073/166 3013/2074/166 3228/2075/166 3235/2076/166 3018/2077/166 2432/2078/166
f 3009/1654/166 3004/1657/166 3011/1656/166 2435/2079/166
f 3001/1642/166 2997/2080/166 3358/2081/166 3345/2082/166 3006/1644/166 2438/1643/166
f 2993/1689/166 2989/1692/166 2995/1691/166 2441/2083/166
f 2985/1636/166 2979/2084/166 3438/1640/166 3428/1639/166 2986/2085/166 2444/2086/166
f 2451/1632/166 2972/2087/166 2982/2088/166 2447/2089/166
f 2407/2090/119 3582/2091/119 4772/2092/119 3597/2093/119
f 3386/1664/166 2933/2094/166 2453/1667/166 3373/2095/166 2689/2096/166
f 3211/1894/166 3375/2097/166 2456/2098/166 3382/2099/166
f 2948/1882/166 3214/2100/166 3209/2101/166 2459/2102/166 3198/1884/166 2608/2103/166
f 2612/1804/166 3200/2104/166 2462/2105/166 3207/2106/166
f 2604/1799/166 2607/2107/166 3194/2108/166 2465/2109/166 3190/1800/166
f 2894/1793/166 2880/2110/166 2875/2111/166 2468/2112/166 3116/2113/166 2561/2114/166
f 2559/1685/166 2889/1688/166 2471/1687/166 3108/2115/166
f 2968/1680/166 2964/2116/166 3109/2117/166 2474/2118/166 2478/1681/166
f 2871/2119/169 2930/2120/169 4119/2120/169 4060/2119/169
f 2876/2121/170 2952/2122/170 4142/2122/170 4066/2121/170
f 2926/1715/166 2891/1720/166 2887/2123/166 3113/2124/166 2960/2125/166 2922/2126/166
f 2899/2127/122 3120/2128/122 4310/2128/122 4090/2127/122
f 2909/1658/166 2946/2129/166 3203/2130/166 3192/2131/166 2950/2132/166 2914/2133/166
f 2904/2134/143 3152/2135/143 4343/2135/143 4094/2134/143
f 3274/2136/171 2855/2137/171 4045/2137/171 4464/2136/171
f 2923/2138/123 2961/2139/123 4150/2139/123 4112/2138/123
f 2882/2140/127 2955/2141/127 4146/2141/127 4072/2140/127
f 2872/2142/133 3401/2143/133 4591/2143/133 4063/2142/133
f 2937/1496/164 3162/2144/164 4352/2145/164 4128/1496/164
f 2930/2120/154 3394/2146/154 4585/2147/154 4119/2120/154
f 2910/2148/138 3177/2149/138 4368/2149/138 4100/2148/138
f 3168/2150/172 2916/2151/172 4106/2151/172 4357/2150/172
f 2942/2152/127 3219/2153/127 4410/2153/127 4132/2154/127
f 2901/2155/117 2896/2156/117 4086/2157/117 4091/2158/117
f 2936/2159/152 2928/1458/152 4117/1458/152 4125/2159/152
f 2898/2160/173 2851/2161/173 4040/2161/173 4087/2160/173
f 3371/2162/174 2452/2163/174 3642/2163/174 4561/2162/174
f 3439/2164/175 2978/2165/175 4169/2165/175 4628/2164/175
f 2449/2166/117 2446/2167/117 3636/2167/117 3639/2166/117
f 2983/2168/176 2443/2169/176 3633/2169/176 4173/2168/176
f 3012/2170/129 3003/2171/129 4194/2171/129 4201/2170/129
f 2999/2172/177 2437/2173/177 3627/2173/177 4189/2172/177
f 3007/2174/117 2434/2175/117 3624/2175/117 4197/2174/117
f 3015/2176/178 2431/2177/178 3621/2177/178 4205/2176/178
f 3247/2178/147 3034/2179/147 4225/2179/147 4436/2178/147
f 3143/2027/166 3129/2180/166 2856/2181/166 3276/2182/166 3136/2028/166
f 3284/1776/166 2644/1780/166 2504/2183/166 3542/2184/166 3277/2185/166
f 2812/2186/166 2809/2187/166 2507/1840/166 3545/2188/166
f 3295/2006/166 3305/2189/166 3300/2190/166 2510/2191/166 3475/2192/166 3288/2193/166
f 3481/1842/166 2772/2194/166 2513/2195/166 3478/2196/166
f 3513/1968/166 2796/2197/166 2775/2198/166 2516/2199/166 3528/2200/166 3506/1969/166
f 3522/1991/166 3510/2201/166 2519/1993/166 3519/2202/166
f 3551/1995/166 3533/2203/166 2798/2204/166 2522/2205/166 2526/2206/166
f 2410/2207/125 3459/2208/125 4649/2208/125 3600/2207/125
f 3097/2012/166 3093/2209/166 3581/2015/166 3102/2014/166 2528/2210/166
f 3089/2211/166 3085/2212/166 3497/2213/166 3503/2214/166 3539/2215/166 3556/2216/166 3090/2217/166 2531/2218/166
f 3081/1747/166 3077/2219/166 3083/2220/166 2534/2221/166
f 3073/1742/166 3069/1746/166 3495/2222/166 3074/1744/166 2537/1743/166
f 3065/1736/166 3061/2223/166 3330/1740/166 3320/1739/166 3066/2224/166 2540/2225/166
f 3057/1731/166 3053/2226/166 3336/2227/166 3059/2228/166 2543/2229/166
f 2550/1727/166 3045/2230/166 3051/1729/166 2546/1728/166
f 3043/2231/148 3262/2232/148 4453/2232/148 4232/2231/148
f 3046/2233/125 2549/2234/125 3740/2235/125 4235/2233/125
f 2548/2236/117 2545/2237/117 3735/2238/117 3738/2239/117
f 3055/2240/179 2542/2241/179 3732/2241/179 4245/2240/179
f 3063/2242/180 2539/2243/180 3729/2244/180 4253/2242/180
f 3071/2245/181 2536/2246/181 3726/2246/181 4261/2245/181
f 3079/2247/117 2533/2248/117 3723/2248/117 4269/2247/117
f 3584/2249/129 3099/2250/129 4290/2250/129 4773/2251/129
f 2969/2252/119 2477/2253/119 3668/2253/119 4158/2252/119
f 2476/2254/182 2473/2255/182 3663/2255/182 3666/2254/182
f 2892/2256/183 2925/2257/183 4116/2257/183 4081/2256/183
f 2962/2258/184 2967/2259/184 4157/2260/184 4152/2261/184
f 2980/2262/129 2971/2263/129 4162/2263/129 4170/2262/129
f 3110/1448/164 2963/2264/164 4154/2265/164 4299/1448/164
f 2919/2266/183 2902/2267/183 4093/2267/183 4110/2266/183
f 3127/2268/185 3142/2269/185 4333/2270/185 4317/2271/185
f 3147/2272/173 3124/1493/173 4313/1493/173 4337/2272/173
f 3137/2273/137 3275/2274/137 4466/2274/137 4326/2275/137
f 3132/1622/166 3121/2276/166 2900/1626/166 2501/1625/166 2423/2277/166 3125/1623/166
f 3251/2278/148 3133/2279/148 4323/2279/148 4442/2278/148
f 3130/2280/131 3126/2066/131 4315/2066/131 4320/2280/131
f 3164/2281/186 3154/2282/186 4344/2282/186 4353/2281/186
f 3150/1517/133 3242/2283/133 4432/2283/133 4341/1517/133
f 2955/2141/187 2940/2284/187 4131/2284/187 4146/2141/187
f 2907/1499/188 2913/1498/188 4103/1498/188 4097/1499/188
f 3236/2285/123 3161/2286/123 4350/2286/123 4426/2285/123
f 3184/2287/186 3173/2288/186 4364/2288/186 4373/2287/186
f 3367/2289/189 3179/2290/189 4369/2291/189 4556/2292/189
f 3175/2293/158 3338/2294/158 4528/2294/158 4366/2293/158
f 2924/2295/190 2921/2296/190 4111/2296/190 4114/2295/190
f 2885/2297/126 2892/2256/126 4081/2256/126 4075/2298/126
f 2961/2139/191 3112/2299/191 4303/2300/191 4150/2139/191
f 3106/2301/129 2470/2302/129 3660/2302/129 4296/2301/129
f 3169/2303/192 2957/2304/192 4147/2304/192 4359/2303/192
f 2881/2305/193 2893/2306/193 4083/2306/193 4070/2305/193
f 3188/2307/194 2464/2308/194 3654/2308/194 4378/2307/194
f 3114/2309/195 2467/2310/195 3657/2310/195 4304/2311/195
f 3208/1509/196 3213/2312/196 4403/2312/196 4399/1509/196
f 3215/2313/197 2947/2314/197 4137/2315/197 4404/2313/197
f 3376/2316/117 3210/2317/117 4400/2317/117 4565/2316/117
f 2951/2318/151 3191/2319/151 4381/2320/151 4140/2318/151
f 3340/2321/198 3221/2322/198 4411/2323/198 4529/2321/198
f 3172/2324/152 3168/2150/152 4357/2150/152 4362/2324/152
f 3261/2325/199 3249/2326/199 4440/2327/199 4451/2328/199
f 3230/2329/123 3166/1511/123 4355/1511/123 4420/2330/123
f 3239/2331/200 3020/2332/200 4210/2332/200 4429/2331/200
f 3022/2333/125 3024/2334/125 4215/2335/125 4211/2336/125
f 3152/2135/158 3157/2337/158 4347/2338/158 4343/2135/158
f 2865/1764/166 2861/1769/166 3250/2339/166 3263/2340/166 3042/2341/166 3048/2342/166
f 3248/2343/201 2862/1465/201 4051/1465/201 4438/2343/201
f 3141/2344/202 3137/2273/202 4326/2273/202 4331/2344/202
f 3255/2345/203 3270/2346/203 4461/2347/203 4445/2345/203
f 3258/2348/135 3254/2349/135 4443/2349/135 4448/2348/135
f 3159/2350/204 3148/2351/204 4339/2351/204 4348/2350/204
f 3265/2352/157 3286/2353/157 4477/2354/157 4454/2352/157
f 3269/2355/169 3265/2356/169 4454/2352/169 4459/2355/169
f 3285/2357/205 3138/2358/205 4328/2358/205 4475/2357/205
f 3278/2359/206 3541/2360/206 4732/2361/206 4467/2359/206
f 3254/2349/157 3144/2362/157 4334/2362/157 4443/2349/157
f 3289/2363/157 3474/2364/157 4665/2364/157 4478/2363/157
f 3307/2365/140 3321/2366/140 4512/2366/140 4497/2367/140
f 3311/2368/130 3296/2369/130 4486/2369/130 4500/2368/130
f 3312/2370/207 3468/2371/207 4659/2372/207 4502/2370/207
f 3341/2373/143 3348/2374/143 4537/2374/143 4531/2373/143
f 3321/2366/133 3326/2375/133 4516/2375/133 4512/2366/133
f 3266/2376/208 3323/2377/208 4513/2377/208 4456/2376/208
f 3315/2378/134 3311/2368/134 4500/2368/134 4505/2378/134
f 3272/2379/133 3332/2380/133 4522/2380/133 4463/2381/133
f 3282/2382/169 3278/2359/169 4467/2359/169 4472/2382/169
f 3062/2383/209 3064/2384/209 4255/2384/209 4251/2383/209
f 3331/2385/210 3062/2383/210 4251/2383/210 4520/2386/210
f 3204/2387/141 2945/1434/141 4136/1434/141 4393/2387/141
f 3177/2149/183 3182/2388/183 4372/2388/183 4368/2149/183
f 3226/2389/211 3231/2390/211 4422/2390/211 4415/2389/211
f 3014/2391/212 3016/2392/212 4207/2392/212 4203/2391/212
f 3229/2393/127 3014/2391/127 4203/2391/127 4418/2393/127
f 3005/1455/137 3344/2394/137 4534/2394/137 4196/1455/137
f 3346/2395/213 3357/2396/213 4547/2397/213 4535/2395/213
f 3414/2398/214 3351/2399/214 4541/2399/214 4603/2400/214
f 3349/2401/196 3354/2402/196 4544/2402/196 4540/2401/196
f 3390/2403/180 3362/2404/180 4552/2404/180 4579/2405/180
f 3174/1648/166 3183/2406/166 3178/2407/166 2912/2408/166 2917/2409/166 3167/2410/166
f 3185/2411/127 3349/2401/127 4540/2401/127 4375/2412/127
f 3196/2413/215 2458/2414/215 3648/2415/215 4386/2413/215
f 3205/2416/129 2461/2417/129 3651/2418/129 4395/2416/129
f 3212/2419/119 3381/2420/119 4572/2420/119 4401/2419/119
f 3396/2421/216 3392/1552/216 4581/1552/216 4586/2421/216
f 3219/2153/217 3224/2422/217 4414/2422/217 4410/2153/217
f 3368/2423/218 3407/2424/218 4598/2424/218 4558/2423/218
f 3383/2425/144 3388/2426/144 4578/2426/144 4574/2425/144
f 2931/2427/219 3385/2428/219 4575/2428/219 4121/2427/219
f 2939/2429/220 2934/2430/220 4124/2430/220 4129/2429/220
f 3403/2431/221 3397/2432/221 4588/2432/221 4592/2431/221
f 2874/1453/222 2879/2433/222 4069/2434/222 4065/1453/222
f 3399/2435/133 3417/2436/133 4607/2436/133 4590/2435/133
f 3193/2437/223 3202/2438/223 4392/2438/223 4382/2437/223
f 3419/1560/224 3409/2439/224 4599/2439/224 4608/2440/224
f 3360/2441/225 3365/2442/225 4555/2442/225 4551/2441/225
f 3404/2443/126 3445/2444/126 4636/2444/126 4594/2443/126
f 3377/2445/143 3383/2425/143 4574/2425/143 4567/2446/143
f 3423/2447/152 3416/2448/152 4605/2448/152 4613/2447/152
f 3420/2449/226 3429/2450/226 4620/2450/226 4610/2449/226
f 3431/2451/227 3453/2452/227 4643/2452/227 4621/2451/227
f 3429/2450/209 3434/2453/209 4624/2454/209 4620/2450/209
f 2998/2455/228 3000/2456/228 4191/2456/228 4187/2455/228
f 2996/2457/129 2988/2458/129 4178/2459/129 4185/2460/129
f 2990/2461/125 2992/2462/125 4183/2462/125 4179/2461/125
f 2977/2463/229 2973/2464/229 4164/2464/229 4166/2463/229
f 2987/1427/230 3427/2465/230 4618/2465/230 4176/1426/230
f 2973/2464/231 3440/2466/231 4630/2467/231 4164/2464/231
f 3467/2468/134 3463/2469/134 4652/2469/134 4657/2470/134
f 3436/2471/232 3424/2472/232 4615/2472/232 4625/2471/232
f 3442/2473/171 3457/2474/171 4648/2474/171 4631/2473/171
f 3445/2444/217 3450/2475/217 4640/2475/217 4636/2444/217
f 2404/2476/125 2866/2477/125 4056/2477/125 3594/2478/125
f 3455/2479/127 3444/2480/127 4633/2480/127 4644/2479/127
f 3407/2424/233 3412/2481/233 4602/2481/233 4598/2424/233
f 3461/2482/234 2749/2483/234 3940/2483/234 4650/2482/234
f 2756/2484/235 2757/2485/235 3947/2485/235 3945/2484/235
f 3036/2485/236 3028/2486/236 4218/2486/236 4226/2485/236
f 3049/2487/237 3043/2231/237 4232/2231/237 4238/2488/237
f 3030/2489/125 3032/2490/125 4223/2490/125 4219/2491/125
f 3054/2492/238 3056/2493/238 4247/2494/238 4243/2492/238
f 3052/2495/129 3044/2496/129 4234/2496/129 4241/2495/129
f 3337/2497/138 3054/2492/138 4243/2492/138 4526/2497/138
f 3317/1781/166 3327/2498/166 3322/2499/166 3309/1784/166 3297/1783/166 3310/2500/166
f 3463/2469/239 3483/2501/239 4674/2501/239 4652/2469/239
f 3328/2502/240 3316/2503/240 4507/2504/240 4517/2505/240
f 3482/2506/241 3290/2507/241 4480/2508/241 4672/2509/241
f 3490/2510/173 3486/2511/173 4675/2512/173 4680/2513/173
f 3306/1529/242 3294/1527/242 4485/1527/242 4495/1528/242
f 3493/2514/243 3068/2515/243 4258/2515/243 4683/2514/243
f 3498/2516/244 3487/2517/244 4677/2517/244 4688/2516/244
f 3070/2518/125 3072/2519/125 4263/2519/125 4259/2518/125
f 3086/2520/245 3088/2521/245 4279/2522/245 4275/2520/245
f 3084/2523/129 3076/2524/129 4266/2524/129 4273/2523/129
f 3078/2525/125 3080/2526/125 4271/2526/125 4267/2525/125
f 3479/2527/119 3477/2528/119 4668/2529/119 4669/2530/119
f 3537/2531/246 3502/2532/246 4693/2532/246 4727/2533/246
f 3501/2534/127 3496/2535/127 4687/2535/127 4691/2534/127
f 3507/2536/239 3527/2537/239 4718/2538/239 4696/2536/239
f 3514/2539/247 3464/2540/247 4654/2540/247 4704/2541/247
f 3486/2512/155 3470/2542/155 4660/2543/155 4675/2511/155
f 3530/2544/191 3523/2545/191 4713/2546/191 4719/2544/191
f 3508/2547/117 3521/2548/117 4712/2549/117 4698/2547/117
f 3520/2550/119 3518/2551/119 4709/2551/119 4710/2550/119
f 3531/2552/248 3550/2553/248 4741/2553/248 4721/2552/248
f 3511/2554/134 3507/2536/134 4696/2536/134 4701/2554/134
f 3504/2555/230 3515/2556/230 4706/2556/230 4695/2555/230
f 3301/2557/249 3279/2558/249 4469/2559/249 4491/2557/249
f 3476/2560/129 2512/2561/129 3702/2562/129 4666/2563/129
f 3293/2564/250 3289/2363/250 4478/2363/250 4483/2564/250
f 3095/2565/251 2527/2566/251 3717/2566/251 4285/2565/251
f 3534/2567/123 3530/2544/123 4719/2544/123 4724/2567/123
f 3555/2568/191 3538/2569/191 4729/2569/191 4746/2568/191
f 3561/2570/230 3552/2571/230 4742/2571/230 4750/2570/230
f 3590/2572/252 3562/2573/252 4752/2574/252 4779/2572/252
f 3565/2575/134 3561/2570/134 4750/2570/134 4755/2575/134
f 3579/2576/120 3092/2577/120 4282/2578/120 4769/2576/120
f 3587/2579/253 3573/2580/253 4763/2580/253 4776/2579/253
f 3094/2581/125 3096/2582/125 4287/2582/125 4283/2581/125
f 2834/2583/178 2830/2584/178 4021/2584/178 4023/2583/178
f 3122/2585/254 3131/2586/254 4322/2586/254 4311/2587/254
f 3101/1485/255 3580/2588/255 4771/2588/255 4292/1485/255
f 3576/2589/134 3572/2590/134 4761/2590/134 4766/2589/134
f 2843/2591/256 2845/2592/256 4036/2593/256 4032/2594/256
f 3592/2595/165 4167/2596/165 4163/2045/165 4632/2044/165 4647/2043/165
f 3557/2597/248 3566/2598/248 4757/2599/248 4747/2600/248
f 2416/2601/119 2858/2602/119 4048/2602/119 3606/2603/119
f 3572/2590/230 3568/2604/230 4758/2605/230 4761/2590/230
f 3031/2606/117 2425/2607/117 3615/2608/117 4221/2606/117
f 3540/2609/257 2503/2610/257 3693/2611/257 4730/2609/257
f 3135/2612/258 2569/2613/258 3759/2613/258 4324/2612/258
f 2860/2614/252 3245/2615/252 4435/2616/252 4049/2614/252
f 2863/2617/259 3047/2618/259 4237/2618/259 4053/2617/259
f 3244/2615/260 2630/2614/260 3821/2614/260 4433/2615/260
f 2634/2619/261 3259/2620/261 4450/2620/261 3823/2327/261
f 2413/2621/262 3546/2622/262 4736/2622/262 3603/2623/262
f 2705/2624/236 3405/2625/236 4596/2625/236 3895/2624/236
f 2482/2156/263 2905/2155/263 4096/2626/263 3672/2156/263
f 2959/2627/149 2556/2628/149 3747/2628/149 4148/2627/149
f 2605/2122/264 2603/2629/264 3794/2121/264 3795/2122/264
f 3195/1504/196 2606/2630/196 3797/2631/196 4384/1504/196
f 2935/1721/166 2941/1726/166 2956/2632/166 2884/2633/166 2555/1723/166 2927/1722/166
f 2890/1440/117 2558/2634/117 3748/2635/117 4079/1440/117
f 2562/2636/172 3115/2637/172 4306/2637/172 3751/2636/172
f 2563/2638/141 2919/2266/141 4110/2266/141 3753/2638/141
f 2560/2639/119 3107/2640/119 4298/2641/119 3749/2639/119
f 2556/2628/265 2877/2642/265 4068/2643/265 3747/2628/265
f 3149/1674/166 3158/1679/166 3153/1678/166 2906/2644/166 2484/2645/166 3123/2646/166
f 2485/2647/266 2943/2648/266 4134/2648/266 3675/2647/266
f 2502/2649/159 2899/2127/159 4090/2127/159 3691/2649/159
f 2553/2650/267 2883/2305/267 4074/2651/267 3743/2650/267
f 2915/2652/123 2951/2318/123 4140/2318/123 4104/2652/123
f 3180/2653/166 3366/2654/166 3361/1812/166 3218/2655/166 2614/2656/166 2489/2657/166
f 2954/2658/141 2491/1501/141 3680/1501/141 4143/2658/141
f 2958/1876/166 3171/2659/166 2490/1880/166 2953/2660/166 2878/2661/166 2557/1877/166
f 2492/1537/268 2599/2662/268 3789/2663/268 3683/1537/268
f 3155/1858/166 3163/2664/166 2938/1862/166 2495/1861/166 2498/2665/166 2552/2666/166
f 2897/1699/166 2903/1704/166 2920/2667/166 2565/2668/166 2567/2669/166 2850/2670/166
f 2551/2671/269 2497/2672/269 3687/2672/269 3742/2673/269
f 3380/2674/129 2455/2675/129 3645/2676/129 4570/2677/129
f 3398/1910/166 3402/2678/166 2873/2679/166 2704/2680/166 2701/1912/166 3391/2681/166
f 3232/1770/166 3225/2682/166 3220/2683/166 2944/2684/166 2487/1772/166 3165/2685/166
f 2488/1544/137 2613/2686/137 3803/2686/137 3679/1544/137
f 3222/1787/166 3339/2687/166 3176/2688/166 2597/2689/166 2600/2690/166 2493/2691/166
f 2499/2692/139 2494/2693/139 3684/2693/139 3688/2692/139
f 2609/2694/239 3197/2695/239 4388/2695/239 3798/2694/239
f 2616/1548/142 2690/2696/142 3880/2696/142 3807/1548/142
f 2949/2697/123 2609/2694/123 3798/2694/123 4138/2697/123
f 2598/2698/138 3175/2293/138 4366/2293/138 3787/2699/138
f 3119/2700/127 2965/2062/127 4156/2062/127 4308/2700/127
f 2851/2161/157 2566/2701/157 3756/2701/157 4040/2161/157
f 2708/2702/148 2480/2703/148 3671/2703/148 3899/2702/148
f 2978/2165/270 2984/2704/270 4175/2704/270 4169/2165/270
f 2733/2705/271 2734/2706/271 3924/2707/271 3922/2705/271
f 2742/2708/123 2738/1568/123 3927/1568/123 3932/2708/123
f 2970/2709/125 2450/2710/125 3641/2710/125 4160/2709/125
f 2735/1916/166 2732/1921/166 3443/2711/166 3454/2712/166 3433/2713/166 2723/1917/166
f 3359/2714/141 2998/2455/141 4187/2455/141 4548/2714/141
f 2736/2715/272 2724/1564/272 3913/1564/272 3925/2715/272
f 3444/2480/164 2731/2716/164 3921/2717/164 4633/2480/164
f 3002/2718/125 3008/2719/125 4199/2719/125 4192/2718/125
f 2726/1852/166 2729/2720/166 2722/2721/166 2714/2722/166 2711/2723/166 2681/1853/166
f 2991/2724/117 2440/2725/117 3630/2725/117 4181/2724/117
f 3356/2726/180 2679/2727/180 3870/2728/180 4545/2726/180
f 3348/2374/196 2675/2729/196 3865/2730/196 4537/2374/196
f 3019/1438/269 3234/2731/269 4425/2731/269 4208/1437/269
f 2673/1888/166 2676/2732/166 3347/1892/166 3343/2733/166 2668/2734/166 2618/2735/166
f 3027/1461/231 3240/2736/231 4431/2737/231 4216/2738/231
f 2622/2739/196 2754/2740/196 3944/2740/196 3813/2739/196
f 2759/2741/273 2628/1572/273 3817/1572/273 3948/2742/273
f 3034/2179/225 3040/2743/225 4231/2744/225 4225/2179/225
f 2626/2745/274 3237/2746/274 4428/2746/274 3815/2745/274
f 2765/2747/275 2760/2495/275 3950/2495/275 3954/2748/275
f 3023/2749/276 2428/2750/276 3618/2750/276 4213/2749/276
f 2629/2751/277 3251/2278/277 4442/2278/277 3819/2751/277
f 3156/2752/169 2551/2671/169 3742/2671/169 4345/2752/169
f 2761/1864/166 2764/1869/166 2636/2753/166 2639/2754/166 2642/1866/166 2662/2755/166
f 3472/2372/278 2767/2756/278 3958/2757/278 4661/2371/278
f 3060/2758/279 3335/2759/279 4525/2760/279 4249/2758/279
f 3334/2759/185 2665/2761/185 3856/2761/185 4523/2762/185
f 3067/1475/280 3319/2763/280 4510/2763/280 4256/1475/280
f 2666/2764/166 3333/2765/166 3273/2766/166 2658/1977/166 2661/2767/166 2654/2768/166
f 2669/2769/281 3342/2321/281 4533/2321/281 3858/2322/281
f 3075/1478/172 3494/2770/172 4685/2770/172 4264/1478/172
f 3492/1962/166 2777/2771/166 2653/2772/166 2768/2773/166 3471/2774/166 3485/1963/166
f 2779/1585/164 2784/2775/164 3974/2775/164 3970/1585/164
f 3496/2535/125 3086/2520/125 4275/2520/125 4687/2535/125
f 2782/1986/166 2785/2776/166 2780/2777/166 3488/1988/166 3500/2778/166
f 2783/2779/119 3499/2780/119 4690/2780/119 3972/2779/119
f 3091/1483/119 3555/2568/119 4746/2568/119 4280/1483/119
f 2789/2781/264 2790/2782/264 3980/2783/264 3978/2781/264
f 3098/2784/125 3104/2785/125 4295/2786/125 4288/2787/125
f 3578/2017/166 2825/2021/166 2821/2020/166 3569/2019/166 3571/2788/166
f 2827/1606/245 2832/2789/245 4022/2789/245 4018/1606/245
f 3087/2790/248 2530/2791/248 3720/2791/248 4277/2790/248
f 2831/2032/166 2833/2792/166 2828/2793/166 3574/2034/166 3586/2794/166
f 2837/2580/282 2839/2579/282 4030/2795/282 4026/2580/282
f 2895/2796/134 2562/2636/134 3751/2636/134 4084/2796/134
f 2631/1693/166 3243/1698/166 3151/2797/166 2570/1696/166 3134/1695/166 3252/2798/166
f 2576/2799/201 2573/1518/201 3762/1518/201 3766/2799/201
f 3260/1820/166 2633/2800/166 2572/2801/166 2578/2802/166 3145/2803/166 3253/1821/166
f 2579/2804/283 2582/2805/283 3772/2806/283 3769/2804/283
f 3140/2807/284 2575/1520/284 3764/1520/284 4329/2808/284
f 3271/1826/166 3257/1831/166 2574/2809/166 3139/2810/166 3287/2811/166 3264/2812/166
f 3543/2813/129 2506/2814/129 3696/2814/129 4733/2813/129
f 2646/1532/158 3267/2815/158 4458/2815/158 3837/1532/158
f 3146/2816/285 2577/2817/285 3768/2817/285 4335/2816/285
f 2758/1832/166 2755/2818/166 2623/1836/166 2583/2819/166 2581/2820/166 2627/2821/166
f 2584/2822/141 2622/2739/141 3813/2739/141 3773/2822/141
f 2591/2288/286 3186/2287/286 4377/2287/286 3781/2288/286
f 3238/1950/166 2625/1955/166 2621/2823/166 2586/2824/166 2589/1952/166 3160/2825/166
f 2590/2826/287 2585/2281/287 3775/2827/287 3779/2826/287
f 3161/2286/157 2588/2828/157 3778/2828/157 4350/2286/157
f 2602/2829/119 3189/2830/119 4380/2830/119 3792/2831/119
f 2680/1814/166 3355/2832/166 3350/1818/166 3187/2833/166 2593/2834/166 2671/2835/166
f 2594/1555/151 2685/2836/151 3875/2836/151 3785/1555/151
f 3352/1870/166 3413/2837/166 3408/2838/166 3370/2839/166 2686/1872/166 2595/1871/166
f 2688/2840/157 3372/2841/157 4563/2841/157 3879/2840/157
f 2601/2842/288 2596/2843/288 3786/2843/288 3790/2842/288
f 3201/2438/117 2611/2844/117 3802/2844/117 4390/2438/117
f 2615/2845/287 3217/2846/287 4408/2847/287 3804/2845/287
f 2610/2848/119 3206/2849/119 4397/2849/119 3800/2848/119
f 3363/1904/166 3389/2850/166 3384/2851/166 3379/1907/166 2691/2852/166 2617/2853/166
f 3216/2854/127 3360/2441/127 4551/2441/127 4406/2854/127
f 2698/2855/289 2693/2856/289 3883/2857/289 3887/2858/289
f 2674/2859/152 2619/1538/152 3808/1538/152 3863/2859/152
f 2620/1515/164 2624/2860/164 3814/2860/164 3811/1514/164
f 2678/2861/169 2670/1541/169 3861/1541/169 3868/2861/169
f 3233/2390/290 3227/2862/290 4417/2862/290 4423/2863/290
f 2635/1575/144 2763/2864/144 3953/2864/144 3826/1575/144
f 2640/2347/291 2638/2865/291 3829/2865/291 3830/2347/291
f 2663/2866/130 2641/2867/130 3832/2867/130 3852/2866/130
f 2659/2868/182 2657/2869/182 3848/2870/182 3849/2871/182
f 3324/2872/166 3268/2873/166 2647/2874/166 3280/2875/166 3303/2876/166 2651/2877/166
f 2762/2878/134 2663/2866/134 3852/2866/134 3951/2878/134
f 2645/2879/292 3283/2880/292 4474/2880/292 3834/2881/292
f 3292/2882/293 2649/1577/293 3838/1577/293 4481/2882/293
f 3473/2883/294 2509/2884/294 3699/2884/294 4663/2885/294
f 2813/2886/119 3544/2887/119 4735/2887/119 4002/2886/119
f 3469/1846/166 3314/2888/166 2648/2889/166 3291/2890/166 3484/2891/166 3462/2892/166
f 3526/2893/120 2515/2894/120 3705/2895/120 4716/2896/120
f 2774/1589/187 2795/2897/187 3985/2898/187 3965/1589/187
f 3299/1526/133 3304/2899/133 4494/2900/133 4490/1526/133
f 2650/2901/130 3302/2902/130 4493/2902/130 3841/2901/130
f 3325/2903/131 2650/2901/131 3841/2901/131 4514/2903/131
f 3548/2904/159 2815/2905/159 4004/2905/159 4737/2904/159
f 2652/1583/187 2776/2906/187 3966/2907/187 3843/1583/187
f 2664/2908/295 2655/1534/295 3844/1534/295 3854/2908/295
f 3466/2909/159 2770/1586/159 3959/1586/159 4655/2909/159
f 3318/2910/296 3329/2505/296 4519/2505/296 4508/2910/296
f 2656/2911/126 3272/2381/126 4463/2379/126 3846/2911/126
f 2677/2912/264 2672/2913/264 3862/2913/264 3866/2914/264
f 2727/2915/134 2682/1562/134 3871/1562/134 3916/2915/134
f 2683/1558/230 2696/2916/230 3886/2916/230 3874/1558/230
f 2715/2917/127 2721/2918/127 3912/2918/127 3904/2917/127
f 3410/1922/166 3418/2919/166 3400/2920/166 2694/2921/166 2697/2922/166 2684/1923/166
f 2695/2923/159 3399/2435/159 4590/2435/159 3884/2924/159
f 2687/2925/297 3369/2289/297 4560/2926/297 3876/2927/297
f 3387/2928/173 2688/2840/173 3879/2840/173 4576/2928/173
f 2692/2929/298 3378/2930/298 4569/2931/298 3881/2929/298
f 2702/2932/126 2872/2142/126 4063/2142/126 3892/2932/126
f 2699/2933/252 2703/2934/252 3894/2934/252 3889/2933/252
f 2741/1898/166 3451/2935/166 3446/2936/166 3406/2937/166 2707/2938/166 2717/2939/166
f 2748/2940/134 2708/2702/134 3899/2702/134 3938/2940/134
f 2712/2941/299 2713/2942/299 3903/2942/299 3901/2941/299
f 3425/1933/166 3435/2943/166 3430/2944/166 3422/2945/166 2719/2946/166 3415/2947/166
f 2721/2918/187 2728/2948/187 3918/2948/187 3912/2918/187
f 2739/2949/272 2716/1566/272 3907/1566/272 3929/2949/272
f 3416/2448/231 2718/2950/231 3908/2951/231 4605/2448/231
f 3426/2472/124 3437/2952/124 4627/2953/124 4616/2472/124
f 2730/2954/300 2725/2955/300 3915/2955/300 3919/2954/300
f 2747/2956/275 2743/2957/275 3934/2957/275 3936/2956/275
f 2744/1928/166 2746/2958/166 2753/1931/166 3449/2959/166 2737/1929/166
f 2751/2960/125 2745/2961/125 3935/2961/125 3941/2960/125
f 3452/2962/176 2740/2963/176 3931/2963/176 4641/2962/176
f 3447/2964/301 2752/2965/301 3943/2965/301 4637/2964/301
f 2791/1939/166 2788/2966/166 2769/2967/166 3465/2968/166 3516/1941/166 3505/1940/166
f 2778/2969/302 3491/2970/302 4682/2970/302 3967/2969/302
f 2799/1598/160 3532/2971/160 4723/2971/160 3988/1598/160
f 2773/2972/117 3480/2973/117 4671/2973/117 3962/2508/117
f 3517/2974/129 2518/2975/129 3708/2975/129 4707/2974/129
f 2786/2976/303 2781/2977/303 3971/2978/303 3975/2979/303
f 2792/2980/123 3504/2555/123 4695/2555/123 3981/2980/123
f 2793/1594/187 2805/2981/187 3995/2982/187 3984/1594/187
f 3536/1980/166 2806/2983/166 2794/2984/166 2802/2985/166 3524/2986/166 3529/2987/166
f 2810/2558/117 2811/2988/117 4001/2557/117 3999/2558/117
f 2797/2989/304 3512/2541/304 4703/2541/304 3986/2989/304
f 2524/2990/305 2521/2991/305 3711/2992/305 3714/2990/305
f 2816/2993/141 2804/1599/141 3993/1599/141 4006/2993/141
f 3549/2994/119 2525/2995/119 3716/2995/119 4739/2994/119
f 3525/2996/306 2801/2997/306 3992/2998/306 4714/2996/306
f 3567/2000/166 3559/2999/166 2803/3000/166 2818/2003/166 3553/3001/166 3560/3002/166
f 2819/3003/125 2824/3004/125 4014/3005/125 4009/3006/125
f 2807/3007/307 3535/2531/307 4726/2531/307 3996/3007/307
f 2815/2905/162 2841/3008/162 4031/3008/162 4004/2905/162
f 3554/2553/308 2817/2552/308 4008/3009/308 4743/2553/308
f 3564/3010/138 2823/1607/138 4012/1607/138 4753/3010/138
f 2840/2022/166 2836/3011/166 2822/3012/166 3563/3013/166 3589/2023/166
f 2847/3014/309 2852/3015/309 4042/3015/309 4037/3014/309
f 2826/3016/310 3577/2576/310 4768/2576/310 4015/3017/310
f 2829/3018/119 3585/3019/119 4775/3020/119 4019/3018/119
f 2838/3021/119 3588/3022/119 4778/3022/119 4028/3023/119
f 2401/3024/311 2402/1444/311 2403/2042/311
f 2404/2476/312 2405/1423/312 2406/1673/312
f 2407/2090/313 2408/1417/313 2409/1629/313
f 2410/2207/314 2411/1571/314 2412/2051/314
f 2413/2621/315 2414/1610/315 2415/2056/315
f 2416/2601/316 2417/1419/316 2418/2038/316
f 2419/2068/317 2420/1421/317 2421/2061/317
f 2422/2067/318 2423/2277/318 2424/1462/318
f 2425/2607/319 2426/1712/319 2427/1487/319
f 2428/2750/320 2429/1760/320 2430/1460/320
f 2431/2177/321 2432/2078/321 2433/1436/321
f 2434/2175/322 2435/2079/322 2436/1432/322
f 2437/2173/323 2438/1643/323 2439/1454/323
f 2440/2725/319 2441/2083/319 2442/1428/319
f 2443/2169/324 2444/2086/324 2445/1425/324
f 2446/2167/325 2447/2089/325 2448/1441/325
f 2449/2166/326 2450/2710/326 2451/1632/326
f 2452/2163/327 2453/1667/327 2454/1549/327
f 2455/2675/328 2456/2098/328 2457/1545/328
f 2458/2414/329 2459/2102/329 2460/1508/329
f 2461/2417/330 2462/2105/330 2463/1505/330
f 2464/2308/331 2465/2109/331 2466/1503/331
f 2467/2310/332 2468/2112/332 2469/1452/332
f 2470/2302/333 2471/1687/333 2472/1449/333
f 2473/2255/334 2474/2118/334 2475/1447/334
f 2476/2254/335 2477/2253/335 2478/1681/335
f 2479/1570/336 2480/2703/336 2481/2052/336
f 2482/2156/337 2483/1494/337 2484/2645/337
f 2485/2647/338 2486/1512/338 2487/1772/338
f 2494/2693/339 2495/1861/339 2496/1495/339
f 2497/2672/340 2498/2665/340 2499/2692/340
f 2500/1463/341 2501/1625/341 2502/2649/341
f 2503/2610/342 2504/2183/342 2505/1523/342
f 2506/2814/343 2507/1840/343 2508/1595/343
f 2509/2884/344 2510/2191/344 2511/1525/344
f 2512/2561/343 2513/2195/343 2514/1579/343
f 2515/2894/345 2516/2199/345 2517/1588/345
f 2518/2975/346 2519/1993/346 2520/1591/346
f 2521/2991/347 2522/2205/347 2523/1597/347
f 2524/2990/348 2525/2995/348 2526/2206/348
f 2527/2566/349 2528/2210/349 2529/1484/349
f 2530/2791/350 2531/2218/350 2532/1482/350
f 2533/2248/313 2534/2221/313 2535/1479/313
f 2536/2246/351 2537/1743/351 2538/1477/351
f 2539/2243/352 2540/2225/352 2541/1474/352
f 2542/2241/353 2543/2229/353 2544/1471/353
f 2545/2237/313 2546/1728/313 2547/1467/313
f 2548/2236/354 2549/2234/354 2550/1727/354
f 2553/2650/355 2554/1459/355 2555/1723/355
f 2558/2634/356 2559/1685/356 2560/2639/356
f 2563/2638/357 2564/1457/357 2565/2668/357
f 2566/2701/358 2567/2669/358 2568/1456/358
f 2569/2613/359 2570/1696/359 2571/1516/359
f 2576/2799/360 2577/2817/360 2578/2802/360
f 2579/2804/361 2580/1573/361 2581/2820/361
f 2582/2805/362 2583/2819/362 2584/2822/362
f 2585/2281/363 2586/2824/363 2587/1513/363
f 2588/2828/364 2589/1952/364 2590/2826/364
f 2591/2288/365 2592/1542/365 2593/2834/365
f 2596/2843/366 2597/2689/366 2598/2698/366
f 2599/2662/367 2600/2690/367 2601/2842/367
f 2602/2829/368 2603/2629/368 2604/1799/368
f 2605/2122/369 2606/2630/369 2607/2107/369
f 2610/2848/370 2611/2844/370 2612/1804/370
f 2613/2686/371 2614/2656/371 2615/2845/371
f 2624/2860/372 2625/1955/372 2626/2745/372
f 2629/2751/373 2630/2614/373 2631/1693/373
f 2632/1519/374 2633/2800/374 2634/2619/374
f 2637/1574/375 2638/2865/375 2639/2754/375
f 2640/2347/376 2641/2867/376 2642/1866/376
f 2643/1524/377 2644/1780/377 2645/2879/377
f 2656/2911/334 2657/2869/334 2658/1977/334
f 2659/2868/378 2660/1535/378 2661/2767/378
f 2664/2908/379 2665/2761/379 2666/2764/379
f 2667/1539/380 2668/2734/380 2669/2769/380
f 2672/2913/381 2673/1888/381 2674/2859/381
f 2675/2729/369 2676/2732/369 2677/2912/369
f 2678/2861/382 2679/2727/382 2680/1814/382
f 2685/2836/383 2686/1872/383 2687/2925/383
f 2690/2696/384 2691/2852/384 2692/2929/384
f 2693/2856/385 2694/2921/385 2695/2923/385
f 2696/2916/386 2697/2922/386 2698/2855/386
f 2699/2933/387 2700/1553/387 2701/1912/387
f 2702/2932/388 2703/2934/388 2704/2680/388
f 2705/2624/389 2706/1567/389 2707/2938/389
f 2710/1563/390 2711/2723/390 2712/2941/390
f 2713/2942/391 2714/2722/391 2715/2917/391
f 2718/2950/392 2719/2946/392 2720/1559/392
f 2725/2955/393 2726/1852/393 2727/2915/393
f 2728/2948/394 2729/2720/394 2730/2954/394
f 2731/2716/395 2732/1921/395 2733/2705/395
f 2734/2706/396 2735/1916/396 2736/2715/396
f 2739/2949/397 2740/2963/397 2741/1898/397
f 2742/2708/398 2743/2957/398 2744/1928/398
f 2745/2961/399 2746/2958/399 2747/2956/399
f 2748/2940/400 2749/2483/400 2750/1612/400
f 2751/2960/401 2752/2965/401 2753/1931/401
f 2754/2740/402 2755/2818/402 2756/2484/402
f 2757/2485/403 2758/1832/403 2759/2741/403
f 2760/2495/404 2761/1864/404 2762/2878/404
f 2763/2864/405 2764/1869/405 2765/2747/405
f 2766/1582/406 2767/2756/406 2768/2773/406
f 2771/1580/407 2772/2194/407 2773/2972/407
f 2776/2906/408 2777/2771/408 2778/2969/408
f 2781/2977/409 2782/1986/409 2783/2779/409
f 2784/2775/410 2785/2776/410 2786/2976/410
f 2787/1587/411 2788/2966/411 2789/2781/411
f 2790/2782/412 2791/1939/412 2792/2980/412
f 2795/2897/413 2796/2197/413 2797/2989/413
f 2800/1593/414 2801/2997/414 2802/2985/414
f 2805/2981/415 2806/2983/415 2807/3007/415
f 2808/1596/416 2809/2187/416 2810/2558/416
f 2811/2988/370 2812/2186/370 2813/2886/370
f 2816/2993/417 2817/2552/417 2818/2003/417
f 2819/3003/418 2820/1602/418 2821/2020/418
f 2824/3004/419 2825/2021/419 2826/3016/419
f 2829/3018/420 2830/2584/420 2831/2032/420
f 2832/2789/421 2833/2792/421 2834/2583/421
f 2835/1608/422 2836/3011/422 2837/2580/422
f 2838/3021/423 2839/2579/423 2840/2022/423
f 2841/3008/424 2842/1949/424 2843/2591/424
f 2844/1609/353 2845/2592/353 2846/1945/353
f 2847/3014/425 2848/2063/425 2849/1617/425
f 2852/3015/426 2853/1618/426 2854/1420/426
f 2855/2137/427 2856/2181/427 2857/1491/427
f 2858/2602/428 2859/2065/428 2860/2614/428
f 2863/2617/429 2864/1466/429 2865/1764/429
f 2866/2477/430 2867/1669/430 2868/2057/430
f 2869/2058/431 2870/2049/431 2871/2119/431
f 2876/2121/432 2877/2642/432 2878/2661/432
f 2879/2433/433 2880/2110/433 2881/2305/433
f 2882/2140/434 2883/2305/434 2884/2633/434
f 2885/2297/435 2886/1440/435 2887/2123/435
f 2888/1450/436 2889/1688/436 2890/1440/436
f 2893/2306/437 2894/1793/437 2895/2796/437
f 2896/2156/438 2897/1699/438 2898/2160/438
f 2901/2155/439 2902/2267/439 2903/1704/439
f 2904/2134/440 2905/2155/440 2906/2644/440
f 2907/1499/441 2908/1435/441 2909/1658/441
f 2910/2148/442 2911/1499/442 2912/2408/442
f 2913/1498/443 2914/2133/443 2915/2652/443
f 2916/2151/340 2917/2409/340 2918/1498/340
f 2921/2296/444 2922/2126/444 2923/2138/444
f 2924/2295/445 2925/2257/445 2926/1715/445
f 2931/2427/446 2932/1550/446 2933/2094/446
f 2934/2430/447 2935/1721/447 2936/2159/447
f 2939/2429/448 2940/2284/448 2941/1726/448
f 2942/2152/449 2943/2648/449 2944/2684/449
f 2947/2314/450 2948/1882/450 2949/2697/450
f 2952/2122/391 2953/2660/391 2954/2658/391
f 2957/2304/451 2958/1876/451 2959/2627/451
f 2962/2258/452 2963/2264/452 2964/2116/452
f 2967/2259/409 2968/1680/409 2969/2252/409
f 2970/2709/330 2971/2263/330 2972/2087/330
f 2975/3025/453 2976/2046/453 2977/2463/453
f 2980/2262/454 2981/1442/454 2982/2088/454
f 2983/2168/455 2984/2704/455 2985/1636/455
f 2988/2458/330 2989/1692/330 2990/2461/330
f 2991/2724/326 2992/2462/326 2993/1689/326
f 2994/1429/456 2995/1691/456 2996/2457/456
f 2999/2172/457 3000/2456/457 3001/1642/457
f 3002/2718/330 3003/2171/330 3004/1657/330
f 3007/2174/326 3008/2719/326 3009/1654/326
f 3010/1433/458 3011/1656/458 3012/2170/458
f 3015/2176/459 3016/2392/459 3017/2073/459
f 3020/2332/460 3021/1763/460 3022/2333/460
f 3023/2749/461 3024/2334/461 3025/1759/461
f 3028/2486/462 3029/2071/462 3030/2489/462
f 3031/2606/354 3032/2490/354 3033/1711/354
f 3036/2485/463 3037/1488/463 3038/1713/463
f 3039/1418/464 3040/2743/464 3041/2037/464
f 3044/2496/465 3045/2230/465 3046/2233/465
f 3047/2618/466 3048/2342/466 3049/2487/466
f 3050/1468/467 3051/1729/467 3052/2495/467
f 3055/2240/468 3056/2493/468 3057/1731/468
f 3058/1472/469 3059/2228/469 3060/2758/469
f 3063/2242/470 3064/2384/470 3065/1736/470
f 3068/2515/471 3069/1746/471 3070/2518/471
f 3071/2245/472 3072/2519/472 3073/1742/472
f 3076/2524/465 3077/2219/465 3078/2525/465
f 3079/2247/354 3080/2526/354 3081/1747/354
f 3082/1480/473 3083/2220/473 3084/2523/473
f 3087/2790/474 3088/2521/474 3089/2211/474
f 3092/2577/342 3093/2209/342 3094/2581/342
f 3095/2565/475 3096/2582/475 3097/2012/475
f 3098/2784/333 3099/2250/333 3100/1631/333
f 3103/1416/476 3104/2785/476 3105/1628/476
f 3106/2301/467 3107/2640/467 3108/2115/467
f 3111/1439/477 3112/2299/477 3113/2124/477
f 3114/2309/478 3115/2637/478 3116/2113/478
f 3117/2069/479 3118/2060/479 3119/2700/479
f 3120/2128/480 3121/2276/480 3122/2585/480
f 3127/2268/481 3128/1492/481 3129/2180/481
f 3130/2280/482 3131/2586/482 3132/1622/482
f 3133/2279/483 3134/1695/483 3135/2612/483
f 3138/2358/484 3139/2810/484 3140/2807/484
f 3141/2344/485 3142/2269/485 3143/2027/485
f 3144/2362/486 3145/2803/486 3146/2816/486
f 3147/2272/487 3148/2351/487 3149/1674/487
f 3154/2282/488 3155/1858/488 3156/2752/488
f 3157/2337/489 3158/1679/489 3159/2350/489
f 3162/2144/490 3163/2664/490 3164/2281/490
f 3169/2303/491 3170/1502/491 3171/2659/491
f 3172/2324/488 3173/2288/488 3174/1648/488
f 3179/2290/381 3180/2653/381 3181/1543/381
f 3182/2388/492 3183/2406/492 3184/2287/492
f 3185/2411/493 3186/2287/493 3187/2833/493
f 3188/2307/494 3189/2830/494 3190/1800/494
f 3191/2319/495 3192/2131/495 3193/2437/495
f 3196/2413/496 3197/2695/496 3198/1884/496
f 3199/1506/416 3200/2104/416 3201/2438/416
f 3202/2438/435 3203/2130/435 3204/2387/435
f 3205/2416/454 3206/2849/454 3207/2106/454
f 3210/2317/325 3211/1894/325 3212/2419/325
f 3213/2312/497 3214/2100/497 3215/2313/497
f 3216/2854/498 3217/2846/498 3218/2655/498
f 3221/2322/499 3222/1787/499 3223/1536/499
f 3224/2422/500 3225/2682/500 3226/2389/500
f 3227/2862/501 3228/2075/501 3229/2393/501
f 3230/2329/502 3231/2390/502 3232/1770/502
f 3233/2390/503 3234/2731/503 3235/2076/503
f 3236/2285/504 3237/2746/504 3238/1950/504
f 3239/2331/505 3240/2736/505 3241/1762/505
f 3242/2283/506 3243/1698/506 3244/2615/506
f 3245/2615/507 3246/2040/507 3247/2178/507
f 3248/2343/508 3249/2326/508 3250/2339/508
f 3255/2345/509 3256/1521/509 3257/1831/509
f 3258/2348/510 3259/2620/510 3260/1820/510
f 3261/2325/511 3262/2232/511 3263/2340/511
f 3266/2376/480 3267/2815/480 3268/2873/480
f 3269/2355/512 3270/2346/512 3271/1826/512
f 3274/2136/513 3275/2274/513 3276/2182/513
f 3279/2558/514 3280/2875/514 3281/1531/514
f 3282/2382/515 3283/2880/515 3284/1776/515
f 3285/2357/516 3286/2353/516 3287/2811/516
f 3290/2507/517 3291/2890/517 3292/2882/517
f 3293/2564/518 3294/1527/518 3295/2006/518
f 3296/2369/519 3297/1783/519 3298/1527/519
f 3301/2557/520 3302/2902/520 3303/2876/520
f 3304/2899/521 3305/2189/521 3306/1529/521
f 3307/2365/522 3308/1528/522 3309/1784/522
f 3312/2370/523 3313/1578/523 3314/2888/523
f 3315/2378/524 3316/2503/524 3317/1781/524
f 3318/2910/525 3319/2763/525 3320/1739/525
f 3323/2377/482 3324/2872/482 3325/2903/482
f 3326/2375/526 3327/2498/526 3328/2502/526
f 3329/2505/527 3330/1740/527 3331/2385/527
f 3332/2380/528 3333/2765/528 3334/2759/528
f 3335/2759/529 3336/2227/529 3337/2497/529
f 3338/2294/530 3339/2687/530 3340/2321/530
f 3341/2373/531 3342/2321/531 3343/2733/531
f 3344/2394/532 3345/2082/532 3346/2395/532
f 3351/2399/533 3352/1870/533 3353/1554/533
f 3354/2402/534 3355/2832/534 3356/2726/534
f 3357/2396/535 3358/2081/535 3359/2714/535
f 3362/2404/536 3363/1904/536 3364/1547/536
f 3365/2442/464 3366/2654/464 3367/2289/464
f 3368/2423/537 3369/2289/537 3370/2839/537
f 3371/2162/538 3372/2841/538 3373/2095/538
f 3374/1546/539 3375/2097/539 3376/2316/539
f 3377/2445/540 3378/2930/540 3379/1907/540
f 3380/2674/454 3381/2420/454 3382/2099/454
f 3385/2428/541 3386/1664/541 3387/2928/541
f 3388/2426/542 3389/2850/542 3390/2403/542
f 3393/1422/543 3394/2146/543 3395/2047/543
f 3396/2421/544 3397/2432/544 3398/1910/544
f 3401/2143/545 3402/2678/545 3403/2431/545
f 3404/2443/546 3405/2625/546 3406/2937/546
f 3409/2439/547 3410/1922/547 3411/1557/547
f 3412/2481/548 3413/2837/548 3414/2398/548
f 3417/2436/549 3418/2919/549 3419/1560/549
f 3420/2449/550 3421/1560/550 3422/2945/550
f 3423/2447/551 3424/2472/551 3425/1933/551
f 3426/2472/552 3427/2465/552 3428/1639/552
f 3431/2451/553 3432/1565/553 3433/2713/553
f 3434/2453/549 3435/2943/549 3436/2471/549
f 3437/2952/554 3438/1640/554 3439/2164/554
f 3440/2466/555 3441/2044/555 3442/2473/555
f 3447/2964/556 3448/1569/556 3449/2959/556
f 3450/2475/557 3451/2935/557 3452/2962/557
f 3453/2452/558 3454/2712/558 3455/2479/558
f 3456/1443/559 3457/2474/559 3458/2043/559
f 3459/2208/560 3460/1616/560 3461/2482/560
f 3464/2540/345 3465/2968/345 3466/2909/345
f 3467/2468/561 3468/2371/561 3469/1846/561
f 3470/2542/562 3471/2774/562 3472/2372/562
f 3473/2883/563 3474/2364/563 3475/2192/563
f 3476/2560/473 3477/2528/473 3478/2196/473
f 3479/2527/564 3480/2973/564 3481/1842/564
f 3482/2506/565 3483/2501/565 3484/2891/565
f 3487/2517/566 3488/1988/566 3489/1584/566
f 3490/2510/412 3491/2970/412 3492/1962/412
f 3493/2514/567 3494/2770/567 3495/2222/567
f 3498/2516/568 3499/2780/568 3500/2778/568
f 3501/2534/569 3502/2532/569 3503/2214/569
f 3508/2547/436 3509/1592/436 3510/2201/436
f 3511/2554/504 3512/2541/504 3513/1968/504
f 3514/2539/570 3515/2556/570 3516/1941/570
f 3517/2974/458 3518/2551/458 3519/2202/458
f 3520/2550/325 3521/2548/325 3522/1991/325
f 3523/2545/496 3524/2986/496 3525/2996/496
f 3526/2893/571 3527/2537/571 3528/2200/571
f 3531/2552/572 3532/2971/572 3533/2203/572
f 3534/2567/573 3535/2531/573 3536/1980/573
f 3537/2531/574 3538/2569/574 3539/2215/574
f 3540/2609/575 3541/2360/575 3542/2184/575
f 3543/2813/473 3544/2887/473 3545/2188/473
f 3546/2622/576 3547/2055/576 3548/2904/576
f 3549/2994/577 3550/2553/577 3551/1995/577
f 3552/2571/578 3553/3001/578 3554/2553/578
f 3557/2597/579 3558/1600/579 3559/2999/579
f 3562/2573/580 3563/3013/580 3564/3010/580
f 3565/2575/581 3566/2598/581 3567/2000/581
f 3568/2604/582 3569/2019/582 3570/1601/582
f 3573/2580/583 3574/2034/583 3575/1605/583
f 3576/2589/584 3577/2576/584 3578/2017/584
f 3579/2576/585 3580/2588/585 3581/2015/585
f 3582/2091/586 3583/2050/586 3584/2249/586
f 3585/3019/587 3586/2794/587 3587/2579/587
f 3588/3022/588 3589/2023/588 3590/2572/588
f 3591/3024/589 3592/2595/589 3593/1445/589
f 3594/2478/590 3595/1673/590 3596/1424/590
f 3597/2093/591 3598/1629/591 3599/1417/591
f 3600/2207/592 3601/1615/592 3602/1571/592
f 3603/2623/593 3604/1946/593 3605/1611/593
f 3606/2603/594 3607/2038/594 3608/1419/594
f 3609/2070/595 3610/1619/595 3611/1421/595
f 3612/2067/596 3613/1462/596 3614/1624/596
f 3615/2608/597 3616/1490/597 3617/1712/597
f 3618/2750/598 3619/1460/598 3620/1760/598
f 3621/2177/599 3622/1436/599 3623/1706/599
f 3624/2175/600 3625/1432/600 3626/1655/600
f 3627/2173/601 3628/1454/601 3629/1643/601
f 3630/2725/597 3631/1431/597 3632/1690/597
f 3633/2169/602 3634/1425/602 3635/1637/602
f 3636/2167/603 3637/1441/603 3638/1633/603
f 3639/2166/604 3640/1632/604 3641/2710/604
f 3642/2163/605 3643/1549/605 3644/1667/605
f 3645/2676/606 3646/1545/606 3647/1896/606
f 3648/2415/607 3649/1510/607 3650/1885/607
f 3651/2418/608 3652/1505/608 3653/1806/608
f 3654/2308/609 3655/1503/609 3656/1801/609
f 3657/2310/610 3658/1452/610 3659/1796/610
f 3660/2302/611 3661/1451/611 3662/1687/611
f 3663/2255/612 3664/1447/612 3665/1682/612
f 3666/2254/613 3667/1681/613 3668/2253/613
f 3669/1570/614 3670/1614/614 3671/2703/614
f 3672/2156/615 3673/1676/615 3674/1494/615
f 3675/2647/616 3676/1772/616 3677/1512/616
f 3684/2693/617 3685/1497/617 3686/1861/617
f 3687/2672/618 3688/2692/618 3689/1860/618
f 3690/1464/619 3691/2649/619 3692/1625/619
f 3693/2611/620 3694/1523/620 3695/1779/620
f 3696/2814/621 3697/1595/621 3698/1840/621
f 3699/2884/622 3700/1525/622 3701/2009/622
f 3702/2562/621 3703/1579/621 3704/1844/621
f 3705/2895/623 3706/1590/623 3707/1971/623
f 3708/2975/624 3709/1591/624 3710/1993/624
f 3711/2992/625 3712/1597/625 3713/1997/625
f 3714/2990/626 3715/1996/626 3716/2995/626
f 3717/2566/627 3718/1486/627 3719/2013/627
f 3720/2791/628 3721/1482/628 3722/1752/628
f 3723/2248/591 3724/1479/591 3725/1748/591
f 3726/2246/629 3727/1477/629 3728/1743/629
f 3729/2244/630 3730/1476/630 3731/1737/630
f 3732/2241/631 3733/1471/631 3734/1732/631
f 3735/2238/591 3736/1470/591 3737/1728/591
f 3738/2239/632 3739/1727/632 3740/2235/632
f 3743/2650/633 3744/1723/633 3745/1459/633
f 3748/2635/634 3749/2639/634 3750/1685/634
f 3753/2638/635 3754/1702/635 3755/1457/635
f 3756/2701/636 3757/1456/636 3758/1701/636
f 3759/2613/637 3760/1516/637 3761/1696/637
f 3766/2799/638 3767/1823/638 3768/2817/638
f 3769/2804/639 3770/1834/639 3771/1573/639
f 3772/2806/640 3773/2822/640 3774/1835/640
f 3775/2827/641 3776/1513/641 3777/1953/641
f 3778/2828/642 3779/2826/642 3780/1952/642
f 3781/2288/643 3782/1816/643 3783/1542/643
f 3786/2843/644 3787/2699/644 3788/1790/644
f 3789/2663/645 3790/2842/645 3791/1789/645
f 3792/2831/646 3793/1799/646 3794/2121/646
f 3795/2122/647 3796/1803/647 3797/2631/647
f 3800/2848/648 3801/1804/648 3802/2844/648
f 3803/2686/649 3804/2845/649 3805/1810/649
f 3814/2860/650 3815/2745/650 3816/1955/650
f 3819/2751/651 3820/1693/651 3821/2614/651
f 3822/1519/652 3823/2327/652 3824/1825/652
f 3827/1576/653 3828/1867/653 3829/2865/653
f 3830/2347/654 3831/1866/654 3832/2867/654
f 3833/1524/655 3834/2881/655 3835/1780/655
f 3846/2911/612 3847/1977/612 3848/2870/612
f 3849/2871/656 3850/1976/656 3851/1535/656
f 3854/2908/657 3855/1974/657 3856/2761/657
f 3857/1540/658 3858/2322/658 3859/1890/658
f 3862/2913/659 3863/2859/659 3864/1888/659
f 3865/2730/660 3866/2914/660 3867/1893/660
f 3868/2861/661 3869/1814/661 3870/2728/661
f 3875/2836/662 3876/2927/662 3877/1872/662
f 3880/2696/663 3881/2929/663 3882/1906/663
f 3883/2857/664 3884/2924/664 3885/1925/664
f 3886/2916/665 3887/2858/665 3888/1924/665
f 3889/2933/666 3890/1912/666 3891/1553/666
f 3892/2932/667 3893/1913/667 3894/2934/667
f 3895/2624/668 3896/1900/668 3897/1567/668
f 3900/1563/669 3901/2941/669 3902/1854/669
f 3903/2942/670 3904/2917/670 3905/1855/670
f 3908/2951/671 3909/1561/671 3910/1935/671
f 3915/2955/672 3916/2915/672 3917/1852/672
f 3918/2948/673 3919/2954/673 3920/1857/673
f 3921/2717/674 3922/2705/674 3923/1921/674
f 3924/2707/675 3925/2715/675 3926/1916/675
f 3929/2949/676 3930/1898/676 3931/2963/676
f 3932/2708/677 3933/1928/677 3934/2957/677
f 3935/2961/678 3936/2956/678 3937/1932/678
f 3938/2940/679 3939/1612/679 3940/2483/679
f 3941/2960/680 3942/1931/680 3943/2965/680
f 3944/2740/681 3945/2484/681 3946/1837/681
f 3947/2485/682 3948/2742/682 3949/1832/682
f 3950/2495/683 3951/2878/683 3952/1864/683
f 3953/2864/684 3954/2748/684 3955/1869/684
f 3956/1582/685 3957/1965/685 3958/2757/685
f 3961/1581/686 3962/2508/686 3963/1845/686
f 3966/2907/687 3967/2969/687 3968/1967/687
f 3971/2978/688 3972/2779/688 3973/1986/688
f 3974/2775/689 3975/2979/689 3976/1990/689
f 3977/1587/690 3978/2781/690 3979/1944/690
f 3980/2783/691 3981/2980/691 3982/1939/691
f 3985/2898/692 3986/2989/692 3987/1973/692
f 3990/1593/693 3991/1983/693 3992/2998/693
f 3995/2982/694 3996/3007/694 3997/1985/694
f 3998/1596/695 3999/2558/695 4000/1841/695
f 4001/2557/648 4002/2886/648 4003/1838/648
f 4006/2993/696 4007/2003/696 4008/3009/696
f 4009/3006/697 4010/2020/697 4011/1603/697
f 4014/3005/698 4015/3017/698 4016/2021/698
f 4019/3018/699 4020/2032/699 4021/2584/699
f 4022/2789/700 4023/2583/700 4024/2036/700
f 4025/1608/701 4026/2580/701 4027/2026/701
f 4028/3023/702 4029/2022/702 4030/2795/702
f 4031/3008/703 4032/2594/703 4033/1949/703
f 4034/1609/631 4035/1945/631 4036/2593/631
f 4037/3014/704 4038/1617/704 4039/2063/704
f 4042/3015/705 4043/1420/705 4044/1618/705
f 4045/2137/706 4046/1491/706 4047/2030/706
f 4048/2602/707 4049/2614/707 4050/2039/707
f 4053/2617/708 4054/1764/708 4055/1466/708
f 4056/2477/709 4057/2057/709 4058/1669/709
f 4059/2059/710 4060/2119/710 4061/1670/710
f 4066/2121/711 4067/1878/711 4068/2643/711
f 4069/2434/712 4070/2305/712 4071/1798/712
f 4072/2140/713 4073/1724/713 4074/2651/713
f 4075/2298/714 4076/1719/714 4077/1440/714
f 4078/1450/715 4079/1440/715 4080/1688/715
f 4083/2306/716 4084/2796/716 4085/1793/716
f 4086/2157/717 4087/2160/717 4088/1699/717
f 4091/2158/718 4092/1704/718 4093/2267/718
f 4094/2134/719 4095/1677/719 4096/2626/719
f 4097/1499/720 4098/1658/720 4099/1435/720
f 4100/2148/721 4101/1651/721 4102/1500/721
f 4103/1498/722 4104/2652/722 4105/1659/722
f 4106/2151/618 4107/1498/618 4108/1650/618
f 4111/2296/723 4112/2138/723 4113/1716/723
f 4114/2295/724 4115/1715/724 4116/2257/724
f 4121/2427/725 4122/1668/725 4123/1551/725
f 4124/2430/726 4125/2159/726 4126/1721/726
f 4129/2429/727 4130/1726/727 4131/2284/727
f 4132/2154/728 4133/1773/728 4134/2648/728
f 4137/2315/729 4138/2697/729 4139/1882/729
f 4142/2122/670 4143/2658/670 4144/1879/670
f 4147/2304/730 4148/2627/730 4149/1876/730
f 4152/2261/731 4153/1684/731 4154/2265/731
f 4157/2260/688 4158/2252/688 4159/1680/688
f 4160/2709/624 4161/1635/624 4162/2263/624
f 4165/3025/732 4166/2463/732 4167/2596/732
f 4170/2262/733 4171/1634/733 4172/1442/733
f 4173/2168/734 4174/1636/734 4175/2704/734
f 4178/2459/608 4179/2461/608 4180/1692/608
f 4181/2724/604 4182/1689/604 4183/2462/604
f 4184/1430/735 4185/2460/735 4186/1691/735
f 4189/2172/736 4190/1642/736 4191/2456/736
f 4192/2718/608 4193/1657/608 4194/2171/608
f 4197/2174/604 4198/1654/604 4199/2719/604
f 4200/1433/737 4201/2170/737 4202/1656/737
f 4205/2176/738 4206/1705/738 4207/2392/738
f 4210/2332/739 4211/2336/739 4212/1763/739
f 4213/2749/740 4214/1759/740 4215/2335/740
f 4218/2486/741 4219/2491/741 4220/1714/741
f 4221/2606/632 4222/1711/632 4223/2490/632
f 4226/2485/742 4227/1713/742 4228/1489/742
f 4229/1418/743 4230/2037/743 4231/2744/743
f 4234/2496/624 4235/2233/624 4236/1730/624
f 4237/2618/744 4238/2488/744 4239/1765/744
f 4240/1469/745 4241/2495/745 4242/1729/745
f 4245/2240/746 4246/1731/746 4247/2494/746
f 4248/1473/747 4249/2758/747 4250/1733/747
f 4253/2242/748 4254/1736/748 4255/2384/748
f 4258/2515/749 4259/2518/749 4260/1746/749
f 4261/2245/750 4262/1742/750 4263/2519/750
f 4266/2524/751 4267/2525/751 4268/1750/751
f 4269/2247/632 4270/1747/632 4271/2526/632
f 4272/1481/752 4273/2523/752 4274/1749/752
f 4277/2790/753 4278/1751/753 4279/2522/753
f 4282/2578/620 4283/2581/620 4284/2016/620
f 4285/2565/698 4286/2012/698 4287/2582/698
f 4288/2787/624 4289/1631/624 4290/2250/624
f 4293/1416/754 4294/1628/754 4295/2786/754
f 4296/2301/745 4297/1686/745 4298/2641/745
f 4301/1439/755 4302/1718/755 4303/2300/755
f 4304/2311/756 4305/1795/756 4306/2637/756
f 4307/2069/757 4308/2700/757 4309/1620/757
f 4310/2128/758 4311/2587/758 4312/1627/758
f 4317/2271/759 4318/2031/759 4319/1492/759
f 4320/2280/760 4321/1622/760 4322/2586/760
f 4323/2279/761 4324/2612/761 4325/1695/761
f 4328/2358/762 4329/2808/762 4330/1829/762
f 4331/2344/763 4332/2027/763 4333/2270/763
f 4334/2362/764 4335/2816/764 4336/1822/764
f 4337/2272/765 4338/1674/765 4339/2351/765
f 4344/2282/766 4345/2752/766 4346/1858/766
f 4347/2338/767 4348/2350/767 4349/1679/767
f 4352/2145/768 4353/2281/768 4354/1863/768
f 4359/2303/769 4360/1881/769 4361/1502/769
f 4362/2324/766 4363/1648/766 4364/2288/766
f 4369/2291/659 4370/1543/659 4371/1808/659
f 4372/2388/770 4373/2287/770 4374/1653/770
f 4375/2412/771 4376/1817/771 4377/2287/771
f 4378/2307/772 4379/1800/772 4380/2830/772
f 4381/2320/773 4382/2437/773 4383/1661/773
f 4386/2413/774 4387/1884/774 4388/2695/774
f 4389/1507/695 4390/2438/695 4391/1807/695
f 4392/2438/714 4393/2387/714 4394/1662/714
f 4395/2416/733 4396/1805/733 4397/2849/733
f 4400/2317/603 4401/2419/603 4402/1894/603
f 4403/2312/775 4404/2313/775 4405/1887/775
f 4406/2854/776 4407/1811/776 4408/2847/776
f 4411/2323/777 4412/1536/777 4413/1787/777
f 4414/2422/778 4415/2389/778 4416/1775/778
f 4417/2862/779 4418/2393/779 4419/1709/779
f 4420/2330/780 4421/1770/780 4422/2390/780
f 4423/2863/781 4424/1708/781 4425/2731/781
f 4426/2285/782 4427/1950/782 4428/2746/782
f 4429/2331/783 4430/1762/783 4431/2737/783
f 4432/2283/784 4433/2615/784 4434/1698/784
f 4435/2616/785 4436/2178/785 4437/2040/785
f 4438/2343/786 4439/1768/786 4440/2327/786
f 4445/2345/787 4446/1831/787 4447/1522/787
f 4448/2348/788 4449/1820/788 4450/2620/788
f 4451/2328/789 4452/1767/789 4453/2232/789
f 4456/2376/758 4457/1961/758 4458/2815/758
f 4459/2355/790 4460/1826/790 4461/2347/790
f 4464/2136/791 4465/2029/791 4466/2274/791
f 4469/2559/792 4470/1533/792 4471/1959/792
f 4472/2382/793 4473/1776/793 4474/2880/793
f 4475/2357/794 4476/1828/794 4477/2354/794
f 4480/2508/795 4481/2882/795 4482/1849/795
f 4483/2564/796 4484/2006/796 4485/1527/796
f 4486/2369/797 4487/1530/797 4488/1783/797
f 4491/2557/798 4492/1958/798 4493/2902/798
f 4494/2900/799 4495/1528/799 4496/2011/799
f 4497/2367/800 4498/1784/800 4499/1529/800
f 4502/2370/801 4503/1851/801 4504/1578/801
f 4505/2378/802 4506/1781/802 4507/2504/802
f 4508/2910/803 4509/1739/803 4510/2763/803
f 4513/2377/760 4514/2903/760 4515/1956/760
f 4516/2375/804 4517/2505/804 4518/1786/804
f 4519/2505/805 4520/2386/805 4521/1740/805
f 4522/2380/806 4523/2762/806 4524/1979/806
f 4525/2760/807 4526/2497/807 4527/1734/807
f 4528/2294/808 4529/2321/808 4530/1792/808
f 4531/2373/809 4532/1891/809 4533/2321/809
f 4534/2394/810 4535/2395/810 4536/1645/810
f 4541/2399/811 4542/1556/811 4543/1870/811
f 4544/2402/812 4545/2726/812 4546/1819/812
f 4547/2397/813 4548/2714/813 4549/1646/813
f 4552/2404/814 4553/1547/814 4554/1904/814
f 4555/2442/743 4556/2292/743 4557/1813/743
f 4558/2423/815 4559/1873/815 4560/2926/815
f 4561/2162/816 4562/1666/816 4563/2841/816
f 4564/1546/632 4565/2316/632 4566/1897/632
f 4567/2446/817 4568/1907/817 4569/2931/817
f 4570/2677/733 4571/1895/733 4572/2420/733
f 4575/2428/818 4576/2928/818 4577/1664/818
f 4578/2426/819 4579/2405/819 4580/1909/819
f 4583/1422/820 4584/1672/820 4585/2147/820
f 4586/2421/821 4587/1910/821 4588/2432/821
f 4591/2143/822 4592/2431/822 4593/1915/822
f 4594/2443/823 4595/1901/823 4596/2625/823
f 4599/2439/824 4600/1557/824 4601/1922/824
f 4602/2481/825 4603/2400/825 4604/1875/825
f 4607/2436/826 4608/2440/826 4609/1927/826
f 4610/2449/827 4611/1936/827 4612/1560/827
f 4613/2447/828 4614/1933/828 4615/2472/828
f 4616/2472/829 4617/1639/829 4618/2465/829
f 4621/2451/830 4622/1918/830 4623/1565/830
f 4624/2454/831 4625/2471/831 4626/1938/831
f 4627/2953/832 4628/2164/832 4629/1640/832
f 4630/2467/833 4631/2473/833 4632/2044/833
f 4637/2964/834 4638/1930/834 4639/1569/834
f 4640/2475/835 4641/2962/835 4642/1903/835
f 4643/2452/836 4644/2479/836 4645/1919/836
f 4646/1446/837 4647/2043/837 4648/2474/837
f 4649/2208/838 4650/2482/838 4651/1616/838
f 4654/2540/623 4655/2909/623 4656/1942/623
f 4657/2470/839 4658/1846/839 4659/2372/839
f 4660/2543/840 4661/2371/840 4662/1964/840
f 4663/2885/841 4664/2008/841 4665/2364/841
f 4666/2563/842 4667/1843/842 4668/2529/842
f 4669/2530/634 4670/1842/634 4671/2973/634
f 4672/2509/843 4673/1848/843 4674/2501/843
f 4677/2517/844 4678/1584/844 4679/1988/844
f 4680/2513/691 4681/1962/691 4682/2970/691
f 4683/2514/845 4684/1745/845 4685/2770/845
f 4688/2516/846 4689/1987/846 4690/2780/846
f 4691/2534/847 4692/1756/847 4693/2532/847
f 4698/2547/715 4699/1994/715 4700/1592/715
f 4701/2554/782 4702/1968/782 4703/2541/782
f 4704/2541/848 4705/1941/848 4706/2556/848
f 4707/2974/737 4708/1992/737 4709/2551/737
f 4710/2550/600 4711/1991/600 4712/2549/600
f 4713/2546/774 4714/2996/774 4715/1982/774
f 4716/2896/849 4717/1970/849 4718/2538/849
f 4721/2552/850 4722/1999/850 4723/2971/850
f 4724/2567/851 4725/1980/851 4726/2531/851
f 4727/2533/852 4728/1755/852 4729/2569/852
f 4730/2609/853 4731/1778/853 4732/2361/853
f 4733/2813/842 4734/1839/842 4735/2887/842
f 4736/2622/854 4737/2904/854 4738/1947/854
f 4739/2994/855 4740/1995/855 4741/2553/855
f 4742/2571/856 4743/2553/856 4744/2002/856
f 4747/2600/857 4748/2005/857 4749/1600/857
f 4752/2574/858 4753/3010/858 4754/2024/858
f 4755/2575/859 4756/2000/859 4757/2599/859
f 4758/2605/860 4759/1604/860 4760/2019/860
f 4763/2580/861 4764/1605/861 4765/2034/861
f 4766/2589/862 4767/2017/862 4768/2576/862
f 4769/2576/863 4770/2015/863 4771/2588/863
f 4772/2092/745 4773/2251/745 4774/1630/745
f 4775/3020/864 4776/2579/864 4777/2033/864
f 4778/3022/865 4779/2572/865 4780/2023/865
f 2975/3025/866 2401/3024/866 2403/2042/866 2976/2046/866
f 2866/2477/867 2404/2476/867 2406/1673/867 2867/1669/867
f 3582/2091/868 2407/2090/868 2409/1629/868 3583/2050/868
f 3459/2208/867 2410/2207/867 2412/2051/867 3460/1616/867
f 3546/2622/869 2413/2621/869 2415/2056/869 3547/2055/869
f 3047/2618/870 2863/2617/870 2865/1764/870 3048/2342/870
f 3117/2069/871 2419/2068/871 2421/2061/871 3118/2060/871
f 2849/1617/872 2853/1618/872 2852/3015/872 2847/3014/872
f 2858/2602/868 2416/2601/868 2418/2038/868 2859/2065/868
f 2420/1421/868 2854/1420/868 2853/1618/868 2421/2061/868
f 2417/1419/873 3039/1418/873 3041/2037/873 2418/2038/873
f 2425/2607/874 3031/2606/874 3033/1711/874 2426/1712/874
f 2428/2750/875 3023/2749/875 3025/1759/875 2429/1760/875
f 2431/2177/876 3015/2176/876 3017/2073/876 2432/2078/876
f 2434/2175/874 3007/2174/874 3009/1654/874 2435/2079/874
f 2437/2173/877 2999/2172/877 3001/1642/877 2438/1643/877
f 2440/2725/874 2991/2724/874 2993/1689/874 2441/2083/874
f 2443/2169/878 2983/2168/878 2985/1636/878 2444/2086/878
f 2446/2167/874 2449/2166/874 2451/1632/874 2447/2089/874
f 2405/1423/879 3393/1422/879 3395/2047/879 2406/1673/879
f 2452/2163/880 3371/2162/880 3373/2095/880 2453/1667/880
f 2455/2675/881 3380/2674/881 3382/2099/881 2456/2098/881
f 2458/2414/882 3196/2413/882 3198/1884/882 2459/2102/882
f 2461/2417/881 3205/2416/881 3207/2106/881 2462/2105/881
f 2464/2308/883 3188/2307/883 3190/1800/883 2465/2109/883
f 2467/2310/884 3114/2309/884 3116/2113/884 2468/2112/884
f 2470/2302/881 3106/2301/881 3108/2115/881 2471/1687/881
f 2473/2255/885 2476/2254/885 2478/1681/885 2474/2118/885
f 2867/1669/886 2870/2049/886 2869/2058/886 2868/2057/886
f 2875/2111/887 2880/2110/887 2879/2433/887 2874/1453/887
f 2887/2123/888 2891/1720/888 2892/2256/888 2885/2297/888
f 2896/2156/874 2901/2155/874 2903/1704/874 2897/1699/874
f 2909/1658/889 2914/2133/889 2913/1498/889 2907/1499/889
f 2920/2667/890 2903/1704/890 2902/2267/890 2919/2266/890
f 2851/2161/891 2898/2160/891 2897/1699/891 2850/2670/891
f 2926/1715/892 2922/2126/892 2921/2296/892 2924/2295/892
f 2893/2306/893 2881/2305/893 2880/2110/893 2894/1793/893
f 2930/2120/894 2871/2119/894 2870/2049/894 2929/2048/894
f 2934/2430/895 2939/2429/895 2941/1726/895 2935/1721/895
f 2928/1458/896 2936/2159/896 2935/1721/896 2927/1722/896
f 2946/2129/890 2909/1658/890 2908/1435/890 2945/1434/890
f 2951/2318/897 2915/2652/897 2914/2133/897 2950/2132/897
f 2956/2632/898 2941/1726/898 2940/2284/898 2955/2141/898
f 2891/1720/890 2926/1715/890 2925/2257/890 2892/2256/890
f 2961/2139/897 2923/2138/897 2922/2126/897 2960/2125/897
f 2966/1621/899 2849/1617/899 2848/2063/899 2965/2062/899
f 2972/2087/867 2451/1632/867 2450/2710/867 2970/2709/867
f 2979/2084/900 2985/1636/900 2984/2704/900 2978/2165/900
f 2987/1426/901 2445/1425/901 2444/2086/901 2986/2085/901
f 2994/1429/868 2442/1428/868 2441/2083/868 2995/1691/868
f 3004/1657/867 3009/1654/867 3008/2719/867 3002/2718/867
f 3010/1433/868 2436/1432/868 2435/2079/868 3011/1656/868
f 3019/1437/897 2433/1436/897 2432/2078/897 3018/2077/897
f 3027/1461/902 2430/1460/902 2429/1760/902 3026/2072/902
f 3035/2064/903 3041/2037/903 3040/2743/903 3034/2179/903
f 2855/2137/904 3274/2136/904 3276/2182/904 2856/2181/904
f 2503/2610/905 3540/2609/905 3542/2184/905 2504/2183/905
f 2506/2814/881 3543/2813/881 3545/2188/881 2507/1840/881
f 2509/2884/906 3473/2883/906 3475/2192/906 2510/2191/906
f 2512/2561/881 3476/2560/881 3478/2196/881 2513/2195/881
f 2515/2894/907 3526/2893/907 3528/2200/907 2516/2199/907
f 2518/2975/881 3517/2974/881 3519/2202/881 2519/1993/881
f 2521/2991/908 2524/2990/908 2526/2206/908 2522/2205/908
f 2408/1417/874 3103/1416/874 3105/1628/874 2409/1629/874
f 2527/2566/909 3095/2565/909 3097/2012/909 2528/2210/909
f 2530/2791/910 3087/2790/910 3089/2211/910 2531/2218/910
f 2533/2248/874 3079/2247/874 3081/1747/874 2534/2221/874
f 2536/2246/911 3071/2245/911 3073/1742/911 2537/1743/911
f 2539/2243/912 3063/2242/912 3065/1736/912 2540/2225/912
f 2542/2241/913 3055/2240/913 3057/1731/913 2543/2229/913
f 2545/2237/874 2548/2236/874 2550/1727/874 2546/1728/874
f 3043/2231/914 3049/2487/914 3048/2342/914 3042/2341/914
f 3050/1468/868 2547/1467/868 2546/1728/868 3051/1729/868
f 3058/1472/868 2544/1471/868 2543/2229/868 3059/2228/868
f 3067/1475/897 2541/1474/897 2540/2225/897 3066/2224/897
f 3075/1478/915 2538/1477/915 2537/1743/915 3074/1744/915
f 3082/1480/868 2535/1479/868 2534/2221/868 3083/2220/868
f 3091/1483/896 2532/1482/896 2531/2218/896 3090/2217/896
f 3100/1631/867 3105/1628/867 3104/2785/867 3098/2784/867
f 2474/2118/888 3109/2117/888 3110/1448/888 2475/1447/888
f 2471/1687/867 2889/1688/867 2888/1450/867 2472/1449/867
f 3113/2124/916 2887/2123/916 2886/1440/916 3111/1439/916
f 3112/2299/917 2961/2139/917 2960/2125/917 3113/2124/917
f 3118/2060/918 2966/1621/918 2965/2062/918 3119/2700/918
f 2967/2259/919 2962/2258/919 2964/2116/919 2968/1680/919
f 2900/1626/920 3121/2276/920 3120/2128/920 2899/2127/920
f 3126/2066/902 3130/2280/902 3132/1622/902 3125/1623/902
f 3131/2586/921 3122/2585/921 3121/2276/921 3132/1622/921
f 3137/2273/922 3141/2344/922 3143/2027/922 3136/2028/922
f 2422/2067/923 3126/2066/923 3125/1623/923 2423/2277/923
f 3142/2269/924 3127/2268/924 3129/2180/924 3143/2027/924
f 3124/1493/891 3147/2272/891 3149/1674/891 3123/2646/891
f 3153/1678/890 3158/1679/890 3157/2337/890 3152/2135/890
f 3148/2351/925 3159/2350/925 3158/1679/925 3149/1674/925
f 2938/1862/903 3163/2664/903 3162/2144/903 2937/1496/903
f 2906/2644/888 3153/1678/888 3152/2135/888 2904/2134/888
f 3154/2282/926 3164/2281/926 3163/2664/926 3155/1858/926
f 3168/2150/896 3172/2324/896 3174/1648/896 3167/2410/896
f 3178/2407/927 3183/2406/927 3182/2388/927 3177/2149/927
f 3173/2288/926 3184/2287/926 3183/2406/926 3174/1648/926
f 2916/2151/928 3168/2150/928 3167/2410/928 2917/2409/928
f 2884/2633/929 2956/2632/929 2955/2141/929 2882/2140/929
f 2957/2304/930 3169/2303/930 3171/2659/930 2958/1876/930
f 2468/2112/918 2875/2111/918 2874/1453/918 2469/1452/918
f 3191/2319/931 2951/2318/931 2950/2132/931 3192/2131/931
f 2878/2661/932 2953/2660/932 2952/2122/932 2876/2121/932
f 2462/2105/867 3200/2104/867 3199/1506/867 2463/1505/867
f 2465/2109/933 3194/2108/933 3195/1504/933 2466/1503/933
f 3192/2131/934 3203/2130/934 3202/2438/934 3193/2437/934
f 3203/2130/918 2946/2129/918 2945/1434/918 3204/2387/918
f 3209/2101/935 3214/2100/935 3213/2312/935 3208/1509/935
f 2947/2314/936 3215/2313/936 3214/2100/936 2948/1882/936
f 3220/2683/937 3225/2682/937 3224/2422/937 3219/2153/937
f 3166/1511/897 3230/2329/897 3232/1770/897 3165/2685/897
f 3235/2076/938 3228/2075/938 3227/2862/938 3233/2390/938
f 3161/2286/896 3236/2285/896 3238/1950/896 3160/2825/896
f 3234/2731/939 3019/1438/939 3018/2077/939 3235/2076/939
f 3241/1762/940 3021/1763/940 3020/2332/940 3239/2331/940
f 3151/2797/899 3243/1698/899 3242/2283/899 3150/1517/899
f 3250/2339/941 2861/1769/941 2862/1465/941 3248/2343/941
f 2859/2065/942 3246/2040/942 3245/2615/942 2860/2614/942
f 3133/2279/943 3251/2278/943 3252/2798/943 3134/1695/943
f 3254/2349/944 3258/2348/944 3260/1820/944 3253/1821/944
f 3263/2340/945 3250/2339/945 3249/2326/945 3261/2325/945
f 3144/2362/923 3254/2349/923 3253/1821/923 3145/2803/923
f 3265/2356/891 3269/2355/891 3271/1826/891 3264/2812/891
f 3257/1831/946 3271/1826/946 3270/2346/946 3255/2345/946
f 3275/2274/931 3137/2273/931 3136/2028/931 3276/2182/931
f 3278/2359/944 3282/2382/944 3284/1776/944 3277/2185/944
f 3138/2358/947 3285/2357/947 3287/2811/947 3139/2810/947
f 3289/2363/948 3293/2564/948 3295/2006/948 3288/2193/948
f 3300/2190/920 3305/2189/920 3304/2899/920 3299/1526/920
f 3305/2189/949 3295/2006/949 3294/1527/949 3306/1529/949
f 3311/2368/896 3315/2378/896 3317/1781/896 3310/2500/896
f 3322/2499/899 3327/2498/899 3326/2375/899 3321/2366/899
f 3329/2505/950 3318/2910/950 3320/1739/950 3330/1740/950
f 3286/2353/951 3265/2352/951 3264/2812/951 3287/2811/951
f 3309/1784/941 3322/2499/941 3321/2366/941 3307/2365/941
f 3268/2873/909 3324/2872/909 3323/2377/909 3266/2376/909
f 3273/2766/899 3333/2765/899 3332/2380/899 3272/2379/899
f 3330/1740/941 3061/2223/941 3062/2383/941 3331/2385/941
f 3335/2759/952 3060/2758/952 3059/2228/952 3336/2227/952
f 2944/2684/929 3220/2683/929 3219/2153/929 2942/2152/929
f 3176/2688/920 3339/2687/920 3338/2294/920 3175/2293/920
f 3339/2687/953 3222/1787/953 3221/2322/953 3340/2321/953
f 3228/2075/929 3013/2074/929 3014/2391/929 3229/2393/929
f 3344/2394/951 3005/1455/951 3006/1644/951 3345/2082/951
f 3003/2171/881 3012/2170/881 3011/1656/881 3004/1657/881
f 3343/2733/888 3347/1892/888 3348/2374/888 3341/2373/888
f 3350/1818/935 3355/2832/935 3354/2402/935 3349/2401/935
f 3357/2396/954 3346/2395/954 3345/2082/954 3358/2081/954
f 3361/1812/955 3366/2654/955 3365/2442/955 3360/2441/955
f 2912/2408/956 3178/2407/956 3177/2149/956 2910/2148/956
f 3366/2654/957 3180/2653/957 3179/2290/957 3367/2289/957
f 2456/2098/867 3375/2097/867 3374/1546/867 2457/1545/867
f 2459/2102/956 3209/2101/956 3208/1509/956 2460/1508/956
f 3375/2097/874 3211/1894/874 3210/2317/874 3376/2316/874
f 3384/2851/899 3389/2850/899 3388/2426/899 3383/2425/899
f 3218/2655/929 3361/1812/929 3360/2441/929 3216/2854/929
f 3389/2850/912 3363/1904/912 3362/2404/912 3390/2403/912
f 3379/1907/888 3384/2851/888 3383/2425/888 3377/2445/888
f 3394/2146/943 2930/2120/943 2929/2048/943 3395/2047/943
f 2933/2094/958 3386/1664/958 3385/2428/958 2931/2427/958
f 3392/1552/894 3396/2421/894 3398/1910/894 3391/2681/894
f 2873/2679/899 3402/2678/899 3401/2143/899 2872/2142/899
f 3402/2678/866 3398/1910/866 3397/2432/866 3403/2431/866
f 3187/2833/956 3350/1818/956 3349/2401/956 3185/2411/956
f 3408/2838/959 3413/2837/959 3412/2481/959 3407/2424/959
f 3413/2837/960 3352/1870/960 3351/2399/960 3414/2398/960
f 3400/2920/899 3418/2919/899 3417/2436/899 3399/2435/899
f 3370/2839/918 3408/2838/918 3407/2424/918 3368/2423/918
f 3418/2919/961 3410/1922/961 3409/2439/961 3419/1560/961
f 3416/2448/897 3423/2447/897 3425/1933/897 3415/2947/897
f 3430/2944/962 3435/2943/962 3434/2453/962 3429/2450/962
f 3437/2952/916 3426/2472/916 3428/1639/916 3438/1640/916
f 3358/2081/956 2997/2080/956 2998/2455/956 3359/2714/956
f 3427/2465/963 2987/1427/963 2986/2085/963 3428/1639/963
f 2988/2458/881 2996/2457/881 2995/1691/881 2989/1692/881
f 3440/2466/939 2973/2464/939 2974/2045/939 3441/2044/939
f 3438/1640/964 2979/2084/964 2978/2165/964 3439/2164/964
f 2971/2263/881 2980/2262/881 2982/2088/881 2972/2087/881
f 3446/2936/965 3451/2935/965 3450/2475/965 3445/2444/965
f 3422/2945/966 3430/2944/966 3429/2450/966 3420/2449/966
f 3433/2713/967 3454/2712/967 3453/2452/967 3431/2451/967
f 3454/2712/918 3443/2711/918 3444/2480/918 3455/2479/918
f 2402/1444/867 3456/1443/867 3458/2043/867 2403/2042/867
f 3441/2044/968 3458/2043/968 3457/2474/968 3442/2473/968
f 3406/2937/956 3446/2936/956 3445/2444/956 3404/2443/956
f 2745/2961/867 2751/2960/867 2753/1931/867 2746/2958/867
f 3449/2959/969 2753/1931/969 2752/2965/969 3447/2964/969
f 3240/2736/928 3027/1461/928 3026/2072/928 3241/1762/928
f 3246/2040/941 3035/2064/941 3034/2179/941 3247/2178/941
f 3028/2486/970 3036/2485/970 3038/1713/970 3029/2071/970
f 3336/2227/956 3053/2226/956 3054/2492/956 3337/2497/956
f 3262/2232/943 3043/2231/943 3042/2341/943 3263/2340/943
f 3044/2496/881 3052/2495/881 3051/1729/881 3045/2230/881
f 3296/2369/951 3311/2368/951 3310/2500/951 3297/1783/951
f 3463/2469/891 3467/2468/891 3469/1846/891 3462/2892/891
f 3314/2888/971 3469/1846/971 3468/2371/971 3312/2370/971
f 3474/2364/931 3289/2363/931 3288/2193/931 3475/2192/931
f 3477/2528/868 3479/2527/868 3481/1842/868 3478/2196/868
f 3290/2507/952 3482/2506/952 3484/2891/952 3291/2890/952
f 3319/2763/972 3067/1475/972 3066/2224/972 3320/1739/972
f 3486/2511/891 3490/2510/891 3492/1962/891 3485/1963/891
f 3068/2515/973 3493/2514/973 3495/2222/973 3069/1746/973
f 3497/2213/867 3085/2212/867 3086/2520/867 3496/2535/867
f 3494/2770/931 3075/1478/931 3074/1744/931 3495/2222/931
f 3076/2524/881 3084/2523/881 3083/2220/881 3077/2219/881
f 3470/2542/974 3486/2512/974 3485/1963/974 3471/2774/974
f 3503/2214/956 3497/2213/956 3496/2535/956 3501/2534/956
f 3487/2517/975 3498/2516/975 3500/2778/975 3488/1988/975
f 3507/2536/896 3511/2554/896 3513/1968/896 3506/1969/896
f 3483/2501/939 3463/2469/939 3462/2892/939 3484/2891/939
f 3464/2540/907 3514/2539/907 3516/1941/907 3465/2968/907
f 3518/2551/868 3520/2550/868 3522/1991/868 3519/2202/868
f 3527/2537/974 3507/2536/974 3506/1969/974 3528/2200/974
f 3510/2201/874 3522/1991/874 3521/2548/874 3508/2547/874
f 3530/2544/896 3534/2567/896 3536/1980/896 3529/2987/896
f 3515/2556/963 3504/2555/963 3505/1940/963 3516/1941/963
f 3502/2532/976 3537/2531/976 3539/2215/976 3503/2214/976
f 3541/2360/977 3278/2359/977 3277/2185/977 3542/2184/977
f 2510/2191/978 3300/2190/978 3299/1526/978 2511/1525/978
f 3279/2558/979 3301/2557/979 3303/2876/979 3280/2875/979
f 2525/2995/868 3549/2994/868 3551/1995/868 2526/2206/868
f 3523/2545/974 3530/2544/974 3529/2987/974 3524/2986/974
f 3533/2203/980 3551/1995/980 3550/2553/980 3531/2552/980
f 3538/2569/981 3555/2568/981 3556/2216/981 3539/2215/981
f 3561/2570/891 3565/2575/891 3567/2000/891 3560/3002/891
f 3559/2999/982 3567/2000/982 3566/2598/982 3557/2597/982
f 3555/2568/868 3091/1483/868 3090/2217/868 3556/2216/868
f 3572/2590/896 3576/2589/896 3578/2017/896 3571/2788/896
f 3092/2577/905 3579/2576/905 3581/2015/905 3093/2209/905
f 3585/3019/868 2829/3018/868 2831/2032/868 3586/2794/868
f 3580/2588/963 3101/1485/963 3102/2014/963 3581/2015/963
f 3099/2250/881 3584/2249/881 3583/2050/881 3100/1631/881
f 3568/2604/974 3572/2590/974 3571/2788/974 3569/2019/974
f 3588/3022/868 2838/3021/868 2840/2022/868 3589/2023/868
f 3573/2580/979 3587/2579/979 3586/2794/979 3574/2034/979
f 3552/2571/939 3561/2570/939 3560/3002/939 3553/3001/939
f 2414/1610/868 2844/1609/868 2846/1945/868 2415/2056/868
f 3562/2573/983 3590/2572/983 3589/2023/983 3563/3013/983
f 2500/1463/984 2424/1462/984 2423/2277/984 2501/1625/984
f 2501/1625/888 2900/1626/888 2899/2127/888 2502/2649/888
f 2566/2701/923 2851/2161/923 2850/2670/923 2567/2669/923
f 2856/2181/867 3129/2180/867 3128/1492/867 2857/1491/867
f 2861/1769/920 2865/1764/920 2864/1466/920 2862/1465/920
f 3251/2278/915 2629/2751/915 2631/1693/915 3252/2798/915
f 2630/2614/985 3244/2615/985 3243/1698/985 2631/1693/985
f 2411/1571/986 2479/1570/986 2481/2052/986 2412/2051/986
f 2704/2680/987 2873/2679/987 2872/2142/987 2702/2932/987
f 2480/2703/923 2708/2702/923 2709/2053/923 2481/2052/923
f 2877/2642/988 2556/2628/988 2557/1877/988 2878/2661/988
f 3189/2830/868 2602/2829/868 2604/1799/868 3190/1800/868
f 2603/2629/936 2605/2122/936 2607/2107/936 2604/1799/936
f 2555/1723/879 2884/2633/879 2883/2305/879 2553/2650/879
f 2556/2628/989 2959/2627/989 2958/1876/989 2557/1877/989
f 2562/2636/891 2895/2796/891 2894/1793/891 2561/2114/891
f 3115/2637/931 2562/2636/931 2561/2114/931 3116/2113/931
f 2558/2634/874 2890/1440/874 2889/1688/874 2559/1685/874
f 2554/1459/931 2928/1458/931 2927/1722/931 2555/1723/931
f 2484/2645/990 2906/2644/990 2905/2155/990 2482/2156/990
f 2483/1494/951 3124/1493/951 3123/2646/951 2484/2645/951
f 2497/2672/931 2551/2671/931 2552/2666/931 2498/2665/931
f 2551/2671/891 3156/2752/891 3155/1858/891 2552/2666/891
f 2911/1499/991 2918/1498/991 2917/2409/991 2912/2408/991
f 2613/2686/931 2488/1544/931 2489/2657/931 2614/2656/931
f 2488/1544/896 3181/1543/896 3180/2653/896 2489/2657/896
f 2953/2660/918 2490/1880/918 2491/1501/918 2954/2658/918
f 2490/1880/927 3171/2659/927 3170/1502/927 2491/1501/927
f 2494/2693/991 2499/2692/991 2498/2665/991 2495/1861/991
f 2565/2668/918 2920/2667/918 2919/2266/918 2563/2638/918
f 2495/1861/956 2938/1862/956 2937/1496/956 2496/1495/956
f 2453/1667/867 2933/2094/867 2932/1550/867 2454/1549/867
f 2703/2934/942 2699/2933/942 2701/1912/942 2704/2680/942
f 2487/1772/992 2944/2684/992 2943/2648/992 2485/2647/992
f 2486/1512/939 3166/1511/939 3165/2685/939 2487/1772/939
f 2599/2662/972 2492/1537/972 2493/2691/972 2600/2690/972
f 2492/1537/989 3223/1536/989 3222/1787/989 2493/2691/989
f 2609/2694/897 2949/2697/897 2948/1882/897 2608/2103/897
f 2614/2656/940 3218/2655/940 3217/2846/940 2615/2845/940
f 3194/2108/890 2607/2107/890 2606/2630/890 3195/1504/890
f 2600/2690/993 2597/2689/993 2596/2843/993 2601/2842/993
f 3109/2117/935 2964/2116/935 2963/2264/935 3110/1448/935
f 2567/2669/881 2565/2668/881 2564/1457/881 2568/1456/881
f 2477/2253/868 2969/2252/868 2968/1680/868 2478/1681/868
f 2973/2464/994 2977/2463/994 2976/2046/994 2974/2045/994
f 3443/2711/903 2732/1921/903 2731/2716/903 3444/2480/903
f 2732/1921/995 2735/1916/995 2734/2706/995 2733/2705/995
f 2981/1442/868 2448/1441/868 2447/2089/868 2982/2088/868
f 2724/1564/996 2736/2715/996 2735/1916/996 2723/1917/996
f 2989/1692/867 2993/1689/867 2992/2462/867 2990/2461/867
f 2722/2721/997 2729/2720/997 2728/2948/997 2721/2918/997
f 2729/2720/998 2726/1852/998 2725/2955/998 2730/2954/998
f 2997/2080/999 3001/1642/999 3000/2456/999 2998/2455/999
f 2682/1562/896 2727/2915/896 2726/1852/896 2681/1853/896
f 3005/1455/994 2439/1454/994 2438/1643/994 3006/1644/994
f 3347/1892/920 2676/2732/920 2675/2729/920 3348/2374/920
f 2676/2732/1000 2673/1888/1000 2672/2913/1000 2677/2912/1000
f 3013/2074/900 3017/2073/900 3016/2392/900 3014/2391/900
f 2619/1538/989 2674/2859/989 2673/1888/989 2618/2735/989
f 3021/1763/867 3025/1759/867 3024/2334/867 3022/2333/867
f 2621/2823/903 2625/1955/903 2624/2860/903 2620/1515/903
f 3237/2746/1001 2626/2745/1001 2625/1955/1001 3238/1950/1001
f 3029/2071/867 3033/1711/867 3032/2490/867 3030/2489/867
f 2623/1836/927 2755/2818/927 2754/2740/927 2622/2739/927
f 2755/2818/1002 2758/1832/1002 2757/2485/1002 2756/2484/1002
f 3037/1488/868 2427/1487/868 2426/1712/868 3038/1713/868
f 2628/1572/902 2759/2741/902 2758/1832/902 2627/2821/902
f 3045/2230/867 2550/1727/867 2549/2234/867 3046/2233/867
f 2636/2753/962 2764/1869/962 2763/2864/962 2635/1575/962
f 2764/1869/1003 2761/1864/1003 2760/2495/1003 2765/2747/1003
f 3053/2226/1004 3057/1731/1004 3056/2493/1004 3054/2492/1004
f 2663/2866/896 2762/2878/896 2761/1864/896 2662/2755/896
f 3061/2223/920 3065/1736/920 3064/2384/920 3062/2383/920
f 2655/1534/902 2664/2908/902 2666/2764/902 2654/2768/902
f 3333/2765/1005 2666/2764/1005 2665/2761/1005 3334/2759/1005
f 3069/1746/867 3073/1742/867 3072/2519/867 3070/2518/867
f 2653/2772/898 2777/2771/898 2776/2906/898 2652/1583/898
f 2777/2771/1006 3492/1962/1006 3491/2970/1006 2778/2969/1006
f 3077/2219/867 3081/1747/867 3080/2526/867 3078/2525/867
f 2780/2777/890 2785/2776/890 2784/2775/890 2779/1585/890
f 2785/2776/919 2782/1986/919 2781/2977/919 2786/2976/919
f 3085/2212/955 3089/2211/955 3088/2521/955 3086/2520/955
f 3499/2780/868 2783/2779/868 2782/1986/868 3500/2778/868
f 3093/2209/867 3097/2012/867 3096/2582/867 3094/2581/867
f 2821/2020/867 2825/2021/867 2824/3004/867 2819/3003/867
f 2825/2021/1007 3578/2017/1007 3577/2576/1007 2826/3016/1007
f 3101/1485/944 2529/1484/944 2528/2210/944 3102/2014/944
f 2828/2793/997 2833/2792/997 2832/2789/997 2827/1606/997
f 2833/2792/1008 2831/2032/1008 2830/2584/1008 2834/2583/1008
f 3107/2640/868 2560/2639/868 2559/1685/868 3108/2115/868
f 3134/1695/1009 2570/1696/1009 2569/2613/1009 3135/2612/1009
f 2570/1696/888 3151/2797/888 3150/1517/888 2571/1516/888
f 2578/2802/941 2572/2801/941 2573/1518/941 2576/2799/941
f 3145/2803/1010 2578/2802/1010 2577/2817/1010 3146/2816/1010
f 2572/2801/962 2633/2800/962 2632/1519/962 2573/1518/962
f 3139/2810/1011 2574/2809/1011 2575/1520/1011 3140/2807/1011
f 2504/2183/867 2644/1780/867 2643/1524/867 2505/1523/867
f 2644/1780/1012 3284/1776/1012 3283/2880/1012 2645/2879/1012
f 2574/2809/899 3257/1831/899 3256/1521/899 2575/1520/899
f 2581/2820/1013 2583/2819/1013 2582/2805/1013 2579/2804/1013
f 2580/1573/923 2628/1572/923 2627/2821/923 2581/2820/923
f 2588/2828/931 3161/2286/931 3160/2825/931 2589/1952/931
f 2589/1952/1014 2586/2824/1014 2585/2281/1014 2590/2826/1014
f 2583/2819/956 2623/1836/956 2622/2739/956 2584/2822/956
f 2586/2824/918 2621/2823/918 2620/1514/918 2587/1513/918
f 2597/2689/956 3176/2688/956 3175/2293/956 2598/2698/956
f 2593/2834/950 3187/2833/950 3186/2287/950 2591/2288/950
f 2592/1542/951 2670/1541/951 2671/2835/951 2593/2834/951
f 2685/2836/928 2594/1555/928 2595/1871/928 2686/1872/928
f 3369/2289/993 2687/2925/993 2686/1872/993 3370/2839/993
f 2594/1555/896 3353/1554/896 3352/1870/896 2595/1871/896
f 3206/2849/868 2610/2848/868 2612/1804/868 3207/2106/868
f 2611/2844/874 3201/2438/874 3200/2104/874 2612/1804/874
f 3197/2695/981 2609/2694/981 2608/2103/981 3198/1884/981
f 2690/2696/917 2616/1548/917 2617/2853/917 2691/2852/917
f 3381/2420/868 3212/2419/868 3211/1894/868 3382/2099/868
f 3378/2930/950 2692/2929/950 2691/2852/950 3379/1907/950
f 2616/1548/989 3364/1547/989 3363/1904/989 2617/2853/989
f 2667/1539/1015 2619/1538/1015 2618/2735/1015 2668/2734/1015
f 3342/2321/1016 2669/2769/1016 2668/2734/1016 3343/2733/1016
f 3231/2390/1017 3226/2389/1017 3225/2682/1017 3232/1770/1017
f 3259/2620/1018 2634/2619/1018 2633/2800/1018 3260/1820/1018
f 2639/2754/1019 2636/2753/1019 2635/1575/1019 2637/1574/1019
f 2638/2865/1020 2640/2347/1020 2642/1866/1020 2639/2754/1020
f 2658/1977/888 3273/2766/888 3272/2381/888 2656/2911/888
f 2647/2874/920 3268/2873/920 3267/2815/920 2646/1532/920
f 2657/2869/1021 2659/2868/1021 2661/2767/1021 2658/1977/1021
f 2641/2867/923 2663/2866/923 2662/2755/923 2642/1866/923
f 3280/2875/1019 2647/2874/1019 2646/1532/1019 3281/1531/1019
f 2507/1840/867 2809/2187/867 2808/1596/867 2508/1595/867
f 2809/2187/874 2812/2186/874 2811/2988/874 2810/2558/874
f 3291/2890/1022 2648/2889/1022 2649/1577/1022 3292/2882/1022
f 2513/2195/867 2772/2194/867 2771/1580/867 2514/1579/867
f 2772/2194/874 3481/1842/874 3480/2973/874 2773/2972/874
f 3308/1528/1023 3298/1527/1023 3297/1783/1023 3309/1784/1023
f 2648/2889/920 3314/2888/920 3313/1578/920 2649/1577/920
f 3302/2902/951 2650/2901/951 2651/2877/951 3303/2876/951
f 3544/2887/868 2813/2886/868 2812/2186/868 3545/2188/868
f 2650/2901/902 3325/2903/902 3324/2872/902 2651/2877/902
f 2768/2773/956 2653/2772/956 2652/1583/956 2766/1582/956
f 2767/2756/1024 3472/2372/1024 3471/2774/1024 2768/2773/1024
f 3327/2498/1025 3317/1781/1025 3316/2503/1025 3328/2502/1025
f 2660/1535/923 2655/1534/923 2654/2768/923 2661/2767/923
f 2670/1541/891 2678/2861/891 2680/1814/891 2671/2835/891
f 3355/2832/912 2680/1814/912 2679/2727/912 3356/2726/912
f 2710/1563/917 2682/1562/917 2681/1853/917 2711/2723/917
f 2713/2942/932 2712/2941/932 2711/2723/932 2714/2722/932
f 2696/2916/981 2683/1558/981 2684/1923/981 2697/2922/981
f 2693/2856/1026 2698/2855/1026 2697/2922/1026 2694/2921/1026
f 2683/1558/897 3411/1557/897 3410/1922/897 2684/1923/897
f 3372/2841/951 2688/2840/951 2689/2096/951 3373/2095/951
f 2688/2840/891 3387/2928/891 3386/1664/891 2689/2096/891
f 2700/1553/923 3392/1552/923 3391/2681/923 2701/1912/923
f 2694/2921/987 3400/2920/987 3399/2435/987 2695/2923/987
f 3405/2625/1027 2705/2624/1027 2707/2938/1027 3406/2937/1027
f 2706/1567/923 2716/1566/923 2717/2939/923 2707/2938/923
f 2708/2702/896 2748/2940/896 2750/1612/896 2709/2053/896
f 2718/2950/974 3416/2448/974 3415/2947/974 2719/2946/974
f 3421/1560/952 2720/1559/952 2719/2946/952 3422/2945/952
f 2714/2722/918 2722/2721/918 2721/2918/918 2715/2917/918
f 2716/1566/1028 2739/2949/1028 2741/1898/1028 2717/2939/1028
f 3435/2943/1029 3425/1933/1029 3424/2472/1029 3436/2471/1029
f 3432/1565/943 2724/1564/943 2723/1917/943 3433/2713/943
f 2740/2963/878 3452/2962/878 3451/2935/878 2741/1898/878
f 2738/1568/897 2742/2708/897 2744/1928/897 2737/1929/897
f 2743/2957/1030 2747/2956/1030 2746/2958/1030 2744/1928/1030
f 3448/1569/1031 2738/1568/1031 2737/1929/1031 3449/2959/1031
f 2749/2483/1032 3461/2482/1032 3460/1616/1032 2750/1612/1032
f 3465/2968/888 2769/2967/888 2770/1586/888 3466/2909/888
f 2775/2198/903 2796/2197/903 2795/2897/903 2774/1589/903
f 2796/2197/1006 3513/1968/1006 3512/2541/1006 2797/2989/1006
f 2769/2967/959 2788/2966/959 2787/1587/959 2770/1586/959
f 2516/2199/888 2775/2198/888 2774/1589/888 2517/1588/888
f 3488/1988/888 2780/2777/888 2779/1585/888 3489/1584/888
f 2788/2966/1006 2791/1939/1006 2790/2782/1006 2789/2781/1006
f 3504/2555/896 2792/2980/896 2791/1939/896 3505/1940/896
f 2794/2984/997 2806/2983/997 2805/2981/997 2793/1594/997
f 2806/2983/1033 3536/1980/1033 3535/2531/1033 2807/3007/1033
f 2802/2985/956 2794/2984/956 2793/1594/956 2800/1593/956
f 2519/1993/867 3510/2201/867 3509/1592/867 2520/1591/867
f 2801/2997/882 3525/2996/882 3524/2986/882 2802/2985/882
f 2522/2205/1011 2798/2204/1011 2799/1598/1011 2523/1597/1011
f 2798/2204/959 3533/2203/959 3532/2971/959 2799/1598/959
f 2818/2003/956 2803/3000/956 2804/1599/956 2816/2993/956
f 2817/2552/1034 3554/2553/1034 3553/3001/1034 2818/2003/1034
f 2803/3000/955 3559/2999/955 3558/1600/955 2804/1599/955
f 3547/2055/888 2814/2054/888 2815/2905/888 3548/2904/888
f 2814/2054/903 2842/1949/903 2841/3008/903 2815/2905/903
f 2820/1602/1035 3570/1601/1035 3569/2019/1035 2821/2020/1035
f 3563/3013/888 2822/3012/888 2823/1607/888 3564/3010/888
f 2842/1949/1036 2846/1945/1036 2845/2592/1036 2843/2591/1036
f 2822/3012/959 2836/3011/959 2835/1608/959 2823/1607/959
f 3574/2034/956 2828/2793/956 2827/1606/956 3575/1605/956
f 2836/3011/876 2840/2022/876 2839/2579/876 2837/2580/876
f 4167/2596/1037 3592/2595/1037 3591/3024/1037 4165/3025/1037
f 4058/1669/1038 3595/1673/1038 3594/2478/1038 4056/2477/1038
f 4774/1630/1039 3598/1629/1039 3597/2093/1039 4772/2092/1039
f 4651/1616/1038 3601/1615/1038 3600/2207/1038 4649/2208/1038
f 4738/1947/1040 3604/1946/1040 3603/2623/1040 4736/2622/1040
f 4239/1765/1041 4054/1764/1041 4053/2617/1041 4237/2618/1041
f 4309/1620/1042 3610/1619/1042 3609/2070/1042 4307/2069/1042
f 4037/3014/1043 4042/3015/1043 4044/1618/1043 4038/1617/1043
f 4050/2039/1039 3607/2038/1039 3606/2603/1039 4048/2602/1039
f 3610/1619/1039 4044/1618/1039 4043/1420/1039 3611/1421/1039
f 3607/2038/1044 4230/2037/1044 4229/1418/1044 3608/1419/1044
f 3617/1712/1045 4222/1711/1045 4221/2606/1045 3615/2608/1045
f 3620/1760/1046 4214/1759/1046 4213/2749/1046 3618/2750/1046
f 3623/1706/1047 4206/1705/1047 4205/2176/1047 3621/2177/1047
f 3626/1655/1045 4198/1654/1045 4197/2174/1045 3624/2175/1045
f 3629/1643/1048 4190/1642/1048 4189/2172/1048 3627/2173/1048
f 3632/1690/1045 4182/1689/1045 4181/2724/1045 3630/2725/1045
f 3635/1637/1049 4174/1636/1049 4173/2168/1049 3633/2169/1049
f 3638/1633/1045 3640/1632/1045 3639/2166/1045 3636/2167/1045
f 3595/1673/1050 4584/1672/1050 4583/1422/1050 3596/1424/1050
f 3644/1667/1051 4562/1666/1051 4561/2162/1051 3642/2163/1051
f 3647/1896/1052 4571/1895/1052 4570/2677/1052 3645/2676/1052
f 3650/1885/1053 4387/1884/1053 4386/2413/1053 3648/2415/1053
f 3653/1806/1052 4396/1805/1052 4395/2416/1052 3651/2418/1052
f 3656/1801/1054 4379/1800/1054 4378/2307/1054 3654/2308/1054
f 3659/1796/1055 4305/1795/1055 4304/2311/1055 3657/2310/1055
f 3662/1687/1052 4297/1686/1052 4296/2301/1052 3660/2302/1052
f 3665/1682/1056 3667/1681/1056 3666/2254/1056 3663/2255/1056
f 4057/2057/1057 4059/2059/1057 4061/1670/1057 4058/1669/1057
f 4065/1453/1058 4069/2434/1058 4071/1798/1058 4064/1797/1058
f 4075/2298/1059 4081/2256/1059 4082/1720/1059 4076/1719/1059
f 4088/1699/1045 4092/1704/1045 4091/2158/1045 4086/2157/1045
f 4097/1499/1060 4103/1498/1060 4105/1659/1060 4098/1658/1060
f 4110/2266/1061 4093/2267/1061 4092/1704/1061 4109/1703/1061
f 4041/1700/1062 4088/1699/1062 4087/2160/1062 4040/2161/1062
f 4114/2295/1063 4111/2296/1063 4113/1716/1063 4115/1715/1063
f 4085/1793/1064 4071/1798/1064 4070/2305/1064 4083/2306/1064
f 4120/1671/1065 4061/1670/1065 4060/2119/1065 4119/2120/1065
f 4126/1721/1066 4130/1726/1066 4129/2429/1066 4124/2430/1066
f 4118/1722/1067 4126/1721/1067 4125/2159/1067 4117/1458/1067
f 4136/1434/1061 4099/1435/1061 4098/1658/1061 4135/1663/1061
f 4141/1660/1068 4105/1659/1068 4104/2652/1068 4140/2318/1068
f 4146/2141/1069 4131/2284/1069 4130/1726/1069 4145/1725/1069
f 4081/2256/1061 4116/2257/1061 4115/1715/1061 4082/1720/1061
f 4151/1717/1068 4113/1716/1068 4112/2138/1068 4150/2139/1068
f 4156/2062/1070 4039/2063/1070 4038/1617/1070 4155/1621/1070
f 4160/2709/1038 3641/2710/1038 3640/1632/1038 4161/1635/1038
f 4169/2165/1071 4175/2704/1071 4174/1636/1071 4168/1641/1071
f 4177/1638/1072 3635/1637/1072 3634/1425/1072 4176/1427/1072
f 4186/1691/1039 3632/1690/1039 3631/1431/1039 4184/1430/1039
f 4192/2718/1038 4199/2719/1038 4198/1654/1038 4193/1657/1038
f 4202/1656/1039 3626/1655/1039 3625/1432/1039 4200/1433/1039
f 4209/1707/1068 3623/1706/1068 3622/1436/1068 4208/1438/1068
f 4217/1761/1073 3620/1760/1073 3619/1460/1073 4216/1461/1073
f 4225/2179/1074 4231/2744/1074 4230/2037/1074 4224/2041/1074
f 4047/2030/1075 4465/2029/1075 4464/2136/1075 4045/2137/1075
f 3695/1779/1076 4731/1778/1076 4730/2609/1076 3693/2611/1076
f 3698/1840/1052 4734/1839/1052 4733/2813/1052 3696/2814/1052
f 3701/2009/1077 4664/2008/1077 4663/2885/1077 3699/2884/1077
f 3704/1844/1052 4667/1843/1052 4666/2563/1052 3702/2562/1052
f 3707/1971/1078 4717/1970/1078 4716/2896/1078 3705/2895/1078
f 3710/1993/1052 4708/1992/1052 4707/2974/1052 3708/2975/1052
f 3713/1997/1079 3715/1996/1079 3714/2990/1079 3711/2992/1079
f 3598/1629/1045 4294/1628/1045 4293/1416/1045 3599/1417/1045
f 3719/2013/1080 4286/2012/1080 4285/2565/1080 3717/2566/1080
f 3722/1752/1081 4278/1751/1081 4277/2790/1081 3720/2791/1081
f 3725/1748/1045 4270/1747/1045 4269/2247/1045 3723/2248/1045
f 3728/1743/1082 4262/1742/1082 4261/2245/1082 3726/2246/1082
f 3731/1737/1083 4254/1736/1083 4253/2242/1083 3729/2244/1083
f 3734/1732/1084 4246/1731/1084 4245/2240/1084 3732/2241/1084
f 3737/1728/1045 3739/1727/1045 3738/2239/1045 3735/2238/1045
f 4233/1766/1085 4239/1765/1085 4238/2488/1085 4232/2231/1085
f 4242/1729/1039 3737/1728/1039 3736/1470/1039 4240/1469/1039
f 4250/1733/1039 3734/1732/1039 3733/1471/1039 4248/1473/1039
f 4257/1738/1068 3731/1737/1068 3730/1476/1068 4256/1475/1068
f 4265/1744/1086 3728/1743/1086 3727/1477/1086 4264/1478/1086
f 4274/1749/1039 3725/1748/1039 3724/1479/1039 4272/1481/1039
f 4281/1753/1067 3722/1752/1067 3721/1482/1067 4280/1483/1067
f 4288/2787/1038 4295/2786/1038 4294/1628/1038 4289/1631/1038
f 3664/1447/1059 4299/1448/1059 4300/1683/1059 3665/1682/1059
f 3661/1451/1038 4078/1450/1038 4080/1688/1038 3662/1687/1038
f 4301/1439/1087 4077/1440/1087 4076/1719/1087 4302/1718/1087
f 4302/1718/1088 4151/1717/1088 4150/2139/1088 4303/2300/1088
f 4308/2700/1089 4156/2062/1089 4155/1621/1089 4309/1620/1089
f 4159/1680/1090 4153/1684/1090 4152/2261/1090 4157/2260/1090
f 4090/2127/1091 4310/2128/1091 4312/1627/1091 4089/1626/1091
f 4316/1623/1073 4321/1622/1073 4320/2280/1073 4315/2066/1073
f 4321/1622/1092 4312/1627/1092 4311/2587/1092 4322/2586/1092
f 4327/2028/1093 4332/2027/1093 4331/2344/1093 4326/2273/1093
f 3614/1624/1094 4316/1623/1094 4315/2066/1094 3612/2067/1094
f 4332/2027/1095 4318/2031/1095 4317/2271/1095 4333/2270/1095
f 4314/1675/1062 4338/1674/1062 4337/2272/1062 4313/1493/1062
f 4343/2135/1061 4347/2338/1061 4349/1679/1061 4342/1678/1061
f 4338/1674/1096 4349/1679/1096 4348/2350/1096 4339/2351/1096
f 4128/1496/1074 4352/2145/1074 4354/1863/1074 4127/1862/1074
f 4094/2134/1059 4343/2135/1059 4342/1678/1059 4095/1677/1059
f 4346/1858/1097 4354/1863/1097 4353/2281/1097 4344/2282/1097
f 4358/1649/1067 4363/1648/1067 4362/2324/1067 4357/2150/1067
f 4368/2149/1098 4372/2388/1098 4374/1653/1098 4367/1652/1098
f 4363/1648/1097 4374/1653/1097 4373/2287/1097 4364/2288/1097
f 4108/1650/1099 4358/1649/1099 4357/2150/1099 4106/2151/1099
f 4072/2140/1100 4146/2141/1100 4145/1725/1100 4073/1724/1100
f 4149/1876/1101 4360/1881/1101 4359/2303/1101 4147/2304/1101
f 3658/1452/1089 4065/1453/1089 4064/1797/1089 3659/1796/1089
f 4383/1661/1102 4141/1660/1102 4140/2318/1102 4381/2320/1102
f 4066/2121/1103 4142/2122/1103 4144/1879/1103 4067/1878/1103
f 3652/1505/1038 4389/1507/1038 4391/1807/1038 3653/1806/1038
f 3655/1503/1104 4384/1504/1104 4385/1802/1104 3656/1801/1104
f 4382/2437/1105 4392/2438/1105 4394/1662/1105 4383/1661/1105
f 4393/2387/1089 4136/1434/1089 4135/1663/1089 4394/1662/1089
f 4399/1509/1106 4403/2312/1106 4405/1887/1106 4398/1886/1106
f 4139/1882/1107 4405/1887/1107 4404/2313/1107 4137/2315/1107
f 4410/2153/1108 4414/2422/1108 4416/1775/1108 4409/1774/1108
f 4356/1771/1068 4421/1770/1068 4420/2330/1068 4355/1511/1068
f 4423/2863/1109 4417/2862/1109 4419/1709/1109 4424/1708/1109
f 4351/1951/1067 4427/1950/1067 4426/2285/1067 4350/2286/1067
f 4424/1708/1110 4209/1707/1110 4208/1437/1110 4425/2731/1110
f 4429/2331/1111 4210/2332/1111 4212/1763/1111 4430/1762/1111
f 4341/1517/1070 4432/2283/1070 4434/1698/1070 4340/1697/1070
f 4438/2343/1112 4051/1465/1112 4052/1769/1112 4439/1768/1112
f 4049/2614/1113 4435/2616/1113 4437/2040/1113 4050/2039/1113
f 4325/1695/1114 4441/1694/1114 4442/2278/1114 4323/2279/1114
f 4444/1821/1115 4449/1820/1115 4448/2348/1115 4443/2349/1115
f 4451/2328/1116 4440/2327/1116 4439/1768/1116 4452/1767/1116
f 4336/1822/1094 4444/1821/1094 4443/2349/1094 4334/2362/1094
f 4455/1827/1062 4460/1826/1062 4459/2355/1062 4454/2352/1062
f 4445/2345/1117 4461/2347/1117 4460/1826/1117 4446/1831/1117
f 4465/2029/1102 4327/2028/1102 4326/2275/1102 4466/2274/1102
f 4468/1777/1115 4473/1776/1115 4472/2382/1115 4467/2359/1115
f 4330/1829/1118 4476/1828/1118 4475/2357/1118 4328/2358/1118
f 4479/2007/1119 4484/2006/1119 4483/2564/1119 4478/2363/1119
f 4490/1526/1091 4494/2900/1091 4496/2011/1091 4489/2010/1091
f 4495/1528/1120 4485/1527/1120 4484/2006/1120 4496/2011/1120
f 4501/1782/1067 4506/1781/1067 4505/2378/1067 4500/2368/1067
f 4512/2366/1070 4516/2375/1070 4518/1786/1070 4511/1785/1070
f 4521/1740/1121 4509/1739/1121 4508/2910/1121 4519/2505/1121
f 4476/1828/1122 4455/1827/1122 4454/2352/1122 4477/2354/1122
f 4497/2367/1112 4512/2366/1112 4511/1785/1112 4498/1784/1112
f 4456/2376/1080 4513/2377/1080 4515/1956/1080 4457/1961/1080
f 4463/2381/1070 4522/2380/1070 4524/1979/1070 4462/1978/1070
f 4520/2386/1112 4251/2383/1112 4252/1741/1112 4521/1740/1112
f 4527/1734/1123 4250/1733/1123 4249/2758/1123 4525/2760/1123
f 4132/2154/1100 4410/2153/1100 4409/1774/1100 4133/1773/1100
f 4366/2293/1091 4528/2294/1091 4530/1792/1091 4365/1791/1091
f 4529/2321/1124 4411/2323/1124 4413/1787/1124 4530/1792/1124
f 4418/2393/1100 4203/2391/1100 4204/1710/1100 4419/1709/1100
f 4536/1645/1122 4195/1644/1122 4196/1455/1122 4534/2394/1122
f 4193/1657/1052 4202/1656/1052 4201/2170/1052 4194/2171/1052
f 4531/2373/1059 4537/2374/1059 4538/1892/1059 4532/1891/1059
f 4540/2401/1106 4544/2402/1106 4546/1819/1106 4539/1818/1106
f 4549/1646/1125 4536/1645/1125 4535/2395/1125 4547/2397/1125
f 4551/2441/1126 4555/2442/1126 4557/1813/1126 4550/1812/1126
f 4100/2148/1127 4368/2149/1127 4367/1652/1127 4101/1651/1127
f 4556/2292/1128 4369/2291/1128 4371/1808/1128 4557/1813/1128
f 3646/1545/1038 4564/1546/1038 4566/1897/1038 3647/1896/1038
f 3649/1510/1127 4399/1509/1127 4398/1886/1127 3650/1885/1127
f 4565/2316/1045 4400/2317/1045 4402/1894/1045 4566/1897/1045
f 4574/2425/1070 4578/2426/1070 4580/1909/1070 4573/1908/1070
f 4406/2854/1100 4551/2441/1100 4550/1812/1100 4407/1811/1100
f 4579/2405/1083 4552/2404/1083 4554/1904/1083 4580/1909/1083
f 4567/2446/1059 4574/2425/1059 4573/1908/1059 4568/1907/1059
f 4584/1672/1114 4120/1671/1114 4119/2120/1114 4585/2147/1114
f 4121/2427/1129 4575/2428/1129 4577/1664/1129 4122/1668/1129
f 4582/1911/1065 4587/1910/1065 4586/2421/1065 4581/1552/1065
f 4063/2142/1070 4591/2143/1070 4593/1915/1070 4062/1914/1070
f 4592/2431/1037 4588/2432/1037 4587/1910/1037 4593/1915/1037
f 4375/2412/1127 4540/2401/1127 4539/1818/1127 4376/1817/1127
f 4598/2424/1130 4602/2481/1130 4604/1875/1130 4597/1874/1130
f 4603/2400/1131 4541/2399/1131 4543/1870/1131 4604/1875/1131
f 4590/2435/1070 4607/2436/1070 4609/1927/1070 4589/1926/1070
f 4558/2423/1089 4598/2424/1089 4597/1874/1089 4559/1873/1089
f 4608/2440/1132 4599/2439/1132 4601/1922/1132 4609/1927/1132
f 4606/1934/1068 4614/1933/1068 4613/2447/1068 4605/2448/1068
f 4620/2450/1133 4624/2454/1133 4626/1938/1133 4619/1937/1133
f 4629/1640/1087 4617/1639/1087 4616/2472/1087 4627/2953/1087
f 4548/2714/1127 4187/2455/1127 4188/1647/1127 4549/1646/1127
f 4617/1639/1134 4177/1638/1134 4176/1426/1134 4618/2465/1134
f 4180/1692/1052 4186/1691/1052 4185/2460/1052 4178/2459/1052
f 4632/2044/1110 4163/2045/1110 4164/2464/1110 4630/2467/1110
f 4628/2164/1135 4169/2165/1135 4168/1641/1135 4629/1640/1135
f 4161/1635/1052 4171/1634/1052 4170/2262/1052 4162/2263/1052
f 4636/2444/1136 4640/2475/1136 4642/1903/1136 4635/1902/1136
f 4610/2449/1137 4620/2450/1137 4619/1937/1137 4611/1936/1137
f 4621/2451/1138 4643/2452/1138 4645/1919/1138 4622/1918/1138
f 4644/2479/1089 4633/2480/1089 4634/1920/1089 4645/1919/1089
f 3592/2595/1038 4647/2043/1038 4646/1446/1038 3593/1445/1038
f 4631/2473/1139 4648/2474/1139 4647/2043/1139 4632/2044/1139
f 4594/2443/1127 4636/2444/1127 4635/1902/1127 4595/1901/1127
f 3937/1932/1038 3942/1931/1038 3941/2960/1038 3935/2961/1038
f 4637/2964/1140 3943/2965/1140 3942/1931/1140 4638/1930/1140
f 4430/1762/1099 4217/1761/1099 4216/2738/1099 4431/2737/1099
f 4436/2178/1112 4225/2179/1112 4224/2041/1112 4437/2040/1112
f 4220/1714/1141 4227/1713/1141 4226/2485/1141 4218/2486/1141
f 4526/2497/1127 4243/2492/1127 4244/1735/1127 4527/1734/1127
f 4452/1767/1114 4233/1766/1114 4232/2231/1114 4453/2232/1114
f 4236/1730/1052 4242/1729/1052 4241/2495/1052 4234/2496/1052
f 4488/1783/1122 4501/1782/1122 4500/2368/1122 4486/2369/1122
f 4653/1847/1062 4658/1846/1062 4657/2470/1062 4652/2469/1062
f 4502/2370/1142 4659/2372/1142 4658/1846/1142 4503/1851/1142
f 4664/2008/1102 4479/2007/1102 4478/2363/1102 4665/2364/1102
f 4667/1843/1039 4670/1842/1039 4669/2530/1039 4668/2529/1039
f 4482/1849/1123 4673/1848/1123 4672/2509/1123 4480/2508/1123
f 4509/1739/1143 4257/1738/1143 4256/1475/1143 4510/2763/1143
f 4676/1963/1062 4681/1962/1062 4680/2513/1062 4675/2512/1062
f 4260/1746/1144 4684/1745/1144 4683/2514/1144 4258/2515/1144
f 4687/2535/1038 4275/2520/1038 4276/1758/1038 4686/1757/1038
f 4684/1745/1102 4265/1744/1102 4264/1478/1102 4685/2770/1102
f 4268/1750/1052 4274/1749/1052 4273/2523/1052 4266/2524/1052
f 4662/1964/1145 4676/1963/1145 4675/2511/1145 4660/2543/1145
f 4691/2534/1127 4687/2535/1127 4686/1757/1127 4692/1756/1127
f 4679/1988/1146 4689/1987/1146 4688/2516/1146 4677/2517/1146
f 4697/1969/1067 4702/1968/1067 4701/2554/1067 4696/2536/1067
f 4673/1848/1110 4653/1847/1110 4652/2469/1110 4674/2501/1110
f 4656/1942/1078 4705/1941/1078 4704/2541/1078 4654/2540/1078
f 4708/1992/1039 4711/1991/1039 4710/2550/1039 4709/2551/1039
f 4717/1970/1145 4697/1969/1145 4696/2536/1145 4718/2538/1145
f 4698/2547/1045 4712/2549/1045 4711/1991/1045 4699/1994/1045
f 4720/1981/1067 4725/1980/1067 4724/2567/1067 4719/2544/1067
f 4705/1941/1134 4694/1940/1134 4695/2555/1134 4706/2556/1134
f 4692/1756/1147 4728/1755/1147 4727/2533/1147 4693/2532/1147
f 4731/1778/1148 4468/1777/1148 4467/2359/1148 4732/2361/1148
f 3700/1525/1149 4490/1526/1149 4489/2010/1149 3701/2009/1149
f 4471/1959/1150 4492/1958/1150 4491/2557/1150 4469/2559/1150
f 3715/1996/1039 4740/1995/1039 4739/2994/1039 3716/2995/1039
f 4715/1982/1145 4720/1981/1145 4719/2544/1145 4713/2546/1145
f 4721/2552/1151 4741/2553/1151 4740/1995/1151 4722/1999/1151
f 4728/1755/1152 4745/1754/1152 4746/2568/1152 4729/2569/1152
f 4751/2001/1062 4756/2000/1062 4755/2575/1062 4750/2570/1062
f 4747/2600/1153 4757/2599/1153 4756/2000/1153 4748/2005/1153
f 4745/1754/1039 4281/1753/1039 4280/1483/1039 4746/2568/1039
f 4762/2018/1067 4767/2017/1067 4766/2589/1067 4761/2590/1067
f 4284/2016/1076 4770/2015/1076 4769/2576/1076 4282/2578/1076
f 4777/2033/1039 4020/2032/1039 4019/3018/1039 4775/3020/1039
f 4770/2015/1134 4291/2014/1134 4292/1485/1134 4771/2588/1134
f 4289/1631/1052 4774/1630/1052 4773/2251/1052 4290/2250/1052
f 4760/2019/1145 4762/2018/1145 4761/2590/1145 4758/2605/1145
f 4780/2023/1039 4029/2022/1039 4028/3023/1039 4778/3022/1039
f 4765/2034/1150 4777/2033/1150 4776/2579/1150 4763/2580/1150
f 4744/2002/1110 4751/2001/1110 4750/2570/1110 4742/2571/1110
f 3604/1946/1039 4035/1945/1039 4034/1609/1039 3605/1611/1039
f 4754/2024/1154 4780/2023/1154 4779/2572/1154 4752/2574/1154
f 3692/1625/1155 3614/1624/1155 3613/1462/1155 3690/1464/1155
f 3691/2649/1059 4090/2127/1059 4089/1626/1059 3692/1625/1059
f 3758/1701/1094 4041/1700/1094 4040/2161/1094 3756/2701/1094
f 4046/1491/1038 4319/1492/1038 4318/2031/1038 4047/2030/1038
f 4051/1465/1091 4055/1466/1091 4054/1764/1091 4052/1769/1091
f 4441/1694/1086 3820/1693/1086 3819/2751/1086 4442/2278/1086
f 3820/1693/1156 4434/1698/1156 4433/2615/1156 3821/2614/1156
f 3601/1615/1157 3670/1614/1157 3669/1570/1157 3602/1571/1157
f 3892/2932/1158 4063/2142/1158 4062/1914/1158 3893/1913/1158
f 3670/1614/1094 3898/1613/1094 3899/2702/1094 3671/2703/1094
f 4067/1878/1159 3746/1877/1159 3747/2628/1159 4068/2643/1159
f 4379/1800/1039 3793/1799/1039 3792/2831/1039 4380/2830/1039
f 3793/1799/1107 3796/1803/1107 3795/2122/1107 3794/2121/1107
f 3743/2650/1050 4074/2651/1050 4073/1724/1050 3744/1723/1050
f 3746/1877/1160 4149/1876/1160 4148/2627/1160 3747/2628/1160
f 3752/1794/1062 4085/1793/1062 4084/2796/1062 3751/2636/1062
f 4305/1795/1102 3752/1794/1102 3751/2636/1102 4306/2637/1102
f 3750/1685/1045 4080/1688/1045 4079/1440/1045 3748/2635/1045
f 3744/1723/1102 4118/1722/1102 4117/1458/1102 3745/1459/1102
f 3672/2156/1161 4096/2626/1161 4095/1677/1161 3673/1676/1161
f 3673/1676/1122 4314/1675/1122 4313/1493/1122 3674/1494/1122
f 3689/1860/1102 3741/1859/1102 3742/2673/1102 3687/2672/1102
f 3741/1859/1062 4346/1858/1062 4345/2752/1062 3742/2671/1062
f 4101/1651/1162 4108/1650/1162 4107/1498/1162 4102/1500/1162
f 3805/1810/1102 3678/1809/1102 3679/1544/1102 3803/2686/1102
f 3678/1809/1067 4371/1808/1067 4370/1543/1067 3679/1544/1067
f 4143/2658/1089 3680/1501/1089 3681/1880/1089 4144/1879/1089
f 3680/1501/1098 4361/1502/1098 4360/1881/1098 3681/1880/1098
f 3686/1861/1162 3689/1860/1162 3688/2692/1162 3684/2693/1162
f 3753/2638/1089 4110/2266/1089 4109/1703/1089 3754/1702/1089
f 3685/1497/1127 4128/1496/1127 4127/1862/1127 3686/1861/1127
f 3643/1549/1038 4123/1551/1038 4122/1668/1038 3644/1667/1038
f 3893/1913/1113 3890/1912/1113 3889/2933/1113 3894/2934/1113
f 3675/2647/1163 4134/2648/1163 4133/1773/1163 3676/1772/1163
f 3676/1772/1110 4356/1771/1110 4355/1511/1110 3677/1512/1110
f 3791/1789/1143 3682/1788/1143 3683/1537/1143 3789/2663/1143
f 3682/1788/1160 4413/1787/1160 4412/1536/1160 3683/1537/1160
f 3799/1883/1068 4139/1882/1068 4138/2697/1068 3798/2694/1068
f 3804/2845/1111 4408/2847/1111 4407/1811/1111 3805/1810/1111
f 4384/1504/1061 3797/2631/1061 3796/1803/1061 4385/1802/1061
f 3790/2842/1164 3786/2843/1164 3788/1790/1164 3791/1789/1164
f 4299/1448/1106 4154/2265/1106 4153/1684/1106 4300/1683/1106
f 3757/1456/1052 3755/1457/1052 3754/1702/1052 3758/1701/1052
f 3667/1681/1039 4159/1680/1039 4158/2252/1039 3668/2253/1039
f 4163/2045/1165 4167/2596/1165 4166/2463/1165 4164/2464/1165
f 4633/2480/1074 3921/2717/1074 3923/1921/1074 4634/1920/1074
f 3922/2705/1166 3924/2707/1166 3926/1916/1166 3923/1921/1166
f 4171/1634/1039 3638/1633/1039 3637/1441/1039 4172/1442/1039
f 3914/1917/1167 3926/1916/1167 3925/2715/1167 3913/1564/1167
f 4179/2461/1038 4183/2462/1038 4182/1689/1038 4180/1692/1038
f 3912/2918/1168 3918/2948/1168 3920/1857/1168 3911/1856/1168
f 3919/2954/1169 3915/2955/1169 3917/1852/1169 3920/1857/1169
f 4187/2455/1170 4191/2456/1170 4190/1642/1170 4188/1647/1170
f 3872/1853/1067 3917/1852/1067 3916/2915/1067 3871/1562/1067
f 4195/1644/1165 3629/1643/1165 3628/1454/1165 4196/1455/1165
f 4537/2374/1091 3865/2730/1091 3867/1893/1091 4538/1892/1091
f 3866/2914/1171 3862/2913/1171 3864/1888/1171 3867/1893/1171
f 4203/2391/1071 4207/2392/1071 4206/1705/1071 4204/1710/1071
f 3809/1889/1160 3864/1888/1160 3863/2859/1160 3808/1538/1160
f 4211/2336/1038 4215/2335/1038 4214/1759/1038 4212/1763/1038
f 3811/1514/1074 3814/2860/1074 3816/1955/1074 3810/1954/1074
f 4427/1950/1172 3816/1955/1172 3815/2745/1172 4428/2746/1172
f 4219/2491/1038 4223/2490/1038 4222/1711/1038 4220/1714/1038
f 3813/2739/1098 3944/2740/1098 3946/1837/1098 3812/1836/1098
f 3945/2484/1173 3947/2485/1173 3949/1832/1173 3946/1837/1173
f 4227/1713/1039 3617/1712/1039 3616/1490/1039 4228/1489/1039
f 3818/1833/1073 3949/1832/1073 3948/2742/1073 3817/1572/1073
f 4235/2233/1038 3740/2235/1038 3739/1727/1038 4236/1730/1038
f 3826/1575/1133 3953/2864/1133 3955/1869/1133 3825/1868/1133
f 3954/2748/1174 3950/2495/1174 3952/1864/1174 3955/1869/1174
f 4243/2492/1175 4247/2494/1175 4246/1731/1175 4244/1735/1175
f 3853/1865/1067 3952/1864/1067 3951/2878/1067 3852/2866/1067
f 4251/2383/1091 4255/2384/1091 4254/1736/1091 4252/1741/1091
f 3845/1975/1073 3855/1974/1073 3854/2908/1073 3844/1534/1073
f 4523/2762/1176 3856/2761/1176 3855/1974/1176 4524/1979/1176
f 4259/2518/1038 4263/2519/1038 4262/1742/1038 4260/1746/1038
f 3843/1583/1069 3966/2907/1069 3968/1967/1069 3842/1966/1069
f 3967/2969/1177 4682/2970/1177 4681/1962/1177 3968/1967/1177
f 4267/2525/1038 4271/2526/1038 4270/1747/1038 4268/1750/1038
f 3970/1585/1061 3974/2775/1061 3976/1990/1061 3969/1989/1061
f 3975/2979/1090 3971/2978/1090 3973/1986/1090 3976/1990/1090
f 4275/2520/1126 4279/2522/1126 4278/1751/1126 4276/1758/1126
f 4689/1987/1039 3973/1986/1039 3972/2779/1039 4690/2780/1039
f 4283/2581/1038 4287/2582/1038 4286/2012/1038 4284/2016/1038
f 4009/3006/1038 4014/3005/1038 4016/2021/1038 4010/2020/1038
f 4015/3017/1178 4768/2576/1178 4767/2017/1178 4016/2021/1178
f 4291/2014/1115 3719/2013/1115 3718/1486/1115 4292/1485/1115
f 4018/1606/1168 4022/2789/1168 4024/2036/1168 4017/2035/1168
f 4023/2583/1179 4021/2584/1179 4020/2032/1179 4024/2036/1179
f 4297/1686/1039 3750/1685/1039 3749/2639/1039 4298/2641/1039
f 4324/2612/1180 3759/2613/1180 3761/1696/1180 4325/1695/1180
f 3760/1516/1059 4341/1517/1059 4340/1697/1059 3761/1696/1059
f 3766/2799/1112 3762/1518/1112 3763/1824/1112 3767/1823/1112
f 4335/2816/1181 3768/2817/1181 3767/1823/1181 4336/1822/1181
f 3762/1518/1133 3822/1519/1133 3824/1825/1133 3763/1824/1133
f 4329/2808/1182 3764/1520/1182 3765/1830/1182 4330/1829/1182
f 3694/1523/1038 3833/1524/1038 3835/1780/1038 3695/1779/1038
f 3834/2881/1183 4474/2880/1183 4473/1776/1183 3835/1780/1183
f 3764/1520/1070 4447/1522/1070 4446/1831/1070 3765/1830/1070
f 3769/2804/1184 3772/2806/1184 3774/1835/1184 3770/1834/1184
f 3770/1834/1094 3818/1833/1094 3817/1572/1094 3771/1573/1094
f 3780/1952/1102 4351/1951/1102 4350/2286/1102 3778/2828/1102
f 3779/2826/1185 3775/2827/1185 3777/1953/1185 3780/1952/1185
f 3773/2822/1127 3813/2739/1127 3812/1836/1127 3774/1835/1127
f 3776/1513/1089 3811/1515/1089 3810/1954/1089 3777/1953/1089
f 3787/2699/1127 4366/2293/1127 4365/1791/1127 3788/1790/1127
f 3781/2288/1121 4377/2287/1121 4376/1817/1121 3782/1816/1121
f 3782/1816/1122 3860/1815/1122 3861/1541/1122 3783/1542/1122
f 3877/1872/1099 3784/1871/1099 3785/1555/1099 3875/2836/1099
f 4559/1873/1164 3877/1872/1164 3876/2927/1164 4560/2926/1164
f 3784/1871/1067 4543/1870/1067 4542/1556/1067 3785/1555/1067
f 4396/1805/1039 3801/1804/1039 3800/2848/1039 4397/2849/1039
f 3801/1804/1045 4391/1807/1045 4390/2438/1045 3802/2844/1045
f 4387/1884/1152 3799/1883/1152 3798/2694/1152 4388/2695/1152
f 3882/1906/1088 3806/1905/1088 3807/1548/1088 3880/2696/1088
f 4571/1895/1039 4402/1894/1039 4401/2419/1039 4572/2420/1039
f 4568/1907/1121 3882/1906/1121 3881/2929/1121 4569/2931/1121
f 3806/1905/1160 4554/1904/1160 4553/1547/1160 3807/1548/1160
f 3859/1890/1186 3809/1889/1186 3808/1538/1186 3857/1540/1186
f 4532/1891/1187 3859/1890/1187 3858/2322/1187 4533/2321/1187
f 4421/1770/1188 4416/1775/1188 4415/2389/1188 4422/2390/1188
f 4449/1820/1189 3824/1825/1189 3823/2327/1189 4450/2620/1189
f 3827/1576/1190 3826/1575/1190 3825/1868/1190 3828/1867/1190
f 3828/1867/1191 3831/1866/1191 3830/2347/1191 3829/2865/1191
f 3846/2911/1059 4463/2379/1059 4462/1978/1059 3847/1977/1059
f 3837/1532/1091 4458/2815/1091 4457/1961/1091 3836/1960/1091
f 3847/1977/1192 3850/1976/1192 3849/2871/1192 3848/2870/1192
f 3831/1866/1094 3853/1865/1094 3852/2866/1094 3832/2867/1094
f 4470/1533/1190 3837/1532/1190 3836/1960/1190 4471/1959/1190
f 3697/1595/1038 3998/1596/1038 4000/1841/1038 3698/1840/1038
f 3999/2558/1045 4001/2557/1045 4003/1838/1045 4000/1841/1045
f 4481/2882/1193 3838/1577/1193 3839/1850/1193 4482/1849/1193
f 3703/1579/1038 3961/1581/1038 3963/1845/1038 3704/1844/1038
f 3962/2508/1045 4671/2973/1045 4670/1842/1045 3963/1845/1045
f 4498/1784/1194 4488/1783/1194 4487/1530/1194 4499/1529/1194
f 3838/1577/1091 4504/1578/1091 4503/1851/1091 3839/1850/1091
f 4492/1958/1122 3840/1957/1122 3841/2901/1122 4493/2902/1122
f 4734/1839/1039 4003/1838/1039 4002/2886/1039 4735/2887/1039
f 3840/1957/1073 4515/1956/1073 4514/2903/1073 3841/2901/1073
f 3956/1582/1127 3843/1583/1127 3842/1966/1127 3957/1965/1127
f 3957/1965/1195 4662/1964/1195 4661/2371/1195 3958/2757/1195
f 4517/2505/1196 4507/2504/1196 4506/1781/1196 4518/1786/1196
f 3850/1976/1094 3845/1975/1094 3844/1534/1094 3851/1535/1094
f 3860/1815/1062 3869/1814/1062 3868/2861/1062 3861/1541/1062
f 4545/2726/1083 3870/2728/1083 3869/1814/1083 4546/1819/1083
f 3902/1854/1088 3872/1853/1088 3871/1562/1088 3900/1563/1088
f 3905/1855/1103 3902/1854/1103 3901/2941/1103 3903/2942/1103
f 3888/1924/1152 3873/1923/1152 3874/1558/1152 3886/2916/1152
f 3885/1925/1197 3888/1924/1197 3887/2858/1197 3883/2857/1197
f 3873/1923/1068 4601/1922/1068 4600/1557/1068 3874/1558/1068
f 4562/1666/1122 3878/1665/1122 3879/2840/1122 4563/2841/1122
f 3878/1665/1062 4577/1664/1062 4576/2928/1062 3879/2840/1062
f 3890/1912/1094 4582/1911/1094 4581/1552/1094 3891/1553/1094
f 3884/2924/1158 4590/2435/1158 4589/1926/1158 3885/1925/1158
f 4595/1901/1198 3896/1900/1198 3895/2624/1198 4596/2625/1198
f 3896/1900/1094 3906/1899/1094 3907/1566/1094 3897/1567/1094
f 3898/1613/1067 3939/1612/1067 3938/2940/1067 3899/2702/1067
f 3910/1935/1145 4606/1934/1145 4605/2448/1145 3908/2951/1145
f 4611/1936/1123 3910/1935/1123 3909/1561/1123 4612/1560/1123
f 3904/2917/1089 3912/2918/1089 3911/1856/1089 3905/1855/1089
f 3906/1899/1199 3930/1898/1199 3929/2949/1199 3907/1566/1199
f 4625/2471/1200 4615/2472/1200 4614/1933/1200 4626/1938/1200
f 4622/1918/1114 3914/1917/1114 3913/1564/1114 4623/1565/1114
f 3930/1898/1049 4642/1903/1049 4641/2962/1049 3931/2963/1049
f 3928/1929/1068 3933/1928/1068 3932/2708/1068 3927/1568/1068
f 3933/1928/1201 3937/1932/1201 3936/2956/1201 3934/2957/1201
f 4638/1930/1202 3928/1929/1202 3927/1568/1202 4639/1569/1202
f 3939/1612/1203 4651/1616/1203 4650/2482/1203 3940/2483/1203
f 4655/2909/1059 3959/1586/1059 3960/1943/1059 4656/1942/1059
f 3965/1589/1074 3985/2898/1074 3987/1973/1074 3964/1972/1074
f 3986/2989/1177 4703/2541/1177 4702/1968/1177 3987/1973/1177
f 3959/1586/1130 3977/1587/1130 3979/1944/1130 3960/1943/1130
f 3706/1590/1059 3965/1589/1059 3964/1972/1059 3707/1971/1059
f 4678/1584/1059 3970/1585/1059 3969/1989/1059 4679/1988/1059
f 3978/2781/1177 3980/2783/1177 3982/1939/1177 3979/1944/1177
f 4694/1940/1067 3982/1939/1067 3981/2980/1067 4695/2555/1067
f 3984/1594/1168 3995/2982/1168 3997/1985/1168 3983/1984/1168
f 3996/3007/1204 4726/2531/1204 4725/1980/1204 3997/1985/1204
f 3990/1593/1127 3984/1594/1127 3983/1984/1127 3991/1983/1127
f 3709/1591/1038 4700/1592/1038 4699/1994/1038 3710/1993/1038
f 3991/1983/1053 4715/1982/1053 4714/2996/1053 3992/2998/1053
f 3712/1597/1182 3988/1598/1182 3989/1998/1182 3713/1997/1182
f 3988/1598/1130 4723/2971/1130 4722/1999/1130 3989/1998/1130
f 4006/2993/1127 3993/1599/1127 3994/2004/1127 4007/2003/1127
f 4007/2003/1205 4744/2002/1205 4743/2553/1205 4008/3009/1205
f 3993/1599/1126 4749/1600/1126 4748/2005/1126 3994/2004/1126
f 4737/2904/1059 4004/2905/1059 4005/1948/1059 4738/1947/1059
f 4004/2905/1074 4031/3008/1074 4033/1949/1074 4005/1948/1074
f 4010/2020/1206 4760/2019/1206 4759/1604/1206 4011/1603/1206
f 4753/3010/1059 4012/1607/1059 4013/2025/1059 4754/2024/1059
f 4032/2594/1207 4036/2593/1207 4035/1945/1207 4033/1949/1207
f 4012/1607/1130 4025/1608/1130 4027/2026/1130 4013/2025/1130
f 4764/1605/1127 4018/1606/1127 4017/2035/1127 4765/2034/1127
f 4026/2580/1047 4030/2795/1047 4029/2022/1047 4027/2026/1047
f 2401/3024/1208 3591/3024/1208 3593/1445/1208 2402/1444/1208
f 2404/2476/1209 3594/2478/1209 3596/1424/1209 2405/1423/1209
f 2407/2090/1210 3597/2093/1210 3599/1417/1210 2408/1417/1210
f 2410/2207/1211 3600/2207/1211 3602/1571/1211 2411/1571/1211
f 2413/2621/1212 3603/2623/1212 3605/1611/1212 2414/1610/1212
f 2416/2601/1213 3606/2603/1213 3608/1419/1213 2417/1419/1213
f 2419/2068/1214 3609/2070/1214 3611/1421/1214 2420/1421/1214
f 2424/1462/1215 3613/1462/1215 3612/2067/1215 2422/2067/1215
f 2427/1487/1210 3616/1490/1210 3615/2608/1210 2425/2607/1210
f 2430/1460/1216 3619/1460/1216 3618/2750/1216 2428/2750/1216
f 2433/1436/1217 3622/1436/1217 3621/2177/1217 2431/2177/1217
f 2436/1432/1210 3625/1432/1210 3624/2175/1210 2434/2175/1210
f 2439/1454/1218 3628/1454/1218 3627/2173/1218 2437/2173/1218
f 2442/1428/1219 3631/1431/1219 3630/2725/1219 2440/2725/1219
f 2445/1425/1220 3634/1425/1220 3633/2169/1220 2443/2169/1220
f 2448/1441/1210 3637/1441/1210 3636/2167/1210 2446/2167/1210
f 2449/2166/1221 3639/2166/1221 3641/2710/1221 2450/2710/1221
f 2454/1549/1222 3643/1549/1222 3642/2163/1222 2452/2163/1222
f 2457/1545/1223 3646/1545/1223 3645/2676/1223 2455/2675/1223
f 2460/1508/1224 3649/1510/1224 3648/2415/1224 2458/2414/1224
f 2463/1505/1225 3652/1505/1225 3651/2418/1225 2461/2417/1225
f 2466/1503/1226 3655/1503/1226 3654/2308/1226 2464/2308/1226
f 2469/1452/1227 3658/1452/1227 3657/2310/1227 2467/2310/1227
f 2472/1449/1225 3661/1451/1225 3660/2302/1225 2470/2302/1225
f 2475/1447/1228 3664/1447/1228 3663/2255/1228 2473/2255/1228
f 2476/2254/1229 3666/2254/1229 3668/2253/1229 2477/2253/1229
f 2479/1570/1230 3669/1570/1230 3671/2703/1230 2480/2703/1230
f 2482/2156/1231 3672/2156/1231 3674/1494/1231 2483/1494/1231
f 2485/2647/1232 3675/2647/1232 3677/1512/1232 2486/1512/1232
f 2496/1495/1233 3685/1497/1233 3684/2693/1233 2494/2693/1233
f 2499/2692/1234 3688/2692/1234 3687/2672/1234 2497/2672/1234
f 2502/2649/1235 3691/2649/1235 3690/1464/1235 2500/1463/1235
f 2505/1523/1236 3694/1523/1236 3693/2611/1236 2503/2610/1236
f 2508/1595/1223 3697/1595/1223 3696/2814/1223 2506/2814/1223
f 2511/1525/1237 3700/1525/1237 3699/2884/1237 2509/2884/1237
f 2514/1579/1238 3703/1579/1238 3702/2562/1238 2512/2561/1238
f 2517/1588/1239 3706/1590/1239 3705/2895/1239 2515/2894/1239
f 2520/1591/1240 3709/1591/1240 3708/2975/1240 2518/2975/1240
f 2523/1597/1241 3712/1597/1241 3711/2992/1241 2521/2991/1241
f 2524/2990/1242 3714/2990/1242 3716/2995/1242 2525/2995/1242
f 2529/1484/1243 3718/1486/1243 3717/2566/1243 2527/2566/1243
f 2532/1482/1244 3721/1482/1244 3720/2791/1244 2530/2791/1244
f 2535/1479/1245 3724/1479/1245 3723/2248/1245 2533/2248/1245
f 2538/1477/1246 3727/1477/1246 3726/2246/1246 2536/2246/1246
f 2541/1474/1247 3730/1476/1247 3729/2244/1247 2539/2243/1247
f 2544/1471/1248 3733/1471/1248 3732/2241/1248 2542/2241/1248
f 2547/1467/1210 3736/1470/1210 3735/2238/1210 2545/2237/1210
f 2548/2236/1249 3738/2239/1249 3740/2235/1249 2549/2234/1249
f 2553/2650/1250 3743/2650/1250 3745/1459/1250 2554/1459/1250
f 2560/2639/1251 3749/2639/1251 3748/2635/1251 2558/2634/1251
f 2563/2638/1252 3753/2638/1252 3755/1457/1252 2564/1457/1252
f 2568/1456/1253 3757/1456/1253 3756/2701/1253 2566/2701/1253
f 2571/1516/1254 3760/1516/1254 3759/2613/1254 2569/2613/1254
f 2576/2799/1255 3766/2799/1255 3768/2817/1255 2577/2817/1255
f 2579/2804/1256 3769/2804/1256 3771/1573/1256 2580/1573/1256
f 2584/2822/1257 3773/2822/1257 3772/2806/1257 2582/2805/1257
f 2587/1513/1258 3776/1513/1258 3775/2827/1258 2585/2281/1258
f 2590/2826/1259 3779/2826/1259 3778/2828/1259 2588/2828/1259
f 2591/2288/1260 3781/2288/1260 3783/1542/1260 2592/1542/1260
f 2598/2698/1261 3787/2699/1261 3786/2843/1261 2596/2843/1261
f 2601/2842/1262 3790/2842/1262 3789/2663/1262 2599/2662/1262
f 2602/2829/1263 3792/2831/1263 3794/2121/1263 2603/2629/1263
f 2605/2122/1264 3795/2122/1264 3797/2631/1264 2606/2630/1264
f 2610/2848/1251 3800/2848/1251 3802/2844/1251 2611/2844/1251
f 2615/2845/1265 3804/2845/1265 3803/2686/1265 2613/2686/1265
f 2626/2745/1266 3815/2745/1266 3814/2860/1266 2624/2860/1266
f 2629/2751/1267 3819/2751/1267 3821/2614/1267 2630/2614/1267
f 2634/2619/1268 3823/2327/1268 3822/1519/1268 2632/1519/1268
f 2637/1574/1269 3827/1576/1269 3829/2865/1269 2638/2865/1269
f 2640/2347/1270 3830/2347/1270 3832/2867/1270 2641/2867/1270
f 2645/2879/1271 3834/2881/1271 3833/1524/1271 2643/1524/1271
f 2656/2911/1272 3846/2911/1272 3848/2870/1272 2657/2869/1272
f 2659/2868/1229 3849/2871/1229 3851/1535/1229 2660/1535/1229
f 2664/2908/1273 3854/2908/1273 3856/2761/1273 2665/2761/1273
f 2669/2769/1274 3858/2322/1274 3857/1540/1274 2667/1539/1274
f 2674/2859/1275 3863/2859/1275 3862/2913/1275 2672/2913/1275
f 2677/2912/1276 3866/2914/1276 3865/2730/1276 2675/2729/1276
f 2678/2861/1277 3868/2861/1277 3870/2728/1277 2679/2727/1277
f 2687/2925/1278 3876/2927/1278 3875/2836/1278 2685/2836/1278
f 2692/2929/1279 3881/2929/1279 3880/2696/1279 2690/2696/1279
f 2695/2923/1280 3884/2924/1280 3883/2857/1280 2693/2856/1280
f 2698/2855/1281 3887/2858/1281 3886/2916/1281 2696/2916/1281
f 2699/2933/1282 3889/2933/1282 3891/1553/1282 2700/1553/1282
f 2702/2932/1283 3892/2932/1283 3894/2934/1283 2703/2934/1283
f 2705/2624/1284 3895/2624/1284 3897/1567/1284 2706/1567/1284
f 2712/2941/1285 3901/2941/1285 3900/1563/1285 2710/1563/1285
f 2715/2917/1286 3904/2917/1286 3903/2942/1286 2713/2942/1286
f 2720/1559/1287 3909/1561/1287 3908/2951/1287 2718/2950/1287
f 2727/2915/1288 3916/2915/1288 3915/2955/1288 2725/2955/1288
f 2730/2954/1289 3919/2954/1289 3918/2948/1289 2728/2948/1289
f 2733/2705/1290 3922/2705/1290 3921/2717/1290 2731/2716/1290
f 2736/2715/1291 3925/2715/1291 3924/2707/1291 2734/2706/1291
f 2739/2949/1292 3929/2949/1292 3931/2963/1292 2740/2963/1292
f 2742/2708/1293 3932/2708/1293 3934/2957/1293 2743/2957/1293
f 2747/2956/1294 3936/2956/1294 3935/2961/1294 2745/2961/1294
f 2748/2940/1295 3938/2940/1295 3940/2483/1295 2749/2483/1295
f 2751/2960/1296 3941/2960/1296 3943/2965/1296 2752/2965/1296
f 2756/2484/1297 3945/2484/1297 3944/2740/1297 2754/2740/1297
f 2759/2741/1298 3948/2742/1298 3947/2485/1298 2757/2485/1298
f 2762/2878/1299 3951/2878/1299 3950/2495/1299 2760/2495/1299
f 2765/2747/1300 3954/2748/1300 3953/2864/1300 2763/2864/1300
f 2766/1582/1301 3956/1582/1301 3958/2757/1301 2767/2756/1301
f 2773/2972/1249 3962/2508/1249 3961/1581/1249 2771/1580/1249
f 2778/2969/1302 3967/2969/1302 3966/2907/1302 2776/2906/1302
f 2783/2779/1303 3972/2779/1303 3971/2978/1303 2781/2977/1303
f 2786/2976/1304 3975/2979/1304 3974/2775/1304 2784/2775/1304
f 2789/2781/1305 3978/2781/1305 3977/1587/1305 2787/1587/1305
f 2792/2980/1306 3981/2980/1306 3980/2783/1306 2790/2782/1306
f 2797/2989/1307 3986/2989/1307 3985/2898/1307 2795/2897/1307
f 2800/1593/1308 3990/1593/1308 3992/2998/1308 2801/2997/1308
f 2807/3007/1309 3996/3007/1309 3995/2982/1309 2805/2981/1309
f 2810/2558/1310 3999/2558/1310 3998/1596/1310 2808/1596/1310
f 2813/2886/1311 4002/2886/1311 4001/2557/1311 2811/2988/1311
f 2816/2993/1312 4006/2993/1312 4008/3009/1312 2817/2552/1312
f 2819/3003/1313 4009/3006/1313 4011/1603/1313 2820/1602/1313
f 2826/3016/1314 4015/3017/1314 4014/3005/1314 2824/3004/1314
f 2829/3018/1315 4019/3018/1315 4021/2584/1315 2830/2584/1315
f 2834/2583/1316 4023/2583/1316 4022/2789/1316 2832/2789/1316
f 2837/2580/1317 4026/2580/1317 4025/1608/1317 2835/1608/1317
f 2838/3021/1318 4028/3023/1318 4030/2795/1318 2839/2579/1318
f 2843/2591/1319 4032/2594/1319 4031/3008/1319 2841/3008/1319
f 2844/1609/1320 4034/1609/1320 4036/2593/1320 2845/2592/1320
f 2847/3014/1321 4037/3014/1321 4039/2063/1321 2848/2063/1321
f 2854/1420/1322 4043/1420/1322 4042/3015/1322 2852/3015/1322
f 2857/1491/1323 4046/1491/1323 4045/2137/1323 2855/2137/1323
f 2860/2614/1324 4049/2614/1324 4048/2602/1324 2858/2602/1324
f 2863/2617/1325 4053/2617/1325 4055/1466/1325 2864/1466/1325
f 2868/2057/1326 4057/2057/1326 4056/2477/1326 2866/2477/1326
f 2871/2119/1327 4060/2119/1327 4059/2059/1327 2869/2058/1327
f 2876/2121/1328 4066/2121/1328 4068/2643/1328 2877/2642/1328
f 2881/2305/1329 4070/2305/1329 4069/2434/1329 2879/2433/1329
f 2882/2140/1330 4072/2140/1330 4074/2651/1330 2883/2305/1330
f 2885/2297/1331 4075/2298/1331 4077/1440/1331 2886/1440/1331
f 2890/1440/1332 4079/1440/1332 4078/1450/1332 2888/1450/1332
f 2895/2796/1333 4084/2796/1333 4083/2306/1333 2893/2306/1333
f 2898/2160/1311 4087/2160/1311 4086/2157/1311 2896/2156/1311
f 2901/2155/1310 4091/2158/1310 4093/2267/1310 2902/2267/1310
f 2904/2134/1334 4094/2134/1334 4096/2626/1334 2905/2155/1334
f 2907/1499/1335 4097/1499/1335 4099/1435/1335 2908/1435/1335
f 2910/2148/1336 4100/2148/1336 4102/1500/1336 2911/1499/1336
f 2915/2652/1337 4104/2652/1337 4103/1498/1337 2913/1498/1337
f 2918/1498/1338 4107/1498/1338 4106/2151/1338 2916/2151/1338
f 2923/2138/1339 4112/2138/1339 4111/2296/1339 2921/2296/1339
f 2924/2295/1340 4114/2295/1340 4116/2257/1340 2925/2257/1340
f 2931/2427/1341 4121/2427/1341 4123/1551/1341 2932/1550/1341
f 2936/2159/1342 4125/2159/1342 4124/2430/1342 2934/2430/1342
f 2939/2429/1343 4129/2429/1343 4131/2284/1343 2940/2284/1343
f 2942/2152/1344 4132/2154/1344 4134/2648/1344 2943/2648/1344
f 2949/2697/1345 4138/2697/1345 4137/2315/1345 2947/2314/1345
f 2954/2658/1346 4143/2658/1346 4142/2122/1346 2952/2122/1346
f 2959/2627/1347 4148/2627/1347 4147/2304/1347 2957/2304/1347
f 2962/2258/1348 4152/2261/1348 4154/2265/1348 2963/2264/1348
f 2969/2252/1303 4158/2252/1303 4157/2260/1303 2967/2259/1303
f 2970/2709/1349 4160/2709/1349 4162/2263/1349 2971/2263/1349
f 2977/2463/1350 4166/2463/1350 4165/3025/1350 2975/3025/1350
f 2980/2262/1351 4170/2262/1351 4172/1442/1351 2981/1442/1351
f 2983/2168/1352 4173/2168/1352 4175/2704/1352 2984/2704/1352
f 2990/2461/1349 4179/2461/1349 4178/2459/1349 2988/2458/1349
f 2991/2724/1221 4181/2724/1221 4183/2462/1221 2992/2462/1221
f 2996/2457/1353 4185/2460/1353 4184/1430/1353 2994/1429/1353
f 2999/2172/1354 4189/2172/1354 4191/2456/1354 3000/2456/1354
f 3002/2718/1355 4192/2718/1355 4194/2171/1355 3003/2171/1355
f 3007/2174/1249 4197/2174/1249 4199/2719/1249 3008/2719/1249
f 3012/2170/1351 4201/2170/1351 4200/1433/1351 3010/1433/1351
f 3015/2176/1356 4205/2176/1356 4207/2392/1356 3016/2392/1356
f 3022/2333/1357 4211/2336/1357 4210/2332/1357 3020/2332/1357
f 3023/2749/1358 4213/2749/1358 4215/2335/1358 3024/2334/1358
f 3030/2489/1359 4219/2491/1359 4218/2486/1359 3028/2486/1359
f 3031/2606/1360 4221/2606/1360 4223/2490/1360 3032/2490/1360
f 3036/2485/1361 4226/2485/1361 4228/1489/1361 3037/1488/1361
f 3039/1418/1362 4229/1418/1362 4231/2744/1362 3040/2743/1362
f 3046/2233/1363 4235/2233/1363 4234/2496/1363 3044/2496/1363
f 3049/2487/1364 4238/2488/1364 4237/2618/1364 3047/2618/1364
f 3052/2495/1365 4241/2495/1365 4240/1469/1365 3050/1468/1365
f 3055/2240/1366 4245/2240/1366 4247/2494/1366 3056/2493/1366
f 3060/2758/1284 4249/2758/1284 4248/1473/1284 3058/1472/1284
f 3063/2242/1367 4253/2242/1367 4255/2384/1367 3064/2384/1367
f 3070/2518/1368 4259/2518/1368 4258/2515/1368 3068/2515/1368
f 3071/2245/1369 4261/2245/1369 4263/2519/1369 3072/2519/1369
f 3078/2525/1370 4267/2525/1370 4266/2524/1370 3076/2524/1370
f 3079/2247/1371 4269/2247/1371 4271/2526/1371 3080/2526/1371
f 3084/2523/1372 4273/2523/1372 4272/1481/1372 3082/1480/1372
f 3087/2790/1373 4277/2790/1373 4279/2522/1373 3088/2521/1373
f 3094/2581/1374 4283/2581/1374 4282/2578/1374 3092/2577/1374
f 3095/2565/1375 4285/2565/1375 4287/2582/1375 3096/2582/1375
f 3098/2784/1355 4288/2787/1355 4290/2250/1355 3099/2250/1355
f 3103/1416/1249 4293/1416/1249 4295/2786/1249 3104/2785/1249
f 3106/2301/1372 4296/2301/1372 4298/2641/1372 3107/2640/1372
f 3111/1439/1376 4301/1439/1376 4303/2300/1376 3112/2299/1376
f 3114/2309/1377 4304/2311/1377 4306/2637/1377 3115/2637/1377
f 3119/2700/1378 4308/2700/1378 4307/2069/1378 3117/2069/1378
f 3122/2585/1379 4311/2587/1379 4310/2128/1379 3120/2128/1379
f 3127/2268/1380 4317/2271/1380 4319/1492/1380 3128/1492/1380
f 3130/2280/1381 4320/2280/1381 4322/2586/1381 3131/2586/1381
f 3135/2612/1382 4324/2612/1382 4323/2279/1382 3133/2279/1382
f 3140/2807/1383 4329/2808/1383 4328/2358/1383 3138/2358/1383
f 3141/2344/1384 4331/2344/1384 4333/2270/1384 3142/2269/1384
f 3146/2816/1385 4335/2816/1385 4334/2362/1385 3144/2362/1385
f 3147/2272/1386 4337/2272/1386 4339/2351/1386 3148/2351/1386
f 3156/2752/1387 4345/2752/1387 4344/2282/1387 3154/2282/1387
f 3159/2350/1388 4348/2350/1388 4347/2338/1388 3157/2337/1388
f 3164/2281/1389 4353/2281/1389 4352/2145/1389 3162/2144/1389
f 3169/2303/1356 4359/2303/1356 4361/1502/1356 3170/1502/1356
f 3172/2324/1390 4362/2324/1390 4364/2288/1390 3173/2288/1390
f 3181/1543/1391 4370/1543/1391 4369/2291/1391 3179/2290/1391
f 3184/2287/1392 4373/2287/1392 4372/2388/1392 3182/2388/1392
f 3185/2411/1393 4375/2412/1393 4377/2287/1393 3186/2287/1393
f 3188/2307/1394 4378/2307/1394 4380/2830/1394 3189/2830/1394
f 3193/2437/1395 4382/2437/1395 4381/2320/1395 3191/2319/1395
f 3196/2413/1396 4386/2413/1396 4388/2695/1396 3197/2695/1396
f 3201/2438/1332 4390/2438/1332 4389/1507/1332 3199/1506/1332
f 3204/2387/1397 4393/2387/1397 4392/2438/1397 3202/2438/1397
f 3205/2416/1372 4395/2416/1372 4397/2849/1372 3206/2849/1372
f 3212/2419/1219 4401/2419/1219 4400/2317/1219 3210/2317/1219
f 3215/2313/1398 4404/2313/1398 4403/2312/1398 3213/2312/1398
f 3216/2854/1399 4406/2854/1399 4408/2847/1399 3217/2846/1399
f 3223/1536/1400 4412/1536/1400 4411/2323/1400 3221/2322/1400
f 3226/2389/1401 4415/2389/1401 4414/2422/1401 3224/2422/1401
f 3229/2393/1402 4418/2393/1402 4417/2862/1402 3227/2862/1402
f 3230/2329/1403 4420/2330/1403 4422/2390/1403 3231/2390/1403
f 3233/2390/1404 4423/2863/1404 4425/2731/1404 3234/2731/1404
f 3236/2285/1405 4426/2285/1405 4428/2746/1405 3237/2746/1405
f 3239/2331/1406 4429/2331/1406 4431/2737/1406 3240/2736/1406
f 3244/2615/1407 4433/2615/1407 4432/2283/1407 3242/2283/1407
f 3247/2178/1408 4436/2178/1408 4435/2616/1408 3245/2615/1408
f 3248/2343/1226 4438/2343/1226 4440/2327/1226 3249/2326/1226
f 3255/2345/1409 4445/2345/1409 4447/1522/1409 3256/1521/1409
f 3258/2348/1410 4448/2348/1410 4450/2620/1410 3259/2620/1410
f 3261/2325/1394 4451/2328/1394 4453/2232/1394 3262/2232/1394
f 3266/2376/1411 4456/2376/1411 4458/2815/1411 3267/2815/1411
f 3269/2355/1412 4459/2355/1412 4461/2347/1412 3270/2346/1412
f 3274/2136/1413 4464/2136/1413 4466/2274/1413 3275/2274/1413
f 3281/1531/1235 4470/1533/1235 4469/2559/1235 3279/2558/1235
f 3282/2382/1414 4472/2382/1414 4474/2880/1414 3283/2880/1414
f 3285/2357/1324 4475/2357/1324 4477/2354/1324 3286/2353/1324
f 3292/2882/1415 4481/2882/1415 4480/2508/1415 3290/2507/1415
f 3293/2564/1416 4483/2564/1416 4485/1527/1416 3294/1527/1416
f 3298/1527/1417 4487/1530/1417 4486/2369/1417 3296/2369/1417
f 3301/2557/1418 4491/2557/1418 4493/2902/1418 3302/2902/1418
f 3306/1529/1419 4495/1528/1419 4494/2900/1419 3304/2899/1419
f 3307/2365/1420 4497/2367/1420 4499/1529/1420 3308/1528/1420
f 3312/2370/1421 4502/2370/1421 4504/1578/1421 3313/1578/1421
f 3315/2378/1422 4505/2378/1422 4507/2504/1422 3316/2503/1422
f 3318/2910/1423 4508/2910/1423 4510/2763/1423 3319/2763/1423
f 3325/2903/1424 4514/2903/1424 4513/2377/1424 3323/2377/1424
f 3328/2502/1425 4517/2505/1425 4516/2375/1425 3326/2375/1425
f 3331/2385/1426 4520/2386/1426 4519/2505/1426 3329/2505/1426
f 3334/2759/1427 4523/2762/1427 4522/2380/1427 3332/2380/1427
f 3337/2497/1428 4526/2497/1428 4525/2760/1428 3335/2759/1428
f 3340/2321/1429 4529/2321/1429 4528/2294/1429 3338/2294/1429
f 3341/2373/1430 4531/2373/1430 4533/2321/1430 3342/2321/1430
f 3346/2395/1431 4535/2395/1431 4534/2394/1431 3344/2394/1431
f 3353/1554/1432 4542/1556/1432 4541/2399/1432 3351/2399/1432
f 3356/2726/1433 4545/2726/1433 4544/2402/1433 3354/2402/1433
f 3359/2714/1434 4548/2714/1434 4547/2397/1434 3357/2396/1434
f 3364/1547/1277 4553/1547/1277 4552/2404/1277 3362/2404/1277
f 3367/2289/1435 4556/2292/1435 4555/2442/1435 3365/2442/1435
f 3368/2423/1436 4558/2423/1436 4560/2926/1436 3369/2289/1436
f 3371/2162/1437 4561/2162/1437 4563/2841/1437 3372/2841/1437
f 3376/2316/1310 4565/2316/1310 4564/1546/1310 3374/1546/1310
f 3377/2445/1438 4567/2446/1438 4569/2931/1438 3378/2930/1438
f 3380/2674/1439 4570/2677/1439 4572/2420/1439 3381/2420/1439
f 3387/2928/1440 4576/2928/1440 4575/2428/1440 3385/2428/1440
f 3390/2403/1433 4579/2405/1433 4578/2426/1433 3388/2426/1433
f 3393/1422/1441 4583/1422/1441 4585/2147/1441 3394/2146/1441
f 3396/2421/1442 4586/2421/1442 4588/2432/1442 3397/2432/1442
f 3403/2431/1443 4592/2431/1443 4591/2143/1443 3401/2143/1443
f 3404/2443/1415 4594/2443/1415 4596/2625/1415 3405/2625/1415
f 3411/1557/1444 4600/1557/1444 4599/2439/1444 3409/2439/1444
f 3414/2398/1445 4603/2400/1445 4602/2481/1445 3412/2481/1445
f 3419/1560/1446 4608/2440/1446 4607/2436/1446 3417/2436/1446
f 3420/2449/1447 4610/2449/1447 4612/1560/1447 3421/1560/1447
f 3423/2447/1448 4613/2447/1448 4615/2472/1448 3424/2472/1448
f 3426/2472/1449 4616/2472/1449 4618/2465/1449 3427/2465/1449
f 3431/2451/1450 4621/2451/1450 4623/1565/1450 3432/1565/1450
f 3436/2471/1451 4625/2471/1451 4624/2454/1451 3434/2453/1451
f 3439/2164/1452 4628/2164/1452 4627/2953/1452 3437/2952/1452
f 3442/2473/1453 4631/2473/1453 4630/2467/1453 3440/2466/1453
f 3447/2964/1454 4637/2964/1454 4639/1569/1454 3448/1569/1454
f 3452/2962/1455 4641/2962/1455 4640/2475/1455 3450/2475/1455
f 3455/2479/1456 4644/2479/1456 4643/2452/1456 3453/2452/1456
f 3456/1443/1233 4646/1446/1233 4648/2474/1233 3457/2474/1233
f 3461/2482/1457 4650/2482/1457 4649/2208/1457 3459/2208/1457
f 3466/2909/1458 4655/2909/1458 4654/2540/1458 3464/2540/1458
f 3467/2468/1459 4657/2470/1459 4659/2372/1459 3468/2371/1459
f 3472/2372/1460 4661/2371/1460 4660/2543/1460 3470/2542/1460
f 3473/2883/1461 4663/2885/1461 4665/2364/1461 3474/2364/1461
f 3476/2560/1462 4666/2563/1462 4668/2529/1462 3477/2528/1462
f 3479/2527/1210 4669/2530/1210 4671/2973/1210 3480/2973/1210
f 3482/2506/1284 4672/2509/1284 4674/2501/1284 3483/2501/1284
f 3489/1584/1463 4678/1584/1463 4677/2517/1463 3487/2517/1463
f 3490/2510/1464 4680/2513/1464 4682/2970/1464 3491/2970/1464
f 3493/2514/1465 4683/2514/1465 4685/2770/1465 3494/2770/1465
f 3498/2516/1466 4688/2516/1466 4690/2780/1466 3499/2780/1466
f 3501/2534/1467 4691/2534/1467 4693/2532/1467 3502/2532/1467
f 3508/2547/1309 4698/2547/1309 4700/1592/1309 3509/1592/1309
f 3511/2554/1405 4701/2554/1405 4703/2541/1405 3512/2541/1405
f 3514/2539/1468 4704/2541/1468 4706/2556/1468 3515/2556/1468
f 3517/2974/1351 4707/2974/1351 4709/2551/1351 3518/2551/1351
f 3520/2550/1210 4710/2550/1210 4712/2549/1210 3521/2548/1210
f 3525/2996/1469 4714/2996/1469 4713/2546/1469 3523/2545/1469
f 3526/2893/1470 4716/2896/1470 4718/2538/1470 3527/2537/1470
f 3531/2552/1471 4721/2552/1471 4723/2971/1471 3532/2971/1471
f 3534/2567/1472 4724/2567/1472 4726/2531/1472 3535/2531/1472
f 3537/2531/1473 4727/2533/1473 4729/2569/1473 3538/2569/1473
f 3540/2609/1474 4730/2609/1474 4732/2361/1474 3541/2360/1474
f 3543/2813/1253 4733/2813/1253 4735/2887/1253 3544/2887/1253
f 3548/2904/1475 4737/2904/1475 4736/2622/1475 3546/2622/1475
f 3549/2994/1476 4739/2994/1476 4741/2553/1476 3550/2553/1476
f 3554/2553/1477 4743/2553/1477 4742/2571/1477 3552/2571/1477
f 3557/2597/1478 4747/2600/1478 4749/1600/1478 3558/1600/1478
f 3564/3010/1479 4753/3010/1479 4752/2574/1479 3562/2573/1479
f 3565/2575/1480 4755/2575/1480 4757/2599/1480 3566/2598/1480
f 3570/1601/1481 4759/1604/1481 4758/2605/1481 3568/2604/1481
f 3575/1605/1482 4764/1605/1482 4763/2580/1482 3573/2580/1482
f 3576/2589/1483 4766/2589/1483 4768/2576/1483 3577/2576/1483
f 3579/2576/1484 4769/2576/1484 4771/2588/1484 3580/2588/1484
f 3584/2249/1485 4773/2251/1485 4772/2092/1485 3582/2091/1485
f 3587/2579/1486 4776/2579/1486 4775/3020/1486 3585/3019/1486
f 3590/2572/1487 4779/2572/1487 4778/3022/1487 3588/3022/1487
f 2401/3024/221 2975/3025/221 4165/3025/221 3591/3024/221
