# Blender 4.4.3
# www.blender.org
mtllib Komode.mtl
o Cube.000_Cube.028
v 0.269005 -0.386680 0.353556
v 0.277728 -0.377956 0.353556
v 0.269005 -0.377956 0.362279
v 0.275173 -0.384125 0.353556
v 0.274041 -0.382993 0.358592
v 0.275173 -0.377956 0.359724
v 0.269005 -0.384125 0.359724
v 0.269005 0.362351 0.362279
v 0.277728 0.362351 0.353556
v 0.275173 0.362351 0.359724
v 0.238300 -0.386680 0.353556
v 0.238300 -0.377956 0.362279
v 0.229576 -0.377956 0.353556
v 0.238300 -0.384125 0.359724
v 0.233263 -0.382993 0.358592
v 0.232131 -0.377956 0.359724
v 0.232131 -0.384125 0.353556
v 0.229577 0.362351 0.353556
v 0.238300 0.362351 0.362279
v 0.232131 0.362351 0.359724
v 0.269005 -0.386680 0.322851
v 0.269005 -0.377956 0.314127
v 0.277728 -0.377956 0.322851
v 0.269005 -0.384125 0.316682
v 0.274041 -0.382993 0.317814
v 0.275173 -0.377956 0.316682
v 0.275173 -0.384125 0.322851
v 0.277728 0.362351 0.322851
v 0.269005 0.362351 0.314127
v 0.275173 0.362351 0.316682
v 0.238300 -0.386680 0.322851
v 0.229576 -0.377956 0.322851
v 0.238300 -0.377956 0.314127
v 0.232131 -0.384125 0.322851
v 0.233263 -0.382993 0.317814
v 0.232131 -0.377956 0.316682
v 0.238300 -0.384125 0.316682
v 0.238300 0.362351 0.314127
v 0.229577 0.362351 0.322851
v 0.232131 0.362351 0.316682
v -0.238300 -0.386679 0.353556
v -0.229577 -0.377956 0.353556
v -0.238300 -0.377956 0.362279
v -0.232132 -0.384124 0.353556
v -0.233264 -0.382992 0.358592
v -0.232132 -0.377956 0.359724
v -0.238300 -0.384124 0.359724
v -0.238300 0.362351 0.362279
v -0.229577 0.362351 0.353556
v -0.232132 0.362351 0.359724
v -0.269005 -0.386679 0.353556
v -0.269005 -0.377956 0.362279
v -0.277728 -0.377956 0.353556
v -0.269005 -0.384124 0.359724
v -0.274041 -0.382992 0.358592
v -0.275173 -0.377956 0.359724
v -0.275173 -0.384124 0.353556
v -0.277728 0.362351 0.353556
v -0.269005 0.362351 0.362279
v -0.275173 0.362351 0.359724
v -0.238300 -0.386679 0.322851
v -0.238300 -0.377956 0.314127
v -0.229577 -0.377956 0.322851
v -0.238300 -0.384124 0.316682
v -0.233264 -0.382992 0.317814
v -0.232132 -0.377956 0.316682
v -0.232132 -0.384124 0.322851
v -0.229577 0.362351 0.322851
v -0.238300 0.362351 0.314127
v -0.232132 0.362351 0.316682
v -0.269005 -0.386679 0.322851
v -0.277728 -0.377956 0.322851
v -0.269005 -0.377956 0.314127
v -0.275173 -0.384124 0.322851
v -0.274041 -0.382992 0.317814
v -0.275173 -0.377956 0.316682
v -0.269005 -0.384124 0.316682
v -0.269005 0.362351 0.314127
v -0.277728 0.362351 0.322851
v -0.275173 0.362351 0.316682
v -0.238300 -0.386679 -0.322851
v -0.229577 -0.377956 -0.322851
v -0.238300 -0.377956 -0.314127
v -0.232132 -0.384124 -0.322851
v -0.233264 -0.382992 -0.317814
v -0.232132 -0.377956 -0.316682
v -0.238300 -0.384124 -0.316682
v -0.238300 0.362351 -0.314127
v -0.229576 0.362351 -0.322851
v -0.232132 0.362351 -0.316682
v -0.269005 -0.386679 -0.322851
v -0.269005 -0.377956 -0.314127
v -0.277728 -0.377956 -0.322851
v -0.269005 -0.384124 -0.316682
v -0.274041 -0.382992 -0.317814
v -0.275173 -0.377956 -0.316682
v -0.275173 -0.384124 -0.322851
v -0.277728 0.362351 -0.322851
v -0.269005 0.362351 -0.314127
v -0.275173 0.362351 -0.316682
v -0.238300 -0.386679 -0.353556
v -0.238300 -0.377956 -0.362279
v -0.229577 -0.377956 -0.353556
v -0.238300 -0.384124 -0.359724
v -0.233264 -0.382992 -0.358592
v -0.232132 -0.377956 -0.359724
v -0.232132 -0.384124 -0.353556
v -0.229576 0.362351 -0.353556
v -0.238300 0.362351 -0.362279
v -0.232132 0.362351 -0.359724
v -0.269005 -0.386679 -0.353556
v -0.277728 -0.377956 -0.353556
v -0.269005 -0.377956 -0.362279
v -0.275173 -0.384124 -0.353556
v -0.274041 -0.382992 -0.358592
v -0.275173 -0.377956 -0.359724
v -0.269005 -0.384124 -0.359724
v -0.269005 0.362351 -0.362279
v -0.277728 0.362351 -0.353556
v -0.275173 0.362351 -0.359724
v 0.269005 -0.386680 -0.322851
v 0.277728 -0.377956 -0.322851
v 0.269005 -0.377956 -0.314127
v 0.275173 -0.384124 -0.322851
v 0.274041 -0.382992 -0.317814
v 0.275173 -0.377956 -0.316682
v 0.269005 -0.384124 -0.316682
v 0.269005 0.362350 -0.314127
v 0.277728 0.362350 -0.322851
v 0.275173 0.362350 -0.316682
v 0.238300 -0.386680 -0.322851
v 0.238300 -0.377956 -0.314127
v 0.229577 -0.377956 -0.322851
v 0.238300 -0.384124 -0.316682
v 0.233263 -0.382992 -0.317814
v 0.232131 -0.377956 -0.316682
v 0.232131 -0.384124 -0.322851
v 0.229577 0.362350 -0.322851
v 0.238300 0.362350 -0.314127
v 0.232132 0.362350 -0.316682
v 0.269005 -0.386680 -0.353556
v 0.269005 -0.377956 -0.362279
v 0.277728 -0.377956 -0.353556
v 0.269005 -0.384124 -0.359724
v 0.274041 -0.382992 -0.358592
v 0.275173 -0.377956 -0.359724
v 0.275173 -0.384124 -0.353556
v 0.277728 0.362350 -0.353556
v 0.269005 0.362350 -0.362279
v 0.275173 0.362350 -0.359724
v 0.238300 -0.386680 -0.353556
v 0.229577 -0.377956 -0.353556
v 0.238300 -0.377956 -0.362279
v 0.232131 -0.384124 -0.353556
v 0.233263 -0.382992 -0.358592
v 0.232131 -0.377956 -0.359724
v 0.238300 -0.384124 -0.359724
v 0.238300 0.362350 -0.362279
v 0.229577 0.362350 -0.353556
v 0.232132 0.362350 -0.359724
v -0.289274 0.349477 -0.385029
v -0.296015 0.356218 -0.385029
v -0.289274 0.356218 -0.391770
v -0.294041 0.351452 -0.385029
v -0.293166 0.352326 -0.388921
v -0.294041 0.356218 -0.389796
v -0.289274 0.351452 -0.389796
v -0.296015 0.379939 -0.385029
v -0.289274 0.386680 -0.385029
v -0.289274 0.379939 -0.391770
v -0.294041 0.384705 -0.385029
v -0.293166 0.383831 -0.388921
v -0.289274 0.384705 -0.389796
v -0.294041 0.379939 -0.389796
v 0.289274 0.349477 -0.385029
v 0.289274 0.356218 -0.391770
v 0.296015 0.356218 -0.385029
v 0.289274 0.351452 -0.389796
v 0.293166 0.352326 -0.388921
v 0.294041 0.356218 -0.389796
v 0.294041 0.351452 -0.385029
v 0.289274 0.386680 -0.385029
v 0.296015 0.379939 -0.385029
v 0.289274 0.379939 -0.391770
v 0.294041 0.384705 -0.385029
v 0.293166 0.383831 -0.388921
v 0.294041 0.379939 -0.389796
v 0.289275 0.384705 -0.389796
v -0.289274 0.349477 0.385029
v -0.289274 0.356218 0.391770
v -0.296015 0.356218 0.385029
v -0.289274 0.351452 0.389796
v -0.293166 0.352326 0.388921
v -0.294041 0.356218 0.389796
v -0.294041 0.351452 0.385029
v -0.289274 0.386680 0.385029
v -0.296015 0.379939 0.385029
v -0.289274 0.379939 0.391770
v -0.294041 0.384705 0.385029
v -0.293166 0.383831 0.388921
v -0.294041 0.379939 0.389796
v -0.289274 0.384705 0.389796
v 0.289274 0.349477 0.385029
v 0.296015 0.356218 0.385029
v 0.289274 0.356218 0.391770
v 0.294041 0.351452 0.385029
v 0.293166 0.352326 0.388921
v 0.294041 0.356218 0.389796
v 0.289274 0.351452 0.389796
v 0.289274 0.386680 0.385029
v 0.289274 0.379939 0.391770
v 0.296015 0.379939 0.385029
v 0.289274 0.384705 0.389796
v 0.293166 0.383831 0.388921
v 0.294041 0.379939 0.389796
v 0.294041 0.384705 0.385029
v -0.231592 0.259716 0.350868
v -0.231592 0.354040 0.350868
v 0.231592 0.259716 0.350868
v 0.231592 0.354040 0.350868
v -0.231592 0.259716 0.325539
v -0.231592 0.354040 0.325539
v 0.231592 0.259716 0.325539
v 0.231592 0.354040 0.325539
v -0.231592 0.058963 0.347990
v -0.231592 0.119249 0.347990
v 0.231592 0.058963 0.347990
v 0.231592 0.119249 0.347990
v -0.231592 0.058963 0.328416
v -0.231592 0.119249 0.328416
v 0.231592 0.058963 0.328416
v 0.231592 0.119249 0.328416
v -0.231592 -0.130938 0.347990
v -0.231592 -0.070652 0.347990
v 0.231592 -0.130938 0.347990
v 0.231592 -0.070652 0.347990
v -0.231592 -0.130938 0.328416
v -0.231592 -0.070652 0.328416
v 0.231592 -0.130938 0.328416
v 0.231592 -0.070652 0.328416
v -0.231592 -0.343727 0.347990
v -0.231592 -0.270287 0.347990
v 0.231592 -0.343727 0.347990
v 0.231592 -0.270287 0.347990
v -0.231592 -0.343727 0.328416
v -0.231592 -0.270287 0.328416
v 0.231592 -0.343727 0.328416
v 0.231592 -0.270287 0.328416
v -0.231592 -0.343727 -0.347990
v -0.231592 -0.270287 -0.347990
v 0.231592 -0.343727 -0.347990
v 0.231592 -0.270287 -0.347990
v -0.231592 -0.343727 -0.328416
v -0.231592 -0.270287 -0.328416
v 0.231592 -0.343727 -0.328416
v 0.231592 -0.270287 -0.328416
v -0.231592 -0.130938 -0.347990
v -0.231592 -0.070652 -0.347990
v 0.231592 -0.130938 -0.347990
v 0.231592 -0.070652 -0.347990
v -0.231592 -0.130938 -0.328416
v -0.231592 -0.070652 -0.328416
v 0.231592 -0.130938 -0.328416
v 0.231592 -0.070652 -0.328416
v -0.231592 0.058963 -0.347990
v -0.231592 0.119249 -0.347990
v 0.231592 0.058963 -0.347990
v 0.231592 0.119249 -0.347990
v -0.231592 0.058963 -0.328416
v -0.231592 0.119249 -0.328416
v 0.231592 0.058963 -0.328416
v 0.231592 0.119249 -0.328416
v -0.231592 0.259716 -0.350868
v -0.231592 0.354040 -0.350868
v 0.231592 0.259716 -0.350868
v 0.231592 0.354040 -0.350868
v -0.231592 0.259716 -0.325539
v -0.231592 0.354040 -0.325539
v 0.231592 0.259716 -0.325539
v 0.231592 0.354040 -0.325539
v -0.231073 -0.277370 -0.339620
v -0.231073 0.277370 -0.339620
v 0.231073 -0.277370 -0.339620
v 0.231073 0.277370 -0.339620
v -0.231073 -0.277370 -0.329398
v -0.231073 0.277370 -0.329398
v 0.231073 -0.277370 -0.329398
v 0.231073 0.277370 -0.329398
v -0.231073 -0.277370 0.339620
v -0.231073 0.277370 0.339620
v 0.231073 -0.277370 0.339620
v 0.231073 0.277370 0.339620
v -0.231073 -0.277370 0.329398
v -0.231073 0.277370 0.329398
v 0.231073 -0.277370 0.329398
v 0.231073 0.277370 0.329398
v 0.251132 0.182980 0.312549
v 0.251132 0.193650 0.315886
v 0.247795 0.193650 0.312549
v 0.251132 0.186105 0.314909
v 0.249205 0.187490 0.314476
v 0.248772 0.193650 0.314909
v 0.248772 0.186105 0.312549
v 0.251132 0.301270 0.315886
v 0.251132 0.311939 0.312549
v 0.247795 0.301270 0.312549
v 0.251132 0.308814 0.314909
v 0.249205 0.307430 0.314476
v 0.248772 0.308814 0.312549
v 0.248772 0.301270 0.314909
v 0.251132 0.182980 -0.312549
v 0.247794 0.193650 -0.312549
v 0.251132 0.193650 -0.315886
v 0.248772 0.186105 -0.312549
v 0.249205 0.187490 -0.314476
v 0.248772 0.193650 -0.314909
v 0.251132 0.186105 -0.314909
v 0.251132 0.311939 -0.312549
v 0.251132 0.301270 -0.315886
v 0.247794 0.301270 -0.312549
v 0.251132 0.308814 -0.314909
v 0.249205 0.307430 -0.314476
v 0.248772 0.301270 -0.314909
v 0.248772 0.308814 -0.312549
v 0.267585 0.182980 0.312549
v 0.270923 0.193650 0.312549
v 0.267585 0.193650 0.315886
v 0.269945 0.186105 0.312549
v 0.269512 0.187490 0.314476
v 0.269945 0.193650 0.314909
v 0.267585 0.186105 0.314909
v 0.267585 0.311939 0.312549
v 0.267585 0.301270 0.315886
v 0.270923 0.301270 0.312549
v 0.267585 0.308814 0.314909
v 0.269512 0.307430 0.314476
v 0.269945 0.301270 0.314909
v 0.269945 0.308814 0.312549
v 0.267585 0.182980 -0.312549
v 0.267585 0.193650 -0.315886
v 0.270923 0.193650 -0.312549
v 0.267585 0.186105 -0.314909
v 0.269512 0.187490 -0.314476
v 0.269945 0.193650 -0.314909
v 0.269945 0.186105 -0.312549
v 0.267585 0.311939 -0.312549
v 0.270923 0.301270 -0.312549
v 0.267585 0.301270 -0.315886
v 0.269945 0.308814 -0.312549
v 0.269512 0.307430 -0.314476
v 0.269945 0.301270 -0.314909
v 0.267585 0.308814 -0.314909
v -0.269293 -0.341833 0.342484
v -0.269293 0.353850 0.342484
v -0.269293 -0.341833 -0.342484
v -0.269293 0.353850 -0.342484
v -0.253995 -0.341833 0.342484
v -0.253995 0.353850 0.342484
v -0.253995 -0.341833 -0.342484
v -0.253995 0.353850 -0.342484
v 0.251132 0.143556 0.312549
v 0.251132 0.146894 0.315886
v 0.247795 0.146894 0.312549
v 0.251132 0.144534 0.314909
v 0.249205 0.144967 0.314476
v 0.248772 0.146894 0.314909
v 0.248772 0.144534 0.312549
v 0.251132 0.180558 0.315886
v 0.251132 0.183895 0.312549
v 0.247795 0.180558 0.312549
v 0.251132 0.182918 0.314909
v 0.249205 0.182485 0.314476
v 0.248772 0.182918 0.312549
v 0.248772 0.180558 0.314909
v 0.251132 0.143556 -0.312549
v 0.247794 0.146894 -0.312549
v 0.251132 0.146894 -0.315886
v 0.248772 0.144534 -0.312549
v 0.249205 0.144967 -0.314476
v 0.248772 0.146894 -0.314909
v 0.251132 0.144534 -0.314909
v 0.251132 0.183895 -0.312549
v 0.251132 0.180558 -0.315886
v 0.247794 0.180558 -0.312549
v 0.251132 0.182918 -0.314909
v 0.249205 0.182485 -0.314476
v 0.248772 0.180558 -0.314909
v 0.248772 0.182918 -0.312549
v 0.267585 0.143556 0.312549
v 0.270923 0.146894 0.312549
v 0.267585 0.146894 0.315886
v 0.269945 0.144534 0.312549
v 0.269512 0.144967 0.314476
v 0.269945 0.146894 0.314909
v 0.267585 0.144534 0.314909
v 0.267585 0.183895 0.312549
v 0.267585 0.180558 0.315886
v 0.270923 0.180558 0.312549
v 0.267585 0.182918 0.314909
v 0.269512 0.182485 0.314476
v 0.269945 0.180558 0.314909
v 0.269945 0.182918 0.312549
v 0.267585 0.143556 -0.312549
v 0.267585 0.146894 -0.315886
v 0.270923 0.146894 -0.312549
v 0.267585 0.144534 -0.314909
v 0.269512 0.144967 -0.314476
v 0.269945 0.146894 -0.314909
v 0.269945 0.144534 -0.312549
v 0.267585 0.183895 -0.312549
v 0.270923 0.180558 -0.312549
v 0.267585 0.180558 -0.315886
v 0.269945 0.182918 -0.312549
v 0.269512 0.182485 -0.314476
v 0.269945 0.180558 -0.314909
v 0.267585 0.182918 -0.314909
v 0.251132 0.311024 0.312549
v 0.251132 0.314361 0.315886
v 0.247795 0.314361 0.312549
v 0.251132 0.312002 0.314909
v 0.249205 0.312435 0.314476
v 0.248772 0.314361 0.314909
v 0.248772 0.312002 0.312549
v 0.251132 0.348026 0.315886
v 0.251132 0.351363 0.312549
v 0.247795 0.348026 0.312549
v 0.251132 0.350385 0.314909
v 0.249205 0.349952 0.314476
v 0.248772 0.350385 0.312549
v 0.248772 0.348026 0.314909
v 0.251132 0.311024 -0.312549
v 0.247794 0.314361 -0.312549
v 0.251132 0.314361 -0.315886
v 0.248772 0.312002 -0.312549
v 0.249205 0.312435 -0.314476
v 0.248772 0.314361 -0.314909
v 0.251132 0.312002 -0.314909
v 0.251132 0.351363 -0.312549
v 0.251132 0.348026 -0.315886
v 0.247794 0.348026 -0.312549
v 0.251132 0.350385 -0.314909
v 0.249205 0.349952 -0.314476
v 0.248772 0.348026 -0.314909
v 0.248772 0.350385 -0.312549
v 0.267585 0.311024 0.312549
v 0.270923 0.314361 0.312549
v 0.267585 0.314361 0.315886
v 0.269945 0.312002 0.312549
v 0.269512 0.312435 0.314476
v 0.269945 0.314361 0.314909
v 0.267585 0.312002 0.314909
v 0.267585 0.351363 0.312549
v 0.267585 0.348026 0.315886
v 0.270923 0.348026 0.312549
v 0.267585 0.350385 0.314909
v 0.269512 0.349952 0.314476
v 0.269945 0.348026 0.314909
v 0.269945 0.350385 0.312549
v 0.267585 0.311024 -0.312549
v 0.267585 0.314361 -0.315886
v 0.270923 0.314361 -0.312549
v 0.267585 0.312002 -0.314909
v 0.269512 0.312435 -0.314476
v 0.269945 0.314361 -0.314909
v 0.269945 0.312002 -0.312549
v 0.267585 0.351363 -0.312549
v 0.270923 0.348026 -0.312549
v 0.267585 0.348026 -0.315886
v 0.269945 0.350385 -0.312549
v 0.269512 0.349952 -0.314476
v 0.269945 0.348026 -0.314909
v 0.267585 0.350385 -0.314909
v 0.254343 0.102879 -0.040111
v 0.254343 -0.245620 -0.040111
v 0.254343 -0.245620 -0.273514
v 0.254343 0.102879 -0.273514
v 0.247433 -0.282146 0.001213
v 0.247433 -0.286859 -0.003501
v 0.247433 -0.285479 -0.000168
v 0.247433 0.144119 -0.003501
v 0.247433 0.139405 0.001213
v 0.247433 0.142738 -0.000168
v 0.261453 -0.286859 -0.003501
v 0.261453 -0.282146 0.001213
v 0.266167 -0.282151 -0.003505
v 0.261453 -0.285479 -0.000168
v 0.264429 -0.285123 -0.000526
v 0.264786 -0.282148 -0.000169
v 0.264786 -0.285480 -0.003503
v 0.261453 0.144119 -0.003501
v 0.266167 0.139410 -0.003505
v 0.261453 0.139405 0.001213
v 0.264786 0.142739 -0.003503
v 0.264429 0.142382 -0.000526
v 0.264786 0.139408 -0.000169
v 0.261453 0.142738 -0.000168
v 0.247433 -0.286859 -0.310125
v 0.247433 -0.282146 -0.314838
v 0.247433 -0.285479 -0.313458
v 0.247433 0.139405 -0.314838
v 0.247433 0.144119 -0.310125
v 0.247433 0.142738 -0.313458
v 0.266167 -0.282151 -0.310120
v 0.261453 -0.282146 -0.314838
v 0.261453 -0.286859 -0.310125
v 0.264786 -0.282148 -0.313456
v 0.264429 -0.285123 -0.313100
v 0.261453 -0.285479 -0.313458
v 0.264786 -0.285480 -0.310122
v 0.261453 0.144119 -0.310125
v 0.261453 0.139405 -0.314838
v 0.266167 0.139410 -0.310120
v 0.261453 0.142738 -0.313458
v 0.264429 0.142382 -0.313100
v 0.264786 0.139408 -0.313456
v 0.264786 0.142739 -0.310122
v 0.266167 0.106372 -0.036610
v 0.262670 0.102879 -0.040111
v 0.265142 0.103903 -0.039086
v 0.262670 -0.245620 -0.040111
v 0.266167 -0.249113 -0.036610
v 0.265142 -0.246643 -0.039086
v 0.262670 -0.245620 -0.273514
v 0.266167 -0.249113 -0.277015
v 0.265142 -0.246643 -0.274539
v 0.266167 0.106372 -0.277015
v 0.262670 0.102879 -0.273514
v 0.265143 0.103903 -0.274539
v 0.254343 0.102879 0.040111
v 0.254343 -0.245620 0.040111
v 0.254343 -0.245620 0.273514
v 0.254343 0.102879 0.273514
v 0.247433 -0.282146 -0.001213
v 0.247433 -0.286859 0.003501
v 0.247433 -0.285479 0.000168
v 0.247433 0.144119 0.003501
v 0.247433 0.139405 -0.001213
v 0.247433 0.142738 0.000168
v 0.261453 -0.286859 0.003501
v 0.261453 -0.282146 -0.001213
v 0.266167 -0.282151 0.003505
v 0.261453 -0.285479 0.000168
v 0.264429 -0.285123 0.000526
v 0.264786 -0.282148 0.000169
v 0.264786 -0.285480 0.003503
v 0.261453 0.144119 0.003501
v 0.266167 0.139410 0.003505
v 0.261453 0.139405 -0.001213
v 0.264786 0.142739 0.003503
v 0.264429 0.142382 0.000526
v 0.264786 0.139408 0.000169
v 0.261453 0.142738 0.000168
v 0.247433 -0.286859 0.310125
v 0.247433 -0.282146 0.314838
v 0.247433 -0.285479 0.313458
v 0.247433 0.139405 0.314838
v 0.247433 0.144119 0.310125
v 0.247433 0.142738 0.313458
v 0.266167 -0.282151 0.310120
v 0.261453 -0.282146 0.314838
v 0.261453 -0.286859 0.310125
v 0.264786 -0.282148 0.313456
v 0.264429 -0.285123 0.313100
v 0.261453 -0.285479 0.313458
v 0.264786 -0.285480 0.310122
v 0.261453 0.144119 0.310125
v 0.261453 0.139405 0.314838
v 0.266167 0.139410 0.310120
v 0.261453 0.142738 0.313458
v 0.264429 0.142382 0.313100
v 0.264786 0.139408 0.313456
v 0.264786 0.142739 0.310122
v 0.266167 0.106372 0.036611
v 0.262670 0.102879 0.040111
v 0.265142 0.103903 0.039086
v 0.262670 -0.245620 0.040111
v 0.266167 -0.249113 0.036611
v 0.265142 -0.246643 0.039086
v 0.262670 -0.245620 0.273514
v 0.266167 -0.249113 0.277015
v 0.265142 -0.246643 0.274539
v 0.266167 0.106372 0.277015
v 0.262670 0.102879 0.273514
v 0.265142 0.103903 0.274539
v 0.244716 -0.293063 0.254015
v 0.268884 -0.293063 0.254015
v 0.268884 -0.293063 -0.254015
v 0.244716 -0.293063 -0.254015
v 0.268884 -0.337168 0.263525
v 0.268884 -0.337168 -0.263525
v 0.244716 -0.337168 -0.263525
v 0.244716 -0.337168 0.263525
v 0.248623 -0.357271 -0.317065
v 0.244716 -0.347977 -0.317065
v 0.245861 -0.354549 -0.317065
v 0.244716 -0.289017 -0.317065
v 0.248623 -0.285111 -0.317065
v 0.245861 -0.286255 -0.317065
v 0.268884 -0.347977 -0.317065
v 0.264977 -0.357271 -0.317065
v 0.267740 -0.354549 -0.317065
v 0.264977 -0.285111 -0.317065
v 0.268884 -0.289017 -0.317065
v 0.267740 -0.286255 -0.317065
v 0.244716 -0.347977 0.317065
v 0.248623 -0.357271 0.317065
v 0.245861 -0.354549 0.317065
v 0.248623 -0.285111 0.317065
v 0.244716 -0.289017 0.317065
v 0.245861 -0.286255 0.317065
v 0.264977 -0.357271 0.317065
v 0.268884 -0.347977 0.317065
v 0.267740 -0.354549 0.317065
v 0.268884 -0.289017 0.317065
v 0.264977 -0.285111 0.317065
v 0.267740 -0.286255 0.317065
v 0.264977 -0.285111 -0.263525
v 0.268884 -0.289017 -0.263525
v 0.267740 -0.286255 -0.263525
v 0.268884 -0.289017 0.263525
v 0.264977 -0.285111 0.263525
v 0.267740 -0.286255 0.263525
v 0.248623 -0.285111 0.263525
v 0.244716 -0.289017 0.263525
v 0.245861 -0.286255 0.263525
v 0.244716 -0.289017 -0.263525
v 0.248623 -0.285111 -0.263525
v 0.245861 -0.286255 -0.263525
v 0.268884 -0.308089 0.182529
v 0.264977 -0.311877 0.170341
v 0.267740 -0.310768 0.173911
v 0.264977 -0.311877 -0.170341
v 0.268884 -0.308089 -0.182529
v 0.267740 -0.310768 -0.173911
v 0.264977 -0.285111 -0.256449
v 0.268884 -0.289017 -0.243882
v 0.267740 -0.286255 -0.252768
v 0.264977 -0.285111 0.256449
v 0.268884 -0.289017 0.243882
v 0.267740 -0.286255 0.252768
v 0.244716 -0.308089 -0.182529
v 0.248623 -0.311877 -0.170341
v 0.245861 -0.310768 -0.173911
v 0.248623 -0.311877 0.170341
v 0.244716 -0.308089 0.182529
v 0.245861 -0.310768 0.173911
v 0.248623 -0.285111 0.256449
v 0.244716 -0.289017 0.243882
v 0.245861 -0.286255 0.252768
v 0.248623 -0.285111 -0.256449
v 0.244716 -0.289017 -0.243882
v 0.245861 -0.286255 -0.252768
v 0.268884 -0.289017 0.257053
v 0.264977 -0.285111 0.259987
v 0.267740 -0.286255 0.259128
v 0.244716 -0.289017 0.257053
v 0.248623 -0.285111 0.259987
v 0.245861 -0.286255 0.259128
v 0.244716 -0.289017 -0.257053
v 0.248623 -0.285111 -0.259987
v 0.245861 -0.286255 -0.259128
v 0.268884 -0.289017 -0.257053
v 0.264977 -0.285111 -0.259987
v 0.267740 -0.286255 -0.259128
v 0.244716 -0.308803 0.220322
v 0.248623 -0.312666 0.212054
v 0.245861 -0.311534 0.214475
v 0.248623 -0.334877 0.251027
v 0.244716 -0.326638 0.251616
v 0.245861 -0.332464 0.251199
v 0.248623 -0.319382 0.234594
v 0.244716 -0.314196 0.238421
v 0.245861 -0.317863 0.235715
v 0.268884 -0.326638 0.251616
v 0.264977 -0.334877 0.251027
v 0.267740 -0.332464 0.251199
v 0.264977 -0.312666 0.212054
v 0.268884 -0.308803 0.220322
v 0.267740 -0.311534 0.214475
v 0.264977 -0.319382 0.234594
v 0.268884 -0.314196 0.238421
v 0.267740 -0.317863 0.235715
v 0.268884 -0.308803 -0.220322
v 0.264977 -0.312666 -0.212054
v 0.267740 -0.311534 -0.214475
v 0.264977 -0.334877 -0.251027
v 0.268884 -0.326638 -0.251616
v 0.267740 -0.332464 -0.251199
v 0.264977 -0.319382 -0.234594
v 0.268884 -0.314196 -0.238421
v 0.267740 -0.317863 -0.235715
v 0.244716 -0.326638 -0.251616
v 0.248623 -0.334877 -0.251027
v 0.245861 -0.332464 -0.251199
v 0.248623 -0.312666 -0.212054
v 0.244716 -0.308803 -0.220322
v 0.245861 -0.311534 -0.214475
v 0.248623 -0.319382 -0.234594
v 0.244716 -0.314196 -0.238421
v 0.245861 -0.317863 -0.235715
v 0.268884 -0.347977 0.275467
v 0.264977 -0.357271 0.285736
v 0.267740 -0.354549 0.282728
v 0.264977 -0.339327 0.253510
v 0.268884 -0.338329 0.258140
v 0.267740 -0.339035 0.254866
v 0.264977 -0.352015 0.267097
v 0.268884 -0.345151 0.265445
v 0.267740 -0.350005 0.266613
v 0.268884 -0.338329 -0.258140
v 0.264977 -0.339327 -0.253510
v 0.267740 -0.339035 -0.254866
v 0.264977 -0.357271 -0.285736
v 0.268884 -0.347977 -0.275467
v 0.267740 -0.354549 -0.282728
v 0.264977 -0.352015 -0.267097
v 0.268884 -0.345151 -0.265445
v 0.267740 -0.350005 -0.266613
v 0.244716 -0.347977 -0.275467
v 0.248623 -0.357271 -0.285736
v 0.245861 -0.354549 -0.282728
v 0.248623 -0.339327 -0.253510
v 0.244716 -0.338329 -0.258140
v 0.245861 -0.339035 -0.254866
v 0.248623 -0.352015 -0.267097
v 0.244716 -0.345151 -0.265445
v 0.245861 -0.350005 -0.266613
v 0.244716 -0.338329 0.258140
v 0.248623 -0.339327 0.253510
v 0.245861 -0.339035 0.254866
v 0.248623 -0.357271 0.285736
v 0.244716 -0.347977 0.275467
v 0.245861 -0.354549 0.282728
v 0.248623 -0.352015 0.267097
v 0.244716 -0.345151 0.265445
v 0.245861 -0.350005 0.266613
v -0.254855 -0.290431 -0.331376
v -0.254855 -0.247023 -0.331376
v 0.254854 -0.290431 -0.331376
v 0.254854 -0.247023 -0.331376
v -0.254855 -0.290431 0.331376
v -0.254855 -0.247023 0.331376
v 0.254854 -0.290431 0.331376
v 0.254854 -0.247023 0.331376
v 0.151695 -0.288346 -0.329482
v 0.151695 -0.305672 -0.329482
v 0.199947 -0.288346 -0.329482
v 0.199947 -0.305672 -0.329482
v 0.151695 -0.288346 0.329482
v 0.151695 -0.305672 0.329482
v 0.199947 -0.288346 0.329482
v 0.199947 -0.305672 0.329482
v -0.197173 -0.288346 -0.329482
v -0.197173 -0.305672 -0.329482
v -0.148921 -0.288346 -0.329482
v -0.148921 -0.305672 -0.329482
v -0.197173 -0.288346 0.329482
v -0.197173 -0.305672 0.329482
v -0.148921 -0.288346 0.329482
v -0.148921 -0.305672 0.329482
v 0.293684 0.261868 -0.219714
v 0.290888 0.264718 -0.219714
v 0.292865 0.263883 -0.219714
v 0.286361 0.261868 -0.219714
v 0.289157 0.264718 -0.219714
v 0.287180 0.263883 -0.219714
v 0.293684 0.260771 -0.214200
v 0.290888 0.263404 -0.213109
v 0.292865 0.262633 -0.213429
v 0.286361 0.260771 -0.214200
v 0.289157 0.263404 -0.213109
v 0.287180 0.262633 -0.213429
v 0.293684 0.257648 -0.209526
v 0.290888 0.259663 -0.207510
v 0.292865 0.259073 -0.208100
v 0.286361 0.257648 -0.209526
v 0.289157 0.259663 -0.207510
v 0.287180 0.259073 -0.208100
v 0.293684 0.252973 -0.206402
v 0.290888 0.254064 -0.203769
v 0.292865 0.253745 -0.204540
v 0.286361 0.252973 -0.206402
v 0.289157 0.254064 -0.203769
v 0.287180 0.253745 -0.204540
v 0.293684 0.247460 -0.205306
v 0.290888 0.247460 -0.202455
v 0.292865 0.247460 -0.203290
v 0.286361 0.247460 -0.205306
v 0.289157 0.247460 -0.202455
v 0.287180 0.247460 -0.203290
v 0.293684 0.241946 -0.206402
v 0.290888 0.240855 -0.203769
v 0.292865 0.241175 -0.204540
v 0.286361 0.241946 -0.206402
v 0.289157 0.240855 -0.203769
v 0.287180 0.241175 -0.204540
v 0.293684 0.237272 -0.209526
v 0.290888 0.235256 -0.207510
v 0.292865 0.235846 -0.208100
v 0.286361 0.237272 -0.209526
v 0.289157 0.235256 -0.207510
v 0.287180 0.235846 -0.208100
v 0.293684 0.234148 -0.214200
v 0.290888 0.231515 -0.213109
v 0.292865 0.232286 -0.213429
v 0.286361 0.234148 -0.214200
v 0.289157 0.231515 -0.213109
v 0.287180 0.232286 -0.213429
v 0.293684 0.233052 -0.219714
v 0.290888 0.230201 -0.219714
v 0.292865 0.231036 -0.219714
v 0.286361 0.233052 -0.219714
v 0.289157 0.230201 -0.219714
v 0.287180 0.231036 -0.219714
v 0.293684 0.234148 -0.225227
v 0.290888 0.231515 -0.226318
v 0.292865 0.232286 -0.225999
v 0.286361 0.234148 -0.225227
v 0.289157 0.231515 -0.226318
v 0.287180 0.232286 -0.225999
v 0.293684 0.237272 -0.229902
v 0.290888 0.235256 -0.231917
v 0.292865 0.235846 -0.231327
v 0.286361 0.237272 -0.229902
v 0.289157 0.235256 -0.231917
v 0.287180 0.235846 -0.231327
v 0.293684 0.241946 -0.233025
v 0.290888 0.240855 -0.235658
v 0.292865 0.241175 -0.234887
v 0.286361 0.241946 -0.233025
v 0.289157 0.240855 -0.235658
v 0.287180 0.241175 -0.234887
v 0.293684 0.247460 -0.234122
v 0.290888 0.247460 -0.236972
v 0.292865 0.247460 -0.236137
v 0.286361 0.247460 -0.234122
v 0.289157 0.247460 -0.236972
v 0.287180 0.247460 -0.236137
v 0.293684 0.252973 -0.233025
v 0.290888 0.254064 -0.235658
v 0.292865 0.253745 -0.234887
v 0.286361 0.252973 -0.233025
v 0.289157 0.254064 -0.235658
v 0.287180 0.253745 -0.234887
v 0.293684 0.257648 -0.229902
v 0.290888 0.259663 -0.231917
v 0.292865 0.259073 -0.231327
v 0.286361 0.257648 -0.229902
v 0.289157 0.259663 -0.231917
v 0.287180 0.259073 -0.231327
v 0.293684 0.260771 -0.225227
v 0.290888 0.263404 -0.226318
v 0.292865 0.262633 -0.225999
v 0.286361 0.260771 -0.225227
v 0.289157 0.263404 -0.226318
v 0.287180 0.262633 -0.225999
v 0.286361 0.252051 -0.219714
v 0.286361 0.251702 -0.217957
v 0.286361 0.250706 -0.216467
v 0.286361 0.249217 -0.215472
v 0.286361 0.247460 -0.215122
v 0.286361 0.245703 -0.215472
v 0.286361 0.244213 -0.216467
v 0.286361 0.243218 -0.217957
v 0.286361 0.242868 -0.219714
v 0.286361 0.243218 -0.221471
v 0.286361 0.244213 -0.222960
v 0.286361 0.245703 -0.223956
v 0.286361 0.247460 -0.224305
v 0.286361 0.249217 -0.223956
v 0.286361 0.250706 -0.222960
v 0.286361 0.251702 -0.221471
v 0.270910 0.252051 -0.219714
v 0.270910 0.251702 -0.217957
v 0.270910 0.250706 -0.216467
v 0.270910 0.249217 -0.215472
v 0.270910 0.247460 -0.215122
v 0.270910 0.245703 -0.215472
v 0.270910 0.244213 -0.216467
v 0.270910 0.243218 -0.217957
v 0.270910 0.242868 -0.219714
v 0.270910 0.243218 -0.221471
v 0.270910 0.244213 -0.222960
v 0.270910 0.245703 -0.223956
v 0.270910 0.247460 -0.224305
v 0.270910 0.249217 -0.223956
v 0.270910 0.250706 -0.222960
v 0.270910 0.251702 -0.221471
v 0.293684 0.261868 0.219714
v 0.290888 0.264718 0.219714
v 0.292865 0.263883 0.219714
v 0.286361 0.261868 0.219714
v 0.289157 0.264718 0.219714
v 0.287180 0.263883 0.219714
v 0.293684 0.260771 0.214200
v 0.290888 0.263404 0.213109
v 0.292865 0.262633 0.213429
v 0.286361 0.260771 0.214200
v 0.289157 0.263404 0.213109
v 0.287180 0.262633 0.213429
v 0.293684 0.257648 0.209526
v 0.290888 0.259663 0.207510
v 0.292865 0.259073 0.208100
v 0.286361 0.257648 0.209526
v 0.289157 0.259663 0.207510
v 0.287180 0.259073 0.208100
v 0.293684 0.252973 0.206402
v 0.290888 0.254064 0.203769
v 0.292865 0.253745 0.204540
v 0.286361 0.252973 0.206402
v 0.289157 0.254064 0.203769
v 0.287180 0.253745 0.204540
v 0.293684 0.247460 0.205306
v 0.290888 0.247460 0.202455
v 0.292865 0.247460 0.203290
v 0.286361 0.247460 0.205306
v 0.289157 0.247460 0.202455
v 0.287180 0.247460 0.203290
v 0.293684 0.241946 0.206402
v 0.290888 0.240855 0.203769
v 0.292865 0.241175 0.204540
v 0.286361 0.241946 0.206402
v 0.289157 0.240855 0.203769
v 0.287180 0.241175 0.204540
v 0.293684 0.237272 0.209526
v 0.290888 0.235256 0.207510
v 0.292865 0.235846 0.208100
v 0.286361 0.237272 0.209526
v 0.289157 0.235256 0.207510
v 0.287180 0.235846 0.208100
v 0.293684 0.234148 0.214200
v 0.290888 0.231515 0.213109
v 0.292865 0.232286 0.213429
v 0.286361 0.234148 0.214200
v 0.289157 0.231515 0.213109
v 0.287180 0.232286 0.213429
v 0.293684 0.233052 0.219714
v 0.290888 0.230201 0.219714
v 0.292865 0.231036 0.219714
v 0.286361 0.233052 0.219714
v 0.289157 0.230201 0.219714
v 0.287180 0.231036 0.219714
v 0.293684 0.234148 0.225227
v 0.290888 0.231515 0.226318
v 0.292865 0.232286 0.225999
v 0.286361 0.234148 0.225227
v 0.289157 0.231515 0.226318
v 0.287180 0.232286 0.225999
v 0.293684 0.237272 0.229902
v 0.290888 0.235256 0.231917
v 0.292865 0.235846 0.231327
v 0.286361 0.237272 0.229902
v 0.289157 0.235256 0.231917
v 0.287180 0.235846 0.231327
v 0.293684 0.241946 0.233025
v 0.290888 0.240855 0.235658
v 0.292865 0.241175 0.234887
v 0.286361 0.241946 0.233025
v 0.289157 0.240855 0.235658
v 0.287180 0.241175 0.234887
v 0.293684 0.247460 0.234122
v 0.290888 0.247460 0.236972
v 0.292865 0.247460 0.236137
v 0.286361 0.247460 0.234122
v 0.289157 0.247460 0.236972
v 0.287180 0.247460 0.236137
v 0.293684 0.252973 0.233025
v 0.290888 0.254064 0.235658
v 0.292865 0.253745 0.234887
v 0.286361 0.252973 0.233025
v 0.289157 0.254064 0.235658
v 0.287180 0.253745 0.234887
v 0.293684 0.257648 0.229902
v 0.290888 0.259663 0.231917
v 0.292865 0.259073 0.231327
v 0.286361 0.257648 0.229902
v 0.289157 0.259663 0.231917
v 0.287180 0.259073 0.231327
v 0.293684 0.260771 0.225227
v 0.290888 0.263404 0.226318
v 0.292865 0.262633 0.225999
v 0.286361 0.260771 0.225227
v 0.289157 0.263404 0.226318
v 0.287180 0.262633 0.225999
v 0.286361 0.252051 0.219714
v 0.286361 0.251702 0.217957
v 0.286361 0.250706 0.216467
v 0.286361 0.249217 0.215472
v 0.286361 0.247460 0.215122
v 0.286361 0.245703 0.215472
v 0.286361 0.244213 0.216467
v 0.286361 0.243218 0.217957
v 0.286361 0.242868 0.219714
v 0.286361 0.243218 0.221471
v 0.286361 0.244213 0.222960
v 0.286361 0.245703 0.223956
v 0.286361 0.247460 0.224305
v 0.286361 0.249217 0.223956
v 0.286361 0.250706 0.222960
v 0.286361 0.251702 0.221471
v 0.270910 0.252051 0.219714
v 0.270910 0.251702 0.217957
v 0.270910 0.250706 0.216467
v 0.270910 0.249217 0.215472
v 0.270910 0.247460 0.215122
v 0.270910 0.245703 0.215472
v 0.270910 0.244213 0.216467
v 0.270910 0.243218 0.217957
v 0.270910 0.242868 0.219714
v 0.270910 0.243218 0.221471
v 0.270910 0.244213 0.222960
v 0.270910 0.245703 0.223956
v 0.270910 0.247460 0.224305
v 0.270910 0.249217 0.223956
v 0.270910 0.250706 0.222960
v 0.270910 0.251702 0.221471
vn 0.9673 -0.1794 -0.1794
vn 0.9808 -0.0000 -0.1951
vn 0.9808 -0.0000 0.1951
vn 0.9673 -0.1794 0.1794
vn -0.1794 -0.1794 -0.9673
vn -0.1951 -0.0000 -0.9808
vn 0.1951 -0.0000 -0.9808
vn 0.1794 -0.1794 -0.9673
vn -0.1794 -0.9673 0.1794
vn -0.1794 -0.9673 -0.1794
vn 0.1794 -0.9673 -0.1794
vn 0.1794 -0.9673 0.1794
vn -0.9673 -0.1794 0.1794
vn -0.9808 -0.0000 0.1951
vn -0.9808 -0.0000 -0.1951
vn -0.9673 -0.1794 -0.1794
vn 0.1794 -0.1794 0.9673
vn 0.1951 -0.0000 0.9808
vn -0.1951 -0.0000 0.9808
vn -0.1794 -0.1794 0.9673
vn 0.3600 -0.9194 0.1585
vn 0.3251 -0.8881 0.3251
vn 0.1585 -0.9194 0.3600
vn 0.9194 -0.1585 0.3600
vn 0.8881 -0.3251 0.3250
vn 0.9194 -0.3600 0.1585
vn 0.1585 -0.3600 0.9194
vn 0.3250 -0.3250 0.8881
vn 0.3600 -0.1585 0.9194
vn -0.1585 -0.9194 0.3600
vn -0.3251 -0.8881 0.3251
vn -0.3600 -0.9194 0.1585
vn -0.3600 -0.1585 0.9194
vn -0.3251 -0.3251 0.8881
vn -0.1585 -0.3600 0.9194
vn -0.9194 -0.3600 0.1585
vn -0.8881 -0.3251 0.3251
vn -0.9194 -0.1585 0.3600
vn 0.1585 -0.9194 -0.3600
vn 0.3251 -0.8881 -0.3251
vn 0.3600 -0.9194 -0.1585
vn 0.3600 -0.1585 -0.9194
vn 0.3251 -0.3250 -0.8881
vn 0.1585 -0.3600 -0.9194
vn 0.9194 -0.3600 -0.1585
vn 0.8881 -0.3251 -0.3251
vn 0.9194 -0.1585 -0.3600
vn -0.3600 -0.9194 -0.1585
vn -0.3251 -0.8881 -0.3251
vn -0.1585 -0.9194 -0.3600
vn -0.9194 -0.1585 -0.3600
vn -0.8881 -0.3251 -0.3251
vn -0.9194 -0.3600 -0.1585
vn -0.1585 -0.3600 -0.9194
vn -0.3251 -0.3251 -0.8881
vn -0.3600 -0.1585 -0.9194
vn 0.8881 -0.3251 0.3251
vn 0.3251 -0.3250 0.8881
vn -0.3251 -0.3250 0.8881
vn 0.3251 -0.3251 -0.8881
vn 0.3251 -0.3251 0.8881
vn 0.3250 -0.3250 -0.8881
vn 0.8881 -0.3251 -0.3250
vn 0.9239 -0.0000 0.3827
vn 0.3827 -0.0000 0.9239
vn -0.9239 -0.0000 0.3827
vn -0.3827 -0.0000 0.9239
vn -0.3827 -0.0000 -0.9239
vn -0.9239 -0.0000 -0.3827
vn 0.9239 -0.0000 -0.3827
vn 0.3827 -0.0000 -0.9239
vn -0.9673 0.1794 0.1794
vn -0.9673 0.1794 -0.1794
vn 0.1794 0.1794 0.9673
vn -0.1794 0.1794 0.9673
vn 0.1794 0.9673 0.1794
vn 0.1794 0.9673 -0.1794
vn -0.1794 0.9673 -0.1794
vn -0.1794 0.9673 0.1794
vn -0.1794 0.1794 -0.9673
vn 0.1794 0.1794 -0.9673
vn 0.9673 0.1794 -0.1794
vn 0.9673 0.1794 0.1794
vn -0.9194 0.3600 -0.1585
vn -0.8881 0.3251 -0.3250
vn -0.9194 0.1585 -0.3599
vn -0.1585 0.9194 -0.3600
vn -0.3251 0.8881 -0.3251
vn -0.3600 0.9194 -0.1585
vn -0.3600 0.1585 -0.9194
vn -0.3251 0.3251 -0.8881
vn -0.1585 0.3600 -0.9194
vn 0.3599 -0.1585 -0.9194
vn 0.3600 0.9194 -0.1585
vn 0.3251 0.8881 -0.3250
vn 0.1585 0.9194 -0.3600
vn 0.9194 0.1585 -0.3599
vn 0.8881 0.3251 -0.3250
vn 0.9194 0.3600 -0.1585
vn 0.1585 0.3600 -0.9194
vn 0.3251 0.3251 -0.8881
vn 0.3599 0.1585 -0.9194
vn -0.3600 0.9194 0.1585
vn -0.3251 0.8881 0.3251
vn -0.1585 0.9194 0.3600
vn -0.9194 0.1585 0.3599
vn -0.8881 0.3251 0.3250
vn -0.9194 0.3600 0.1585
vn -0.1585 0.3600 0.9194
vn -0.3251 0.3251 0.8881
vn -0.3600 0.1585 0.9194
vn 0.3599 -0.1585 0.9194
vn 0.1585 0.9194 0.3600
vn 0.3251 0.8881 0.3250
vn 0.3600 0.9194 0.1585
vn 0.3599 0.1585 0.9194
vn 0.3251 0.3250 0.8881
vn 0.1585 0.3600 0.9194
vn 0.9194 0.3600 0.1585
vn 0.8881 0.3251 0.3250
vn 0.9194 0.1585 0.3599
vn -0.0000 -0.0000 1.0000
vn 1.0000 -0.0000 -0.0000
vn -0.0000 -0.0000 -1.0000
vn -1.0000 -0.0000 -0.0000
vn -0.0000 -1.0000 -0.0000
vn -0.0000 1.0000 -0.0000
vn 0.1833 -0.0596 0.9812
vn 0.1833 0.0596 0.9812
vn -0.1833 0.0596 0.9812
vn -0.1833 -0.0596 0.9812
vn 0.9812 -0.0596 -0.1834
vn 0.9812 0.0596 -0.1834
vn 0.9812 0.0596 0.1833
vn 0.9812 -0.0596 0.1833
vn -0.1833 -0.0596 -0.9812
vn -0.1833 0.0596 -0.9812
vn 0.1834 0.0596 -0.9812
vn 0.1834 -0.0596 -0.9812
vn -0.6052 -0.5172 0.6052
vn -0.2688 -0.4018 0.8754
vn -0.6879 -0.2312 0.6880
vn -0.7464 -0.3933 0.5369
vn -0.3631 -0.0529 0.9303
vn -0.9302 -0.0527 0.3631
vn -0.9303 -0.0529 0.3631
vn -0.2688 0.4018 0.8754
vn -0.6879 0.2312 0.6880
vn -0.3631 0.0529 0.9303
vn -0.6052 0.5172 0.6052
vn -0.7464 0.3933 0.5369
vn -0.9302 0.0527 0.3631
vn -0.9303 0.0529 0.3631
vn -0.6052 -0.5172 -0.6052
vn -0.7464 -0.3933 -0.5369
vn -0.6880 -0.2312 -0.6879
vn -0.2688 -0.4018 -0.8754
vn -0.9302 -0.0527 -0.3631
vn -0.9303 -0.0529 -0.3631
vn -0.3631 -0.0529 -0.9303
vn -0.6052 0.5172 -0.6052
vn -0.2688 0.4018 -0.8754
vn -0.6880 0.2312 -0.6879
vn -0.7464 0.3933 -0.5369
vn -0.3631 0.0529 -0.9303
vn -0.9302 0.0527 -0.3631
vn -0.9303 0.0529 -0.3631
vn 0.6052 -0.5172 0.6052
vn 0.8754 -0.4018 0.2688
vn 0.6880 -0.2312 0.6879
vn 0.2688 -0.4018 0.8754
vn 0.9303 -0.0529 0.3631
vn 0.3631 -0.0529 0.9303
vn 0.6052 0.5172 0.6052
vn 0.2688 0.4018 0.8754
vn 0.6880 0.2312 0.6879
vn 0.8754 0.4018 0.2688
vn 0.3631 0.0529 0.9303
vn 0.9303 0.0529 0.3631
vn 0.6052 -0.5172 -0.6052
vn 0.2688 -0.4018 -0.8754
vn 0.6879 -0.2312 -0.6880
vn 0.8754 -0.4018 -0.2688
vn 0.3631 -0.0529 -0.9302
vn 0.9302 -0.0529 -0.3631
vn 0.6052 0.5172 -0.6052
vn 0.8754 0.4018 -0.2688
vn 0.6880 0.2312 -0.6880
vn 0.2688 0.4018 -0.8754
vn 0.9302 0.0529 -0.3631
vn 0.3631 0.0529 -0.9302
vn -0.0000 -0.6026 -0.7980
vn -0.0000 0.6026 -0.7980
vn 0.7980 -0.6026 -0.0000
vn 0.7980 0.6026 -0.0000
vn -0.0000 -0.6026 0.7980
vn -0.0000 0.6026 0.7980
vn -0.1042 -0.9653 0.2396
vn -0.9196 -0.1567 0.3603
vn -0.1567 0.9196 0.3603
vn -0.3250 0.8881 0.3251
vn -0.9196 0.1567 0.3603
vn -0.9194 0.1585 0.3600
vn -0.8881 0.3251 0.3251
vn -0.1042 -0.9653 -0.2396
vn -0.9196 -0.1567 -0.3603
vn -0.1567 0.9196 -0.3603
vn -0.3250 0.8881 -0.3251
vn -0.9196 0.1567 -0.3603
vn -0.8881 0.3250 -0.3251
vn 0.2402 0.9406 0.2402
vn 0.3250 0.8881 0.3251
vn 0.3600 0.1585 0.9194
vn 0.3251 0.3251 0.8881
vn 0.8881 0.3250 0.3251
vn 0.9194 0.1585 0.3600
vn 0.3251 -0.8880 -0.3251
vn 0.2402 0.9406 -0.2402
vn 0.3251 0.8881 -0.3251
vn 0.9194 0.1585 -0.3600
vn 0.8881 0.3251 -0.3251
vn 0.3600 0.1585 -0.9194
vn -0.1567 -0.9196 0.3603
vn -0.3250 -0.8881 0.3251
vn -0.8881 -0.3250 0.3250
vn -0.1567 -0.9196 -0.3603
vn -0.3250 -0.8881 -0.3251
vn -0.9194 -0.1585 -0.3599
vn -0.8881 -0.3250 -0.3251
vn -0.8881 0.3251 -0.3251
vn -0.9194 0.1585 -0.3600
vn 0.2401 -0.9406 0.2402
vn 0.3250 -0.8881 0.3251
vn 0.9194 -0.1585 0.3599
vn 0.8881 -0.3250 0.3251
vn 0.3251 0.8881 0.3251
vn 0.8881 0.3251 0.3251
vn 0.2402 -0.9406 -0.2402
vn 0.3250 -0.8881 -0.3251
vn 0.3251 0.8880 -0.3251
vn 0.8880 0.3251 -0.3251
vn 0.1653 0.9722 -0.1655
vn -0.0000 0.9808 -0.1951
vn -0.0000 0.9808 0.1951
vn 0.1653 0.9723 0.1655
vn 0.1656 -0.1655 -0.9722
vn -0.0000 -0.1951 -0.9808
vn -0.0000 0.1951 -0.9808
vn 0.1656 0.1654 -0.9722
vn 0.2152 0.9766 -0.0000
vn -0.0000 -0.1951 0.9808
vn 0.1656 -0.1655 0.9722
vn 0.1656 0.1654 0.9722
vn -0.0000 0.1951 0.9808
vn 0.2152 -0.9766 -0.0000
vn 0.2155 -0.0000 0.9765
vn 0.9722 -0.1656 0.1653
vn 0.9974 0.0505 -0.0505
vn 0.9974 -0.0505 -0.0505
vn 0.9722 0.1656 0.1653
vn 0.9974 -0.0505 0.0505
vn 0.9722 0.1656 -0.1653
vn 0.9974 0.0505 0.0505
vn 0.9722 -0.1656 -0.1653
vn 0.1653 -0.9723 0.1655
vn 0.3308 -0.9342 0.1335
vn 0.2697 -0.9244 0.2699
vn 0.1335 -0.9341 0.3310
vn 0.1337 -0.3310 0.9341
vn 0.2700 -0.2699 0.9243
vn 0.3312 -0.1336 0.9340
vn 0.9342 -0.1335 0.3308
vn 0.9243 -0.2699 0.2698
vn 0.9341 -0.3312 0.1336
vn 0.1335 0.9341 0.3310
vn 0.2697 0.9244 0.2699
vn 0.3308 0.9342 0.1335
vn 0.9341 0.3312 0.1336
vn 0.9243 0.2699 0.2698
vn 0.9342 0.1335 0.3308
vn 0.3312 0.1336 0.9340
vn 0.2700 0.2699 0.9243
vn 0.1337 0.3310 0.9341
vn 0.9341 -0.3312 -0.1336
vn 0.9243 -0.2700 -0.2698
vn 0.9342 -0.1335 -0.3308
vn 0.3312 -0.1336 -0.9340
vn 0.2700 -0.2699 -0.9243
vn 0.1337 -0.3310 -0.9341
vn 0.1653 -0.9723 -0.1655
vn 0.1335 -0.9341 -0.3310
vn 0.2697 -0.9244 -0.2698
vn 0.3308 -0.9342 -0.1335
vn 0.3308 0.9342 -0.1335
vn 0.2697 0.9244 -0.2699
vn 0.1335 0.9341 -0.3310
vn 0.1337 0.3310 -0.9341
vn 0.2700 0.2699 -0.9243
vn 0.3312 0.1336 -0.9340
vn 0.9342 0.1336 -0.3308
vn 0.9243 0.2700 -0.2698
vn 0.9341 0.3312 -0.1336
vn -0.0000 -0.9239 0.3827
vn -0.0000 -0.9808 0.1951
vn -0.0000 -0.3827 0.9239
vn -0.0000 0.9239 0.3827
vn -0.0000 0.3827 0.9239
vn -0.0000 -0.9808 -0.1951
vn -0.0000 -0.9239 -0.3827
vn -0.0000 -0.3827 -0.9239
vn -0.0000 0.9239 -0.3827
vn -0.0000 0.3827 -0.9239
vn 0.2156 -0.0000 -0.9765
vn 0.3831 -0.0000 -0.9237
vn 0.9597 -0.1990 -0.1985
vn 0.9597 0.1990 -0.1985
vn 0.9597 0.1990 0.1985
vn 0.3824 0.9240 -0.0000
vn 0.9597 -0.1990 0.1985
vn 0.3824 -0.9240 -0.0000
vn 0.3830 -0.0000 0.9237
vn 0.1653 0.9723 -0.1655
vn 0.2155 -0.0000 -0.9765
vn 0.2697 -0.9244 -0.2699
vn 0.9243 -0.2699 -0.2698
vn 0.9342 0.1335 -0.3308
vn 0.9243 0.2699 -0.2698
vn 0.9243 -0.2700 0.2698
vn 0.9243 0.2700 0.2698
vn 0.9342 0.1336 0.3308
vn 0.2156 -0.0000 0.9765
vn 0.3831 -0.0000 0.9237
vn 0.3830 -0.0000 -0.9237
vn -0.9794 -0.1321 -0.1529
vn -0.9808 0.1951 -0.0000
vn -0.9928 -0.0801 -0.0891
vn 0.1923 -0.9813 0.0068
vn 0.1923 -0.9813 -0.0068
vn -0.1923 -0.9813 -0.0068
vn -0.1923 -0.9813 0.0068
vn 0.9928 -0.0801 -0.0891
vn 0.9945 -0.0904 -0.0537
vn 0.9963 -0.0861 -0.0000
vn 0.9808 0.1951 -0.0000
vn 0.9917 -0.1252 0.0295
vn 0.9917 -0.1252 -0.0295
vn 0.9794 -0.1321 0.1529
vn 0.9928 -0.0801 0.0891
vn 0.9918 -0.1243 0.0289
vn 0.9817 -0.1902 0.0032
vn -0.9928 -0.0801 0.0891
vn -0.9794 -0.1321 0.1529
vn -0.9917 -0.1252 0.0295
vn -0.9963 -0.0861 -0.0000
vn -0.9945 -0.0904 0.0537
vn -0.9918 -0.1243 -0.0289
vn -0.9817 -0.1902 -0.0032
vn 0.9817 -0.1902 -0.0032
vn 0.9918 -0.1243 -0.0289
vn -0.9817 -0.1902 0.0032
vn -0.9918 -0.1243 0.0289
vn 0.2319 -0.9649 -0.1234
vn -0.2319 -0.9649 -0.1234
vn 0.9794 -0.1321 -0.1529
vn 0.3483 -0.9315 -0.1051
vn -0.3483 -0.9315 -0.1051
vn -0.9945 -0.0904 -0.0537
vn 0.2319 -0.9649 0.1234
vn -0.2319 -0.9649 0.1234
vn 0.3065 -0.8271 -0.4711
vn -0.3065 -0.8271 -0.4711
vn 0.2552 -0.5746 -0.7776
vn 0.2080 -0.5964 -0.7752
vn -0.2080 -0.5964 -0.7752
vn -0.2552 -0.5746 -0.7776
vn 0.9945 -0.0904 0.0537
vn -0.3065 -0.8271 0.4711
vn 0.3065 -0.8271 0.4711
vn 0.2080 -0.5964 0.7752
vn 0.2552 -0.5746 0.7776
vn -0.2552 -0.5746 0.7776
vn -0.2080 -0.5964 0.7753
vn 0.9802 -0.1577 -0.1194
vn -0.2494 -0.8556 -0.4536
vn 0.2494 -0.8556 -0.4536
vn 0.9802 -0.1577 0.1194
vn -0.2494 -0.8556 0.4536
vn 0.2494 -0.8556 0.4536
vn -0.9802 -0.1577 0.1194
vn -0.9802 -0.1577 -0.1194
vn -0.9917 -0.1252 -0.0295
vn -0.3483 -0.9315 0.1051
vn 0.3483 -0.9315 0.1051
vn 0.3827 0.9239 -0.0000
vn 0.9239 0.3827 -0.0000
vn -0.3827 0.9239 -0.0000
vn -0.9239 0.3827 -0.0000
vn 0.3877 -0.9217 0.0135
vn 0.3877 -0.9217 -0.0135
vn 0.9205 -0.3907 -0.0008
vn 0.9205 -0.3907 0.0008
vn -0.3877 -0.9217 -0.0135
vn -0.3877 -0.9217 0.0135
vn -0.9205 -0.3908 0.0008
vn -0.9205 -0.3908 -0.0008
vn -0.5621 -0.7131 -0.4190
vn -0.5009 -0.8475 -0.1755
vn -0.9378 -0.3465 -0.0217
vn -0.9694 -0.2152 -0.1183
vn -0.5243 -0.5539 -0.6468
vn -0.9505 -0.1680 -0.2613
vn 0.5621 -0.7131 -0.4190
vn 0.5243 -0.5539 -0.6468
vn 0.9505 -0.1680 -0.2612
vn 0.9694 -0.2152 -0.1182
vn 0.5009 -0.8475 -0.1755
vn 0.9378 -0.3465 -0.0217
vn 0.5621 -0.7131 0.4190
vn 0.5009 -0.8475 0.1755
vn 0.9378 -0.3465 0.0217
vn 0.9694 -0.2152 0.1182
vn 0.5243 -0.5539 0.6468
vn 0.9505 -0.1680 0.2612
vn -0.5621 -0.7131 0.4190
vn -0.5243 -0.5539 0.6468
vn -0.9505 -0.1680 0.2613
vn -0.9694 -0.2152 0.1183
vn -0.5009 -0.8475 0.1755
vn -0.9378 -0.3465 0.0217
vn 0.4551 -0.7432 -0.4904
vn 0.5944 -0.7868 -0.1662
vn 0.9829 -0.1837 -0.0114
vn 0.9605 -0.2538 -0.1140
vn 0.4082 -0.5775 -0.7070
vn 0.9369 -0.2053 -0.2831
vn 0.4551 -0.7432 0.4904
vn 0.4082 -0.5775 0.7070
vn 0.9369 -0.2053 0.2831
vn 0.9605 -0.2538 0.1140
vn 0.5944 -0.7868 0.1662
vn 0.9829 -0.1837 0.0114
vn -0.4551 -0.7432 0.4904
vn -0.5944 -0.7868 0.1662
vn -0.9829 -0.1837 0.0114
vn -0.9605 -0.2539 0.1140
vn -0.4082 -0.5775 0.7070
vn -0.9368 -0.2053 0.2832
vn -0.4551 -0.7432 -0.4904
vn -0.4082 -0.5775 -0.7070
vn -0.9368 -0.2053 -0.2832
vn -0.9605 -0.2539 -0.1140
vn -0.5944 -0.7868 -0.1662
vn -0.9829 -0.1837 -0.0114
vn 0.9852 -0.1715 -0.0000
vn 0.7019 -0.7123 -0.0000
vn -0.9852 -0.1715 -0.0000
vn -0.7019 -0.7123 -0.0000
vn 0.1938 0.9064 -0.3754
vn -0.1939 0.9064 -0.3754
vn -0.1939 0.9810 -0.0000
vn 0.1938 0.9810 -0.0000
vn 0.1938 0.6937 0.6937
vn -0.1938 0.6937 0.6937
vn -0.1938 0.3754 0.9064
vn 0.1938 0.3754 0.9064
vn -0.1938 -0.0000 0.9810
vn 0.1938 -0.0000 0.9810
vn -0.1938 -0.3754 0.9064
vn 0.1938 -0.3754 0.9064
vn -0.1938 -0.6937 0.6937
vn 0.1938 -0.6937 0.6937
vn -0.1938 -0.9064 0.3754
vn 0.1938 -0.9064 0.3754
vn -0.1938 -0.9810 -0.0000
vn 0.1938 -0.9810 -0.0000
vn -0.1938 -0.9064 -0.3754
vn 0.1938 -0.9064 -0.3754
vn -0.1938 -0.6937 -0.6937
vn 0.1938 -0.6937 -0.6937
vn -0.1939 -0.3754 -0.9064
vn 0.1938 -0.3754 -0.9064
vn -0.1939 -0.0000 -0.9810
vn 0.1938 -0.0000 -0.9810
vn -0.1939 0.3754 -0.9064
vn 0.1938 0.3754 -0.9064
vn -0.1939 0.6937 -0.6937
vn 0.1938 0.6937 -0.6937
vn 0.1938 0.9064 0.3754
vn -0.1939 0.9064 0.3754
vn -0.9767 0.1517 0.1517
vn -0.9767 0.1983 0.0821
vn 0.3891 0.8511 0.3525
vn 0.3891 0.9212 -0.0000
vn 0.9265 0.3764 -0.0000
vn 0.9265 0.3477 0.1440
vn 0.9767 0.1983 0.0821
vn 0.9767 0.2146 -0.0000
vn -0.3891 0.9212 -0.0000
vn -0.3891 0.8511 0.3525
vn -0.9265 0.3477 0.1440
vn -0.9265 0.3764 -0.0000
vn -0.9767 0.2146 -0.0000
vn 0.3890 0.6514 0.6514
vn 0.9265 0.2661 0.2661
vn 0.9767 0.1517 0.1517
vn -0.3891 0.6514 0.6514
vn -0.9265 0.2661 0.2661
vn 0.3890 0.3525 0.8511
vn 0.9265 0.1440 0.3477
vn 0.9767 0.0821 0.1983
vn -0.3890 0.3525 0.8511
vn -0.9265 0.1440 0.3477
vn -0.9767 0.0821 0.1983
vn 0.3890 -0.0000 0.9212
vn 0.9265 -0.0000 0.3764
vn 0.9767 -0.0000 0.2146
vn -0.3890 -0.0000 0.9212
vn -0.9265 -0.0000 0.3764
vn -0.9767 -0.0000 0.2146
vn 0.3890 -0.3525 0.8511
vn 0.9265 -0.1440 0.3477
vn 0.9767 -0.0821 0.1983
vn -0.3890 -0.3525 0.8511
vn -0.9265 -0.1440 0.3477
vn -0.9767 -0.0821 0.1983
vn 0.3890 -0.6514 0.6514
vn 0.9265 -0.2661 0.2661
vn 0.9767 -0.1517 0.1517
vn -0.3891 -0.6514 0.6514
vn -0.9265 -0.2661 0.2661
vn -0.9767 -0.1517 0.1517
vn 0.3890 -0.8511 0.3525
vn 0.9265 -0.3477 0.1440
vn 0.9767 -0.1983 0.0821
vn -0.3891 -0.8511 0.3525
vn -0.9265 -0.3477 0.1440
vn -0.9767 -0.1983 0.0821
vn 0.3890 -0.9212 -0.0000
vn 0.9265 -0.3764 -0.0000
vn 0.9767 -0.2146 -0.0000
vn -0.3890 -0.9212 -0.0000
vn -0.9265 -0.3764 -0.0000
vn -0.9767 -0.2146 -0.0000
vn 0.3890 -0.8511 -0.3525
vn 0.9265 -0.3477 -0.1440
vn 0.9767 -0.1983 -0.0821
vn -0.3890 -0.8511 -0.3525
vn -0.9265 -0.3477 -0.1440
vn -0.9767 -0.1983 -0.0821
vn 0.3890 -0.6514 -0.6514
vn 0.9265 -0.2661 -0.2661
vn 0.9767 -0.1517 -0.1517
vn -0.3891 -0.6514 -0.6514
vn -0.9265 -0.2661 -0.2661
vn -0.9767 -0.1517 -0.1517
vn 0.3890 -0.3525 -0.8511
vn 0.9265 -0.1440 -0.3477
vn 0.9767 -0.0821 -0.1983
vn -0.3891 -0.3525 -0.8511
vn -0.9265 -0.1440 -0.3477
vn -0.9767 -0.0821 -0.1983
vn 0.3890 -0.0000 -0.9212
vn 0.9265 -0.0000 -0.3764
vn 0.9767 -0.0000 -0.2146
vn -0.3891 -0.0000 -0.9212
vn -0.9265 -0.0000 -0.3764
vn -0.9767 -0.0000 -0.2146
vn 0.3890 0.3525 -0.8511
vn 0.9265 0.1440 -0.3477
vn 0.9767 0.0821 -0.1983
vn -0.3891 0.3525 -0.8511
vn -0.9265 0.1440 -0.3477
vn -0.9767 0.0821 -0.1983
vn 0.3890 0.6514 -0.6514
vn 0.9265 0.2661 -0.2661
vn 0.9767 0.1517 -0.1517
vn -0.3891 0.6514 -0.6514
vn -0.9265 0.2661 -0.2661
vn -0.9767 0.1517 -0.1517
vn 0.3890 0.8511 -0.3525
vn 0.9265 0.3477 -0.1440
vn 0.9767 0.1983 -0.0821
vn -0.3891 0.8511 -0.3525
vn -0.9265 0.3477 -0.1440
vn -0.9767 0.1983 -0.0821
vn -0.0000 -0.7071 -0.7071
vn -0.0000 0.7071 0.7071
vn -0.0000 -0.7071 0.7071
vn -0.0000 0.7071 -0.7071
vn -0.0000 0.9239 0.3826
vn -0.1938 0.3754 -0.9064
vn -0.1938 0.6937 -0.6937
vn -0.1938 -0.0000 -0.9810
vn -0.1938 -0.3754 -0.9064
vn -0.1939 -0.3754 0.9064
vn -0.1939 -0.0000 0.9810
vn -0.1939 0.3754 0.9064
vn -0.1939 0.6937 0.6937
vn 0.3891 0.8511 -0.3525
vn -0.3890 0.3525 -0.8511
vn -0.3890 -0.3525 -0.8511
vn -0.3890 -0.6514 -0.6514
vn -0.3891 -0.8511 -0.3525
vn -0.3890 -0.8511 0.3525
vn -0.3891 -0.3525 0.8511
vn -0.3891 -0.0000 0.9212
vn -0.3891 0.3525 0.8511
vn 0.3890 0.8511 0.3525
vn -0.0000 0.9239 -0.3826
vt 0.817886 0.452941
vt 0.817886 0.684261
vt 0.808192 0.684261
vt 0.808192 0.452941
vt 0.681674 0.636938
vt 0.681674 0.868116
vt 0.671984 0.868128
vt 0.671984 0.636950
vt 0.646448 0.419573
vt 0.646448 0.429172
vt 0.636759 0.429172
vt 0.636759 0.419573
vt 0.866416 0.452942
vt 0.866416 0.684249
vt 0.856723 0.684249
vt 0.856723 0.452942
vt 0.608850 0.636950
vt 0.608850 0.868128
vt 0.599160 0.868116
vt 0.599160 0.636938
vt 0.793620 0.452941
vt 0.793620 0.684261
vt 0.783927 0.684261
vt 0.783927 0.452941
vt 0.890699 0.452952
vt 0.890699 0.684130
vt 0.881009 0.684142
vt 0.881009 0.452964
vt 0.660986 0.191638
vt 0.660986 0.201237
vt 0.651297 0.201237
vt 0.651297 0.191638
vt 0.832458 0.682295
vt 0.832457 0.450988
vt 0.842151 0.450988
vt 0.842151 0.682295
vt 0.866671 0.146714
vt 0.866671 0.377892
vt 0.856981 0.377880
vt 0.856981 0.146702
vt 0.213176 0.235189
vt 0.213176 0.466510
vt 0.203483 0.466510
vt 0.203483 0.235189
vt 0.705935 0.636938
vt 0.705935 0.868116
vt 0.696245 0.868128
vt 0.696245 0.636950
vt 0.670708 0.419573
vt 0.670708 0.429172
vt 0.661019 0.429172
vt 0.661019 0.419573
vt 0.808473 0.376045
vt 0.808473 0.144738
vt 0.818166 0.144738
vt 0.818166 0.376045
vt 0.633111 0.636950
vt 0.633111 0.868128
vt 0.623421 0.868116
vt 0.623421 0.636938
vt 0.793901 0.146691
vt 0.793901 0.378011
vt 0.784208 0.378011
vt 0.784208 0.146691
vt 0.890975 0.146702
vt 0.890975 0.377880
vt 0.881285 0.377892
vt 0.881285 0.146714
vt 0.832738 0.376045
vt 0.832738 0.144738
vt 0.842432 0.144738
vt 0.842432 0.376045
vt 0.657371 0.636950
vt 0.657371 0.868128
vt 0.647681 0.868116
vt 0.647681 0.636938
vt 0.655433 0.379529
vt 0.653462 0.379529
vt 0.653809 0.377954
vt 0.655409 0.377601
vt 0.806245 0.452915
vt 0.806602 0.451331
vt 0.808192 0.450988
vt 0.608872 0.634986
vt 0.610471 0.635325
vt 0.610818 0.636915
vt 0.665122 0.379529
vt 0.665098 0.377601
vt 0.666677 0.377954
vt 0.667044 0.379529
vt 0.597235 0.636898
vt 0.597602 0.635309
vt 0.599182 0.634974
vt 0.866416 0.450988
vt 0.868006 0.451330
vt 0.868364 0.452915
vt 0.655433 0.389128
vt 0.655409 0.391056
vt 0.653809 0.390702
vt 0.653462 0.389128
vt 0.670016 0.636915
vt 0.670364 0.635325
vt 0.671963 0.634986
vt 0.817886 0.450988
vt 0.819476 0.451331
vt 0.819833 0.452915
vt 0.665122 0.389128
vt 0.667044 0.389128
vt 0.666677 0.390702
vt 0.665098 0.391056
vt 0.854775 0.452915
vt 0.855133 0.451330
vt 0.856723 0.450988
vt 0.681653 0.634974
vt 0.683233 0.635309
vt 0.683599 0.636898
vt 0.634789 0.419573
vt 0.635135 0.417998
vt 0.636735 0.417645
vt 0.781980 0.452915
vt 0.782337 0.451331
vt 0.783927 0.450988
vt 0.866693 0.144750
vt 0.868292 0.145089
vt 0.868639 0.146679
vt 0.646425 0.417645
vt 0.648003 0.417998
vt 0.648371 0.419573
vt 0.855056 0.146662
vt 0.855423 0.145073
vt 0.857003 0.144738
vt 0.832458 0.684249
vt 0.830867 0.683907
vt 0.830510 0.682321
vt 0.636735 0.431100
vt 0.635135 0.430747
vt 0.634789 0.429172
vt 0.879041 0.452929
vt 0.879388 0.451339
vt 0.880987 0.451000
vt 0.793620 0.450988
vt 0.795210 0.451331
vt 0.795568 0.452916
vt 0.648371 0.429172
vt 0.648003 0.430747
vt 0.646425 0.431100
vt 0.844098 0.682321
vt 0.843741 0.683907
vt 0.842151 0.684249
vt 0.890677 0.450988
vt 0.892257 0.451323
vt 0.892624 0.452912
vt 0.649326 0.191638
vt 0.649673 0.190063
vt 0.651273 0.189709
vt 0.201536 0.235164
vt 0.201893 0.233579
vt 0.203483 0.233237
vt 0.633132 0.634986
vt 0.634731 0.635325
vt 0.635079 0.636915
vt 0.660962 0.189709
vt 0.662540 0.190063
vt 0.662908 0.191638
vt 0.621495 0.636898
vt 0.621862 0.635309
vt 0.623442 0.634974
vt 0.808473 0.377999
vt 0.806883 0.377657
vt 0.806526 0.376071
vt 0.651273 0.203165
vt 0.649673 0.202811
vt 0.649326 0.201237
vt 0.694277 0.636915
vt 0.694624 0.635325
vt 0.696223 0.634986
vt 0.213176 0.233237
vt 0.214766 0.233579
vt 0.215124 0.235164
vt 0.662908 0.201237
vt 0.662540 0.202811
vt 0.660962 0.203165
vt 0.820114 0.376071
vt 0.819757 0.377657
vt 0.818166 0.377999
vt 0.705913 0.634974
vt 0.707493 0.635309
vt 0.707860 0.636898
vt 0.659048 0.419573
vt 0.659395 0.417998
vt 0.660995 0.417645
vt 0.782260 0.146665
vt 0.782618 0.145080
vt 0.784208 0.144738
vt 0.657392 0.634986
vt 0.658992 0.635325
vt 0.659339 0.636915
vt 0.670684 0.417645
vt 0.672262 0.417998
vt 0.672630 0.419573
vt 0.645756 0.636898
vt 0.646123 0.635309
vt 0.647703 0.634974
vt 0.832738 0.377999
vt 0.831148 0.377657
vt 0.830791 0.376071
vt 0.660995 0.431100
vt 0.659395 0.430746
vt 0.659048 0.429172
vt 0.879316 0.146679
vt 0.879664 0.145089
vt 0.881263 0.144750
vt 0.793901 0.144738
vt 0.795491 0.145080
vt 0.795849 0.146665
vt 0.672630 0.429172
vt 0.672262 0.430746
vt 0.670684 0.431100
vt 0.844379 0.376071
vt 0.844022 0.377657
vt 0.842432 0.377999
vt 0.890953 0.144738
vt 0.892533 0.145073
vt 0.892900 0.146662
vt 0.806245 0.684236
vt 0.610819 0.868093
vt 0.868363 0.684222
vt 0.597235 0.868076
vt 0.683599 0.868076
vt 0.854775 0.684222
vt 0.819833 0.684236
vt 0.670016 0.868093
vt 0.781980 0.684236
vt 0.868639 0.377857
vt 0.830510 0.451015
vt 0.855056 0.377840
vt 0.892624 0.684090
vt 0.844098 0.451015
vt 0.795568 0.684236
vt 0.879041 0.684107
vt 0.201536 0.466484
vt 0.635079 0.868093
vt 0.806526 0.144765
vt 0.621496 0.868076
vt 0.707860 0.868076
vt 0.820114 0.144765
vt 0.215124 0.466484
vt 0.694277 0.868093
vt 0.782260 0.377986
vt 0.659339 0.868093
vt 0.830791 0.144765
vt 0.645756 0.868076
vt 0.892900 0.377840
vt 0.844379 0.144765
vt 0.795849 0.377986
vt 0.879316 0.377857
vt 0.912268 0.693216
vt 0.904784 0.693216
vt 0.904784 0.452478
vt 0.912268 0.452478
vt 0.368182 0.673016
vt 0.375662 0.673007
vt 0.375662 0.853809
vt 0.368182 0.853819
vt 0.189331 0.234727
vt 0.189331 0.475464
vt 0.006818 0.475464
vt 0.006818 0.234727
vt 0.926003 0.452461
vt 0.933483 0.452471
vt 0.933483 0.633273
vt 0.926003 0.633264
vt 0.727506 0.877202
vt 0.720021 0.877202
vt 0.720021 0.636464
vt 0.727506 0.636464
vt 0.416348 0.475451
vt 0.417834 0.475451
vt 0.417549 0.476668
vt 0.416330 0.476942
vt 0.912289 0.450988
vt 0.913526 0.451261
vt 0.913793 0.452478
vt 0.924470 0.452476
vt 0.924733 0.451267
vt 0.925973 0.450988
vt 0.903301 0.452478
vt 0.903586 0.451261
vt 0.904805 0.450988
vt 0.006842 0.476954
vt 0.005625 0.476681
vt 0.005339 0.475464
vt 0.933454 0.450997
vt 0.934668 0.451280
vt 0.934957 0.452489
vt 0.233782 0.475451
vt 0.233763 0.476942
vt 0.232527 0.476668
vt 0.232259 0.475451
vt 0.925973 0.634770
vt 0.924733 0.634502
vt 0.924470 0.633278
vt 0.729030 0.877202
vt 0.728763 0.878419
vt 0.727526 0.878692
vt 0.190858 0.475464
vt 0.190593 0.476681
vt 0.189355 0.476954
vt 0.720041 0.878692
vt 0.718822 0.878419
vt 0.718537 0.877202
vt 0.934957 0.633292
vt 0.934668 0.634515
vt 0.933454 0.634779
vt 0.416348 0.234714
vt 0.416330 0.233224
vt 0.417549 0.233497
vt 0.417834 0.234714
vt 0.368152 0.855292
vt 0.366912 0.855013
vt 0.366649 0.853804
vt 0.913793 0.693216
vt 0.913526 0.694433
vt 0.912289 0.694706
vt 0.005339 0.234727
vt 0.005625 0.233510
vt 0.006842 0.233237
vt 0.904805 0.694706
vt 0.903586 0.694433
vt 0.903301 0.693216
vt 0.377135 0.853791
vt 0.376847 0.855000
vt 0.375632 0.855282
vt 0.233782 0.234714
vt 0.232259 0.234714
vt 0.232527 0.233497
vt 0.233763 0.233224
vt 0.727526 0.634974
vt 0.728763 0.635248
vt 0.729030 0.636464
vt 0.366649 0.673001
vt 0.366912 0.671778
vt 0.368152 0.671510
vt 0.189355 0.233237
vt 0.190593 0.233510
vt 0.190858 0.234727
vt 0.375632 0.671501
vt 0.376847 0.671765
vt 0.377135 0.672988
vt 0.718537 0.636464
vt 0.718822 0.635248
vt 0.720041 0.634974
vt 0.741558 0.595776
vt 0.741558 0.451025
vt 0.771303 0.450988
vt 0.771303 0.595738
vt 0.630653 0.149663
vt 0.638649 0.149663
vt 0.638649 0.179136
vt 0.630653 0.179136
vt 0.771583 0.233261
vt 0.771583 0.378011
vt 0.741839 0.377974
vt 0.741839 0.233224
vt 0.642785 0.407072
vt 0.634789 0.407072
vt 0.634789 0.377601
vt 0.642785 0.377601
vt 0.513668 0.754441
vt 0.513668 0.899179
vt 0.505671 0.899179
vt 0.505671 0.754441
vt 0.561692 0.899137
vt 0.561692 0.754441
vt 0.569688 0.754441
vt 0.569688 0.899137
vt 0.180873 0.694995
vt 0.180873 0.839746
vt 0.161862 0.839769
vt 0.161862 0.695019
vt 0.819833 0.694858
vt 0.819833 0.839608
vt 0.800822 0.839584
vt 0.800822 0.694834
vt 0.011518 0.826866
vt 0.011518 0.971604
vt 0.005339 0.971604
vt 0.005339 0.826866
vt 0.073011 0.971561
vt 0.073011 0.826866
vt 0.079190 0.826866
vt 0.079190 0.971561
vt 0.210561 0.694995
vt 0.210561 0.839746
vt 0.191550 0.839769
vt 0.191550 0.695019
vt 0.849521 0.694858
vt 0.849521 0.839608
vt 0.830510 0.839584
vt 0.830510 0.694834
vt 0.747738 0.761709
vt 0.747738 0.906447
vt 0.741558 0.906447
vt 0.741558 0.761709
vt 0.056031 0.971561
vt 0.056031 0.826866
vt 0.062211 0.826866
vt 0.062211 0.971561
vt 0.332813 0.816280
vt 0.332813 0.671530
vt 0.355972 0.671501
vt 0.355972 0.816251
vt 0.073011 0.816264
vt 0.073011 0.671513
vt 0.096170 0.671543
vt 0.096170 0.816293
vt 0.764594 0.761709
vt 0.764594 0.906447
vt 0.758415 0.906447
vt 0.758415 0.761709
vt 0.039175 0.971561
vt 0.039175 0.826866
vt 0.045354 0.826866
vt 0.045354 0.971561
vt 0.039175 0.671513
vt 0.062334 0.671542
vt 0.062334 0.816293
vt 0.039175 0.816264
vt 0.028498 0.816264
vt 0.005339 0.816293
vt 0.005339 0.671543
vt 0.028498 0.671513
vt 0.355849 0.971591
vt 0.349670 0.971591
vt 0.349670 0.826853
vt 0.355849 0.826853
vt 0.983127 0.289433
vt 0.976947 0.289433
vt 0.976947 0.144738
vt 0.983127 0.144738
vt 0.458199 0.754441
vt 0.477210 0.754465
vt 0.477210 0.899215
vt 0.458199 0.899191
vt 0.860198 0.694858
vt 0.879209 0.694834
vt 0.879209 0.839584
vt 0.860198 0.839608
vt 0.338993 0.971591
vt 0.332813 0.971591
vt 0.332813 0.826853
vt 0.338993 0.826853
vt 0.096047 0.971561
vt 0.089867 0.971561
vt 0.089867 0.826866
vt 0.096047 0.826866
vt 0.407794 0.841105
vt 0.388783 0.841081
vt 0.388783 0.696331
vt 0.407794 0.696355
vt 0.428511 0.754465
vt 0.447522 0.754441
vt 0.447522 0.899191
vt 0.428511 0.899215
vt 0.580365 0.754441
vt 0.586545 0.754441
vt 0.586545 0.899179
vt 0.580365 0.899179
vt 0.028375 0.971561
vt 0.022195 0.971561
vt 0.022195 0.826866
vt 0.028375 0.826866
vt 0.741558 0.606349
vt 0.771303 0.606386
vt 0.771303 0.751136
vt 0.741558 0.751099
vt 0.630653 0.219182
vt 0.630653 0.189709
vt 0.638649 0.189709
vt 0.638649 0.219182
vt 0.769978 0.150037
vt 0.740234 0.150074
vt 0.740234 0.005324
vt 0.769978 0.005286
vt 0.649326 0.179134
vt 0.649326 0.149663
vt 0.657322 0.149663
vt 0.657322 0.179134
vt 0.524345 0.754441
vt 0.532341 0.754441
vt 0.532341 0.899179
vt 0.524345 0.899179
vt 0.551015 0.899137
vt 0.543018 0.899137
vt 0.543018 0.754441
vt 0.551015 0.754441
vt 0.151185 0.487527
vt 0.151185 0.660758
vt 0.005339 0.660940
vt 0.005339 0.487710
vt 0.977280 0.624325
vt 0.977280 0.450988
vt 0.980508 0.450988
vt 0.980508 0.624325
vt 0.378106 0.487697
vt 0.378106 0.660928
vt 0.232259 0.660745
vt 0.232259 0.487515
vt 0.991185 0.624315
vt 0.991185 0.450988
vt 0.994412 0.450988
vt 0.994412 0.624315
vt 0.862078 0.850181
vt 0.865305 0.850181
vt 0.865305 0.994595
vt 0.862078 0.994595
vt 0.165089 0.994713
vt 0.161862 0.994713
vt 0.161862 0.850342
vt 0.165089 0.850342
vt 0.428511 0.450988
vt 0.574357 0.451171
vt 0.574357 0.624401
vt 0.428511 0.624218
vt 0.980538 0.878616
vt 0.977311 0.878616
vt 0.977311 0.705279
vt 0.980538 0.705279
vt 0.585034 0.451171
vt 0.730881 0.450988
vt 0.730881 0.624218
vt 0.585034 0.624401
vt 0.994442 0.878606
vt 0.991215 0.878606
vt 0.991215 0.705279
vt 0.994442 0.705279
vt 0.875982 0.994595
vt 0.875982 0.850181
vt 0.879209 0.850181
vt 0.879209 0.994595
vt 0.178994 0.850342
vt 0.178994 0.994713
vt 0.175766 0.994713
vt 0.175766 0.850342
vt 0.623339 0.380988
vt 0.623339 0.414595
vt 0.618146 0.414588
vt 0.618146 0.380982
vt 0.199154 0.683685
vt 0.165195 0.683685
vt 0.165195 0.488265
vt 0.199154 0.488265
vt 0.605996 0.380982
vt 0.605996 0.414588
vt 0.600804 0.414595
vt 0.600804 0.380988
vt 0.684052 0.431100
vt 0.683307 0.430124
vt 0.683444 0.429671
vt 0.684052 0.430099
vt 0.617410 0.380966
vt 0.617550 0.379036
vt 0.618155 0.378611
vt 0.684052 0.427732
vt 0.683307 0.427742
vt 0.618155 0.416930
vt 0.617550 0.416490
vt 0.617410 0.414573
vt 0.684052 0.390808
vt 0.684052 0.391759
vt 0.683444 0.392196
vt 0.683307 0.391784
vt 0.684052 0.394106
vt 0.683307 0.394116
vt 0.674330 0.162872
vt 0.674330 0.163873
vt 0.673722 0.164301
vt 0.673585 0.163849
vt 0.674330 0.166241
vt 0.673585 0.166230
vt 0.605988 0.378611
vt 0.606593 0.379036
vt 0.606733 0.380966
vt 0.674330 0.203165
vt 0.673585 0.202189
vt 0.673722 0.201776
vt 0.674330 0.202213
vt 0.606733 0.414573
vt 0.606593 0.416490
vt 0.605988 0.416930
vt 0.674330 0.199866
vt 0.673585 0.199856
vt 0.623367 0.377607
vt 0.624112 0.378584
vt 0.623959 0.379044
vt 0.623347 0.378618
vt 0.199164 0.487527
vt 0.201112 0.487663
vt 0.201544 0.488265
vt 0.624092 0.380975
vt 0.623367 0.417877
vt 0.623347 0.416936
vt 0.623959 0.416498
vt 0.624112 0.416902
vt 0.624092 0.414581
vt 0.162825 0.488265
vt 0.163266 0.487663
vt 0.165205 0.487527
vt 0.600776 0.377607
vt 0.600796 0.378618
vt 0.600184 0.379044
vt 0.600031 0.378584
vt 0.600051 0.380975
vt 0.201544 0.683685
vt 0.201112 0.684287
vt 0.199164 0.684422
vt 0.600776 0.417877
vt 0.600031 0.416902
vt 0.600184 0.416498
vt 0.600796 0.416936
vt 0.165205 0.684422
vt 0.163266 0.684287
vt 0.162825 0.683685
vt 0.600051 0.414581
vt 0.605968 0.377601
vt 0.605968 0.417871
vt 0.202554 0.488265
vt 0.202554 0.683685
vt 0.161862 0.683685
vt 0.161862 0.488265
vt 0.618175 0.377601
vt 0.618175 0.417871
vt 0.232259 0.222651
vt 0.232259 0.005287
vt 0.448503 0.005286
vt 0.448503 0.222651
vt 0.005339 0.222664
vt 0.005339 0.005287
vt 0.221582 0.005286
vt 0.221582 0.222664
vt 0.966270 0.358874
vt 0.961443 0.358874
vt 0.961443 0.144738
vt 0.966270 0.144738
vt 0.966603 0.665124
vt 0.961777 0.665124
vt 0.961777 0.450988
vt 0.966603 0.450988
vt 0.724264 0.196673
vt 0.724264 0.186160
vt 0.729457 0.186167
vt 0.729457 0.196679
vt 0.130390 0.672251
vt 0.141012 0.672251
vt 0.141012 0.867671
vt 0.130390 0.867671
vt 0.729457 0.163624
vt 0.729457 0.174136
vt 0.724264 0.174142
vt 0.724264 0.163630
vt 0.220847 0.488252
vt 0.220837 0.487515
vt 0.221441 0.487650
vt 0.221582 0.488252
vt 0.730193 0.196695
vt 0.730053 0.197303
vt 0.729448 0.197431
vt 0.741615 0.219249
vt 0.741615 0.219997
vt 0.741007 0.219866
vt 0.740870 0.219259
vt 0.729448 0.185444
vt 0.730053 0.185587
vt 0.730193 0.186182
vt 0.928399 0.706017
vt 0.927666 0.706017
vt 0.927808 0.705414
vt 0.928411 0.705279
vt 0.741615 0.208731
vt 0.740870 0.208741
vt 0.741007 0.208144
vt 0.741615 0.208004
vt 0.220847 0.683672
vt 0.221582 0.683672
vt 0.221441 0.684274
vt 0.220837 0.684410
vt 0.741615 0.186185
vt 0.740870 0.186175
vt 0.741007 0.185569
vt 0.741615 0.185438
vt 0.729448 0.162872
vt 0.730053 0.163000
vt 0.730193 0.163608
vt 0.928399 0.901436
vt 0.928411 0.902174
vt 0.927808 0.902039
vt 0.927666 0.901436
vt 0.730193 0.174121
vt 0.730053 0.174716
vt 0.729448 0.174858
vt 0.741615 0.196704
vt 0.741615 0.197431
vt 0.741007 0.197291
vt 0.740870 0.196693
vt 0.215655 0.488252
vt 0.214901 0.488252
vt 0.215033 0.487650
vt 0.215645 0.487515
vt 0.130380 0.868409
vt 0.129768 0.868273
vt 0.129635 0.867671
vt 0.724256 0.197424
vt 0.723644 0.197295
vt 0.723511 0.196686
vt 0.933590 0.706017
vt 0.933601 0.705279
vt 0.934214 0.705414
vt 0.934346 0.706017
vt 0.723511 0.186174
vt 0.723644 0.185579
vt 0.724256 0.185438
vt 0.141747 0.867671
vt 0.141606 0.868273
vt 0.141002 0.868409
vt 0.215655 0.683672
vt 0.215645 0.684410
vt 0.215033 0.684274
vt 0.214901 0.683672
vt 0.723511 0.163617
vt 0.723644 0.163008
vt 0.724256 0.162879
vt 0.129635 0.672251
vt 0.129768 0.671649
vt 0.130380 0.671513
vt 0.933590 0.901436
vt 0.934346 0.901436
vt 0.934214 0.902039
vt 0.933601 0.902174
vt 0.141002 0.671513
vt 0.141606 0.671649
vt 0.141747 0.672251
vt 0.724256 0.174865
vt 0.723644 0.174724
vt 0.723511 0.174129
vt 0.729440 0.208761
vt 0.729440 0.219274
vt 0.724248 0.219267
vt 0.724248 0.208755
vt 0.107601 0.672251
vt 0.118224 0.672251
vt 0.118224 0.867671
vt 0.107601 0.867671
vt 0.928699 0.145476
vt 0.933889 0.145476
vt 0.933889 0.340895
vt 0.928699 0.340895
vt 0.746816 0.163624
vt 0.746816 0.174136
vt 0.741623 0.174142
vt 0.741623 0.163630
vt 0.787925 0.695572
vt 0.787916 0.694834
vt 0.788520 0.694970
vt 0.788661 0.695572
vt 0.723511 0.208740
vt 0.723652 0.208132
vt 0.724256 0.208004
vt 0.694729 0.414121
vt 0.694729 0.413374
vt 0.695338 0.413504
vt 0.695474 0.414111
vt 0.724256 0.219990
vt 0.723652 0.219847
vt 0.723511 0.219252
vt 0.934622 0.340895
vt 0.934480 0.341498
vt 0.933877 0.341633
vt 0.694729 0.424639
vt 0.695474 0.424629
vt 0.695338 0.425227
vt 0.694729 0.425366
vt 0.787926 0.890992
vt 0.788661 0.890992
vt 0.788520 0.891594
vt 0.787916 0.891729
vt 0.695474 0.391555
vt 0.694729 0.391545
vt 0.694866 0.390938
vt 0.695474 0.390808
vt 0.746807 0.162872
vt 0.747412 0.163000
vt 0.747552 0.163608
vt 0.933877 0.144738
vt 0.934480 0.144873
vt 0.934622 0.145476
vt 0.747552 0.174121
vt 0.747412 0.174716
vt 0.746807 0.174858
vt 0.695474 0.402073
vt 0.695474 0.402801
vt 0.694866 0.402661
vt 0.694729 0.402063
vt 0.782734 0.695572
vt 0.781980 0.695572
vt 0.782112 0.694970
vt 0.782724 0.694834
vt 0.107591 0.868409
vt 0.106979 0.868273
vt 0.106847 0.867671
vt 0.729448 0.208010
vt 0.730060 0.208140
vt 0.730193 0.208748
vt 0.928687 0.341633
vt 0.928074 0.341498
vt 0.927942 0.340895
vt 0.730193 0.219260
vt 0.730060 0.219856
vt 0.729448 0.219996
vt 0.118958 0.867671
vt 0.118817 0.868273
vt 0.118214 0.868409
vt 0.782734 0.890992
vt 0.782724 0.891729
vt 0.782112 0.891594
vt 0.781980 0.890992
vt 0.740870 0.163617
vt 0.741003 0.163008
vt 0.741615 0.162879
vt 0.106847 0.672251
vt 0.106979 0.671649
vt 0.107591 0.671513
vt 0.927942 0.145476
vt 0.928074 0.144873
vt 0.928687 0.144738
vt 0.118214 0.671513
vt 0.118817 0.671649
vt 0.118958 0.672251
vt 0.741615 0.174865
vt 0.741003 0.174724
vt 0.740870 0.174129
vt 0.781724 0.006328
vt 0.786146 0.006328
vt 0.786146 0.102186
vt 0.781724 0.102186
vt 0.818051 0.851248
vt 0.822475 0.851242
vt 0.822475 0.982881
vt 0.818051 0.982887
vt 0.904325 0.078574
vt 0.901698 0.078574
vt 0.901698 0.005607
vt 0.904325 0.005607
vt 0.976947 0.301067
vt 0.981372 0.301073
vt 0.981372 0.432712
vt 0.976947 0.432706
vt 0.925260 0.367127
vt 0.927888 0.367127
vt 0.927888 0.440095
vt 0.925260 0.440095
vt 0.847951 0.114447
vt 0.845323 0.114444
vt 0.845323 0.005617
vt 0.847951 0.005620
vt 0.631706 0.006340
vt 0.642157 0.016664
vt 0.642157 0.127741
vt 0.631706 0.138064
vt 0.586558 0.743868
vt 0.512873 0.743868
vt 0.512873 0.634974
vt 0.586558 0.634974
vt 0.718052 0.127741
vt 0.728504 0.138064
vt 0.718052 0.016664
vt 0.728504 0.006340
vt 0.830222 0.006328
vt 0.829157 0.006329
vt 0.829267 0.005398
vt 0.830209 0.005286
vt 0.981384 0.300012
vt 0.982326 0.300119
vt 0.982435 0.301053
vt 0.630653 0.006328
vt 0.630765 0.005395
vt 0.631705 0.005287
vt 0.781707 0.103228
vt 0.780764 0.103116
vt 0.780655 0.102185
vt 0.631705 0.139090
vt 0.630765 0.138975
vt 0.630653 0.138049
vt 0.982435 0.432694
vt 0.982326 0.433617
vt 0.981384 0.433732
vt 0.728504 0.005286
vt 0.729444 0.005395
vt 0.729557 0.006328
vt 0.816987 0.851228
vt 0.817097 0.850294
vt 0.818039 0.850187
vt 0.830222 0.102186
vt 0.830209 0.103228
vt 0.829267 0.103116
vt 0.829157 0.102185
vt 0.780655 0.006329
vt 0.780764 0.005398
vt 0.781707 0.005286
vt 0.818039 0.983907
vt 0.817097 0.983792
vt 0.816987 0.982868
vt 0.729557 0.138049
vt 0.729444 0.138975
vt 0.728504 0.139090
vt 0.834633 0.005286
vt 0.834646 0.006328
vt 0.976959 0.300006
vt 0.786130 0.103228
vt 0.976959 0.433727
vt 0.834646 0.102186
vt 0.834633 0.103228
vt 0.822464 0.850181
vt 0.786130 0.005286
vt 0.822464 0.983902
vt 0.888394 0.114447
vt 0.887605 0.114752
vt 0.887605 0.005286
vt 0.888394 0.005620
vt 0.642939 0.126959
vt 0.642939 0.017425
vt 0.717271 0.017425
vt 0.905118 0.078895
vt 0.905118 0.005286
vt 0.717271 0.126959
vt 0.924470 0.366807
vt 0.924470 0.440415
vt 0.848740 0.114752
vt 0.848740 0.005286
vt 0.891021 0.005617
vt 0.891021 0.114444
vt 0.801246 0.006328
vt 0.801246 0.102186
vt 0.796823 0.102186
vt 0.796823 0.006328
vt 0.805247 0.851248
vt 0.805247 0.982887
vt 0.800822 0.982881
vt 0.800822 0.851242
vt 0.906204 0.314938
vt 0.906204 0.387905
vt 0.903577 0.387905
vt 0.903577 0.314938
vt 0.838640 0.851242
vt 0.838640 0.982881
vt 0.834216 0.982887
vt 0.834216 0.851248
vt 0.916584 0.078574
vt 0.916584 0.005607
vt 0.919212 0.005607
vt 0.919212 0.078574
vt 0.874300 0.114447
vt 0.874300 0.005620
vt 0.876928 0.005617
vt 0.876928 0.114444
vt 0.697882 0.234278
vt 0.697882 0.366001
vt 0.687431 0.355678
vt 0.687431 0.244601
vt 0.428511 0.743868
vt 0.428511 0.634974
vt 0.502196 0.634974
vt 0.502196 0.743868
vt 0.601084 0.366001
vt 0.611536 0.355678
vt 0.601084 0.234278
vt 0.611536 0.244601
vt 0.814056 0.102186
vt 0.814043 0.103228
vt 0.813101 0.103116
vt 0.812991 0.102185
vt 0.833152 0.851228
vt 0.833262 0.850294
vt 0.834204 0.850187
vt 0.697883 0.233224
vt 0.698823 0.233332
vt 0.698935 0.234265
vt 0.802314 0.102185
vt 0.802206 0.103116
vt 0.801263 0.103228
vt 0.698935 0.365986
vt 0.698823 0.366912
vt 0.697883 0.367027
vt 0.834204 0.983907
vt 0.833262 0.983792
vt 0.833152 0.982868
vt 0.600031 0.234265
vt 0.600144 0.233332
vt 0.601084 0.233224
vt 0.805258 0.850187
vt 0.806200 0.850294
vt 0.806310 0.851228
vt 0.814056 0.006328
vt 0.812991 0.006329
vt 0.813101 0.005398
vt 0.814043 0.005286
vt 0.801263 0.005286
vt 0.802206 0.005398
vt 0.802314 0.006329
vt 0.806310 0.982868
vt 0.806201 0.983792
vt 0.805258 0.983907
vt 0.601084 0.367027
vt 0.600144 0.366912
vt 0.600031 0.365986
vt 0.818480 0.102186
vt 0.818467 0.103228
vt 0.838628 0.850181
vt 0.796840 0.103228
vt 0.838628 0.983902
vt 0.818480 0.006328
vt 0.818467 0.005286
vt 0.800834 0.850181
vt 0.796840 0.005286
vt 0.800834 0.983902
vt 0.862045 0.114447
vt 0.862045 0.005620
vt 0.862834 0.005286
vt 0.862834 0.114752
vt 0.686649 0.354896
vt 0.686649 0.245362
vt 0.612317 0.245362
vt 0.906996 0.314618
vt 0.906996 0.388226
vt 0.612317 0.354896
vt 0.915795 0.078895
vt 0.915795 0.005286
vt 0.873511 0.114752
vt 0.873511 0.005286
vt 0.859417 0.114444
vt 0.859417 0.005617
vt 0.394801 0.505936
vt 0.395167 0.504253
vt 0.410360 0.504253
vt 0.410360 0.506276
vt 0.409083 0.507225
vt 0.398489 0.507976
vt 0.488769 0.886224
vt 0.488769 0.779719
vt 0.493929 0.779719
vt 0.493929 0.886224
vt 0.718431 0.411006
vt 0.722357 0.406881
vt 0.729025 0.411756
vt 0.711698 0.233224
vt 0.730302 0.233224
vt 0.730302 0.249962
vt 0.715108 0.249962
vt 0.711698 0.246228
vt 0.711698 0.418463
vt 0.715108 0.414729
vt 0.730302 0.414729
vt 0.730302 0.431467
vt 0.711698 0.431467
vt 0.714742 0.251645
vt 0.730302 0.251985
vt 0.729025 0.252935
vt 0.718431 0.253685
vt 0.724058 0.263468
vt 0.730302 0.256102
vt 0.724284 0.275283
vt 0.398489 0.665297
vt 0.409083 0.666047
vt 0.410360 0.666997
vt 0.410360 0.669020
vt 0.395167 0.669020
vt 0.394801 0.667337
vt 0.391757 0.672754
vt 0.410360 0.685758
vt 0.391757 0.685758
vt 0.402415 0.661172
vt 0.404117 0.517759
vt 0.410360 0.510393
vt 0.404342 0.529574
vt 0.724284 0.389408
vt 0.730302 0.408589
vt 0.730302 0.412706
vt 0.724058 0.401223
vt 0.404342 0.643699
vt 0.410360 0.662879
vt 0.404117 0.655514
vt 0.488776 0.766679
vt 0.493937 0.766679
vt 0.714742 0.413046
vt 0.691021 0.172948
vt 0.691094 0.182742
vt 0.685934 0.182780
vt 0.685860 0.172986
vt 0.402415 0.512101
vt 0.488776 0.899265
vt 0.493937 0.899265
vt 0.488839 0.759632
vt 0.494000 0.759632
vt 0.755109 0.407681
vt 0.756549 0.407662
vt 0.756549 0.412773
vt 0.755109 0.412792
vt 0.722357 0.257810
vt 0.494000 0.906311
vt 0.488839 0.906311
vt 0.754351 0.425100
vt 0.755791 0.425119
vt 0.755791 0.430230
vt 0.754351 0.430211
vt 0.712589 0.415330
vt 0.488984 0.754495
vt 0.494145 0.754495
vt 0.494145 0.911448
vt 0.488984 0.911448
vt 0.685866 0.167158
vt 0.691027 0.167121
vt 0.712589 0.249361
vt 0.691114 0.213260
vt 0.685953 0.213222
vt 0.685866 0.208974
vt 0.691027 0.209012
vt 0.392648 0.669621
vt 0.392648 0.503652
vt 0.391757 0.500519
vt 0.685860 0.203147
vt 0.691021 0.203185
vt 0.685953 0.162910
vt 0.691114 0.162872
vt 0.391757 0.487515
vt 0.410360 0.487515
vt 0.889886 0.711572
vt 0.889886 0.694834
vt 0.890771 0.694834
vt 0.890771 0.711572
vt 0.731162 0.414729
vt 0.731162 0.431467
vt 0.994661 0.326243
vt 0.994661 0.342982
vt 0.993804 0.342982
vt 0.993804 0.326243
vt 0.411219 0.669020
vt 0.411219 0.685758
vt 0.889886 0.893078
vt 0.889886 0.876340
vt 0.890771 0.876340
vt 0.890771 0.893078
vt 0.731162 0.233224
vt 0.731162 0.249962
vt 0.889886 0.712678
vt 0.890771 0.712947
vt 0.731162 0.413355
vt 0.994661 0.144738
vt 0.994661 0.161476
vt 0.993804 0.161476
vt 0.993804 0.144738
vt 0.411219 0.487515
vt 0.411219 0.504253
vt 0.994661 0.325138
vt 0.993804 0.324869
vt 0.411219 0.667646
vt 0.487887 0.887340
vt 0.487887 0.778603
vt 0.723427 0.386714
vt 0.723427 0.277977
vt 0.889886 0.875234
vt 0.889886 0.874128
vt 0.890771 0.872977
vt 0.890771 0.874965
vt 0.731162 0.251336
vt 0.731162 0.253324
vt 0.889886 0.713784
vt 0.890771 0.714935
vt 0.731162 0.411367
vt 0.494791 0.778603
vt 0.494791 0.887340
vt 0.403485 0.641005
vt 0.403485 0.532268
vt 0.994661 0.162582
vt 0.994661 0.163688
vt 0.993804 0.164839
vt 0.993804 0.162851
vt 0.411219 0.505627
vt 0.411219 0.507615
vt 0.994661 0.324032
vt 0.993804 0.322881
vt 0.411219 0.665658
vt 0.494857 0.759282
vt 0.494798 0.765922
vt 0.403243 0.519587
vt 0.401246 0.512947
vt 0.494994 0.754441
vt 0.396639 0.508106
vt 0.487953 0.759282
vt 0.488090 0.754441
vt 0.716581 0.410876
vt 0.721188 0.406035
vt 0.487894 0.765922
vt 0.723185 0.399395
vt 0.487953 0.906662
vt 0.487894 0.900022
vt 0.723185 0.265296
vt 0.721188 0.258656
vt 0.488090 0.911502
vt 0.716581 0.253815
vt 0.494857 0.906662
vt 0.494994 0.911502
vt 0.396639 0.665167
vt 0.401246 0.660326
vt 0.494798 0.900022
vt 0.403243 0.653686
vt 0.691916 0.166963
vt 0.691911 0.172001
vt 0.709612 0.420733
vt 0.711046 0.415695
vt 0.691992 0.163290
vt 0.714508 0.412022
vt 0.691916 0.209170
vt 0.691992 0.212843
vt 0.714508 0.252669
vt 0.711046 0.248996
vt 0.691911 0.204132
vt 0.709612 0.243958
vt 0.685012 0.209119
vt 0.685007 0.204081
vt 0.389671 0.675024
vt 0.391105 0.669986
vt 0.685088 0.212792
vt 0.394566 0.666313
vt 0.685012 0.167013
vt 0.685088 0.163340
vt 0.394566 0.506960
vt 0.391105 0.503287
vt 0.685007 0.172052
vt 0.389671 0.498249
vt 0.709612 0.431467
vt 0.691992 0.182735
vt 0.389671 0.487515
vt 0.388783 0.497309
vt 0.388783 0.487515
vt 0.754351 0.406815
vt 0.756477 0.406787
vt 0.756477 0.413625
vt 0.754351 0.413653
vt 0.691094 0.193391
vt 0.691992 0.193397
vt 0.709612 0.233224
vt 0.389671 0.685758
vt 0.388783 0.685758
vt 0.388783 0.675964
vt 0.754423 0.424226
vt 0.756549 0.424254
vt 0.756549 0.431091
vt 0.754423 0.431063
vt 0.685934 0.193353
vt 0.917265 0.304045
vt 0.903577 0.304027
vt 0.903577 0.144738
vt 0.917265 0.144755
vt 0.297763 0.878692
vt 0.284066 0.878692
vt 0.284066 0.671501
vt 0.297763 0.671501
vt 0.916989 0.864568
vt 0.903301 0.864586
vt 0.903301 0.705296
vt 0.916989 0.705279
vt 0.322136 0.878692
vt 0.308440 0.878692
vt 0.308440 0.671501
vt 0.322136 0.671501
vt 0.428511 0.440415
vt 0.428511 0.233224
vt 0.589354 0.233224
vt 0.589354 0.440415
vt 0.619976 0.005287
vt 0.619976 0.212478
vt 0.459180 0.212478
vt 0.459180 0.005286
vt 0.945023 0.911286
vt 0.945023 0.705279
vt 0.950490 0.705279
vt 0.950490 0.911286
vt 0.951100 0.450988
vt 0.951100 0.656995
vt 0.945634 0.656995
vt 0.945634 0.450988
vt 0.258162 0.671501
vt 0.273389 0.671501
vt 0.273389 0.877507
vt 0.258162 0.877507
vt 0.945299 0.350745
vt 0.945299 0.144738
vt 0.950766 0.144738
vt 0.950766 0.350745
vt 0.961167 0.911286
vt 0.961167 0.705279
vt 0.966634 0.705279
vt 0.966634 0.911286
vt 0.232259 0.671501
vt 0.247485 0.671501
vt 0.247485 0.877507
vt 0.232259 0.877507
vt 0.650502 0.219618
vt 0.649955 0.219618
vt 0.649940 0.217553
vt 0.650486 0.217553
vt 0.743045 0.414410
vt 0.742498 0.414409
vt 0.742467 0.412716
vt 0.743013 0.412717
vt 0.742456 0.410673
vt 0.743002 0.410673
vt 0.742467 0.408591
vt 0.743013 0.408592
vt 0.742498 0.406787
vt 0.743045 0.406788
vt 0.662484 0.213738
vt 0.663031 0.213738
vt 0.663066 0.215488
vt 0.662519 0.215488
vt 0.663078 0.217553
vt 0.662532 0.217553
vt 0.663066 0.219618
vt 0.662519 0.219618
vt 0.663031 0.221368
vt 0.662484 0.221368
vt 0.743045 0.432604
vt 0.742498 0.432605
vt 0.742467 0.430801
vt 0.743013 0.430801
vt 0.742456 0.428720
vt 0.743002 0.428719
vt 0.742467 0.426677
vt 0.743013 0.426676
vt 0.742498 0.424983
vt 0.743045 0.424983
vt 0.650547 0.221368
vt 0.650001 0.221368
vt 0.650502 0.215488
vt 0.649955 0.215488
vt 0.650001 0.213738
vt 0.650547 0.213738
vt 0.703963 0.191054
vt 0.703284 0.189431
vt 0.706322 0.188831
vt 0.706538 0.189349
vt 0.651135 0.215588
vt 0.651120 0.217553
vt 0.600031 0.432484
vt 0.600806 0.430633
vt 0.601326 0.430982
vt 0.600647 0.432606
vt 0.649326 0.217553
vt 0.649341 0.215588
vt 0.702669 0.189555
vt 0.702669 0.187552
vt 0.703284 0.187673
vt 0.651178 0.213923
vt 0.602236 0.429217
vt 0.602581 0.429739
vt 0.649384 0.213923
vt 0.703442 0.191406
vt 0.743644 0.412606
vt 0.743674 0.414217
vt 0.604104 0.428450
vt 0.604220 0.429067
vt 0.741880 0.414215
vt 0.741849 0.412604
vt 0.704872 0.192822
vt 0.705217 0.192297
vt 0.743633 0.410662
vt 0.606126 0.428450
vt 0.605994 0.429067
vt 0.741839 0.410660
vt 0.706740 0.193588
vt 0.706856 0.192969
vt 0.743644 0.408681
vt 0.607994 0.429217
vt 0.607633 0.429739
vt 0.741849 0.408679
vt 0.708762 0.193588
vt 0.708630 0.192968
vt 0.743674 0.406964
vt 0.609424 0.430633
vt 0.608887 0.430982
vt 0.741880 0.406962
vt 0.710630 0.192821
vt 0.710268 0.192296
vt 0.661888 0.215588
vt 0.661855 0.213923
vt 0.610197 0.432484
vt 0.609565 0.432606
vt 0.663649 0.213923
vt 0.663682 0.215588
vt 0.712060 0.191404
vt 0.711523 0.191053
vt 0.661900 0.217553
vt 0.610197 0.434488
vt 0.609565 0.434363
vt 0.663694 0.217553
vt 0.712834 0.189553
vt 0.712201 0.189429
vt 0.661888 0.219518
vt 0.609423 0.436338
vt 0.608886 0.435987
vt 0.663682 0.219518
vt 0.712834 0.187550
vt 0.712201 0.187671
vt 0.661855 0.221184
vt 0.607992 0.437755
vt 0.607631 0.437229
vt 0.663649 0.221184
vt 0.712060 0.185699
vt 0.711523 0.186048
vt 0.743644 0.430712
vt 0.743674 0.432428
vt 0.606124 0.438522
vt 0.605992 0.437902
vt 0.741880 0.432430
vt 0.741849 0.430714
vt 0.710630 0.184283
vt 0.710268 0.184805
vt 0.743633 0.428730
vt 0.604102 0.438522
vt 0.604218 0.437902
vt 0.741839 0.428733
vt 0.708762 0.183517
vt 0.708629 0.184133
vt 0.743644 0.426786
vt 0.602234 0.437755
vt 0.602579 0.437229
vt 0.741849 0.426788
vt 0.706740 0.183517
vt 0.706856 0.184134
vt 0.743674 0.425175
vt 0.600804 0.436338
vt 0.601325 0.435987
vt 0.741880 0.425177
vt 0.704872 0.184284
vt 0.705217 0.184806
vt 0.651135 0.219518
vt 0.651178 0.221184
vt 0.600031 0.434488
vt 0.600647 0.434363
vt 0.649384 0.221184
vt 0.649341 0.219518
vt 0.703442 0.185701
vt 0.703963 0.186049
vt 0.760279 0.167713
vt 0.759809 0.167704
vt 0.759809 0.162875
vt 0.760279 0.162885
vt 0.707460 0.189959
vt 0.708025 0.189959
vt 0.708947 0.189348
vt 0.709163 0.188831
vt 0.708947 0.187753
vt 0.708547 0.187357
vt 0.707460 0.187143
vt 0.706938 0.187358
vt 0.706938 0.189745
vt 0.706538 0.187754
vt 0.706322 0.188271
vt 0.708547 0.189744
vt 0.709163 0.188271
vt 0.708025 0.187143
vt 0.767226 0.408475
vt 0.767226 0.407915
vt 0.767443 0.407398
vt 0.767842 0.407002
vt 0.768365 0.406787
vt 0.768930 0.406787
vt 0.769452 0.407001
vt 0.769852 0.407397
vt 0.770068 0.407915
vt 0.770068 0.408475
vt 0.769852 0.408992
vt 0.769452 0.409388
vt 0.768930 0.409603
vt 0.768365 0.409603
vt 0.767842 0.409389
vt 0.767443 0.408993
vt 0.765259 0.221099
vt 0.764804 0.221107
vt 0.764804 0.216279
vt 0.765259 0.216270
vt 0.765289 0.190269
vt 0.764804 0.190277
vt 0.764804 0.185448
vt 0.765289 0.185440
vt 0.765808 0.221095
vt 0.765808 0.216266
vt 0.765848 0.190267
vt 0.765848 0.185438
vt 0.766367 0.221097
vt 0.766367 0.216268
vt 0.766397 0.190270
vt 0.766397 0.185442
vt 0.766852 0.221105
vt 0.766852 0.216276
vt 0.766852 0.190279
vt 0.766852 0.185450
vt 0.758699 0.167704
vt 0.758229 0.167713
vt 0.758229 0.162885
vt 0.758699 0.162875
vt 0.653933 0.406460
vt 0.653462 0.406472
vt 0.653462 0.401645
vt 0.653933 0.401634
vt 0.759254 0.167700
vt 0.759254 0.162872
vt 0.655042 0.406460
vt 0.654487 0.406456
vt 0.654487 0.401629
vt 0.655042 0.401634
vt 0.655512 0.406472
vt 0.655512 0.401645
vt 0.622050 0.430201
vt 0.622034 0.432265
vt 0.621488 0.432265
vt 0.621504 0.430201
vt 0.753498 0.185438
vt 0.753467 0.187131
vt 0.752920 0.187132
vt 0.752952 0.185439
vt 0.753456 0.189174
vt 0.752909 0.189175
vt 0.753467 0.191256
vt 0.752920 0.191257
vt 0.753498 0.193060
vt 0.752952 0.193060
vt 0.742468 0.396214
vt 0.742503 0.394464
vt 0.743050 0.394464
vt 0.743015 0.396214
vt 0.742516 0.392399
vt 0.743062 0.392399
vt 0.742503 0.390334
vt 0.743050 0.390334
vt 0.742468 0.388584
vt 0.743015 0.388584
vt 0.753498 0.203634
vt 0.753467 0.205438
vt 0.752920 0.205437
vt 0.752952 0.203633
vt 0.753456 0.207519
vt 0.752909 0.207519
vt 0.753467 0.209562
vt 0.752920 0.209562
vt 0.753498 0.211256
vt 0.752952 0.211255
vt 0.622095 0.428450
vt 0.621549 0.428450
vt 0.622050 0.434330
vt 0.622095 0.436081
vt 0.621549 0.436081
vt 0.621504 0.434330
vt 0.711540 0.211698
vt 0.708965 0.209993
vt 0.709181 0.209475
vt 0.712219 0.210074
vt 0.622668 0.432265
vt 0.622683 0.434230
vt 0.702669 0.166907
vt 0.703284 0.167029
vt 0.703284 0.168786
vt 0.702669 0.168911
vt 0.620889 0.434230
vt 0.620874 0.432265
vt 0.712834 0.210199
vt 0.712218 0.208317
vt 0.712834 0.208195
vt 0.622726 0.435896
vt 0.703963 0.170410
vt 0.703442 0.170761
vt 0.620932 0.435896
vt 0.712061 0.212050
vt 0.754127 0.185630
vt 0.754097 0.187241
vt 0.705218 0.171652
vt 0.704872 0.172178
vt 0.752303 0.187244
vt 0.752333 0.185632
vt 0.710631 0.213466
vt 0.710286 0.212941
vt 0.754086 0.189186
vt 0.706856 0.172324
vt 0.706740 0.172944
vt 0.752292 0.189188
vt 0.708763 0.214233
vt 0.708648 0.213613
vt 0.754097 0.191167
vt 0.708630 0.172324
vt 0.708762 0.172943
vt 0.752303 0.191169
vt 0.706741 0.214233
vt 0.706874 0.213613
vt 0.754127 0.192883
vt 0.710269 0.171651
vt 0.710631 0.172176
vt 0.752333 0.192885
vt 0.704873 0.213466
vt 0.705235 0.212941
vt 0.741839 0.396030
vt 0.741872 0.394364
vt 0.711524 0.170408
vt 0.712060 0.170760
vt 0.743666 0.394364
vt 0.743633 0.396030
vt 0.703443 0.212050
vt 0.703980 0.211698
vt 0.741884 0.392399
vt 0.712202 0.168784
vt 0.712834 0.168909
vt 0.743678 0.392399
vt 0.702669 0.210199
vt 0.703301 0.210074
vt 0.741872 0.390434
vt 0.712202 0.167027
vt 0.712834 0.166905
vt 0.743666 0.390434
vt 0.702669 0.208195
vt 0.703301 0.208317
vt 0.741839 0.388769
vt 0.711524 0.165403
vt 0.712060 0.165055
vt 0.743633 0.388769
vt 0.703442 0.206345
vt 0.703979 0.206693
vt 0.754127 0.203810
vt 0.754097 0.205527
vt 0.710269 0.164161
vt 0.710631 0.163638
vt 0.752303 0.205525
vt 0.752333 0.203808
vt 0.704871 0.204928
vt 0.705233 0.205450
vt 0.754086 0.207508
vt 0.708630 0.163489
vt 0.708762 0.162872
vt 0.752292 0.207506
vt 0.706739 0.204161
vt 0.706872 0.204778
vt 0.754097 0.209452
vt 0.706856 0.163489
vt 0.706740 0.162873
vt 0.752303 0.209450
vt 0.708761 0.204161
vt 0.708646 0.204778
vt 0.754127 0.211063
vt 0.705218 0.164162
vt 0.704872 0.163640
vt 0.752333 0.211061
vt 0.710629 0.204928
vt 0.710285 0.205450
vt 0.622726 0.428635
vt 0.622683 0.430301
vt 0.703963 0.165405
vt 0.703442 0.165056
vt 0.620889 0.430301
vt 0.620932 0.428635
vt 0.712059 0.206345
vt 0.711539 0.206693
vt 0.754355 0.393425
vt 0.754355 0.388597
vt 0.754825 0.388587
vt 0.754825 0.393416
vt 0.707477 0.210603
vt 0.708043 0.210603
vt 0.706339 0.209475
vt 0.706555 0.209993
vt 0.706955 0.208002
vt 0.706555 0.208398
vt 0.708564 0.208002
vt 0.708042 0.207788
vt 0.708565 0.210389
vt 0.709181 0.208915
vt 0.708964 0.208398
vt 0.706955 0.210389
vt 0.706339 0.208915
vt 0.707477 0.207788
vt 0.694946 0.436550
vt 0.695345 0.436154
vt 0.695868 0.435940
vt 0.696433 0.435939
vt 0.696955 0.436154
vt 0.697355 0.436550
vt 0.697571 0.437067
vt 0.697571 0.437627
vt 0.697355 0.438144
vt 0.696955 0.438541
vt 0.696433 0.438755
vt 0.695868 0.438755
vt 0.695345 0.438541
vt 0.694946 0.438145
vt 0.694729 0.437628
vt 0.694729 0.437068
vt 0.765259 0.200861
vt 0.765259 0.205690
vt 0.764804 0.205681
vt 0.764804 0.200852
vt 0.767567 0.388594
vt 0.767567 0.393423
vt 0.767082 0.393415
vt 0.767082 0.388587
vt 0.765808 0.200865
vt 0.765808 0.205693
vt 0.768126 0.388597
vt 0.768126 0.393425
vt 0.766367 0.200862
vt 0.766367 0.205691
vt 0.768675 0.388593
vt 0.768675 0.393422
vt 0.766852 0.200855
vt 0.766852 0.205683
vt 0.769130 0.388584
vt 0.769130 0.393413
vt 0.755935 0.393416
vt 0.755935 0.388587
vt 0.756405 0.388597
vt 0.756405 0.393425
vt 0.667769 0.406460
vt 0.667769 0.401634
vt 0.668239 0.401645
vt 0.668239 0.406472
vt 0.755380 0.393412
vt 0.755380 0.388584
vt 0.666659 0.406460
vt 0.666659 0.401634
vt 0.667214 0.401629
vt 0.667214 0.406456
vt 0.666189 0.406472
vt 0.666189 0.401645
s 1
usemtl comic
f 23/1/1 28/2/2 9/3/3 2/4/4
f 33/5/5 38/6/6 29/7/7 22/8/8
f 51/9/9 71/10/10 61/11/11 41/12/12
f 13/13/13 18/14/14 39/15/15 32/16/16
f 3/17/17 8/18/18 19/19/19 12/20/20
f 63/21/1 68/22/2 49/23/3 42/24/4
f 73/25/5 78/26/6 69/27/7 62/28/8
f 91/29/9 111/30/10 101/31/11 81/32/12
f 53/33/13 58/34/14 79/35/15 72/36/16
f 43/37/17 48/38/18 59/39/19 52/40/20
f 103/41/1 108/42/2 89/43/3 82/44/4
f 113/45/5 118/46/6 109/47/7 102/48/8
f 131/49/9 151/50/10 141/51/11 121/52/12
f 93/53/13 98/54/14 119/55/15 112/56/16
f 83/57/17 88/58/18 99/59/19 92/60/20
f 143/61/1 148/62/2 129/63/3 122/64/4
f 153/65/5 158/66/6 149/67/7 142/68/8
f 133/69/13 138/70/14 159/71/15 152/72/16
f 123/73/17 128/74/18 139/75/19 132/76/20
f 1/77/12 4/78/21 5/79/22 7/80/23
f 2/4/4 6/81/24 5/82/25 4/83/26
f 3/17/17 7/84/27 5/85/28 6/86/29
f 11/87/9 14/88/30 15/89/31 17/90/32
f 12/20/20 16/91/33 15/92/34 14/93/35
f 13/13/13 17/94/36 15/95/37 16/96/38
f 21/97/11 24/98/39 25/99/40 27/100/41
f 22/8/8 26/101/42 25/102/43 24/103/44
f 23/1/1 27/104/45 25/105/46 26/106/47
f 31/107/10 34/108/48 35/109/49 37/110/50
f 32/16/16 36/111/51 35/112/52 34/113/53
f 33/5/5 37/114/54 35/115/55 36/116/56
f 41/12/12 44/117/21 45/118/22 47/119/23
f 42/24/4 46/120/24 45/121/57 44/122/26
f 43/37/17 47/123/27 45/124/58 46/125/29
f 51/9/9 54/126/30 55/127/31 57/128/32
f 52/40/20 56/129/33 55/130/59 54/131/35
f 53/33/13 57/132/36 55/133/37 56/134/38
f 61/11/11 64/135/39 65/136/40 67/137/41
f 62/28/8 66/138/42 65/139/60 64/140/44
f 63/21/1 67/141/45 65/142/46 66/143/47
f 71/10/10 74/144/48 75/145/49 77/146/50
f 72/36/16 76/147/51 75/148/52 74/149/53
f 73/25/5 77/150/54 75/151/55 76/152/56
f 81/32/12 84/153/21 85/154/22 87/155/23
f 82/44/4 86/156/24 85/157/57 84/158/26
f 83/57/17 87/159/27 85/160/61 86/161/29
f 91/29/9 94/162/30 95/163/31 97/164/32
f 92/60/20 96/165/33 95/166/34 94/167/35
f 93/53/13 97/168/36 95/169/37 96/170/38
f 101/31/11 104/171/39 105/172/40 107/173/41
f 102/48/8 106/174/42 105/175/43 104/176/44
f 103/41/1 107/177/45 105/178/46 106/179/47
f 111/30/10 114/180/48 115/181/49 117/182/50
f 112/56/16 116/183/51 115/184/52 114/185/53
f 113/45/5 117/186/54 115/187/55 116/188/56
f 121/52/12 124/189/21 125/190/22 127/191/23
f 122/64/4 126/192/24 125/193/25 124/194/26
f 123/73/17 127/195/27 125/196/28 126/197/29
f 131/49/9 134/198/30 135/199/31 137/200/32
f 132/76/20 136/201/33 135/202/34 134/203/35
f 133/69/13 137/204/36 135/205/37 136/206/38
f 141/51/11 144/207/39 145/208/40 147/209/41
f 142/68/8 146/210/42 145/211/62 144/212/44
f 143/61/1 147/213/45 145/214/63 146/215/47
f 151/50/10 154/216/48 155/217/49 157/218/50
f 152/72/16 156/219/51 155/220/52 154/221/53
f 153/65/5 157/222/54 155/223/55 156/224/56
f 11/87/9 1/77/12 7/80/23 14/88/30
f 14/93/35 7/84/27 3/17/17 12/20/20
f 2/4/4 9/3/3 10/225/64 6/81/24
f 6/86/29 10/226/65 8/18/18 3/17/17
f 18/14/14 13/13/13 16/96/38 20/227/66
f 20/228/67 16/91/33 12/20/20 19/19/19
f 31/107/10 11/87/9 17/90/32 34/108/48
f 34/113/53 17/94/36 13/13/13 32/16/16
f 38/6/6 33/5/5 36/116/56 40/229/68
f 40/230/69 36/111/51 32/16/16 39/15/15
f 21/97/11 31/107/10 37/110/50 24/98/39
f 24/103/44 37/114/54 33/5/5 22/8/8
f 28/2/2 23/1/1 26/106/47 30/231/70
f 30/232/71 26/101/42 22/8/8 29/7/7
f 1/77/12 21/97/11 27/100/41 4/78/21
f 4/83/26 27/104/45 23/1/1 2/4/4
f 51/9/9 41/12/12 47/119/23 54/126/30
f 54/131/35 47/123/27 43/37/17 52/40/20
f 42/24/4 49/23/3 50/233/64 46/120/24
f 46/125/29 50/234/65 48/38/18 43/37/17
f 58/34/14 53/33/13 56/134/38 60/235/66
f 60/236/67 56/129/33 52/40/20 59/39/19
f 71/10/10 51/9/9 57/128/32 74/144/48
f 74/149/53 57/132/36 53/33/13 72/36/16
f 78/26/6 73/25/5 76/152/56 80/237/68
f 80/238/69 76/147/51 72/36/16 79/35/15
f 61/11/11 71/10/10 77/146/50 64/135/39
f 64/140/44 77/150/54 73/25/5 62/28/8
f 68/22/2 63/21/1 66/143/47 70/239/70
f 70/240/71 66/138/42 62/28/8 69/27/7
f 41/12/12 61/11/11 67/137/41 44/117/21
f 44/122/26 67/141/45 63/21/1 42/24/4
f 91/29/9 81/32/12 87/155/23 94/162/30
f 94/167/35 87/159/27 83/57/17 92/60/20
f 82/44/4 89/43/3 90/241/64 86/156/24
f 86/161/29 90/242/65 88/58/18 83/57/17
f 98/54/14 93/53/13 96/170/38 100/243/66
f 100/244/67 96/165/33 92/60/20 99/59/19
f 111/30/10 91/29/9 97/164/32 114/180/48
f 114/185/53 97/168/36 93/53/13 112/56/16
f 118/46/6 113/45/5 116/188/56 120/245/68
f 120/246/69 116/183/51 112/56/16 119/55/15
f 101/31/11 111/30/10 117/182/50 104/171/39
f 104/176/44 117/186/54 113/45/5 102/48/8
f 108/42/2 103/41/1 106/179/47 110/247/70
f 110/248/71 106/174/42 102/48/8 109/47/7
f 81/32/12 101/31/11 107/173/41 84/153/21
f 84/158/26 107/177/45 103/41/1 82/44/4
f 131/49/9 121/52/12 127/191/23 134/198/30
f 134/203/35 127/195/27 123/73/17 132/76/20
f 122/64/4 129/63/3 130/249/64 126/192/24
f 126/197/29 130/250/65 128/74/18 123/73/17
f 138/70/14 133/69/13 136/206/38 140/251/66
f 140/252/67 136/201/33 132/76/20 139/75/19
f 151/50/10 131/49/9 137/200/32 154/216/48
f 154/221/53 137/204/36 133/69/13 152/72/16
f 158/66/6 153/65/5 156/224/56 160/253/68
f 160/254/69 156/219/51 152/72/16 159/71/15
f 141/51/11 151/50/10 157/218/50 144/207/39
f 144/212/44 157/222/54 153/65/5 142/68/8
f 148/62/2 143/61/1 146/215/47 150/255/70
f 150/256/71 146/210/42 142/68/8 149/67/7
f 121/52/12 141/51/11 147/209/41 124/189/21
f 124/194/26 147/213/45 143/61/1 122/64/4
f 11/87/9 31/107/10 21/97/11 1/77/12
f 191/257/13 197/258/72 168/259/73 162/260/16
f 205/261/17 211/262/74 198/263/75 190/264/20
f 210/265/76 182/266/77 169/267/78 196/268/79
f 163/269/5 170/270/80 184/271/81 176/272/8
f 177/273/1 183/274/82 212/275/83 204/276/4
f 161/277/10 164/278/48 165/279/49 167/280/50
f 162/260/16 166/281/51 165/282/52 164/283/53
f 163/269/5 167/284/54 165/285/55 166/286/56
f 168/259/73 171/287/84 172/288/85 174/289/86
f 169/267/78 173/290/87 172/291/88 171/292/89
f 170/270/80 174/293/90 172/294/91 173/295/92
f 175/296/11 178/297/39 179/298/40 181/299/41
f 176/272/8 180/300/93 179/301/60 178/302/44
f 177/273/1 181/303/45 179/304/46 180/305/47
f 182/266/77 185/306/94 186/307/95 188/308/96
f 183/274/82 187/309/97 186/310/98 185/311/99
f 184/271/81 188/312/100 186/313/101 187/314/102
f 189/315/9 192/316/30 193/317/31 195/318/32
f 190/264/20 194/319/33 193/320/34 192/321/35
f 191/257/13 195/322/36 193/323/37 194/324/38
f 196/268/79 199/325/103 200/326/104 202/327/105
f 197/258/72 201/328/106 200/329/107 199/330/108
f 198/263/75 202/331/109 200/332/110 201/333/111
f 203/334/12 206/335/21 207/336/22 209/337/23
f 204/276/4 208/338/24 207/339/57 206/340/26
f 205/261/17 209/341/27 207/342/61 208/343/112
f 210/265/76 213/344/113 214/345/114 216/346/115
f 211/262/74 215/347/116 214/348/117 213/349/118
f 212/275/83 216/350/119 214/351/120 215/352/121
f 175/296/11 161/277/10 167/280/50 178/297/39
f 178/302/44 167/284/54 163/269/5 176/272/8
f 162/260/16 168/259/73 174/289/86 166/281/51
f 166/286/56 174/293/90 170/270/80 163/269/5
f 169/267/78 182/266/77 188/308/96 173/290/87
f 173/295/92 188/312/100 184/271/81 170/270/80
f 183/274/82 177/273/1 180/305/47 187/309/97
f 187/314/102 180/300/93 176/272/8 184/271/81
f 203/334/12 175/296/11 181/299/41 206/335/21
f 206/340/26 181/303/45 177/273/1 204/276/4
f 182/266/77 210/265/76 216/346/115 185/306/94
f 185/311/99 216/350/119 212/275/83 183/274/82
f 211/262/74 205/261/17 208/343/112 215/347/116
f 215/352/121 208/338/24 204/276/4 212/275/83
f 189/315/9 203/334/12 209/337/23 192/316/30
f 192/321/35 209/341/27 205/261/17 190/264/20
f 210/265/76 196/268/79 202/327/105 213/344/113
f 213/349/118 202/331/109 198/263/75 211/262/74
f 197/258/72 191/257/13 194/324/38 201/328/106
f 201/333/111 194/319/33 190/264/20 198/263/75
f 161/277/10 189/315/9 195/318/32 164/278/48
f 164/283/53 195/322/36 191/257/13 162/260/16
f 196/268/79 169/267/78 171/292/89 199/325/103
f 199/330/108 171/287/84 168/259/73 197/258/72
f 175/296/11 203/334/12 189/315/9 161/277/10
f 217/353/122 219/354/122 220/355/122 218/356/122
f 219/357/123 223/358/123 224/359/123 220/360/123
f 223/361/124 221/362/124 222/363/124 224/364/124
f 221/365/125 217/366/125 218/367/125 222/368/125
f 219/369/126 217/370/126 221/371/126 223/372/126
f 224/373/127 222/374/127 218/375/127 220/376/127
f 225/377/122 227/378/122 228/379/122 226/380/122
f 231/381/124 229/382/124 230/383/124 232/384/124
f 227/385/126 225/386/126 229/387/126 231/388/126
f 232/389/127 230/390/127 226/391/127 228/392/127
f 233/393/122 235/394/122 236/395/122 234/396/122
f 239/397/124 237/398/124 238/399/124 240/400/124
f 235/401/126 233/402/126 237/403/126 239/404/126
f 240/405/127 238/406/127 234/407/127 236/408/127
f 241/409/122 243/410/122 244/411/122 242/412/122
f 247/413/124 245/414/124 246/415/124 248/416/124
f 243/417/126 241/418/126 245/419/126 247/420/126
f 248/421/127 246/422/127 242/423/127 244/424/127
f 249/425/124 250/426/124 252/427/124 251/428/124
f 255/429/122 256/430/122 254/431/122 253/432/122
f 251/433/126 255/434/126 253/435/126 249/436/126
f 256/437/127 252/438/127 250/439/127 254/440/127
f 257/441/124 258/442/124 260/443/124 259/444/124
f 263/445/122 264/446/122 262/447/122 261/448/122
f 259/449/126 263/450/126 261/451/126 257/452/126
f 264/453/127 260/454/127 258/455/127 262/456/127
f 265/457/124 266/458/124 268/459/124 267/460/124
f 271/461/122 272/462/122 270/463/122 269/464/122
f 267/465/126 271/466/126 269/467/126 265/468/126
f 272/469/127 268/470/127 266/471/127 270/472/127
f 273/473/124 274/474/124 276/475/124 275/476/124
f 275/477/123 276/478/123 280/479/123 279/480/123
f 279/481/122 280/482/122 278/483/122 277/484/122
f 277/485/125 278/486/125 274/487/125 273/488/125
f 275/489/126 279/490/126 277/491/126 273/492/126
f 280/493/127 276/494/127 274/495/127 278/496/127
f 281/497/124 282/498/124 284/499/124 283/500/124
f 283/501/123 284/502/123 288/503/123 287/504/123
f 287/505/122 288/506/122 286/507/122 285/508/122
f 285/509/125 286/510/125 282/511/125 281/512/125
f 283/513/126 287/514/126 285/515/126 281/516/126
f 288/517/127 284/518/127 282/519/127 286/520/127
f 289/521/122 291/522/122 292/523/122 290/524/122
f 291/525/123 295/526/123 296/527/123 292/528/123
f 295/529/124 293/530/124 294/531/124 296/532/124
f 293/533/125 289/534/125 290/535/125 294/536/125
f 291/537/126 289/538/126 293/539/126 295/540/126
f 296/541/127 294/542/127 290/543/127 292/544/127
f 327/545/128 333/546/129 304/547/130 298/548/131
f 341/549/132 347/550/133 334/551/134 326/552/135
f 313/553/136 319/554/137 348/555/138 340/556/139
f 297/557/140 300/558/141 301/559/142 303/560/143
f 298/548/131 302/561/144 301/562/142 300/563/141
f 299/564/145 303/560/143 301/559/142 302/565/146
f 304/547/130 307/566/147 308/567/148 310/568/149
f 305/569/150 309/570/151 308/571/148 307/572/147
f 306/573/152 310/574/153 308/571/148 309/570/151
f 311/575/154 314/576/155 315/577/156 317/578/157
f 312/579/158 316/580/159 315/577/156 314/576/155
f 313/553/136 317/581/157 315/582/156 316/583/160
f 318/584/161 321/585/162 322/586/163 324/587/164
f 319/554/137 323/588/165 322/589/163 321/590/162
f 320/591/166 324/587/164 322/586/163 323/592/167
f 325/593/168 328/594/169 329/595/170 331/596/171
f 326/552/135 330/597/172 329/598/170 328/599/169
f 327/545/128 331/596/171 329/595/170 330/600/173
f 332/601/174 335/602/175 336/603/176 338/604/177
f 333/546/129 337/605/178 336/603/176 335/602/175
f 334/551/134 338/606/177 336/607/176 337/608/179
f 339/609/180 342/610/181 343/611/182 345/612/183
f 340/556/139 344/613/184 343/611/182 342/610/181
f 341/549/132 345/614/183 343/615/182 344/616/185
f 346/617/186 349/618/187 350/619/188 352/620/189
f 347/550/133 351/621/190 350/622/188 349/623/187
f 348/555/138 352/620/189 350/619/188 351/624/191
f 298/548/131 304/547/130 310/568/149 302/561/144
f 302/565/146 310/574/153 306/573/152 299/564/145
f 319/554/137 313/553/136 316/583/160 323/588/165
f 323/592/167 316/580/159 312/579/158 320/591/166
f 339/609/192 311/625/192 317/581/157 342/610/181
f 342/610/181 317/581/157 313/553/136 340/556/139
f 318/626/193 346/617/193 352/620/189 321/590/162
f 321/590/162 352/620/189 348/555/138 319/554/137
f 347/550/133 341/549/132 344/616/185 351/621/190
f 351/624/191 344/613/184 340/556/139 348/555/138
f 325/627/194 339/628/194 345/614/183 328/599/169
f 328/599/169 345/614/183 341/549/132 326/552/135
f 346/629/195 332/630/195 338/606/177 349/623/187
f 349/623/187 338/606/177 334/551/134 347/550/133
f 333/546/129 327/545/128 330/600/173 337/605/178
f 337/608/179 330/597/172 326/552/135 334/551/134
f 297/631/196 325/593/196 331/596/171 300/563/141
f 300/563/141 331/596/171 327/545/128 298/548/131
f 332/601/197 305/632/197 307/566/147 335/602/175
f 335/602/175 307/566/147 304/547/130 333/546/129
f 353/633/125 354/634/125 356/635/125 355/636/125
f 359/637/123 360/638/123 358/639/123 357/640/123
f 355/641/126 359/642/126 357/643/126 353/644/126
f 360/645/127 356/646/127 354/647/127 358/648/127
f 391/649/17 397/650/74 368/651/75 362/652/20
f 405/653/1 411/654/82 398/655/83 390/656/4
f 377/657/5 383/658/80 412/659/81 404/660/8
f 361/661/198 364/662/30 365/663/31 367/664/31
f 362/652/20 366/665/33 365/666/34 364/667/35
f 363/668/199 367/669/37 365/670/37 366/671/38
f 368/651/75 371/672/109 372/673/110 374/674/111
f 369/675/200 373/676/201 372/677/201 371/678/105
f 370/679/202 374/680/203 372/681/204 373/682/204
f 375/683/205 378/684/49 379/685/49 381/686/50
f 376/687/206 380/688/51 379/689/52 378/690/52
f 377/657/5 381/691/54 379/692/55 380/693/56
f 382/694/207 385/695/87 386/696/208 388/697/208
f 383/658/80 387/698/90 386/699/91 385/700/92
f 384/701/209 388/702/210 386/703/210 387/704/86
f 389/705/12 392/706/21 393/707/22 395/708/23
f 390/656/4 394/709/24 393/710/57 392/711/26
f 391/649/17 395/712/27 393/713/61 394/714/29
f 396/715/211 399/716/113 400/717/212 402/718/115
f 397/650/74 401/719/213 400/720/214 399/721/118
f 398/655/83 402/722/119 400/723/215 401/724/216
f 403/725/11 406/726/39 407/727/217 409/728/41
f 404/660/8 408/729/42 407/730/60 406/731/44
f 405/653/1 409/732/45 407/733/46 408/734/47
f 410/735/218 413/736/94 414/737/219 416/738/96
f 411/654/82 415/739/220 414/740/221 413/741/99
f 412/659/81 416/742/100 414/743/101 415/744/222
f 362/652/20 368/651/75 374/674/111 366/665/33
f 366/671/38 374/680/203 370/679/202 363/668/199
f 383/658/80 377/657/5 380/693/56 387/698/90
f 387/704/86 380/688/51 376/687/206 384/701/209
f 403/725/11 375/683/205 381/686/50 406/726/39
f 406/731/44 381/691/54 377/657/5 404/660/8
f 382/694/207 410/735/218 416/738/96 385/695/87
f 385/700/92 416/742/100 412/659/81 383/658/80
f 411/654/82 405/653/1 408/734/47 415/739/220
f 415/744/222 408/729/42 404/660/8 412/659/81
f 389/705/12 403/725/11 409/728/41 392/706/21
f 392/711/26 409/732/45 405/653/1 390/656/4
f 410/735/218 396/715/211 402/718/115 413/736/94
f 413/741/99 402/722/119 398/655/83 411/654/82
f 397/650/74 391/649/17 394/714/29 401/719/213
f 401/724/216 394/709/24 390/656/4 398/655/83
f 361/661/198 389/705/12 395/708/23 364/662/30
f 364/667/35 395/712/27 391/649/17 362/652/20
f 396/715/211 369/675/200 371/678/105 399/716/113
f 399/721/118 371/672/109 368/651/75 397/650/74
f 375/683/205 403/725/11 389/705/12 361/661/198
f 447/745/17 453/746/74 424/747/75 418/748/20
f 461/749/1 467/750/82 454/751/83 446/752/4
f 466/753/77 438/754/78 425/755/79 452/756/76
f 433/757/5 439/758/80 468/759/81 460/760/8
f 417/761/223 420/762/30 421/763/224 423/764/224
f 418/748/20 422/765/33 421/766/34 420/767/35
f 419/768/199 423/769/225 421/770/225 422/771/38
f 424/747/75 427/772/109 428/773/110 430/774/111
f 425/755/79 429/775/103 428/776/104 427/777/105
f 426/778/202 430/779/203 428/780/204 429/781/204
f 431/782/226 434/783/227 435/784/227 437/785/50
f 432/786/206 436/787/228 435/788/229 434/789/229
f 433/757/5 437/790/54 435/791/55 436/792/56
f 438/754/78 441/793/87 442/794/88 444/795/89
f 439/758/80 443/796/90 442/797/91 441/798/92
f 440/799/209 444/800/230 442/801/230 443/802/231
f 445/803/232 448/804/21 449/805/233 451/806/23
f 446/752/4 450/807/234 449/808/235 448/809/26
f 447/745/17 451/810/27 449/811/61 450/812/29
f 452/756/76 455/813/113 456/814/236 458/815/115
f 453/746/74 457/816/213 456/817/214 455/818/118
f 454/751/83 458/819/119 456/820/237 457/821/216
f 459/822/238 462/823/39 463/824/239 465/825/41
f 460/760/8 464/826/42 463/827/60 462/828/44
f 461/749/1 465/829/45 463/830/46 464/831/47
f 466/753/77 469/832/94 470/833/240 472/834/96
f 467/750/82 471/835/220 470/836/241 469/837/99
f 468/759/81 472/838/100 470/839/101 471/840/222
f 418/748/20 424/747/75 430/774/111 422/765/33
f 422/771/38 430/779/203 426/778/202 419/768/199
f 425/755/79 438/754/78 444/795/89 429/775/103
f 439/758/80 433/757/5 436/792/56 443/796/90
f 443/802/231 436/787/228 432/786/206 440/799/209
f 459/822/238 431/782/226 437/785/50 462/823/39
f 462/828/44 437/790/54 433/757/5 460/760/8
f 438/754/78 466/753/77 472/834/96 441/793/87
f 441/798/92 472/838/100 468/759/81 439/758/80
f 467/750/82 461/749/1 464/831/47 471/835/220
f 471/840/222 464/826/42 460/760/8 468/759/81
f 445/803/232 459/822/238 465/825/41 448/804/21
f 448/809/26 465/829/45 461/749/1 446/752/4
f 466/753/77 452/756/76 458/815/115 469/832/94
f 469/837/99 458/819/119 454/751/83 467/750/82
f 453/746/74 447/745/17 450/812/29 457/816/213
f 457/821/216 450/807/234 446/752/4 454/751/83
f 417/761/223 445/803/232 451/806/23 420/762/30
f 420/767/35 451/810/27 447/745/17 418/748/20
f 452/756/76 425/755/79 427/777/105 455/813/113
f 455/818/118 427/772/109 424/747/75 453/746/74
f 510/841/242 501/842/243 480/843/244 490/844/245
f 504/845/246 498/846/247 500/847/248 511/848/249
f 523/849/250 475/850/127 474/851/127 520/852/250
f 477/853/251 484/854/252 492/855/253 481/856/254
f 518/857/255 473/858/126 476/859/126 527/860/255
f 527/861/256 476/862/122 475/863/122 523/864/256
f 485/865/257 521/866/258 517/867/259 491/868/260
f 474/869/123 475/870/123 476/871/123 473/872/123
f 491/868/260 517/867/259 526/873/261 512/874/262
f 512/874/262 526/873/261 524/875/263 503/876/264
f 503/876/264 524/875/263 521/866/258 485/865/257
f 483/877/265 489/878/266 487/879/267 486/880/268
f 484/854/252 486/881/269 487/882/270 488/883/271
f 485/865/257 488/884/272 487/885/273 489/886/274
f 490/844/245 496/887/275 494/888/276 493/889/277
f 491/868/260 493/890/278 494/891/279 495/892/280
f 492/855/253 495/893/281 494/894/282 496/895/283
f 503/876/264 509/896/284 507/897/285 506/898/286
f 504/845/246 506/899/287 507/900/288 508/901/289
f 505/902/290 508/903/291 507/904/292 509/905/293
f 510/841/242 516/906/294 514/907/295 513/908/296
f 511/848/249 513/909/297 514/910/298 515/911/299
f 512/874/262 515/912/300 514/913/301 516/914/302
f 483/877/265 486/880/268 479/915/303 478/916/304
f 486/881/269 484/854/252 477/853/251 479/917/305
f 480/843/244 482/918/306 496/887/275 490/844/245
f 482/919/307 481/856/254 492/855/253 496/895/283
f 491/868/260 495/892/280 488/884/272 485/865/257
f 495/893/281 492/855/253 484/854/252 488/883/271
f 505/902/290 509/905/293 489/878/266 483/877/265
f 509/896/284 503/876/264 485/865/257 489/886/274
f 490/844/245 493/889/277 516/906/294 510/841/242
f 493/890/278 491/868/260 512/874/262 516/914/302
f 511/848/249 515/911/299 506/899/287 504/845/246
f 515/912/300 512/874/262 503/876/264 506/898/286
f 497/920/308 499/921/309 508/903/291 505/902/290
f 499/922/310 498/846/247 504/845/246 508/901/289
f 510/841/242 513/908/296 502/923/311 501/842/243
f 513/909/297 511/848/249 500/847/248 502/924/312
f 483/877/265 478/916/304 497/920/308 505/902/290
f 518/925/313 519/926/314 522/927/314 520/928/313
f 519/929/315 517/867/259 521/866/258 522/930/316
f 524/875/263 525/931/317 522/930/316 521/866/258
f 525/932/318 523/849/250 520/852/250 522/933/318
f 517/867/259 519/929/315 528/934/319 526/873/261
f 519/935/320 518/857/255 527/860/255 528/936/320
f 526/873/261 528/934/319 525/931/317 524/875/263
f 528/937/321 527/861/256 523/864/256 525/938/321
f 520/928/313 474/939/124 473/940/124 518/925/313
f 566/941/245 546/942/322 536/943/243 557/944/244
f 560/945/252 567/946/253 556/947/254 554/948/251
f 579/949/250 576/950/250 530/951/127 531/952/127
f 533/953/247 537/954/248 548/955/249 540/956/246
f 574/957/255 583/958/255 532/959/126 529/960/126
f 583/961/323 579/962/323 531/963/124 532/964/124
f 541/965/264 547/966/262 573/967/261 577/968/263
f 530/969/123 529/970/123 532/971/123 531/972/123
f 547/966/262 568/973/260 582/974/259 573/967/261
f 568/973/260 559/975/257 580/976/258 582/974/259
f 559/975/257 541/965/264 577/968/263 580/976/258
f 539/977/290 542/978/291 543/979/324 545/980/293
f 540/956/246 544/981/287 543/982/288 542/983/289
f 541/965/264 545/984/284 543/985/325 544/986/286
f 546/942/322 549/987/294 550/988/295 552/989/296
f 547/966/262 551/990/326 550/991/327 549/992/302
f 548/955/249 552/993/297 550/994/298 551/995/299
f 559/975/257 562/996/272 563/997/328 565/998/274
f 560/945/252 564/999/269 563/1000/270 562/1001/271
f 561/1002/265 565/1003/266 563/1004/267 564/1005/268
f 566/941/245 569/1006/275 570/1007/276 572/1008/277
f 567/946/253 571/1009/281 570/1010/282 569/1011/283
f 568/973/260 572/1012/278 570/1013/329 571/1014/330
f 539/977/290 534/1015/308 535/1016/309 542/978/291
f 542/983/289 535/1017/310 533/953/247 540/956/246
f 536/943/243 546/942/322 552/989/296 538/1018/311
f 538/1019/312 552/993/297 548/955/249 537/954/248
f 547/966/262 541/965/264 544/986/286 551/990/326
f 551/995/299 544/981/287 540/956/246 548/955/249
f 561/1002/265 539/977/290 545/980/293 565/1003/266
f 565/998/274 545/984/284 541/965/264 559/975/257
f 546/942/322 566/941/245 572/1008/277 549/987/294
f 549/992/302 572/1012/278 568/973/260 547/966/262
f 567/946/253 560/945/252 562/1001/271 571/1009/281
f 571/1014/330 562/996/272 559/975/257 568/973/260
f 553/1020/304 561/1002/265 564/1005/268 555/1021/303
f 555/1022/305 564/999/269 560/945/252 554/948/251
f 566/941/245 557/944/244 558/1023/306 569/1006/275
f 569/1011/283 558/1024/307 556/947/254 567/946/253
f 539/977/290 561/1002/265 553/1020/304 534/1015/308
f 574/1025/331 576/1026/331 578/1027/332 575/1028/332
f 575/1029/319 578/1030/317 577/968/263 573/967/261
f 580/976/258 577/968/263 578/1030/317 581/1031/316
f 581/1032/318 578/1033/318 576/950/250 579/949/250
f 573/967/261 582/974/259 584/1034/315 575/1029/319
f 575/1035/320 584/1036/320 583/958/255 574/957/255
f 582/974/259 580/976/258 581/1031/316 584/1034/315
f 584/1037/333 581/1038/333 579/962/323 583/961/323
f 576/1026/331 574/1025/331 529/1039/122 530/1040/122
f 728/1041/334 592/1042/125 624/1043/335 656/1044/335 585/1045/125 669/1046/336
f 632/1047/337 630/1048/338 644/1049/339 642/1050/340
f 674/1051/341 681/1052/342 586/1053/123
f 599/1054/343 603/1055/344 618/1056/344 590/1057/123 714/1058/345
f 701/1059/346 589/1060/123 620/1061/344 614/1062/344 612/1063/343
f 710/1064/347 590/1057/123 618/1056/344 662/1065/344 587/1066/123 687/1067/348
f 683/1068/349 587/1066/123 662/1065/344 636/1069/344 633/1070/350
f 692/1071/351 588/1072/125 659/1073/335 626/1074/335 591/1075/125 723/1076/352
f 719/1077/353 591/1075/125 626/1074/335 596/1078/335 594/1079/354
f 692/1071/351 699/1080/355 588/1072/125
f 665/1081/356 585/1045/125 656/1044/335 648/1082/335 645/1083/357
f 629/1084/358 639/1085/344 653/1086/344 586/1053/123 678/1087/359
f 641/1088/360 651/1089/335 659/1073/335 588/1072/125 696/1090/361
f 630/1048/338 677/1091/362 666/1092/363 644/1049/339
f 645/1083/357 648/1082/335 651/1089/335 641/1088/360
f 674/1051/341 586/1053/123 653/1086/344 620/1061/344 589/1060/123 705/1093/364
f 633/1070/350 636/1069/344 639/1085/344 629/1084/358
f 702/1094/365 611/1095/126 606/1096/126 731/1097/366
f 665/1081/356 672/1098/367 585/1045/125
f 684/1099/368 632/1047/337 642/1050/340 695/1100/369
f 680/1101/370 671/1102/371 666/1092/363 677/1091/362
f 675/1103/372 704/1104/373 729/1105/374 668/1106/375
f 681/1052/342 678/1087/359 586/1053/123
f 683/1068/349 690/1107/376 587/1066/123
f 684/1099/368 695/1100/369 698/1108/377 689/1109/378
f 711/1110/379 686/1111/380 693/1112/381 722/1113/382
f 699/1080/355 696/1090/361 588/1072/125
f 701/1059/346 708/1114/383 589/1060/123
f 672/1098/367 669/1046/336 585/1045/125
f 675/1115/372 668/1116/375 671/1102/371 680/1101/370
f 689/1109/378 698/1108/377 693/1117/381 686/1118/380
f 690/1107/376 687/1067/348 587/1066/123
f 702/1094/365 731/1097/366 734/1119/384 707/1120/385
f 710/1064/347 717/1121/386 590/1057/123
f 711/1122/379 722/1123/382 725/1124/387 716/1125/388
f 719/1077/353 726/1126/389 591/1075/125
f 726/1126/389 723/1076/352 591/1075/125
f 728/1041/334 735/1127/390 592/1042/125
f 735/1127/390 732/1128/391 592/1042/125
f 716/1125/388 725/1124/387 720/1129/392 713/1130/393
f 717/1121/386 714/1058/345 590/1057/123
f 707/1120/385 734/1119/384 729/1131/374 704/1132/373
f 708/1114/383 705/1093/364 589/1060/123
f 605/1133/354 609/1134/335 624/1043/335 592/1042/125 732/1128/391
f 621/1135/394 615/1136/394 616/1137/394 622/1138/394
f 622/1139/395 616/1140/395 614/1062/344 620/1061/344
f 627/1141/396 597/1142/396 598/1143/396 628/1144/396
f 628/1145/397 598/1146/397 596/1078/335 626/1074/335
f 602/1147/394 617/1148/394 619/1149/394 604/1150/394
f 604/1151/395 619/1152/395 618/1056/344 603/1055/344
f 654/1153/394 621/1135/394 622/1138/394 655/1154/394
f 655/1155/395 622/1139/395 620/1061/344 653/1086/344
f 608/1156/396 623/1157/396 625/1158/396 610/1159/396
f 610/1160/397 625/1161/397 624/1043/335 609/1134/335
f 660/1162/396 627/1141/396 628/1144/396 661/1163/396
f 661/1164/397 628/1145/397 626/1074/335 659/1073/335
f 630/1048/338 632/1047/337 634/1165/398 631/1166/399
f 631/1167/400 634/1168/401 633/1070/350 629/1084/358
f 663/1169/394 635/1170/394 637/1171/394 664/1172/394
f 664/1173/395 637/1174/395 636/1069/344 662/1065/344
f 635/1170/394 638/1175/394 640/1176/394 637/1171/394
f 637/1174/395 640/1177/395 639/1085/344 636/1069/344
f 642/1050/340 644/1049/339 646/1178/402 643/1179/403
f 643/1180/404 646/1181/405 645/1083/357 641/1088/360
f 657/1182/396 647/1183/396 649/1184/396 658/1185/396
f 658/1186/397 649/1187/397 648/1082/335 656/1044/335
f 647/1183/396 650/1188/396 652/1189/396 649/1184/396
f 649/1187/397 652/1190/397 651/1089/335 648/1082/335
f 638/1175/394 654/1153/394 655/1154/394 640/1176/394
f 640/1177/395 655/1155/395 653/1086/344 639/1085/344
f 623/1157/396 657/1182/396 658/1185/396 625/1158/396
f 625/1161/397 658/1186/397 656/1044/335 624/1043/335
f 650/1188/396 660/1162/396 661/1163/396 652/1189/396
f 652/1190/397 661/1164/397 659/1073/335 651/1089/335
f 617/1148/394 663/1169/394 664/1172/394 619/1149/394
f 619/1152/395 664/1173/395 662/1065/344 618/1056/344
f 666/1092/363 671/1102/371 673/1191/406 667/1192/407
f 667/1193/408 673/1194/409 672/1098/367 665/1081/356
f 671/1102/371 668/1116/375 670/1195/410 673/1191/406
f 673/1194/409 670/1196/411 669/1046/336 672/1098/367
f 675/1115/372 680/1101/370 682/1197/412 676/1198/413
f 676/1199/414 682/1200/415 681/1052/342 674/1051/341
f 680/1101/370 677/1091/362 679/1201/416 682/1197/412
f 682/1200/415 679/1202/417 678/1087/359 681/1052/342
f 684/1099/368 689/1109/378 691/1203/418 685/1204/419
f 685/1205/420 691/1206/421 690/1107/376 683/1068/349
f 689/1109/378 686/1118/380 688/1207/422 691/1203/418
f 691/1206/421 688/1208/423 687/1067/348 690/1107/376
f 693/1117/381 698/1108/377 700/1209/424 694/1210/425
f 694/1211/426 700/1212/427 699/1080/355 692/1071/351
f 698/1108/377 695/1100/369 697/1213/428 700/1209/424
f 700/1212/427 697/1214/429 696/1090/361 699/1080/355
f 629/1084/358 678/1087/359 679/1202/417 631/1167/400
f 631/1166/399 679/1201/416 677/1091/362 630/1048/338
f 665/1081/356 645/1083/357 646/1181/405 667/1193/408
f 667/1192/407 646/1178/402 644/1049/339 666/1092/363
f 683/1068/349 633/1070/350 634/1168/401 685/1205/420
f 685/1204/419 634/1165/398 632/1047/337 684/1099/368
f 641/1088/360 696/1090/361 697/1214/429 643/1180/404
f 643/1179/403 697/1213/428 695/1100/369 642/1050/340
f 702/1094/365 707/1120/385 709/1215/430 703/1216/431
f 703/1217/432 709/1218/433 708/1114/383 701/1059/346
f 707/1120/385 704/1132/373 706/1219/434 709/1215/430
f 709/1218/433 706/1220/435 705/1093/364 708/1114/383
f 711/1122/379 716/1125/388 718/1221/436 712/1222/437
f 712/1223/438 718/1224/439 717/1121/386 710/1064/347
f 716/1125/388 713/1130/393 715/1225/440 718/1221/436
f 718/1224/439 715/1226/441 714/1058/345 717/1121/386
f 720/1129/392 725/1124/387 727/1227/442 721/1228/443
f 721/1229/444 727/1230/445 726/1126/389 719/1077/353
f 725/1124/387 722/1123/382 724/1231/446 727/1227/442
f 727/1230/445 724/1232/447 723/1076/352 726/1126/389
f 729/1131/374 734/1119/384 736/1233/448 730/1234/449
f 730/1235/450 736/1236/451 735/1127/390 728/1041/334
f 734/1119/384 731/1097/366 733/1237/452 736/1233/448
f 736/1236/451 733/1238/453 732/1128/391 735/1127/390
f 701/1059/346 612/1063/343 613/1239/454 703/1217/432
f 703/1216/431 613/1240/455 611/1095/455 702/1094/365
f 605/1133/354 732/1128/391 733/1238/453 607/1241/456
f 607/1241/457 733/1238/452 731/1242/366 606/1243/457
f 674/1051/341 705/1093/364 706/1220/435 676/1199/414
f 676/1244/413 706/1245/434 704/1104/373 675/1103/372
f 728/1041/334 669/1046/336 670/1196/411 730/1235/450
f 730/1246/449 670/1247/410 668/1106/375 729/1105/374
f 713/1130/393 600/1248/455 601/1249/455 715/1225/440
f 715/1226/441 601/1250/454 599/1054/343 714/1058/345
f 719/1077/353 594/1079/354 595/1251/456 721/1229/444
f 721/1229/443 595/1251/457 593/1252/457 720/1253/392
f 686/1111/380 711/1110/379 712/1254/437 688/1255/422
f 688/1208/423 712/1223/438 710/1064/347 687/1067/348
f 692/1071/351 723/1076/352 724/1232/447 694/1211/426
f 694/1256/425 724/1257/446 722/1113/382 693/1112/381
f 600/1248/126 713/1130/393 720/1129/392 593/1258/126
f 737/1259/124 738/1260/124 740/1261/124 739/1262/124
f 739/1263/123 740/1264/123 744/1265/123 743/1266/123
f 743/1267/122 744/1268/122 742/1269/122 741/1270/122
f 741/1271/125 742/1272/125 738/1273/125 737/1274/125
f 739/1275/126 743/1276/126 741/1277/126 737/1278/126
f 744/1279/127 740/1280/127 738/1281/127 742/1282/127
f 747/1283/123 751/1284/123 752/1285/123 748/1286/123
f 749/1287/125 745/1288/125 746/1289/125 750/1290/125
f 752/1291/126 750/1292/126 746/1293/126 748/1294/126
f 755/1295/123 759/1296/123 760/1297/123 756/1298/123
f 757/1299/125 753/1300/125 754/1301/125 758/1302/125
f 760/1303/126 758/1304/126 754/1305/126 756/1306/126
f 852/1307/458 855/1308/459 765/1309/460 762/1310/461
f 774/1311/462 777/1312/463 783/1313/464 780/1314/465
f 780/1314/465 783/1313/464 789/1315/466 786/1316/467
f 786/1316/467 789/1315/466 795/1317/468 792/1318/469
f 792/1318/469 795/1317/468 801/1319/470 798/1320/471
f 798/1321/471 801/1322/470 807/1323/472 804/1324/473
f 804/1324/473 807/1323/472 813/1325/474 810/1326/475
f 810/1326/475 813/1325/474 819/1327/476 816/1328/477
f 816/1328/477 819/1327/476 825/1329/478 822/1330/479
f 822/1331/479 825/1332/478 831/1333/480 828/1334/481
f 828/1334/481 831/1333/480 837/1335/482 834/1336/483
f 834/1336/483 837/1335/482 843/1337/484 840/1338/485
f 840/1338/485 843/1337/484 849/1339/486 846/1340/487
f 846/1341/487 849/1342/486 855/1308/459 852/1307/458
f 768/1343/488 771/1344/489 777/1345/463 774/1346/462
f 776/1347/490 770/1348/491 858/1349/125 859/1350/125
f 762/1310/461 765/1309/460 771/1344/489 768/1343/488
f 762/1310/461 768/1343/488 769/1351/492 763/1352/493
f 763/1353/494 769/1354/495 767/1355/496 761/1356/497
f 771/1344/489 765/1309/460 766/1357/498 772/1358/499
f 772/1359/500 766/1360/501 764/1361/502 770/1348/491
f 768/1343/488 774/1346/462 775/1362/503 769/1351/492
f 769/1354/495 775/1363/504 773/1364/505 767/1355/496
f 777/1345/463 771/1344/489 772/1358/499 778/1365/506
f 778/1366/507 772/1359/500 770/1348/491 776/1347/490
f 774/1311/462 780/1314/465 781/1367/508 775/1368/503
f 775/1363/504 781/1369/509 779/1370/510 773/1364/505
f 783/1313/464 777/1312/463 778/1371/506 784/1372/511
f 784/1373/512 778/1366/507 776/1347/490 782/1374/513
f 780/1314/465 786/1316/467 787/1375/514 781/1367/508
f 781/1369/509 787/1376/515 785/1377/516 779/1370/510
f 789/1315/466 783/1313/464 784/1372/511 790/1378/517
f 790/1379/518 784/1373/512 782/1374/513 788/1380/519
f 786/1316/467 792/1318/469 793/1381/520 787/1375/514
f 787/1376/515 793/1382/521 791/1383/522 785/1377/516
f 795/1317/468 789/1315/466 790/1378/517 796/1384/523
f 796/1385/524 790/1379/518 788/1380/519 794/1386/525
f 792/1318/469 798/1320/471 799/1387/526 793/1381/520
f 793/1382/521 799/1388/527 797/1389/528 791/1383/522
f 801/1319/470 795/1317/468 796/1384/523 802/1390/529
f 802/1391/530 796/1385/524 794/1386/525 800/1392/531
f 798/1321/471 804/1324/473 805/1393/532 799/1394/526
f 799/1388/527 805/1395/533 803/1396/534 797/1389/528
f 807/1323/472 801/1322/470 802/1397/529 808/1398/535
f 808/1399/536 802/1391/530 800/1392/531 806/1400/537
f 804/1324/473 810/1326/475 811/1401/538 805/1393/532
f 805/1395/533 811/1402/539 809/1403/540 803/1396/534
f 813/1325/474 807/1323/472 808/1398/535 814/1404/541
f 814/1405/542 808/1399/536 806/1400/537 812/1406/543
f 810/1326/475 816/1328/477 817/1407/544 811/1401/538
f 811/1402/539 817/1408/545 815/1409/546 809/1403/540
f 819/1327/476 813/1325/474 814/1404/541 820/1410/547
f 820/1411/548 814/1405/542 812/1406/543 818/1412/549
f 816/1328/477 822/1330/479 823/1413/550 817/1407/544
f 817/1408/545 823/1414/551 821/1415/552 815/1409/546
f 825/1329/478 819/1327/476 820/1410/547 826/1416/553
f 826/1417/554 820/1411/548 818/1412/549 824/1418/555
f 822/1331/479 828/1334/481 829/1419/556 823/1420/550
f 823/1414/551 829/1421/557 827/1422/558 821/1415/552
f 831/1333/480 825/1332/478 826/1423/553 832/1424/559
f 832/1425/560 826/1417/554 824/1418/555 830/1426/561
f 828/1334/481 834/1336/483 835/1427/562 829/1419/556
f 829/1421/557 835/1428/563 833/1429/564 827/1422/558
f 837/1335/482 831/1333/480 832/1424/559 838/1430/565
f 838/1431/566 832/1425/560 830/1426/561 836/1432/567
f 834/1336/483 840/1338/485 841/1433/568 835/1427/562
f 835/1428/563 841/1434/569 839/1435/570 833/1429/564
f 843/1337/484 837/1335/482 838/1430/565 844/1436/571
f 844/1437/572 838/1431/566 836/1432/567 842/1438/573
f 840/1338/485 846/1340/487 847/1439/574 841/1433/568
f 841/1434/569 847/1440/575 845/1441/576 839/1435/570
f 849/1339/486 843/1337/484 844/1436/571 850/1442/577
f 850/1443/578 844/1437/572 842/1438/573 848/1444/579
f 846/1341/487 852/1307/458 853/1445/580 847/1446/574
f 847/1440/575 853/1447/581 851/1448/582 845/1441/576
f 855/1308/459 849/1342/486 850/1449/577 856/1450/583
f 856/1451/584 850/1443/578 848/1444/579 854/1452/585
f 852/1307/458 762/1310/461 763/1352/493 853/1445/580
f 853/1447/581 763/1353/494 761/1356/497 851/1448/582
f 765/1309/460 855/1308/459 856/1450/583 766/1357/498
f 766/1360/501 856/1451/584 854/1452/585 764/1361/502
f 761/1356/497 767/1355/496 773/1364/505 779/1370/510 785/1377/516 791/1383/522 797/1389/528 803/1396/534 809/1403/540 815/1409/546 821/1415/552 827/1422/558 833/1429/564 839/1435/570 845/1441/576 851/1448/582
f 867/1453/586 866/1454/309 882/1455/309 883/1456/586
f 794/1386/525 788/1380/519 861/1457/125 862/1458/125
f 812/1406/543 806/1400/537 864/1459/125 865/1460/125
f 830/1426/561 824/1418/555 867/1461/125 868/1462/125
f 848/1444/579 842/1438/573 870/1463/125 871/1464/125
f 782/1374/513 776/1347/490 859/1350/125 860/1465/125
f 764/1361/502 854/1452/585 872/1466/125 857/1467/125
f 800/1392/531 794/1386/525 862/1458/125 863/1468/125
f 818/1412/549 812/1406/543 865/1460/125 866/1469/125
f 836/1432/567 830/1426/561 868/1462/125 869/1470/125
f 854/1452/585 848/1444/579 871/1464/125 872/1466/125
f 770/1348/491 764/1361/502 857/1467/125 858/1349/125
f 788/1380/519 782/1374/513 860/1465/125 861/1457/125
f 806/1400/537 800/1392/531 863/1468/125 864/1459/125
f 824/1418/555 818/1412/549 866/1469/125 867/1461/125
f 842/1438/573 836/1432/567 869/1470/125 870/1463/125
f 874/1471/125 873/1472/125 888/1473/125 887/1474/125 886/1475/125 885/1476/125 884/1477/125 883/1478/125 882/1479/125 881/1480/125 880/1481/125 879/1482/125 878/1483/125 877/1484/125 876/1485/125 875/1486/125
f 860/1487/307 859/1488/587 875/1489/587 876/1490/307
f 868/1491/310 867/1492/586 883/1493/586 884/1494/310
f 861/1495/122 860/1487/307 876/1490/307 877/1496/122
f 869/1497/124 868/1491/310 884/1494/310 885/1498/124
f 862/1499/305 861/1495/122 877/1496/122 878/1500/305
f 870/1501/312 869/1497/124 885/1498/124 886/1502/312
f 863/1503/588 862/1499/305 878/1500/305 879/1504/588
f 871/1505/589 870/1501/312 886/1502/312 887/1506/589
f 864/1507/303 863/1508/588 879/1509/588 880/1510/303
f 872/1511/311 871/1512/589 887/1513/589 888/1514/311
f 865/1515/126 864/1507/303 880/1510/303 881/1516/126
f 858/1517/590 857/1518/127 873/1519/127 874/1520/590
f 857/1518/127 872/1511/311 888/1514/311 873/1519/127
f 866/1454/309 865/1515/126 881/1516/126 882/1455/309
f 859/1521/587 858/1517/590 874/1520/590 875/1522/587
f 980/1523/488 890/1524/461 893/1525/460 983/1526/489
f 902/1527/487 908/1528/485 911/1529/591 905/1530/592
f 908/1528/485 914/1531/483 917/1532/593 911/1529/591
f 914/1531/483 920/1533/481 923/1534/594 917/1532/593
f 920/1533/481 926/1535/479 929/1536/478 923/1534/594
f 926/1537/479 932/1538/477 935/1539/476 929/1540/478
f 932/1538/477 938/1541/475 941/1542/474 935/1539/476
f 938/1541/475 944/1543/473 947/1544/472 941/1542/474
f 944/1543/473 950/1545/471 953/1546/470 947/1544/472
f 950/1547/471 956/1548/469 959/1549/595 953/1550/470
f 956/1548/469 962/1551/467 965/1552/596 959/1549/595
f 962/1551/467 968/1553/465 971/1554/597 965/1552/596
f 968/1553/465 974/1555/462 977/1556/598 971/1554/597
f 974/1557/462 980/1523/488 983/1526/489 977/1558/598
f 896/1559/458 902/1560/487 905/1561/592 899/1562/459
f 904/1563/579 987/1564/125 986/1565/125 898/1566/585
f 890/1524/461 896/1559/458 899/1562/459 893/1525/460
f 890/1524/461 891/1567/493 897/1568/599 896/1559/458
f 891/1569/494 889/1570/497 895/1571/582 897/1572/581
f 899/1562/459 900/1573/583 894/1574/498 893/1525/460
f 900/1575/584 898/1566/585 892/1576/502 894/1577/501
f 896/1559/458 897/1568/599 903/1578/574 902/1560/487
f 897/1572/581 895/1571/582 901/1579/576 903/1580/575
f 905/1561/592 906/1581/577 900/1573/583 899/1562/459
f 906/1582/578 904/1563/579 898/1566/585 900/1575/584
f 902/1527/487 903/1583/574 909/1584/568 908/1528/485
f 903/1580/575 901/1579/576 907/1585/570 909/1586/569
f 911/1529/591 912/1587/600 906/1588/577 905/1530/592
f 912/1589/572 910/1590/573 904/1563/579 906/1582/578
f 908/1528/485 909/1584/568 915/1591/562 914/1531/483
f 909/1586/569 907/1585/570 913/1592/564 915/1593/563
f 917/1532/593 918/1594/565 912/1587/600 911/1529/591
f 918/1595/566 916/1596/567 910/1590/573 912/1589/572
f 914/1531/483 915/1591/562 921/1597/556 920/1533/481
f 915/1593/563 913/1592/564 919/1598/558 921/1599/557
f 923/1534/594 924/1600/601 918/1594/565 917/1532/593
f 924/1601/560 922/1602/561 916/1596/567 918/1595/566
f 920/1533/481 921/1597/556 927/1603/550 926/1535/479
f 921/1599/557 919/1598/558 925/1604/552 927/1605/551
f 929/1536/478 930/1606/602 924/1600/601 923/1534/594
f 930/1607/554 928/1608/555 922/1602/561 924/1601/560
f 926/1537/479 927/1609/550 933/1610/544 932/1538/477
f 927/1605/551 925/1604/552 931/1611/546 933/1612/545
f 935/1539/476 936/1613/603 930/1614/602 929/1540/478
f 936/1615/548 934/1616/549 928/1608/555 930/1607/554
f 932/1538/477 933/1610/544 939/1617/538 938/1541/475
f 933/1612/545 931/1611/546 937/1618/540 939/1619/539
f 941/1542/474 942/1620/541 936/1613/603 935/1539/476
f 942/1621/542 940/1622/543 934/1616/549 936/1615/548
f 938/1541/475 939/1617/538 945/1623/532 944/1543/473
f 939/1619/539 937/1618/540 943/1624/534 945/1625/533
f 947/1544/472 948/1626/604 942/1620/541 941/1542/474
f 948/1627/536 946/1628/537 940/1622/543 942/1621/542
f 944/1543/473 945/1623/532 951/1629/526 950/1545/471
f 945/1625/533 943/1624/534 949/1630/528 951/1631/527
f 953/1546/470 954/1632/529 948/1626/604 947/1544/472
f 954/1633/530 952/1634/531 946/1628/537 948/1627/536
f 950/1547/471 951/1635/526 957/1636/520 956/1548/469
f 951/1631/527 949/1630/528 955/1637/522 957/1638/521
f 959/1549/595 960/1639/605 954/1640/529 953/1550/470
f 960/1641/524 958/1642/525 952/1634/531 954/1633/530
f 956/1548/469 957/1636/520 963/1643/514 962/1551/467
f 957/1638/521 955/1637/522 961/1644/516 963/1645/515
f 965/1552/596 966/1646/606 960/1639/605 959/1549/595
f 966/1647/518 964/1648/519 958/1642/525 960/1641/524
f 962/1551/467 963/1643/514 969/1649/508 968/1553/465
f 963/1645/515 961/1644/516 967/1650/510 969/1651/509
f 971/1554/597 972/1652/607 966/1646/606 965/1552/596
f 972/1653/512 970/1654/513 964/1648/519 966/1647/518
f 968/1553/465 969/1649/508 975/1655/503 974/1555/462
f 969/1651/509 967/1650/510 973/1656/505 975/1657/504
f 977/1556/598 978/1658/506 972/1652/607 971/1554/597
f 978/1659/507 976/1660/490 970/1654/513 972/1653/512
f 974/1557/462 975/1661/503 981/1662/608 980/1523/488
f 975/1657/504 973/1656/505 979/1663/496 981/1664/495
f 983/1526/489 984/1665/499 978/1666/506 977/1558/598
f 984/1667/500 982/1668/491 976/1660/490 978/1659/507
f 980/1523/488 981/1662/608 891/1567/493 890/1524/461
f 981/1664/495 979/1663/496 889/1570/497 891/1569/494
f 893/1525/460 894/1574/498 984/1665/499 983/1526/489
f 894/1577/501 892/1576/502 982/1668/491 984/1667/500
f 889/1570/497 979/1663/496 973/1656/505 967/1650/510 961/1644/516 955/1637/522 949/1630/528 943/1624/534 937/1618/540 931/1611/546 925/1604/552 919/1598/558 913/1592/564 907/1585/570 901/1579/576 895/1571/582
f 995/1669/588 1011/1670/588 1010/1671/303 994/1672/303
f 922/1602/561 990/1673/125 989/1674/125 916/1596/567
f 940/1622/543 993/1675/125 992/1676/125 934/1616/549
f 958/1642/525 996/1677/125 995/1678/125 952/1634/531
f 976/1660/490 999/1679/125 998/1680/125 970/1654/513
f 910/1590/573 988/1681/125 987/1564/125 904/1563/579
f 892/1576/502 985/1682/125 1000/1683/125 982/1668/491
f 928/1608/555 991/1684/125 990/1673/125 922/1602/561
f 946/1628/537 994/1685/125 993/1675/125 940/1622/543
f 964/1648/519 997/1686/125 996/1677/125 958/1642/525
f 982/1668/491 1000/1683/125 999/1679/125 976/1660/490
f 898/1566/585 986/1565/125 985/1682/125 892/1576/502
f 916/1596/567 989/1674/125 988/1681/125 910/1590/573
f 934/1616/549 992/1676/125 991/1684/125 928/1608/555
f 952/1634/531 995/1678/125 994/1685/125 946/1628/537
f 970/1654/513 998/1680/125 997/1686/125 964/1648/519
f 1002/1687/125 1003/1688/125 1004/1689/125 1005/1690/125 1006/1691/125 1007/1692/125 1008/1693/125 1009/1694/125 1010/1695/125 1011/1696/125 1012/1697/125 1013/1698/125 1014/1699/125 1015/1700/125 1016/1701/125 1001/1702/125
f 988/1703/312 1004/1704/312 1003/1705/589 987/1706/589
f 996/1707/305 1012/1708/305 1011/1709/588 995/1710/588
f 989/1711/124 1005/1712/124 1004/1704/312 988/1703/312
f 997/1713/122 1013/1714/122 1012/1708/305 996/1707/305
f 990/1715/310 1006/1716/310 1005/1712/124 989/1711/124
f 998/1717/307 1014/1718/307 1013/1714/122 997/1713/122
f 991/1719/586 1007/1720/586 1006/1716/310 990/1715/310
f 999/1721/587 1015/1722/587 1014/1718/307 998/1717/307
f 992/1723/309 1008/1724/309 1007/1725/586 991/1726/586
f 1000/1727/306 1016/1728/306 1015/1729/587 999/1730/587
f 993/1731/126 1009/1732/126 1008/1724/309 992/1723/309
f 986/1733/609 1002/1734/609 1001/1735/127 985/1736/127
f 985/1736/127 1001/1735/127 1016/1728/306 1000/1727/306
f 994/1672/303 1010/1671/303 1009/1732/126 993/1731/126
f 987/1737/589 1003/1738/589 1002/1734/609 986/1733/609
