# Blender 4.0.2
# www.blender.org
mtllib Sofa.mtl
o couch02_lo
v -3.612222 0.248449 0.768081
v -3.612200 0.096752 0.681141
v -3.724495 0.296240 -0.017476
v -3.452392 0.096752 -0.017485
v -3.452392 0.096752 0.681141
v -3.452405 0.247641 0.768081
v -3.282883 0.096752 -0.017485
v -3.282883 0.096752 0.681141
v -3.283015 0.246671 0.768081
v -3.114726 0.096752 -0.017485
v -3.115327 0.244976 0.768081
v -3.724586 0.255483 -0.714720
v -3.612222 0.248449 -0.803052
v -3.612199 0.096751 -0.716111
v -3.452392 0.096752 -0.716112
v -3.452405 0.247641 -0.803052
v -3.282883 0.096752 -0.716112
v -3.283015 0.246671 -0.803052
v -3.114727 0.096752 -0.716112
v -3.115327 0.244976 -0.803052
v -3.114727 0.096752 0.569619
v -3.282883 0.096752 0.569619
v -3.452392 0.096752 0.569619
v -3.724614 0.248565 0.569619
v -3.114727 0.096752 0.334777
v -3.282883 0.096752 0.334777
v -3.452392 0.096752 0.334777
v -3.724551 0.277310 0.334785
v -3.114726 0.096752 0.099935
v -3.282883 0.096752 0.099935
v -3.452392 0.096752 0.099935
v -3.724432 0.281170 0.099973
v -3.612198 0.096752 -0.604590
v -3.114748 0.216100 -0.603239
v -3.282883 0.216112 -0.603239
v -3.449120 0.216114 -0.602600
v -3.724486 0.304791 -0.369733
v -3.452392 0.096752 -0.369748
v -3.282883 0.096752 -0.369748
v -3.114727 0.096752 -0.369748
v -3.612200 0.096751 -0.134906
v -3.115174 0.216110 -0.134906
v -3.282853 0.216112 -0.134906
v -3.450177 0.216112 -0.134906
v -2.974898 0.100723 0.764125
v -2.947982 0.122994 0.763915
v -2.975350 0.121380 0.767245
v -2.948894 0.241149 0.764353
v -2.944934 0.242107 0.749920
v -3.703276 0.248565 0.767685
v -3.696413 0.128843 0.766810
v -3.719105 0.132191 0.762905
v -3.723141 0.132500 0.742507
v -3.612200 0.120174 0.767685
v -3.612200 0.100477 0.764355
v -3.612200 0.097147 0.749448
v -2.944026 0.124434 0.678308
v -3.697341 0.097452 0.677576
v -2.954909 0.215242 0.644966
v -2.992989 0.224196 0.680606
v -2.944604 0.253458 0.702808
v -2.945148 0.216660 0.683266
v -3.115621 0.271407 0.686584
v -3.116421 0.226231 0.680783
v -3.115818 0.217150 0.655191
v -3.452392 0.120174 0.767685
v -3.612674 0.238438 0.644663
v -3.562856 0.326297 0.685611
v -3.566266 0.235123 0.681466
v -3.575695 0.218516 0.653065
v -3.621900 0.538730 0.663703
v -3.601741 0.593690 0.703438
v -3.579293 0.513770 0.687005
v -3.618330 0.532734 0.683649
v -3.703167 0.538743 0.767310
v -3.702928 0.591168 0.764158
v -3.701946 0.594299 0.748488
v -3.612339 0.538408 0.767685
v -3.724200 0.537226 0.680874
v -2.952912 0.441049 0.710746
v -2.962446 0.438177 0.693658
v -3.002908 0.449694 0.687830
v -3.129290 0.561956 0.710449
v -3.122664 0.479165 0.687673
v -2.955916 0.460273 0.762865
v -2.948910 0.463473 0.746915
v -3.118683 0.514124 0.767683
v -3.121050 0.557334 0.762677
v -3.124229 0.562848 0.742163
v -3.621669 0.326742 -0.017487
v -3.621641 0.322573 0.099933
v -2.943703 0.122252 -0.017486
v -2.947666 0.100582 -0.017485
v -2.973923 0.097155 -0.017485
v -2.943648 0.121978 0.099935
v -2.947660 0.100590 0.099935
v -2.974005 0.097157 0.099935
v -3.641891 0.594699 -0.017485
v -3.724077 0.523825 -0.017485
v -3.724056 0.521595 0.099935
v -3.699754 0.097297 -0.017485
v -3.700577 0.097260 0.099935
v -3.282883 0.120174 0.767685
v -3.452478 0.532750 0.767685
v -3.450873 0.527170 0.687537
v -3.450597 0.586454 0.709844
v -3.446947 0.225955 0.684612
v -3.446082 0.307814 0.686757
v -3.114732 0.120170 0.767685
v -3.283747 0.525962 0.767685
v -3.284140 0.489048 0.688230
v -3.284560 0.576663 0.711931
v -3.282886 0.228787 0.683830
v -3.283103 0.300753 0.686450
v -2.947836 0.120578 -0.799126
v -2.944896 0.125260 -0.781437
v -2.947827 0.100716 -0.783837
v -2.948899 0.241144 -0.799321
v -2.974761 0.241689 -0.802656
v -3.701272 0.254763 -0.802567
v -3.720728 0.256194 -0.799043
v -3.724065 0.258459 -0.781809
v -3.695361 0.131046 -0.801675
v -3.696440 0.101868 -0.798313
v -3.696181 0.098058 -0.779182
v -3.611954 0.120530 -0.802647
v -3.612200 0.100477 -0.799326
v -3.612200 0.097147 -0.784419
v -2.944328 0.120766 -0.715221
v -3.723507 0.140124 -0.707801
v -3.692940 0.097707 -0.709919
v -2.944456 0.195128 -0.708320
v -2.946169 0.271018 -0.740381
v -2.952189 0.287738 -0.725510
v -2.988521 0.291536 -0.721921
v -3.118553 0.302510 -0.721384
v -3.117051 0.217056 -0.685785
v -3.452367 0.121642 -0.802620
v -3.562298 0.220186 -0.679226
v -3.558220 0.235586 -0.711618
v -3.579133 0.297540 -0.720977
v -3.620771 0.299389 -0.689885
v -3.621900 0.540558 -0.699177
v -3.592556 0.539461 -0.722011
v -3.602699 0.593768 -0.738119
v -3.629994 0.594432 -0.729304
v -3.703079 0.538377 -0.802274
v -3.720673 0.537225 -0.799110
v -3.723777 0.534797 -0.783613
v -3.612339 0.538408 -0.802656
v -3.612261 0.590442 -0.799326
v -3.611441 0.593773 -0.784893
v -3.703255 0.594691 -0.715408
v -3.724144 0.531276 -0.715038
v -2.964200 0.523834 -0.747234
v -3.011163 0.542534 -0.748386
v -2.951452 0.474014 -0.741661
v -3.118722 0.514559 -0.722419
v -3.006713 0.532745 -0.796138
v -2.956067 0.470650 -0.798374
v -2.993504 0.469617 -0.801550
v -3.119748 0.499228 -0.802441
v -3.123770 0.555363 -0.797664
v -3.122360 0.563510 -0.780520
v -3.724098 0.525802 -0.134906
v -3.699150 0.097328 -0.134906
v -2.944021 0.122305 -0.134908
v -2.949737 0.212834 -0.134925
v -2.986823 0.215782 -0.134907
v -3.612035 0.228192 -0.134908
v -3.621661 0.324930 -0.134905
v -3.282883 0.120745 -0.802641
v -3.452485 0.529102 -0.802621
v -3.452536 0.580725 -0.798626
v -3.452190 0.586828 -0.782224
v -3.451556 0.586858 -0.743528
v -3.451153 0.534054 -0.722407
v -3.448783 0.291350 -0.721671
v -3.445715 0.217149 -0.689147
v -3.114732 0.120170 -0.802656
v -3.283795 0.520932 -0.802600
v -3.284445 0.571178 -0.798296
v -3.284088 0.578178 -0.781811
v -3.284204 0.577753 -0.745119
v -3.283771 0.524135 -0.722443
v -3.283099 0.311181 -0.721743
v -3.282839 0.216660 -0.689630
v -3.641891 0.594699 0.569500
v -3.621671 0.328044 0.562146
v -2.942697 0.122028 0.569597
v -3.699297 0.097319 0.569598
v -3.724197 0.536932 0.569619
v -3.641891 0.594699 0.334777
v -3.621595 0.318134 0.334719
v -2.943617 0.122051 0.334776
v -3.700366 0.097267 0.334777
v -3.724177 0.534483 0.334777
v -3.724169 0.533956 -0.604590
v -3.695705 0.097491 -0.604139
v -2.944306 0.119133 -0.604590
v -2.948164 0.212420 -0.603252
v -2.973711 0.215629 -0.603290
v -3.616437 0.234464 -0.594629
v -3.621614 0.310975 -0.599992
v -3.622296 0.540570 -0.369748
v -3.704321 0.594686 -0.369748
v -3.723695 0.150565 -0.369727
v -2.943707 0.189116 -0.369746
v -3.569300 0.217069 -0.369715
v -2.949452 0.102320 0.762568
v -2.954236 0.228905 0.674276
v -3.605045 0.254468 0.673457
v -3.719235 0.589692 0.762701
v -3.717693 0.103742 -0.796366
v -2.964984 0.520893 -0.794234
v -3.283409 0.392624 -0.803052
v -3.367931 0.521419 -0.802571
v -3.367749 0.582913 -0.743638
v -3.367868 0.582974 -0.782271
v -3.366663 0.301586 -0.721713
v -3.283415 0.398029 -0.722011
v -3.367857 0.527801 -0.722440
v -3.198149 0.120594 -0.802645
v -3.198456 0.246026 -0.803052
v -3.200612 0.511137 -0.802524
v -3.201984 0.570905 -0.745932
v -3.199929 0.311159 -0.721718
v -3.200413 0.518329 -0.722467
v -3.531741 0.216112 0.568268
v -3.451041 0.216112 0.568268
v -3.282883 0.216112 0.568268
v -3.198713 0.217058 0.655946
v -3.114748 0.216100 0.568268
v -3.034112 0.216062 0.568269
v -3.034029 0.096752 0.569619
v -2.974272 0.097163 0.569619
v -3.666941 0.096772 0.569619
v -3.724479 0.173309 0.569554
v -3.723935 0.129261 0.569522
v -3.724614 0.400199 0.569619
v -3.703519 0.594649 0.569618
v -3.621900 0.405604 0.334777
v -3.622296 0.540570 0.334777
v -3.531643 0.216114 0.334777
v -3.587336 0.216659 0.334777
v -3.034078 0.216082 0.334777
v -2.940149 0.155989 0.334771
v -2.943176 0.188517 0.334775
v -3.034028 0.096752 0.334777
v -2.974093 0.097159 0.334777
v -3.666514 0.096781 0.334777
v -3.724557 0.168199 0.334779
v -3.724093 0.123679 0.334777
v -3.724569 0.400179 0.334780
v -3.704623 0.594699 0.334777
v -3.622296 0.540570 0.099935
v -3.574526 0.217165 0.099935
v -2.943081 0.189423 0.099934
v -3.724067 0.125257 0.099936
v -3.703774 0.594661 0.099935
v -3.704597 0.594698 -0.663292
v -3.724521 0.259489 -0.662205
v -3.724217 0.539084 -0.663291
v -3.723562 0.140341 -0.658602
v -3.664836 0.096823 -0.604497
v -3.693062 0.097675 -0.659820
v -2.944301 0.118817 -0.663300
v -2.943983 0.161479 -0.713955
v -3.115359 0.216215 -0.654035
v -3.040119 0.216674 -0.690699
v -3.282883 0.216142 -0.656886
v -3.198946 0.216840 -0.686946
v -3.450735 0.216138 -0.657302
v -3.366811 0.216457 -0.693362
v -3.621900 0.405604 -0.603239
v -3.703241 0.594635 -0.604589
v -3.641891 0.594699 -0.604470
v -3.724451 0.271906 -0.604435
v -3.723646 0.141224 -0.603426
v -2.944413 0.193939 -0.604470
v -3.575887 0.217064 -0.599976
v -3.622296 0.540570 -0.603288
v -3.641891 0.594699 -0.369748
v -3.724587 0.401697 -0.369747
v -3.724134 0.529853 -0.369748
v -3.724250 0.217935 -0.369724
v -3.665486 0.096806 -0.369748
v -3.696872 0.097433 -0.369748
v -3.034028 0.096752 -0.369748
v -2.941985 0.156088 -0.369741
v -2.942613 0.120516 -0.369741
v -3.034078 0.216082 -0.369748
v -2.976216 0.215603 -0.369748
v -3.528907 0.216169 -0.369746
v -3.621900 0.405604 -0.369748
v -3.621624 0.317274 -0.369723
v -2.944510 0.194379 0.658446
v -2.944725 0.222296 0.691775
v -2.944722 0.210117 -0.735282
v -2.944844 0.206791 -0.729571
v -2.951956 0.371001 0.764361
v -2.992724 0.469708 0.766325
v -3.723807 0.536540 0.748961
v -3.720687 0.537890 0.764152
v -2.947628 0.100641 0.569616
v -3.720334 0.101362 0.569571
v -3.537146 0.100477 0.764355
v -3.452392 0.100477 0.764355
v -3.452392 0.097147 0.749448
v -3.452023 0.586986 0.746913
v -3.452183 0.582357 0.763626
v -3.720775 0.591110 0.569614
v -3.613700 0.228987 -0.017494
v -3.614372 0.229097 0.099921
v -3.620094 0.267413 -0.017494
v -3.619894 0.263623 0.099924
v -3.625626 0.591369 -0.134906
v -3.720762 0.590897 -0.017485
v -3.720790 0.591048 0.099935
v -3.720487 0.101167 -0.017485
v -3.720608 0.100967 0.099935
v -2.950707 0.211272 -0.017435
v -2.948065 0.212486 0.099901
v -2.985550 0.215549 -0.017485
v -2.975660 0.215711 0.099935
v -3.367638 0.100477 0.764355
v -3.282883 0.100477 0.764355
v -3.282883 0.097147 0.749448
v -3.283836 0.578079 0.744723
v -3.283785 0.573882 0.763384
v -3.284875 0.564719 0.694143
v -3.366462 0.226172 0.685215
v -3.282899 0.216589 0.661783
v -3.282934 0.251054 0.685569
v -3.198129 0.100477 0.764355
v -3.200779 0.568109 0.763324
v -3.199247 0.228793 0.681719
v -2.951812 0.370994 -0.799318
v -2.950574 0.473363 -0.783230
v -3.720888 0.400199 -0.799326
v -2.973565 0.097148 -0.604590
v -2.947602 0.100481 -0.604590
v -3.719186 0.102936 -0.603732
v -2.993629 0.226917 -0.717675
v -3.049038 0.228988 -0.717256
v -3.120680 0.230650 -0.716389
v -2.995577 0.249905 -0.720574
v -3.120109 0.254714 -0.719850
v -3.282883 0.097147 -0.784419
v -3.282883 0.100477 -0.799326
v -3.537171 0.587658 -0.799323
v -3.720766 0.590930 -0.604588
v -3.009907 0.531421 -0.729640
v -3.121433 0.554093 -0.727772
v -3.720775 0.590961 -0.134906
v -3.720366 0.101304 -0.134906
v -2.947677 0.100595 -0.134906
v -3.619845 0.267362 -0.134910
v -3.114726 0.097147 -0.784419
v -3.114727 0.100477 -0.799326
v -3.368106 0.576679 -0.798556
v -3.284317 0.570563 -0.727194
v -3.282894 0.257703 -0.720783
v -3.282813 0.224939 -0.717898
v -2.973696 0.100658 -0.799145
v -3.034029 0.100477 -0.799326
v -2.973588 0.097516 -0.784395
v -3.199969 0.228667 -0.716958
v -3.625626 0.591369 0.334777
v -3.620201 0.260926 0.334705
v -3.616311 0.229636 0.334719
v -2.986336 0.215491 0.334777
v -2.949779 0.210870 0.334777
v -2.947668 0.100604 0.334777
v -3.720509 0.100689 0.334777
v -3.720888 0.591369 0.334777
v -3.625626 0.591369 -0.369748
v -3.720850 0.591276 -0.369748
v -3.719652 0.102833 -0.369745
v -2.973484 0.097146 -0.369748
v -2.947178 0.100485 -0.369746
v -2.949429 0.212155 -0.369738
v -3.614396 0.234796 -0.369570
v -3.619830 0.267091 -0.369652
v -3.717623 0.104194 0.761348
v -3.621899 0.591360 0.687041
v -2.975744 0.506101 0.697028
v -2.967825 0.519302 0.741011
v -2.969460 0.515641 0.757248
v -2.949239 0.102114 -0.797690
v -2.949992 0.218837 -0.721461
v -2.950881 0.236403 -0.724245
v -3.601568 0.244705 -0.707214
v -3.719208 0.589613 -0.797649
v -2.966110 0.520709 -0.730631
v -3.537146 0.096751 0.099935
v -3.612200 0.096751 -0.017485
v -3.367638 0.096752 0.099935
v -3.451041 0.216112 -0.017485
v -3.367638 0.216112 0.099935
v -3.282883 0.216112 -0.017485
v -3.198129 0.096752 0.099935
v -3.198129 0.216112 0.099935
v -3.114727 0.216112 -0.017485
v -3.537146 0.096751 -0.134906
v -3.452392 0.096752 -0.134906
v -3.367638 0.096752 -0.134906
v -3.282883 0.096752 -0.134906
v -3.198129 0.096752 -0.134906
v -3.114726 0.096752 -0.134906
v -3.198129 0.096752 0.569619
v -3.198129 0.096752 0.681141
v -3.367638 0.096752 0.569619
v -3.367638 0.096752 0.681141
v -3.537146 0.096752 0.569619
v -3.537146 0.096752 0.681141
v -3.612200 0.096751 0.569619
v -3.367638 0.216112 0.568268
v -3.198129 0.216112 0.568268
v -3.367638 0.216112 0.334777
v -3.450223 0.216113 0.334777
v -3.282883 0.216112 0.334777
v -3.198129 0.216112 0.334777
v -3.114739 0.216105 0.334777
v -3.198129 0.096752 0.334777
v -3.367638 0.096752 0.334777
v -3.537146 0.096752 0.334777
v -3.612200 0.096751 0.334777
v -3.451041 0.216112 0.099935
v -3.282883 0.216112 0.099935
v -3.114730 0.216110 0.099935
v -3.612200 0.096751 0.099935
v -3.537146 0.096752 -0.604590
v -3.612148 0.096752 -0.663285
v -3.537146 0.096752 -0.716112
v -3.452392 0.096752 -0.663300
v -3.367638 0.096752 -0.604590
v -3.367638 0.096752 -0.716112
v -3.282883 0.096752 -0.663300
v -3.198129 0.096752 -0.604590
v -3.198129 0.096752 -0.716112
v -3.114727 0.096752 -0.663300
v -3.452392 0.096752 -0.604590
v -3.282883 0.096752 -0.604590
v -3.114727 0.096752 -0.604590
v -3.537146 0.096752 -0.369748
v -3.612200 0.096751 -0.369748
v -3.367638 0.096752 -0.369748
v -3.198129 0.096752 -0.369748
v -3.282883 0.216112 -0.369748
v -3.198129 0.216112 -0.369748
v -3.114739 0.216105 -0.369748
v -3.451041 0.216112 -0.369748
v -3.367638 0.216112 -0.369748
v -3.114726 0.097147 0.749448
v -3.034047 0.120156 0.767685
v -3.114727 0.100477 0.764355
v -2.948075 0.100945 0.747685
v -2.947847 0.100742 0.679869
v -2.974904 0.097568 0.748884
v -2.974910 0.097178 0.680709
v -2.947767 0.162578 0.764317
v -2.974761 0.241690 0.767685
v -2.944844 0.124392 0.746876
v -2.944434 0.166324 0.746956
v -3.720888 0.248565 0.764355
v -3.720237 0.171989 0.763871
v -3.699289 0.170128 0.767451
v -3.724218 0.248565 0.749448
v -3.723890 0.172991 0.745547
v -3.719373 0.102794 0.742319
v -3.723803 0.132172 0.675928
v -3.719900 0.102192 0.676282
v -3.696602 0.101589 0.763249
v -3.665201 0.100722 0.764099
v -3.664575 0.124195 0.767490
v -3.696280 0.098086 0.744002
v -3.665318 0.097300 0.747536
v -2.993399 0.215389 0.565390
v -2.943636 0.191669 0.569353
v -2.949755 0.211480 0.568176
v -2.989223 0.237020 0.684924
v -3.041667 0.224057 0.681442
v -3.116756 0.242237 0.684645
v -3.035432 0.266407 0.686635
v -2.994372 0.216875 0.649785
v -3.040025 0.216924 0.655728
v -2.948933 0.260442 0.690232
v -2.951908 0.374565 0.690776
v -2.946836 0.371428 0.704361
v -2.975041 0.263595 0.687040
v -2.977998 0.378580 0.687437
v -3.618105 0.281550 0.639751
v -3.620665 0.274377 0.559618
v -3.589445 0.216615 0.567809
v -3.617723 0.231168 0.561938
v -3.609486 0.337778 0.677338
v -3.613266 0.416752 0.680256
v -3.574183 0.402743 0.686267
v -3.619798 0.334131 0.643903
v -3.620705 0.414666 0.653538
v -3.520196 0.227559 0.684192
v -3.451041 0.216508 0.663859
v -3.561637 0.268181 0.684459
v -3.514273 0.318189 0.686785
v -3.444738 0.253142 0.686244
v -3.625230 0.591371 0.667120
v -3.622296 0.540571 0.568317
v -3.625626 0.591369 0.568734
v -3.591016 0.589333 0.690474
v -3.530866 0.533353 0.687458
v -3.532065 0.590456 0.707390
v -3.449125 0.579513 0.692315
v -3.720617 0.591024 0.748535
v -3.702063 0.594646 0.679700
v -3.720739 0.590943 0.679934
v -3.611441 0.593773 0.749922
v -3.667945 0.539219 0.767685
v -3.612261 0.590442 0.764355
v -2.970528 0.515221 0.712804
v -2.968491 0.518294 0.726778
v -2.949840 0.451004 0.727861
v -3.013702 0.542677 0.709916
v -3.011302 0.544197 0.725046
v -3.019793 0.522553 0.693608
v -3.058854 0.553160 0.709030
v -3.055802 0.457248 0.687591
v -3.130305 0.547647 0.693068
v -3.006104 0.533673 0.760536
v -3.049289 0.546412 0.762324
v -3.041458 0.497874 0.767055
v -3.010912 0.543373 0.741118
v -3.053777 0.552860 0.742848
v -3.625626 0.591369 -0.017485
v -3.622296 0.540570 -0.017485
v -3.625626 0.591369 0.099935
v -2.947807 0.163155 -0.799262
v -2.945574 0.242092 -0.784882
v -2.973618 0.120166 -0.802288
v -2.973691 0.161741 -0.802655
v -2.973566 0.097148 -0.716112
v -2.944663 0.131024 -0.750849
v -2.947626 0.100511 -0.715895
v -3.722957 0.136183 -0.775614
v -3.695801 0.178896 -0.802134
v -3.718802 0.135081 -0.797281
v -3.718936 0.102784 -0.776755
v -3.723431 0.138020 -0.747991
v -3.695035 0.097668 -0.751282
v -3.718315 0.103984 -0.707991
v -3.452392 0.097147 -0.784419
v -3.537051 0.120440 -0.802649
v -3.452392 0.100477 -0.799326
v -2.948947 0.212770 -0.696506
v -2.948808 0.212625 -0.656113
v -2.944479 0.192528 -0.661903
v -2.980866 0.216144 -0.694472
v -2.973725 0.215620 -0.658099
v -2.989135 0.476655 -0.723154
v -2.948204 0.371721 -0.741710
v -2.956442 0.467954 -0.726547
v -3.609723 0.234576 -0.676481
v -3.615496 0.231170 -0.642582
v -3.578755 0.217216 -0.651298
v -3.617055 0.258616 -0.679680
v -3.621556 0.304401 -0.651042
v -3.620256 0.265407 -0.595843
v -3.564384 0.256366 -0.717460
v -3.444672 0.246274 -0.720026
v -3.524359 0.291593 -0.721626
v -3.511750 0.217926 -0.682808
v -3.443255 0.226081 -0.716977
v -3.617039 0.285644 -0.717557
v -3.621505 0.405595 -0.698830
v -3.590187 0.406344 -0.721632
v -3.618570 0.540445 -0.718681
v -3.625230 0.591371 -0.702090
v -3.622296 0.540571 -0.658094
v -3.641891 0.594699 -0.662823
v -3.625626 0.591369 -0.603704
v -3.595469 0.590319 -0.725341
v -3.532982 0.590597 -0.741736
v -3.531940 0.537134 -0.722407
v -3.451127 0.582254 -0.726379
v -3.720604 0.590940 -0.783270
v -3.699291 0.594652 -0.754320
v -3.724099 0.530428 -0.755728
v -3.720853 0.591297 -0.715759
v -3.702638 0.591152 -0.799104
v -3.667892 0.591369 -0.799326
v -3.667946 0.539219 -0.802656
v -3.701550 0.594274 -0.783151
v -3.664793 0.594703 -0.782259
v -3.006692 0.542789 -0.779208
v -2.962257 0.524383 -0.778237
v -3.667867 0.248565 0.768081
v -3.612200 0.161836 0.768081
v -3.609139 0.594172 0.724052
v -3.625068 0.594079 0.691592
v -3.640491 0.594709 0.673898
v -3.724614 0.248565 0.681141
v -3.666193 0.096794 0.680180
v -3.126513 0.563434 0.724999
v -3.034957 0.243246 0.768081
v -3.114741 0.161818 0.768081
v -3.114727 0.096752 0.681141
v -3.612288 0.399735 0.768081
v -3.703287 0.400199 0.767685
v -3.724614 0.400199 0.681141
v -3.117115 0.391350 0.687040
v -2.947012 0.370946 0.750843
v -2.942607 0.245030 0.723971
v -3.117059 0.385935 0.768081
v -3.034043 0.216102 0.099935
v -3.034030 0.216110 -0.017485
v -3.621900 0.405604 0.099935
v -3.621900 0.405604 -0.017485
v -3.641891 0.594699 0.099935
v -3.703489 0.594647 -0.017485
v -3.724603 0.400229 0.099936
v -3.724578 0.401256 -0.017485
v -3.724550 0.168873 0.099939
v -3.724405 0.195954 -0.017476
v -3.724008 0.129659 -0.017484
v -3.667270 0.096764 0.099935
v -3.667047 0.096769 -0.017485
v -3.034026 0.096752 0.099935
v -2.939714 0.156677 0.099934
v -2.940955 0.156117 -0.017491
v -2.943319 0.184971 -0.017486
v -3.537146 0.097147 0.749448
v -3.537161 0.248101 0.768081
v -3.537146 0.120174 0.767685
v -3.452392 0.161836 0.768081
v -3.537239 0.535973 0.767685
v -3.452446 0.396502 0.768081
v -3.451727 0.587145 0.727334
v -3.450358 0.403603 0.687060
v -3.569335 0.217381 -0.017485
v -3.524075 0.216266 0.099935
v -3.367638 0.097147 0.749448
v -3.367677 0.247187 0.768081
v -3.367638 0.120174 0.767685
v -3.282883 0.161836 0.768081
v -3.367890 0.529572 0.767685
v -3.283409 0.392624 0.768081
v -3.283982 0.578074 0.727343
v -3.367262 0.582120 0.711089
v -3.367424 0.495688 0.688066
v -3.283442 0.397688 0.687038
v -3.367105 0.296690 0.686554
v -3.198129 0.097147 0.749448
v -3.198455 0.246026 0.768081
v -3.198129 0.120174 0.767685
v -3.200323 0.521443 0.767685
v -3.201290 0.571655 0.744116
v -3.204731 0.569335 0.712734
v -3.201540 0.491384 0.688135
v -3.199000 0.292410 0.686391
v -3.608159 0.171237 -0.802968
v -3.664296 0.124797 -0.802445
v -3.667037 0.251163 -0.803033
v -3.640491 0.594709 -0.708869
v -3.724216 0.187233 -0.709181
v -3.724520 0.258298 -0.754797
v -3.612193 0.096752 -0.757122
v -3.662744 0.096886 -0.713218
v -3.121886 0.562478 -0.745516
v -3.057027 0.552073 -0.747288
v -3.034047 0.120156 -0.802656
v -3.114743 0.161838 -0.803052
v -3.034957 0.243246 -0.803052
v -3.034030 0.096752 -0.716112
v -3.114727 0.096752 -0.757127
v -3.034026 0.097147 -0.784419
v -3.703287 0.400199 -0.802656
v -3.612288 0.399735 -0.803052
v -3.724614 0.400199 -0.716112
v -3.724218 0.400199 -0.784419
v -3.043205 0.294823 -0.721399
v -3.040093 0.503522 -0.722421
v -3.117115 0.391350 -0.722011
v -3.117059 0.385935 -0.803052
v -3.043587 0.491895 -0.802408
v -2.977870 0.373304 -0.802654
v -3.703609 0.594653 -0.134906
v -3.641891 0.594699 -0.134906
v -3.724490 0.302683 -0.134888
v -3.723907 0.137039 -0.134896
v -3.666800 0.096775 -0.134906
v -2.974039 0.097158 -0.134906
v -2.943356 0.187605 -0.134914
v -3.621922 0.412973 -0.134906
v -3.622296 0.540570 -0.134906
v -3.452392 0.096752 -0.757127
v -3.451798 0.174967 -0.802931
v -3.537161 0.248101 -0.803052
v -3.452446 0.396502 -0.803052
v -3.537239 0.535973 -0.802656
v -3.536552 0.590898 -0.785097
v -3.451081 0.401876 -0.722011
v -3.567273 0.217424 -0.134906
v -3.282883 0.096752 -0.757127
v -3.282894 0.169428 -0.802982
v -3.367637 0.120506 -0.802647
v -3.367677 0.247187 -0.803052
v -3.537146 0.096752 -0.017485
v -3.367638 0.096752 -0.017485
v -3.367638 0.216112 -0.017485
v -3.198129 0.096752 -0.017485
v -3.198129 0.216112 -0.017485
v -3.367379 0.216112 -0.134906
v -3.198273 0.216112 -0.134906
v -3.537146 0.096752 -0.663300
v -3.367638 0.096752 -0.663300
v -3.198129 0.096752 -0.663300
v -3.198129 0.216112 -0.603239
v -3.367638 0.216112 -0.603239
v -3.034026 0.097147 0.749448
v -3.034029 0.100477 0.764355
v -2.973849 0.161898 0.767679
v -3.040929 0.236895 0.684789
v -3.527884 0.216787 0.660226
v -3.512649 0.260358 0.686271
v -3.528077 0.585267 0.691368
v -3.664796 0.594703 0.747291
v -3.667893 0.591369 0.764355
v -3.065984 0.535097 0.692648
v -2.944690 0.170776 -0.780171
v -2.974554 0.097181 -0.756745
v -2.948032 0.101200 -0.754355
v -3.723525 0.185208 -0.776163
v -3.719552 0.182523 -0.797657
v -3.718755 0.103262 -0.748743
v -3.537146 0.097147 -0.784419
v -3.537146 0.100477 -0.799326
v -2.993566 0.382306 -0.722726
v -2.954891 0.375370 -0.726441
v -3.620009 0.263805 -0.642453
v -3.514770 0.248357 -0.719223
v -3.510447 0.229270 -0.715306
v -3.618175 0.405519 -0.718285
v -3.625626 0.591369 -0.659759
v -3.531617 0.587128 -0.725927
v -3.720754 0.591011 -0.755909
v -3.666121 0.165522 0.768007
v -3.724441 0.174701 0.677691
v -3.054971 0.553791 0.724943
v -3.034086 0.161763 0.768081
v -3.034029 0.096752 0.681141
v -3.667912 0.400199 0.768081
v -3.037571 0.384741 0.687040
v -2.944027 0.370989 0.727645
v -3.037468 0.379293 0.768081
v -3.034025 0.096752 -0.017485
v -3.537146 0.161836 0.768081
v -3.537205 0.398344 0.768081
v -3.535501 0.591160 0.727139
v -3.523273 0.410286 0.687045
v -3.528507 0.216181 -0.017485
v -3.367638 0.161836 0.768081
v -3.367797 0.394686 0.768081
v -3.367641 0.582981 0.727387
v -3.367398 0.398832 0.687064
v -3.198129 0.161836 0.768081
v -3.199435 0.390043 0.768081
v -3.202607 0.571360 0.727088
v -3.199459 0.395448 0.687040
v -3.663178 0.172120 -0.802849
v -3.724048 0.187287 -0.748635
v -3.664421 0.096899 -0.754799
v -3.034086 0.161763 -0.803052
v -3.034028 0.096752 -0.757127
v -3.667912 0.400199 -0.803052
v -3.724614 0.400199 -0.757127
v -3.037571 0.384741 -0.722011
v -3.037468 0.379293 -0.803052
v -3.724512 0.404754 -0.134903
v -3.724336 0.209640 -0.134882
v -3.034026 0.096752 -0.134906
v -2.941641 0.156838 -0.134918
v -3.036362 0.216102 -0.134906
v -3.537146 0.096752 -0.757127
v -3.534658 0.171662 -0.802964
v -3.537205 0.398344 -0.803052
v -3.530595 0.404996 -0.722015
v -3.525198 0.216113 -0.134906
v -3.367638 0.096752 -0.757127
v -3.367570 0.168780 -0.802989
v -3.367797 0.394686 -0.803052
v -3.367797 0.400091 -0.722011
v -3.198129 0.096752 -0.757127
v -3.198502 0.172782 -0.802949
v -3.199435 0.390043 -0.803052
v -3.199459 0.395448 -0.722011
v -3.621900 0.405604 0.568268
v -2.939710 0.156583 0.569516
v -3.724614 0.400199 -0.663300
v -3.724221 0.189298 -0.659209
v -3.662858 0.096872 -0.661760
v -3.034030 0.096752 -0.663300
v -2.944031 0.156692 -0.662508
v -3.034121 0.216057 -0.657899
v -3.198279 0.216169 -0.656003
v -3.367638 0.216112 -0.657896
v -3.521379 0.216440 -0.652257
v -3.621900 0.405604 -0.657896
v -3.724614 0.400199 -0.604590
v -3.724199 0.196738 -0.603392
v -3.034029 0.096752 -0.604590
v -2.943853 0.156388 -0.604581
v -3.034112 0.216062 -0.603240
v -3.517817 0.216420 -0.600641
v -2.943056 0.162997 0.672282
v -2.977873 0.373306 0.767684
v -3.724218 0.400199 0.749448
v -3.720888 0.400199 0.764355
v -3.535895 0.590788 0.749182
v -3.536256 0.587403 0.764196
v -3.367709 0.583008 0.745873
v -3.367812 0.578489 0.763528
v -3.366737 0.573146 0.693161
v -3.367638 0.216508 0.663860
v -3.366693 0.244682 0.687769
v -3.205488 0.555422 0.695111
v -3.199435 0.252072 0.684934
v -2.946838 0.370948 -0.785758
v -3.664825 0.097330 -0.782176
v -3.665082 0.100798 -0.799080
v -2.973566 0.097148 -0.663300
v -2.947603 0.100481 -0.663300
v -3.718391 0.103867 -0.658667
v -3.047040 0.249604 -0.720046
v -3.367638 0.097147 -0.784419
v -3.367638 0.100477 -0.799326
v -3.720885 0.591366 -0.663283
v -3.053985 0.543592 -0.728159
v -3.053926 0.552829 -0.780480
v -3.054040 0.544901 -0.797419
v -3.198129 0.097147 -0.784419
v -3.198129 0.100477 -0.799326
v -3.367785 0.577013 -0.726495
v -3.365353 0.253202 -0.720949
v -3.365698 0.224735 -0.718699
v -3.201758 0.571822 -0.780734
v -3.202456 0.563957 -0.797806
v -3.202055 0.561857 -0.727980
v -3.200405 0.259095 -0.720332
v -2.951923 0.239382 0.682881
v -3.606885 0.285424 0.675358
v -3.607943 0.259465 -0.711568
v -3.621899 0.591360 -0.722011
v -2.933193 0.234611 -0.140390
v -3.024950 0.324882 -0.125521
v -3.449778 0.336091 -0.138344
v -3.558358 0.314199 -0.135117
v -3.438737 0.322058 -0.717038
v -3.429085 0.240794 -0.023852
v -3.449048 0.219698 -0.137795
v -3.442101 0.232712 -0.658823
v -3.430003 0.316937 -0.026846
v -3.240326 0.314071 -0.026232
v -2.929004 0.309853 -0.134620
v -2.928692 0.291304 -0.365876
v -3.244147 0.324269 -0.718117
v -3.533010 0.307312 -0.039952
v -3.532375 0.241201 -0.042147
v -3.428565 0.305747 -0.021186
v -3.441667 0.342361 -0.366028
v -3.549193 0.331462 -0.649119
v -3.554836 0.318377 -0.363940
v -3.535916 0.319816 -0.691452
v -3.536451 0.251029 -0.693675
v -3.553822 0.320294 -0.651623
v -3.552358 0.232076 -0.136841
v -3.552742 0.245959 -0.365222
v -3.447372 0.222251 -0.366753
v -3.240329 0.243454 -0.025971
v -3.240643 0.219184 -0.138024
v -3.031518 0.208047 -0.367109
v -2.940538 0.227472 -0.639194
v -2.930285 0.228724 -0.365431
v -2.952974 0.237567 -0.041363
v -2.926925 0.299070 -0.135710
v -2.947553 0.299809 -0.037080
v -3.245055 0.231462 -0.664990
v -3.443739 0.240739 -0.711230
v -3.245825 0.252162 -0.714650
v -2.951768 0.240962 -0.680281
v -3.037572 0.310431 -0.717783
v -2.947067 0.302903 -0.685982
v -3.239932 0.335490 -0.138718
v -2.932721 0.219418 -0.365523
v -3.245851 0.240768 -0.711907
v -3.240321 0.325267 -0.028923
v -3.552410 0.329663 -0.363586
v -3.236651 0.322384 -0.368334
v -3.236660 0.210964 -0.369899
v -3.532043 0.318054 -0.042239
v -3.533092 0.330572 -0.688383
v -3.492247 0.305218 -0.025061
v -3.552234 0.310572 -0.072023
v -3.554679 0.243068 -0.136551
v -3.550232 0.241994 -0.073904
v -3.492468 0.240616 -0.027563
v -3.556359 0.325274 -0.135361
v -3.555556 0.328162 -0.242613
v -3.557586 0.316996 -0.242483
v -3.510691 0.335032 -0.137390
v -3.450051 0.339637 -0.246914
v -3.507931 0.343380 -0.365467
v -3.429827 0.345854 -0.476455
v -3.553317 0.331162 -0.480252
v -3.557745 0.319667 -0.481652
v -3.499711 0.320232 -0.709767
v -3.443135 0.252043 -0.714864
v -3.502748 0.251274 -0.710039
v -3.550916 0.251188 -0.655339
v -3.508539 0.221386 -0.137559
v -3.506931 0.225032 -0.365861
v -3.449840 0.220376 -0.243747
v -3.555140 0.244622 -0.242131
v -3.550305 0.234741 -0.365409
v -3.553686 0.248266 -0.485016
v -3.501282 0.232017 -0.656240
v -3.443211 0.226235 -0.486956
v -3.123895 0.314726 -0.366646
v -3.238078 0.326984 -0.243400
v -3.239239 0.335909 -0.490122
v -3.348872 0.334506 -0.368056
v -3.350583 0.216563 -0.368665
v -3.238455 0.213732 -0.244025
v -3.238912 0.217695 -0.494582
v -3.124582 0.208286 -0.368829
v -2.939787 0.226065 -0.076215
v -3.043471 0.228833 -0.024776
v -2.955506 0.227582 -0.044355
v -2.954873 0.231157 -0.677636
v -3.044236 0.233773 -0.705751
v -2.948383 0.310318 -0.038629
v -3.037043 0.316305 -0.017987
v -2.931628 0.309737 -0.069799
v -2.933755 0.309451 -0.646641
v -3.036228 0.321142 -0.715555
v -2.948110 0.313305 -0.685901
v -3.492636 0.316149 -0.029555
v -3.550465 0.321423 -0.072973
v -3.498083 0.331210 -0.705415
v -3.531951 0.230727 -0.044098
v -3.493349 0.230039 -0.031820
v -3.548677 0.231312 -0.074712
v -3.547590 0.239972 -0.655300
v -3.502679 0.240172 -0.707561
v -3.535100 0.239997 -0.692685
v -3.241066 0.222216 -0.074192
v -3.129936 0.217220 -0.137346
v -3.137146 0.242208 -0.024251
v -3.240430 0.232432 -0.028412
v -3.340524 0.242248 -0.025022
v -3.430771 0.230001 -0.029510
v -3.442790 0.220293 -0.075435
v -3.352668 0.219384 -0.138488
v -2.936555 0.224521 -0.140598
v -2.935689 0.223438 -0.248603
v -2.933185 0.232810 -0.249416
v -3.034625 0.215000 -0.135226
v -3.034090 0.211925 -0.244451
v -3.032818 0.209532 -0.485356
v -2.936743 0.213666 -0.472416
v -2.932798 0.223455 -0.471322
v -3.043113 0.239513 -0.020035
v -2.936274 0.236026 -0.074522
v -2.929789 0.299051 -0.069663
v -3.038471 0.305396 -0.014664
v -3.138570 0.237707 -0.710004
v -3.138887 0.248957 -0.714018
v -3.041303 0.220778 -0.654785
v -3.136236 0.226241 -0.661625
v -3.350794 0.233198 -0.663664
v -3.351895 0.241489 -0.713552
v -3.351238 0.252912 -0.716851
v -2.936098 0.237184 -0.640246
v -3.043642 0.244468 -0.710836
v -2.931211 0.298864 -0.645483
v -3.135223 0.322559 -0.025270
v -3.136155 0.311457 -0.022446
v -3.027187 0.326215 -0.060613
v -3.126922 0.331084 -0.133692
v -3.240545 0.336549 -0.075120
v -3.351967 0.336455 -0.139321
v -3.441941 0.331277 -0.075112
v -3.340923 0.321508 -0.027881
v -3.339958 0.310266 -0.023628
v -3.029690 0.310950 -0.365789
v -2.930696 0.293403 -0.250670
v -2.930788 0.301731 -0.365951
v -2.930411 0.290124 -0.471170
v -3.032335 0.328130 -0.667388
v -3.243244 0.350745 -0.669738
v -3.136588 0.319053 -0.719627
v -3.243758 0.335467 -0.716016
v -3.347736 0.324649 -0.719365
v -3.437722 0.333449 -0.712007
v -3.432727 0.350316 -0.652070
v -3.132566 0.220515 -0.073123
v -3.136744 0.231242 -0.027436
v -3.341706 0.231304 -0.029215
v -3.349185 0.221272 -0.075318
v -3.128729 0.332906 -0.069040
v -3.348761 0.334613 -0.074804
v -3.032236 0.317179 -0.243811
v -2.932987 0.303902 -0.250149
v -2.933403 0.301630 -0.472393
v -3.028050 0.313483 -0.483915
v -3.133502 0.341158 -0.671580
v -3.135650 0.330050 -0.717631
v -3.347303 0.336047 -0.715610
v -3.346519 0.353623 -0.663317
v -3.510787 0.339491 -0.245503
v -3.499926 0.346490 -0.479265
v -3.509655 0.222986 -0.242905
v -3.552774 0.233458 -0.242070
v -3.549833 0.236871 -0.485495
v -3.503268 0.227864 -0.485766
v -3.126637 0.321611 -0.242181
v -3.127331 0.324940 -0.491188
v -3.343067 0.342832 -0.482372
v -3.351073 0.334013 -0.246175
v -3.352372 0.216904 -0.244243
v -3.349046 0.222340 -0.491216
v -3.127656 0.213240 -0.491775
v -3.126616 0.211527 -0.243603
v -3.036781 0.217782 -0.070048
v -3.502791 0.329968 -0.075141
v -3.497681 0.346668 -0.650183
v -3.502991 0.221233 -0.075684
v -3.593587 0.387706 -0.131535
v -3.561216 0.331961 -0.136184
v -3.564800 0.388940 -0.718199
v -3.477045 0.389068 -0.035305
v -3.447514 0.390089 -0.147065
v -3.452945 0.404061 -0.657445
v -3.524850 0.667662 -0.153956
v -3.499477 0.501171 -0.030105
v -3.451808 0.353662 -0.660967
v -3.457012 0.407347 -0.687904
v -3.490085 0.512728 -0.715931
v -3.522396 0.664088 -0.064661
v -3.559345 0.675598 -0.148686
v -3.589758 0.675369 -0.053642
v -3.501605 0.676142 -0.636756
v -3.521573 0.680130 -0.683812
v -3.603163 0.684498 -0.672461
v -3.615748 0.670601 -0.142812
v -3.599628 0.677337 -0.325868
v -3.628077 0.688414 -0.630246
v -3.585068 0.391525 -0.036369
v -3.576202 0.514026 -0.019160
v -3.611607 0.512585 -0.135009
v -3.584016 0.340142 -0.135694
v -3.595884 0.387956 -0.365388
v -3.471986 0.345171 -0.052050
v -3.519963 0.390293 -0.028426
v -3.588629 0.387933 -0.701794
v -3.611015 0.519680 -0.667982
v -3.561630 0.339870 -0.705191
v -3.469071 0.504985 -0.170975
v -3.601646 0.514410 -0.038454
v -3.604716 0.519541 -0.703020
v -3.475593 0.500352 -0.064393
v -3.580729 0.351286 -0.051372
v -3.581595 0.345298 -0.695437
v -3.455072 0.361456 -0.685205
v -3.503093 0.651902 -0.081738
v -3.500984 0.672029 -0.670233
v -3.608510 0.669086 -0.064715
v -3.622674 0.681657 -0.659863
v -3.517875 0.617922 -0.038669
v -3.553515 0.624318 -0.026267
v -3.523687 0.671582 -0.098715
v -3.558409 0.678205 -0.093505
v -3.556225 0.669882 -0.057040
v -3.590162 0.627731 -0.028522
v -3.499393 0.645756 -0.165887
v -3.502035 0.640177 -0.247403
v -3.529430 0.662041 -0.237795
v -3.488341 0.602897 -0.172425
v -3.496127 0.600054 -0.349325
v -3.506462 0.639539 -0.344477
v -3.533859 0.660716 -0.336411
v -3.567883 0.689202 -0.630741
v -3.525540 0.687218 -0.636027
v -3.515115 0.635012 -0.713516
v -3.559486 0.638652 -0.713777
v -3.563913 0.680935 -0.678259
v -3.607667 0.694106 -0.628705
v -3.620629 0.622366 -0.139434
v -3.617925 0.664502 -0.224037
v -3.629318 0.620526 -0.324781
v -3.594164 0.681608 -0.144853
v -3.595110 0.676472 -0.227676
v -3.622993 0.666531 -0.325171
v -3.629085 0.643385 -0.634084
v -3.515881 0.333252 -0.241457
v -3.517537 0.333437 -0.369325
v -3.473374 0.505516 -0.259861
v -3.476674 0.506858 -0.358447
v -3.561556 0.670948 -0.228759
v -3.565991 0.670533 -0.329857
v -3.614211 0.511266 -0.233313
v -3.618926 0.515095 -0.353960
v -3.533051 0.515116 -0.722321
v -3.526504 0.457226 -0.721490
v -3.542710 0.575920 -0.722327
v -3.536539 0.506879 -0.018964
v -3.542896 0.565474 -0.019467
v -3.528691 0.450338 -0.021790
v -3.582793 0.343438 -0.074408
v -3.560433 0.346458 -0.043454
v -3.583420 0.339197 -0.670681
v -3.452539 0.351135 -0.063619
v -3.448969 0.344020 -0.086486
v -3.496743 0.610313 -0.070081
v -3.501004 0.655062 -0.104503
v -3.489229 0.631825 -0.681305
v -3.609538 0.626631 -0.052041
v -3.612858 0.673910 -0.088776
v -3.622910 0.641036 -0.671755
v -3.591285 0.389200 -0.068032
v -3.594341 0.455954 -0.036165
v -3.608095 0.513393 -0.072980
v -3.603422 0.453722 -0.132788
v -3.563756 0.393174 -0.025871
v -3.571082 0.456295 -0.020976
v -3.582073 0.571815 -0.019931
v -3.607876 0.572112 -0.047901
v -3.618202 0.569429 -0.142066
v -3.561841 0.330245 -0.369873
v -3.594864 0.387326 -0.237704
v -3.584773 0.338437 -0.369910
v -3.561190 0.331503 -0.671506
v -3.516141 0.345459 -0.047461
v -3.560319 0.335402 -0.074995
v -3.515151 0.332062 -0.139971
v -3.515029 0.334129 -0.080067
v -3.469152 0.333544 -0.144082
v -3.469940 0.334436 -0.084277
v -3.596792 0.456071 -0.703581
v -3.578989 0.518094 -0.720376
v -3.592555 0.387747 -0.668076
v -3.601983 0.455972 -0.669608
v -3.620073 0.584453 -0.663040
v -3.611792 0.583893 -0.700007
v -3.515657 0.333811 -0.671205
v -3.519022 0.393623 -0.719435
v -3.516246 0.342959 -0.705414
v -3.477260 0.404486 -0.712884
v -3.473514 0.350504 -0.699011
v -3.472119 0.339611 -0.664489
v -3.454962 0.387160 -0.054638
v -3.464545 0.445149 -0.058593
v -3.488265 0.446296 -0.031165
v -3.449031 0.385180 -0.086585
v -3.457006 0.451731 -0.158912
v -3.469346 0.503884 -0.099072
v -3.480063 0.555399 -0.177268
v -3.486503 0.557865 -0.072410
v -3.507571 0.560357 -0.034133
v -3.447843 0.343998 -0.145558
v -3.450847 0.401980 -0.252916
v -3.470269 0.337744 -0.241519
v -3.453933 0.364638 -0.365286
v -3.474081 0.339042 -0.367844
v -3.458313 0.408246 -0.362424
v -3.466908 0.514649 -0.661470
v -3.483957 0.461824 -0.714922
v -3.469805 0.513056 -0.691006
v -3.500033 0.571789 -0.717609
v -3.600466 0.454463 -0.069318
v -3.614167 0.571115 -0.082907
v -3.561637 0.330644 -0.241521
v -3.584616 0.338749 -0.241589
v -3.572572 0.455986 -0.719740
v -3.586651 0.581112 -0.719334
v -3.458119 0.446605 -0.091769
v -3.480745 0.558746 -0.107501
v -3.448870 0.353832 -0.248111
v -3.459586 0.462338 -0.660374
v -3.463385 0.463334 -0.689322
v -3.479725 0.571792 -0.694504
v -3.477066 0.573772 -0.660672
v -3.492419 0.599713 -0.254516
v -3.623729 0.617433 -0.221130
v -3.461739 0.454411 -0.255778
v -3.466963 0.456987 -0.360264
v -3.486400 0.555260 -0.354903
v -3.484203 0.554232 -0.259251
v -3.621081 0.566441 -0.232181
v -3.626892 0.570506 -0.345317
v -3.608508 0.456362 -0.361898
v -3.605599 0.453956 -0.236507
v -3.490846 0.608414 -0.101603
v -3.489208 0.631110 -0.638604
v -3.592530 0.683871 -0.088787
v -3.616290 0.625476 -0.084746
v -3.605052 0.642082 -0.705216
v -3.596190 0.392514 -0.487605
v -3.608057 0.459014 -0.485139
v -3.618518 0.516404 -0.480842
v -3.628755 0.577134 -0.476871
v -3.634968 0.634971 -0.457805
v -3.627361 0.682872 -0.460611
v -3.606163 0.687788 -0.458819
v -3.569129 0.679407 -0.452772
v -3.535241 0.669136 -0.446432
v -3.508353 0.646931 -0.446563
v -3.497314 0.606079 -0.449939
v -3.484941 0.559851 -0.455611
v -3.473921 0.510560 -0.460625
v -3.463537 0.460066 -0.464434
v -3.455173 0.410949 -0.469798
v -3.450974 0.364497 -0.480615
v -3.473907 0.337254 -0.501095
v -3.518138 0.332405 -0.505225
v -3.563044 0.330233 -0.503684
v -3.587272 0.348025 -0.496974
v -3.452487 0.408869 -0.571271
v -3.459795 0.461874 -0.566570
v -3.469026 0.515088 -0.565495
v -3.480300 0.567496 -0.558351
v -3.491927 0.618363 -0.548343
v -3.503915 0.666354 -0.547280
v -3.529715 0.686643 -0.546948
v -3.568361 0.690440 -0.546869
v -3.608588 0.696250 -0.549818
v -3.631327 0.689602 -0.551807
v -3.633659 0.641798 -0.554840
v -3.625811 0.584352 -0.581823
v -3.615747 0.521907 -0.587627
v -3.605625 0.459474 -0.590722
v -3.594924 0.391258 -0.590351
v -3.585212 0.342255 -0.593420
v -3.562787 0.330630 -0.594057
v -3.517042 0.332643 -0.593689
v -3.472615 0.337543 -0.588201
v -3.450402 0.358255 -0.581715
v -3.038938 0.213947 0.562963
v -2.938496 0.229365 0.558959
v -3.043998 0.243419 -0.003882
v -3.055005 0.305973 0.673620
v -3.040035 0.324617 0.563513
v -3.029077 0.321584 0.047331
v -3.439204 0.334261 0.555653
v -3.550177 0.312589 0.561396
v -3.432745 0.316740 -0.009873
v -3.425026 0.239143 0.674645
v -3.446055 0.218129 0.561128
v -3.438129 0.227756 0.048802
v -3.423733 0.322802 0.654404
v -2.929277 0.286203 0.337805
v -2.952883 0.317033 0.061493
v -3.029476 0.307666 0.336699
v -3.028283 0.318779 0.011489
v -3.233028 0.308800 -0.016708
v -3.428129 0.333943 0.012530
v -3.551298 0.241634 0.562642
v -3.528120 0.239369 0.657003
v -3.534175 0.330245 0.559717
v -3.443955 0.340531 0.334264
v -3.519033 0.335087 0.063671
v -3.440781 0.247434 -0.008297
v -3.532205 0.247552 0.013137
v -3.549740 0.230665 0.562836
v -3.551372 0.244878 0.336367
v -3.446839 0.221081 0.334956
v -3.051105 0.227838 0.671293
v -3.240298 0.242566 0.675811
v -3.240643 0.218060 0.563729
v -3.031501 0.206777 0.334751
v -2.942758 0.225414 0.064744
v -2.930514 0.226797 0.337067
v -2.966772 0.295661 0.652737
v -3.052193 0.238682 0.674859
v -3.240066 0.224420 0.041245
v -3.441126 0.236090 -0.004510
v -3.240211 0.244580 -0.009353
v -2.954077 0.237747 0.024578
v -2.951205 0.300354 0.024053
v -2.938823 0.235021 0.064257
v -3.051929 0.323892 0.656129
v -3.240380 0.334814 0.564520
v -3.240664 0.233634 -0.006221
v -3.240678 0.331842 0.660928
v -2.942983 0.302496 0.337583
v -3.230636 0.326089 0.002878
v -3.536132 0.336476 0.337308
v -3.235758 0.320297 0.333786
v -3.236658 0.209752 0.331856
v -2.974394 0.311978 0.643284
v -2.959884 0.316015 0.033164
v -3.513090 0.320990 0.645862
v -3.509464 0.333171 0.032603
v -3.542984 0.308305 0.625416
v -3.546113 0.240267 0.625115
v -3.487684 0.238677 0.671105
v -3.537394 0.334194 0.456477
v -3.551338 0.317663 0.337304
v -3.499514 0.333081 0.557039
v -3.444834 0.338708 0.453141
v -3.503801 0.341224 0.335862
v -3.433383 0.338182 0.220459
v -3.530435 0.336594 0.225668
v -3.540017 0.316943 0.060079
v -3.490111 0.317515 -0.001906
v -3.499645 0.247677 -0.003956
v -3.545233 0.247603 0.052555
v -3.505554 0.219813 0.561653
v -3.506052 0.223826 0.335800
v -3.448598 0.219021 0.457610
v -3.552422 0.243227 0.458759
v -3.549282 0.233606 0.336228
v -3.549842 0.246309 0.218773
v -3.496862 0.228038 0.050915
v -3.441030 0.224132 0.216361
v -3.123296 0.312488 0.335174
v -3.238342 0.326349 0.459225
v -3.233619 0.326430 0.209810
v -3.348626 0.331600 0.333527
v -3.350559 0.215410 0.333087
v -3.238455 0.212551 0.457728
v -3.237417 0.214821 0.208411
v -3.124582 0.207049 0.332923
v -2.948671 0.221772 0.621604
v -2.965384 0.224261 0.652625
v -2.956744 0.228090 0.026486
v -2.962137 0.311507 0.621168
v -3.484048 0.321367 0.653125
v -3.523568 0.304858 0.657832
v -3.526819 0.325342 0.622786
v -3.523451 0.317174 0.017753
v -3.484067 0.334666 0.020528
v -3.528617 0.229018 0.655369
v -3.489457 0.228215 0.667144
v -3.545449 0.229681 0.624687
v -3.542799 0.236416 0.052014
v -3.499687 0.236457 -0.001413
v -3.531431 0.236474 0.013854
v -3.044305 0.216468 0.626281
v -3.241053 0.221122 0.627561
v -3.130687 0.216176 0.563717
v -3.139091 0.241575 0.675736
v -3.240406 0.231442 0.673340
v -3.339255 0.241172 0.675807
v -3.427306 0.228369 0.669259
v -3.438831 0.218503 0.622729
v -3.351765 0.218132 0.562328
v -2.940912 0.220499 0.559042
v -2.932991 0.227415 0.456300
v -3.033778 0.209372 0.458312
v -2.932893 0.217823 0.336750
v -3.034739 0.210066 0.214916
v -2.931048 0.228810 0.223809
v -2.964760 0.233925 0.654342
v -2.946935 0.230879 0.622325
v -3.045274 0.233163 0.000692
v -3.133565 0.233415 -0.004019
v -3.132701 0.244231 -0.007852
v -3.043528 0.220559 0.051654
v -3.132915 0.222313 0.044752
v -3.346594 0.226360 0.044122
v -3.348220 0.234836 -0.006084
v -3.347678 0.246023 -0.009469
v -2.938014 0.298585 0.064148
v -3.138936 0.329794 0.659486
v -3.240492 0.313537 0.676432
v -3.046580 0.326655 0.625472
v -3.131680 0.330862 0.564997
v -3.240890 0.335921 0.628106
v -3.348060 0.335501 0.559470
v -3.430540 0.328844 0.620754
v -3.339891 0.328305 0.657137
v -3.420288 0.303713 0.676179
v -2.953896 0.309909 0.560342
v -2.946650 0.305211 0.457853
v -3.033252 0.314659 0.459960
v -2.938601 0.289939 0.559548
v -2.932251 0.287188 0.456965
v -2.929904 0.288964 0.224044
v -2.945384 0.306127 0.221794
v -3.032014 0.314685 0.215290
v -3.122252 0.323508 0.006975
v -3.230991 0.331726 0.037897
v -3.031533 0.303128 -0.005543
v -3.124849 0.307433 -0.011732
v -3.340346 0.312678 -0.012566
v -3.336869 0.329314 0.006483
v -3.426410 0.335883 0.051299
v -3.134247 0.219630 0.627085
v -3.138264 0.230446 0.672920
v -3.340648 0.230154 0.671713
v -3.347826 0.219973 0.625096
v -2.935322 0.218589 0.456430
v -2.934501 0.219566 0.223113
v -3.140985 0.311659 0.675622
v -3.135901 0.333291 0.627492
v -3.343975 0.333481 0.623492
v -3.337221 0.309407 0.676453
v -3.122574 0.328264 0.042065
v -3.336159 0.334140 0.042228
v -3.552225 0.315856 0.457533
v -3.504775 0.338479 0.454217
v -3.494652 0.339419 0.224170
v -3.549891 0.317662 0.223851
v -3.507786 0.221533 0.458254
v -3.550616 0.232055 0.458998
v -3.546757 0.234965 0.217973
v -3.500448 0.225866 0.217695
v -3.126629 0.320023 0.460331
v -3.124231 0.319970 0.211206
v -3.341521 0.333176 0.214283
v -3.350217 0.333621 0.455820
v -3.352303 0.215743 0.457487
v -3.347694 0.219741 0.211824
v -3.127175 0.211501 0.210445
v -3.126609 0.210295 0.458172
v -2.948014 0.291750 0.621848
v -3.482310 0.302654 0.672504
v -3.490669 0.327306 0.620959
v -3.485086 0.336874 0.059483
v -3.499070 0.219385 0.622990
v -3.594050 0.402344 0.635567
v -3.568035 0.402454 -0.027034
v -3.479577 0.401679 0.681578
v -3.454137 0.413646 0.031011
v -3.501863 0.516529 0.675644
v -3.467238 0.325589 0.329502
v -3.452019 0.408263 0.337875
v -3.458989 0.417232 -0.001361
v -3.495164 0.532451 -0.028135
v -3.523020 0.656253 0.632650
v -3.559352 0.675345 0.603224
v -3.589301 0.673772 0.648976
v -3.504638 0.663421 0.075504
v -3.544398 0.652936 0.363290
v -3.523055 0.671982 0.020989
v -3.601173 0.682860 0.014162
v -3.613501 0.673632 0.613109
v -3.611109 0.679962 0.382248
v -3.625373 0.686089 0.055694
v -3.589671 0.404247 0.668495
v -3.580598 0.531017 0.689123
v -3.582703 0.341227 0.630253
v -3.596925 0.399310 0.328932
v -3.472113 0.340940 0.662414
v -3.522279 0.401272 0.685859
v -3.590123 0.401923 -0.012230
v -3.613750 0.539971 0.023721
v -3.561050 0.336581 -0.011204
v -3.471735 0.520628 0.606594
v -3.604587 0.532182 0.667311
v -3.607209 0.540001 -0.011167
v -3.478512 0.516394 0.640390
v -3.518778 0.630759 0.357280
v -3.631433 0.671398 0.379101
v -3.481682 0.516327 0.342378
v -3.624431 0.535097 0.342108
v -3.580595 0.348690 0.653924
v -3.581079 0.342570 -0.001247
v -3.453972 0.353921 0.007466
v -3.504409 0.643661 0.614698
v -3.503344 0.662165 0.038108
v -3.608510 0.668064 0.637793
v -3.620437 0.679803 0.026008
v -3.527151 0.664032 0.591668
v -3.555488 0.666165 0.644560
v -3.511345 0.635733 0.466846
v -3.535748 0.662063 0.472727
v -3.513290 0.638064 0.251601
v -3.539500 0.662781 0.256164
v -3.565511 0.686557 0.058263
v -3.527621 0.679244 0.070529
v -3.562076 0.678362 0.012163
v -3.604820 0.691792 0.055125
v -3.623876 0.675642 0.479848
v -3.593067 0.683228 0.612471
v -3.603223 0.686453 0.481513
v -3.607957 0.683734 0.257895
v -3.632655 0.677892 0.249191
v -3.512206 0.322428 0.327779
v -3.514875 0.328901 0.458020
v -3.512646 0.323323 0.200275
v -3.463966 0.465426 0.340698
v -3.473801 0.522406 0.464192
v -3.474963 0.523290 0.219237
v -3.494568 0.559220 0.347170
v -3.569480 0.676666 0.477495
v -3.573314 0.674914 0.257814
v -3.575470 0.668487 0.370554
v -3.633329 0.583086 0.356480
v -3.618892 0.535169 0.465280
v -3.620606 0.538852 0.206613
v -3.609858 0.467972 0.332444
v -3.538144 0.535088 -0.032324
v -3.530383 0.468985 -0.032999
v -3.545127 0.587727 -0.030257
v -3.539446 0.522355 0.689015
v -3.545157 0.573120 0.687756
v -3.530900 0.460623 0.689069
v -3.560160 0.342982 0.662932
v -3.582788 0.336312 0.024141
v -3.453026 0.348040 0.651583
v -3.451083 0.344397 0.619198
v -3.451397 0.348392 0.037905
v -3.505251 0.644652 0.583367
v -3.597505 0.466489 0.670063
v -3.610786 0.531314 0.632768
v -3.567055 0.404861 0.684563
v -3.574199 0.466536 0.688707
v -3.583754 0.581275 0.686596
v -3.607954 0.582228 0.661063
v -3.559446 0.322971 0.328245
v -3.597032 0.401250 0.459436
v -3.583064 0.332741 0.328120
v -3.597124 0.401125 0.198584
v -3.560392 0.327784 0.023415
v -3.515717 0.340364 0.663599
v -3.560136 0.332468 0.630903
v -3.514818 0.329972 0.630081
v -3.471161 0.330981 0.624892
v -3.598515 0.468812 -0.013625
v -3.583522 0.538312 -0.028397
v -3.594479 0.401514 0.022115
v -3.603982 0.468595 0.020994
v -3.621061 0.595774 0.030276
v -3.613917 0.595662 -0.005226
v -3.514451 0.327827 0.023373
v -3.522904 0.405806 -0.030369
v -3.515428 0.337693 -0.012184
v -3.481462 0.415477 -0.025234
v -3.472417 0.343439 -0.006349
v -3.471169 0.332691 0.032176
v -3.457732 0.403204 0.657200
v -3.467302 0.457399 0.650349
v -3.490331 0.457275 0.679954
v -3.454072 0.406384 0.615231
v -3.461922 0.460771 0.613306
v -3.480430 0.566652 0.601601
v -3.486842 0.563659 0.635884
v -3.509495 0.566016 0.673427
v -3.453143 0.409021 0.467059
v -3.471338 0.332946 0.453951
v -3.447289 0.343719 0.332257
v -3.468915 0.326221 0.210284
v -3.451534 0.410599 0.216906
v -3.470809 0.534170 0.027527
v -3.488248 0.473014 -0.027951
v -3.473585 0.532710 -0.002890
v -3.502664 0.583135 -0.025550
v -3.602698 0.465144 0.636236
v -3.615168 0.581456 0.625730
v -3.560905 0.327676 0.458733
v -3.584050 0.336484 0.458151
v -3.583590 0.334987 0.198347
v -3.560050 0.325231 0.198435
v -3.575742 0.468397 -0.029205
v -3.589351 0.593159 -0.026682
v -3.450952 0.351716 0.452298
v -3.448420 0.345428 0.215078
v -3.461942 0.472633 0.027038
v -3.466089 0.474046 -0.002775
v -3.481673 0.582693 0.002343
v -3.479623 0.584267 0.037833
v -3.461635 0.465834 0.468493
v -3.461333 0.469014 0.217028
v -3.489819 0.565973 0.227754
v -3.485502 0.566728 0.466203
v -3.625646 0.585176 0.470229
v -3.630036 0.590034 0.219445
v -3.608495 0.468987 0.200520
v -3.607815 0.467079 0.461734
v -3.596503 0.402567 0.090468
v -3.607160 0.469992 0.090773
v -3.617783 0.540695 0.095077
v -3.625285 0.594440 0.104620
v -3.628983 0.684427 0.134185
v -3.605216 0.692297 0.142084
v -3.568536 0.684734 0.149683
v -3.532393 0.675757 0.156728
v -3.505713 0.650467 0.153369
v -3.479908 0.579792 0.110926
v -3.470872 0.534853 0.098266
v -3.460882 0.474058 0.095191
v -3.452717 0.415783 0.101131
v -3.450579 0.348808 0.106629
v -3.469662 0.331167 0.101332
v -3.513135 0.327179 0.091950
v -3.559757 0.327056 0.091081
v -3.583689 0.336845 0.091434
v -3.586345 0.618445 0.680266
v -3.547928 0.611843 0.682362
v -3.512516 0.603876 0.667248
v -3.492386 0.597551 0.630210
v -3.488243 0.598000 0.594229
v -3.494913 0.598240 0.464521
v -3.503762 0.596243 0.352222
v -3.501927 0.601952 0.240412
v -3.490216 0.609999 0.130441
v -3.488199 0.616058 0.053953
v -3.489434 0.616289 0.014464
v -3.508479 0.620534 -0.018298
v -3.551230 0.625479 -0.025224
v -3.595198 0.630602 -0.021428
v -3.618316 0.632267 0.003344
v -3.625321 0.633037 0.039022
v -3.629534 0.630848 0.115050
v -3.634971 0.625371 0.231681
v -3.636376 0.618121 0.366295
v -3.628350 0.620804 0.474269
v -3.616538 0.617794 0.620131
v -3.609017 0.618400 0.654467
v -3.716929 0.113086 0.727066
v -3.712210 0.113356 0.727150
v -3.717982 0.104542 0.692149
v -3.712863 0.104794 0.692148
v -3.715082 0.098358 0.315546
v -3.712719 0.098385 0.315544
v -3.715285 0.097481 0.281623
v -3.713292 0.097476 0.281631
v -3.715857 0.099791 0.247772
v -3.713832 0.099716 0.247798
v -3.716923 0.104999 0.213885
v -3.714424 0.104801 0.213937
v -3.717292 0.106753 0.180062
v -3.714345 0.106674 0.180112
v -3.716136 0.103933 0.144566
v -3.713125 0.103818 0.144579
v -3.716148 0.103647 0.110157
v -3.712869 0.103480 0.110156
v -3.716539 0.104999 0.042757
v -3.712674 0.105215 0.042621
v -3.719052 0.102499 0.729046
v -3.718078 0.091535 0.623481
v -3.717687 0.091360 0.589118
v -3.718129 0.091463 0.555056
v -3.717882 0.090843 0.520848
v -3.717725 0.090260 0.486627
v -3.717568 0.089706 0.452409
v -3.717138 0.089277 0.418182
v -3.717070 0.089252 0.383953
v -3.716917 0.088604 0.349734
v -3.716573 0.087790 0.315600
v -3.717823 0.091602 0.076151
v -3.717927 0.091891 0.044175
v -3.713409 0.057795 0.045113
v -3.712771 0.057233 0.110694
v -3.712931 0.057942 0.145124
v -3.712798 0.058599 0.179395
v -3.712604 0.058863 0.213494
v -3.712354 0.058556 0.247485
v -3.711934 0.057809 0.281450
v -3.711484 0.057325 0.315447
v -3.711879 0.056401 0.694006
v -3.713865 0.061416 0.732686
v -3.714880 0.041636 0.046241
v -3.718003 0.039412 0.727515
v -3.718440 0.038902 0.692319
v -3.719150 0.039036 0.657683
v -3.718829 0.040044 0.623475
v -3.718310 0.041306 0.589214
v -3.717330 0.042185 0.315278
v -3.718720 0.044434 0.213267
v -3.721287 0.041438 0.111148
v -3.721183 0.041446 0.077391
v -3.716538 0.029404 0.023396
v -3.720646 0.025960 0.023143
v -3.716468 0.028821 0.045182
v -3.720787 0.029060 0.016124
v -3.721865 0.029383 0.045654
v -3.716144 0.030971 0.750258
v -3.715433 0.027393 0.745011
v -3.716507 0.030267 0.745509
v -3.718120 0.042223 0.748259
v -3.712524 0.104878 0.020925
v -3.711339 0.122198 0.755116
v -3.710924 0.111319 0.750771
v -3.712128 0.027408 0.724374
v -3.715778 0.027021 0.723897
v -3.711995 0.026848 0.690888
v -3.718591 0.027989 0.623496
v -3.718006 0.029598 0.589229
v -3.717822 0.029353 0.554984
v -3.717761 0.029171 0.520769
v -3.717442 0.029252 0.486500
v -3.717497 0.029535 0.452268
v -3.717253 0.029734 0.417952
v -3.716963 0.030612 0.383637
v -3.716434 0.031341 0.349208
v -3.712852 0.031732 0.315187
v -3.717031 0.031721 0.315200
v -3.713624 0.032409 0.281278
v -3.713903 0.033227 0.247196
v -3.714091 0.032180 0.213122
v -3.714629 0.029923 0.179194
v -3.716299 0.028623 0.145602
v -3.717042 0.027806 0.111690
v -3.721543 0.029054 0.077241
v -3.716821 0.104591 0.021469
v -3.717364 0.092519 0.022131
v -3.716763 0.065897 0.756624
v -3.715530 0.041506 0.020899
v -3.719749 0.065300 0.753009
v -3.711969 0.040245 0.623468
v -3.711910 0.039294 0.657697
v -3.719699 0.056355 0.693741
v -3.720598 0.060895 0.732229
v -3.718988 0.056109 0.657804
v -3.718415 0.056338 0.623449
v -3.718076 0.056893 0.589182
v -3.718045 0.056977 0.554988
v -3.718016 0.056663 0.520800
v -3.717824 0.056325 0.486579
v -3.717589 0.056084 0.452353
v -3.717177 0.055991 0.418085
v -3.716882 0.056420 0.383813
v -3.716925 0.057042 0.349569
v -3.717246 0.057466 0.315452
v -3.717705 0.057994 0.281440
v -3.717944 0.043169 0.281314
v -3.718088 0.058776 0.247454
v -3.718256 0.044342 0.247295
v -3.718487 0.059197 0.213443
v -3.718911 0.058994 0.179343
v -3.719521 0.043661 0.179271
v -3.719287 0.058288 0.145103
v -3.720633 0.042516 0.145309
v -3.719357 0.057538 0.110701
v -3.719558 0.057548 0.077001
v -3.720134 0.058088 0.045840
v -3.715817 0.104933 0.016501
v -3.717993 0.028604 0.015594
v -3.720749 0.025796 0.044909
v -3.720755 0.026502 0.017715
v -3.715895 0.027343 0.077102
v -3.720913 0.041220 0.015460
v -3.721704 0.029325 0.023591
v -3.717464 0.024283 0.077176
v -3.717461 0.042695 0.751575
v -3.715736 0.028508 0.748940
v -3.714178 0.027363 0.745170
v -3.713823 0.030201 0.746017
v -3.712845 0.025078 0.723622
v -3.720019 0.057819 0.012941
v -3.712804 0.092518 0.021632
v -3.716370 0.092563 0.018522
v -3.714542 0.092927 0.759759
v -3.717244 0.026012 0.690806
v -3.715845 0.022743 0.690501
v -3.718810 0.026486 0.657552
v -3.717375 0.022592 0.657513
v -3.713106 0.027446 0.657519
v -3.714931 0.024207 0.623492
v -3.713222 0.028649 0.623482
v -3.714703 0.025355 0.589228
v -3.713074 0.030071 0.589221
v -3.714541 0.025672 0.554978
v -3.712969 0.029843 0.554978
v -3.714581 0.025694 0.520767
v -3.713017 0.029684 0.520765
v -3.714294 0.025823 0.486488
v -3.712794 0.029733 0.486493
v -3.714515 0.026162 0.452262
v -3.713021 0.029971 0.452262
v -3.714418 0.026344 0.417939
v -3.712975 0.030091 0.417946
v -3.714242 0.027295 0.383630
v -3.712797 0.030862 0.383629
v -3.713686 0.028050 0.349176
v -3.712313 0.031491 0.349203
v -3.714275 0.028311 0.315174
v -3.717758 0.032568 0.281285
v -3.716681 0.028508 0.281293
v -3.717954 0.033590 0.247209
v -3.716893 0.028497 0.247180
v -3.718443 0.032985 0.213152
v -3.717278 0.027304 0.213096
v -3.719560 0.031425 0.179242
v -3.718337 0.025930 0.179220
v -3.721454 0.030049 0.145591
v -3.720476 0.026037 0.145692
v -3.722257 0.029306 0.111650
v -3.721235 0.026091 0.111749
v -3.716339 0.026932 0.094366
v -3.721828 0.028680 0.094402
v -3.717523 0.075358 0.017167
v -3.711981 0.111843 0.757372
v -3.718863 0.092341 0.753850
v -3.721501 0.042081 0.046881
v -3.721870 0.041782 0.021653
v -3.712303 0.039922 0.727862
v -3.714870 0.042371 0.748450
v -3.711354 0.039091 0.692456
v -3.718153 0.041037 0.554987
v -3.718164 0.040259 0.520782
v -3.717900 0.040049 0.486523
v -3.717854 0.040045 0.452293
v -3.717533 0.040050 0.417994
v -3.717196 0.040650 0.383689
v -3.716879 0.041633 0.349360
v -3.711757 0.042087 0.315268
v -3.712428 0.042957 0.281311
v -3.712883 0.044040 0.247298
v -3.713182 0.043815 0.213265
v -3.713626 0.042801 0.179261
v -3.714355 0.041727 0.145301
v -3.714602 0.040737 0.111137
v -3.716814 0.110878 0.750166
v -3.713496 0.075298 0.020481
v -3.713510 0.092862 0.754266
v -3.718400 0.075392 0.021089
v -3.714721 0.057811 0.017307
v -3.715669 0.065919 0.753218
v -3.720941 0.058079 0.018060
v -3.714440 0.115298 0.727926
v -3.715234 0.121154 0.748797
v -3.710372 0.121503 0.749128
v -3.715410 0.106649 0.692162
v -3.714649 0.106553 0.657792
v -3.714481 0.106494 0.623526
v -3.716741 0.104620 0.657793
v -3.712639 0.104794 0.657790
v -3.714362 0.106587 0.589263
v -3.716454 0.104631 0.623524
v -3.712576 0.104730 0.623523
v -3.714478 0.106537 0.555078
v -3.716328 0.104705 0.589252
v -3.712401 0.104771 0.589249
v -3.714204 0.105634 0.520846
v -3.716460 0.104671 0.555078
v -3.712584 0.104775 0.555078
v -3.714295 0.103693 0.486625
v -3.716030 0.103785 0.520846
v -3.712358 0.103927 0.520843
v -3.714421 0.102532 0.452404
v -3.715835 0.101941 0.486624
v -3.712711 0.101971 0.486622
v -3.714211 0.101620 0.418179
v -3.715875 0.100944 0.452405
v -3.713024 0.100927 0.452405
v -3.714246 0.101478 0.383954
v -3.715545 0.100088 0.418179
v -3.712783 0.099975 0.418179
v -3.714476 0.101325 0.349730
v -3.715591 0.099953 0.383955
v -3.712852 0.099804 0.383954
v -3.713859 0.099975 0.315534
v -3.715796 0.099705 0.349730
v -3.713116 0.099703 0.349730
v -3.714273 0.098966 0.281616
v -3.714837 0.101369 0.247764
v -3.715693 0.106891 0.213819
v -3.715870 0.108616 0.179969
v -3.714545 0.105817 0.144508
v -3.714451 0.105399 0.110156
v -3.714512 0.106208 0.075974
v -3.716223 0.103830 0.093063
v -3.712842 0.103673 0.093061
v -3.714556 0.107012 0.041613
v -3.716395 0.104357 0.076001
v -3.712705 0.104424 0.075990
v -3.711376 0.091486 0.076115
v -3.711669 0.091861 0.043842
v -3.711409 0.091337 0.093107
v -3.711487 0.091184 0.110210
v -3.712005 0.091580 0.144982
v -3.712593 0.093141 0.180142
v -3.712880 0.092138 0.214130
v -3.712628 0.089227 0.247844
v -3.712197 0.087633 0.281662
v -3.711726 0.087783 0.315601
v -3.711635 0.088587 0.349732
v -3.711441 0.089181 0.383953
v -3.711393 0.089150 0.418182
v -3.711592 0.089662 0.452409
v -3.711416 0.090316 0.486625
v -3.711293 0.090986 0.520849
v -3.711203 0.091563 0.555062
v -3.710593 0.091269 0.589103
v -3.711053 0.091564 0.623474
v -3.711280 0.091511 0.657784
v -3.711562 0.090771 0.692178
v -3.711639 0.103064 0.729239
v -3.719504 0.090591 0.692147
v -3.718592 0.091401 0.657787
v -3.716684 0.087657 0.281641
v -3.717174 0.089287 0.247786
v -3.717901 0.092185 0.214020
v -3.718005 0.093102 0.179994
v -3.717545 0.091601 0.144929
v -3.717444 0.091176 0.110237
v -3.717605 0.091381 0.093130
v -3.711440 0.074454 0.076193
v -3.712028 0.074920 0.044456
v -3.711504 0.074376 0.093233
v -3.711714 0.074454 0.110458
v -3.712129 0.075001 0.145086
v -3.712384 0.075715 0.179686
v -3.712441 0.075442 0.213819
v -3.712259 0.074267 0.247703
v -3.711880 0.073365 0.281598
v -3.711494 0.073081 0.315575
v -3.711268 0.073190 0.349688
v -3.711180 0.073319 0.383914
v -3.711200 0.073266 0.418160
v -3.711251 0.073447 0.452397
v -3.711190 0.073762 0.486617
v -3.711133 0.073976 0.520828
v -3.710915 0.074101 0.554995
v -3.710523 0.073922 0.589105
v -3.710718 0.074059 0.623411
v -3.711100 0.074193 0.657768
v -3.711824 0.074023 0.693189
v -3.713457 0.086178 0.733768
v -3.712754 0.057193 0.076710
v -3.712588 0.056971 0.093413
v -3.711204 0.056944 0.349557
v -3.711170 0.056348 0.383805
v -3.711255 0.055927 0.418080
v -3.711289 0.056044 0.452347
v -3.711205 0.056301 0.486573
v -3.711256 0.056562 0.520799
v -3.711175 0.056836 0.554982
v -3.711100 0.056868 0.589173
v -3.711150 0.056313 0.623444
v -3.711338 0.056090 0.657827
v -3.719996 0.073949 0.693008
v -3.720883 0.085298 0.733246
v -3.718849 0.074220 0.657763
v -3.717883 0.074120 0.623421
v -3.717700 0.074034 0.589121
v -3.718006 0.074148 0.554996
v -3.718059 0.074000 0.520825
v -3.717966 0.073825 0.486619
v -3.717696 0.073525 0.452400
v -3.717284 0.073412 0.418162
v -3.717016 0.073444 0.383917
v -3.716987 0.073288 0.349693
v -3.717075 0.073180 0.315572
v -3.717358 0.073446 0.281575
v -3.717748 0.074357 0.247646
v -3.718147 0.075474 0.213709
v -3.718312 0.075737 0.179555
v -3.718213 0.075092 0.145032
v -3.717916 0.074555 0.110474
v -3.717913 0.074606 0.076374
v -3.718423 0.075060 0.045051
v -3.714383 0.040641 0.077134
v -3.714348 0.040180 0.093879
v -3.711383 0.041647 0.349345
v -3.711613 0.040787 0.383678
v -3.711794 0.040220 0.417988
v -3.711821 0.040276 0.452285
v -3.711642 0.040300 0.486516
v -3.711816 0.040460 0.520775
v -3.711811 0.041075 0.554978
v -3.711900 0.041451 0.589205
v -3.714471 0.105765 0.093054
v -3.717752 0.074493 0.093260
v -3.719327 0.057285 0.093464
v -3.720712 0.025597 0.094482
v -3.721251 0.040966 0.093921
v -3.718272 0.101780 -0.016324
v -3.713692 0.102036 -0.016221
v -3.717750 0.103849 -0.053704
v -3.713048 0.104202 -0.053694
v -3.716571 0.103491 -0.091541
v -3.712900 0.103775 -0.091543
v -3.716067 0.102788 -0.129339
v -3.712893 0.102985 -0.129341
v -3.715981 0.102988 -0.167100
v -3.712764 0.103113 -0.167105
v -3.716303 0.104020 -0.204783
v -3.712705 0.104184 -0.204782
v -3.716007 0.103474 -0.242512
v -3.712459 0.103637 -0.242515
v -3.715809 0.101452 -0.280236
v -3.712842 0.101518 -0.280239
v -3.715710 0.100214 -0.317960
v -3.713059 0.100227 -0.317960
v -3.716628 0.103767 -0.580913
v -3.714348 0.103581 -0.580855
v -3.716839 0.104508 -0.618471
v -3.714424 0.104399 -0.618416
v -3.716055 0.103191 -0.695221
v -3.712950 0.103084 -0.695225
v -3.716379 0.104289 -0.732882
v -3.712720 0.104360 -0.732896
v -3.717291 0.106113 -0.767232
v -3.713448 0.106315 -0.767423
v -3.712309 0.075001 -0.764975
v -3.711278 0.074273 -0.732557
v -3.711514 0.074391 -0.694995
v -3.711999 0.074793 -0.618860
v -3.712133 0.074459 -0.581158
v -3.711303 0.072917 -0.317984
v -3.711233 0.073375 -0.280255
v -3.711132 0.073730 -0.242541
v -3.710891 0.073753 -0.204890
v -3.710664 0.073602 -0.167239
v -3.710926 0.073619 -0.129441
v -3.711262 0.073516 -0.091823
v -3.711612 0.073141 -0.055366
v -3.712118 0.072836 -0.021927
v -3.714054 0.057202 -0.762551
v -3.712367 0.056497 -0.732167
v -3.712446 0.056937 -0.694700
v -3.711945 0.056991 -0.619201
v -3.711924 0.056829 -0.581566
v -3.711317 0.055851 -0.318044
v -3.711264 0.056165 -0.280303
v -3.711255 0.056398 -0.242583
v -3.711078 0.056385 -0.204907
v -3.710890 0.056080 -0.167223
v -3.711134 0.055923 -0.129427
v -3.711369 0.055726 -0.091853
v -3.711760 0.055534 -0.055976
v -3.712483 0.055495 -0.024380
v -3.716232 0.041726 -0.759705
v -3.714581 0.040957 -0.731162
v -3.714678 0.041026 -0.693998
v -3.712765 0.039965 -0.619363
v -3.712383 0.040190 -0.581852
v -3.711812 0.039959 -0.318102
v -3.711667 0.040107 -0.280356
v -3.711824 0.040459 -0.242604
v -3.711775 0.040629 -0.204897
v -3.711747 0.040229 -0.167168
v -3.711935 0.039638 -0.129378
v -3.711946 0.038423 -0.091696
v -3.712329 0.038299 -0.055651
v -3.713219 0.038662 -0.025157
v -3.718675 0.038285 -0.025234
v -3.717429 0.040194 -0.393711
v -3.716989 0.040757 -0.431623
v -3.717734 0.040433 -0.469143
v -3.718493 0.041500 -0.506549
v -3.718704 0.041149 -0.544160
v -3.718928 0.040543 -0.581826
v -3.720993 0.040855 -0.656526
v -3.721409 0.041587 -0.693947
v -3.722858 0.027585 -0.775684
v -3.721538 0.026433 -0.758957
v -3.714570 0.028543 -0.004384
v -3.715355 0.025447 -0.003768
v -3.717449 0.039689 -0.006150
v -3.713698 0.106587 -0.790099
v -3.714579 0.100539 0.014835
v -3.714382 0.026376 -0.024078
v -3.713661 0.025363 -0.055369
v -3.713285 0.025569 -0.091708
v -3.713226 0.027897 -0.129357
v -3.712989 0.028767 -0.167148
v -3.713002 0.029018 -0.204880
v -3.712990 0.028523 -0.242606
v -3.712730 0.028645 -0.280387
v -3.713061 0.028857 -0.318114
v -3.712945 0.028633 -0.355959
v -3.712864 0.029789 -0.393752
v -3.712021 0.030388 -0.431857
v -3.713005 0.030240 -0.469181
v -3.713807 0.030986 -0.506532
v -3.718320 0.030497 -0.544205
v -3.713591 0.028323 -0.581914
v -3.714076 0.027219 -0.619307
v -3.716091 0.028568 -0.656234
v -3.716710 0.029892 -0.693599
v -3.716425 0.029910 -0.730710
v -3.720329 0.026267 -0.730495
v -3.717975 0.106314 -0.789434
v -3.714393 0.073218 0.010391
v -3.718908 0.076398 -0.790504
v -3.714677 0.055942 0.003407
v -3.718233 0.073027 0.002252
v -3.718339 0.042546 -0.777490
v -3.717670 0.055761 -0.002971
v -3.719199 0.055470 -0.056207
v -3.719415 0.038037 -0.055747
v -3.718769 0.055365 -0.024722
v -3.719014 0.055716 -0.091988
v -3.719436 0.038293 -0.091727
v -3.718534 0.055974 -0.129434
v -3.718966 0.039463 -0.129373
v -3.718085 0.056125 -0.167201
v -3.718466 0.040091 -0.167154
v -3.718027 0.056380 -0.204897
v -3.718226 0.040467 -0.204888
v -3.718038 0.056356 -0.242578
v -3.718142 0.040366 -0.242599
v -3.717897 0.056108 -0.280298
v -3.717973 0.039994 -0.280347
v -3.717700 0.055816 -0.318039
v -3.717927 0.039852 -0.318094
v -3.717370 0.055503 -0.355808
v -3.717715 0.039505 -0.355900
v -3.717076 0.055747 -0.393591
v -3.716882 0.056045 -0.431381
v -3.717296 0.056408 -0.468994
v -3.718041 0.057927 -0.506626
v -3.718260 0.056886 -0.544005
v -3.718338 0.056974 -0.581577
v -3.718311 0.057135 -0.619191
v -3.719487 0.040487 -0.619316
v -3.718559 0.057218 -0.656886
v -3.720166 0.040470 -0.637959
v -3.718932 0.057086 -0.694638
v -3.719215 0.056807 -0.731902
v -3.721250 0.041639 -0.730983
v -3.720752 0.057503 -0.761744
v -3.722577 0.042260 -0.759190
v -3.716957 0.106637 -0.794990
v -3.721088 0.031360 -0.783838
v -3.719618 0.031507 -0.775970
v -3.723092 0.028640 -0.781104
v -3.720369 0.042565 -0.786364
v -3.723161 0.031413 -0.783698
v -3.723961 0.031759 -0.775605
v -3.722801 0.031317 -0.758560
v -3.716309 0.039975 -0.000176
v -3.715225 0.029413 0.000855
v -3.716416 0.026845 0.000080
v -3.715542 0.023351 -0.023822
v -3.716367 0.029442 0.000736
v -3.717257 0.028607 -0.004809
v -3.720984 0.058410 -0.788550
v -3.713986 0.094062 -0.788079
v -3.714333 0.089458 0.014687
v -3.719075 0.024639 -0.055293
v -3.717843 0.021842 -0.055293
v -3.719215 0.024644 -0.091674
v -3.717921 0.021798 -0.091696
v -3.717273 0.023507 -0.129346
v -3.718108 0.028398 -0.167136
v -3.716746 0.024570 -0.167141
v -3.717918 0.028664 -0.204876
v -3.716654 0.024950 -0.204872
v -3.716603 0.024810 -0.242599
v -3.717488 0.028311 -0.280380
v -3.716205 0.025052 -0.280385
v -3.717640 0.028640 -0.318105
v -3.716419 0.025465 -0.318104
v -3.717356 0.028465 -0.355953
v -3.716144 0.025504 -0.355958
v -3.714295 0.026945 -0.393731
v -3.713340 0.027618 -0.431883
v -3.714357 0.027815 -0.469174
v -3.715271 0.028043 -0.506522
v -3.715276 0.027005 -0.544214
v -3.715131 0.025122 -0.581893
v -3.719518 0.028743 -0.619246
v -3.718231 0.025067 -0.619207
v -3.720434 0.029065 -0.637739
v -3.717856 0.025256 -0.656126
v -3.718589 0.025884 -0.693471
v -3.721559 0.031084 -0.730533
v -3.717547 0.094168 -0.792472
v -3.718602 0.089000 0.005487
v -3.723558 0.042730 -0.777055
v -3.717785 0.030671 -0.758947
v -3.718250 0.026062 -0.024249
v -3.714062 0.039726 -0.005791
v -3.718663 0.027444 -0.129343
v -3.717841 0.028147 -0.242599
v -3.717163 0.029710 -0.393736
v -3.716285 0.030424 -0.431830
v -3.717227 0.030338 -0.469179
v -3.718100 0.031211 -0.506523
v -3.713763 0.030253 -0.544225
v -3.718641 0.028982 -0.581878
v -3.721340 0.029831 -0.656222
v -3.721853 0.030964 -0.693560
v -3.712744 0.089221 0.006154
v -3.718607 0.094061 -0.787483
v -3.714847 0.076164 -0.784689
v -3.712889 0.073050 0.002629
v -3.719849 0.076266 -0.784057
v -3.716502 0.058133 -0.781055
v -3.713467 0.055877 -0.002655
v -3.721990 0.058248 -0.780499
v -3.715997 0.103912 -0.015054
v -3.718211 0.100066 0.007464
v -3.713363 0.100400 0.007863
v -3.715407 0.106216 -0.053672
v -3.714697 0.105727 -0.091541
v -3.714468 0.104944 -0.129333
v -3.714371 0.105096 -0.167091
v -3.714476 0.106069 -0.204780
v -3.714225 0.105395 -0.242513
v -3.714316 0.103263 -0.280237
v -3.714365 0.101931 -0.317960
v -3.714072 0.100765 -0.355688
v -3.714178 0.100192 -0.393415
v -3.715322 0.099103 -0.355688
v -3.712842 0.099060 -0.355688
v -3.714406 0.100208 -0.431137
v -3.715358 0.098545 -0.393415
v -3.713004 0.098507 -0.393415
v -3.714097 0.099633 -0.468912
v -3.715548 0.098479 -0.431135
v -3.713202 0.098513 -0.431136
v -3.714528 0.101129 -0.506626
v -3.715170 0.098088 -0.468907
v -3.713088 0.098116 -0.468905
v -3.714902 0.101609 -0.543601
v -3.715474 0.099715 -0.506631
v -3.713644 0.099691 -0.506620
v -3.715553 0.105728 -0.580932
v -3.715883 0.100025 -0.543611
v -3.713915 0.099979 -0.543582
v -3.715693 0.106490 -0.618469
v -3.714726 0.104546 -0.657154
v -3.716412 0.103516 -0.637746
v -3.713970 0.103428 -0.637702
v -3.714459 0.105033 -0.695231
v -3.716035 0.102720 -0.657109
v -3.713478 0.102647 -0.657088
v -3.714513 0.106172 -0.732915
v -3.715336 0.108163 -0.768477
v -3.712407 0.092809 -0.765796
v -3.711423 0.091343 -0.732711
v -3.711613 0.090871 -0.695127
v -3.712129 0.090804 -0.656936
v -3.712445 0.091180 -0.637701
v -3.712719 0.091553 -0.618549
v -3.712827 0.090999 -0.580854
v -3.712651 0.089303 -0.543627
v -3.712527 0.090169 -0.506632
v -3.711975 0.088058 -0.468886
v -3.711809 0.087622 -0.431132
v -3.711720 0.087744 -0.393424
v -3.711632 0.088169 -0.355692
v -3.711694 0.088921 -0.317960
v -3.711535 0.089815 -0.280236
v -3.711336 0.090769 -0.242512
v -3.711252 0.090882 -0.204835
v -3.711191 0.090328 -0.167173
v -3.711384 0.090255 -0.129390
v -3.711560 0.090412 -0.091614
v -3.711781 0.090060 -0.054194
v -3.712228 0.089135 -0.018804
v -3.711748 0.074605 -0.656946
v -3.711862 0.074751 -0.637863
v -3.712069 0.073901 -0.543780
v -3.712014 0.075453 -0.506666
v -3.711480 0.073184 -0.468906
v -3.711258 0.072482 -0.431204
v -3.711264 0.072459 -0.393479
v -3.711276 0.072577 -0.355729
v -3.718990 0.089800 -0.054339
v -3.719290 0.088974 -0.019004
v -3.718225 0.090160 -0.091654
v -3.717635 0.090184 -0.129385
v -3.717443 0.090361 -0.167163
v -3.717757 0.090825 -0.204832
v -3.717799 0.090660 -0.242511
v -3.717531 0.089741 -0.280235
v -3.717243 0.088928 -0.317961
v -3.716830 0.088235 -0.355693
v -3.716650 0.087798 -0.393424
v -3.716634 0.087625 -0.431132
v -3.716547 0.088094 -0.468894
v -3.716860 0.090247 -0.506653
v -3.717126 0.089427 -0.543672
v -3.717584 0.091170 -0.580928
v -3.717611 0.091727 -0.618608
v -3.717267 0.090951 -0.656951
v -3.717360 0.090961 -0.695103
v -3.717731 0.091451 -0.732646
v -3.718660 0.092863 -0.765461
v -3.712252 0.057117 -0.656950
v -3.712011 0.057046 -0.638066
v -3.711926 0.056767 -0.543994
v -3.711840 0.057742 -0.506614
v -3.711231 0.056309 -0.468999
v -3.710975 0.056000 -0.431394
v -3.711141 0.055748 -0.393601
v -3.711249 0.055497 -0.355814
v -3.719088 0.073051 -0.055575
v -3.719025 0.072776 -0.022288
v -3.718662 0.073406 -0.091925
v -3.718067 0.073629 -0.129432
v -3.717674 0.073629 -0.167220
v -3.717845 0.073769 -0.204884
v -3.717973 0.073720 -0.242540
v -3.717827 0.073378 -0.280253
v -3.717558 0.072962 -0.317984
v -3.717186 0.072654 -0.355728
v -3.716910 0.072511 -0.393477
v -3.716817 0.072543 -0.431199
v -3.717031 0.073260 -0.468912
v -3.717576 0.075552 -0.506688
v -3.717736 0.073983 -0.543818
v -3.717883 0.074551 -0.581216
v -3.717739 0.074910 -0.618893
v -3.717539 0.074713 -0.656922
v -3.717489 0.074487 -0.694951
v -3.717521 0.074377 -0.732391
v -3.718782 0.075137 -0.764388
v -3.714093 0.040428 -0.656587
v -3.713298 0.040031 -0.638020
v -3.712461 0.040940 -0.544173
v -3.712397 0.041262 -0.506549
v -3.711501 0.040332 -0.469166
v -3.711091 0.040651 -0.431659
v -3.711561 0.040200 -0.393728
v -3.711729 0.039559 -0.355910
v -3.715205 0.105375 -0.637770
v -3.717420 0.091340 -0.637741
v -3.717604 0.074863 -0.637868
v -3.718341 0.057173 -0.638027
v -3.719247 0.025494 -0.637664
v -3.715044 0.027573 -0.637776
v -3.665368 0.111579 -0.792563
v -3.665451 0.111860 -0.787845
v -3.561825 0.103125 -0.792070
v -3.561824 0.103233 -0.788192
v -3.527553 0.103199 -0.791943
v -3.527550 0.103275 -0.788016
v -3.493379 0.103166 -0.792075
v -3.493379 0.103277 -0.788200
v -3.459147 0.102379 -0.791648
v -3.459144 0.102509 -0.787941
v -3.356481 0.098712 -0.791199
v -3.356481 0.098593 -0.788396
v -3.322256 0.098530 -0.791211
v -3.322256 0.098377 -0.788448
v -3.288031 0.098760 -0.791512
v -3.288031 0.098757 -0.788664
v -3.253798 0.098142 -0.790518
v -3.253796 0.098126 -0.787799
v -3.219893 0.097973 -0.791403
v -3.219898 0.097912 -0.788931
v -3.152096 0.104930 -0.792710
v -3.152161 0.104664 -0.789935
v -2.981047 0.103490 -0.792160
v -2.980909 0.103714 -0.788296
v -3.667347 0.100988 -0.794663
v -3.596088 0.089890 -0.794179
v -3.561783 0.090025 -0.793664
v -3.390712 0.088575 -0.793352
v -3.356485 0.088072 -0.792852
v -3.152490 0.092969 -0.793973
v -3.082953 0.090626 -0.793054
v -3.048475 0.090066 -0.793216
v -3.014442 0.090150 -0.793448
v -2.982084 0.090402 -0.793642
v -2.979850 0.055960 -0.788766
v -3.151639 0.055695 -0.787430
v -3.219709 0.055119 -0.787126
v -3.253700 0.055000 -0.786640
v -3.287808 0.054942 -0.786398
v -3.322110 0.054667 -0.786620
v -3.356381 0.054313 -0.786739
v -3.459115 0.054816 -0.786739
v -3.493273 0.054836 -0.786508
v -3.527420 0.054607 -0.786263
v -3.561742 0.054594 -0.786601
v -3.670988 0.059916 -0.789385
v -2.980443 0.038837 -0.791076
v -3.665817 0.037903 -0.793475
v -3.630620 0.037392 -0.793911
v -3.595984 0.037524 -0.794622
v -3.561785 0.037984 -0.794412
v -3.493280 0.038699 -0.793684
v -3.356295 0.038528 -0.793008
v -3.321991 0.039085 -0.792679
v -3.287617 0.039591 -0.792308
v -3.253551 0.039682 -0.792920
v -3.219641 0.039660 -0.793903
v -3.151279 0.038489 -0.794451
v -3.117221 0.038021 -0.795039
v -3.083724 0.038672 -0.797457
v -3.049792 0.038691 -0.798379
v -3.014865 0.037671 -0.796914
v -2.961952 0.027535 -0.791979
v -2.961544 0.023740 -0.795771
v -2.981397 0.026042 -0.792387
v -2.955399 0.027606 -0.795649
v -2.981428 0.026304 -0.797857
v -3.688559 0.029466 -0.791597
v -3.683313 0.025889 -0.790879
v -3.683811 0.028762 -0.791959
v -3.686560 0.040714 -0.793598
v -2.958194 0.103081 -0.788552
v -3.693418 0.120704 -0.786993
v -3.689072 0.109825 -0.786554
v -3.662675 0.025912 -0.787574
v -3.662198 0.025517 -0.791223
v -3.595854 0.024976 -0.794253
v -3.561789 0.026918 -0.788667
v -3.561804 0.026209 -0.794081
v -3.527520 0.027797 -0.788467
v -3.493278 0.028207 -0.788410
v -3.459066 0.028186 -0.788468
v -3.390570 0.028027 -0.792947
v -3.356248 0.028593 -0.788426
v -3.356253 0.028226 -0.792703
v -3.321930 0.029365 -0.788250
v -3.287499 0.029939 -0.787754
v -3.253485 0.030028 -0.788301
v -3.219622 0.029932 -0.789194
v -3.151271 0.027185 -0.789075
v -3.151293 0.027656 -0.794100
v -3.084011 0.026870 -0.797370
v -3.050050 0.027006 -0.797989
v -3.015423 0.025998 -0.796785
v -2.958752 0.102790 -0.792842
v -2.957869 0.090281 -0.793969
v -3.694926 0.064391 -0.792293
v -2.962950 0.039916 -0.791271
v -3.691311 0.063787 -0.795278
v -3.595999 0.037799 -0.787382
v -3.630757 0.037597 -0.786825
v -3.632042 0.054842 -0.795208
v -3.670530 0.059380 -0.796118
v -3.596105 0.054598 -0.794496
v -3.561747 0.054610 -0.793911
v -3.527428 0.054618 -0.793349
v -3.527498 0.038440 -0.793895
v -3.493282 0.054836 -0.793403
v -3.459121 0.054815 -0.793497
v -3.459085 0.038603 -0.793667
v -3.424881 0.054682 -0.793287
v -3.390658 0.054492 -0.793081
v -3.356387 0.054344 -0.792639
v -3.322118 0.054701 -0.792251
v -3.287821 0.055004 -0.792014
v -3.253704 0.055084 -0.792543
v -3.219704 0.055220 -0.793269
v -3.185645 0.055459 -0.793695
v -3.151601 0.055763 -0.793719
v -3.117508 0.055516 -0.792520
v -3.083049 0.055644 -0.793344
v -3.048898 0.055526 -0.794073
v -3.014265 0.054934 -0.793682
v -2.979971 0.056090 -0.796131
v -2.953833 0.103148 -0.791819
v -2.955490 0.027563 -0.793126
v -2.981610 0.023972 -0.796652
v -2.957107 0.024684 -0.795650
v -3.015299 0.024333 -0.791054
v -2.955036 0.039914 -0.795209
v -2.961352 0.027291 -0.797036
v -3.015414 0.022337 -0.792486
v -3.689877 0.041187 -0.792940
v -3.687242 0.027004 -0.791184
v -3.683472 0.025863 -0.789624
v -3.684319 0.028701 -0.789275
v -3.661923 0.023581 -0.788286
v -2.954564 0.056303 -0.794371
v -2.957275 0.090264 -0.789447
v -2.954199 0.090307 -0.793000
v -3.698060 0.091425 -0.790131
v -3.629108 0.024504 -0.792687
v -3.628803 0.021239 -0.791281
v -3.629189 0.025352 -0.787439
v -3.595797 0.021664 -0.790280
v -3.595820 0.025948 -0.788552
v -3.561797 0.022646 -0.790361
v -3.527528 0.027247 -0.793534
v -3.527531 0.023367 -0.792165
v -3.493284 0.027680 -0.793286
v -3.493284 0.023888 -0.791949
v -3.459070 0.027663 -0.793211
v -3.459068 0.023939 -0.791905
v -3.424801 0.027744 -0.792892
v -3.424795 0.024082 -0.791590
v -3.424794 0.028235 -0.788244
v -3.390564 0.024660 -0.789958
v -3.390563 0.028473 -0.788473
v -3.356240 0.024843 -0.789862
v -3.321939 0.029106 -0.792416
v -3.321931 0.025702 -0.791268
v -3.287504 0.029777 -0.791882
v -3.287481 0.026481 -0.790695
v -3.253500 0.029974 -0.792513
v -3.253487 0.026747 -0.791309
v -3.219630 0.029942 -0.793483
v -3.219631 0.026728 -0.792271
v -3.185467 0.028990 -0.793782
v -3.185470 0.025692 -0.792502
v -3.185454 0.028895 -0.789231
v -3.151297 0.023887 -0.790671
v -3.117391 0.026656 -0.795014
v -3.117425 0.023454 -0.793740
v -3.117332 0.025226 -0.789477
v -3.084071 0.023611 -0.793508
v -3.084006 0.025660 -0.792081
v -3.050126 0.023623 -0.794166
v -3.050092 0.025626 -0.792790
v -2.953402 0.073293 -0.793824
v -3.695673 0.110347 -0.787612
v -3.692151 0.090830 -0.794451
v -2.980528 0.038866 -0.798578
v -2.961927 0.039788 -0.797016
v -3.666163 0.038426 -0.787776
v -3.686752 0.040869 -0.790349
v -3.561775 0.038262 -0.787401
v -3.527490 0.038665 -0.787156
v -3.493273 0.038950 -0.787175
v -3.459078 0.038878 -0.787285
v -3.424824 0.038524 -0.793374
v -3.390594 0.038533 -0.793329
v -3.356289 0.038711 -0.787266
v -3.321980 0.039243 -0.787083
v -3.287604 0.039661 -0.786692
v -3.253543 0.039698 -0.787073
v -3.219635 0.039655 -0.787801
v -3.185482 0.039172 -0.794241
v -3.151294 0.038430 -0.787781
v -3.688467 0.109371 -0.792443
v -2.957103 0.073251 -0.789937
v -3.692567 0.091362 -0.789099
v -2.957679 0.073378 -0.794804
v -2.961488 0.056255 -0.790315
v -3.691519 0.064415 -0.791199
v -2.961085 0.056309 -0.795891
v -3.666227 0.113797 -0.790079
v -3.687098 0.119651 -0.790886
v -3.687429 0.120011 -0.786024
v -3.630464 0.105145 -0.791030
v -3.596093 0.105052 -0.790268
v -3.630451 0.103033 -0.793597
v -3.630450 0.103296 -0.788479
v -3.561827 0.104993 -0.790101
v -3.596094 0.103114 -0.792356
v -3.596091 0.103297 -0.788255
v -3.527565 0.105086 -0.789982
v -3.493379 0.105035 -0.790097
v -3.459147 0.104169 -0.789818
v -3.424926 0.102255 -0.789904
v -3.390706 0.101151 -0.790052
v -3.424925 0.100535 -0.791444
v -3.424922 0.100559 -0.788291
v -3.356481 0.100208 -0.789848
v -3.390706 0.099623 -0.791538
v -3.390706 0.099602 -0.788635
v -3.322256 0.100034 -0.789859
v -3.288031 0.100246 -0.790102
v -3.253798 0.099554 -0.789222
v -3.219883 0.099366 -0.790192
v -3.186069 0.102224 -0.790264
v -3.152016 0.106780 -0.791318
v -3.186097 0.100703 -0.791486
v -3.186118 0.100592 -0.788930
v -3.118284 0.107256 -0.791505
v -3.082764 0.104538 -0.790110
v -3.118397 0.105503 -0.792963
v -3.118446 0.105421 -0.789953
v -3.048457 0.103929 -0.790067
v -3.082788 0.102694 -0.791747
v -3.082807 0.102531 -0.788612
v -3.014275 0.104706 -0.790131
v -3.048458 0.102210 -0.791775
v -3.048457 0.102036 -0.788471
v -2.979906 0.105509 -0.790180
v -3.014303 0.102851 -0.792010
v -3.014291 0.102926 -0.788320
v -3.014415 0.089998 -0.786960
v -2.981794 0.090350 -0.787304
v -3.048476 0.089979 -0.786950
v -3.082981 0.090514 -0.787104
v -3.118915 0.092863 -0.787709
v -3.152573 0.092449 -0.788228
v -3.186262 0.090029 -0.787520
v -3.219937 0.088091 -0.787363
v -3.253814 0.087920 -0.786414
v -3.288030 0.088230 -0.786884
v -3.322256 0.088019 -0.786956
v -3.356484 0.087910 -0.786907
v -3.390712 0.088561 -0.787145
v -3.424927 0.089157 -0.786910
v -3.459152 0.089863 -0.786801
v -3.493368 0.090122 -0.786791
v -3.527404 0.089777 -0.786177
v -3.561775 0.090070 -0.786639
v -3.596085 0.090016 -0.786866
v -3.630479 0.089276 -0.787147
v -3.667541 0.101568 -0.787251
v -3.630449 0.089078 -0.795088
v -3.527419 0.089855 -0.793273
v -3.493370 0.090115 -0.793834
v -3.459154 0.089803 -0.793732
v -3.424930 0.089091 -0.793468
v -3.322257 0.088121 -0.792802
v -3.288032 0.088264 -0.792864
v -3.253809 0.088009 -0.792205
v -3.219925 0.088162 -0.792940
v -3.186224 0.090167 -0.793143
v -3.118900 0.093087 -0.793499
v -3.014372 0.072917 -0.786745
v -2.980910 0.073518 -0.786922
v -3.048560 0.073110 -0.786863
v -3.082972 0.073476 -0.786693
v -3.118773 0.075206 -0.787679
v -3.152447 0.075346 -0.788250
v -3.186096 0.073802 -0.787765
v -3.219855 0.072604 -0.787159
v -3.253820 0.072289 -0.786634
v -3.287988 0.072283 -0.786602
v -3.322233 0.072132 -0.786685
v -3.356469 0.071915 -0.786722
v -3.390710 0.072117 -0.786773
v -3.424925 0.072457 -0.786691
v -3.459149 0.072667 -0.786656
v -3.493312 0.072645 -0.786438
v -3.527350 0.072298 -0.785827
v -3.561711 0.072571 -0.786256
v -3.596070 0.072699 -0.786648
v -3.631490 0.072527 -0.787372
v -3.672069 0.084678 -0.789032
v -3.014289 0.054840 -0.787340
v -3.048890 0.055448 -0.787823
v -3.083043 0.055634 -0.787539
v -3.117559 0.055529 -0.786890
v -3.185658 0.055372 -0.787377
v -3.390652 0.054473 -0.786785
v -3.424874 0.054684 -0.786657
v -3.596128 0.054596 -0.786846
v -3.632308 0.054905 -0.787389
v -3.631310 0.072435 -0.795544
v -3.671547 0.083782 -0.796456
v -3.596064 0.072709 -0.794398
v -3.561721 0.072616 -0.793398
v -3.527359 0.072390 -0.792965
v -3.493320 0.072736 -0.793586
v -3.459152 0.072741 -0.793734
v -3.424929 0.072553 -0.793611
v -3.390713 0.072207 -0.793315
v -3.356472 0.072052 -0.792826
v -3.322236 0.072231 -0.792473
v -3.287995 0.072353 -0.792368
v -3.253819 0.072367 -0.792639
v -3.219843 0.072667 -0.793193
v -3.186064 0.073883 -0.793885
v -3.152368 0.075629 -0.794301
v -3.118761 0.075344 -0.793108
v -3.082940 0.073529 -0.792104
v -3.048548 0.073205 -0.792599
v -3.014362 0.073012 -0.792483
v -2.981165 0.073640 -0.793507
v -3.014814 0.037325 -0.789195
v -3.049746 0.038382 -0.790640
v -3.083605 0.038503 -0.789798
v -3.117224 0.037755 -0.788029
v -3.185483 0.039189 -0.787867
v -3.390586 0.038777 -0.787295
v -3.424817 0.038791 -0.787113
v -2.954546 0.102363 -0.013491
v -2.950772 0.103218 -0.013668
v -2.954924 0.105003 -0.050304
v -2.950604 0.105986 -0.050307
v -2.953631 0.105617 -0.125931
v -2.950187 0.106358 -0.125934
v -2.952597 0.103121 -0.276833
v -2.949802 0.103643 -0.276834
v -2.952322 0.102242 -0.314557
v -2.949691 0.102669 -0.314557
v -2.952850 0.103704 -0.540115
v -2.950457 0.104011 -0.540097
v -2.954925 0.107892 -0.577577
v -2.952172 0.108151 -0.577504
v -2.953553 0.105997 -0.653980
v -2.950470 0.106488 -0.653955
v -2.953478 0.105530 -0.691832
v -2.950216 0.106049 -0.691833
v -2.953812 0.107042 -0.728966
v -2.950221 0.107917 -0.728965
v -2.954715 0.110334 -0.764756
v -2.950990 0.111410 -0.764891
v -2.953325 0.090351 -0.015652
v -2.952505 0.092896 -0.125977
v -2.952451 0.092731 -0.201415
v -2.952325 0.092378 -0.239106
v -2.951962 0.091680 -0.276829
v -2.951156 0.090822 -0.352281
v -2.951098 0.090853 -0.390011
v -2.951174 0.090929 -0.427737
v -2.950763 0.090555 -0.465402
v -2.951110 0.090801 -0.502810
v -2.952132 0.092749 -0.540029
v -2.952289 0.093849 -0.653570
v -2.950045 0.074751 -0.015862
v -2.948729 0.076364 -0.126036
v -2.949020 0.076301 -0.201435
v -2.949151 0.076272 -0.239104
v -2.949015 0.076132 -0.276830
v -2.948077 0.075821 -0.352291
v -2.947809 0.076191 -0.390015
v -2.947675 0.076290 -0.427769
v -2.948025 0.076140 -0.465449
v -2.948536 0.076273 -0.502911
v -2.949364 0.077191 -0.540196
v -2.948285 0.077455 -0.653437
v -2.939382 0.043023 -0.764391
v -2.942094 0.039647 -0.019676
v -2.942921 0.040144 -0.051354
v -2.942846 0.040557 -0.125920
v -2.942039 0.041198 -0.163815
v -2.942151 0.041277 -0.201474
v -2.942021 0.040969 -0.239180
v -2.941513 0.040969 -0.276999
v -2.942032 0.040798 -0.314626
v -2.941155 0.040009 -0.352592
v -2.941821 0.041456 -0.390147
v -2.940148 0.042085 -0.428600
v -2.942006 0.042089 -0.465663
v -2.942792 0.042211 -0.503079
v -2.942851 0.041801 -0.540812
v -2.942826 0.041207 -0.578609
v -2.943213 0.041586 -0.616125
v -2.945710 0.042226 -0.652957
v -2.946615 0.042051 -0.690361
v -2.944939 0.041226 -0.728569
v -2.938456 0.030822 -0.789528
v -2.941662 0.026894 -0.789287
v -2.937964 0.030070 -0.764051
v -2.942393 0.030045 -0.796557
v -2.941711 0.027232 -0.763970
v -2.938147 0.031534 0.007328
v -2.937361 0.027240 0.002000
v -2.938725 0.030265 0.001365
v -2.941432 0.041618 -0.000370
v -2.950608 0.109426 -0.789533
v -2.951263 0.102773 0.018237
v -2.947104 0.092002 0.009085
v -2.935285 0.029261 -0.019595
v -2.938899 0.028135 -0.019839
v -2.934317 0.028919 -0.051760
v -2.934260 0.029957 -0.125921
v -2.939507 0.028179 -0.125897
v -2.938965 0.029855 -0.201477
v -2.938865 0.029770 -0.239189
v -2.933781 0.031426 -0.277011
v -2.938341 0.029914 -0.277003
v -2.934659 0.031718 -0.314644
v -2.938266 0.030100 -0.352602
v -2.938991 0.031897 -0.390167
v -2.937342 0.032742 -0.428642
v -2.938995 0.032748 -0.465696
v -2.939798 0.032921 -0.503091
v -2.935379 0.032672 -0.540832
v -2.939743 0.031692 -0.540804
v -2.934667 0.030914 -0.578548
v -2.937724 0.030627 -0.652645
v -2.943149 0.030702 -0.652640
v -2.938410 0.030449 -0.690030
v -2.936427 0.029473 -0.728229
v -2.954751 0.108265 -0.788918
v -2.952904 0.097258 -0.787518
v -2.943985 0.076098 0.004588
v -2.950135 0.079595 -0.787874
v -2.940161 0.042493 -0.793070
v -2.935253 0.042061 -0.088218
v -2.946564 0.058019 -0.051056
v -2.946037 0.057525 -0.017766
v -2.945971 0.058308 -0.088202
v -2.945613 0.058282 -0.125989
v -2.944346 0.058392 -0.163960
v -2.944960 0.058652 -0.201426
v -2.944892 0.058556 -0.239120
v -2.944601 0.058537 -0.276896
v -2.944411 0.058243 -0.314556
v -2.943265 0.057711 -0.352437
v -2.943431 0.058856 -0.390040
v -2.942384 0.059122 -0.428146
v -2.944147 0.058940 -0.465511
v -2.944631 0.059082 -0.503101
v -2.945106 0.059148 -0.540704
v -2.945576 0.059570 -0.578258
v -2.944023 0.059676 -0.615751
v -2.945323 0.059665 -0.653657
v -2.945956 0.059406 -0.691343
v -2.945397 0.059174 -0.728982
v -2.948240 0.060864 -0.764071
v -2.953721 0.108186 -0.794625
v -2.939512 0.030290 -0.796739
v -2.941790 0.027655 -0.794605
v -2.945232 0.041407 -0.798172
v -2.943554 0.029573 -0.789843
v -2.940827 0.027775 -0.728029
v -2.943367 0.029203 -0.764050
v -2.940502 0.042588 0.007816
v -2.937553 0.028707 0.005964
v -2.936199 0.027481 0.002104
v -2.936194 0.030911 0.001517
v -2.935821 0.026907 -0.019621
v -2.948454 0.098247 -0.788064
v -2.951857 0.096996 -0.791726
v -2.949211 0.079248 -0.792158
v -2.939488 0.027014 -0.051670
v -2.937858 0.025053 -0.051725
v -2.939611 0.026908 -0.088249
v -2.937931 0.024962 -0.088275
v -2.934002 0.029185 -0.088278
v -2.935006 0.027437 -0.125922
v -2.938919 0.029504 -0.163769
v -2.937345 0.027718 -0.163769
v -2.933999 0.031117 -0.163779
v -2.934960 0.029004 -0.201479
v -2.934211 0.031374 -0.201483
v -2.934984 0.028949 -0.239193
v -2.934243 0.031264 -0.239195
v -2.934511 0.029126 -0.277013
v -2.939026 0.030405 -0.314637
v -2.937546 0.028821 -0.314637
v -2.934154 0.031214 -0.333689
v -2.938442 0.029984 -0.333680
v -2.934807 0.029216 -0.352604
v -2.934060 0.031291 -0.352608
v -2.935660 0.030954 -0.390170
v -2.934899 0.032966 -0.390176
v -2.934077 0.031722 -0.428648
v -2.933289 0.033680 -0.428656
v -2.935703 0.031649 -0.465702
v -2.934905 0.033600 -0.465711
v -2.936507 0.031749 -0.503091
v -2.935706 0.033676 -0.503097
v -2.936164 0.030586 -0.540812
v -2.939659 0.030186 -0.578531
v -2.938101 0.028366 -0.578513
v -2.940434 0.030095 -0.615894
v -2.938858 0.027928 -0.615868
v -2.934589 0.029548 -0.615980
v -2.938689 0.028328 -0.652574
v -2.943783 0.030708 -0.690077
v -2.942226 0.028615 -0.690035
v -2.942379 0.029897 -0.728087
v -2.942316 0.058892 0.009810
v -2.948676 0.091983 0.018060
v -2.945506 0.075735 0.013835
v -2.947606 0.059218 -0.797623
v -2.945007 0.058101 0.000796
v -2.946713 0.041439 -0.764391
v -2.946527 0.041229 -0.793115
v -2.936485 0.041300 -0.019572
v -2.938080 0.042524 -0.000442
v -2.935426 0.041891 -0.051392
v -2.942863 0.040315 -0.088210
v -2.935334 0.042277 -0.125925
v -2.934582 0.042692 -0.277007
v -2.935302 0.042434 -0.314633
v -2.935791 0.043235 -0.540824
v -2.935567 0.042758 -0.578598
v -2.938186 0.043667 -0.653088
v -2.938983 0.043372 -0.690412
v -2.937318 0.042501 -0.728608
v -2.952714 0.090610 0.008698
v -2.945360 0.080575 -0.788448
v -2.948894 0.074970 0.004732
v -2.942527 0.060547 -0.793037
v -2.940898 0.059103 0.000716
v -2.948737 0.059296 -0.792882
v -2.953082 0.104683 -0.012203
v -2.954690 0.101497 0.010786
v -2.950047 0.102831 0.011161
v -2.953195 0.107595 -0.050282
v -2.952503 0.107817 -0.088138
v -2.952291 0.107884 -0.125927
v -2.953954 0.105471 -0.088136
v -2.950315 0.106291 -0.088139
v -2.952228 0.108097 -0.163689
v -2.952328 0.108097 -0.201377
v -2.953557 0.105774 -0.163702
v -2.950069 0.106461 -0.163703
v -2.951907 0.107151 -0.239109
v -2.953678 0.105753 -0.201379
v -2.950203 0.106459 -0.201381
v -2.951547 0.105142 -0.276833
v -2.953162 0.104899 -0.239108
v -2.949921 0.105579 -0.239110
v -2.951343 0.104139 -0.314557
v -2.950881 0.103240 -0.352285
v -2.951944 0.101997 -0.333421
v -2.949361 0.102395 -0.333422
v -2.950926 0.102886 -0.390012
v -2.951789 0.101445 -0.352285
v -2.949280 0.101812 -0.352285
v -2.951214 0.103036 -0.427739
v -2.951836 0.101160 -0.390012
v -2.949368 0.101497 -0.390012
v -2.950448 0.101995 -0.465425
v -2.952127 0.101285 -0.427739
v -2.949602 0.101688 -0.427739
v -2.950915 0.102079 -0.502836
v -2.951295 0.100359 -0.465420
v -2.949024 0.100751 -0.465416
v -2.952015 0.105525 -0.540141
v -2.951674 0.100501 -0.502829
v -2.949524 0.100827 -0.502820
v -2.953981 0.110044 -0.577669
v -2.954257 0.110463 -0.614867
v -2.952343 0.108157 -0.654012
v -2.955284 0.108397 -0.614751
v -2.952349 0.108894 -0.614708
v -2.952172 0.107576 -0.691833
v -2.952360 0.109177 -0.729030
v -2.953177 0.112498 -0.766124
v -2.947276 0.099527 -0.763001
v -2.946224 0.096075 -0.728601
v -2.946238 0.094422 -0.691786
v -2.946699 0.094856 -0.653536
v -2.947727 0.096105 -0.614654
v -2.947829 0.095648 -0.577191
v -2.946938 0.093530 -0.540006
v -2.946165 0.091745 -0.502794
v -2.945630 0.091598 -0.465400
v -2.945853 0.092010 -0.427740
v -2.945813 0.091869 -0.390012
v -2.945757 0.091838 -0.352282
v -2.945853 0.092038 -0.333417
v -2.945992 0.092266 -0.314553
v -2.946033 0.092935 -0.276832
v -2.946040 0.093760 -0.239110
v -2.946007 0.094104 -0.201419
v -2.945683 0.094129 -0.163792
v -2.945923 0.094346 -0.125984
v -2.946138 0.094288 -0.088156
v -2.946244 0.093477 -0.050476
v -2.946588 0.091944 -0.015959
v -2.953650 0.091675 -0.050485
v -2.953083 0.092664 -0.088151
v -2.952166 0.092757 -0.163795
v -2.951619 0.091148 -0.314551
v -2.951374 0.090973 -0.333415
v -2.953405 0.095341 -0.577188
v -2.953227 0.095579 -0.614495
v -2.952241 0.093259 -0.691801
v -2.952594 0.094781 -0.728608
v -2.953481 0.098132 -0.762766
v -2.943257 0.082505 -0.762936
v -2.942432 0.079241 -0.728612
v -2.942638 0.078048 -0.691666
v -2.942873 0.078477 -0.653502
v -2.943452 0.079276 -0.614989
v -2.943861 0.079279 -0.577402
v -2.943419 0.078315 -0.540165
v -2.942715 0.077431 -0.502894
v -2.942197 0.077265 -0.465447
v -2.942156 0.077377 -0.427779
v -2.942232 0.077282 -0.390019
v -2.942173 0.076949 -0.352295
v -2.942220 0.076943 -0.333420
v -2.942282 0.077089 -0.314547
v -2.942264 0.077455 -0.276835
v -2.942276 0.077657 -0.239109
v -2.942090 0.077696 -0.201441
v -2.941457 0.077518 -0.163907
v -2.941864 0.077753 -0.126049
v -2.942281 0.077855 -0.088184
v -2.942357 0.077302 -0.050646
v -2.942818 0.076276 -0.015929
v -2.950385 0.075542 -0.050712
v -2.949901 0.076239 -0.088189
v -2.948371 0.076114 -0.163909
v -2.948627 0.075835 -0.314543
v -2.948344 0.075753 -0.333416
v -2.949991 0.078575 -0.577392
v -2.949103 0.078629 -0.614702
v -2.948310 0.076927 -0.691686
v -2.948059 0.078083 -0.728643
v -2.949717 0.081141 -0.762732
v -2.941033 0.062471 -0.764068
v -2.939177 0.060441 -0.728943
v -2.939823 0.060641 -0.691351
v -2.939608 0.060885 -0.653652
v -2.938806 0.060860 -0.615705
v -2.939408 0.060849 -0.578194
v -2.939096 0.060401 -0.540685
v -2.938876 0.060229 -0.503080
v -2.938467 0.060097 -0.465548
v -2.937781 0.060093 -0.428109
v -2.938529 0.059883 -0.390044
v -2.938004 0.058802 -0.352436
v -2.938183 0.058913 -0.333517
v -2.938538 0.059479 -0.314565
v -2.938204 0.059869 -0.276906
v -2.938493 0.059904 -0.239126
v -2.938411 0.060042 -0.201430
v -2.937521 0.059819 -0.163972
v -2.938334 0.059782 -0.126000
v -2.938571 0.059828 -0.088195
v -2.938658 0.059685 -0.050994
v -2.939384 0.058969 -0.017430
v -2.936038 0.042912 -0.616110
v -2.935942 0.043572 -0.503085
v -2.935252 0.043490 -0.465683
v -2.933664 0.043497 -0.428618
v -2.935319 0.043001 -0.390157
v -2.934570 0.041619 -0.352597
v -2.934729 0.041668 -0.333673
v -2.935069 0.042654 -0.239187
v -2.935070 0.042996 -0.201480
v -2.934767 0.042938 -0.163830
v -2.950950 0.103904 -0.333422
v -2.943738 0.057761 -0.333512
v -2.936982 0.028450 -0.333678
v -2.941384 0.040066 -0.333664
v -3.673160 0.113647 0.754421
v -3.673243 0.114687 0.759032
v -3.569617 0.105384 0.756274
v -3.569616 0.106117 0.760084
v -3.535345 0.105478 0.756387
v -3.535342 0.106187 0.760250
v -3.501171 0.105423 0.756263
v -3.501171 0.106160 0.760069
v -3.466939 0.104716 0.756811
v -3.466936 0.105443 0.760448
v -3.364273 0.101170 0.757847
v -3.364273 0.101506 0.760632
v -3.330048 0.100988 0.757864
v -3.330048 0.101284 0.760616
v -3.295823 0.101166 0.757530
v -3.295823 0.101623 0.760341
v -3.261590 0.100718 0.758611
v -3.261588 0.101141 0.761297
v -3.227684 0.100407 0.757765
v -3.227690 0.100747 0.760214
v -3.159888 0.107062 0.755351
v -3.159953 0.107248 0.758132
v -2.988839 0.105729 0.756126
v -2.988701 0.106575 0.759903
v -3.675139 0.102856 0.754061
v -3.603880 0.091982 0.756332
v -3.569575 0.092199 0.756818
v -3.398504 0.090818 0.757360
v -3.364277 0.090403 0.757936
v -3.160282 0.095054 0.756038
v -3.090745 0.092890 0.757323
v -3.056267 0.092312 0.757254
v -3.022234 0.092357 0.757011
v -2.989876 0.092574 0.756779
v -2.987642 0.059373 0.767158
v -3.159431 0.059328 0.768519
v -3.227501 0.058808 0.768912
v -3.261492 0.058770 0.769411
v -3.295600 0.058751 0.769659
v -3.329902 0.058444 0.769485
v -3.364173 0.058075 0.769425
v -3.466907 0.058572 0.769343
v -3.501065 0.058629 0.769568
v -3.535212 0.058443 0.769847
v -3.569534 0.058375 0.769515
v -3.678780 0.063176 0.765908
v -2.988235 0.042102 0.767646
v -3.673609 0.040792 0.765429
v -3.638412 0.040218 0.765082
v -3.603776 0.040233 0.764360
v -3.569577 0.040721 0.764492
v -3.501072 0.041544 0.765094
v -3.364087 0.041485 0.765790
v -3.329783 0.042088 0.766024
v -3.295409 0.042647 0.766308
v -3.261343 0.042638 0.765690
v -3.227433 0.042457 0.764723
v -3.159071 0.041213 0.764371
v -3.125013 0.040656 0.763868
v -3.091516 0.040908 0.761376
v -3.057584 0.040777 0.760463
v -3.022657 0.040008 0.762074
v -2.969744 0.030803 0.768581
v -2.969336 0.026444 0.765454
v -2.989189 0.029263 0.768421
v -2.963191 0.030279 0.764949
v -2.989220 0.028637 0.762980
v -3.696351 0.032770 0.768646
v -3.691105 0.029356 0.769934
v -3.691603 0.032016 0.768404
v -3.694352 0.043546 0.764854
v -2.965986 0.105909 0.759753
v -3.701210 0.123552 0.758443
v -3.696864 0.112887 0.760635
v -3.670467 0.029912 0.773191
v -3.669990 0.028933 0.769654
v -3.603646 0.027909 0.766751
v -3.569581 0.030729 0.771950
v -3.569596 0.029155 0.766721
v -3.535312 0.031629 0.772005
v -3.501070 0.032042 0.771995
v -3.466858 0.032013 0.771941
v -3.398362 0.031131 0.767547
v -3.364040 0.032421 0.771917
v -3.364045 0.031368 0.767755
v -3.329722 0.033211 0.771966
v -3.295291 0.033858 0.772363
v -3.261277 0.033858 0.771809
v -3.227414 0.033618 0.770943
v -3.159063 0.030927 0.771505
v -3.159085 0.030579 0.766469
v -3.091803 0.029275 0.763369
v -3.057842 0.029309 0.762737
v -3.023215 0.028509 0.764087
v -2.966544 0.104928 0.755566
v -2.965661 0.092402 0.756476
v -3.702718 0.067123 0.762315
v -2.970742 0.043135 0.767279
v -3.699103 0.066045 0.759467
v -3.603791 0.041674 0.771460
v -3.638549 0.041565 0.772042
v -3.639834 0.057229 0.760981
v -3.678322 0.061560 0.759350
v -3.603897 0.057103 0.761723
v -3.569539 0.057209 0.762299
v -3.535220 0.057308 0.762852
v -3.535290 0.041254 0.764929
v -3.501074 0.057514 0.762764
v -3.466913 0.057478 0.762675
v -3.466877 0.041452 0.765127
v -3.432673 0.057381 0.762903
v -3.398450 0.057227 0.763137
v -3.364178 0.057152 0.763597
v -3.329910 0.057568 0.763923
v -3.295613 0.057905 0.764108
v -3.261496 0.057898 0.763572
v -3.227496 0.057915 0.762834
v -3.193437 0.058082 0.762375
v -3.159393 0.058378 0.762302
v -3.125300 0.058328 0.763525
v -3.090841 0.058322 0.762691
v -3.056690 0.058087 0.761991
v -3.022057 0.057566 0.762472
v -2.987763 0.058311 0.759869
v -2.961625 0.105447 0.756518
v -2.963282 0.030644 0.767445
v -2.989402 0.026531 0.764546
v -2.964898 0.027396 0.765420
v -3.023091 0.027792 0.770012
v -2.962828 0.042497 0.763393
v -2.969144 0.029745 0.763631
v -3.023206 0.025591 0.768921
v -3.697669 0.044119 0.765427
v -3.695034 0.030407 0.769452
v -3.691264 0.029533 0.771177
v -3.692111 0.032390 0.771062
v -3.669715 0.027497 0.772866
v -2.962356 0.058805 0.761572
v -2.965067 0.093116 0.760941
v -2.961991 0.092584 0.757428
v -3.705852 0.094151 0.760078
v -3.636900 0.027697 0.768373
v -3.636595 0.024702 0.770289
v -3.636981 0.029382 0.773415
v -3.603589 0.025283 0.771207
v -3.603612 0.029790 0.772220
v -3.569589 0.026240 0.770969
v -3.535320 0.030267 0.767094
v -3.535322 0.026659 0.769072
v -3.501076 0.030734 0.767269
v -3.501076 0.027208 0.769201
v -3.466862 0.030729 0.767346
v -3.466860 0.027266 0.769236
v -3.432593 0.030862 0.767648
v -3.432587 0.027457 0.769524
v -3.432586 0.032097 0.772154
v -3.398355 0.028292 0.771041
v -3.398355 0.032295 0.771891
v -3.364032 0.028488 0.771106
v -3.329731 0.032282 0.767897
v -3.329723 0.029108 0.769580
v -3.295296 0.033030 0.768315
v -3.295273 0.029970 0.770019
v -3.261292 0.033123 0.767660
v -3.261279 0.030134 0.769371
v -3.227422 0.032935 0.766708
v -3.227423 0.029959 0.768425
v -3.193259 0.031947 0.766567
v -3.193262 0.028899 0.768364
v -3.193246 0.032588 0.771074
v -3.159089 0.027414 0.770463
v -3.125183 0.029444 0.765728
v -3.125217 0.026491 0.767503
v -3.125124 0.028928 0.771424
v -3.091863 0.026683 0.767708
v -3.091798 0.028936 0.768785
v -3.057918 0.026588 0.767056
v -3.057884 0.028787 0.768091
v -2.961194 0.075660 0.759365
v -3.703465 0.113232 0.759506
v -3.699943 0.092865 0.755911
v -2.988320 0.040918 0.760238
v -2.969719 0.042080 0.761630
v -3.673955 0.042230 0.770969
v -3.694544 0.044225 0.768035
v -3.569567 0.042129 0.771366
v -3.535281 0.042566 0.771543
v -3.501065 0.042844 0.771478
v -3.466870 0.042756 0.771381
v -3.432616 0.041421 0.765429
v -3.398386 0.041437 0.765472
v -3.364081 0.042594 0.771426
v -3.329772 0.043148 0.771521
v -3.295396 0.043624 0.771840
v -3.261335 0.043599 0.771457
v -3.227427 0.043438 0.770746
v -3.193274 0.041921 0.764469
v -3.159086 0.042233 0.770964
v -3.696259 0.111488 0.754896
v -2.964895 0.076247 0.763208
v -3.700359 0.094256 0.761107
v -2.965471 0.075587 0.758385
v -2.969280 0.059414 0.765582
v -3.699311 0.067324 0.763390
v -2.968877 0.058566 0.760071
v -3.674019 0.116237 0.756514
v -3.694890 0.121884 0.754771
v -3.695221 0.123025 0.759511
v -3.638256 0.107545 0.756974
v -3.603885 0.107576 0.757741
v -3.638243 0.105046 0.754782
v -3.638242 0.106133 0.759791
v -3.569619 0.107545 0.757915
v -3.603886 0.105327 0.755994
v -3.603883 0.106170 0.760011
v -3.535357 0.107657 0.758018
v -3.501171 0.107588 0.757912
v -3.466939 0.106778 0.758328
v -3.432718 0.104876 0.758552
v -3.398498 0.103762 0.758584
v -3.432717 0.102929 0.757310
v -3.432714 0.103463 0.760418
v -3.364272 0.102864 0.758938
v -3.398498 0.102014 0.757365
v -3.398498 0.102462 0.760233
v -3.330048 0.102691 0.758955
v -3.295823 0.102861 0.758681
v -3.261590 0.102320 0.759661
v -3.227675 0.101978 0.758735
v -3.193860 0.104786 0.758202
v -3.159808 0.109113 0.756425
v -3.193889 0.103088 0.757242
v -3.193910 0.103391 0.759782
v -3.126076 0.109552 0.756164
v -3.090556 0.107095 0.757980
v -3.126189 0.107586 0.755008
v -3.126238 0.107992 0.757992
v -3.056249 0.106501 0.758121
v -3.090580 0.105010 0.756663
v -3.090599 0.105357 0.759782
v -3.022067 0.107258 0.757932
v -3.056250 0.104529 0.756713
v -3.056249 0.104891 0.760002
v -2.987698 0.108041 0.757753
v -3.022095 0.105123 0.756378
v -3.022083 0.105794 0.760007
v -3.022207 0.093256 0.763439
v -2.989586 0.093547 0.763042
v -3.056268 0.093238 0.763452
v -3.090773 0.093741 0.763213
v -3.126707 0.095962 0.762237
v -3.160365 0.095470 0.761791
v -3.194054 0.093195 0.762881
v -3.227729 0.091308 0.763349
v -3.261606 0.091293 0.764313
v -3.295822 0.091523 0.763799
v -3.330048 0.091303 0.763762
v -3.364276 0.091203 0.763828
v -3.398504 0.091808 0.763488
v -3.432719 0.092433 0.763624
v -3.466944 0.093148 0.763617
v -3.501160 0.093405 0.763585
v -3.535196 0.093164 0.764247
v -3.569567 0.093379 0.763743
v -3.603877 0.093288 0.763528
v -3.638271 0.092512 0.763371
v -3.675333 0.104627 0.761282
v -3.638241 0.091034 0.755566
v -3.535211 0.092093 0.757231
v -3.501162 0.092260 0.756636
v -3.466946 0.091969 0.756787
v -3.432722 0.091308 0.757163
v -3.330049 0.090459 0.757977
v -3.295824 0.090590 0.757893
v -3.261601 0.090444 0.758584
v -3.227717 0.090477 0.757834
v -3.194016 0.092423 0.757310
v -3.126692 0.095247 0.756486
v -3.022164 0.076434 0.766412
v -2.988702 0.076999 0.766140
v -3.056352 0.076605 0.766264
v -3.090764 0.076994 0.766373
v -3.126565 0.078541 0.765120
v -3.160239 0.078587 0.764534
v -3.193888 0.077142 0.765262
v -3.227647 0.076058 0.766053
v -3.261612 0.075832 0.766622
v -3.295780 0.075831 0.766655
v -3.330025 0.075669 0.766598
v -3.364261 0.075449 0.766596
v -3.398502 0.075640 0.766513
v -3.432717 0.075988 0.766539
v -3.466941 0.076202 0.766540
v -3.501104 0.076215 0.766758
v -3.535142 0.075972 0.767418
v -3.569503 0.076171 0.766951
v -3.603862 0.076234 0.766543
v -3.639282 0.075948 0.765856
v -3.679861 0.087671 0.762254
v -3.022081 0.058498 0.768747
v -3.056682 0.059021 0.768172
v -3.090835 0.059250 0.768422
v -3.125351 0.059251 0.769080
v -3.193450 0.059017 0.768624
v -3.398444 0.058225 0.769353
v -3.432666 0.058455 0.769446
v -3.603920 0.058337 0.769273
v -3.640100 0.058555 0.768688
v -3.639102 0.074536 0.757807
v -3.679339 0.085587 0.755072
v -3.603856 0.074991 0.758893
v -3.569512 0.075062 0.759895
v -3.535151 0.074909 0.760359
v -3.501112 0.075149 0.759689
v -3.466944 0.075130 0.759543
v -3.432721 0.074964 0.759695
v -3.398505 0.074671 0.760043
v -3.364264 0.074597 0.760550
v -3.330028 0.074831 0.760870
v -3.295787 0.074968 0.760953
v -3.261610 0.074938 0.760684
v -3.227635 0.075145 0.760089
v -3.193855 0.076233 0.759209
v -3.160160 0.077889 0.758516
v -3.126553 0.077800 0.759740
v -3.090732 0.076171 0.761025
v -3.056340 0.075771 0.760588
v -3.022154 0.075600 0.760734
v -2.988957 0.076054 0.759622
v -3.022606 0.040914 0.769747
v -3.057538 0.041723 0.768150
v -3.091397 0.041979 0.768961
v -3.125016 0.041527 0.770828
v -3.193274 0.042968 0.770756
v -3.398378 0.042654 0.771387
v -3.432609 0.042697 0.771565
v -2.953273 0.112182 0.726213
v -2.949650 0.112989 0.726108
v -2.950837 0.103479 0.623522
v -2.947152 0.104364 0.623521
v -2.948861 0.101956 0.486259
v -2.946536 0.102274 0.486255
v -2.949546 0.102378 0.452369
v -2.947412 0.102622 0.452363
v -2.950990 0.103201 0.418541
v -2.948836 0.103489 0.418535
v -2.951985 0.106228 0.384198
v -2.949832 0.106448 0.384191
v -2.951323 0.103783 0.213903
v -2.948901 0.104050 0.213961
v -2.952008 0.105111 0.180010
v -2.949182 0.105505 0.180035
v -2.950515 0.103287 0.144493
v -2.947426 0.103786 0.144512
v -2.950405 0.102738 0.110157
v -2.947174 0.103263 0.110156
v -2.950760 0.103303 0.076007
v -2.947218 0.104124 0.075994
v -2.951066 0.103966 0.042771
v -2.947357 0.104987 0.042636
v -2.939897 0.075264 0.043604
v -2.939403 0.075241 0.076049
v -2.939566 0.075365 0.110277
v -2.939569 0.075820 0.144767
v -2.940602 0.077090 0.180264
v -2.941094 0.077025 0.214101
v -2.942152 0.081328 0.384088
v -2.941139 0.078490 0.418332
v -2.939784 0.077124 0.452233
v -2.939039 0.076299 0.486237
v -2.938865 0.074942 0.623415
v -2.943790 0.084665 0.729554
v -2.937850 0.057377 0.044066
v -2.936284 0.057493 0.075982
v -2.936812 0.057907 0.110602
v -2.936564 0.058174 0.144787
v -2.936012 0.058255 0.179267
v -2.936494 0.058352 0.213376
v -2.937896 0.063017 0.384002
v -2.936848 0.060147 0.418196
v -2.935858 0.058587 0.452238
v -2.935474 0.058296 0.486354
v -2.935421 0.057409 0.623441
v -2.939197 0.062273 0.731828
v -2.945639 0.060342 0.731578
v -2.943521 0.055797 0.693623
v -2.943062 0.055705 0.657786
v -2.942555 0.055879 0.623445
v -2.942211 0.056395 0.554970
v -2.942167 0.056550 0.520715
v -2.941860 0.056876 0.486357
v -2.943046 0.061427 0.349641
v -2.942375 0.059085 0.315476
v -2.942597 0.058191 0.281478
v -2.942697 0.057230 0.247383
v -2.942646 0.057116 0.213337
v -2.942286 0.056948 0.144787
v -2.942971 0.056672 0.110606
v -2.944461 0.056044 0.043818
v -2.938603 0.039594 0.727511
v -2.938845 0.039003 0.692288
v -2.939548 0.039496 0.623483
v -2.938669 0.040713 0.486489
v -2.938862 0.041918 0.418057
v -2.939518 0.044439 0.383845
v -2.939695 0.040052 0.212983
v -2.940172 0.039414 0.178924
v -2.942638 0.039535 0.145417
v -2.943527 0.039361 0.111480
v -2.941932 0.038659 0.076563
v -2.937114 0.032893 0.029506
v -2.938953 0.028147 0.027949
v -2.935191 0.029159 0.044621
v -2.939940 0.032959 0.022204
v -2.940517 0.028204 0.044323
v -2.935010 0.031739 0.750258
v -2.933557 0.028392 0.745011
v -2.935215 0.030974 0.745509
v -2.939328 0.042334 0.748216
v -2.947150 0.104384 0.021447
v -2.950202 0.120017 0.752983
v -2.947837 0.108864 0.747309
v -2.930331 0.029107 0.724374
v -2.933815 0.027956 0.723897
v -2.935027 0.026658 0.690804
v -2.936665 0.026791 0.657552
v -2.931611 0.029863 0.623488
v -2.936756 0.028034 0.623502
v -2.936309 0.029821 0.554984
v -2.936227 0.029953 0.520766
v -2.931551 0.031467 0.486495
v -2.935951 0.029998 0.486502
v -2.931813 0.031747 0.452257
v -2.931982 0.032211 0.417971
v -2.932533 0.034251 0.383711
v -2.936091 0.033678 0.349310
v -2.936172 0.032650 0.315221
v -2.936943 0.032125 0.281313
v -2.937057 0.030906 0.247165
v -2.932069 0.030052 0.212970
v -2.937080 0.029457 0.212992
v -2.932047 0.028037 0.179030
v -2.934684 0.027917 0.145705
v -2.940109 0.027991 0.145709
v -2.935370 0.027734 0.111791
v -2.940743 0.027993 0.111748
v -2.933402 0.026833 0.076998
v -2.937800 0.025126 0.077197
v -2.951156 0.103290 0.021850
v -2.949187 0.090962 0.025206
v -2.945536 0.090229 0.749340
v -2.946463 0.072919 0.026740
v -2.941691 0.065988 0.751252
v -2.944317 0.055294 0.026427
v -2.938322 0.042914 0.029600
v -2.942930 0.066065 0.755941
v -2.932758 0.041242 0.623474
v -2.932631 0.040770 0.657695
v -2.931952 0.040690 0.692422
v -2.931913 0.040945 0.710476
v -2.933139 0.041301 0.727857
v -2.939147 0.040128 0.589198
v -2.938635 0.040856 0.452271
v -2.950246 0.103792 0.016841
v -2.938498 0.033434 0.022704
v -2.938665 0.025448 0.044056
v -2.939291 0.029899 0.023666
v -2.934077 0.027476 0.059676
v -2.941657 0.042680 0.021283
v -2.940707 0.032042 0.028967
v -2.938174 0.025201 0.059899
v -2.939783 0.027279 0.059763
v -2.934090 0.029418 0.748940
v -2.932324 0.028629 0.745170
v -2.932578 0.031477 0.746017
v -2.930537 0.026679 0.723622
v -2.944757 0.091967 0.024972
v -2.948135 0.091274 0.018947
v -2.945641 0.073189 0.019914
v -2.929441 0.028720 0.707548
v -2.933721 0.027161 0.707305
v -2.930669 0.024812 0.690520
v -2.930071 0.028588 0.690885
v -2.932086 0.024386 0.657495
v -2.931294 0.028937 0.657519
v -2.932370 0.025330 0.623495
v -2.936440 0.029179 0.589226
v -2.934286 0.025659 0.589229
v -2.931605 0.030784 0.589219
v -2.932339 0.026937 0.554979
v -2.931684 0.031367 0.554978
v -2.932384 0.027022 0.520764
v -2.931750 0.031485 0.520761
v -2.932148 0.027162 0.486490
v -2.936042 0.030367 0.452264
v -2.934059 0.026921 0.452260
v -2.936036 0.030906 0.417975
v -2.936478 0.033071 0.383716
v -2.934441 0.029388 0.383687
v -2.932461 0.034789 0.366513
v -2.936386 0.033661 0.366515
v -2.932565 0.030505 0.349258
v -2.932173 0.034738 0.349307
v -2.932710 0.029719 0.315186
v -2.932139 0.033622 0.315210
v -2.933523 0.029333 0.281315
v -2.932783 0.033035 0.281304
v -2.933386 0.028218 0.247162
v -2.932597 0.031785 0.247153
v -2.932934 0.026479 0.212996
v -2.937762 0.028274 0.179090
v -2.935844 0.025411 0.179124
v -2.933093 0.027568 0.162323
v -2.938797 0.027889 0.162375
v -2.935650 0.025612 0.145770
v -2.935489 0.028025 0.128879
v -2.940782 0.028101 0.128836
v -2.936296 0.025486 0.111824
v -2.939355 0.027259 0.077122
v -2.943441 0.055722 0.019216
v -2.948915 0.110015 0.755314
v -2.952550 0.107240 0.746822
v -2.946733 0.091043 0.756705
v -2.938787 0.042951 0.751588
v -2.950161 0.088707 0.748983
v -2.943060 0.040258 0.045582
v -2.942588 0.041999 0.029167
v -2.936182 0.043171 0.748408
v -2.939654 0.038983 0.657682
v -2.939023 0.040669 0.554980
v -2.938955 0.040824 0.520768
v -2.939189 0.044650 0.349490
v -2.938872 0.042862 0.315316
v -2.939383 0.041873 0.281327
v -2.939629 0.040936 0.247185
v -2.942086 0.073849 0.026829
v -2.939901 0.056265 0.026873
v -2.945661 0.064659 0.751282
v -2.951715 0.114319 0.727015
v -2.953103 0.117754 0.746049
v -2.949433 0.119122 0.746464
v -2.950346 0.106380 0.692126
v -2.952981 0.105966 0.709568
v -2.948584 0.107224 0.709579
v -2.949529 0.105921 0.657779
v -2.952349 0.103783 0.692104
v -2.947479 0.105130 0.692106
v -2.949356 0.105750 0.623525
v -2.951157 0.103589 0.657778
v -2.947184 0.104628 0.657774
v -2.949186 0.105493 0.589264
v -2.949054 0.104539 0.555063
v -2.950578 0.103231 0.589253
v -2.947002 0.104028 0.589249
v -2.948317 0.102691 0.520671
v -2.950284 0.102325 0.555056
v -2.947082 0.102991 0.555057
v -2.947977 0.103524 0.486261
v -2.949373 0.100773 0.520672
v -2.946636 0.101230 0.520665
v -2.948771 0.103906 0.452377
v -2.950212 0.104770 0.418553
v -2.951207 0.107708 0.384202
v -2.950522 0.106603 0.349621
v -2.951859 0.106171 0.366890
v -2.949704 0.106411 0.366887
v -2.949461 0.105274 0.315575
v -2.951271 0.105053 0.349622
v -2.949138 0.105342 0.349627
v -2.950183 0.106406 0.282057
v -2.950294 0.103825 0.315577
v -2.948119 0.104244 0.315586
v -2.949853 0.104971 0.247945
v -2.950954 0.104832 0.282052
v -2.948830 0.105145 0.282055
v -2.950425 0.105337 0.213871
v -2.950667 0.103437 0.247972
v -2.948416 0.103867 0.247979
v -2.951046 0.107111 0.179910
v -2.949304 0.105434 0.144466
v -2.951447 0.104370 0.162343
v -2.948506 0.104925 0.162382
v -2.949120 0.104790 0.110156
v -2.950377 0.102830 0.127260
v -2.947186 0.103397 0.127261
v -2.949342 0.105528 0.075976
v -2.949569 0.106364 0.041624
v -2.950897 0.103545 0.059077
v -2.947261 0.104465 0.059032
v -2.943274 0.091943 0.059438
v -2.943538 0.092178 0.043932
v -2.943186 0.091802 0.076124
v -2.943181 0.091755 0.110184
v -2.943219 0.091825 0.127310
v -2.943473 0.092339 0.144729
v -2.944372 0.093322 0.162849
v -2.944649 0.094077 0.180451
v -2.944934 0.093353 0.214242
v -2.944808 0.094016 0.248067
v -2.945328 0.095840 0.282028
v -2.944626 0.095079 0.315587
v -2.945560 0.096108 0.349626
v -2.946070 0.096959 0.366862
v -2.946182 0.096743 0.384136
v -2.945290 0.094179 0.418452
v -2.943855 0.093393 0.452295
v -2.942915 0.092496 0.486225
v -2.942807 0.090675 0.520622
v -2.942900 0.091146 0.554998
v -2.942575 0.091522 0.589153
v -2.942851 0.091856 0.623464
v -2.942982 0.091923 0.657748
v -2.943030 0.091733 0.692097
v -2.944782 0.095517 0.710591
v -2.946493 0.102027 0.726505
v -2.939451 0.075411 0.059025
v -2.939593 0.075519 0.127417
v -2.939934 0.076457 0.162638
v -2.940936 0.077394 0.247845
v -2.941100 0.078952 0.281804
v -2.940703 0.078717 0.315569
v -2.941581 0.080656 0.349636
v -2.942062 0.081539 0.366849
v -2.939028 0.074956 0.520633
v -2.938967 0.074848 0.554956
v -2.938615 0.074820 0.589111
v -2.939111 0.075035 0.657730
v -2.939530 0.074957 0.693054
v -2.941784 0.078215 0.713465
v -2.950726 0.089809 0.692064
v -2.953154 0.100626 0.726711
v -2.950106 0.090269 0.657753
v -2.949618 0.090382 0.623475
v -2.949216 0.090185 0.589161
v -2.949274 0.089923 0.555006
v -2.948741 0.089500 0.520643
v -2.948346 0.091567 0.486232
v -2.948949 0.092458 0.452298
v -2.950279 0.093197 0.418459
v -2.951106 0.096028 0.384156
v -2.950514 0.095325 0.349628
v -2.949714 0.093987 0.315570
v -2.950334 0.094918 0.282017
v -2.950051 0.093146 0.248035
v -2.950348 0.092678 0.214169
v -2.950240 0.093138 0.180434
v -2.949261 0.091215 0.144693
v -2.949217 0.090558 0.110182
v -2.949455 0.090608 0.076167
v -2.949692 0.090900 0.044143
v -2.936875 0.057756 0.058720
v -2.936861 0.058114 0.127718
v -2.936039 0.058162 0.161985
v -2.936515 0.058448 0.247396
v -2.936621 0.059435 0.281483
v -2.936605 0.060262 0.315474
v -2.937441 0.062521 0.349632
v -2.937861 0.063290 0.366817
v -2.935591 0.057985 0.520701
v -2.935502 0.057868 0.554962
v -2.935232 0.057599 0.589142
v -2.935577 0.057309 0.657809
v -2.935870 0.057502 0.693882
v -2.937114 0.058514 0.714036
v -2.947498 0.073120 0.692875
v -2.944470 0.056735 0.713643
v -2.950706 0.082950 0.729626
v -2.946695 0.073421 0.657725
v -2.945920 0.073491 0.623423
v -2.945591 0.073409 0.589116
v -2.942119 0.056105 0.589146
v -2.945858 0.073462 0.554965
v -2.945726 0.073588 0.520648
v -2.945469 0.075052 0.486240
v -2.945904 0.075944 0.452233
v -2.941960 0.057250 0.452238
v -2.946982 0.077316 0.418344
v -2.942646 0.058893 0.418206
v -2.947797 0.080256 0.384103
v -2.943516 0.061927 0.384020
v -2.947222 0.079608 0.349640
v -2.943450 0.062225 0.366832
v -2.946445 0.077525 0.315556
v -2.946962 0.077848 0.281797
v -2.946916 0.076251 0.247814
v -2.947038 0.076014 0.214036
v -2.946011 0.076081 0.180257
v -2.941575 0.057059 0.179221
v -2.944893 0.074737 0.144743
v -2.941545 0.056975 0.161970
v -2.945256 0.074241 0.110265
v -2.942848 0.056876 0.127730
v -2.945199 0.074093 0.076088
v -2.942562 0.056237 0.075968
v -2.946155 0.074026 0.043623
v -2.943599 0.056441 0.058686
v -2.935190 0.040479 0.058958
v -2.936366 0.041660 0.046107
v -2.934323 0.039939 0.076512
v -2.935916 0.040674 0.111431
v -2.935881 0.040951 0.128477
v -2.935143 0.040965 0.145301
v -2.934059 0.040687 0.162060
v -2.933280 0.040624 0.178928
v -2.933197 0.041390 0.213000
v -2.933497 0.042279 0.247187
v -2.933622 0.043160 0.281325
v -2.933375 0.044087 0.315310
v -2.933851 0.045817 0.349475
v -2.934202 0.046230 0.366663
v -2.934230 0.045787 0.383837
v -2.933418 0.043348 0.418052
v -2.932938 0.042380 0.452263
v -2.932745 0.042327 0.486478
v -2.932911 0.042397 0.520758
v -2.932817 0.042294 0.554974
v -2.932644 0.041780 0.589190
v -2.951157 0.108340 0.709620
v -2.951101 0.107699 0.366895
v -2.950274 0.106486 0.162242
v -2.949097 0.104809 0.127257
v -2.949425 0.105820 0.058949
v -2.952204 0.093664 0.710655
v -2.951008 0.096194 0.366877
v -2.949970 0.092283 0.162814
v -2.949188 0.090719 0.127300
v -2.949603 0.090690 0.059543
v -2.949461 0.076257 0.713281
v -2.947689 0.080493 0.366862
v -2.945175 0.075410 0.162615
v -2.945158 0.074408 0.127397
v -2.945631 0.074169 0.059223
v -2.931878 0.024924 0.706821
v -2.932482 0.027905 0.417953
v -2.934342 0.030039 0.366477
v -2.937153 0.025539 0.162414
v -2.939250 0.026024 0.128878
v -2.938327 0.039206 0.710229
v -2.939490 0.044958 0.366675
v -2.941292 0.039355 0.162113
v -2.943476 0.039552 0.128572
v -2.942713 0.039042 0.059017
v -3.701815 -0.006235 -0.777640
v -3.698148 -0.006235 -0.780934
v -3.697109 -0.005957 -0.785744
v -3.699094 -0.005507 -0.790232
v -3.703345 -0.005057 -0.792685
v -3.708238 -0.004779 -0.792166
v -3.711904 -0.004779 -0.788872
v -3.712944 -0.005057 -0.784063
v -3.710959 -0.005507 -0.779574
v -3.706708 -0.005957 -0.777121
v -3.687696 0.182149 -0.759688
v -3.681803 0.182149 -0.764981
v -3.680134 0.182596 -0.772710
v -3.683323 0.183319 -0.779923
v -3.690155 0.184042 -0.783866
v -3.698018 0.184489 -0.783031
v -3.703910 0.184489 -0.777738
v -3.705580 0.184042 -0.770009
v -3.702390 0.183319 -0.762796
v -3.695559 0.182596 -0.758853
v -3.699316 0.026843 -0.774444
v -3.699783 0.027462 -0.775538
v -3.699228 0.027849 -0.774321
v -3.695123 0.027849 -0.778008
v -3.696274 0.027462 -0.778690
v -3.695236 0.026843 -0.778108
v -3.693960 0.028160 -0.783393
v -3.695280 0.027728 -0.783293
v -3.694080 0.027152 -0.783460
v -3.696182 0.028664 -0.788419
v -3.697179 0.028159 -0.787588
v -3.696289 0.027653 -0.788454
v -3.700941 0.029168 -0.791165
v -3.701247 0.028589 -0.789936
v -3.701018 0.028154 -0.791184
v -3.706420 0.029479 -0.790584
v -3.705930 0.028855 -0.789439
v -3.706463 0.028463 -0.790606
v -3.710525 0.029479 -0.786896
v -3.709439 0.028855 -0.786287
v -3.710542 0.028463 -0.786941
v -3.711688 0.029168 -0.781511
v -3.710433 0.028589 -0.781684
v -3.711698 0.028154 -0.781590
v -3.709466 0.028664 -0.776486
v -3.708534 0.028159 -0.777388
v -3.709490 0.027653 -0.776595
v -3.704707 0.028161 -0.773739
v -3.704466 0.027728 -0.775041
v -3.704760 0.027153 -0.773866
v -3.702162 -0.006676 -0.778425
v -3.700295 -0.006709 -0.779636
v -3.698892 -0.006676 -0.781363
v -3.698089 -0.006579 -0.783436
v -3.697965 -0.006428 -0.785653
v -3.698532 -0.006238 -0.787796
v -3.699735 -0.006027 -0.789656
v -3.701456 -0.005816 -0.791051
v -3.703526 -0.005625 -0.791844
v -3.705744 -0.005474 -0.791958
v -3.707891 -0.005377 -0.791381
v -3.709757 -0.005344 -0.790170
v -3.711161 -0.005377 -0.788443
v -3.711964 -0.005474 -0.786370
v -3.712088 -0.005625 -0.784154
v -3.711520 -0.005816 -0.782010
v -3.710317 -0.006026 -0.780150
v -3.706526 -0.006428 -0.777962
v -3.704309 -0.006579 -0.777849
v -3.705026 -0.006936 -0.784903
v -3.701815 -0.006235 0.742670
v -3.698148 -0.006235 0.745963
v -3.697109 -0.005957 0.750773
v -3.699094 -0.005507 0.755261
v -3.703345 -0.005057 0.757714
v -3.708238 -0.004779 0.757195
v -3.711904 -0.004779 0.753902
v -3.712944 -0.005057 0.749092
v -3.710959 -0.005507 0.744603
v -3.706708 -0.005957 0.742150
v -3.687696 0.182149 0.724717
v -3.681803 0.182149 0.730010
v -3.680133 0.182596 0.737739
v -3.683323 0.183319 0.744952
v -3.690154 0.184042 0.748895
v -3.698018 0.184489 0.748060
v -3.703910 0.184489 0.742767
v -3.705580 0.184042 0.735038
v -3.702390 0.183319 0.727825
v -3.695559 0.182596 0.723882
v -3.699316 0.026843 0.739473
v -3.699783 0.027462 0.740567
v -3.699228 0.027849 0.739350
v -3.695123 0.027849 0.743037
v -3.696274 0.027462 0.743719
v -3.695236 0.026843 0.743137
v -3.693960 0.028160 0.748422
v -3.695280 0.027728 0.748322
v -3.694080 0.027152 0.748489
v -3.696182 0.028664 0.753448
v -3.697179 0.028159 0.752618
v -3.696289 0.027653 0.753483
v -3.700941 0.029168 0.756194
v -3.701247 0.028589 0.754965
v -3.701018 0.028154 0.756213
v -3.706420 0.029479 0.755613
v -3.705930 0.028855 0.754468
v -3.706463 0.028463 0.755635
v -3.710525 0.029479 0.751925
v -3.709439 0.028855 0.751316
v -3.710542 0.028463 0.751970
v -3.711688 0.029168 0.746540
v -3.710433 0.028589 0.746713
v -3.711698 0.028154 0.746619
v -3.709466 0.028664 0.741515
v -3.708534 0.028159 0.742418
v -3.709490 0.027653 0.741624
v -3.704707 0.028161 0.738768
v -3.704466 0.027728 0.740070
v -3.704760 0.027153 0.738895
v -3.702162 -0.006676 0.743455
v -3.700295 -0.006709 0.744666
v -3.698892 -0.006676 0.746392
v -3.698089 -0.006579 0.748465
v -3.697965 -0.006428 0.750682
v -3.698532 -0.006238 0.752825
v -3.699735 -0.006027 0.754685
v -3.701456 -0.005816 0.756080
v -3.703526 -0.005625 0.756873
v -3.705744 -0.005474 0.756987
v -3.707891 -0.005377 0.756410
v -3.709757 -0.005344 0.755199
v -3.711161 -0.005377 0.753473
v -3.711964 -0.005474 0.751399
v -3.712088 -0.005625 0.749183
v -3.711520 -0.005816 0.747039
v -3.710317 -0.006026 0.745179
v -3.706526 -0.006428 0.742991
v -3.704309 -0.006579 0.742878
v -3.705026 -0.006936 0.749932
v -2.962075 -0.006235 -0.777640
v -2.965741 -0.006235 -0.780934
v -2.966781 -0.005957 -0.785744
v -2.964796 -0.005507 -0.790232
v -2.960545 -0.005057 -0.792685
v -2.955652 -0.004779 -0.792166
v -2.951985 -0.004779 -0.788872
v -2.950946 -0.005057 -0.784063
v -2.952931 -0.005507 -0.779574
v -2.957182 -0.005957 -0.777121
v -2.976194 0.182149 -0.759688
v -2.982086 0.182149 -0.764981
v -2.983756 0.182596 -0.772710
v -2.980567 0.183319 -0.779923
v -2.973735 0.184042 -0.783866
v -2.965872 0.184489 -0.783031
v -2.959980 0.184489 -0.777738
v -2.958310 0.184042 -0.770009
v -2.961500 0.183319 -0.762796
v -2.968331 0.182596 -0.758853
v -2.964574 0.026843 -0.774444
v -2.964107 0.027462 -0.775538
v -2.964662 0.027849 -0.774321
v -2.968766 0.027849 -0.778008
v -2.967615 0.027462 -0.778690
v -2.968653 0.026843 -0.778108
v -2.969930 0.028160 -0.783393
v -2.968610 0.027728 -0.783293
v -2.969810 0.027152 -0.783460
v -2.967708 0.028664 -0.788419
v -2.966710 0.028159 -0.787588
v -2.967601 0.027653 -0.788454
v -2.962948 0.029168 -0.791165
v -2.962642 0.028589 -0.789936
v -2.962872 0.028154 -0.791184
v -2.957470 0.029479 -0.790584
v -2.957960 0.028855 -0.789439
v -2.957427 0.028463 -0.790606
v -2.953365 0.029479 -0.786896
v -2.954451 0.028855 -0.786287
v -2.953348 0.028463 -0.786941
v -2.952201 0.029168 -0.781511
v -2.953456 0.028589 -0.781684
v -2.952191 0.028154 -0.781590
v -2.954424 0.028664 -0.776486
v -2.955356 0.028159 -0.777388
v -2.954400 0.027653 -0.776595
v -2.959183 0.028161 -0.773739
v -2.959424 0.027728 -0.775041
v -2.959130 0.027153 -0.773866
v -2.961728 -0.006676 -0.778425
v -2.963594 -0.006709 -0.779636
v -2.964998 -0.006676 -0.781363
v -2.965801 -0.006579 -0.783436
v -2.965925 -0.006428 -0.785653
v -2.965358 -0.006238 -0.787796
v -2.964155 -0.006027 -0.789656
v -2.962434 -0.005816 -0.791051
v -2.960363 -0.005625 -0.791844
v -2.958146 -0.005474 -0.791958
v -2.955999 -0.005377 -0.791381
v -2.954132 -0.005344 -0.790170
v -2.952729 -0.005377 -0.788443
v -2.951926 -0.005474 -0.786370
v -2.951802 -0.005625 -0.784154
v -2.952369 -0.005815 -0.782010
v -2.953572 -0.006026 -0.780150
v -2.957364 -0.006428 -0.777962
v -2.959581 -0.006579 -0.777849
v -2.958863 -0.006936 -0.784903
v -2.962075 -0.006235 0.742670
v -2.965741 -0.006235 0.745963
v -2.966781 -0.005957 0.750773
v -2.964796 -0.005507 0.755261
v -2.960545 -0.005057 0.757714
v -2.955652 -0.004779 0.757195
v -2.951985 -0.004779 0.753902
v -2.950946 -0.005057 0.749092
v -2.952931 -0.005507 0.744603
v -2.957182 -0.005957 0.742150
v -2.976194 0.182149 0.724717
v -2.982086 0.182149 0.730010
v -2.983756 0.182596 0.737739
v -2.980567 0.183319 0.744952
v -2.973735 0.184042 0.748895
v -2.965872 0.184489 0.748060
v -2.959980 0.184489 0.742767
v -2.958310 0.184042 0.735038
v -2.961500 0.183319 0.727825
v -2.968331 0.182596 0.723882
v -2.964574 0.026843 0.739473
v -2.964107 0.027462 0.740567
v -2.964661 0.027849 0.739350
v -2.968766 0.027849 0.743037
v -2.967615 0.027462 0.743719
v -2.968653 0.026843 0.743137
v -2.969930 0.028160 0.748422
v -2.968610 0.027728 0.748322
v -2.969810 0.027152 0.748489
v -2.967708 0.028664 0.753448
v -2.966710 0.028159 0.752618
v -2.967601 0.027653 0.753483
v -2.962948 0.029168 0.756194
v -2.962642 0.028589 0.754965
v -2.962871 0.028154 0.756213
v -2.957470 0.029479 0.755613
v -2.957960 0.028855 0.754468
v -2.957427 0.028463 0.755635
v -2.953365 0.029479 0.751925
v -2.954451 0.028855 0.751316
v -2.953348 0.028463 0.751970
v -2.952201 0.029168 0.746540
v -2.953456 0.028589 0.746713
v -2.952191 0.028154 0.746619
v -2.954424 0.028664 0.741515
v -2.955356 0.028159 0.742418
v -2.954400 0.027653 0.741624
v -2.959183 0.028161 0.738768
v -2.959424 0.027728 0.740070
v -2.959130 0.027153 0.738895
v -2.961728 -0.006676 0.743455
v -2.963594 -0.006709 0.744666
v -2.964998 -0.006676 0.746392
v -2.965801 -0.006579 0.748465
v -2.965925 -0.006428 0.750682
v -2.965358 -0.006238 0.752825
v -2.964154 -0.006027 0.754685
v -2.962434 -0.005816 0.756080
v -2.960363 -0.005625 0.756873
v -2.958146 -0.005474 0.756987
v -2.955999 -0.005377 0.756410
v -2.954132 -0.005344 0.755199
v -2.952729 -0.005377 0.753473
v -2.951926 -0.005474 0.751399
v -2.951802 -0.005625 0.749183
v -2.952369 -0.005815 0.747039
v -2.953572 -0.006026 0.745179
v -2.957364 -0.006428 0.742991
v -2.959581 -0.006579 0.742878
v -2.958863 -0.006936 0.749932
vn -0.0000 -1.0000 -0.0000
vn -0.0002 -1.0000 -0.0000
vn 0.0005 1.0000 -0.0002
vn 0.0006 1.0000 -0.0000
vn -0.0000 1.0000 -0.0000
vn 0.0001 1.0000 -0.0000
vn -0.0003 -1.0000 -0.0000
vn 0.0002 1.0000 -0.0000
vn -0.0000 -1.0000 0.0022
vn -0.0000 -1.0000 0.0023
vn -0.0005 -1.0000 0.0023
vn -0.0001 1.0000 -0.0013
vn 0.0003 1.0000 0.0001
vn 0.0003 1.0000 -0.0014
vn -0.0005 1.0000 -0.0018
vn -0.0005 1.0000 -0.0027
vn 0.0003 1.0000 -0.0030
vn -0.0008 -1.0000 -0.0001
vn -0.0011 -1.0000 -0.0001
vn -0.0013 -1.0000 -0.0001
vn -0.0005 -1.0000 -0.0000
vn -0.0000 1.0000 0.0001
vn -0.0001 1.0000 0.0003
vn 0.0004 1.0000 0.0007
vn 0.0007 1.0000 0.0002
vn 0.0017 1.0000 0.0003
vn 0.0429 -0.9983 0.0398
vn 0.0434 -0.6124 0.7893
vn 0.0037 -0.6193 0.7852
vn 0.0030 -0.9990 0.0444
vn -0.0000 -0.6210 0.7838
vn -0.0000 -0.9990 0.0447
vn 0.0394 -0.0549 0.9977
vn 0.0031 -0.0604 0.9982
vn -0.0000 -0.0607 0.9982
vn 0.9973 -0.0593 0.0430
vn 0.6567 -0.7532 0.0375
vn 0.6447 -0.7644 0.0064
vn 0.9960 -0.0883 0.0158
vn 0.0451 -0.9990 0.0023
vn 0.5616 -0.0530 0.8257
vn 0.5407 -0.0027 0.8412
vn 0.0435 -0.0035 0.9990
vn 0.5114 0.0073 0.8593
vn 0.0434 0.0008 0.9991
vn 0.9975 -0.0105 0.0697
vn 0.9913 0.0025 0.1315
vn -0.0716 -0.0018 0.9974
vn -0.6572 -0.0047 0.7537
vn -0.6564 -0.0217 0.7541
vn -0.0730 -0.0100 0.9973
vn -0.6718 -0.0669 0.7377
vn -0.0779 -0.0563 0.9954
vn -0.9989 -0.0018 0.0462
vn -0.9988 -0.0108 0.0484
vn -0.9971 -0.0613 0.0444
vn -0.0962 -0.9945 0.0421
vn -0.7898 -0.6117 0.0460
vn -0.7905 -0.6123 0.0092
vn -0.0943 -0.9955 0.0057
vn -0.9982 -0.0605 0.0051
vn -0.1072 -0.5898 0.8004
vn -0.0251 -0.6030 0.7973
vn -0.0137 -0.0604 0.9981
vn -0.0059 -0.6159 0.7878
vn -0.0025 -0.0617 0.9981
vn -0.0119 -0.9988 0.0469
vn -0.0013 -0.9990 0.0456
vn 0.0099 0.9956 -0.0933
vn 0.4386 0.8941 -0.0908
vn 0.4825 0.8759 -0.0041
vn 0.0516 0.9987 -0.0049
vn 0.9865 0.1634 -0.0134
vn 0.9835 0.1808 0.0045
vn 0.0402 0.0255 -0.9989
vn -0.0180 0.1912 -0.9814
vn 0.0065 0.1280 -0.9917
vn 0.0039 0.0155 -0.9999
vn -0.0551 0.8425 -0.5358
vn 0.0059 0.8120 -0.5836
vn 0.0141 0.7442 -0.6678
vn 0.0082 0.1081 -0.9941
vn 0.0026 0.0163 -0.9999
vn 0.0029 0.9968 -0.0794
vn 0.0036 0.9961 -0.0886
vn 0.9851 0.0300 -0.1693
vn 0.5339 0.0481 -0.8442
vn 0.4639 0.0516 -0.8844
vn 0.9733 0.0517 -0.2238
vn 0.4427 0.1222 -0.8883
vn 0.9388 0.1529 -0.3088
vn 0.0523 0.0157 -0.9985
vn 0.0639 0.0534 -0.9965
vn 0.9948 0.0261 -0.0983
vn 0.9923 0.0587 -0.1093
vn 0.9986 0.0511 -0.0104
vn 0.9999 0.0117 -0.0058
vn 0.8238 0.5338 -0.1911
vn 0.8376 0.5459 -0.0230
vn 0.2194 0.9605 -0.1713
vn 0.1790 0.9837 -0.0163
vn 0.0930 0.0216 -0.9954
vn 0.5951 0.0516 -0.8020
vn 0.5671 0.0414 -0.8226
vn 0.0767 0.0181 -0.9969
vn 0.5839 0.0542 -0.8100
vn 0.0574 0.0256 -0.9980
vn 0.9976 0.0157 -0.0675
vn 0.9986 0.0295 -0.0445
vn 0.2363 0.4874 -0.8406
vn 0.0533 0.5345 -0.8435
vn 0.0255 0.9940 -0.1067
vn 0.0126 0.5588 -0.8292
vn 0.0033 0.9961 -0.0880
vn 0.1138 0.0392 -0.9927
vn 0.0182 0.0303 -0.9994
vn 0.0101 0.0073 -0.9999
vn 0.0012 0.0030 -1.0000
vn 0.0070 0.0248 -0.9997
vn 0.0245 0.9997 -0.0008
vn 0.9268 0.3741 -0.0331
vn 0.9391 0.3437 -0.0010
vn 0.0409 0.9992 -0.0001
vn 0.9998 0.0213 -0.0020
vn 0.0664 0.2991 -0.9519
vn 0.0297 0.3262 -0.9448
vn 0.0059 0.0305 -0.9995
vn 0.0342 0.3184 -0.9474
vn 0.0094 0.0331 -0.9994
vn 0.0574 0.9932 -0.1016
vn 0.0548 0.9871 -0.1507
vn 0.0580 0.9766 -0.2073
vn -0.9990 0.0184 0.0405
vn -0.9343 0.3549 0.0332
vn -0.9367 0.3501 0.0020
vn -0.9998 0.0200 0.0020
vn -0.0528 0.9981 0.0303
vn -0.0499 0.9988 0.0010
vn -0.0574 0.3269 0.9433
vn -0.0015 0.3254 0.9456
vn 0.0019 0.9991 0.0415
vn 0.0094 0.3181 0.9480
vn 0.0251 0.9965 0.0799
vn -0.0628 0.0173 0.9979
vn -0.0038 0.0195 0.9998
vn 0.0007 0.0201 0.9998
vn 0.7540 0.4822 -0.4462
vn 0.8247 0.5360 -0.1806
vn 0.9856 0.1351 -0.1015
vn 0.7972 0.5973 0.0874
vn 0.9769 0.1706 0.1289
vn 0.3202 0.7801 -0.5376
vn 0.3777 0.9226 -0.0787
vn 0.3493 0.9219 0.1677
vn 0.1163 0.2320 -0.9657
vn 0.0497 0.2376 -0.9701
vn 0.1534 0.8430 -0.5156
vn 0.0252 0.2705 -0.9624
vn 0.0962 0.8797 -0.4657
vn 0.0107 0.0357 -0.9993
vn 0.0027 0.0409 -0.9992
vn 0.0575 0.0440 0.9974
vn 0.1975 0.3813 0.9031
vn 0.0967 0.3993 0.9117
vn 0.0207 0.0364 0.9991
vn 0.0644 0.4341 0.8986
vn 0.0074 0.0318 0.9995
vn 0.1728 0.9697 0.1726
vn 0.1284 0.9829 0.1321
vn 0.9998 0.0202 -0.0000
vn 0.9403 0.3404 -0.0000
vn 0.9998 0.0201 -0.0000
vn 0.0421 0.9991 -0.0000
vn 0.0421 0.9991 -0.0001
vn 0.9984 -0.0345 -0.0452
vn 0.5863 -0.0474 -0.8087
vn 0.5605 0.0007 -0.8281
vn 0.9983 0.0054 -0.0574
vn 0.5200 0.0067 -0.8541
vn 0.9972 0.0147 -0.0730
vn 0.0389 -0.0540 -0.9978
vn 0.0429 -0.0025 -0.9991
vn 0.0434 0.0008 -0.9991
vn 0.0426 -0.9963 -0.0746
vn 0.7111 -0.7013 -0.0494
vn 0.7040 -0.7102 -0.0085
vn 0.0458 -0.9989 -0.0051
vn 0.6426 -0.7661 -0.0125
vn 0.0452 -0.9990 -0.0017
vn 0.9995 -0.0302 -0.0098
vn 0.9983 -0.0569 -0.0115
vn -0.9960 -0.0059 -0.0891
vn -0.6613 -0.0114 -0.7501
vn -0.6770 -0.0210 -0.7357
vn -0.9960 -0.0136 -0.0879
vn -0.6888 -0.0426 -0.7237
vn -0.9958 -0.0523 -0.0754
vn -0.0750 -0.0047 -0.9972
vn -0.0835 -0.0099 -0.9965
vn -0.0883 -0.0407 -0.9953
vn -0.8205 -0.5686 -0.0597
vn -0.8097 -0.5867 0.0103
vn -0.9979 -0.0644 -0.0027
vn -0.8103 -0.5859 0.0053
vn -0.9977 -0.0675 0.0006
vn -0.1014 -0.9925 -0.0687
vn -0.1152 -0.9933 0.0030
vn -0.1205 -0.9927 0.0031
vn -0.0025 -0.9960 -0.0890
vn -0.0054 -0.6111 -0.7915
vn 0.0005 -0.6109 -0.7917
vn -0.0000 -0.9961 -0.0880
vn -0.0000 -0.6061 -0.7954
vn -0.0025 -0.0531 -0.9986
vn 0.0004 -0.0511 -0.9987
vn -0.0001 -0.0499 -0.9988
vn 0.9964 0.0836 0.0118
vn 0.5974 0.7950 0.1050
vn 0.6095 0.7928 -0.0020
vn 0.9969 0.0788 -0.0006
vn 0.6233 0.7819 0.0019
vn 0.9951 0.0993 -0.0024
vn 0.0682 0.9856 0.1551
vn 0.0443 0.9990 0.0033
vn 0.0439 0.9990 0.0005
vn 0.0525 0.0160 0.9985
vn 0.4463 0.0251 0.8946
vn 0.4159 0.0157 0.9093
vn 0.0484 0.0062 0.9988
vn 0.4279 0.0538 0.9022
vn 0.0548 0.0385 0.9978
vn 0.9968 0.0194 0.0771
vn 0.9939 0.0243 0.1075
vn 0.9889 0.1008 0.1091
vn 0.1575 0.9499 0.2698
vn 0.5995 0.7459 0.2902
vn 0.7099 0.7025 0.0510
vn 0.1862 0.9808 0.0585
vn 0.7164 0.6976 -0.0100
vn 0.1842 0.9829 -0.0057
vn 0.9742 0.1868 0.1264
vn 0.9953 0.0927 0.0277
vn 0.9963 0.0399 0.0767
vn 0.9998 0.0181 0.0100
vn 0.9999 0.0126 -0.0003
vn 0.9972 0.0753 -0.0023
vn 0.0476 0.0320 0.9984
vn 0.0741 0.1629 0.9838
vn 0.0284 0.1069 0.9939
vn 0.0080 0.0197 0.9998
vn 0.1679 0.7486 0.6414
vn 0.0718 0.7427 0.6657
vn 0.0321 0.7007 0.7128
vn 0.0091 0.0696 0.9975
vn 0.0016 0.0131 0.9999
vn 0.0479 0.9772 0.2070
vn 0.0215 0.9859 0.1662
vn 0.5813 0.0961 0.8080
vn 0.5974 0.0100 0.8019
vn 0.9979 0.0061 0.0650
vn 0.6102 0.0293 0.7917
vn 0.9979 0.0215 0.0606
vn 0.0443 0.0055 0.9990
vn 0.0445 0.0223 0.9988
vn 0.9262 0.3723 0.0599
vn 0.9356 0.3529 0.0041
vn 0.9998 0.0203 0.0041
vn 0.9378 0.3472 0.0036
vn 0.0275 0.9996 0.0015
vn 0.0391 0.9992 0.0007
vn 0.0412 0.9991 -0.0000
vn 0.0378 0.9988 0.0325
vn 0.0608 0.3609 0.9306
vn 0.0234 0.3497 0.9366
vn 0.0472 0.9972 0.0584
vn 0.0221 0.3622 0.9319
vn 0.0492 0.9956 0.0798
vn 0.0045 0.0224 0.9997
vn 0.0020 0.0242 0.9997
vn -0.0447 0.9978 -0.0489
vn -0.9340 0.3524 -0.0592
vn -0.9401 0.3409 -0.0052
vn -0.0410 0.9992 -0.0037
vn -0.9448 0.3275 -0.0059
vn -0.0471 0.9989 -0.0035
vn -0.9967 0.0187 -0.0786
vn -0.9998 0.0187 -0.0050
vn -0.9998 0.0186 -0.0017
vn -0.0628 0.0174 -0.9979
vn -0.0588 0.3284 -0.9427
vn -0.0028 0.3256 -0.9455
vn -0.0039 0.0196 -0.9998
vn 0.0081 0.3133 -0.9496
vn 0.0005 0.0198 -0.9998
vn 0.0053 0.9984 -0.0555
vn 0.0301 0.9975 -0.0637
vn 0.2759 0.9443 0.1794
vn 0.7608 0.6321 0.1475
vn 0.7825 0.6176 -0.0793
vn 0.2916 0.9481 -0.1270
vn 0.9930 0.0978 -0.0667
vn -0.0002 -0.0001 1.0000
vn -0.0049 -0.0004 1.0000
vn -0.0070 -0.0049 1.0000
vn -0.0007 -0.0035 1.0000
vn 0.0260 0.9996 0.0051
vn 0.1002 0.9897 -0.1027
vn -1.0000 -0.0070 0.0032
vn -1.0000 -0.0009 0.0025
vn -0.0083 -1.0000 0.0031
vn 0.1679 0.9853 -0.0301
vn 0.1176 0.9919 -0.0470
vn 0.0029 -0.0034 1.0000
vn 0.0030 -0.0000 1.0000
vn -0.0000 -0.0000 1.0000
vn -0.0000 -0.0032 1.0000
vn 0.0031 -1.0000 0.0023
vn -0.0000 0.0014 1.0000
vn -0.0042 0.0014 1.0000
vn -0.0693 0.0013 0.9976
vn -0.9990 0.0015 0.0442
vn -1.0000 0.0015 0.0023
vn 0.0004 0.0064 -1.0000
vn 0.0033 0.0052 -1.0000
vn 0.9994 0.0320 -0.0126
vn 0.9998 0.0054 0.0196
vn 0.9820 0.0258 0.1873
vn 0.0455 0.0079 0.9989
vn 0.0052 0.0038 1.0000
vn 0.0013 0.0023 1.0000
vn 0.0037 1.0000 0.0001
vn 0.0036 1.0000 -0.0000
vn 0.0531 0.9986 0.0004
vn 0.0475 0.9989 -0.0006
vn 1.0000 0.0031 -0.0000
vn 1.0000 0.0030 -0.0000
vn 0.9999 0.0131 0.0002
vn 0.9999 0.0134 0.0002
vn -0.0451 0.9990 -0.0006
vn -0.0474 0.9989 -0.0001
vn -1.0000 -0.0003 -0.0002
vn -1.0000 0.0015 -0.0001
vn -1.0000 0.0016 -0.0001
vn -1.0000 -0.0007 -0.0002
vn -0.9998 0.0192 -0.0005
vn -0.9998 0.0201 0.0002
vn -0.9985 -0.0553 -0.0010
vn -1.0000 -0.0028 -0.0005
vn -1.0000 -0.0027 -0.0008
vn -0.9991 -0.0435 -0.0024
vn -0.0059 -1.0000 -0.0000
vn -0.0063 -1.0000 -0.0001
vn -0.0771 -0.9970 -0.0004
vn -0.0816 -0.9967 -0.0009
vn 0.0444 -0.9990 -0.0000
vn 0.0030 -1.0000 -0.0000
vn 0.0034 -1.0000 -0.0000
vn 0.9869 0.1613 -0.0022
vn 1.0000 -0.0072 -0.0015
vn 1.0000 -0.0080 -0.0051
vn 0.9874 0.1582 -0.0048
vn 0.9908 -0.1351 -0.0009
vn 0.9926 -0.1218 -0.0034
vn -0.0000 -0.0031 1.0000
vn -0.0000 -0.0606 0.9982
vn 0.0015 0.0232 0.9997
vn 0.0015 0.0213 0.9998
vn -0.0000 0.0015 1.0000
vn 0.0457 0.9930 0.1088
vn 0.0447 0.9990 -0.0021
vn 0.0493 0.9914 0.1215
vn 0.0486 0.9987 -0.0126
vn 0.0060 0.0046 -1.0000
vn 0.0016 0.0046 -1.0000
vn 0.1427 0.9898 0.0022
vn 0.1450 0.9894 0.0049
vn 0.0071 1.0000 0.0007
vn 0.0105 0.9999 -0.0000
vn 0.0016 0.0259 0.9997
vn 0.0013 0.0249 0.9997
vn 0.0001 0.0015 1.0000
vn 0.0530 0.9909 0.1235
vn 0.0548 0.9982 -0.0259
vn 0.0672 0.9917 0.1097
vn 0.0714 0.9963 -0.0481
vn 0.0822 0.9272 -0.3655
vn 0.0660 0.9575 -0.2806
vn 0.0010 0.0070 -1.0000
vn -0.0015 0.0013 -1.0000
vn 0.0088 0.0323 -0.9994
vn 0.0050 0.0410 -0.9991
vn -0.0000 0.0089 -1.0000
vn -0.0030 0.0072 -1.0000
vn 0.0030 0.0279 0.9996
vn 0.0970 0.9894 0.1080
vn 0.0925 0.9937 -0.0632
vn 0.0846 0.9008 -0.4260
vn -0.0002 0.0082 -1.0000
vn 0.0012 0.0130 -0.9999
vn 0.0004 0.0469 -0.9989
vn -0.0004 -0.0008 -1.0000
vn -0.0009 -0.0036 -1.0000
vn -0.0089 -0.0049 -0.9999
vn -0.0059 -0.0012 -1.0000
vn -0.0149 -0.0517 -0.9986
vn 0.0222 0.9997 0.0087
vn -1.0000 -0.0090 -0.0011
vn -0.9999 -0.0095 -0.0088
vn -1.0000 -0.0022 -0.0004
vn -1.0000 -0.0028 -0.0076
vn -0.0013 -1.0000 -0.0061
vn -0.0116 -0.9999 -0.0058
vn -0.0158 -0.9959 -0.0888
vn -0.0112 -0.9999 0.0001
vn 0.1268 0.9826 -0.1356
vn 0.1256 0.9760 0.1776
vn 0.1783 0.9674 0.1795
vn 0.1789 0.9727 -0.1475
vn 0.0028 -0.0599 -0.9982
vn 0.0028 -0.0032 -1.0000
vn -0.0004 -0.0577 -0.9983
vn -0.0004 -0.0033 -1.0000
vn -0.0002 -0.0002 -1.0000
vn 0.0028 0.0001 -1.0000
vn 0.0034 -1.0000 -0.0001
vn 0.0029 -1.0000 -0.0057
vn -0.0000 -1.0000 -0.0058
vn 0.0029 -0.9962 -0.0867
vn -0.0046 0.0013 -1.0000
vn -0.0000 0.0014 -1.0000
vn -0.0704 0.0005 -0.9975
vn -1.0000 0.0014 -0.0062
vn -0.9963 0.0007 -0.0863
vn -1.0000 0.0015 -0.0004
vn -0.0002 0.0145 0.9999
vn 0.0060 0.0152 0.9999
vn 0.0060 0.0052 1.0000
vn -0.0002 0.0048 1.0000
vn 0.0195 0.0426 0.9989
vn 0.0040 0.0368 0.9993
vn 0.9973 0.0246 -0.0693
vn 0.0042 0.0032 -1.0000
vn 0.0448 0.0066 -0.9990
vn 0.0004 0.0027 -1.0000
vn 0.0045 0.0306 -0.9995
vn 0.0154 0.0370 -0.9992
vn 0.0468 0.0370 -0.9982
vn -0.0461 0.9989 0.0002
vn -1.0000 -0.0011 -0.0002
vn -1.0000 0.0016 -0.0000
vn -0.9998 0.0198 0.0004
vn -0.9992 -0.0389 -0.0024
vn -1.0000 -0.0040 -0.0007
vn -0.0071 -1.0000 -0.0002
vn -0.0930 -0.9957 -0.0017
vn 0.0439 -0.9990 0.0001
vn 0.9895 0.1446 0.0006
vn 1.0000 -0.0003 -0.0007
vn 0.9946 -0.1042 0.0011
vn 0.0032 1.0000 -0.0000
vn 0.0429 0.9991 0.0012
vn 0.9998 0.0204 -0.0000
vn 0.9999 0.0142 -0.0000
vn -0.0000 -1.0000 -0.0059
vn -0.0000 -0.0007 -1.0000
vn -0.0001 -0.0037 -1.0000
vn 0.0002 -0.0034 -1.0000
vn 0.0001 -0.0006 -1.0000
vn 0.0025 0.0232 -0.9997
vn 0.0002 0.0016 -1.0000
vn 0.0001 0.0015 -1.0000
vn 0.0020 0.0213 -0.9998
vn 0.0474 0.9962 -0.0735
vn 0.0498 0.9941 -0.0966
vn 0.0036 0.0036 1.0000
vn 0.0002 0.0031 1.0000
vn 0.1639 0.9865 0.0035
vn 0.0099 1.0000 -0.0001
vn 0.0001 -0.0005 -1.0000
vn -0.0002 -0.0034 -1.0000
vn -0.0000 -0.0002 -1.0000
vn 0.0002 -0.0523 -0.9986
vn -0.0004 -0.0524 -0.9986
vn 0.0028 0.0281 -0.9996
vn 0.0001 0.0016 -1.0000
vn 0.0001 0.0018 -1.0000
vn 0.0016 0.0241 -0.9997
vn 0.0562 0.9926 0.1079
vn 0.0531 0.9919 -0.1153
vn 0.0741 0.9873 0.1405
vn 0.0705 0.9899 -0.1229
vn 0.0001 0.0089 1.0000
vn 0.0002 0.0032 1.0000
vn -0.0010 0.0090 1.0000
vn 0.0001 0.0033 1.0000
vn 0.0035 0.0305 0.9995
vn 0.0024 0.0259 0.9997
vn -0.0003 -0.0034 -1.0000
vn -0.0000 -0.0001 -1.0000
vn -0.0006 -0.0530 -0.9986
vn 0.0004 0.0022 -1.0000
vn 0.0044 0.0297 -0.9996
vn 0.0926 0.9812 0.1692
vn 0.0926 0.9872 -0.1301
vn -0.0016 0.0118 0.9999
vn -0.0004 0.0039 1.0000
vn 0.0029 0.0337 0.9994
vn 1.0000 0.0043 -0.0035
vn 0.0055 1.0000 -0.0027
vn -0.0026 0.9958 -0.0912
vn -0.0067 0.9944 -0.1051
vn -0.0029 0.9948 -0.1019
vn 0.0048 1.0000 -0.0031
vn 0.9998 -0.0041 0.0202
vn 1.0000 0.0048 0.0054
vn 0.9918 -0.1276 0.0043
vn 0.0031 -1.0000 -0.0000
vn 0.0450 -0.9990 0.0002
vn -0.0066 -1.0000 0.0002
vn -0.0833 -0.9965 0.0016
vn -1.0000 -0.0048 0.0003
vn -0.9983 -0.0588 0.0018
vn -1.0000 -0.0007 -0.0000
vn -0.9998 0.0199 -0.0000
vn -0.0449 0.9990 0.0004
vn 0.9999 0.0120 0.0002
vn 0.0051 1.0000 0.0005
vn 0.1585 0.9874 0.0030
vn 0.0045 1.0000 0.0003
vn 0.0545 0.9985 0.0018
vn 1.0000 -0.0021 -0.0004
vn 0.9858 0.1678 0.0010
vn 0.9905 -0.1374 -0.0010
vn 0.0446 -0.9990 -0.0000
vn -0.0060 -1.0000 0.0001
vn -0.0772 -0.9970 0.0004
vn -1.0000 -0.0034 -0.0000
vn -0.9982 -0.0594 0.0006
vn -1.0000 -0.0002 -0.0002
vn -1.0000 0.0015 -0.0002
vn -0.9998 0.0200 -0.0006
vn 0.0420 0.9991 -0.0000
vn -0.0442 0.9990 -0.0000
vn -0.0458 0.9989 0.0014
vn -0.0451 0.9990 0.0001
vn -1.0000 -0.0020 0.0009
vn -1.0000 0.0012 0.0002
vn -1.0000 -0.0022 0.0006
vn -1.0000 0.0011 0.0004
vn -0.9998 0.0199 0.0005
vn -0.9998 0.0215 -0.0002
vn -0.9979 -0.0645 -0.0020
vn -1.0000 -0.0078 0.0007
vn -0.9988 -0.0493 -0.0000
vn -1.0000 -0.0059 0.0004
vn -0.0088 -1.0000 -0.0004
vn -0.0106 -0.9999 -0.0008
vn -0.1122 -0.9937 -0.0024
vn -0.1194 -0.9928 -0.0053
vn 0.0432 -0.9991 -0.0001
vn 0.0029 -1.0000 -0.0000
vn 0.0431 -0.9991 -0.0000
vn 1.0000 0.0017 -0.0007
vn 1.0000 0.0015 -0.0084
vn 1.0000 0.0070 -0.0054
vn 0.9970 -0.0772 -0.0052
vn 0.9979 -0.0646 -0.0011
vn 0.0035 0.9784 0.2067
vn 0.0008 1.0000 0.0093
vn 0.0049 1.0000 0.0074
vn 0.0181 0.9801 0.1975
vn 0.0036 1.0000 0.0001
vn -0.0106 0.9878 0.1556
vn -0.0007 1.0000 0.0063
vn -0.0008 1.0000 0.0088
vn -0.0123 0.9815 0.1913
vn 0.0044 0.9999 0.0120
vn 0.0006 1.0000 0.0065
vn 0.0040 0.9887 0.1498
vn 0.0129 0.9996 0.0234
vn 0.0076 1.0000 0.0006
vn 1.0000 0.0037 0.0054
vn 1.0000 0.0030 0.0001
vn -0.0456 0.9990 -0.0001
vn -1.0000 -0.0017 -0.0000
vn -1.0000 0.0013 0.0002
vn -0.9998 0.0199 0.0003
vn -0.9992 -0.0407 -0.0010
vn -1.0000 -0.0049 -0.0002
vn -0.0079 -1.0000 -0.0002
vn -0.1042 -0.9946 -0.0014
vn 0.0434 -0.9991 0.0001
vn 0.0027 -1.0000 -0.0000
vn 0.9927 0.1204 -0.0013
vn 1.0000 0.0058 -0.0030
vn 0.9959 -0.0899 -0.0014
vn 0.0034 1.0000 -0.0001
vn 0.0436 0.9990 0.0003
vn 0.1837 0.9830 0.0006
vn 0.0088 1.0000 0.0002
vn 0.9999 0.0139 -0.0003
vn 0.9759 0.1709 -0.1355
vn 0.9875 0.0701 -0.1410
vn 0.9997 0.0180 0.0172
vn 0.9934 0.1011 0.0538
vn 0.4675 0.0209 0.8838
vn 0.4473 0.0927 0.8896
vn -0.6578 0.0014 0.7532
vn -0.6521 0.0172 0.7579
vn 0.6297 -0.7769 0.0012
vn -0.7774 -0.6291 0.0042
vn -0.0000 -0.6208 0.7839
vn 0.0178 0.3271 0.9448
vn 0.0197 0.3513 0.9361
vn -0.9438 0.3307 0.0013
vn 0.7030 0.7112 0.0058
vn 0.7394 0.6732 0.0086
vn 0.9964 0.0842 0.0026
vn 0.9974 0.0727 0.0023
vn 0.6382 -0.7699 -0.0005
vn 0.6338 -0.7735 -0.0001
vn -0.9607 0.2775 0.0004
vn -0.9595 0.2817 -0.0013
vn -0.8075 -0.5899 -0.0036
vn -0.7657 -0.6432 -0.0019
vn 0.5835 0.8121 -0.0035
vn 0.5865 0.8100 -0.0010
vn 0.0204 0.3793 0.9251
vn 0.0265 0.4025 0.9150
vn 0.0339 0.2784 -0.9599
vn 0.0301 0.2674 -0.9631
vn -0.0096 0.5989 -0.8008
vn -0.0259 0.6024 -0.7977
vn -0.0033 0.0278 -0.9996
vn -0.0126 0.0392 -0.9992
vn -0.0000 -0.6209 0.7839
vn 0.0443 0.4303 0.9016
vn 0.0224 0.2787 -0.9601
vn -0.0008 0.0702 -0.9975
vn -0.0075 0.6496 -0.7602
vn 0.4695 0.0192 -0.8827
vn 0.4210 0.0756 -0.9039
vn -0.6615 -0.0001 -0.7500
vn -0.6495 0.0178 -0.7601
vn -0.1102 -0.5592 -0.8217
vn -0.0271 -0.5941 -0.8039
vn 0.6036 -0.7973 -0.0012
vn 0.6010 -0.7992 -0.0011
vn -0.8198 -0.5726 -0.0091
vn -0.8612 -0.5082 -0.0024
vn 0.0764 0.6688 0.7395
vn 0.0265 0.6747 0.7377
vn 0.0035 0.6579 0.7531
vn 0.0484 0.0584 0.9971
vn 0.0086 0.0652 0.9978
vn 0.0013 0.0637 0.9980
vn -0.0003 -0.6094 -0.7928
vn -0.0000 -0.6128 -0.7902
vn 0.0198 0.3151 -0.9489
vn 0.0220 0.3181 -0.9478
vn -0.9451 0.3268 0.0003
vn -0.9500 0.3123 0.0010
vn 0.1597 0.4306 0.8883
vn 0.0957 0.4267 0.8993
vn 0.0533 0.4281 0.9022
vn 0.1287 0.3310 -0.9348
vn 0.0686 0.3214 -0.9444
vn 0.0436 0.3289 -0.9434
vn -0.9581 0.2863 0.0011
vn -0.8608 -0.5090 -0.0053
vn 0.6288 -0.7776 0.0017
vn 0.5767 0.8169 0.0037
vn 0.9957 0.0923 0.0004
vn 0.6905 0.7234 0.0044
vn -0.0002 -0.6149 -0.7886
vn -0.0002 -0.6192 -0.7853
vn 0.0187 0.3257 -0.9453
vn 0.0266 0.3339 -0.9422
vn 0.0261 0.3702 0.9286
vn 0.0362 0.3868 0.9215
vn 0.0004 0.0470 0.9989
vn 0.0040 0.6317 0.7752
vn -0.0179 0.6143 0.7889
vn -0.0053 0.0461 0.9989
vn 0.0367 -0.6191 -0.7844
vn 0.0029 -0.6209 -0.7839
vn 0.0360 0.3363 -0.9411
vn 0.0400 0.4064 0.9128
vn -0.0187 0.6282 0.7778
vn -0.0048 0.0555 0.9984
vn 0.9402 0.3407 -0.0000
vn 0.9982 0.0603 0.0016
vn 0.8022 0.5971 0.0052
vn 0.5261 0.8504 0.0037
vn 0.6291 -0.7773 -0.0005
vn -0.7625 -0.6470 0.0012
vn -0.9527 0.3038 -0.0008
vn -0.9544 0.2986 0.0005
vn -0.8725 -0.4886 -0.0034
vn 0.6133 -0.7899 0.0004
vn 0.5985 0.8011 0.0017
vn 0.7094 0.7048 -0.0012
vn 0.9963 0.0860 -0.0022
vn 0.4810 -0.5281 0.6998
vn -0.6170 -0.4587 0.6394
vn 0.3192 0.8002 -0.5077
vn 0.3804 0.2802 -0.8814
vn 0.6289 0.3066 -0.7145
vn 0.6044 0.0600 -0.7944
vn 0.4922 0.3086 -0.8139
vn -0.6516 0.2400 0.7196
vn 0.4052 0.2400 -0.8822
vn 0.4396 0.3461 0.8288
vn 0.5017 -0.5349 -0.6798
vn -0.6454 -0.4169 -0.6400
vn 0.5271 0.6190 0.5822
vn 0.4742 0.0742 0.8773
vn 0.5610 0.2853 0.7771
vn 0.4154 0.6852 0.5983
vn 0.5624 0.4477 0.6952
vn -0.6573 0.2410 -0.7140
vn 0.3881 0.3798 0.8397
vn 0.3587 0.3221 -0.8761
vn 0.0442 -0.9984 0.0344
vn 0.0245 -0.9940 0.1066
vn -0.0229 -0.9923 0.1214
vn -0.0175 -0.9987 0.0470
vn 0.0198 -0.9144 0.4044
vn -0.0268 -0.9173 0.3974
vn -0.0049 -0.9187 0.3950
vn -0.0057 -0.9932 0.1167
vn -0.0132 -0.9989 0.0442
vn 0.0745 -0.1107 0.9911
vn -0.0427 -0.0667 0.9969
vn -0.0051 -0.0459 0.9989
vn 0.0179 -0.0673 0.9976
vn 0.0097 -0.9258 0.3779
vn -0.0119 -0.0941 0.9955
vn 0.0008 -0.9298 0.3681
vn 0.0058 -0.9945 0.1050
vn -0.0096 -0.9996 0.0260
vn -0.0030 -0.9956 0.0937
vn -0.0189 -0.9998 0.0056
vn 0.9937 -0.1117 0.0093
vn 0.1938 -0.9807 0.0271
vn 0.1984 -0.9797 0.0290
vn 0.9967 -0.0809 0.0063
vn 0.1850 -0.9824 0.0266
vn 0.9978 -0.0659 0.0029
vn 0.0547 -0.9980 0.0309
vn 0.0445 -0.9989 0.0141
vn 0.0202 -0.9987 -0.0469
vn 0.1588 -0.9866 -0.0366
vn 0.0087 -0.9945 -0.1045
vn 0.1597 -0.9822 -0.0991
vn 0.9954 -0.0938 -0.0199
vn 0.9908 -0.1073 -0.0819
vn 0.4406 -0.1430 0.8862
vn 0.4435 -0.0630 0.8940
vn 0.0785 -0.0249 0.9966
vn 0.9712 -0.1412 0.1921
vn 0.9992 -0.0394 0.0061
vn 0.9762 -0.0706 0.2051
vn 0.1587 -0.1466 -0.9764
vn 0.0371 -0.9177 -0.3956
vn -0.0267 -0.9197 -0.3916
vn 0.0063 -0.1136 -0.9935
vn -0.0171 -0.9254 -0.3786
vn 0.0054 -0.0838 -0.9965
vn -0.0404 -0.9933 -0.1081
vn -0.0331 -0.9943 -0.1012
vn -0.0216 -0.9961 -0.0860
vn -0.0053 -0.9349 -0.3548
vn -0.0123 -0.9975 -0.0690
vn -0.0068 -0.9420 -0.3356
vn -0.0022 -0.0707 -0.9975
vn -0.0525 -0.0595 -0.9968
vn 0.5437 -0.1624 -0.8234
vn 0.5311 -0.0915 -0.8423
vn 0.9959 -0.0196 -0.0883
vn 0.1647 -0.0716 -0.9837
vn 0.0909 0.8970 0.4326
vn 0.0175 0.9121 0.4097
vn -0.0442 0.0133 0.9989
vn -0.0051 0.9119 0.4103
vn -0.0060 0.0321 0.9995
vn 0.1049 0.9917 0.0748
vn 0.0431 0.9957 0.0824
vn 0.1050 0.9933 -0.0481
vn 0.0507 0.9970 -0.0588
vn 0.0319 0.9985 -0.0456
vn 0.0085 0.9954 0.0950
vn -0.0204 0.9912 0.1305
vn -0.0269 0.9058 0.4228
vn 0.0159 0.9999 -0.0049
vn 0.0013 0.9994 0.0347
vn -0.0247 0.9870 0.1586
vn -0.0345 0.8996 0.4354
vn 0.0170 0.0374 0.9992
vn -0.0127 0.0338 0.9993
vn 0.2406 0.9696 -0.0439
vn 0.2186 0.9747 -0.0477
vn 0.0871 0.9946 -0.0568
vn 0.2079 0.9781 -0.0103
vn 0.0849 0.9964 -0.0058
vn 0.9999 -0.0136 0.0013
vn 1.0000 0.0045 0.0012
vn 0.9999 -0.0067 -0.0152
vn 0.2321 0.9720 0.0369
vn 0.2372 0.9708 0.0370
vn 0.1162 0.9917 0.0558
vn 0.1311 0.9909 0.0291
vn 0.1607 0.9171 -0.3648
vn 0.0798 0.9057 -0.4163
vn 0.1010 0.9948 0.0144
vn 0.0262 0.8893 -0.4565
vn 0.0653 0.9979 -0.0051
vn 0.0065 -0.0399 -0.9992
vn 0.0041 -0.0148 -0.9999
vn -0.0035 0.0118 -0.9999
vn -0.0250 0.8931 -0.4491
vn -0.0548 0.0345 -0.9979
vn -0.0648 0.9063 -0.4176
vn 0.0172 0.9994 -0.0295
vn -0.0200 0.9989 -0.0432
vn -0.6277 0.0049 0.7784
vn -0.9713 -0.0101 0.2377
vn -0.9701 -0.0567 0.2358
vn -0.6225 -0.0607 0.7803
vn -0.9995 -0.0126 0.0295
vn -0.9976 -0.0634 0.0279
vn -0.1733 0.0229 0.9846
vn -0.1722 -0.0870 0.9812
vn -0.4069 0.9117 0.0564
vn -0.4349 0.9003 0.0182
vn -0.9999 -0.0059 -0.0127
vn -0.4474 0.8942 0.0108
vn -1.0000 0.0014 -0.0030
vn -0.1025 0.9933 0.0536
vn -0.1090 0.9936 0.0284
vn 0.0293 0.9994 0.0194
vn 0.0431 0.9986 0.0321
vn -0.1171 0.9929 0.0221
vn -0.1275 0.9918 0.0123
vn -0.4314 0.9022 0.0007
vn 0.0128 0.9992 0.0370
vn -0.1312 0.9902 -0.0481
vn -0.4296 0.9019 -0.0447
vn -0.9999 0.0108 -0.0051
vn -0.9958 0.0165 -0.0901
vn -0.7407 0.0675 -0.6684
vn -0.2348 0.0597 -0.9702
vn -0.2374 -0.0263 -0.9710
vn -0.7409 -0.0138 -0.6715
vn -0.9928 -0.0744 -0.0934
vn -0.1200 -0.9928 -0.0043
vn -0.1241 -0.9922 -0.0146
vn -0.0370 -0.9993 -0.0053
vn -0.4258 -0.9048 0.0016
vn -0.4269 -0.9042 -0.0159
vn -0.4074 -0.9130 -0.0211
vn -0.1170 -0.9929 -0.0222
vn -0.0461 -0.9987 -0.0234
vn -0.9981 -0.0600 -0.0123
vn -0.9978 -0.0656 -0.0045
vn -0.9967 -0.0809 -0.0066
vn -0.3802 -0.9246 -0.0234
vn -0.3694 -0.9280 -0.0487
vn -0.0949 -0.9951 -0.0275
vn -0.0289 -0.9988 -0.0402
vn -0.0738 -0.9960 -0.0504
vn 0.0513 0.9966 -0.0637
vn 0.0655 0.9978 0.0126
vn 0.0789 0.9964 0.0306
vn 0.0574 0.9972 -0.0475
vn 0.0949 0.9923 0.0793
vn 0.0783 0.9934 0.0832
vn 0.0494 0.9966 0.0659
vn 0.0783 0.9963 0.0358
vn 0.0566 0.9983 -0.0119
vn -0.0308 -0.9994 0.0127
vn -0.0455 -0.9987 -0.0210
vn -0.0345 -0.9993 -0.0155
vn -0.0242 -0.9993 0.0300
vn -0.0357 -0.9979 -0.0549
vn -0.0375 -0.9973 -0.0632
vn -0.0358 -0.9977 -0.0583
vn -0.0187 -0.9998 -0.0054
vn -0.0132 -0.9993 0.0355
vn 0.1876 -0.9781 0.0904
vn 0.1512 -0.9233 0.3532
vn 0.1639 -0.9252 -0.3422
vn 0.2391 0.8963 0.3735
vn 0.2665 0.9619 0.0609
vn 0.2682 0.9285 -0.2569
vn -0.0718 0.8892 0.4519
vn -0.2557 0.8670 0.4276
vn -0.0759 0.9842 0.1602
vn -0.3708 0.9112 0.1797
vn -0.3524 0.8782 -0.3235
vn -0.1374 0.9092 -0.3930
vn -0.0757 -0.9203 0.3839
vn -0.3039 -0.8842 0.3547
vn -0.4116 -0.9064 0.0950
vn -0.0915 -0.9929 0.0759
vn -0.3106 -0.9104 -0.2731
vn -0.0751 -0.9387 -0.3365
vn -0.9851 -0.1702 0.0238
vn -0.9829 -0.1608 0.0897
vn -0.9862 -0.1333 0.0977
vn -0.9891 -0.1442 0.0305
vn -0.8016 -0.1939 0.5656
vn -0.8450 -0.1127 0.5227
vn -0.8618 -0.0660 0.5030
vn -0.9886 -0.1081 0.1052
vn -0.9913 -0.1250 0.0400
vn -0.1398 -0.2055 0.9686
vn -0.2211 -0.0722 0.9726
vn -0.2999 -0.0215 0.9537
vn -0.3602 0.0469 0.9317
vn -0.8931 -0.0269 0.4491
vn -0.3426 0.2576 0.9035
vn -0.8850 0.0797 0.4588
vn -0.9917 -0.0657 0.1103
vn -0.9954 -0.0829 0.0473
vn -0.9933 0.0198 0.1138
vn -0.9986 0.0230 0.0471
vn -0.1106 -0.9936 0.0224
vn -0.8657 -0.5000 0.0251
vn -0.8628 -0.5055 0.0081
vn -0.0874 -0.9962 0.0031
vn -0.8609 -0.5088 -0.0036
vn -0.1122 -0.9937 -0.0031
vn -0.9832 -0.1823 0.0114
vn -0.9818 -0.1901 0.0029
vn -0.8816 -0.4719 -0.0075
vn -0.9828 -0.1847 -0.0082
vn -0.9851 -0.1709 -0.0192
vn -0.8829 -0.4695 -0.0052
vn -0.1611 -0.9869 -0.0011
vn -0.1513 -0.9885 -0.0002
vn -0.0900 -0.6382 0.7646
vn 0.0643 -0.6665 0.7427
vn 0.1012 -0.2090 0.9727
vn -0.1134 -0.9820 0.1507
vn 0.0115 -0.9901 0.1397
vn 0.0313 -0.9995 0.0050
vn 0.1560 -0.9801 0.1224
vn 0.2496 -0.6365 0.7297
vn 0.2037 -0.9789 -0.0189
vn 0.3894 -0.1210 0.9131
vn -0.2103 -0.1412 -0.9674
vn -0.8509 -0.1576 -0.5011
vn -0.8571 -0.1133 -0.5025
vn -0.2551 -0.0465 -0.9658
vn -0.8546 -0.0949 -0.5105
vn -0.2723 -0.0272 -0.9618
vn -0.9856 -0.1600 -0.0539
vn -0.9872 -0.1417 -0.0726
vn -0.9860 -0.1372 -0.0945
vn -0.9870 -0.1173 -0.1099
vn -0.8750 -0.0475 -0.4818
vn -0.9950 -0.0464 -0.0885
vn -0.9249 0.0562 -0.3759
vn -0.3271 0.0523 -0.9435
vn -0.4177 0.3189 -0.8508
vn -0.0917 -0.9926 -0.0792
vn -0.1316 -0.6120 -0.7798
vn 0.1235 -0.6086 -0.7838
vn 0.0979 -0.9903 -0.0991
vn 0.0801 -0.1327 -0.9879
vn 0.4232 -0.0684 -0.9034
vn 0.3961 -0.5286 -0.7508
vn 0.3207 -0.9431 -0.0880
vn 0.8708 0.0584 0.4882
vn 0.8838 0.1773 0.4329
vn 0.4924 0.0607 0.8682
vn 0.8963 0.2033 0.3942
vn 0.5904 0.1202 0.7981
vn 0.9925 0.0944 0.0778
vn 0.9797 0.1830 0.0824
vn 0.9956 0.0940 -0.0015
vn 0.9822 0.1878 -0.0088
vn 0.9771 0.2117 -0.0213
vn 0.9747 0.2117 0.0722
vn 0.9784 0.1983 0.0578
vn 0.9150 0.1926 0.3545
vn 0.9800 0.1973 -0.0261
vn 0.9774 0.2100 -0.0249
vn 0.9775 0.2020 0.0599
vn 0.9005 0.2152 0.3778
vn 0.6478 0.1551 0.7458
vn 0.5861 0.2931 0.7554
vn 0.9365 -0.3501 -0.0189
vn 0.9549 -0.2928 -0.0491
vn 0.9923 0.1181 -0.0372
vn 0.9660 -0.2579 -0.0166
vn 0.9913 0.1312 -0.0102
vn 0.2967 -0.9543 -0.0355
vn 0.3916 -0.9201 -0.0071
vn 0.9664 -0.2561 0.0208
vn 0.3943 -0.9189 0.0138
vn 0.3629 -0.9318 0.0027
vn 0.9646 -0.2637 0.0085
vn 0.9924 0.1200 0.0278
vn 0.9953 0.0964 0.0081
vn 0.9962 0.0797 -0.0357
vn 0.9072 0.0442 -0.4183
vn 0.9113 0.0995 -0.3995
vn 0.9905 0.1347 -0.0262
vn 0.9142 0.1249 -0.3856
vn 0.9860 0.1664 -0.0085
vn 0.4366 0.0280 -0.8992
vn 0.4351 0.0437 -0.8993
vn 0.4268 0.1188 -0.8965
vn 0.9034 0.1845 -0.3870
vn 0.3320 0.3384 -0.8805
vn 0.9015 0.2821 -0.3281
vn 0.9819 0.1892 0.0078
vn 0.9738 0.2244 0.0354
vn 0.4897 0.6637 0.5654
vn 0.2114 0.7408 0.6376
vn 0.1797 0.3252 0.9284
vn 0.1815 0.0923 0.9790
vn 0.3780 0.9256 0.0195
vn 0.4144 0.9068 -0.0769
vn 0.1881 0.9802 -0.0614
vn 0.1871 0.9810 0.0505
vn -0.1032 0.9933 -0.0526
vn -0.0652 0.9957 0.0660
vn -0.1594 0.7159 0.6798
vn 0.8683 0.4936 -0.0496
vn 0.8517 0.5214 -0.0524
vn 0.4440 0.8946 -0.0505
vn 0.8520 0.5234 -0.0051
vn 0.4567 0.8895 0.0172
vn 0.9752 0.2169 -0.0438
vn 0.9789 0.2006 -0.0381
vn 0.9723 0.2332 -0.0125
vn 0.9772 0.2121 -0.0018
vn 0.9774 0.2048 0.0520
vn 0.9709 0.2300 0.0667
vn 0.9696 0.2408 0.0444
vn 0.9749 0.2184 0.0436
vn 0.8599 0.5047 0.0765
vn 0.8567 0.5058 0.1013
vn 0.4365 0.8933 0.1073
vn 0.3424 0.9342 0.1005
vn 0.2387 0.9706 -0.0311
vn 0.2259 0.7871 -0.5740
vn -0.0112 0.8360 -0.5486
vn 0.0830 0.9943 -0.0668
vn -0.0455 0.3614 -0.9313
vn 0.0082 0.0662 -0.9978
vn -0.2279 0.7984 -0.5574
vn -0.0142 0.9967 -0.0798
vn -0.9988 0.0235 0.0425
vn -0.9944 -0.0979 0.0403
vn -0.9110 0.4122 0.0133
vn -0.9040 0.4265 0.0290
vn -0.8918 0.4473 0.0686
vn -0.9987 0.0230 0.0450
vn -0.9931 -0.1142 0.0253
vn -0.0971 0.9951 -0.0197
vn -0.0484 0.9974 0.0534
vn -0.8839 0.4627 0.0684
vn -0.0101 0.9956 0.0935
vn -0.0005 0.9992 0.0410
vn -0.9048 0.4258 0.0048
vn -0.9998 0.0074 0.0205
vn -0.9992 -0.0307 -0.0275
vn -0.9915 -0.1296 -0.0111
vn -0.9899 -0.1330 -0.0481
vn 0.0696 -0.9975 -0.0081
vn 0.0887 -0.9961 0.0016
vn 0.0837 -0.9965 0.0030
vn 0.0809 -0.9967 -0.0089
vn 0.9800 0.1951 -0.0397
vn 0.9818 0.1897 -0.0047
vn 0.9791 0.2033 0.0013
vn 0.9769 0.2101 -0.0387
vn 0.9840 0.1740 0.0373
vn 0.9879 0.1536 0.0222
vn 0.9794 0.1976 0.0426
vn 0.9823 0.1834 0.0369
vn 0.2381 0.9708 0.0300
vn 0.2117 0.9765 -0.0393
vn 0.2099 0.9732 0.0943
vn 0.1388 0.9884 0.0613
vn -0.9872 -0.1586 0.0142
vn -0.9894 -0.1421 0.0304
vn -0.9862 -0.1648 -0.0167
vn -0.9869 -0.1555 -0.0426
vn -0.9850 -0.1722 -0.0138
vn -0.9870 -0.1578 -0.0299
vn -0.9870 -0.1594 0.0195
vn -0.9850 -0.1726 0.0064
vn 0.0523 -0.0168 -0.9985
vn 0.0420 -0.0026 -0.9991
vn 0.1516 0.0145 0.9883
vn 0.1186 -0.0470 0.9918
vn -0.8599 -0.5000 0.1025
vn -0.7402 -0.4569 0.4932
vn -0.7834 -0.4137 -0.4637
vn -0.8652 -0.4986 -0.0532
vn 0.8261 -0.3122 0.4691
vn 0.9170 -0.3894 0.0868
vn 0.9505 -0.3063 -0.0516
vn 0.8802 -0.2011 -0.4298
vn 0.8512 0.4107 0.3267
vn 0.8730 0.4875 0.0145
vn 0.8441 0.5349 0.0355
vn 0.8008 0.5356 -0.2682
vn -0.8307 0.3695 0.4164
vn -0.9072 0.4094 0.0970
vn -0.9078 0.4074 -0.0993
vn -0.8362 0.4111 -0.3629
vn 0.0273 -0.9988 0.0416
vn 0.0101 -0.9941 0.1079
vn -0.0206 -0.9921 0.1239
vn -0.0194 -0.9986 0.0501
vn 0.0213 -0.9090 0.4163
vn -0.0155 -0.9137 0.4061
vn -0.0020 -0.9168 0.3994
vn -0.0039 -0.9929 0.1188
vn -0.0125 -0.9989 0.0450
vn 0.1249 -0.0184 0.9920
vn 0.0093 -0.0330 0.9994
vn 0.0018 -0.0418 0.9991
vn -0.0040 -0.0604 0.9982
vn 0.0066 -0.9249 0.3802
vn -0.0288 -0.0779 0.9965
vn -0.0002 -0.9308 0.3656
vn 0.0075 -0.9944 0.1057
vn -0.0079 -0.9996 0.0255
vn -0.0007 -0.9958 0.0918
vn -0.0171 -0.9998 0.0038
vn 0.9955 -0.0326 0.0886
vn 0.1603 -0.9862 0.0423
vn 0.1758 -0.9841 0.0270
vn 0.9982 -0.0448 0.0389
vn 0.1850 -0.9827 -0.0030
vn 0.9985 -0.0544 0.0084
vn 0.0421 -0.9987 0.0298
vn 0.0498 -0.9988 -0.0036
vn 0.0405 -0.9981 -0.0458
vn 0.1748 -0.9837 -0.0428
vn 0.0270 -0.9954 -0.0916
vn 0.1565 -0.9845 -0.0797
vn 0.9975 -0.0627 -0.0334
vn 0.9916 -0.0649 -0.1118
vn 0.4435 -0.0050 0.8963
vn 0.9622 -0.0127 0.2721
vn 0.9494 0.1701 0.2639
vn 0.4257 0.1559 0.8913
vn 0.9798 0.1815 0.0836
vn 0.1267 0.1880 0.9740
vn 0.1715 -0.1001 -0.9801
vn 0.0471 -0.9223 -0.3836
vn 0.0047 -0.9242 -0.3818
vn 0.0380 -0.1153 -0.9926
vn -0.0087 -0.9297 -0.3683
vn 0.0030 -0.1158 -0.9933
vn -0.0149 -0.9950 -0.0986
vn -0.0243 -0.9960 -0.0865
vn -0.0295 -0.9971 -0.0707
vn -0.0185 -0.9375 -0.3475
vn -0.0247 -0.9980 -0.0573
vn -0.0222 -0.9416 -0.3359
vn -0.0197 -0.0902 -0.9957
vn -0.0542 -0.0527 -0.9971
vn 0.5690 -0.0969 -0.8166
vn 0.1986 0.1454 -0.9692
vn 0.5737 0.0939 -0.8136
vn 0.9799 0.1756 -0.0946
vn 0.1380 0.8949 0.4245
vn 0.0474 0.9119 0.4076
vn 0.0194 0.1868 0.9822
vn -0.0080 0.9099 0.4148
vn -0.0011 0.1845 0.9828
vn 0.1178 0.9929 0.0182
vn 0.0479 0.9987 0.0188
vn 0.1059 0.9927 -0.0573
vn 0.0520 0.9963 -0.0688
vn 0.0308 0.9984 -0.0473
vn 0.0053 0.9993 0.0375
vn -0.0300 0.9969 0.0726
vn -0.0514 0.9099 0.4117
vn 0.0111 0.9999 -0.0020
vn -0.0050 0.9991 0.0430
vn -0.0353 0.9937 0.1063
vn -0.0538 0.9068 0.4181
vn -0.0175 0.2030 0.9790
vn -0.0373 0.2137 0.9762
vn 0.3027 0.9528 -0.0228
vn 0.2624 0.9643 -0.0349
vn 0.0826 0.9947 -0.0617
vn 0.2329 0.9725 0.0049
vn 0.0667 0.9978 0.0012
vn 0.9845 0.1715 0.0358
vn 0.9858 0.1675 0.0098
vn 0.9856 0.1672 -0.0237
vn 0.2358 0.9709 0.0412
vn 0.2185 0.9755 0.0263
vn 0.0660 0.9966 0.0503
vn 0.0662 0.9975 0.0255
vn 0.1184 0.9202 -0.3731
vn 0.0541 0.9309 -0.3613
vn 0.0517 0.9986 0.0133
vn 0.0254 0.9238 -0.3820
vn 0.0411 0.9992 -0.0015
vn 0.0492 0.1795 -0.9825
vn 0.0103 0.1604 -0.9870
vn -0.0155 0.1882 -0.9820
vn 0.0158 0.9323 -0.3613
vn -0.0494 0.2259 -0.9729
vn 0.0011 0.9459 -0.3245
vn 0.0378 0.9992 -0.0133
vn 0.0281 0.9994 -0.0188
vn -0.1551 0.1971 0.9680
vn -0.5991 0.1733 0.7817
vn -0.6216 0.0034 0.7834
vn -0.1726 -0.0571 0.9833
vn -0.9476 0.1965 0.2520
vn -0.9810 0.1856 0.0556
vn -0.9990 -0.0026 0.0452
vn -0.9686 0.0206 0.2479
vn -0.3877 0.9187 0.0748
vn -0.4236 0.9053 0.0306
vn -0.9857 0.1685 0.0076
vn -0.4245 0.9054 -0.0025
vn -0.9848 0.1736 -0.0107
vn -0.0412 0.9971 0.0644
vn -0.0459 0.9984 0.0330
vn 0.0293 0.9994 0.0161
vn 0.0486 0.9988 0.0009
vn -0.0394 0.9992 0.0021
vn -0.0201 0.9997 -0.0155
vn -0.3780 0.9254 -0.0275
vn 0.0393 0.9992 -0.0060
vn -0.0110 0.9997 -0.0218
vn -0.3530 0.9342 -0.0522
vn -0.9740 0.2238 -0.0346
vn -0.9644 0.2441 -0.1014
vn -0.7409 0.2838 -0.6087
vn -0.7793 0.0868 -0.6206
vn -0.9941 0.0190 -0.1066
vn -0.2402 0.2606 -0.9351
vn -0.2655 0.0159 -0.9640
vn -0.1212 -0.9926 -0.0053
vn -0.1250 -0.9920 -0.0151
vn -0.0360 -0.9993 -0.0065
vn -0.4309 -0.9024 0.0040
vn -0.4326 -0.9015 -0.0139
vn -0.4161 -0.9091 -0.0209
vn -0.1189 -0.9927 -0.0204
vn -0.0467 -0.9987 -0.0200
vn -0.9998 -0.0175 0.0022
vn -0.9996 -0.0264 -0.0111
vn -0.9995 -0.0110 -0.0305
vn -0.3901 -0.9205 -0.0209
vn -0.3746 -0.9262 -0.0437
vn -0.1003 -0.9948 -0.0190
vn -0.0360 -0.9990 -0.0272
vn -0.0819 -0.9957 -0.0428
vn 0.0569 0.9958 -0.0719
vn 0.0589 0.9983 0.0005
vn 0.0729 0.9973 0.0013
vn 0.0593 0.9967 -0.0545
vn 0.0551 0.9973 0.0486
vn 0.0559 0.9978 0.0361
vn 0.0565 0.9983 0.0140
vn 0.0786 0.9969 0.0008
vn 0.0566 0.9982 -0.0188
vn -0.0303 -0.9995 0.0124
vn -0.0464 -0.9988 -0.0159
vn -0.0338 -0.9994 -0.0102
vn -0.0243 -0.9992 0.0303
vn -0.0404 -0.9984 -0.0384
vn -0.0320 -0.9983 -0.0477
vn -0.0186 -0.9985 -0.0508
vn -0.0164 -0.9998 -0.0056
vn -0.0165 -0.9992 0.0362
vn 0.1484 -0.9841 0.0981
vn 0.1237 -0.9242 0.3613
vn 0.1327 -0.9367 -0.3239
vn 0.2913 0.8590 0.4211
vn 0.3334 0.9409 0.0591
vn 0.2708 0.9026 -0.3347
vn -0.0684 0.8933 0.4441
vn -0.2617 0.8497 0.4578
vn -0.0350 0.9921 0.1202
vn -0.3588 0.9157 0.1811
vn -0.3394 0.9019 -0.2673
vn -0.0823 0.9479 -0.3078
vn -0.0736 -0.9220 0.3801
vn -0.3037 -0.8848 0.3534
vn -0.4124 -0.9058 0.0976
vn -0.0910 -0.9931 0.0746
vn -0.3273 -0.9072 -0.2645
vn -0.0893 -0.9375 -0.3365
vn -0.9850 -0.1682 0.0379
vn -0.8385 -0.1955 0.5086
vn -0.8712 -0.1060 0.4793
vn -0.9887 -0.1412 0.0505
vn -0.8811 -0.0545 0.4698
vn -0.9904 -0.1208 0.0666
vn -0.2355 -0.2053 0.9499
vn -0.2855 -0.0537 0.9569
vn -0.3314 -0.0014 0.9435
vn -0.3653 0.0766 0.9277
vn -0.8889 0.0081 0.4580
vn -0.9932 -0.0789 0.0856
vn -0.9364 0.3342 0.1066
vn -0.9947 0.0182 0.1008
vn -0.8650 0.1387 0.4822
vn -0.8280 0.3493 0.4386
vn -0.1380 -0.9882 0.0660
vn -0.8998 -0.4342 0.0419
vn -0.8988 -0.4381 0.0152
vn -0.1328 -0.9907 0.0284
vn -0.8958 -0.4445 0.0018
vn -0.1387 -0.9903 0.0125
vn -0.9840 -0.1776 0.0124
vn -0.9822 -0.1877 0.0002
vn -0.9830 -0.1837 -0.0055
vn -0.8989 -0.4382 -0.0067
vn -0.9022 -0.4311 -0.0117
vn -0.9848 -0.1732 -0.0155
vn -0.9850 -0.1619 -0.0600
vn -0.8984 -0.4355 -0.0571
vn -0.1517 -0.9883 -0.0178
vn -0.1402 -0.9900 -0.0171
vn -0.1195 -0.9888 -0.0892
vn -0.1861 -0.5822 0.7915
vn 0.0058 -0.6163 0.7875
vn 0.0363 -0.1914 0.9808
vn 0.0154 -0.9982 0.0583
vn 0.2415 -0.9698 0.0344
vn 0.2905 -0.5637 0.7732
vn 0.3762 -0.0840 0.9227
vn -0.2298 -0.1588 -0.9602
vn -0.8524 -0.1697 -0.4946
vn -0.8650 -0.1086 -0.4898
vn -0.2772 -0.0406 -0.9600
vn -0.8670 -0.0818 -0.4916
vn -0.3045 -0.0071 -0.9525
vn -0.9871 -0.1382 -0.0808
vn -0.9874 -0.1265 -0.0953
vn -0.9890 -0.1066 -0.1024
vn -0.8772 -0.0457 -0.4780
vn -0.3325 0.0460 -0.9420
vn -0.1712 0.7552 -0.6328
vn -0.2672 0.3704 -0.8896
vn -0.8628 0.1279 -0.4890
vn -0.8299 0.3873 -0.4016
vn -0.1661 -0.5494 -0.8189
vn 0.0848 -0.5558 -0.8270
vn 0.0650 -0.9919 -0.1092
vn 0.0456 -0.1520 -0.9873
vn 0.3896 -0.0879 -0.9168
vn 0.3866 -0.4882 -0.7824
vn 0.3071 -0.9468 -0.0963
vn 0.9107 0.0931 0.4025
vn 0.8993 0.1992 0.3893
vn 0.5121 0.1284 0.8493
vn 0.8994 0.2015 0.3879
vn 0.5973 0.1483 0.7881
vn 0.9952 0.0948 0.0248
vn 0.9850 0.1687 0.0366
vn 0.9795 0.1989 0.0306
vn 0.9732 0.2293 0.0150
vn 0.9075 0.1927 0.3733
vn 0.6437 0.1518 0.7501
vn 0.5721 0.6723 0.4698
vn 0.6383 0.3673 0.6765
vn 0.9030 0.2955 0.3119
vn 0.8501 0.4790 0.2186
vn 0.9626 -0.2705 0.0145
vn 0.9761 -0.2166 0.0150
vn 0.9948 0.1015 0.0056
vn 0.9788 -0.2040 0.0152
vn 0.9931 0.1172 0.0071
vn 0.2962 -0.9549 0.0223
vn 0.3173 -0.9480 0.0265
vn 0.3180 -0.9478 -0.0238
vn 0.9810 -0.1933 -0.0135
vn 0.9806 -0.1947 -0.0207
vn 0.3211 -0.9465 -0.0332
vn 0.9746 -0.2176 -0.0537
vn 0.9942 0.1073 0.0012
vn 0.9957 0.0919 -0.0098
vn 0.9954 0.0814 -0.0504
vn 0.8939 0.0386 -0.4467
vn 0.9003 0.1064 -0.4220
vn 0.9892 0.1383 -0.0492
vn 0.9050 0.1450 -0.3999
vn 0.9861 0.1625 -0.0339
vn 0.4070 0.0314 -0.9129
vn 0.4177 0.0795 -0.9051
vn 0.4479 0.1690 -0.8780
vn 0.9090 0.2251 -0.3507
vn 0.8864 0.3726 -0.2746
vn 0.4689 0.4522 -0.7587
vn 0.4125 0.7695 -0.4876
vn 0.8198 0.5445 -0.1771
vn 0.9762 0.2166 -0.0114
vn 0.8427 0.5357 0.0539
vn 0.9552 0.2951 0.0244
vn 0.3027 0.7365 0.6048
vn 0.2589 0.4081 0.8754
vn 0.4959 0.8683 -0.0138
vn 0.3034 0.9523 0.0337
vn -0.0213 0.9971 0.0729
vn -0.1302 0.7098 0.6922
vn -0.2540 0.3603 0.8976
vn 0.8502 0.5242 -0.0483
vn 0.8383 0.5396 -0.0785
vn 0.5353 0.8412 -0.0759
vn 0.8319 0.5549 -0.0083
vn 0.5490 0.8358 -0.0062
vn 0.9523 0.3044 -0.0195
vn 0.9423 0.3280 -0.0672
vn 0.9473 0.3199 -0.0174
vn 0.8511 0.5152 0.1010
vn 0.9543 0.2877 0.0807
vn 0.8608 0.4965 0.1113
vn 0.9540 0.2865 0.0884
vn 0.5188 0.8477 0.1105
vn 0.4556 0.8837 0.1073
vn 0.3678 0.9299 0.0110
vn 0.1408 0.7916 -0.5946
vn 0.1791 0.9827 -0.0470
vn 0.0975 0.4361 -0.8946
vn -0.0013 0.9981 -0.0611
vn -0.9375 0.3413 0.0684
vn -0.9971 0.0133 0.0750
vn -0.9306 0.3642 0.0368
vn -0.9996 -0.0000 0.0281
vn -0.0107 0.9998 -0.0149
vn 0.0161 0.9998 -0.0123
vn 0.0219 0.9980 0.0593
vn -0.9229 0.3849 0.0064
vn -0.9272 0.3739 -0.0236
vn -0.0031 0.9990 0.0447
vn -0.9246 0.3719 -0.0828
vn -0.9996 -0.0135 -0.0248
vn -0.9951 -0.0230 -0.0966
vn -0.9985 -0.0272 -0.0470
vn 0.0307 -0.9992 0.0248
vn 0.0318 -0.9993 0.0197
vn 0.0258 -0.9994 -0.0216
vn 0.0402 -0.9989 -0.0251
vn 0.9817 0.1904 -0.0096
vn 0.9740 0.2264 0.0033
vn 0.9596 0.2813 -0.0026
vn 0.9716 0.2340 -0.0356
vn 0.9786 0.2042 0.0249
vn 0.9865 0.1638 0.0052
vn 0.9798 0.1974 0.0308
vn 0.9660 0.2528 0.0545
vn 0.9594 0.2715 0.0771
vn 0.9600 0.2796 -0.0145
vn 0.9680 0.2427 0.0640
vn 0.9662 0.2518 -0.0553
vn 0.3414 0.9399 -0.0119
vn 0.3211 0.9456 -0.0518
vn 0.2168 0.9739 0.0667
vn 0.2945 0.9521 0.0828
vn -0.9921 -0.1086 0.0622
vn -0.9897 -0.1428 0.0143
vn -0.9834 -0.1816 0.0029
vn -0.9877 -0.1508 0.0422
vn -0.9885 -0.1462 -0.0375
vn -0.9907 -0.1277 -0.0477
vn -0.9893 -0.1417 -0.0355
vn -0.9852 -0.1694 -0.0274
vn -0.9851 -0.1712 -0.0150
vn -0.9833 -0.1817 0.0006
vn -0.9879 -0.1531 -0.0262
vn -0.9866 -0.1614 0.0245
vn 0.0115 -0.0151 -0.9998
vn 0.0061 0.0236 -0.9997
vn 0.0223 0.0888 -0.9958
vn 0.1540 0.0442 0.9871
vn 0.1845 0.1012 0.9776
vn 0.1028 0.0047 0.9947
vn -0.7834 -0.4049 0.4715
vn -0.8076 -0.3744 -0.4557
vn 0.9078 -0.1913 0.3733
vn 0.8924 -0.1762 -0.4154
vn 0.9736 0.2130 -0.0823
vn -0.0467 0.9638 -0.2626
vn -0.0649 0.6667 0.7425
vn 0.9568 0.2744 -0.0956
vn -0.9460 0.3205 -0.0488
vn -0.8696 0.4910 0.0516
vn -0.0587 0.9894 -0.1331
vn -0.9670 0.2521 -0.0381
vn 0.9768 0.2125 -0.0271
vn -0.0369 0.9993 -0.0052
vn -0.9688 0.2471 -0.0198
vn 0.9745 0.2242 0.0063
vn 0.9741 0.2262 0.0060
vn -0.0275 0.9996 -0.0003
vn -0.9724 0.2332 -0.0086
vn 0.9735 0.2288 -0.0008
vn -0.0200 0.9998 0.0006
vn -0.9745 0.2243 0.0004
vn 0.9761 0.2173 -0.0063
vn -0.0295 0.9995 -0.0141
vn -0.9727 0.2321 -0.0038
vn 0.9788 0.2044 -0.0093
vn -0.0265 0.9987 -0.0426
vn -0.9701 0.2423 -0.0156
vn 0.9785 0.2056 -0.0148
vn -0.0145 0.9987 -0.0482
vn -0.9701 0.2424 -0.0117
vn 0.9766 0.2151 -0.0062
vn 0.0076 0.9995 -0.0307
vn -0.9711 0.2385 -0.0115
vn 0.9759 0.2183 -0.0006
vn 0.0368 0.9992 -0.0160
vn -0.9730 0.2306 -0.0083
vn 0.9754 0.2205 -0.0052
vn 0.0391 0.9992 -0.0050
vn -0.9761 0.2174 -0.0007
vn 0.9777 0.2098 -0.0048
vn 0.0060 0.9997 -0.0231
vn -0.9786 0.2054 -0.0116
vn 0.9826 0.1853 -0.0096
vn 0.0027 0.9993 -0.0375
vn -0.9782 0.2074 -0.0116
vn 0.0081 0.9998 0.0172
vn -0.9791 0.2031 0.0143
vn 0.9846 0.1747 -0.0112
vn 0.0442 0.9918 0.1200
vn -0.9832 0.1783 0.0393
vn 0.9839 0.1788 0.0043
vn 0.0477 0.9939 0.0996
vn -0.9873 0.1560 0.0304
vn 0.9809 0.1939 0.0135
vn 0.0298 0.9994 -0.0169
vn -0.9869 0.1609 -0.0114
vn 0.9795 0.2008 0.0132
vn 0.0485 0.9979 -0.0423
vn -0.9826 0.1847 -0.0203
vn 0.9821 0.1880 0.0107
vn 0.0477 0.9989 0.0009
vn -0.9785 0.2063 0.0008
vn 0.9810 0.1941 0.0072
vn 0.9793 0.2025 0.0042
vn -0.0214 0.9994 0.0278
vn 0.0303 0.9992 0.0275
vn 0.9786 0.2056 0.0082
vn -0.9753 0.2205 0.0105
vn -0.9771 0.2126 0.0126
vn 0.9784 0.2067 -0.0106
vn -0.0442 0.9989 -0.0155
vn -0.9759 0.2183 0.0020
vn 0.9993 0.0359 -0.0042
vn 0.9996 0.0173 -0.0227
vn 0.9990 0.0433 0.0058
vn 0.9992 0.0388 0.0103
vn 0.9990 0.0432 0.0135
vn 0.9982 0.0588 0.0113
vn 0.9978 0.0656 0.0031
vn 0.9981 0.0619 -0.0058
vn 0.9984 0.0560 -0.0121
vn 0.9984 0.0560 -0.0083
vn 0.9980 0.0628 -0.0041
vn 0.9979 0.0640 -0.0034
vn 0.9981 0.0612 0.0013
vn 0.9982 0.0604 -0.0014
vn 0.9986 0.0530 -0.0062
vn 0.9989 0.0475 -0.0044
vn 0.9986 0.0531 -0.0079
vn 0.9983 0.0588 -0.0020
vn 0.9983 0.0581 0.0080
vn 0.9988 0.0489 0.0093
vn 0.9998 0.0116 0.0151
vn 0.9995 -0.0299 0.0064
vn -0.9966 0.0781 -0.0265
vn -0.9935 0.1139 0.0018
vn -0.9978 0.0627 -0.0233
vn -0.9986 0.0520 -0.0126
vn -0.9989 0.0466 0.0009
vn -0.9986 0.0538 0.0014
vn -0.9978 0.0653 -0.0069
vn -0.9974 0.0713 -0.0063
vn -0.9976 0.0682 -0.0094
vn -0.9980 0.0623 -0.0081
vn -0.9985 0.0547 -0.0025
vn -0.9984 0.0554 -0.0061
vn -0.9974 0.0714 -0.0031
vn -0.9967 0.0804 0.0113
vn -0.9975 0.0671 0.0224
vn -0.9988 0.0469 0.0163
vn -0.9990 0.0449 -0.0055
vn -0.9982 0.0585 -0.0110
vn -0.9980 0.0626 -0.0019
vn -0.9984 0.0557 0.0095
vn -0.9985 0.0540 0.0079
vn -0.9983 0.0589 0.0007
vn 0.9990 -0.0431 -0.0116
vn 0.9983 -0.0481 -0.0340
vn 0.9993 -0.0363 0.0049
vn 0.9994 -0.0340 0.0108
vn 0.9997 -0.0244 0.0093
vn 1.0000 -0.0077 0.0045
vn 1.0000 0.0050 -0.0020
vn 0.9999 0.0091 -0.0086
vn 0.9999 0.0087 -0.0120
vn 0.9999 0.0099 -0.0093
vn 0.9999 0.0108 -0.0046
vn 1.0000 0.0088 -0.0012
vn 1.0000 0.0067 0.0015
vn 1.0000 0.0074 -0.0003
vn 1.0000 0.0058 -0.0022
vn 1.0000 0.0024 -0.0030
vn 1.0000 -0.0030 -0.0076
vn 1.0000 -0.0079 -0.0022
vn 1.0000 -0.0053 0.0075
vn 0.9999 -0.0037 0.0124
vn 0.9993 -0.0178 0.0322
vn 0.9976 -0.0524 0.0450
vn -0.9996 0.0124 -0.0245
vn -0.9992 0.0369 0.0144
vn -0.9996 0.0092 -0.0248
vn -0.9998 0.0103 -0.0149
vn -1.0000 0.0074 -0.0002
vn -1.0000 0.0026 0.0031
vn -1.0000 0.0022 -0.0026
vn -1.0000 0.0029 -0.0054
vn -1.0000 0.0013 -0.0095
vn -1.0000 -0.0004 -0.0094
vn -1.0000 -0.0024 -0.0039
vn -1.0000 0.0043 -0.0001
vn -0.9998 0.0195 0.0048
vn -0.9995 0.0299 0.0109
vn -0.9995 0.0279 0.0142
vn -0.9997 0.0228 0.0108
vn -0.9995 0.0307 0.0017
vn -0.9989 0.0468 -0.0042
vn -0.9985 0.0543 -0.0048
vn -0.9983 0.0559 0.0136
vn -0.9986 0.0520 0.0044
vn -0.9975 0.0703 0.0095
vn 0.9962 -0.0861 -0.0155
vn 0.9963 -0.0804 -0.0320
vn 0.9969 -0.0787 0.0081
vn 0.9964 -0.0845 0.0039
vn 0.9979 -0.0644 0.0007
vn 0.9991 -0.0416 -0.0045
vn 0.9996 -0.0263 -0.0061
vn 0.9997 -0.0205 -0.0100
vn 0.9998 -0.0165 -0.0137
vn 0.9999 -0.0097 -0.0116
vn 1.0000 -0.0075 -0.0041
vn 0.9999 -0.0123 0.0014
vn 0.9999 -0.0169 0.0018
vn 0.9999 -0.0165 -0.0009
vn 0.9999 -0.0162 -0.0006
vn 0.9998 -0.0204 -0.0005
vn 0.9996 -0.0291 -0.0030
vn 0.9993 -0.0372 -0.0007
vn 0.9994 -0.0347 0.0035
vn 0.9998 -0.0169 0.0070
vn 0.9996 0.0087 0.0279
vn 0.9982 0.0043 0.0595
vn -0.9991 -0.0400 -0.0113
vn -0.9987 -0.0490 0.0128
vn -0.9999 -0.0006 -0.0154
vn -0.9997 0.0206 -0.0136
vn -0.9998 0.0173 -0.0045
vn -1.0000 0.0077 0.0003
vn -1.0000 0.0023 -0.0027
vn -1.0000 0.0009 -0.0056
vn -1.0000 0.0037 -0.0086
vn -0.9999 0.0063 -0.0100
vn -1.0000 0.0042 -0.0052
vn -1.0000 0.0018 0.0034
vn -0.9999 0.0079 0.0111
vn -0.9998 0.0157 0.0124
vn -0.9998 0.0177 0.0119
vn -0.9997 0.0227 0.0128
vn -0.9990 0.0422 0.0123
vn -0.9974 0.0722 0.0063
vn -0.9957 0.0929 -0.0010
vn -0.9951 0.0979 0.0150
vn -0.9948 0.1022 0.0024
vn -0.9951 0.0968 0.0182
vn 0.9940 -0.1085 -0.0138
vn 0.9949 -0.0975 -0.0241
vn 0.9915 -0.1303 0.0056
vn 0.9922 -0.1240 0.0118
vn 0.9939 -0.1095 -0.0118
vn 0.9971 -0.0749 -0.0147
vn 0.9982 -0.0589 -0.0083
vn 0.9981 -0.0605 -0.0103
vn 0.9980 -0.0617 -0.0167
vn 0.9984 -0.0541 -0.0157
vn 0.9987 -0.0508 -0.0035
vn 0.9982 -0.0596 0.0040
vn 0.9978 -0.0660 0.0021
vn 0.9979 -0.0647 -0.0019
vn 0.9980 -0.0628 -0.0001
vn 0.9979 -0.0644 0.0021
vn 0.9977 -0.0678 0.0008
vn 0.9974 -0.0716 0.0008
vn 0.9975 -0.0710 -0.0009
vn 0.9988 -0.0491 -0.0062
vn 0.9999 -0.0037 0.0100
vn 0.9981 0.0276 0.0551
vn -0.9966 -0.0814 0.0129
vn -0.9930 -0.1173 0.0133
vn -0.9997 -0.0229 0.0017
vn -0.9999 0.0009 -0.0126
vn -1.0000 -0.0014 -0.0089
vn -1.0000 -0.0069 -0.0020
vn -0.9999 -0.0103 -0.0039
vn -0.9999 -0.0103 -0.0050
vn -1.0000 -0.0046 -0.0061
vn -1.0000 0.0012 -0.0095
vn -1.0000 -0.0025 -0.0084
vn -0.9999 -0.0108 0.0026
vn -0.9998 -0.0087 0.0150
vn -0.9999 -0.0026 0.0131
vn -0.9999 -0.0025 0.0112
vn -0.9998 0.0041 0.0180
vn -0.9992 0.0314 0.0263
vn -0.9973 0.0705 0.0214
vn -0.9958 0.0912 0.0053
vn -0.9975 0.0694 0.0089
vn -0.9963 0.0856 -0.0048
vn -0.9982 0.0576 0.0142
vn 0.0443 0.4287 -0.9024
vn -0.9723 0.2299 -0.0421
vn 0.9570 0.2502 -0.1466
vn 0.9557 -0.2790 -0.0932
vn 0.8340 -0.1687 -0.5253
vn -0.1655 -0.1183 -0.9791
vn 0.9829 -0.0882 -0.1618
vn -0.0176 -0.9992 -0.0359
vn 0.9568 -0.2895 -0.0281
vn -0.1571 -0.9873 -0.0240
vn -0.0530 -0.9870 -0.1520
vn -0.9455 -0.0732 -0.3173
vn 0.9599 -0.2799 -0.0151
vn -0.1863 -0.9823 -0.0179
vn -0.9982 -0.0564 -0.0216
vn -0.9990 0.0407 -0.0158
vn -0.9937 -0.1117 0.0117
vn -0.9907 -0.1358 0.0020
vn -0.0726 -0.2426 0.9674
vn 0.9876 -0.0105 0.1567
vn 0.9859 0.0163 0.1665
vn -0.0895 -0.2162 0.9723
vn 0.9034 -0.4021 0.1491
vn -0.1390 -0.6746 0.7250
vn -0.7055 -0.7072 0.0463
vn 0.1940 -0.9791 0.0614
vn 0.9945 -0.0972 0.0378
vn -0.9740 -0.2255 0.0204
vn -0.9668 -0.2537 0.0316
vn -0.9902 -0.1193 0.0719
vn -0.9949 0.0987 -0.0221
vn -0.1026 0.0170 -0.9946
vn -0.0867 -0.1308 0.9876
vn -0.9861 -0.0347 0.1628
vn 0.9862 -0.0106 -0.1651
vn -0.1180 0.0128 -0.9929
vn 0.9816 -0.0353 -0.1876
vn -0.1042 0.1803 -0.9781
vn -0.0658 0.1789 0.9817
vn 0.9969 -0.0723 0.0306
vn -0.1084 0.0350 0.9935
vn 0.9927 -0.0900 0.0799
vn 0.1482 -0.9888 0.0178
vn 0.9745 -0.2241 -0.0115
vn -0.9806 -0.1918 0.0394
vn 0.1279 -0.9914 -0.0265
vn 0.9633 -0.2679 -0.0159
vn -0.9879 -0.1549 0.0060
vn 0.1446 -0.9886 -0.0414
vn 0.9771 -0.2129 -0.0025
vn -0.9792 -0.2015 -0.0232
vn 0.1053 -0.9942 -0.0233
vn 0.9849 -0.1733 0.0003
vn -0.9747 -0.2231 -0.0145
vn 0.1030 -0.9947 -0.0004
vn 0.9844 -0.1761 0.0019
vn -0.9733 -0.2294 -0.0024
vn 0.1020 -0.9948 -0.0011
vn 0.9835 -0.1809 0.0030
vn -0.9712 -0.2384 -0.0043
vn 0.1062 -0.9943 -0.0071
vn 0.9831 -0.1831 -0.0005
vn -0.9703 -0.2419 -0.0050
vn 0.0930 -0.9956 -0.0093
vn 0.9827 -0.1852 -0.0032
vn -0.9724 -0.2334 -0.0047
vn 0.0798 -0.9967 -0.0168
vn 0.9821 -0.1882 0.0008
vn -0.9743 -0.2248 -0.0112
vn 0.0575 -0.9981 -0.0240
vn 0.9829 -0.1839 0.0043
vn -0.9754 -0.2200 -0.0159
vn 0.0434 -0.9990 -0.0146
vn 0.9845 -0.1756 -0.0039
vn -0.9750 -0.2224 -0.0021
vn 0.0166 -0.9998 -0.0119
vn 0.9786 -0.2043 -0.0234
vn -0.9824 -0.1860 0.0187
vn -0.0566 -0.9983 -0.0136
vn 0.9678 -0.2507 -0.0220
vn -0.9931 -0.1163 0.0143
vn -0.1017 -0.9947 0.0128
vn 0.9678 -0.2517 -0.0067
vn -0.9964 -0.0842 0.0107
vn -0.1882 -0.9807 0.0524
vn 0.9691 -0.2468 -0.0017
vn -0.9966 -0.0790 0.0243
vn -0.2509 -0.9668 0.0490
vn 0.9583 -0.2853 -0.0168
vn -0.9976 -0.0568 0.0407
vn -0.2883 -0.9571 0.0274
vn 0.9354 -0.3530 -0.0195
vn -0.9991 -0.0230 0.0353
vn -0.2921 -0.9561 0.0221
vn 0.9189 -0.3944 0.0086
vn -0.9999 -0.0094 0.0089
vn -0.3291 -0.9442 0.0088
vn 0.9352 -0.3525 0.0351
vn -0.9964 -0.0815 -0.0222
vn -0.9975 0.0574 -0.0421
vn -0.9951 0.0949 -0.0276
vn 0.9710 -0.0700 -0.2286
vn 0.9912 -0.0377 0.1272
vn -0.9705 0.1610 0.1795
vn -0.9741 0.0760 0.2130
vn 0.9706 0.2397 0.0232
vn -0.0752 0.9942 0.0768
vn -0.1567 0.4209 0.8935
vn 0.9634 0.2624 0.0554
vn -0.9708 0.2394 0.0143
vn -0.9454 0.2922 0.1444
vn -0.0705 0.9973 0.0205
vn -0.9750 0.2220 -0.0133
vn 0.9741 0.2256 0.0155
vn -0.0702 0.9973 -0.0219
vn -0.9758 0.2177 -0.0218
vn 0.9783 0.2071 0.0015
vn -0.0601 0.9981 -0.0110
vn -0.9775 0.2106 -0.0096
vn 0.9789 0.2044 0.0018
vn -0.0452 0.9988 0.0176
vn -0.9785 0.2063 0.0052
vn 0.9783 0.2073 0.0048
vn -0.0463 0.9989 0.0061
vn -0.9762 0.2167 0.0030
vn 0.9783 0.2071 0.0025
vn -0.0385 0.9986 -0.0369
vn -0.9732 0.2296 -0.0114
vn 0.9796 0.2010 -0.0083
vn -0.0259 0.9984 -0.0495
vn -0.9736 0.2279 -0.0138
vn 0.9800 0.1985 -0.0142
vn -0.0068 0.9994 -0.0346
vn -0.9755 0.2195 -0.0135
vn 0.9800 0.1988 -0.0065
vn 0.0139 0.9996 -0.0244
vn -0.9776 0.2101 -0.0102
vn 0.9812 0.1931 -0.0037
vn 0.9809 0.1944 -0.0050
vn 0.0098 0.9999 -0.0084
vn -0.9808 0.1948 -0.0010
vn 0.9807 0.1954 -0.0026
vn -0.0100 0.9999 -0.0076
vn -0.9822 0.1877 -0.0025
vn 0.9829 0.1841 -0.0035
vn -0.0029 0.9999 0.0100
vn -0.9802 0.1978 0.0048
vn 0.9834 0.1811 -0.0058
vn 0.0077 0.9996 0.0254
vn -0.9792 0.2022 0.0135
vn 0.9841 0.1775 0.0007
vn 0.0401 0.9972 0.0637
vn -0.9851 0.1708 0.0204
vn 0.9823 0.1873 0.0053
vn 0.0551 0.9967 0.0600
vn -0.9890 0.1466 0.0175
vn 0.0452 0.9990 -0.0039
vn -0.9904 0.1381 -0.0039
vn 0.9813 0.1925 0.0060
vn 0.9820 0.1884 0.0147
vn 0.0354 0.9994 0.0002
vn 0.0375 0.9983 -0.0456
vn 0.9816 0.1908 0.0126
vn -0.9831 0.1831 -0.0052
vn -0.9876 0.1552 -0.0222
vn 0.9807 0.1950 0.0126
vn 0.0195 0.9994 0.0270
vn -0.9798 0.2000 0.0084
vn -0.0101 0.9989 0.0465
vn -0.9766 0.2134 0.0257
vn 0.9803 0.1973 -0.0016
vn -0.0433 0.9990 0.0128
vn -0.9747 0.2213 0.0302
vn 0.9788 0.2036 -0.0240
vn 0.9989 0.0451 -0.0092
vn 0.9987 0.0231 -0.0454
vn 0.9986 0.0522 0.0092
vn 0.9981 0.0596 0.0124
vn 0.9973 0.0727 0.0128
vn 0.9969 0.0786 0.0062
vn 0.9971 0.0765 0.0012
vn 0.9975 0.0704 -0.0028
vn 0.9976 0.0683 -0.0078
vn 0.9977 0.0672 -0.0070
vn 0.9976 0.0699 -0.0027
vn 0.9978 0.0666 -0.0025
vn 0.9981 0.0621 -0.0009
vn 0.9981 0.0610 -0.0024
vn 0.9984 0.0554 -0.0064
vn 0.9987 0.0516 -0.0046
vn 0.9983 0.0588 -0.0014
vn 0.9978 0.0668 0.0022
vn 0.9979 0.0645 0.0048
vn 0.9984 0.0554 0.0054
vn 0.9987 0.0499 0.0113
vn 0.9989 0.0434 0.0175
vn -0.9988 0.0476 -0.0132
vn -0.9996 0.0268 0.0067
vn -0.9978 0.0633 -0.0180
vn -0.9978 0.0660 -0.0107
vn -0.9983 0.0584 0.0014
vn -0.9984 0.0566 0.0038
vn -0.9979 0.0639 -0.0044
vn -0.9976 0.0691 -0.0082
vn -0.9975 0.0692 -0.0101
vn -0.9977 0.0668 -0.0086
vn -0.9982 0.0595 -0.0026
vn -0.9983 0.0576 -0.0006
vn -0.9975 0.0703 0.0064
vn -0.9967 0.0806 0.0101
vn -0.9978 0.0659 0.0105
vn -0.9989 0.0463 0.0078
vn -0.9993 0.0367 -0.0036
vn -0.9987 0.0501 -0.0027
vn -0.9991 0.0419 -0.0117
vn -0.9989 0.0477 0.0046
vn -0.9988 0.0445 0.0201
vn -0.9982 0.0529 0.0291
vn 0.9994 -0.0319 -0.0151
vn 0.9962 -0.0515 -0.0696
vn 0.9998 -0.0199 0.0051
vn 1.0000 -0.0077 0.0046
vn 0.9998 0.0220 0.0038
vn 0.9999 0.0112 0.0048
vn 0.9997 0.0244 0.0007
vn 0.9997 0.0231 -0.0021
vn 0.9997 0.0224 -0.0082
vn 0.9997 0.0235 -0.0095
vn 0.9997 0.0235 -0.0024
vn 0.9998 0.0186 0.0004
vn 0.9999 0.0133 0.0006
vn 0.9999 0.0105 -0.0007
vn 1.0000 0.0074 -0.0026
vn 1.0000 0.0046 -0.0039
vn 1.0000 0.0055 -0.0048
vn 1.0000 0.0075 0.0009
vn 0.9999 0.0074 0.0068
vn 1.0000 0.0050 0.0081
vn 0.9999 -0.0009 0.0127
vn 0.9997 -0.0114 0.0229
vn -1.0000 0.0057 -0.0054
vn -0.9998 -0.0148 0.0156
vn -0.9997 0.0199 -0.0136
vn -0.9996 0.0236 -0.0122
vn -0.9998 0.0178 -0.0027
vn -0.9999 0.0103 0.0030
vn -1.0000 0.0082 -0.0014
vn -0.9999 0.0108 -0.0059
vn -0.9999 0.0140 -0.0085
vn -0.9998 0.0153 -0.0084
vn -0.9999 0.0130 -0.0047
vn -0.9999 0.0134 0.0013
vn -0.9997 0.0229 0.0108
vn -0.9994 0.0331 0.0101
vn -0.9995 0.0321 0.0052
vn -0.9997 0.0245 0.0022
vn -0.9998 0.0219 -0.0031
vn -0.9992 0.0390 0.0012
vn -0.9996 0.0278 -0.0033
vn -0.9991 0.0434 0.0034
vn -0.9986 0.0487 0.0214
vn -0.9971 0.0634 0.0430
vn 0.9944 -0.1035 -0.0214
vn 0.9895 -0.1188 -0.0821
vn 0.9961 -0.0887 -0.0004
vn 0.9973 -0.0724 -0.0085
vn 0.9998 -0.0204 -0.0035
vn 0.9990 -0.0431 -0.0113
vn 0.9999 -0.0122 -0.0008
vn 0.9999 -0.0108 -0.0008
vn 0.9999 -0.0084 -0.0097
vn 0.9999 -0.0022 -0.0126
vn 1.0000 0.0001 -0.0011
vn 1.0000 -0.0070 0.0038
vn 0.9999 -0.0133 0.0021
vn 0.9999 -0.0143 -0.0001
vn 0.9999 -0.0160 -0.0008
vn 0.9998 -0.0204 -0.0020
vn 0.9996 -0.0266 -0.0044
vn 0.9995 -0.0304 0.0008
vn 0.9996 -0.0280 0.0055
vn 0.9997 -0.0226 0.0077
vn 0.9996 -0.0233 0.0160
vn 0.9990 -0.0320 0.0299
vn -1.0000 0.0081 0.0032
vn -0.9996 -0.0100 0.0267
vn -0.9998 0.0200 -0.0092
vn -0.9996 0.0245 -0.0124
vn -0.9998 0.0213 -0.0064
vn -0.9999 0.0129 -0.0003
vn -1.0000 0.0065 -0.0018
vn -1.0000 0.0063 -0.0044
vn -0.9999 0.0108 -0.0066
vn -0.9999 0.0150 -0.0079
vn -0.9999 0.0136 -0.0067
vn -0.9999 0.0123 0.0030
vn -0.9997 0.0189 0.0158
vn -0.9996 0.0262 0.0121
vn -0.9996 0.0291 0.0041
vn -0.9994 0.0356 0.0030
vn -0.9988 0.0480 0.0042
vn -0.9947 0.1025 0.0104
vn -0.9971 0.0751 0.0119
vn -0.9936 0.1127 0.0051
vn -0.9929 0.1168 0.0237
vn -0.9913 0.1196 0.0552
vn 0.9882 -0.1518 -0.0226
vn 0.9855 -0.1488 -0.0821
vn 0.9889 -0.1485 -0.0056
vn 0.9905 -0.1357 -0.0233
vn 0.9973 -0.0725 -0.0139
vn 0.9942 -0.1025 -0.0333
vn 0.9979 -0.0645 -0.0018
vn 0.9977 -0.0673 0.0018
vn 0.9975 -0.0704 -0.0114
vn 0.9979 -0.0630 -0.0177
vn 0.9986 -0.0537 -0.0005
vn 0.9982 -0.0592 0.0067
vn 0.9979 -0.0646 0.0025
vn 0.9981 -0.0612 -0.0007
vn 0.9983 -0.0583 -0.0001
vn 0.9981 -0.0619 0.0011
vn 0.9976 -0.0696 -0.0020
vn 0.9972 -0.0744 0.0010
vn 0.9974 -0.0719 0.0021
vn 0.9978 -0.0662 0.0050
vn 0.9978 -0.0635 0.0180
vn 0.9977 -0.0605 0.0317
vn -0.9999 -0.0041 0.0099
vn -0.9993 -0.0130 0.0351
vn -1.0000 0.0030 -0.0067
vn -0.9999 0.0042 -0.0132
vn -1.0000 0.0006 -0.0090
vn -1.0000 -0.0035 -0.0030
vn -1.0000 -0.0081 -0.0033
vn -0.9999 -0.0097 -0.0034
vn -1.0000 -0.0049 -0.0041
vn -1.0000 -0.0002 -0.0071
vn -0.9999 -0.0041 -0.0097
vn -0.9999 -0.0112 0.0030
vn -0.9998 -0.0069 0.0196
vn -0.9999 0.0014 0.0132
vn -1.0000 0.0045 0.0056
vn -0.9998 0.0168 0.0089
vn -0.9991 0.0375 0.0177
vn -0.9948 0.0998 0.0205
vn -0.9968 0.0731 0.0327
vn -0.9945 0.1042 0.0054
vn -0.9952 0.0961 0.0203
vn -0.9945 0.0895 0.0547
vn 0.0311 0.3579 -0.9333
vn -0.9697 0.2432 -0.0243
vn 0.9555 0.2481 -0.1594
vn 0.9479 -0.2862 -0.1399
vn 0.9237 -0.2361 -0.3018
vn -0.0264 -0.1559 -0.9874
vn 0.9743 -0.1380 -0.1782
vn -0.0975 -0.9906 -0.0964
vn 0.9397 -0.3332 -0.0776
vn -0.1313 -0.9909 -0.0293
vn -0.1255 -0.9632 -0.2378
vn -0.9532 0.0294 -0.3010
vn 0.9453 -0.3252 -0.0245
vn -0.1979 -0.9802 -0.0044
vn -0.9998 -0.0191 -0.0117
vn -0.9967 0.0760 -0.0291
vn -0.9970 -0.0585 0.0507
vn -0.9953 -0.0944 0.0194
vn 0.9415 0.0025 0.3369
vn 0.9920 -0.1007 0.0767
vn 0.9950 -0.0541 0.0837
vn -0.1457 -0.1289 0.9809
vn -0.1760 -0.8786 0.4439
vn -0.9681 -0.0294 0.2490
vn 0.0825 -0.9799 0.1816
vn 0.1092 -0.9907 0.0807
vn 0.9793 -0.2009 0.0264
vn -0.9839 -0.1553 0.0882
vn -0.9856 -0.1619 0.0492
vn -0.9952 -0.0162 0.0970
vn -0.9952 0.0969 -0.0133
vn -0.1472 -0.1457 -0.9783
vn -0.0450 -0.3310 0.9426
vn -0.9915 -0.0416 0.1233
vn 0.9804 -0.0356 -0.1940
vn -0.1073 -0.1422 -0.9840
vn 0.9669 -0.0928 -0.2377
vn -0.1011 -0.1283 -0.9866
vn -0.0829 -0.1521 0.9849
vn 0.9980 0.0217 0.0596
vn -0.0731 -0.2976 0.9519
vn 0.9969 -0.0327 0.0711
vn 0.1190 -0.9926 0.0241
vn 0.9561 -0.2926 0.0146
vn -0.9925 -0.1211 0.0177
vn 0.1294 -0.9912 -0.0277
vn 0.9434 -0.3316 -0.0035
vn -0.9950 -0.0991 -0.0089
vn 0.0996 -0.9941 -0.0436
vn 0.9492 -0.3147 -0.0075
vn -0.9947 -0.1010 -0.0181
vn 0.0767 -0.9969 -0.0195
vn 0.9528 -0.3035 -0.0017
vn -0.9943 -0.1061 -0.0115
vn 0.0728 -0.9973 -0.0032
vn 0.9551 -0.2962 -0.0002
vn -0.9948 -0.1019 -0.0036
vn 0.0725 -0.9974 -0.0012
vn 0.9558 -0.2940 0.0038
vn -0.9945 -0.1043 -0.0045
vn 0.0705 -0.9975 -0.0079
vn 0.9562 -0.2926 -0.0013
vn -0.9940 -0.1096 -0.0034
vn 0.0475 -0.9988 -0.0078
vn 0.9546 -0.2980 -0.0020
vn -0.9941 -0.1088 -0.0025
vn 0.0281 -0.9995 -0.0168
vn 0.9599 -0.2802 0.0023
vn -0.9900 -0.1407 -0.0114
vn 0.0239 -0.9994 -0.0264
vn 0.9755 -0.2197 0.0075
vn -0.9779 -0.2081 -0.0194
vn 0.0075 -0.9999 -0.0096
vn 0.9818 -0.1898 -0.0017
vn -0.9666 -0.2561 -0.0005
vn -0.0273 -0.9996 -0.0068
vn 0.9780 -0.2074 -0.0228
vn -0.9665 -0.2560 0.0199
vn -0.0497 -0.9987 0.0072
vn 0.9777 -0.2099 -0.0107
vn -0.9717 -0.2357 0.0138
vn -0.0743 -0.9965 0.0394
vn 0.9807 -0.1952 0.0079
vn -0.9721 -0.2341 0.0132
vn -0.1337 -0.9904 0.0359
vn 0.9739 -0.2271 -0.0011
vn -0.9791 -0.2020 0.0222
vn -0.2394 -0.9708 0.0137
vn 0.9540 -0.2987 -0.0242
vn -0.9907 -0.1321 0.0329
vn -0.2919 -0.9564 -0.0136
vn 0.9399 -0.3383 -0.0456
vn -0.2158 -0.9762 -0.0216
vn 0.9630 -0.2679 -0.0306
vn -0.9940 -0.1035 0.0357
vn -0.9851 -0.1715 0.0160
vn -0.2087 -0.9779 -0.0120
vn 0.9609 -0.2767 -0.0125
vn -0.9886 -0.1504 0.0054
vn -0.9982 0.0560 -0.0220
vn -0.9971 0.0764 -0.0048
vn 0.9634 -0.1330 -0.2329
vn 0.9949 -0.0549 0.0842
vn -0.9900 -0.0141 0.1404
vn -0.9875 -0.0594 0.1462
vn 0.0823 0.2152 0.9731
vn 0.2626 0.9637 -0.0488
vn -0.7425 0.6665 -0.0664
vn 0.0956 0.2765 0.9562
vn 0.0488 0.3184 -0.9467
vn -0.0516 0.4891 -0.8707
vn 0.1331 0.9892 -0.0609
vn 0.0381 0.2500 -0.9675
vn 0.0271 0.2146 0.9763
vn -0.0063 0.2263 0.9740
vn 0.0055 0.9992 -0.0391
vn 0.0198 0.2450 -0.9693
vn -0.0060 0.2283 0.9736
vn 0.0003 0.9996 -0.0296
vn 0.0086 0.2311 -0.9729
vn -0.0005 0.9998 -0.0222
vn -0.0012 0.2245 -0.9745
vn 0.0008 0.2312 0.9729
vn 0.0131 0.9995 -0.0303
vn 0.0016 0.2405 -0.9707
vn 0.0053 0.2221 0.9750
vn 0.0413 0.9988 -0.0250
vn 0.0153 0.2585 -0.9659
vn 0.0083 0.2139 0.9768
vn 0.0468 0.9988 -0.0123
vn 0.0122 0.2588 -0.9658
vn 0.0155 0.2171 0.9760
vn 0.0069 0.2266 0.9740
vn 0.0301 0.9995 0.0090
vn 0.0115 0.2523 -0.9676
vn 0.0007 0.2300 0.9732
vn 0.0173 0.9991 0.0379
vn 0.0094 0.2430 -0.9700
vn -0.0011 0.9992 0.0398
vn -0.0028 0.2358 -0.9718
vn 0.0014 0.2394 0.9709
vn 0.0061 0.9999 0.0081
vn 0.0102 0.2349 -0.9720
vn -0.0074 0.2488 0.9685
vn 0.0144 0.9997 0.0215
vn 0.0029 0.2412 -0.9705
vn 0.0069 0.2412 0.9704
vn -0.0379 0.9991 0.0182
vn -0.0220 0.2361 -0.9715
vn 0.0074 0.2322 0.9726
vn -0.1065 0.9925 0.0603
vn -0.0393 0.2201 -0.9747
vn -0.0054 0.2201 0.9755
vn -0.0056 0.2291 0.9734
vn -0.0678 0.9961 0.0567
vn -0.0259 0.1888 -0.9817
vn 0.0323 0.9988 0.0378
vn 0.0194 0.1715 -0.9850
vn -0.0100 0.2376 0.9713
vn -0.0059 0.2204 0.9754
vn 0.0449 0.9974 0.0560
vn 0.0198 0.1898 -0.9816
vn -0.0034 0.2122 0.9772
vn -0.0063 0.9994 0.0337
vn -0.0045 0.2167 -0.9762
vn -0.0030 0.2075 0.9782
vn -0.0245 0.9996 -0.0135
vn -0.0094 0.2240 -0.9745
vn 0.0231 0.1937 0.9808
vn 0.0212 0.9988 -0.0449
vn -0.0120 0.2274 -0.9737
vn 0.0016 0.0514 0.9987
vn 0.0366 0.0302 0.9989
vn -0.0016 0.0570 0.9984
vn -0.0104 0.0647 0.9978
vn -0.0164 0.0703 0.9974
vn 0.0006 0.0600 0.9982
vn 0.0099 0.0530 0.9985
vn 0.0147 0.0557 0.9983
vn 0.0070 0.0591 0.9982
vn -0.0059 0.0674 0.9977
vn -0.0002 0.0685 0.9977
vn -0.0016 0.0645 0.9979
vn 0.0019 0.0637 0.9980
vn 0.0066 0.0558 0.9984
vn 0.0034 0.0502 0.9987
vn 0.0080 0.0575 0.9983
vn 0.0019 0.0651 0.9979
vn -0.0090 0.0624 0.9980
vn -0.0093 0.0512 0.9986
vn -0.0151 0.0139 0.9998
vn -0.0064 -0.0277 0.9996
vn 0.0265 0.0759 -0.9968
vn -0.0018 0.1117 -0.9937
vn 0.0234 0.0602 -0.9979
vn 0.0137 0.0470 -0.9988
vn -0.0021 0.0396 -0.9992
vn -0.0053 0.0509 -0.9987
vn 0.0063 0.0669 -0.9977
vn 0.0070 0.0722 -0.9974
vn 0.0099 0.0669 -0.9977
vn 0.0095 0.0583 -0.9983
vn 0.0010 0.0473 -0.9989
vn 0.0058 0.0488 -0.9988
vn -0.0034 0.0663 -0.9978
vn -0.0179 0.0772 -0.9969
vn -0.0224 0.0753 -0.9969
vn -0.0069 0.0510 -0.9987
vn 0.0191 0.0197 -0.9996
vn 0.0085 0.0131 -0.9999
vn -0.0054 0.0207 -0.9998
vn -0.0088 0.0260 -0.9996
vn -0.0190 0.0404 -0.9990
vn 0.0055 -0.0225 0.9997
vn 0.0528 -0.0299 0.9982
vn -0.0011 -0.0185 0.9998
vn -0.0048 -0.0063 1.0000
vn -0.0148 0.0137 0.9998
vn -0.0021 0.0171 0.9999
vn 0.0120 0.0097 0.9999
vn 0.0150 0.0032 0.9999
vn 0.0085 0.0020 1.0000
vn -0.0023 0.0082 1.0000
vn -0.0023 0.0099 0.9999
vn -0.0019 0.0080 1.0000
vn 0.0006 0.0087 1.0000
vn 0.0023 0.0066 1.0000
vn 0.0029 0.0049 1.0000
vn 0.0101 0.0041 0.9999
vn 0.0016 0.0011 1.0000
vn -0.0106 0.0004 0.9999
vn -0.0126 -0.0008 0.9999
vn -0.0321 -0.0156 0.9994
vn -0.0450 -0.0502 0.9977
vn 0.0244 0.0101 -0.9997
vn -0.0144 0.0347 -0.9993
vn 0.0251 0.0069 -0.9997
vn 0.0179 0.0060 -0.9998
vn -0.0002 -0.0004 -1.0000
vn -0.0079 -0.0073 -0.9999
vn 0.0016 -0.0075 -1.0000
vn 0.0059 -0.0063 -1.0000
vn 0.0103 -0.0066 -0.9999
vn 0.0112 -0.0091 -0.9999
vn 0.0057 -0.0163 -0.9999
vn -0.0003 -0.0145 -0.9999
vn -0.0110 0.0015 -0.9999
vn -0.0173 0.0114 -0.9998
vn -0.0141 0.0080 -0.9999
vn 0.0088 -0.0055 -0.9999
vn 0.0206 -0.0136 -0.9997
vn -0.0015 0.0032 -1.0000
vn -0.0052 0.0163 -0.9999
vn -0.0165 0.0277 -0.9995
vn -0.0343 0.0484 -0.9982
vn 0.0099 -0.0916 0.9957
vn 0.0549 -0.0909 0.9943
vn -0.0049 -0.0929 0.9957
vn 0.0128 -0.0723 0.9973
vn 0.0020 -0.0234 0.9997
vn -0.0040 0.0032 1.0000
vn 0.0060 -0.0026 1.0000
vn 0.0124 -0.0137 0.9998
vn 0.0114 -0.0123 0.9999
vn -0.0001 -0.0078 1.0000
vn -0.0048 -0.0110 0.9999
vn -0.0022 -0.0153 0.9999
vn 0.0012 -0.0151 0.9999
vn 0.0008 -0.0147 0.9999
vn 0.0018 -0.0179 0.9998
vn 0.0072 -0.0254 0.9997
vn -0.0006 -0.0338 0.9994
vn -0.0080 -0.0319 0.9995
vn -0.0076 -0.0146 0.9999
vn -0.0280 0.0109 0.9996
vn -0.0595 0.0065 0.9982
vn 0.0110 -0.0420 -0.9991
vn -0.0128 -0.0512 -0.9986
vn 0.0151 -0.0015 -0.9999
vn 0.0164 0.0228 -0.9996
vn 0.0056 0.0220 -0.9997
vn -0.0033 0.0077 -1.0000
vn 0.0018 -0.0020 -1.0000
vn 0.0058 -0.0037 -1.0000
vn 0.0090 -0.0000 -1.0000
vn 0.0115 0.0046 -0.9999
vn 0.0086 0.0041 -1.0000
vn -0.0036 0.0027 -1.0000
vn -0.0180 0.0091 -0.9998
vn -0.0178 0.0154 -0.9997
vn -0.0091 0.0112 -0.9999
vn 0.0098 0.0179 -0.9998
vn 0.0006 0.0646 -0.9979
vn -0.0208 0.1285 -0.9915
vn 0.0001 0.1513 -0.9885
vn -0.0202 0.1399 -0.9900
vn -0.0341 0.1236 -0.9917
vn 0.0062 -0.1322 0.9912
vn 0.0439 -0.1116 0.9928
vn -0.0106 -0.1492 0.9887
vn 0.0338 -0.1374 0.9899
vn 0.0249 -0.0957 0.9951
vn -0.0022 -0.0680 0.9977
vn -0.0008 -0.0693 0.9976
vn 0.0110 -0.0747 0.9971
vn 0.0155 -0.0670 0.9976
vn 0.0006 -0.0596 0.9982
vn -0.0066 -0.0621 0.9980
vn -0.0024 -0.0653 0.9979
vn 0.0021 -0.0637 0.9980
vn 0.0003 -0.0623 0.9981
vn -0.0004 -0.0652 0.9979
vn 0.0033 -0.0723 0.9974
vn -0.0020 -0.0773 0.9970
vn -0.0033 -0.0723 0.9974
vn 0.0053 -0.0473 0.9989
vn -0.0100 -0.0015 0.9999
vn -0.0551 0.0298 0.9980
vn -0.0129 -0.0835 -0.9964
vn -0.0133 -0.1194 -0.9928
vn -0.0025 -0.0246 -0.9997
vn 0.0125 0.0025 -0.9999
vn 0.0100 0.0039 -0.9999
vn 0.0020 -0.0030 -1.0000
vn 0.0039 -0.0100 -0.9999
vn 0.0051 -0.0113 -0.9999
vn 0.0061 -0.0056 -1.0000
vn 0.0100 0.0015 -0.9999
vn 0.0102 0.0026 -0.9999
vn -0.0032 -0.0012 -1.0000
vn -0.0220 0.0001 -0.9998
vn -0.0185 0.0048 -0.9998
vn -0.0080 0.0072 -0.9999
vn -0.0039 0.0303 -0.9995
vn -0.0309 0.0822 -0.9961
vn -0.0405 0.1261 -0.9912
vn 0.0054 0.1301 -0.9915
vn -0.0101 0.1006 -0.9949
vn -0.0164 0.0726 -0.9972
vn 0.8723 0.4886 0.0195
vn 0.0177 0.2474 -0.9687
vn 0.1519 0.2192 0.9638
vn 0.0880 -0.2598 0.9616
vn 0.4282 -0.0850 0.8997
vn 0.9957 0.0133 0.0914
vn 0.1420 -0.0734 0.9871
vn 0.0743 -0.9972 -0.0063
vn 0.0421 -0.3005 0.9529
vn 0.0261 -0.9868 -0.1600
vn 0.3136 -0.9494 0.0185
vn 0.4053 -0.0331 -0.9136
vn 0.0046 -0.2592 0.9658
vn 0.0014 -0.9816 -0.1909
vn 0.1022 -0.0830 -0.9913
vn 0.0988 0.0456 -0.9941
vn -0.0057 -0.1627 -0.9867
vn -0.0047 -0.2450 -0.9695
vn -0.9674 -0.2427 -0.0721
vn -0.1567 -0.0083 0.9876
vn -0.1665 0.0185 0.9859
vn -0.9723 -0.2164 -0.0890
vn -0.1491 -0.4001 0.9042
vn -0.7250 -0.6748 -0.1376
vn -0.0463 -0.7088 -0.7039
vn -0.0614 -0.9787 0.1961
vn -0.0379 -0.0950 0.9948
vn -0.0204 -0.2277 -0.9735
vn -0.0316 -0.2559 -0.9662
vn -0.0719 -0.1215 -0.9900
vn 0.0547 0.0912 -0.9943
vn 0.9941 -0.0941 0.0543
vn -0.9876 -0.1309 -0.0865
vn -0.1628 -0.0369 -0.9860
vn 0.2020 -0.0028 0.9794
vn 0.9900 0.0428 -0.1342
vn 0.2399 -0.0428 0.9698
vn 0.9968 -0.0515 -0.0614
vn -0.9817 0.1788 -0.0662
vn -0.0306 -0.0701 0.9971
vn -0.9935 0.0348 -0.1085
vn -0.0799 -0.0878 0.9929
vn -0.0173 -0.9912 0.1312
vn 0.0072 -0.1891 0.9819
vn -0.0344 -0.2315 -0.9722
vn 0.0225 -0.9863 0.1635
vn 0.0142 -0.1998 0.9797
vn -0.0064 -0.2357 -0.9718
vn 0.0326 -0.9885 0.1478
vn 0.0072 -0.2158 0.9764
vn 0.0122 -0.2225 -0.9749
vn 0.0230 -0.9948 0.0991
vn 0.0048 -0.2776 0.9607
vn 0.0101 -0.1503 -0.9886
vn 0.0088 -0.9940 0.1088
vn 0.0021 -0.3019 0.9533
vn 0.0048 -0.1160 -0.9932
vn 0.0060 -0.9943 0.1062
vn -0.0019 -0.2965 0.9550
vn 0.0053 -0.1194 -0.9928
vn 0.0077 -0.9953 0.0961
vn -0.0024 -0.2676 0.9635
vn 0.0084 -0.1502 -0.9886
vn 0.0093 -0.9939 0.1101
vn 0.0001 -0.2131 0.9770
vn 0.0080 -0.2042 -0.9789
vn 0.0169 -0.9954 0.0942
vn 0.0028 -0.2135 0.9769
vn 0.0076 -0.1999 -0.9798
vn 0.0233 -0.9986 0.0478
vn -0.0007 -0.2669 0.9637
vn 0.0114 -0.1394 -0.9902
vn 0.0147 -0.9988 0.0464
vn 0.0035 -0.2949 0.9555
vn -0.0004 -0.1178 -0.9930
vn 0.0015 -0.9998 0.0175
vn 0.0190 -0.3088 0.9509
vn -0.0230 -0.1235 -0.9921
vn -0.0182 -0.9998 -0.0104
vn 0.0077 -0.3211 0.9470
vn -0.0203 -0.1243 -0.9920
vn -0.0425 -0.9977 -0.0529
vn -0.0141 -0.2910 0.9566
vn -0.0104 -0.1597 -0.9871
vn -0.0465 -0.9948 -0.0909
vn -0.0075 -0.2708 0.9626
vn -0.0215 -0.1826 -0.9830
vn -0.0215 -0.9737 -0.2269
vn 0.0343 -0.2978 0.9540
vn -0.0473 -0.1752 -0.9834
vn -0.0007 -0.9723 -0.2337
vn 0.0421 -0.2729 0.9611
vn -0.0405 -0.2173 -0.9753
vn -0.0136 -0.9642 -0.2647
vn -0.0159 -0.2293 0.9732
vn 0.0045 -0.2620 -0.9650
vn 0.0122 0.0566 -0.9983
vn 0.0215 0.0545 -0.9983
vn 0.2004 -0.0886 0.9757
vn -0.1272 -0.0356 0.9912
vn -0.1795 0.1589 -0.9709
vn -0.2130 0.0738 -0.9743
vn 0.8947 0.4460 0.0231
vn -0.2534 0.9654 0.0613
vn -0.2047 0.3619 0.9095
vn 0.8855 0.4626 0.0426
vn -0.9990 0.0406 0.0159
vn -0.9862 0.0982 0.1329
vn -0.2220 0.9743 0.0380
vn -0.9994 0.0331 -0.0046
vn 0.8959 0.4436 0.0227
vn -0.2151 0.9766 -0.0003
vn -0.9994 0.0308 -0.0162
vn 0.9028 0.4300 0.0078
vn 0.9051 0.4252 0.0045
vn -0.2078 0.9782 0.0019
vn -0.9998 0.0156 -0.0079
vn -0.1976 0.9803 0.0023
vn -1.0000 0.0038 0.0003
vn 0.9069 0.4214 -0.0006
vn 0.9104 0.4136 -0.0047
vn -0.2012 0.9795 -0.0132
vn -0.9999 0.0108 -0.0024
vn 0.9133 0.4072 -0.0093
vn -0.1972 0.9795 -0.0406
vn -0.9996 0.0244 -0.0123
vn 0.9131 0.4076 -0.0113
vn -0.1848 0.9818 -0.0428
vn -0.9996 0.0267 -0.0118
vn -0.1699 0.9852 -0.0243
vn -0.9996 0.0254 -0.0116
vn 0.9130 0.4079 -0.0028
vn 0.9119 0.4104 -0.0045
vn -0.1427 0.9896 -0.0176
vn -0.1474 0.9888 -0.0254
vn 0.9153 0.4028 0.0006
vn -0.9998 0.0211 -0.0040
vn -0.9995 0.0280 -0.0143
vn 0.9067 0.4217 -0.0028
vn -0.1424 0.9898 -0.0015
vn -0.9999 0.0115 0.0025
vn 0.9025 0.4306 -0.0001
vn -0.1601 0.9870 -0.0123
vn -0.9999 0.0095 -0.0062
vn 0.9062 0.4228 -0.0047
vn -0.1554 0.9877 -0.0147
vn -0.9999 0.0160 -0.0044
vn 0.9131 0.4077 -0.0015
vn -0.1488 0.9876 0.0505
vn -0.9997 0.0146 0.0211
vn 0.9187 0.3950 0.0048
vn -0.1173 0.9870 0.1102
vn -0.9992 -0.0043 0.0396
vn -0.1290 0.9895 0.0644
vn -0.9992 -0.0332 0.0235
vn 0.9160 0.4012 0.0047
vn -0.1583 0.9870 -0.0279
vn -0.9989 -0.0430 -0.0160
vn 0.9133 0.4071 0.0097
vn 0.9167 0.3995 0.0094
vn -0.1502 0.9879 -0.0390
vn -0.9996 -0.0216 -0.0185
vn -0.1790 0.9837 0.0183
vn -1.0000 0.0029 0.0037
vn 0.9134 0.4069 0.0114
vn -0.2278 0.9710 0.0731
vn -0.9997 0.0160 0.0181
vn 0.9081 0.4184 0.0182
vn -0.2643 0.9640 -0.0280
vn -0.9994 0.0314 0.0142
vn 0.8994 0.4371 -0.0065
vn 0.9654 0.2608 0.0065
vn 0.9690 0.2461 -0.0235
vn 0.9654 0.2608 0.0094
vn 0.9632 0.2684 0.0114
vn 0.9601 0.2795 0.0116
vn 0.9608 0.2773 -0.0000
vn 0.9626 0.2709 -0.0067
vn 0.9615 0.2746 -0.0094
vn 0.9593 0.2824 -0.0052
vn 0.9579 0.2872 0.0009
vn 0.9591 0.2832 -0.0007
vn 0.9610 0.2764 -0.0008
vn 0.9619 0.2733 0.0026
vn 0.9611 0.2761 -0.0011
vn 0.9618 0.2737 -0.0050
vn 0.9631 0.2692 -0.0046
vn 0.9619 0.2734 -0.0062
vn 0.9599 0.2802 -0.0018
vn 0.9603 0.2791 0.0061
vn 0.9614 0.2752 0.0073
vn 0.9608 0.2769 0.0152
vn 0.9628 0.2692 0.0224
vn -0.9887 -0.1497 -0.0086
vn -0.9858 -0.1677 0.0124
vn -0.9889 -0.1476 -0.0193
vn -0.9870 -0.1599 -0.0128
vn -0.9860 -0.1667 0.0010
vn -0.9878 -0.1558 0.0033
vn -0.9899 -0.1414 -0.0047
vn -0.9908 -0.1352 -0.0071
vn -0.9907 -0.1360 -0.0095
vn -0.9891 -0.1474 -0.0057
vn -0.9903 -0.1384 -0.0123
vn -0.9872 -0.1593 -0.0010
vn -0.9870 -0.1609 -0.0023
vn -0.9896 -0.1437 0.0020
vn -0.9912 -0.1311 0.0154
vn -0.9899 -0.1399 0.0222
vn -0.9860 -0.1663 0.0078
vn -0.9821 -0.1879 -0.0136
vn -0.9823 -0.1870 -0.0089
vn -0.9829 -0.1843 -0.0003
vn -0.9828 -0.1846 0.0060
vn -0.9854 -0.1697 0.0099
vn 0.9829 0.1843 -0.0023
vn 0.9836 0.1756 -0.0416
vn 0.9812 0.1927 0.0075
vn 0.9775 0.2109 0.0032
vn 0.9725 0.2328 0.0076
vn 0.9717 0.2364 0.0019
vn 0.9730 0.2306 -0.0080
vn 0.9741 0.2258 -0.0108
vn 0.9735 0.2286 -0.0084
vn 0.9723 0.2336 0.0010
vn 0.9733 0.2295 0.0023
vn 0.9742 0.2259 -0.0000
vn 0.9743 0.2254 0.0045
vn 0.9743 0.2252 -0.0017
vn 0.9743 0.2252 -0.0023
vn 0.9753 0.2208 -0.0018
vn 0.9752 0.2211 -0.0097
vn 0.9747 0.2237 -0.0020
vn 0.9757 0.2187 0.0096
vn 0.9764 0.2158 0.0067
vn 0.9762 0.2163 0.0128
vn 0.9778 0.2068 0.0331
vn -0.9782 -0.2076 -0.0064
vn -0.9755 -0.2189 0.0229
vn -0.9793 -0.2015 -0.0197
vn -0.9788 -0.2038 -0.0181
vn -0.9769 -0.2136 -0.0004
vn -0.9763 -0.2164 0.0073
vn -0.9766 -0.2152 -0.0018
vn -0.9765 -0.2155 -0.0056
vn -0.9762 -0.2166 -0.0100
vn -0.9729 -0.2309 -0.0093
vn -0.9746 -0.2235 -0.0165
vn -0.9705 -0.2409 -0.0077
vn -0.9700 -0.2430 0.0029
vn -0.9755 -0.2195 0.0136
vn -0.9791 -0.2028 0.0135
vn -0.9784 -0.2063 0.0136
vn -0.9755 -0.2199 -0.0062
vn -0.9736 -0.2279 -0.0131
vn -0.9779 -0.2092 0.0025
vn -0.9818 -0.1900 -0.0018
vn -0.9839 -0.1784 0.0137
vn -0.9879 -0.1528 0.0268
vn 0.9929 0.1187 -0.0097
vn 0.9916 0.1197 -0.0488
vn 0.9927 0.1205 0.0074
vn 0.9895 0.1439 -0.0142
vn 0.9819 0.1895 -0.0065
vn 0.9769 0.2136 0.0023
vn 0.9775 0.2109 -0.0042
vn 0.9794 0.2018 -0.0088
vn 0.9774 0.2106 -0.0162
vn 0.9752 0.2214 0.0017
vn 0.9772 0.2120 0.0076
vn 0.9786 0.2057 -0.0024
vn 0.9786 0.2054 0.0094
vn 0.9787 0.2054 -0.0034
vn 0.9782 0.2076 -0.0022
vn 0.9789 0.2042 0.0018
vn 0.9803 0.1972 -0.0100
vn 0.9819 0.1893 0.0002
vn 0.9825 0.1859 0.0113
vn 0.9819 0.1896 0.0047
vn 0.9820 0.1884 0.0146
vn 0.9831 0.1780 0.0427
vn -0.9784 -0.2065 -0.0011
vn -0.9753 -0.2189 0.0290
vn -0.9820 -0.1882 -0.0131
vn -0.9847 -0.1735 -0.0187
vn -0.9841 -0.1775 -0.0063
vn -0.9817 -0.1904 0.0059
vn -0.9800 -0.1988 -0.0040
vn -0.9798 -0.2001 -0.0040
vn -0.9809 -0.1941 -0.0087
vn -0.9832 -0.1827 -0.0060
vn -0.9818 -0.1888 -0.0221
vn -0.9824 -0.1865 -0.0130
vn -0.9811 -0.1934 0.0053
vn -0.9828 -0.1828 0.0263
vn -0.9850 -0.1720 0.0125
vn -0.9838 -0.1792 0.0091
vn -0.9839 -0.1787 -0.0089
vn -0.9895 -0.1448 0.0023
vn -0.9957 -0.0896 0.0222
vn -0.9979 -0.0641 -0.0034
vn -0.9971 -0.0732 0.0202
vn -0.9957 -0.0831 0.0398
vn 0.9968 0.0797 -0.0063
vn 0.9940 0.1005 -0.0439
vn 0.9980 0.0616 0.0102
vn 0.9965 0.0765 -0.0339
vn 0.9923 0.1211 -0.0267
vn 0.9895 0.1445 0.0009
vn 0.9907 0.1359 0.0024
vn 0.9920 0.1262 -0.0073
vn 0.9900 0.1385 -0.0255
vn 0.9886 0.1505 0.0012
vn 0.9894 0.1446 0.0115
vn 0.9903 0.1385 -0.0066
vn 0.9894 0.1449 -0.0049
vn 0.9899 0.1411 0.0142
vn 0.9889 0.1482 -0.0032
vn 0.9890 0.1478 0.0047
vn 0.9902 0.1398 -0.0066
vn 0.9914 0.1312 0.0028
vn 0.9908 0.1352 0.0082
vn 0.9898 0.1426 0.0028
vn 0.9899 0.1409 0.0173
vn 0.9891 0.1408 0.0425
vn -0.9757 -0.2190 0.0063
vn -0.9727 -0.2300 0.0310
vn -0.9789 -0.2045 -0.0056
vn -0.9806 -0.1955 -0.0161
vn -0.9811 -0.1929 -0.0110
vn -0.9800 -0.1992 0.0019
vn -0.9783 -0.2069 -0.0067
vn -0.9786 -0.2057 -0.0016
vn -0.9804 -0.1970 -0.0034
vn -0.9844 -0.1760 -0.0008
vn -0.9822 -0.1864 -0.0214
vn -0.9850 -0.1717 -0.0168
vn -0.9832 -0.1828 0.0029
vn -0.9815 -0.1888 0.0324
vn -0.9824 -0.1866 0.0123
vn -0.9816 -0.1909 0.0068
vn -0.9842 -0.1770 0.0009
vn -0.9914 -0.1281 0.0262
vn -0.9957 -0.0846 0.0387
vn -0.9967 -0.0814 -0.0055
vn -0.9938 -0.1105 0.0109
vn -0.9894 -0.1418 0.0320
vn -0.0535 0.3781 -0.9242
vn -0.9981 0.0395 -0.0481
vn 0.8692 0.4693 -0.1554
vn 0.9945 -0.0693 -0.0791
vn 0.8502 -0.0052 -0.5265
vn -0.0425 -0.0298 -0.9986
vn 0.9781 0.1215 -0.1689
vn 0.1780 -0.9836 -0.0307
vn 0.9868 -0.1579 -0.0358
vn 0.0951 -0.9955 -0.0035
vn 0.1673 -0.9653 -0.2004
vn -0.8518 -0.3321 -0.4052
vn 0.9790 -0.2037 0.0040
vn -0.0017 -0.9999 0.0127
vn -0.9495 -0.3126 -0.0276
vn -0.9862 -0.1618 -0.0356
vn -0.9482 -0.3171 0.0215
vn -0.9514 -0.3080 0.0024
vn -0.0041 -0.0840 0.9965
vn 0.9881 0.1071 0.1100
vn 0.9828 0.1470 0.1121
vn -0.0126 -0.1101 0.9938
vn 0.9645 -0.2442 0.1005
vn 0.0790 -0.5408 0.8374
vn -0.6326 -0.7728 0.0502
vn 0.3518 -0.9350 0.0448
vn 0.9994 -0.0040 0.0348
vn -0.9403 -0.3344 0.0635
vn -0.9270 -0.3733 0.0351
vn -0.9715 -0.2205 0.0876
vn -0.9961 -0.0842 -0.0258
vn -0.0507 0.1246 -0.9909
vn 0.0903 -0.2086 0.9738
vn -0.9663 -0.2269 0.1217
vn 0.9658 0.2022 -0.1624
vn -0.1131 -0.0643 -0.9915
vn 0.9670 0.1727 -0.1872
vn -0.1199 0.1724 -0.9777
vn 0.0101 -0.1755 0.9844
vn 0.9702 0.2345 0.0610
vn 0.0639 -0.2684 0.9612
vn 0.9800 0.1803 0.0838
vn 0.3375 -0.9411 0.0185
vn 0.9939 -0.1094 0.0148
vn -0.9394 -0.3426 0.0149
vn 0.3426 -0.9394 -0.0159
vn 0.9937 -0.1121 0.0022
vn -0.9319 -0.3627 -0.0089
vn 0.3610 -0.9321 -0.0299
vn 0.9972 -0.0745 0.0002
vn -0.9089 -0.4166 -0.0208
vn 0.2911 -0.9565 -0.0210
vn 0.9970 -0.0774 0.0002
vn -0.9068 -0.4214 -0.0153
vn 0.3208 -0.9471 -0.0049
vn 0.9992 -0.0394 -0.0016
vn -0.8870 -0.4617 -0.0037
vn 0.3059 -0.9521 0.0004
vn 1.0000 0.0061 0.0058
vn -0.8626 -0.5058 -0.0070
vn 0.3223 -0.9466 -0.0094
vn 0.9993 -0.0369 -0.0072
vn -0.8802 -0.4746 0.0008
vn 0.2727 -0.9621 -0.0016
vn 0.9942 -0.1077 -0.0074
vn -0.9143 -0.4051 0.0040
vn 0.2634 -0.9646 0.0104
vn 0.9908 -0.1338 0.0227
vn 0.2814 -0.9590 -0.0346
vn 0.9986 -0.0510 -0.0100
vn -0.9189 -0.3940 -0.0200
vn -0.8729 -0.4877 -0.0115
vn 0.2425 -0.9696 -0.0313
vn 0.9996 -0.0271 0.0091
vn -0.8656 -0.5000 -0.0265
vn 0.2439 -0.9698 -0.0091
vn 0.9995 -0.0327 0.0002
vn -0.8586 -0.5127 -0.0043
vn 0.1996 -0.9798 -0.0076
vn 0.9987 -0.0400 -0.0317
vn -0.8584 -0.5122 0.0284
vn 0.1945 -0.9808 0.0134
vn 0.9992 -0.0397 -0.0057
vn -0.8596 -0.5107 0.0148
vn 0.2024 -0.9784 0.0416
vn 0.9973 -0.0722 0.0113
vn -0.8826 -0.4699 0.0156
vn 0.0885 -0.9954 0.0357
vn 0.9896 -0.1438 0.0062
vn -0.9257 -0.3779 0.0167
vn -0.0226 -0.9997 0.0033
vn 0.9887 -0.1458 -0.0348
vn -0.9337 -0.3563 0.0346
vn -0.0281 -0.9996 -0.0102
vn 0.9923 -0.1146 -0.0477
vn -0.9245 -0.3790 0.0396
vn -0.0705 -0.9974 0.0122
vn 0.9844 -0.1755 0.0133
vn -0.9397 -0.3421 -0.0033
vn -0.9859 -0.1650 -0.0278
vn -0.9934 -0.1138 -0.0148
vn 0.9680 0.1399 -0.2082
vn 0.9819 0.1565 0.1070
vn -0.9665 -0.2137 0.1420
vn -0.9578 -0.2478 0.1458
vn 0.0823 0.3696 0.9255
vn 0.2626 0.9431 -0.2039
vn -0.7425 0.6470 -0.1733
vn 0.0956 0.4274 0.8990
vn 0.0488 0.1612 -0.9857
vn -0.0516 0.3419 -0.9383
vn 0.1331 0.9664 -0.2199
vn 0.0381 0.0903 -0.9952
vn 0.0271 0.3696 0.9288
vn -0.0063 0.3808 0.9247
vn 0.0055 0.9798 -0.2001
vn 0.0198 0.0851 -0.9962
vn -0.0060 0.3827 0.9239
vn 0.0003 0.9816 -0.1908
vn 0.0086 0.0708 -0.9975
vn -0.0005 0.9830 -0.1835
vn -0.0012 0.0641 -0.9979
vn 0.0008 0.3854 0.9227
vn 0.0131 0.9814 -0.1915
vn 0.0016 0.0804 -0.9968
vn 0.0053 0.3768 0.9263
vn 0.0413 0.9817 -0.1861
vn 0.0153 0.0990 -0.9950
vn 0.0083 0.3690 0.9294
vn 0.0468 0.9837 -0.1735
vn 0.0122 0.0993 -0.9950
vn 0.0155 0.3720 0.9281
vn 0.0069 0.3810 0.9245
vn 0.0301 0.9878 -0.1526
vn 0.0115 0.0926 -0.9956
vn 0.0007 0.3843 0.9232
vn 0.0173 0.9921 -0.1241
vn 0.0094 0.0830 -0.9965
vn -0.0011 0.9925 -0.1223
vn -0.0028 0.0756 -0.9971
vn 0.0014 0.3932 0.9195
vn 0.0061 0.9881 -0.1536
vn 0.0102 0.0747 -0.9972
vn -0.0074 0.4021 0.9156
vn 0.0144 0.9900 -0.1404
vn 0.0029 0.0811 -0.9967
vn 0.0069 0.3949 0.9187
vn -0.0379 0.9889 -0.1436
vn -0.0220 0.0759 -0.9969
vn 0.0074 0.3864 0.9223
vn -0.1065 0.9892 -0.1009
vn -0.0393 0.0597 -0.9974
vn -0.0054 0.3749 0.9270
vn -0.0056 0.3834 0.9236
vn -0.0678 0.9922 -0.1051
vn -0.0259 0.0277 -0.9993
vn 0.0323 0.9917 -0.1241
vn 0.0194 0.0100 -0.9998
vn -0.0100 0.3915 0.9201
vn -0.0059 0.3752 0.9269
vn 0.0449 0.9934 -0.1059
vn 0.0198 0.0287 -0.9994
vn -0.0034 0.3674 0.9300
vn -0.0063 0.9917 -0.1283
vn -0.0045 0.0561 -0.9984
vn -0.0030 0.3629 0.9318
vn -0.0245 0.9843 -0.1749
vn -0.0094 0.0636 -0.9979
vn 0.0231 0.3497 0.9366
vn 0.0212 0.9784 -0.2057
vn -0.0120 0.0670 -0.9977
vn 0.0016 0.2121 0.9772
vn 0.0366 0.1913 0.9809
vn -0.0016 0.2176 0.9760
vn -0.0104 0.2252 0.9743
vn -0.0164 0.2306 0.9729
vn 0.0006 0.2206 0.9754
vn 0.0099 0.2137 0.9768
vn 0.0147 0.2163 0.9762
vn 0.0070 0.2197 0.9756
vn -0.0059 0.2278 0.9737
vn -0.0002 0.2289 0.9735
vn -0.0016 0.2250 0.9744
vn 0.0019 0.2242 0.9745
vn 0.0066 0.2164 0.9763
vn 0.0034 0.2110 0.9775
vn 0.0080 0.2181 0.9759
vn 0.0019 0.2255 0.9742
vn -0.0090 0.2229 0.9748
vn -0.0093 0.2119 0.9772
vn -0.0151 0.1753 0.9844
vn -0.0063 0.1343 0.9909
vn 0.0265 -0.0862 -0.9959
vn -0.0018 -0.0504 -0.9987
vn 0.0234 -0.1019 -0.9945
vn 0.0137 -0.1151 -0.9933
vn -0.0021 -0.1224 -0.9925
vn -0.0053 -0.1112 -0.9938
vn 0.0063 -0.0953 -0.9954
vn 0.0070 -0.0900 -0.9959
vn 0.0099 -0.0952 -0.9954
vn 0.0095 -0.1038 -0.9946
vn 0.0010 -0.1148 -0.9934
vn 0.0058 -0.1133 -0.9935
vn -0.0034 -0.0958 -0.9954
vn -0.0179 -0.0850 -0.9962
vn -0.0224 -0.0868 -0.9960
vn -0.0069 -0.1111 -0.9938
vn 0.0191 -0.1421 -0.9897
vn 0.0085 -0.1486 -0.9889
vn -0.0054 -0.1412 -0.9900
vn -0.0088 -0.1359 -0.9907
vn -0.0190 -0.1216 -0.9924
vn 0.0055 0.1393 0.9902
vn 0.0528 0.1319 0.9899
vn -0.0011 0.1436 0.9896
vn -0.0048 0.1554 0.9878
vn -0.0148 0.1751 0.9844
vn -0.0020 0.1784 0.9840
vn 0.0120 0.1713 0.9851
vn 0.0151 0.1644 0.9863
vn 0.0085 0.1636 0.9865
vn -0.0023 0.1697 0.9855
vn -0.0023 0.1717 0.9852
vn -0.0019 0.1695 0.9855
vn 0.0006 0.1702 0.9854
vn 0.0024 0.1685 0.9857
vn 0.0029 0.1664 0.9860
vn 0.0101 0.1653 0.9862
vn 0.0016 0.1628 0.9867
vn -0.0106 0.1620 0.9867
vn -0.0127 0.1605 0.9869
vn -0.0321 0.1462 0.9887
vn -0.0450 0.1117 0.9927
vn 0.0244 -0.1517 -0.9881
vn -0.0144 -0.1273 -0.9918
vn 0.0251 -0.1547 -0.9876
vn 0.0179 -0.1557 -0.9876
vn -0.0002 -0.1620 -0.9868
vn -0.0079 -0.1689 -0.9856
vn 0.0016 -0.1691 -0.9856
vn 0.0059 -0.1678 -0.9858
vn 0.0103 -0.1684 -0.9857
vn 0.0112 -0.1706 -0.9853
vn 0.0057 -0.1776 -0.9841
vn -0.0000 -0.1758 -0.9844
vn -0.0111 -0.1606 -0.9870
vn -0.0173 -0.1503 -0.9885
vn -0.0141 -0.1537 -0.9880
vn 0.0088 -0.1671 -0.9859
vn 0.0206 -0.1750 -0.9844
vn -0.0015 -0.1585 -0.9874
vn -0.0052 -0.1456 -0.9893
vn -0.0165 -0.1342 -0.9908
vn -0.0343 -0.1136 -0.9929
vn 0.0099 0.0705 0.9975
vn 0.0549 0.0710 0.9960
vn -0.0049 0.0693 0.9976
vn 0.0128 0.0899 0.9959
vn 0.0020 0.1385 0.9904
vn -0.0040 0.1648 0.9863
vn 0.0060 0.1590 0.9873
vn 0.0124 0.1480 0.9889
vn 0.0114 0.1497 0.9887
vn -0.0001 0.1540 0.9881
vn -0.0048 0.1508 0.9885
vn -0.0022 0.1465 0.9892
vn 0.0012 0.1468 0.9892
vn 0.0008 0.1471 0.9891
vn 0.0018 0.1439 0.9896
vn 0.0072 0.1365 0.9906
vn -0.0006 0.1283 0.9917
vn -0.0080 0.1301 0.9915
vn -0.0076 0.1472 0.9891
vn -0.0279 0.1723 0.9847
vn -0.0595 0.1678 0.9840
vn 0.0113 -0.2031 -0.9791
vn -0.0128 -0.2119 -0.9772
vn 0.0151 -0.1631 -0.9865
vn 0.0162 -0.1388 -0.9902
vn 0.0056 -0.1398 -0.9902
vn -0.0031 -0.1534 -0.9882
vn 0.0018 -0.1636 -0.9865
vn 0.0058 -0.1655 -0.9862
vn 0.0090 -0.1617 -0.9868
vn 0.0115 -0.1571 -0.9875
vn 0.0086 -0.1575 -0.9875
vn -0.0036 -0.1589 -0.9873
vn -0.0180 -0.1526 -0.9881
vn -0.0178 -0.1464 -0.9891
vn -0.0091 -0.1506 -0.9886
vn 0.0098 -0.1440 -0.9895
vn 0.0006 -0.0976 -0.9952
vn -0.0208 -0.0334 -0.9992
vn 0.0001 -0.0106 -0.9999
vn -0.0204 -0.0217 -0.9996
vn -0.0341 -0.0383 -0.9987
vn 0.0062 0.0297 0.9995
vn 0.0439 0.0503 0.9978
vn -0.0106 0.0126 0.9999
vn 0.0338 0.0244 0.9991
vn 0.0249 0.0664 0.9975
vn -0.0022 0.0942 0.9956
vn -0.0008 0.0929 0.9957
vn 0.0110 0.0874 0.9961
vn 0.0155 0.0951 0.9953
vn 0.0006 0.1026 0.9947
vn -0.0066 0.1000 0.9950
vn -0.0024 0.0969 0.9953
vn 0.0021 0.0984 0.9951
vn 0.0003 0.0998 0.9950
vn -0.0004 0.0970 0.9953
vn 0.0033 0.0899 0.9959
vn -0.0020 0.0848 0.9964
vn -0.0033 0.0899 0.9959
vn 0.0053 0.1148 0.9934
vn -0.0100 0.1602 0.9870
vn -0.0551 0.1908 0.9801
vn -0.0129 -0.2435 -0.9698
vn -0.0133 -0.2783 -0.9604
vn -0.0025 -0.1858 -0.9826
vn 0.0125 -0.1592 -0.9872
vn 0.0100 -0.1578 -0.9874
vn 0.0020 -0.1646 -0.9864
vn 0.0039 -0.1715 -0.9852
vn 0.0051 -0.1727 -0.9850
vn 0.0061 -0.1672 -0.9859
vn 0.0100 -0.1602 -0.9870
vn 0.0103 -0.1590 -0.9872
vn -0.0032 -0.1628 -0.9866
vn -0.0220 -0.1615 -0.9866
vn -0.0185 -0.1568 -0.9875
vn -0.0080 -0.1545 -0.9880
vn -0.0039 -0.1317 -0.9913
vn -0.0309 -0.0799 -0.9963
vn -0.0405 -0.0358 -0.9985
vn 0.0054 -0.0319 -0.9995
vn -0.0101 -0.0615 -0.9981
vn -0.0164 -0.0896 -0.9958
vn 0.8723 0.4854 -0.0598
vn 0.0177 0.0876 -0.9960
vn 0.1519 0.3721 0.9157
vn 0.0880 -0.1010 0.9910
vn 0.4282 0.0616 0.9016
vn 0.9957 0.0280 0.0881
vn 0.1420 0.0871 0.9860
vn 0.0743 -0.9851 0.1549
vn 0.0421 -0.1425 0.9889
vn 0.0261 -0.9997 0.0016
vn 0.3136 -0.9339 0.1717
vn 0.4053 -0.1804 -0.8962
vn 0.0046 -0.0996 0.9950
vn 0.0014 -0.9996 -0.0297
vn 0.1022 -0.2422 -0.9648
vn 0.0988 -0.1157 -0.9884
vn -0.0057 -0.3201 -0.9474
vn -0.0047 -0.3984 -0.9172
vn -0.9674 -0.2511 -0.0319
vn -0.1567 0.1514 0.9760
vn -0.1665 0.1776 0.9699
vn -0.9723 -0.2279 -0.0529
vn -0.1491 -0.2487 0.9570
vn -0.7250 -0.6882 -0.0267
vn -0.0462 -0.8132 -0.5801
vn -0.0614 -0.9341 0.3517
vn -0.0378 0.0670 0.9970
vn -0.0204 -0.3820 -0.9239
vn -0.0317 -0.4087 -0.9121
vn -0.0719 -0.2799 -0.9573
vn 0.0547 -0.0707 -0.9960
vn 0.9941 -0.0841 0.0688
vn -0.9876 -0.1432 -0.0642
vn -0.1628 -0.1958 -0.9671
vn 0.2020 0.1555 0.9670
vn 0.9900 0.0205 -0.1394
vn 0.2400 0.1145 0.9640
vn 0.9968 -0.0608 -0.0523
vn -0.9817 0.1657 -0.0942
vn -0.0306 0.0920 0.9953
vn -0.9935 0.0168 -0.1127
vn -0.0799 0.0738 0.9941
vn -0.0173 -0.9570 0.2897
vn 0.0072 -0.0278 0.9996
vn -0.0344 -0.3856 -0.9220
vn 0.0225 -0.9469 0.3208
vn 0.0142 -0.0388 0.9991
vn -0.0064 -0.3897 -0.9209
vn 0.0326 -0.9516 0.3056
vn 0.0072 -0.0552 0.9984
vn 0.0122 -0.3771 -0.9261
vn 0.0230 -0.9657 0.2586
vn 0.0048 -0.1187 0.9929
vn 0.0101 -0.3081 -0.9513
vn 0.0088 -0.9634 0.2680
vn 0.0021 -0.1438 0.9896
vn 0.0048 -0.2751 -0.9614
vn 0.0060 -0.9641 0.2655
vn -0.0019 -0.1383 0.9904
vn 0.0053 -0.2783 -0.9605
vn 0.0077 -0.9667 0.2556
vn -0.0024 -0.1083 0.9941
vn 0.0084 -0.3081 -0.9513
vn 0.0093 -0.9630 0.2693
vn 0.0001 -0.0523 0.9986
vn 0.0080 -0.3597 -0.9330
vn 0.0170 -0.9671 0.2538
vn 0.0028 -0.0527 0.9986
vn 0.0076 -0.3557 -0.9346
vn 0.0233 -0.9777 0.2085
vn -0.0007 -0.1076 0.9942
vn 0.0114 -0.2976 -0.9546
vn 0.0147 -0.9782 0.2073
vn 0.0035 -0.1366 0.9906
vn -0.0004 -0.2768 -0.9609
vn 0.0015 -0.9839 0.1789
vn 0.0190 -0.1510 0.9883
vn -0.0230 -0.2822 -0.9591
vn -0.0182 -0.9883 0.1513
vn 0.0077 -0.1638 0.9865
vn -0.0203 -0.2831 -0.9589
vn -0.0425 -0.9931 0.1090
vn -0.0141 -0.1325 0.9911
vn -0.0104 -0.3171 -0.9483
vn -0.0465 -0.9964 0.0711
vn -0.0075 -0.1116 0.9937
vn -0.0215 -0.3391 -0.9405
vn -0.0215 -0.9976 -0.0666
vn 0.0343 -0.1397 0.9896
vn -0.0473 -0.3319 -0.9421
vn -0.0007 -0.9973 -0.0734
vn 0.0421 -0.1139 0.9926
vn -0.0405 -0.3721 -0.9273
vn -0.0136 -0.9943 -0.1053
vn -0.0159 -0.0690 0.9975
vn 0.0045 -0.4146 -0.9100
vn 0.0122 -0.1056 -0.9943
vn 0.0215 -0.1076 -0.9940
vn 0.2004 0.0703 0.9772
vn -0.1272 0.1251 0.9840
vn -0.1795 -0.0002 -0.9838
vn -0.2130 -0.0846 -0.9734
vn 0.9203 0.3825 -0.0825
vn -0.2716 0.9287 -0.2524
vn -0.1679 0.5253 0.8342
vn 0.9138 0.4021 -0.0572
vn -0.9922 0.1182 -0.0385
vn -0.9728 0.2184 0.0776
vn 0.9008 0.4342 0.0039
vn -0.2665 0.9621 -0.0583
vn -0.2672 0.9371 -0.2245
vn 0.9043 0.4257 -0.0315
vn -0.9989 0.0284 -0.0377
vn -0.9971 0.0520 -0.0561
vn 0.9032 0.4292 0.0009
vn -0.2494 0.9683 -0.0162
vn -0.9994 0.0287 -0.0201
vn 0.9052 0.4250 0.0007
vn -0.2349 0.9720 -0.0092
vn -0.9998 0.0185 -0.0104
vn -0.2174 0.9759 -0.0202
vn -0.9999 0.0099 -0.0072
vn 0.9052 0.4248 -0.0064
vn 0.9070 0.4210 -0.0116
vn -0.2021 0.9784 -0.0436
vn -0.9998 0.0159 -0.0139
vn 0.9102 0.4142 0.0035
vn -0.1703 0.9852 -0.0215
vn -0.9995 0.0237 -0.0186
vn 0.9081 0.4187 -0.0000
vn -0.1305 0.9913 0.0177
vn -0.9996 0.0289 0.0027
vn -0.1200 0.9925 0.0211
vn -0.9994 0.0165 0.0304
vn 0.9069 0.4207 -0.0226
vn -0.1256 0.9902 0.0610
vn -0.9994 0.0014 0.0336
vn 0.9078 0.4193 -0.0088
vn -0.1184 0.9913 0.0576
vn -0.9999 0.0006 0.0157
vn 0.9058 0.4235 0.0090
vn 0.9039 0.4276 0.0093
vn -0.1518 0.9872 -0.0497
vn -0.1181 0.9924 -0.0341
vn 0.9051 0.4252 0.0057
vn -0.9996 0.0056 -0.0287
vn -0.9998 -0.0041 -0.0192
vn 0.9062 0.4228 0.0022
vn -0.1557 0.9878 -0.0037
vn -0.9999 0.0121 -0.0036
vn 0.9060 0.4231 -0.0070
vn -0.1716 0.9852 -0.0039
vn -0.9998 0.0190 0.0053
vn 0.9094 0.4159 -0.0081
vn -0.1538 0.9880 -0.0129
vn -1.0000 0.0084 0.0035
vn 0.9062 0.4228 0.0029
vn -0.1358 0.9901 0.0343
vn -0.9998 -0.0163 0.0126
vn -0.1489 0.9887 0.0170
vn -0.9995 -0.0310 -0.0015
vn 0.9016 0.4324 0.0131
vn 0.9137 0.4062 0.0146
vn -0.1596 0.9860 -0.0483
vn -0.1684 0.9843 -0.0538
vn 0.9081 0.4183 0.0181
vn -0.9996 -0.0082 -0.0271
vn -0.9990 -0.0266 -0.0347
vn 0.9117 0.4109 0.0036
vn -0.1855 0.9825 0.0159
vn -0.1655 0.9861 -0.0166
vn 0.9119 0.4104 0.0004
vn -1.0000 0.0059 0.0071
vn -1.0000 0.0029 -0.0026
vn -0.2089 0.9777 0.0230
vn -0.9999 0.0097 0.0094
vn 0.9113 0.4116 0.0049
vn 0.9161 0.4004 -0.0203
vn -0.2550 0.9664 -0.0336
vn -0.2447 0.9692 0.0263
vn 0.9143 0.4050 0.0018
vn -1.0000 -0.0018 -0.0015
vn -0.9999 0.0131 0.0091
vn 0.9666 0.2564 -0.0070
vn 0.9734 0.2247 -0.0436
vn 0.9652 0.2615 0.0015
vn 0.9650 0.2623 0.0018
vn 0.9644 0.2644 0.0014
vn 0.9619 0.2730 0.0152
vn 0.9584 0.2845 0.0208
vn 0.9580 0.2865 0.0135
vn 0.9604 0.2785 0.0021
vn 0.9613 0.2756 -0.0056
vn 0.9598 0.2807 -0.0071
vn 0.9594 0.2822 0.0017
vn 0.9574 0.2885 0.0146
vn 0.9557 0.2942 0.0107
vn 0.9556 0.2947 0.0010
vn 0.9565 0.2913 -0.0173
vn 0.9579 0.2862 -0.0249
vn 0.9600 0.2801 -0.0034
vn 0.9610 0.2766 0.0044
vn 0.9608 0.2772 -0.0069
vn 0.9615 0.2750 -0.0034
vn 0.9627 0.2705 0.0038
vn 0.9648 0.2630 0.0043
vn 0.9679 0.2503 0.0216
vn 0.9727 0.2291 0.0361
vn 0.9809 0.1941 0.0096
vn -0.9880 -0.1511 -0.0335
vn -0.9913 -0.1281 -0.0312
vn -0.9953 -0.0941 0.0238
vn -0.9881 -0.1528 -0.0200
vn -0.9873 -0.1585 -0.0125
vn -0.9870 -0.1609 -0.0036
vn -0.9886 -0.1505 -0.0052
vn -0.9904 -0.1372 -0.0152
vn -0.9916 -0.1293 -0.0022
vn -0.9902 -0.1378 0.0230
vn -0.9882 -0.1517 0.0219
vn -0.9878 -0.1553 0.0053
vn -0.9880 -0.1531 -0.0181
vn -0.9873 -0.1580 -0.0141
vn -0.9887 -0.1497 -0.0009
vn -0.9898 -0.1420 0.0076
vn -0.9896 -0.1438 0.0057
vn -0.9868 -0.1618 0.0007
vn -0.9823 -0.1869 -0.0119
vn -0.9805 -0.1961 -0.0098
vn -0.9787 -0.2044 -0.0214
vn -0.9834 -0.1816 0.0048
vn -0.9830 -0.1836 0.0049
vn -0.9832 -0.1822 0.0074
vn -0.9868 -0.1617 0.0042
vn -0.9844 -0.1755 0.0127
vn 0.9816 0.1907 0.0004
vn 0.9829 0.1826 -0.0218
vn 0.9842 0.1583 -0.0793
vn 0.9820 0.1890 0.0037
vn 0.9791 0.2036 0.0012
vn 0.9821 0.1885 -0.0022
vn 0.9723 0.2335 0.0144
vn 0.9745 0.2240 0.0114
vn 0.9726 0.2326 0.0042
vn 0.9731 0.2303 -0.0045
vn 0.9732 0.2298 -0.0066
vn 0.9734 0.2291 0.0014
vn 0.9727 0.2318 0.0137
vn 0.9709 0.2395 -0.0032
vn 0.9714 0.2371 0.0113
vn 0.9716 0.2359 -0.0184
vn 0.9741 0.2252 -0.0216
vn 0.9763 0.2164 -0.0040
vn 0.9766 0.2151 0.0032
vn 0.9765 0.2153 -0.0053
vn 0.9771 0.2129 -0.0016
vn 0.9775 0.2109 0.0058
vn 0.9779 0.2088 0.0068
vn 0.9777 0.2078 0.0289
vn 0.9829 0.1775 0.0496
vn 0.9773 0.2040 0.0564
vn -0.9778 -0.2070 -0.0311
vn -0.9785 -0.2048 -0.0252
vn -0.9839 -0.1752 0.0364
vn -0.9792 -0.2019 -0.0194
vn -0.9794 -0.2013 -0.0146
vn -0.9791 -0.2034 -0.0031
vn -0.9792 -0.2029 -0.0007
vn -0.9807 -0.1951 -0.0109
vn -0.9819 -0.1894 -0.0043
vn -0.9802 -0.1976 0.0144
vn -0.9772 -0.2117 0.0135
vn -0.9762 -0.2168 0.0006
vn -0.9772 -0.2122 -0.0114
vn -0.9762 -0.2165 -0.0117
vn -0.9781 -0.2083 0.0018
vn -0.9788 -0.2045 0.0097
vn -0.9788 -0.2049 0.0060
vn -0.9768 -0.2139 -0.0096
vn -0.9739 -0.2258 -0.0229
vn -0.9789 -0.2043 0.0099
vn -0.9743 -0.2253 -0.0094
vn -0.9824 -0.1866 0.0013
vn -0.9822 -0.1872 0.0127
vn -0.9823 -0.1871 0.0086
vn -0.9882 -0.1518 0.0179
vn -0.9843 -0.1739 0.0310
vn 0.9920 0.1264 0.0029
vn 0.9916 0.1224 -0.0427
vn 0.9897 0.1064 -0.0954
vn 0.9929 0.1180 0.0128
vn 0.9911 0.1307 -0.0234
vn 0.9938 0.1110 -0.0101
vn 0.9804 0.1970 0.0045
vn 0.9866 0.1622 -0.0154
vn 0.9779 0.2091 0.0041
vn 0.9780 0.2087 -0.0021
vn 0.9786 0.2059 -0.0057
vn 0.9780 0.2087 0.0003
vn 0.9768 0.2137 0.0111
vn 0.9762 0.2170 -0.0049
vn 0.9761 0.2170 0.0106
vn 0.9776 0.2099 -0.0151
vn 0.9805 0.1957 -0.0149
vn 0.9826 0.1856 -0.0025
vn 0.9829 0.1841 0.0019
vn 0.9830 0.1835 -0.0041
vn 0.9837 0.1796 -0.0000
vn 0.9837 0.1800 0.0051
vn 0.9814 0.1919 0.0030
vn 0.9765 0.2150 0.0176
vn 0.9719 0.2239 0.0721
vn 0.9691 0.2413 0.0506
vn -0.9705 -0.2408 -0.0136
vn -0.9612 -0.2755 -0.0132
vn -0.9650 -0.2605 0.0285
vn -0.9781 -0.2081 -0.0106
vn -0.9818 -0.1896 -0.0138
vn -0.9814 -0.1919 -0.0061
vn -0.9798 -0.1999 -0.0011
vn -0.9796 -0.2006 -0.0070
vn -0.9801 -0.1983 -0.0047
vn -0.9785 -0.2059 0.0061
vn -0.9757 -0.2189 0.0073
vn -0.9744 -0.2247 -0.0001
vn -0.9753 -0.2206 -0.0071
vn -0.9744 -0.2246 -0.0107
vn -0.9768 -0.2140 0.0053
vn -0.9782 -0.2071 0.0118
vn -0.9792 -0.2026 0.0060
vn -0.9818 -0.1896 -0.0087
vn -0.9867 -0.1623 -0.0111
vn -0.9968 -0.0715 0.0356
vn -0.9937 -0.1097 0.0216
vn -0.9979 -0.0636 -0.0096
vn -0.9984 -0.0524 0.0196
vn -0.9971 -0.0761 0.0045
vn -0.9950 -0.0986 0.0185
vn -0.9952 -0.0868 0.0454
vn 0.9943 0.0915 -0.0548
vn 0.9914 0.0937 -0.0914
vn 0.9968 0.0785 0.0118
vn 0.9976 0.0637 0.0256
vn 0.9986 0.0498 -0.0182
vn 0.9967 0.0655 -0.0485
vn 0.9943 0.0953 -0.0485
vn 0.9912 0.1315 -0.0126
vn 0.9893 0.1456 0.0023
vn 0.9891 0.1474 0.0022
vn 0.9887 0.1497 -0.0058
vn 0.9862 0.1653 -0.0031
vn 0.9836 0.1801 0.0086
vn 0.9825 0.1858 0.0109
vn 0.9835 0.1807 -0.0050
vn 0.9856 0.1687 -0.0111
vn 0.9881 0.1534 -0.0091
vn 0.9894 0.1454 -0.0010
vn 0.9896 0.1436 0.0014
vn 0.9900 0.1407 -0.0028
vn 0.9906 0.1369 0.0009
vn 0.9902 0.1395 0.0022
vn 0.9872 0.1595 -0.0077
vn 0.9812 0.1929 -0.0076
vn 0.9719 0.2331 0.0325
vn 0.9669 0.2421 0.0804
vn -0.9621 -0.2719 0.0188
vn -0.9445 -0.3284 0.0091
vn -0.9425 -0.3341 0.0104
vn -0.9731 -0.2302 0.0046
vn -0.9781 -0.2077 -0.0119
vn -0.9780 -0.2083 -0.0101
vn -0.9767 -0.2144 -0.0038
vn -0.9762 -0.2168 -0.0057
vn -0.9764 -0.2157 -0.0046
vn -0.9757 -0.2189 0.0006
vn -0.9736 -0.2284 0.0017
vn -0.9720 -0.2348 -0.0020
vn -0.9714 -0.2374 -0.0031
vn -0.9708 -0.2396 -0.0114
vn -0.9735 -0.2285 0.0107
vn -0.9764 -0.2155 0.0152
vn -0.9783 -0.2069 0.0083
vn -0.9831 -0.1830 0.0048
vn -0.9891 -0.1464 0.0185
vn -0.9956 -0.0765 0.0549
vn -0.9936 -0.0974 0.0565
vn -0.9959 -0.0880 -0.0202
vn -0.9971 -0.0723 0.0231
vn -0.9946 -0.1036 -0.0070
vn -0.9903 -0.1389 0.0025
vn -0.9913 -0.1264 0.0380
vn 0.0312 0.3195 -0.9471
vn -0.9983 0.0197 -0.0542
vn 0.8865 0.4295 -0.1725
vn 0.9861 -0.0302 -0.1631
vn 0.9352 0.0948 -0.3413
vn 0.0365 -0.1187 -0.9923
vn 0.9787 0.0997 -0.1795
vn 0.2034 -0.9346 -0.2917
vn 0.9843 -0.1413 -0.1061
vn 0.1559 -0.9758 -0.1535
vn 0.1620 -0.8616 -0.4810
vn -0.9484 -0.2184 -0.2301
vn 0.9777 -0.2010 -0.0616
vn 0.0360 -0.9986 -0.0392
vn 0.9882 -0.1523 0.0168
vn -0.0525 -0.9986 0.0073
vn -0.9663 -0.2474 -0.0716
vn -0.9874 -0.1482 -0.0551
vn -0.9571 -0.2890 -0.0194
vn -0.9525 -0.3034 0.0240
vn -0.9337 -0.3579 -0.0084
vn -0.0196 -0.2511 0.9678
vn 0.9674 0.1986 0.1572
vn 0.9598 0.2242 0.1689
vn -0.0414 -0.1923 0.9805
vn 0.9681 -0.2015 0.1491
vn 0.0071 -0.6887 0.7250
vn -0.5396 -0.8407 0.0463
vn 0.3410 -0.9362 0.0856
vn 0.9878 0.1378 0.0728
vn -0.9043 -0.4263 0.0203
vn -0.8802 -0.4745 0.0127
vn -0.9453 -0.3177 0.0737
vn -0.9922 -0.1173 -0.0423
vn 0.0874 -0.0532 -0.9948
vn -0.0479 -0.0649 0.9967
vn -0.9611 -0.2298 0.1534
vn 0.9687 0.1730 -0.1780
vn 0.0120 -0.1297 -0.9915
vn 0.9661 0.1343 -0.2204
vn 0.0274 -0.0257 -0.9993
vn -0.1029 0.1301 0.9862
vn 0.9858 0.1650 0.0329
vn -0.0918 0.0397 0.9950
vn 0.9846 0.1573 0.0767
vn 0.3105 -0.9494 0.0471
vn 0.9980 0.0619 0.0127
vn 0.3929 -0.9196 0.0010
vn 0.9981 0.0561 -0.0238
vn -0.8842 -0.4654 0.0394
vn -0.8833 -0.4671 0.0386
vn 0.3494 -0.9367 -0.0211
vn 0.9989 0.0439 -0.0185
vn -0.8844 -0.4666 0.0106
vn 0.3522 -0.9353 -0.0328
vn 1.0000 -0.0054 -0.0074
vn -0.9068 -0.4213 -0.0123
vn 0.2941 -0.9554 -0.0259
vn 0.9993 -0.0374 -0.0018
vn -0.9239 -0.3824 -0.0150
vn 0.3352 -0.9421 -0.0118
vn 1.0000 -0.0017 0.0010
vn -0.9139 -0.4058 -0.0104
vn 0.3182 -0.9480 -0.0030
vn 0.9994 0.0348 0.0017
vn -0.9017 -0.4323 -0.0055
vn 0.3331 -0.9429 -0.0073
vn 0.9999 0.0094 -0.0042
vn -0.9145 -0.4046 -0.0014
vn 0.2853 -0.9583 -0.0146
vn 0.9999 -0.0119 -0.0072
vn -0.9291 -0.3699 -0.0030
vn 0.3267 -0.9444 -0.0382
vn 0.9999 0.0061 -0.0118
vn -0.9297 -0.3683 -0.0072
vn 0.2724 -0.9607 -0.0526
vn 0.9998 0.0137 -0.0136
vn -0.9371 -0.3489 -0.0071
vn 0.2502 -0.9680 -0.0171
vn 0.9998 0.0143 0.0151
vn 0.2779 -0.9604 0.0202
vn 0.9983 0.0567 0.0109
vn -0.9374 -0.3476 -0.0203
vn -0.9143 -0.4050 -0.0009
vn 0.2391 -0.9708 0.0180
vn 0.9989 0.0463 -0.0071
vn -0.9047 -0.4256 0.0188
vn 0.2082 -0.9778 0.0241
vn 0.9998 0.0180 -0.0059
vn -0.9046 -0.4258 0.0216
vn 0.1765 -0.9832 0.0460
vn 0.9999 0.0109 0.0088
vn -0.8993 -0.4370 0.0180
vn 0.1086 -0.9930 0.0471
vn 0.9995 -0.0301 0.0034
vn -0.9120 -0.4093 0.0263
vn -0.0085 -0.9995 0.0318
vn 0.9933 -0.1135 -0.0222
vn -0.9368 -0.3469 0.0446
vn -0.0761 -0.9971 0.0017
vn 0.9860 -0.1547 -0.0618
vn 0.0238 -0.9996 -0.0178
vn 0.9903 -0.1225 -0.0652
vn -0.9407 -0.3337 0.0613
vn -0.9267 -0.3719 0.0548
vn -0.0978 -0.9952 0.0046
vn 0.9917 -0.1266 -0.0213
vn -0.0237 -0.9995 0.0214
vn 0.9915 -0.1250 0.0373
vn -0.9250 -0.3793 0.0210
vn -0.9241 -0.3816 -0.0199
vn -0.9867 -0.1575 -0.0409
vn -0.9896 -0.1401 -0.0328
vn 0.9684 0.0973 -0.2295
vn 0.9729 0.1916 0.1297
vn -0.9834 -0.0749 0.1651
vn -0.9727 -0.1454 0.1808
vn 0.4010 -0.1161 0.9087
vn 0.4007 -0.1212 0.9082
vn 0.8602 -0.1212 0.4954
vn 0.8606 -0.1162 0.4958
vn 0.9904 -0.0864 -0.1075
vn 0.9909 -0.0813 -0.1071
vn 0.7416 -0.0300 -0.6701
vn 0.7421 -0.0249 -0.6698
vn 0.2088 0.0264 -0.9776
vn 0.2092 0.0315 -0.9774
vn -0.4045 0.0613 -0.9125
vn -0.4042 0.0664 -0.9123
vn -0.8641 0.0613 -0.4997
vn -0.8638 0.0664 -0.4994
vn -0.9943 0.0264 0.1032
vn -0.9941 0.0315 0.1036
vn -0.7455 -0.0299 0.6658
vn -0.7453 -0.0249 0.6663
vn -0.2127 -0.0864 0.9733
vn -0.2124 -0.0813 0.9738
vn 0.4029 -0.0884 0.9110
vn 0.3998 -0.1317 0.9071
vn 0.8596 -0.1317 0.4937
vn 0.8627 -0.0884 0.4980
vn 0.9891 -0.0971 -0.1103
vn 0.9930 -0.0535 -0.1052
vn 0.7389 -0.0413 -0.6725
vn 0.7441 0.0029 -0.6681
vn 0.2061 0.0143 -0.9784
vn 0.2110 0.0593 -0.9757
vn -0.4058 0.0487 -0.9127
vn -0.4025 0.0942 -0.9105
vn -0.8641 0.0487 -0.5010
vn -0.8623 0.0942 -0.4975
vn -0.9948 0.0143 0.1004
vn -0.9926 0.0593 0.1056
vn -0.7461 -0.0433 0.6644
vn -0.7437 0.0029 0.6685
vn -0.2135 -0.0993 0.9719
vn -0.2107 -0.0535 0.9761
vn 0.3982 -0.1509 0.9048
vn 0.8571 -0.1508 0.4926
vn 0.9872 -0.1160 -0.1095
vn 0.7387 -0.0596 -0.6714
vn 0.2066 -0.0034 -0.9784
vn -0.4058 0.0313 -0.9134
vn -0.8648 0.0314 -0.5011
vn -0.9949 -0.0033 0.1009
vn -0.7464 -0.0597 0.6628
vn -0.2143 -0.1161 0.9698
vn 0.1432 -0.9768 0.1595
vn 0.2140 -0.9725 0.0917
vn 0.0683 -0.9725 0.2226
vn 0.2369 -0.9715 -0.0050
vn 0.2528 -0.9624 -0.0993
vn 0.2138 -0.9581 -0.1907
vn 0.1715 -0.9463 -0.2739
vn 0.0873 -0.9419 -0.3243
vn 0.0049 -0.9307 -0.3658
vn -0.0909 -0.9293 -0.3581
vn -0.1824 -0.9212 -0.3438
vn -0.2548 -0.9245 -0.2836
vn -0.3223 -0.9212 -0.2181
vn -0.3464 -0.9292 -0.1286
vn -0.3643 -0.9307 -0.0342
vn -0.3318 -0.9419 0.0522
vn -0.2540 -0.9589 0.1260
vn -0.1334 -0.9710 0.1983
vn -0.0303 -0.9715 0.2350
vn -0.0696 -0.9957 -0.0607
vn 0.4010 -0.1161 -0.9087
vn 0.8606 -0.1162 -0.4958
vn 0.8602 -0.1212 -0.4954
vn 0.4006 -0.1212 -0.9082
vn 0.9909 -0.0813 0.1071
vn 0.9904 -0.0864 0.1075
vn 0.7421 -0.0249 0.6698
vn 0.7417 -0.0300 0.6701
vn 0.2092 0.0315 0.9774
vn 0.2089 0.0264 0.9776
vn -0.4042 0.0664 0.9123
vn -0.4045 0.0613 0.9125
vn -0.8638 0.0664 0.4994
vn -0.8640 0.0613 0.4997
vn -0.9941 0.0315 -0.1036
vn -0.9943 0.0264 -0.1032
vn -0.7453 -0.0249 -0.6663
vn -0.7455 -0.0300 -0.6658
vn -0.2124 -0.0813 -0.9738
vn -0.2127 -0.0864 -0.9733
vn 0.4029 -0.0884 -0.9110
vn 0.8627 -0.0884 -0.4979
vn 0.8592 -0.1317 -0.4944
vn 0.3990 -0.1317 -0.9074
vn 0.9930 -0.0535 0.1052
vn 0.9893 -0.0973 0.1084
vn 0.7441 0.0029 0.6681
vn 0.7405 -0.0416 0.6708
vn 0.2110 0.0593 0.9757
vn 0.2078 0.0142 0.9781
vn -0.4025 0.0942 0.9105
vn -0.4051 0.0487 0.9130
vn -0.8623 0.0942 0.4975
vn -0.8645 0.0487 0.5003
vn -0.9926 0.0593 -0.1056
vn -0.9947 0.0142 -0.1021
vn -0.7437 0.0029 -0.6685
vn -0.7461 -0.0434 -0.6644
vn -0.2107 -0.0535 -0.9761
vn -0.2135 -0.0992 -0.9719
vn 0.8571 -0.1508 -0.4926
vn 0.3982 -0.1509 -0.9048
vn 0.9872 -0.1160 0.1095
vn 0.7387 -0.0596 0.6714
vn 0.2066 -0.0034 0.9784
vn -0.4059 0.0313 0.9134
vn -0.8648 0.0314 0.5011
vn -0.9949 -0.0033 -0.1009
vn -0.7464 -0.0597 -0.6628
vn -0.2143 -0.1161 -0.9698
vn 0.1433 -0.9767 -0.1595
vn 0.0683 -0.9725 -0.2226
vn 0.2140 -0.9725 -0.0917
vn 0.2369 -0.9715 0.0050
vn 0.2528 -0.9624 0.0993
vn 0.2139 -0.9581 0.1907
vn 0.1715 -0.9463 0.2739
vn 0.0873 -0.9419 0.3243
vn 0.0049 -0.9307 0.3658
vn -0.0909 -0.9293 0.3581
vn -0.1824 -0.9212 0.3437
vn -0.2547 -0.9245 0.2836
vn -0.3223 -0.9212 0.2181
vn -0.3464 -0.9292 0.1286
vn -0.3643 -0.9307 0.0342
vn -0.3318 -0.9419 -0.0522
vn -0.2540 -0.9589 -0.1260
vn -0.1334 -0.9710 -0.1983
vn -0.0303 -0.9715 -0.2350
vn -0.0696 -0.9957 0.0607
vn -0.4010 -0.1161 0.9087
vn -0.8606 -0.1162 0.4958
vn -0.8602 -0.1212 0.4954
vn -0.4006 -0.1212 0.9082
vn -0.9909 -0.0813 -0.1071
vn -0.9904 -0.0864 -0.1075
vn -0.7421 -0.0249 -0.6698
vn -0.7417 -0.0300 -0.6701
vn -0.2092 0.0315 -0.9774
vn -0.2089 0.0264 -0.9776
vn 0.4042 0.0664 -0.9123
vn 0.4045 0.0613 -0.9125
vn 0.8638 0.0664 -0.4994
vn 0.8640 0.0613 -0.4997
vn 0.9941 0.0315 0.1036
vn 0.9943 0.0264 0.1032
vn 0.7453 -0.0249 0.6663
vn 0.7455 -0.0299 0.6658
vn 0.2124 -0.0813 0.9738
vn 0.2127 -0.0864 0.9733
vn -0.4029 -0.0884 0.9110
vn -0.8627 -0.0884 0.4979
vn -0.8592 -0.1317 0.4944
vn -0.3990 -0.1317 0.9074
vn -0.9930 -0.0535 -0.1052
vn -0.9893 -0.0973 -0.1084
vn -0.7441 0.0029 -0.6681
vn -0.7405 -0.0416 -0.6708
vn -0.2110 0.0593 -0.9757
vn -0.2078 0.0142 -0.9781
vn 0.4025 0.0942 -0.9105
vn 0.4051 0.0487 -0.9130
vn 0.8623 0.0942 -0.4975
vn 0.8645 0.0487 -0.5003
vn 0.9926 0.0593 0.1056
vn 0.9947 0.0142 0.1021
vn 0.7437 0.0029 0.6685
vn 0.7461 -0.0434 0.6644
vn 0.2107 -0.0535 0.9761
vn 0.2135 -0.0992 0.9719
vn -0.8571 -0.1508 0.4926
vn -0.3981 -0.1509 0.9048
vn -0.9872 -0.1160 -0.1095
vn -0.7387 -0.0597 -0.6713
vn -0.2066 -0.0034 -0.9784
vn 0.4059 0.0313 -0.9134
vn 0.8648 0.0314 -0.5011
vn 0.9949 -0.0033 0.1009
vn 0.7464 -0.0597 0.6628
vn 0.2143 -0.1161 0.9698
vn -0.1433 -0.9767 0.1595
vn -0.0683 -0.9725 0.2226
vn -0.2140 -0.9725 0.0917
vn -0.2369 -0.9715 -0.0050
vn -0.2528 -0.9624 -0.0993
vn -0.2139 -0.9581 -0.1907
vn -0.1715 -0.9463 -0.2739
vn -0.0873 -0.9419 -0.3243
vn -0.0049 -0.9307 -0.3658
vn 0.0909 -0.9292 -0.3581
vn 0.1824 -0.9212 -0.3437
vn 0.2547 -0.9245 -0.2836
vn 0.3223 -0.9212 -0.2181
vn 0.3464 -0.9292 -0.1286
vn 0.3643 -0.9307 -0.0342
vn 0.3318 -0.9419 0.0522
vn 0.2540 -0.9589 0.1260
vn 0.1334 -0.9710 0.1983
vn 0.0303 -0.9715 0.2350
vn 0.0696 -0.9957 -0.0607
vn -0.4010 -0.1161 -0.9087
vn -0.4007 -0.1212 -0.9082
vn -0.8602 -0.1212 -0.4954
vn -0.8606 -0.1162 -0.4958
vn -0.9904 -0.0864 0.1075
vn -0.9909 -0.0813 0.1071
vn -0.7416 -0.0300 0.6701
vn -0.7421 -0.0249 0.6698
vn -0.2088 0.0264 0.9776
vn -0.2092 0.0315 0.9774
vn 0.4045 0.0613 0.9125
vn 0.4042 0.0664 0.9123
vn 0.8641 0.0613 0.4997
vn 0.8638 0.0664 0.4994
vn 0.9943 0.0264 -0.1032
vn 0.9941 0.0315 -0.1036
vn 0.7455 -0.0299 -0.6658
vn 0.7453 -0.0249 -0.6663
vn 0.2127 -0.0864 -0.9733
vn 0.2124 -0.0813 -0.9738
vn -0.4029 -0.0884 -0.9110
vn -0.3998 -0.1317 -0.9071
vn -0.8596 -0.1317 -0.4937
vn -0.8627 -0.0884 -0.4980
vn -0.9891 -0.0971 0.1103
vn -0.9930 -0.0535 0.1052
vn -0.7389 -0.0413 0.6725
vn -0.7441 0.0029 0.6681
vn -0.2061 0.0143 0.9784
vn -0.2110 0.0593 0.9757
vn 0.4058 0.0487 0.9127
vn 0.4025 0.0942 0.9105
vn 0.8641 0.0487 0.5010
vn 0.8623 0.0942 0.4975
vn 0.9948 0.0143 -0.1004
vn 0.9926 0.0593 -0.1056
vn 0.7461 -0.0433 -0.6644
vn 0.7437 0.0029 -0.6685
vn 0.2135 -0.0993 -0.9719
vn 0.2107 -0.0535 -0.9761
vn -0.3982 -0.1509 -0.9048
vn -0.8571 -0.1508 -0.4926
vn -0.9872 -0.1160 0.1095
vn -0.7387 -0.0596 0.6714
vn -0.2066 -0.0034 0.9784
vn 0.4059 0.0313 0.9134
vn 0.8648 0.0314 0.5011
vn 0.9949 -0.0033 -0.1009
vn 0.7464 -0.0597 -0.6628
vn 0.2143 -0.1161 -0.9698
vn -0.1432 -0.9768 -0.1595
vn -0.2140 -0.9725 -0.0917
vn -0.0683 -0.9725 -0.2226
vn -0.2369 -0.9715 0.0050
vn -0.2528 -0.9624 0.0993
vn -0.2138 -0.9581 0.1907
vn -0.1715 -0.9463 0.2739
vn -0.0873 -0.9419 0.3243
vn -0.0049 -0.9307 0.3658
vn 0.0909 -0.9293 0.3581
vn 0.1824 -0.9212 0.3438
vn 0.2548 -0.9245 0.2836
vn 0.3223 -0.9212 0.2181
vn 0.3464 -0.9292 0.1286
vn 0.3643 -0.9307 0.0342
vn 0.3318 -0.9419 -0.0522
vn 0.2540 -0.9589 -0.1260
vn 0.1334 -0.9710 -0.1983
vn 0.0303 -0.9715 -0.2350
vn 0.0696 -0.9957 0.0607
vt 0.304705 0.089550
vt 0.271198 0.090378
vt 0.270850 0.066931
vt 0.304232 0.066130
vt 0.270524 0.046119
vt 0.303822 0.045340
vt 0.305689 0.136139
vt 0.271821 0.137048
vt 0.271520 0.113758
vt 0.305189 0.112894
vt 0.312021 0.393348
vt 0.282069 0.393988
vt 0.280781 0.370499
vt 0.311432 0.369828
vt 0.279215 0.347217
vt 0.310830 0.346292
vt 0.306724 0.181875
vt 0.272420 0.182870
vt 0.272114 0.160218
vt 0.306204 0.159261
vt 0.277675 0.324095
vt 0.310232 0.323138
vt 0.276285 0.301867
vt 0.309661 0.300629
vt 0.337619 0.065392
vt 0.338214 0.088825
vt 0.337129 0.044595
vt 0.338858 0.112189
vt 0.339553 0.135462
vt 0.341959 0.392257
vt 0.342120 0.369012
vt 0.342456 0.345740
vt 0.340294 0.158620
vt 0.341027 0.181255
vt 0.342784 0.322589
vt 0.343040 0.300200
vt 0.137530 0.165433
vt 0.136678 0.189354
vt 0.105675 0.189111
vt 0.106503 0.165381
vt 0.138061 0.141352
vt 0.107011 0.141455
vt 0.138347 0.117438
vt 0.107275 0.117651
vt 0.138449 0.093643
vt 0.107364 0.093935
vt 0.138411 0.069934
vt 0.107323 0.070282
vt 0.138289 0.049000
vt 0.107208 0.049378
vt 0.159503 0.378980
vt 0.219408 0.372505
vt 0.222604 0.394774
vt 0.165506 0.399125
vt 0.215830 0.349898
vt 0.152988 0.358010
vt 0.146673 0.336841
vt 0.212171 0.327372
vt 0.208985 0.305507
vt 0.140593 0.314850
vt 0.204238 0.162970
vt 0.204009 0.186058
vt 0.204409 0.139422
vt 0.204480 0.115834
vt 0.204445 0.092234
vt 0.204314 0.068637
vt 0.204117 0.047747
vt 0.471035 0.086182
vt 0.470134 0.062561
vt 0.486526 0.062087
vt 0.487423 0.085681
vt 0.469447 0.041673
vt 0.485826 0.041232
vt 0.500547 0.040798
vt 0.501244 0.061644
vt 0.502137 0.085200
vt 0.473348 0.133617
vt 0.472090 0.109858
vt 0.488470 0.109321
vt 0.489712 0.133038
vt 0.503174 0.108786
vt 0.504397 0.132427
vt 0.476757 0.181199
vt 0.474874 0.157491
vt 0.491217 0.156879
vt 0.493069 0.180550
vt 0.505867 0.156162
vt 0.507635 0.179693
vt 0.404201 0.064082
vt 0.403576 0.043230
vt 0.405007 0.087622
vt 0.405930 0.111149
vt 0.406982 0.134653
vt 0.408166 0.158119
vt 0.409440 0.181099
vt 0.405887 0.345026
vt 0.408429 0.322416
vt 0.474732 0.328461
vt 0.469471 0.349871
vt 0.410458 0.300623
vt 0.479619 0.306370
vt 0.401478 0.390710
vt 0.403365 0.367716
vt 0.464166 0.371251
vt 0.459191 0.390984
vt 0.084324 0.227609
vt 0.080023 0.227241
vt 0.081223 0.210752
vt 0.085457 0.211036
vt 0.082436 0.188197
vt 0.086676 0.188373
vt 0.722779 0.879698
vt 0.717017 0.879672
vt 0.717037 0.863378
vt 0.722544 0.863257
vt 0.716518 0.840837
vt 0.722026 0.840682
vt 0.082846 0.241590
vt 0.083859 0.235104
vt 0.102217 0.238011
vt 0.101591 0.245405
vt 0.102953 0.229749
vt 0.716765 0.887300
vt 0.705805 0.887651
vt 0.705840 0.880384
vt 0.684016 0.887985
vt 0.683764 0.880787
vt 0.078299 0.239888
vt 0.079978 0.253000
vt 0.075724 0.250234
vt 0.070129 0.271744
vt 0.066842 0.269165
vt 0.672387 0.678706
vt 0.672053 0.673770
vt 0.693253 0.672685
vt 0.694135 0.678513
vt 0.704278 0.672318
vt 0.705567 0.678613
vt 0.575688 0.586730
vt 0.571473 0.586833
vt 0.569864 0.566011
vt 0.575010 0.565590
vt 0.568739 0.554871
vt 0.574468 0.554592
vt 0.089530 0.026190
vt 0.089868 0.019637
vt 0.108254 0.019264
vt 0.107982 0.025676
vt 0.568531 0.546612
vt 0.550363 0.555208
vt 0.550269 0.546865
vt 0.713130 0.678027
vt 0.713949 0.686703
vt 0.707430 0.687316
vt 0.714995 0.701389
vt 0.709492 0.701738
vt 0.084099 0.026084
vt 0.088622 0.034793
vt 0.083922 0.034841
vt 0.088201 0.049554
vt 0.083955 0.049584
vt 0.107308 0.287862
vt 0.106083 0.275253
vt 0.132860 0.270081
vt 0.134703 0.282022
vt 0.102653 0.267759
vt 0.132387 0.264337
vt 0.083352 0.293024
vt 0.092971 0.292384
vt 0.098362 0.306985
vt 0.089718 0.309703
vt 0.097429 0.291671
vt 0.102138 0.305480
vt 0.108770 0.326200
vt 0.104395 0.328376
vt 0.096570 0.331981
vt 0.109575 0.301840
vt 0.116138 0.322943
vt 0.079066 0.281931
vt 0.080076 0.286034
vt 0.051018 0.309298
vt 0.049297 0.305838
vt 0.036524 0.322215
vt 0.032632 0.318747
vt 0.053710 0.315757
vt 0.038968 0.333561
vt 0.148854 0.460786
vt 0.154464 0.450300
vt 0.172187 0.452357
vt 0.168504 0.465444
vt 0.156504 0.440884
vt 0.173087 0.441451
vt 0.154292 0.431746
vt 0.171840 0.433419
vt 0.133221 0.447019
vt 0.140787 0.457104
vt 0.131682 0.473149
vt 0.124980 0.463418
vt 0.117605 0.499211
vt 0.110457 0.487571
vt 0.138465 0.476768
vt 0.122444 0.503834
vt 0.147284 0.432613
vt 0.143616 0.423223
vt 0.149747 0.422155
vt 0.137284 0.407982
vt 0.142832 0.406408
vt 0.141185 0.436776
vt 0.136562 0.426255
vt 0.126755 0.436039
vt 0.120018 0.419533
vt 0.131181 0.411052
vt 0.553942 0.703984
vt 0.552268 0.708357
vt 0.525005 0.709084
vt 0.525054 0.704498
vt 0.115793 0.516513
vt 0.149449 0.516462
vt 0.145440 0.529773
vt 0.101874 0.506821
vt 0.086896 0.492111
vt 0.096192 0.481549
vt 0.070346 0.471795
vt 0.080604 0.461613
vt 0.559687 0.717643
vt 0.563077 0.714241
vt 0.566216 0.733361
vt 0.561746 0.735048
vt 0.569497 0.755611
vt 0.564393 0.756752
vt 0.573300 0.666160
vt 0.573280 0.680936
vt 0.554568 0.681596
vt 0.554464 0.666739
vt 0.573428 0.686011
vt 0.554695 0.686861
vt 0.577682 0.685406
vt 0.578393 0.694872
vt 0.573692 0.696091
vt 0.579698 0.709889
vt 0.575637 0.710468
vt 0.592008 0.683924
vt 0.592733 0.693633
vt 0.594053 0.708855
vt 0.016944 0.334264
vt 0.013693 0.332076
vt 0.027324 0.317329
vt 0.010702 0.329529
vt 0.021036 0.316206
vt 0.593875 0.887448
vt 0.589391 0.874237
vt 0.593439 0.873577
vt 0.597961 0.886334
vt 0.597588 0.872549
vt 0.601987 0.885046
vt 0.582580 0.876768
vt 0.578705 0.863115
vt 0.585573 0.862321
vt 0.575679 0.844783
vt 0.581700 0.843311
vt 0.023163 0.349170
vt 0.043422 0.347541
vt 0.025661 0.362495
vt 0.045736 0.367842
vt 0.030201 0.380777
vt 0.620584 0.877201
vt 0.603483 0.872881
vt 0.600450 0.861420
vt 0.613531 0.863618
vt 0.596527 0.842603
vt 0.608565 0.842709
vt 0.594813 0.861274
vt 0.590584 0.842756
vt 0.316091 0.529574
vt 0.316626 0.543765
vt 0.283082 0.544522
vt 0.283348 0.530307
vt 0.363262 0.713682
vt 0.363129 0.709102
vt 0.395509 0.708183
vt 0.395642 0.712763
vt 0.532560 0.231299
vt 0.536925 0.228395
vt 0.540269 0.239395
vt 0.536253 0.243659
vt 0.550659 0.256984
vt 0.547630 0.259778
vt 0.015809 0.904691
vt 0.015689 0.897521
vt 0.027163 0.897472
vt 0.027590 0.904682
vt 0.049257 0.897152
vt 0.049174 0.904350
vt 0.530751 0.217433
vt 0.531617 0.224501
vt 0.523852 0.226322
vt 0.523185 0.218431
vt 0.513567 0.227950
vt 0.512297 0.220178
vt 0.524846 0.235263
vt 0.514651 0.234129
vt 0.148854 0.601847
vt 0.143992 0.601384
vt 0.143692 0.581048
vt 0.149747 0.581602
vt 0.143374 0.567941
vt 0.149462 0.568092
vt 0.055145 0.690502
vt 0.054630 0.695953
vt 0.033626 0.697107
vt 0.034750 0.690449
vt 0.020418 0.697007
vt 0.021625 0.690439
vt 0.148770 0.558843
vt 0.156522 0.558667
vt 0.157093 0.568331
vt 0.167796 0.558453
vt 0.168203 0.568524
vt 0.516607 0.010570
vt 0.517397 0.017007
vt 0.509662 0.017523
vt 0.508797 0.010773
vt 0.498173 0.018409
vt 0.497450 0.011161
vt 0.519553 0.040242
vt 0.523797 0.040112
vt 0.524493 0.060924
vt 0.520248 0.061056
vt 0.525380 0.084416
vt 0.521136 0.084558
vt 0.011432 0.719836
vt 0.017038 0.720015
vt 0.016609 0.740789
vt 0.011024 0.740669
vt 0.016539 0.764325
vt 0.010627 0.764238
vt 0.518954 0.257565
vt 0.516339 0.263706
vt 0.501988 0.262704
vt 0.503376 0.256764
vt 0.484379 0.261044
vt 0.484548 0.255814
vt 0.515110 0.273986
vt 0.502703 0.270154
vt 0.484459 0.268172
vt 0.542904 0.290073
vt 0.546943 0.280608
vt 0.570233 0.296632
vt 0.566840 0.306835
vt 0.593048 0.312103
vt 0.591323 0.321017
vt 0.545238 0.273952
vt 0.571832 0.292303
vt 0.596854 0.309724
vt 0.471247 0.420085
vt 0.469274 0.431017
vt 0.462485 0.431952
vt 0.464685 0.422980
vt 0.452829 0.433645
vt 0.453751 0.422288
vt 0.471106 0.436273
vt 0.463772 0.439555
vt 0.476233 0.443917
vt 0.468473 0.447998
vt 0.457709 0.452703
vt 0.454201 0.441510
vt 0.487848 0.434088
vt 0.482630 0.425329
vt 0.486265 0.414714
vt 0.493843 0.422582
vt 0.479098 0.421592
vt 0.482537 0.411611
vt 0.487543 0.397202
vt 0.492116 0.399780
vt 0.501698 0.406517
vt 0.474694 0.409258
vt 0.480457 0.395112
vt 0.480325 0.438479
vt 0.494640 0.460584
vt 0.490189 0.463579
vt 0.512367 0.489445
vt 0.507144 0.492974
vt 0.500581 0.455754
vt 0.518764 0.484004
vt 0.514252 0.504915
vt 0.502335 0.511991
vt 0.496051 0.499698
vt 0.485505 0.520270
vt 0.480730 0.507295
vt 0.174137 0.719419
vt 0.172216 0.715142
vt 0.185000 0.714427
vt 0.185930 0.718986
vt 0.201166 0.713930
vt 0.201488 0.718507
vt 0.163693 0.725678
vt 0.167196 0.727925
vt 0.165899 0.745745
vt 0.161478 0.745020
vt 0.164056 0.768030
vt 0.159180 0.767466
vt 0.526270 0.495763
vt 0.532409 0.470427
vt 0.541151 0.480960
vt 0.547982 0.450406
vt 0.557368 0.459966
vt 0.151890 0.698331
vt 0.151703 0.693195
vt 0.159194 0.692969
vt 0.159737 0.698934
vt 0.170141 0.692800
vt 0.170329 0.697743
vt 0.150877 0.677933
vt 0.158538 0.676421
vt 0.169779 0.676278
vt 0.133110 0.697068
vt 0.147537 0.697929
vt 0.147307 0.707321
vt 0.132959 0.706779
vt 0.146762 0.722402
vt 0.132373 0.722048
vt 0.152051 0.708291
vt 0.150853 0.722778
vt 0.143387 0.888613
vt 0.140433 0.902282
vt 0.131731 0.900623
vt 0.134889 0.887922
vt 0.608634 0.318248
vt 0.603546 0.300893
vt 0.614168 0.311629
vt 0.674107 0.703833
vt 0.673047 0.688471
vt 0.696008 0.687592
vt 0.698010 0.702438
vt 0.568553 0.711729
vt 0.559200 0.707947
vt 0.551140 0.566932
vt 0.552615 0.587279
vt 0.107351 0.034352
vt 0.590025 0.862145
vt 0.585806 0.843130
vt 0.705560 0.863675
vt 0.683092 0.864116
vt 0.682166 0.841748
vt 0.705033 0.841181
vt 0.104325 0.212298
vt 0.632306 0.706292
vt 0.631102 0.690973
vt 0.630375 0.681233
vt 0.572550 0.628657
vt 0.553675 0.629060
vt 0.066446 0.351882
vt 0.059395 0.330919
vt 0.045095 0.301289
vt 0.075978 0.276665
vt 0.040491 0.296915
vt 0.647263 0.881002
vt 0.645670 0.864507
vt 0.643567 0.842401
vt 0.275053 0.280355
vt 0.309096 0.279080
vt 0.274331 0.264993
vt 0.308766 0.266119
vt 0.283841 0.492004
vt 0.314784 0.491282
vt 0.284046 0.468289
vt 0.314080 0.468738
vt 0.395014 0.691107
vt 0.362633 0.692101
vt 0.392402 0.600734
vt 0.393337 0.633603
vt 0.360960 0.634836
vt 0.360117 0.605842
vt 0.394308 0.667110
vt 0.361948 0.668680
vt 0.391162 0.557706
vt 0.391507 0.569741
vt 0.359310 0.578162
vt 0.358774 0.559869
vt 0.270273 0.030831
vt 0.303528 0.030122
vt 0.270117 0.021578
vt 0.303355 0.021038
vt 0.307622 0.219703
vt 0.272979 0.220680
vt 0.272709 0.204626
vt 0.307237 0.203607
vt 0.273793 0.251473
vt 0.273511 0.242779
vt 0.308146 0.241714
vt 0.308336 0.249437
vt 0.273276 0.233535
vt 0.307930 0.232655
vt 0.088363 0.094030
vt 0.088318 0.070429
vt 0.677126 0.748031
vt 0.675550 0.724578
vt 0.699351 0.723242
vt 0.700794 0.746802
vt 0.710835 0.722576
vt 0.712279 0.746188
vt 0.598263 0.752452
vt 0.596024 0.729354
vt 0.634047 0.726935
vt 0.636005 0.750192
vt 0.577583 0.731050
vt 0.571533 0.731816
vt 0.579658 0.753985
vt 0.574271 0.754710
vt 0.113763 0.454941
vt 0.102671 0.437352
vt 0.312875 0.427213
vt 0.283553 0.429226
vt 0.283076 0.414734
vt 0.312576 0.415469
vt 0.088032 0.141324
vt 0.088283 0.117660
vt 0.679958 0.795033
vt 0.678603 0.771516
vt 0.702131 0.770428
vt 0.703315 0.794115
vt 0.713614 0.769879
vt 0.714796 0.793637
vt 0.602997 0.798245
vt 0.600587 0.775446
vt 0.637908 0.773406
vt 0.639789 0.796562
vt 0.581995 0.776982
vt 0.576922 0.777654
vt 0.584451 0.799771
vt 0.579695 0.800423
vt 0.575447 0.800914
vt 0.572464 0.778359
vt 0.092114 0.416575
vt 0.113975 0.399535
vt 0.072501 0.434468
vt 0.062399 0.411545
vt 0.082738 0.395449
vt 0.104847 0.379592
vt 0.087537 0.165025
vt 0.681146 0.818574
vt 0.704297 0.817843
vt 0.715776 0.817436
vt 0.605561 0.820764
vt 0.641637 0.819658
vt 0.587352 0.822048
vt 0.582670 0.822511
vt 0.578642 0.822687
vt 0.074131 0.373570
vt 0.099115 0.356977
vt 0.051839 0.390237
vt 0.052352 0.720536
vt 0.031011 0.721313
vt 0.031571 0.706096
vt 0.053424 0.705394
vt 0.018516 0.705553
vt 0.166501 0.718111
vt 0.168258 0.581529
vt 0.157367 0.581917
vt 0.167346 0.600394
vt 0.156308 0.601545
vt 0.511961 0.040469
vt 0.510873 0.025999
vt 0.518483 0.025670
vt 0.499319 0.026780
vt 0.140333 0.856610
vt 0.149807 0.858212
vt 0.146425 0.876041
vt 0.137333 0.875127
vt 0.015569 0.880799
vt 0.027052 0.880758
vt 0.015463 0.858382
vt 0.026958 0.858370
vt 0.049871 0.858214
vt 0.049534 0.880500
vt 0.509942 0.202660
vt 0.521190 0.201521
vt 0.518992 0.178840
vt 0.526554 0.178247
vt 0.528669 0.200691
vt 0.094621 0.705858
vt 0.094133 0.721220
vt 0.094893 0.696093
vt 0.156936 0.640658
vt 0.149400 0.640931
vt 0.168262 0.640262
vt 0.532776 0.325906
vt 0.537667 0.304683
vt 0.562390 0.317927
vt 0.556098 0.339094
vt 0.592343 0.337371
vt 0.586661 0.358912
vt 0.579062 0.282854
vt 0.087030 0.879759
vt 0.085673 0.896249
vt 0.088628 0.857713
vt 0.119685 0.856815
vt 0.117857 0.877726
vt 0.112263 0.891663
vt 0.330246 0.693031
vt 0.330746 0.710062
vt 0.327778 0.608567
vt 0.328605 0.636748
vt 0.329585 0.670171
vt 0.326417 0.562853
vt 0.327017 0.582886
vt 0.336791 0.029447
vt 0.336599 0.020462
vt 0.342260 0.219072
vt 0.341756 0.203013
vt 0.342961 0.249364
vt 0.342807 0.241204
vt 0.342605 0.232014
vt 0.343159 0.279181
vt 0.343145 0.266059
vt 0.345798 0.492245
vt 0.348838 0.527821
vt 0.344030 0.467126
vt 0.513548 0.084815
vt 0.512659 0.061292
vt 0.051327 0.764753
vt 0.031260 0.764674
vt 0.030735 0.741677
vt 0.051852 0.741299
vt 0.129212 0.765856
vt 0.092462 0.765268
vt 0.093349 0.741932
vt 0.131345 0.742643
vt 0.149622 0.743259
vt 0.148490 0.766475
vt 0.511680 0.443662
vt 0.523548 0.425241
vt 0.342254 0.425738
vt 0.342053 0.413637
vt 0.523362 0.131566
vt 0.515784 0.131916
vt 0.514577 0.108352
vt 0.522161 0.108060
vt 0.050464 0.811681
vt 0.029172 0.811596
vt 0.029224 0.788049
vt 0.050863 0.788215
vt 0.015739 0.811520
vt 0.015908 0.787904
vt 0.126125 0.812028
vt 0.090710 0.811804
vt 0.091593 0.788567
vt 0.126651 0.788991
vt 0.157403 0.790560
vt 0.146785 0.789614
vt 0.155050 0.813530
vt 0.144972 0.812541
vt 0.511941 0.389101
vt 0.533398 0.404827
vt 0.521569 0.369862
vt 0.541858 0.383204
vt 0.570708 0.404374
vt 0.560293 0.427592
vt 0.517231 0.155529
vt 0.524798 0.155086
vt 0.029966 0.835078
vt 0.050158 0.835142
vt 0.015568 0.835143
vt 0.089792 0.834951
vt 0.123137 0.834736
vt 0.152518 0.836145
vt 0.142946 0.835029
vt 0.528252 0.348635
vt 0.549405 0.361050
vt 0.578901 0.380993
vt 0.160997 0.483690
vt 0.170114 0.418969
vt 0.135842 0.387379
vt 0.128761 0.366832
vt 0.122887 0.345078
vt 0.135697 0.293318
vt 0.101163 0.257670
vt 0.132702 0.254306
vt 0.133334 0.244268
vt 0.135526 0.212668
vt 0.134377 0.230015
vt 0.138147 0.033752
vt 0.138051 0.024748
vt 0.521254 0.567298
vt 0.520932 0.555145
vt 0.521807 0.588050
vt 0.522867 0.629853
vt 0.523855 0.667602
vt 0.524469 0.687482
vt 0.222216 0.491573
vt 0.217281 0.528803
vt 0.224563 0.467017
vt 0.224825 0.417292
vt 0.225561 0.432943
vt 0.206337 0.284267
vt 0.205261 0.271709
vt 0.204011 0.247041
vt 0.204283 0.255767
vt 0.203831 0.237857
vt 0.203793 0.208325
vt 0.203722 0.224734
vt 0.203938 0.032641
vt 0.203810 0.023227
vt 0.456348 0.567677
vt 0.456011 0.555394
vt 0.457171 0.597782
vt 0.458105 0.631696
vt 0.459153 0.668770
vt 0.460284 0.706400
vt 0.459757 0.689084
vt 0.184599 0.697088
vt 0.200750 0.696975
vt 0.181881 0.601015
vt 0.182848 0.639788
vt 0.197942 0.603927
vt 0.199047 0.639300
vt 0.200203 0.676222
vt 0.184099 0.678040
vt 0.181794 0.568128
vt 0.182074 0.581638
vt 0.197049 0.567880
vt 0.197557 0.583191
vt 0.468993 0.027034
vt 0.484984 0.027145
vt 0.468661 0.018453
vt 0.484213 0.018760
vt 0.497672 0.221326
vt 0.495386 0.203689
vt 0.480990 0.221691
vt 0.478961 0.204255
vt 0.501717 0.246058
vt 0.517457 0.246634
vt 0.483745 0.245254
vt 0.482525 0.234632
vt 0.499834 0.234618
vt 0.503680 0.312994
vt 0.494636 0.309822
vt 0.500500 0.287579
vt 0.510330 0.291676
vt 0.483145 0.284722
vt 0.492332 0.356477
vt 0.483751 0.353627
vt 0.489515 0.332096
vt 0.497978 0.334966
vt 0.472445 0.394088
vt 0.478096 0.374475
vt 0.487040 0.377203
vt 0.467101 0.409816
vt 0.455492 0.407827
vt 0.480502 0.468991
vt 0.467040 0.474282
vt 0.265482 0.694819
vt 0.265962 0.712051
vt 0.263002 0.611046
vt 0.263813 0.637795
vt 0.264868 0.673176
vt 0.261689 0.568487
vt 0.262265 0.587076
vt 0.403178 0.028423
vt 0.402961 0.019699
vt 0.411551 0.219690
vt 0.410718 0.203252
vt 0.412592 0.250691
vt 0.412388 0.241886
vt 0.412097 0.232372
vt 0.411989 0.279360
vt 0.412556 0.264114
vt 0.400625 0.423877
vt 0.400575 0.412478
vt 0.414319 0.522333
vt 0.406890 0.485899
vt 0.403241 0.461061
vt 0.091729 0.273127
vt 0.088272 0.273968
vt 0.528951 0.260328
vt 0.526917 0.259846
vt 0.647869 0.888198
vt 0.622703 0.887376
vt 0.037529 0.294266
vt 0.017958 0.312515
vt 0.576768 0.628574
vt 0.577585 0.666534
vt 0.630004 0.676303
vt 0.591757 0.679017
vt 0.133804 0.237864
vt 0.137982 0.018793
vt 0.520748 0.547384
vt 0.716339 0.722249
vt 0.717785 0.745887
vt 0.084071 0.070459
vt 0.084117 0.094049
vt 0.581809 0.730521
vt 0.584449 0.753434
vt 0.524305 0.682610
vt 0.313222 0.440443
vt 0.283822 0.441221
vt 0.313558 0.451677
vt 0.283974 0.451310
vt 0.307790 0.226776
vt 0.273131 0.227754
vt 0.330880 0.714643
vt 0.350099 0.542042
vt 0.362492 0.687222
vt 0.394876 0.686305
vt 0.358540 0.551948
vt 0.390967 0.550937
vt 0.303245 0.015178
vt 0.270020 0.015917
vt 0.308500 0.256736
vt 0.274029 0.257690
vt 0.719121 0.769610
vt 0.720303 0.793405
vt 0.084037 0.117658
vt 0.083786 0.141286
vt 0.587006 0.776386
vt 0.589704 0.799126
vt 0.056301 0.448753
vt 0.045536 0.424955
vt 0.567014 0.779384
vt 0.569620 0.801966
vt 0.130166 0.389853
vt 0.122448 0.369878
vt 0.125790 0.392205
vt 0.116859 0.372620
vt 0.721284 0.817243
vt 0.083292 0.164931
vt 0.592686 0.821375
vt 0.572556 0.823919
vt 0.037287 0.401865
vt 0.109411 0.351562
vt 0.115473 0.348522
vt 0.581741 0.279895
vt 0.605883 0.297105
vt 0.085174 0.903500
vt 0.113002 0.901996
vt 0.095034 0.691152
vt 0.133042 0.692131
vt 0.145184 0.641088
vt 0.146537 0.678839
vt 0.522806 0.016712
vt 0.523274 0.025436
vt 0.012324 0.696501
vt 0.011835 0.705181
vt 0.498892 0.229059
vt 0.481885 0.229206
vt 0.181432 0.557967
vt 0.196619 0.557250
vt 0.483711 0.011521
vt 0.468381 0.011757
vt 0.522863 0.280327
vt 0.518415 0.297123
vt 0.512889 0.317392
vt 0.529793 0.284440
vt 0.524592 0.299252
vt 0.519693 0.319997
vt 0.526404 0.107897
vt 0.527602 0.131371
vt 0.010306 0.787848
vt 0.010070 0.811486
vt 0.145618 0.742856
vt 0.143630 0.766091
vt 0.184489 0.692493
vt 0.200625 0.692016
vt 0.602890 0.333871
vt 0.600888 0.346740
vt 0.596101 0.365540
vt 0.148825 0.891067
vt 0.151778 0.878365
vt 0.155082 0.859456
vt 0.129527 0.887468
vt 0.132268 0.874560
vt 0.135170 0.855764
vt 0.330104 0.688184
vt 0.336474 0.014464
vt 0.326115 0.552946
vt 0.342462 0.226158
vt 0.343086 0.256233
vt 0.343099 0.450535
vt 0.342600 0.439012
vt 0.529035 0.154837
vt 0.530783 0.177913
vt 0.009942 0.835138
vt 0.009952 0.858395
vt 0.141977 0.789244
vt 0.140045 0.812094
vt 0.162383 0.791077
vt 0.160342 0.814189
vt 0.570886 0.436490
vt 0.581356 0.412248
vt 0.500646 0.382603
vt 0.493683 0.379553
vt 0.499911 0.359469
vt 0.508283 0.363061
vt 0.010238 0.897557
vt 0.010061 0.880834
vt 0.534880 0.216834
vt 0.532893 0.200228
vt 0.137784 0.834433
vt 0.589199 0.388214
vt 0.157998 0.837048
vt 0.506617 0.338512
vt 0.514736 0.342020
vt 0.460425 0.710980
vt 0.215547 0.542827
vt 0.225409 0.450856
vt 0.225540 0.441925
vt 0.204598 0.261954
vt 0.203766 0.231962
vt 0.203726 0.017548
vt 0.455836 0.548975
vt 0.459619 0.684502
vt 0.416955 0.536242
vt 0.266089 0.716631
vt 0.265351 0.690160
vt 0.261274 0.555271
vt 0.402808 0.013193
vt 0.411873 0.226848
vt 0.412616 0.256984
vt 0.401178 0.437591
vt 0.401838 0.446862
vt 0.722487 0.886768
vt 0.079818 0.234367
vt 0.573826 0.546852
vt 0.084547 0.020171
vt 0.712049 0.672240
vt 0.093443 0.279230
vt 0.088060 0.281384
vt 0.149790 0.441670
vt 0.146428 0.447233
vt 0.109937 0.513297
vt 0.557894 0.709057
vt 0.577266 0.680870
vt 0.588762 0.888900
vt 0.021700 0.335971
vt 0.606739 0.883284
vt 0.007927 0.325794
vt 0.535323 0.223595
vt 0.010682 0.904338
vt 0.522093 0.010781
vt 0.143353 0.559276
vt 0.012949 0.690608
vt 0.526497 0.265395
vt 0.532306 0.269524
vt 0.477680 0.433430
vt 0.475942 0.430513
vt 0.168542 0.720487
vt 0.519718 0.501394
vt 0.147705 0.693324
vt 0.605170 0.321349
vt 0.145077 0.903175
vt 0.127213 0.899089
vt 0.616460 0.307594
vt 0.689481 0.218567
vt 0.669195 0.223192
vt 0.667273 0.200001
vt 0.687699 0.197092
vt 0.654930 0.225651
vt 0.652696 0.201722
vt 0.651435 0.175770
vt 0.666021 0.173836
vt 0.686141 0.171527
vt 0.643855 0.265906
vt 0.646391 0.268924
vt 0.635381 0.292391
vt 0.632000 0.290285
vt 0.628680 0.318981
vt 0.624957 0.317722
vt 0.624598 0.344305
vt 0.620623 0.343744
vt 0.621910 0.366234
vt 0.617764 0.366120
vt 0.665490 0.147819
vt 0.685532 0.145501
vt 0.650723 0.150725
vt 0.650521 0.128790
vt 0.665301 0.125579
vt 0.685073 0.123165
vt 0.695671 0.243195
vt 0.695178 0.239860
vt 0.726509 0.238041
vt 0.726957 0.241384
vt 0.760216 0.236841
vt 0.760184 0.240129
vt 0.723170 0.215063
vt 0.760064 0.213665
vt 0.795843 0.213046
vt 0.790691 0.236069
vt 0.848460 0.217550
vt 0.839699 0.239002
vt 0.790279 0.239253
vt 0.839569 0.242226
vt 0.665640 0.250721
vt 0.672682 0.268311
vt 0.661909 0.283681
vt 0.676127 0.246937
vt 0.697751 0.264024
vt 0.681033 0.265385
vt 0.874833 0.263229
vt 0.876951 0.259811
vt 0.891869 0.283147
vt 0.888619 0.285743
vt 0.901951 0.311225
vt 0.898195 0.312853
vt 0.864445 0.220321
vt 0.852285 0.195299
vt 0.867705 0.196613
vt 0.853984 0.169284
vt 0.868942 0.170098
vt 0.853663 0.143920
vt 0.869433 0.144187
vt 0.851694 0.122263
vt 0.868337 0.121832
vt 0.907646 0.338990
vt 0.903637 0.339814
vt 0.910756 0.362656
vt 0.906690 0.363002
vt 0.852409 0.245868
vt 0.847430 0.264624
vt 0.836967 0.261572
vt 0.860586 0.279650
vt 0.664995 0.285475
vt 0.660621 0.305359
vt 0.656846 0.303976
vt 0.656737 0.328562
vt 0.652810 0.327348
vt 0.677055 0.287577
vt 0.674205 0.308785
vt 0.694553 0.289436
vt 0.693503 0.311678
vt 0.691423 0.336500
vt 0.671536 0.332809
vt 0.667805 0.356623
vt 0.652356 0.351047
vt 0.688541 0.361497
vt 0.685587 0.383364
vt 0.664865 0.377592
vt 0.648882 0.371110
vt 0.648180 0.349850
vt 0.644563 0.369920
vt 0.697755 0.267633
vt 0.728446 0.266607
vt 0.726986 0.290990
vt 0.760542 0.265870
vt 0.760826 0.289733
vt 0.728523 0.262778
vt 0.760494 0.262125
vt 0.789700 0.260284
vt 0.790032 0.264091
vt 0.836884 0.264952
vt 0.793667 0.288497
vt 0.844604 0.285675
vt 0.857775 0.281776
vt 0.864725 0.301043
vt 0.850986 0.306139
vt 0.870308 0.324114
vt 0.855449 0.328979
vt 0.868225 0.299338
vt 0.874093 0.322718
vt 0.879148 0.345702
vt 0.875052 0.346774
vt 0.882462 0.366056
vt 0.878170 0.366778
vt 0.857782 0.351743
vt 0.858247 0.371489
vt 0.651235 0.076124
vt 0.662166 0.073500
vt 0.664979 0.097134
vt 0.654670 0.099720
vt 0.682294 0.070156
vt 0.684272 0.094751
vt 0.643375 0.384552
vt 0.620751 0.381636
vt 0.644372 0.395044
vt 0.619850 0.392184
vt 0.682094 0.066285
vt 0.717029 0.063418
vt 0.717097 0.067326
vt 0.756834 0.062345
vt 0.756940 0.066306
vt 0.680914 0.407988
vt 0.683437 0.397150
vt 0.721116 0.401522
vt 0.719227 0.412490
vt 0.722412 0.387572
vt 0.763139 0.386477
vt 0.763470 0.401819
vt 0.763039 0.413166
vt 0.803381 0.397406
vt 0.805527 0.410637
vt 0.800399 0.381373
vt 0.861168 0.385899
vt 0.864402 0.398494
vt 0.795259 0.062357
vt 0.795561 0.066495
vt 0.849664 0.065409
vt 0.850099 0.069478
vt 0.882709 0.390237
vt 0.883600 0.380023
vt 0.907749 0.377767
vt 0.908364 0.387157
vt 0.863335 0.070695
vt 0.862121 0.095433
vt 0.849917 0.093516
vt 0.684931 0.109391
vt 0.718151 0.106930
vt 0.718695 0.120698
vt 0.684517 0.098597
vt 0.717654 0.096346
vt 0.757327 0.095272
vt 0.757616 0.105819
vt 0.758166 0.119504
vt 0.717618 0.092434
vt 0.757280 0.091347
vt 0.795974 0.091292
vt 0.796056 0.095348
vt 0.849698 0.097431
vt 0.796218 0.106555
vt 0.796864 0.120377
vt 0.850358 0.108432
vt 0.725314 0.313014
vt 0.761425 0.312272
vt 0.762384 0.338774
vt 0.724039 0.338786
vt 0.797596 0.311744
vt 0.799923 0.337532
vt 0.800068 0.361411
vt 0.763087 0.364783
vt 0.723411 0.364795
vt 0.719295 0.142988
vt 0.759188 0.141578
vt 0.760090 0.167263
vt 0.720024 0.168856
vt 0.798619 0.141959
vt 0.799952 0.167039
vt 0.798702 0.192032
vt 0.760199 0.192553
vt 0.721253 0.194141
vt 0.675798 0.243849
vt 0.664802 0.246893
vt 0.852968 0.242070
vt 0.674348 0.270824
vt 0.681860 0.268592
vt 0.846290 0.267492
vt 0.647454 0.385358
vt 0.649029 0.395270
vt 0.662494 0.391450
vt 0.659191 0.402251
vt 0.661993 0.069700
vt 0.651410 0.072250
vt 0.862806 0.066741
vt 0.879528 0.380416
vt 0.877636 0.389996
vt 0.616865 0.381684
vt 0.616133 0.391796
vt 0.665643 0.100670
vt 0.655904 0.103614
vt 0.665599 0.111526
vt 0.651468 0.113285
vt 0.861446 0.099564
vt 0.866651 0.107465
vt 0.911659 0.377597
vt 0.912251 0.386647
vt 0.912677 0.782136
vt 0.930719 0.782711
vt 0.930439 0.801605
vt 0.912303 0.800816
vt 0.939844 0.783050
vt 0.939901 0.802087
vt 0.938981 0.819352
vt 0.929121 0.818651
vt 0.911349 0.817457
vt 0.979097 0.938002
vt 0.973106 0.939868
vt 0.967547 0.922056
vt 0.974132 0.918506
vt 0.960842 0.906273
vt 0.967655 0.900746
vt 0.952489 0.891400
vt 0.958834 0.883055
vt 0.942242 0.878327
vt 0.944512 0.870598
vt 0.925815 0.835073
vt 0.908720 0.833237
vt 0.935738 0.836325
vt 0.933614 0.852481
vt 0.924360 0.850484
vt 0.908620 0.847715
vt 0.911570 0.762218
vt 0.911454 0.768510
vt 0.881531 0.766888
vt 0.881707 0.760535
vt 0.844840 0.765922
vt 0.844839 0.759580
vt 0.882467 0.780868
vt 0.845997 0.780110
vt 0.808242 0.768380
vt 0.810897 0.781067
vt 0.781432 0.781552
vt 0.780616 0.767619
vt 0.806256 0.760363
vt 0.780419 0.760952
vt 0.977877 0.953416
vt 0.966775 0.959395
vt 0.963212 0.946000
vt 0.937750 0.765460
vt 0.928651 0.763631
vt 0.928281 0.751960
vt 0.938011 0.753396
vt 0.911226 0.750408
vt 0.927905 0.740389
vt 0.937500 0.741561
vt 0.910864 0.738562
vt 0.954595 0.964326
vt 0.952930 0.951376
vt 0.720350 0.952550
vt 0.712942 0.950309
vt 0.717561 0.929737
vt 0.724612 0.933257
vt 0.723706 0.909928
vt 0.730301 0.915370
vt 0.749709 0.781002
vt 0.759310 0.781173
vt 0.758735 0.800821
vt 0.749077 0.800985
vt 0.759429 0.819290
vt 0.749438 0.819731
vt 0.761525 0.838004
vt 0.751051 0.838762
vt 0.770912 0.853643
vt 0.760469 0.855132
vt 0.734149 0.890118
vt 0.738608 0.897921
vt 0.748798 0.871169
vt 0.749723 0.881724
vt 0.758633 0.761392
vt 0.749069 0.762585
vt 0.748179 0.750463
vt 0.758198 0.749867
vt 0.716307 0.966229
vt 0.731992 0.956181
vt 0.728352 0.970392
vt 0.743532 0.957726
vt 0.741020 0.972943
vt 0.749434 0.738831
vt 0.759703 0.738609
vt 0.945810 0.955445
vt 0.940212 0.940637
vt 0.949391 0.935912
vt 0.934768 0.926680
vt 0.945395 0.921419
vt 0.936962 0.959384
vt 0.930750 0.943519
vt 0.918789 0.963065
vt 0.911280 0.946948
vt 0.904693 0.932868
vt 0.924832 0.928964
vt 0.918888 0.915297
vt 0.928478 0.912783
vt 0.900249 0.919118
vt 0.899355 0.905828
vt 0.917258 0.902360
vt 0.925161 0.899670
vt 0.939167 0.907122
vt 0.932895 0.893824
vt 0.922517 0.975451
vt 0.889841 0.978548
vt 0.886207 0.965327
vt 0.852656 0.979152
vt 0.852728 0.966638
vt 0.910860 0.732384
vt 0.882595 0.737055
vt 0.880831 0.729943
vt 0.845607 0.736911
vt 0.846364 0.728113
vt 0.812621 0.727710
vt 0.806727 0.737350
vt 0.781513 0.737667
vt 0.783063 0.729504
vt 0.819759 0.967528
vt 0.815856 0.980686
vt 0.782615 0.980688
vt 0.788125 0.967058
vt 0.761330 0.963826
vt 0.752517 0.960351
vt 0.755736 0.945666
vt 0.764045 0.948311
vt 0.758299 0.932921
vt 0.766639 0.934923
vt 0.746785 0.942566
vt 0.749903 0.929508
vt 0.753708 0.914909
vt 0.761035 0.918398
vt 0.759228 0.900368
vt 0.767719 0.905294
vt 0.770077 0.920312
vt 0.778195 0.906742
vt 0.923606 0.885090
vt 0.926897 0.878002
vt 0.938345 0.886385
vt 0.946484 0.899999
vt 0.915607 0.883746
vt 0.902196 0.884408
vt 0.903634 0.875384
vt 0.917746 0.875686
vt 0.905371 0.866629
vt 0.920412 0.867919
vt 0.929234 0.870397
vt 0.899651 0.893528
vt 0.878944 0.895419
vt 0.880845 0.885313
vt 0.853376 0.896832
vt 0.854828 0.886638
vt 0.878016 0.907765
vt 0.878189 0.921302
vt 0.852894 0.909210
vt 0.852268 0.922985
vt 0.797325 0.923700
vt 0.800545 0.909359
vt 0.826095 0.909923
vt 0.824949 0.924026
vt 0.826302 0.897411
vt 0.800276 0.895881
vt 0.825696 0.887565
vt 0.799639 0.887386
vt 0.778200 0.888556
vt 0.767791 0.891767
vt 0.765312 0.882711
vt 0.777122 0.878779
vt 0.753678 0.891859
vt 0.745557 0.907340
vt 0.763360 0.873336
vt 0.775514 0.869647
vt 0.885546 0.846231
vt 0.883051 0.831731
vt 0.906509 0.860735
vt 0.884148 0.859763
vt 0.856473 0.860419
vt 0.856803 0.846858
vt 0.851368 0.832218
vt 0.883099 0.866797
vt 0.856531 0.867519
vt 0.819856 0.862436
vt 0.820844 0.868080
vt 0.796722 0.868280
vt 0.795489 0.862706
vt 0.820379 0.849024
vt 0.793474 0.850186
vt 0.814624 0.832796
vt 0.784650 0.835453
vt 0.882135 0.748796
vt 0.845078 0.748167
vt 0.805700 0.748809
vt 0.780293 0.749198
vt 0.883032 0.950428
vt 0.852503 0.952377
vt 0.852170 0.937560
vt 0.879776 0.935722
vt 0.821902 0.953406
vt 0.791646 0.952599
vt 0.823435 0.938674
vt 0.793839 0.938066
vt 0.856017 0.877099
vt 0.882853 0.876011
vt 0.823399 0.878048
vt 0.798764 0.877994
vt 0.849065 0.816313
vt 0.883227 0.816043
vt 0.813067 0.815907
vt 0.782370 0.818313
vt 0.811638 0.799837
vt 0.781277 0.800827
vt 0.882601 0.799784
vt 0.846887 0.799552
vt 0.735700 0.938676
vt 0.740007 0.923147
vt 0.953398 0.914381
vt 0.958606 0.929404
vt 0.928412 0.769754
vt 0.935074 0.771093
vt 0.983009 0.950144
vt 0.710830 0.962975
vt 0.759029 0.767358
vt 0.751934 0.768278
vt 0.947356 0.965549
vt 0.928066 0.734397
vt 0.935042 0.735634
vt 0.940792 0.970055
vt 0.756579 0.976980
vt 0.749123 0.972706
vt 0.752589 0.732497
vt 0.760076 0.732081
vt 0.919815 0.890468
vt 0.914417 0.890477
vt 0.778681 0.894875
vt 0.771561 0.895999
vt 0.929221 0.864791
vt 0.921562 0.862928
vt 0.774192 0.864924
vt 0.764828 0.867203
vt 0.771906 0.605471
vt 0.775056 0.625497
vt 0.753403 0.627541
vt 0.751212 0.607504
vt 0.776942 0.639690
vt 0.754652 0.642190
vt 0.729037 0.643094
vt 0.727550 0.628465
vt 0.725845 0.608297
vt 0.816101 0.651359
vt 0.819469 0.649294
vt 0.840098 0.661171
vt 0.837648 0.664314
vt 0.865263 0.670220
vt 0.863749 0.673834
vt 0.889915 0.675937
vt 0.889187 0.679853
vt 0.910846 0.680007
vt 0.910661 0.684085
vt 0.701738 0.627742
vt 0.699971 0.607754
vt 0.704115 0.642767
vt 0.682625 0.641505
vt 0.680066 0.626415
vt 0.678153 0.606770
vt 0.796304 0.600697
vt 0.793374 0.601000
vt 0.792578 0.571267
vt 0.795607 0.571151
vt 0.793121 0.537031
vt 0.796228 0.537191
vt 0.770167 0.573138
vt 0.770194 0.535920
vt 0.771317 0.499611
vt 0.794017 0.504393
vt 0.777357 0.448673
vt 0.798585 0.457489
vt 0.797221 0.504835
vt 0.801686 0.457966
vt 0.801951 0.630174
vt 0.798708 0.619733
vt 0.817174 0.615626
vt 0.820497 0.623826
vt 0.815878 0.599039
vt 0.836343 0.634715
vt 0.826535 0.426625
vt 0.823781 0.423992
vt 0.846116 0.412056
vt 0.847856 0.415522
vt 0.873690 0.403676
vt 0.874836 0.407387
vt 0.781030 0.432830
vt 0.756505 0.444421
vt 0.758877 0.429006
vt 0.730930 0.441946
vt 0.732366 0.426875
vt 0.705271 0.441873
vt 0.705958 0.426020
vt 0.683453 0.443003
vt 0.683253 0.426066
vt 0.901205 0.399239
vt 0.901851 0.403182
vt 0.924771 0.397259
vt 0.925042 0.401324
vt 0.805854 0.445307
vt 0.838030 0.441792
vt 0.824709 0.453796
vt 0.821243 0.463344
vt 0.839653 0.627805
vt 0.856722 0.633891
vt 0.853673 0.641195
vt 0.877874 0.639752
vt 0.875039 0.647145
vt 0.841297 0.619219
vt 0.859335 0.624460
vt 0.842867 0.602044
vt 0.862716 0.606104
vt 0.886225 0.610690
vt 0.881251 0.629947
vt 0.904043 0.633875
vt 0.899723 0.644267
vt 0.910308 0.613783
vt 0.930982 0.616522
vt 0.923505 0.637621
vt 0.918537 0.648250
vt 0.896424 0.652991
vt 0.914921 0.657723
vt 0.823291 0.599185
vt 0.822962 0.571491
vt 0.843431 0.573208
vt 0.823204 0.538082
vt 0.843827 0.538625
vt 0.815909 0.571054
vt 0.816647 0.537925
vt 0.817593 0.506327
vt 0.824625 0.505979
vt 0.827865 0.463408
vt 0.845408 0.504695
vt 0.843498 0.458094
vt 0.840620 0.448276
vt 0.859484 0.442504
vt 0.862582 0.452996
vt 0.882532 0.437196
vt 0.885360 0.448094
vt 0.857051 0.434897
vt 0.880556 0.428794
vt 0.905212 0.426314
vt 0.906527 0.434813
vt 0.926147 0.425134
vt 0.927285 0.434410
vt 0.908913 0.446377
vt 0.929766 0.446685
vt 0.928907 0.660059
vt 0.939637 0.659844
vt 0.936229 0.683589
vt 0.925928 0.682197
vt 0.628328 0.626997
vt 0.625450 0.606677
vt 0.649794 0.606459
vt 0.651532 0.625798
vt 0.629966 0.638165
vt 0.653537 0.636263
vt 0.618328 0.606645
vt 0.616411 0.572740
vt 0.623594 0.573059
vt 0.616413 0.533384
vt 0.623763 0.533670
vt 0.952256 0.622202
vt 0.944530 0.619667
vt 0.951723 0.584019
vt 0.959263 0.585763
vt 0.938146 0.582054
vt 0.940890 0.541481
vt 0.954728 0.542462
vt 0.962375 0.543226
vt 0.952379 0.503187
vt 0.960734 0.503141
vt 0.938189 0.502755
vt 0.943579 0.447035
vt 0.951555 0.447132
vt 0.617857 0.496506
vt 0.625797 0.496599
vt 0.622895 0.444241
vt 0.630855 0.444306
vt 0.631775 0.430450
vt 0.656852 0.431468
vt 0.654830 0.443914
vt 0.939143 0.425004
vt 0.939490 0.401021
vt 0.948852 0.426522
vt 0.948739 0.400879
vt 0.664428 0.606420
vt 0.662913 0.573712
vt 0.676527 0.573724
vt 0.653562 0.606512
vt 0.652401 0.573788
vt 0.652522 0.534371
vt 0.663021 0.534434
vt 0.676613 0.534361
vt 0.648546 0.573634
vt 0.648638 0.534272
vt 0.650389 0.496412
vt 0.654363 0.496351
vt 0.658680 0.444042
vt 0.665529 0.496522
vt 0.679247 0.496287
vt 0.669668 0.443699
vt 0.865132 0.575401
vt 0.866166 0.539049
vt 0.892832 0.539644
vt 0.890766 0.578200
vt 0.866976 0.503019
vt 0.892169 0.501504
vt 0.916931 0.501777
vt 0.918887 0.540515
vt 0.916405 0.580368
vt 0.698482 0.574082
vt 0.698554 0.534111
vt 0.724188 0.534105
vt 0.724148 0.574390
vt 0.700748 0.495177
vt 0.725976 0.494709
vt 0.750797 0.496589
vt 0.749404 0.534901
vt 0.749216 0.574050
vt 0.795889 0.619938
vt 0.798160 0.630685
vt 0.802332 0.444366
vt 0.825313 0.620758
vt 0.823898 0.614896
vt 0.828901 0.456817
vt 0.932129 0.651330
vt 0.939281 0.651404
vt 0.937025 0.641082
vt 0.944933 0.643812
vt 0.622895 0.635643
vt 0.621388 0.627335
vt 0.624300 0.433915
vt 0.940264 0.434338
vt 0.946987 0.436089
vt 0.925934 0.685992
vt 0.935851 0.687203
vt 0.655025 0.625381
vt 0.657456 0.635273
vt 0.666014 0.625707
vt 0.667167 0.639994
vt 0.660973 0.432157
vt 0.668906 0.427080
vt 0.939525 0.397114
vt 0.948501 0.397010
vt 0.399794 0.898963
vt 0.408997 0.898238
vt 0.410101 0.916467
vt 0.400557 0.917055
vt 0.409938 0.935615
vt 0.400106 0.936211
vt 0.440568 0.824722
vt 0.433272 0.825002
vt 0.432358 0.805781
vt 0.440126 0.803788
vt 0.428669 0.785975
vt 0.436392 0.781603
vt 0.423208 0.771534
vt 0.429946 0.764753
vt 0.408642 0.950140
vt 0.398522 0.950671
vt 0.396152 0.976995
vt 0.397302 0.961080
vt 0.407172 0.960601
vt 0.403176 0.974992
vt 0.397449 0.875232
vt 0.397218 0.881598
vt 0.348938 0.884165
vt 0.348979 0.877665
vt 0.312614 0.884629
vt 0.312686 0.878061
vt 0.349837 0.902713
vt 0.312762 0.903454
vt 0.275628 0.903068
vt 0.276261 0.884373
vt 0.246119 0.882499
vt 0.244861 0.901240
vt 0.225579 0.898681
vt 0.227300 0.879978
vt 0.276533 0.877793
vt 0.246344 0.875765
vt 0.227228 0.873677
vt 0.432947 0.844890
vt 0.420260 0.847673
vt 0.422120 0.828351
vt 0.406729 0.875373
vt 0.397216 0.863549
vt 0.407310 0.862351
vt 0.394878 0.852848
vt 0.406933 0.848833
vt 0.411458 0.830150
vt 0.191898 0.825341
vt 0.184866 0.824927
vt 0.184914 0.802720
vt 0.192018 0.804781
vt 0.188758 0.778640
vt 0.195540 0.782892
vt 0.215996 0.897381
vt 0.224470 0.918248
vt 0.214728 0.917183
vt 0.224651 0.939051
vt 0.214716 0.938126
vt 0.226098 0.955271
vt 0.215938 0.954428
vt 0.196122 0.759764
vt 0.201816 0.766735
vt 0.221278 0.743117
vt 0.207860 0.756836
vt 0.204977 0.748346
vt 0.220662 0.737466
vt 0.217349 0.873190
vt 0.217095 0.860021
vt 0.227554 0.861755
vt 0.192892 0.845586
vt 0.203575 0.826477
vt 0.205889 0.846877
vt 0.214359 0.825368
vt 0.218932 0.847192
vt 0.231102 0.851413
vt 0.403039 0.830812
vt 0.401366 0.815909
vt 0.411533 0.814425
vt 0.398457 0.799917
vt 0.410010 0.797884
vt 0.391460 0.830234
vt 0.390863 0.815525
vt 0.388691 0.799479
vt 0.386838 0.787187
vt 0.396404 0.787479
vt 0.407772 0.784684
vt 0.395269 0.761987
vt 0.404437 0.775352
vt 0.394205 0.778770
vt 0.390060 0.766495
vt 0.392770 0.846915
vt 0.346729 0.846858
vt 0.350666 0.830430
vt 0.313979 0.847671
vt 0.315896 0.829615
vt 0.347270 0.854406
vt 0.313116 0.854726
vt 0.280776 0.854782
vt 0.282323 0.847392
vt 0.252527 0.846458
vt 0.250692 0.853198
vt 0.233395 0.845356
vt 0.283253 0.829226
vt 0.251793 0.828036
vt 0.232271 0.827744
vt 0.223225 0.826067
vt 0.223534 0.810816
vt 0.231896 0.811886
vt 0.224699 0.795492
vt 0.233067 0.795848
vt 0.214524 0.809479
vt 0.216032 0.793641
vt 0.218544 0.780826
vt 0.227206 0.783049
vt 0.230731 0.774602
vt 0.221701 0.772036
vt 0.231002 0.758560
vt 0.236225 0.762531
vt 0.236581 0.782937
vt 0.245175 0.760761
vt 0.240812 0.774341
vt 0.400565 0.755430
vt 0.411763 0.769374
vt 0.385480 0.758157
vt 0.390413 0.750398
vt 0.395536 0.742704
vt 0.404772 0.748357
vt 0.417473 0.761850
vt 0.382360 0.765335
vt 0.351546 0.763627
vt 0.353819 0.753791
vt 0.321410 0.762063
vt 0.323203 0.752418
vt 0.384722 0.778630
vt 0.350241 0.775200
vt 0.319999 0.773174
vt 0.292128 0.761408
vt 0.289786 0.772602
vt 0.265351 0.761182
vt 0.260526 0.773817
vt 0.292905 0.751263
vt 0.265208 0.751137
vt 0.242650 0.753973
vt 0.225295 0.751452
vt 0.236790 0.745496
vt 0.214184 0.765298
vt 0.232330 0.736722
vt 0.357666 0.979986
vt 0.355350 0.964651
vt 0.327704 0.980029
vt 0.323676 0.965107
vt 0.397909 0.737439
vt 0.358055 0.735000
vt 0.358242 0.728958
vt 0.329191 0.732880
vt 0.328440 0.727088
vt 0.293026 0.732032
vt 0.290442 0.725321
vt 0.255256 0.725887
vt 0.258546 0.732118
vt 0.230492 0.731776
vt 0.284077 0.966824
vt 0.288972 0.981730
vt 0.255047 0.982201
vt 0.232370 0.981376
vt 0.228285 0.966076
vt 0.250052 0.966811
vt 0.348629 0.865777
vt 0.312636 0.866126
vt 0.277516 0.865791
vt 0.247244 0.863984
vt 0.351048 0.814100
vt 0.316821 0.813006
vt 0.317347 0.797503
vt 0.349845 0.797634
vt 0.283693 0.812614
vt 0.250811 0.812119
vt 0.252192 0.795505
vt 0.284558 0.796785
vt 0.286751 0.783762
vt 0.318624 0.784429
vt 0.255702 0.782950
vt 0.350468 0.784615
vt 0.325482 0.742851
vt 0.355905 0.744088
vt 0.262188 0.741568
vt 0.293225 0.741549
vt 0.353919 0.954660
vt 0.320738 0.955305
vt 0.316524 0.941751
vt 0.352225 0.940570
vt 0.244944 0.940813
vt 0.247321 0.956307
vt 0.280641 0.956726
vt 0.277116 0.942062
vt 0.275706 0.922221
vt 0.313733 0.922737
vt 0.244243 0.920508
vt 0.350908 0.921342
vt 0.203473 0.807914
vt 0.205839 0.789015
vt 0.209810 0.774803
vt 0.419616 0.792876
vt 0.416124 0.779009
vt 0.421837 0.810710
vt 0.403996 0.881953
vt 0.439159 0.842973
vt 0.186659 0.843664
vt 0.220074 0.879850
vt 0.401469 0.845608
vt 0.224847 0.843551
vt 0.406302 0.743087
vt 0.421619 0.753786
vt 0.223925 0.979081
vt 0.218069 0.965153
vt 0.651083 0.055261
vt 0.650901 0.056100
vt 0.643472 0.057465
vt 0.644992 0.056740
vt 0.651796 0.006580
vt 0.645874 0.004970
vt 0.644280 0.003757
vt 0.651552 0.005644
vt 0.661692 0.007565
vt 0.661688 0.008483
vt 0.661164 0.053643
vt 0.661167 0.054514
vt 0.671425 0.007594
vt 0.671418 0.008380
vt 0.671011 0.053821
vt 0.671000 0.054558
vt 0.680681 0.053751
vt 0.680678 0.054468
vt 0.681039 0.007841
vt 0.681029 0.008590
vt 0.690232 0.053604
vt 0.690232 0.054342
vt 0.690545 0.008102
vt 0.690536 0.008854
vt 0.699687 0.053491
vt 0.699693 0.054205
vt 0.699969 0.008343
vt 0.699952 0.009094
vt 0.709135 0.053182
vt 0.709146 0.053876
vt 0.709403 0.008762
vt 0.709382 0.009479
vt 0.718595 0.052629
vt 0.718607 0.053275
vt 0.718846 0.009469
vt 0.718829 0.010113
vt 0.728069 0.052296
vt 0.728077 0.052883
vt 0.728302 0.009960
vt 0.728287 0.010554
vt 0.737541 0.051939
vt 0.737548 0.052540
vt 0.737766 0.010406
vt 0.737752 0.010967
vt 0.746993 0.051762
vt 0.747001 0.052363
vt 0.747214 0.010683
vt 0.747202 0.011244
vt 0.756415 0.051625
vt 0.756421 0.052209
vt 0.756618 0.010969
vt 0.756605 0.011546
vt 0.765798 0.051182
vt 0.765805 0.051722
vt 0.765995 0.011462
vt 0.765982 0.012021
vt 0.775284 0.011819
vt 0.775285 0.012315
vt 0.775099 0.050971
vt 0.775101 0.051464
vt 0.784548 0.011105
vt 0.784561 0.011624
vt 0.784367 0.051745
vt 0.784365 0.052280
vt 0.793862 0.009404
vt 0.793864 0.010029
vt 0.793663 0.053436
vt 0.793676 0.054113
vt 0.803203 0.008661
vt 0.803180 0.009308
vt 0.803024 0.054269
vt 0.803048 0.054952
vt 0.813103 0.009102
vt 0.813076 0.009783
vt 0.812967 0.053751
vt 0.812980 0.054428
vt 0.822755 0.009069
vt 0.822743 0.009742
vt 0.822670 0.053838
vt 0.822673 0.054525
vt 0.832433 0.053998
vt 0.832465 0.054698
vt 0.827564 0.054630
vt 0.827547 0.053898
vt 0.832490 0.008946
vt 0.832450 0.009674
vt 0.827594 0.009709
vt 0.827618 0.008988
vt 0.841860 0.053747
vt 0.842196 0.054458
vt 0.842211 0.009177
vt 0.841839 0.009941
vt 0.832238 0.050425
vt 0.841337 0.050089
vt 0.827436 0.050471
vt 0.822613 0.050423
vt 0.812876 0.050351
vt 0.803075 0.050505
vt 0.793667 0.049904
vt 0.784391 0.048821
vt 0.775108 0.048234
vt 0.765782 0.048241
vt 0.756395 0.048526
vt 0.746968 0.048803
vt 0.737515 0.048927
vt 0.728048 0.049160
vt 0.718583 0.049391
vt 0.709123 0.049598
vt 0.699673 0.049817
vt 0.690261 0.049836
vt 0.680710 0.050091
vt 0.671075 0.050157
vt 0.661343 0.049762
vt 0.650710 0.052364
vt 0.661819 0.012353
vt 0.651399 0.009593
vt 0.671444 0.012058
vt 0.681011 0.012231
vt 0.690517 0.012569
vt 0.699905 0.012773
vt 0.709331 0.013090
vt 0.718778 0.013381
vt 0.728231 0.013690
vt 0.737693 0.013983
vt 0.747144 0.014227
vt 0.756560 0.014626
vt 0.765944 0.014971
vt 0.775277 0.015058
vt 0.784570 0.014558
vt 0.793850 0.013585
vt 0.803235 0.013077
vt 0.812973 0.013221
vt 0.822646 0.013204
vt 0.832228 0.013200
vt 0.827450 0.013165
vt 0.841217 0.013531
vt 0.832028 0.045774
vt 0.840931 0.045497
vt 0.827266 0.045804
vt 0.822470 0.045793
vt 0.812861 0.045768
vt 0.803261 0.045702
vt 0.793820 0.045279
vt 0.784483 0.044665
vt 0.775152 0.044282
vt 0.765790 0.044178
vt 0.756384 0.044268
vt 0.746946 0.044422
vt 0.737488 0.044549
vt 0.728025 0.044683
vt 0.718568 0.044821
vt 0.709114 0.044899
vt 0.699676 0.044976
vt 0.690254 0.045026
vt 0.680761 0.045251
vt 0.671195 0.045423
vt 0.661285 0.045162
vt 0.649721 0.047588
vt 0.661715 0.016924
vt 0.650420 0.014391
vt 0.671502 0.016768
vt 0.681001 0.017052
vt 0.690449 0.017382
vt 0.699849 0.017570
vt 0.709272 0.017746
vt 0.718713 0.017919
vt 0.728162 0.018153
vt 0.737621 0.018357
vt 0.747076 0.018593
vt 0.756513 0.018858
vt 0.765919 0.019015
vt 0.775288 0.018998
vt 0.784624 0.018709
vt 0.793964 0.018213
vt 0.803390 0.017862
vt 0.812934 0.017796
vt 0.822485 0.017810
vt 0.831949 0.017851
vt 0.827255 0.017818
vt 0.840692 0.018097
vt 0.831695 0.041072
vt 0.840450 0.040899
vt 0.822339 0.041008
vt 0.827087 0.041014
vt 0.812869 0.041039
vt 0.803405 0.040986
vt 0.793983 0.040679
vt 0.784606 0.040285
vt 0.775223 0.039965
vt 0.765823 0.039823
vt 0.756397 0.039772
vt 0.746938 0.039735
vt 0.737471 0.039777
vt 0.728010 0.039881
vt 0.718562 0.040003
vt 0.709109 0.040085
vt 0.699667 0.040179
vt 0.690231 0.040276
vt 0.680784 0.040343
vt 0.671305 0.040486
vt 0.661317 0.040351
vt 0.650510 0.040817
vt 0.661655 0.021729
vt 0.651001 0.021057
vt 0.671525 0.021717
vt 0.680948 0.021977
vt 0.690361 0.022162
vt 0.699778 0.022340
vt 0.709210 0.022540
vt 0.718653 0.022750
vt 0.728095 0.022962
vt 0.737553 0.023152
vt 0.747018 0.023293
vt 0.756480 0.023356
vt 0.765913 0.023363
vt 0.775318 0.023287
vt 0.784703 0.023055
vt 0.794078 0.022731
vt 0.803489 0.022480
vt 0.812916 0.022463
vt 0.822345 0.022547
vt 0.831580 0.022527
vt 0.827062 0.022576
vt 0.840169 0.022675
vt 0.831418 0.036553
vt 0.839758 0.036564
vt 0.822196 0.036381
vt 0.826879 0.036370
vt 0.812856 0.036521
vt 0.803524 0.036638
vt 0.794142 0.036498
vt 0.784720 0.036216
vt 0.775284 0.035837
vt 0.765865 0.035608
vt 0.756428 0.035533
vt 0.746929 0.035434
vt 0.737456 0.035461
vt 0.728002 0.035527
vt 0.718565 0.035589
vt 0.709111 0.035629
vt 0.699659 0.035790
vt 0.690206 0.035957
vt 0.680775 0.035882
vt 0.671425 0.035898
vt 0.662012 0.035692
vt 0.652437 0.035120
vt 0.662194 0.026457
vt 0.652664 0.026859
vt 0.671549 0.026375
vt 0.680855 0.026498
vt 0.690268 0.026530
vt 0.699712 0.026775
vt 0.709156 0.027076
vt 0.718605 0.027240
vt 0.728038 0.027385
vt 0.737490 0.027531
vt 0.746959 0.027648
vt 0.756467 0.027626
vt 0.765920 0.027594
vt 0.775342 0.027404
vt 0.784774 0.027100
vt 0.794191 0.026833
vt 0.803571 0.026705
vt 0.812885 0.026857
vt 0.822196 0.027062
vt 0.831325 0.026948
vt 0.826851 0.027108
vt 0.839553 0.026990
vt 0.849122 0.010324
vt 0.847715 0.010487
vt 0.847662 0.053164
vt 0.849068 0.053770
vt 0.845248 0.032965
vt 0.847006 0.032213
vt 0.848740 0.034927
vt 0.846709 0.035843
vt 0.845323 0.031599
vt 0.839776 0.032979
vt 0.839831 0.031525
vt 0.846542 0.031680
vt 0.847365 0.031596
vt 0.831340 0.032943
vt 0.831308 0.032014
vt 0.845392 0.030706
vt 0.846454 0.027652
vt 0.848122 0.028169
vt 0.839668 0.030486
vt 0.831288 0.030314
vt 0.646720 0.031481
vt 0.648000 0.031725
vt 0.646698 0.034918
vt 0.645594 0.034796
vt 0.648371 0.031021
vt 0.647306 0.030795
vt 0.648380 0.030690
vt 0.654010 0.031178
vt 0.653750 0.031825
vt 0.648090 0.029902
vt 0.653897 0.030217
vt 0.646787 0.030049
vt 0.645963 0.026641
vt 0.646901 0.026658
vt 0.847860 0.023407
vt 0.849282 0.023643
vt 0.643883 0.020194
vt 0.645190 0.020245
vt 0.847591 0.049842
vt 0.848945 0.049885
vt 0.847738 0.045035
vt 0.849194 0.044926
vt 0.642713 0.054268
vt 0.644551 0.054083
vt 0.642346 0.048813
vt 0.643886 0.048920
vt 0.662800 0.030899
vt 0.662606 0.032407
vt 0.662699 0.029941
vt 0.671495 0.030907
vt 0.671487 0.032658
vt 0.671528 0.029785
vt 0.680693 0.031316
vt 0.680727 0.032641
vt 0.680735 0.029849
vt 0.690154 0.031339
vt 0.690173 0.032743
vt 0.690182 0.029825
vt 0.699657 0.031403
vt 0.699657 0.032646
vt 0.699669 0.030030
vt 0.709119 0.031445
vt 0.709117 0.032631
vt 0.709126 0.030143
vt 0.718563 0.031505
vt 0.718565 0.032659
vt 0.718572 0.030222
vt 0.727989 0.031532
vt 0.727993 0.032663
vt 0.728001 0.030289
vt 0.737424 0.031567
vt 0.737436 0.032666
vt 0.737438 0.030358
vt 0.746881 0.031607
vt 0.746902 0.032671
vt 0.746900 0.030421
vt 0.756445 0.031676
vt 0.756446 0.032704
vt 0.756457 0.030485
vt 0.765890 0.031704
vt 0.765882 0.032729
vt 0.765911 0.030492
vt 0.775321 0.031513
vt 0.775305 0.032889
vt 0.775335 0.030348
vt 0.784846 0.031589
vt 0.784805 0.033164
vt 0.784825 0.030124
vt 0.794361 0.031632
vt 0.794288 0.033254
vt 0.794300 0.030018
vt 0.803684 0.031608
vt 0.803635 0.033099
vt 0.803652 0.030065
vt 0.812822 0.031475
vt 0.812815 0.032839
vt 0.812849 0.030329
vt 0.822066 0.031413
vt 0.822085 0.032688
vt 0.822082 0.030466
vt 0.826708 0.031412
vt 0.826773 0.032673
vt 0.826712 0.030507
vt 0.848427 0.013822
vt 0.847382 0.013792
vt 0.848516 0.018615
vt 0.847401 0.018528
vt 0.848178 0.040077
vt 0.850029 0.039701
vt 0.643734 0.041274
vt 0.644714 0.041394
vt 0.645424 0.007622
vt 0.643070 0.006901
vt 0.644579 0.012737
vt 0.642540 0.012512
vt 0.594938 0.012725
vt 0.594158 0.012306
vt 0.596113 0.004139
vt 0.596141 0.006107
vt 0.637368 0.012841
vt 0.636139 0.006454
vt 0.636645 0.004256
vt 0.638194 0.012389
vt 0.639667 0.023322
vt 0.638748 0.023381
vt 0.593540 0.023378
vt 0.592686 0.023312
vt 0.639780 0.034186
vt 0.638975 0.034198
vt 0.593378 0.034241
vt 0.592645 0.034225
vt 0.639384 0.044888
vt 0.638642 0.044889
vt 0.593769 0.044963
vt 0.593074 0.044962
vt 0.639176 0.055404
vt 0.638443 0.055406
vt 0.594022 0.055509
vt 0.593316 0.055509
vt 0.639308 0.065827
vt 0.638549 0.065825
vt 0.593955 0.065946
vt 0.593240 0.065951
vt 0.639063 0.076252
vt 0.638338 0.076241
vt 0.594258 0.076369
vt 0.593569 0.076382
vt 0.638379 0.086690
vt 0.637730 0.086679
vt 0.594942 0.086809
vt 0.594310 0.086824
vt 0.637907 0.097134
vt 0.637304 0.097123
vt 0.595438 0.097264
vt 0.594845 0.097276
vt 0.637470 0.107587
vt 0.636895 0.107577
vt 0.595949 0.107719
vt 0.595368 0.107731
vt 0.596353 0.118150
vt 0.595785 0.118162
vt 0.637106 0.118013
vt 0.636546 0.118007
vt 0.596558 0.128535
vt 0.595984 0.128544
vt 0.636948 0.128380
vt 0.636375 0.128376
vt 0.596785 0.138908
vt 0.596281 0.138913
vt 0.636804 0.138738
vt 0.636284 0.138740
vt 0.596322 0.149253
vt 0.595855 0.149254
vt 0.637317 0.149076
vt 0.636846 0.149086
vt 0.596029 0.159424
vt 0.595501 0.159424
vt 0.637740 0.159239
vt 0.637224 0.159257
vt 0.594743 0.169787
vt 0.594061 0.169804
vt 0.639233 0.169599
vt 0.638614 0.169608
vt 0.639736 0.180130
vt 0.639104 0.180131
vt 0.594341 0.180338
vt 0.593665 0.180356
vt 0.594857 0.191350
vt 0.594229 0.191396
vt 0.593960 0.185845
vt 0.594597 0.185813
vt 0.639400 0.191186
vt 0.638779 0.191147
vt 0.638942 0.185602
vt 0.639555 0.185624
vt 0.595078 0.202317
vt 0.594398 0.202374
vt 0.639367 0.202189
vt 0.638695 0.202139
vt 0.638898 0.213334
vt 0.638172 0.213239
vt 0.595664 0.213381
vt 0.594968 0.213488
vt 0.637583 0.223832
vt 0.636871 0.223343
vt 0.596983 0.223458
vt 0.596324 0.223917
vt 0.599193 0.212771
vt 0.600535 0.222301
vt 0.598462 0.201970
vt 0.598162 0.191144
vt 0.598012 0.185719
vt 0.597920 0.180332
vt 0.598251 0.169786
vt 0.599010 0.159452
vt 0.598978 0.149262
vt 0.599585 0.138885
vt 0.599594 0.128495
vt 0.599350 0.118103
vt 0.598976 0.107670
vt 0.598587 0.097220
vt 0.598198 0.086775
vt 0.597827 0.076335
vt 0.597660 0.065920
vt 0.597594 0.055498
vt 0.597322 0.044988
vt 0.597082 0.034363
vt 0.597426 0.023738
vt 0.598444 0.013728
vt 0.634889 0.023796
vt 0.633897 0.013862
vt 0.635267 0.034344
vt 0.635119 0.044925
vt 0.634919 0.055411
vt 0.634875 0.065821
vt 0.634761 0.076227
vt 0.634457 0.086660
vt 0.634157 0.097099
vt 0.633864 0.107547
vt 0.633553 0.117979
vt 0.633359 0.128364
vt 0.633491 0.138750
vt 0.634197 0.149125
vt 0.634266 0.159320
vt 0.635119 0.169646
vt 0.635569 0.180172
vt 0.635494 0.190981
vt 0.635561 0.185555
vt 0.635305 0.201825
vt 0.634683 0.212664
vt 0.633391 0.222178
vt 0.603730 0.211993
vt 0.605161 0.221170
vt 0.603008 0.201497
vt 0.602675 0.190924
vt 0.602563 0.180338
vt 0.602577 0.185624
vt 0.602822 0.169859
vt 0.603293 0.159516
vt 0.603071 0.149278
vt 0.603707 0.138868
vt 0.603788 0.128462
vt 0.603584 0.118051
vt 0.603275 0.107612
vt 0.603012 0.097167
vt 0.602743 0.086731
vt 0.602539 0.076297
vt 0.602416 0.065887
vt 0.602251 0.055482
vt 0.601947 0.045021
vt 0.601723 0.034559
vt 0.602007 0.024338
vt 0.602810 0.014947
vt 0.630353 0.024421
vt 0.629568 0.015098
vt 0.630659 0.034572
vt 0.630511 0.044973
vt 0.630261 0.055416
vt 0.630142 0.065813
vt 0.630075 0.076216
vt 0.629932 0.086643
vt 0.629744 0.097075
vt 0.629566 0.107518
vt 0.629321 0.117956
vt 0.629183 0.128365
vt 0.629377 0.138771
vt 0.630110 0.149180
vt 0.629971 0.159422
vt 0.630529 0.169760
vt 0.630917 0.180229
vt 0.630970 0.190805
vt 0.630985 0.185507
vt 0.630759 0.201394
vt 0.630137 0.211882
vt 0.628803 0.220974
vt 0.608417 0.211116
vt 0.609466 0.219458
vt 0.607859 0.200995
vt 0.607572 0.190707
vt 0.607493 0.180352
vt 0.607509 0.185536
vt 0.607689 0.169974
vt 0.608068 0.159604
vt 0.608019 0.149275
vt 0.608388 0.138866
vt 0.608357 0.128456
vt 0.608217 0.118004
vt 0.607973 0.107561
vt 0.607730 0.097118
vt 0.607500 0.086691
vt 0.607334 0.076262
vt 0.607252 0.065846
vt 0.607146 0.055441
vt 0.606874 0.045027
vt 0.606609 0.034685
vt 0.606750 0.024808
vt 0.607407 0.016069
vt 0.625615 0.024897
vt 0.624962 0.016197
vt 0.625793 0.034713
vt 0.625592 0.044999
vt 0.625365 0.055394
vt 0.625299 0.065795
vt 0.625271 0.076207
vt 0.625156 0.086632
vt 0.625007 0.097056
vt 0.624847 0.107496
vt 0.624675 0.117940
vt 0.624607 0.128393
vt 0.624701 0.138809
vt 0.625190 0.149218
vt 0.625205 0.159545
vt 0.625676 0.169913
vt 0.625992 0.180288
vt 0.626068 0.190634
vt 0.626055 0.185465
vt 0.625911 0.200931
vt 0.625470 0.211014
vt 0.624543 0.219209
vt 0.612597 0.210284
vt 0.612987 0.217603
vt 0.612360 0.200521
vt 0.612284 0.190444
vt 0.612210 0.180340
vt 0.612280 0.185408
vt 0.612275 0.170090
vt 0.612494 0.159712
vt 0.612646 0.149273
vt 0.612818 0.138878
vt 0.612618 0.128471
vt 0.612537 0.117957
vt 0.612345 0.107504
vt 0.612128 0.097073
vt 0.611939 0.086657
vt 0.611745 0.076232
vt 0.611657 0.065803
vt 0.611598 0.055376
vt 0.611431 0.044981
vt 0.611328 0.034711
vt 0.611431 0.025001
vt 0.611869 0.016837
vt 0.620879 0.025047
vt 0.620455 0.016901
vt 0.621036 0.034714
vt 0.620974 0.044959
vt 0.620863 0.055346
vt 0.620855 0.065773
vt 0.620849 0.076200
vt 0.620701 0.086624
vt 0.620593 0.097040
vt 0.620458 0.107466
vt 0.620361 0.117916
vt 0.620353 0.128436
vt 0.620270 0.138863
vt 0.620583 0.149256
vt 0.620805 0.159683
vt 0.621145 0.170063
vt 0.621368 0.180324
vt 0.621432 0.190429
vt 0.621356 0.185398
vt 0.621513 0.200501
vt 0.621368 0.210245
vt 0.621045 0.217477
vt 0.635422 0.231032
vt 0.635477 0.229439
vt 0.598464 0.229465
vt 0.598116 0.231066
vt 0.616041 0.220455
vt 0.616842 0.221876
vt 0.616970 0.224049
vt 0.614515 0.222244
vt 0.617111 0.220154
vt 0.615676 0.216768
vt 0.617106 0.216733
vt 0.617092 0.221120
vt 0.617235 0.221827
vt 0.615649 0.209950
vt 0.617114 0.209870
vt 0.618021 0.220393
vt 0.619574 0.222079
vt 0.618386 0.216732
vt 0.618479 0.209930
vt 0.616041 0.010892
vt 0.615385 0.012091
vt 0.612440 0.011550
vt 0.612998 0.009913
vt 0.616291 0.011350
vt 0.616331 0.010711
vt 0.616197 0.012142
vt 0.616071 0.017007
vt 0.615185 0.016997
vt 0.617137 0.012082
vt 0.617115 0.017063
vt 0.619521 0.009977
vt 0.619965 0.011644
vt 0.622782 0.224342
vt 0.621898 0.226377
vt 0.623905 0.008204
vt 0.624201 0.010125
vt 0.601723 0.228531
vt 0.601988 0.230119
vt 0.606481 0.226691
vt 0.607067 0.228576
vt 0.599277 0.004375
vt 0.599174 0.006795
vt 0.603774 0.005951
vt 0.603576 0.008126
vt 0.616426 0.025115
vt 0.614941 0.025098
vt 0.617255 0.025093
vt 0.616469 0.034677
vt 0.614843 0.034702
vt 0.617320 0.034684
vt 0.616425 0.044850
vt 0.614745 0.044901
vt 0.617601 0.044882
vt 0.616426 0.055286
vt 0.614840 0.055317
vt 0.617571 0.055299
vt 0.616454 0.065758
vt 0.614923 0.065772
vt 0.617552 0.065760
vt 0.616489 0.076200
vt 0.615059 0.076212
vt 0.617472 0.076198
vt 0.616500 0.086614
vt 0.615119 0.086629
vt 0.617468 0.086617
vt 0.616546 0.097023
vt 0.615222 0.097037
vt 0.617489 0.097026
vt 0.616567 0.107423
vt 0.615348 0.107452
vt 0.617439 0.107437
vt 0.616340 0.117859
vt 0.615454 0.117892
vt 0.617449 0.117868
vt 0.616336 0.128482
vt 0.615483 0.128485
vt 0.617468 0.128473
vt 0.616414 0.138857
vt 0.615645 0.138859
vt 0.617471 0.138874
vt 0.616491 0.149292
vt 0.615566 0.149286
vt 0.617687 0.149287
vt 0.616518 0.159826
vt 0.615512 0.159799
vt 0.617818 0.159787
vt 0.616530 0.170191
vt 0.615553 0.170172
vt 0.617965 0.170165
vt 0.617043 0.180300
vt 0.615752 0.180297
vt 0.618117 0.180317
vt 0.617112 0.185264
vt 0.615797 0.185272
vt 0.616721 0.190230
vt 0.615665 0.190266
vt 0.618165 0.185314
vt 0.618336 0.190293
vt 0.616807 0.200249
vt 0.615555 0.200306
vt 0.618514 0.200303
vt 0.631989 0.229727
vt 0.632231 0.228325
vt 0.627056 0.228176
vt 0.627495 0.226435
vt 0.611212 0.224567
vt 0.612303 0.226725
vt 0.608478 0.008360
vt 0.608205 0.010032
vt 0.633202 0.007086
vt 0.633288 0.004218
vt 0.628865 0.008251
vt 0.628637 0.005748
vt 0.481784 0.734706
vt 0.480945 0.734526
vt 0.479564 0.727102
vt 0.480293 0.728621
vt 0.530435 0.735336
vt 0.532033 0.729411
vt 0.533243 0.727815
vt 0.531370 0.735090
vt 0.529465 0.745231
vt 0.528547 0.745229
vt 0.483422 0.744776
vt 0.482552 0.744781
vt 0.483254 0.754603
vt 0.482517 0.754591
vt 0.529457 0.754953
vt 0.528671 0.754948
vt 0.483295 0.764257
vt 0.482578 0.764252
vt 0.529264 0.764563
vt 0.528515 0.764556
vt 0.529052 0.774084
vt 0.528301 0.774077
vt 0.483409 0.773813
vt 0.482671 0.773812
vt 0.528825 0.783528
vt 0.528074 0.783513
vt 0.483526 0.783278
vt 0.482812 0.783284
vt 0.528418 0.792974
vt 0.527711 0.792953
vt 0.483833 0.792729
vt 0.483142 0.792741
vt 0.527699 0.802420
vt 0.527061 0.802404
vt 0.484407 0.802187
vt 0.483760 0.802199
vt 0.484739 0.811653
vt 0.484160 0.811662
vt 0.527209 0.811871
vt 0.526620 0.811856
vt 0.485121 0.821109
vt 0.484522 0.821116
vt 0.526745 0.821322
vt 0.526188 0.821309
vt 0.526474 0.830754
vt 0.525916 0.830746
vt 0.485300 0.830544
vt 0.484699 0.830548
vt 0.526340 0.840145
vt 0.525775 0.840136
vt 0.485268 0.839944
vt 0.484697 0.839943
vt 0.526099 0.849515
vt 0.525570 0.849512
vt 0.485485 0.849307
vt 0.484928 0.849305
vt 0.526064 0.858786
vt 0.525555 0.858795
vt 0.485345 0.858570
vt 0.484813 0.858566
vt 0.527067 0.868049
vt 0.526528 0.868063
vt 0.484322 0.867831
vt 0.483738 0.867825
vt 0.482808 0.877192
vt 0.482108 0.877214
vt 0.528546 0.877456
vt 0.527905 0.877455
vt 0.528911 0.886827
vt 0.528282 0.886793
vt 0.482283 0.886582
vt 0.481619 0.886615
vt 0.482923 0.896575
vt 0.482232 0.896584
vt 0.528402 0.896788
vt 0.527721 0.896765
vt 0.482960 0.906247
vt 0.482276 0.906256
vt 0.528276 0.906455
vt 0.527607 0.906438
vt 0.482813 0.915954
vt 0.482112 0.915985
vt 0.528330 0.916172
vt 0.527602 0.916133
vt 0.483054 0.925407
vt 0.482349 0.925755
vt 0.528016 0.925952
vt 0.527255 0.925576
vt 0.486390 0.915757
vt 0.486758 0.924921
vt 0.486326 0.906181
vt 0.486268 0.896531
vt 0.485802 0.886500
vt 0.486221 0.877143
vt 0.487270 0.867846
vt 0.488101 0.858603
vt 0.488326 0.849322
vt 0.488220 0.839940
vt 0.488189 0.830527
vt 0.488097 0.821087
vt 0.487816 0.811631
vt 0.487578 0.802172
vt 0.487338 0.792714
vt 0.487184 0.783262
vt 0.487174 0.773846
vt 0.486955 0.764289
vt 0.486921 0.754668
vt 0.487304 0.744952
vt 0.484679 0.734329
vt 0.524677 0.745370
vt 0.527422 0.734945
vt 0.524992 0.754986
vt 0.524874 0.764550
vt 0.524590 0.774069
vt 0.524437 0.783468
vt 0.524191 0.792903
vt 0.523852 0.802351
vt 0.523532 0.811802
vt 0.523216 0.821256
vt 0.523009 0.830698
vt 0.522853 0.840107
vt 0.522727 0.849504
vt 0.522809 0.858804
vt 0.523572 0.868059
vt 0.524583 0.877371
vt 0.524855 0.886681
vt 0.524366 0.896699
vt 0.524223 0.906343
vt 0.524089 0.915909
vt 0.523659 0.925029
vt 0.491065 0.915577
vt 0.491354 0.924957
vt 0.490994 0.906064
vt 0.490982 0.896528
vt 0.490660 0.886593
vt 0.490938 0.877258
vt 0.491766 0.867982
vt 0.492407 0.858698
vt 0.492644 0.849353
vt 0.492635 0.839948
vt 0.492576 0.830510
vt 0.492507 0.821061
vt 0.492357 0.811604
vt 0.492187 0.802152
vt 0.492087 0.792696
vt 0.492027 0.783262
vt 0.492013 0.773860
vt 0.491792 0.764344
vt 0.491664 0.754789
vt 0.491903 0.744892
vt 0.489451 0.733333
vt 0.520108 0.745278
vt 0.522624 0.733976
vt 0.520273 0.755059
vt 0.520056 0.764555
vt 0.519745 0.774029
vt 0.519625 0.783414
vt 0.519477 0.792837
vt 0.519286 0.802284
vt 0.519017 0.811730
vt 0.518798 0.821186
vt 0.518622 0.830637
vt 0.518452 0.840079
vt 0.518390 0.849494
vt 0.518508 0.858846
vt 0.519050 0.868145
vt 0.519802 0.877440
vt 0.519972 0.886748
vt 0.519630 0.896668
vt 0.519557 0.906191
vt 0.519393 0.915687
vt 0.519072 0.924985
vt 0.495968 0.915410
vt 0.496133 0.924964
vt 0.495897 0.905880
vt 0.495948 0.896505
vt 0.496056 0.887000
vt 0.496348 0.877590
vt 0.496885 0.868209
vt 0.497278 0.858819
vt 0.497439 0.849422
vt 0.497439 0.839992
vt 0.497402 0.830518
vt 0.497353 0.821050
vt 0.497229 0.811589
vt 0.497089 0.802142
vt 0.497022 0.792687
vt 0.496972 0.783257
vt 0.496924 0.773835
vt 0.496760 0.764377
vt 0.496619 0.754905
vt 0.496711 0.744918
vt 0.496220 0.734111
vt 0.515304 0.745227
vt 0.515963 0.734569
vt 0.515307 0.755099
vt 0.515069 0.764518
vt 0.514806 0.773948
vt 0.514656 0.783353
vt 0.514520 0.792775
vt 0.514355 0.802223
vt 0.514128 0.811666
vt 0.513922 0.821126
vt 0.513779 0.830596
vt 0.513646 0.840075
vt 0.513586 0.849513
vt 0.513654 0.858917
vt 0.513930 0.868321
vt 0.514331 0.877711
vt 0.514527 0.887131
vt 0.514654 0.896610
vt 0.514647 0.905964
vt 0.514465 0.915464
vt 0.514249 0.924960
vt 0.500739 0.915089
vt 0.500718 0.924362
vt 0.500741 0.905615
vt 0.500764 0.896366
vt 0.500930 0.887154
vt 0.501090 0.877814
vt 0.501389 0.868387
vt 0.501610 0.858915
vt 0.501692 0.849490
vt 0.501681 0.840038
vt 0.501664 0.830517
vt 0.501644 0.821037
vt 0.501567 0.811577
vt 0.501470 0.802138
vt 0.501432 0.792684
vt 0.501396 0.783241
vt 0.501365 0.773801
vt 0.501293 0.764376
vt 0.501233 0.755027
vt 0.501366 0.745607
vt 0.501916 0.736028
vt 0.510582 0.745773
vt 0.510170 0.736241
vt 0.510622 0.755136
vt 0.510453 0.764443
vt 0.510297 0.773852
vt 0.510164 0.783286
vt 0.510037 0.792723
vt 0.509901 0.802173
vt 0.509721 0.811606
vt 0.509574 0.821068
vt 0.509468 0.830546
vt 0.509364 0.840077
vt 0.509299 0.849545
vt 0.509301 0.858971
vt 0.509394 0.868445
vt 0.509578 0.877891
vt 0.509672 0.887256
vt 0.509800 0.896435
vt 0.509797 0.905648
vt 0.509674 0.915095
vt 0.509637 0.924354
vt 0.526649 0.933127
vt 0.526492 0.931733
vt 0.483875 0.931432
vt 0.483335 0.932867
vt 0.504024 0.928661
vt 0.504689 0.930186
vt 0.501758 0.931636
vt 0.500944 0.929227
vt 0.505322 0.928669
vt 0.504220 0.923796
vt 0.505531 0.923745
vt 0.505268 0.929655
vt 0.505313 0.930548
vt 0.504293 0.914893
vt 0.504957 0.914856
vt 0.506200 0.928947
vt 0.509300 0.929498
vt 0.508861 0.931414
vt 0.506251 0.923822
vt 0.506487 0.914870
vt 0.505541 0.730305
vt 0.505299 0.731585
vt 0.502106 0.730289
vt 0.502226 0.729184
vt 0.506003 0.731955
vt 0.506227 0.730890
vt 0.506334 0.731963
vt 0.505857 0.737593
vt 0.505210 0.737335
vt 0.507120 0.731672
vt 0.506817 0.737478
vt 0.506971 0.730370
vt 0.510373 0.729540
vt 0.510359 0.730478
vt 0.513730 0.930219
vt 0.513480 0.932050
vt 0.516812 0.727451
vt 0.516763 0.728758
vt 0.487250 0.931849
vt 0.487227 0.933152
vt 0.491974 0.931658
vt 0.492128 0.933127
vt 0.482759 0.726337
vt 0.482948 0.728174
vt 0.488212 0.725961
vt 0.488107 0.727501
vt 0.506151 0.746374
vt 0.504647 0.746189
vt 0.507105 0.746276
vt 0.505768 0.755102
vt 0.504502 0.755090
vt 0.507183 0.755123
vt 0.505744 0.764322
vt 0.504466 0.764348
vt 0.507178 0.764356
vt 0.506026 0.773748
vt 0.504416 0.773767
vt 0.507174 0.773774
vt 0.505968 0.783223
vt 0.504410 0.783229
vt 0.507089 0.783238
vt 0.505919 0.792684
vt 0.504408 0.792685
vt 0.507010 0.792693
vt 0.505860 0.802120
vt 0.504393 0.802131
vt 0.506929 0.802133
vt 0.505568 0.811556
vt 0.504435 0.811563
vt 0.506814 0.811566
vt 0.505538 0.821004
vt 0.504438 0.821019
vt 0.506748 0.821020
vt 0.505722 0.830470
vt 0.504411 0.830494
vt 0.506713 0.830492
vt 0.505659 0.840051
vt 0.504398 0.840053
vt 0.506633 0.840063
vt 0.505638 0.849538
vt 0.504402 0.849521
vt 0.506596 0.849547
vt 0.505611 0.859005
vt 0.504365 0.858975
vt 0.506576 0.859000
vt 0.505563 0.868547
vt 0.504284 0.868507
vt 0.506551 0.868521
vt 0.505201 0.877982
vt 0.504195 0.877940
vt 0.506601 0.877965
vt 0.505623 0.887206
vt 0.504368 0.887170
vt 0.506561 0.887233
vt 0.505108 0.896272
vt 0.504409 0.896271
vt 0.506516 0.896339
vt 0.505074 0.905565
vt 0.504388 0.905564
vt 0.506514 0.905576
vt 0.522995 0.932851
vt 0.523038 0.931794
vt 0.518213 0.932726
vt 0.518347 0.931521
vt 0.496605 0.930157
vt 0.496982 0.932352
vt 0.495749 0.727336
vt 0.495632 0.728316
vt 0.529381 0.728967
vt 0.530097 0.726611
vt 0.524266 0.728133
vt 0.524487 0.726093
vt 0.993045 0.323626
vt 0.993777 0.324077
vt 0.992695 0.332406
vt 0.992495 0.330443
vt 0.949781 0.323476
vt 0.950370 0.329983
vt 0.949644 0.332114
vt 0.949034 0.323872
vt 0.947895 0.313284
vt 0.948755 0.313258
vt 0.994119 0.313373
vt 0.994959 0.313416
vt 0.947812 0.302659
vt 0.948573 0.302662
vt 0.994301 0.302737
vt 0.995038 0.302747
vt 0.994182 0.292154
vt 0.994900 0.292155
vt 0.947997 0.292099
vt 0.948724 0.292105
vt 0.948189 0.281639
vt 0.948928 0.281644
vt 0.993981 0.281674
vt 0.994729 0.281670
vt 0.993811 0.271277
vt 0.994551 0.271268
vt 0.948371 0.271258
vt 0.949118 0.271269
vt 0.993443 0.260881
vt 0.994142 0.260869
vt 0.948756 0.260869
vt 0.949467 0.260884
vt 0.992854 0.250464
vt 0.993489 0.250453
vt 0.949416 0.250464
vt 0.950044 0.250476
vt 0.949801 0.240040
vt 0.950390 0.240051
vt 0.992482 0.240027
vt 0.993093 0.240018
vt 0.992064 0.229582
vt 0.992656 0.229569
vt 0.992912 0.234795
vt 0.992308 0.234805
vt 0.950216 0.229587
vt 0.950771 0.229599
vt 0.950526 0.234825
vt 0.949933 0.234811
vt 0.991738 0.219176
vt 0.992315 0.219166
vt 0.950563 0.219182
vt 0.951102 0.219190
vt 0.991638 0.208814
vt 0.992218 0.208807
vt 0.950706 0.208842
vt 0.951251 0.208850
vt 0.991236 0.198491
vt 0.991758 0.198486
vt 0.951069 0.198542
vt 0.951577 0.198544
vt 0.991351 0.188263
vt 0.991868 0.188265
vt 0.950941 0.188329
vt 0.951424 0.188317
vt 0.992491 0.178047
vt 0.993091 0.178048
vt 0.949679 0.178129
vt 0.950232 0.178110
vt 0.948051 0.167789
vt 0.948701 0.167790
vt 0.994011 0.167719
vt 0.994735 0.167686
vt 0.947667 0.157467
vt 0.948304 0.157496
vt 0.994401 0.157364
vt 0.995083 0.157326
vt 0.993620 0.146437
vt 0.994312 0.146421
vt 0.948184 0.146547
vt 0.948868 0.146562
vt 0.948263 0.136013
vt 0.948933 0.136013
vt 0.993486 0.135930
vt 0.994171 0.135929
vt 0.947780 0.125595
vt 0.948493 0.125611
vt 0.993961 0.125569
vt 0.994647 0.125551
vt 0.947040 0.115188
vt 0.947772 0.115579
vt 0.994703 0.115592
vt 0.995380 0.115232
vt 0.990518 0.125750
vt 0.991297 0.116180
vt 0.990085 0.135979
vt 0.990240 0.146560
vt 0.990657 0.157359
vt 0.990357 0.167765
vt 0.989434 0.178035
vt 0.988672 0.188251
vt 0.988542 0.198500
vt 0.988772 0.208843
vt 0.988905 0.219218
vt 0.989149 0.229626
vt 0.989295 0.234849
vt 0.989435 0.240069
vt 0.989721 0.250496
vt 0.990010 0.260912
vt 0.990205 0.271305
vt 0.990364 0.281684
vt 0.990663 0.292153
vt 0.990805 0.302700
vt 0.990474 0.313242
vt 0.989748 0.322876
vt 0.952439 0.313140
vt 0.953107 0.322804
vt 0.952110 0.302639
vt 0.952247 0.292115
vt 0.952548 0.281659
vt 0.952731 0.271295
vt 0.952931 0.260915
vt 0.953207 0.250508
vt 0.953455 0.240089
vt 0.953704 0.229646
vt 0.953570 0.234869
vt 0.953954 0.219234
vt 0.954122 0.208872
vt 0.954289 0.198541
vt 0.954111 0.188289
vt 0.953269 0.178081
vt 0.952188 0.167842
vt 0.951877 0.157508
vt 0.952248 0.146651
vt 0.952342 0.136037
vt 0.951890 0.125773
vt 0.951128 0.116210
vt 0.985780 0.125838
vt 0.986516 0.116269
vt 0.985428 0.136064
vt 0.985584 0.146582
vt 0.985890 0.157242
vt 0.985726 0.167661
vt 0.985112 0.177938
vt 0.984586 0.188190
vt 0.984470 0.198493
vt 0.984603 0.208873
vt 0.984753 0.219274
vt 0.984940 0.229684
vt 0.985024 0.234910
vt 0.985123 0.240124
vt 0.985326 0.250538
vt 0.985442 0.260953
vt 0.985533 0.271344
vt 0.985617 0.281695
vt 0.985943 0.292149
vt 0.986180 0.302649
vt 0.985920 0.313098
vt 0.985296 0.322738
vt 0.956945 0.313002
vt 0.957500 0.322670
vt 0.956699 0.302598
vt 0.956934 0.292120
vt 0.957279 0.281677
vt 0.957377 0.271338
vt 0.957465 0.260955
vt 0.957575 0.250547
vt 0.957757 0.240139
vt 0.957916 0.229701
vt 0.957841 0.234924
vt 0.958103 0.219289
vt 0.958282 0.208892
vt 0.958346 0.198518
vt 0.958202 0.188215
vt 0.957643 0.177966
vt 0.956890 0.167716
vt 0.956664 0.157381
vt 0.956920 0.146658
vt 0.957002 0.136092
vt 0.956649 0.125852
vt 0.955890 0.116324
vt 0.980561 0.125842
vt 0.981049 0.116096
vt 0.980510 0.136195
vt 0.980612 0.146560
vt 0.980701 0.157014
vt 0.980532 0.167377
vt 0.980012 0.177723
vt 0.979679 0.188102
vt 0.979604 0.198472
vt 0.979679 0.208828
vt 0.979821 0.219338
vt 0.979843 0.229720
vt 0.979955 0.234955
vt 0.980151 0.240179
vt 0.980350 0.250564
vt 0.980425 0.260991
vt 0.980527 0.271394
vt 0.980584 0.281729
vt 0.980876 0.292190
vt 0.981147 0.302601
vt 0.981014 0.312876
vt 0.980465 0.322139
vt 0.961838 0.312810
vt 0.962333 0.322004
vt 0.961711 0.302564
vt 0.962012 0.292176
vt 0.962327 0.281724
vt 0.962404 0.271394
vt 0.962499 0.260995
vt 0.962581 0.250570
vt 0.962745 0.240187
vt 0.963052 0.229730
vt 0.962938 0.234959
vt 0.963051 0.219349
vt 0.963251 0.208827
vt 0.963226 0.198492
vt 0.963111 0.188109
vt 0.962775 0.177737
vt 0.962231 0.167378
vt 0.962024 0.157014
vt 0.961924 0.146575
vt 0.961926 0.136206
vt 0.961895 0.125857
vt 0.961418 0.116115
vt 0.975633 0.125997
vt 0.975770 0.116219
vt 0.975655 0.136464
vt 0.975803 0.146733
vt 0.975760 0.156895
vt 0.975483 0.167170
vt 0.975164 0.177581
vt 0.974942 0.188054
vt 0.974920 0.198456
vt 0.974961 0.208730
vt 0.975038 0.219391
vt 0.975073 0.229764
vt 0.975344 0.240212
vt 0.975156 0.234969
vt 0.975516 0.250572
vt 0.975561 0.261008
vt 0.975693 0.271427
vt 0.975826 0.281828
vt 0.975961 0.292264
vt 0.976216 0.302586
vt 0.976103 0.312627
vt 0.975571 0.321301
vt 0.966791 0.312611
vt 0.967330 0.321232
vt 0.966694 0.302577
vt 0.966977 0.292271
vt 0.967155 0.281838
vt 0.967304 0.271432
vt 0.967423 0.261014
vt 0.967504 0.250579
vt 0.967608 0.240213
vt 0.967914 0.229777
vt 0.967817 0.234984
vt 0.967898 0.219414
vt 0.968014 0.208744
vt 0.967924 0.198434
vt 0.967858 0.188048
vt 0.967627 0.177587
vt 0.967298 0.167162
vt 0.966963 0.156855
vt 0.966774 0.146729
vt 0.966783 0.136477
vt 0.966843 0.126018
vt 0.966677 0.116261
vt 0.948406 0.107353
vt 0.948502 0.108955
vt 0.993951 0.109079
vt 0.994530 0.107511
vt 0.972290 0.109717
vt 0.971428 0.107762
vt 0.974839 0.106309
vt 0.975208 0.108278
vt 0.971019 0.109976
vt 0.972193 0.116468
vt 0.970890 0.116472
vt 0.971014 0.108767
vt 0.970664 0.108212
vt 0.972062 0.126101
vt 0.970771 0.126148
vt 0.970186 0.109814
vt 0.967227 0.108423
vt 0.967577 0.107001
vt 0.970178 0.116449
vt 0.970049 0.126140
vt 0.972159 0.328418
vt 0.972399 0.326741
vt 0.975647 0.326603
vt 0.975461 0.328968
vt 0.971515 0.326737
vt 0.971331 0.327812
vt 0.971216 0.326723
vt 0.971567 0.321069
vt 0.972240 0.321102
vt 0.970356 0.326691
vt 0.970642 0.321011
vt 0.970501 0.328380
vt 0.967226 0.328876
vt 0.967174 0.326594
vt 0.962251 0.108100
vt 0.962434 0.106744
vt 0.962612 0.329803
vt 0.962516 0.327190
vt 0.990874 0.109190
vt 0.990847 0.107725
vt 0.985916 0.109058
vt 0.985738 0.107532
vt 0.989514 0.332348
vt 0.989450 0.329809
vt 0.984887 0.331035
vt 0.985017 0.328441
vt 0.971156 0.312406
vt 0.972578 0.312425
vt 0.970466 0.312433
vt 0.971139 0.302619
vt 0.972699 0.302596
vt 0.970443 0.302615
vt 0.971802 0.292361
vt 0.972532 0.292340
vt 0.970534 0.292366
vt 0.971193 0.281925
vt 0.972524 0.281900
vt 0.970529 0.281915
vt 0.971751 0.271460
vt 0.972444 0.271454
vt 0.970610 0.271462
vt 0.971731 0.261019
vt 0.972403 0.261016
vt 0.970635 0.261024
vt 0.971749 0.250605
vt 0.972412 0.250601
vt 0.970673 0.250600
vt 0.971213 0.240219
vt 0.972354 0.240222
vt 0.970610 0.240220
vt 0.971244 0.234991
vt 0.972316 0.234972
vt 0.971679 0.229852
vt 0.972274 0.229834
vt 0.970670 0.234994
vt 0.970714 0.229844
vt 0.971634 0.219475
vt 0.972235 0.219454
vt 0.970668 0.219477
vt 0.971666 0.208758
vt 0.972248 0.208750
vt 0.970719 0.208757
vt 0.971595 0.198458
vt 0.972178 0.198459
vt 0.970637 0.198436
vt 0.971579 0.188010
vt 0.972165 0.188017
vt 0.970597 0.188008
vt 0.971608 0.177470
vt 0.972228 0.177485
vt 0.970565 0.177489
vt 0.971080 0.167076
vt 0.972246 0.167087
vt 0.970427 0.167088
vt 0.970892 0.156936
vt 0.972124 0.156938
vt 0.970168 0.156912
vt 0.971467 0.146911
vt 0.972164 0.146892
vt 0.970059 0.146836
vt 0.970806 0.136537
vt 0.972001 0.136538
vt 0.970070 0.136532
vt 0.951692 0.108102
vt 0.951577 0.109309
vt 0.956710 0.108071
vt 0.956534 0.109283
vt 0.980220 0.108039
vt 0.979975 0.106116
vt 0.980109 0.329729
vt 0.980267 0.327194
vt 0.953315 0.329509
vt 0.953001 0.332398
vt 0.957731 0.328421
vt 0.957792 0.331146
vt 0.929785 0.221543
vt 0.930626 0.221714
vt 0.932082 0.229124
vt 0.931338 0.227613
vt 0.881135 0.221407
vt 0.879597 0.227347
vt 0.878403 0.228956
vt 0.880202 0.221663
vt 0.882004 0.211504
vt 0.882922 0.211496
vt 0.928045 0.211491
vt 0.928915 0.211478
vt 0.928114 0.201664
vt 0.928850 0.201668
vt 0.881913 0.201783
vt 0.882699 0.201780
vt 0.927974 0.192011
vt 0.928691 0.192008
vt 0.882008 0.192173
vt 0.882757 0.192173
vt 0.882123 0.182652
vt 0.882874 0.182651
vt 0.927763 0.182457
vt 0.928501 0.182451
vt 0.882254 0.173207
vt 0.883005 0.173214
vt 0.927549 0.172995
vt 0.928263 0.172982
vt 0.882565 0.163758
vt 0.883272 0.163771
vt 0.927146 0.163548
vt 0.927837 0.163530
vt 0.883188 0.154305
vt 0.883825 0.154315
vt 0.926476 0.154098
vt 0.927122 0.154079
vt 0.926047 0.144637
vt 0.926626 0.144622
vt 0.883581 0.144850
vt 0.884169 0.144859
vt 0.925568 0.135186
vt 0.926167 0.135174
vt 0.883949 0.135395
vt 0.884506 0.135402
vt 0.884124 0.125960
vt 0.884683 0.125963
vt 0.925294 0.125756
vt 0.925894 0.125746
vt 0.884163 0.116567
vt 0.884729 0.116571
vt 0.925230 0.116359
vt 0.925802 0.116354
vt 0.884311 0.107194
vt 0.884840 0.107191
vt 0.924919 0.107004
vt 0.925475 0.107000
vt 0.884255 0.097918
vt 0.884764 0.097904
vt 0.924965 0.097746
vt 0.925497 0.097746
vt 0.883164 0.088657
vt 0.883703 0.088638
vt 0.925896 0.088488
vt 0.926479 0.088488
vt 0.927318 0.079130
vt 0.928018 0.079101
vt 0.881600 0.079254
vt 0.882240 0.079249
vt 0.881154 0.069872
vt 0.881783 0.069900
vt 0.927757 0.069760
vt 0.928421 0.069720
vt 0.927035 0.059813
vt 0.927726 0.059798
vt 0.881586 0.059883
vt 0.882267 0.059899
vt 0.926942 0.050201
vt 0.927626 0.050189
vt 0.881652 0.050186
vt 0.882321 0.050195
vt 0.927075 0.040570
vt 0.927775 0.040538
vt 0.881549 0.040443
vt 0.882277 0.040474
vt 0.926882 0.031193
vt 0.927589 0.030849
vt 0.881812 0.030644
vt 0.882575 0.031012
vt 0.923495 0.040769
vt 0.923173 0.031669
vt 0.923577 0.050281
vt 0.923691 0.059881
vt 0.924239 0.069872
vt 0.923907 0.079210
vt 0.922948 0.088501
vt 0.922209 0.097740
vt 0.922078 0.107017
vt 0.922279 0.116393
vt 0.922406 0.125802
vt 0.922593 0.135239
vt 0.922971 0.144690
vt 0.923305 0.154145
vt 0.923642 0.163599
vt 0.923892 0.173048
vt 0.923998 0.182463
vt 0.924315 0.192016
vt 0.924446 0.201635
vt 0.924162 0.211354
vt 0.926895 0.221950
vt 0.886789 0.211316
vt 0.884151 0.221768
vt 0.886377 0.201705
vt 0.886398 0.192142
vt 0.886585 0.182621
vt 0.886643 0.173222
vt 0.886792 0.163786
vt 0.887035 0.154335
vt 0.887258 0.144882
vt 0.887477 0.135426
vt 0.887589 0.125981
vt 0.887650 0.116570
vt 0.887683 0.107170
vt 0.887509 0.097867
vt 0.886658 0.088612
vt 0.885562 0.079300
vt 0.885209 0.069977
vt 0.885621 0.059930
vt 0.885704 0.050257
vt 0.885791 0.040661
vt 0.886178 0.031519
vt 0.918814 0.040942
vt 0.918573 0.031613
vt 0.918907 0.050410
vt 0.918976 0.059911
vt 0.919380 0.069817
vt 0.919188 0.079136
vt 0.918451 0.088406
vt 0.917903 0.097687
vt 0.917759 0.107028
vt 0.917864 0.116430
vt 0.918019 0.125863
vt 0.918184 0.135310
vt 0.918430 0.144764
vt 0.918696 0.154212
vt 0.918893 0.163665
vt 0.919050 0.173098
vt 0.919159 0.182499
vt 0.919478 0.192011
vt 0.919703 0.201563
vt 0.919565 0.211462
vt 0.922133 0.222994
vt 0.891360 0.211362
vt 0.888958 0.222688
vt 0.891095 0.201585
vt 0.891215 0.192087
vt 0.891430 0.182611
vt 0.891454 0.173227
vt 0.891506 0.163803
vt 0.891601 0.154356
vt 0.891774 0.144908
vt 0.891896 0.135450
vt 0.891976 0.125998
vt 0.892051 0.116554
vt 0.892019 0.107137
vt 0.891808 0.097783
vt 0.891178 0.088483
vt 0.890340 0.079185
vt 0.890088 0.069864
vt 0.890353 0.059918
vt 0.890367 0.050369
vt 0.890487 0.040841
vt 0.890774 0.031521
vt 0.913901 0.041086
vt 0.913781 0.031548
vt 0.914000 0.050600
vt 0.914012 0.059956
vt 0.913982 0.069446
vt 0.913777 0.078847
vt 0.913331 0.088224
vt 0.913032 0.097612
vt 0.912965 0.107006
vt 0.913060 0.116433
vt 0.913194 0.125904
vt 0.913339 0.135370
vt 0.913559 0.144828
vt 0.913795 0.154272
vt 0.913959 0.163725
vt 0.914106 0.173153
vt 0.914250 0.182573
vt 0.914510 0.192029
vt 0.914747 0.201498
vt 0.914757 0.211485
vt 0.915358 0.222285
vt 0.896163 0.211365
vt 0.895612 0.222027
vt 0.896060 0.201494
vt 0.896202 0.192074
vt 0.896369 0.182642
vt 0.896423 0.173237
vt 0.896463 0.163815
vt 0.896532 0.154366
vt 0.896662 0.144923
vt 0.896772 0.135461
vt 0.896818 0.125990
vt 0.896856 0.116510
vt 0.896822 0.107071
vt 0.896660 0.097665
vt 0.896293 0.088260
vt 0.895803 0.078865
vt 0.895525 0.069435
vt 0.895324 0.059940
vt 0.895272 0.050559
vt 0.895415 0.041032
vt 0.895607 0.031518
vt 0.909132 0.041383
vt 0.909166 0.032058
vt 0.909161 0.050868
vt 0.909199 0.060114
vt 0.909109 0.069322
vt 0.909034 0.078659
vt 0.908827 0.088085
vt 0.908700 0.097556
vt 0.908712 0.106979
vt 0.908819 0.116429
vt 0.908932 0.125948
vt 0.909049 0.135426
vt 0.909222 0.144884
vt 0.909415 0.154321
vt 0.909549 0.163773
vt 0.909682 0.173214
vt 0.909809 0.182653
vt 0.909977 0.192076
vt 0.910132 0.201422
vt 0.910095 0.210843
vt 0.909643 0.220426
vt 0.900879 0.210771
vt 0.901388 0.220297
vt 0.900743 0.201409
vt 0.900818 0.192102
vt 0.900878 0.182693
vt 0.900915 0.173259
vt 0.900946 0.163821
vt 0.900985 0.154371
vt 0.901069 0.144937
vt 0.901119 0.135476
vt 0.901129 0.125998
vt 0.901137 0.116466
vt 0.901107 0.106997
vt 0.901011 0.097570
vt 0.900825 0.088096
vt 0.900551 0.078647
vt 0.900373 0.069276
vt 0.900172 0.060086
vt 0.900117 0.050853
vt 0.900208 0.041378
vt 0.900232 0.032115
vt 0.883124 0.023453
vt 0.883293 0.024845
vt 0.926120 0.025192
vt 0.926672 0.023765
vt 0.905847 0.027527
vt 0.904912 0.025767
vt 0.908466 0.024757
vt 0.909003 0.027158
vt 0.904573 0.027740
vt 0.905681 0.032609
vt 0.904369 0.032681
vt 0.904580 0.026761
vt 0.904269 0.026183
vt 0.905584 0.041574
vt 0.904921 0.041611
vt 0.903657 0.027611
vt 0.900546 0.026988
vt 0.901084 0.025042
vt 0.903648 0.032617
vt 0.903393 0.041597
vt 0.906077 0.226185
vt 0.906305 0.224903
vt 0.909510 0.226166
vt 0.909402 0.227272
vt 0.905598 0.224540
vt 0.905385 0.225607
vt 0.905266 0.224535
vt 0.905686 0.218902
vt 0.906336 0.219153
vt 0.904483 0.224834
vt 0.904728 0.219026
vt 0.904646 0.226135
vt 0.901252 0.226999
vt 0.901257 0.226061
vt 0.896122 0.026242
vt 0.896375 0.024411
vt 0.894836 0.229153
vt 0.894871 0.227846
vt 0.922760 0.024764
vt 0.922795 0.023462
vt 0.918064 0.024928
vt 0.917931 0.023457
vt 0.928895 0.229921
vt 0.928687 0.228086
vt 0.923447 0.230353
vt 0.923536 0.228812
vt 0.905303 0.210124
vt 0.906809 0.210294
vt 0.904351 0.210232
vt 0.905598 0.201394
vt 0.906864 0.201393
vt 0.904182 0.201387
vt 0.905528 0.192175
vt 0.906806 0.192136
vt 0.904093 0.192156
vt 0.905150 0.182753
vt 0.906759 0.182717
vt 0.904002 0.182739
vt 0.905111 0.173278
vt 0.906668 0.173257
vt 0.903989 0.173275
vt 0.905064 0.163818
vt 0.906575 0.163803
vt 0.903973 0.163821
vt 0.905026 0.154383
vt 0.906493 0.154357
vt 0.903957 0.154381
vt 0.905222 0.144945
vt 0.906355 0.144928
vt 0.903976 0.144948
vt 0.905156 0.135499
vt 0.906256 0.135473
vt 0.903946 0.135495
vt 0.904876 0.126035
vt 0.906186 0.125998
vt 0.903884 0.126023
vt 0.904841 0.116455
vt 0.906103 0.116441
vt 0.903868 0.116452
vt 0.904766 0.106969
vt 0.906003 0.106975
vt 0.903809 0.106970
vt 0.904699 0.097503
vt 0.905945 0.097521
vt 0.903735 0.097516
vt 0.904653 0.087961
vt 0.905932 0.087990
vt 0.903665 0.087995
vt 0.904924 0.078522
vt 0.905930 0.078557
vt 0.903525 0.078550
vt 0.904420 0.069299
vt 0.905674 0.069327
vt 0.903483 0.069278
vt 0.904860 0.060227
vt 0.905558 0.060225
vt 0.903453 0.060165
vt 0.904833 0.050923
vt 0.905519 0.050923
vt 0.903396 0.050916
vt 0.886787 0.023689
vt 0.886754 0.024747
vt 0.891591 0.023768
vt 0.891468 0.024974
vt 0.913430 0.026382
vt 0.913135 0.024176
vt 0.915897 0.229054
vt 0.916004 0.228073
vt 0.882253 0.227765
vt 0.881561 0.230127
vt 0.887376 0.228547
vt 0.887176 0.230588
vt 0.534364 0.010879
vt 0.533666 0.010653
vt 0.532723 0.003543
vt 0.533275 0.005239
vt 0.583100 0.010912
vt 0.584048 0.005467
vt 0.585033 0.003594
vt 0.583836 0.010671
vt 0.536041 0.020706
vt 0.535180 0.020690
vt 0.534834 0.015683
vt 0.535610 0.015672
vt 0.582275 0.020674
vt 0.581370 0.020685
vt 0.581744 0.015691
vt 0.582573 0.015670
vt 0.536069 0.030474
vt 0.535330 0.030468
vt 0.582241 0.030413
vt 0.581456 0.030414
vt 0.536250 0.040121
vt 0.535531 0.040124
vt 0.582074 0.040047
vt 0.581326 0.040043
vt 0.581797 0.049585
vt 0.581064 0.049578
vt 0.536568 0.049668
vt 0.535842 0.049677
vt 0.537045 0.059128
vt 0.536353 0.059141
vt 0.581334 0.059039
vt 0.580634 0.059026
vt 0.537701 0.068623
vt 0.537086 0.068630
vt 0.580681 0.068531
vt 0.580077 0.068519
vt 0.537594 0.078143
vt 0.537068 0.078150
vt 0.580780 0.078049
vt 0.580283 0.078046
vt 0.580756 0.087436
vt 0.580283 0.087440
vt 0.537609 0.087521
vt 0.537093 0.087531
vt 0.580832 0.096797
vt 0.580349 0.096804
vt 0.537511 0.096883
vt 0.536992 0.096888
vt 0.581430 0.106232
vt 0.580969 0.106233
vt 0.536937 0.106332
vt 0.536422 0.106334
vt 0.537414 0.115747
vt 0.536897 0.115749
vt 0.536520 0.111050
vt 0.537045 0.111048
vt 0.581016 0.115648
vt 0.580541 0.115641
vt 0.580886 0.110941
vt 0.581357 0.110947
vt 0.537757 0.125037
vt 0.537290 0.125036
vt 0.580722 0.124944
vt 0.580260 0.124947
vt 0.537306 0.134202
vt 0.536796 0.134195
vt 0.581222 0.134106
vt 0.580739 0.134118
vt 0.537405 0.143562
vt 0.536905 0.143564
vt 0.581156 0.143471
vt 0.580677 0.143476
vt 0.536982 0.152977
vt 0.536430 0.152992
vt 0.581656 0.152885
vt 0.581160 0.152894
vt 0.582458 0.162332
vt 0.581845 0.162315
vt 0.536328 0.162442
vt 0.535648 0.162465
vt 0.536824 0.172423
vt 0.536135 0.172437
vt 0.535815 0.167431
vt 0.536466 0.167398
vt 0.582204 0.172313
vt 0.581524 0.172293
vt 0.581752 0.167259
vt 0.582419 0.167297
vt 0.537004 0.182124
vt 0.536321 0.182144
vt 0.536285 0.177295
vt 0.536941 0.177283
vt 0.582061 0.182026
vt 0.581393 0.182012
vt 0.581425 0.177162
vt 0.582075 0.177173
vt 0.582084 0.191745
vt 0.581357 0.191711
vt 0.537023 0.191828
vt 0.536321 0.191866
vt 0.537477 0.201266
vt 0.536775 0.201629
vt 0.536524 0.196739
vt 0.537226 0.196664
vt 0.581717 0.201537
vt 0.580961 0.201156
vt 0.581181 0.196542
vt 0.581925 0.196619
vt 0.540824 0.196293
vt 0.541123 0.200645
vt 0.540580 0.191587
vt 0.540376 0.182009
vt 0.540321 0.177209
vt 0.540166 0.172340
vt 0.539867 0.167274
vt 0.539717 0.162356
vt 0.540134 0.152949
vt 0.540303 0.143591
vt 0.540053 0.134248
vt 0.540464 0.125053
vt 0.540151 0.115742
vt 0.539841 0.111032
vt 0.539800 0.106303
vt 0.540259 0.096852
vt 0.540335 0.087488
vt 0.540468 0.078102
vt 0.540806 0.068590
vt 0.540519 0.059102
vt 0.540234 0.049659
vt 0.539903 0.040129
vt 0.539755 0.030530
vt 0.539915 0.020841
vt 0.539029 0.015566
vt 0.537513 0.010990
vt 0.577500 0.020868
vt 0.578331 0.015597
vt 0.579914 0.011001
vt 0.577770 0.030490
vt 0.577693 0.040064
vt 0.577437 0.049584
vt 0.577196 0.059016
vt 0.576957 0.068499
vt 0.577412 0.078022
vt 0.577542 0.087424
vt 0.577585 0.096787
vt 0.578145 0.106217
vt 0.577843 0.115650
vt 0.578120 0.110939
vt 0.577535 0.124977
vt 0.577997 0.134177
vt 0.577828 0.143525
vt 0.578081 0.152881
vt 0.578509 0.162250
vt 0.578166 0.172239
vt 0.578395 0.167170
vt 0.578009 0.181920
vt 0.578063 0.177112
vt 0.577855 0.191499
vt 0.577384 0.200531
vt 0.577643 0.196197
vt 0.545214 0.191349
vt 0.545458 0.196109
vt 0.545851 0.200423
vt 0.545010 0.181831
vt 0.544859 0.172283
vt 0.544948 0.177082
vt 0.544521 0.162433
vt 0.544677 0.167329
vt 0.544757 0.153051
vt 0.545020 0.143733
vt 0.544875 0.134377
vt 0.545111 0.125083
vt 0.544575 0.115720
vt 0.544208 0.106258
vt 0.544256 0.110996
vt 0.544729 0.096810
vt 0.544948 0.087426
vt 0.545055 0.078024
vt 0.545280 0.068525
vt 0.545167 0.059057
vt 0.544985 0.049632
vt 0.544703 0.040143
vt 0.544500 0.030615
vt 0.544615 0.020760
vt 0.542401 0.010389
vt 0.543899 0.014990
vt 0.572824 0.020849
vt 0.573467 0.015124
vt 0.574993 0.010469
vt 0.573054 0.030607
vt 0.572912 0.040104
vt 0.572680 0.049577
vt 0.572538 0.058995
vt 0.572477 0.068461
vt 0.572785 0.077968
vt 0.572919 0.087375
vt 0.573124 0.096754
vt 0.573693 0.106196
vt 0.573390 0.115659
vt 0.573677 0.110932
vt 0.572888 0.125030
vt 0.573184 0.134321
vt 0.573076 0.143688
vt 0.573400 0.153009
vt 0.573677 0.162371
vt 0.573451 0.172220
vt 0.573566 0.167269
vt 0.573379 0.181777
vt 0.573414 0.177023
vt 0.573196 0.191290
vt 0.572649 0.200380
vt 0.573002 0.196012
vt 0.550101 0.191103
vt 0.550250 0.195868
vt 0.550701 0.199934
vt 0.549894 0.181586
vt 0.549831 0.172231
vt 0.549855 0.176905
vt 0.549837 0.162736
vt 0.549831 0.167502
vt 0.550043 0.153331
vt 0.550409 0.143954
vt 0.550432 0.134544
vt 0.550342 0.125142
vt 0.549751 0.115697
vt 0.549425 0.106213
vt 0.549467 0.110956
vt 0.549903 0.096751
vt 0.550147 0.087332
vt 0.550108 0.077916
vt 0.550077 0.068444
vt 0.549985 0.058998
vt 0.549849 0.049577
vt 0.549639 0.040131
vt 0.549446 0.030677
vt 0.549484 0.020743
vt 0.548727 0.010140
vt 0.549419 0.015157
vt 0.567962 0.020852
vt 0.567980 0.015335
vt 0.568621 0.010323
vt 0.568098 0.030690
vt 0.567954 0.040110
vt 0.567783 0.049542
vt 0.567688 0.058956
vt 0.567656 0.068402
vt 0.567673 0.077881
vt 0.567674 0.087299
vt 0.567933 0.096712
vt 0.568479 0.106171
vt 0.568195 0.115661
vt 0.568464 0.110917
vt 0.567653 0.125108
vt 0.567602 0.134516
vt 0.567680 0.143931
vt 0.568068 0.153319
vt 0.568322 0.162733
vt 0.568465 0.172203
vt 0.568393 0.167483
vt 0.568495 0.181562
vt 0.568504 0.176877
vt 0.568295 0.191075
vt 0.567748 0.199979
vt 0.568175 0.195857
vt 0.554867 0.195428
vt 0.554823 0.198929
vt 0.554845 0.190717
vt 0.554705 0.181280
vt 0.554691 0.176644
vt 0.554636 0.172058
vt 0.554675 0.167468
vt 0.554713 0.162860
vt 0.554785 0.153536
vt 0.554977 0.144121
vt 0.555042 0.134663
vt 0.554901 0.125225
vt 0.554523 0.115722
vt 0.554350 0.110943
vt 0.554329 0.106170
vt 0.554591 0.096676
vt 0.554658 0.087242
vt 0.554568 0.077823
vt 0.554464 0.068379
vt 0.554392 0.058938
vt 0.554301 0.049503
vt 0.554177 0.040089
vt 0.554054 0.030751
vt 0.554145 0.021351
vt 0.554295 0.016482
vt 0.554536 0.011776
vt 0.563252 0.021421
vt 0.563011 0.016582
vt 0.562771 0.011896
vt 0.563420 0.030771
vt 0.563338 0.040074
vt 0.563265 0.049479
vt 0.563214 0.058913
vt 0.563206 0.068355
vt 0.563129 0.077804
vt 0.563090 0.087224
vt 0.563182 0.096655
vt 0.563493 0.106145
vt 0.563380 0.115700
vt 0.563511 0.110918
vt 0.563059 0.125215
vt 0.562974 0.134659
vt 0.563077 0.144118
vt 0.563313 0.153548
vt 0.563474 0.162895
vt 0.563628 0.172067
vt 0.563534 0.167503
vt 0.563684 0.181252
vt 0.563655 0.176636
vt 0.563533 0.190690
vt 0.563595 0.199087
vt 0.563531 0.195427
vt 0.580418 0.208333
vt 0.580289 0.206917
vt 0.538272 0.206878
vt 0.537760 0.208331
vt 0.557921 0.202960
vt 0.558253 0.204762
vt 0.555688 0.205913
vt 0.555178 0.203478
vt 0.559366 0.203151
vt 0.558155 0.198866
vt 0.559479 0.198997
vt 0.559333 0.204392
vt 0.558499 0.205122
vt 0.558339 0.194977
vt 0.559599 0.194956
vt 0.558378 0.190501
vt 0.559648 0.190438
vt 0.560193 0.205020
vt 0.560550 0.203174
vt 0.563314 0.203592
vt 0.563040 0.205751
vt 0.560348 0.199028
vt 0.560302 0.195023
vt 0.560362 0.190461
vt 0.558078 0.006020
vt 0.557853 0.007305
vt 0.554650 0.006050
vt 0.554749 0.004931
vt 0.558559 0.007668
vt 0.558767 0.006600
vt 0.558889 0.007673
vt 0.558490 0.013323
vt 0.557838 0.013069
vt 0.559667 0.007373
vt 0.559447 0.013184
vt 0.559498 0.006074
vt 0.562881 0.005201
vt 0.562882 0.006153
vt 0.566919 0.204737
vt 0.566738 0.206734
vt 0.569374 0.003272
vt 0.569293 0.004810
vt 0.541612 0.205945
vt 0.541671 0.207914
vt 0.546635 0.205153
vt 0.546895 0.207324
vt 0.535696 0.002835
vt 0.536056 0.005088
vt 0.541106 0.002705
vt 0.541253 0.004784
vt 0.558798 0.017745
vt 0.557598 0.017483
vt 0.558486 0.022003
vt 0.557454 0.021868
vt 0.559573 0.017575
vt 0.559769 0.021943
vt 0.558577 0.030788
vt 0.557315 0.030788
vt 0.559987 0.030798
vt 0.558628 0.039995
vt 0.557350 0.040032
vt 0.560061 0.040015
vt 0.558979 0.049391
vt 0.557371 0.049434
vt 0.560127 0.049418
vt 0.558715 0.058874
vt 0.557462 0.058893
vt 0.560088 0.058880
vt 0.558759 0.068341
vt 0.557508 0.068350
vt 0.560098 0.068339
vt 0.558773 0.077781
vt 0.557577 0.077790
vt 0.560081 0.077784
vt 0.559044 0.087173
vt 0.557586 0.087192
vt 0.560132 0.087188
vt 0.558824 0.096556
vt 0.557647 0.096597
vt 0.560088 0.096587
vt 0.559040 0.106056
vt 0.557581 0.106106
vt 0.560215 0.106092
vt 0.559047 0.110911
vt 0.557609 0.110938
vt 0.558852 0.115793
vt 0.557659 0.115772
vt 0.560218 0.110918
vt 0.560183 0.115760
vt 0.558894 0.125308
vt 0.557807 0.125286
vt 0.560144 0.125292
vt 0.558935 0.134738
vt 0.557879 0.134720
vt 0.560170 0.134728
vt 0.558928 0.144264
vt 0.557909 0.144229
vt 0.560196 0.144228
vt 0.558918 0.153675
vt 0.557909 0.153645
vt 0.560319 0.153650
vt 0.559420 0.162884
vt 0.558164 0.162864
vt 0.560358 0.162893
vt 0.559523 0.167387
vt 0.558279 0.167364
vt 0.558952 0.171877
vt 0.558259 0.171895
vt 0.560309 0.167433
vt 0.560350 0.171968
vt 0.559595 0.176547
vt 0.558375 0.176532
vt 0.559003 0.181200
vt 0.558327 0.181213
vt 0.560331 0.176563
vt 0.560423 0.181186
vt 0.576843 0.207582
vt 0.576921 0.205816
vt 0.571743 0.206957
vt 0.571893 0.205060
vt 0.551582 0.204681
vt 0.551967 0.206975
vt 0.548181 0.003333
vt 0.548146 0.004668
vt 0.581267 0.005311
vt 0.582021 0.002709
vt 0.576120 0.004968
vt 0.576503 0.002557
vt 0.598453 0.529255
vt 0.557589 0.516163
vt 0.557100 0.517603
vt 0.597758 0.531330
vt 0.603101 0.510129
vt 0.560828 0.502918
vt 0.560573 0.504417
vt 0.602729 0.512284
vt 0.560283 0.505905
vt 0.602321 0.514435
vt 0.559968 0.507387
vt 0.601877 0.516579
vt 0.559629 0.508864
vt 0.601396 0.518715
vt 0.559267 0.510335
vt 0.600879 0.520843
vt 0.558880 0.511801
vt 0.600326 0.522962
vt 0.558471 0.513260
vt 0.599737 0.525071
vt 0.558039 0.514714
vt 0.599112 0.527169
vt 0.556893 0.515932
vt 0.548131 0.513068
vt 0.547702 0.514360
vt 0.556434 0.517370
vt 0.560179 0.502816
vt 0.551121 0.501185
vt 0.550855 0.502525
vt 0.559875 0.504292
vt 0.550575 0.503866
vt 0.559577 0.505763
vt 0.550279 0.505205
vt 0.559264 0.507231
vt 0.549968 0.506541
vt 0.558931 0.508695
vt 0.549823 0.507897
vt 0.558576 0.510151
vt 0.549299 0.509133
vt 0.558186 0.511619
vt 0.548927 0.510451
vt 0.557779 0.513062
vt 0.548538 0.511763
vt 0.557349 0.514501
vt 0.557234 0.516045
vt 0.556800 0.517365
vt 0.560475 0.502986
vt 0.560214 0.504371
vt 0.559921 0.505843
vt 0.559607 0.507317
vt 0.559271 0.508787
vt 0.558912 0.510251
vt 0.558524 0.511717
vt 0.558115 0.513168
vt 0.557684 0.514614
vt 0.545848 0.507463
vt 0.545884 0.506854
vt 0.545609 0.506777
vt 0.545692 0.508191
vt 0.545943 0.508081
vt 0.546154 0.506307
vt 0.546544 0.505819
vt 0.546383 0.505591
vt 0.547090 0.505539
vt 0.547693 0.505376
vt 0.547701 0.505091
vt 0.548302 0.505467
vt 0.548885 0.505690
vt 0.549061 0.505457
vt 0.549327 0.506115
vt 0.549666 0.506633
vt 0.549683 0.507240
vt 0.549592 0.507845
vt 0.549395 0.508420
vt 0.549065 0.508914
vt 0.548515 0.509197
vt 0.547921 0.509353
vt 0.547963 0.509636
vt 0.546722 0.509042
vt 0.546588 0.509279
vt 0.546281 0.508597
vt 0.547757 0.507363
vt 0.559270 0.508787
s 1
usemtl comic
f 4/1/1 31/2/1 396/3/1 707/4/1
f 707/4/1 396/3/1 432/5/2 397/6/2
f 7/7/1 30/8/1 398/9/1 708/10/1
f 708/10/1 398/9/1 31/2/1 4/1/1
f 399/11/3 429/12/4 400/13/5 709/14/5
f 709/14/5 400/13/5 430/15/5 401/16/5
f 10/17/1 29/18/1 402/19/1 710/20/1
f 710/20/1 402/19/1 30/8/1 7/7/1
f 401/16/5 430/15/5 403/21/5 711/22/5
f 711/22/5 403/21/5 431/23/6 404/24/5
f 4/1/1 707/4/1 405/25/1 406/26/1
f 707/4/1 397/6/2 41/27/7 405/25/1
f 7/7/1 708/10/1 407/28/1 408/29/1
f 708/10/1 4/1/1 406/26/1 407/28/1
f 44/30/8 399/11/3 709/14/5 712/31/5
f 712/31/5 709/14/5 401/16/5 43/32/5
f 10/17/1 710/20/1 409/33/1 410/34/1
f 710/20/1 7/7/1 408/29/1 409/33/1
f 43/32/5 401/16/5 711/22/5 713/35/5
f 713/35/5 711/22/5 404/24/5 42/36/6
f 411/37/1 21/38/1 606/39/9 412/40/10
f 22/41/1 411/37/1 412/40/10 8/42/9
f 413/43/1 22/41/1 8/42/9 414/44/9
f 23/45/1 413/43/1 414/44/9 5/46/10
f 415/47/1 23/45/1 5/46/10 416/48/10
f 417/49/7 415/47/1 416/48/10 2/50/11
f 418/51/12 420/52/5 421/53/13 230/54/14
f 422/55/5 420/52/5 418/51/12 231/56/15
f 419/57/16 423/58/5 422/55/5 231/56/15
f 424/59/8 423/58/5 419/57/16 233/60/17
f 411/37/1 425/61/1 25/62/1 21/38/1
f 22/41/1 26/63/1 425/61/1 411/37/1
f 413/43/1 426/64/1 26/63/1 22/41/1
f 23/45/1 27/65/1 426/64/1 413/43/1
f 415/47/1 427/66/1 27/65/1 23/45/1
f 428/67/2 427/66/1 415/47/1 417/49/7
f 420/52/5 400/13/5 429/12/4 421/53/13
f 430/15/5 400/13/5 420/52/5 422/55/5
f 423/58/5 403/21/5 430/15/5 422/55/5
f 431/23/6 403/21/5 423/58/5 424/59/8
f 425/61/1 402/19/1 29/18/1 25/62/1
f 26/63/1 30/8/1 402/19/1 425/61/1
f 426/64/1 398/9/1 30/8/1 26/63/1
f 27/65/1 31/2/1 398/9/1 426/64/1
f 427/66/1 396/3/1 31/2/1 27/65/1
f 432/5/2 396/3/1 427/66/1 428/67/2
f 443/68/1 433/69/1 714/70/1 436/71/1
f 433/69/1 33/72/18 434/73/19 714/70/1
f 714/70/1 434/73/19 14/74/20 435/75/1
f 436/71/1 714/70/1 435/75/1 15/76/1
f 444/77/1 437/78/1 715/79/1 439/80/1
f 437/78/1 443/68/1 436/71/1 715/79/1
f 715/79/1 436/71/1 15/76/1 438/81/1
f 439/80/1 715/79/1 438/81/1 17/82/1
f 445/83/1 440/84/1 716/85/1 442/86/1
f 440/84/1 444/77/1 439/80/1 716/85/1
f 716/85/1 439/80/1 17/82/1 441/87/1
f 442/86/1 716/85/1 441/87/1 19/88/1
f 433/69/1 446/89/1 447/90/21 33/72/18
f 443/68/1 38/91/1 446/89/1 433/69/1
f 437/78/1 448/92/1 38/91/1 443/68/1
f 444/77/1 39/93/1 448/92/1 437/78/1
f 440/84/1 449/94/1 39/93/1 444/77/1
f 40/95/1 449/94/1 440/84/1 445/83/1
f 450/96/5 451/97/5 717/98/22 35/99/23
f 717/98/22 451/97/5 452/100/8 34/101/24
f 453/102/25 454/103/5 718/104/22 36/105/26
f 718/104/22 454/103/5 450/96/5 35/99/23
f 38/91/1 406/26/1 405/25/1 446/89/1
f 446/89/1 405/25/1 41/27/7 447/90/21
f 39/93/1 408/29/1 407/28/1 448/92/1
f 448/92/1 407/28/1 406/26/1 38/91/1
f 410/34/1 409/33/1 449/94/1 40/95/1
f 449/94/1 409/33/1 408/29/1 39/93/1
f 43/32/5 713/35/5 451/97/5 450/96/5
f 451/97/5 713/35/5 42/36/6 452/100/8
f 44/30/8 712/31/5 454/103/5 453/102/25
f 454/103/5 712/31/5 43/32/5 450/96/5
f 460/106/27 45/107/28 720/108/29 719/109/30
f 719/109/30 720/108/29 457/110/31 455/111/32
f 45/112/28 47/113/33 456/114/34 720/115/29
f 720/115/29 456/114/34 109/116/35 457/117/31
f 464/118/36 458/119/37 459/120/38 57/121/39
f 458/119/37 460/106/27 461/122/40 459/120/38
f 47/113/33 46/123/41 462/124/42 721/125/43
f 721/125/43 462/124/42 48/126/44 463/127/45
f 46/128/41 464/118/36 465/129/46 462/130/42
f 462/130/42 465/129/46 49/131/47 48/132/44
f 50/133/48 466/134/49 467/135/50 468/136/51
f 468/136/51 467/135/50 52/137/52 51/138/53
f 466/139/49 469/140/54 470/141/55 467/142/50
f 467/142/50 470/141/55 53/143/56 52/144/52
f 477/145/57 471/146/58 473/147/59 58/148/60
f 471/149/58 53/143/56 472/150/61 473/151/59
f 51/138/53 474/152/62 475/153/63 476/154/64
f 476/154/64 475/153/63 55/155/65 54/156/66
f 474/157/62 477/145/57 478/158/67 475/159/63
f 475/159/63 478/158/67 56/160/68 55/161/65
f 486/162/69 59/163/70 481/164/71 479/165/72
f 59/163/70 297/166/73 480/167/74 481/164/71
f 491/168/75 482/169/76 722/170/77 485/171/78
f 482/169/76 60/172/79 483/173/80 722/170/77
f 722/170/77 483/173/80 64/174/81 484/175/82
f 485/171/78 722/170/77 484/175/82 63/176/83
f 60/172/79 486/162/69 487/177/84 483/173/80
f 483/173/80 487/177/84 65/178/85 64/174/81
f 61/179/86 488/180/87 489/181/88 490/182/89
f 490/182/89 489/181/88 81/183/90 80/184/91
f 488/180/87 491/168/75 492/185/92 489/181/88
f 489/181/88 492/185/92 82/186/93 81/183/90
f 500/187/94 493/188/95 494/189/96 189/190/97
f 493/188/95 67/191/98 496/192/99 494/189/96
f 67/191/98 70/193/100 495/194/101 496/192/99
f 68/195/102 497/196/103 498/197/104 499/198/105
f 499/198/105 498/197/104 74/199/106 73/200/107
f 497/196/103 500/187/94 501/201/108 498/197/104
f 498/197/104 501/201/108 71/202/109 74/199/106
f 70/193/100 69/203/110 502/204/111 723/205/112
f 723/205/112 502/204/111 107/206/113 503/207/114
f 69/203/110 504/208/115 724/209/116 502/204/111
f 504/208/115 68/195/102 505/210/117 724/209/116
f 724/209/116 505/210/117 108/211/118 506/212/119
f 502/204/111 724/209/116 506/212/119 107/206/113
f 600/213/120 507/214/121 509/215/122 188/216/123
f 507/217/121 71/202/109 508/218/124 509/219/122
f 73/200/107 510/220/125 725/221/126 511/222/127
f 511/222/127 725/221/126 513/223/128 105/224/129
f 510/225/125 72/226/130 512/227/131 725/228/126
f 725/228/126 512/227/131 106/229/132 513/230/128
f 303/231/133 514/232/134 516/233/135 79/234/136
f 514/232/134 77/235/137 515/236/138 516/233/135
f 77/235/137 76/237/139 727/238/140 726/239/141
f 726/239/141 727/238/140 519/240/142 517/241/143
f 76/237/139 75/242/144 518/243/145 727/238/140
f 727/238/140 518/243/145 78/244/146 519/240/142
f 80/184/91 520/245/147 521/246/148 522/247/149
f 522/247/149 521/246/148 388/248/150 86/249/151
f 520/250/147 523/251/152 524/252/153 521/253/148
f 521/253/148 524/252/153 532/254/154 388/255/150
f 523/251/152 525/256/155 728/257/156 526/258/157
f 526/258/157 728/257/156 528/259/158 83/260/159
f 525/261/155 82/186/93 527/262/160 728/263/156
f 728/263/156 527/262/160 84/264/161 528/265/158
f 302/266/162 529/267/163 530/268/164 531/269/165
f 531/269/165 530/268/164 88/270/166 87/271/167
f 529/267/163 532/254/154 533/272/168 530/268/164
f 530/268/164 533/272/168 89/273/169 88/270/166
f 535/274/170 534/275/171 536/276/171 256/277/172
f 534/278/171 98/279/173 618/280/174 536/281/171
f 116/282/175 115/283/176 537/284/177 729/285/178
f 729/285/178 537/284/177 118/286/179 538/287/180
f 115/288/176 539/289/181 540/290/182 537/291/177
f 537/291/177 540/290/182 119/292/183 118/293/179
f 367/294/184 117/295/185 731/296/186 730/297/187
f 730/297/187 731/296/186 543/298/188 541/299/189
f 117/295/185 116/282/175 542/300/190 731/296/186
f 731/296/186 542/300/190 129/301/191 543/298/188
f 122/302/192 121/303/193 733/304/194 732/305/195
f 732/305/195 733/304/194 546/306/196 544/307/197
f 121/308/193 120/309/198 545/310/199 733/311/194
f 733/311/194 545/310/199 123/312/200 546/313/196
f 544/307/197 547/314/201 734/315/202 548/316/203
f 548/316/203 734/315/202 550/317/204 130/318/205
f 547/319/201 125/320/206 549/321/207 734/322/202
f 734/322/202 549/321/207 131/323/208 550/324/204
f 128/325/209 127/326/210 736/327/211 735/328/212
f 735/328/212 736/327/211 553/329/213 551/330/212
f 127/331/210 126/332/214 552/333/215 736/334/211
f 736/334/211 552/333/215 138/335/216 553/336/213
f 132/337/217 554/338/218 555/339/219 556/340/220
f 556/340/220 555/339/219 201/341/221 280/342/222
f 554/338/218 557/343/223 558/344/224 555/339/219
f 555/339/219 558/344/224 202/345/225 201/341/221
f 135/346/226 134/347/227 738/348/228 737/349/229
f 737/349/229 738/348/228 561/350/230 559/351/231
f 134/347/227 133/352/232 560/353/233 738/348/228
f 738/348/228 560/353/233 157/354/234 561/350/230
f 139/355/235 562/356/236 563/357/237 564/358/238
f 564/358/238 563/357/237 203/359/239 281/360/240
f 562/356/236 565/361/241 739/362/242 563/357/237
f 565/361/241 142/363/243 566/364/244 739/362/242
f 739/362/242 566/364/244 204/365/245 567/366/246
f 563/357/237 739/362/242 567/366/246 203/359/239
f 141/367/247 568/368/248 740/369/249 570/370/250
f 568/368/248 140/371/251 741/372/252 740/369/249
f 740/369/249 741/372/252 572/373/253 569/374/254
f 570/370/250 740/369/249 569/374/254 178/375/255
f 140/371/251 139/355/235 571/376/256 741/372/252
f 741/372/252 571/376/256 179/377/257 572/373/253
f 142/363/243 573/378/258 742/379/259 574/380/260
f 574/380/260 742/379/259 576/381/261 143/382/262
f 573/378/258 141/367/247 575/383/263 742/379/259
f 742/379/259 575/383/263 144/384/264 576/381/261
f 143/382/262 577/385/265 743/386/266 578/387/267
f 578/387/267 743/386/266 580/388/268 282/389/170
f 577/390/265 663/391/269 579/392/270 743/393/266
f 743/393/266 579/392/270 277/394/271 580/395/268
f 145/396/272 581/397/273 744/398/274 582/399/275
f 582/399/275 744/398/274 584/400/276 176/401/277
f 581/402/273 144/384/264 583/403/278 744/404/274
f 744/404/274 583/403/278 177/405/279 584/406/276
f 592/407/280 585/408/281 745/409/282 586/410/283
f 586/410/283 745/409/282 588/411/284 153/412/285
f 585/408/281 149/413/286 587/414/287 745/409/282
f 745/409/282 587/414/287 154/415/288 588/411/284
f 147/416/289 589/417/290 590/418/291 591/419/292
f 591/419/292 590/418/291 151/420/293 150/421/294
f 589/417/290 592/407/280 593/422/295 590/418/291
f 590/418/291 593/422/295 152/423/296 151/420/293
f 156/424/297 155/425/298 595/426/299 594/427/300
f 155/428/298 157/354/234 339/429/301 595/430/299
f 1/431/302 596/432/303 746/433/304 597/434/305
f 596/432/303 50/133/48 468/136/51 746/433/304
f 746/433/304 468/136/51 51/138/53 476/154/64
f 597/434/305 746/433/304 476/154/64 54/156/66
f 77/235/137 726/239/141 600/213/120 515/236/138
f 517/241/143 598/435/306 600/213/120 726/239/141
f 72/226/130 599/436/307 600/213/120 598/435/306
f 472/150/61 53/143/56 470/141/55 747/437/308
f 747/437/308 470/141/55 469/140/54 601/438/309
f 56/160/68 478/158/67 602/439/310 2/50/11
f 478/158/67 477/145/57 58/148/60 602/439/310
f 89/273/169 533/272/168 748/440/311 603/441/312
f 533/272/168 532/254/154 524/252/153 748/440/311
f 748/440/311 524/252/153 523/251/152 526/258/157
f 603/441/312 748/440/311 526/258/157 83/260/159
f 47/113/33 721/125/43 749/442/313 456/114/34
f 721/125/43 463/127/45 604/443/314 749/442/313
f 749/442/313 604/443/314 11/444/315 605/445/316
f 456/114/34 749/442/313 605/445/316 109/116/35
f 461/122/40 460/106/27 719/109/30 750/446/317
f 750/446/317 719/109/30 455/111/32 606/39/9
f 1/431/302 607/447/318 751/448/319 596/432/303
f 607/447/318 78/244/146 518/243/145 751/448/319
f 751/448/319 518/243/145 75/242/144 608/449/320
f 596/432/303 751/448/319 608/449/320 50/133/48
f 469/140/54 816/450/321 609/451/322 601/438/309
f 816/450/321 303/231/133 79/234/136 609/451/322
f 63/176/83 610/452/323 752/453/324 485/171/78
f 610/452/323 84/264/161 527/262/160 752/453/324
f 752/453/324 527/262/160 82/186/93 492/185/92
f 485/171/78 752/453/324 492/185/92 491/168/75
f 61/179/86 490/182/89 753/454/325 612/455/326
f 490/182/89 80/184/91 522/247/149 753/454/325
f 753/454/325 522/247/149 86/249/151 611/456/327
f 612/455/326 753/454/325 611/456/327 49/131/47
f 463/127/45 815/457/328 754/458/329 604/443/314
f 815/457/328 302/266/162 531/269/165 754/458/329
f 754/458/329 531/269/165 87/271/167 613/459/330
f 604/443/314 754/458/329 613/459/330 11/444/315
f 431/23/6 614/460/331 615/461/332 404/24/5
f 614/460/331 325/462/333 324/463/334 615/461/332
f 256/277/172 616/464/335 617/465/336 535/274/170
f 616/464/335 91/466/337 90/467/338 617/465/336
f 260/468/339 618/280/174 98/279/173 619/469/340
f 32/470/341 620/471/342 621/472/343 3/473/344
f 620/471/342 100/474/345 99/475/346 621/472/343
f 259/476/347 622/477/348 623/478/349 624/479/350
f 622/477/348 32/470/341 3/473/344 623/478/349
f 432/5/2 625/480/351 626/481/352 397/6/2
f 625/480/351 102/482/353 101/483/354 626/481/352
f 94/484/355 97/485/355 627/486/356 755/487/357
f 755/487/357 627/486/356 29/18/1 10/17/1
f 258/488/358 628/489/359 629/490/360 630/491/361
f 628/489/359 95/492/362 92/493/363 629/490/360
f 309/494/32 631/495/32 416/48/10 5/46/10
f 631/495/32 56/160/68 2/50/11 416/48/10
f 6/496/315 632/497/315 756/498/316 634/499/364
f 632/497/315 1/431/302 597/434/305 756/498/316
f 756/498/316 597/434/305 54/156/66 633/500/365
f 634/499/364 756/498/316 633/500/365 66/501/365
f 104/502/366 635/503/367 757/504/318 636/505/368
f 635/503/367 78/244/146 607/447/318 757/504/318
f 757/504/318 607/447/318 1/431/302 632/497/315
f 636/505/368 757/504/318 632/497/315 6/496/315
f 517/241/143 818/506/369 758/507/370 598/435/306
f 818/506/369 310/508/371 637/509/372 758/507/370
f 758/507/370 637/509/372 106/229/132 512/227/131
f 598/435/306 758/507/370 512/227/131 72/226/130
f 68/195/102 499/198/105 759/510/373 505/210/117
f 499/198/105 73/200/107 511/222/127 759/510/373
f 759/510/373 511/222/127 105/224/129 638/511/374
f 505/210/117 759/510/373 638/511/374 108/211/118
f 639/512/375 257/513/376 640/514/377 760/515/378
f 760/515/378 640/514/377 429/12/4 399/11/3
f 328/516/32 641/517/32 414/44/9 8/42/9
f 641/517/32 309/494/32 5/46/10 414/44/9
f 9/518/315 642/519/315 761/520/316 644/521/316
f 642/519/315 6/496/315 634/499/364 761/520/316
f 761/520/316 634/499/364 66/501/365 643/522/365
f 644/521/316 761/520/316 643/522/365 103/523/365
f 110/524/379 645/525/380 762/526/368 646/527/381
f 645/525/380 104/502/366 636/505/368 762/526/368
f 762/526/368 636/505/368 6/496/315 642/519/315
f 646/527/381 762/526/368 642/519/315 9/518/315
f 310/508/371 820/528/382 763/529/383 637/509/372
f 820/528/382 329/530/384 647/531/385 763/529/383
f 763/529/383 647/531/385 112/532/386 648/533/387
f 637/509/372 763/529/383 648/533/387 106/229/132
f 108/211/118 638/511/374 764/534/388 651/535/389
f 638/511/374 105/224/129 649/536/390 764/534/388
f 764/534/388 649/536/390 111/537/391 650/538/392
f 651/535/389 764/534/388 650/538/392 114/539/393
f 455/111/32 652/540/32 412/40/10 606/39/9
f 652/540/32 328/516/32 8/42/9 412/40/10
f 11/444/315 653/541/315 765/542/316 605/445/316
f 653/541/315 9/518/315 644/521/316 765/542/316
f 765/542/316 644/521/316 103/523/365 654/543/365
f 605/445/316 765/542/316 654/543/365 109/116/35
f 87/271/167 655/544/394 766/545/381 613/459/330
f 655/544/394 110/524/379 646/527/381 766/545/381
f 766/545/381 646/527/381 9/518/315 653/541/315
f 613/459/330 766/545/381 653/541/315 11/444/315
f 329/530/384 656/546/395 767/547/396 647/531/385
f 656/546/395 89/273/169 603/441/312 767/547/396
f 767/547/396 603/441/312 83/260/159 657/548/397
f 647/531/385 767/547/396 657/548/397 112/532/386
f 114/539/393 650/538/392 768/549/398 659/550/399
f 650/538/392 111/537/391 658/551/400 768/549/398
f 768/549/398 658/551/400 84/264/161 610/452/323
f 659/550/399 768/549/398 610/452/323 63/176/83
f 13/552/401 660/553/402 769/554/403 662/555/404
f 660/553/402 126/332/214 661/556/405 769/554/403
f 769/554/403 661/556/405 123/312/200 545/310/199
f 662/555/404 769/554/403 545/310/199 120/309/198
f 153/412/285 663/391/269 146/557/406 586/410/283
f 152/423/296 593/422/295 146/557/406 145/396/272
f 592/407/280 586/410/283 146/557/406 593/422/295
f 130/318/205 664/558/407 770/559/408 548/316/203
f 664/558/407 12/560/409 665/561/410 770/559/408
f 770/559/408 665/561/410 122/302/192 732/305/195
f 548/316/203 770/559/408 732/305/195 544/307/197
f 128/325/209 666/562/411 771/563/412 828/564/413
f 666/562/411 14/74/20 667/565/414 771/563/412
f 771/563/412 667/565/414 131/323/208 549/321/207
f 828/564/413 771/563/412 549/321/207 125/320/206
f 164/566/415 668/567/416 669/568/417 838/569/418
f 838/569/418 669/568/417 156/424/297 594/427/300
f 539/289/181 670/570/419 772/571/420 540/290/182
f 670/570/419 180/572/421 671/573/422 772/571/420
f 772/571/420 671/573/422 20/574/423 672/575/424
f 540/290/182 772/571/420 672/575/424 119/292/183
f 541/299/189 673/576/425 773/577/426 730/297/187
f 673/576/425 19/88/1 674/578/427 773/577/426
f 773/577/426 674/578/427 359/579/212 675/580/428
f 730/297/187 773/577/426 675/580/428 367/294/184
f 13/552/401 662/555/404 774/581/429 677/582/430
f 662/555/404 120/309/198 676/583/431 774/581/429
f 774/581/429 676/583/431 147/416/289 591/419/292
f 677/582/430 774/581/429 591/419/292 150/421/294
f 122/302/192 665/561/410 775/584/432 679/585/433
f 665/561/410 12/560/409 678/586/434 775/584/432
f 775/584/432 678/586/434 154/415/288 587/414/287
f 679/585/433 775/584/432 587/414/287 149/413/286
f 136/587/435 680/588/436 776/589/437 682/590/438
f 680/588/436 135/346/226 737/349/229 776/589/437
f 776/589/437 737/349/229 559/351/231 681/591/439
f 682/590/438 776/589/437 681/591/439 158/592/440
f 560/353/233 133/352/232 538/287/180 827/593/441
f 157/354/234 560/353/233 827/593/441 339/429/301
f 119/292/183 672/575/424 777/594/442 685/595/443
f 672/575/424 20/574/423 683/596/444 777/594/442
f 777/594/442 683/596/444 162/597/445 684/598/446
f 685/595/443 777/594/442 684/598/446 161/599/447
f 686/600/448 619/469/340 98/279/173 687/601/173
f 688/602/449 3/473/344 621/472/343 778/603/450
f 778/603/450 621/472/343 99/475/346 165/604/451
f 689/605/452 624/479/350 623/478/349 779/606/453
f 779/606/453 623/478/349 3/473/344 688/602/449
f 397/6/2 626/481/352 690/607/454 41/27/7
f 626/481/352 101/483/354 166/608/455 690/607/454
f 691/609/456 94/484/355 755/487/357 780/610/356
f 780/610/356 755/487/357 10/17/1 410/34/1
f 692/611/457 630/491/361 629/490/360 781/612/458
f 781/612/458 629/490/360 92/493/363 167/613/459
f 42/36/6 404/24/5 615/461/332 782/614/460
f 782/614/460 615/461/332 324/463/334 169/615/461
f 693/616/336 694/617/462 535/274/170 617/465/336
f 171/618/463 693/616/336 617/465/336 90/467/338
f 551/330/212 695/619/464 783/620/464 735/328/212
f 695/619/464 15/76/1 435/75/1 783/620/464
f 783/620/464 435/75/1 14/74/20 666/562/411
f 735/328/212 783/620/464 666/562/411 128/325/209
f 16/621/465 696/622/466 784/623/467 697/624/468
f 696/622/466 138/335/216 552/333/215 784/623/467
f 784/623/467 552/333/215 126/332/214 660/553/402
f 697/624/468 784/623/467 660/553/402 13/552/401
f 173/625/469 698/626/470 785/627/471 699/628/472
f 698/626/470 16/621/465 697/624/468 785/627/471
f 785/627/471 697/624/468 13/552/401 677/582/430
f 699/628/472 785/627/471 677/582/430 150/421/294
f 152/423/296 145/396/272 582/399/275 700/629/473
f 700/629/473 582/399/275 176/401/277 175/630/474
f 141/367/247 570/370/250 786/631/475 575/383/263
f 570/370/250 178/375/255 701/632/476 786/631/475
f 786/631/475 701/632/476 177/405/279 583/403/278
f 575/383/263 786/631/475 583/403/278 144/384/264
f 702/633/477 639/512/375 760/515/378 787/634/478
f 787/634/478 760/515/378 399/11/3 44/30/8
f 349/635/212 703/636/427 788/637/427 834/638/212
f 703/636/427 17/82/1 438/81/1 788/637/427
f 788/637/427 438/81/1 15/76/1 695/619/464
f 834/638/212 788/637/427 695/619/464 551/330/212
f 18/639/479 704/640/467 789/641/480 706/642/481
f 704/640/467 172/643/482 705/644/483 789/641/480
f 789/641/480 705/644/483 138/335/216 696/622/466
f 706/642/481 789/641/480 696/622/466 16/621/465
f 181/645/484 216/646/485 790/647/486 217/648/487
f 216/646/485 18/639/479 706/642/481 790/647/486
f 790/647/486 706/642/481 16/621/465 698/626/470
f 217/648/487 790/647/486 698/626/470 173/625/469
f 175/630/474 176/401/277 218/649/488 219/650/489
f 219/650/489 218/649/488 184/651/490 183/652/491
f 178/375/255 220/653/492 791/654/493 701/632/476
f 220/653/492 186/655/494 221/656/495 791/654/493
f 791/654/493 221/656/495 185/657/496 222/658/497
f 701/632/476 791/654/493 222/658/497 177/405/279
f 359/579/212 674/578/427 792/659/464 840/660/212
f 674/578/427 19/88/1 441/87/1 792/659/464
f 792/659/464 441/87/1 17/82/1 703/636/427
f 840/660/212 792/659/464 703/636/427 349/635/212
f 20/574/423 671/573/422 793/661/498 224/662/499
f 671/573/422 180/572/421 223/663/500 793/661/498
f 793/661/498 223/663/500 172/643/482 704/640/467
f 224/662/499 793/661/498 704/640/467 18/639/479
f 162/597/445 683/596/444 794/664/501 225/665/502
f 683/596/444 20/574/423 224/662/499 794/664/501
f 794/664/501 224/662/499 18/639/479 216/646/485
f 225/665/502 794/664/501 216/646/485 181/645/484
f 183/652/491 184/651/490 226/666/503 845/667/504
f 845/667/504 226/666/503 668/567/416 164/566/415
f 186/655/494 227/668/505 795/669/506 221/656/495
f 227/668/505 136/587/435 682/590/438 795/669/506
f 795/669/506 682/590/438 158/592/440 228/670/507
f 221/656/495 795/669/506 228/670/507 185/657/496
f 508/218/124 71/202/109 501/201/108 796/671/508
f 796/671/508 501/201/108 500/187/94 189/190/97
f 229/672/509 495/194/101 70/193/100 723/205/112
f 230/54/14 229/672/509 723/205/112 503/207/114
f 418/51/12 230/54/14 503/207/114 823/673/510
f 231/56/15 418/51/12 823/673/510 333/674/511
f 419/57/16 231/56/15 333/674/511 232/675/512
f 233/60/17 419/57/16 232/675/512 65/178/85
f 65/178/85 487/177/84 234/676/513 233/60/17
f 487/177/84 486/162/69 479/165/72 234/676/513
f 480/167/74 297/166/73 814/677/514 797/678/515
f 797/678/515 814/677/514 57/121/39 190/679/516
f 235/680/517 236/681/518 461/122/40 750/446/317
f 21/38/1 235/680/517 750/446/317 606/39/9
f 2/50/11 602/439/310 237/682/519 417/49/7
f 602/439/310 58/148/60 191/683/520 237/682/519
f 472/150/61 747/437/308 238/684/521 239/685/522
f 747/437/308 601/438/309 24/686/523 238/684/521
f 601/438/309 609/451/322 240/687/342 24/686/523
f 609/451/322 79/234/136 192/688/524 240/687/342
f 515/236/138 600/213/120 188/216/123 241/689/525
f 508/218/124 796/671/508 242/690/335 243/691/172
f 796/671/508 189/190/97 194/692/526 242/690/335
f 495/194/101 229/672/509 244/693/527 245/694/528
f 229/672/509 230/54/14 421/53/13 244/693/527
f 424/59/8 233/60/17 234/676/513 246/695/529
f 234/676/513 479/165/72 372/696/530 246/695/529
f 480/167/74 797/678/515 247/697/531 248/698/532
f 797/678/515 190/679/516 195/699/533 247/697/531
f 236/681/518 235/680/517 249/700/517 250/701/534
f 235/680/517 21/38/1 25/62/1 249/700/517
f 428/67/2 417/49/7 237/682/519 251/702/535
f 237/682/519 191/683/520 196/703/536 251/702/535
f 239/685/522 238/684/521 252/704/537 253/705/538
f 238/684/521 24/686/523 28/706/539 252/704/537
f 28/706/539 24/686/523 240/687/342 254/707/540
f 240/687/342 192/688/524 197/708/541 254/707/540
f 241/689/525 188/216/123 193/709/542 255/710/543
f 243/691/172 242/690/335 616/464/335 256/277/172
f 242/690/335 194/692/526 91/466/337 616/464/335
f 245/694/528 244/693/527 640/514/377 257/513/376
f 244/693/527 421/53/13 429/12/4 640/514/377
f 431/23/6 424/59/8 246/695/529 614/460/331
f 246/695/529 372/696/530 325/462/333 614/460/331
f 248/698/532 247/697/531 628/489/359 258/488/358
f 247/697/531 195/699/533 95/492/362 628/489/359
f 250/701/534 249/700/517 627/486/356 97/485/355
f 249/700/517 25/62/1 29/18/1 627/486/356
f 432/5/2 428/67/2 251/702/535 625/480/351
f 251/702/535 196/703/536 102/482/353 625/480/351
f 253/705/538 252/704/537 622/477/348 259/476/347
f 252/704/537 28/706/539 32/470/341 622/477/348
f 32/470/341 28/706/539 254/707/540 620/471/342
f 254/707/540 197/708/541 100/474/345 620/471/342
f 255/710/543 193/709/542 618/280/174 260/468/339
f 153/412/285 261/711/544 579/392/270 663/391/269
f 261/711/544 276/712/545 277/394/271 579/392/270
f 12/560/409 262/713/546 798/714/547 678/586/434
f 262/713/546 278/715/548 808/716/549 798/714/547
f 798/714/547 808/716/549 198/717/550 263/718/551
f 678/586/434 798/714/547 263/718/551 154/415/288
f 130/318/205 264/719/552 799/720/553 664/558/407
f 264/719/552 279/721/554 809/722/555 799/720/553
f 799/720/553 809/722/555 278/715/548 262/713/546
f 664/558/407 799/720/553 262/713/546 12/560/409
f 33/72/18 265/723/556 800/724/557 434/73/19
f 265/723/556 199/725/558 266/726/559 800/724/557
f 800/724/557 266/726/559 131/323/208 667/565/414
f 434/73/19 800/724/557 667/565/414 14/74/20
f 541/299/189 830/727/560 801/728/561 673/576/425
f 830/727/560 341/729/562 810/730/561 801/728/561
f 801/728/561 810/730/561 445/83/1 442/86/1
f 673/576/425 801/728/561 442/86/1 19/88/1
f 132/337/217 556/340/220 802/731/563 268/732/564
f 556/340/220 280/342/222 811/733/565 802/731/563
f 802/731/563 811/733/565 200/734/566 267/735/567
f 268/732/564 802/731/563 267/735/567 129/301/191
f 137/736/568 269/737/569 803/738/570 270/739/571
f 269/737/569 34/101/24 812/740/572 803/738/570
f 803/738/570 812/740/572 202/345/225 558/344/224
f 270/739/571 803/738/570 558/344/224 557/343/223
f 187/741/573 271/742/574 804/743/575 272/744/576
f 271/742/574 35/99/23 717/98/22 804/743/575
f 804/743/575 717/98/22 34/101/24 269/737/569
f 272/744/576 804/743/575 269/737/569 137/736/568
f 179/377/257 273/745/577 805/746/578 274/747/579
f 273/745/577 36/105/26 718/104/22 805/746/578
f 805/746/578 718/104/22 35/99/23 271/742/574
f 274/747/579 805/746/578 271/742/574 187/741/573
f 139/355/235 564/358/238 806/748/580 571/376/256
f 564/358/238 281/360/240 813/749/581 806/748/580
f 806/748/580 813/749/581 36/105/26 273/745/577
f 571/376/256 806/748/580 273/745/577 179/377/257
f 142/363/243 574/380/260 807/750/582 566/364/244
f 574/380/260 143/382/262 578/387/267 807/750/582
f 807/750/582 578/387/267 282/389/170 275/751/583
f 566/364/244 807/750/582 275/751/583 204/365/245
f 277/394/271 276/712/545 206/752/584 283/753/542
f 808/716/549 278/715/548 37/754/585 284/755/586
f 285/756/587 198/717/550 808/716/549 284/755/586
f 809/722/555 279/721/554 207/757/588 286/758/589
f 37/754/585 278/715/548 809/722/555 286/758/589
f 265/723/556 33/72/18 447/90/21 287/759/590
f 288/760/591 199/725/558 265/723/556 287/759/590
f 810/730/561 341/729/562 380/761/592 289/762/593
f 40/95/1 445/83/1 810/730/561 289/762/593
f 811/733/565 280/342/222 208/763/594 290/764/595
f 291/765/596 200/734/566 811/733/565 290/764/595
f 812/740/572 34/101/24 452/100/8 292/766/597
f 293/767/598 202/345/225 812/740/572 292/766/597
f 813/749/581 281/360/240 209/768/599 294/769/600
f 453/102/25 36/105/26 813/749/581 294/769/600
f 275/751/583 282/389/170 205/770/170 295/771/336
f 296/772/601 204/365/245 275/751/583 295/771/336
f 283/753/542 206/752/584 686/600/448 687/601/173
f 284/755/586 37/754/585 688/602/449 778/603/450
f 285/756/587 284/755/586 778/603/450 165/604/451
f 286/758/589 207/757/588 689/605/452 779/606/453
f 688/602/449 37/754/585 286/758/589 779/606/453
f 288/760/591 287/759/590 690/607/454 166/608/455
f 287/759/590 447/90/21 41/27/7 690/607/454
f 289/762/593 380/761/592 691/609/456 780/610/356
f 410/34/1 40/95/1 289/762/593 780/610/356
f 290/764/595 208/763/594 692/611/457 781/612/458
f 291/765/596 290/764/595 781/612/458 167/613/459
f 292/766/597 452/100/8 42/36/6 782/614/460
f 293/767/598 292/766/597 782/614/460 169/615/461
f 294/769/600 209/768/599 702/633/477 787/634/478
f 44/30/8 453/102/25 294/769/600 787/634/478
f 296/772/601 295/771/336 693/616/336 171/618/463
f 295/771/336 205/770/170 694/617/462 693/616/336
f 62/773/602 298/774/603 814/677/514 297/166/73
f 61/179/86 612/455/326 814/677/514 298/774/603
f 49/131/47 465/129/46 814/677/514 612/455/326
f 464/118/36 57/121/39 814/677/514 465/129/46
f 132/337/217 268/732/564 299/775/604 300/776/605
f 129/301/191 542/300/190 299/775/604 268/732/564
f 116/282/175 729/285/178 299/775/604 542/300/190
f 538/287/180 133/352/232 299/775/604 729/285/178
f 463/127/45 48/126/44 301/777/606 815/457/328
f 815/457/328 301/777/606 85/778/607 302/266/162
f 48/132/44 49/131/47 611/456/327 301/779/606
f 301/779/606 611/456/327 86/249/151 85/780/607
f 469/140/54 466/139/49 817/781/608 816/450/321
f 816/450/321 817/781/608 304/782/609 303/231/133
f 466/134/49 50/133/48 608/449/320 817/783/608
f 817/783/608 608/449/320 75/242/144 304/784/609
f 57/121/39 459/120/38 305/785/610 190/679/516
f 459/120/38 461/122/40 236/681/518 305/785/610
f 58/148/60 473/147/59 306/786/611 191/683/520
f 473/151/59 472/150/61 239/685/522 306/787/611
f 54/156/66 55/155/65 307/788/612 633/500/365
f 633/500/365 307/788/612 308/789/612 66/501/365
f 55/161/65 56/160/68 631/495/32 307/790/612
f 307/790/612 631/495/32 309/494/32 308/791/612
f 517/241/143 519/240/142 819/792/613 818/506/369
f 818/506/369 819/792/613 311/793/614 310/508/371
f 519/240/142 78/244/146 635/503/367 819/792/613
f 819/792/613 635/503/367 104/502/366 311/793/614
f 79/234/136 516/233/135 312/794/615 192/688/524
f 516/233/135 515/236/138 241/689/525 312/794/615
f 639/512/375 313/795/616 314/796/617 257/513/376
f 315/797/618 90/467/338 91/466/337 316/798/619
f 313/795/616 315/797/618 316/798/619 314/796/617
f 94/484/355 93/799/620 96/800/621 97/485/355
f 93/799/620 92/493/363 95/492/362 96/800/621
f 98/279/173 534/278/171 317/801/171 687/601/173
f 534/275/171 535/274/170 694/617/462 317/802/171
f 619/469/340 318/803/622 319/804/623 260/468/339
f 318/803/622 99/475/346 100/474/345 319/804/623
f 624/479/350 320/805/624 321/806/625 259/476/347
f 320/807/624 101/483/354 102/482/353 321/808/625
f 630/491/361 322/809/626 323/810/627 258/488/358
f 322/809/626 324/463/334 325/462/333 323/810/627
f 66/501/365 308/789/612 326/811/612 643/522/365
f 643/522/365 326/811/612 327/812/612 103/523/365
f 308/791/612 309/494/32 641/517/32 326/813/612
f 326/813/612 641/517/32 328/516/32 327/814/612
f 310/508/371 311/793/614 821/815/628 820/528/382
f 820/528/382 821/815/628 330/816/629 329/530/384
f 311/793/614 104/502/366 645/525/380 821/815/628
f 821/815/628 645/525/380 110/524/379 330/816/629
f 105/224/129 513/223/128 822/817/630 649/536/390
f 649/536/390 822/817/630 331/818/631 111/537/391
f 513/230/128 106/229/132 648/533/387 822/819/630
f 822/819/630 648/533/387 112/532/386 331/820/631
f 503/207/114 107/206/113 332/821/632 823/673/510
f 823/673/510 332/821/632 113/822/633 333/674/511
f 107/206/113 506/212/119 824/823/634 332/821/632
f 506/212/119 108/211/118 651/535/389 824/823/634
f 824/823/634 651/535/389 114/539/393 334/824/635
f 332/821/632 824/823/634 334/824/635 113/822/633
f 103/523/365 327/812/612 335/825/636 654/543/365
f 654/543/365 335/825/636 457/117/31 109/116/35
f 327/814/612 328/516/32 652/540/32 335/826/636
f 335/826/636 652/540/32 455/111/32 457/110/31
f 87/271/167 88/270/166 336/827/637 655/544/394
f 655/544/394 336/827/637 330/816/629 110/524/379
f 88/270/166 89/273/169 656/546/395 336/827/637
f 336/827/637 656/546/395 329/530/384 330/816/629
f 83/260/159 528/259/158 825/828/638 657/548/397
f 657/548/397 825/828/638 331/820/631 112/532/386
f 528/265/158 84/264/161 658/551/400 825/829/638
f 825/829/638 658/551/400 111/537/391 331/818/631
f 63/176/83 484/175/82 826/830/639 659/550/399
f 484/175/82 64/174/81 337/831/640 826/830/639
f 826/830/639 337/831/640 113/822/633 334/824/635
f 659/550/399 826/830/639 334/824/635 114/539/393
f 64/174/81 65/178/85 232/675/512 337/831/640
f 337/831/640 232/675/512 333/674/511 113/822/633
f 538/287/180 118/286/179 338/832/641 827/593/441
f 827/593/441 338/832/641 160/833/642 339/429/301
f 118/293/179 119/292/183 685/595/443 338/834/641
f 338/834/641 685/595/443 161/599/447 160/835/642
f 120/309/198 121/308/193 340/836/643 676/583/431
f 676/583/431 340/836/643 148/837/644 147/416/289
f 121/303/193 122/302/192 679/585/433 340/838/643
f 340/838/643 679/585/433 149/413/286 148/839/644
f 125/320/206 124/840/645 829/841/646 828/564/413
f 828/564/413 829/841/646 127/326/210 128/325/209
f 124/842/645 123/312/200 661/556/405 829/843/646
f 829/843/646 661/556/405 126/332/214 127/331/210
f 541/299/189 543/298/188 831/844/647 830/727/560
f 830/727/560 831/844/647 342/845/648 341/729/562
f 543/298/188 129/301/191 267/735/567 831/844/647
f 831/844/647 267/735/567 200/734/566 342/845/648
f 130/318/205 550/317/204 832/846/649 264/719/552
f 264/719/552 832/846/649 343/847/650 279/721/554
f 550/324/204 131/323/208 266/726/559 832/848/649
f 832/848/649 266/726/559 199/725/558 343/849/650
f 557/343/223 344/850/651 345/851/652 270/739/571
f 270/739/571 345/851/652 346/852/653 137/736/568
f 344/850/651 347/853/654 833/854/655 345/851/652
f 347/853/654 135/346/226 680/588/436 833/854/655
f 833/854/655 680/588/436 136/587/435 348/855/656
f 345/851/652 833/854/655 348/855/656 346/852/653
f 551/330/212 553/329/213 835/856/657 834/638/212
f 834/638/212 835/856/657 350/857/658 349/635/212
f 553/336/213 138/335/216 705/644/483 835/858/657
f 835/858/657 705/644/483 172/643/482 350/859/658
f 150/421/294 151/420/293 351/860/659 699/628/472
f 699/628/472 351/860/659 174/861/660 173/625/469
f 151/420/293 152/423/296 700/629/473 351/860/659
f 351/860/659 700/629/473 175/630/474 174/861/660
f 153/412/285 588/411/284 836/862/661 261/711/544
f 261/711/544 836/862/661 352/863/662 276/712/545
f 588/411/284 154/415/288 263/718/551 836/862/661
f 836/862/661 263/718/551 198/717/550 352/863/662
f 559/351/231 353/864/663 837/865/664 681/591/439
f 681/591/439 837/865/664 354/866/665 158/592/440
f 353/867/663 156/424/297 669/568/417 837/868/664
f 837/868/664 669/568/417 668/567/416 354/869/665
f 594/427/300 159/870/666 839/871/667 838/569/418
f 838/569/418 839/871/667 163/872/668 164/566/415
f 159/870/666 161/599/447 684/598/446 839/871/667
f 839/871/667 684/598/446 162/597/445 163/872/668
f 99/475/346 318/803/622 355/873/669 165/604/451
f 318/803/622 619/469/340 686/600/448 355/873/669
f 101/483/354 320/807/624 356/874/670 166/608/455
f 320/805/624 624/479/350 689/605/452 356/875/670
f 92/493/363 93/799/620 357/876/671 167/613/459
f 93/799/620 94/484/355 691/609/456 357/876/671
f 324/463/334 322/809/626 168/877/672 169/615/461
f 322/809/626 630/491/361 692/611/457 168/877/672
f 90/467/338 315/797/618 358/878/673 171/618/463
f 315/797/618 313/795/616 170/879/674 358/878/673
f 313/795/616 639/512/375 702/633/477 170/879/674
f 349/635/212 350/857/658 841/880/675 840/660/212
f 840/660/212 841/880/675 360/881/676 359/579/212
f 350/859/658 172/643/482 223/663/500 841/882/675
f 841/882/675 223/663/500 180/572/421 360/883/676
f 173/625/469 174/861/660 361/884/677 217/648/487
f 217/648/487 361/884/677 182/885/678 181/645/484
f 174/861/660 175/630/474 219/650/489 361/884/677
f 361/884/677 219/650/489 183/652/491 182/885/678
f 176/401/277 584/400/276 842/886/679 218/649/488
f 218/649/488 842/886/679 362/887/680 184/651/490
f 584/406/276 177/405/279 222/658/497 842/888/679
f 842/888/679 222/658/497 185/657/496 362/889/680
f 178/375/255 569/374/254 843/890/681 220/653/492
f 569/374/254 572/373/253 844/891/682 843/890/681
f 843/890/681 844/891/682 364/892/683 363/893/684
f 220/653/492 843/890/681 363/893/684 186/655/494
f 572/373/253 179/377/257 274/747/579 844/891/682
f 844/891/682 274/747/579 187/741/573 364/892/683
f 539/289/181 365/894/685 366/895/686 670/570/419
f 670/570/419 366/895/686 360/883/676 180/572/421
f 365/896/685 367/294/184 675/580/428 366/897/686
f 366/897/686 675/580/428 359/579/212 360/881/676
f 164/566/415 163/872/668 846/898/687 845/667/504
f 845/667/504 846/898/687 182/885/678 183/652/491
f 163/872/668 162/597/445 225/665/502 846/898/687
f 846/898/687 225/665/502 181/645/484 182/885/678
f 158/592/440 354/866/665 847/899/688 228/670/507
f 228/670/507 847/899/688 362/889/680 185/657/496
f 354/869/665 668/567/416 226/666/503 847/900/688
f 847/900/688 226/666/503 184/651/490 362/887/680
f 137/736/568 346/852/653 368/901/689 272/744/576
f 272/744/576 368/901/689 364/892/683 187/741/573
f 346/852/653 348/855/656 848/902/690 368/901/689
f 348/855/656 136/587/435 227/668/505 848/902/690
f 848/902/690 227/668/505 186/655/494 363/893/684
f 368/901/689 848/902/690 363/893/684 364/892/683
f 193/709/542 188/216/123 509/215/122 369/903/691
f 509/219/122 508/218/124 243/691/172 369/904/691
f 194/692/526 189/190/97 494/189/96 370/905/692
f 494/189/96 496/192/99 371/906/693 370/905/692
f 496/192/99 495/194/101 245/694/528 371/906/693
f 479/165/72 481/164/71 373/907/694 372/696/530
f 481/164/71 480/167/74 248/698/532 373/907/694
f 195/699/533 190/679/516 305/785/610 374/908/695
f 374/908/695 305/785/610 236/681/518 250/701/534
f 196/703/536 191/683/520 306/786/611 375/909/696
f 306/787/611 239/685/522 253/705/538 375/910/696
f 197/708/541 192/688/524 312/794/615 376/911/697
f 312/794/615 241/689/525 255/710/543 376/911/697
f 618/280/174 193/709/542 369/903/691 536/281/171
f 369/904/691 243/691/172 256/277/172 536/276/171
f 91/466/337 194/692/526 370/905/692 316/798/619
f 370/905/692 371/906/693 314/796/617 316/798/619
f 314/796/617 371/906/693 245/694/528 257/513/376
f 325/462/333 372/696/530 373/907/694 323/810/627
f 323/810/627 373/907/694 248/698/532 258/488/358
f 95/492/362 195/699/533 374/908/695 96/800/621
f 374/908/695 250/701/534 97/485/355 96/800/621
f 102/482/353 196/703/536 375/909/696 321/808/625
f 375/910/696 253/705/538 259/476/347 321/806/625
f 100/474/345 197/708/541 376/911/697 319/804/623
f 376/911/697 255/710/543 260/468/339 319/804/623
f 282/389/170 580/388/268 377/912/691 205/770/170
f 580/395/268 277/394/271 283/753/542 377/913/691
f 276/712/545 352/863/662 378/914/698 206/752/584
f 352/863/662 198/717/550 285/756/587 378/914/698
f 279/721/554 343/847/650 379/915/699 207/757/588
f 343/849/650 199/725/558 288/760/591 379/916/699
f 341/729/562 342/845/648 381/917/700 380/761/592
f 342/845/648 200/734/566 291/765/596 381/917/700
f 280/342/222 201/341/221 382/918/701 208/763/594
f 201/341/221 202/345/225 293/767/598 382/918/701
f 281/360/240 203/359/239 383/919/702 209/768/599
f 567/366/246 204/365/245 296/772/601 384/920/703
f 203/359/239 567/366/246 384/920/703 383/919/702
f 694/617/462 205/770/170 377/912/691 317/802/171
f 377/913/691 283/753/542 687/601/173 317/801/171
f 686/600/448 206/752/584 378/914/698 355/873/669
f 378/914/698 285/756/587 165/604/451 355/873/669
f 689/605/452 207/757/588 379/915/699 356/875/670
f 379/916/699 288/760/591 166/608/455 356/874/670
f 691/609/456 380/761/592 381/917/700 357/876/671
f 357/876/671 381/917/700 291/765/596 167/613/459
f 692/611/457 208/763/594 382/918/701 168/877/672
f 382/918/701 293/767/598 169/615/461 168/877/672
f 702/633/477 209/768/599 383/919/702 170/879/674
f 383/919/702 384/920/703 358/878/673 170/879/674
f 384/920/703 296/772/601 171/618/463 358/878/673
f 46/123/41 47/113/33 45/112/28 210/921/704
f 45/107/28 460/106/27 458/119/37 210/922/704
f 458/119/37 464/118/36 46/128/41 210/922/704
f 52/144/52 53/143/56 471/149/58 385/923/705
f 471/146/58 477/145/57 474/157/62 385/924/705
f 474/152/62 51/138/53 52/137/52 385/925/705
f 62/773/602 297/166/73 59/163/70 211/926/706
f 59/163/70 486/162/69 60/172/79 211/926/706
f 482/169/76 491/168/75 488/180/87 849/927/707
f 60/172/79 482/169/76 849/927/707 211/926/706
f 488/180/87 61/179/86 298/774/603 849/927/707
f 849/927/707 298/774/603 62/773/602 211/926/706
f 69/203/110 70/193/100 67/191/98 212/928/708
f 493/188/95 500/187/94 497/196/103 850/929/709
f 67/191/98 493/188/95 850/929/709 212/928/708
f 497/196/103 68/195/102 504/208/115 850/929/709
f 850/929/709 504/208/115 69/203/110 212/928/708
f 74/199/106 71/202/109 507/217/121 386/930/710
f 507/214/121 600/213/120 599/436/307 386/931/710
f 599/436/307 72/226/130 510/225/125 386/931/710
f 510/220/125 73/200/107 74/199/106 386/930/710
f 76/237/139 77/235/137 514/232/134 213/932/711
f 514/232/134 303/231/133 304/782/609 213/932/711
f 304/784/609 75/242/144 76/237/139 213/932/711
f 525/256/155 523/251/152 520/250/147 387/933/712
f 520/245/147 80/184/91 81/183/90 387/934/712
f 81/183/90 82/186/93 525/261/155 387/934/712
f 388/255/150 532/254/154 529/267/163 389/935/713
f 529/267/163 302/266/162 85/778/607 389/935/713
f 85/780/607 86/249/151 388/248/150 389/936/713
f 117/295/185 367/294/184 365/896/685 390/937/714
f 365/894/685 539/289/181 115/288/176 390/938/714
f 115/283/176 116/282/175 117/295/185 390/937/714
f 124/840/645 125/320/206 547/319/201 214/939/715
f 547/314/201 544/307/197 546/306/196 214/940/715
f 546/313/196 123/312/200 124/842/645 214/941/715
f 344/850/651 557/343/223 554/338/218 391/942/716
f 554/338/218 132/337/217 300/776/605 391/942/716
f 300/776/605 299/775/604 392/943/717 391/942/716
f 299/775/604 133/352/232 134/347/227 392/943/717
f 134/347/227 135/346/226 347/853/654 392/943/717
f 392/943/717 347/853/654 344/850/651 391/942/716
f 573/378/258 142/363/243 565/361/241 851/944/718
f 851/944/718 565/361/241 562/356/236 393/945/719
f 562/356/236 139/355/235 140/371/251 393/945/719
f 140/371/251 568/368/248 851/944/718 393/945/719
f 568/368/248 141/367/247 573/378/258 851/944/718
f 146/557/406 663/391/269 577/390/265 852/946/720
f 577/385/265 143/382/262 576/381/261 852/947/720
f 576/381/261 144/384/264 581/402/273 852/947/720
f 581/397/273 145/396/272 146/557/406 852/946/720
f 148/839/644 149/413/286 585/408/281 394/948/721
f 585/408/281 592/407/280 589/417/290 394/948/721
f 589/417/290 147/416/289 148/837/644 394/948/721
f 561/350/230 157/354/234 155/428/298 395/949/722
f 155/425/298 156/424/297 353/867/663 395/950/722
f 353/864/663 559/351/231 561/350/230 395/949/722
f 160/835/642 161/599/447 159/870/666 215/951/723
f 159/870/666 594/427/300 595/426/299 215/951/723
f 595/430/299 339/429/301 160/833/642 215/952/723
f 966/953/724 1033/954/725 1005/955/726 956/956/727
f 1033/954/725 936/957/728 1006/958/729 1005/955/726
f 1005/955/726 1006/958/729 958/959/730 955/960/731
f 956/956/727 1005/955/726 955/960/731 879/961/732
f 936/962/728 971/963/733 957/964/734 1006/965/729
f 1006/965/729 957/964/734 878/966/735 958/967/730
f 958/967/730 878/966/735 959/968/736 1007/969/737
f 1007/969/737 959/968/736 858/970/738 960/971/739
f 879/961/732 955/960/731 1008/972/740 962/973/741
f 955/960/731 958/959/730 1007/974/737 1008/972/740
f 1008/972/740 1007/974/737 960/975/739 961/976/742
f 962/973/741 1008/972/740 961/976/742 859/977/743
f 853/978/744 963/979/745 964/980/746 965/981/747
f 965/981/747 964/980/746 893/982/748 882/983/749
f 963/979/745 966/953/724 967/984/750 964/980/746
f 964/980/746 967/984/750 880/985/751 893/982/748
f 893/982/748 880/985/751 968/986/752 969/987/753
f 969/987/753 968/986/752 977/988/754 881/989/755
f 882/983/749 893/982/748 969/987/753 970/990/756
f 970/990/756 969/987/753 881/989/755 982/991/757
f 971/963/733 883/992/758 885/993/759 974/994/760
f 972/995/761 853/978/744 884/996/762 973/997/763
f 883/992/758 972/995/761 973/997/763 885/993/759
f 983/998/764 939/999/765 975/1000/766 976/1001/767
f 976/1001/767 975/1000/766 894/1002/768 888/1003/769
f 939/1004/765 977/988/754 978/1005/770 975/1006/766
f 975/1006/766 978/1005/770 886/1007/771 894/1008/768
f 894/1008/768 886/1007/771 979/1009/772 980/1010/773
f 980/1010/773 979/1009/772 860/1011/774 887/1012/775
f 888/1003/769 894/1002/768 980/1013/773 981/1014/776
f 981/1014/776 980/1013/773 887/1015/775 916/1016/777
f 982/991/757 889/1017/778 891/1018/779 984/1019/780
f 889/1017/778 983/998/764 890/1020/781 891/1018/779
f 974/994/760 941/1021/782 985/1022/783 986/1023/784
f 986/1023/784 985/1022/783 895/1024/785 862/1025/786
f 941/1021/782 987/1026/787 1009/1027/788 985/1022/783
f 987/1026/787 854/1028/789 988/1029/790 1009/1027/788
f 1009/1027/788 988/1029/790 892/1030/791 989/1031/792
f 985/1022/783 1009/1027/788 989/1031/792 895/1024/785
f 895/1024/785 989/1031/792 1010/1032/793 992/1033/794
f 989/1031/792 892/1030/791 990/1034/795 1010/1032/793
f 1010/1032/793 990/1034/795 855/1035/796 991/1036/797
f 992/1033/794 1010/1032/793 991/1036/797 861/1037/798
f 862/1025/786 895/1024/785 992/1033/794 993/1038/799
f 993/1038/799 992/1033/794 861/1037/798 868/1039/800
f 854/1028/789 863/1040/801 1012/1041/802 1011/1042/803
f 1011/1042/803 1012/1041/802 996/1043/804 994/1044/805
f 863/1040/801 884/996/762 995/1045/806 1012/1041/802
f 1012/1041/802 995/1045/806 864/1046/807 996/1043/804
f 996/1043/804 864/1046/807 997/1047/808 1013/1048/809
f 1013/1048/809 997/1047/808 984/1019/780 943/1049/810
f 994/1044/805 996/1043/804 1013/1048/809 1014/1050/811
f 1014/1050/811 1013/1048/809 943/1049/810 998/1051/812
f 998/1051/812 944/1052/813 1016/1053/814 1015/1054/815
f 1015/1054/815 1016/1053/814 1001/1055/816 999/1056/817
f 944/1052/813 890/1020/781 1000/1057/818 1016/1053/814
f 1016/1053/814 1000/1057/818 865/1058/819 1001/1055/816
f 1001/1055/816 865/1058/819 1002/1059/820 1017/1060/821
f 1017/1060/821 1002/1059/820 857/1061/822 1003/1062/823
f 999/1056/817 1001/1055/816 1017/1060/821 1018/1063/824
f 1018/1063/824 1017/1060/821 1003/1062/823 1004/1064/825
f 866/1065/826 902/1066/827 904/1067/828 867/1068/829
f 902/1066/827 856/1069/830 903/1070/831 904/1067/828
f 868/1039/800 901/1071/832 905/1072/833 858/970/738
f 901/1071/832 866/1073/826 867/1074/829 905/1072/833
f 856/1069/830 906/1075/834 907/1076/835 908/1077/836
f 908/1077/836 907/1076/835 896/1078/837 871/1079/838
f 906/1080/834 909/1081/839 1019/1082/840 907/1083/835
f 909/1081/839 855/1035/796 910/1084/841 1019/1082/840
f 1019/1082/840 910/1084/841 869/1085/842 911/1086/843
f 907/1083/835 1019/1082/840 911/1086/843 896/1087/837
f 896/1087/837 911/1086/843 1020/1088/844 913/1089/845
f 911/1086/843 869/1085/842 912/1090/846 1020/1088/844
f 1020/1088/844 912/1090/846 1004/1064/825 1035/1091/847
f 913/1089/845 1020/1088/844 1035/1091/847 870/1092/848
f 871/1079/838 896/1078/837 913/1093/845 914/1094/849
f 914/1094/849 913/1093/845 870/1095/848 874/1096/850
f 872/1097/851 915/1098/852 917/1099/853 873/1100/854
f 915/1098/852 857/1061/822 916/1016/777 917/1099/853
f 874/1096/850 872/1101/851 873/1102/854 918/1103/855
f 859/977/743 919/1104/856 1021/1105/857 921/1106/858
f 919/1104/856 875/1107/859 1022/1108/860 1021/1105/857
f 1021/1105/857 1022/1108/860 923/1109/861 920/1110/862
f 921/1106/858 1021/1105/857 920/1110/862 877/1111/863
f 875/1107/859 903/1070/831 922/1112/864 1022/1108/860
f 1022/1108/860 922/1112/864 876/1113/865 923/1109/861
f 923/1109/861 876/1113/865 924/1114/866 1023/1115/867
f 1023/1115/867 924/1114/866 918/1103/855 952/1116/868
f 877/1111/863 920/1110/862 1024/1117/869 926/1118/870
f 920/1110/862 923/1109/861 1023/1115/867 1024/1117/869
f 1024/1117/869 1023/1115/867 952/1116/868 925/1119/871
f 926/1118/870 1024/1117/869 925/1119/871 860/1011/774
f 965/981/747 882/983/749 864/1046/807 995/1045/806
f 853/978/744 965/981/747 995/1045/806 884/996/762
f 970/990/756 982/991/757 984/1019/780 997/1047/808
f 882/983/749 970/990/756 997/1047/808 864/1046/807
f 854/1028/789 1011/1042/803 1025/1120/872 988/1029/790
f 1011/1042/803 994/1044/805 927/1121/873 1025/1120/872
f 1025/1120/872 927/1121/873 897/1122/874 928/1123/875
f 988/1029/790 1025/1120/872 928/1123/875 892/1030/791
f 994/1044/805 1014/1050/811 1026/1124/876 927/1121/873
f 1014/1050/811 998/1051/812 1015/1054/815 1026/1124/876
f 1026/1124/876 1015/1054/815 999/1056/817 929/1125/877
f 927/1121/873 1026/1124/876 929/1125/877 897/1122/874
f 897/1122/874 929/1125/877 1027/1126/878 930/1127/879
f 929/1125/877 999/1056/817 1018/1063/824 1027/1126/878
f 1027/1126/878 1018/1063/824 1004/1064/825 912/1090/846
f 930/1127/879 1027/1126/878 912/1090/846 869/1085/842
f 892/1030/791 928/1123/875 1028/1128/880 990/1034/795
f 928/1123/875 897/1122/874 930/1127/879 1028/1128/880
f 1028/1128/880 930/1127/879 869/1085/842 910/1084/841
f 990/1034/795 1028/1128/880 910/1084/841 855/1035/796
f 871/1079/838 914/1094/849 924/1114/866 876/1113/865
f 914/1094/849 874/1096/850 918/1103/855 924/1114/866
f 856/1069/830 908/1077/836 922/1112/864 903/1070/831
f 908/1077/836 871/1079/838 876/1113/865 922/1112/864
f 859/977/743 921/1106/858 1029/1129/881 962/973/741
f 921/1106/858 877/1111/863 931/1130/882 1029/1129/881
f 1029/1129/881 931/1130/882 898/1131/883 932/1132/884
f 962/973/741 1029/1129/881 932/1132/884 879/961/732
f 877/1111/863 926/1118/870 1030/1133/885 931/1130/882
f 926/1118/870 860/1011/774 979/1009/772 1030/1133/885
f 1030/1133/885 979/1009/772 886/1007/771 933/1134/886
f 931/1130/882 1030/1133/885 933/1134/886 898/1131/883
f 898/1131/883 933/1134/886 1031/1135/887 934/1136/888
f 933/1134/886 886/1007/771 978/1005/770 1031/1135/887
f 1031/1135/887 978/1005/770 977/988/754 968/986/752
f 934/1136/888 1031/1135/887 968/986/752 880/985/751
f 879/961/732 932/1132/884 1032/1137/889 956/956/727
f 932/1132/884 898/1131/883 934/1136/888 1032/1137/889
f 1032/1137/889 934/1136/888 880/985/751 967/984/750
f 956/956/727 1032/1137/889 967/984/750 966/953/724
f 976/1001/767 888/1003/769 865/1058/819 1000/1057/818
f 983/998/764 976/1001/767 1000/1057/818 890/1020/781
f 981/1014/776 916/1016/777 857/1061/822 1002/1059/820
f 888/1003/769 981/1014/776 1002/1059/820 865/1058/819
f 959/968/736 878/966/735 862/1025/786 993/1038/799
f 858/970/738 959/968/736 993/1038/799 868/1039/800
f 957/964/734 971/963/733 974/994/760 986/1023/784
f 878/966/735 957/964/734 986/1023/784 862/1025/786
f 966/953/724 963/979/745 935/1138/890 1033/954/725
f 1033/954/725 935/1138/890 937/1139/891 936/957/728
f 853/978/744 972/995/761 935/1138/890 963/979/745
f 972/995/761 883/992/758 937/1139/891 935/1138/890
f 971/963/733 936/962/728 937/1139/891 883/992/758
f 983/998/764 889/1017/778 938/1140/892 939/999/765
f 982/991/757 881/989/755 938/1140/892 889/1017/778
f 977/988/754 939/1004/765 938/1140/892 881/989/755
f 974/994/760 885/993/759 940/1141/893 941/1021/782
f 884/996/762 863/1040/801 942/1142/894 973/997/763
f 973/997/763 942/1142/894 940/1141/893 885/993/759
f 987/1026/787 941/1021/782 940/1141/893 942/1142/894
f 854/1028/789 987/1026/787 942/1142/894 863/1040/801
f 998/1051/812 943/1049/810 945/1143/895 944/1052/813
f 984/1019/780 891/1018/779 945/1143/895 943/1049/810
f 890/1020/781 944/1052/813 945/1143/895 891/1018/779
f 868/1039/800 861/1037/798 946/1144/896 901/1071/832
f 901/1071/832 946/1144/896 899/1145/897 866/1073/826
f 855/1035/796 909/1081/839 1034/1146/898 991/1036/797
f 909/1081/839 906/1080/834 947/1147/899 1034/1146/898
f 1034/1146/898 947/1147/899 899/1145/897 946/1144/896
f 991/1036/797 1034/1146/898 946/1144/896 861/1037/798
f 856/1069/830 902/1066/827 947/1148/899 906/1075/834
f 902/1066/827 866/1065/826 899/1149/897 947/1148/899
f 874/1096/850 870/1095/848 900/1150/900 872/1101/851
f 1004/1064/825 1003/1062/823 948/1151/901 1035/1091/847
f 1035/1091/847 948/1151/901 900/1152/900 870/1092/848
f 857/1061/822 915/1098/852 948/1151/901 1003/1062/823
f 915/1098/852 872/1097/851 900/1152/900 948/1151/901
f 858/970/738 905/1072/833 950/1153/902 960/971/739
f 905/1072/833 867/1074/829 949/1154/903 950/1153/902
f 903/1070/831 875/1107/859 951/1155/904 904/1067/828
f 904/1067/828 951/1155/904 949/1156/903 867/1068/829
f 859/977/743 961/976/742 1036/1157/905 919/1104/856
f 961/976/742 960/975/739 950/1158/902 1036/1157/905
f 1036/1157/905 950/1158/902 949/1156/903 951/1155/904
f 919/1104/856 1036/1157/905 951/1155/904 875/1107/859
f 925/1119/871 952/1116/868 954/1159/906 953/1160/907
f 860/1011/774 925/1119/871 953/1160/907 887/1012/775
f 918/1103/855 873/1102/854 954/1159/906 952/1116/868
f 916/1016/777 887/1015/775 953/1161/907 917/1099/853
f 917/1099/853 953/1161/907 954/1162/906 873/1100/854
f 1037/1163/908 1129/1164/909 1179/1165/910 1132/1166/911
f 1129/1164/909 1057/1167/912 1130/1168/913 1179/1165/910
f 1179/1165/910 1130/1168/913 1068/1169/914 1131/1170/915
f 1132/1166/911 1179/1165/910 1131/1170/915 1059/1171/916
f 1057/1172/912 1133/1173/917 1134/1174/918 1130/1175/913
f 1130/1175/913 1134/1174/918 1058/1176/919 1068/1177/914
f 1068/1177/914 1058/1176/919 1135/1178/920 1136/1179/921
f 1136/1179/921 1135/1178/920 1083/1180/922 1126/1181/923
f 1059/1171/916 1131/1170/915 1180/1182/924 1137/1183/925
f 1131/1170/915 1068/1169/914 1136/1184/921 1180/1182/924
f 1180/1182/924 1136/1184/921 1126/1185/923 1205/1186/926
f 1137/1183/925 1180/1182/924 1205/1186/926 1097/1187/927
f 1038/1188/928 1060/1189/929 1182/1190/930 1181/1191/931
f 1181/1191/931 1182/1190/930 1140/1192/932 1138/1193/933
f 1060/1189/929 1037/1163/908 1139/1194/934 1182/1190/930
f 1182/1190/930 1139/1194/934 1061/1195/935 1140/1192/932
f 1226/1196/936 1207/1197/937 1241/1198/938 1242/1199/939
f 1225/1200/940 1226/1196/936 1242/1199/939 1243/1201/941
f 1133/1173/917 1119/1202/942 1142/1203/943 1063/1204/944
f 1119/1205/942 1143/1206/945 1145/1207/946 1142/1208/943
f 1143/1206/945 1038/1188/928 1144/1209/947 1145/1207/946
f 1142/1208/943 1145/1207/946 1147/1210/948 1062/1211/949
f 1145/1207/946 1144/1209/947 1146/1212/950 1147/1210/948
f 1063/1204/944 1142/1203/943 1062/1213/949 1040/1214/951
f 1039/1215/952 1064/1216/953 1148/1217/954 1183/1218/955
f 1183/1218/955 1148/1217/954 1069/1219/956 1149/1220/957
f 1064/1221/953 1150/1222/958 1151/1223/959 1148/1224/954
f 1148/1224/954 1151/1223/959 1065/1225/960 1069/1226/956
f 1069/1226/956 1065/1225/960 1152/1227/961 1153/1228/962
f 1153/1228/962 1152/1227/961 1103/1229/963 1128/1230/964
f 1149/1220/957 1069/1219/956 1153/1231/962 1184/1232/965
f 1184/1232/965 1153/1231/962 1128/1233/964 1206/1234/966
f 1141/1235/967 1066/1236/968 1156/1237/969 1154/1238/970
f 1066/1239/968 1039/1215/952 1155/1240/971 1156/1241/969
f 1156/1241/969 1155/1240/971 1157/1242/972 1158/1243/973
f 1154/1238/970 1156/1237/969 1158/1244/973 1159/1245/974
f 1040/1214/951 1160/1246/975 1161/1247/976 1162/1248/977
f 1162/1248/977 1161/1247/976 1070/1249/978 1044/1250/979
f 1160/1246/975 1163/1251/980 1185/1252/981 1161/1247/976
f 1163/1251/980 1041/1253/982 1164/1254/983 1185/1252/981
f 1185/1252/981 1164/1254/983 1067/1255/984 1165/1256/985
f 1161/1247/976 1185/1252/981 1165/1256/985 1070/1249/978
f 1070/1249/978 1165/1256/985 1186/1257/986 1167/1258/987
f 1165/1256/985 1067/1255/984 1166/1259/988 1186/1257/986
f 1186/1257/986 1166/1259/988 1087/1260/989 1202/1261/990
f 1167/1258/987 1186/1257/986 1202/1261/990 1123/1262/991
f 1044/1250/979 1070/1249/978 1167/1258/987 1168/1263/992
f 1078/1264/993 1168/1263/992 1167/1258/987 1123/1262/991
f 1041/1253/982 1169/1265/994 1187/1266/995 1170/1267/996
f 1170/1267/996 1187/1266/995 1172/1268/997 1174/1269/998
f 1169/1270/994 1146/1212/950 1171/1271/999 1187/1272/995
f 1187/1272/995 1171/1271/999 1173/1273/1000 1172/1274/997
f 1222/1275/1001 1223/1276/1002 1245/1277/1003 1246/1278/1004
f 1221/1279/1005 1222/1280/1001 1246/1281/1004 1227/1282/1006
f 1042/1283/1007 1046/1284/1008 1189/1285/1009 1188/1286/1010
f 1188/1286/1010 1189/1285/1009 1177/1287/1011 1175/1288/1012
f 1046/1284/1008 1157/1242/972 1176/1289/1013 1189/1285/1009
f 1189/1285/1009 1176/1289/1013 1047/1290/1014 1177/1287/1011
f 1177/1287/1011 1047/1290/1014 1178/1291/1015 1190/1292/1016
f 1190/1292/1016 1178/1291/1015 1093/1293/1017 1125/1294/1018
f 1175/1288/1012 1177/1287/1011 1190/1292/1016 1191/1295/1019
f 1191/1295/1019 1190/1292/1016 1125/1294/1018 1203/1296/1020
f 1078/1264/993 1048/1297/1021 1082/1298/1022 1079/1299/1023
f 1078/1264/993 1079/1299/1023 1116/1300/1024 1168/1263/992
f 1080/1301/1025 1043/1302/1026 1049/1303/1027 1081/1304/1028
f 1048/1297/1021 1080/1301/1025 1081/1304/1028 1082/1298/1022
f 1081/1304/1028 1049/1303/1027 1100/1305/1029 1204/1306/1030
f 1082/1298/1022 1081/1304/1028 1204/1306/1030 1050/1307/1031
f 1079/1299/1023 1082/1298/1022 1050/1307/1031 1083/1180/922
f 1079/1299/1023 1083/1180/922 1135/1178/920 1116/1300/1024
f 1043/1302/1026 1084/1308/1032 1085/1309/1033 1086/1310/1034
f 1086/1310/1034 1085/1309/1033 1089/1311/1035 1090/1312/1036
f 1084/1308/1032 1087/1260/989 1192/1313/1037 1085/1309/1033
f 1192/1313/1037 1087/1260/989 1166/1259/988 1197/1314/1038
f 1088/1315/1039 1192/1313/1037 1197/1314/1038 1196/1316/1040
f 1085/1309/1033 1192/1313/1037 1088/1315/1039 1089/1311/1035
f 1230/1317/1041 1231/1318/1042 1217/1319/1043 1218/1320/1044
f 1216/1321/1045 1217/1319/1043 1231/1318/1042 1232/1322/1046
f 1215/1323/1047 1216/1321/1045 1232/1322/1046 1233/1324/1048
f 1092/1325/1049 1052/1326/1050 1095/1327/1051 1091/1328/1052
f 1094/1329/1053 1093/1293/1017 1178/1291/1015 1114/1330/1054
f 1052/1326/1050 1093/1293/1017 1094/1329/1053 1095/1327/1051
f 1184/1232/965 1206/1234/966 1094/1329/1053 1114/1330/1054
f 1095/1327/1051 1094/1329/1053 1206/1234/966 1053/1331/1055
f 1091/1328/1052 1095/1327/1051 1053/1331/1055 1096/1332/1056
f 1137/1183/925 1097/1187/927 1193/1333/1057 1198/1334/1058
f 1097/1187/927 1054/1335/1059 1098/1336/1060 1193/1333/1057
f 1193/1333/1057 1098/1336/1060 1102/1337/1061 1099/1338/1062
f 1193/1333/1057 1099/1338/1062 1199/1339/1063 1198/1334/1058
f 1054/1335/1059 1100/1305/1029 1101/1340/1064 1098/1336/1060
f 1098/1336/1060 1101/1340/1064 1055/1341/1065 1102/1337/1061
f 1212/1342/1066 1213/1343/1067 1235/1344/1068 1236/1345/1069
f 1211/1346/1070 1212/1342/1066 1236/1345/1069 1237/1347/1071
f 1210/1348/1072 1211/1346/1070 1237/1347/1071 1238/1349/1073
f 1038/1188/928 1181/1191/931 1104/1350/1074 1144/1209/947
f 1181/1191/931 1138/1193/933 1105/1351/1075 1104/1350/1074
f 1224/1352/1076 1225/1200/940 1243/1201/941 1244/1353/1077
f 1223/1276/1002 1224/1352/1076 1244/1353/1077 1245/1277/1003
f 1144/1209/947 1104/1350/1074 1171/1271/999 1146/1212/950
f 1104/1350/1074 1105/1351/1075 1173/1273/1000 1171/1271/999
f 1041/1253/982 1170/1267/996 1194/1354/1078 1164/1254/983
f 1170/1267/996 1174/1269/998 1195/1355/1079 1194/1354/1078
f 1194/1354/1078 1195/1355/1079 1107/1356/1080 1106/1357/1081
f 1164/1254/983 1194/1354/1078 1106/1357/1081 1067/1255/984
f 1220/1358/1082 1221/1279/1005 1227/1282/1006 1228/1359/1083
f 1219/1360/1084 1220/1358/1082 1228/1359/1083 1229/1361/1085
f 1218/1320/1044 1219/1360/1084 1229/1361/1085 1230/1317/1041
f 1067/1255/984 1106/1357/1081 1197/1314/1038 1166/1259/988
f 1106/1357/1081 1107/1356/1080 1196/1316/1040 1197/1314/1038
f 1086/1310/1034 1090/1312/1036 1109/1362/1086 1108/1363/1087
f 1043/1302/1026 1086/1310/1034 1108/1363/1087 1049/1303/1027
f 1214/1364/1088 1215/1323/1047 1233/1324/1048 1234/1365/1089
f 1213/1343/1067 1214/1364/1088 1234/1365/1089 1235/1344/1068
f 1108/1363/1087 1109/1362/1086 1055/1341/1065 1101/1340/1064
f 1049/1303/1027 1108/1363/1087 1101/1340/1064 1100/1305/1029
f 1198/1334/1058 1199/1339/1063 1111/1366/1090 1110/1367/1091
f 1137/1183/925 1198/1334/1058 1110/1367/1091 1059/1171/916
f 1209/1368/1092 1210/1348/1072 1238/1349/1073 1239/1369/1093
f 1208/1370/1094 1209/1368/1092 1239/1369/1093 1240/1371/1095
f 1207/1197/937 1208/1370/1094 1240/1371/1095 1241/1198/938
f 1059/1171/916 1110/1367/1091 1201/1372/1096 1132/1166/911
f 1110/1367/1091 1111/1366/1090 1200/1373/1097 1201/1372/1096
f 1201/1372/1096 1200/1373/1097 1061/1195/935 1139/1194/934
f 1132/1166/911 1201/1372/1096 1139/1194/934 1037/1163/908
f 1039/1215/952 1183/1218/955 1113/1374/1098 1155/1240/971
f 1183/1218/955 1149/1220/957 1112/1375/1099 1113/1374/1098
f 1149/1220/957 1184/1232/965 1114/1330/1054 1112/1375/1099
f 1112/1375/1099 1114/1330/1054 1178/1291/1015 1047/1290/1014
f 1155/1240/971 1113/1374/1098 1176/1289/1013 1157/1242/972
f 1113/1374/1098 1112/1375/1099 1047/1290/1014 1176/1289/1013
f 1135/1178/920 1058/1176/919 1115/1376/1100 1116/1300/1024
f 1058/1176/919 1134/1174/918 1117/1377/1101 1115/1376/1100
f 1134/1174/918 1133/1173/917 1063/1204/944 1117/1377/1101
f 1115/1376/1100 1117/1377/1101 1162/1248/977 1044/1250/979
f 1117/1377/1101 1063/1204/944 1040/1214/951 1162/1248/977
f 1116/1300/1024 1115/1376/1100 1044/1250/979 1168/1263/992
f 1037/1163/908 1060/1189/929 1118/1378/1102 1129/1164/909
f 1129/1164/909 1118/1378/1102 1071/1379/1103 1057/1167/912
f 1143/1206/945 1119/1205/942 1071/1379/1103 1118/1378/1102
f 1038/1188/928 1143/1206/945 1118/1378/1102 1060/1189/929
f 1133/1173/917 1057/1172/912 1071/1380/1103 1119/1202/942
f 1039/1215/952 1066/1239/968 1072/1381/1104 1064/1216/953
f 1141/1235/967 1120/1382/1105 1072/1383/1104 1066/1236/968
f 1150/1222/958 1064/1221/953 1072/1383/1104 1120/1382/1105
f 1040/1214/951 1062/1213/949 1121/1384/1106 1160/1246/975
f 1146/1212/950 1169/1270/994 1122/1385/1107 1147/1210/948
f 1147/1210/948 1122/1385/1107 1121/1386/1106 1062/1211/949
f 1041/1253/982 1163/1251/980 1122/1387/1107 1169/1265/994
f 1163/1251/980 1160/1246/975 1121/1384/1106 1122/1387/1107
f 1042/1283/1007 1045/1388/1108 1073/1389/1109 1046/1284/1008
f 1159/1245/974 1158/1244/973 1073/1390/1109 1045/1391/1108
f 1157/1242/972 1046/1284/1008 1073/1389/1109 1158/1243/973
f 1078/1264/993 1123/1262/991 1074/1392/1110 1048/1297/1021
f 1087/1260/989 1084/1308/1032 1124/1393/1111 1202/1261/990
f 1202/1261/990 1124/1393/1111 1074/1392/1110 1123/1262/991
f 1043/1302/1026 1080/1301/1025 1124/1393/1111 1084/1308/1032
f 1080/1301/1025 1048/1297/1021 1074/1392/1110 1124/1393/1111
f 1092/1325/1049 1051/1394/1112 1075/1395/1113 1052/1326/1050
f 1203/1296/1020 1125/1294/1018 1075/1395/1113 1051/1394/1112
f 1093/1293/1017 1052/1326/1050 1075/1395/1113 1125/1294/1018
f 1083/1180/922 1050/1307/1031 1076/1396/1114 1126/1181/923
f 1100/1305/1029 1054/1335/1059 1127/1397/1115 1204/1306/1030
f 1204/1306/1030 1127/1397/1115 1076/1396/1114 1050/1307/1031
f 1205/1186/926 1126/1185/923 1076/1396/1114 1127/1397/1115
f 1097/1187/927 1205/1186/926 1127/1397/1115 1054/1335/1059
f 1103/1229/963 1056/1398/1116 1077/1399/1117 1128/1230/964
f 1096/1332/1056 1053/1331/1055 1077/1399/1117 1056/1398/1116
f 1206/1234/966 1128/1233/964 1077/1399/1117 1053/1331/1055
f 1200/1373/1097 1208/1370/1094 1207/1197/937 1061/1195/935
f 1111/1366/1090 1209/1368/1092 1208/1370/1094 1200/1373/1097
f 1199/1339/1063 1210/1348/1072 1209/1368/1092 1111/1366/1090
f 1199/1339/1063 1099/1338/1062 1211/1346/1070 1210/1348/1072
f 1099/1338/1062 1102/1337/1061 1212/1342/1066 1211/1346/1070
f 1102/1337/1061 1055/1341/1065 1213/1343/1067 1212/1342/1066
f 1109/1362/1086 1214/1364/1088 1213/1343/1067 1055/1341/1065
f 1090/1312/1036 1215/1323/1047 1214/1364/1088 1109/1362/1086
f 1090/1312/1036 1089/1311/1035 1216/1321/1045 1215/1323/1047
f 1089/1311/1035 1088/1315/1039 1217/1319/1043 1216/1321/1045
f 1217/1319/1043 1088/1315/1039 1196/1316/1040 1218/1320/1044
f 1107/1356/1080 1219/1360/1084 1218/1320/1044 1196/1316/1040
f 1195/1355/1079 1220/1358/1082 1219/1360/1084 1107/1356/1080
f 1174/1269/998 1221/1279/1005 1220/1358/1082 1195/1355/1079
f 1174/1269/998 1172/1268/997 1222/1280/1001 1221/1279/1005
f 1172/1274/997 1173/1273/1000 1223/1276/1002 1222/1275/1001
f 1105/1351/1075 1224/1352/1076 1223/1276/1002 1173/1273/1000
f 1138/1193/933 1225/1200/940 1224/1352/1076 1105/1351/1075
f 1138/1193/933 1140/1192/932 1226/1196/936 1225/1200/940
f 1140/1192/932 1061/1195/935 1207/1197/937 1226/1196/936
f 1228/1359/1083 1227/1282/1006 1042/1283/1007 1188/1286/1010
f 1229/1361/1085 1228/1359/1083 1188/1286/1010 1175/1288/1012
f 1230/1317/1041 1229/1361/1085 1175/1288/1012 1191/1295/1019
f 1191/1295/1019 1203/1296/1020 1231/1318/1042 1230/1317/1041
f 1232/1322/1046 1231/1318/1042 1203/1296/1020 1051/1394/1112
f 1233/1324/1048 1232/1322/1046 1051/1394/1112 1092/1325/1049
f 1234/1365/1089 1233/1324/1048 1092/1325/1049 1091/1328/1052
f 1235/1344/1068 1234/1365/1089 1091/1328/1052 1096/1332/1056
f 1236/1345/1069 1235/1344/1068 1096/1332/1056 1056/1398/1116
f 1237/1347/1071 1236/1345/1069 1056/1398/1116 1103/1229/963
f 1237/1347/1071 1103/1229/963 1152/1227/961 1238/1349/1073
f 1239/1369/1093 1238/1349/1073 1152/1227/961 1065/1225/960
f 1240/1371/1095 1239/1369/1093 1065/1225/960 1151/1223/959
f 1241/1198/938 1240/1371/1095 1151/1223/959 1150/1222/958
f 1242/1199/939 1241/1198/938 1150/1222/958 1120/1382/1105
f 1243/1201/941 1242/1199/939 1120/1382/1105 1141/1235/967
f 1244/1353/1077 1243/1201/941 1141/1235/967 1154/1238/970
f 1245/1277/1003 1244/1353/1077 1154/1238/970 1159/1245/974
f 1246/1278/1004 1245/1277/1003 1159/1245/974 1045/1391/1108
f 1227/1282/1006 1246/1281/1004 1045/1388/1108 1042/1283/1007
f 1247/1400/1118 1348/1401/1119 1398/1402/1120 1350/1403/1121
f 1348/1401/1119 1276/1404/1122 1399/1405/1123 1398/1402/1120
f 1398/1402/1120 1399/1405/1123 1352/1406/1124 1349/1407/1125
f 1350/1403/1121 1398/1402/1120 1349/1407/1125 1278/1408/1126
f 1276/1409/1122 1283/1410/1127 1351/1411/1128 1399/1412/1123
f 1399/1412/1123 1351/1411/1128 1277/1413/1129 1352/1414/1124
f 1352/1414/1124 1277/1413/1129 1353/1415/1130 1400/1416/1131
f 1400/1416/1131 1353/1415/1130 1256/1417/1132 1354/1418/1133
f 1278/1408/1126 1349/1407/1125 1401/1419/1134 1356/1420/1135
f 1349/1407/1125 1352/1406/1124 1400/1421/1131 1401/1419/1134
f 1401/1419/1134 1400/1421/1131 1354/1422/1133 1355/1423/1136
f 1356/1420/1135 1401/1419/1134 1355/1423/1136 1257/1424/1137
f 1248/1425/1138 1357/1426/1139 1402/1427/1140 1358/1428/1141
f 1358/1428/1141 1402/1427/1140 1360/1429/1142 1281/1430/1143
f 1357/1426/1139 1247/1400/1118 1359/1431/1144 1402/1427/1140
f 1402/1427/1140 1359/1431/1144 1279/1432/1145 1360/1429/1142
f 1360/1429/1142 1279/1432/1145 1361/1433/1146 1403/1434/1147
f 1403/1434/1147 1361/1433/1146 1368/1435/1148 1280/1436/1149
f 1281/1430/1143 1360/1429/1142 1403/1434/1147 1362/1437/1150
f 1362/1437/1150 1403/1434/1147 1280/1436/1149 1289/1438/1151
f 1363/1439/1152 1364/1440/1153 1426/1441/1154 1282/1442/1155
f 1364/1440/1153 1248/1425/1138 1386/1443/1156 1426/1441/1154
f 1283/1410/1127 1363/1439/1152 1282/1442/1155 1250/1444/1157
f 1249/1445/1158 1365/1446/1159 1366/1447/1160 1367/1448/1161
f 1367/1448/1161 1366/1447/1160 1292/1449/1162 1286/1450/1163
f 1365/1451/1159 1368/1435/1148 1369/1452/1164 1366/1453/1160
f 1366/1453/1160 1369/1452/1164 1284/1454/1165 1292/1455/1162
f 1292/1455/1162 1284/1454/1165 1370/1456/1166 1371/1457/1167
f 1371/1457/1167 1370/1456/1166 1258/1458/1168 1285/1459/1169
f 1286/1450/1163 1292/1449/1162 1371/1460/1167 1372/1461/1170
f 1372/1461/1170 1371/1460/1167 1285/1462/1169 1271/1463/1171
f 1287/1464/1172 1249/1445/1158 1393/1465/1173 1288/1466/1174
f 1289/1438/1151 1287/1464/1172 1288/1466/1174 1373/1467/1175
f 1250/1444/1157 1290/1468/1176 1374/1469/1177 1404/1470/1178
f 1404/1470/1178 1374/1469/1177 1293/1471/1179 1375/1472/1180
f 1290/1468/1176 1376/1473/1181 1405/1474/1182 1374/1469/1177
f 1376/1473/1181 1251/1475/1183 1377/1476/1184 1405/1474/1182
f 1405/1474/1182 1377/1476/1184 1291/1477/1185 1378/1478/1186
f 1374/1469/1177 1405/1474/1182 1378/1478/1186 1293/1471/1179
f 1293/1471/1179 1378/1478/1186 1406/1479/1187 1381/1480/1188
f 1378/1478/1186 1291/1477/1185 1379/1481/1189 1406/1479/1187
f 1406/1479/1187 1379/1481/1189 1253/1482/1190 1380/1483/1191
f 1381/1480/1188 1406/1479/1187 1380/1483/1191 1259/1484/1192
f 1375/1472/1180 1293/1471/1179 1381/1480/1188 1407/1485/1193
f 1407/1485/1193 1381/1480/1188 1259/1484/1192 1382/1486/1194
f 1251/1475/1183 1383/1487/1195 1384/1488/1196 1385/1489/1197
f 1385/1489/1197 1384/1488/1196 1294/1490/1198 1262/1491/1199
f 1383/1487/1195 1386/1443/1156 1387/1492/1200 1384/1488/1196
f 1384/1488/1196 1387/1492/1200 1260/1493/1201 1294/1490/1198
f 1294/1490/1198 1260/1493/1201 1388/1494/1202 1389/1495/1203
f 1389/1495/1203 1388/1494/1202 1373/1467/1175 1261/1496/1204
f 1262/1491/1199 1294/1490/1198 1389/1495/1203 1390/1497/1205
f 1390/1497/1205 1389/1495/1203 1261/1496/1204 1252/1498/1206
f 1252/1498/1206 1263/1499/1207 1391/1500/1208 1408/1501/1209
f 1408/1501/1209 1391/1500/1208 1295/1502/1210 1392/1503/1211
f 1263/1499/1207 1393/1465/1173 1394/1504/1212 1391/1500/1208
f 1391/1500/1208 1394/1504/1212 1264/1505/1213 1295/1502/1210
f 1295/1502/1210 1264/1505/1213 1395/1506/1214 1396/1507/1215
f 1396/1507/1215 1395/1506/1214 1255/1508/1216 1265/1509/1217
f 1392/1503/1211 1295/1502/1210 1396/1507/1215 1409/1510/1218
f 1409/1510/1218 1396/1507/1215 1265/1509/1217 1397/1511/1219
f 1427/1512/1220 1338/1513/1221 1267/1514/1222 1305/1515/1223
f 1382/1486/1194 1427/1512/1220 1305/1515/1223 1256/1417/1132
f 1303/1516/1224 1254/1517/1225 1266/1518/1226 1304/1519/1227
f 1338/1520/1221 1303/1516/1224 1304/1519/1227 1267/1521/1222
f 1254/1517/1225 1268/1522/1228 1306/1523/1229 1410/1524/1230
f 1410/1524/1230 1306/1523/1229 1296/1525/1231 1307/1526/1232
f 1268/1527/1228 1308/1528/1233 1411/1529/1234 1306/1530/1229
f 1308/1528/1233 1253/1482/1190 1309/1531/1235 1411/1529/1234
f 1411/1529/1234 1309/1531/1235 1269/1532/1236 1310/1533/1237
f 1306/1530/1229 1411/1529/1234 1310/1533/1237 1296/1534/1231
f 1296/1534/1231 1310/1533/1237 1412/1535/1238 1312/1536/1239
f 1310/1533/1237 1269/1532/1236 1311/1537/1240 1412/1535/1238
f 1412/1535/1238 1311/1537/1240 1397/1511/1219 1429/1538/1241
f 1312/1536/1239 1412/1535/1238 1429/1538/1241 1270/1539/1242
f 1307/1526/1232 1296/1525/1231 1312/1540/1239 1413/1541/1243
f 1413/1541/1243 1312/1540/1239 1270/1542/1242 1313/1543/1244
f 1313/1543/1244 1340/1544/1245 1272/1545/1246 1316/1546/1247
f 1314/1547/1248 1255/1508/1216 1271/1463/1171 1315/1548/1249
f 1340/1549/1245 1314/1547/1248 1315/1548/1249 1272/1550/1246
f 1257/1424/1137 1317/1551/1250 1414/1552/1251 1319/1553/1252
f 1317/1551/1250 1273/1554/1253 1415/1555/1254 1414/1552/1251
f 1414/1552/1251 1415/1555/1254 1321/1556/1255 1318/1557/1256
f 1319/1553/1252 1414/1552/1251 1318/1557/1256 1275/1558/1257
f 1273/1554/1253 1266/1518/1226 1320/1559/1258 1415/1555/1254
f 1415/1555/1254 1320/1559/1258 1274/1560/1259 1321/1556/1255
f 1321/1556/1255 1274/1560/1259 1322/1561/1260 1416/1562/1261
f 1416/1562/1261 1322/1561/1260 1316/1546/1247 1345/1563/1262
f 1275/1558/1257 1318/1557/1256 1417/1564/1263 1324/1565/1264
f 1318/1557/1256 1321/1556/1255 1416/1562/1261 1417/1564/1263
f 1417/1564/1263 1416/1562/1261 1345/1563/1262 1323/1566/1265
f 1324/1565/1264 1417/1564/1263 1323/1566/1265 1258/1458/1168
f 1281/1430/1143 1362/1437/1150 1388/1494/1202 1260/1493/1201
f 1362/1437/1150 1289/1438/1151 1373/1467/1175 1388/1494/1202
f 1248/1425/1138 1358/1428/1141 1387/1492/1200 1386/1443/1156
f 1358/1428/1141 1281/1430/1143 1260/1493/1201 1387/1492/1200
f 1251/1475/1183 1385/1489/1197 1418/1567/1266 1377/1476/1184
f 1385/1489/1197 1262/1491/1199 1325/1568/1267 1418/1567/1266
f 1418/1567/1266 1325/1568/1267 1297/1569/1268 1326/1570/1269
f 1377/1476/1184 1418/1567/1266 1326/1570/1269 1291/1477/1185
f 1262/1491/1199 1390/1497/1205 1419/1571/1270 1325/1568/1267
f 1390/1497/1205 1252/1498/1206 1408/1501/1209 1419/1571/1270
f 1419/1571/1270 1408/1501/1209 1392/1503/1211 1327/1572/1271
f 1325/1568/1267 1419/1571/1270 1327/1572/1271 1297/1569/1268
f 1297/1569/1268 1327/1572/1271 1420/1573/1272 1328/1574/1273
f 1327/1572/1271 1392/1503/1211 1409/1510/1218 1420/1573/1272
f 1420/1573/1272 1409/1510/1218 1397/1511/1219 1311/1537/1240
f 1328/1574/1273 1420/1573/1272 1311/1537/1240 1269/1532/1236
f 1291/1477/1185 1326/1570/1269 1421/1575/1274 1379/1481/1189
f 1326/1570/1269 1297/1569/1268 1328/1574/1273 1421/1575/1274
f 1421/1575/1274 1328/1574/1273 1269/1532/1236 1309/1531/1235
f 1379/1481/1189 1421/1575/1274 1309/1531/1235 1253/1482/1190
f 1410/1524/1230 1307/1526/1232 1274/1560/1259 1320/1559/1258
f 1254/1517/1225 1410/1524/1230 1320/1559/1258 1266/1518/1226
f 1413/1541/1243 1313/1543/1244 1316/1546/1247 1322/1561/1260
f 1307/1526/1232 1413/1541/1243 1322/1561/1260 1274/1560/1259
f 1257/1424/1137 1319/1553/1252 1422/1576/1275 1356/1420/1135
f 1319/1553/1252 1275/1558/1257 1329/1577/1276 1422/1576/1275
f 1422/1576/1275 1329/1577/1276 1298/1578/1277 1330/1579/1278
f 1356/1420/1135 1422/1576/1275 1330/1579/1278 1278/1408/1126
f 1275/1558/1257 1324/1565/1264 1423/1580/1279 1329/1577/1276
f 1324/1565/1264 1258/1458/1168 1370/1456/1166 1423/1580/1279
f 1423/1580/1279 1370/1456/1166 1284/1454/1165 1331/1581/1280
f 1329/1577/1276 1423/1580/1279 1331/1581/1280 1298/1578/1277
f 1298/1578/1277 1331/1581/1280 1424/1582/1281 1332/1583/1282
f 1331/1581/1280 1284/1454/1165 1369/1452/1164 1424/1582/1281
f 1424/1582/1281 1369/1452/1164 1368/1435/1148 1361/1433/1146
f 1332/1583/1282 1424/1582/1281 1361/1433/1146 1279/1432/1145
f 1278/1408/1126 1330/1579/1278 1425/1584/1283 1350/1403/1121
f 1330/1579/1278 1298/1578/1277 1332/1583/1282 1425/1584/1283
f 1425/1584/1283 1332/1583/1282 1279/1432/1145 1359/1431/1144
f 1350/1403/1121 1425/1584/1283 1359/1431/1144 1247/1400/1118
f 1286/1450/1163 1372/1461/1170 1395/1506/1214 1264/1505/1213
f 1372/1461/1170 1271/1463/1171 1255/1508/1216 1395/1506/1214
f 1249/1445/1158 1367/1448/1161 1394/1504/1212 1393/1465/1173
f 1367/1448/1161 1286/1450/1163 1264/1505/1213 1394/1504/1212
f 1277/1413/1129 1351/1411/1128 1404/1470/1178 1375/1472/1180
f 1351/1411/1128 1283/1410/1127 1250/1444/1157 1404/1470/1178
f 1256/1417/1132 1353/1415/1130 1407/1485/1193 1382/1486/1194
f 1353/1415/1130 1277/1413/1129 1375/1472/1180 1407/1485/1193
f 1247/1400/1118 1357/1426/1139 1333/1585/1284 1348/1401/1119
f 1348/1401/1119 1333/1585/1284 1334/1586/1285 1276/1404/1122
f 1248/1425/1138 1364/1440/1153 1333/1585/1284 1357/1426/1139
f 1364/1440/1153 1363/1439/1152 1334/1586/1285 1333/1585/1284
f 1283/1410/1127 1276/1409/1122 1334/1586/1285 1363/1439/1152
f 1249/1445/1158 1287/1464/1172 1335/1587/1286 1365/1446/1159
f 1289/1438/1151 1280/1436/1149 1335/1587/1286 1287/1464/1172
f 1368/1435/1148 1365/1451/1159 1335/1587/1286 1280/1436/1149
f 1250/1444/1157 1282/1442/1155 1299/1588/1287 1290/1468/1176
f 1386/1443/1156 1383/1487/1195 1336/1589/1288 1426/1441/1154
f 1426/1441/1154 1336/1589/1288 1299/1588/1287 1282/1442/1155
f 1251/1475/1183 1376/1473/1181 1336/1589/1288 1383/1487/1195
f 1376/1473/1181 1290/1468/1176 1299/1588/1287 1336/1589/1288
f 1252/1498/1206 1261/1496/1204 1300/1590/1289 1263/1499/1207
f 1373/1467/1175 1288/1466/1174 1300/1590/1289 1261/1496/1204
f 1393/1465/1173 1263/1499/1207 1300/1590/1289 1288/1466/1174
f 1382/1486/1194 1259/1484/1192 1337/1591/1290 1427/1512/1220
f 1427/1512/1220 1337/1591/1290 1301/1592/1291 1338/1513/1221
f 1253/1482/1190 1308/1528/1233 1428/1593/1292 1380/1483/1191
f 1308/1528/1233 1268/1527/1228 1339/1594/1293 1428/1593/1292
f 1428/1593/1292 1339/1594/1293 1301/1592/1291 1337/1591/1290
f 1380/1483/1191 1428/1593/1292 1337/1591/1290 1259/1484/1192
f 1303/1516/1224 1338/1520/1221 1301/1595/1291 1339/1596/1293
f 1254/1517/1225 1303/1516/1224 1339/1596/1293 1268/1522/1228
f 1313/1543/1244 1270/1542/1242 1302/1597/1294 1340/1544/1245
f 1397/1511/1219 1265/1509/1217 1341/1598/1295 1429/1538/1241
f 1429/1538/1241 1341/1598/1295 1302/1599/1294 1270/1539/1242
f 1314/1547/1248 1340/1549/1245 1302/1599/1294 1341/1598/1295
f 1255/1508/1216 1314/1547/1248 1341/1598/1295 1265/1509/1217
f 1256/1417/1132 1305/1515/1223 1343/1600/1296 1354/1418/1133
f 1305/1515/1223 1267/1514/1222 1342/1601/1297 1343/1600/1296
f 1266/1518/1226 1273/1554/1253 1344/1602/1298 1304/1519/1227
f 1304/1519/1227 1344/1602/1298 1342/1603/1297 1267/1521/1222
f 1257/1424/1137 1355/1423/1136 1430/1604/1299 1317/1551/1250
f 1355/1423/1136 1354/1422/1133 1343/1605/1296 1430/1604/1299
f 1430/1604/1299 1343/1605/1296 1342/1603/1297 1344/1602/1298
f 1317/1551/1250 1430/1604/1299 1344/1602/1298 1273/1554/1253
f 1323/1566/1265 1345/1563/1262 1347/1606/1300 1346/1607/1301
f 1258/1458/1168 1323/1566/1265 1346/1607/1301 1285/1459/1169
f 1316/1546/1247 1272/1545/1246 1347/1606/1300 1345/1563/1262
f 1271/1463/1171 1285/1462/1169 1346/1608/1301 1315/1548/1249
f 1315/1548/1249 1346/1608/1301 1347/1609/1300 1272/1550/1246
f 1431/1610/1302 1450/1611/1303 1515/1612/1304 1559/1613/1305
f 1559/1613/1305 1515/1612/1304 1460/1614/1306 1516/1615/1307
f 1450/1616/1303 1517/1617/1308 1518/1618/1309 1515/1619/1304
f 1515/1619/1304 1518/1618/1309 1451/1620/1310 1460/1621/1306
f 1460/1621/1306 1451/1620/1310 1519/1622/1311 1520/1623/1312
f 1516/1615/1307 1460/1614/1306 1520/1624/1312 1560/1625/1313
f 1447/1626/1314 1619/1627/1315 1620/1628/1316 1472/1629/1317
f 1527/1630/1318 1452/1631/1319 1562/1632/1320 1561/1633/1321
f 1561/1633/1321 1562/1632/1320 1523/1634/1322 1521/1635/1323
f 1452/1631/1319 1431/1610/1302 1522/1636/1324 1562/1632/1320
f 1562/1632/1320 1522/1636/1324 1453/1637/1325 1523/1634/1322
f 1523/1634/1322 1453/1637/1325 1524/1638/1326 1563/1639/1327
f 1598/1640/1328 1581/1641/1329 1532/1642/1330 1510/1643/1331
f 1521/1635/1323 1523/1634/1322 1563/1639/1327 1564/1644/1332
f 1597/1645/1333 1598/1640/1328 1510/1643/1331 1525/1646/1334
f 1517/1617/1308 1509/1647/1335 1526/1648/1336 1455/1649/1337
f 1509/1650/1335 1527/1630/1318 1528/1651/1338 1526/1652/1336
f 1526/1652/1336 1528/1651/1338 1529/1653/1339 1454/1654/1340
f 1455/1649/1337 1526/1648/1336 1454/1654/1340 1433/1655/1341
f 1432/1656/1342 1456/1657/1343 1530/1658/1344 1565/1659/1345
f 1565/1659/1345 1530/1658/1344 1461/1660/1346 1531/1661/1347
f 1456/1662/1343 1532/1642/1330 1533/1663/1348 1530/1664/1344
f 1530/1664/1344 1533/1663/1348 1457/1665/1349 1461/1666/1346
f 1461/1666/1346 1457/1665/1349 1534/1667/1350 1535/1668/1351
f 1531/1661/1347 1461/1660/1346 1535/1669/1351 1566/1670/1352
f 1446/1671/1353 1612/1672/1354 1613/1673/1355 1473/1674/1356
f 1525/1646/1334 1458/1675/1357 1538/1676/1358 1536/1677/1359
f 1458/1678/1357 1432/1656/1342 1537/1679/1360 1538/1680/1358
f 1538/1680/1358 1537/1679/1360 1539/1681/1361 1540/1682/1362
f 1536/1677/1359 1538/1676/1358 1540/1682/1362 1541/1683/1363
f 1433/1655/1341 1542/1684/1364 1543/1685/1365 1544/1686/1366
f 1544/1686/1366 1543/1685/1365 1462/1687/1367 1435/1688/1368
f 1542/1684/1364 1545/1689/1369 1546/1690/1370 1543/1685/1365
f 1543/1685/1365 1546/1690/1370 1459/1691/1371 1462/1687/1367
f 1462/1687/1367 1459/1691/1371 1547/1692/1372 1548/1693/1373
f 1435/1688/1368 1462/1687/1367 1548/1693/1373 1549/1694/1374
f 1440/1695/1375 1601/1696/1376 1602/1697/1377 1470/1698/1378
f 1545/1689/1369 1512/1699/1379 1567/1700/1380 1550/1701/1381
f 1550/1701/1381 1567/1700/1380 1552/1702/1382 1437/1703/1383
f 1512/1699/1379 1529/1653/1339 1551/1704/1384 1567/1700/1380
f 1567/1700/1380 1551/1704/1384 1436/1705/1385 1552/1702/1382
f 1552/1702/1382 1436/1705/1385 1553/1706/1386 1568/1707/1387
f 1594/1708/1388 1595/1709/1389 1541/1683/1363 1513/1710/1390
f 1437/1703/1383 1552/1702/1382 1568/1707/1387 1554/1711/1391
f 1593/1712/1392 1594/1708/1388 1513/1710/1390 1434/1713/1393
f 1434/1713/1393 1438/1714/1394 1570/1715/1395 1569/1716/1396
f 1569/1716/1396 1570/1715/1395 1557/1717/1397 1555/1718/1398
f 1438/1714/1394 1539/1681/1361 1556/1719/1399 1570/1715/1395
f 1570/1715/1395 1556/1719/1399 1439/1720/1400 1557/1717/1397
f 1557/1717/1397 1439/1720/1400 1558/1721/1401 1571/1722/1402
f 1609/1723/1403 1610/1724/1404 1445/1725/1405 1471/1726/1406
f 1555/1718/1398 1557/1717/1397 1571/1722/1402 1572/1727/1407
f 1443/1728/1408 1608/1729/1409 1609/1723/1403 1471/1726/1406
f 1440/1695/1375 1475/1730/1410 1600/1731/1411 1601/1696/1376
f 1440/1695/1375 1474/1732/1412 1441/1733/1413 1475/1730/1410
f 1475/1730/1410 1441/1733/1413 1485/1734/1414 1442/1735/1415
f 1475/1730/1410 1442/1735/1415 1599/1736/1416 1600/1731/1411
f 1474/1732/1412 1514/1737/1417 1476/1738/1418 1477/1739/1419
f 1477/1739/1419 1476/1738/1418 1463/1740/1420 1444/1741/1421
f 1476/1738/1418 1514/1737/1417 1603/1742/1422 1604/1743/1423
f 1476/1738/1418 1604/1743/1423 1605/1744/1424 1463/1740/1420
f 1478/1745/1425 1463/1740/1420 1605/1744/1424 1606/1746/1426
f 1589/1747/1427 1607/1748/1428 1608/1729/1409 1443/1728/1408
f 1444/1741/1421 1463/1740/1420 1478/1745/1425 1479/1749/1429
f 1588/1750/1430 1589/1747/1427 1443/1728/1408 1481/1751/1431
f 1481/1751/1431 1445/1725/1405 1482/1752/1432 1480/1753/1433
f 1610/1724/1404 1611/1754/1434 1482/1752/1432 1445/1725/1405
f 1482/1752/1432 1611/1754/1434 1612/1672/1354 1446/1671/1353
f 1480/1753/1433 1482/1752/1432 1446/1671/1353 1483/1755/1435
f 1484/1756/1436 1618/1757/1437 1619/1627/1315 1447/1626/1314
f 1484/1756/1436 1464/1758/1438 1617/1759/1439 1618/1757/1437
f 1447/1760/1314 1485/1734/1414 1486/1761/1440 1484/1762/1436
f 1484/1762/1436 1486/1761/1440 1448/1763/1441 1464/1764/1438
f 1464/1764/1438 1448/1763/1441 1487/1765/1442 1488/1766/1443
f 1585/1767/1444 1586/1768/1445 1483/1755/1435 1449/1769/1446
f 1616/1770/1447 1617/1759/1439 1464/1758/1438 1488/1771/1443
f 1585/1772/1444 1449/1773/1446 1614/1774/1448 1615/1775/1449
f 1527/1630/1318 1561/1633/1321 1490/1776/1450 1528/1651/1338
f 1561/1633/1321 1521/1635/1323 1489/1777/1451 1490/1776/1450
f 1521/1635/1323 1564/1644/1332 1491/1778/1452 1489/1777/1451
f 1596/1779/1453 1597/1645/1333 1525/1646/1334 1536/1677/1359
f 1489/1777/1451 1491/1778/1452 1553/1706/1386 1436/1705/1385
f 1595/1709/1389 1596/1779/1453 1536/1677/1359 1541/1683/1363
f 1528/1651/1338 1490/1776/1450 1551/1704/1384 1529/1653/1339
f 1490/1776/1450 1489/1777/1451 1436/1705/1385 1551/1704/1384
f 1545/1689/1369 1550/1701/1381 1573/1780/1454 1546/1690/1370
f 1550/1701/1381 1437/1703/1383 1492/1781/1455 1573/1780/1454
f 1573/1780/1454 1492/1781/1455 1465/1782/1456 1493/1783/1457
f 1546/1690/1370 1573/1780/1454 1493/1783/1457 1459/1691/1371
f 1437/1703/1383 1554/1711/1391 1574/1784/1458 1492/1781/1455
f 1592/1785/1459 1593/1712/1392 1434/1713/1393 1569/1716/1396
f 1591/1786/1460 1592/1785/1459 1569/1716/1396 1555/1718/1398
f 1492/1781/1455 1574/1784/1458 1494/1787/1461 1465/1782/1456
f 1465/1782/1456 1494/1787/1461 1575/1788/1462 1495/1789/1463
f 1590/1790/1464 1591/1786/1460 1555/1718/1398 1572/1727/1407
f 1459/1691/1371 1493/1783/1457 1576/1791/1465 1547/1692/1372
f 1493/1783/1457 1465/1782/1456 1495/1789/1463 1576/1791/1465
f 1477/1739/1419 1444/1741/1421 1498/1792/1466 1496/1793/1467
f 1474/1732/1412 1477/1739/1419 1496/1793/1467 1441/1733/1413
f 1587/1794/1468 1588/1750/1430 1481/1751/1431 1480/1753/1433
f 1444/1741/1421 1479/1749/1429 1497/1795/1469 1498/1792/1466
f 1586/1768/1445 1587/1794/1468 1480/1753/1433 1483/1755/1435
f 1498/1792/1466 1497/1795/1469 1487/1765/1442 1448/1763/1441
f 1496/1793/1467 1498/1792/1466 1448/1763/1441 1486/1761/1440
f 1441/1733/1413 1496/1793/1467 1486/1761/1440 1485/1734/1414
f 1577/1796/1470 1499/1797/1471 1466/1798/1472 1500/1799/1473
f 1560/1625/1313 1577/1796/1470 1500/1799/1473 1516/1615/1307
f 1583/1800/1474 1584/1801/1475 1534/1667/1350 1457/1665/1349
f 1499/1797/1471 1578/1802/1476 1501/1803/1477 1466/1798/1472
f 1466/1798/1472 1501/1803/1477 1579/1804/1478 1502/1805/1479
f 1582/1806/1480 1583/1800/1474 1457/1665/1349 1533/1663/1348
f 1581/1641/1329 1582/1806/1480 1533/1663/1348 1532/1642/1330
f 1502/1805/1479 1579/1804/1478 1524/1638/1326 1453/1637/1325
f 1516/1615/1307 1500/1799/1473 1580/1807/1481 1559/1613/1305
f 1500/1799/1473 1466/1798/1472 1502/1805/1479 1580/1807/1481
f 1580/1807/1481 1502/1805/1479 1453/1637/1325 1522/1636/1324
f 1559/1613/1305 1580/1807/1481 1522/1636/1324 1431/1610/1302
f 1432/1656/1342 1565/1659/1345 1504/1808/1482 1537/1679/1360
f 1565/1659/1345 1531/1661/1347 1503/1809/1483 1504/1808/1482
f 1531/1661/1347 1566/1670/1352 1505/1810/1484 1503/1809/1483
f 1503/1809/1483 1505/1810/1484 1558/1721/1401 1439/1720/1400
f 1537/1679/1360 1504/1808/1482 1556/1719/1399 1539/1681/1361
f 1504/1808/1482 1503/1809/1483 1439/1720/1400 1556/1719/1399
f 1519/1622/1311 1451/1620/1310 1506/1811/1485 1507/1812/1486
f 1451/1620/1310 1518/1618/1309 1508/1813/1487 1506/1811/1485
f 1518/1618/1309 1517/1617/1308 1455/1649/1337 1508/1813/1487
f 1506/1811/1485 1508/1813/1487 1544/1686/1366 1435/1688/1368
f 1508/1813/1487 1455/1649/1337 1433/1655/1341 1544/1686/1366
f 1507/1812/1486 1506/1811/1485 1435/1688/1368 1549/1694/1374
f 1431/1610/1302 1452/1631/1319 1467/1814/1488 1450/1611/1303
f 1527/1630/1318 1509/1650/1335 1467/1814/1488 1452/1631/1319
f 1517/1617/1308 1450/1616/1303 1467/1815/1488 1509/1647/1335
f 1432/1656/1342 1458/1678/1357 1468/1816/1489 1456/1657/1343
f 1525/1646/1334 1510/1643/1331 1468/1817/1489 1458/1675/1357
f 1532/1642/1330 1456/1662/1343 1468/1817/1489 1510/1643/1331
f 1433/1655/1341 1454/1654/1340 1511/1818/1490 1542/1684/1364
f 1529/1653/1339 1512/1699/1379 1511/1818/1490 1454/1654/1340
f 1545/1689/1369 1542/1684/1364 1511/1818/1490 1512/1699/1379
f 1434/1713/1393 1513/1710/1390 1469/1819/1491 1438/1714/1394
f 1541/1683/1363 1540/1682/1362 1469/1819/1491 1513/1710/1390
f 1539/1681/1361 1438/1714/1394 1469/1819/1491 1540/1682/1362
f 1514/1737/1417 1470/1698/1378 1602/1697/1377 1603/1742/1422
f 1474/1732/1412 1440/1695/1375 1470/1698/1378 1514/1737/1417
f 1481/1751/1431 1443/1728/1408 1471/1726/1406 1445/1725/1405
f 1442/1735/1415 1472/1820/1317 1620/1821/1316 1599/1736/1416
f 1485/1734/1414 1447/1760/1314 1472/1820/1317 1442/1735/1415
f 1449/1773/1446 1473/1822/1356 1613/1823/1355 1614/1774/1448
f 1483/1755/1435 1446/1671/1353 1473/1674/1356 1449/1769/1446
f 1579/1804/1478 1582/1806/1480 1581/1641/1329 1524/1638/1326
f 1501/1803/1477 1583/1800/1474 1582/1806/1480 1579/1804/1478
f 1578/1802/1476 1584/1801/1475 1583/1800/1474 1501/1803/1477
f 1616/1770/1447 1488/1771/1443 1585/1772/1444 1615/1775/1449
f 1488/1766/1443 1487/1765/1442 1586/1768/1445 1585/1767/1444
f 1497/1795/1469 1587/1794/1468 1586/1768/1445 1487/1765/1442
f 1479/1749/1429 1588/1750/1430 1587/1794/1468 1497/1795/1469
f 1479/1749/1429 1478/1745/1425 1589/1747/1427 1588/1750/1430
f 1478/1745/1425 1606/1746/1426 1607/1748/1428 1589/1747/1427
f 1494/1787/1461 1591/1786/1460 1590/1790/1464 1575/1788/1462
f 1574/1784/1458 1592/1785/1459 1591/1786/1460 1494/1787/1461
f 1554/1711/1391 1593/1712/1392 1592/1785/1459 1574/1784/1458
f 1554/1711/1391 1568/1707/1387 1594/1708/1388 1593/1712/1392
f 1568/1707/1387 1553/1706/1386 1595/1709/1389 1594/1708/1388
f 1491/1778/1452 1596/1779/1453 1595/1709/1389 1553/1706/1386
f 1564/1644/1332 1597/1645/1333 1596/1779/1453 1491/1778/1452
f 1564/1644/1332 1563/1639/1327 1598/1640/1328 1597/1645/1333
f 1563/1639/1327 1524/1638/1326 1581/1641/1329 1598/1640/1328
f 1600/1731/1411 1599/1736/1416 1519/1622/1311 1507/1812/1486
f 1601/1696/1376 1600/1731/1411 1507/1812/1486 1549/1694/1374
f 1602/1697/1377 1601/1696/1376 1549/1694/1374 1548/1693/1373
f 1548/1693/1373 1547/1692/1372 1603/1742/1422 1602/1697/1377
f 1604/1743/1423 1603/1742/1422 1547/1692/1372 1576/1791/1465
f 1605/1744/1424 1604/1743/1423 1576/1791/1465 1495/1789/1463
f 1606/1746/1426 1605/1744/1424 1495/1789/1463 1575/1788/1462
f 1607/1748/1428 1606/1746/1426 1575/1788/1462 1590/1790/1464
f 1572/1727/1407 1608/1729/1409 1607/1748/1428 1590/1790/1464
f 1572/1727/1407 1571/1722/1402 1609/1723/1403 1608/1729/1409
f 1571/1722/1402 1558/1721/1401 1610/1724/1404 1609/1723/1403
f 1611/1754/1434 1610/1724/1404 1558/1721/1401 1505/1810/1484
f 1566/1670/1352 1612/1672/1354 1611/1754/1434 1505/1810/1484
f 1566/1670/1352 1535/1669/1351 1613/1673/1355 1612/1672/1354
f 1535/1668/1351 1534/1667/1350 1614/1774/1448 1613/1823/1355
f 1584/1801/1475 1615/1775/1449 1614/1774/1448 1534/1667/1350
f 1578/1802/1476 1616/1770/1447 1615/1775/1449 1584/1801/1475
f 1617/1759/1439 1616/1770/1447 1578/1802/1476 1499/1797/1471
f 1618/1757/1437 1617/1759/1439 1499/1797/1471 1577/1796/1470
f 1560/1625/1313 1619/1627/1315 1618/1757/1437 1577/1796/1470
f 1560/1625/1313 1520/1624/1312 1620/1628/1316 1619/1627/1315
f 1520/1623/1312 1519/1622/1311 1599/1736/1416 1620/1821/1316
f 1622/1824/1492 1823/1825/1493 1684/1826/1494 1825/1827/1495
f 1621/1828/1496 1824/1829/1497 1684/1830/1494 1823/1831/1493
f 1826/1832/1498 1623/1833/1499 1621/1828/1496 1823/1831/1493
f 1624/1834/1500 1826/1835/1498 1823/1825/1493 1622/1824/1492
f 1827/1836/1501 1829/1837/1502 1623/1833/1499 1826/1832/1498
f 1830/1838/1503 1827/1839/1501 1826/1835/1498 1624/1834/1500
f 1833/1840/1504 1828/1841/1505 1827/1839/1501 1830/1838/1503
f 1828/1842/1505 1832/1843/1506 1829/1837/1502 1827/1836/1501
f 1836/1844/1507 1831/1845/1508 1828/1841/1505 1833/1840/1504
f 1831/1846/1508 1835/1847/1509 1832/1843/1506 1828/1842/1505
f 1839/1848/1510 1834/1849/1511 1831/1845/1508 1836/1844/1507
f 1834/1850/1511 1838/1851/1512 1835/1847/1509 1831/1846/1508
f 1842/1852/1513 1837/1853/1514 1834/1849/1511 1839/1848/1510
f 1837/1854/1514 1841/1855/1515 1838/1851/1512 1834/1850/1511
f 1845/1856/1516 1840/1857/1517 1837/1853/1514 1842/1852/1513
f 1840/1858/1517 1844/1859/1518 1841/1855/1515 1837/1854/1514
f 1848/1860/1519 1843/1861/1520 1840/1857/1517 1845/1856/1516
f 1843/1862/1520 1847/1863/1521 1844/1859/1518 1840/1858/1517
f 1851/1864/1522 1846/1865/1523 1843/1861/1520 1848/1860/1519
f 1846/1866/1523 1850/1867/1524 1847/1863/1521 1843/1862/1520
f 1854/1868/1525 1849/1869/1526 1846/1865/1523 1851/1864/1522
f 1849/1870/1526 1853/1871/1527 1850/1867/1524 1846/1866/1523
f 1857/1872/1528 1852/1873/1529 1849/1869/1526 1854/1868/1525
f 1852/1874/1529 1856/1875/1530 1853/1871/1527 1849/1870/1526
f 1626/1876/1531 1855/1877/1532 1852/1873/1529 1857/1872/1528
f 1855/1878/1532 1625/1879/1533 1856/1875/1530 1852/1874/1529
f 1858/1880/1534 1627/1881/1535 1625/1879/1533 1855/1878/1532
f 1628/1882/1536 1858/1883/1534 1855/1877/1532 1626/1876/1531
f 1859/1884/1537 1629/1885/1538 1627/1881/1535 1858/1880/1534
f 1630/1886/1539 1859/1887/1537 1858/1883/1534 1628/1882/1536
f 1860/1888/1540 1631/1889/1541 1629/1885/1538 1859/1884/1537
f 1632/1890/1542 1860/1891/1540 1859/1887/1537 1630/1886/1539
f 1861/1892/1543 1633/1893/1544 1631/1889/1541 1860/1888/1540
f 1634/1894/1545 1861/1895/1543 1860/1891/1540 1632/1890/1542
f 1862/1896/1546 1635/1897/1547 1633/1893/1544 1861/1892/1543
f 1636/1898/1548 1862/1899/1546 1861/1895/1543 1634/1894/1545
f 1863/1900/1549 1637/1901/1550 1635/1897/1547 1862/1896/1546
f 1638/1902/1551 1863/1903/1549 1862/1899/1546 1636/1898/1548
f 1869/1904/1552 1864/1905/1553 1966/1906/1554 1866/1907/1555
f 1864/1908/1553 1868/1909/1556 1865/1910/1557 1966/1911/1554
f 1966/1911/1554 1865/1910/1557 1637/1901/1550 1863/1900/1549
f 1866/1907/1555 1966/1906/1554 1863/1903/1549 1638/1902/1551
f 1640/1912/1558 1867/1913/1559 1864/1905/1553 1869/1904/1552
f 1867/1914/1559 1639/1915/1560 1868/1909/1556 1864/1908/1553
f 1870/1916/1561 1871/1917/1562 1640/1912/1558 1869/1904/1552
f 1872/1918/1563 1870/1916/1561 1869/1904/1552 1866/1907/1555
f 1873/1919/1564 1872/1918/1563 1866/1907/1555 1638/1902/1551
f 1874/1920/1565 1873/1919/1564 1638/1902/1551 1636/1898/1548
f 1875/1921/1566 1874/1920/1565 1636/1898/1548 1634/1894/1545
f 1876/1922/1567 1875/1921/1566 1634/1894/1545 1632/1890/1542
f 1877/1923/1568 1876/1922/1567 1632/1890/1542 1630/1886/1539
f 1878/1924/1569 1877/1923/1568 1630/1886/1539 1628/1882/1536
f 1879/1925/1570 1878/1924/1569 1628/1882/1536 1626/1876/1531
f 1880/1926/1571 1879/1925/1570 1626/1876/1531 1857/1872/1528
f 1881/1927/1572 1880/1926/1571 1857/1872/1528 1854/1868/1525
f 1882/1928/1573 1881/1927/1572 1854/1868/1525 1851/1864/1522
f 1883/1929/1574 1882/1928/1573 1851/1864/1522 1848/1860/1519
f 1884/1930/1575 1883/1929/1574 1848/1860/1519 1845/1856/1516
f 1885/1931/1576 1884/1930/1575 1845/1856/1516 1842/1852/1513
f 1886/1932/1577 1885/1931/1576 1842/1852/1513 1839/1848/1510
f 1887/1933/1578 1886/1932/1577 1839/1848/1510 1836/1844/1507
f 1888/1934/1579 1887/1933/1578 1836/1844/1507 1833/1840/1504
f 1889/1935/1580 1888/1934/1579 1833/1840/1504 1830/1838/1503
f 1890/1936/1581 1889/1935/1580 1830/1838/1503 1624/1834/1500
f 1891/1937/1582 1890/1936/1581 1624/1834/1500 1622/1824/1492
f 1623/1833/1499 1892/1938/1583 1641/1939/1584 1621/1828/1496
f 1829/1837/1502 1893/1940/1585 1892/1938/1583 1623/1833/1499
f 1832/1843/1506 1642/1941/1586 1893/1940/1585 1829/1837/1502
f 1835/1847/1509 1643/1942/1587 1642/1941/1586 1832/1843/1506
f 1838/1851/1512 1644/1943/1588 1643/1942/1587 1835/1847/1509
f 1841/1855/1515 1645/1944/1589 1644/1943/1588 1838/1851/1512
f 1844/1859/1518 1646/1945/1590 1645/1944/1589 1841/1855/1515
f 1847/1863/1521 1647/1946/1591 1646/1945/1590 1844/1859/1518
f 1850/1867/1524 1648/1947/1592 1647/1946/1591 1847/1863/1521
f 1853/1871/1527 1649/1948/1593 1648/1947/1592 1850/1867/1524
f 1856/1875/1530 1650/1949/1594 1649/1948/1593 1853/1871/1527
f 1625/1879/1533 1651/1950/1595 1650/1949/1594 1856/1875/1530
f 1627/1881/1535 1894/1951/1596 1651/1950/1595 1625/1879/1533
f 1629/1885/1538 1895/1952/1597 1894/1951/1596 1627/1881/1535
f 1631/1889/1541 1896/1953/1598 1895/1952/1597 1629/1885/1538
f 1633/1893/1544 1897/1954/1599 1896/1953/1598 1631/1889/1541
f 1635/1897/1547 1898/1955/1600 1897/1954/1599 1633/1893/1544
f 1637/1901/1550 1899/1956/1601 1898/1955/1600 1635/1897/1547
f 1868/1909/1556 1652/1957/1602 1900/1958/1603 1865/1910/1557
f 1865/1910/1557 1900/1958/1603 1899/1956/1601 1637/1901/1550
f 1639/1915/1560 1653/1959/1604 1652/1957/1602 1868/1909/1556
f 1901/1960/1605 1902/1961/1606 1871/1917/1562 1870/1916/1561
f 1903/1962/1607 1901/1960/1605 1870/1916/1561 1872/1918/1563
f 1904/1963/1608 1903/1962/1607 1872/1918/1563 1873/1919/1564
f 1905/1964/1609 1904/1963/1608 1873/1919/1564 1874/1920/1565
f 1906/1965/1610 1905/1964/1609 1874/1920/1565 1875/1921/1566
f 1907/1966/1611 1906/1965/1610 1875/1921/1566 1876/1922/1567
f 1908/1967/1612 1907/1966/1611 1876/1922/1567 1877/1923/1568
f 1909/1968/1613 1908/1967/1612 1877/1923/1568 1878/1924/1569
f 1910/1969/1614 1909/1968/1613 1878/1924/1569 1879/1925/1570
f 1911/1970/1615 1910/1969/1614 1879/1925/1570 1880/1926/1571
f 1912/1971/1616 1911/1970/1615 1880/1926/1571 1881/1927/1572
f 1913/1972/1617 1912/1971/1616 1881/1927/1572 1882/1928/1573
f 1914/1973/1618 1913/1972/1617 1882/1928/1573 1883/1929/1574
f 1915/1974/1619 1914/1973/1618 1883/1929/1574 1884/1930/1575
f 1916/1975/1620 1915/1974/1619 1884/1930/1575 1885/1931/1576
f 1917/1976/1621 1916/1975/1620 1885/1931/1576 1886/1932/1577
f 1918/1977/1622 1917/1976/1621 1886/1932/1577 1887/1933/1578
f 1919/1978/1623 1918/1977/1622 1887/1933/1578 1888/1934/1579
f 1920/1979/1624 1919/1978/1623 1888/1934/1579 1889/1935/1580
f 1921/1980/1625 1920/1979/1624 1889/1935/1580 1890/1936/1581
f 1922/1981/1626 1921/1980/1625 1890/1936/1581 1891/1937/1582
f 1892/1938/1583 1935/1982/1627 1936/1983/1628 1641/1939/1584
f 1893/1940/1585 1937/1984/1629 1935/1982/1627 1892/1938/1583
f 1642/1941/1586 1938/1985/1630 1937/1984/1629 1893/1940/1585
f 1643/1942/1587 1939/1986/1631 1938/1985/1630 1642/1941/1586
f 1644/1943/1588 1940/1987/1632 1939/1986/1631 1643/1942/1587
f 1645/1944/1589 1941/1988/1633 1940/1987/1632 1644/1943/1588
f 1646/1945/1590 1942/1989/1634 1941/1988/1633 1645/1944/1589
f 1647/1946/1591 1943/1990/1635 1942/1989/1634 1646/1945/1590
f 1648/1947/1592 1944/1991/1636 1943/1990/1635 1647/1946/1591
f 1649/1948/1593 1945/1992/1637 1944/1991/1636 1648/1947/1592
f 1650/1949/1594 1946/1993/1638 1945/1992/1637 1649/1948/1593
f 1651/1950/1595 1947/1994/1639 1946/1993/1638 1650/1949/1594
f 1894/1951/1596 1948/1995/1640 1947/1994/1639 1651/1950/1595
f 1895/1952/1597 1949/1996/1641 1948/1995/1640 1894/1951/1596
f 1896/1953/1598 1950/1997/1642 1949/1996/1641 1895/1952/1597
f 1897/1954/1599 1951/1998/1643 1950/1997/1642 1896/1953/1598
f 1898/1955/1600 1952/1999/1644 1951/1998/1643 1897/1954/1599
f 1899/1956/1601 1953/2000/1645 1952/1999/1644 1898/1955/1600
f 1652/1957/1602 1954/2001/1646 1967/2002/1647 1900/1958/1603
f 1900/1958/1603 1967/2002/1647 1953/2000/1645 1899/1956/1601
f 1653/1959/1604 1955/2003/1648 1954/2001/1646 1652/1957/1602
f 1923/2004/1649 1654/2005/1650 1902/1961/1606 1901/1960/1605
f 1655/2006/1651 1924/2007/1652 1903/1962/1607 1904/1963/1608
f 1924/2007/1652 1923/2004/1649 1901/1960/1605 1903/1962/1607
f 1656/2008/1653 1655/2006/1651 1904/1963/1608 1905/1964/1609
f 1657/2009/1654 1656/2008/1653 1905/1964/1609 1906/1965/1610
f 1658/2010/1655 1657/2009/1654 1906/1965/1610 1907/1966/1611
f 1659/2011/1656 1658/2010/1655 1907/1966/1611 1908/1967/1612
f 1660/2012/1657 1659/2011/1656 1908/1967/1612 1909/1968/1613
f 1661/2013/1658 1660/2012/1657 1909/1968/1613 1910/1969/1614
f 1925/2014/1659 1661/2013/1658 1910/1969/1614 1911/1970/1615
f 1926/2015/1660 1925/2014/1659 1911/1970/1615 1912/1971/1616
f 1927/2016/1661 1926/2015/1660 1912/1971/1616 1913/1972/1617
f 1928/2017/1662 1927/2016/1661 1913/1972/1617 1914/1973/1618
f 1929/2018/1663 1928/2017/1662 1914/1973/1618 1915/1974/1619
f 1930/2019/1664 1929/2018/1663 1915/1974/1619 1916/1975/1620
f 1931/2020/1665 1930/2019/1664 1916/1975/1620 1917/1976/1621
f 1932/2021/1666 1931/2020/1665 1917/1976/1621 1918/1977/1622
f 1933/2022/1667 1932/2021/1666 1918/1977/1622 1919/1978/1623
f 1934/2023/1668 1933/2022/1667 1919/1978/1623 1920/1979/1624
f 1662/2024/1669 1934/2023/1668 1920/1979/1624 1921/1980/1625
f 1663/2025/1670 1662/2024/1669 1921/1980/1625 1922/1981/1626
f 1935/1982/1627 1714/2026/1671 1715/2027/1672 1936/1983/1628
f 1937/1984/1629 1716/2028/1673 1714/2026/1671 1935/1982/1627
f 1938/1985/1630 1717/2029/1674 1716/2028/1673 1937/1984/1629
f 1939/1986/1631 1718/2030/1675 1717/2029/1674 1938/1985/1630
f 1940/1987/1632 1719/2031/1676 1718/2030/1675 1939/1986/1631
f 1941/1988/1633 1720/2032/1677 1719/2031/1676 1940/1987/1632
f 1942/1989/1634 1721/2033/1678 1720/2032/1677 1941/1988/1633
f 1943/1990/1635 1722/2034/1679 1721/2033/1678 1942/1989/1634
f 1944/1991/1636 1723/2035/1680 1722/2034/1679 1943/1990/1635
f 1945/1992/1637 1724/2036/1681 1723/2035/1680 1944/1991/1636
f 1946/1993/1638 1725/2037/1682 1724/2036/1681 1945/1992/1637
f 1947/1994/1639 1726/2038/1683 1725/2037/1682 1946/1993/1638
f 1948/1995/1640 1727/2039/1684 1726/2038/1683 1947/1994/1639
f 1949/1996/1641 1729/2040/1685 1727/2039/1684 1948/1995/1640
f 1950/1997/1642 1731/2041/1686 1729/2040/1685 1949/1996/1641
f 1951/1998/1643 1732/2042/1687 1731/2041/1686 1950/1997/1642
f 1952/1999/1644 1734/2043/1688 1732/2042/1687 1951/1998/1643
f 1953/2000/1645 1736/2044/1689 1734/2043/1688 1952/1999/1644
f 1954/2001/1646 1737/2045/1690 1968/2046/1691 1967/2002/1647
f 1967/2002/1647 1968/2046/1691 1736/2044/1689 1953/2000/1645
f 1955/2003/1648 1738/2047/1692 1737/2045/1690 1954/2001/1646
f 1956/2048/1693 1664/2049/1694 1654/2005/1650 1923/2004/1649
f 1815/2050/1695 1957/2051/1696 1924/2007/1652 1655/2006/1651
f 1957/2051/1696 1956/2048/1693 1923/2004/1649 1924/2007/1652
f 1814/2052/1697 1815/2050/1695 1655/2006/1651 1656/2008/1653
f 1813/2053/1698 1814/2052/1697 1656/2008/1653 1657/2009/1654
f 1812/2054/1699 1813/2053/1698 1657/2009/1654 1658/2010/1655
f 1811/2055/1700 1812/2054/1699 1658/2010/1655 1659/2011/1656
f 1810/2056/1701 1811/2055/1700 1659/2011/1656 1660/2012/1657
f 1809/2057/1702 1810/2056/1701 1660/2012/1657 1661/2013/1658
f 1958/2058/1703 1809/2057/1702 1661/2013/1658 1925/2014/1659
f 1959/2059/1704 1958/2058/1703 1925/2014/1659 1926/2015/1660
f 1960/2060/1705 1959/2059/1704 1926/2015/1660 1927/2016/1661
f 1961/2061/1706 1960/2060/1705 1927/2016/1661 1928/2017/1662
f 1962/2062/1707 1961/2061/1706 1928/2017/1662 1929/2018/1663
f 1963/2063/1708 1962/2062/1707 1929/2018/1663 1930/2019/1664
f 1964/2064/1709 1963/2063/1708 1930/2019/1664 1931/2020/1665
f 1965/2065/1710 1964/2064/1709 1931/2020/1665 1932/2021/1666
f 1712/2066/1711 1965/2065/1710 1932/2021/1666 1933/2022/1667
f 1713/2067/1712 1712/2066/1711 1933/2022/1667 1934/2023/1668
f 1801/2068/1713 1713/2067/1712 1934/2023/1668 1662/2024/1669
f 1799/2069/1714 1801/2068/1713 1662/2024/1669 1663/2025/1670
f 1714/2026/1671 1666/2070/1715 1665/2071/1716 1715/2027/1672
f 1716/2028/1673 1667/2072/1717 1666/2070/1715 1714/2026/1671
f 1717/2029/1674 1668/2073/1718 1667/2072/1717 1716/2028/1673
f 1718/2030/1675 1669/2074/1719 1668/2073/1718 1717/2029/1674
f 1719/2031/1676 1802/2075/1720 1669/2074/1719 1718/2030/1675
f 1720/2032/1677 1803/2076/1721 1802/2075/1720 1719/2031/1676
f 1721/2033/1678 1804/2077/1722 1803/2076/1721 1720/2032/1677
f 1722/2034/1679 1805/2078/1723 1804/2077/1722 1721/2033/1678
f 1723/2035/1680 1806/2079/1724 1805/2078/1723 1722/2034/1679
f 1724/2036/1681 1807/2080/1725 1806/2079/1724 1723/2035/1680
f 1725/2037/1682 1808/2081/1726 1807/2080/1725 1724/2036/1681
f 1726/2038/1683 1670/2082/1727 1808/2081/1726 1725/2037/1682
f 1727/2039/1684 1728/2083/1728 1670/2082/1727 1726/2038/1683
f 1729/2040/1685 1730/2084/1729 1728/2083/1728 1727/2039/1684
f 1731/2041/1686 1671/2085/1730 1730/2084/1729 1729/2040/1685
f 1732/2042/1687 1733/2086/1731 1671/2085/1730 1731/2041/1686
f 1734/2043/1688 1735/2087/1732 1733/2086/1731 1732/2042/1687
f 1736/2044/1689 1672/2088/1733 1735/2087/1732 1734/2043/1688
f 1737/2045/1690 1673/2089/1734 1970/2090/1735 1968/2046/1691
f 1968/2046/1691 1970/2090/1735 1672/2088/1733 1736/2044/1689
f 1738/2047/1692 1797/2091/1736 1673/2089/1734 1737/2045/1690
f 1639/1915/1560 1867/1914/1559 1739/2092/1737 1707/2093/1738
f 1640/1912/1558 1683/2094/1739 1739/2095/1737 1867/1913/1559
f 1674/2096/1740 1740/2097/1741 1744/2098/1742 1710/2099/1743
f 1675/2100/1744 1674/2096/1740 1676/2101/1745 1741/2102/1746
f 1740/2097/1741 1742/2103/1747 1677/2104/1748
f 1741/2102/1746 1676/2101/1745 1743/2105/1749 1746/2106/1750
f 1677/2104/1748 1745/2107/1751 1798/2108/1752 1744/2109/1742
f 1745/2107/1751 1675/2100/1744 1741/2102/1746 1678/2110/1753
f 1678/2110/1753 1741/2102/1746 1746/2106/1750 1706/2111/1754
f 1679/2112/1755 1750/2113/1756 1800/2114/1757 1747/2115/1758
f 1749/2116/1759 1748/2117/1760 1680/2118/1761
f 1750/2113/1756 1749/2116/1759 1751/2119/1762 1686/2120/1763
f 1680/2118/1761 1681/2121/1764 1687/2122/1765 1751/2119/1762
f 1681/2121/1764 1679/2123/1755 1747/2124/1758 1682/2125/1766
f 1744/2109/1742 1798/2108/1752 1822/2126/1767 1752/2127/1768
f 1682/2125/1766 1747/2124/1758 1709/2128/1769 1711/2129/1770
f 1739/2095/1737 1683/2094/1739 1753/2130/1771 1754/2131/1772
f 1754/2131/1772 1753/2130/1771 1817/2132/1773 1794/2133/1774
f 1825/1827/1495 1684/1826/1494 1795/2134/1775 1685/2135/1776
f 1685/2135/1776 1795/2134/1775 1755/2136/1777 1818/2137/1778
f 1686/2120/1763 1751/2119/1762 1757/2138/1779 1688/2139/1780
f 1751/2119/1762 1687/2122/1765 1756/2140/1781 1757/2138/1779
f 1688/2139/1780 1757/2138/1779 1759/2141/1782 1760/2142/1783
f 1757/2138/1779 1756/2140/1781 1758/2143/1784 1759/2141/1782
f 1760/2142/1783 1759/2141/1782 1761/2144/1785 1762/2145/1786
f 1759/2141/1782 1758/2143/1784 1689/2146/1787 1761/2144/1785
f 1762/2145/1786 1761/2144/1785 1763/2147/1788 1764/2148/1789
f 1761/2144/1785 1689/2146/1787 1690/2149/1790 1763/2147/1788
f 1764/2148/1789 1763/2147/1788 1765/2150/1791 1766/2151/1792
f 1763/2147/1788 1690/2149/1790 1691/2152/1793 1765/2150/1791
f 1766/2151/1792 1765/2150/1791 1767/2153/1794 1768/2154/1795
f 1765/2150/1791 1691/2152/1793 1692/2155/1796 1767/2153/1794
f 1768/2154/1795 1767/2153/1794 1769/2156/1797 1770/2157/1798
f 1767/2153/1794 1692/2155/1796 1693/2158/1799 1769/2156/1797
f 1770/2157/1798 1769/2156/1797 1771/2159/1800 1772/2160/1801
f 1769/2156/1797 1693/2158/1799 1694/2161/1802 1771/2159/1800
f 1772/2160/1801 1771/2159/1800 1773/2162/1803 1774/2163/1804
f 1771/2159/1800 1694/2161/1802 1695/2164/1805 1773/2162/1803
f 1774/2163/1804 1773/2162/1803 1775/2165/1806 1776/2166/1807
f 1773/2162/1803 1695/2164/1805 1696/2167/1808 1775/2165/1806
f 1776/2166/1807 1775/2165/1806 1777/2168/1809 1778/2169/1810
f 1775/2165/1806 1696/2167/1808 1697/2170/1811 1777/2168/1809
f 1778/2169/1810 1777/2168/1809 1779/2171/1812 1698/2172/1813
f 1777/2168/1809 1697/2170/1811 1699/2173/1814 1779/2171/1812
f 1698/2172/1813 1779/2171/1812 1781/2174/1815 1700/2175/1816
f 1779/2171/1812 1699/2173/1814 1780/2176/1817 1781/2174/1815
f 1700/2175/1816 1781/2174/1815 1783/2177/1818 1701/2178/1819
f 1781/2174/1815 1780/2176/1817 1782/2179/1820 1783/2177/1818
f 1701/2178/1819 1783/2177/1818 1785/2180/1821 1702/2181/1822
f 1783/2177/1818 1782/2179/1820 1784/2182/1823 1785/2180/1821
f 1702/2181/1822 1785/2180/1821 1787/2183/1824 1703/2184/1825
f 1785/2180/1821 1784/2182/1823 1786/2185/1826 1787/2183/1824
f 1703/2184/1825 1787/2183/1824 1789/2186/1827 1704/2187/1828
f 1787/2183/1824 1786/2185/1826 1788/2188/1829 1789/2186/1827
f 1704/2187/1828 1789/2186/1827 1791/2189/1830 1705/2190/1831
f 1789/2186/1827 1788/2188/1829 1790/2191/1832 1791/2189/1830
f 1705/2190/1831 1791/2189/1830 1969/2192/1833 1792/2193/1834
f 1792/2193/1834 1969/2192/1833 1746/2106/1750 1743/2105/1749
f 1791/2189/1830 1790/2191/1832 1793/2194/1835 1969/2192/1833
f 1969/2192/1833 1793/2194/1835 1706/2111/1754 1746/2106/1750
f 1707/2093/1738 1739/2092/1737 1754/2195/1772 1708/2196/1836
f 1708/2196/1836 1754/2195/1772 1794/2197/1774 1819/2198/1837
f 1794/2133/1774 1817/2132/1773 1820/2199/1838 1752/2200/1768
f 1818/2137/1778 1755/2136/1777 1709/2201/1769 1821/2202/1839
f 1684/1830/1494 1824/1829/1497 1816/2203/1840 1795/2204/1775
f 1795/2204/1775 1816/2203/1840 1796/2205/1841 1755/2206/1777
f 1819/2198/1837 1794/2197/1774 1752/2127/1768 1822/2126/1767
f 1752/2200/1768 1820/2199/1838 1710/2099/1743 1744/2098/1742
f 1821/2202/1839 1709/2201/1769 1747/2115/1758 1800/2114/1757
f 1755/2206/1777 1796/2205/1841 1711/2129/1770 1709/2128/1769
f 1745/2107/1751 1678/2110/1753 1797/2091/1736 1798/2108/1752
f 1710/2099/1743 1664/2049/1694 1676/2101/1745 1674/2096/1740
f 1744/2098/1742 1740/2097/1741 1677/2104/1748
f 1751/2119/1762 1749/2116/1759 1680/2118/1761
f 1665/2071/1716 1687/2122/1765 1681/2121/1764 1682/2125/1766
f 1686/2120/1763 1799/2069/1714 1800/2114/1757 1750/2113/1756
f 1666/2070/1715 1756/2140/1781 1687/2122/1765 1665/2071/1716
f 1688/2139/1780 1801/2068/1713 1799/2069/1714 1686/2120/1763
f 1667/2072/1717 1758/2143/1784 1756/2140/1781 1666/2070/1715
f 1760/2142/1783 1713/2067/1712 1801/2068/1713 1688/2139/1780
f 1668/2073/1718 1689/2146/1787 1758/2143/1784 1667/2072/1717
f 1762/2145/1786 1712/2066/1711 1713/2067/1712 1760/2142/1783
f 1669/2074/1719 1690/2149/1790 1689/2146/1787 1668/2073/1718
f 1764/2148/1789 1965/2065/1710 1712/2066/1711 1762/2145/1786
f 1802/2075/1720 1691/2152/1793 1690/2149/1790 1669/2074/1719
f 1766/2151/1792 1964/2064/1709 1965/2065/1710 1764/2148/1789
f 1803/2076/1721 1692/2155/1796 1691/2152/1793 1802/2075/1720
f 1768/2154/1795 1963/2063/1708 1964/2064/1709 1766/2151/1792
f 1804/2077/1722 1693/2158/1799 1692/2155/1796 1803/2076/1721
f 1770/2157/1798 1962/2062/1707 1963/2063/1708 1768/2154/1795
f 1805/2078/1723 1694/2161/1802 1693/2158/1799 1804/2077/1722
f 1772/2160/1801 1961/2061/1706 1962/2062/1707 1770/2157/1798
f 1806/2079/1724 1695/2164/1805 1694/2161/1802 1805/2078/1723
f 1774/2163/1804 1960/2060/1705 1961/2061/1706 1772/2160/1801
f 1807/2080/1725 1696/2167/1808 1695/2164/1805 1806/2079/1724
f 1776/2166/1807 1959/2059/1704 1960/2060/1705 1774/2163/1804
f 1808/2081/1726 1697/2170/1811 1696/2167/1808 1807/2080/1725
f 1778/2169/1810 1958/2058/1703 1959/2059/1704 1776/2166/1807
f 1670/2082/1727 1699/2173/1814 1697/2170/1811 1808/2081/1726
f 1698/2172/1813 1809/2057/1702 1958/2058/1703 1778/2169/1810
f 1728/2083/1728 1780/2176/1817 1699/2173/1814 1670/2082/1727
f 1700/2175/1816 1810/2056/1701 1809/2057/1702 1698/2172/1813
f 1730/2084/1729 1782/2179/1820 1780/2176/1817 1728/2083/1728
f 1701/2178/1819 1811/2055/1700 1810/2056/1701 1700/2175/1816
f 1671/2085/1730 1784/2182/1823 1782/2179/1820 1730/2084/1729
f 1702/2181/1822 1812/2054/1699 1811/2055/1700 1701/2178/1819
f 1733/2086/1731 1786/2185/1826 1784/2182/1823 1671/2085/1730
f 1703/2184/1825 1813/2053/1698 1812/2054/1699 1702/2181/1822
f 1735/2087/1732 1788/2188/1829 1786/2185/1826 1733/2086/1731
f 1704/2187/1828 1814/2052/1697 1813/2053/1698 1703/2184/1825
f 1672/2088/1733 1790/2191/1832 1788/2188/1829 1735/2087/1732
f 1705/2190/1831 1815/2050/1695 1814/2052/1697 1704/2187/1828
f 1673/2089/1734 1706/2111/1754 1793/2194/1835 1970/2090/1735
f 1970/2090/1735 1793/2194/1835 1790/2191/1832 1672/2088/1733
f 1743/2105/1749 1956/2048/1693 1957/2051/1696 1792/2193/1834
f 1792/2193/1834 1957/2051/1696 1815/2050/1695 1705/2190/1831
f 1797/2091/1736 1678/2110/1753 1706/2111/1754 1673/2089/1734
f 1676/2101/1745 1664/2049/1694 1956/2048/1693 1743/2105/1749
f 1753/2130/1771 1683/2094/1739 1640/1912/1558 1871/1917/1562
f 1685/2135/1776 1891/1937/1582 1622/1824/1492 1825/1827/1495
f 1621/1828/1496 1641/1939/1584 1816/2203/1840 1824/1829/1497
f 1708/2196/1836 1653/1959/1604 1639/1915/1560 1707/2093/1738
f 1753/2130/1771 1871/1917/1562 1902/1961/1606 1817/2132/1773
f 1818/2137/1778 1922/1981/1626 1891/1937/1582 1685/2135/1776
f 1641/1939/1584 1936/1983/1628 1796/2205/1841 1816/2203/1840
f 1819/2198/1837 1955/2003/1648 1653/1959/1604 1708/2196/1836
f 1817/2132/1773 1902/1961/1606 1654/2005/1650 1820/2199/1838
f 1821/2202/1839 1663/2025/1670 1922/1981/1626 1818/2137/1778
f 1936/1983/1628 1715/2027/1672 1711/2129/1770 1796/2205/1841
f 1822/2126/1767 1738/2047/1692 1955/2003/1648 1819/2198/1837
f 1820/2199/1838 1654/2005/1650 1664/2049/1694 1710/2099/1743
f 1800/2114/1757 1799/2069/1714 1663/2025/1670 1821/2202/1839
f 1715/2027/1672 1665/2071/1716 1682/2125/1766 1711/2129/1770
f 1798/2108/1752 1797/2091/1736 1738/2047/1692 1822/2126/1767
f 1674/2096/1740 1675/2100/1744 1742/2103/1747 1740/2097/1741
f 1745/2107/1751 1677/2104/1748 1742/2103/1747 1675/2100/1744
f 1750/2113/1756 1679/2112/1755 1748/2117/1760 1749/2116/1759
f 1681/2121/1764 1680/2118/1761 1748/2117/1760 1679/2123/1755
f 1972/2207/1842 2188/2208/1843 2056/2209/1844 2190/2210/1845
f 1971/2211/1846 2189/2212/1847 2056/2213/1844 2188/2214/1843
f 2191/2215/1848 1973/2216/1849 1971/2211/1846 2188/2214/1843
f 1974/2217/1850 2191/2218/1848 2188/2208/1843 1972/2207/1842
f 2192/2219/1851 1975/2220/1852 1973/2216/1849 2191/2215/1848
f 1976/2221/1853 2192/2222/1851 2191/2218/1848 1974/2217/1850
f 2193/2223/1854 1977/2224/1855 1975/2220/1852 2192/2219/1851
f 1978/2225/1856 2193/2226/1854 2192/2222/1851 1976/2221/1853
f 2194/2227/1857 1979/2228/1858 1977/2224/1855 2193/2223/1854
f 1980/2229/1859 2194/2230/1857 2193/2226/1854 1978/2225/1856
f 2195/2231/1860 1981/2232/1861 1979/2228/1858 2194/2227/1857
f 1982/2233/1862 2195/2234/1860 2194/2230/1857 1980/2229/1859
f 2196/2235/1863 1983/2236/1864 1981/2232/1861 2195/2231/1860
f 1984/2237/1865 2196/2238/1863 2195/2234/1860 1982/2233/1862
f 2197/2239/1866 1985/2240/1867 1983/2236/1864 2196/2235/1863
f 1986/2241/1868 2197/2242/1866 2196/2238/1863 1984/2237/1865
f 2198/2243/1869 1987/2244/1870 1985/2240/1867 2197/2239/1866
f 1988/2245/1871 2198/2246/1869 2197/2242/1866 1986/2241/1868
f 2199/2247/1872 2201/2248/1873 1987/2244/1870 2198/2243/1869
f 2202/2249/1874 2199/2250/1872 2198/2246/1869 1988/2245/1871
f 2205/2251/1875 2200/2252/1876 2199/2250/1872 2202/2249/1874
f 2200/2253/1876 2204/2254/1877 2201/2248/1873 2199/2247/1872
f 2208/2255/1878 2203/2256/1879 2200/2252/1876 2205/2251/1875
f 2203/2257/1879 2207/2258/1880 2204/2254/1877 2200/2253/1876
f 2211/2259/1881 2206/2260/1882 2203/2256/1879 2208/2255/1878
f 2206/2261/1882 2210/2262/1883 2207/2258/1880 2203/2257/1879
f 2214/2263/1884 2209/2264/1885 2206/2260/1882 2211/2259/1881
f 2209/2265/1885 2213/2266/1886 2210/2262/1883 2206/2261/1882
f 2217/2267/1887 2212/2268/1888 2209/2264/1885 2214/2263/1884
f 2212/2269/1888 2216/2270/1889 2213/2266/1886 2209/2265/1885
f 1990/2271/1890 2215/2272/1891 2212/2268/1888 2217/2267/1887
f 2215/2273/1891 1989/2274/1892 2216/2270/1889 2212/2269/1888
f 2218/2275/1893 1991/2276/1894 1989/2274/1892 2215/2273/1891
f 1992/2277/1895 2218/2278/1893 2215/2272/1891 1990/2271/1890
f 2224/2279/1896 2219/2280/1897 2315/2281/1898 2221/2282/1899
f 2219/2283/1897 2223/2284/1900 2220/2285/1901 2315/2286/1898
f 2315/2286/1898 2220/2285/1901 1991/2276/1894 2218/2275/1893
f 2221/2282/1899 2315/2281/1898 2218/2278/1893 1992/2277/1895
f 1994/2287/1902 2222/2288/1903 2219/2280/1897 2224/2279/1896
f 2222/2289/1903 1993/2290/1904 2223/2284/1900 2219/2283/1897
f 2225/2291/1905 1995/2292/1906 1993/2290/1904 2222/2289/1903
f 1996/2293/1907 2225/2294/1905 2222/2288/1903 1994/2287/1902
f 2226/2295/1908 1997/2296/1909 1995/2292/1906 2225/2291/1905
f 1998/2297/1910 2226/2298/1908 2225/2294/1905 1996/2293/1907
f 2228/2299/1911 2227/2300/1912 1998/2297/1910 1996/2293/1907
f 2229/2301/1913 2228/2299/1911 1996/2293/1907 1994/2287/1902
f 2230/2302/1914 2229/2301/1913 1994/2287/1902 2224/2279/1896
f 2231/2303/1915 2230/2302/1914 2224/2279/1896 2221/2282/1899
f 2232/2304/1916 2231/2303/1915 2221/2282/1899 1992/2277/1895
f 2233/2305/1917 2232/2304/1916 1992/2277/1895 1990/2271/1890
f 2234/2306/1918 2233/2305/1917 1990/2271/1890 2217/2267/1887
f 2235/2307/1919 2234/2306/1918 2217/2267/1887 2214/2263/1884
f 2236/2308/1920 2235/2307/1919 2214/2263/1884 2211/2259/1881
f 2237/2309/1921 2236/2308/1920 2211/2259/1881 2208/2255/1878
f 2238/2310/1922 2237/2309/1921 2208/2255/1878 2205/2251/1875
f 2239/2311/1923 2238/2310/1922 2205/2251/1875 2202/2249/1874
f 2240/2312/1924 2239/2311/1923 2202/2249/1874 1988/2245/1871
f 2241/2313/1925 2240/2312/1924 1988/2245/1871 1986/2241/1868
f 2242/2314/1926 2241/2313/1925 1986/2241/1868 1984/2237/1865
f 2243/2315/1927 2242/2314/1926 1984/2237/1865 1982/2233/1862
f 2244/2316/1928 2243/2315/1927 1982/2233/1862 1980/2229/1859
f 2245/2317/1929 2244/2316/1928 1980/2229/1859 1978/2225/1856
f 2246/2318/1930 2245/2317/1929 1978/2225/1856 1976/2221/1853
f 2247/2319/1931 2246/2318/1930 1976/2221/1853 1974/2217/1850
f 2248/2320/1932 2247/2319/1931 1974/2217/1850 1972/2207/1842
f 1973/2216/1849 2257/2321/1933 2258/2322/1934 1971/2211/1846
f 1975/2220/1852 2259/2323/1935 2257/2321/1933 1973/2216/1849
f 1977/2224/1855 2260/2324/1936 2259/2323/1935 1975/2220/1852
f 1979/2228/1858 2261/2325/1937 2260/2324/1936 1977/2224/1855
f 1981/2232/1861 2262/2326/1938 2261/2325/1937 1979/2228/1858
f 1983/2236/1864 2263/2327/1939 2262/2326/1938 1981/2232/1861
f 1985/2240/1867 2264/2328/1940 2263/2327/1939 1983/2236/1864
f 1987/2244/1870 2265/2329/1941 2264/2328/1940 1985/2240/1867
f 2201/2248/1873 2266/2330/1942 2265/2329/1941 1987/2244/1870
f 2204/2254/1877 2267/2331/1943 2266/2330/1942 2201/2248/1873
f 2207/2258/1880 2268/2332/1944 2267/2331/1943 2204/2254/1877
f 2210/2262/1883 2269/2333/1945 2268/2332/1944 2207/2258/1880
f 2213/2266/1886 2270/2334/1946 2269/2333/1945 2210/2262/1883
f 2216/2270/1889 2271/2335/1947 2270/2334/1946 2213/2266/1886
f 1989/2274/1892 2272/2336/1948 2271/2335/1947 2216/2270/1889
f 1991/2276/1894 2273/2337/1949 2272/2336/1948 1989/2274/1892
f 2223/2284/1900 2274/2338/1950 2316/2339/1951 2220/2285/1901
f 2220/2285/1901 2316/2339/1951 2273/2337/1949 1991/2276/1894
f 1993/2290/1904 2275/2340/1952 2274/2338/1950 2223/2284/1900
f 1995/2292/1906 2276/2341/1953 2275/2340/1952 1993/2290/1904
f 1997/2296/1909 2277/2342/1954 2276/2341/1953 1995/2292/1906
f 2000/2343/1955 1999/2344/1956 2227/2300/1912 2228/2299/1911
f 2001/2345/1957 2000/2343/1955 2228/2299/1911 2229/2301/1913
f 2249/2346/1958 2001/2345/1957 2229/2301/1913 2230/2302/1914
f 2002/2347/1959 2250/2348/1960 2231/2303/1915 2232/2304/1916
f 2250/2348/1960 2249/2346/1958 2230/2302/1914 2231/2303/1915
f 2003/2349/1961 2002/2347/1959 2232/2304/1916 2233/2305/1917
f 2251/2350/1962 2003/2349/1961 2233/2305/1917 2234/2306/1918
f 2252/2351/1963 2251/2350/1962 2234/2306/1918 2235/2307/1919
f 2253/2352/1964 2252/2351/1963 2235/2307/1919 2236/2308/1920
f 2254/2353/1965 2253/2352/1964 2236/2308/1920 2237/2309/1921
f 2255/2354/1966 2254/2353/1965 2237/2309/1921 2238/2310/1922
f 2256/2355/1967 2255/2354/1966 2238/2310/1922 2239/2311/1923
f 2004/2356/1968 2256/2355/1967 2239/2311/1923 2240/2312/1924
f 2005/2357/1969 2004/2356/1968 2240/2312/1924 2241/2313/1925
f 2006/2358/1970 2005/2357/1969 2241/2313/1925 2242/2314/1926
f 2007/2359/1971 2006/2358/1970 2242/2314/1926 2243/2315/1927
f 2008/2360/1972 2007/2359/1971 2243/2315/1927 2244/2316/1928
f 2009/2361/1973 2008/2360/1972 2244/2316/1928 2245/2317/1929
f 2010/2362/1974 2009/2361/1973 2245/2317/1929 2246/2318/1930
f 2011/2363/1975 2010/2362/1974 2246/2318/1930 2247/2319/1931
f 2012/2364/1976 2011/2363/1975 2247/2319/1931 2248/2320/1932
f 2257/2321/1933 2286/2365/1977 2287/2366/1978 2258/2322/1934
f 2259/2323/1935 2288/2367/1979 2286/2365/1977 2257/2321/1933
f 2260/2324/1936 2289/2368/1980 2288/2367/1979 2259/2323/1935
f 2261/2325/1937 2290/2369/1981 2289/2368/1980 2260/2324/1936
f 2262/2326/1938 2291/2370/1982 2290/2369/1981 2261/2325/1937
f 2263/2327/1939 2292/2371/1983 2291/2370/1982 2262/2326/1938
f 2264/2328/1940 2293/2372/1984 2292/2371/1983 2263/2327/1939
f 2265/2329/1941 2294/2373/1985 2293/2372/1984 2264/2328/1940
f 2266/2330/1942 2295/2374/1986 2294/2373/1985 2265/2329/1941
f 2267/2331/1943 2296/2375/1987 2295/2374/1986 2266/2330/1942
f 2268/2332/1944 2297/2376/1988 2296/2375/1987 2267/2331/1943
f 2269/2333/1945 2298/2377/1989 2297/2376/1988 2268/2332/1944
f 2270/2334/1946 2299/2378/1990 2298/2377/1989 2269/2333/1945
f 2271/2335/1947 2300/2379/1991 2299/2378/1990 2270/2334/1946
f 2272/2336/1948 2301/2380/1992 2300/2379/1991 2271/2335/1947
f 2273/2337/1949 2302/2381/1993 2301/2380/1992 2272/2336/1948
f 2274/2338/1950 2303/2382/1994 2317/2383/1995 2316/2339/1951
f 2316/2339/1951 2317/2383/1995 2302/2381/1993 2273/2337/1949
f 2275/2340/1952 2304/2384/1996 2303/2382/1994 2274/2338/1950
f 2276/2341/1953 2305/2385/1997 2304/2384/1996 2275/2340/1952
f 2277/2342/1954 2306/2386/1998 2305/2385/1997 2276/2341/1953
f 2014/2387/1999 2013/2388/2000 1999/2344/1956 2000/2343/1955
f 2015/2389/2001 2014/2387/1999 2000/2343/1955 2001/2345/1957
f 2278/2390/2002 2015/2389/2001 2001/2345/1957 2249/2346/1958
f 2016/2391/2003 2279/2392/2004 2250/2348/1960 2002/2347/1959
f 2279/2392/2004 2278/2390/2002 2249/2346/1958 2250/2348/1960
f 2017/2393/2005 2016/2391/2003 2002/2347/1959 2003/2349/1961
f 2280/2394/2006 2017/2393/2005 2003/2349/1961 2251/2350/1962
f 2281/2395/2007 2280/2394/2006 2251/2350/1962 2252/2351/1963
f 2282/2396/2008 2281/2395/2007 2252/2351/1963 2253/2352/1964
f 2283/2397/2009 2282/2396/2008 2253/2352/1964 2254/2353/1965
f 2284/2398/2010 2283/2397/2009 2254/2353/1965 2255/2354/1966
f 2285/2399/2011 2284/2398/2010 2255/2354/1966 2256/2355/1967
f 2018/2400/2012 2285/2399/2011 2256/2355/1967 2004/2356/1968
f 2019/2401/2013 2018/2400/2012 2004/2356/1968 2005/2357/1969
f 2020/2402/2014 2019/2401/2013 2005/2357/1969 2006/2358/1970
f 2021/2403/2015 2020/2402/2014 2006/2358/1970 2007/2359/1971
f 2022/2404/2016 2021/2403/2015 2007/2359/1971 2008/2360/1972
f 2023/2405/2017 2022/2404/2016 2008/2360/1972 2009/2361/1973
f 2024/2406/2018 2023/2405/2017 2009/2361/1973 2010/2362/1974
f 2025/2407/2019 2024/2406/2018 2010/2362/1974 2011/2363/1975
f 2026/2408/2020 2025/2407/2019 2011/2363/1975 2012/2364/1976
f 2286/2365/1977 2085/2409/2021 2087/2410/2022 2287/2366/1978
f 2288/2367/1979 2088/2411/2023 2085/2409/2021 2286/2365/1977
f 2289/2368/1980 2090/2412/2024 2088/2411/2023 2288/2367/1979
f 2290/2369/1981 2092/2413/2025 2090/2412/2024 2289/2368/1980
f 2291/2370/1982 2094/2414/2026 2092/2413/2025 2290/2369/1981
f 2292/2371/1983 2096/2415/2027 2094/2414/2026 2291/2370/1982
f 2293/2372/1984 2098/2416/2028 2096/2415/2027 2292/2371/1983
f 2294/2373/1985 2100/2417/2029 2098/2416/2028 2293/2372/1984
f 2295/2374/1986 2102/2418/2030 2100/2417/2029 2294/2373/1985
f 2296/2375/1987 2104/2419/2031 2102/2418/2030 2295/2374/1986
f 2297/2376/1988 2105/2420/2032 2104/2419/2031 2296/2375/1987
f 2298/2377/1989 2106/2421/2033 2105/2420/2032 2297/2376/1988
f 2299/2378/1990 2107/2422/2034 2106/2421/2033 2298/2377/1989
f 2300/2379/1991 2108/2423/2035 2107/2422/2034 2299/2378/1990
f 2301/2380/1992 2109/2424/2036 2108/2423/2035 2300/2379/1991
f 2302/2381/1993 2110/2425/2037 2109/2424/2036 2301/2380/1992
f 2303/2382/1994 2112/2426/2038 2318/2427/2039 2317/2383/1995
f 2317/2383/1995 2318/2427/2039 2110/2425/2037 2302/2381/1993
f 2304/2384/1996 2114/2428/2040 2112/2426/2038 2303/2382/1994
f 2305/2385/1997 2115/2429/2041 2114/2428/2040 2304/2384/1996
f 2306/2386/1998 2117/2430/2042 2115/2429/2041 2305/2385/1997
f 2028/2431/2043 2027/2432/2044 2013/2388/2000 2014/2387/1999
f 2029/2433/2045 2028/2431/2043 2014/2387/1999 2015/2389/2001
f 2307/2434/2046 2029/2433/2045 2015/2389/2001 2278/2390/2002
f 2030/2435/2047 2308/2436/2048 2279/2392/2004 2016/2391/2003
f 2308/2436/2048 2307/2434/2046 2278/2390/2002 2279/2392/2004
f 2031/2437/2049 2030/2435/2047 2016/2391/2003 2017/2393/2005
f 2309/2438/2050 2031/2437/2049 2017/2393/2005 2280/2394/2006
f 2310/2439/2051 2309/2438/2050 2280/2394/2006 2281/2395/2007
f 2311/2440/2052 2310/2439/2051 2281/2395/2007 2282/2396/2008
f 2312/2441/2053 2311/2440/2052 2282/2396/2008 2283/2397/2009
f 2313/2442/2054 2312/2441/2053 2283/2397/2009 2284/2398/2010
f 2314/2443/2055 2313/2442/2054 2284/2398/2010 2285/2399/2011
f 2032/2444/2056 2314/2443/2055 2285/2399/2011 2018/2400/2012
f 2033/2445/2057 2032/2444/2056 2018/2400/2012 2019/2401/2013
f 2034/2446/2058 2033/2445/2057 2019/2401/2013 2020/2402/2014
f 2035/2447/2059 2034/2446/2058 2020/2402/2014 2021/2403/2015
f 2036/2448/2060 2035/2447/2059 2021/2403/2015 2022/2404/2016
f 2037/2449/2061 2036/2448/2060 2022/2404/2016 2023/2405/2017
f 2038/2450/2062 2037/2449/2061 2023/2405/2017 2024/2406/2018
f 2039/2451/2063 2038/2450/2062 2024/2406/2018 2025/2407/2019
f 2040/2452/2064 2039/2451/2063 2025/2407/2019 2026/2408/2020
f 2085/2409/2021 2086/2453/2065 2041/2454/2066 2087/2410/2022
f 2088/2411/2023 2089/2455/2067 2086/2453/2065 2085/2409/2021
f 2090/2412/2024 2091/2456/2068 2089/2455/2067 2088/2411/2023
f 2092/2413/2025 2093/2457/2069 2091/2456/2068 2090/2412/2024
f 2094/2414/2026 2095/2458/2070 2093/2457/2069 2092/2413/2025
f 2096/2415/2027 2097/2459/2071 2095/2458/2070 2094/2414/2026
f 2098/2416/2028 2099/2460/2072 2097/2459/2071 2096/2415/2027
f 2100/2417/2029 2101/2461/2073 2099/2460/2072 2098/2416/2028
f 2102/2418/2030 2103/2462/2074 2101/2461/2073 2100/2417/2029
f 2104/2419/2031 2042/2463/2075 2103/2462/2074 2102/2418/2030
f 2105/2420/2032 2043/2464/2076 2042/2463/2075 2104/2419/2031
f 2106/2421/2033 2044/2465/2077 2043/2464/2076 2105/2420/2032
f 2107/2422/2034 2045/2466/2078 2044/2465/2077 2106/2421/2033
f 2108/2423/2035 2046/2467/2079 2045/2466/2078 2107/2422/2034
f 2109/2424/2036 2047/2468/2080 2046/2467/2079 2108/2423/2035
f 2110/2425/2037 2111/2469/2081 2047/2468/2080 2109/2424/2036
f 2112/2426/2038 2048/2470/2082 2113/2471/2083 2318/2427/2039
f 2318/2427/2039 2113/2471/2083 2111/2469/2081 2110/2425/2037
f 2114/2428/2040 2049/2472/2084 2048/2470/2082 2112/2426/2038
f 2115/2429/2041 2116/2473/2085 2049/2472/2084 2114/2428/2040
f 2117/2430/2042 2118/2474/2086 2116/2473/2085 2115/2429/2041
f 1997/2296/1909 2226/2295/1908 2119/2475/2087 2078/2476/2088
f 1998/2297/1910 2055/2477/2089 2119/2478/2087 2226/2298/1908
f 2121/2479/2090 2120/2480/2091 2123/2481/2092 2083/2482/2093
f 2050/2483/2094 2121/2479/2090 2167/2484/2095 2051/2485/2096
f 2120/2480/2091 2122/2486/2097 2124/2487/2098
f 2051/2485/2096 2167/2484/2095 2076/2488/2099 2077/2489/2100
f 2124/2487/2098 2125/2490/2101 2166/2491/2102 2123/2481/2092
f 2125/2490/2101 2050/2483/2094 2051/2485/2096 2126/2492/2103
f 2126/2492/2103 2051/2485/2096 2077/2489/2100 2163/2493/2104
f 2128/2494/2105 2052/2495/2106 2169/2496/2107 2127/2497/2108
f 2129/2498/2109 2128/2494/2105 2131/2499/2110
f 2052/2495/2106 2053/2500/2111 2130/2501/2112 2057/2502/2113
f 2053/2500/2111 2132/2503/2114 2168/2504/2115 2130/2501/2112
f 2132/2503/2114 2131/2499/2110 2127/2505/2108 2054/2506/2116
f 2123/2481/2092 2166/2491/2102 2187/2507/2117 2133/2508/2118
f 2054/2506/2116 2127/2505/2108 2081/2509/2119 2084/2510/2120
f 2119/2478/2087 2055/2477/2089 2134/2511/2121 2164/2512/2122
f 2164/2512/2122 2134/2511/2121 2182/2513/2123 2080/2514/2124
f 2190/2210/1845 2056/2209/1844 2135/2515/2125 2180/2516/2126
f 2180/2516/2126 2135/2515/2125 2079/2517/2127 2183/2518/2128
f 2057/2502/2113 2130/2501/2112 2137/2519/2129 2058/2520/2130
f 2130/2501/2112 2168/2504/2115 2136/2521/2131 2137/2519/2129
f 2058/2520/2130 2137/2519/2129 2139/2522/2132 2059/2523/2133
f 2137/2519/2129 2136/2521/2131 2138/2524/2134 2139/2522/2132
f 2059/2523/2133 2139/2522/2132 2140/2525/2135 2060/2526/2136
f 2139/2522/2132 2138/2524/2134 2170/2527/2137 2140/2525/2135
f 2060/2526/2136 2140/2525/2135 2142/2528/2138 2061/2529/2139
f 2140/2525/2135 2170/2527/2137 2141/2530/2140 2142/2528/2138
f 2061/2529/2139 2142/2528/2138 2144/2531/2141 2062/2532/2142
f 2142/2528/2138 2141/2530/2140 2143/2533/2143 2144/2531/2141
f 2062/2532/2142 2144/2531/2141 2145/2534/2144 2063/2535/2145
f 2144/2531/2141 2143/2533/2143 2171/2536/2146 2145/2534/2144
f 2063/2535/2145 2145/2534/2144 2147/2537/2147 2064/2538/2148
f 2145/2534/2144 2171/2536/2146 2146/2539/2149 2147/2537/2147
f 2064/2538/2148 2147/2537/2147 2149/2540/2150 2065/2541/2151
f 2147/2537/2147 2146/2539/2149 2148/2542/2152 2149/2540/2150
f 2065/2541/2151 2149/2540/2150 2151/2543/2153 2066/2544/2154
f 2149/2540/2150 2148/2542/2152 2150/2545/2155 2151/2543/2153
f 2066/2544/2154 2151/2543/2153 2152/2546/2156 2067/2547/2157
f 2151/2543/2153 2150/2545/2155 2172/2548/2158 2152/2546/2156
f 2067/2547/2157 2152/2546/2156 2153/2549/2159 2068/2550/2160
f 2152/2546/2156 2172/2548/2158 2173/2551/2161 2153/2549/2159
f 2068/2550/2160 2153/2549/2159 2154/2552/2162 2069/2553/2163
f 2153/2549/2159 2173/2551/2161 2174/2554/2164 2154/2552/2162
f 2069/2553/2163 2154/2552/2162 2155/2555/2165 2070/2556/2166
f 2154/2552/2162 2174/2554/2164 2175/2557/2167 2155/2555/2165
f 2070/2556/2166 2155/2555/2165 2156/2558/2168 2176/2559/2169
f 2155/2555/2165 2175/2557/2167 2071/2560/2170 2156/2558/2168
f 2176/2559/2169 2156/2558/2168 2157/2561/2171 2072/2562/2172
f 2156/2558/2168 2071/2560/2170 2177/2563/2173 2157/2561/2171
f 2072/2562/2172 2157/2561/2171 2159/2564/2174 2073/2565/2175
f 2157/2561/2171 2177/2563/2173 2158/2566/2176 2159/2564/2174
f 2073/2565/2175 2159/2564/2174 2319/2567/2177 2320/2568/2178
f 2320/2568/2178 2319/2567/2177 2161/2569/2179 2074/2570/2180
f 2159/2564/2174 2158/2566/2176 2160/2571/2181 2319/2567/2177
f 2319/2567/2177 2160/2571/2181 2178/2572/2182 2161/2569/2179
f 2074/2570/2180 2161/2569/2179 2162/2573/2183 2075/2574/2184
f 2161/2569/2179 2178/2572/2182 2179/2575/2185 2162/2573/2183
f 2075/2574/2184 2162/2573/2183 2077/2489/2100 2076/2488/2099
f 2162/2573/2183 2179/2575/2185 2163/2493/2104 2077/2489/2100
f 2078/2476/2088 2119/2475/2087 2164/2576/2122 2181/2577/2186
f 2181/2577/2186 2164/2576/2122 2080/2578/2124 2184/2579/2187
f 2080/2514/2124 2182/2513/2123 2185/2580/2188 2133/2581/2118
f 2183/2518/2128 2079/2517/2127 2081/2582/2119 2186/2583/2189
f 2056/2213/1844 2189/2212/1847 2165/2584/2190 2135/2585/2125
f 2135/2585/2125 2165/2584/2190 2082/2586/2191 2079/2587/2127
f 2184/2579/2187 2080/2578/2124 2133/2508/2118 2187/2507/2117
f 2133/2581/2118 2185/2580/2188 2083/2482/2093 2123/2481/2092
f 2186/2583/2189 2081/2582/2119 2127/2497/2108 2169/2496/2107
f 2079/2587/2127 2082/2586/2191 2084/2510/2120 2081/2509/2119
f 2125/2490/2101 2126/2492/2103 2118/2474/2086 2166/2491/2102
f 2083/2482/2093 2027/2432/2044 2167/2484/2095 2121/2479/2090
f 2128/2494/2105 2127/2497/2108 2131/2499/2110
f 2123/2481/2092 2120/2480/2091 2124/2487/2098
f 2041/2454/2066 2168/2504/2115 2132/2503/2114 2054/2506/2116
f 2057/2502/2113 2040/2452/2064 2169/2496/2107 2052/2495/2106
f 2086/2453/2065 2136/2521/2131 2168/2504/2115 2041/2454/2066
f 2058/2520/2130 2039/2451/2063 2040/2452/2064 2057/2502/2113
f 2089/2455/2067 2138/2524/2134 2136/2521/2131 2086/2453/2065
f 2059/2523/2133 2038/2450/2062 2039/2451/2063 2058/2520/2130
f 2091/2456/2068 2170/2527/2137 2138/2524/2134 2089/2455/2067
f 2060/2526/2136 2037/2449/2061 2038/2450/2062 2059/2523/2133
f 2093/2457/2069 2141/2530/2140 2170/2527/2137 2091/2456/2068
f 2061/2529/2139 2036/2448/2060 2037/2449/2061 2060/2526/2136
f 2095/2458/2070 2143/2533/2143 2141/2530/2140 2093/2457/2069
f 2062/2532/2142 2035/2447/2059 2036/2448/2060 2061/2529/2139
f 2097/2459/2071 2171/2536/2146 2143/2533/2143 2095/2458/2070
f 2063/2535/2145 2034/2446/2058 2035/2447/2059 2062/2532/2142
f 2099/2460/2072 2146/2539/2149 2171/2536/2146 2097/2459/2071
f 2064/2538/2148 2033/2445/2057 2034/2446/2058 2063/2535/2145
f 2101/2461/2073 2148/2542/2152 2146/2539/2149 2099/2460/2072
f 2065/2541/2151 2032/2444/2056 2033/2445/2057 2064/2538/2148
f 2103/2462/2074 2150/2545/2155 2148/2542/2152 2101/2461/2073
f 2066/2544/2154 2314/2443/2055 2032/2444/2056 2065/2541/2151
f 2042/2463/2075 2172/2548/2158 2150/2545/2155 2103/2462/2074
f 2067/2547/2157 2313/2442/2054 2314/2443/2055 2066/2544/2154
f 2043/2464/2076 2173/2551/2161 2172/2548/2158 2042/2463/2075
f 2068/2550/2160 2312/2441/2053 2313/2442/2054 2067/2547/2157
f 2044/2465/2077 2174/2554/2164 2173/2551/2161 2043/2464/2076
f 2069/2553/2163 2311/2440/2052 2312/2441/2053 2068/2550/2160
f 2045/2466/2078 2175/2557/2167 2174/2554/2164 2044/2465/2077
f 2070/2556/2166 2310/2439/2051 2311/2440/2052 2069/2553/2163
f 2046/2467/2079 2071/2560/2170 2175/2557/2167 2045/2466/2078
f 2176/2559/2169 2309/2438/2050 2310/2439/2051 2070/2556/2166
f 2047/2468/2080 2177/2563/2173 2071/2560/2170 2046/2467/2079
f 2072/2562/2172 2031/2437/2049 2309/2438/2050 2176/2559/2169
f 2111/2469/2081 2158/2566/2176 2177/2563/2173 2047/2468/2080
f 2073/2565/2175 2030/2435/2047 2031/2437/2049 2072/2562/2172
f 2048/2470/2082 2178/2572/2182 2160/2571/2181 2113/2471/2083
f 2113/2471/2083 2160/2571/2181 2158/2566/2176 2111/2469/2081
f 2074/2570/2180 2307/2434/2046 2308/2436/2048 2320/2568/2178
f 2320/2568/2178 2308/2436/2048 2030/2435/2047 2073/2565/2175
f 2049/2472/2084 2179/2575/2185 2178/2572/2182 2048/2470/2082
f 2075/2574/2184 2029/2433/2045 2307/2434/2046 2074/2570/2180
f 2116/2473/2085 2163/2493/2104 2179/2575/2185 2049/2472/2084
f 2076/2488/2099 2028/2431/2043 2029/2433/2045 2075/2574/2184
f 2118/2474/2086 2126/2492/2103 2163/2493/2104 2116/2473/2085
f 2167/2484/2095 2027/2432/2044 2028/2431/2043 2076/2488/2099
f 2134/2511/2121 2055/2477/2089 1998/2297/1910 2227/2300/1912
f 2180/2516/2126 2248/2320/1932 1972/2207/1842 2190/2210/1845
f 1971/2211/1846 2258/2322/1934 2165/2584/2190 2189/2212/1847
f 2181/2577/2186 2277/2342/1954 1997/2296/1909 2078/2476/2088
f 2134/2511/2121 2227/2300/1912 1999/2344/1956 2182/2513/2123
f 2183/2518/2128 2012/2364/1976 2248/2320/1932 2180/2516/2126
f 2258/2322/1934 2287/2366/1978 2082/2586/2191 2165/2584/2190
f 2184/2579/2187 2306/2386/1998 2277/2342/1954 2181/2577/2186
f 2182/2513/2123 1999/2344/1956 2013/2388/2000 2185/2580/2188
f 2186/2583/2189 2026/2408/2020 2012/2364/1976 2183/2518/2128
f 2287/2366/1978 2087/2410/2022 2084/2510/2120 2082/2586/2191
f 2187/2507/2117 2117/2430/2042 2306/2386/1998 2184/2579/2187
f 2185/2580/2188 2013/2388/2000 2027/2432/2044 2083/2482/2093
f 2169/2496/2107 2040/2452/2064 2026/2408/2020 2186/2583/2189
f 2087/2410/2022 2041/2454/2066 2054/2506/2116 2084/2510/2120
f 2166/2491/2102 2118/2474/2086 2117/2430/2042 2187/2507/2117
f 2121/2479/2090 2050/2483/2094 2122/2486/2097 2120/2480/2091
f 2125/2490/2101 2124/2487/2098 2122/2486/2097 2050/2483/2094
f 2052/2495/2106 2128/2494/2105 2129/2498/2109 2053/2500/2111
f 2132/2503/2114 2053/2500/2111 2129/2498/2109 2131/2499/2110
f 2322/2588/2192 2526/2589/2193 2393/2590/2194 2528/2591/2195
f 2321/2592/2196 2527/2593/2197 2393/2594/2194 2526/2595/2193
f 2529/2596/2198 2531/2597/2199 2321/2592/2196 2526/2595/2193
f 2532/2598/2200 2529/2599/2198 2526/2589/2193 2322/2588/2192
f 2535/2600/2201 2530/2601/2202 2529/2599/2198 2532/2598/2200
f 2530/2602/2202 2534/2603/2203 2531/2597/2199 2529/2596/2198
f 2324/2604/2204 2533/2605/2205 2530/2601/2202 2535/2600/2201
f 2533/2606/2205 2323/2607/2206 2534/2603/2203 2530/2602/2202
f 2536/2608/2207 2325/2609/2208 2323/2607/2206 2533/2606/2205
f 2326/2610/2209 2536/2611/2207 2533/2605/2205 2324/2604/2204
f 2537/2612/2210 2327/2613/2211 2325/2609/2208 2536/2608/2207
f 2328/2614/2212 2537/2615/2210 2536/2611/2207 2326/2610/2209
f 2538/2616/2213 2329/2617/2214 2327/2613/2211 2537/2612/2210
f 2330/2618/2215 2538/2619/2213 2537/2615/2210 2328/2614/2212
f 2539/2620/2216 2541/2621/2217 2329/2617/2214 2538/2616/2213
f 2542/2622/2218 2539/2623/2216 2538/2619/2213 2330/2618/2215
f 2545/2624/2219 2540/2625/2220 2539/2623/2216 2542/2622/2218
f 2540/2626/2220 2544/2627/2221 2541/2621/2217 2539/2620/2216
f 2332/2628/2222 2543/2629/2223 2540/2625/2220 2545/2624/2219
f 2543/2630/2223 2331/2631/2224 2544/2627/2221 2540/2626/2220
f 2546/2632/2225 2333/2633/2226 2331/2631/2224 2543/2630/2223
f 2334/2634/2227 2546/2635/2225 2543/2629/2223 2332/2628/2222
f 2547/2636/2228 2335/2637/2229 2333/2633/2226 2546/2632/2225
f 2336/2638/2230 2547/2639/2228 2546/2635/2225 2334/2634/2227
f 2548/2640/2231 2337/2641/2232 2335/2637/2229 2547/2636/2228
f 2338/2642/2233 2548/2643/2231 2547/2639/2228 2336/2638/2230
f 2549/2644/2234 2339/2645/2235 2337/2641/2232 2548/2640/2231
f 2340/2646/2236 2549/2647/2234 2548/2643/2231 2338/2642/2233
f 2550/2648/2237 2552/2649/2238 2339/2645/2235 2549/2644/2234
f 2553/2650/2239 2550/2651/2237 2549/2647/2234 2340/2646/2236
f 2342/2652/2240 2551/2653/2241 2550/2651/2237 2553/2650/2239
f 2551/2654/2241 2341/2655/2242 2552/2649/2238 2550/2648/2237
f 2554/2656/2243 2556/2657/2244 2341/2655/2242 2551/2654/2241
f 2557/2658/2245 2554/2659/2243 2551/2653/2241 2342/2652/2240
f 2560/2660/2246 2555/2661/2247 2554/2659/2243 2557/2658/2245
f 2555/2662/2247 2559/2663/2248 2556/2657/2244 2554/2656/2243
f 2563/2664/2249 2558/2665/2250 2555/2661/2247 2560/2660/2246
f 2558/2666/2250 2562/2667/2251 2559/2663/2248 2555/2662/2247
f 2566/2668/2252 2561/2669/2253 2558/2665/2250 2563/2664/2249
f 2561/2670/2253 2565/2671/2254 2562/2667/2251 2558/2666/2250
f 2344/2672/2255 2564/2673/2256 2561/2669/2253 2566/2668/2252
f 2564/2674/2256 2343/2675/2257 2565/2671/2254 2561/2670/2253
f 2567/2676/2258 2568/2677/2259 2344/2672/2255 2566/2668/2252
f 2569/2678/2260 2567/2676/2258 2566/2668/2252 2563/2664/2249
f 2570/2679/2261 2569/2678/2260 2563/2664/2249 2560/2660/2246
f 2571/2680/2262 2570/2679/2261 2560/2660/2246 2557/2658/2245
f 2572/2681/2263 2571/2680/2262 2557/2658/2245 2342/2652/2240
f 2573/2682/2264 2572/2681/2263 2342/2652/2240 2553/2650/2239
f 2574/2683/2265 2573/2682/2264 2553/2650/2239 2340/2646/2236
f 2575/2684/2266 2574/2683/2265 2340/2646/2236 2338/2642/2233
f 2576/2685/2267 2575/2684/2266 2338/2642/2233 2336/2638/2230
f 2577/2686/2268 2576/2685/2267 2336/2638/2230 2334/2634/2227
f 2578/2687/2269 2577/2686/2268 2334/2634/2227 2332/2628/2222
f 2579/2688/2270 2578/2687/2269 2332/2628/2222 2545/2624/2219
f 2580/2689/2271 2579/2688/2270 2545/2624/2219 2542/2622/2218
f 2581/2690/2272 2580/2689/2271 2542/2622/2218 2330/2618/2215
f 2582/2691/2273 2581/2690/2272 2330/2618/2215 2328/2614/2212
f 2583/2692/2274 2582/2691/2273 2328/2614/2212 2326/2610/2209
f 2584/2693/2275 2583/2692/2274 2326/2610/2209 2324/2604/2204
f 2585/2694/2276 2584/2693/2275 2324/2604/2204 2535/2600/2201
f 2586/2695/2277 2585/2694/2276 2535/2600/2201 2532/2598/2200
f 2587/2696/2278 2586/2695/2277 2532/2598/2200 2322/2588/2192
f 2531/2597/2199 2588/2697/2279 2345/2698/2280 2321/2592/2196
f 2534/2603/2203 2346/2699/2281 2588/2697/2279 2531/2597/2199
f 2323/2607/2206 2347/2700/2282 2346/2699/2281 2534/2603/2203
f 2325/2609/2208 2589/2701/2283 2347/2700/2282 2323/2607/2206
f 2327/2613/2211 2590/2702/2284 2589/2701/2283 2325/2609/2208
f 2329/2617/2214 2591/2703/2285 2590/2702/2284 2327/2613/2211
f 2541/2621/2217 2592/2704/2286 2591/2703/2285 2329/2617/2214
f 2544/2627/2221 2348/2705/2287 2592/2704/2286 2541/2621/2217
f 2331/2631/2224 2349/2706/2288 2348/2705/2287 2544/2627/2221
f 2333/2633/2226 2593/2707/2289 2349/2706/2288 2331/2631/2224
f 2335/2637/2229 2594/2708/2290 2593/2707/2289 2333/2633/2226
f 2337/2641/2232 2595/2709/2291 2594/2708/2290 2335/2637/2229
f 2339/2645/2235 2596/2710/2292 2595/2709/2291 2337/2641/2232
f 2552/2649/2238 2597/2711/2293 2596/2710/2292 2339/2645/2235
f 2341/2655/2242 2350/2712/2294 2597/2711/2293 2552/2649/2238
f 2556/2657/2244 2598/2713/2295 2350/2712/2294 2341/2655/2242
f 2559/2663/2248 2351/2714/2296 2598/2713/2295 2556/2657/2244
f 2562/2667/2251 2352/2715/2297 2351/2714/2296 2559/2663/2248
f 2565/2671/2254 2353/2716/2298 2352/2715/2297 2562/2667/2251
f 2343/2675/2257 2354/2717/2299 2353/2716/2298 2565/2671/2254
f 2599/2718/2300 2600/2719/2301 2568/2677/2259 2567/2676/2258
f 2601/2720/2302 2599/2718/2300 2567/2676/2258 2569/2678/2260
f 2602/2721/2303 2601/2720/2302 2569/2678/2260 2570/2679/2261
f 2603/2722/2304 2602/2721/2303 2570/2679/2261 2571/2680/2262
f 2604/2723/2305 2603/2722/2304 2571/2680/2262 2572/2681/2263
f 2605/2724/2306 2604/2723/2305 2572/2681/2263 2573/2682/2264
f 2606/2725/2307 2605/2724/2306 2573/2682/2264 2574/2683/2265
f 2607/2726/2308 2606/2725/2307 2574/2683/2265 2575/2684/2266
f 2608/2727/2309 2607/2726/2308 2575/2684/2266 2576/2685/2267
f 2609/2728/2310 2608/2727/2309 2576/2685/2267 2577/2686/2268
f 2610/2729/2311 2609/2728/2310 2577/2686/2268 2578/2687/2269
f 2611/2730/2312 2610/2729/2311 2578/2687/2269 2579/2688/2270
f 2612/2731/2313 2611/2730/2312 2579/2688/2270 2580/2689/2271
f 2613/2732/2314 2612/2731/2313 2580/2689/2271 2581/2690/2272
f 2614/2733/2315 2613/2732/2314 2581/2690/2272 2582/2691/2273
f 2615/2734/2316 2614/2733/2315 2582/2691/2273 2583/2692/2274
f 2616/2735/2317 2615/2734/2316 2583/2692/2274 2584/2693/2275
f 2617/2736/2318 2616/2735/2317 2584/2693/2275 2585/2694/2276
f 2618/2737/2319 2617/2736/2318 2585/2694/2276 2586/2695/2277
f 2619/2738/2320 2618/2737/2319 2586/2695/2277 2587/2696/2278
f 2588/2697/2279 2629/2739/2321 2630/2740/2322 2345/2698/2280
f 2346/2699/2281 2631/2741/2323 2629/2739/2321 2588/2697/2279
f 2347/2700/2282 2632/2742/2324 2631/2741/2323 2346/2699/2281
f 2589/2701/2283 2633/2743/2325 2632/2742/2324 2347/2700/2282
f 2590/2702/2284 2634/2744/2326 2633/2743/2325 2589/2701/2283
f 2591/2703/2285 2635/2745/2327 2634/2744/2326 2590/2702/2284
f 2592/2704/2286 2636/2746/2328 2635/2745/2327 2591/2703/2285
f 2348/2705/2287 2637/2747/2329 2636/2746/2328 2592/2704/2286
f 2349/2706/2288 2638/2748/2330 2637/2747/2329 2348/2705/2287
f 2593/2707/2289 2639/2749/2331 2638/2748/2330 2349/2706/2288
f 2594/2708/2290 2640/2750/2332 2639/2749/2331 2593/2707/2289
f 2595/2709/2291 2641/2751/2333 2640/2750/2332 2594/2708/2290
f 2596/2710/2292 2642/2752/2334 2641/2751/2333 2595/2709/2291
f 2597/2711/2293 2643/2753/2335 2642/2752/2334 2596/2710/2292
f 2350/2712/2294 2644/2754/2336 2643/2753/2335 2597/2711/2293
f 2598/2713/2295 2645/2755/2337 2644/2754/2336 2350/2712/2294
f 2351/2714/2296 2646/2756/2338 2645/2755/2337 2598/2713/2295
f 2352/2715/2297 2647/2757/2339 2646/2756/2338 2351/2714/2296
f 2353/2716/2298 2648/2758/2340 2647/2757/2339 2352/2715/2297
f 2354/2717/2299 2649/2759/2341 2648/2758/2340 2353/2716/2298
f 2620/2760/2342 2355/2761/2343 2600/2719/2301 2599/2718/2300
f 2621/2762/2344 2620/2760/2342 2599/2718/2300 2601/2720/2302
f 2622/2763/2345 2621/2762/2344 2601/2720/2302 2602/2721/2303
f 2623/2764/2346 2622/2763/2345 2602/2721/2303 2603/2722/2304
f 2356/2765/2347 2623/2764/2346 2603/2722/2304 2604/2723/2305
f 2624/2766/2348 2356/2765/2347 2604/2723/2305 2605/2724/2306
f 2357/2767/2349 2624/2766/2348 2605/2724/2306 2606/2725/2307
f 2358/2768/2350 2357/2767/2349 2606/2725/2307 2607/2726/2308
f 2359/2769/2351 2358/2768/2350 2607/2726/2308 2608/2727/2309
f 2360/2770/2352 2359/2769/2351 2608/2727/2309 2609/2728/2310
f 2361/2771/2353 2360/2770/2352 2609/2728/2310 2610/2729/2311
f 2625/2772/2354 2361/2771/2353 2610/2729/2311 2611/2730/2312
f 2626/2773/2355 2625/2772/2354 2611/2730/2312 2612/2731/2313
f 2362/2774/2356 2626/2773/2355 2612/2731/2313 2613/2732/2314
f 2363/2775/2357 2362/2774/2356 2613/2732/2314 2614/2733/2315
f 2364/2776/2358 2363/2775/2357 2614/2733/2315 2615/2734/2316
f 2365/2777/2359 2364/2776/2358 2615/2734/2316 2616/2735/2317
f 2627/2778/2360 2365/2777/2359 2616/2735/2317 2617/2736/2318
f 2628/2779/2361 2627/2778/2360 2617/2736/2318 2618/2737/2319
f 2366/2780/2362 2628/2779/2361 2618/2737/2319 2619/2738/2320
f 2629/2739/2321 2422/2781/2363 2423/2782/2364 2630/2740/2322
f 2631/2741/2323 2424/2783/2365 2422/2781/2363 2629/2739/2321
f 2632/2742/2324 2425/2784/2366 2424/2783/2365 2631/2741/2323
f 2633/2743/2325 2426/2785/2367 2425/2784/2366 2632/2742/2324
f 2634/2744/2326 2428/2786/2368 2426/2785/2367 2633/2743/2325
f 2635/2745/2327 2429/2787/2369 2428/2786/2368 2634/2744/2326
f 2636/2746/2328 2431/2788/2370 2429/2787/2369 2635/2745/2327
f 2637/2747/2329 2432/2789/2371 2431/2788/2370 2636/2746/2328
f 2638/2748/2330 2433/2790/2372 2432/2789/2371 2637/2747/2329
f 2639/2749/2331 2434/2791/2373 2433/2790/2372 2638/2748/2330
f 2640/2750/2332 2435/2792/2374 2434/2791/2373 2639/2749/2331
f 2641/2751/2333 2436/2793/2375 2435/2792/2374 2640/2750/2332
f 2642/2752/2334 2437/2794/2376 2436/2793/2375 2641/2751/2333
f 2643/2753/2335 2438/2795/2377 2437/2794/2376 2642/2752/2334
f 2644/2754/2336 2439/2796/2378 2438/2795/2377 2643/2753/2335
f 2645/2755/2337 2440/2797/2379 2439/2796/2378 2644/2754/2336
f 2646/2756/2338 2441/2798/2380 2440/2797/2379 2645/2755/2337
f 2647/2757/2339 2442/2799/2381 2441/2798/2380 2646/2756/2338
f 2648/2758/2340 2443/2800/2382 2442/2799/2381 2647/2757/2339
f 2649/2759/2341 2444/2801/2383 2443/2800/2382 2648/2758/2340
f 2650/2802/2384 2367/2803/2385 2355/2761/2343 2620/2760/2342
f 2651/2804/2386 2650/2802/2384 2620/2760/2342 2621/2762/2344
f 2652/2805/2387 2651/2804/2386 2621/2762/2344 2622/2763/2345
f 2653/2806/2388 2652/2805/2387 2622/2763/2345 2623/2764/2346
f 2518/2807/2389 2653/2806/2388 2623/2764/2346 2356/2765/2347
f 2654/2808/2390 2518/2807/2389 2356/2765/2347 2624/2766/2348
f 2516/2809/2391 2654/2808/2390 2624/2766/2348 2357/2767/2349
f 2515/2810/2392 2516/2809/2391 2357/2767/2349 2358/2768/2350
f 2514/2811/2393 2515/2810/2392 2358/2768/2350 2359/2769/2351
f 2513/2812/2394 2514/2811/2393 2359/2769/2351 2360/2770/2352
f 2512/2813/2395 2513/2812/2394 2360/2770/2352 2361/2771/2353
f 2655/2814/2396 2512/2813/2395 2361/2771/2353 2625/2772/2354
f 2656/2815/2397 2655/2814/2396 2625/2772/2354 2626/2773/2355
f 2509/2816/2398 2656/2815/2397 2626/2773/2355 2362/2774/2356
f 2508/2817/2399 2509/2816/2398 2362/2774/2356 2363/2775/2357
f 2507/2818/2400 2508/2817/2399 2363/2775/2357 2364/2776/2358
f 2506/2819/2401 2507/2818/2400 2364/2776/2358 2365/2777/2359
f 2420/2820/2402 2506/2819/2401 2365/2777/2359 2627/2778/2360
f 2421/2821/2403 2420/2820/2402 2627/2778/2360 2628/2779/2361
f 2504/2822/2404 2421/2821/2403 2628/2779/2361 2366/2780/2362
f 2422/2781/2363 2369/2823/2405 2368/2824/2406 2423/2782/2364
f 2424/2783/2365 2370/2825/2407 2369/2823/2405 2422/2781/2363
f 2425/2784/2366 2371/2826/2408 2370/2825/2407 2424/2783/2365
f 2426/2785/2367 2427/2827/2409 2371/2826/2408 2425/2784/2366
f 2428/2786/2368 2372/2828/2410 2427/2827/2409 2426/2785/2367
f 2429/2787/2369 2430/2829/2411 2372/2828/2410 2428/2786/2368
f 2431/2788/2370 2510/2830/2412 2430/2829/2411 2429/2787/2369
f 2432/2789/2371 2511/2831/2413 2510/2830/2412 2431/2788/2370
f 2433/2790/2372 2373/2832/2414 2511/2831/2413 2432/2789/2371
f 2434/2791/2373 2374/2833/2415 2373/2832/2414 2433/2790/2372
f 2435/2792/2374 2375/2834/2416 2374/2833/2415 2434/2791/2373
f 2436/2793/2375 2376/2835/2417 2375/2834/2416 2435/2792/2374
f 2437/2794/2376 2377/2836/2418 2376/2835/2417 2436/2793/2375
f 2438/2795/2377 2517/2837/2419 2377/2836/2418 2437/2794/2376
f 2439/2796/2378 2378/2838/2420 2517/2837/2419 2438/2795/2377
f 2440/2797/2379 2379/2839/2421 2378/2838/2420 2439/2796/2378
f 2441/2798/2380 2380/2840/2422 2379/2839/2421 2440/2797/2379
f 2442/2799/2381 2381/2841/2423 2380/2840/2422 2441/2798/2380
f 2443/2800/2382 2382/2842/2424 2381/2841/2423 2442/2799/2381
f 2444/2801/2383 2502/2843/2425 2382/2842/2424 2443/2800/2382
f 2343/2675/2257 2564/2674/2256 2445/2844/2426 2415/2845/2427
f 2344/2672/2255 2392/2846/2428 2445/2847/2426 2564/2673/2256
f 2383/2848/2429 2446/2849/2430 2450/2850/2431 2418/2851/2432
f 2384/2852/2433 2383/2848/2429 2385/2853/2434 2447/2854/2435
f 2446/2849/2430 2448/2855/2436 2386/2856/2437
f 2447/2854/2435 2385/2853/2434 2449/2857/2438 2452/2858/2439
f 2386/2856/2437 2451/2859/2440 2503/2860/2441 2450/2861/2431
f 2451/2859/2440 2384/2852/2433 2447/2854/2435 2387/2862/2442
f 2387/2862/2442 2447/2854/2435 2452/2858/2439 2414/2863/2443
f 2388/2864/2444 2456/2865/2445 2505/2866/2446 2453/2867/2447
f 2455/2868/2448 2454/2869/2449 2389/2870/2450
f 2456/2865/2445 2455/2868/2448 2457/2871/2451 2395/2872/2452
f 2389/2870/2450 2390/2873/2453 2396/2874/2454 2457/2871/2451
f 2390/2873/2453 2388/2875/2444 2453/2876/2447 2391/2877/2455
f 2450/2861/2431 2503/2860/2441 2525/2878/2456 2458/2879/2457
f 2391/2877/2455 2453/2876/2447 2417/2880/2458 2419/2881/2459
f 2445/2847/2426 2392/2846/2428 2459/2882/2460 2460/2883/2461
f 2460/2883/2461 2459/2882/2460 2520/2884/2462 2499/2885/2463
f 2528/2591/2195 2393/2590/2194 2500/2886/2464 2394/2887/2465
f 2394/2887/2465 2500/2886/2464 2461/2888/2466 2521/2889/2467
f 2395/2872/2452 2457/2871/2451 2463/2890/2468 2464/2891/2469
f 2457/2871/2451 2396/2874/2454 2462/2892/2470 2463/2890/2468
f 2464/2891/2469 2463/2890/2468 2465/2893/2471 2466/2894/2472
f 2463/2890/2468 2462/2892/2470 2397/2895/2473 2465/2893/2471
f 2466/2894/2472 2465/2893/2471 2467/2896/2474 2398/2897/2475
f 2465/2893/2471 2397/2895/2473 2399/2898/2476 2467/2896/2474
f 2398/2897/2475 2467/2896/2474 2469/2899/2477 2400/2900/2478
f 2467/2896/2474 2399/2898/2476 2468/2901/2479 2469/2899/2477
f 2400/2900/2478 2469/2899/2477 2471/2902/2480 2401/2903/2481
f 2469/2899/2477 2468/2901/2479 2470/2904/2482 2471/2902/2480
f 2401/2903/2481 2471/2902/2480 2473/2905/2483 2402/2906/2484
f 2471/2902/2480 2470/2904/2482 2472/2907/2485 2473/2905/2483
f 2402/2906/2484 2473/2905/2483 2475/2908/2486 2476/2909/2487
f 2473/2905/2483 2472/2907/2485 2474/2910/2488 2475/2908/2486
f 2476/2909/2487 2475/2908/2486 2477/2911/2489 2478/2912/2490
f 2475/2908/2486 2474/2910/2488 2403/2913/2491 2477/2911/2489
f 2478/2912/2490 2477/2911/2489 2479/2914/2492 2404/2915/2493
f 2477/2911/2489 2403/2913/2491 2405/2916/2494 2479/2914/2492
f 2404/2915/2493 2479/2914/2492 2481/2917/2495 2406/2918/2496
f 2479/2914/2492 2405/2916/2494 2480/2919/2497 2481/2917/2495
f 2406/2918/2496 2481/2917/2495 2483/2920/2498 2407/2921/2499
f 2481/2917/2495 2480/2919/2497 2482/2922/2500 2483/2920/2498
f 2407/2921/2499 2483/2920/2498 2485/2923/2501 2408/2924/2502
f 2483/2920/2498 2482/2922/2500 2484/2925/2503 2485/2923/2501
f 2408/2924/2502 2485/2923/2501 2487/2926/2504 2409/2927/2505
f 2485/2923/2501 2484/2925/2503 2486/2928/2506 2487/2926/2504
f 2409/2927/2505 2487/2926/2504 2489/2929/2507 2490/2930/2508
f 2487/2926/2504 2486/2928/2506 2488/2931/2509 2489/2929/2507
f 2490/2930/2508 2489/2929/2507 2491/2932/2510 2410/2933/2511
f 2489/2929/2507 2488/2931/2509 2411/2934/2512 2491/2932/2510
f 2410/2933/2511 2491/2932/2510 2493/2935/2513 2494/2936/2514
f 2491/2932/2510 2411/2934/2512 2492/2937/2515 2493/2935/2513
f 2494/2936/2514 2493/2935/2513 2495/2938/2516 2496/2939/2517
f 2493/2935/2513 2492/2937/2515 2412/2940/2518 2495/2938/2516
f 2496/2939/2517 2495/2938/2516 2497/2941/2519 2498/2942/2520
f 2495/2938/2516 2412/2940/2518 2413/2943/2521 2497/2941/2519
f 2498/2942/2520 2497/2941/2519 2452/2858/2439 2449/2857/2438
f 2497/2941/2519 2413/2943/2521 2414/2863/2443 2452/2858/2439
f 2415/2845/2427 2445/2844/2426 2460/2944/2461 2416/2945/2522
f 2416/2945/2522 2460/2944/2461 2499/2946/2463 2522/2947/2523
f 2499/2885/2463 2520/2884/2462 2523/2948/2524 2458/2949/2457
f 2521/2889/2467 2461/2888/2466 2417/2950/2458 2524/2951/2525
f 2393/2594/2194 2527/2593/2197 2519/2952/2526 2500/2953/2464
f 2500/2953/2464 2519/2952/2526 2501/2954/2527 2461/2955/2466
f 2522/2947/2523 2499/2946/2463 2458/2879/2457 2525/2878/2456
f 2458/2949/2457 2523/2948/2524 2418/2851/2432 2450/2850/2431
f 2524/2951/2525 2417/2950/2458 2453/2867/2447 2505/2866/2446
f 2461/2955/2466 2501/2954/2527 2419/2881/2459 2417/2880/2458
f 2451/2859/2440 2387/2862/2442 2502/2843/2425 2503/2860/2441
f 2418/2851/2432 2367/2803/2385 2385/2853/2434 2383/2848/2429
f 2450/2850/2431 2446/2849/2430 2386/2856/2437
f 2457/2871/2451 2455/2868/2448 2389/2870/2450
f 2368/2824/2406 2396/2874/2454 2390/2873/2453 2391/2877/2455
f 2395/2872/2452 2504/2822/2404 2505/2866/2446 2456/2865/2445
f 2369/2823/2405 2462/2892/2470 2396/2874/2454 2368/2824/2406
f 2464/2891/2469 2421/2821/2403 2504/2822/2404 2395/2872/2452
f 2370/2825/2407 2397/2895/2473 2462/2892/2470 2369/2823/2405
f 2466/2894/2472 2420/2820/2402 2421/2821/2403 2464/2891/2469
f 2371/2826/2408 2399/2898/2476 2397/2895/2473 2370/2825/2407
f 2398/2897/2475 2506/2819/2401 2420/2820/2402 2466/2894/2472
f 2427/2827/2409 2468/2901/2479 2399/2898/2476 2371/2826/2408
f 2400/2900/2478 2507/2818/2400 2506/2819/2401 2398/2897/2475
f 2372/2828/2410 2470/2904/2482 2468/2901/2479 2427/2827/2409
f 2401/2903/2481 2508/2817/2399 2507/2818/2400 2400/2900/2478
f 2430/2829/2411 2472/2907/2485 2470/2904/2482 2372/2828/2410
f 2402/2906/2484 2509/2816/2398 2508/2817/2399 2401/2903/2481
f 2510/2830/2412 2474/2910/2488 2472/2907/2485 2430/2829/2411
f 2476/2909/2487 2656/2815/2397 2509/2816/2398 2402/2906/2484
f 2511/2831/2413 2403/2913/2491 2474/2910/2488 2510/2830/2412
f 2478/2912/2490 2655/2814/2396 2656/2815/2397 2476/2909/2487
f 2373/2832/2414 2405/2916/2494 2403/2913/2491 2511/2831/2413
f 2404/2915/2493 2512/2813/2395 2655/2814/2396 2478/2912/2490
f 2374/2833/2415 2480/2919/2497 2405/2916/2494 2373/2832/2414
f 2406/2918/2496 2513/2812/2394 2512/2813/2395 2404/2915/2493
f 2375/2834/2416 2482/2922/2500 2480/2919/2497 2374/2833/2415
f 2407/2921/2499 2514/2811/2393 2513/2812/2394 2406/2918/2496
f 2376/2835/2417 2484/2925/2503 2482/2922/2500 2375/2834/2416
f 2408/2924/2502 2515/2810/2392 2514/2811/2393 2407/2921/2499
f 2377/2836/2418 2486/2928/2506 2484/2925/2503 2376/2835/2417
f 2409/2927/2505 2516/2809/2391 2515/2810/2392 2408/2924/2502
f 2517/2837/2419 2488/2931/2509 2486/2928/2506 2377/2836/2418
f 2490/2930/2508 2654/2808/2390 2516/2809/2391 2409/2927/2505
f 2378/2838/2420 2411/2934/2512 2488/2931/2509 2517/2837/2419
f 2410/2933/2511 2518/2807/2389 2654/2808/2390 2490/2930/2508
f 2379/2839/2421 2492/2937/2515 2411/2934/2512 2378/2838/2420
f 2494/2936/2514 2653/2806/2388 2518/2807/2389 2410/2933/2511
f 2380/2840/2422 2412/2940/2518 2492/2937/2515 2379/2839/2421
f 2496/2939/2517 2652/2805/2387 2653/2806/2388 2494/2936/2514
f 2381/2841/2423 2413/2943/2521 2412/2940/2518 2380/2840/2422
f 2498/2942/2520 2651/2804/2386 2652/2805/2387 2496/2939/2517
f 2382/2842/2424 2414/2863/2443 2413/2943/2521 2381/2841/2423
f 2449/2857/2438 2650/2802/2384 2651/2804/2386 2498/2942/2520
f 2502/2843/2425 2387/2862/2442 2414/2863/2443 2382/2842/2424
f 2385/2853/2434 2367/2803/2385 2650/2802/2384 2449/2857/2438
f 2459/2882/2460 2392/2846/2428 2344/2672/2255 2568/2677/2259
f 2394/2887/2465 2587/2696/2278 2322/2588/2192 2528/2591/2195
f 2321/2592/2196 2345/2698/2280 2519/2952/2526 2527/2593/2197
f 2416/2945/2522 2354/2717/2299 2343/2675/2257 2415/2845/2427
f 2459/2882/2460 2568/2677/2259 2600/2719/2301 2520/2884/2462
f 2521/2889/2467 2619/2738/2320 2587/2696/2278 2394/2887/2465
f 2345/2698/2280 2630/2740/2322 2501/2954/2527 2519/2952/2526
f 2522/2947/2523 2649/2759/2341 2354/2717/2299 2416/2945/2522
f 2520/2884/2462 2600/2719/2301 2355/2761/2343 2523/2948/2524
f 2524/2951/2525 2366/2780/2362 2619/2738/2320 2521/2889/2467
f 2630/2740/2322 2423/2782/2364 2419/2881/2459 2501/2954/2527
f 2525/2878/2456 2444/2801/2383 2649/2759/2341 2522/2947/2523
f 2523/2948/2524 2355/2761/2343 2367/2803/2385 2418/2851/2432
f 2505/2866/2446 2504/2822/2404 2366/2780/2362 2524/2951/2525
f 2423/2782/2364 2368/2824/2406 2391/2877/2455 2419/2881/2459
f 2503/2860/2441 2502/2843/2425 2444/2801/2383 2525/2878/2456
f 2383/2848/2429 2384/2852/2433 2448/2855/2436 2446/2849/2430
f 2451/2859/2440 2386/2856/2437 2448/2855/2436 2384/2852/2433
f 2456/2865/2445 2388/2864/2444 2454/2869/2449 2455/2868/2448
f 2390/2873/2453 2389/2870/2450 2454/2869/2449 2388/2875/2444
f 2658/2956/2528 2862/2957/2529 2733/2958/2530 2864/2959/2531
f 2657/2960/2532 2863/2961/2533 2733/2962/2530 2862/2963/2529
f 2865/2964/2534 2659/2965/2535 2657/2960/2532 2862/2963/2529
f 2660/2966/2536 2865/2967/2534 2862/2957/2529 2658/2956/2528
f 2866/2968/2537 2868/2969/2538 2659/2965/2535 2865/2964/2534
f 2869/2970/2539 2866/2971/2537 2865/2967/2534 2660/2966/2536
f 2662/2972/2540 2867/2973/2541 2866/2971/2537 2869/2970/2539
f 2867/2974/2541 2661/2975/2542 2868/2969/2538 2866/2968/2537
f 2870/2976/2543 2872/2977/2544 2661/2975/2542 2867/2974/2541
f 2873/2978/2545 2870/2979/2543 2867/2973/2541 2662/2972/2540
f 2876/2980/2546 2871/2981/2547 2870/2979/2543 2873/2978/2545
f 2871/2982/2547 2875/2983/2548 2872/2977/2544 2870/2976/2543
f 2879/2984/2549 2874/2985/2550 2871/2981/2547 2876/2980/2546
f 2874/2986/2550 2878/2987/2551 2875/2983/2548 2871/2982/2547
f 2664/2988/2552 2877/2989/2553 2874/2985/2550 2879/2984/2549
f 2877/2990/2553 2663/2991/2554 2878/2987/2551 2874/2986/2550
f 2880/2992/2555 2665/2993/2556 2663/2991/2554 2877/2990/2553
f 2666/2994/2557 2880/2995/2555 2877/2989/2553 2664/2988/2552
f 2886/2996/2558 2881/2997/2559 3003/2998/2560 2883/2999/2561
f 2881/3000/2559 2885/3001/2562 2882/3002/2563 3003/3003/2560
f 3003/3003/2560 2882/3002/2563 2665/2993/2556 2880/2992/2555
f 2883/2999/2561 3003/2998/2560 2880/2995/2555 2666/2994/2557
f 2889/3004/2564 2884/3005/2565 2881/2997/2559 2886/2996/2558
f 2884/3006/2565 2888/3007/2566 2885/3001/2562 2881/3000/2559
f 2892/3008/2567 2887/3009/2568 2884/3005/2565 2889/3004/2564
f 2887/3010/2568 2891/3011/2569 2888/3007/2566 2884/3006/2565
f 2895/3012/2570 2890/3013/2571 2887/3009/2568 2892/3008/2567
f 2890/3014/2571 2894/3015/2572 2891/3011/2569 2887/3010/2568
f 2898/3016/2573 2893/3017/2574 2890/3013/2571 2895/3012/2570
f 2893/3018/2574 2897/3019/2575 2894/3015/2572 2890/3014/2571
f 2668/3020/2576 2896/3021/2577 2893/3017/2574 2898/3016/2573
f 2896/3022/2577 2667/3023/2578 2897/3019/2575 2893/3018/2574
f 2899/3024/2579 2669/3025/2580 2667/3023/2578 2896/3022/2577
f 2670/3026/2581 2899/3027/2579 2896/3021/2577 2668/3020/2576
f 2900/3028/2582 2902/3029/2583 2669/3025/2580 2899/3024/2579
f 2903/3030/2584 2900/3031/2582 2899/3027/2579 2670/3026/2581
f 2672/3032/2585 2901/3033/2586 2900/3031/2582 2903/3030/2584
f 2901/3034/2586 2671/3035/2587 2902/3029/2583 2900/3028/2582
f 2904/3036/2588 2673/3037/2589 2671/3035/2587 2901/3034/2586
f 2674/3038/2590 2904/3039/2588 2901/3033/2586 2672/3032/2585
f 2905/3040/2591 2675/3041/2592 2673/3037/2589 2904/3036/2588
f 2676/3042/2593 2905/3043/2591 2904/3039/2588 2674/3038/2590
f 2906/3044/2594 2677/3045/2595 2675/3041/2592 2905/3040/2591
f 2678/3046/2596 2906/3047/2594 2905/3043/2591 2676/3042/2593
f 2908/3048/2597 2907/3049/2598 2678/3046/2596 2676/3042/2593
f 2909/3050/2599 2908/3048/2597 2676/3042/2593 2674/3038/2590
f 2910/3051/2600 2909/3050/2599 2674/3038/2590 2672/3032/2585
f 2911/3052/2601 2910/3051/2600 2672/3032/2585 2903/3030/2584
f 2912/3053/2602 2911/3052/2601 2903/3030/2584 2670/3026/2581
f 2913/3054/2603 2912/3053/2602 2670/3026/2581 2668/3020/2576
f 2914/3055/2604 2913/3054/2603 2668/3020/2576 2898/3016/2573
f 2915/3056/2605 2914/3055/2604 2898/3016/2573 2895/3012/2570
f 2916/3057/2606 2915/3056/2605 2895/3012/2570 2892/3008/2567
f 2917/3058/2607 2916/3057/2606 2892/3008/2567 2889/3004/2564
f 2918/3059/2608 2917/3058/2607 2889/3004/2564 2886/2996/2558
f 2919/3060/2609 2918/3059/2608 2886/2996/2558 2883/2999/2561
f 2920/3061/2610 2919/3060/2609 2883/2999/2561 2666/2994/2557
f 2921/3062/2611 2920/3061/2610 2666/2994/2557 2664/2988/2552
f 2922/3063/2612 2921/3062/2611 2664/2988/2552 2879/2984/2549
f 2923/3064/2613 2922/3063/2612 2879/2984/2549 2876/2980/2546
f 2924/3065/2614 2923/3064/2613 2876/2980/2546 2873/2978/2545
f 2925/3066/2615 2924/3065/2614 2873/2978/2545 2662/2972/2540
f 2926/3067/2616 2925/3066/2615 2662/2972/2540 2869/2970/2539
f 2927/3068/2617 2926/3067/2616 2869/2970/2539 2660/2966/2536
f 2928/3069/2618 2927/3068/2617 2660/2966/2536 2658/2956/2528
f 2659/2965/2535 2929/3070/2619 2679/3071/2620 2657/2960/2532
f 2868/2969/2538 2930/3072/2621 2929/3070/2619 2659/2965/2535
f 2661/2975/2542 2680/3073/2622 2930/3072/2621 2868/2969/2538
f 2872/2977/2544 2931/3074/2623 2680/3073/2622 2661/2975/2542
f 2875/2983/2548 2681/3075/2624 2931/3074/2623 2872/2977/2544
f 2878/2987/2551 2682/3076/2625 2681/3075/2624 2875/2983/2548
f 2663/2991/2554 2683/3077/2626 2682/3076/2625 2878/2987/2551
f 2665/2993/2556 2932/3078/2627 2683/3077/2626 2663/2991/2554
f 2885/3001/2562 2684/3079/2628 2933/3080/2629 2882/3002/2563
f 2882/3002/2563 2933/3080/2629 2932/3078/2627 2665/2993/2556
f 2888/3007/2566 2685/3081/2630 2684/3079/2628 2885/3001/2562
f 2891/3011/2569 2686/3082/2631 2685/3081/2630 2888/3007/2566
f 2894/3015/2572 2687/3083/2632 2686/3082/2631 2891/3011/2569
f 2897/3019/2575 2688/3084/2633 2687/3083/2632 2894/3015/2572
f 2667/3023/2578 2689/3085/2634 2688/3084/2633 2897/3019/2575
f 2669/3025/2580 2934/3086/2635 2689/3085/2634 2667/3023/2578
f 2902/3029/2583 2935/3087/2636 2934/3086/2635 2669/3025/2580
f 2671/3035/2587 2690/3088/2637 2935/3087/2636 2902/3029/2583
f 2673/3037/2589 2936/3089/2638 2690/3088/2637 2671/3035/2587
f 2675/3041/2592 2937/3090/2639 2936/3089/2638 2673/3037/2589
f 2677/3045/2595 2938/3091/2640 2937/3090/2639 2675/3041/2592
f 2940/3092/2641 2939/3093/2642 2907/3049/2598 2908/3048/2597
f 2941/3094/2643 2940/3092/2641 2908/3048/2597 2909/3050/2599
f 2942/3095/2644 2941/3094/2643 2909/3050/2599 2910/3051/2600
f 2943/3096/2645 2942/3095/2644 2910/3051/2600 2911/3052/2601
f 2944/3097/2646 2943/3096/2645 2911/3052/2601 2912/3053/2602
f 2945/3098/2647 2944/3097/2646 2912/3053/2602 2913/3054/2603
f 2946/3099/2648 2945/3098/2647 2913/3054/2603 2914/3055/2604
f 2947/3100/2649 2946/3099/2648 2914/3055/2604 2915/3056/2605
f 2948/3101/2650 2947/3100/2649 2915/3056/2605 2916/3057/2606
f 2949/3102/2651 2948/3101/2650 2916/3057/2606 2917/3058/2607
f 2950/3103/2652 2949/3102/2651 2917/3058/2607 2918/3059/2608
f 2951/3104/2653 2950/3103/2652 2918/3059/2608 2919/3060/2609
f 2952/3105/2654 2951/3104/2653 2919/3060/2609 2920/3061/2610
f 2953/3106/2655 2952/3105/2654 2920/3061/2610 2921/3062/2611
f 2954/3107/2656 2953/3106/2655 2921/3062/2611 2922/3063/2612
f 2955/3108/2657 2954/3107/2656 2922/3063/2612 2923/3064/2613
f 2956/3109/2658 2955/3108/2657 2923/3064/2613 2924/3065/2614
f 2957/3110/2659 2956/3109/2658 2924/3065/2614 2925/3066/2615
f 2958/3111/2660 2957/3110/2659 2925/3066/2615 2926/3067/2616
f 2959/3112/2661 2958/3111/2660 2926/3067/2616 2927/3068/2617
f 2960/3113/2662 2959/3112/2661 2927/3068/2617 2928/3069/2618
f 2929/3070/2619 2961/3114/2663 2691/3115/2664 2679/3071/2620
f 2930/3072/2621 2962/3116/2665 2961/3114/2663 2929/3070/2619
f 2680/3073/2622 2692/3117/2666 2962/3116/2665 2930/3072/2621
f 2931/3074/2623 2963/3118/2667 2692/3117/2666 2680/3073/2622
f 2681/3075/2624 2693/3119/2668 2963/3118/2667 2931/3074/2623
f 2682/3076/2625 2694/3120/2669 2693/3119/2668 2681/3075/2624
f 2683/3077/2626 2695/3121/2670 2694/3120/2669 2682/3076/2625
f 2932/3078/2627 2964/3122/2671 2695/3121/2670 2683/3077/2626
f 2684/3079/2628 2696/3123/2672 2965/3124/2673 2933/3080/2629
f 2933/3080/2629 2965/3124/2673 2964/3122/2671 2932/3078/2627
f 2685/3081/2630 2697/3125/2674 2696/3123/2672 2684/3079/2628
f 2686/3082/2631 2698/3126/2675 2697/3125/2674 2685/3081/2630
f 2687/3083/2632 2699/3127/2676 2698/3126/2675 2686/3082/2631
f 2688/3084/2633 2700/3128/2677 2699/3127/2676 2687/3083/2632
f 2689/3085/2634 2701/3129/2678 2700/3128/2677 2688/3084/2633
f 2934/3086/2635 2966/3130/2679 2701/3129/2678 2689/3085/2634
f 2935/3087/2636 2967/3131/2680 2966/3130/2679 2934/3086/2635
f 2690/3088/2637 2702/3132/2681 2967/3131/2680 2935/3087/2636
f 2936/3089/2638 2968/3133/2682 2702/3132/2681 2690/3088/2637
f 2937/3090/2639 2969/3134/2683 2968/3133/2682 2936/3089/2638
f 2938/3091/2640 2970/3135/2684 2969/3134/2683 2937/3090/2639
f 2972/3136/2685 2971/3137/2686 2939/3093/2642 2940/3092/2641
f 2973/3138/2687 2972/3136/2685 2940/3092/2641 2941/3094/2643
f 2974/3139/2688 2973/3138/2687 2941/3094/2643 2942/3095/2644
f 2975/3140/2689 2974/3139/2688 2942/3095/2644 2943/3096/2645
f 2976/3141/2690 2975/3140/2689 2943/3096/2645 2944/3097/2646
f 2977/3142/2691 2976/3141/2690 2944/3097/2646 2945/3098/2647
f 2978/3143/2692 2977/3142/2691 2945/3098/2647 2946/3099/2648
f 2979/3144/2693 2978/3143/2692 2946/3099/2648 2947/3100/2649
f 2980/3145/2694 2979/3144/2693 2947/3100/2649 2948/3101/2650
f 2981/3146/2695 2980/3145/2694 2948/3101/2650 2949/3102/2651
f 2982/3147/2696 2981/3146/2695 2949/3102/2651 2950/3103/2652
f 2983/3148/2697 2982/3147/2696 2950/3103/2652 2951/3104/2653
f 2984/3149/2698 2983/3148/2697 2951/3104/2653 2952/3105/2654
f 2985/3150/2699 2984/3149/2698 2952/3105/2654 2953/3106/2655
f 2986/3151/2700 2985/3150/2699 2953/3106/2655 2954/3107/2656
f 2987/3152/2701 2986/3151/2700 2954/3107/2656 2955/3108/2657
f 2988/3153/2702 2987/3152/2701 2955/3108/2657 2956/3109/2658
f 2989/3154/2703 2988/3153/2702 2956/3109/2658 2957/3110/2659
f 2990/3155/2704 2989/3154/2703 2957/3110/2659 2958/3111/2660
f 2991/3156/2705 2990/3155/2704 2958/3111/2660 2959/3112/2661
f 2992/3157/2706 2991/3156/2705 2959/3112/2661 2960/3113/2662
f 2961/3114/2663 2763/3158/2707 2764/3159/2708 2691/3115/2664
f 2962/3116/2665 2765/3160/2709 2763/3158/2707 2961/3114/2663
f 2692/3117/2666 2766/3161/2710 2765/3160/2709 2962/3116/2665
f 2963/3118/2667 2767/3162/2711 2766/3161/2710 2692/3117/2666
f 2693/3119/2668 2768/3163/2712 2767/3162/2711 2963/3118/2667
f 2694/3120/2669 2769/3164/2713 2768/3163/2712 2693/3119/2668
f 2695/3121/2670 2770/3165/2714 2769/3164/2713 2694/3120/2669
f 2964/3122/2671 2771/3166/2715 2770/3165/2714 2695/3121/2670
f 2696/3123/2672 2772/3167/2716 3004/3168/2717 2965/3124/2673
f 2965/3124/2673 3004/3168/2717 2771/3166/2715 2964/3122/2671
f 2697/3125/2674 2773/3169/2718 2772/3167/2716 2696/3123/2672
f 2698/3126/2675 2774/3170/2719 2773/3169/2718 2697/3125/2674
f 2699/3127/2676 2775/3171/2720 2774/3170/2719 2698/3126/2675
f 2700/3128/2677 2776/3172/2721 2775/3171/2720 2699/3127/2676
f 2701/3129/2678 2777/3173/2722 2776/3172/2721 2700/3128/2677
f 2966/3130/2679 2778/3174/2723 2777/3173/2722 2701/3129/2678
f 2967/3131/2680 2779/3175/2724 2778/3174/2723 2966/3130/2679
f 2702/3132/2681 2780/3176/2725 2779/3175/2724 2967/3131/2680
f 2968/3133/2682 2781/3177/2726 2780/3176/2725 2702/3132/2681
f 2969/3134/2683 2782/3178/2727 2781/3177/2726 2968/3133/2682
f 2970/3135/2684 2783/3179/2728 2782/3178/2727 2969/3134/2683
f 2855/3180/2729 2703/3181/2730 2971/3137/2686 2972/3136/2685
f 2854/3182/2731 2855/3180/2729 2972/3136/2685 2973/3138/2687
f 2853/3183/2732 2854/3182/2731 2973/3138/2687 2974/3139/2688
f 2993/3184/2733 2853/3183/2732 2974/3139/2688 2975/3140/2689
f 2852/3185/2734 2993/3184/2733 2975/3140/2689 2976/3141/2690
f 2851/3186/2735 2852/3185/2734 2976/3141/2690 2977/3142/2691
f 2994/3187/2736 2851/3186/2735 2977/3142/2691 2978/3143/2692
f 2995/3188/2737 2994/3187/2736 2978/3143/2692 2979/3144/2693
f 2996/3189/2738 2995/3188/2737 2979/3144/2693 2980/3145/2694
f 2997/3190/2739 2996/3189/2738 2980/3145/2694 2981/3146/2695
f 2998/3191/2740 2997/3190/2739 2981/3146/2695 2982/3147/2696
f 2850/3192/2741 2999/3193/2742 2983/3148/2697 2984/3149/2698
f 2999/3193/2742 2998/3191/2740 2982/3147/2696 2983/3148/2697
f 2849/3194/2743 2850/3192/2741 2984/3149/2698 2985/3150/2699
f 3000/3195/2744 2849/3194/2743 2985/3150/2699 2986/3151/2700
f 3001/3196/2745 3000/3195/2744 2986/3151/2700 2987/3152/2701
f 3002/3197/2746 3001/3196/2745 2987/3152/2701 2988/3153/2702
f 2848/3198/2747 3002/3197/2746 2988/3153/2702 2989/3154/2703
f 2762/3199/2748 2848/3198/2747 2989/3154/2703 2990/3155/2704
f 2846/3200/2749 2762/3199/2748 2990/3155/2704 2991/3156/2705
f 2844/3201/2750 2846/3200/2749 2991/3156/2705 2992/3157/2706
f 2763/3158/2707 2705/3202/2751 2704/3203/2752 2764/3159/2708
f 2765/3160/2709 2847/3204/2753 2705/3202/2751 2763/3158/2707
f 2766/3161/2710 2706/3205/2754 2847/3204/2753 2765/3160/2709
f 2767/3162/2711 2707/3206/2755 2706/3205/2754 2766/3161/2710
f 2768/3163/2712 2708/3207/2756 2707/3206/2755 2767/3162/2711
f 2769/3164/2713 2709/3208/2757 2708/3207/2756 2768/3163/2712
f 2770/3165/2714 2710/3209/2758 2709/3208/2757 2769/3164/2713
f 2771/3166/2715 2711/3210/2759 2710/3209/2758 2770/3165/2714
f 2772/3167/2716 2712/3211/2760 3006/3212/2761 3004/3168/2717
f 3004/3168/2717 3006/3212/2761 2711/3210/2759 2771/3166/2715
f 2773/3169/2718 2713/3213/2762 2712/3211/2760 2772/3167/2716
f 2774/3170/2719 2714/3214/2763 2713/3213/2762 2773/3169/2718
f 2775/3171/2720 2715/3215/2764 2714/3214/2763 2774/3170/2719
f 2776/3172/2721 2716/3216/2765 2715/3215/2764 2775/3171/2720
f 2777/3173/2722 2717/3217/2766 2716/3216/2765 2776/3172/2721
f 2778/3174/2723 2718/3218/2767 2717/3217/2766 2777/3173/2722
f 2779/3175/2724 2719/3219/2768 2718/3218/2767 2778/3174/2723
f 2780/3176/2725 2720/3220/2769 2719/3219/2768 2779/3175/2724
f 2781/3177/2726 2721/3221/2770 2720/3220/2769 2780/3176/2725
f 2782/3178/2727 2722/3222/2771 2721/3221/2770 2781/3177/2726
f 2783/3179/2728 2842/3223/2772 2722/3222/2771 2782/3178/2727
f 2677/3045/2595 2906/3044/2594 2784/3224/2773 2757/3225/2774
f 2678/3046/2596 2732/3226/2775 2784/3227/2773 2906/3047/2594
f 2723/3228/2776 2785/3229/2777 2787/3230/2778 2761/3231/2779
f 2724/3232/2780 2723/3228/2776 2725/3233/2781 2727/3234/2782
f 2785/3229/2777 2786/3235/2783 2726/3236/2784
f 2727/3234/2782 2725/3233/2781 2756/3237/2785 2789/3238/2786
f 2726/3236/2784 2788/3239/2787 2843/3240/2788 2787/3241/2778
f 2788/3239/2787 2724/3232/2780 2727/3234/2782 2790/3242/2789
f 2790/3242/2789 2727/3234/2782 2789/3238/2786 2836/3243/2790
f 2728/3244/2791 2794/3245/2792 2845/3246/2793 2791/3247/2794
f 2793/3248/2795 2792/3249/2796 2729/3250/2797
f 2794/3245/2792 2793/3248/2795 2795/3251/2798 2735/3252/2799
f 2729/3250/2797 2730/3253/2800 2736/3254/2801 2795/3251/2798
f 2730/3253/2800 2728/3255/2791 2791/3256/2794 2731/3257/2802
f 2787/3241/2778 2843/3240/2788 2861/3258/2803 2840/3259/2804
f 2731/3257/2802 2791/3256/2794 2837/3260/2805 2841/3261/2806
f 2784/3227/2773 2732/3226/2775 2796/3262/2807 2797/3263/2808
f 2797/3263/2808 2796/3262/2807 2857/3264/2809 2798/3265/2810
f 2864/2959/2531 2733/2958/2530 2838/3266/2811 2734/3267/2812
f 2734/3267/2812 2838/3266/2811 2839/3268/2813 2759/3269/2814
f 2735/3252/2799 2795/3251/2798 2800/3270/2815 2737/3271/2816
f 2795/3251/2798 2736/3254/2801 2799/3272/2817 2800/3270/2815
f 2737/3271/2816 2800/3270/2815 2802/3273/2818 2803/3274/2819
f 2800/3270/2815 2799/3272/2817 2801/3275/2820 2802/3273/2818
f 2803/3274/2819 2802/3273/2818 2804/3276/2821 2738/3277/2822
f 2802/3273/2818 2801/3275/2820 2739/3278/2823 2804/3276/2821
f 2738/3277/2822 2804/3276/2821 2806/3279/2824 2807/3280/2825
f 2804/3276/2821 2739/3278/2823 2805/3281/2826 2806/3279/2824
f 2807/3280/2825 2806/3279/2824 2808/3282/2827 2809/3283/2828
f 2806/3279/2824 2805/3281/2826 2740/3284/2829 2808/3282/2827
f 2809/3283/2828 2808/3282/2827 2810/3285/2830 2811/3286/2831
f 2808/3282/2827 2740/3284/2829 2741/3287/2832 2810/3285/2830
f 2811/3286/2831 2810/3285/2830 2812/3288/2833 2742/3289/2834
f 2810/3285/2830 2741/3287/2832 2743/3290/2835 2812/3288/2833
f 2742/3289/2834 2812/3288/2833 2814/3291/2836 2744/3292/2837
f 2812/3288/2833 2743/3290/2835 2813/3293/2838 2814/3291/2836
f 2744/3292/2837 2814/3291/2836 3005/3294/2839 2815/3295/2840
f 2815/3295/2840 3005/3294/2839 2817/3296/2841 2818/3297/2842
f 2814/3291/2836 2813/3293/2838 2816/3298/2843 3005/3294/2839
f 3005/3294/2839 2816/3298/2843 2745/3299/2844 2817/3296/2841
f 2818/3297/2842 2817/3296/2841 2819/3300/2845 2820/3301/2846
f 2817/3296/2841 2745/3299/2844 2746/3302/2847 2819/3300/2845
f 2820/3301/2846 2819/3300/2845 2821/3303/2848 2822/3304/2849
f 2819/3300/2845 2746/3302/2847 2747/3305/2850 2821/3303/2848
f 2822/3304/2849 2821/3303/2848 2823/3306/2851 2824/3307/2852
f 2821/3303/2848 2747/3305/2850 2748/3308/2853 2823/3306/2851
f 2824/3307/2852 2823/3306/2851 2825/3309/2854 2826/3310/2855
f 2823/3306/2851 2748/3308/2853 2749/3311/2856 2825/3309/2854
f 2826/3310/2855 2825/3309/2854 2827/3312/2857 2750/3313/2858
f 2825/3309/2854 2749/3311/2856 2751/3314/2859 2827/3312/2857
f 2750/3313/2858 2827/3312/2857 2829/3315/2860 2752/3316/2861
f 2827/3312/2857 2751/3314/2859 2828/3317/2862 2829/3315/2860
f 2752/3316/2861 2829/3315/2860 2831/3318/2863 2832/3319/2864
f 2829/3315/2860 2828/3317/2862 2830/3320/2865 2831/3318/2863
f 2832/3319/2864 2831/3318/2863 2833/3321/2866 2753/3322/2867
f 2831/3318/2863 2830/3320/2865 2754/3323/2868 2833/3321/2866
f 2753/3322/2867 2833/3321/2866 2835/3324/2869 2755/3325/2870
f 2833/3321/2866 2754/3323/2868 2834/3326/2871 2835/3324/2869
f 2755/3325/2870 2835/3324/2869 2789/3238/2786 2756/3237/2785
f 2835/3324/2869 2834/3326/2871 2836/3243/2790 2789/3238/2786
f 2757/3225/2774 2784/3224/2773 2797/3327/2808 2758/3328/2872
f 2758/3328/2872 2797/3327/2808 2798/3329/2810 2760/3330/2873
f 2798/3265/2810 2857/3264/2809 2859/3331/2874 2840/3332/2804
f 2759/3269/2814 2839/3268/2813 2837/3333/2805 2860/3334/2875
f 2733/2962/2530 2863/2961/2533 2856/3335/2876 2838/3336/2811
f 2838/3336/2811 2856/3335/2876 2858/3337/2877 2839/3338/2813
f 2760/3330/2873 2798/3329/2810 2840/3259/2804 2861/3258/2803
f 2840/3332/2804 2859/3331/2874 2761/3231/2779 2787/3230/2778
f 2860/3334/2875 2837/3333/2805 2791/3247/2794 2845/3246/2793
f 2839/3338/2813 2858/3337/2877 2841/3261/2806 2837/3260/2805
f 2788/3239/2787 2790/3242/2789 2842/3223/2772 2843/3240/2788
f 2761/3231/2779 2703/3181/2730 2725/3233/2781 2723/3228/2776
f 2787/3241/2778 2785/3229/2777 2726/3236/2784
f 2795/3251/2798 2793/3248/2795 2729/3250/2797
f 2704/3203/2752 2736/3254/2801 2730/3253/2800 2731/3257/2802
f 2735/3252/2799 2844/3201/2750 2845/3246/2793 2794/3245/2792
f 2705/3202/2751 2799/3272/2817 2736/3254/2801 2704/3203/2752
f 2737/3271/2816 2846/3200/2749 2844/3201/2750 2735/3252/2799
f 2847/3204/2753 2801/3275/2820 2799/3272/2817 2705/3202/2751
f 2803/3274/2819 2762/3199/2748 2846/3200/2749 2737/3271/2816
f 2706/3205/2754 2739/3278/2823 2801/3275/2820 2847/3204/2753
f 2738/3277/2822 2848/3198/2747 2762/3199/2748 2803/3274/2819
f 2707/3206/2755 2805/3281/2826 2739/3278/2823 2706/3205/2754
f 2807/3280/2825 3002/3197/2746 2848/3198/2747 2738/3277/2822
f 2708/3207/2756 2740/3284/2829 2805/3281/2826 2707/3206/2755
f 2809/3283/2828 3001/3196/2745 3002/3197/2746 2807/3280/2825
f 2709/3208/2757 2741/3287/2832 2740/3284/2829 2708/3207/2756
f 2811/3286/2831 3000/3195/2744 3001/3196/2745 2809/3283/2828
f 2710/3209/2758 2743/3290/2835 2741/3287/2832 2709/3208/2757
f 2742/3289/2834 2849/3194/2743 3000/3195/2744 2811/3286/2831
f 2711/3210/2759 2813/3293/2838 2743/3290/2835 2710/3209/2758
f 2744/3292/2837 2850/3192/2741 2849/3194/2743 2742/3289/2834
f 2712/3211/2760 2745/3299/2844 2816/3298/2843 3006/3212/2761
f 3006/3212/2761 2816/3298/2843 2813/3293/2838 2711/3210/2759
f 2818/3297/2842 2998/3191/2740 2999/3193/2742 2815/3295/2840
f 2815/3295/2840 2999/3193/2742 2850/3192/2741 2744/3292/2837
f 2713/3213/2762 2746/3302/2847 2745/3299/2844 2712/3211/2760
f 2820/3301/2846 2997/3190/2739 2998/3191/2740 2818/3297/2842
f 2714/3214/2763 2747/3305/2850 2746/3302/2847 2713/3213/2762
f 2822/3304/2849 2996/3189/2738 2997/3190/2739 2820/3301/2846
f 2715/3215/2764 2748/3308/2853 2747/3305/2850 2714/3214/2763
f 2824/3307/2852 2995/3188/2737 2996/3189/2738 2822/3304/2849
f 2716/3216/2765 2749/3311/2856 2748/3308/2853 2715/3215/2764
f 2826/3310/2855 2994/3187/2736 2995/3188/2737 2824/3307/2852
f 2717/3217/2766 2751/3314/2859 2749/3311/2856 2716/3216/2765
f 2750/3313/2858 2851/3186/2735 2994/3187/2736 2826/3310/2855
f 2718/3218/2767 2828/3317/2862 2751/3314/2859 2717/3217/2766
f 2752/3316/2861 2852/3185/2734 2851/3186/2735 2750/3313/2858
f 2719/3219/2768 2830/3320/2865 2828/3317/2862 2718/3218/2767
f 2832/3319/2864 2993/3184/2733 2852/3185/2734 2752/3316/2861
f 2720/3220/2769 2754/3323/2868 2830/3320/2865 2719/3219/2768
f 2753/3322/2867 2853/3183/2732 2993/3184/2733 2832/3319/2864
f 2721/3221/2770 2834/3326/2871 2754/3323/2868 2720/3220/2769
f 2755/3325/2870 2854/3182/2731 2853/3183/2732 2753/3322/2867
f 2722/3222/2771 2836/3243/2790 2834/3326/2871 2721/3221/2770
f 2756/3237/2785 2855/3180/2729 2854/3182/2731 2755/3325/2870
f 2842/3223/2772 2790/3242/2789 2836/3243/2790 2722/3222/2771
f 2725/3233/2781 2703/3181/2730 2855/3180/2729 2756/3237/2785
f 2796/3262/2807 2732/3226/2775 2678/3046/2596 2907/3049/2598
f 2734/3267/2812 2928/3069/2618 2658/2956/2528 2864/2959/2531
f 2657/2960/2532 2679/3071/2620 2856/3335/2876 2863/2961/2533
f 2758/3328/2872 2938/3091/2640 2677/3045/2595 2757/3225/2774
f 2796/3262/2807 2907/3049/2598 2939/3093/2642 2857/3264/2809
f 2759/3269/2814 2960/3113/2662 2928/3069/2618 2734/3267/2812
f 2679/3071/2620 2691/3115/2664 2858/3337/2877 2856/3335/2876
f 2760/3330/2873 2970/3135/2684 2938/3091/2640 2758/3328/2872
f 2857/3264/2809 2939/3093/2642 2971/3137/2686 2859/3331/2874
f 2860/3334/2875 2992/3157/2706 2960/3113/2662 2759/3269/2814
f 2691/3115/2664 2764/3159/2708 2841/3261/2806 2858/3337/2877
f 2861/3258/2803 2783/3179/2728 2970/3135/2684 2760/3330/2873
f 2859/3331/2874 2971/3137/2686 2703/3181/2730 2761/3231/2779
f 2845/3246/2793 2844/3201/2750 2992/3157/2706 2860/3334/2875
f 2764/3159/2708 2704/3203/2752 2731/3257/2802 2841/3261/2806
f 2843/3240/2788 2842/3223/2772 2783/3179/2728 2861/3258/2803
f 2723/3228/2776 2724/3232/2780 2786/3235/2783 2785/3229/2777
f 2788/3239/2787 2726/3236/2784 2786/3235/2783 2724/3232/2780
f 2794/3245/2792 2728/3244/2791 2792/3249/2796 2793/3248/2795
f 2730/3253/2800 2729/3250/2797 2792/3249/2796 2728/3255/2791
f 3008/3339/2878 3212/3340/2879 3079/3341/2880 3214/3342/2881
f 3007/3343/2882 3213/3344/2883 3079/3345/2880 3212/3346/2879
f 3215/3347/2884 3217/3348/2885 3007/3343/2882 3212/3346/2879
f 3218/3349/2886 3215/3350/2884 3212/3340/2879 3008/3339/2878
f 3221/3351/2887 3216/3352/2888 3215/3350/2884 3218/3349/2886
f 3216/3353/2888 3220/3354/2889 3217/3348/2885 3215/3347/2884
f 3010/3355/2890 3219/3356/2891 3216/3352/2888 3221/3351/2887
f 3219/3357/2891 3009/3358/2892 3220/3354/2889 3216/3353/2888
f 3222/3359/2893 3011/3360/2894 3009/3358/2892 3219/3357/2891
f 3012/3361/2895 3222/3362/2893 3219/3356/2891 3010/3355/2890
f 3223/3363/2896 3013/3364/2897 3011/3360/2894 3222/3359/2893
f 3014/3365/2898 3223/3366/2896 3222/3362/2893 3012/3361/2895
f 3224/3367/2899 3015/3368/2900 3013/3364/2897 3223/3363/2896
f 3016/3369/2901 3224/3370/2899 3223/3366/2896 3014/3365/2898
f 3225/3371/2902 3227/3372/2903 3015/3368/2900 3224/3367/2899
f 3228/3373/2904 3225/3374/2902 3224/3370/2899 3016/3369/2901
f 3231/3375/2905 3226/3376/2906 3225/3374/2902 3228/3373/2904
f 3226/3377/2906 3230/3378/2907 3227/3372/2903 3225/3371/2902
f 3018/3379/2908 3229/3380/2909 3226/3376/2906 3231/3375/2905
f 3229/3381/2909 3017/3382/2910 3230/3378/2907 3226/3377/2906
f 3232/3383/2911 3019/3384/2912 3017/3382/2910 3229/3381/2909
f 3020/3385/2913 3232/3386/2911 3229/3380/2909 3018/3379/2908
f 3233/3387/2914 3021/3388/2915 3019/3384/2912 3232/3383/2911
f 3022/3389/2916 3233/3390/2914 3232/3386/2911 3020/3385/2913
f 3234/3391/2917 3023/3392/2918 3021/3388/2915 3233/3387/2914
f 3024/3393/2919 3234/3394/2917 3233/3390/2914 3022/3389/2916
f 3235/3395/2920 3025/3396/2921 3023/3392/2918 3234/3391/2917
f 3026/3397/2922 3235/3398/2920 3234/3394/2917 3024/3393/2919
f 3236/3399/2923 3238/3400/2924 3025/3396/2921 3235/3395/2920
f 3239/3401/2925 3236/3402/2923 3235/3398/2920 3026/3397/2922
f 3028/3403/2926 3237/3404/2927 3236/3402/2923 3239/3401/2925
f 3237/3405/2927 3027/3406/2928 3238/3400/2924 3236/3399/2923
f 3240/3407/2929 3242/3408/2930 3027/3406/2928 3237/3405/2927
f 3243/3409/2931 3240/3410/2929 3237/3404/2927 3028/3403/2926
f 3246/3411/2932 3241/3412/2933 3240/3410/2929 3243/3409/2931
f 3241/3413/2933 3245/3414/2934 3242/3408/2930 3240/3407/2929
f 3249/3415/2935 3244/3416/2936 3241/3412/2933 3246/3411/2932
f 3244/3417/2936 3248/3418/2937 3245/3414/2934 3241/3413/2933
f 3252/3419/2938 3247/3420/2939 3244/3416/2936 3249/3415/2935
f 3247/3421/2939 3251/3422/2940 3248/3418/2937 3244/3417/2936
f 3030/3423/2941 3250/3424/2942 3247/3420/2939 3252/3419/2938
f 3250/3425/2942 3029/3426/2943 3251/3422/2940 3247/3421/2939
f 3253/3427/2944 3254/3428/2945 3030/3423/2941 3252/3419/2938
f 3255/3429/2946 3253/3427/2944 3252/3419/2938 3249/3415/2935
f 3256/3430/2947 3255/3429/2946 3249/3415/2935 3246/3411/2932
f 3257/3431/2948 3256/3430/2947 3246/3411/2932 3243/3409/2931
f 3258/3432/2949 3257/3431/2948 3243/3409/2931 3028/3403/2926
f 3259/3433/2950 3258/3432/2949 3028/3403/2926 3239/3401/2925
f 3260/3434/2951 3259/3433/2950 3239/3401/2925 3026/3397/2922
f 3261/3435/2952 3260/3434/2951 3026/3397/2922 3024/3393/2919
f 3262/3436/2953 3261/3435/2952 3024/3393/2919 3022/3389/2916
f 3263/3437/2954 3262/3436/2953 3022/3389/2916 3020/3385/2913
f 3264/3438/2955 3263/3437/2954 3020/3385/2913 3018/3379/2908
f 3265/3439/2956 3264/3438/2955 3018/3379/2908 3231/3375/2905
f 3266/3440/2957 3265/3439/2956 3231/3375/2905 3228/3373/2904
f 3267/3441/2958 3266/3440/2957 3228/3373/2904 3016/3369/2901
f 3268/3442/2959 3267/3441/2958 3016/3369/2901 3014/3365/2898
f 3269/3443/2960 3268/3442/2959 3014/3365/2898 3012/3361/2895
f 3270/3444/2961 3269/3443/2960 3012/3361/2895 3010/3355/2890
f 3271/3445/2962 3270/3444/2961 3010/3355/2890 3221/3351/2887
f 3272/3446/2963 3271/3445/2962 3221/3351/2887 3218/3349/2886
f 3273/3447/2964 3272/3446/2963 3218/3349/2886 3008/3339/2878
f 3217/3348/2885 3274/3448/2965 3031/3449/2966 3007/3343/2882
f 3220/3354/2889 3032/3450/2967 3274/3448/2965 3217/3348/2885
f 3009/3358/2892 3033/3451/2968 3032/3450/2967 3220/3354/2889
f 3011/3360/2894 3275/3452/2969 3033/3451/2968 3009/3358/2892
f 3013/3364/2897 3276/3453/2970 3275/3452/2969 3011/3360/2894
f 3015/3368/2900 3277/3454/2971 3276/3453/2970 3013/3364/2897
f 3227/3372/2903 3278/3455/2972 3277/3454/2971 3015/3368/2900
f 3230/3378/2907 3034/3456/2973 3278/3455/2972 3227/3372/2903
f 3017/3382/2910 3035/3457/2974 3034/3456/2973 3230/3378/2907
f 3019/3384/2912 3279/3458/2975 3035/3457/2974 3017/3382/2910
f 3021/3388/2915 3280/3459/2976 3279/3458/2975 3019/3384/2912
f 3023/3392/2918 3281/3460/2977 3280/3459/2976 3021/3388/2915
f 3025/3396/2921 3282/3461/2978 3281/3460/2977 3023/3392/2918
f 3238/3400/2924 3283/3462/2979 3282/3461/2978 3025/3396/2921
f 3027/3406/2928 3036/3463/2980 3283/3462/2979 3238/3400/2924
f 3242/3408/2930 3284/3464/2981 3036/3463/2980 3027/3406/2928
f 3245/3414/2934 3037/3465/2982 3284/3464/2981 3242/3408/2930
f 3248/3418/2937 3038/3466/2983 3037/3465/2982 3245/3414/2934
f 3251/3422/2940 3039/3467/2984 3038/3466/2983 3248/3418/2937
f 3029/3426/2943 3040/3468/2985 3039/3467/2984 3251/3422/2940
f 3285/3469/2986 3286/3470/2987 3254/3428/2945 3253/3427/2944
f 3287/3471/2988 3285/3469/2986 3253/3427/2944 3255/3429/2946
f 3288/3472/2989 3287/3471/2988 3255/3429/2946 3256/3430/2947
f 3289/3473/2990 3288/3472/2989 3256/3430/2947 3257/3431/2948
f 3290/3474/2991 3289/3473/2990 3257/3431/2948 3258/3432/2949
f 3291/3475/2992 3290/3474/2991 3258/3432/2949 3259/3433/2950
f 3292/3476/2993 3291/3475/2992 3259/3433/2950 3260/3434/2951
f 3293/3477/2994 3292/3476/2993 3260/3434/2951 3261/3435/2952
f 3294/3478/2995 3293/3477/2994 3261/3435/2952 3262/3436/2953
f 3295/3479/2996 3294/3478/2995 3262/3436/2953 3263/3437/2954
f 3296/3480/2997 3295/3479/2996 3263/3437/2954 3264/3438/2955
f 3297/3481/2998 3296/3480/2997 3264/3438/2955 3265/3439/2956
f 3298/3482/2999 3297/3481/2998 3265/3439/2956 3266/3440/2957
f 3299/3483/3000 3298/3482/2999 3266/3440/2957 3267/3441/2958
f 3300/3484/3001 3299/3483/3000 3267/3441/2958 3268/3442/2959
f 3301/3485/3002 3300/3484/3001 3268/3442/2959 3269/3443/2960
f 3302/3486/3003 3301/3485/3002 3269/3443/2960 3270/3444/2961
f 3303/3487/3004 3302/3486/3003 3270/3444/2961 3271/3445/2962
f 3304/3488/3005 3303/3487/3004 3271/3445/2962 3272/3446/2963
f 3305/3489/3006 3304/3488/3005 3272/3446/2963 3273/3447/2964
f 3274/3448/2965 3315/3490/3007 3316/3491/3008 3031/3449/2966
f 3032/3450/2967 3317/3492/3009 3315/3490/3007 3274/3448/2965
f 3033/3451/2968 3318/3493/3010 3317/3492/3009 3032/3450/2967
f 3275/3452/2969 3319/3494/3011 3318/3493/3010 3033/3451/2968
f 3276/3453/2970 3320/3495/3012 3319/3494/3011 3275/3452/2969
f 3277/3454/2971 3321/3496/3013 3320/3495/3012 3276/3453/2970
f 3278/3455/2972 3322/3497/3014 3321/3496/3013 3277/3454/2971
f 3034/3456/2973 3323/3498/3015 3322/3497/3014 3278/3455/2972
f 3035/3457/2974 3324/3499/3016 3323/3498/3015 3034/3456/2973
f 3279/3458/2975 3325/3500/3017 3324/3499/3016 3035/3457/2974
f 3280/3459/2976 3326/3501/3018 3325/3500/3017 3279/3458/2975
f 3281/3460/2977 3327/3502/3019 3326/3501/3018 3280/3459/2976
f 3282/3461/2978 3328/3503/3020 3327/3502/3019 3281/3460/2977
f 3283/3462/2979 3329/3504/3021 3328/3503/3020 3282/3461/2978
f 3036/3463/2980 3330/3505/3022 3329/3504/3021 3283/3462/2979
f 3284/3464/2981 3331/3506/3023 3330/3505/3022 3036/3463/2980
f 3037/3465/2982 3332/3507/3024 3331/3506/3023 3284/3464/2981
f 3038/3466/2983 3333/3508/3025 3332/3507/3024 3037/3465/2982
f 3039/3467/2984 3334/3509/3026 3333/3508/3025 3038/3466/2983
f 3040/3468/2985 3335/3510/3027 3334/3509/3026 3039/3467/2984
f 3306/3511/3028 3041/3512/3029 3286/3470/2987 3285/3469/2986
f 3307/3513/3030 3306/3511/3028 3285/3469/2986 3287/3471/2988
f 3308/3514/3031 3307/3513/3030 3287/3471/2988 3288/3472/2989
f 3309/3515/3032 3308/3514/3031 3288/3472/2989 3289/3473/2990
f 3042/3516/3033 3309/3515/3032 3289/3473/2990 3290/3474/2991
f 3310/3517/3034 3042/3516/3033 3290/3474/2991 3291/3475/2992
f 3043/3518/3035 3310/3517/3034 3291/3475/2992 3292/3476/2993
f 3044/3519/3036 3043/3518/3035 3292/3476/2993 3293/3477/2994
f 3045/3520/3037 3044/3519/3036 3293/3477/2994 3294/3478/2995
f 3046/3521/3038 3045/3520/3037 3294/3478/2995 3295/3479/2996
f 3047/3522/3039 3046/3521/3038 3295/3479/2996 3296/3480/2997
f 3311/3523/3040 3047/3522/3039 3296/3480/2997 3297/3481/2998
f 3312/3524/3041 3311/3523/3040 3297/3481/2998 3298/3482/2999
f 3048/3525/3042 3312/3524/3041 3298/3482/2999 3299/3483/3000
f 3049/3526/3043 3048/3525/3042 3299/3483/3000 3300/3484/3001
f 3050/3527/3044 3049/3526/3043 3300/3484/3001 3301/3485/3002
f 3051/3528/3045 3050/3527/3044 3301/3485/3002 3302/3486/3003
f 3313/3529/3046 3051/3528/3045 3302/3486/3003 3303/3487/3004
f 3314/3530/3047 3313/3529/3046 3303/3487/3004 3304/3488/3005
f 3052/3531/3048 3314/3530/3047 3304/3488/3005 3305/3489/3006
f 3315/3490/3007 3108/3532/3049 3109/3533/3050 3316/3491/3008
f 3317/3492/3009 3110/3534/3051 3108/3532/3049 3315/3490/3007
f 3318/3493/3010 3111/3535/3052 3110/3534/3051 3317/3492/3009
f 3319/3494/3011 3112/3536/3053 3111/3535/3052 3318/3493/3010
f 3320/3495/3012 3114/3537/3054 3112/3536/3053 3319/3494/3011
f 3321/3496/3013 3115/3538/3055 3114/3537/3054 3320/3495/3012
f 3322/3497/3014 3117/3539/3056 3115/3538/3055 3321/3496/3013
f 3323/3498/3015 3118/3540/3057 3117/3539/3056 3322/3497/3014
f 3324/3499/3016 3119/3541/3058 3118/3540/3057 3323/3498/3015
f 3325/3500/3017 3120/3542/3059 3119/3541/3058 3324/3499/3016
f 3326/3501/3018 3121/3543/3060 3120/3542/3059 3325/3500/3017
f 3327/3502/3019 3122/3544/3061 3121/3543/3060 3326/3501/3018
f 3328/3503/3020 3123/3545/3062 3122/3544/3061 3327/3502/3019
f 3329/3504/3021 3124/3546/3063 3123/3545/3062 3328/3503/3020
f 3330/3505/3022 3125/3547/3064 3124/3546/3063 3329/3504/3021
f 3331/3506/3023 3126/3548/3065 3125/3547/3064 3330/3505/3022
f 3332/3507/3024 3127/3549/3066 3126/3548/3065 3331/3506/3023
f 3333/3508/3025 3128/3550/3067 3127/3549/3066 3332/3507/3024
f 3334/3509/3026 3129/3551/3068 3128/3550/3067 3333/3508/3025
f 3335/3510/3027 3130/3552/3069 3129/3551/3068 3334/3509/3026
f 3336/3553/3070 3053/3554/3071 3041/3512/3029 3306/3511/3028
f 3337/3555/3072 3336/3553/3070 3306/3511/3028 3307/3513/3030
f 3338/3556/3073 3337/3555/3072 3307/3513/3030 3308/3514/3031
f 3339/3557/3074 3338/3556/3073 3308/3514/3031 3309/3515/3032
f 3204/3558/3075 3339/3557/3074 3309/3515/3032 3042/3516/3033
f 3340/3559/3076 3204/3558/3075 3042/3516/3033 3310/3517/3034
f 3202/3560/3077 3340/3559/3076 3310/3517/3034 3043/3518/3035
f 3201/3561/3078 3202/3560/3077 3043/3518/3035 3044/3519/3036
f 3200/3562/3079 3201/3561/3078 3044/3519/3036 3045/3520/3037
f 3199/3563/3080 3200/3562/3079 3045/3520/3037 3046/3521/3038
f 3198/3564/3081 3199/3563/3080 3046/3521/3038 3047/3522/3039
f 3341/3565/3082 3198/3564/3081 3047/3522/3039 3311/3523/3040
f 3342/3566/3083 3341/3565/3082 3311/3523/3040 3312/3524/3041
f 3195/3567/3084 3342/3566/3083 3312/3524/3041 3048/3525/3042
f 3194/3568/3085 3195/3567/3084 3048/3525/3042 3049/3526/3043
f 3193/3569/3086 3194/3568/3085 3049/3526/3043 3050/3527/3044
f 3192/3570/3087 3193/3569/3086 3050/3527/3044 3051/3528/3045
f 3106/3571/3088 3192/3570/3087 3051/3528/3045 3313/3529/3046
f 3107/3572/3089 3106/3571/3088 3313/3529/3046 3314/3530/3047
f 3190/3573/3090 3107/3572/3089 3314/3530/3047 3052/3531/3048
f 3108/3532/3049 3055/3574/3091 3054/3575/3092 3109/3533/3050
f 3110/3534/3051 3056/3576/3093 3055/3574/3091 3108/3532/3049
f 3111/3535/3052 3057/3577/3094 3056/3576/3093 3110/3534/3051
f 3112/3536/3053 3113/3578/3095 3057/3577/3094 3111/3535/3052
f 3114/3537/3054 3058/3579/3096 3113/3578/3095 3112/3536/3053
f 3115/3538/3055 3116/3580/3097 3058/3579/3096 3114/3537/3054
f 3117/3539/3056 3196/3581/3098 3116/3580/3097 3115/3538/3055
f 3118/3540/3057 3197/3582/3099 3196/3581/3098 3117/3539/3056
f 3119/3541/3058 3059/3583/3100 3197/3582/3099 3118/3540/3057
f 3120/3542/3059 3060/3584/3101 3059/3583/3100 3119/3541/3058
f 3121/3543/3060 3061/3585/3102 3060/3584/3101 3120/3542/3059
f 3122/3544/3061 3062/3586/3103 3061/3585/3102 3121/3543/3060
f 3123/3545/3062 3063/3587/3104 3062/3586/3103 3122/3544/3061
f 3124/3546/3063 3203/3588/3105 3063/3587/3104 3123/3545/3062
f 3125/3547/3064 3064/3589/3106 3203/3588/3105 3124/3546/3063
f 3126/3548/3065 3065/3590/3107 3064/3589/3106 3125/3547/3064
f 3127/3549/3066 3066/3591/3108 3065/3590/3107 3126/3548/3065
f 3128/3550/3067 3067/3592/3109 3066/3591/3108 3127/3549/3066
f 3129/3551/3068 3068/3593/3110 3067/3592/3109 3128/3550/3067
f 3130/3552/3069 3188/3594/3111 3068/3593/3110 3129/3551/3068
f 3029/3426/2943 3250/3425/2942 3131/3595/3112 3101/3596/3113
f 3030/3423/2941 3078/3597/3114 3131/3598/3112 3250/3424/2942
f 3069/3599/3115 3132/3600/3116 3136/3601/3117 3104/3602/3118
f 3070/3603/3119 3069/3599/3115 3071/3604/3120 3133/3605/3121
f 3132/3600/3116 3134/3606/3122 3072/3607/3123
f 3133/3605/3121 3071/3604/3120 3135/3608/3124 3138/3609/3125
f 3072/3607/3123 3137/3610/3126 3189/3611/3127 3136/3612/3117
f 3137/3610/3126 3070/3603/3119 3133/3605/3121 3073/3613/3128
f 3073/3613/3128 3133/3605/3121 3138/3609/3125 3100/3614/3129
f 3074/3615/3130 3142/3616/3131 3191/3617/3132 3139/3618/3133
f 3141/3619/3134 3140/3620/3135 3075/3621/3136
f 3142/3616/3131 3141/3619/3134 3143/3622/3137 3081/3623/3138
f 3075/3621/3136 3076/3624/3139 3082/3625/3140 3143/3622/3137
f 3076/3624/3139 3074/3626/3130 3139/3627/3133 3077/3628/3141
f 3136/3612/3117 3189/3611/3127 3211/3629/3142 3144/3630/3143
f 3077/3628/3141 3139/3627/3133 3103/3631/3144 3105/3632/3145
f 3131/3598/3112 3078/3597/3114 3145/3633/3146 3146/3634/3147
f 3146/3634/3147 3145/3633/3146 3206/3635/3148 3185/3636/3149
f 3214/3342/2881 3079/3341/2880 3186/3637/3150 3080/3638/3151
f 3080/3638/3151 3186/3637/3150 3147/3639/3152 3207/3640/3153
f 3081/3623/3138 3143/3622/3137 3149/3641/3154 3150/3642/3155
f 3143/3622/3137 3082/3625/3140 3148/3643/3156 3149/3641/3154
f 3150/3642/3155 3149/3641/3154 3151/3644/3157 3152/3645/3158
f 3149/3641/3154 3148/3643/3156 3083/3646/3159 3151/3644/3157
f 3152/3645/3158 3151/3644/3157 3153/3647/3160 3084/3648/3161
f 3151/3644/3157 3083/3646/3159 3085/3649/3162 3153/3647/3160
f 3084/3648/3161 3153/3647/3160 3155/3650/3163 3086/3651/3164
f 3153/3647/3160 3085/3649/3162 3154/3652/3165 3155/3650/3163
f 3086/3651/3164 3155/3650/3163 3157/3653/3166 3087/3654/3167
f 3155/3650/3163 3154/3652/3165 3156/3655/3168 3157/3653/3166
f 3087/3654/3167 3157/3653/3166 3159/3656/3169 3088/3657/3170
f 3157/3653/3166 3156/3655/3168 3158/3658/3171 3159/3656/3169
f 3088/3657/3170 3159/3656/3169 3161/3659/3172 3162/3660/3173
f 3159/3656/3169 3158/3658/3171 3160/3661/3174 3161/3659/3172
f 3162/3660/3173 3161/3659/3172 3163/3662/3175 3164/3663/3176
f 3161/3659/3172 3160/3661/3174 3089/3664/3177 3163/3662/3175
f 3164/3663/3176 3163/3662/3175 3165/3665/3178 3090/3666/3179
f 3163/3662/3175 3089/3664/3177 3091/3667/3180 3165/3665/3178
f 3090/3666/3179 3165/3665/3178 3167/3668/3181 3092/3669/3182
f 3165/3665/3178 3091/3667/3180 3166/3670/3183 3167/3668/3181
f 3092/3669/3182 3167/3668/3181 3169/3671/3184 3093/3672/3185
f 3167/3668/3181 3166/3670/3183 3168/3673/3186 3169/3671/3184
f 3093/3672/3185 3169/3671/3184 3171/3674/3187 3094/3675/3188
f 3169/3671/3184 3168/3673/3186 3170/3676/3189 3171/3674/3187
f 3094/3675/3188 3171/3674/3187 3173/3677/3190 3095/3678/3191
f 3171/3674/3187 3170/3676/3189 3172/3679/3192 3173/3677/3190
f 3095/3678/3191 3173/3677/3190 3175/3680/3193 3176/3681/3194
f 3173/3677/3190 3172/3679/3192 3174/3682/3195 3175/3680/3193
f 3176/3681/3194 3175/3680/3193 3177/3683/3196 3096/3684/3197
f 3175/3680/3193 3174/3682/3195 3097/3685/3198 3177/3683/3196
f 3096/3684/3197 3177/3683/3196 3179/3686/3199 3180/3687/3200
f 3177/3683/3196 3097/3685/3198 3178/3688/3201 3179/3686/3199
f 3180/3687/3200 3179/3686/3199 3181/3689/3202 3182/3690/3203
f 3179/3686/3199 3178/3688/3201 3098/3691/3204 3181/3689/3202
f 3182/3690/3203 3181/3689/3202 3183/3692/3205 3184/3693/3206
f 3181/3689/3202 3098/3691/3204 3099/3694/3207 3183/3692/3205
f 3184/3693/3206 3183/3692/3205 3138/3609/3125 3135/3608/3124
f 3183/3692/3205 3099/3694/3207 3100/3614/3129 3138/3609/3125
f 3101/3596/3113 3131/3595/3112 3146/3695/3147 3102/3696/3208
f 3102/3696/3208 3146/3695/3147 3185/3697/3149 3208/3698/3209
f 3185/3636/3149 3206/3635/3148 3209/3699/3210 3144/3700/3143
f 3207/3640/3153 3147/3639/3152 3103/3701/3144 3210/3702/3211
f 3079/3345/2880 3213/3344/2883 3205/3703/3212 3186/3704/3150
f 3186/3704/3150 3205/3703/3212 3187/3705/3213 3147/3706/3152
f 3208/3698/3209 3185/3697/3149 3144/3630/3143 3211/3629/3142
f 3144/3700/3143 3209/3699/3210 3104/3602/3118 3136/3601/3117
f 3210/3702/3211 3103/3701/3144 3139/3618/3133 3191/3617/3132
f 3147/3706/3152 3187/3705/3213 3105/3632/3145 3103/3631/3144
f 3137/3610/3126 3073/3613/3128 3188/3594/3111 3189/3611/3127
f 3104/3602/3118 3053/3554/3071 3071/3604/3120 3069/3599/3115
f 3136/3612/3117 3132/3600/3116 3072/3607/3123
f 3143/3622/3137 3141/3619/3134 3075/3621/3136
f 3054/3575/3092 3082/3625/3140 3076/3624/3139 3077/3628/3141
f 3081/3623/3138 3190/3573/3090 3191/3617/3132 3142/3616/3131
f 3055/3574/3091 3148/3643/3156 3082/3625/3140 3054/3575/3092
f 3150/3642/3155 3107/3572/3089 3190/3573/3090 3081/3623/3138
f 3056/3576/3093 3083/3646/3159 3148/3643/3156 3055/3574/3091
f 3152/3645/3158 3106/3571/3088 3107/3572/3089 3150/3642/3155
f 3057/3577/3094 3085/3649/3162 3083/3646/3159 3056/3576/3093
f 3084/3648/3161 3192/3570/3087 3106/3571/3088 3152/3645/3158
f 3113/3578/3095 3154/3652/3165 3085/3649/3162 3057/3577/3094
f 3086/3651/3164 3193/3569/3086 3192/3570/3087 3084/3648/3161
f 3058/3579/3096 3156/3655/3168 3154/3652/3165 3113/3578/3095
f 3087/3654/3167 3194/3568/3085 3193/3569/3086 3086/3651/3164
f 3116/3580/3097 3158/3658/3171 3156/3655/3168 3058/3579/3096
f 3088/3657/3170 3195/3567/3084 3194/3568/3085 3087/3654/3167
f 3196/3581/3098 3160/3661/3174 3158/3658/3171 3116/3580/3097
f 3162/3660/3173 3342/3566/3083 3195/3567/3084 3088/3657/3170
f 3197/3582/3099 3089/3664/3177 3160/3661/3174 3196/3581/3098
f 3164/3663/3176 3341/3565/3082 3342/3566/3083 3162/3660/3173
f 3059/3583/3100 3091/3667/3180 3089/3664/3177 3197/3582/3099
f 3090/3666/3179 3198/3564/3081 3341/3565/3082 3164/3663/3176
f 3060/3584/3101 3166/3670/3183 3091/3667/3180 3059/3583/3100
f 3092/3669/3182 3199/3563/3080 3198/3564/3081 3090/3666/3179
f 3061/3585/3102 3168/3673/3186 3166/3670/3183 3060/3584/3101
f 3093/3672/3185 3200/3562/3079 3199/3563/3080 3092/3669/3182
f 3062/3586/3103 3170/3676/3189 3168/3673/3186 3061/3585/3102
f 3094/3675/3188 3201/3561/3078 3200/3562/3079 3093/3672/3185
f 3063/3587/3104 3172/3679/3192 3170/3676/3189 3062/3586/3103
f 3095/3678/3191 3202/3560/3077 3201/3561/3078 3094/3675/3188
f 3203/3588/3105 3174/3682/3195 3172/3679/3192 3063/3587/3104
f 3176/3681/3194 3340/3559/3076 3202/3560/3077 3095/3678/3191
f 3064/3589/3106 3097/3685/3198 3174/3682/3195 3203/3588/3105
f 3096/3684/3197 3204/3558/3075 3340/3559/3076 3176/3681/3194
f 3065/3590/3107 3178/3688/3201 3097/3685/3198 3064/3589/3106
f 3180/3687/3200 3339/3557/3074 3204/3558/3075 3096/3684/3197
f 3066/3591/3108 3098/3691/3204 3178/3688/3201 3065/3590/3107
f 3182/3690/3203 3338/3556/3073 3339/3557/3074 3180/3687/3200
f 3067/3592/3109 3099/3694/3207 3098/3691/3204 3066/3591/3108
f 3184/3693/3206 3337/3555/3072 3338/3556/3073 3182/3690/3203
f 3068/3593/3110 3100/3614/3129 3099/3694/3207 3067/3592/3109
f 3135/3608/3124 3336/3553/3070 3337/3555/3072 3184/3693/3206
f 3188/3594/3111 3073/3613/3128 3100/3614/3129 3068/3593/3110
f 3071/3604/3120 3053/3554/3071 3336/3553/3070 3135/3608/3124
f 3145/3633/3146 3078/3597/3114 3030/3423/2941 3254/3428/2945
f 3080/3638/3151 3273/3447/2964 3008/3339/2878 3214/3342/2881
f 3007/3343/2882 3031/3449/2966 3205/3703/3212 3213/3344/2883
f 3102/3696/3208 3040/3468/2985 3029/3426/2943 3101/3596/3113
f 3145/3633/3146 3254/3428/2945 3286/3470/2987 3206/3635/3148
f 3207/3640/3153 3305/3489/3006 3273/3447/2964 3080/3638/3151
f 3031/3449/2966 3316/3491/3008 3187/3705/3213 3205/3703/3212
f 3208/3698/3209 3335/3510/3027 3040/3468/2985 3102/3696/3208
f 3206/3635/3148 3286/3470/2987 3041/3512/3029 3209/3699/3210
f 3210/3702/3211 3052/3531/3048 3305/3489/3006 3207/3640/3153
f 3316/3491/3008 3109/3533/3050 3105/3632/3145 3187/3705/3213
f 3211/3629/3142 3130/3552/3069 3335/3510/3027 3208/3698/3209
f 3209/3699/3210 3041/3512/3029 3053/3554/3071 3104/3602/3118
f 3191/3617/3132 3190/3573/3090 3052/3531/3048 3210/3702/3211
f 3109/3533/3050 3054/3575/3092 3077/3628/3141 3105/3632/3145
f 3189/3611/3127 3188/3594/3111 3130/3552/3069 3211/3629/3142
f 3069/3599/3115 3070/3603/3119 3134/3606/3122 3132/3600/3116
f 3137/3610/3126 3072/3607/3123 3134/3606/3122 3070/3603/3119
f 3142/3616/3131 3074/3615/3130 3140/3620/3135 3141/3619/3134
f 3076/3624/3139 3075/3621/3136 3140/3620/3135 3074/3626/3130
f 3344/3707/3214 3545/3708/3215 3427/3709/3216 3547/3710/3217
f 3343/3711/3218 3546/3712/3219 3427/3713/3216 3545/3714/3215
f 3553/3715/3220 3548/3716/3221 3724/3717/3222 3550/3718/3223
f 3548/3719/3221 3552/3720/3224 3549/3721/3225 3724/3722/3222
f 3724/3722/3222 3549/3721/3225 3343/3711/3218 3545/3714/3215
f 3550/3718/3223 3724/3717/3222 3545/3708/3215 3344/3707/3214
f 3556/3723/3226 3551/3724/3227 3548/3716/3221 3553/3715/3220
f 3551/3725/3227 3555/3726/3228 3552/3720/3224 3548/3719/3221
f 3346/3727/3229 3554/3728/3230 3551/3724/3227 3556/3723/3226
f 3554/3729/3230 3345/3730/3231 3555/3726/3228 3551/3725/3227
f 3557/3731/3232 3559/3732/3233 3345/3730/3231 3554/3729/3230
f 3560/3733/3234 3557/3734/3232 3554/3728/3230 3346/3727/3229
f 3563/3735/3235 3558/3736/3236 3557/3734/3232 3560/3733/3234
f 3558/3737/3236 3562/3738/3237 3559/3732/3233 3557/3731/3232
f 3566/3739/3238 3561/3740/3239 3558/3736/3236 3563/3735/3235
f 3561/3741/3239 3565/3742/3240 3562/3738/3237 3558/3737/3236
f 3348/3743/3241 3564/3744/3242 3561/3740/3239 3566/3739/3238
f 3564/3745/3242 3347/3746/3243 3565/3742/3240 3561/3741/3239
f 3567/3747/3244 3349/3748/3245 3347/3746/3243 3564/3745/3242
f 3350/3749/3246 3567/3750/3244 3564/3744/3242 3348/3743/3241
f 3568/3751/3247 3351/3752/3248 3349/3748/3245 3567/3747/3244
f 3352/3753/3249 3568/3754/3247 3567/3750/3244 3350/3749/3246
f 3569/3755/3250 3353/3756/3251 3351/3752/3248 3568/3751/3247
f 3354/3757/3252 3569/3758/3250 3568/3754/3247 3352/3753/3249
f 3575/3759/3253 3570/3760/3254 3725/3761/3255 3572/3762/3256
f 3570/3763/3254 3574/3764/3257 3571/3765/3258 3725/3766/3255
f 3725/3766/3255 3571/3765/3258 3353/3756/3251 3569/3755/3250
f 3572/3762/3256 3725/3761/3255 3569/3758/3250 3354/3757/3252
f 3578/3767/3259 3573/3768/3260 3570/3760/3254 3575/3759/3253
f 3573/3769/3260 3577/3770/3261 3574/3764/3257 3570/3763/3254
f 3581/3771/3262 3576/3772/3263 3573/3768/3260 3578/3767/3259
f 3576/3773/3263 3580/3774/3264 3577/3770/3261 3573/3769/3260
f 3584/3775/3265 3579/3776/3266 3576/3772/3263 3581/3771/3262
f 3579/3777/3266 3583/3778/3267 3580/3774/3264 3576/3773/3263
f 3356/3779/3268 3582/3780/3269 3579/3776/3266 3584/3775/3265
f 3582/3781/3269 3355/3782/3270 3583/3778/3267 3579/3777/3266
f 3585/3783/3271 3357/3784/3272 3355/3782/3270 3582/3781/3269
f 3358/3785/3273 3585/3786/3271 3582/3780/3269 3356/3779/3268
f 3360/3787/3274 3586/3788/3275 3726/3789/3276 3588/3790/3277
f 3586/3791/3275 3359/3792/3278 3587/3793/3279 3726/3794/3276
f 3726/3794/3276 3587/3793/3279 3357/3784/3272 3585/3783/3271
f 3588/3790/3277 3726/3789/3276 3585/3786/3271 3358/3785/3273
f 3362/3795/3280 3589/3796/3281 3727/3797/3282 3591/3798/3283
f 3589/3799/3281 3361/3800/3284 3590/3801/3285 3727/3802/3282
f 3727/3802/3282 3590/3801/3285 3359/3792/3278 3586/3791/3275
f 3591/3798/3283 3727/3797/3282 3586/3788/3275 3360/3787/3274
f 3592/3803/3286 3363/3804/3287 3361/3800/3284 3589/3799/3281
f 3364/3805/3288 3592/3806/3286 3589/3796/3281 3362/3795/3280
f 3366/3807/3289 3593/3808/3290 3728/3809/3291 3595/3810/3292
f 3593/3811/3290 3365/3812/3293 3594/3813/3294 3728/3814/3291
f 3728/3814/3291 3594/3813/3294 3363/3804/3287 3592/3803/3286
f 3595/3810/3292 3728/3809/3291 3592/3806/3286 3364/3805/3288
f 3596/3815/3295 3597/3816/3296 3366/3807/3289 3595/3810/3292
f 3598/3817/3297 3596/3815/3295 3595/3810/3292 3364/3805/3288
f 3599/3818/3298 3598/3817/3297 3364/3805/3288 3362/3795/3280
f 3600/3819/3299 3599/3818/3298 3362/3795/3280 3591/3798/3283
f 3601/3820/3300 3600/3819/3299 3591/3798/3283 3360/3787/3274
f 3602/3821/3301 3601/3820/3300 3360/3787/3274 3588/3790/3277
f 3603/3822/3302 3602/3821/3301 3588/3790/3277 3358/3785/3273
f 3604/3823/3303 3603/3822/3302 3358/3785/3273 3356/3779/3268
f 3605/3824/3304 3604/3823/3303 3356/3779/3268 3584/3775/3265
f 3606/3825/3305 3605/3824/3304 3584/3775/3265 3581/3771/3262
f 3607/3826/3306 3606/3825/3305 3581/3771/3262 3578/3767/3259
f 3608/3827/3307 3607/3826/3306 3578/3767/3259 3575/3759/3253
f 3609/3828/3308 3608/3827/3307 3575/3759/3253 3572/3762/3256
f 3610/3829/3309 3609/3828/3308 3572/3762/3256 3354/3757/3252
f 3611/3830/3310 3610/3829/3309 3354/3757/3252 3352/3753/3249
f 3612/3831/3311 3611/3830/3310 3352/3753/3249 3350/3749/3246
f 3613/3832/3312 3612/3831/3311 3350/3749/3246 3348/3743/3241
f 3614/3833/3313 3613/3832/3312 3348/3743/3241 3566/3739/3238
f 3615/3834/3314 3614/3833/3313 3566/3739/3238 3563/3735/3235
f 3616/3835/3315 3615/3834/3314 3563/3735/3235 3560/3733/3234
f 3617/3836/3316 3616/3835/3315 3560/3733/3234 3346/3727/3229
f 3618/3837/3317 3617/3836/3316 3346/3727/3229 3556/3723/3226
f 3619/3838/3318 3618/3837/3317 3556/3723/3226 3553/3715/3220
f 3620/3839/3319 3619/3838/3318 3553/3715/3220 3550/3718/3223
f 3621/3840/3320 3620/3839/3319 3550/3718/3223 3344/3707/3214
f 3552/3720/3224 3636/3841/3321 3729/3842/3322 3549/3721/3225
f 3549/3721/3225 3729/3842/3322 3637/3843/3323 3343/3711/3218
f 3555/3726/3228 3638/3844/3324 3636/3841/3321 3552/3720/3224
f 3345/3730/3231 3639/3845/3325 3638/3844/3324 3555/3726/3228
f 3559/3732/3233 3640/3846/3326 3639/3845/3325 3345/3730/3231
f 3562/3738/3237 3641/3847/3327 3640/3846/3326 3559/3732/3233
f 3565/3742/3240 3642/3848/3328 3641/3847/3327 3562/3738/3237
f 3347/3746/3243 3643/3849/3329 3642/3848/3328 3565/3742/3240
f 3349/3748/3245 3644/3850/3330 3643/3849/3329 3347/3746/3243
f 3351/3752/3248 3645/3851/3331 3644/3850/3330 3349/3748/3245
f 3353/3756/3251 3646/3852/3332 3645/3851/3331 3351/3752/3248
f 3574/3764/3257 3647/3853/3333 3730/3854/3334 3571/3765/3258
f 3571/3765/3258 3730/3854/3334 3646/3852/3332 3353/3756/3251
f 3577/3770/3261 3648/3855/3335 3647/3853/3333 3574/3764/3257
f 3580/3774/3264 3649/3856/3336 3648/3855/3335 3577/3770/3261
f 3583/3778/3267 3650/3857/3337 3649/3856/3336 3580/3774/3264
f 3355/3782/3270 3651/3858/3338 3650/3857/3337 3583/3778/3267
f 3357/3784/3272 3652/3859/3339 3651/3858/3338 3355/3782/3270
f 3359/3792/3278 3653/3860/3340 3731/3861/3341 3587/3793/3279
f 3587/3793/3279 3731/3861/3341 3652/3859/3339 3357/3784/3272
f 3361/3800/3284 3654/3862/3342 3732/3863/3343 3590/3801/3285
f 3590/3801/3285 3732/3863/3343 3653/3860/3340 3359/3792/3278
f 3363/3804/3287 3655/3864/3344 3654/3862/3342 3361/3800/3284
f 3365/3812/3293 3656/3865/3345 3733/3866/3346 3594/3813/3294
f 3594/3813/3294 3733/3866/3346 3655/3864/3344 3363/3804/3287
f 3368/3867/3347 3622/3868/3348 3596/3815/3295 3598/3817/3297
f 3622/3868/3348 3367/3869/3349 3597/3816/3296 3596/3815/3295
f 3369/3870/3350 3368/3867/3347 3598/3817/3297 3599/3818/3298
f 3370/3871/3351 3623/3872/3352 3600/3819/3299 3601/3820/3300
f 3623/3872/3352 3369/3870/3350 3599/3818/3298 3600/3819/3299
f 3371/3873/3353 3624/3874/3354 3602/3821/3301 3603/3822/3302
f 3624/3874/3354 3370/3871/3351 3601/3820/3300 3602/3821/3301
f 3372/3875/3355 3371/3873/3353 3603/3822/3302 3604/3823/3303
f 3625/3876/3356 3372/3875/3355 3604/3823/3303 3605/3824/3304
f 3626/3877/3357 3625/3876/3356 3605/3824/3304 3606/3825/3305
f 3627/3878/3358 3626/3877/3357 3606/3825/3305 3607/3826/3306
f 3628/3879/3359 3627/3878/3358 3607/3826/3306 3608/3827/3307
f 3373/3880/3360 3629/3881/3361 3609/3828/3308 3610/3829/3309
f 3629/3881/3361 3628/3879/3359 3608/3827/3307 3609/3828/3308
f 3374/3882/3362 3373/3880/3360 3610/3829/3309 3611/3830/3310
f 3375/3883/3363 3374/3882/3362 3611/3830/3310 3612/3831/3311
f 3376/3884/3364 3375/3883/3363 3612/3831/3311 3613/3832/3312
f 3630/3885/3365 3376/3884/3364 3613/3832/3312 3614/3833/3313
f 3631/3886/3366 3630/3885/3365 3614/3833/3313 3615/3834/3314
f 3632/3887/3367 3631/3886/3366 3615/3834/3314 3616/3835/3315
f 3377/3888/3368 3632/3887/3367 3616/3835/3315 3617/3836/3316
f 3633/3889/3369 3377/3888/3368 3617/3836/3316 3618/3837/3317
f 3634/3890/3370 3633/3889/3369 3618/3837/3317 3619/3838/3318
f 3378/3891/3371 3635/3892/3372 3620/3839/3319 3621/3840/3320
f 3635/3892/3372 3634/3890/3370 3619/3838/3318 3620/3839/3319
f 3636/3841/3321 3671/3893/3373 3734/3894/3374 3729/3842/3322
f 3729/3842/3322 3734/3894/3374 3673/3895/3375 3637/3843/3323
f 3638/3844/3324 3674/3896/3376 3671/3893/3373 3636/3841/3321
f 3639/3845/3325 3675/3897/3377 3674/3896/3376 3638/3844/3324
f 3640/3846/3326 3676/3898/3378 3675/3897/3377 3639/3845/3325
f 3641/3847/3327 3678/3899/3379 3676/3898/3378 3640/3846/3326
f 3642/3848/3328 3679/3900/3380 3678/3899/3379 3641/3847/3327
f 3643/3849/3329 3680/3901/3381 3679/3900/3380 3642/3848/3328
f 3644/3850/3330 3681/3902/3382 3680/3901/3381 3643/3849/3329
f 3645/3851/3331 3683/3903/3383 3681/3902/3382 3644/3850/3330
f 3646/3852/3332 3685/3904/3384 3683/3903/3383 3645/3851/3331
f 3647/3853/3333 3687/3905/3385 3735/3906/3386 3730/3854/3334
f 3730/3854/3334 3735/3906/3386 3685/3904/3384 3646/3852/3332
f 3648/3855/3335 3689/3907/3387 3687/3905/3385 3647/3853/3333
f 3649/3856/3336 3690/3908/3388 3689/3907/3387 3648/3855/3335
f 3650/3857/3337 3691/3909/3389 3690/3908/3388 3649/3856/3336
f 3651/3858/3338 3692/3910/3390 3691/3909/3389 3650/3857/3337
f 3652/3859/3339 3693/3911/3391 3692/3910/3390 3651/3858/3338
f 3653/3860/3340 3695/3912/3392 3736/3913/3393 3731/3861/3341
f 3731/3861/3341 3736/3913/3393 3693/3911/3391 3652/3859/3339
f 3654/3862/3342 3697/3914/3394 3737/3915/3395 3732/3863/3343
f 3732/3863/3343 3737/3915/3395 3695/3912/3392 3653/3860/3340
f 3655/3864/3344 3699/3916/3396 3697/3914/3394 3654/3862/3342
f 3656/3865/3345 3701/3917/3397 3738/3918/3398 3733/3866/3346
f 3733/3866/3346 3738/3918/3398 3699/3916/3396 3655/3864/3344
f 3380/3919/3399 3657/3920/3400 3622/3868/3348 3368/3867/3347
f 3657/3920/3400 3379/3921/3401 3367/3869/3349 3622/3868/3348
f 3381/3922/3402 3380/3919/3399 3368/3867/3347 3369/3870/3350
f 3382/3923/3403 3658/3924/3404 3623/3872/3352 3370/3871/3351
f 3658/3924/3404 3381/3922/3402 3369/3870/3350 3623/3872/3352
f 3383/3925/3405 3659/3926/3406 3624/3874/3354 3371/3873/3353
f 3659/3926/3406 3382/3923/3403 3370/3871/3351 3624/3874/3354
f 3384/3927/3407 3383/3925/3405 3371/3873/3353 3372/3875/3355
f 3660/3928/3408 3384/3927/3407 3372/3875/3355 3625/3876/3356
f 3661/3929/3409 3660/3928/3408 3625/3876/3356 3626/3877/3357
f 3662/3930/3410 3661/3929/3409 3626/3877/3357 3627/3878/3358
f 3663/3931/3411 3662/3930/3410 3627/3878/3358 3628/3879/3359
f 3385/3932/3412 3664/3933/3413 3629/3881/3361 3373/3880/3360
f 3664/3933/3413 3663/3931/3411 3628/3879/3359 3629/3881/3361
f 3386/3934/3414 3385/3932/3412 3373/3880/3360 3374/3882/3362
f 3387/3935/3415 3386/3934/3414 3374/3882/3362 3375/3883/3363
f 3388/3936/3416 3387/3935/3415 3375/3883/3363 3376/3884/3364
f 3665/3937/3417 3388/3936/3416 3376/3884/3364 3630/3885/3365
f 3666/3938/3418 3665/3937/3417 3630/3885/3365 3631/3886/3366
f 3667/3939/3419 3666/3938/3418 3631/3886/3366 3632/3887/3367
f 3389/3940/3420 3667/3939/3419 3632/3887/3367 3377/3888/3368
f 3668/3941/3421 3389/3940/3420 3377/3888/3368 3633/3889/3369
f 3669/3942/3422 3668/3941/3421 3633/3889/3369 3634/3890/3370
f 3390/3943/3423 3670/3944/3424 3635/3892/3372 3378/3891/3371
f 3670/3944/3424 3669/3942/3422 3634/3890/3370 3635/3892/3372
f 3671/3893/3373 3392/3945/3425 3672/3946/3426 3734/3894/3374
f 3734/3894/3374 3672/3946/3426 3391/3947/3427 3673/3895/3375
f 3674/3896/3376 3393/3948/3428 3392/3945/3425 3671/3893/3373
f 3675/3897/3377 3394/3949/3429 3393/3948/3428 3674/3896/3376
f 3676/3898/3378 3677/3950/3430 3394/3949/3429 3675/3897/3377
f 3678/3899/3379 3395/3951/3431 3677/3950/3430 3676/3898/3378
f 3679/3900/3380 3396/3952/3432 3395/3951/3431 3678/3899/3379
f 3680/3901/3381 3397/3953/3433 3396/3952/3432 3679/3900/3380
f 3681/3902/3382 3682/3954/3434 3397/3953/3433 3680/3901/3381
f 3683/3903/3383 3684/3955/3435 3682/3954/3434 3681/3902/3382
f 3685/3904/3384 3686/3956/3436 3684/3955/3435 3683/3903/3383
f 3687/3905/3385 3398/3957/3437 3688/3958/3438 3735/3906/3386
f 3735/3906/3386 3688/3958/3438 3686/3956/3436 3685/3904/3384
f 3689/3907/3387 3399/3959/3439 3398/3957/3437 3687/3905/3385
f 3690/3908/3388 3400/3960/3440 3399/3959/3439 3689/3907/3387
f 3691/3909/3389 3401/3961/3441 3400/3960/3440 3690/3908/3388
f 3692/3910/3390 3402/3962/3442 3401/3961/3441 3691/3909/3389
f 3693/3911/3391 3694/3963/3443 3402/3962/3442 3692/3910/3390
f 3695/3912/3392 3403/3964/3444 3696/3965/3445 3736/3913/3393
f 3736/3913/3393 3696/3965/3445 3694/3963/3443 3693/3911/3391
f 3697/3914/3394 3404/3966/3446 3698/3967/3447 3737/3915/3395
f 3737/3915/3395 3698/3967/3447 3403/3964/3444 3695/3912/3392
f 3699/3916/3396 3700/3968/3448 3404/3966/3446 3697/3914/3394
f 3701/3917/3397 3405/3969/3449 3702/3970/3450 3738/3918/3398
f 3738/3918/3398 3702/3970/3450 3700/3968/3448 3699/3916/3396
f 3703/3971/3451 3704/3972/3452 3379/3921/3401 3657/3920/3400
f 3705/3973/3453 3703/3971/3451 3657/3920/3400 3380/3919/3399
f 3706/3974/3454 3705/3973/3453 3380/3919/3399 3381/3922/3402
f 3707/3975/3455 3706/3974/3454 3381/3922/3402 3658/3924/3404
f 3708/3976/3456 3707/3975/3455 3658/3924/3404 3382/3923/3403
f 3709/3977/3457 3708/3976/3456 3382/3923/3403 3659/3926/3406
f 3710/3978/3458 3709/3977/3457 3659/3926/3406 3383/3925/3405
f 3711/3979/3459 3710/3978/3458 3383/3925/3405 3384/3927/3407
f 3712/3980/3460 3711/3979/3459 3384/3927/3407 3660/3928/3408
f 3713/3981/3461 3712/3980/3460 3660/3928/3408 3661/3929/3409
f 3714/3982/3462 3713/3981/3461 3661/3929/3409 3662/3930/3410
f 3715/3983/3463 3714/3982/3462 3662/3930/3410 3663/3931/3411
f 3716/3984/3464 3715/3983/3463 3663/3931/3411 3664/3933/3413
f 3717/3985/3465 3716/3984/3464 3664/3933/3413 3385/3932/3412
f 3718/3986/3466 3717/3985/3465 3385/3932/3412 3386/3934/3414
f 3719/3987/3467 3718/3986/3466 3386/3934/3414 3387/3935/3415
f 3720/3988/3468 3719/3987/3467 3387/3935/3415 3388/3936/3416
f 3721/3989/3469 3720/3988/3468 3388/3936/3416 3665/3937/3417
f 3722/3990/3470 3721/3989/3469 3665/3937/3417 3666/3938/3418
f 3723/3991/3471 3722/3990/3470 3666/3938/3418 3667/3939/3419
f 3463/3992/3472 3723/3991/3471 3667/3939/3419 3389/3940/3420
f 3464/3993/3473 3463/3992/3472 3389/3940/3420 3668/3941/3421
f 3465/3994/3474 3464/3993/3473 3668/3941/3421 3669/3942/3422
f 3466/3995/3475 3465/3994/3474 3669/3942/3422 3670/3944/3424
f 3467/3996/3476 3466/3995/3475 3670/3944/3424 3390/3943/3423
f 3392/3945/3425 3407/3997/3477 3744/3998/3478 3672/3946/3426
f 3672/3946/3426 3744/3998/3478 3406/3999/3479 3391/3947/3427
f 3393/3948/3428 3535/4000/3480 3407/3997/3477 3392/3945/3425
f 3394/3949/3429 3408/4001/3481 3535/4000/3480 3393/3948/3428
f 3677/3950/3430 3468/4002/3482 3408/4001/3481 3394/3949/3429
f 3395/3951/3431 3536/4003/3483 3468/4002/3482 3677/3950/3430
f 3396/3952/3432 3537/4004/3484 3536/4003/3483 3395/3951/3431
f 3397/3953/3433 3409/4005/3485 3537/4004/3484 3396/3952/3432
f 3682/3954/3434 3469/4006/3486 3409/4005/3485 3397/3953/3433
f 3684/3955/3435 3410/4007/3487 3469/4006/3486 3682/3954/3434
f 3686/3956/3436 3411/4008/3488 3410/4007/3487 3684/3955/3435
f 3398/3957/3437 3538/4009/3489 3745/4010/3490 3688/3958/3438
f 3688/3958/3438 3745/4010/3490 3411/4008/3488 3686/3956/3436
f 3399/3959/3439 3539/4011/3491 3538/4009/3489 3398/3957/3437
f 3400/3960/3440 3540/4012/3492 3539/4011/3491 3399/3959/3439
f 3401/3961/3441 3541/4013/3493 3540/4012/3492 3400/3960/3440
f 3402/3962/3442 3412/4014/3494 3541/4013/3493 3401/3961/3441
f 3694/3963/3443 3413/4015/3495 3412/4014/3494 3402/3962/3442
f 3403/3964/3444 3414/4016/3496 3746/4017/3497 3696/3965/3445
f 3696/3965/3445 3746/4017/3497 3413/4015/3495 3694/3963/3443
f 3404/3966/3446 3415/4018/3498 3747/4019/3499 3698/3967/3447
f 3698/3967/3447 3747/4019/3499 3414/4016/3496 3403/3964/3444
f 3700/3968/3448 3416/4020/3500 3415/4018/3498 3404/3966/3446
f 3405/3969/3449 3532/4021/3501 3748/4022/3502 3702/3970/3450
f 3702/3970/3450 3748/4022/3502 3416/4020/3500 3700/3968/3448
f 3365/3812/3293 3593/3811/3290 3470/4023/3503 3455/4024/3504
f 3366/3807/3289 3426/4025/3505 3470/4026/3503 3593/3808/3290
f 3417/4027/3506 3471/4028/3507 3475/4029/3508 3461/4030/3509
f 3418/4031/3510 3417/4027/3506 3419/4032/3511 3472/4033/3512
f 3471/4028/3507 3473/4034/3513 3420/4035/3514
f 3472/4033/3512 3419/4032/3511 3474/4036/3515 3477/4037/3516
f 3477/4037/3516 3474/4036/3515 3453/4038/3517 3454/4039/3518
f 3420/4040/3514 3476/4041/3519 3533/4042/3520 3475/4043/3508
f 3476/4041/3519 3418/4031/3510 3472/4033/3512 3421/4044/3521
f 3421/4044/3521 3472/4033/3512 3477/4037/3516 3478/4045/3522
f 3478/4045/3522 3477/4037/3516 3454/4039/3518 3525/4046/3523
f 3422/4047/3524 3481/4048/3525 3534/4049/3526 3530/4050/3527
f 3480/4051/3528 3479/4052/3529 3423/4053/3530
f 3481/4048/3525 3480/4051/3528 3482/4054/3531 3429/4055/3532
f 3423/4053/3530 3424/4056/3533 3430/4057/3534 3482/4054/3531
f 3424/4056/3533 3422/4058/3524 3530/4059/3527 3425/4060/3535
f 3475/4043/3508 3533/4042/3520 3460/4061/3536 3526/4062/3537
f 3425/4060/3535 3530/4059/3527 3462/4063/3538 3544/4064/3539
f 3470/4026/3503 3426/4025/3505 3483/4065/3540 3484/4066/3541
f 3484/4066/3541 3483/4065/3540 3542/4067/3542 3485/4068/3543
f 3547/3710/3217 3427/3709/3216 3527/4069/3544 3428/4070/3545
f 3428/4070/3545 3527/4069/3544 3529/4071/3546 3457/4072/3547
f 3429/4055/3532 3482/4054/3531 3739/4073/3548 3486/4074/3549
f 3486/4074/3549 3739/4073/3548 3488/4075/3550 3489/4076/3551
f 3482/4054/3531 3430/4057/3534 3487/4077/3552 3739/4073/3548
f 3739/4073/3548 3487/4077/3552 3431/4078/3553 3488/4075/3550
f 3489/4076/3551 3488/4075/3550 3490/4079/3554 3491/4080/3555
f 3488/4075/3550 3431/4078/3553 3432/4081/3556 3490/4079/3554
f 3491/4080/3555 3490/4079/3554 3492/4082/3557 3433/4083/3558
f 3490/4079/3554 3432/4081/3556 3434/4084/3559 3492/4082/3557
f 3433/4083/3558 3492/4082/3557 3494/4085/3560 3495/4086/3561
f 3492/4082/3557 3434/4084/3559 3493/4087/3562 3494/4085/3560
f 3495/4086/3561 3494/4085/3560 3496/4088/3563 3497/4089/3564
f 3494/4085/3560 3493/4087/3562 3435/4090/3565 3496/4088/3563
f 3497/4089/3564 3496/4088/3563 3498/4091/3566 3499/4092/3567
f 3496/4088/3563 3435/4090/3565 3436/4093/3568 3498/4091/3566
f 3499/4092/3567 3498/4091/3566 3500/4094/3569 3437/4095/3570
f 3498/4091/3566 3436/4093/3568 3438/4096/3571 3500/4094/3569
f 3437/4095/3570 3500/4094/3569 3502/4097/3572 3439/4098/3573
f 3500/4094/3569 3438/4096/3571 3501/4099/3574 3502/4097/3572
f 3439/4098/3573 3502/4097/3572 3740/4100/3575 3440/4101/3576
f 3502/4097/3572 3501/4099/3574 3503/4102/3577 3740/4100/3575
f 3440/4101/3576 3740/4100/3575 3505/4103/3578 3441/4104/3579
f 3740/4100/3575 3503/4102/3577 3504/4105/3580 3505/4103/3578
f 3441/4104/3579 3505/4103/3578 3741/4106/3581 3506/4107/3582
f 3506/4107/3582 3741/4106/3581 3508/4108/3583 3509/4109/3584
f 3505/4103/3578 3504/4105/3580 3507/4110/3585 3741/4106/3581
f 3741/4106/3581 3507/4110/3585 3442/4111/3586 3508/4108/3583
f 3509/4109/3584 3508/4108/3583 3510/4112/3587 3511/4113/3588
f 3508/4108/3583 3442/4111/3586 3443/4114/3589 3510/4112/3587
f 3511/4113/3588 3510/4112/3587 3512/4115/3590 3513/4116/3591
f 3510/4112/3587 3443/4114/3589 3444/4117/3592 3512/4115/3590
f 3513/4116/3591 3512/4115/3590 3514/4118/3593 3515/4119/3594
f 3512/4115/3590 3444/4117/3592 3445/4120/3595 3514/4118/3593
f 3515/4119/3594 3514/4118/3593 3516/4121/3596 3446/4122/3597
f 3514/4118/3593 3445/4120/3595 3447/4123/3598 3516/4121/3596
f 3446/4122/3597 3516/4121/3596 3518/4124/3599 3448/4125/3600
f 3516/4121/3596 3447/4123/3598 3517/4126/3601 3518/4124/3599
f 3448/4125/3600 3518/4124/3599 3742/4127/3602 3519/4128/3603
f 3519/4128/3603 3742/4127/3602 3521/4129/3604 3449/4130/3605
f 3518/4124/3599 3517/4126/3601 3520/4131/3606 3742/4127/3602
f 3742/4127/3602 3520/4131/3606 3450/4132/3607 3521/4129/3604
f 3449/4130/3605 3521/4129/3604 3743/4133/3608 3522/4134/3609
f 3522/4134/3609 3743/4133/3608 3524/4135/3610 3451/4136/3611
f 3521/4129/3604 3450/4132/3607 3523/4137/3612 3743/4133/3608
f 3743/4133/3608 3523/4137/3612 3452/4138/3613 3524/4135/3610
f 3451/4136/3611 3524/4135/3610 3454/4039/3518 3453/4038/3517
f 3524/4135/3610 3452/4138/3613 3525/4046/3523 3454/4039/3518
f 3455/4024/3504 3470/4023/3503 3484/4139/3541 3456/4140/3614
f 3456/4140/3614 3484/4139/3541 3485/4141/3543 3458/4142/3615
f 3485/4068/3543 3542/4067/3542 3543/4143/3616 3526/4144/3537
f 3457/4072/3547 3529/4071/3546 3462/4145/3538 3459/4146/3617
f 3427/3713/3216 3546/3712/3219 3528/4147/3618 3527/4148/3544
f 3527/4148/3544 3528/4147/3618 3531/4149/3619 3529/4150/3546
f 3458/4142/3615 3485/4141/3543 3526/4062/3537 3460/4061/3536
f 3526/4144/3537 3543/4143/3616 3461/4030/3509 3475/4029/3508
f 3459/4146/3617 3462/4145/3538 3530/4050/3527 3534/4049/3526
f 3529/4150/3546 3531/4149/3619 3544/4064/3539 3462/4063/3538
f 3476/4041/3519 3421/4044/3521 3532/4021/3501 3533/4042/3520
f 3461/4030/3509 3704/3972/3452 3419/4032/3511 3417/4027/3506
f 3475/4029/3508 3471/4028/3507 3420/4035/3514
f 3482/4054/3531 3480/4051/3528 3423/4053/3530
f 3406/3999/3479 3430/4057/3534 3424/4056/3533 3425/4060/3535
f 3429/4055/3532 3467/3996/3476 3534/4049/3526 3481/4048/3525
f 3407/3997/3477 3431/4078/3553 3487/4077/3552 3744/3998/3478
f 3744/3998/3478 3487/4077/3552 3430/4057/3534 3406/3999/3479
f 3489/4076/3551 3465/3994/3474 3466/3995/3475 3486/4074/3549
f 3486/4074/3549 3466/3995/3475 3467/3996/3476 3429/4055/3532
f 3535/4000/3480 3432/4081/3556 3431/4078/3553 3407/3997/3477
f 3491/4080/3555 3464/3993/3473 3465/3994/3474 3489/4076/3551
f 3408/4001/3481 3434/4084/3559 3432/4081/3556 3535/4000/3480
f 3433/4083/3558 3463/3992/3472 3464/3993/3473 3491/4080/3555
f 3468/4002/3482 3493/4087/3562 3434/4084/3559 3408/4001/3481
f 3495/4086/3561 3723/3991/3471 3463/3992/3472 3433/4083/3558
f 3536/4003/3483 3435/4090/3565 3493/4087/3562 3468/4002/3482
f 3497/4089/3564 3722/3990/3470 3723/3991/3471 3495/4086/3561
f 3537/4004/3484 3436/4093/3568 3435/4090/3565 3536/4003/3483
f 3499/4092/3567 3721/3989/3469 3722/3990/3470 3497/4089/3564
f 3409/4005/3485 3438/4096/3571 3436/4093/3568 3537/4004/3484
f 3437/4095/3570 3720/3988/3468 3721/3989/3469 3499/4092/3567
f 3469/4006/3486 3501/4099/3574 3438/4096/3571 3409/4005/3485
f 3439/4098/3573 3719/3987/3467 3720/3988/3468 3437/4095/3570
f 3410/4007/3487 3503/4102/3577 3501/4099/3574 3469/4006/3486
f 3440/4101/3576 3718/3986/3466 3719/3987/3467 3439/4098/3573
f 3411/4008/3488 3504/4105/3580 3503/4102/3577 3410/4007/3487
f 3441/4104/3579 3717/3985/3465 3718/3986/3466 3440/4101/3576
f 3538/4009/3489 3442/4111/3586 3507/4110/3585 3745/4010/3490
f 3745/4010/3490 3507/4110/3585 3504/4105/3580 3411/4008/3488
f 3509/4109/3584 3715/3983/3463 3716/3984/3464 3506/4107/3582
f 3506/4107/3582 3716/3984/3464 3717/3985/3465 3441/4104/3579
f 3539/4011/3491 3443/4114/3589 3442/4111/3586 3538/4009/3489
f 3511/4113/3588 3714/3982/3462 3715/3983/3463 3509/4109/3584
f 3540/4012/3492 3444/4117/3592 3443/4114/3589 3539/4011/3491
f 3513/4116/3591 3713/3981/3461 3714/3982/3462 3511/4113/3588
f 3541/4013/3493 3445/4120/3595 3444/4117/3592 3540/4012/3492
f 3515/4119/3594 3712/3980/3460 3713/3981/3461 3513/4116/3591
f 3412/4014/3494 3447/4123/3598 3445/4120/3595 3541/4013/3493
f 3446/4122/3597 3711/3979/3459 3712/3980/3460 3515/4119/3594
f 3413/4015/3495 3517/4126/3601 3447/4123/3598 3412/4014/3494
f 3448/4125/3600 3710/3978/3458 3711/3979/3459 3446/4122/3597
f 3414/4016/3496 3450/4132/3607 3520/4131/3606 3746/4017/3497
f 3746/4017/3497 3520/4131/3606 3517/4126/3601 3413/4015/3495
f 3449/4130/3605 3708/3976/3456 3709/3977/3457 3519/4128/3603
f 3519/4128/3603 3709/3977/3457 3710/3978/3458 3448/4125/3600
f 3415/4018/3498 3452/4138/3613 3523/4137/3612 3747/4019/3499
f 3747/4019/3499 3523/4137/3612 3450/4132/3607 3414/4016/3496
f 3451/4136/3611 3706/3974/3454 3707/3975/3455 3522/4134/3609
f 3522/4134/3609 3707/3975/3455 3708/3976/3456 3449/4130/3605
f 3416/4020/3500 3525/4046/3523 3452/4138/3613 3415/4018/3498
f 3453/4038/3517 3705/3973/3453 3706/3974/3454 3451/4136/3611
f 3532/4021/3501 3421/4044/3521 3478/4045/3522 3748/4022/3502
f 3748/4022/3502 3478/4045/3522 3525/4046/3523 3416/4020/3500
f 3419/4032/3511 3704/3972/3452 3703/3971/3451 3474/4036/3515
f 3474/4036/3515 3703/3971/3451 3705/3973/3453 3453/4038/3517
f 3483/4065/3540 3426/4025/3505 3366/3807/3289 3597/3816/3296
f 3428/4070/3545 3621/3840/3320 3344/3707/3214 3547/3710/3217
f 3343/3711/3218 3637/3843/3323 3528/4147/3618 3546/3712/3219
f 3456/4140/3614 3656/3865/3345 3365/3812/3293 3455/4024/3504
f 3483/4065/3540 3597/3816/3296 3367/3869/3349 3542/4067/3542
f 3457/4072/3547 3378/3891/3371 3621/3840/3320 3428/4070/3545
f 3637/3843/3323 3673/3895/3375 3531/4149/3619 3528/4147/3618
f 3458/4142/3615 3701/3917/3397 3656/3865/3345 3456/4140/3614
f 3542/4067/3542 3367/3869/3349 3379/3921/3401 3543/4143/3616
f 3459/4146/3617 3390/3943/3423 3378/3891/3371 3457/4072/3547
f 3673/3895/3375 3391/3947/3427 3544/4064/3539 3531/4149/3619
f 3460/4061/3536 3405/3969/3449 3701/3917/3397 3458/4142/3615
f 3543/4143/3616 3379/3921/3401 3704/3972/3452 3461/4030/3509
f 3534/4049/3526 3467/3996/3476 3390/3943/3423 3459/4146/3617
f 3391/3947/3427 3406/3999/3479 3425/4060/3535 3544/4064/3539
f 3533/4042/3520 3532/4021/3501 3405/3969/3449 3460/4061/3536
f 3417/4027/3506 3418/4031/3510 3473/4034/3513 3471/4028/3507
f 3476/4041/3519 3420/4040/3514 3473/4034/3513 3418/4031/3510
f 3481/4048/3525 3422/4047/3524 3479/4052/3529 3480/4051/3528
f 3424/4056/3533 3423/4053/3530 3479/4052/3529 3422/4058/3524
f 3759/4151/3620 3771/4152/3621 3772/4153/3622 3760/4154/3623
f 3760/4155/3623 3772/4156/3622 3775/4157/3624 3761/4158/3625
f 3761/4158/3625 3775/4157/3624 3778/4159/3626 3762/4160/3627
f 3762/4160/3627 3778/4159/3626 3781/4161/3628 3763/4162/3629
f 3763/4162/3629 3781/4161/3628 3784/4163/3630 3764/4164/3631
f 3764/4164/3631 3784/4163/3630 3787/4165/3632 3765/4166/3633
f 3765/4166/3633 3787/4165/3632 3790/4167/3634 3766/4168/3635
f 3766/4168/3635 3790/4167/3634 3793/4169/3636 3767/4170/3637
f 3767/4170/3637 3793/4169/3636 3796/4171/3638 3768/4172/3639
f 3768/4172/3639 3796/4171/3638 3771/4152/3621 3759/4151/3620
f 3769/4173/3640 3749/4174/3641 3750/4175/3642 3774/4176/3643
f 3774/4177/3643 3750/4178/3642 3751/4179/3644 3777/4180/3645
f 3777/4180/3645 3751/4179/3644 3752/4181/3646 3780/4182/3647
f 3780/4182/3647 3752/4181/3646 3753/4183/3648 3783/4184/3649
f 3783/4184/3649 3753/4183/3648 3754/4185/3650 3786/4186/3651
f 3786/4186/3651 3754/4185/3650 3755/4187/3652 3789/4188/3653
f 3789/4188/3653 3755/4187/3652 3756/4189/3654 3792/4190/3655
f 3792/4190/3655 3756/4189/3654 3757/4191/3656 3795/4192/3657
f 3795/4192/3657 3757/4191/3656 3758/4193/3658 3798/4194/3659
f 3798/4194/3659 3758/4193/3658 3749/4174/3641 3769/4173/3640
f 3772/4153/3622 3771/4152/3621 3770/4195/3660 3773/4196/3661
f 3770/4195/3660 3769/4173/3640 3774/4176/3643 3773/4196/3661
f 3775/4157/3624 3772/4156/3622 3773/4197/3661 3776/4198/3662
f 3773/4197/3661 3774/4177/3643 3777/4180/3645 3776/4198/3662
f 3778/4159/3626 3775/4157/3624 3776/4198/3662 3779/4199/3663
f 3776/4198/3662 3777/4180/3645 3780/4182/3647 3779/4199/3663
f 3781/4161/3628 3778/4159/3626 3779/4199/3663 3782/4200/3664
f 3779/4199/3663 3780/4182/3647 3783/4184/3649 3782/4200/3664
f 3784/4163/3630 3781/4161/3628 3782/4200/3664 3785/4201/3665
f 3782/4200/3664 3783/4184/3649 3786/4186/3651 3785/4201/3665
f 3787/4165/3632 3784/4163/3630 3785/4201/3665 3788/4202/3666
f 3785/4201/3665 3786/4186/3651 3789/4188/3653 3788/4202/3666
f 3790/4167/3634 3787/4165/3632 3788/4202/3666 3791/4203/3667
f 3788/4202/3666 3789/4188/3653 3792/4190/3655 3791/4203/3667
f 3793/4169/3636 3790/4167/3634 3791/4203/3667 3794/4204/3668
f 3791/4203/3667 3792/4190/3655 3795/4192/3657 3794/4204/3668
f 3796/4171/3638 3793/4169/3636 3794/4204/3668 3797/4205/3669
f 3794/4204/3668 3795/4192/3657 3798/4194/3659 3797/4205/3669
f 3797/4205/3669 3798/4194/3659 3769/4173/3640 3770/4195/3660
f 3771/4152/3621 3796/4171/3638 3797/4205/3669 3770/4195/3660
f 3800/4206/3670 3801/4207/3671 3750/4208/3642 3749/4209/3641 3799/4210/3672
f 3802/4211/3673 3803/4212/3674 3751/4213/3644 3750/4208/3642 3801/4207/3671
f 3804/4214/3675 3805/4215/3676 3752/4216/3646 3751/4213/3644 3803/4212/3674
f 3806/4217/3677 3807/4218/3678 3753/4219/3648 3752/4216/3646 3805/4215/3676
f 3808/4220/3679 3809/4221/3680 3754/4185/3650 3753/4219/3648 3807/4218/3678
f 3810/4222/3681 3811/4223/3682 3755/4187/3652 3754/4185/3650 3809/4221/3680
f 3812/4224/3683 3813/4225/3684 3756/4189/3654 3755/4187/3652 3811/4223/3682
f 3814/4226/3685 3815/4227/3686 3757/4228/3656 3756/4189/3654 3813/4225/3684
f 3815/4227/3686 3816/4229/3687 3758/4230/3658 3757/4228/3656
f 3817/4231/3688 3799/4210/3672 3749/4209/3641 3758/4230/3658 3816/4229/3687
f 3799/4210/3672 3818/4232/3689 3800/4206/3670
f 3800/4206/3670 3818/4232/3689 3801/4207/3671
f 3801/4207/3671 3818/4232/3689 3802/4211/3673
f 3802/4211/3673 3818/4232/3689 3803/4212/3674
f 3803/4212/3674 3818/4232/3689 3804/4214/3675
f 3804/4214/3675 3818/4232/3689 3805/4215/3676
f 3805/4215/3676 3818/4232/3689 3806/4217/3677
f 3806/4217/3677 3818/4232/3689 3807/4218/3678
f 3807/4218/3678 3818/4232/3689 3808/4220/3679
f 3808/4220/3679 3818/4232/3689 3809/4221/3680
f 3809/4221/3680 3818/4232/3689 3810/4222/3681
f 3810/4222/3681 3818/4232/3689 3811/4223/3682
f 3811/4223/3682 3818/4232/3689 3812/4224/3683
f 3812/4224/3683 3818/4232/3689 3813/4225/3684
f 3813/4225/3684 3818/4232/3689 3814/4226/3685
f 3814/4226/3685 3818/4232/3689 3815/4227/3686
f 3818/4232/3689 3816/4229/3687 3815/4227/3686
f 3816/4229/3687 3818/4232/3689 3817/4231/3688
f 3817/4231/3688 3818/4232/3689 3799/4210/3672
f 3829/4151/3690 3830/4154/3691 3842/4153/3692 3841/4152/3693
f 3830/4155/3691 3831/4158/3694 3845/4157/3695 3842/4156/3692
f 3831/4158/3694 3832/4160/3696 3848/4159/3697 3845/4157/3695
f 3832/4160/3696 3833/4162/3698 3851/4161/3699 3848/4159/3697
f 3833/4162/3698 3834/4164/3700 3854/4163/3701 3851/4161/3699
f 3834/4164/3700 3835/4166/3702 3857/4165/3703 3854/4163/3701
f 3835/4166/3702 3836/4168/3704 3860/4167/3705 3857/4165/3703
f 3836/4168/3704 3837/4170/3706 3863/4169/3707 3860/4167/3705
f 3837/4170/3706 3838/4172/3708 3866/4171/3709 3863/4169/3707
f 3838/4172/3708 3829/4151/3690 3841/4152/3693 3866/4171/3709
f 3839/4173/3710 3844/4176/3711 3820/4175/3712 3819/4174/3713
f 3844/4177/3711 3847/4180/3714 3821/4179/3715 3820/4178/3712
f 3847/4180/3714 3850/4182/3716 3822/4181/3717 3821/4179/3715
f 3850/4182/3716 3853/4184/3718 3823/4183/3719 3822/4181/3717
f 3853/4184/3718 3856/4186/3720 3824/4185/3721 3823/4183/3719
f 3856/4186/3720 3859/4188/3722 3825/4187/3723 3824/4185/3721
f 3859/4188/3722 3862/4190/3724 3826/4189/3725 3825/4187/3723
f 3862/4190/3724 3865/4192/3726 3827/4191/3727 3826/4189/3725
f 3865/4192/3726 3868/4194/3728 3828/4193/3729 3827/4191/3727
f 3868/4194/3728 3839/4173/3710 3819/4174/3713 3828/4193/3729
f 3842/4153/3692 3843/4196/3730 3840/4195/3731 3841/4152/3693
f 3840/4195/3731 3843/4196/3730 3844/4176/3711 3839/4173/3710
f 3845/4157/3695 3846/4198/3732 3843/4197/3730 3842/4156/3692
f 3843/4197/3730 3846/4198/3732 3847/4180/3714 3844/4177/3711
f 3848/4159/3697 3849/4199/3733 3846/4198/3732 3845/4157/3695
f 3846/4198/3732 3849/4199/3733 3850/4182/3716 3847/4180/3714
f 3851/4161/3699 3852/4200/3734 3849/4199/3733 3848/4159/3697
f 3849/4199/3733 3852/4200/3734 3853/4184/3718 3850/4182/3716
f 3854/4163/3701 3855/4201/3735 3852/4200/3734 3851/4161/3699
f 3852/4200/3734 3855/4201/3735 3856/4186/3720 3853/4184/3718
f 3857/4165/3703 3858/4202/3736 3855/4201/3735 3854/4163/3701
f 3855/4201/3735 3858/4202/3736 3859/4188/3722 3856/4186/3720
f 3860/4167/3705 3861/4203/3737 3858/4202/3736 3857/4165/3703
f 3858/4202/3736 3861/4203/3737 3862/4190/3724 3859/4188/3722
f 3863/4169/3707 3864/4204/3738 3861/4203/3737 3860/4167/3705
f 3861/4203/3737 3864/4204/3738 3865/4192/3726 3862/4190/3724
f 3866/4171/3709 3867/4205/3739 3864/4204/3738 3863/4169/3707
f 3864/4204/3738 3867/4205/3739 3868/4194/3728 3865/4192/3726
f 3867/4205/3739 3840/4195/3731 3839/4173/3710 3868/4194/3728
f 3841/4152/3693 3840/4195/3731 3867/4205/3739 3866/4171/3709
f 3870/4206/3740 3869/4210/3741 3819/4209/3713 3820/4208/3712 3871/4207/3742
f 3872/4211/3743 3871/4207/3742 3820/4208/3712 3821/4213/3715 3873/4212/3744
f 3874/4214/3745 3873/4212/3744 3821/4213/3715 3822/4216/3717 3875/4215/3746
f 3876/4217/3747 3875/4215/3746 3822/4216/3717 3823/4219/3719 3877/4218/3748
f 3878/4220/3749 3877/4218/3748 3823/4219/3719 3824/4185/3721 3879/4221/3750
f 3880/4222/3751 3879/4221/3750 3824/4185/3721 3825/4187/3723 3881/4223/3752
f 3882/4224/3753 3881/4223/3752 3825/4187/3723 3826/4189/3725 3883/4225/3754
f 3884/4226/3755 3883/4225/3754 3826/4189/3725 3827/4228/3727 3885/4227/3756
f 3885/4227/3756 3827/4228/3727 3828/4230/3729 3886/4229/3757
f 3887/4231/3758 3886/4229/3757 3828/4230/3729 3819/4209/3713 3869/4210/3741
f 3869/4210/3741 3870/4206/3740 3888/4232/3759
f 3870/4206/3740 3871/4207/3742 3888/4232/3759
f 3871/4207/3742 3872/4211/3743 3888/4232/3759
f 3872/4211/3743 3873/4212/3744 3888/4232/3759
f 3873/4212/3744 3874/4214/3745 3888/4232/3759
f 3874/4214/3745 3875/4215/3746 3888/4232/3759
f 3875/4215/3746 3876/4217/3747 3888/4232/3759
f 3876/4217/3747 3877/4218/3748 3888/4232/3759
f 3877/4218/3748 3878/4220/3749 3888/4232/3759
f 3878/4220/3749 3879/4221/3750 3888/4232/3759
f 3879/4221/3750 3880/4222/3751 3888/4232/3759
f 3880/4222/3751 3881/4223/3752 3888/4232/3759
f 3881/4223/3752 3882/4224/3753 3888/4232/3759
f 3882/4224/3753 3883/4225/3754 3888/4232/3759
f 3883/4225/3754 3884/4226/3755 3888/4232/3759
f 3884/4226/3755 3885/4227/3756 3888/4232/3759
f 3888/4232/3759 3885/4227/3756 3886/4229/3757
f 3886/4229/3757 3887/4231/3758 3888/4232/3759
f 3887/4231/3758 3869/4210/3741 3888/4232/3759
f 3899/4151/3760 3900/4154/3761 3912/4153/3762 3911/4152/3763
f 3900/4155/3761 3901/4158/3764 3915/4157/3765 3912/4156/3762
f 3901/4158/3764 3902/4160/3766 3918/4159/3767 3915/4157/3765
f 3902/4160/3766 3903/4162/3768 3921/4161/3769 3918/4159/3767
f 3903/4162/3768 3904/4164/3770 3924/4163/3771 3921/4161/3769
f 3904/4164/3770 3905/4166/3772 3927/4165/3773 3924/4163/3771
f 3905/4166/3772 3906/4168/3774 3930/4167/3775 3927/4165/3773
f 3906/4168/3774 3907/4170/3776 3933/4169/3777 3930/4167/3775
f 3907/4170/3776 3908/4172/3778 3936/4171/3779 3933/4169/3777
f 3908/4172/3778 3899/4151/3760 3911/4152/3763 3936/4171/3779
f 3909/4173/3780 3914/4176/3781 3890/4175/3782 3889/4174/3783
f 3914/4177/3781 3917/4180/3784 3891/4179/3785 3890/4178/3782
f 3917/4180/3784 3920/4182/3786 3892/4181/3787 3891/4179/3785
f 3920/4182/3786 3923/4184/3788 3893/4183/3789 3892/4181/3787
f 3923/4184/3788 3926/4186/3790 3894/4185/3791 3893/4183/3789
f 3926/4186/3790 3929/4188/3792 3895/4187/3793 3894/4185/3791
f 3929/4188/3792 3932/4190/3794 3896/4189/3795 3895/4187/3793
f 3932/4190/3794 3935/4192/3796 3897/4191/3797 3896/4189/3795
f 3935/4192/3796 3938/4194/3798 3898/4193/3799 3897/4191/3797
f 3938/4194/3798 3909/4173/3780 3889/4174/3783 3898/4193/3799
f 3912/4153/3762 3913/4196/3800 3910/4195/3801 3911/4152/3763
f 3910/4195/3801 3913/4196/3800 3914/4176/3781 3909/4173/3780
f 3915/4157/3765 3916/4198/3802 3913/4197/3800 3912/4156/3762
f 3913/4197/3800 3916/4198/3802 3917/4180/3784 3914/4177/3781
f 3918/4159/3767 3919/4199/3803 3916/4198/3802 3915/4157/3765
f 3916/4198/3802 3919/4199/3803 3920/4182/3786 3917/4180/3784
f 3921/4161/3769 3922/4200/3804 3919/4199/3803 3918/4159/3767
f 3919/4199/3803 3922/4200/3804 3923/4184/3788 3920/4182/3786
f 3924/4163/3771 3925/4233/3805 3922/4200/3804 3921/4161/3769
f 3922/4200/3804 3925/4233/3805 3926/4186/3790 3923/4184/3788
f 3927/4165/3773 3928/4202/3806 3925/4233/3805 3924/4163/3771
f 3925/4233/3805 3928/4202/3806 3929/4188/3792 3926/4186/3790
f 3930/4167/3775 3931/4203/3807 3928/4202/3806 3927/4165/3773
f 3928/4202/3806 3931/4203/3807 3932/4190/3794 3929/4188/3792
f 3933/4169/3777 3934/4204/3808 3931/4203/3807 3930/4167/3775
f 3931/4203/3807 3934/4204/3808 3935/4192/3796 3932/4190/3794
f 3936/4171/3779 3937/4205/3809 3934/4204/3808 3933/4169/3777
f 3934/4204/3808 3937/4205/3809 3938/4194/3798 3935/4192/3796
f 3937/4205/3809 3910/4195/3801 3909/4173/3780 3938/4194/3798
f 3911/4152/3763 3910/4195/3801 3937/4205/3809 3936/4171/3779
f 3940/4206/3810 3939/4210/3811 3889/4209/3783 3890/4208/3782 3941/4207/3812
f 3942/4211/3813 3941/4207/3812 3890/4208/3782 3891/4213/3785 3943/4212/3814
f 3944/4214/3815 3943/4212/3814 3891/4213/3785 3892/4216/3787 3945/4215/3816
f 3946/4217/3817 3945/4215/3816 3892/4216/3787 3893/4219/3789 3947/4218/3818
f 3948/4220/3819 3947/4218/3818 3893/4219/3789 3894/4185/3791 3949/4221/3820
f 3950/4222/3821 3949/4221/3820 3894/4185/3791 3895/4187/3793 3951/4223/3822
f 3952/4224/3823 3951/4223/3822 3895/4187/3793 3896/4189/3795 3953/4225/3824
f 3954/4226/3825 3953/4225/3824 3896/4189/3795 3897/4228/3797 3955/4227/3826
f 3955/4227/3826 3897/4228/3797 3898/4230/3799 3956/4229/3827
f 3957/4231/3828 3956/4229/3827 3898/4230/3799 3889/4209/3783 3939/4210/3811
f 3939/4210/3811 3940/4206/3810 3958/4232/3829
f 3940/4206/3810 3941/4207/3812 3958/4232/3829
f 3941/4207/3812 3942/4211/3813 3958/4232/3829
f 3942/4211/3813 3943/4212/3814 3958/4232/3829
f 3943/4212/3814 3944/4214/3815 3958/4232/3829
f 3944/4214/3815 3945/4215/3816 3958/4232/3829
f 3945/4215/3816 3946/4217/3817 3958/4232/3829
f 3946/4217/3817 3947/4218/3818 3958/4232/3829
f 3947/4218/3818 3948/4220/3819 3958/4232/3829
f 3948/4220/3819 3949/4221/3820 3958/4232/3829
f 3949/4221/3820 3950/4222/3821 3958/4232/3829
f 3950/4222/3821 3951/4223/3822 3958/4232/3829
f 3951/4223/3822 3952/4224/3823 3958/4232/3829
f 3952/4224/3823 3953/4225/3824 3958/4232/3829
f 3953/4225/3824 3954/4226/3825 3958/4232/3829
f 3954/4226/3825 3955/4227/3826 3958/4232/3829
f 3958/4232/3829 3955/4227/3826 3956/4229/3827
f 3956/4229/3827 3957/4231/3828 3958/4232/3829
f 3957/4231/3828 3939/4210/3811 3958/4232/3829
f 3969/4151/3830 3981/4152/3831 3982/4153/3832 3970/4154/3833
f 3970/4155/3833 3982/4156/3832 3985/4157/3834 3971/4158/3835
f 3971/4158/3835 3985/4157/3834 3988/4159/3836 3972/4160/3837
f 3972/4160/3837 3988/4159/3836 3991/4161/3838 3973/4162/3839
f 3973/4162/3839 3991/4161/3838 3994/4163/3840 3974/4164/3841
f 3974/4164/3841 3994/4163/3840 3997/4165/3842 3975/4166/3843
f 3975/4166/3843 3997/4165/3842 4000/4167/3844 3976/4168/3845
f 3976/4168/3845 4000/4167/3844 4003/4169/3846 3977/4170/3847
f 3977/4170/3847 4003/4169/3846 4006/4171/3848 3978/4172/3849
f 3978/4172/3849 4006/4171/3848 3981/4152/3831 3969/4151/3830
f 3979/4173/3850 3959/4174/3851 3960/4175/3852 3984/4176/3853
f 3984/4177/3853 3960/4178/3852 3961/4179/3854 3987/4180/3855
f 3987/4180/3855 3961/4179/3854 3962/4181/3856 3990/4182/3857
f 3990/4182/3857 3962/4181/3856 3963/4183/3858 3993/4184/3859
f 3993/4184/3859 3963/4183/3858 3964/4185/3860 3996/4186/3861
f 3996/4186/3861 3964/4185/3860 3965/4187/3862 3999/4188/3863
f 3999/4188/3863 3965/4187/3862 3966/4189/3864 4002/4190/3865
f 4002/4190/3865 3966/4189/3864 3967/4191/3866 4005/4192/3867
f 4005/4192/3867 3967/4191/3866 3968/4193/3868 4008/4194/3869
f 4008/4194/3869 3968/4193/3868 3959/4174/3851 3979/4173/3850
f 3982/4153/3832 3981/4152/3831 3980/4195/3870 3983/4196/3871
f 3980/4195/3870 3979/4173/3850 3984/4176/3853 3983/4196/3871
f 3985/4157/3834 3982/4156/3832 3983/4197/3871 3986/4198/3872
f 3983/4197/3871 3984/4177/3853 3987/4180/3855 3986/4198/3872
f 3988/4159/3836 3985/4157/3834 3986/4198/3872 3989/4199/3873
f 3986/4198/3872 3987/4180/3855 3990/4182/3857 3989/4199/3873
f 3991/4161/3838 3988/4159/3836 3989/4199/3873 3992/4200/3874
f 3989/4199/3873 3990/4182/3857 3993/4184/3859 3992/4200/3874
f 3994/4163/3840 3991/4161/3838 3992/4200/3874 3995/4201/3875
f 3992/4200/3874 3993/4184/3859 3996/4186/3861 3995/4201/3875
f 3997/4165/3842 3994/4163/3840 3995/4201/3875 3998/4202/3876
f 3995/4201/3875 3996/4186/3861 3999/4188/3863 3998/4202/3876
f 4000/4167/3844 3997/4165/3842 3998/4202/3876 4001/4203/3877
f 3998/4202/3876 3999/4188/3863 4002/4190/3865 4001/4203/3877
f 4003/4169/3846 4000/4167/3844 4001/4203/3877 4004/4204/3878
f 4001/4203/3877 4002/4190/3865 4005/4192/3867 4004/4204/3878
f 4006/4171/3848 4003/4169/3846 4004/4204/3878 4007/4205/3879
f 4004/4204/3878 4005/4192/3867 4008/4194/3869 4007/4205/3879
f 4007/4205/3879 4008/4194/3869 3979/4173/3850 3980/4195/3870
f 3981/4152/3831 4006/4171/3848 4007/4205/3879 3980/4195/3870
f 4010/4206/3880 4011/4207/3881 3960/4208/3852 3959/4209/3851 4009/4210/3882
f 4012/4211/3883 4013/4212/3884 3961/4213/3854 3960/4208/3852 4011/4207/3881
f 4014/4214/3885 4015/4215/3886 3962/4216/3856 3961/4213/3854 4013/4212/3884
f 4016/4217/3887 4017/4218/3888 3963/4219/3858 3962/4216/3856 4015/4215/3886
f 4018/4220/3889 4019/4221/3890 3964/4185/3860 3963/4219/3858 4017/4218/3888
f 4020/4222/3891 4021/4223/3892 3965/4187/3862 3964/4185/3860 4019/4221/3890
f 4022/4224/3893 4023/4225/3894 3966/4189/3864 3965/4187/3862 4021/4223/3892
f 4024/4226/3895 4025/4227/3896 3967/4228/3866 3966/4189/3864 4023/4225/3894
f 4025/4227/3896 4026/4229/3897 3968/4230/3868 3967/4228/3866
f 4027/4231/3898 4009/4210/3882 3959/4209/3851 3968/4230/3868 4026/4229/3897
f 4009/4210/3882 4028/4232/3899 4010/4206/3880
f 4010/4206/3880 4028/4232/3899 4011/4207/3881
f 4011/4207/3881 4028/4232/3899 4012/4211/3883
f 4012/4211/3883 4028/4232/3899 4013/4212/3884
f 4013/4212/3884 4028/4232/3899 4014/4214/3885
f 4014/4214/3885 4028/4232/3899 4015/4215/3886
f 4015/4215/3886 4028/4232/3899 4016/4217/3887
f 4016/4217/3887 4028/4232/3899 4017/4218/3888
f 4017/4218/3888 4028/4232/3899 4018/4220/3889
f 4018/4220/3889 4028/4232/3899 4019/4221/3890
f 4019/4221/3890 4028/4232/3899 4020/4222/3891
f 4020/4222/3891 4028/4232/3899 4021/4223/3892
f 4021/4223/3892 4028/4232/3899 4022/4224/3893
f 4022/4224/3893 4028/4232/3899 4023/4225/3894
f 4023/4225/3894 4028/4232/3899 4024/4226/3895
f 4024/4226/3895 4028/4232/3899 4025/4227/3896
f 4028/4232/3899 4026/4229/3897 4025/4227/3896
f 4026/4229/3897 4028/4232/3899 4027/4231/3898
f 4027/4231/3898 4028/4232/3899 4009/4210/3882
