# Blender 4.4.3
# www.blender.org
mtllib Tür_2.mtl
o Schanier_oben
v -0.002399 1.380600 0.010268
v -0.002399 1.458769 0.010268
v -0.002399 1.380600 -0.010268
v -0.002399 1.458769 -0.010268
v 0.002399 1.380600 0.010268
v 0.002399 1.458769 0.010268
v 0.002399 1.380600 -0.010268
v 0.002399 1.458769 -0.010268
v 0.002357 1.374212 -0.014344
v 0.002357 1.465163 -0.014344
v 0.003154 1.374212 -0.014265
v 0.003154 1.465163 -0.014265
v 0.003920 1.374212 -0.014033
v 0.003920 1.465163 -0.014033
v 0.004626 1.374212 -0.013655
v 0.004626 1.465163 -0.013655
v 0.005245 1.374212 -0.013148
v 0.005245 1.465163 -0.013148
v 0.005752 1.374212 -0.012529
v 0.005752 1.465163 -0.012529
v 0.006130 1.374212 -0.011823
v 0.006130 1.465163 -0.011823
v 0.006362 1.374212 -0.011057
v 0.006362 1.465163 -0.011057
v 0.006441 1.374212 -0.010260
v 0.006441 1.465163 -0.010260
v 0.006362 1.374212 -0.009463
v 0.006362 1.465163 -0.009463
v 0.006130 1.374212 -0.008697
v 0.006130 1.465163 -0.008697
v 0.005752 1.374212 -0.007991
v 0.005752 1.465163 -0.007991
v 0.005245 1.374212 -0.007372
v 0.005245 1.465163 -0.007372
v 0.004626 1.374212 -0.006864
v 0.004626 1.465163 -0.006864
v 0.003920 1.374212 -0.006487
v 0.003920 1.465163 -0.006487
v 0.003154 1.374212 -0.006254
v 0.003154 1.465163 -0.006254
v 0.002357 1.374212 -0.006176
v 0.002357 1.465163 -0.006176
v 0.001560 1.374212 -0.006254
v 0.001560 1.465163 -0.006254
v 0.000794 1.374212 -0.006487
v 0.000794 1.465163 -0.006487
v 0.000088 1.374212 -0.006864
v 0.000088 1.465163 -0.006864
v -0.000531 1.374212 -0.007372
v -0.000531 1.465163 -0.007372
v -0.001039 1.374212 -0.007991
v -0.001039 1.465163 -0.007991
v -0.001416 1.374212 -0.008697
v -0.001416 1.465163 -0.008697
v -0.001649 1.374212 -0.009463
v -0.001649 1.465163 -0.009463
v -0.001727 1.374212 -0.010260
v -0.001727 1.465163 -0.010260
v -0.001649 1.374212 -0.011057
v -0.001649 1.465163 -0.011057
v -0.001416 1.374212 -0.011823
v -0.001416 1.465163 -0.011823
v -0.001039 1.374212 -0.012529
v -0.001039 1.465163 -0.012529
v -0.000531 1.374212 -0.013148
v -0.000531 1.465163 -0.013148
v 0.000088 1.374212 -0.013655
v 0.000088 1.465163 -0.013655
v 0.000794 1.374212 -0.014033
v 0.000794 1.465163 -0.014033
v 0.001560 1.374212 -0.014265
v 0.001560 1.465163 -0.014265
v -0.077644 -0.506130 0.865926
v -0.077644 1.585014 0.865926
v -0.077644 -0.506130 -0.010309
v -0.077644 1.585014 -0.010309
v -0.002469 -0.506130 0.865926
v -0.002469 1.585014 0.865926
v -0.002469 -0.506130 -0.010309
v -0.002469 1.585014 -0.010309
v -0.077644 0.054025 0.865926
v -0.077644 0.539442 0.865926
v -0.077644 1.024912 0.865926
v -0.077644 1.024913 -0.010309
v -0.077644 0.539442 -0.010309
v -0.077644 0.054025 -0.010309
v -0.002469 1.024913 -0.010309
v -0.002469 0.539442 -0.010309
v -0.002469 0.054025 -0.010309
v -0.002469 1.024913 0.865926
v -0.002469 0.539442 0.865926
v -0.002469 0.054025 0.865926
v -0.077644 -0.506130 0.427808
v -0.077644 1.585014 0.427808
v -0.002469 -0.506130 0.427808
v -0.002469 1.585014 0.427808
v -0.002469 0.054025 0.427808
v -0.002469 0.539442 0.427808
v -0.002469 1.024913 0.427808
v -0.077644 0.054025 0.427808
v -0.077644 0.539442 0.427808
v -0.077644 1.024913 0.427808
v -0.077644 -0.506130 0.739618
v -0.002469 1.585014 0.739618
v -0.002469 0.054025 0.739618
v -0.002469 0.539442 0.739618
v -0.002469 1.024912 0.739618
v -0.077644 1.585014 0.739618
v -0.002469 -0.506130 0.739618
v -0.077644 0.054025 0.739618
v -0.077644 0.539442 0.739618
v -0.077644 1.024912 0.739618
v -0.077644 1.585014 0.115927
v -0.002469 -0.506130 0.115927
v -0.077644 0.054025 0.115927
v -0.077644 0.539442 0.115927
v -0.077644 1.024912 0.115927
v -0.077644 -0.506130 0.115927
v -0.002469 1.585014 0.115927
v -0.002469 0.054025 0.115927
v -0.002469 0.539442 0.115927
v -0.002469 1.024912 0.115927
v -0.077644 1.458788 0.865926
v -0.077644 1.458788 -0.010309
v -0.002469 1.458788 -0.010309
v -0.002469 1.458788 0.865926
v -0.002469 1.458788 0.427808
v -0.077644 1.458788 0.427808
v -0.077644 1.458788 0.739618
v -0.002469 1.458788 0.739618
v -0.002469 1.458788 0.115927
v -0.077644 1.458788 0.115927
v -0.077644 -0.379831 -0.010309
v -0.002469 -0.379831 -0.010309
v -0.002469 -0.379831 0.865926
v -0.077644 -0.379831 0.865926
v -0.077644 -0.379831 0.427808
v -0.002469 -0.379831 0.427808
v -0.077644 -0.379831 0.739618
v -0.002469 -0.379831 0.739618
v -0.002469 -0.379831 0.115927
v -0.077644 -0.379831 0.115927
v -0.077644 1.101718 -0.010309
v -0.002469 1.101718 -0.010309
v -0.002469 1.101718 0.865926
v -0.002469 1.101718 0.427808
v -0.077644 1.101718 0.427808
v -0.077644 1.101718 0.739618
v -0.002469 1.101718 0.739618
v -0.002469 1.101718 0.115927
v -0.077644 1.101718 0.115927
v -0.077644 1.101718 0.865926
v -0.077644 -0.027046 0.865926
v -0.077644 -0.027046 -0.010309
v -0.002469 -0.027046 -0.010309
v -0.002469 -0.027046 0.865926
v -0.077644 -0.027046 0.427808
v -0.002469 -0.027046 0.427808
v -0.077644 -0.027046 0.739618
v -0.002469 -0.027046 0.739618
v -0.002469 -0.027046 0.115927
v -0.077644 -0.027046 0.115927
v -0.077644 0.539442 0.467720
v -0.002469 0.539442 0.467720
v -0.077644 1.458788 0.467720
v -0.002469 -0.379831 0.467720
v -0.077644 -0.379831 0.467720
v -0.077644 1.101718 0.467720
v -0.002469 1.101718 0.467720
v -0.077644 -0.027046 0.467720
v -0.002469 1.585014 0.388204
v -0.002469 0.054025 0.388204
v -0.077644 1.585014 0.388204
v -0.002469 -0.506130 0.388204
v -0.077644 0.054025 0.388204
v -0.077644 0.539442 0.388204
v -0.077644 1.024913 0.388204
v -0.002469 1.458788 0.388204
v -0.077644 -0.379831 0.388204
v -0.002469 -0.379831 0.388204
v -0.002469 -0.027046 0.388204
v -0.077644 1.585014 0.467720
v -0.002469 -0.506130 0.467720
v -0.077644 0.054025 0.467720
v -0.077644 1.024913 0.467720
v -0.077644 -0.506130 0.467720
v -0.002469 1.585014 0.467720
v -0.002469 0.054025 0.467720
v -0.002469 1.024913 0.467720
v -0.002469 1.458788 0.467720
v -0.002469 -0.027046 0.467720
v -0.077644 -0.506130 0.388204
v -0.002469 0.539442 0.388204
v -0.002469 1.024913 0.388204
v -0.077644 1.458788 0.388204
v -0.002469 1.101718 0.388204
v -0.077644 1.101718 0.388204
v -0.077644 -0.027046 0.388204
v -0.016968 0.539442 0.467720
v -0.016968 0.539442 0.739618
v -0.063145 0.539441 0.722286
v -0.063145 0.070358 0.722286
v -0.063145 1.008581 0.722286
v -0.016969 1.008581 0.722286
v -0.016968 0.070358 0.722286
v -0.063145 0.070358 0.370872
v -0.063145 0.070358 0.133260
v -0.063145 0.539442 0.388204
v -0.063145 0.539442 0.115927
v -0.063145 1.008581 0.370872
v -0.063145 1.008581 0.133260
v -0.016968 0.539441 0.133260
v -0.016968 0.070358 0.133260
v -0.016969 1.008581 0.133260
v -0.063145 1.441350 0.467720
v -0.063145 1.441350 0.427808
v -0.016969 1.441350 0.388204
v -0.016969 1.441350 0.427808
v -0.063145 -0.044857 0.427808
v -0.063145 -0.379831 0.427808
v -0.016968 -0.044857 0.427808
v -0.016968 -0.379831 0.427808
v -0.063145 -0.044857 0.722286
v -0.063145 -0.362020 0.722286
v -0.016968 -0.044857 0.722286
v -0.016968 -0.362020 0.722286
v -0.016968 -0.044857 0.133260
v -0.016968 -0.362020 0.133260
v -0.063145 -0.044857 0.133260
v -0.063145 -0.362020 0.133260
v -0.063145 -0.362021 0.388204
v -0.016968 -0.362021 0.467720
v -0.016968 -0.362021 0.388204
v -0.063145 -0.362021 0.467720
v -0.016969 1.101718 0.427808
v -0.063145 1.101718 0.427808
v -0.063145 1.441350 0.722286
v -0.063145 1.119156 0.722286
v -0.016969 1.441350 0.722286
v -0.016969 1.119155 0.722286
v -0.016969 1.441350 0.133260
v -0.016969 1.119156 0.133260
v -0.063145 1.441350 0.133260
v -0.063145 1.119156 0.133260
v -0.063145 1.119156 0.467720
v -0.016969 1.119156 0.467720
v -0.016968 -0.044857 0.388204
v -0.063145 -0.044857 0.467720
v -0.063145 0.539441 0.485052
v -0.016968 0.070358 0.370872
v -0.063145 1.441350 0.388204
v -0.063145 1.101718 0.388204
v -0.016969 1.008581 0.370872
v -0.016968 0.539441 0.370872
v -0.016968 0.070358 0.485052
v -0.016969 1.008581 0.485052
v -0.016969 1.441350 0.467720
v -0.016969 1.119156 0.388204
v -0.063145 -0.044857 0.388204
v -0.016968 -0.044857 0.467720
v -0.063145 0.070358 0.485052
v -0.063145 1.008581 0.485052
v -0.063145 0.539442 0.739618
v -0.063145 0.054025 0.739618
v -0.063145 1.024912 0.739618
v -0.016969 1.024912 0.739618
v -0.016968 0.539441 0.722286
v -0.016968 0.054025 0.739618
v -0.063145 0.054025 0.388204
v -0.063145 0.054025 0.115927
v -0.063145 1.024913 0.388204
v -0.063145 1.024912 0.115927
v -0.016968 0.539442 0.115927
v -0.016968 0.054025 0.115927
v -0.016969 1.024912 0.115927
v -0.063145 0.539441 0.133260
v -0.063145 1.458788 0.467720
v -0.063145 1.458788 0.427808
v -0.016969 1.458788 0.388204
v -0.016969 1.458788 0.427808
v -0.063145 -0.027046 0.739618
v -0.063145 -0.379831 0.739618
v -0.016968 -0.027046 0.739618
v -0.016968 -0.379831 0.739618
v -0.016968 -0.027046 0.115927
v -0.016968 -0.379831 0.115927
v -0.063145 -0.027046 0.115927
v -0.063145 -0.379831 0.115927
v -0.063145 -0.379831 0.388204
v -0.016968 -0.379831 0.467720
v -0.016968 -0.379831 0.388204
v -0.016968 -0.362021 0.427808
v -0.063145 -0.379831 0.467720
v -0.063145 -0.362021 0.427808
v -0.063145 1.458788 0.739618
v -0.063145 1.101718 0.739618
v -0.016969 1.458788 0.739618
v -0.016969 1.101718 0.739618
v -0.016969 1.458788 0.115927
v -0.016969 1.101718 0.115927
v -0.063145 1.458788 0.115927
v -0.063145 1.101718 0.115927
v -0.063145 1.101718 0.467720
v -0.063145 1.119156 0.427808
v -0.016969 1.101718 0.467720
v -0.016968 -0.027046 0.388204
v -0.016968 -0.027046 0.427808
v -0.063145 -0.027046 0.467720
v -0.063145 -0.027046 0.427808
v -0.016969 1.119156 0.427808
v -0.016968 0.054025 0.388204
v -0.063145 0.539441 0.370872
v -0.016969 1.024913 0.388204
v -0.016968 0.539442 0.388204
v -0.016968 0.054025 0.467720
v -0.016969 1.024913 0.467720
v -0.063145 1.458788 0.388204
v -0.016969 1.458788 0.467720
v -0.016969 1.101718 0.388204
v -0.063145 1.119156 0.388204
v -0.063145 -0.027046 0.388204
v -0.016968 -0.027046 0.467720
v -0.063145 0.054025 0.467720
v -0.063145 1.024913 0.467720
v -0.016968 0.539441 0.485052
v -0.063145 0.539442 0.467720
v -0.002820 0.539441 0.485052
v -0.002820 0.539441 0.722286
v -0.077294 0.539441 0.370872
v -0.077294 0.539441 0.133260
v -0.077294 -0.044857 0.427808
v -0.077294 -0.362021 0.427808
v -0.002820 -0.044857 0.427808
v -0.002820 -0.362021 0.427808
v -0.002820 1.441350 0.427808
v -0.002820 1.119156 0.427808
v -0.077294 1.441350 0.427808
v -0.077294 1.119156 0.427808
v -0.077294 0.539441 0.722286
v -0.077294 0.539441 0.485052
v -0.077294 -0.044857 0.467720
v -0.077294 -0.362021 0.467720
v -0.077294 1.441350 0.467720
v -0.077294 1.119156 0.467720
v -0.002820 -0.044857 0.388204
v -0.002820 -0.362021 0.388204
v -0.077294 1.441350 0.388204
v -0.077294 1.119156 0.388204
v -0.002820 -0.044857 0.467720
v -0.002820 -0.362021 0.467720
v -0.002820 1.441350 0.467720
v -0.002820 1.119156 0.467720
v -0.002820 0.539441 0.133260
v -0.002820 0.539441 0.370872
v -0.077294 -0.044857 0.388204
v -0.077294 -0.362021 0.388204
v -0.002820 1.441350 0.388204
v -0.002820 1.119156 0.388204
v -0.077294 0.070358 0.722286
v -0.077294 1.008581 0.722286
v -0.002820 1.008581 0.722286
v -0.002820 0.070358 0.722286
v -0.077294 0.070358 0.370872
v -0.077294 0.070358 0.133260
v -0.077294 1.008581 0.370872
v -0.077294 1.008581 0.133260
v -0.002820 0.070358 0.133260
v -0.002820 1.008581 0.133260
v -0.077294 -0.044857 0.722286
v -0.077294 -0.362020 0.722286
v -0.002820 -0.044857 0.722286
v -0.002820 -0.362020 0.722286
v -0.002820 -0.044857 0.133260
v -0.002820 -0.362020 0.133260
v -0.077294 -0.044857 0.133260
v -0.077294 -0.362020 0.133260
v -0.077294 1.441350 0.722286
v -0.077294 1.119156 0.722286
v -0.002820 1.441350 0.722286
v -0.002820 1.119155 0.722286
v -0.002820 1.441350 0.133260
v -0.002820 1.119156 0.133260
v -0.077294 1.441350 0.133260
v -0.077294 1.119156 0.133260
v -0.002820 0.070358 0.370872
v -0.002820 1.008581 0.370872
v -0.002820 0.070358 0.485052
v -0.002820 1.008581 0.485052
v -0.077294 0.070358 0.485052
v -0.077294 1.008581 0.485052
v 0.002357 -0.386006 -0.014344
v 0.002357 -0.295055 -0.014344
v 0.003154 -0.386006 -0.014265
v 0.003154 -0.295055 -0.014265
v 0.003920 -0.386006 -0.014033
v 0.003920 -0.295055 -0.014033
v 0.004626 -0.386006 -0.013655
v 0.004626 -0.295055 -0.013655
v 0.005245 -0.386006 -0.013148
v 0.005245 -0.295055 -0.013148
v 0.005752 -0.386006 -0.012529
v 0.005752 -0.295055 -0.012529
v 0.006130 -0.386006 -0.011823
v 0.006130 -0.295055 -0.011823
v 0.006362 -0.386006 -0.011057
v 0.006362 -0.295055 -0.011057
v 0.006441 -0.386006 -0.010260
v 0.006441 -0.295055 -0.010260
v 0.006362 -0.386006 -0.009463
v 0.006362 -0.295055 -0.009463
v 0.006130 -0.386006 -0.008697
v 0.006130 -0.295055 -0.008697
v 0.005752 -0.386006 -0.007991
v 0.005752 -0.295055 -0.007991
v 0.005245 -0.386006 -0.007372
v 0.005245 -0.295055 -0.007372
v 0.004626 -0.386006 -0.006864
v 0.004626 -0.295055 -0.006864
v 0.003920 -0.386006 -0.006487
v 0.003920 -0.295055 -0.006487
v 0.003154 -0.386006 -0.006254
v 0.003154 -0.295055 -0.006254
v 0.002357 -0.386006 -0.006176
v 0.002357 -0.295055 -0.006176
v 0.001560 -0.386006 -0.006254
v 0.001560 -0.295055 -0.006254
v 0.000794 -0.386006 -0.006487
v 0.000794 -0.295055 -0.006487
v 0.000088 -0.386006 -0.006864
v 0.000088 -0.295055 -0.006864
v -0.000531 -0.386006 -0.007372
v -0.000531 -0.295055 -0.007372
v -0.001039 -0.386006 -0.007991
v -0.001039 -0.295055 -0.007991
v -0.001416 -0.386006 -0.008697
v -0.001416 -0.295055 -0.008697
v -0.001649 -0.386006 -0.009463
v -0.001649 -0.295055 -0.009463
v -0.001727 -0.386006 -0.010260
v -0.001727 -0.295055 -0.010260
v -0.001649 -0.386006 -0.011057
v -0.001649 -0.295055 -0.011057
v -0.001416 -0.386006 -0.011823
v -0.001416 -0.295055 -0.011823
v -0.001039 -0.386006 -0.012529
v -0.001039 -0.295055 -0.012529
v -0.000531 -0.386006 -0.013148
v -0.000531 -0.295055 -0.013148
v 0.000088 -0.386006 -0.013655
v 0.000088 -0.295055 -0.013655
v 0.000794 -0.386006 -0.014033
v 0.000794 -0.295055 -0.014033
v 0.001560 -0.386006 -0.014265
v 0.001560 -0.295055 -0.014265
v -0.002398 -0.379618 0.010268
v -0.002398 -0.301450 0.010268
v -0.002398 -0.379618 -0.010267
v -0.002398 -0.301450 -0.010267
v 0.002399 -0.379618 0.010268
v 0.002399 -0.301450 0.010268
v 0.002399 -0.379618 -0.010267
v 0.002399 -0.301450 -0.010267
v -0.000009 0.539181 0.776936
v 0.027547 0.539181 0.776936
v -0.000009 0.536493 0.777201
v 0.027547 0.536493 0.777201
v -0.000009 0.533908 0.777985
v 0.027547 0.533908 0.777985
v -0.000009 0.531526 0.779258
v 0.027547 0.531526 0.779258
v -0.000009 0.529439 0.780972
v 0.027547 0.529439 0.780972
v -0.000009 0.527725 0.783060
v 0.027547 0.527725 0.783060
v -0.000009 0.526452 0.785442
v 0.027547 0.526452 0.785442
v -0.000009 0.525668 0.788027
v 0.027547 0.525668 0.788027
v -0.000009 0.525403 0.790715
v 0.027547 0.525403 0.790715
v -0.000009 0.525668 0.793402
v 0.027547 0.525668 0.793402
v -0.000009 0.526452 0.795987
v 0.027547 0.526452 0.795987
v -0.000009 0.527725 0.798369
v 0.027547 0.527725 0.798369
v -0.000009 0.529439 0.800457
v 0.027547 0.529439 0.800457
v -0.000009 0.531526 0.802171
v 0.027547 0.531526 0.802171
v -0.000009 0.533908 0.803444
v 0.027547 0.533908 0.803444
v -0.000009 0.536493 0.804228
v 0.027547 0.536493 0.804228
v -0.000009 0.539181 0.804493
v 0.027547 0.539181 0.804493
v -0.000009 0.541869 0.804228
v 0.027547 0.541869 0.804228
v -0.000009 0.544454 0.803444
v 0.027547 0.544454 0.803444
v -0.000009 0.546836 0.802171
v 0.027547 0.546836 0.802171
v -0.000009 0.548924 0.800457
v 0.027547 0.548924 0.800457
v -0.000009 0.550637 0.798369
v 0.027547 0.550637 0.798369
v -0.000009 0.551910 0.795987
v 0.027547 0.551910 0.795987
v -0.000009 0.552694 0.793402
v 0.027547 0.552694 0.793402
v -0.000009 0.552959 0.790715
v 0.027547 0.552959 0.790715
v -0.000009 0.552694 0.788027
v 0.027547 0.552694 0.788027
v -0.000009 0.551910 0.785442
v 0.027547 0.551910 0.785442
v -0.000009 0.550637 0.783060
v 0.027547 0.550637 0.783060
v -0.000009 0.548924 0.780972
v 0.027547 0.548924 0.780972
v -0.000009 0.546836 0.779258
v 0.027547 0.546836 0.779258
v -0.000009 0.544454 0.777985
v 0.027547 0.544454 0.777985
v -0.000009 0.541869 0.777201
v 0.027547 0.541869 0.777201
v 0.020187 0.539181 0.776936
v 0.020187 0.536493 0.777201
v 0.020187 0.533908 0.777985
v 0.020187 0.531526 0.779258
v 0.020187 0.529439 0.780972
v 0.020187 0.527725 0.783060
v 0.020187 0.526452 0.785442
v 0.020187 0.525668 0.788027
v 0.020187 0.525403 0.790715
v 0.020187 0.525668 0.793402
v 0.020187 0.526452 0.795987
v 0.020187 0.527725 0.798369
v 0.020187 0.529439 0.800457
v 0.020187 0.531526 0.802171
v 0.020187 0.533908 0.803444
v 0.020187 0.536493 0.804228
v 0.020187 0.539181 0.804493
v 0.020187 0.541869 0.804228
v 0.020187 0.544454 0.803444
v 0.020187 0.546836 0.802171
v 0.020187 0.548924 0.800457
v 0.020187 0.550637 0.798369
v 0.020187 0.551910 0.795987
v 0.020187 0.552694 0.793402
v 0.020187 0.552959 0.790715
v 0.020187 0.552694 0.788027
v 0.020187 0.551910 0.785442
v 0.020187 0.550637 0.783060
v 0.020187 0.548924 0.780972
v 0.020187 0.546836 0.779258
v 0.020187 0.544454 0.777985
v 0.020187 0.541869 0.777201
v 0.016205 0.536493 0.777201
v 0.016205 0.533908 0.777985
v 0.016205 0.531526 0.779258
v 0.016205 0.529439 0.780972
v 0.016205 0.527725 0.783060
v 0.016205 0.526452 0.785442
v 0.016205 0.525668 0.788027
v 0.016205 0.525403 0.790715
v 0.016205 0.525668 0.793402
v 0.016205 0.526452 0.795987
v 0.016205 0.527725 0.798369
v 0.016205 0.529439 0.800457
v 0.016205 0.531526 0.802171
v 0.016205 0.533908 0.803444
v 0.016205 0.536493 0.804228
v 0.016205 0.539181 0.804493
v 0.016205 0.541869 0.804228
v 0.016205 0.544454 0.803444
v 0.016205 0.546836 0.802171
v 0.016205 0.548924 0.800457
v 0.016205 0.550637 0.798369
v 0.016205 0.551910 0.795987
v 0.016205 0.552694 0.793402
v 0.016205 0.552959 0.790715
v 0.016205 0.552694 0.788027
v 0.016205 0.551910 0.785442
v 0.016205 0.550637 0.783060
v 0.016205 0.548924 0.780972
v 0.016205 0.546836 0.779258
v 0.016205 0.544454 0.777985
v 0.016205 0.541869 0.777201
v 0.016205 0.539181 0.776936
v 0.020187 0.539181 0.776936
v 0.020187 0.541869 0.777201
v 0.020187 0.544454 0.777985
v 0.020187 0.546836 0.779258
v 0.020187 0.548924 0.780972
v 0.020187 0.550637 0.783060
v 0.020187 0.551910 0.785442
v 0.020187 0.552694 0.788027
v 0.020187 0.552959 0.790715
v 0.020187 0.552694 0.793402
v 0.020187 0.551910 0.795987
v 0.020187 0.550637 0.798369
v 0.020187 0.548924 0.800457
v 0.020187 0.546836 0.802171
v 0.020187 0.544454 0.803444
v 0.020187 0.541869 0.804228
v 0.020187 0.539181 0.804493
v 0.020187 0.536493 0.804228
v 0.020187 0.533908 0.803444
v 0.020187 0.531526 0.802171
v 0.020187 0.529439 0.800457
v 0.020187 0.527725 0.798369
v 0.020187 0.526452 0.795987
v 0.020187 0.525668 0.793402
v 0.020187 0.525403 0.790715
v 0.020187 0.525668 0.788027
v 0.020187 0.526452 0.785442
v 0.020187 0.527725 0.783060
v 0.020187 0.529439 0.780972
v 0.020187 0.531526 0.779258
v 0.020187 0.533908 0.777985
v 0.020187 0.536493 0.777201
v 0.016205 0.536493 0.777201
v 0.016205 0.533908 0.777985
v 0.016205 0.531526 0.779258
v 0.016205 0.529439 0.780972
v 0.016205 0.527725 0.783060
v 0.016205 0.526452 0.785442
v 0.016205 0.525668 0.788027
v 0.016205 0.525403 0.790715
v 0.016205 0.525668 0.793402
v 0.016205 0.526452 0.795987
v 0.016205 0.527725 0.798369
v 0.016205 0.529439 0.800457
v 0.016205 0.531526 0.802171
v 0.016205 0.533908 0.803444
v 0.016205 0.536493 0.804228
v 0.016205 0.539181 0.804493
v 0.016205 0.541869 0.804228
v 0.016205 0.544454 0.803444
v 0.016205 0.546836 0.802171
v 0.016205 0.548924 0.800457
v 0.016205 0.550637 0.798369
v 0.016205 0.551910 0.795987
v 0.016205 0.552694 0.793402
v 0.016205 0.552959 0.790715
v 0.016205 0.552694 0.788027
v 0.016205 0.551910 0.785442
v 0.016205 0.550637 0.783060
v 0.016205 0.548924 0.780972
v 0.016205 0.546836 0.779258
v 0.016205 0.544454 0.777985
v 0.016205 0.541869 0.777201
v 0.016205 0.539181 0.776936
v 0.016205 0.536331 0.776388
v 0.016205 0.533591 0.777219
v 0.016205 0.531066 0.778569
v 0.016205 0.528852 0.780386
v 0.016205 0.527036 0.782599
v 0.016205 0.525686 0.785125
v 0.016205 0.524855 0.787865
v 0.016205 0.524574 0.790715
v 0.016205 0.524855 0.793564
v 0.016205 0.525686 0.796304
v 0.016205 0.527036 0.798830
v 0.016205 0.528852 0.801043
v 0.016205 0.531066 0.802860
v 0.016205 0.533591 0.804210
v 0.016205 0.536331 0.805041
v 0.016205 0.539181 0.805322
v 0.016205 0.542031 0.805041
v 0.016205 0.544771 0.804210
v 0.016205 0.547296 0.802860
v 0.016205 0.549510 0.801043
v 0.016205 0.551326 0.798830
v 0.016205 0.552676 0.796304
v 0.016205 0.553508 0.793564
v 0.016205 0.553788 0.790715
v 0.016205 0.553508 0.787865
v 0.016205 0.552676 0.785125
v 0.016205 0.551326 0.782599
v 0.016205 0.549510 0.780386
v 0.016205 0.547296 0.778569
v 0.016205 0.544771 0.777219
v 0.016205 0.542031 0.776388
v 0.016205 0.539181 0.776107
v 0.020187 0.533810 0.777748
v 0.019618 0.533591 0.777219
v 0.020110 0.533701 0.777485
v 0.019902 0.533621 0.777291
v 0.020187 0.531384 0.779045
v 0.019618 0.531066 0.778569
v 0.020110 0.531225 0.778808
v 0.019902 0.531109 0.778634
v 0.020187 0.529257 0.780790
v 0.019618 0.528852 0.780386
v 0.020110 0.529055 0.780589
v 0.019902 0.528907 0.780441
v 0.020187 0.527511 0.782917
v 0.019618 0.527036 0.782599
v 0.020110 0.527274 0.782759
v 0.019902 0.527100 0.782642
v 0.020187 0.526214 0.785344
v 0.019618 0.525686 0.785125
v 0.020110 0.525951 0.785235
v 0.019902 0.525758 0.785154
v 0.020187 0.525416 0.787976
v 0.019618 0.524855 0.787865
v 0.020110 0.525136 0.787921
v 0.019902 0.524931 0.787880
v 0.020187 0.525146 0.790715
v 0.019618 0.524574 0.790715
v 0.020110 0.524861 0.790715
v 0.019902 0.524652 0.790715
v 0.020187 0.525416 0.793453
v 0.019618 0.524855 0.793564
v 0.020110 0.525136 0.793508
v 0.019902 0.524931 0.793549
v 0.020187 0.526214 0.796086
v 0.019618 0.525686 0.796304
v 0.020110 0.525951 0.796195
v 0.019902 0.525758 0.796275
v 0.020187 0.527511 0.798512
v 0.019618 0.527036 0.798830
v 0.020110 0.527274 0.798670
v 0.019902 0.527100 0.798787
v 0.020187 0.529257 0.800639
v 0.019618 0.528852 0.801043
v 0.020110 0.529055 0.800840
v 0.019902 0.528907 0.800988
v 0.020187 0.531384 0.802384
v 0.019618 0.531066 0.802860
v 0.020110 0.531225 0.802621
v 0.019902 0.531109 0.802795
v 0.020187 0.533810 0.803681
v 0.019618 0.533591 0.804210
v 0.020110 0.533701 0.803945
v 0.019902 0.533621 0.804138
v 0.020187 0.536443 0.804480
v 0.019618 0.536331 0.805041
v 0.020110 0.536387 0.804759
v 0.019902 0.536347 0.804965
v 0.020187 0.539181 0.804750
v 0.019618 0.539181 0.805322
v 0.020110 0.539181 0.805035
v 0.019902 0.539181 0.805244
v 0.020187 0.541919 0.804480
v 0.019618 0.542031 0.805041
v 0.020110 0.541975 0.804759
v 0.019902 0.542016 0.804965
v 0.020187 0.544552 0.803681
v 0.019618 0.544771 0.804210
v 0.020110 0.544661 0.803945
v 0.019902 0.544741 0.804138
v 0.020187 0.546979 0.802384
v 0.019618 0.547296 0.802860
v 0.020110 0.547137 0.802621
v 0.019902 0.547253 0.802795
v 0.020187 0.549105 0.800639
v 0.019618 0.549510 0.801043
v 0.020110 0.549307 0.800840
v 0.019902 0.549455 0.800988
v 0.020187 0.550851 0.798512
v 0.019618 0.551326 0.798830
v 0.020110 0.551088 0.798670
v 0.019902 0.551262 0.798787
v 0.020187 0.552148 0.796086
v 0.019618 0.552676 0.796304
v 0.020110 0.552411 0.796195
v 0.019902 0.552604 0.796275
v 0.020187 0.552947 0.793453
v 0.019618 0.553508 0.793564
v 0.020110 0.553226 0.793508
v 0.019902 0.553431 0.793549
v 0.020187 0.553216 0.790715
v 0.019618 0.553788 0.790715
v 0.020110 0.553501 0.790715
v 0.019902 0.553710 0.790715
v 0.020187 0.552947 0.787976
v 0.019618 0.553508 0.787865
v 0.020110 0.553226 0.787921
v 0.019902 0.553431 0.787880
v 0.020187 0.552148 0.785344
v 0.019618 0.552676 0.785125
v 0.020110 0.552411 0.785235
v 0.019902 0.552604 0.785154
v 0.020187 0.550851 0.782917
v 0.019618 0.551326 0.782599
v 0.020110 0.551088 0.782759
v 0.019902 0.551262 0.782642
v 0.020187 0.549105 0.780790
v 0.019618 0.549510 0.780386
v 0.020110 0.549307 0.780589
v 0.019902 0.549455 0.780441
v 0.020187 0.546979 0.779045
v 0.019618 0.547296 0.778569
v 0.020110 0.547137 0.778808
v 0.019902 0.547253 0.778634
v 0.020187 0.544552 0.777748
v 0.019618 0.544771 0.777219
v 0.020110 0.544661 0.777485
v 0.019902 0.544741 0.777291
v 0.020187 0.541919 0.776949
v 0.019618 0.542031 0.776388
v 0.020110 0.541975 0.776670
v 0.019902 0.542016 0.776464
v 0.020187 0.539181 0.776679
v 0.019618 0.539181 0.776107
v 0.020110 0.539181 0.776395
v 0.019902 0.539181 0.776185
v 0.019104 0.539181 0.775538
v 0.019618 0.539181 0.776107
v 0.019152 0.539181 0.775822
v 0.019340 0.539181 0.776030
v 0.016607 0.539181 0.807034
v 0.016094 0.539181 0.806464
v 0.016330 0.539181 0.806956
v 0.016142 0.539181 0.806748
v 0.019160 0.539181 0.806464
v 0.018646 0.539181 0.807034
v 0.019111 0.539181 0.806748
v 0.018923 0.539181 0.806956
v 0.016607 0.535997 0.806720
v 0.016094 0.536108 0.806162
v 0.016330 0.536013 0.806644
v 0.016142 0.536053 0.806440
v 0.019160 0.536108 0.806162
v 0.018646 0.535997 0.806720
v 0.019111 0.536053 0.806440
v 0.018923 0.536013 0.806644
v 0.016607 0.532936 0.805791
v 0.016094 0.533154 0.805265
v 0.016330 0.532966 0.805720
v 0.016142 0.533045 0.805527
v 0.019160 0.533154 0.805265
v 0.018646 0.532936 0.805791
v 0.019111 0.533045 0.805527
v 0.018923 0.532966 0.805720
v 0.016607 0.530115 0.804283
v 0.016094 0.530431 0.803810
v 0.016330 0.530158 0.804219
v 0.016142 0.530273 0.804046
v 0.019160 0.530431 0.803810
v 0.018646 0.530115 0.804283
v 0.019111 0.530273 0.804046
v 0.018923 0.530158 0.804219
v 0.016607 0.527642 0.802254
v 0.016094 0.528044 0.801851
v 0.016330 0.527696 0.802199
v 0.016142 0.527844 0.802052
v 0.019160 0.528044 0.801851
v 0.018646 0.527642 0.802254
v 0.019111 0.527844 0.802052
v 0.018923 0.527696 0.802199
v 0.016607 0.525612 0.799781
v 0.016094 0.526086 0.799465
v 0.016330 0.525677 0.799738
v 0.016142 0.525850 0.799622
v 0.019160 0.526086 0.799465
v 0.018646 0.525612 0.799781
v 0.019111 0.525850 0.799622
v 0.018923 0.525677 0.799738
v 0.016607 0.524104 0.796960
v 0.016094 0.524630 0.796742
v 0.016330 0.524176 0.796930
v 0.016142 0.524368 0.796850
v 0.019160 0.524630 0.796742
v 0.018646 0.524104 0.796960
v 0.019111 0.524368 0.796850
v 0.018923 0.524176 0.796930
v 0.016607 0.523176 0.793898
v 0.016094 0.523734 0.793787
v 0.016330 0.523251 0.793883
v 0.016142 0.523456 0.793842
v 0.019160 0.523734 0.793787
v 0.018646 0.523176 0.793898
v 0.019111 0.523456 0.793842
v 0.018923 0.523251 0.793883
v 0.016607 0.522862 0.790715
v 0.016094 0.523431 0.790715
v 0.016330 0.522939 0.790715
v 0.016142 0.523148 0.790715
v 0.019160 0.523431 0.790715
v 0.018646 0.522862 0.790715
v 0.019111 0.523148 0.790715
v 0.018923 0.522939 0.790715
v 0.016607 0.523176 0.787531
v 0.016094 0.523734 0.787642
v 0.016330 0.523251 0.787546
v 0.016142 0.523456 0.787587
v 0.019160 0.523734 0.787642
v 0.018646 0.523176 0.787531
v 0.019111 0.523456 0.787587
v 0.018923 0.523251 0.787546
v 0.016607 0.524104 0.784469
v 0.016094 0.524630 0.784687
v 0.016330 0.524176 0.784499
v 0.016142 0.524368 0.784579
v 0.019160 0.524630 0.784687
v 0.018646 0.524104 0.784469
v 0.019111 0.524368 0.784579
v 0.018923 0.524176 0.784499
v 0.016607 0.525612 0.781648
v 0.016094 0.526086 0.781964
v 0.016330 0.525677 0.781691
v 0.016142 0.525850 0.781807
v 0.019160 0.526086 0.781964
v 0.018646 0.525612 0.781648
v 0.019111 0.525850 0.781807
v 0.018923 0.525677 0.781691
v 0.016607 0.527642 0.779175
v 0.016094 0.528044 0.779578
v 0.016330 0.527696 0.779230
v 0.016142 0.527844 0.779377
v 0.019160 0.528044 0.779578
v 0.018646 0.527642 0.779175
v 0.019111 0.527844 0.779377
v 0.018923 0.527696 0.779230
v 0.016607 0.530115 0.777146
v 0.016094 0.530431 0.777619
v 0.016330 0.530158 0.777210
v 0.016142 0.530273 0.777383
v 0.019160 0.530431 0.777619
v 0.018646 0.530115 0.777146
v 0.019111 0.530273 0.777383
v 0.018923 0.530158 0.777210
v 0.016607 0.532936 0.775638
v 0.016094 0.533154 0.776164
v 0.016330 0.532966 0.775709
v 0.016142 0.533045 0.775902
v 0.019160 0.533154 0.776164
v 0.018646 0.532936 0.775638
v 0.019111 0.533045 0.775902
v 0.018923 0.532966 0.775709
v 0.016607 0.535997 0.774709
v 0.016094 0.536108 0.775267
v 0.016330 0.536013 0.774785
v 0.016142 0.536053 0.774989
v 0.019160 0.536108 0.775267
v 0.018646 0.535997 0.774709
v 0.019111 0.536053 0.774989
v 0.018923 0.536013 0.774785
v 0.019618 0.536331 0.776388
v 0.020187 0.536443 0.776949
v 0.019902 0.536347 0.776464
v 0.020110 0.536387 0.776670
v 0.019618 0.536331 0.776388
v 0.019104 0.536220 0.775830
v 0.019340 0.536316 0.776312
v 0.019152 0.536276 0.776108
v 0.019618 0.533591 0.777219
v 0.019104 0.533373 0.776694
v 0.019340 0.533562 0.777148
v 0.019152 0.533482 0.776956
v 0.019618 0.531066 0.778569
v 0.019104 0.530750 0.778096
v 0.019340 0.531023 0.778505
v 0.019152 0.530907 0.778332
v 0.019618 0.528852 0.780386
v 0.019104 0.528450 0.779983
v 0.019340 0.528798 0.780331
v 0.019152 0.528650 0.780184
v 0.019618 0.527036 0.782599
v 0.019104 0.526563 0.782283
v 0.019340 0.526972 0.782556
v 0.019152 0.526798 0.782441
v 0.019618 0.525686 0.785125
v 0.019104 0.525160 0.784907
v 0.019340 0.525615 0.785095
v 0.019152 0.525422 0.785015
v 0.019618 0.524855 0.787865
v 0.019104 0.524296 0.787754
v 0.019340 0.524779 0.787850
v 0.019152 0.524575 0.787809
v 0.019618 0.524574 0.790715
v 0.019104 0.524005 0.790715
v 0.019340 0.524497 0.790715
v 0.019152 0.524288 0.790715
v 0.019618 0.524855 0.793564
v 0.019104 0.524296 0.793675
v 0.019340 0.524779 0.793579
v 0.019152 0.524575 0.793620
v 0.019618 0.525686 0.796304
v 0.019104 0.525160 0.796522
v 0.019340 0.525615 0.796334
v 0.019152 0.525422 0.796414
v 0.019618 0.527036 0.798830
v 0.019104 0.526563 0.799146
v 0.019340 0.526972 0.798873
v 0.019152 0.526798 0.798988
v 0.019618 0.528852 0.801043
v 0.019104 0.528450 0.801446
v 0.019340 0.528798 0.801098
v 0.019152 0.528650 0.801245
v 0.019618 0.531066 0.802860
v 0.019104 0.530750 0.803333
v 0.019340 0.531023 0.802924
v 0.019152 0.530907 0.803097
v 0.019618 0.533591 0.804210
v 0.019104 0.533373 0.804736
v 0.019340 0.533562 0.804281
v 0.019152 0.533482 0.804474
v 0.019618 0.536331 0.805041
v 0.019104 0.536220 0.805599
v 0.019340 0.536316 0.805117
v 0.019152 0.536276 0.805321
v 0.019618 0.539181 0.805322
v 0.019104 0.539181 0.805891
v 0.019340 0.539181 0.805399
v 0.019152 0.539181 0.805607
v 0.019618 0.542031 0.805041
v 0.019104 0.542142 0.805599
v 0.019340 0.542046 0.805117
v 0.019152 0.542086 0.805321
v 0.019618 0.544771 0.804210
v 0.019104 0.544989 0.804736
v 0.019340 0.544801 0.804281
v 0.019152 0.544880 0.804474
v 0.019618 0.547296 0.802860
v 0.019104 0.547613 0.803333
v 0.019340 0.547339 0.802924
v 0.019152 0.547455 0.803097
v 0.019618 0.549510 0.801043
v 0.019104 0.549912 0.801446
v 0.019340 0.549565 0.801098
v 0.019152 0.549712 0.801245
v 0.019618 0.551326 0.798830
v 0.019104 0.551800 0.799146
v 0.019340 0.551391 0.798873
v 0.019152 0.551564 0.798988
v 0.019618 0.552676 0.796304
v 0.019104 0.553202 0.796522
v 0.019340 0.552748 0.796334
v 0.019152 0.552940 0.796414
v 0.019618 0.553508 0.793564
v 0.019104 0.554066 0.793675
v 0.019340 0.553583 0.793579
v 0.019152 0.553788 0.793620
v 0.019618 0.553788 0.790715
v 0.019104 0.554357 0.790715
v 0.019340 0.553865 0.790715
v 0.019152 0.554074 0.790715
v 0.019618 0.553508 0.787865
v 0.019104 0.554066 0.787754
v 0.019340 0.553583 0.787850
v 0.019152 0.553788 0.787809
v 0.019618 0.552676 0.785125
v 0.019104 0.553202 0.784907
v 0.019340 0.552748 0.785095
v 0.019152 0.552940 0.785015
v 0.019618 0.551326 0.782599
v 0.019104 0.551800 0.782283
v 0.019340 0.551391 0.782556
v 0.019152 0.551564 0.782441
v 0.019618 0.549510 0.780386
v 0.019104 0.549912 0.779983
v 0.019340 0.549565 0.780331
v 0.019152 0.549712 0.780184
v 0.019618 0.547296 0.778569
v 0.019104 0.547613 0.778096
v 0.019340 0.547339 0.778505
v 0.019152 0.547455 0.778332
v 0.019618 0.544771 0.777219
v 0.019104 0.544989 0.776694
v 0.019340 0.544801 0.777148
v 0.019152 0.544880 0.776956
v 0.019618 0.542031 0.776388
v 0.019104 0.542142 0.775830
v 0.019340 0.542046 0.776312
v 0.019152 0.542086 0.776108
v 0.019160 0.542254 0.806162
v 0.018646 0.542365 0.806720
v 0.019111 0.542309 0.806440
v 0.018923 0.542350 0.806644
v 0.016607 0.542365 0.806720
v 0.016094 0.542254 0.806162
v 0.016330 0.542350 0.806644
v 0.016142 0.542309 0.806440
v 0.019160 0.545208 0.805265
v 0.018646 0.545426 0.805791
v 0.019111 0.545317 0.805527
v 0.018923 0.545397 0.805720
v 0.016607 0.545426 0.805791
v 0.016094 0.545208 0.805265
v 0.016330 0.545397 0.805720
v 0.016142 0.545317 0.805527
v 0.019160 0.547931 0.803810
v 0.018646 0.548247 0.804283
v 0.019111 0.548089 0.804046
v 0.018923 0.548205 0.804219
v 0.016607 0.548247 0.804283
v 0.016094 0.547931 0.803810
v 0.016330 0.548205 0.804219
v 0.016142 0.548089 0.804046
v 0.019160 0.550318 0.801851
v 0.018646 0.550720 0.802254
v 0.019111 0.550518 0.802052
v 0.018923 0.550666 0.802199
v 0.016607 0.550720 0.802254
v 0.016094 0.550318 0.801851
v 0.016330 0.550666 0.802199
v 0.016142 0.550518 0.802052
v 0.019160 0.552277 0.799465
v 0.018646 0.552750 0.799781
v 0.019111 0.552512 0.799622
v 0.018923 0.552686 0.799738
v 0.016607 0.552750 0.799781
v 0.016094 0.552277 0.799465
v 0.016330 0.552686 0.799738
v 0.016142 0.552512 0.799622
v 0.019160 0.553732 0.796742
v 0.018646 0.554258 0.796960
v 0.019111 0.553994 0.796850
v 0.018923 0.554187 0.796930
v 0.016607 0.554258 0.796960
v 0.016094 0.553732 0.796742
v 0.016330 0.554187 0.796930
v 0.016142 0.553994 0.796850
v 0.019160 0.554628 0.793787
v 0.018646 0.555187 0.793898
v 0.019111 0.554906 0.793842
v 0.018923 0.555111 0.793883
v 0.016607 0.555187 0.793898
v 0.016094 0.554628 0.793787
v 0.016330 0.555111 0.793883
v 0.016142 0.554906 0.793842
v 0.019160 0.554931 0.790715
v 0.018646 0.555500 0.790715
v 0.019111 0.555215 0.790715
v 0.018923 0.555423 0.790715
v 0.016607 0.555500 0.790715
v 0.016094 0.554931 0.790715
v 0.016330 0.555423 0.790715
v 0.016142 0.555215 0.790715
v 0.019160 0.554628 0.787642
v 0.018646 0.555187 0.787531
v 0.019111 0.554906 0.787587
v 0.018923 0.555111 0.787546
v 0.016607 0.555187 0.787531
v 0.016094 0.554628 0.787642
v 0.016330 0.555111 0.787546
v 0.016142 0.554906 0.787587
v 0.019160 0.553732 0.784687
v 0.018646 0.554258 0.784469
v 0.019111 0.553994 0.784579
v 0.018923 0.554187 0.784499
v 0.016607 0.554258 0.784469
v 0.016094 0.553732 0.784687
v 0.016330 0.554187 0.784499
v 0.016142 0.553994 0.784579
v 0.019160 0.552277 0.781964
v 0.018646 0.552750 0.781648
v 0.019111 0.552512 0.781807
v 0.018923 0.552686 0.781691
v 0.016607 0.552750 0.781648
v 0.016094 0.552277 0.781964
v 0.016330 0.552686 0.781691
v 0.016142 0.552512 0.781807
v 0.019160 0.550318 0.779578
v 0.018646 0.550720 0.779175
v 0.019111 0.550518 0.779377
v 0.018923 0.550666 0.779230
v 0.016607 0.550720 0.779175
v 0.016094 0.550318 0.779578
v 0.016330 0.550666 0.779230
v 0.016142 0.550518 0.779377
v 0.019160 0.547931 0.777619
v 0.018646 0.548247 0.777146
v 0.019111 0.548089 0.777383
v 0.018923 0.548205 0.777210
v 0.016607 0.548247 0.777146
v 0.016094 0.547931 0.777619
v 0.016330 0.548205 0.777210
v 0.016142 0.548089 0.777383
v 0.019160 0.545208 0.776164
v 0.018646 0.545426 0.775638
v 0.019111 0.545317 0.775902
v 0.018923 0.545397 0.775709
v 0.016607 0.545426 0.775638
v 0.016094 0.545208 0.776164
v 0.016330 0.545397 0.775709
v 0.016142 0.545317 0.775902
v 0.019160 0.542254 0.775267
v 0.018646 0.542365 0.774709
v 0.019111 0.542309 0.774989
v 0.018923 0.542350 0.774785
v 0.016607 0.542365 0.774709
v 0.016094 0.542254 0.775267
v 0.016330 0.542350 0.774785
v 0.016142 0.542309 0.774989
v 0.016094 0.539181 0.774965
v 0.016607 0.539181 0.774396
v 0.016142 0.539181 0.774681
v 0.016330 0.539181 0.774473
v 0.018646 0.539181 0.774396
v 0.019160 0.539181 0.774965
v 0.018923 0.539181 0.774473
v 0.019111 0.539181 0.774681
v 0.014071 0.536493 0.777201
v 0.014071 0.533908 0.777985
v 0.014071 0.531526 0.779258
v 0.014071 0.529439 0.780972
v 0.014071 0.527725 0.783060
v 0.014071 0.526452 0.785442
v 0.014071 0.525668 0.788027
v 0.014071 0.525403 0.790715
v 0.014071 0.525668 0.793402
v 0.014071 0.526452 0.795987
v 0.014071 0.527725 0.798369
v 0.014071 0.529439 0.800457
v 0.014071 0.531526 0.802171
v 0.014071 0.533908 0.803444
v 0.014071 0.536493 0.804228
v 0.014071 0.539181 0.804493
v 0.014071 0.541869 0.804228
v 0.014071 0.544454 0.803444
v 0.014071 0.546836 0.802171
v 0.014071 0.548924 0.800457
v 0.014071 0.550637 0.798369
v 0.014071 0.551910 0.795987
v 0.014071 0.552694 0.793402
v 0.014071 0.552959 0.790715
v 0.014071 0.552694 0.788027
v 0.014071 0.551910 0.785442
v 0.014071 0.550637 0.783060
v 0.014071 0.548924 0.780972
v 0.014071 0.546836 0.779258
v 0.014071 0.544454 0.777985
v 0.014071 0.541869 0.777201
v 0.014071 0.539181 0.776936
v 0.007269 0.536493 0.777201
v 0.007269 0.533908 0.777985
v 0.007269 0.531526 0.779258
v 0.007269 0.529439 0.780972
v 0.007269 0.527725 0.783060
v 0.007269 0.526452 0.785442
v 0.007269 0.525668 0.788027
v 0.007269 0.525403 0.790715
v 0.007269 0.525668 0.793402
v 0.007269 0.526452 0.795987
v 0.007269 0.527725 0.798369
v 0.007269 0.529439 0.800457
v 0.007269 0.531526 0.802171
v 0.007269 0.533908 0.803444
v 0.007269 0.536493 0.804228
v 0.007269 0.539181 0.804493
v 0.007269 0.541869 0.804228
v 0.007269 0.544454 0.803444
v 0.007269 0.546836 0.802171
v 0.007269 0.548924 0.800457
v 0.007269 0.550637 0.798369
v 0.007269 0.551910 0.795987
v 0.007269 0.552694 0.793402
v 0.007269 0.552959 0.790715
v 0.007269 0.552694 0.788027
v 0.007269 0.551910 0.785442
v 0.007269 0.550637 0.783060
v 0.007269 0.548924 0.780972
v 0.007269 0.546836 0.779258
v 0.007269 0.544454 0.777985
v 0.007269 0.541869 0.777201
v 0.007269 0.539181 0.776936
v 0.007269 0.539181 0.775963
v 0.007269 0.536303 0.776247
v 0.007269 0.533536 0.777086
v 0.007269 0.530986 0.778449
v 0.007269 0.528751 0.780284
v 0.007269 0.526916 0.782519
v 0.007269 0.525553 0.785070
v 0.007269 0.524714 0.787837
v 0.007269 0.524430 0.790715
v 0.007269 0.524714 0.793592
v 0.007269 0.525553 0.796360
v 0.007269 0.526916 0.798910
v 0.007269 0.528751 0.801145
v 0.007269 0.530986 0.802980
v 0.007269 0.533536 0.804343
v 0.007269 0.536303 0.805182
v 0.007269 0.539181 0.805466
v 0.007269 0.542059 0.805182
v 0.007269 0.544826 0.804343
v 0.007269 0.547376 0.802980
v 0.007269 0.549612 0.801145
v 0.007269 0.551446 0.798910
v 0.007269 0.552809 0.796360
v 0.007269 0.553649 0.793592
v 0.007269 0.553932 0.790715
v 0.007269 0.553649 0.787837
v 0.007269 0.552809 0.785070
v 0.007269 0.551446 0.782519
v 0.007269 0.549612 0.780284
v 0.007269 0.547376 0.778449
v 0.007269 0.544826 0.777086
v 0.007269 0.542059 0.776247
v 0.012158 0.546663 0.772651
v 0.012796 0.546418 0.773243
v 0.012477 0.546630 0.772732
v 0.012710 0.546540 0.772948
v 0.012158 0.550043 0.774458
v 0.012796 0.549687 0.774991
v 0.012477 0.549995 0.774530
v 0.012710 0.549865 0.774725
v 0.012158 0.553006 0.776890
v 0.012796 0.552553 0.777343
v 0.012477 0.552945 0.776951
v 0.012710 0.552779 0.777117
v 0.012158 0.555438 0.779852
v 0.012796 0.554905 0.780208
v 0.012477 0.555365 0.779901
v 0.012710 0.555170 0.780031
v 0.012158 0.557244 0.783233
v 0.012796 0.556652 0.783478
v 0.012477 0.557164 0.783266
v 0.012710 0.556947 0.783356
v 0.012158 0.558357 0.786900
v 0.012796 0.557728 0.787025
v 0.012477 0.558272 0.786917
v 0.012710 0.558042 0.786963
v 0.012158 0.558733 0.790715
v 0.012796 0.558092 0.790715
v 0.012477 0.558646 0.790715
v 0.012710 0.558411 0.790715
v 0.012158 0.558357 0.794529
v 0.012796 0.557728 0.794404
v 0.012477 0.558272 0.794512
v 0.012710 0.558042 0.794466
v 0.012158 0.557244 0.798196
v 0.012796 0.556652 0.797951
v 0.012477 0.557164 0.798163
v 0.012710 0.556947 0.798074
v 0.012158 0.555438 0.801577
v 0.012796 0.554905 0.801221
v 0.012477 0.555365 0.801528
v 0.012710 0.555170 0.801398
v 0.012158 0.553006 0.804540
v 0.012796 0.552553 0.804086
v 0.012477 0.552945 0.804478
v 0.012710 0.552779 0.804312
v 0.012158 0.550043 0.806971
v 0.012796 0.549687 0.806438
v 0.012477 0.549995 0.806899
v 0.012710 0.549865 0.806704
v 0.012158 0.546663 0.808778
v 0.012796 0.546418 0.808186
v 0.012477 0.546630 0.808697
v 0.012710 0.546540 0.808481
v 0.012158 0.542995 0.809890
v 0.012796 0.542870 0.809262
v 0.012477 0.542978 0.809805
v 0.012710 0.542933 0.809575
v 0.012158 0.539181 0.810266
v 0.012796 0.539181 0.809625
v 0.012477 0.539181 0.810179
v 0.012710 0.539181 0.809944
v 0.012158 0.535367 0.809890
v 0.012796 0.535492 0.809262
v 0.012477 0.535384 0.809805
v 0.012710 0.535430 0.809575
v 0.012158 0.531699 0.808778
v 0.012796 0.531944 0.808186
v 0.012477 0.531732 0.808697
v 0.012710 0.531822 0.808481
v 0.012158 0.528319 0.806971
v 0.012796 0.528675 0.806438
v 0.012477 0.528367 0.806899
v 0.012710 0.528498 0.806704
v 0.012158 0.525356 0.804540
v 0.012796 0.525809 0.804086
v 0.012477 0.525418 0.804478
v 0.012710 0.525584 0.804312
v 0.012158 0.522925 0.801577
v 0.012796 0.523458 0.801221
v 0.012477 0.522997 0.801528
v 0.012710 0.523192 0.801398
v 0.012158 0.521118 0.798196
v 0.012796 0.521710 0.797951
v 0.012477 0.521198 0.798163
v 0.012710 0.521415 0.798074
v 0.012158 0.520005 0.794529
v 0.012796 0.520634 0.794404
v 0.012477 0.520091 0.794512
v 0.012710 0.520321 0.794466
v 0.012158 0.519630 0.790715
v 0.012796 0.520271 0.790715
v 0.012477 0.519717 0.790715
v 0.012710 0.519951 0.790715
v 0.012158 0.520005 0.786900
v 0.012796 0.520634 0.787025
v 0.012477 0.520091 0.786917
v 0.012710 0.520321 0.786963
v 0.012158 0.521118 0.783233
v 0.012796 0.521710 0.783478
v 0.012477 0.521198 0.783266
v 0.012710 0.521415 0.783356
v 0.012158 0.522925 0.779852
v 0.012796 0.523458 0.780208
v 0.012477 0.522997 0.779901
v 0.012710 0.523192 0.780031
v 0.012158 0.525356 0.776890
v 0.012796 0.525809 0.777343
v 0.012477 0.525418 0.776951
v 0.012710 0.525584 0.777117
v 0.012158 0.528319 0.774458
v 0.012796 0.528675 0.774991
v 0.012477 0.528367 0.774530
v 0.012710 0.528498 0.774725
v 0.012158 0.531699 0.772651
v 0.012796 0.531944 0.773243
v 0.012477 0.531732 0.772732
v 0.012710 0.531822 0.772948
v 0.012158 0.535367 0.771539
v 0.012796 0.535492 0.772167
v 0.012477 0.535384 0.771624
v 0.012710 0.535430 0.771854
v 0.012158 0.539181 0.771163
v 0.012796 0.539181 0.771804
v 0.012477 0.539181 0.771250
v 0.012710 0.539181 0.771485
v 0.007907 0.539181 0.771163
v 0.007269 0.539181 0.771804
v 0.007588 0.539181 0.771250
v 0.007355 0.539181 0.771485
v 0.012796 0.539181 0.775323
v 0.013433 0.539181 0.775963
v 0.012881 0.539181 0.775642
v 0.013114 0.539181 0.775877
v 0.014071 0.539181 0.776604
v 0.013433 0.539181 0.775963
v 0.013986 0.539181 0.776285
v 0.013752 0.539181 0.776050
v 0.013433 0.542059 0.776247
v 0.014071 0.541934 0.776875
v 0.013752 0.542042 0.776332
v 0.013986 0.541996 0.776562
v 0.013433 0.544826 0.777086
v 0.014071 0.544581 0.777678
v 0.013752 0.544793 0.777167
v 0.013986 0.544703 0.777383
v 0.013433 0.547376 0.778449
v 0.014071 0.547020 0.778982
v 0.013752 0.547328 0.778522
v 0.013986 0.547198 0.778717
v 0.013433 0.549612 0.780284
v 0.014071 0.549159 0.780737
v 0.013752 0.549550 0.780345
v 0.013986 0.549384 0.780511
v 0.013433 0.551446 0.782519
v 0.014071 0.550913 0.782875
v 0.013752 0.551374 0.782568
v 0.013986 0.551179 0.782698
v 0.013433 0.552809 0.785070
v 0.014071 0.552217 0.785315
v 0.013752 0.552729 0.785103
v 0.013986 0.552512 0.785193
v 0.013433 0.553649 0.787837
v 0.014071 0.553020 0.787962
v 0.013752 0.553563 0.787854
v 0.013986 0.553333 0.787899
v 0.013433 0.553932 0.790715
v 0.014071 0.553291 0.790715
v 0.013752 0.553845 0.790715
v 0.013986 0.553611 0.790715
v 0.013433 0.553649 0.793592
v 0.014071 0.553020 0.793467
v 0.013752 0.553563 0.793575
v 0.013986 0.553333 0.793530
v 0.013433 0.552809 0.796360
v 0.014071 0.552217 0.796114
v 0.013752 0.552729 0.796326
v 0.013986 0.552512 0.796236
v 0.013433 0.551446 0.798910
v 0.014071 0.550913 0.798554
v 0.013752 0.551374 0.798862
v 0.013986 0.551179 0.798731
v 0.013433 0.549612 0.801145
v 0.014071 0.549159 0.800692
v 0.013752 0.549550 0.801084
v 0.013986 0.549384 0.800918
v 0.013433 0.547376 0.802980
v 0.014071 0.547020 0.802447
v 0.013752 0.547328 0.802907
v 0.013986 0.547198 0.802712
v 0.013433 0.544826 0.804343
v 0.014071 0.544581 0.803751
v 0.013752 0.544793 0.804262
v 0.013986 0.544703 0.804046
v 0.013433 0.542059 0.805182
v 0.014071 0.541934 0.804554
v 0.013752 0.542042 0.805097
v 0.013986 0.541996 0.804867
v 0.013433 0.539181 0.805466
v 0.014071 0.539181 0.804825
v 0.013752 0.539181 0.805379
v 0.013986 0.539181 0.805144
v 0.013433 0.536303 0.805182
v 0.014071 0.536428 0.804554
v 0.013752 0.536320 0.805097
v 0.013986 0.536366 0.804867
v 0.013433 0.533536 0.804343
v 0.014071 0.533781 0.803751
v 0.013752 0.533569 0.804262
v 0.013986 0.533659 0.804046
v 0.013433 0.530986 0.802980
v 0.014071 0.531342 0.802447
v 0.013752 0.531034 0.802907
v 0.013986 0.531164 0.802712
v 0.013433 0.528751 0.801145
v 0.014071 0.529204 0.800692
v 0.013752 0.528812 0.801084
v 0.013986 0.528978 0.800918
v 0.013433 0.526916 0.798910
v 0.014071 0.527449 0.798554
v 0.013752 0.526988 0.798862
v 0.013986 0.527183 0.798731
v 0.013433 0.525553 0.796360
v 0.014071 0.526145 0.796114
v 0.013752 0.525633 0.796326
v 0.013986 0.525850 0.796236
v 0.013433 0.524714 0.793592
v 0.014071 0.525342 0.793467
v 0.013752 0.524799 0.793575
v 0.013986 0.525029 0.793530
v 0.013433 0.524430 0.790715
v 0.014071 0.525071 0.790715
v 0.013752 0.524517 0.790715
v 0.013986 0.524752 0.790715
v 0.013433 0.524714 0.787837
v 0.014071 0.525342 0.787962
v 0.013752 0.524799 0.787854
v 0.013986 0.525029 0.787899
v 0.013433 0.525553 0.785070
v 0.014071 0.526145 0.785315
v 0.013752 0.525633 0.785103
v 0.013986 0.525850 0.785193
v 0.013433 0.526916 0.782519
v 0.014071 0.527449 0.782875
v 0.013752 0.526988 0.782568
v 0.013986 0.527183 0.782698
v 0.013433 0.528751 0.780284
v 0.014071 0.529204 0.780737
v 0.013752 0.528812 0.780345
v 0.013986 0.528978 0.780511
v 0.013433 0.530986 0.778449
v 0.014071 0.531342 0.778982
v 0.013752 0.531034 0.778522
v 0.013986 0.531164 0.778717
v 0.013433 0.533536 0.777086
v 0.014071 0.533781 0.777678
v 0.013752 0.533569 0.777167
v 0.013986 0.533659 0.777383
v 0.013433 0.536303 0.776247
v 0.014071 0.536428 0.776875
v 0.013752 0.536320 0.776332
v 0.013986 0.536366 0.776562
v 0.013433 0.536303 0.776247
v 0.012796 0.536178 0.775618
v 0.013114 0.536286 0.776162
v 0.012881 0.536241 0.775932
v 0.013433 0.533536 0.777086
v 0.012796 0.533291 0.776494
v 0.013114 0.533503 0.777006
v 0.012881 0.533413 0.776789
v 0.013433 0.530986 0.778449
v 0.012796 0.530630 0.777917
v 0.013114 0.530938 0.778377
v 0.012881 0.530807 0.778182
v 0.013433 0.528751 0.780284
v 0.012796 0.528297 0.779831
v 0.013114 0.528689 0.780222
v 0.012881 0.528523 0.780057
v 0.013433 0.526916 0.782519
v 0.012796 0.526383 0.782163
v 0.013114 0.526844 0.782471
v 0.012881 0.526649 0.782341
v 0.013433 0.525553 0.785070
v 0.012796 0.524961 0.784824
v 0.013114 0.525473 0.785036
v 0.012881 0.525256 0.784947
v 0.013433 0.524714 0.787837
v 0.012796 0.524085 0.787712
v 0.013114 0.524628 0.787820
v 0.012881 0.524398 0.787774
v 0.013433 0.524430 0.790715
v 0.012796 0.523789 0.790715
v 0.013114 0.524343 0.790715
v 0.012881 0.524109 0.790715
v 0.013433 0.524714 0.793592
v 0.012796 0.524085 0.793717
v 0.013114 0.524628 0.793609
v 0.012881 0.524398 0.793655
v 0.013433 0.525553 0.796360
v 0.012796 0.524961 0.796605
v 0.013114 0.525473 0.796393
v 0.012881 0.525256 0.796483
v 0.013433 0.526916 0.798910
v 0.012796 0.526383 0.799266
v 0.013114 0.526844 0.798958
v 0.012881 0.526649 0.799088
v 0.013433 0.528751 0.801145
v 0.012796 0.528297 0.801598
v 0.013114 0.528689 0.801207
v 0.012881 0.528523 0.801373
v 0.013433 0.530986 0.802980
v 0.012796 0.530630 0.803512
v 0.013114 0.530938 0.803052
v 0.012881 0.530807 0.803247
v 0.013433 0.533536 0.804343
v 0.012796 0.533291 0.804935
v 0.013114 0.533503 0.804423
v 0.012881 0.533413 0.804640
v 0.013433 0.536303 0.805182
v 0.012796 0.536178 0.805811
v 0.013114 0.536286 0.805268
v 0.012881 0.536241 0.805498
v 0.013433 0.539181 0.805466
v 0.012796 0.539181 0.806106
v 0.013114 0.539181 0.805553
v 0.012881 0.539181 0.805787
v 0.013433 0.542059 0.805182
v 0.012796 0.542184 0.805811
v 0.013114 0.542076 0.805268
v 0.012881 0.542122 0.805498
v 0.013433 0.544826 0.804343
v 0.012796 0.545071 0.804935
v 0.013114 0.544859 0.804423
v 0.012881 0.544949 0.804640
v 0.013433 0.547376 0.802980
v 0.012796 0.547732 0.803512
v 0.013114 0.547425 0.803052
v 0.012881 0.547555 0.803247
v 0.013433 0.549612 0.801145
v 0.012796 0.550065 0.801598
v 0.013114 0.549673 0.801207
v 0.012881 0.549839 0.801373
v 0.013433 0.551446 0.798910
v 0.012796 0.551979 0.799266
v 0.013114 0.551519 0.798958
v 0.012881 0.551714 0.799088
v 0.013433 0.552809 0.796360
v 0.012796 0.553401 0.796605
v 0.013114 0.552890 0.796393
v 0.012881 0.553106 0.796483
v 0.013433 0.553649 0.793592
v 0.012796 0.554277 0.793717
v 0.013114 0.553734 0.793609
v 0.012881 0.553964 0.793655
v 0.013433 0.553932 0.790715
v 0.012796 0.554573 0.790715
v 0.013114 0.554019 0.790715
v 0.012881 0.554254 0.790715
v 0.013433 0.553649 0.787837
v 0.012796 0.554277 0.787712
v 0.013114 0.553734 0.787820
v 0.012881 0.553964 0.787774
v 0.013433 0.552809 0.785070
v 0.012796 0.553401 0.784824
v 0.013114 0.552890 0.785036
v 0.012881 0.553106 0.784947
v 0.013433 0.551446 0.782519
v 0.012796 0.551979 0.782163
v 0.013114 0.551519 0.782471
v 0.012881 0.551714 0.782341
v 0.013433 0.549612 0.780284
v 0.012796 0.550065 0.779831
v 0.013114 0.549673 0.780222
v 0.012881 0.549839 0.780057
v 0.013433 0.547376 0.778449
v 0.012796 0.547732 0.777917
v 0.013114 0.547425 0.778377
v 0.012881 0.547555 0.778182
v 0.013433 0.544826 0.777086
v 0.012796 0.545071 0.776494
v 0.013114 0.544859 0.777006
v 0.012881 0.544949 0.776789
v 0.013433 0.542059 0.776247
v 0.012796 0.542184 0.775618
v 0.013114 0.542076 0.776162
v 0.012881 0.542122 0.775932
v 0.012796 0.542870 0.772167
v 0.012158 0.542995 0.771539
v 0.012710 0.542933 0.771854
v 0.012477 0.542978 0.771624
v 0.007269 0.535492 0.772167
v 0.007907 0.535367 0.771539
v 0.007355 0.535430 0.771854
v 0.007588 0.535384 0.771624
v 0.007269 0.531944 0.773243
v 0.007907 0.531699 0.772651
v 0.007355 0.531822 0.772948
v 0.007588 0.531732 0.772732
v 0.007269 0.528675 0.774991
v 0.007907 0.528319 0.774458
v 0.007355 0.528498 0.774725
v 0.007588 0.528367 0.774530
v 0.007269 0.525809 0.777343
v 0.007907 0.525356 0.776890
v 0.007355 0.525584 0.777117
v 0.007588 0.525418 0.776951
v 0.007269 0.523458 0.780208
v 0.007907 0.522925 0.779852
v 0.007355 0.523192 0.780031
v 0.007588 0.522997 0.779901
v 0.007269 0.521710 0.783478
v 0.007907 0.521118 0.783233
v 0.007355 0.521415 0.783356
v 0.007588 0.521198 0.783266
v 0.007269 0.520634 0.787025
v 0.007907 0.520005 0.786900
v 0.007355 0.520321 0.786963
v 0.007588 0.520091 0.786917
v 0.007269 0.520271 0.790715
v 0.007907 0.519630 0.790715
v 0.007355 0.519951 0.790715
v 0.007588 0.519717 0.790715
v 0.007269 0.520634 0.794404
v 0.007907 0.520005 0.794529
v 0.007355 0.520321 0.794466
v 0.007588 0.520091 0.794512
v 0.007269 0.521710 0.797951
v 0.007907 0.521118 0.798196
v 0.007355 0.521415 0.798074
v 0.007588 0.521198 0.798163
v 0.007269 0.523458 0.801221
v 0.007907 0.522925 0.801577
v 0.007355 0.523192 0.801398
v 0.007588 0.522997 0.801528
v 0.007269 0.525809 0.804086
v 0.007907 0.525356 0.804540
v 0.007355 0.525584 0.804312
v 0.007588 0.525418 0.804478
v 0.007269 0.528675 0.806438
v 0.007907 0.528319 0.806971
v 0.007355 0.528498 0.806704
v 0.007588 0.528367 0.806899
v 0.007269 0.531944 0.808186
v 0.007907 0.531699 0.808778
v 0.007355 0.531822 0.808481
v 0.007588 0.531732 0.808697
v 0.007269 0.535492 0.809262
v 0.007907 0.535367 0.809890
v 0.007355 0.535430 0.809575
v 0.007588 0.535384 0.809805
v 0.007269 0.539181 0.809625
v 0.007907 0.539181 0.810266
v 0.007355 0.539181 0.809944
v 0.007588 0.539181 0.810179
v 0.007269 0.542870 0.809262
v 0.007907 0.542995 0.809890
v 0.007355 0.542933 0.809575
v 0.007588 0.542978 0.809805
v 0.007269 0.546418 0.808186
v 0.007907 0.546663 0.808778
v 0.007355 0.546540 0.808481
v 0.007588 0.546630 0.808697
v 0.007269 0.549687 0.806438
v 0.007907 0.550043 0.806971
v 0.007355 0.549865 0.806704
v 0.007588 0.549995 0.806899
v 0.007269 0.552553 0.804086
v 0.007907 0.553006 0.804540
v 0.007355 0.552779 0.804312
v 0.007588 0.552945 0.804478
v 0.007269 0.554905 0.801221
v 0.007907 0.555438 0.801577
v 0.007355 0.555170 0.801398
v 0.007588 0.555365 0.801528
v 0.007269 0.556652 0.797951
v 0.007907 0.557244 0.798196
v 0.007355 0.556947 0.798074
v 0.007588 0.557164 0.798163
v 0.007269 0.557728 0.794404
v 0.007907 0.558357 0.794529
v 0.007355 0.558042 0.794466
v 0.007588 0.558272 0.794512
v 0.007269 0.558092 0.790715
v 0.007907 0.558733 0.790715
v 0.007355 0.558411 0.790715
v 0.007588 0.558646 0.790715
v 0.007269 0.557728 0.787025
v 0.007907 0.558357 0.786900
v 0.007355 0.558042 0.786963
v 0.007588 0.558272 0.786917
v 0.007269 0.556652 0.783478
v 0.007907 0.557244 0.783233
v 0.007355 0.556947 0.783356
v 0.007588 0.557164 0.783266
v 0.007269 0.554905 0.780208
v 0.007907 0.555438 0.779852
v 0.007355 0.555170 0.780031
v 0.007588 0.555365 0.779901
v 0.007269 0.552553 0.777343
v 0.007907 0.553006 0.776890
v 0.007355 0.552779 0.777117
v 0.007588 0.552945 0.776951
v 0.007269 0.549687 0.774991
v 0.007907 0.550043 0.774458
v 0.007355 0.549865 0.774725
v 0.007588 0.549995 0.774530
v 0.007269 0.546418 0.773243
v 0.007907 0.546663 0.772651
v 0.007355 0.546540 0.772948
v 0.007588 0.546630 0.772732
v 0.007269 0.542870 0.772167
v 0.007907 0.542995 0.771539
v 0.007355 0.542933 0.771854
v 0.007588 0.542978 0.771624
v 0.047210 0.567496 0.771796
v 0.047210 0.558101 0.762401
v 0.047210 0.545825 0.757316
v 0.047210 0.539182 0.756662
v 0.047210 0.532538 0.757316
v 0.047210 0.520263 0.762401
v 0.047908 0.572592 0.784196
v 0.048581 0.570685 0.777916
v 0.049204 0.567575 0.772107
v 0.049752 0.563368 0.766993
v 0.050204 0.558216 0.762775
v 0.050542 0.552311 0.759628
v 0.050750 0.545881 0.757683
v 0.050821 0.539182 0.757026
v 0.050750 0.532483 0.757683
v 0.050542 0.526053 0.759628
v 0.050204 0.520148 0.762775
v 0.049752 0.514995 0.766993
v 0.049204 0.510789 0.772107
v 0.048581 0.507679 0.777916
v 0.047908 0.505771 0.784196
v 0.048582 0.572630 0.784568
v 0.049912 0.570815 0.778609
v 0.051155 0.567813 0.773040
v 0.052263 0.563685 0.768076
v 0.053187 0.558551 0.763933
v 0.053884 0.552589 0.760810
v 0.054318 0.546039 0.758866
v 0.054466 0.539182 0.758206
v 0.054318 0.532325 0.758866
v 0.053884 0.525774 0.760810
v 0.053187 0.519813 0.763933
v 0.052263 0.514678 0.768076
v 0.051155 0.510551 0.773040
v 0.049912 0.507548 0.778609
v 0.048582 0.505734 0.784568
v 0.049206 0.572698 0.785171
v 0.051161 0.571048 0.779740
v 0.053019 0.568225 0.774579
v 0.054705 0.564219 0.769897
v 0.056134 0.559099 0.765930
v 0.057223 0.553036 0.762905
v 0.057905 0.546288 0.761008
v 0.058138 0.539182 0.760363
v 0.057905 0.532075 0.761008
v 0.057223 0.525328 0.762905
v 0.056134 0.519264 0.765930
v 0.054705 0.514145 0.769897
v 0.053019 0.510138 0.774579
v 0.051161 0.507316 0.779740
v 0.049206 0.505665 0.785171
v 0.049758 0.572806 0.785985
v 0.052283 0.571325 0.781300
v 0.054681 0.568527 0.776850
v 0.056917 0.564658 0.772700
v 0.058877 0.559642 0.769062
v 0.060430 0.553553 0.766181
v 0.061429 0.546605 0.764326
v 0.061750 0.539182 0.763730
v 0.061429 0.531759 0.764326
v 0.060430 0.524810 0.766181
v 0.058877 0.518722 0.769062
v 0.056917 0.513706 0.772700
v 0.054681 0.509836 0.776850
v 0.052283 0.507038 0.781300
v 0.049758 0.505557 0.785985
v 0.050220 0.572960 0.786982
v 0.053186 0.571382 0.783305
v 0.056107 0.568901 0.779682
v 0.058902 0.565277 0.776217
v 0.061383 0.560319 0.773140
v 0.063344 0.554098 0.770709
v 0.064621 0.546912 0.769124
v 0.065057 0.539182 0.768584
v 0.064621 0.531452 0.769124
v 0.063344 0.524266 0.770709
v 0.061383 0.518045 0.773140
v 0.058902 0.513087 0.776217
v 0.056107 0.509462 0.779682
v 0.053186 0.506982 0.783305
v 0.050220 0.505403 0.786982
v 0.047210 0.573235 0.790715
v 0.050555 0.572966 0.788143
v 0.053887 0.571563 0.785582
v 0.057215 0.569259 0.783024
v 0.060419 0.565716 0.780560
v 0.063349 0.560844 0.778308
v 0.065673 0.554544 0.776522
v 0.067134 0.547143 0.775399
v 0.067604 0.539182 0.775037
v 0.067134 0.531221 0.775399
v 0.065673 0.523820 0.776522
v 0.063349 0.517520 0.778308
v 0.060419 0.512648 0.780560
v 0.057215 0.509105 0.783024
v 0.053887 0.506800 0.785582
v 0.050555 0.505398 0.788143
v 0.050754 0.572896 0.789406
v 0.054343 0.571766 0.788081
v 0.057918 0.569505 0.786762
v 0.061408 0.566047 0.785473
v 0.064633 0.561209 0.784283
v 0.067131 0.554795 0.783361
v 0.068517 0.547201 0.782849
v 0.068935 0.539182 0.782695
v 0.068517 0.531162 0.782849
v 0.067131 0.523569 0.783361
v 0.064633 0.517154 0.784283
v 0.061408 0.512316 0.785473
v 0.057918 0.508858 0.786762
v 0.054343 0.506597 0.788081
v 0.050754 0.505468 0.789406
v 0.050821 0.572871 0.790715
v 0.054466 0.571690 0.790715
v 0.058138 0.569534 0.790715
v 0.061750 0.566166 0.790715
v 0.065057 0.561312 0.790715
v 0.067604 0.554859 0.790715
v 0.068935 0.547201 0.790715
v 0.069360 0.539182 0.790715
v 0.068935 0.531162 0.790715
v 0.067604 0.523505 0.790715
v 0.065057 0.517051 0.790715
v 0.061750 0.512198 0.790715
v 0.058138 0.508830 0.790715
v 0.054466 0.506674 0.790715
v 0.050821 0.505493 0.790715
v 0.050754 0.572896 0.792023
v 0.054343 0.571766 0.793348
v 0.057918 0.569505 0.794667
v 0.061408 0.566047 0.795956
v 0.064633 0.561209 0.797146
v 0.067131 0.554795 0.798068
v 0.068517 0.547201 0.798580
v 0.068935 0.539182 0.798734
v 0.068517 0.531162 0.798580
v 0.067131 0.523569 0.798068
v 0.064633 0.517154 0.797146
v 0.061408 0.512316 0.795956
v 0.057918 0.508858 0.794667
v 0.054343 0.506597 0.793348
v 0.050754 0.505468 0.792023
v 0.050555 0.572966 0.793286
v 0.053887 0.571563 0.795847
v 0.057215 0.569259 0.798405
v 0.060419 0.565716 0.800869
v 0.063349 0.560844 0.803121
v 0.065673 0.554544 0.804907
v 0.067134 0.547143 0.806030
v 0.067604 0.539182 0.806392
v 0.067134 0.531221 0.806030
v 0.065673 0.523820 0.804907
v 0.063349 0.517520 0.803121
v 0.060419 0.512648 0.800869
v 0.057215 0.509105 0.798405
v 0.053887 0.506800 0.795847
v 0.050555 0.505398 0.793286
v 0.050220 0.572960 0.794447
v 0.053186 0.571382 0.798125
v 0.056107 0.568901 0.801747
v 0.058902 0.565277 0.805212
v 0.061383 0.560319 0.808289
v 0.063344 0.554098 0.810721
v 0.064621 0.546912 0.812305
v 0.065057 0.539182 0.812845
v 0.064621 0.531452 0.812305
v 0.063344 0.524266 0.810721
v 0.061383 0.518045 0.808289
v 0.058902 0.513087 0.805212
v 0.056107 0.509462 0.801747
v 0.053186 0.506982 0.798125
v 0.050220 0.505403 0.794447
v 0.049758 0.572806 0.795444
v 0.052283 0.571325 0.800129
v 0.054681 0.568527 0.804580
v 0.056917 0.564658 0.808729
v 0.058877 0.559642 0.812367
v 0.060430 0.553553 0.815248
v 0.061429 0.546605 0.817103
v 0.061750 0.539182 0.817699
v 0.061429 0.531759 0.817103
v 0.060430 0.524810 0.815248
v 0.058877 0.518722 0.812367
v 0.056917 0.513706 0.808729
v 0.054681 0.509836 0.804580
v 0.052283 0.507038 0.800129
v 0.049758 0.505557 0.795444
v 0.049206 0.572698 0.796258
v 0.051161 0.571048 0.801689
v 0.053019 0.568225 0.806850
v 0.054705 0.564219 0.811532
v 0.056134 0.559099 0.815499
v 0.057223 0.553036 0.818524
v 0.057905 0.546288 0.820421
v 0.058138 0.539182 0.821067
v 0.057905 0.532075 0.820421
v 0.057223 0.525328 0.818524
v 0.056134 0.519264 0.815499
v 0.054705 0.514145 0.811532
v 0.053019 0.510138 0.806850
v 0.051161 0.507316 0.801689
v 0.049206 0.505665 0.796258
v 0.048582 0.572630 0.796861
v 0.049912 0.570815 0.802820
v 0.051155 0.567813 0.808389
v 0.052263 0.563685 0.813353
v 0.053187 0.558551 0.817496
v 0.053884 0.552589 0.820619
v 0.054318 0.546039 0.822563
v 0.054466 0.539182 0.823223
v 0.054318 0.532325 0.822563
v 0.053884 0.525774 0.820619
v 0.053187 0.519813 0.817496
v 0.052263 0.514678 0.813353
v 0.051155 0.510551 0.808389
v 0.049912 0.507548 0.802820
v 0.048582 0.505734 0.796861
v 0.047908 0.572592 0.797233
v 0.048581 0.570685 0.803513
v 0.049204 0.567575 0.809322
v 0.049752 0.563368 0.814436
v 0.050204 0.558216 0.818654
v 0.050542 0.552311 0.821801
v 0.050750 0.545881 0.823746
v 0.050821 0.539182 0.824403
v 0.050750 0.532483 0.823746
v 0.050542 0.526053 0.821801
v 0.050204 0.520148 0.818654
v 0.049752 0.514995 0.814436
v 0.049204 0.510789 0.809322
v 0.048581 0.507679 0.803513
v 0.047908 0.505771 0.797233
v 0.047210 0.572580 0.797358
v 0.047210 0.570643 0.803746
v 0.047210 0.567496 0.809633
v 0.047210 0.563261 0.814794
v 0.047210 0.558101 0.819029
v 0.047210 0.552213 0.822175
v 0.047210 0.545825 0.824113
v 0.047210 0.539182 0.824767
v 0.047210 0.532538 0.824113
v 0.047210 0.526150 0.822175
v 0.047210 0.520263 0.819029
v 0.047210 0.515103 0.814794
v 0.047210 0.510868 0.809633
v 0.047210 0.507721 0.803746
v 0.047210 0.505783 0.797358
v 0.046511 0.572592 0.797233
v 0.045838 0.570685 0.803513
v 0.045215 0.567575 0.809322
v 0.044667 0.563368 0.814436
v 0.044215 0.558216 0.818654
v 0.043878 0.552311 0.821801
v 0.043669 0.545881 0.823746
v 0.043599 0.539182 0.824403
v 0.043669 0.532483 0.823746
v 0.043878 0.526053 0.821801
v 0.044215 0.520148 0.818654
v 0.044667 0.514995 0.814436
v 0.045215 0.510789 0.809322
v 0.045838 0.507679 0.803513
v 0.046511 0.505771 0.797233
v 0.045838 0.572630 0.796861
v 0.044508 0.570815 0.802820
v 0.043265 0.567813 0.808389
v 0.042157 0.563685 0.813353
v 0.041232 0.558551 0.817496
v 0.040535 0.552589 0.820619
v 0.040101 0.546039 0.822563
v 0.039954 0.539182 0.823223
v 0.040101 0.532325 0.822563
v 0.040535 0.525774 0.820619
v 0.041232 0.519813 0.817496
v 0.042157 0.514678 0.813353
v 0.043265 0.510551 0.808389
v 0.044508 0.507548 0.802820
v 0.045838 0.505734 0.796861
v 0.045214 0.572698 0.796258
v 0.043258 0.571048 0.801689
v 0.041400 0.568225 0.806850
v 0.039714 0.564219 0.811532
v 0.038286 0.559099 0.815499
v 0.037197 0.553036 0.818524
v 0.036514 0.546288 0.820421
v 0.036281 0.539182 0.821067
v 0.036514 0.532075 0.820421
v 0.037197 0.525328 0.818524
v 0.038286 0.519264 0.815499
v 0.039714 0.514145 0.811532
v 0.041400 0.510138 0.806850
v 0.043258 0.507316 0.801689
v 0.045214 0.505665 0.796258
v 0.044661 0.572806 0.795444
v 0.042137 0.571325 0.800129
v 0.039738 0.568527 0.804580
v 0.037503 0.564658 0.808729
v 0.035542 0.559642 0.812367
v 0.033989 0.553553 0.815248
v 0.032990 0.546605 0.817103
v 0.032669 0.539182 0.817699
v 0.032990 0.531759 0.817103
v 0.033989 0.524810 0.815248
v 0.035542 0.518722 0.812367
v 0.037503 0.513706 0.808729
v 0.039738 0.509836 0.804580
v 0.042137 0.507038 0.800129
v 0.044661 0.505557 0.795444
v 0.047210 0.505129 0.790715
v 0.044199 0.572960 0.794447
v 0.041234 0.571382 0.798125
v 0.038313 0.568901 0.801747
v 0.035518 0.565277 0.805212
v 0.033036 0.560319 0.808289
v 0.031076 0.554098 0.810721
v 0.029798 0.546912 0.812305
v 0.029362 0.539182 0.812845
v 0.029798 0.531452 0.812305
v 0.031076 0.524266 0.810721
v 0.033036 0.518045 0.808289
v 0.035518 0.513087 0.805212
v 0.038313 0.509462 0.801747
v 0.041234 0.506982 0.798125
v 0.044199 0.505403 0.794447
v 0.043864 0.572966 0.793286
v 0.040532 0.571563 0.795847
v 0.037205 0.569259 0.798405
v 0.034000 0.565716 0.800869
v 0.031070 0.560844 0.803121
v 0.028746 0.554544 0.804907
v 0.027285 0.547143 0.806030
v 0.026815 0.539182 0.806392
v 0.027285 0.531221 0.806030
v 0.028746 0.523820 0.804907
v 0.031070 0.517520 0.803121
v 0.034000 0.512648 0.800869
v 0.037205 0.509105 0.798405
v 0.040532 0.506800 0.795847
v 0.043864 0.505398 0.793286
v 0.043666 0.572896 0.792023
v 0.040077 0.571766 0.793348
v 0.036501 0.569505 0.794667
v 0.033011 0.566047 0.795956
v 0.029787 0.561209 0.797146
v 0.027289 0.554795 0.798068
v 0.025902 0.547201 0.798580
v 0.025485 0.539182 0.798734
v 0.025902 0.531162 0.798580
v 0.027289 0.523569 0.798068
v 0.029787 0.517154 0.797146
v 0.033011 0.512316 0.795956
v 0.036501 0.508858 0.794667
v 0.040077 0.506597 0.793348
v 0.043666 0.505468 0.792023
v 0.043599 0.572871 0.790715
v 0.039954 0.571690 0.790715
v 0.036281 0.569534 0.790715
v 0.032669 0.566166 0.790715
v 0.029362 0.561312 0.790715
v 0.026815 0.554859 0.790715
v 0.025485 0.547201 0.790715
v 0.025059 0.539182 0.790715
v 0.025485 0.531162 0.790715
v 0.026815 0.523505 0.790715
v 0.029362 0.517051 0.790715
v 0.032669 0.512198 0.790715
v 0.036281 0.508830 0.790715
v 0.039954 0.506674 0.790715
v 0.043599 0.505493 0.790715
v 0.043666 0.572896 0.789406
v 0.040077 0.571766 0.788081
v 0.036501 0.569505 0.786762
v 0.033011 0.566047 0.785473
v 0.029787 0.561209 0.784283
v 0.027289 0.554795 0.783361
v 0.025902 0.547201 0.782849
v 0.025485 0.539182 0.782695
v 0.025902 0.531162 0.782849
v 0.027289 0.523569 0.783361
v 0.029787 0.517154 0.784283
v 0.033011 0.512316 0.785473
v 0.036501 0.508858 0.786762
v 0.040077 0.506597 0.788081
v 0.043666 0.505468 0.789406
v 0.043864 0.572966 0.788143
v 0.040532 0.571563 0.785582
v 0.037205 0.569259 0.783024
v 0.034000 0.565716 0.780560
v 0.031070 0.560844 0.778308
v 0.028746 0.554544 0.776522
v 0.027285 0.547143 0.775399
v 0.026815 0.539182 0.775037
v 0.027285 0.531221 0.775399
v 0.028746 0.523820 0.776522
v 0.031070 0.517520 0.778308
v 0.034000 0.512648 0.780560
v 0.037205 0.509105 0.783024
v 0.040532 0.506800 0.785582
v 0.043864 0.505398 0.788143
v 0.044199 0.572960 0.786982
v 0.041234 0.571382 0.783305
v 0.038313 0.568901 0.779682
v 0.035518 0.565277 0.776217
v 0.033036 0.560319 0.773140
v 0.031076 0.554098 0.770709
v 0.029798 0.546912 0.769124
v 0.029363 0.539182 0.768584
v 0.029798 0.531452 0.769124
v 0.031076 0.524266 0.770709
v 0.033036 0.518045 0.773140
v 0.035518 0.513087 0.776217
v 0.038313 0.509462 0.779682
v 0.041234 0.506982 0.783305
v 0.044199 0.505403 0.786982
v 0.044661 0.572806 0.785985
v 0.042137 0.571325 0.781300
v 0.039738 0.568527 0.776850
v 0.037503 0.564658 0.772700
v 0.035542 0.559642 0.769062
v 0.033989 0.553553 0.766181
v 0.032990 0.546605 0.764326
v 0.032669 0.539182 0.763730
v 0.032990 0.531759 0.764326
v 0.033989 0.524810 0.766181
v 0.035542 0.518722 0.769062
v 0.037503 0.513706 0.772700
v 0.039738 0.509836 0.776850
v 0.042137 0.507038 0.781300
v 0.044661 0.505557 0.785985
v 0.045214 0.572698 0.785171
v 0.043258 0.571048 0.779740
v 0.041400 0.568225 0.774579
v 0.039714 0.564219 0.769897
v 0.038286 0.559099 0.765930
v 0.037197 0.553036 0.762905
v 0.036514 0.546288 0.761009
v 0.036281 0.539182 0.760363
v 0.036514 0.532075 0.761009
v 0.037197 0.525328 0.762905
v 0.038286 0.519264 0.765930
v 0.039714 0.514145 0.769897
v 0.041400 0.510138 0.774579
v 0.043258 0.507316 0.779740
v 0.045214 0.505665 0.785171
v 0.045838 0.572630 0.784568
v 0.044508 0.570815 0.778609
v 0.043265 0.567813 0.773040
v 0.042157 0.563685 0.768076
v 0.041232 0.558551 0.763933
v 0.040535 0.552589 0.760810
v 0.040101 0.546039 0.758866
v 0.039954 0.539182 0.758207
v 0.040101 0.532325 0.758866
v 0.040535 0.525774 0.760810
v 0.041232 0.519813 0.763933
v 0.042157 0.514678 0.768076
v 0.043265 0.510551 0.773040
v 0.044508 0.507548 0.778609
v 0.045838 0.505734 0.784568
v 0.046511 0.572592 0.784196
v 0.045838 0.570685 0.777916
v 0.045215 0.567575 0.772107
v 0.044667 0.563368 0.766993
v 0.044215 0.558216 0.762775
v 0.043878 0.552311 0.759628
v 0.043669 0.545881 0.757683
v 0.043599 0.539182 0.757026
v 0.043669 0.532483 0.757683
v 0.043878 0.526053 0.759628
v 0.044215 0.520148 0.762775
v 0.044667 0.514995 0.766993
v 0.045215 0.510789 0.772107
v 0.045838 0.507679 0.777916
v 0.046511 0.505771 0.784196
v 0.047210 0.572580 0.784071
v 0.047210 0.570643 0.777683
v 0.047210 0.563261 0.766635
v 0.047210 0.552213 0.759254
v 0.047210 0.526150 0.759254
v 0.047210 0.515103 0.766635
v 0.047210 0.510868 0.771796
v 0.047210 0.507721 0.777683
v 0.047210 0.505783 0.784071
v 0.001091 0.436363 0.816566
v 0.001091 0.436363 0.764892
v -0.002960 0.436363 0.764892
v -0.002960 0.436363 0.816566
v 0.001091 0.351449 0.782116
v 0.001091 0.351449 0.799341
v 0.001091 0.622266 0.799341
v 0.001091 0.622266 0.782116
v -0.002960 0.351449 0.799341
v -0.002960 0.351449 0.782116
v -0.002960 0.622266 0.782116
v -0.002960 0.622266 0.799341
v 0.001091 0.394018 0.764892
v -0.002960 0.394018 0.764892
v -0.002960 0.394018 0.816566
v 0.001091 0.394018 0.816566
v 0.001091 0.420483 0.816566
v 0.001091 0.420483 0.764892
v -0.002960 0.420483 0.764892
v -0.002960 0.420483 0.816566
v 0.001091 0.420483 0.797938
v 0.001091 0.420483 0.783966
v -0.002960 0.420483 0.783966
v -0.002960 0.420483 0.797938
v -0.002960 0.436363 0.790729
v -0.002960 0.427809 0.783113
v -0.002960 0.436363 0.773504
v -0.002960 0.444975 0.782116
v -0.002960 0.436072 0.788534
v -0.002960 0.435217 0.786556
v -0.002960 0.433858 0.784931
v -0.002960 0.432086 0.783768
v -0.002960 0.430023 0.783148
v -0.002960 0.427784 0.798583
v -0.002960 0.436363 0.790729
v -0.002960 0.444975 0.799341
v -0.002960 0.436363 0.807953
v -0.002960 0.430004 0.798486
v -0.002960 0.432074 0.797808
v -0.002960 0.433850 0.796597
v -0.002960 0.435214 0.794933
v -0.002960 0.436071 0.792932
v 0.001091 0.436363 0.790729
v 0.001091 0.427784 0.798583
v 0.001091 0.436363 0.807953
v 0.001091 0.444975 0.799341
v 0.001091 0.436071 0.792932
v 0.001091 0.435214 0.794933
v 0.001091 0.433850 0.796597
v 0.001091 0.432074 0.797808
v 0.001091 0.430004 0.798486
v 0.001091 0.427809 0.783113
v 0.001091 0.436363 0.790729
v 0.001091 0.444975 0.782116
v 0.001091 0.436363 0.773504
v 0.001091 0.430023 0.783148
v 0.001091 0.432086 0.783768
v 0.001091 0.433858 0.784931
v 0.001091 0.435217 0.786556
v 0.001091 0.436072 0.788534
v 0.001091 0.396697 0.799199
v 0.001091 0.394018 0.796658
v 0.001091 0.391335 0.799341
v 0.001091 0.394018 0.802024
v 0.001091 0.396003 0.799144
v 0.001091 0.395357 0.798911
v 0.001091 0.394802 0.798514
v 0.001091 0.394377 0.797981
v 0.001091 0.394109 0.797348
v 0.001091 0.394018 0.784799
v 0.001091 0.396694 0.782303
v 0.001091 0.394018 0.779433
v 0.001091 0.391335 0.782116
v 0.001091 0.394109 0.784111
v 0.001091 0.394376 0.783483
v 0.001091 0.394801 0.782957
v 0.001091 0.395356 0.782569
v 0.001091 0.396001 0.782346
v -0.002960 0.396694 0.782303
v -0.002960 0.394018 0.784799
v -0.002960 0.391335 0.782116
v -0.002960 0.394018 0.779433
v -0.002960 0.396001 0.782346
v -0.002960 0.395356 0.782569
v -0.002960 0.394801 0.782957
v -0.002960 0.394376 0.783483
v -0.002960 0.394109 0.784111
v -0.002960 0.394018 0.796658
v -0.002960 0.396697 0.799199
v -0.002960 0.394018 0.802024
v -0.002960 0.391335 0.799341
v -0.002960 0.394109 0.797348
v -0.002960 0.394377 0.797981
v -0.002960 0.394802 0.798514
v -0.002960 0.395357 0.798911
v -0.002960 0.396003 0.799144
v 0.001091 0.351449 0.799341
v 0.001091 0.368674 0.816566
v 0.001091 0.352036 0.803799
v 0.001091 0.353757 0.807953
v 0.001091 0.356494 0.811521
v 0.001091 0.360061 0.814258
v 0.001091 0.364216 0.815979
v 0.001091 0.605041 0.816566
v 0.001091 0.622266 0.799341
v 0.001091 0.609499 0.815979
v 0.001091 0.613653 0.814258
v 0.001091 0.617221 0.811521
v 0.001091 0.619958 0.807953
v 0.001091 0.621679 0.803799
v 0.001091 0.368674 0.764892
v 0.001091 0.351449 0.782116
v 0.001091 0.364216 0.765479
v 0.001091 0.360061 0.767199
v 0.001091 0.356494 0.769937
v 0.001091 0.353757 0.773504
v 0.001091 0.352036 0.777658
v 0.001091 0.622266 0.782116
v 0.001091 0.605041 0.764892
v 0.001091 0.621679 0.777658
v 0.001091 0.619958 0.773504
v 0.001091 0.617221 0.769937
v 0.001091 0.613653 0.767199
v 0.001091 0.609499 0.765479
v -0.002960 0.368674 0.816566
v -0.002960 0.351449 0.799341
v -0.002960 0.364216 0.815979
v -0.002960 0.360061 0.814258
v -0.002960 0.356494 0.811521
v -0.002960 0.353757 0.807953
v -0.002960 0.352036 0.803799
v -0.002960 0.622266 0.799341
v -0.002960 0.605041 0.816566
v -0.002960 0.621679 0.803799
v -0.002960 0.619958 0.807953
v -0.002960 0.617221 0.811521
v -0.002960 0.613653 0.814258
v -0.002960 0.609499 0.815979
v -0.002960 0.351449 0.782116
v -0.002960 0.368674 0.764892
v -0.002960 0.352036 0.777658
v -0.002960 0.353757 0.773504
v -0.002960 0.356494 0.769937
v -0.002960 0.360061 0.767199
v -0.002960 0.364216 0.765479
v -0.002960 0.605041 0.764892
v -0.002960 0.622266 0.782116
v -0.002960 0.609499 0.765479
v -0.002960 0.613653 0.767199
v -0.002960 0.617221 0.769937
v -0.002960 0.619958 0.773504
v -0.002960 0.621679 0.777658
v -0.080671 0.539181 0.804507
v -0.108227 0.539181 0.804507
v -0.080671 0.536493 0.804242
v -0.108227 0.536493 0.804242
v -0.080671 0.533908 0.803458
v -0.108227 0.533908 0.803458
v -0.080671 0.531526 0.802185
v -0.108227 0.531526 0.802185
v -0.080671 0.529439 0.800471
v -0.108227 0.529439 0.800471
v -0.080671 0.527725 0.798384
v -0.108227 0.527725 0.798384
v -0.080671 0.526452 0.796001
v -0.108227 0.526452 0.796001
v -0.080671 0.525668 0.793417
v -0.108227 0.525668 0.793417
v -0.080671 0.525403 0.790729
v -0.108227 0.525403 0.790729
v -0.080671 0.525668 0.788041
v -0.108227 0.525668 0.788041
v -0.080671 0.526452 0.785456
v -0.108227 0.526452 0.785456
v -0.080671 0.527725 0.783074
v -0.108227 0.527725 0.783074
v -0.080671 0.529439 0.780986
v -0.108227 0.529439 0.780986
v -0.080671 0.531526 0.779273
v -0.108227 0.531526 0.779273
v -0.080671 0.533908 0.778000
v -0.108227 0.533908 0.778000
v -0.080671 0.536493 0.777215
v -0.108227 0.536493 0.777215
v -0.080671 0.539181 0.776951
v -0.108227 0.539181 0.776951
v -0.080671 0.541869 0.777215
v -0.108227 0.541869 0.777215
v -0.080671 0.544454 0.778000
v -0.108227 0.544454 0.778000
v -0.080671 0.546836 0.779273
v -0.108227 0.546836 0.779273
v -0.080671 0.548924 0.780986
v -0.108227 0.548924 0.780986
v -0.080671 0.550637 0.783074
v -0.108227 0.550637 0.783074
v -0.080671 0.551910 0.785456
v -0.108227 0.551910 0.785456
v -0.080671 0.552694 0.788041
v -0.108227 0.552694 0.788041
v -0.080671 0.552959 0.790729
v -0.108227 0.552959 0.790729
v -0.080671 0.552694 0.793417
v -0.108227 0.552694 0.793417
v -0.080671 0.551910 0.796001
v -0.108227 0.551910 0.796001
v -0.080671 0.550637 0.798384
v -0.108227 0.550637 0.798384
v -0.080671 0.548924 0.800471
v -0.108227 0.548924 0.800471
v -0.080671 0.546836 0.802185
v -0.108227 0.546836 0.802185
v -0.080671 0.544454 0.803458
v -0.108227 0.544454 0.803458
v -0.080671 0.541869 0.804242
v -0.108227 0.541869 0.804242
v -0.100867 0.539181 0.804507
v -0.100867 0.536493 0.804242
v -0.100867 0.533908 0.803458
v -0.100867 0.531526 0.802185
v -0.100867 0.529439 0.800471
v -0.100867 0.527725 0.798384
v -0.100867 0.526452 0.796001
v -0.100867 0.525668 0.793417
v -0.100867 0.525403 0.790729
v -0.100867 0.525668 0.788041
v -0.100867 0.526452 0.785456
v -0.100867 0.527725 0.783074
v -0.100867 0.529439 0.780986
v -0.100867 0.531526 0.779273
v -0.100867 0.533908 0.778000
v -0.100867 0.536493 0.777215
v -0.100867 0.539181 0.776951
v -0.100867 0.541869 0.777215
v -0.100867 0.544454 0.778000
v -0.100867 0.546836 0.779273
v -0.100867 0.548924 0.780986
v -0.100867 0.550637 0.783074
v -0.100867 0.551910 0.785456
v -0.100867 0.552694 0.788041
v -0.100867 0.552959 0.790729
v -0.100867 0.552694 0.793417
v -0.100867 0.551910 0.796001
v -0.100867 0.550637 0.798384
v -0.100867 0.548924 0.800471
v -0.100867 0.546836 0.802185
v -0.100867 0.544454 0.803458
v -0.100867 0.541869 0.804242
v -0.096885 0.536493 0.804242
v -0.096885 0.533908 0.803458
v -0.096885 0.531526 0.802185
v -0.096885 0.529439 0.800471
v -0.096885 0.527725 0.798384
v -0.096885 0.526452 0.796001
v -0.096885 0.525668 0.793417
v -0.096885 0.525403 0.790729
v -0.096885 0.525668 0.788041
v -0.096885 0.526452 0.785456
v -0.096885 0.527725 0.783074
v -0.096885 0.529439 0.780986
v -0.096885 0.531526 0.779273
v -0.096885 0.533908 0.778000
v -0.096885 0.536493 0.777215
v -0.096885 0.539181 0.776951
v -0.096885 0.541869 0.777215
v -0.096885 0.544454 0.778000
v -0.096885 0.546836 0.779273
v -0.096885 0.548924 0.780986
v -0.096885 0.550637 0.783074
v -0.096885 0.551910 0.785456
v -0.096885 0.552694 0.788041
v -0.096885 0.552959 0.790729
v -0.096885 0.552694 0.793417
v -0.096885 0.551910 0.796001
v -0.096885 0.550637 0.798384
v -0.096885 0.548924 0.800471
v -0.096885 0.546836 0.802185
v -0.096885 0.544454 0.803458
v -0.096885 0.541869 0.804242
v -0.096885 0.539181 0.804507
v -0.100867 0.539181 0.804507
v -0.100867 0.541869 0.804242
v -0.100867 0.544454 0.803458
v -0.100867 0.546836 0.802185
v -0.100867 0.548924 0.800471
v -0.100867 0.550637 0.798384
v -0.100867 0.551910 0.796001
v -0.100867 0.552694 0.793417
v -0.100867 0.552959 0.790729
v -0.100867 0.552694 0.788041
v -0.100867 0.551910 0.785456
v -0.100867 0.550637 0.783074
v -0.100867 0.548924 0.780986
v -0.100867 0.546836 0.779273
v -0.100867 0.544454 0.778000
v -0.100867 0.541869 0.777215
v -0.100867 0.539181 0.776951
v -0.100867 0.536493 0.777215
v -0.100867 0.533908 0.778000
v -0.100867 0.531526 0.779273
v -0.100867 0.529439 0.780986
v -0.100867 0.527725 0.783074
v -0.100867 0.526452 0.785456
v -0.100867 0.525668 0.788041
v -0.100867 0.525403 0.790729
v -0.100867 0.525668 0.793417
v -0.100867 0.526452 0.796001
v -0.100867 0.527725 0.798384
v -0.100867 0.529439 0.800471
v -0.100867 0.531526 0.802185
v -0.100867 0.533908 0.803458
v -0.100867 0.536493 0.804242
v -0.096885 0.536493 0.804242
v -0.096885 0.533908 0.803458
v -0.096885 0.531526 0.802185
v -0.096885 0.529439 0.800471
v -0.096885 0.527725 0.798384
v -0.096885 0.526452 0.796001
v -0.096885 0.525668 0.793417
v -0.096885 0.525403 0.790729
v -0.096885 0.525668 0.788041
v -0.096885 0.526452 0.785456
v -0.096885 0.527725 0.783074
v -0.096885 0.529439 0.780986
v -0.096885 0.531526 0.779273
v -0.096885 0.533908 0.778000
v -0.096885 0.536493 0.777215
v -0.096885 0.539181 0.776951
v -0.096885 0.541869 0.777215
v -0.096885 0.544454 0.778000
v -0.096885 0.546836 0.779273
v -0.096885 0.548924 0.780986
v -0.096885 0.550637 0.783074
v -0.096885 0.551910 0.785456
v -0.096885 0.552694 0.788041
v -0.096885 0.552959 0.790729
v -0.096885 0.552694 0.793417
v -0.096885 0.551910 0.796001
v -0.096885 0.550637 0.798384
v -0.096885 0.548924 0.800471
v -0.096885 0.546836 0.802185
v -0.096885 0.544454 0.803458
v -0.096885 0.541869 0.804242
v -0.096885 0.539181 0.804507
v -0.096885 0.536331 0.805055
v -0.096885 0.533591 0.804224
v -0.096885 0.531066 0.802874
v -0.096885 0.528852 0.801058
v -0.096885 0.527036 0.798844
v -0.096885 0.525686 0.796319
v -0.096885 0.524855 0.793579
v -0.096885 0.524574 0.790729
v -0.096885 0.524855 0.787879
v -0.096885 0.525686 0.785139
v -0.096885 0.527036 0.782614
v -0.096885 0.528852 0.780400
v -0.096885 0.531066 0.778583
v -0.096885 0.533591 0.777234
v -0.096885 0.536331 0.776402
v -0.096885 0.539181 0.776122
v -0.096885 0.542031 0.776402
v -0.096885 0.544771 0.777234
v -0.096885 0.547296 0.778583
v -0.096885 0.549510 0.780400
v -0.096885 0.551326 0.782614
v -0.096885 0.552676 0.785139
v -0.096885 0.553508 0.787879
v -0.096885 0.553788 0.790729
v -0.096885 0.553508 0.793579
v -0.096885 0.552676 0.796319
v -0.096885 0.551326 0.798844
v -0.096885 0.549510 0.801058
v -0.096885 0.547296 0.802874
v -0.096885 0.544771 0.804224
v -0.096885 0.542031 0.805055
v -0.096885 0.539181 0.805336
v -0.100867 0.533810 0.803696
v -0.100297 0.533591 0.804224
v -0.100790 0.533701 0.803959
v -0.100582 0.533621 0.804152
v -0.100867 0.531384 0.802399
v -0.100297 0.531066 0.802874
v -0.100790 0.531225 0.802635
v -0.100582 0.531109 0.802810
v -0.100867 0.529257 0.800653
v -0.100297 0.528852 0.801058
v -0.100790 0.529055 0.800855
v -0.100582 0.528907 0.801003
v -0.100867 0.527511 0.798526
v -0.100297 0.527036 0.798844
v -0.100790 0.527274 0.798685
v -0.100582 0.527100 0.798801
v -0.100867 0.526214 0.796100
v -0.100297 0.525686 0.796319
v -0.100790 0.525951 0.796209
v -0.100582 0.525758 0.796289
v -0.100867 0.525416 0.793467
v -0.100297 0.524855 0.793579
v -0.100790 0.525136 0.793523
v -0.100582 0.524931 0.793563
v -0.100867 0.525146 0.790729
v -0.100297 0.524574 0.790729
v -0.100790 0.524861 0.790729
v -0.100582 0.524652 0.790729
v -0.100867 0.525416 0.787991
v -0.100297 0.524855 0.787879
v -0.100790 0.525136 0.787935
v -0.100582 0.524931 0.787894
v -0.100867 0.526214 0.785358
v -0.100297 0.525686 0.785139
v -0.100790 0.525951 0.785249
v -0.100582 0.525758 0.785169
v -0.100867 0.527511 0.782931
v -0.100297 0.527036 0.782614
v -0.100790 0.527274 0.782773
v -0.100582 0.527100 0.782657
v -0.100867 0.529257 0.780804
v -0.100297 0.528852 0.780400
v -0.100790 0.529055 0.780603
v -0.100582 0.528907 0.780455
v -0.100867 0.531384 0.779059
v -0.100297 0.531066 0.778583
v -0.100790 0.531225 0.778822
v -0.100582 0.531109 0.778648
v -0.100867 0.533810 0.777762
v -0.100297 0.533591 0.777234
v -0.100790 0.533701 0.777499
v -0.100582 0.533621 0.777305
v -0.100867 0.536443 0.776963
v -0.100297 0.536331 0.776402
v -0.100790 0.536387 0.776684
v -0.100582 0.536347 0.776479
v -0.100867 0.539181 0.776694
v -0.100297 0.539181 0.776122
v -0.100790 0.539181 0.776409
v -0.100582 0.539181 0.776199
v -0.100867 0.541919 0.776963
v -0.100297 0.542031 0.776402
v -0.100790 0.541975 0.776684
v -0.100582 0.542016 0.776479
v -0.100867 0.544552 0.777762
v -0.100297 0.544771 0.777234
v -0.100790 0.544661 0.777499
v -0.100582 0.544741 0.777305
v -0.100867 0.546979 0.779059
v -0.100297 0.547296 0.778583
v -0.100790 0.547137 0.778822
v -0.100582 0.547253 0.778648
v -0.100867 0.549105 0.780804
v -0.100297 0.549510 0.780400
v -0.100790 0.549307 0.780603
v -0.100582 0.549455 0.780455
v -0.100867 0.550851 0.782931
v -0.100297 0.551326 0.782614
v -0.100790 0.551088 0.782773
v -0.100582 0.551262 0.782657
v -0.100867 0.552148 0.785358
v -0.100297 0.552676 0.785139
v -0.100790 0.552411 0.785249
v -0.100582 0.552604 0.785169
v -0.100867 0.552947 0.787991
v -0.100297 0.553508 0.787879
v -0.100790 0.553226 0.787935
v -0.100582 0.553431 0.787894
v -0.100867 0.553216 0.790729
v -0.100297 0.553788 0.790729
v -0.100790 0.553501 0.790729
v -0.100582 0.553710 0.790729
v -0.100867 0.552947 0.793467
v -0.100297 0.553508 0.793579
v -0.100790 0.553226 0.793523
v -0.100582 0.553431 0.793563
v -0.100867 0.552148 0.796100
v -0.100297 0.552676 0.796319
v -0.100790 0.552411 0.796209
v -0.100582 0.552604 0.796289
v -0.100867 0.550851 0.798526
v -0.100297 0.551326 0.798844
v -0.100790 0.551088 0.798685
v -0.100582 0.551262 0.798801
v -0.100867 0.549105 0.800653
v -0.100297 0.549510 0.801058
v -0.100790 0.549307 0.800855
v -0.100582 0.549455 0.801003
v -0.100867 0.546979 0.802399
v -0.100297 0.547296 0.802874
v -0.100790 0.547137 0.802635
v -0.100582 0.547253 0.802810
v -0.100867 0.544552 0.803696
v -0.100297 0.544771 0.804224
v -0.100790 0.544661 0.803959
v -0.100582 0.544741 0.804152
v -0.100867 0.541919 0.804494
v -0.100297 0.542031 0.805055
v -0.100790 0.541975 0.804774
v -0.100582 0.542016 0.804979
v -0.100867 0.539181 0.804764
v -0.100297 0.539181 0.805336
v -0.100790 0.539181 0.805049
v -0.100582 0.539181 0.805258
v -0.099784 0.539181 0.805905
v -0.100297 0.539181 0.805336
v -0.099832 0.539181 0.805621
v -0.100020 0.539181 0.805413
v -0.097287 0.539181 0.774410
v -0.096773 0.539181 0.774979
v -0.097010 0.539181 0.774487
v -0.096822 0.539181 0.774695
v -0.099839 0.539181 0.774979
v -0.099326 0.539181 0.774410
v -0.099791 0.539181 0.774695
v -0.099603 0.539181 0.774487
v -0.097287 0.535997 0.774723
v -0.096773 0.536108 0.775282
v -0.097010 0.536013 0.774799
v -0.096822 0.536053 0.775003
v -0.099839 0.536108 0.775282
v -0.099326 0.535997 0.774723
v -0.099791 0.536053 0.775003
v -0.099603 0.536013 0.774799
v -0.097287 0.532936 0.775652
v -0.096773 0.533154 0.776178
v -0.097010 0.532966 0.775723
v -0.096822 0.533045 0.775916
v -0.099839 0.533154 0.776178
v -0.099326 0.532936 0.775652
v -0.099791 0.533045 0.775916
v -0.099603 0.532966 0.775723
v -0.097287 0.530115 0.777160
v -0.096773 0.530431 0.777633
v -0.097010 0.530158 0.777224
v -0.096822 0.530273 0.777398
v -0.099839 0.530431 0.777633
v -0.099326 0.530115 0.777160
v -0.099791 0.530273 0.777398
v -0.099603 0.530158 0.777224
v -0.097287 0.527642 0.779189
v -0.096773 0.528044 0.779592
v -0.097010 0.527696 0.779244
v -0.096822 0.527844 0.779392
v -0.099839 0.528044 0.779592
v -0.099326 0.527642 0.779189
v -0.099791 0.527844 0.779392
v -0.099603 0.527696 0.779244
v -0.097287 0.525612 0.781662
v -0.096773 0.526086 0.781979
v -0.097010 0.525677 0.781705
v -0.096822 0.525850 0.781821
v -0.099839 0.526086 0.781979
v -0.099326 0.525612 0.781662
v -0.099791 0.525850 0.781821
v -0.099603 0.525677 0.781705
v -0.097287 0.524104 0.784484
v -0.096773 0.524630 0.784702
v -0.097010 0.524176 0.784513
v -0.096822 0.524368 0.784593
v -0.099839 0.524630 0.784702
v -0.099326 0.524104 0.784484
v -0.099791 0.524368 0.784593
v -0.099603 0.524176 0.784513
v -0.097287 0.523176 0.787545
v -0.096773 0.523734 0.787656
v -0.097010 0.523251 0.787560
v -0.096822 0.523456 0.787601
v -0.099839 0.523734 0.787656
v -0.099326 0.523176 0.787545
v -0.099791 0.523456 0.787601
v -0.099603 0.523251 0.787560
v -0.097287 0.522862 0.790729
v -0.096773 0.523431 0.790729
v -0.097010 0.522939 0.790729
v -0.096822 0.523148 0.790729
v -0.099839 0.523431 0.790729
v -0.099326 0.522862 0.790729
v -0.099791 0.523148 0.790729
v -0.099603 0.522939 0.790729
v -0.097287 0.523176 0.793912
v -0.096773 0.523734 0.793801
v -0.097010 0.523251 0.793897
v -0.096822 0.523456 0.793857
v -0.099839 0.523734 0.793801
v -0.099326 0.523176 0.793912
v -0.099791 0.523456 0.793857
v -0.099603 0.523251 0.793897
v -0.097287 0.524104 0.796974
v -0.096773 0.524630 0.796756
v -0.097010 0.524176 0.796944
v -0.096822 0.524368 0.796865
v -0.099839 0.524630 0.796756
v -0.099326 0.524104 0.796974
v -0.099791 0.524368 0.796865
v -0.099603 0.524176 0.796944
v -0.097287 0.525612 0.799795
v -0.096773 0.526086 0.799479
v -0.097010 0.525677 0.799752
v -0.096822 0.525850 0.799636
v -0.099839 0.526086 0.799479
v -0.099326 0.525612 0.799795
v -0.099791 0.525850 0.799636
v -0.099603 0.525677 0.799752
v -0.097287 0.527642 0.802268
v -0.096773 0.528044 0.801866
v -0.097010 0.527696 0.802213
v -0.096822 0.527844 0.802066
v -0.099839 0.528044 0.801866
v -0.099326 0.527642 0.802268
v -0.099791 0.527844 0.802066
v -0.099603 0.527696 0.802213
v -0.097287 0.530115 0.804298
v -0.096773 0.530431 0.803824
v -0.097010 0.530158 0.804233
v -0.096822 0.530273 0.804060
v -0.099839 0.530431 0.803824
v -0.099326 0.530115 0.804298
v -0.099791 0.530273 0.804060
v -0.099603 0.530158 0.804233
v -0.097287 0.532936 0.805806
v -0.096773 0.533154 0.805280
v -0.097010 0.532966 0.805734
v -0.096822 0.533045 0.805542
v -0.099839 0.533154 0.805280
v -0.099326 0.532936 0.805806
v -0.099791 0.533045 0.805542
v -0.099603 0.532966 0.805734
v -0.097287 0.535997 0.806734
v -0.096773 0.536108 0.806176
v -0.097010 0.536013 0.806658
v -0.096822 0.536053 0.806454
v -0.099839 0.536108 0.806176
v -0.099326 0.535997 0.806734
v -0.099791 0.536053 0.806454
v -0.099603 0.536013 0.806658
v -0.100297 0.536331 0.805055
v -0.100867 0.536443 0.804494
v -0.100582 0.536347 0.804979
v -0.100790 0.536387 0.804774
v -0.100297 0.536331 0.805055
v -0.099784 0.536220 0.805613
v -0.100020 0.536316 0.805131
v -0.099832 0.536276 0.805335
v -0.100297 0.533591 0.804224
v -0.099784 0.533373 0.804750
v -0.100020 0.533562 0.804295
v -0.099832 0.533482 0.804488
v -0.100297 0.531066 0.802874
v -0.099784 0.530750 0.803347
v -0.100020 0.531023 0.802938
v -0.099832 0.530907 0.803112
v -0.100297 0.528852 0.801058
v -0.099784 0.528450 0.801460
v -0.100020 0.528798 0.801112
v -0.099832 0.528650 0.801259
v -0.100297 0.527036 0.798844
v -0.099784 0.526563 0.799160
v -0.100020 0.526972 0.798887
v -0.099832 0.526798 0.799003
v -0.100297 0.525686 0.796319
v -0.099784 0.525160 0.796537
v -0.100020 0.525615 0.796348
v -0.099832 0.525422 0.796428
v -0.100297 0.524855 0.793579
v -0.099784 0.524296 0.793690
v -0.100020 0.524779 0.793594
v -0.099832 0.524575 0.793634
v -0.100297 0.524574 0.790729
v -0.099784 0.524005 0.790729
v -0.100020 0.524497 0.790729
v -0.099832 0.524288 0.790729
v -0.100297 0.524855 0.787879
v -0.099784 0.524296 0.787768
v -0.100020 0.524779 0.787864
v -0.099832 0.524575 0.787823
v -0.100297 0.525686 0.785139
v -0.099784 0.525160 0.784921
v -0.100020 0.525615 0.785109
v -0.099832 0.525422 0.785030
v -0.100297 0.527036 0.782614
v -0.099784 0.526563 0.782297
v -0.100020 0.526972 0.782571
v -0.099832 0.526798 0.782455
v -0.100297 0.528852 0.780400
v -0.099784 0.528450 0.779998
v -0.100020 0.528798 0.780345
v -0.099832 0.528650 0.780198
v -0.100297 0.531066 0.778583
v -0.099784 0.530750 0.778110
v -0.100020 0.531023 0.778519
v -0.099832 0.530907 0.778346
v -0.100297 0.533591 0.777234
v -0.099784 0.533373 0.776708
v -0.100020 0.533562 0.777162
v -0.099832 0.533482 0.776970
v -0.100297 0.536331 0.776402
v -0.099784 0.536220 0.775844
v -0.100020 0.536316 0.776327
v -0.099832 0.536276 0.776122
v -0.100297 0.539181 0.776122
v -0.099784 0.539181 0.775553
v -0.100020 0.539181 0.776045
v -0.099832 0.539181 0.775836
v -0.100297 0.542031 0.776402
v -0.099784 0.542142 0.775844
v -0.100020 0.542046 0.776327
v -0.099832 0.542086 0.776122
v -0.100297 0.544771 0.777234
v -0.099784 0.544989 0.776708
v -0.100020 0.544801 0.777162
v -0.099832 0.544880 0.776970
v -0.100297 0.547296 0.778583
v -0.099784 0.547613 0.778110
v -0.100020 0.547339 0.778519
v -0.099832 0.547455 0.778346
v -0.100297 0.549510 0.780400
v -0.099784 0.549912 0.779998
v -0.100020 0.549565 0.780345
v -0.099832 0.549712 0.780198
v -0.100297 0.551326 0.782614
v -0.099784 0.551800 0.782297
v -0.100020 0.551391 0.782571
v -0.099832 0.551564 0.782455
v -0.100297 0.552676 0.785139
v -0.099784 0.553202 0.784921
v -0.100020 0.552748 0.785109
v -0.099832 0.552940 0.785030
v -0.100297 0.553508 0.787879
v -0.099784 0.554066 0.787768
v -0.100020 0.553583 0.787864
v -0.099832 0.553788 0.787823
v -0.100297 0.553788 0.790729
v -0.099784 0.554357 0.790729
v -0.100020 0.553865 0.790729
v -0.099832 0.554074 0.790729
v -0.100297 0.553508 0.793579
v -0.099784 0.554066 0.793690
v -0.100020 0.553583 0.793594
v -0.099832 0.553788 0.793634
v -0.100297 0.552676 0.796319
v -0.099784 0.553202 0.796537
v -0.100020 0.552748 0.796348
v -0.099832 0.552940 0.796428
v -0.100297 0.551326 0.798844
v -0.099784 0.551800 0.799160
v -0.100020 0.551391 0.798887
v -0.099832 0.551564 0.799003
v -0.100297 0.549510 0.801058
v -0.099784 0.549912 0.801460
v -0.100020 0.549565 0.801112
v -0.099832 0.549712 0.801259
v -0.100297 0.547296 0.802874
v -0.099784 0.547613 0.803347
v -0.100020 0.547339 0.802938
v -0.099832 0.547455 0.803112
v -0.100297 0.544771 0.804224
v -0.099784 0.544989 0.804750
v -0.100020 0.544801 0.804295
v -0.099832 0.544880 0.804488
v -0.100297 0.542031 0.805055
v -0.099784 0.542142 0.805613
v -0.100020 0.542046 0.805131
v -0.099832 0.542086 0.805335
v -0.099839 0.542254 0.775282
v -0.099326 0.542365 0.774723
v -0.099791 0.542309 0.775003
v -0.099603 0.542350 0.774799
v -0.097287 0.542365 0.774723
v -0.096773 0.542254 0.775282
v -0.097010 0.542350 0.774799
v -0.096822 0.542309 0.775003
v -0.099839 0.545208 0.776178
v -0.099326 0.545426 0.775652
v -0.099791 0.545317 0.775916
v -0.099603 0.545397 0.775723
v -0.097287 0.545426 0.775652
v -0.096773 0.545208 0.776178
v -0.097010 0.545397 0.775723
v -0.096822 0.545317 0.775916
v -0.099839 0.547931 0.777633
v -0.099326 0.548247 0.777160
v -0.099791 0.548089 0.777398
v -0.099603 0.548205 0.777224
v -0.097287 0.548247 0.777160
v -0.096773 0.547931 0.777633
v -0.097010 0.548205 0.777224
v -0.096822 0.548089 0.777398
v -0.099839 0.550318 0.779592
v -0.099326 0.550720 0.779189
v -0.099791 0.550518 0.779392
v -0.099603 0.550666 0.779244
v -0.097287 0.550720 0.779189
v -0.096773 0.550318 0.779592
v -0.097010 0.550666 0.779244
v -0.096822 0.550518 0.779392
v -0.099839 0.552277 0.781979
v -0.099326 0.552750 0.781662
v -0.099791 0.552512 0.781821
v -0.099603 0.552686 0.781705
v -0.097287 0.552750 0.781662
v -0.096773 0.552277 0.781979
v -0.097010 0.552686 0.781705
v -0.096822 0.552512 0.781821
v -0.099839 0.553732 0.784702
v -0.099326 0.554258 0.784484
v -0.099791 0.553994 0.784593
v -0.099603 0.554187 0.784513
v -0.097287 0.554258 0.784484
v -0.096773 0.553732 0.784702
v -0.097010 0.554187 0.784513
v -0.096822 0.553994 0.784593
v -0.099839 0.554628 0.787656
v -0.099326 0.555187 0.787545
v -0.099791 0.554906 0.787601
v -0.099603 0.555111 0.787560
v -0.097287 0.555187 0.787545
v -0.096773 0.554628 0.787656
v -0.097010 0.555111 0.787560
v -0.096822 0.554906 0.787601
v -0.099839 0.554931 0.790729
v -0.099326 0.555500 0.790729
v -0.099791 0.555215 0.790729
v -0.099603 0.555423 0.790729
v -0.097287 0.555500 0.790729
v -0.096773 0.554931 0.790729
v -0.097010 0.555423 0.790729
v -0.096822 0.555215 0.790729
v -0.099839 0.554628 0.793801
v -0.099326 0.555187 0.793912
v -0.099791 0.554906 0.793857
v -0.099603 0.555111 0.793897
v -0.097287 0.555187 0.793912
v -0.096773 0.554628 0.793801
v -0.097010 0.555111 0.793897
v -0.096822 0.554906 0.793857
v -0.099839 0.553732 0.796756
v -0.099326 0.554258 0.796974
v -0.099791 0.553994 0.796865
v -0.099603 0.554187 0.796944
v -0.097287 0.554258 0.796974
v -0.096773 0.553732 0.796756
v -0.097010 0.554187 0.796944
v -0.096822 0.553994 0.796865
v -0.099839 0.552277 0.799479
v -0.099326 0.552750 0.799795
v -0.099791 0.552512 0.799636
v -0.099603 0.552686 0.799752
v -0.097287 0.552750 0.799795
v -0.096773 0.552277 0.799479
v -0.097010 0.552686 0.799752
v -0.096822 0.552512 0.799636
v -0.099839 0.550318 0.801866
v -0.099326 0.550720 0.802268
v -0.099791 0.550518 0.802066
v -0.099603 0.550666 0.802213
v -0.097287 0.550720 0.802268
v -0.096773 0.550318 0.801866
v -0.097010 0.550666 0.802213
v -0.096822 0.550518 0.802066
v -0.099839 0.547931 0.803824
v -0.099326 0.548247 0.804298
v -0.099791 0.548089 0.804060
v -0.099603 0.548205 0.804233
v -0.097287 0.548247 0.804298
v -0.096773 0.547931 0.803824
v -0.097010 0.548205 0.804233
v -0.096822 0.548089 0.804060
v -0.099839 0.545208 0.805280
v -0.099326 0.545426 0.805806
v -0.099791 0.545317 0.805542
v -0.099603 0.545397 0.805734
v -0.097287 0.545426 0.805806
v -0.096773 0.545208 0.805280
v -0.097010 0.545397 0.805734
v -0.096822 0.545317 0.805542
v -0.099839 0.542254 0.806176
v -0.099326 0.542365 0.806734
v -0.099791 0.542309 0.806454
v -0.099603 0.542350 0.806658
v -0.097287 0.542365 0.806734
v -0.096773 0.542254 0.806176
v -0.097010 0.542350 0.806658
v -0.096822 0.542309 0.806454
v -0.096773 0.539181 0.806479
v -0.097287 0.539181 0.807048
v -0.096822 0.539181 0.806762
v -0.097010 0.539181 0.806971
v -0.099326 0.539181 0.807048
v -0.099839 0.539181 0.806479
v -0.099603 0.539181 0.806971
v -0.099791 0.539181 0.806762
v -0.094751 0.536493 0.804242
v -0.094751 0.533908 0.803458
v -0.094751 0.531526 0.802185
v -0.094751 0.529439 0.800471
v -0.094751 0.527725 0.798384
v -0.094751 0.526452 0.796001
v -0.094751 0.525668 0.793417
v -0.094751 0.525403 0.790729
v -0.094751 0.525668 0.788041
v -0.094751 0.526452 0.785456
v -0.094751 0.527725 0.783074
v -0.094751 0.529439 0.780986
v -0.094751 0.531526 0.779273
v -0.094751 0.533908 0.778000
v -0.094751 0.536493 0.777215
v -0.094751 0.539181 0.776951
v -0.094751 0.541869 0.777215
v -0.094751 0.544454 0.778000
v -0.094751 0.546836 0.779273
v -0.094751 0.548924 0.780986
v -0.094751 0.550637 0.783074
v -0.094751 0.551910 0.785456
v -0.094751 0.552694 0.788041
v -0.094751 0.552959 0.790729
v -0.094751 0.552694 0.793417
v -0.094751 0.551910 0.796001
v -0.094751 0.550637 0.798384
v -0.094751 0.548924 0.800471
v -0.094751 0.546836 0.802185
v -0.094751 0.544454 0.803458
v -0.094751 0.541869 0.804242
v -0.094751 0.539181 0.804507
v -0.087949 0.536493 0.804242
v -0.087949 0.533908 0.803458
v -0.087949 0.531526 0.802185
v -0.087949 0.529439 0.800471
v -0.087949 0.527725 0.798384
v -0.087949 0.526452 0.796001
v -0.087949 0.525668 0.793417
v -0.087949 0.525403 0.790729
v -0.087949 0.525668 0.788041
v -0.087949 0.526452 0.785456
v -0.087949 0.527725 0.783074
v -0.087949 0.529439 0.780986
v -0.087949 0.531526 0.779273
v -0.087949 0.533908 0.778000
v -0.087949 0.536493 0.777215
v -0.087949 0.539181 0.776951
v -0.087949 0.541869 0.777215
v -0.087949 0.544454 0.778000
v -0.087949 0.546836 0.779273
v -0.087949 0.548924 0.780986
v -0.087949 0.550637 0.783074
v -0.087949 0.551910 0.785456
v -0.087949 0.552694 0.788041
v -0.087949 0.552959 0.790729
v -0.087949 0.552694 0.793417
v -0.087949 0.551910 0.796001
v -0.087949 0.550637 0.798384
v -0.087949 0.548924 0.800471
v -0.087949 0.546836 0.802185
v -0.087949 0.544454 0.803458
v -0.087949 0.541869 0.804242
v -0.087949 0.539181 0.804507
v -0.087949 0.539181 0.805480
v -0.087949 0.536303 0.805196
v -0.087949 0.533536 0.804357
v -0.087949 0.530986 0.802994
v -0.087949 0.528751 0.801159
v -0.087949 0.526916 0.798924
v -0.087949 0.525553 0.796374
v -0.087949 0.524714 0.793607
v -0.087949 0.524430 0.790729
v -0.087949 0.524714 0.787851
v -0.087949 0.525553 0.785084
v -0.087949 0.526916 0.782534
v -0.087949 0.528751 0.780298
v -0.087949 0.530986 0.778464
v -0.087949 0.533536 0.777101
v -0.087949 0.536303 0.776261
v -0.087949 0.539181 0.775978
v -0.087949 0.542059 0.776261
v -0.087949 0.544826 0.777101
v -0.087949 0.547376 0.778464
v -0.087949 0.549612 0.780298
v -0.087949 0.551446 0.782534
v -0.087949 0.552809 0.785084
v -0.087949 0.553649 0.787851
v -0.087949 0.553932 0.790729
v -0.087949 0.553649 0.793607
v -0.087949 0.552809 0.796374
v -0.087949 0.551446 0.798924
v -0.087949 0.549612 0.801159
v -0.087949 0.547376 0.802994
v -0.087949 0.544826 0.804357
v -0.087949 0.542059 0.805196
v -0.092838 0.546663 0.808792
v -0.093475 0.546418 0.808200
v -0.093157 0.546630 0.808712
v -0.093390 0.546540 0.808495
v -0.092838 0.550043 0.806985
v -0.093475 0.549687 0.806452
v -0.093157 0.549995 0.806913
v -0.093390 0.549865 0.806718
v -0.092838 0.553006 0.804554
v -0.093475 0.552553 0.804101
v -0.093157 0.552945 0.804492
v -0.093390 0.552779 0.804326
v -0.092838 0.555438 0.801591
v -0.093475 0.554905 0.801235
v -0.093157 0.555365 0.801543
v -0.093390 0.555170 0.801412
v -0.092838 0.557244 0.798211
v -0.093475 0.556652 0.797966
v -0.093157 0.557164 0.798178
v -0.093390 0.556947 0.798088
v -0.092838 0.558357 0.794543
v -0.093475 0.557728 0.794418
v -0.093157 0.558272 0.794526
v -0.093390 0.558042 0.794480
v -0.092838 0.558733 0.790729
v -0.093475 0.558092 0.790729
v -0.093157 0.558646 0.790729
v -0.093390 0.558411 0.790729
v -0.092838 0.558357 0.786915
v -0.093475 0.557728 0.787040
v -0.093157 0.558272 0.786931
v -0.093390 0.558042 0.786977
v -0.092838 0.557244 0.783247
v -0.093475 0.556652 0.783492
v -0.093157 0.557164 0.783280
v -0.093390 0.556947 0.783370
v -0.092838 0.555438 0.779867
v -0.093475 0.554905 0.780223
v -0.093157 0.555365 0.779915
v -0.093390 0.555170 0.780045
v -0.092838 0.553006 0.776904
v -0.093475 0.552553 0.777357
v -0.093157 0.552945 0.776965
v -0.093390 0.552779 0.777131
v -0.092838 0.550043 0.774472
v -0.093475 0.549687 0.775005
v -0.093157 0.549995 0.774545
v -0.093390 0.549865 0.774740
v -0.092838 0.546663 0.772666
v -0.093475 0.546418 0.773258
v -0.093157 0.546630 0.772746
v -0.093390 0.546540 0.772963
v -0.092838 0.542995 0.771553
v -0.093475 0.542870 0.772182
v -0.093157 0.542978 0.771638
v -0.093390 0.542933 0.771868
v -0.092838 0.539181 0.771177
v -0.093475 0.539181 0.771818
v -0.093157 0.539181 0.771264
v -0.093390 0.539181 0.771499
v -0.092838 0.535367 0.771553
v -0.093475 0.535492 0.772182
v -0.093157 0.535384 0.771638
v -0.093390 0.535430 0.771868
v -0.092838 0.531699 0.772666
v -0.093475 0.531944 0.773258
v -0.093157 0.531732 0.772746
v -0.093390 0.531822 0.772963
v -0.092838 0.528319 0.774472
v -0.093475 0.528675 0.775005
v -0.093157 0.528367 0.774545
v -0.093390 0.528498 0.774740
v -0.092838 0.525356 0.776904
v -0.093475 0.525809 0.777357
v -0.093157 0.525418 0.776965
v -0.093390 0.525584 0.777131
v -0.092838 0.522925 0.779867
v -0.093475 0.523458 0.780223
v -0.093157 0.522997 0.779915
v -0.093390 0.523192 0.780045
v -0.092838 0.521118 0.783247
v -0.093475 0.521710 0.783492
v -0.093157 0.521198 0.783280
v -0.093390 0.521415 0.783370
v -0.092838 0.520005 0.786915
v -0.093475 0.520634 0.787040
v -0.093157 0.520091 0.786931
v -0.093390 0.520321 0.786977
v -0.092838 0.519630 0.790729
v -0.093475 0.520271 0.790729
v -0.093157 0.519717 0.790729
v -0.093390 0.519951 0.790729
v -0.092838 0.520005 0.794543
v -0.093475 0.520634 0.794418
v -0.093157 0.520091 0.794526
v -0.093390 0.520321 0.794480
v -0.092838 0.521118 0.798211
v -0.093475 0.521710 0.797966
v -0.093157 0.521198 0.798178
v -0.093390 0.521415 0.798088
v -0.092838 0.522925 0.801591
v -0.093475 0.523458 0.801235
v -0.093157 0.522997 0.801543
v -0.093390 0.523192 0.801412
v -0.092838 0.525356 0.804554
v -0.093475 0.525809 0.804101
v -0.093157 0.525418 0.804492
v -0.093390 0.525584 0.804326
v -0.092838 0.528319 0.806985
v -0.093475 0.528675 0.806452
v -0.093157 0.528367 0.806913
v -0.093390 0.528498 0.806718
v -0.092838 0.531699 0.808792
v -0.093475 0.531944 0.808200
v -0.093157 0.531732 0.808712
v -0.093390 0.531822 0.808495
v -0.092838 0.535367 0.809905
v -0.093475 0.535492 0.809276
v -0.093157 0.535384 0.809819
v -0.093390 0.535430 0.809589
v -0.092838 0.539181 0.810280
v -0.093475 0.539181 0.809639
v -0.093157 0.539181 0.810193
v -0.093390 0.539181 0.809959
v -0.088587 0.539181 0.810280
v -0.087949 0.539181 0.809639
v -0.088268 0.539181 0.810193
v -0.088035 0.539181 0.809959
v -0.093475 0.539181 0.806121
v -0.094113 0.539181 0.805480
v -0.093561 0.539181 0.805801
v -0.093794 0.539181 0.805567
v -0.094751 0.539181 0.804839
v -0.094113 0.539181 0.805480
v -0.094665 0.539181 0.805158
v -0.094432 0.539181 0.805393
v -0.094113 0.542059 0.805196
v -0.094751 0.541934 0.804568
v -0.094432 0.542042 0.805111
v -0.094665 0.541996 0.804881
v -0.094113 0.544826 0.804357
v -0.094751 0.544581 0.803765
v -0.094432 0.544793 0.804277
v -0.094665 0.544703 0.804060
v -0.094113 0.547376 0.802994
v -0.094751 0.547020 0.802461
v -0.094432 0.547328 0.802922
v -0.094665 0.547198 0.802727
v -0.094113 0.549612 0.801159
v -0.094751 0.549159 0.800706
v -0.094432 0.549550 0.801098
v -0.094665 0.549384 0.800932
v -0.094113 0.551446 0.798924
v -0.094751 0.550913 0.798568
v -0.094432 0.551374 0.798876
v -0.094665 0.551179 0.798745
v -0.094113 0.552809 0.796374
v -0.094751 0.552217 0.796129
v -0.094432 0.552729 0.796341
v -0.094665 0.552512 0.796251
v -0.094113 0.553649 0.793607
v -0.094751 0.553020 0.793482
v -0.094432 0.553563 0.793590
v -0.094665 0.553333 0.793544
v -0.094113 0.553932 0.790729
v -0.094751 0.553291 0.790729
v -0.094432 0.553845 0.790729
v -0.094665 0.553611 0.790729
v -0.094113 0.553649 0.787851
v -0.094751 0.553020 0.787976
v -0.094432 0.553563 0.787868
v -0.094665 0.553333 0.787914
v -0.094113 0.552809 0.785084
v -0.094751 0.552217 0.785329
v -0.094432 0.552729 0.785117
v -0.094665 0.552512 0.785207
v -0.094113 0.551446 0.782534
v -0.094751 0.550913 0.782890
v -0.094432 0.551374 0.782582
v -0.094665 0.551179 0.782712
v -0.094113 0.549612 0.780298
v -0.094751 0.549159 0.780751
v -0.094432 0.549550 0.780360
v -0.094665 0.549384 0.780526
v -0.094113 0.547376 0.778464
v -0.094751 0.547020 0.778997
v -0.094432 0.547328 0.778536
v -0.094665 0.547198 0.778731
v -0.094113 0.544826 0.777101
v -0.094751 0.544581 0.777693
v -0.094432 0.544793 0.777181
v -0.094665 0.544703 0.777398
v -0.094113 0.542059 0.776261
v -0.094751 0.541934 0.776890
v -0.094432 0.542042 0.776346
v -0.094665 0.541996 0.776577
v -0.094113 0.539181 0.775978
v -0.094751 0.539181 0.776618
v -0.094432 0.539181 0.776065
v -0.094665 0.539181 0.776299
v -0.094113 0.536303 0.776261
v -0.094751 0.536428 0.776890
v -0.094432 0.536320 0.776346
v -0.094665 0.536366 0.776577
v -0.094113 0.533536 0.777101
v -0.094751 0.533781 0.777693
v -0.094432 0.533569 0.777181
v -0.094665 0.533659 0.777398
v -0.094113 0.530986 0.778464
v -0.094751 0.531342 0.778997
v -0.094432 0.531034 0.778536
v -0.094665 0.531164 0.778731
v -0.094113 0.528751 0.780298
v -0.094751 0.529204 0.780751
v -0.094432 0.528812 0.780360
v -0.094665 0.528978 0.780526
v -0.094113 0.526916 0.782534
v -0.094751 0.527449 0.782890
v -0.094432 0.526988 0.782582
v -0.094665 0.527183 0.782712
v -0.094113 0.525553 0.785084
v -0.094751 0.526145 0.785329
v -0.094432 0.525633 0.785117
v -0.094665 0.525850 0.785207
v -0.094113 0.524714 0.787851
v -0.094751 0.525342 0.787976
v -0.094432 0.524799 0.787868
v -0.094665 0.525029 0.787914
v -0.094113 0.524430 0.790729
v -0.094751 0.525071 0.790729
v -0.094432 0.524517 0.790729
v -0.094665 0.524752 0.790729
v -0.094113 0.524714 0.793607
v -0.094751 0.525342 0.793482
v -0.094432 0.524799 0.793590
v -0.094665 0.525029 0.793544
v -0.094113 0.525553 0.796374
v -0.094751 0.526145 0.796129
v -0.094432 0.525633 0.796341
v -0.094665 0.525850 0.796251
v -0.094113 0.526916 0.798924
v -0.094751 0.527449 0.798568
v -0.094432 0.526988 0.798876
v -0.094665 0.527183 0.798745
v -0.094113 0.528751 0.801159
v -0.094751 0.529204 0.800706
v -0.094432 0.528812 0.801098
v -0.094665 0.528978 0.800932
v -0.094113 0.530986 0.802994
v -0.094751 0.531342 0.802461
v -0.094432 0.531034 0.802922
v -0.094665 0.531164 0.802727
v -0.094113 0.533536 0.804357
v -0.094751 0.533781 0.803765
v -0.094432 0.533569 0.804277
v -0.094665 0.533659 0.804060
v -0.094113 0.536303 0.805196
v -0.094751 0.536428 0.804568
v -0.094432 0.536320 0.805111
v -0.094665 0.536366 0.804881
v -0.094113 0.536303 0.805196
v -0.093475 0.536178 0.805825
v -0.093794 0.536286 0.805282
v -0.093561 0.536241 0.805512
v -0.094113 0.533536 0.804357
v -0.093475 0.533291 0.804949
v -0.093794 0.533503 0.804437
v -0.093561 0.533413 0.804654
v -0.094113 0.530986 0.802994
v -0.093475 0.530630 0.803527
v -0.093794 0.530938 0.803066
v -0.093561 0.530807 0.803261
v -0.094113 0.528751 0.801159
v -0.093475 0.528297 0.801612
v -0.093794 0.528689 0.801221
v -0.093561 0.528523 0.801387
v -0.094113 0.526916 0.798924
v -0.093475 0.526383 0.799280
v -0.093794 0.526844 0.798972
v -0.093561 0.526649 0.799103
v -0.094113 0.525553 0.796374
v -0.093475 0.524961 0.796619
v -0.093794 0.525473 0.796407
v -0.093561 0.525256 0.796497
v -0.094113 0.524714 0.793607
v -0.093475 0.524085 0.793732
v -0.093794 0.524628 0.793624
v -0.093561 0.524398 0.793669
v -0.094113 0.524430 0.790729
v -0.093475 0.523789 0.790729
v -0.093794 0.524343 0.790729
v -0.093561 0.524109 0.790729
v -0.094113 0.524714 0.787851
v -0.093475 0.524085 0.787726
v -0.093794 0.524628 0.787834
v -0.093561 0.524398 0.787788
v -0.094113 0.525553 0.785084
v -0.093475 0.524961 0.784839
v -0.093794 0.525473 0.785051
v -0.093561 0.525256 0.784961
v -0.094113 0.526916 0.782534
v -0.093475 0.526383 0.782178
v -0.093794 0.526844 0.782485
v -0.093561 0.526649 0.782355
v -0.094113 0.528751 0.780298
v -0.093475 0.528297 0.779845
v -0.093794 0.528689 0.780237
v -0.093561 0.528523 0.780071
v -0.094113 0.530986 0.778464
v -0.093475 0.530630 0.777931
v -0.093794 0.530938 0.778391
v -0.093561 0.530807 0.778196
v -0.094113 0.533536 0.777101
v -0.093475 0.533291 0.776509
v -0.093794 0.533503 0.777020
v -0.093561 0.533413 0.776804
v -0.094113 0.536303 0.776261
v -0.093475 0.536178 0.775633
v -0.093794 0.536286 0.776176
v -0.093561 0.536241 0.775946
v -0.094113 0.539181 0.775978
v -0.093475 0.539181 0.775337
v -0.093794 0.539181 0.775891
v -0.093561 0.539181 0.775656
v -0.094113 0.542059 0.776261
v -0.093475 0.542184 0.775633
v -0.093794 0.542076 0.776176
v -0.093561 0.542122 0.775946
v -0.094113 0.544826 0.777101
v -0.093475 0.545071 0.776509
v -0.093794 0.544859 0.777020
v -0.093561 0.544949 0.776804
v -0.094113 0.547376 0.778464
v -0.093475 0.547732 0.777931
v -0.093794 0.547425 0.778391
v -0.093561 0.547555 0.778196
v -0.094113 0.549612 0.780298
v -0.093475 0.550065 0.779845
v -0.093794 0.549673 0.780237
v -0.093561 0.549839 0.780071
v -0.094113 0.551446 0.782534
v -0.093475 0.551979 0.782178
v -0.093794 0.551519 0.782485
v -0.093561 0.551714 0.782355
v -0.094113 0.552809 0.785084
v -0.093475 0.553401 0.784839
v -0.093794 0.552890 0.785051
v -0.093561 0.553106 0.784961
v -0.094113 0.553649 0.787851
v -0.093475 0.554277 0.787726
v -0.093794 0.553734 0.787834
v -0.093561 0.553964 0.787788
v -0.094113 0.553932 0.790729
v -0.093475 0.554573 0.790729
v -0.093794 0.554019 0.790729
v -0.093561 0.554254 0.790729
v -0.094113 0.553649 0.793607
v -0.093475 0.554277 0.793732
v -0.093794 0.553734 0.793624
v -0.093561 0.553964 0.793669
v -0.094113 0.552809 0.796374
v -0.093475 0.553401 0.796619
v -0.093794 0.552890 0.796407
v -0.093561 0.553106 0.796497
v -0.094113 0.551446 0.798924
v -0.093475 0.551979 0.799280
v -0.093794 0.551519 0.798972
v -0.093561 0.551714 0.799103
v -0.094113 0.549612 0.801159
v -0.093475 0.550065 0.801612
v -0.093794 0.549673 0.801221
v -0.093561 0.549839 0.801387
v -0.094113 0.547376 0.802994
v -0.093475 0.547732 0.803527
v -0.093794 0.547425 0.803066
v -0.093561 0.547555 0.803261
v -0.094113 0.544826 0.804357
v -0.093475 0.545071 0.804949
v -0.093794 0.544859 0.804437
v -0.093561 0.544949 0.804654
v -0.094113 0.542059 0.805196
v -0.093475 0.542184 0.805825
v -0.093794 0.542076 0.805282
v -0.093561 0.542122 0.805512
v -0.093475 0.542870 0.809276
v -0.092838 0.542995 0.809905
v -0.093390 0.542933 0.809589
v -0.093157 0.542978 0.809819
v -0.087949 0.535492 0.809276
v -0.088587 0.535367 0.809905
v -0.088035 0.535430 0.809589
v -0.088268 0.535384 0.809819
v -0.087949 0.531944 0.808200
v -0.088587 0.531699 0.808792
v -0.088035 0.531822 0.808495
v -0.088268 0.531732 0.808712
v -0.087949 0.528675 0.806452
v -0.088587 0.528319 0.806985
v -0.088035 0.528498 0.806718
v -0.088268 0.528367 0.806913
v -0.087949 0.525809 0.804101
v -0.088587 0.525356 0.804554
v -0.088035 0.525584 0.804326
v -0.088268 0.525418 0.804492
v -0.087949 0.523458 0.801235
v -0.088587 0.522925 0.801591
v -0.088035 0.523192 0.801412
v -0.088268 0.522997 0.801543
v -0.087949 0.521710 0.797966
v -0.088587 0.521118 0.798211
v -0.088035 0.521415 0.798088
v -0.088268 0.521198 0.798178
v -0.087949 0.520634 0.794418
v -0.088587 0.520005 0.794543
v -0.088035 0.520321 0.794480
v -0.088268 0.520091 0.794526
v -0.087949 0.520271 0.790729
v -0.088587 0.519630 0.790729
v -0.088035 0.519951 0.790729
v -0.088268 0.519717 0.790729
v -0.087949 0.520634 0.787040
v -0.088587 0.520005 0.786915
v -0.088035 0.520321 0.786977
v -0.088268 0.520091 0.786931
v -0.087949 0.521710 0.783492
v -0.088587 0.521118 0.783247
v -0.088035 0.521415 0.783370
v -0.088268 0.521198 0.783280
v -0.087949 0.523458 0.780223
v -0.088587 0.522925 0.779867
v -0.088035 0.523192 0.780045
v -0.088268 0.522997 0.779915
v -0.087949 0.525809 0.777357
v -0.088587 0.525356 0.776904
v -0.088035 0.525584 0.777131
v -0.088268 0.525418 0.776965
v -0.087949 0.528675 0.775005
v -0.088587 0.528319 0.774472
v -0.088035 0.528498 0.774740
v -0.088268 0.528367 0.774545
v -0.087949 0.531944 0.773258
v -0.088587 0.531699 0.772666
v -0.088035 0.531822 0.772963
v -0.088268 0.531732 0.772746
v -0.087949 0.535492 0.772182
v -0.088587 0.535367 0.771553
v -0.088035 0.535430 0.771868
v -0.088268 0.535384 0.771638
v -0.087949 0.539181 0.771818
v -0.088587 0.539181 0.771177
v -0.088035 0.539181 0.771499
v -0.088268 0.539181 0.771264
v -0.087949 0.542870 0.772182
v -0.088587 0.542995 0.771553
v -0.088035 0.542933 0.771868
v -0.088268 0.542978 0.771638
v -0.087949 0.546418 0.773258
v -0.088587 0.546663 0.772666
v -0.088035 0.546540 0.772963
v -0.088268 0.546630 0.772746
v -0.087949 0.549687 0.775005
v -0.088587 0.550043 0.774472
v -0.088035 0.549865 0.774740
v -0.088268 0.549995 0.774545
v -0.087949 0.552553 0.777357
v -0.088587 0.553006 0.776904
v -0.088035 0.552779 0.777131
v -0.088268 0.552945 0.776965
v -0.087949 0.554905 0.780223
v -0.088587 0.555438 0.779867
v -0.088035 0.555170 0.780045
v -0.088268 0.555365 0.779915
v -0.087949 0.556652 0.783492
v -0.088587 0.557244 0.783247
v -0.088035 0.556947 0.783370
v -0.088268 0.557164 0.783280
v -0.087949 0.557728 0.787040
v -0.088587 0.558357 0.786915
v -0.088035 0.558042 0.786977
v -0.088268 0.558272 0.786931
v -0.087949 0.558092 0.790729
v -0.088587 0.558733 0.790729
v -0.088035 0.558411 0.790729
v -0.088268 0.558646 0.790729
v -0.087949 0.557728 0.794418
v -0.088587 0.558357 0.794543
v -0.088035 0.558042 0.794480
v -0.088268 0.558272 0.794526
v -0.087949 0.556652 0.797966
v -0.088587 0.557244 0.798211
v -0.088035 0.556947 0.798088
v -0.088268 0.557164 0.798178
v -0.087949 0.554905 0.801235
v -0.088587 0.555438 0.801591
v -0.088035 0.555170 0.801412
v -0.088268 0.555365 0.801543
v -0.087949 0.552553 0.804101
v -0.088587 0.553006 0.804554
v -0.088035 0.552779 0.804326
v -0.088268 0.552945 0.804492
v -0.087949 0.549687 0.806452
v -0.088587 0.550043 0.806985
v -0.088035 0.549865 0.806718
v -0.088268 0.549995 0.806913
v -0.087949 0.546418 0.808200
v -0.088587 0.546663 0.808792
v -0.088035 0.546540 0.808495
v -0.088268 0.546630 0.808712
v -0.087949 0.542870 0.809276
v -0.088587 0.542995 0.809905
v -0.088035 0.542933 0.809589
v -0.088268 0.542978 0.809819
v -0.127890 0.567496 0.809648
v -0.127890 0.558101 0.819043
v -0.127890 0.545825 0.824127
v -0.127890 0.539182 0.824782
v -0.127890 0.532538 0.824127
v -0.127890 0.520263 0.819043
v -0.128588 0.572592 0.797247
v -0.129261 0.570685 0.803527
v -0.129884 0.567575 0.809336
v -0.130432 0.563368 0.814451
v -0.130884 0.558216 0.818668
v -0.131222 0.552311 0.821816
v -0.131430 0.545881 0.823760
v -0.131501 0.539182 0.824418
v -0.131430 0.532483 0.823760
v -0.131222 0.526053 0.821816
v -0.130884 0.520148 0.818668
v -0.130432 0.514995 0.814451
v -0.129884 0.510789 0.809336
v -0.129261 0.507679 0.803527
v -0.128588 0.505771 0.797247
v -0.129262 0.572630 0.796876
v -0.130592 0.570815 0.802834
v -0.131835 0.567813 0.808403
v -0.132943 0.563685 0.813367
v -0.133867 0.558551 0.817510
v -0.134564 0.552589 0.820633
v -0.134998 0.546039 0.822577
v -0.135145 0.539182 0.823237
v -0.134998 0.532325 0.822577
v -0.134564 0.525774 0.820633
v -0.133867 0.519813 0.817510
v -0.132943 0.514678 0.813367
v -0.131835 0.510551 0.808403
v -0.130592 0.507548 0.802834
v -0.129262 0.505734 0.796876
v -0.129885 0.572698 0.796272
v -0.131841 0.571048 0.801704
v -0.133699 0.568225 0.806865
v -0.135385 0.564219 0.811546
v -0.136813 0.559099 0.815514
v -0.137903 0.553036 0.818539
v -0.138585 0.546288 0.820435
v -0.138818 0.539182 0.821081
v -0.138585 0.532075 0.820435
v -0.137903 0.525328 0.818539
v -0.136813 0.519264 0.815514
v -0.135385 0.514145 0.811546
v -0.133699 0.510138 0.806865
v -0.131841 0.507316 0.801704
v -0.129885 0.505665 0.796272
v -0.130438 0.572806 0.795458
v -0.132963 0.571325 0.800143
v -0.135361 0.568527 0.804594
v -0.137597 0.564658 0.808743
v -0.139557 0.559642 0.812381
v -0.141110 0.553553 0.815263
v -0.142109 0.546605 0.817117
v -0.142430 0.539182 0.817713
v -0.142109 0.531759 0.817117
v -0.141110 0.524810 0.815263
v -0.139557 0.518722 0.812381
v -0.137597 0.513706 0.808743
v -0.135361 0.509836 0.804594
v -0.132963 0.507038 0.800143
v -0.130438 0.505557 0.795458
v -0.130900 0.572960 0.794462
v -0.133865 0.571382 0.798139
v -0.136787 0.568901 0.801761
v -0.139581 0.565277 0.805227
v -0.142063 0.560319 0.808303
v -0.144024 0.554098 0.810735
v -0.145301 0.546912 0.812319
v -0.145737 0.539182 0.812859
v -0.145301 0.531452 0.812319
v -0.144024 0.524266 0.810735
v -0.142063 0.518045 0.808303
v -0.139581 0.513087 0.805227
v -0.136787 0.509462 0.801761
v -0.133865 0.506982 0.798139
v -0.130900 0.505403 0.794462
v -0.127890 0.573235 0.790729
v -0.131235 0.572966 0.793300
v -0.134567 0.571563 0.795862
v -0.137895 0.569259 0.798419
v -0.141099 0.565716 0.800883
v -0.144029 0.560844 0.803135
v -0.146353 0.554544 0.804921
v -0.147814 0.547143 0.806045
v -0.148284 0.539182 0.806406
v -0.147814 0.531221 0.806045
v -0.146353 0.523820 0.804921
v -0.144029 0.517520 0.803135
v -0.141099 0.512648 0.800883
v -0.137894 0.509105 0.798419
v -0.134567 0.506800 0.795862
v -0.131235 0.505398 0.793300
v -0.131434 0.572896 0.792037
v -0.135023 0.571766 0.793362
v -0.138598 0.569505 0.794682
v -0.142088 0.566047 0.795970
v -0.145313 0.561209 0.797160
v -0.147810 0.554795 0.798082
v -0.149197 0.547201 0.798594
v -0.149615 0.539182 0.798748
v -0.149197 0.531162 0.798594
v -0.147810 0.523569 0.798082
v -0.145313 0.517154 0.797160
v -0.142088 0.512316 0.795970
v -0.138598 0.508858 0.794682
v -0.135023 0.506597 0.793362
v -0.131434 0.505468 0.792037
v -0.131501 0.572871 0.790729
v -0.135145 0.571690 0.790729
v -0.138818 0.569534 0.790729
v -0.142430 0.566166 0.790729
v -0.145737 0.561312 0.790729
v -0.148284 0.554859 0.790729
v -0.149615 0.547201 0.790729
v -0.150040 0.539182 0.790729
v -0.149615 0.531162 0.790729
v -0.148284 0.523505 0.790729
v -0.145737 0.517051 0.790729
v -0.142430 0.512198 0.790729
v -0.138818 0.508830 0.790729
v -0.135145 0.506674 0.790729
v -0.131501 0.505493 0.790729
v -0.131434 0.572896 0.789420
v -0.135023 0.571766 0.788096
v -0.138598 0.569505 0.786776
v -0.142088 0.566047 0.785488
v -0.145313 0.561209 0.784297
v -0.147810 0.554795 0.783375
v -0.149197 0.547201 0.782863
v -0.149615 0.539182 0.782709
v -0.149197 0.531162 0.782863
v -0.147810 0.523569 0.783375
v -0.145313 0.517154 0.784297
v -0.142088 0.512316 0.785488
v -0.138598 0.508858 0.786776
v -0.135023 0.506597 0.788096
v -0.131434 0.505468 0.789420
v -0.131235 0.572966 0.788157
v -0.134567 0.571563 0.785596
v -0.137895 0.569259 0.783038
v -0.141099 0.565716 0.780575
v -0.144029 0.560844 0.778322
v -0.146353 0.554544 0.776536
v -0.147814 0.547143 0.775413
v -0.148284 0.539182 0.775052
v -0.147814 0.531221 0.775413
v -0.146353 0.523820 0.776536
v -0.144029 0.517520 0.778322
v -0.141099 0.512648 0.780575
v -0.137894 0.509105 0.783038
v -0.134567 0.506800 0.785596
v -0.131235 0.505398 0.788157
v -0.130900 0.572960 0.786996
v -0.133865 0.571382 0.783319
v -0.136787 0.568901 0.779696
v -0.139581 0.565277 0.776231
v -0.142063 0.560319 0.773154
v -0.144024 0.554098 0.770723
v -0.145301 0.546912 0.769138
v -0.145737 0.539182 0.768598
v -0.145301 0.531452 0.769138
v -0.144024 0.524266 0.770723
v -0.142063 0.518045 0.773154
v -0.139581 0.513087 0.776231
v -0.136787 0.509462 0.779696
v -0.133865 0.506982 0.783319
v -0.130900 0.505403 0.786996
v -0.130438 0.572806 0.785999
v -0.132963 0.571325 0.781314
v -0.135361 0.568527 0.776864
v -0.137597 0.564658 0.772715
v -0.139557 0.559642 0.769077
v -0.141110 0.553553 0.766195
v -0.142109 0.546605 0.764341
v -0.142430 0.539182 0.763745
v -0.142109 0.531759 0.764341
v -0.141110 0.524810 0.766195
v -0.139557 0.518721 0.769077
v -0.137597 0.513706 0.772715
v -0.135361 0.509836 0.776864
v -0.132963 0.507038 0.781314
v -0.130438 0.505557 0.785999
v -0.129885 0.572698 0.785186
v -0.131841 0.571048 0.779754
v -0.133699 0.568225 0.774593
v -0.135385 0.564219 0.769911
v -0.136813 0.559099 0.765944
v -0.137903 0.553036 0.762919
v -0.138585 0.546288 0.761023
v -0.138818 0.539182 0.760377
v -0.138585 0.532075 0.761023
v -0.137903 0.525328 0.762919
v -0.136813 0.519264 0.765944
v -0.135385 0.514145 0.769911
v -0.133699 0.510138 0.774593
v -0.131841 0.507316 0.779754
v -0.129885 0.505665 0.785186
v -0.129262 0.572630 0.784582
v -0.130592 0.570815 0.778623
v -0.131835 0.567813 0.773054
v -0.132943 0.563685 0.768090
v -0.133867 0.558551 0.763947
v -0.134564 0.552589 0.760824
v -0.134998 0.546039 0.758881
v -0.135145 0.539182 0.758221
v -0.134998 0.532325 0.758881
v -0.134564 0.525774 0.760824
v -0.133867 0.519813 0.763947
v -0.132943 0.514678 0.768090
v -0.131835 0.510551 0.773054
v -0.130592 0.507548 0.778623
v -0.129262 0.505734 0.784582
v -0.128588 0.572592 0.784211
v -0.129261 0.570685 0.777931
v -0.129884 0.567575 0.772122
v -0.130432 0.563368 0.767007
v -0.130884 0.558216 0.762789
v -0.131222 0.552311 0.759642
v -0.131430 0.545881 0.757698
v -0.131501 0.539182 0.757040
v -0.131430 0.532483 0.757698
v -0.131222 0.526053 0.759642
v -0.130884 0.520148 0.762789
v -0.130432 0.514995 0.767007
v -0.129884 0.510789 0.772122
v -0.129261 0.507679 0.777931
v -0.128588 0.505771 0.784211
v -0.127890 0.572580 0.784085
v -0.127890 0.570643 0.777697
v -0.127890 0.567496 0.771810
v -0.127890 0.563261 0.766650
v -0.127890 0.558101 0.762415
v -0.127890 0.552213 0.759268
v -0.127890 0.545825 0.757330
v -0.127890 0.539182 0.756676
v -0.127890 0.532538 0.757330
v -0.127890 0.526150 0.759268
v -0.127890 0.520263 0.762415
v -0.127890 0.515103 0.766650
v -0.127890 0.510868 0.771810
v -0.127890 0.507721 0.777697
v -0.127890 0.505783 0.784085
v -0.127191 0.572592 0.784211
v -0.126518 0.570685 0.777931
v -0.125895 0.567575 0.772122
v -0.125347 0.563368 0.767007
v -0.124895 0.558216 0.762789
v -0.124558 0.552311 0.759642
v -0.124349 0.545881 0.757698
v -0.124279 0.539182 0.757040
v -0.124349 0.532483 0.757698
v -0.124558 0.526053 0.759642
v -0.124895 0.520148 0.762789
v -0.125347 0.514995 0.767007
v -0.125895 0.510789 0.772122
v -0.126518 0.507679 0.777931
v -0.127191 0.505771 0.784211
v -0.126518 0.572630 0.784582
v -0.125188 0.570815 0.778623
v -0.123945 0.567813 0.773054
v -0.122837 0.563685 0.768090
v -0.121912 0.558551 0.763947
v -0.121215 0.552589 0.760824
v -0.120781 0.546039 0.758881
v -0.120634 0.539182 0.758221
v -0.120781 0.532325 0.758881
v -0.121215 0.525774 0.760824
v -0.121912 0.519813 0.763947
v -0.122837 0.514678 0.768090
v -0.123945 0.510551 0.773054
v -0.125188 0.507548 0.778623
v -0.126518 0.505734 0.784582
v -0.125894 0.572698 0.785186
v -0.123938 0.571048 0.779754
v -0.122080 0.568225 0.774593
v -0.120394 0.564219 0.769911
v -0.118966 0.559099 0.765944
v -0.117877 0.553036 0.762919
v -0.117194 0.546288 0.761023
v -0.116961 0.539182 0.760377
v -0.117194 0.532075 0.761023
v -0.117877 0.525328 0.762919
v -0.118966 0.519264 0.765944
v -0.120394 0.514145 0.769911
v -0.122080 0.510138 0.774593
v -0.123938 0.507316 0.779754
v -0.125894 0.505665 0.785186
v -0.125341 0.572806 0.785999
v -0.122816 0.571325 0.781314
v -0.120418 0.568527 0.776864
v -0.118182 0.564658 0.772715
v -0.116222 0.559642 0.769077
v -0.114669 0.553553 0.766195
v -0.113670 0.546605 0.764341
v -0.113349 0.539182 0.763745
v -0.113670 0.531759 0.764341
v -0.114669 0.524810 0.766195
v -0.116222 0.518722 0.769077
v -0.118182 0.513706 0.772715
v -0.120418 0.509836 0.776864
v -0.122816 0.507038 0.781314
v -0.125341 0.505557 0.785999
v -0.127890 0.505129 0.790729
v -0.124879 0.572960 0.786996
v -0.121914 0.571382 0.783319
v -0.118992 0.568901 0.779696
v -0.116198 0.565277 0.776231
v -0.113716 0.560319 0.773154
v -0.111756 0.554098 0.770723
v -0.110478 0.546912 0.769138
v -0.110042 0.539182 0.768598
v -0.110478 0.531452 0.769138
v -0.111756 0.524266 0.770723
v -0.113716 0.518045 0.773154
v -0.116198 0.513087 0.776231
v -0.118992 0.509462 0.779696
v -0.121914 0.506982 0.783319
v -0.124879 0.505403 0.786996
v -0.124544 0.572966 0.788157
v -0.121212 0.571563 0.785596
v -0.117885 0.569259 0.783038
v -0.114680 0.565716 0.780575
v -0.111750 0.560844 0.778322
v -0.109426 0.554544 0.776536
v -0.107965 0.547143 0.775413
v -0.107495 0.539182 0.775052
v -0.107965 0.531221 0.775413
v -0.109426 0.523820 0.776536
v -0.111750 0.517520 0.778322
v -0.114680 0.512648 0.780575
v -0.117885 0.509105 0.783038
v -0.121212 0.506800 0.785596
v -0.124544 0.505398 0.788157
v -0.124345 0.572896 0.789420
v -0.120756 0.571766 0.788096
v -0.117181 0.569505 0.786776
v -0.113691 0.566047 0.785488
v -0.110467 0.561209 0.784297
v -0.107969 0.554795 0.783375
v -0.106582 0.547201 0.782863
v -0.106165 0.539182 0.782709
v -0.106582 0.531162 0.782863
v -0.107969 0.523569 0.783375
v -0.110467 0.517154 0.784297
v -0.113691 0.512316 0.785488
v -0.117181 0.508858 0.786776
v -0.120756 0.506597 0.788096
v -0.124345 0.505468 0.789420
v -0.124279 0.572871 0.790729
v -0.120634 0.571690 0.790729
v -0.116961 0.569534 0.790729
v -0.113349 0.566166 0.790729
v -0.110042 0.561312 0.790729
v -0.107495 0.554859 0.790729
v -0.106164 0.547201 0.790729
v -0.105739 0.539182 0.790729
v -0.106164 0.531162 0.790729
v -0.107495 0.523505 0.790729
v -0.110042 0.517051 0.790729
v -0.113349 0.512198 0.790729
v -0.116961 0.508830 0.790729
v -0.120634 0.506674 0.790729
v -0.124279 0.505493 0.790729
v -0.124345 0.572896 0.792037
v -0.120756 0.571766 0.793362
v -0.117181 0.569505 0.794682
v -0.113691 0.566047 0.795970
v -0.110467 0.561209 0.797160
v -0.107969 0.554795 0.798082
v -0.106582 0.547201 0.798594
v -0.106165 0.539182 0.798748
v -0.106582 0.531162 0.798594
v -0.107969 0.523569 0.798082
v -0.110467 0.517154 0.797160
v -0.113691 0.512316 0.795970
v -0.117181 0.508858 0.794682
v -0.120756 0.506597 0.793362
v -0.124345 0.505468 0.792037
v -0.124544 0.572966 0.793300
v -0.121212 0.571563 0.795862
v -0.117885 0.569259 0.798419
v -0.114680 0.565716 0.800883
v -0.111750 0.560844 0.803135
v -0.109426 0.554544 0.804921
v -0.107965 0.547143 0.806045
v -0.107495 0.539182 0.806406
v -0.107965 0.531221 0.806045
v -0.109426 0.523820 0.804921
v -0.111750 0.517520 0.803135
v -0.114680 0.512648 0.800883
v -0.117885 0.509105 0.798419
v -0.121212 0.506800 0.795862
v -0.124544 0.505398 0.793300
v -0.124879 0.572960 0.794462
v -0.121914 0.571382 0.798139
v -0.118992 0.568901 0.801761
v -0.116198 0.565277 0.805227
v -0.113716 0.560319 0.808303
v -0.111756 0.554098 0.810735
v -0.110478 0.546912 0.812319
v -0.110042 0.539182 0.812859
v -0.110478 0.531452 0.812319
v -0.111756 0.524266 0.810735
v -0.113716 0.518045 0.808303
v -0.116198 0.513087 0.805227
v -0.118992 0.509462 0.801761
v -0.121914 0.506982 0.798139
v -0.124879 0.505403 0.794462
v -0.125341 0.572806 0.795458
v -0.122816 0.571325 0.800143
v -0.120418 0.568527 0.804594
v -0.118182 0.564658 0.808743
v -0.116222 0.559642 0.812381
v -0.114669 0.553553 0.815263
v -0.113670 0.546605 0.817117
v -0.113349 0.539182 0.817713
v -0.113670 0.531759 0.817117
v -0.114669 0.524810 0.815263
v -0.116222 0.518722 0.812381
v -0.118182 0.513706 0.808743
v -0.120418 0.509836 0.804594
v -0.122816 0.507038 0.800143
v -0.125341 0.505557 0.795458
v -0.125894 0.572698 0.796272
v -0.123938 0.571048 0.801704
v -0.122080 0.568225 0.806865
v -0.120394 0.564219 0.811546
v -0.118966 0.559099 0.815514
v -0.117877 0.553036 0.818539
v -0.117194 0.546288 0.820435
v -0.116961 0.539182 0.821081
v -0.117194 0.532075 0.820435
v -0.117877 0.525328 0.818539
v -0.118966 0.519264 0.815514
v -0.120394 0.514145 0.811546
v -0.122080 0.510138 0.806865
v -0.123938 0.507316 0.801704
v -0.125894 0.505665 0.796272
v -0.126518 0.572630 0.796876
v -0.125188 0.570815 0.802834
v -0.123945 0.567813 0.808403
v -0.122837 0.563685 0.813367
v -0.121912 0.558551 0.817510
v -0.121215 0.552589 0.820633
v -0.120781 0.546039 0.822577
v -0.120634 0.539182 0.823237
v -0.120781 0.532325 0.822577
v -0.121215 0.525774 0.820633
v -0.121912 0.519813 0.817510
v -0.122837 0.514678 0.813367
v -0.123945 0.510551 0.808403
v -0.125188 0.507548 0.802834
v -0.126518 0.505734 0.796876
v -0.127191 0.572592 0.797247
v -0.126518 0.570685 0.803527
v -0.125895 0.567575 0.809336
v -0.125347 0.563368 0.814451
v -0.124895 0.558216 0.818668
v -0.124558 0.552311 0.821816
v -0.124349 0.545881 0.823760
v -0.124279 0.539182 0.824418
v -0.124349 0.532483 0.823760
v -0.124558 0.526053 0.821816
v -0.124895 0.520148 0.818668
v -0.125347 0.514995 0.814451
v -0.125895 0.510789 0.809336
v -0.126518 0.507679 0.803527
v -0.127191 0.505771 0.797247
v -0.127890 0.572580 0.797372
v -0.127890 0.570643 0.803760
v -0.127890 0.563261 0.814808
v -0.127890 0.552213 0.822190
v -0.127890 0.526150 0.822190
v -0.127890 0.515103 0.814808
v -0.127890 0.510868 0.809648
v -0.127890 0.507721 0.803760
v -0.127890 0.505783 0.797372
v -0.081771 0.436363 0.764878
v -0.081771 0.436363 0.816552
v -0.077720 0.436363 0.816552
v -0.077720 0.436363 0.764878
v -0.081771 0.351449 0.799327
v -0.081771 0.351449 0.782102
v -0.081771 0.622266 0.782102
v -0.081771 0.622266 0.799327
v -0.077720 0.351449 0.782102
v -0.077720 0.351449 0.799327
v -0.077720 0.622266 0.799327
v -0.077720 0.622266 0.782102
v -0.081771 0.394018 0.816552
v -0.077720 0.394018 0.816552
v -0.077720 0.394018 0.764878
v -0.081771 0.394018 0.764878
v -0.081771 0.420483 0.764878
v -0.081771 0.420483 0.816552
v -0.077720 0.420483 0.816552
v -0.077720 0.420483 0.764878
v -0.081771 0.420483 0.783505
v -0.081771 0.420483 0.797477
v -0.077720 0.420483 0.797477
v -0.077720 0.420483 0.783505
v -0.077720 0.436363 0.790715
v -0.077720 0.427809 0.798331
v -0.077720 0.436363 0.807939
v -0.077720 0.444975 0.799327
v -0.077720 0.436072 0.792910
v -0.077720 0.435217 0.794887
v -0.077720 0.433858 0.796513
v -0.077720 0.432086 0.797675
v -0.077720 0.430023 0.798295
v -0.077720 0.427784 0.782860
v -0.077720 0.436363 0.790715
v -0.077720 0.444975 0.782102
v -0.077720 0.436363 0.773490
v -0.077720 0.430004 0.782958
v -0.077720 0.432074 0.783635
v -0.077720 0.433850 0.784847
v -0.077720 0.435214 0.786510
v -0.077720 0.436071 0.788512
v -0.081771 0.436363 0.790715
v -0.081771 0.427784 0.782860
v -0.081771 0.436363 0.773490
v -0.081771 0.444975 0.782102
v -0.081771 0.436071 0.788512
v -0.081771 0.435214 0.786510
v -0.081771 0.433850 0.784847
v -0.081771 0.432074 0.783635
v -0.081771 0.430004 0.782958
v -0.081771 0.427809 0.798331
v -0.081771 0.436363 0.790715
v -0.081771 0.444975 0.799327
v -0.081771 0.436363 0.807939
v -0.081771 0.430023 0.798295
v -0.081771 0.432086 0.797675
v -0.081771 0.433858 0.796513
v -0.081771 0.435217 0.794887
v -0.081771 0.436072 0.792910
v -0.081771 0.396697 0.782244
v -0.081771 0.394018 0.784785
v -0.081771 0.391335 0.782102
v -0.081771 0.394018 0.779419
v -0.081771 0.396003 0.782299
v -0.081771 0.395357 0.782533
v -0.081771 0.394802 0.782930
v -0.081771 0.394377 0.783463
v -0.081771 0.394109 0.784096
v -0.081771 0.394018 0.796644
v -0.081771 0.396694 0.799140
v -0.081771 0.394018 0.802010
v -0.081771 0.391335 0.799327
v -0.081771 0.394109 0.797332
v -0.081771 0.394376 0.797961
v -0.081771 0.394801 0.798486
v -0.081771 0.395356 0.798874
v -0.081771 0.396001 0.799097
v -0.077720 0.396694 0.799140
v -0.077720 0.394018 0.796644
v -0.077720 0.391335 0.799327
v -0.077720 0.394018 0.802010
v -0.077720 0.396001 0.799097
v -0.077720 0.395356 0.798874
v -0.077720 0.394801 0.798486
v -0.077720 0.394376 0.797961
v -0.077720 0.394109 0.797332
v -0.077720 0.394018 0.784785
v -0.077720 0.396697 0.782244
v -0.077720 0.394018 0.779419
v -0.077720 0.391335 0.782102
v -0.077720 0.394109 0.784096
v -0.077720 0.394377 0.783463
v -0.077720 0.394802 0.782930
v -0.077720 0.395357 0.782533
v -0.077720 0.396003 0.782299
v -0.081771 0.351449 0.782102
v -0.081771 0.368674 0.764878
v -0.081771 0.352036 0.777644
v -0.081771 0.353757 0.773490
v -0.081771 0.356494 0.769923
v -0.081771 0.360061 0.767185
v -0.081771 0.364216 0.765465
v -0.081771 0.605041 0.764878
v -0.081771 0.622266 0.782102
v -0.081771 0.609499 0.765465
v -0.081771 0.613653 0.767185
v -0.081771 0.617221 0.769923
v -0.081771 0.619958 0.773490
v -0.081771 0.621679 0.777644
v -0.081771 0.368674 0.816552
v -0.081771 0.351449 0.799327
v -0.081771 0.364216 0.815965
v -0.081771 0.360061 0.814244
v -0.081771 0.356494 0.811507
v -0.081771 0.353757 0.807939
v -0.081771 0.352036 0.803785
v -0.081771 0.622266 0.799327
v -0.081771 0.605041 0.816552
v -0.081771 0.621679 0.803785
v -0.081771 0.619958 0.807939
v -0.081771 0.617221 0.811507
v -0.081771 0.613653 0.814244
v -0.081771 0.609499 0.815965
v -0.077720 0.368674 0.764878
v -0.077720 0.351449 0.782102
v -0.077720 0.364216 0.765465
v -0.077720 0.360061 0.767185
v -0.077720 0.356494 0.769923
v -0.077720 0.353757 0.773490
v -0.077720 0.352036 0.777644
v -0.077720 0.622266 0.782102
v -0.077720 0.605041 0.764878
v -0.077720 0.621679 0.777644
v -0.077720 0.619958 0.773490
v -0.077720 0.617221 0.769923
v -0.077720 0.613653 0.767185
v -0.077720 0.609499 0.765465
v -0.077720 0.351449 0.799327
v -0.077720 0.368674 0.816552
v -0.077720 0.352036 0.803785
v -0.077720 0.353757 0.807939
v -0.077720 0.356494 0.811507
v -0.077720 0.360061 0.814244
v -0.077720 0.364216 0.815965
v -0.077720 0.605041 0.816552
v -0.077720 0.622266 0.799327
v -0.077720 0.609499 0.815965
v -0.077720 0.613653 0.814244
v -0.077720 0.617221 0.811507
v -0.077720 0.619958 0.807939
v -0.077720 0.621679 0.803785
vn -1.0000 -0.0000 -0.0000
vn -0.0000 -0.0000 -1.0000
vn 1.0000 -0.0000 -0.0000
vn -0.0000 -0.0000 1.0000
vn -0.0000 -1.0000 -0.0000
vn -0.0000 1.0000 -0.0000
vn -0.0000 -0.3529 -0.9357
vn -0.0000 0.3529 -0.9357
vn 0.1846 0.3470 -0.9195
vn 0.1846 -0.3470 -0.9195
vn 0.3646 0.3293 -0.8710
vn 0.3646 -0.3293 -0.8710
vn 0.5347 0.2999 -0.7900
vn 0.5347 -0.2999 -0.7900
vn 0.6889 0.2591 -0.6770
vn 0.6889 -0.2591 -0.6770
vn 0.8198 0.2081 -0.5335
vn 0.8198 -0.2081 -0.5335
vn 0.9196 0.1500 -0.3632
vn 0.9196 -0.1500 -0.3632
vn 0.9797 0.0956 -0.1764
vn 0.9797 -0.0956 -0.1764
vn 0.9974 0.0722 -0.0000
vn 0.9974 -0.0722 -0.0000
vn 0.9797 0.0956 0.1764
vn 0.9797 -0.0956 0.1764
vn 0.9196 0.1500 0.3632
vn 0.9196 -0.1500 0.3632
vn 0.8198 0.2081 0.5335
vn 0.8198 -0.2081 0.5335
vn 0.6889 0.2591 0.6770
vn 0.6889 -0.2591 0.6770
vn 0.5347 0.2999 0.7900
vn 0.5347 -0.2999 0.7900
vn 0.3646 0.3293 0.8710
vn 0.3646 -0.3293 0.8710
vn 0.1846 0.3470 0.9195
vn 0.1846 -0.3470 0.9195
vn -0.0000 0.3529 0.9357
vn -0.0000 -0.3529 0.9357
vn -0.1846 0.3470 0.9195
vn -0.1846 -0.3470 0.9195
vn -0.3646 0.3293 0.8710
vn -0.3646 -0.3293 0.8710
vn -0.5347 0.2999 0.7900
vn -0.5347 -0.2999 0.7900
vn -0.6889 0.2591 0.6770
vn -0.6889 -0.2591 0.6770
vn -0.8198 0.2081 0.5335
vn -0.8198 -0.2081 0.5335
vn -0.9196 0.1500 0.3632
vn -0.9196 -0.1500 0.3632
vn -0.9797 0.0956 0.1764
vn -0.9797 -0.0956 0.1764
vn -0.9974 0.0722 -0.0000
vn -0.9974 -0.0722 -0.0000
vn -0.9797 0.0956 -0.1764
vn -0.9797 -0.0956 -0.1764
vn -0.9196 0.1500 -0.3632
vn -0.9196 -0.1500 -0.3632
vn -0.8198 0.2081 -0.5335
vn -0.8198 -0.2081 -0.5335
vn -0.6889 0.2591 -0.6770
vn -0.6889 -0.2591 -0.6770
vn -0.5347 0.2999 -0.7900
vn -0.5347 -0.2999 -0.7900
vn -0.3646 0.3293 -0.8710
vn -0.3646 -0.3293 -0.8710
vn -0.1846 0.3470 -0.9195
vn -0.1846 -0.3470 -0.9195
vn -0.0000 0.3675 -0.9300
vn 0.9656 -0.0000 -0.2602
vn 0.9723 -0.0436 -0.2296
vn -0.0000 0.2395 -0.9709
vn 0.9827 -0.0691 -0.1720
vn -0.0000 0.1565 -0.9877
vn 0.9891 -0.0808 -0.1233
vn -0.0000 0.1063 -0.9943
vn 0.9924 -0.0861 -0.0874
vn -0.0000 0.0738 -0.9973
vn 0.9942 -0.0888 -0.0600
vn -0.0000 0.0506 -0.9987
vn 0.9952 -0.0902 -0.0377
vn -0.0000 0.0327 -0.9995
vn 0.9957 -0.0909 -0.0182
vn -0.0000 0.0185 -0.9998
vn 0.9958 -0.0911 -0.0000
vn 0.9957 -0.0909 0.0182
vn -0.0000 0.0185 0.9998
vn 0.9952 -0.0902 0.0377
vn -0.0000 0.0327 0.9995
vn 0.9942 -0.0888 0.0600
vn -0.0000 0.0506 0.9987
vn 0.9924 -0.0861 0.0874
vn -0.0000 0.0738 0.9973
vn 0.9891 -0.0808 0.1233
vn -0.0000 0.1063 0.9943
vn 0.9827 -0.0691 0.1720
vn -0.0000 0.1565 0.9877
vn 0.9723 -0.0436 0.2296
vn -0.0000 0.2395 0.9709
vn 0.9656 -0.0000 0.2602
vn -0.0000 0.3675 0.9300
vn 0.9723 0.0436 0.2296
vn -0.0000 0.5312 0.8473
vn 0.9827 0.0691 0.1720
vn -0.0000 0.6934 0.7206
vn 0.9891 0.0808 0.1233
vn -0.0000 0.8170 0.5767
vn 0.9924 0.0861 0.0874
vn -0.0000 0.8984 0.4392
vn 0.9942 0.0888 0.0600
vn -0.0000 0.9490 0.3152
vn 0.9952 0.0902 0.0377
vn -0.0000 0.9791 0.2033
vn 0.9957 0.0909 0.0182
vn -0.0000 0.9950 0.0996
vn 0.9958 0.0911 -0.0000
vn 0.9957 0.0909 -0.0182
vn -0.0000 0.9950 -0.0996
vn 0.9952 0.0902 -0.0377
vn -0.0000 0.9791 -0.2033
vn 0.9942 0.0888 -0.0600
vn -0.0000 0.9490 -0.3152
vn 0.9924 0.0861 -0.0874
vn -0.0000 0.8984 -0.4392
vn 0.9891 0.0808 -0.1233
vn -0.0000 0.8170 -0.5767
vn 0.9827 0.0691 -0.1720
vn -0.0000 0.6934 -0.7206
vn 0.9723 0.0436 -0.2296
vn -0.0000 0.5312 -0.8473
vn -0.9656 -0.0000 -0.2602
vn -0.9723 -0.0436 -0.2296
vn -0.9827 -0.0691 -0.1720
vn -0.9891 -0.0808 -0.1233
vn -0.9924 -0.0861 -0.0874
vn -0.9942 -0.0888 -0.0600
vn -0.9952 -0.0902 -0.0377
vn -0.9957 -0.0909 -0.0182
vn -0.9958 -0.0911 -0.0000
vn -0.9957 -0.0909 0.0182
vn -0.9952 -0.0902 0.0377
vn -0.9942 -0.0888 0.0600
vn -0.9924 -0.0861 0.0874
vn -0.9891 -0.0808 0.1233
vn -0.9827 -0.0691 0.1720
vn -0.9723 -0.0436 0.2296
vn -0.9656 -0.0000 0.2602
vn -0.9723 0.0436 0.2296
vn -0.9827 0.0691 0.1720
vn -0.9891 0.0808 0.1233
vn -0.9924 0.0861 0.0874
vn -0.9942 0.0888 0.0600
vn -0.9952 0.0902 0.0377
vn -0.9957 0.0909 0.0182
vn -0.9958 0.0911 -0.0000
vn -0.9957 0.0909 -0.0182
vn -0.9952 0.0902 -0.0377
vn -0.9942 0.0888 -0.0600
vn -0.9924 0.0861 -0.0874
vn -0.9891 0.0808 -0.1233
vn -0.9827 0.0691 -0.1720
vn -0.9723 0.0436 -0.2296
vn 0.9963 0.0855 -0.0000
vn 0.9963 0.0862 -0.0000
vn -0.9962 0.0870 -0.0000
vn -0.9962 0.0869 -0.0000
vn 0.9965 0.0841 -0.0000
vn 0.9966 0.0818 -0.0000
vn -0.9962 0.0867 -0.0000
vn 0.9969 0.0786 -0.0000
vn -0.9963 0.0862 -0.0000
vn -0.9969 0.0786 -0.0000
vn -0.9970 0.0768 -0.0000
vn 0.9970 0.0768 -0.0000
vn -0.9963 0.0855 -0.0000
vn -0.9966 0.0818 -0.0000
vn -0.9965 0.0841 -0.0000
vn 0.9962 0.0867 -0.0000
vn 0.9962 0.0869 -0.0000
vn 0.9962 0.0870 -0.0000
vn 0.9815 -0.0000 -0.1914
vn 0.9835 -0.0338 -0.1776
vn 0.9878 -0.0582 -0.1447
vn 0.9913 -0.0719 -0.1099
vn 0.9936 -0.0793 -0.0804
vn 0.9949 -0.0833 -0.0563
vn 0.9957 -0.0855 -0.0357
vn 0.9961 -0.0866 -0.0174
vn 0.9962 -0.0869 -0.0000
vn 0.9961 -0.0866 0.0174
vn 0.9957 -0.0855 0.0357
vn 0.9949 -0.0833 0.0563
vn 0.9936 -0.0793 0.0804
vn 0.9913 -0.0719 0.1099
vn 0.9878 -0.0582 0.1447
vn 0.9835 -0.0338 0.1776
vn 0.9815 -0.0000 0.1914
vn 0.9835 0.0338 0.1776
vn 0.9878 0.0582 0.1447
vn 0.9913 0.0719 0.1099
vn 0.9936 0.0793 0.0804
vn 0.9949 0.0833 0.0563
vn 0.9957 0.0855 0.0357
vn 0.9961 0.0866 0.0174
vn 0.9961 0.0866 -0.0174
vn 0.9957 0.0855 -0.0357
vn 0.9949 0.0833 -0.0563
vn 0.9936 0.0793 -0.0804
vn 0.9913 0.0719 -0.1099
vn 0.9878 0.0582 -0.1447
vn 0.9835 0.0338 -0.1776
vn 0.2511 0.3532 0.9012
vn 0.2455 0.3599 0.9001
vn 0.2288 0.5182 0.8241
vn 0.2338 0.5162 0.8240
vn -0.9991 0.0359 0.0221
vn -0.9992 0.0384 0.0146
vn -0.9986 -0.0111 0.0511
vn -0.9985 -0.0000 0.0541
vn 0.2072 0.6778 0.7055
vn 0.2115 0.6787 0.7033
vn -0.9990 0.0322 0.0297
vn -0.9988 -0.0202 0.0447
vn 0.1848 0.8021 0.5679
vn 0.1886 0.8033 0.5649
vn -0.9989 0.0271 0.0373
vn -0.9989 -0.0271 0.0373
vn 0.1660 0.8854 0.4342
vn 0.1693 0.8861 0.4315
vn -0.9988 0.0202 0.0447
vn -0.9990 -0.0322 0.0297
vn 0.1519 0.9377 0.3124
vn 0.1549 0.9379 0.3104
vn -0.9986 0.0111 0.0511
vn -0.9991 -0.0359 0.0221
vn 0.1422 0.9690 0.2018
vn 0.1454 0.9689 0.2005
vn -0.9992 -0.0384 0.0146
vn 0.1368 0.9856 0.0990
vn 0.1399 0.9853 0.0983
vn -0.9992 -0.0397 0.0072
vn 0.1352 0.9908 -0.0000
vn 0.1381 0.9904 -0.0000
vn -0.9992 -0.0402 -0.0000
vn 0.1368 0.9856 -0.0990
vn 0.1399 0.9853 -0.0983
vn -0.9992 -0.0397 -0.0072
vn 0.1422 0.9690 -0.2018
vn 0.1454 0.9688 -0.2005
vn -0.9992 -0.0384 -0.0146
vn 0.1519 0.9377 -0.3124
vn 0.1549 0.9379 -0.3104
vn -0.9991 -0.0359 -0.0221
vn 0.1660 0.8854 -0.4342
vn 0.1693 0.8861 -0.4315
vn 1.0000 -0.0000 -0.0093
vn 0.9999 0.0003 -0.0125
vn 0.9992 -0.0104 -0.0395
vn 0.9989 -0.0000 -0.0463
vn -0.9990 -0.0322 -0.0297
vn 0.1848 0.8021 -0.5679
vn 0.1886 0.8033 -0.5649
vn 0.2847 0.1478 -0.9472
vn 0.2785 0.1537 -0.9481
vn 0.3078 0.1037 -0.9458
vn 0.3149 0.0993 -0.9439
vn -0.9989 -0.0271 -0.0373
vn 0.2072 0.6778 -0.7054
vn 0.2115 0.6787 -0.7033
vn 0.3562 0.0710 -0.9317
vn 0.3642 0.0676 -0.9289
vn -0.9988 -0.0202 -0.0447
vn 0.2288 0.5182 -0.8241
vn 0.2338 0.5162 -0.8239
vn 0.4370 0.0475 -0.8982
vn 0.4459 0.0444 -0.8940
vn -0.9986 -0.0111 -0.0511
vn 0.2455 0.3599 -0.9001
vn 0.2511 0.3532 -0.9012
vn 0.5761 0.0289 -0.8169
vn 0.5868 0.0256 -0.8093
vn -0.9985 -0.0000 -0.0541
vn 0.2600 0.2356 -0.9364
vn 0.2658 0.2278 -0.9367
vn 0.8102 0.0135 -0.5860
vn 0.8182 0.0097 -0.5749
vn -0.9986 0.0111 -0.0511
vn 1.0000 0.0058 -0.0000
vn 1.0000 0.0015 -0.0000
vn -0.9988 0.0202 -0.0447
vn 0.8102 0.0135 0.5860
vn 0.8182 0.0097 0.5749
vn -0.9989 0.0271 -0.0373
vn 0.5761 0.0289 0.8169
vn 0.5868 0.0256 0.8093
vn -0.9990 0.0322 -0.0297
vn 0.4370 0.0475 0.8982
vn 0.4459 0.0444 0.8940
vn -0.9991 0.0359 -0.0221
vn 0.3562 0.0710 0.9317
vn 0.3642 0.0676 0.9289
vn -0.9992 0.0384 -0.0146
vn 0.3078 0.1037 0.9458
vn 0.3149 0.0993 0.9439
vn -0.9992 0.0397 -0.0072
vn 0.2785 0.1537 0.9481
vn 0.2847 0.1478 0.9472
vn -0.9992 0.0402 -0.0000
vn 0.2600 0.2356 0.9364
vn 0.2657 0.2278 0.9367
vn -0.9992 0.0397 0.0072
vn 0.9925 -0.0000 -0.1220
vn 0.9934 0.0234 -0.1123
vn 0.9949 0.0400 -0.0924
vn 0.9961 0.0505 -0.0725
vn 0.9969 0.0571 -0.0549
vn 0.9973 0.0613 -0.0394
vn 0.9976 0.0639 -0.0255
vn 0.9978 0.0653 -0.0125
vn 0.9978 0.0658 -0.0000
vn 0.9978 0.0653 0.0125
vn 0.9976 0.0639 0.0255
vn 0.9973 0.0613 0.0394
vn 0.9969 0.0571 0.0549
vn 0.9961 0.0505 0.0725
vn 0.9949 0.0400 0.0924
vn 0.9934 0.0234 0.1123
vn 0.9925 -0.0000 0.1220
vn 0.9934 -0.0234 0.1123
vn 0.9949 -0.0400 0.0924
vn 0.9961 -0.0505 0.0725
vn 0.9969 -0.0571 0.0549
vn 0.9973 -0.0613 0.0394
vn 0.9976 -0.0639 0.0255
vn 0.9978 -0.0653 0.0125
vn 0.9978 -0.0658 -0.0000
vn 0.9978 -0.0653 -0.0125
vn 0.9976 -0.0639 -0.0255
vn 0.9973 -0.0613 -0.0394
vn 0.9969 -0.0571 -0.0549
vn 0.9961 -0.0505 -0.0725
vn 0.9949 -0.0400 -0.0924
vn 0.9934 -0.0234 -0.1123
vn -0.1380 -0.9710 0.1951
vn 0.1380 -0.9710 0.1951
vn 0.1379 -0.9135 0.3827
vn -0.1379 -0.9135 0.3827
vn -0.1379 0.9135 0.3827
vn 0.1379 0.9135 0.3827
vn 0.1379 0.9710 0.1951
vn -0.1379 0.9710 0.1951
vn -0.1381 -0.9904 -0.0000
vn 0.1381 -0.9904 -0.0000
vn -0.1379 0.8201 0.5553
vn 0.1379 0.8201 0.5553
vn -0.1380 -0.9710 -0.1951
vn 0.1380 -0.9710 -0.1951
vn -0.1380 0.6945 0.7061
vn 0.1380 0.6945 0.7061
vn -0.1379 -0.9135 -0.3827
vn 0.1379 -0.9135 -0.3827
vn -0.1380 0.5416 0.8292
vn 0.1380 0.5416 0.8292
vn -0.1380 -0.8201 -0.5553
vn 0.1380 -0.8201 -0.5553
vn -0.1379 0.3683 0.9194
vn 0.1379 0.3683 0.9194
vn -0.1380 -0.6945 -0.7061
vn 0.1380 -0.6945 -0.7061
vn -0.1372 -0.0000 0.9905
vn 0.1372 -0.0000 0.9905
vn 0.1375 0.1843 0.9732
vn -0.1375 0.1843 0.9732
vn 0.9999 0.0003 0.0125
vn 1.0000 -0.0000 0.0093
vn 0.9989 -0.0000 0.0463
vn 0.9992 -0.0104 0.0395
vn -0.1380 -0.5416 -0.8292
vn 0.1380 -0.5416 -0.8292
vn -0.1375 -0.1843 0.9732
vn 0.1375 -0.1843 0.9732
vn -0.1378 -0.3683 -0.9194
vn 0.1378 -0.3683 -0.9194
vn 0.9999 0.0018 -0.0162
vn 0.9999 -0.0003 -0.0125
vn 0.9992 0.0104 -0.0394
vn 0.9995 0.0156 -0.0268
vn 0.9999 -0.0018 0.0162
vn 0.9995 -0.0156 0.0268
vn -0.1375 -0.1843 -0.9732
vn 0.1375 -0.1843 -0.9732
vn 0.9999 0.0047 -0.0164
vn 0.9997 0.0168 -0.0165
vn 0.9999 -0.0047 0.0164
vn 0.9997 -0.0168 0.0165
vn -0.9989 -0.0000 -0.0463
vn -0.9992 -0.0104 -0.0395
vn 0.9999 0.0069 -0.0142
vn 0.9998 0.0163 -0.0095
vn 0.9999 -0.0069 0.0142
vn 0.9998 -0.0163 0.0095
vn 0.9999 0.0084 -0.0111
vn 0.9999 0.0154 -0.0050
vn 0.9999 -0.0083 0.0111
vn 0.9999 -0.0154 0.0050
vn 0.9999 0.0093 -0.0076
vn 0.9999 0.0144 -0.0023
vn 0.9999 -0.0093 0.0076
vn 0.9999 -0.0144 0.0023
vn 0.9999 0.0098 -0.0039
vn 0.9999 0.0138 -0.0008
vn 0.9999 -0.0098 0.0039
vn 0.9999 -0.0138 0.0008
vn 0.9999 -0.0003 0.0125
vn 0.9999 0.0018 0.0162
vn 0.9995 0.0156 0.0268
vn 0.9992 0.0104 0.0394
vn -0.9995 -0.0156 -0.0268
vn -0.9997 -0.0168 -0.0165
vn -0.9998 -0.0163 -0.0095
vn -0.9999 -0.0154 -0.0050
vn -0.9999 -0.0144 -0.0023
vn -0.9999 -0.0138 -0.0008
vn -0.9999 -0.0135 -0.0000
vn -0.9999 -0.0138 0.0008
vn -0.9999 -0.0144 0.0023
vn -0.9999 -0.0154 0.0050
vn -0.9998 -0.0163 0.0095
vn -0.9997 -0.0168 0.0165
vn -0.9995 -0.0156 0.0268
vn -0.9992 -0.0104 0.0395
vn -0.9989 -0.0000 0.0463
vn -0.9992 0.0104 0.0394
vn -0.9995 0.0156 0.0268
vn -0.9997 0.0168 0.0165
vn -0.9998 0.0163 0.0095
vn -0.9999 0.0154 0.0050
vn -0.9999 0.0144 0.0023
vn -0.9999 0.0138 0.0008
vn -0.9999 0.0135 -0.0000
vn -0.9999 0.0138 -0.0008
vn -0.9999 0.0144 -0.0023
vn -0.9999 0.0154 -0.0050
vn -0.9998 0.0163 -0.0095
vn -0.9997 0.0168 -0.0165
vn -0.9995 0.0156 -0.0268
vn -0.9992 0.0104 -0.0394
vn 0.1380 0.9904 -0.0000
vn -0.1380 0.9904 -0.0000
vn 0.1380 -0.8201 0.5553
vn -0.1380 -0.8201 0.5553
vn 0.1379 0.9710 -0.1951
vn -0.1379 0.9710 -0.1951
vn 0.1380 -0.6945 0.7061
vn -0.1380 -0.6945 0.7061
vn 0.1379 0.9135 -0.3827
vn -0.1379 0.9135 -0.3827
vn 0.1380 -0.5416 0.8292
vn -0.1380 -0.5416 0.8292
vn 0.1379 0.8201 -0.5553
vn -0.1379 0.8201 -0.5553
vn 0.1378 -0.3683 0.9194
vn -0.1378 -0.3683 0.9194
vn 0.1380 0.6945 -0.7061
vn -0.1380 0.6945 -0.7061
vn -0.1372 -0.0000 -0.9905
vn 0.1372 -0.0000 -0.9905
vn 0.1380 0.5416 -0.8292
vn -0.1380 0.5416 -0.8292
vn 0.9999 -0.0018 -0.0162
vn 0.9995 -0.0156 -0.0268
vn 0.1379 0.3683 -0.9194
vn -0.1379 0.3683 -0.9194
vn 0.9999 -0.0047 -0.0164
vn 0.9997 -0.0168 -0.0165
vn 0.9999 0.0047 0.0164
vn 0.9997 0.0168 0.0165
vn 0.1375 0.1843 -0.9732
vn -0.1375 0.1843 -0.9732
vn 0.9999 -0.0069 -0.0142
vn 0.9998 -0.0163 -0.0095
vn 0.9999 0.0069 0.0142
vn 0.9998 0.0163 0.0095
vn 0.9999 -0.0083 -0.0111
vn 0.9999 -0.0154 -0.0050
vn 0.9999 0.0084 0.0111
vn 0.9999 0.0154 0.0050
vn 0.9999 -0.0093 -0.0076
vn 0.9999 -0.0144 -0.0023
vn 0.9999 0.0093 0.0076
vn 0.9999 0.0144 0.0023
vn 0.9999 -0.0098 -0.0039
vn 0.9999 -0.0138 -0.0008
vn 0.9999 0.0098 0.0039
vn 0.9999 0.0138 0.0008
vn 1.0000 -0.0100 -0.0000
vn 0.9999 -0.0135 -0.0000
vn 1.0000 0.0100 -0.0000
vn 0.9999 0.0135 -0.0000
vn 0.9129 -0.1502 -0.3796
vn 0.9071 -0.0776 -0.4136
vn 0.5359 -0.3127 -0.7843
vn 0.5328 -0.1567 -0.8316
vn 0.9163 -0.2169 -0.3366
vn 0.5373 -0.4599 -0.7070
vn 0.9179 -0.2763 -0.2847
vn 0.5378 -0.5901 -0.6021
vn 0.9186 -0.3259 -0.2235
vn 0.5378 -0.6974 -0.4737
vn 0.9189 -0.3632 -0.1541
vn 0.5377 -0.7774 -0.3266
vn 0.9190 -0.3864 -0.0787
vn 0.5377 -0.8265 -0.1666
vn 0.9190 -0.3943 -0.0000
vn 0.5376 -0.8432 -0.0000
vn 0.9190 -0.3864 0.0787
vn 0.5377 -0.8265 0.1666
vn 0.9189 -0.3631 0.1541
vn 0.5377 -0.7773 0.3266
vn 0.9186 -0.3259 0.2235
vn 0.5378 -0.6974 0.4736
vn 0.9179 -0.2763 0.2847
vn 0.5378 -0.5901 0.6021
vn 0.9163 -0.2169 0.3366
vn 0.5373 -0.4599 0.7070
vn 0.9129 -0.1502 0.3796
vn 0.5358 -0.3127 0.7843
vn 0.9071 -0.0776 0.4136
vn 0.5328 -0.1567 0.8316
vn 0.9034 -0.0000 0.4287
vn 0.5306 -0.0000 0.8476
vn 0.9071 0.0776 0.4136
vn 0.5328 0.1567 0.8316
vn 0.9129 0.1502 0.3796
vn 0.5359 0.3127 0.7843
vn 0.9163 0.2169 0.3366
vn 0.5373 0.4599 0.7069
vn 0.9179 0.2763 0.2847
vn 0.5378 0.5901 0.6021
vn 0.9186 0.3259 0.2235
vn 0.5378 0.6974 0.4737
vn 0.9189 0.3632 0.1541
vn 0.5377 0.7773 0.3266
vn 0.9190 0.3864 0.0787
vn 0.5377 0.8265 0.1666
vn 0.9190 0.3943 -0.0000
vn 0.5376 0.8432 -0.0000
vn 0.9190 0.3864 -0.0787
vn 0.5377 0.8265 -0.1666
vn 0.9189 0.3632 -0.1541
vn 0.5377 0.7773 -0.3266
vn 0.9186 0.3259 -0.2235
vn 0.5378 0.6974 -0.4737
vn 0.9179 0.2763 -0.2847
vn 0.5378 0.5901 -0.6021
vn 0.9163 0.2169 -0.3366
vn 0.5373 0.4599 -0.7069
vn 0.9129 0.1502 -0.3796
vn 0.5359 0.3127 -0.7843
vn 0.9071 0.0776 -0.4136
vn 0.5328 0.1567 -0.8316
vn 0.9034 -0.0000 -0.4287
vn 0.5306 -0.0000 -0.8476
vn -0.5631 -0.1528 -0.8121
vn -0.5606 -0.0000 -0.8281
vn -0.9429 -0.0615 -0.3273
vn -0.9390 -0.0000 -0.3440
vn 0.5706 -0.1552 -0.8064
vn 0.5722 -0.0000 -0.8201
vn 0.9519 -0.0591 -0.3005
vn 0.9519 -0.0000 -0.3063
vn 0.5688 -0.3093 -0.7621
vn 0.9529 -0.1159 -0.2802
vn 0.5684 -0.4533 -0.6867
vn 0.9545 -0.1663 -0.2474
vn 0.5686 -0.5794 -0.5839
vn 0.9560 -0.2085 -0.2065
vn 0.5691 -0.6826 -0.4585
vn 0.9571 -0.2420 -0.1597
vn 0.5695 -0.7590 -0.3156
vn 0.9578 -0.2663 -0.1087
vn 0.5695 -0.8061 -0.1609
vn 0.9582 -0.2808 -0.0550
vn 0.5693 -0.8221 -0.0000
vn 0.9583 -0.2856 -0.0000
vn 0.5695 -0.8061 0.1609
vn 0.9582 -0.2808 0.0550
vn 0.5695 -0.7590 0.3156
vn 0.9578 -0.2663 0.1087
vn 0.5691 -0.6826 0.4585
vn 0.9571 -0.2420 0.1597
vn 0.5686 -0.5794 0.5839
vn 0.9560 -0.2085 0.2065
vn 0.5684 -0.4533 0.6867
vn 0.9545 -0.1663 0.2474
vn 0.5688 -0.3093 0.7621
vn 0.9529 -0.1159 0.2802
vn 0.5706 -0.1552 0.8064
vn 0.9519 -0.0591 0.3005
vn 0.5722 -0.0000 0.8201
vn 0.9519 -0.0000 0.3063
vn 0.5706 0.1552 0.8064
vn 0.9519 0.0591 0.3005
vn 0.5688 0.3093 0.7621
vn 0.9529 0.1159 0.2802
vn 0.5684 0.4532 0.6866
vn 0.9545 0.1663 0.2474
vn 0.5686 0.5794 0.5839
vn 0.9560 0.2085 0.2065
vn 0.5691 0.6826 0.4585
vn 0.9570 0.2420 0.1597
vn 0.5695 0.7590 0.3156
vn 0.9578 0.2663 0.1087
vn 0.5696 0.8061 0.1609
vn 0.9582 0.2809 0.0550
vn 0.5696 0.8219 -0.0000
vn 0.9583 0.2857 -0.0000
vn 0.5696 0.8060 -0.1609
vn 0.9582 0.2809 -0.0550
vn 0.5695 0.7590 -0.3156
vn 0.9578 0.2663 -0.1087
vn 0.5691 0.6826 -0.4585
vn 0.9570 0.2420 -0.1597
vn 0.5686 0.5794 -0.5839
vn 0.9560 0.2085 -0.2065
vn 0.5684 0.4532 -0.6866
vn 0.9545 0.1663 -0.2474
vn 0.5688 0.3093 -0.7621
vn 0.9529 0.1159 -0.2802
vn 0.5706 0.1552 -0.8064
vn 0.9519 0.0591 -0.3005
vn -0.5668 -0.3049 -0.7654
vn -0.9493 -0.1156 -0.2924
vn -0.5685 -0.4484 -0.6898
vn -0.9535 -0.1630 -0.2536
vn -0.5690 -0.5754 -0.5875
vn -0.9557 -0.2046 -0.2118
vn -0.5692 -0.6800 -0.4622
vn -0.9567 -0.2395 -0.1652
vn -0.5690 -0.7581 -0.3187
vn -0.9573 -0.2660 -0.1136
vn -0.5689 -0.8062 -0.1626
vn -0.9575 -0.2825 -0.0579
vn -0.5689 -0.8224 -0.0000
vn -0.9576 -0.2882 -0.0000
vn -0.5689 -0.8062 0.1626
vn -0.9575 -0.2825 0.0579
vn -0.5690 -0.7581 0.3187
vn -0.9573 -0.2660 0.1136
vn -0.5692 -0.6800 0.4622
vn -0.9567 -0.2395 0.1652
vn -0.5690 -0.5754 0.5875
vn -0.9557 -0.2046 0.2118
vn -0.5685 -0.4484 0.6898
vn -0.9535 -0.1630 0.2536
vn -0.5668 -0.3049 0.7654
vn -0.9493 -0.1156 0.2924
vn -0.5631 -0.1528 0.8121
vn -0.9429 -0.0615 0.3273
vn -0.5606 -0.0000 0.8281
vn -0.9390 -0.0000 0.3440
vn -0.5631 0.1528 0.8121
vn -0.9429 0.0615 0.3273
vn -0.5668 0.3049 0.7654
vn -0.9493 0.1156 0.2924
vn -0.5685 0.4483 0.6898
vn -0.9535 0.1630 0.2536
vn -0.5690 0.5754 0.5875
vn -0.9557 0.2046 0.2118
vn -0.5691 0.6801 0.4622
vn -0.9568 0.2395 0.1652
vn -0.5690 0.7581 0.3187
vn -0.9573 0.2659 0.1136
vn -0.5689 0.8062 0.1626
vn -0.9575 0.2825 0.0579
vn -0.5687 0.8225 -0.0000
vn -0.9576 0.2882 -0.0000
vn -0.5688 0.8062 -0.1626
vn -0.9575 0.2825 -0.0579
vn -0.5690 0.7581 -0.3187
vn -0.9573 0.2659 -0.1136
vn -0.5691 0.6801 -0.4622
vn -0.9567 0.2395 -0.1652
vn -0.5690 0.5754 -0.5875
vn -0.9557 0.2046 -0.2118
vn -0.5685 0.4483 -0.6898
vn -0.9535 0.1630 -0.2536
vn -0.5668 0.3049 -0.7654
vn -0.9493 0.1156 -0.2924
vn -0.5631 0.1528 -0.8121
vn -0.9429 0.0615 -0.3273
vn 0.9429 -0.0615 -0.3273
vn 0.9390 -0.0000 -0.3440
vn 0.5631 -0.1528 -0.8121
vn 0.5606 -0.0000 -0.8281
vn 0.9493 -0.1156 -0.2924
vn 0.5668 -0.3049 -0.7654
vn 0.9535 -0.1630 -0.2536
vn 0.5685 -0.4483 -0.6898
vn 0.9557 -0.2046 -0.2118
vn 0.5691 -0.5754 -0.5875
vn 0.9568 -0.2395 -0.1652
vn 0.5692 -0.6800 -0.4621
vn 0.9573 -0.2659 -0.1136
vn 0.5690 -0.7581 -0.3187
vn 0.9575 -0.2825 -0.0579
vn 0.5689 -0.8062 -0.1626
vn 0.9576 -0.2882 -0.0000
vn 0.5689 -0.8224 -0.0000
vn 0.9575 -0.2825 0.0579
vn 0.5689 -0.8062 0.1626
vn 0.9573 -0.2659 0.1136
vn 0.5690 -0.7581 0.3187
vn 0.9568 -0.2395 0.1652
vn 0.5692 -0.6800 0.4621
vn 0.9557 -0.2046 0.2118
vn 0.5691 -0.5754 0.5875
vn 0.9535 -0.1630 0.2536
vn 0.5685 -0.4483 0.6898
vn 0.9493 -0.1156 0.2924
vn 0.5667 -0.3049 0.7654
vn 0.9429 -0.0615 0.3273
vn 0.5631 -0.1528 0.8121
vn 0.9390 -0.0000 0.3440
vn 0.5606 -0.0000 0.8281
vn 0.9429 0.0615 0.3273
vn 0.5631 0.1528 0.8121
vn 0.9493 0.1156 0.2923
vn 0.5668 0.3049 0.7654
vn 0.9535 0.1630 0.2536
vn 0.5685 0.4483 0.6898
vn 0.9557 0.2046 0.2118
vn 0.5691 0.5754 0.5875
vn 0.9568 0.2395 0.1652
vn 0.5692 0.6800 0.4622
vn 0.9573 0.2659 0.1136
vn 0.5690 0.7581 0.3187
vn 0.9575 0.2825 0.0579
vn 0.5689 0.8062 0.1626
vn 0.9576 0.2882 -0.0000
vn 0.5687 0.8225 -0.0000
vn 0.9575 0.2825 -0.0579
vn 0.5688 0.8062 -0.1626
vn 0.9573 0.2659 -0.1136
vn 0.5690 0.7581 -0.3187
vn 0.9568 0.2395 -0.1652
vn 0.5691 0.6801 -0.4622
vn 0.9557 0.2046 -0.2118
vn 0.5690 0.5754 -0.5875
vn 0.9535 0.1630 -0.2536
vn 0.5685 0.4483 -0.6898
vn 0.9493 0.1156 -0.2923
vn 0.5668 0.3049 -0.7654
vn 0.9429 0.0615 -0.3273
vn 0.5631 0.1528 -0.8121
vn 0.8122 0.0098 0.5834
vn 0.8100 0.0135 0.5862
vn 0.5756 0.0289 0.8172
vn 0.5784 0.0258 0.8154
vn -0.9961 -0.0866 -0.0174
vn -0.9957 -0.0855 -0.0357
vn 0.4366 0.0475 0.8984
vn 0.4384 0.0446 0.8977
vn -0.9962 -0.0869 -0.0000
vn 0.3561 0.0710 0.9318
vn 0.3575 0.0678 0.9315
vn -0.9961 -0.0866 0.0174
vn 0.3079 0.1036 0.9458
vn 0.3089 0.0995 0.9459
vn -0.9957 -0.0855 0.0357
vn 0.2792 0.1481 0.9488
vn -0.9949 -0.0833 0.0563
vn 0.2599 0.2356 0.9365
vn 0.2605 0.2282 0.9381
vn -0.9936 -0.0793 0.0804
vn 0.2455 0.3600 0.9001
vn 0.2461 0.3537 0.9024
vn -0.9913 -0.0719 0.1099
vn -0.9878 -0.0582 0.1447
vn 0.2287 0.5182 0.8241
vn 0.2291 0.5168 0.8249
vn -0.9835 -0.0338 0.1776
vn 0.2071 0.6794 0.7040
vn -0.9815 -0.0000 0.1914
vn 0.1848 0.8021 0.5678
vn 0.1845 0.8039 0.5654
vn -0.9835 0.0338 0.1776
vn 0.1656 0.8866 0.4318
vn -0.9878 0.0582 0.1447
vn 0.1518 0.9377 0.3124
vn 0.1517 0.9384 0.3106
vn -0.9913 0.0719 0.1099
vn 0.1422 0.9691 0.2018
vn 0.1423 0.9693 0.2006
vn -0.9936 0.0793 0.0804
vn 0.1369 0.9857 0.0984
vn -0.9949 0.0833 0.0563
vn 0.1351 0.9908 -0.0000
vn 0.1369 0.9857 -0.0984
vn -0.9957 0.0855 0.0357
vn 0.1423 0.9693 -0.2006
vn -0.9961 0.0866 0.0174
vn 0.1517 0.9384 -0.3106
vn -0.9961 0.0866 -0.0174
vn 0.1656 0.8866 -0.4318
vn 0.2605 0.2282 -0.9381
vn 0.2599 0.2356 -0.9365
vn 0.2792 0.1481 -0.9488
vn -0.9957 0.0855 -0.0357
vn 0.1845 0.8039 -0.5654
vn 0.3079 0.1036 -0.9458
vn 0.3089 0.0995 -0.9459
vn -0.9949 0.0833 -0.0563
vn 0.2071 0.6794 -0.7040
vn 0.3561 0.0711 -0.9318
vn 0.3575 0.0678 -0.9315
vn -0.9835 -0.0338 -0.1776
vn -0.9815 -0.0000 -0.1914
vn -0.9936 0.0793 -0.0804
vn 0.2287 0.5183 -0.8241
vn 0.2291 0.5168 -0.8249
vn 0.4366 0.0475 -0.8984
vn 0.4384 0.0446 -0.8977
vn -0.9878 -0.0582 -0.1447
vn -0.9913 0.0719 -0.1099
vn 0.5756 0.0289 -0.8172
vn 0.5784 0.0258 -0.8154
vn -0.9913 -0.0719 -0.1099
vn -0.9878 0.0582 -0.1447
vn 0.8100 0.0135 -0.5862
vn 0.8122 0.0098 -0.5834
vn -0.9936 -0.0793 -0.0804
vn -0.9835 0.0338 -0.1776
vn -0.9949 -0.0833 -0.0563
vn -0.9934 -0.0234 -0.1123
vn -0.9949 -0.0400 -0.0924
vn 0.2455 0.3600 -0.9001
vn 0.2461 0.3537 -0.9024
vn -0.1351 -0.9714 0.1952
vn 0.1351 -0.9714 0.1952
vn 0.1351 -0.9139 0.3828
vn -0.1351 -0.9139 0.3828
vn -0.9978 -0.0653 -0.0125
vn -0.9978 -0.0658 -0.0000
vn -0.1352 -0.9908 -0.0000
vn 0.1352 -0.9908 -0.0000
vn -0.9978 -0.0653 0.0125
vn -0.1351 -0.9714 -0.1952
vn 0.1351 -0.9714 -0.1952
vn -0.9976 -0.0639 0.0255
vn -0.1351 -0.9139 -0.3828
vn 0.1351 -0.9139 -0.3828
vn -0.9973 -0.0613 0.0394
vn -0.1351 -0.8205 -0.5555
vn 0.1351 -0.8205 -0.5555
vn -0.9969 -0.0571 0.0549
vn -0.1351 -0.6948 -0.7064
vn 0.1351 -0.6948 -0.7064
vn -0.9934 0.0234 -0.1123
vn -0.9925 -0.0000 -0.1220
vn -0.9961 -0.0505 0.0725
vn -0.1351 -0.5418 -0.8296
vn 0.1351 -0.5418 -0.8295
vn -0.1351 0.5418 -0.8296
vn 0.1351 0.5418 -0.8296
vn 0.1350 0.3685 -0.9198
vn -0.1350 0.3685 -0.9198
vn -0.9949 -0.0400 0.0924
vn -0.1349 -0.3685 -0.9198
vn 0.1350 -0.3685 -0.9198
vn 0.9962 0.0305 -0.0810
vn 0.9960 0.0154 -0.0876
vn -0.9934 -0.0234 0.1123
vn -0.1346 -0.1844 -0.9736
vn 0.1346 -0.1844 -0.9736
vn -0.1350 0.8205 -0.5555
vn 0.1350 0.8205 -0.5555
vn 0.1350 0.6948 -0.7064
vn -0.1350 0.6948 -0.7064
vn -0.9925 -0.0000 0.1220
vn -0.1343 -0.0000 -0.9909
vn 0.1343 -0.0000 -0.9909
vn -0.1351 0.9139 -0.3828
vn 0.1351 0.9139 -0.3828
vn -0.9934 0.0234 0.1123
vn -0.1346 0.1844 -0.9736
vn 0.1346 0.1844 -0.9736
vn -0.1350 0.9714 -0.1952
vn 0.1350 0.9714 -0.1952
vn -0.9949 0.0400 0.0924
vn -0.1351 0.9908 -0.0000
vn -0.9961 0.0505 0.0725
vn 0.9980 0.0621 0.0130
vn 0.9980 0.0627 -0.0000
vn -0.9969 0.0571 0.0549
vn 0.9961 -0.0000 -0.0886
vn 0.9960 -0.0154 -0.0876
vn 0.9962 -0.0305 -0.0810
vn 0.9967 -0.0425 -0.0687
vn 0.9972 -0.0510 -0.0544
vn 0.9976 -0.0566 -0.0401
vn 0.9978 -0.0602 -0.0263
vn 0.9980 -0.0621 -0.0130
vn 0.9980 -0.0627 -0.0000
vn 0.9980 -0.0621 0.0130
vn 0.9978 -0.0602 0.0263
vn 0.9976 -0.0566 0.0401
vn 0.1351 -0.8205 0.5555
vn -0.1351 -0.8205 0.5555
vn 0.9972 -0.0510 0.0544
vn 0.9967 -0.0425 0.0687
vn 0.9962 -0.0305 0.0810
vn 0.9960 -0.0154 0.0876
vn 0.9961 -0.0000 0.0886
vn 0.9960 0.0154 0.0876
vn 0.9962 0.0305 0.0810
vn 0.9967 0.0425 0.0687
vn 0.9972 0.0510 0.0544
vn 0.9976 0.0566 0.0401
vn 0.9978 0.0602 0.0263
vn 0.9980 0.0621 -0.0130
vn 0.9978 0.0602 -0.0263
vn 0.9976 0.0566 -0.0401
vn 0.9972 0.0510 -0.0544
vn 0.9967 0.0425 -0.0687
vn -0.9976 -0.0639 -0.0255
vn 0.1351 -0.6948 0.7064
vn -0.1351 -0.6948 0.7064
vn -0.9973 -0.0613 -0.0394
vn 0.1352 -0.5418 0.8295
vn -0.1351 -0.5418 0.8296
vn -0.9969 -0.0571 -0.0549
vn -0.9949 0.0400 -0.0924
vn 0.1350 -0.3685 0.9198
vn -0.1349 -0.3685 0.9198
vn -0.9961 -0.0505 -0.0725
vn -0.9961 0.0505 -0.0725
vn 0.1346 -0.1844 0.9736
vn -0.1346 -0.1844 0.9736
vn -0.9969 0.0571 -0.0549
vn 0.1343 -0.0000 0.9909
vn -0.1343 -0.0000 0.9909
vn -0.9973 0.0613 -0.0394
vn 0.1346 0.1844 0.9736
vn -0.1346 0.1844 0.9736
vn -0.9976 0.0639 -0.0255
vn 0.1350 0.3685 0.9198
vn -0.1350 0.3685 0.9198
vn -0.9978 0.0653 -0.0125
vn 0.1351 0.5418 0.8295
vn -0.1351 0.5418 0.8296
vn -0.9978 0.0658 -0.0000
vn 0.1350 0.6948 0.7064
vn -0.1350 0.6948 0.7064
vn -0.9978 0.0653 0.0125
vn 0.1350 0.8205 0.5555
vn -0.1350 0.8205 0.5555
vn -0.9976 0.0639 0.0255
vn 0.1351 0.9139 0.3828
vn -0.1351 0.9139 0.3828
vn -0.9973 0.0613 0.0394
vn 0.1350 0.9714 0.1952
vn -0.1350 0.9714 0.1952
vn 0.9180 0.2763 -0.2847
vn 0.5377 0.5901 -0.6021
vn 0.9186 0.3258 -0.2235
vn 0.5377 0.6975 -0.4737
vn 0.5376 0.7774 -0.3266
vn 0.5376 0.8266 -0.1666
vn 0.5376 0.8266 0.1666
vn 0.5376 0.7774 0.3266
vn 0.9186 0.3258 0.2235
vn 0.5377 0.6975 0.4737
vn 0.9180 0.2763 0.2847
vn 0.5377 0.5902 0.6021
vn 0.5359 -0.3127 0.7843
vn 0.5373 -0.4599 0.7069
vn 0.9186 -0.3258 0.2235
vn 0.5378 -0.6974 0.4737
vn 0.5376 -0.7774 0.3266
vn 0.5376 -0.8266 0.1666
vn 0.5377 -0.8431 -0.0000
vn 0.5376 -0.8266 -0.1666
vn 0.9189 -0.3631 -0.1541
vn 0.5376 -0.7774 -0.3266
vn 0.9186 -0.3258 -0.2235
vn 0.5377 -0.5901 -0.6021
vn 0.9163 0.2169 -0.3365
vn 0.5379 0.6974 -0.4736
vn 0.5379 0.7772 -0.3265
vn 0.5378 0.8265 -0.1666
vn 0.5377 0.8431 -0.0000
vn 0.5378 0.8265 0.1666
vn 0.5378 0.7772 0.3265
vn 0.5378 0.6974 0.4736
vn 0.9163 0.2169 0.3365
vn 0.9189 -0.3632 0.1541
vn 0.5378 -0.7773 0.3265
vn 0.5378 -0.8265 0.1666
vn 0.9189 -0.3944 -0.0000
vn 0.5378 -0.8431 -0.0000
vn 0.5378 -0.8265 -0.1666
vn 0.5378 -0.7773 -0.3265
vn 0.9163 -0.2169 -0.3365
vn 0.5358 -0.3127 -0.7843
vn 0.5393 -0.1589 -0.8270
vn 0.5407 -0.0000 -0.8412
vn 0.9163 -0.0770 -0.3931
vn 0.9169 -0.0000 -0.3991
vn 0.5377 -0.3168 -0.7814
vn 0.9161 -0.1526 -0.3707
vn 0.5373 -0.4643 -0.7041
vn 0.9169 -0.2217 -0.3318
vn 0.5374 -0.5938 -0.5988
vn 0.9179 -0.2810 -0.2800
vn 0.5376 -0.6998 -0.4704
vn 0.9187 -0.3289 -0.2185
vn 0.5380 -0.7783 -0.3239
vn 0.9193 -0.3639 -0.1497
vn 0.5382 -0.8265 -0.1651
vn 0.9197 -0.3852 -0.0761
vn 0.5381 -0.8429 -0.0000
vn 0.9198 -0.3923 -0.0000
vn 0.5382 -0.8265 0.1651
vn 0.9197 -0.3852 0.0761
vn 0.5380 -0.7783 0.3239
vn 0.9193 -0.3639 0.1497
vn 0.5376 -0.6998 0.4704
vn 0.9188 -0.3288 0.2185
vn 0.5374 -0.5938 0.5988
vn 0.9179 -0.2810 0.2800
vn 0.5373 -0.4643 0.7041
vn 0.9169 -0.2217 0.3318
vn 0.5377 -0.3168 0.7814
vn 0.9161 -0.1526 0.3707
vn 0.5393 -0.1589 0.8270
vn 0.9163 -0.0770 0.3931
vn 0.5407 -0.0000 0.8412
vn 0.9169 -0.0000 0.3991
vn 0.5393 0.1589 0.8270
vn 0.9163 0.0770 0.3931
vn 0.5377 0.3168 0.7814
vn 0.9161 0.1526 0.3708
vn 0.5373 0.4643 0.7041
vn 0.9169 0.2217 0.3318
vn 0.5374 0.5938 0.5988
vn 0.9179 0.2810 0.2800
vn 0.5376 0.6998 0.4704
vn 0.9187 0.3289 0.2186
vn 0.5380 0.7783 0.3239
vn 0.9193 0.3639 0.1498
vn 0.5381 0.8265 0.1651
vn 0.9197 0.3852 0.0761
vn 0.5381 0.8429 -0.0000
vn 0.9198 0.3923 -0.0000
vn 0.5381 0.8265 -0.1651
vn 0.9197 0.3852 -0.0761
vn 0.5380 0.7782 -0.3238
vn 0.9193 0.3639 -0.1498
vn 0.5377 0.6998 -0.4703
vn 0.9187 0.3289 -0.2185
vn 0.5374 0.5938 -0.5988
vn 0.9179 0.2810 -0.2800
vn 0.5373 0.4643 -0.7041
vn 0.9169 0.2217 -0.3318
vn 0.5377 0.3168 -0.7814
vn 0.9161 0.1526 -0.3707
vn 0.5393 0.1589 -0.8270
vn 0.9163 0.0770 -0.3931
vn -0.5306 -0.0000 -0.8476
vn -0.5328 0.1567 -0.8316
vn -0.9034 -0.0000 -0.4287
vn -0.9071 0.0776 -0.4136
vn -0.5359 0.3127 -0.7843
vn -0.9129 0.1502 -0.3796
vn -0.5374 0.4599 -0.7069
vn -0.9163 0.2169 -0.3366
vn -0.5378 0.5901 -0.6021
vn -0.9179 0.2763 -0.2847
vn -0.5377 0.6975 -0.4737
vn -0.9186 0.3258 -0.2235
vn -0.5376 0.7774 -0.3266
vn -0.9189 0.3632 -0.1541
vn -0.5376 0.8266 -0.1666
vn -0.9190 0.3864 -0.0787
vn -0.5376 0.8432 -0.0000
vn -0.9190 0.3943 -0.0000
vn -0.5376 0.8266 0.1666
vn -0.9190 0.3864 0.0787
vn -0.5376 0.7774 0.3266
vn -0.9189 0.3632 0.1541
vn -0.5377 0.6975 0.4737
vn -0.9186 0.3258 0.2235
vn -0.5377 0.5901 0.6021
vn -0.9180 0.2763 0.2846
vn -0.5374 0.4599 0.7069
vn -0.9163 0.2169 0.3366
vn -0.5359 0.3127 0.7843
vn -0.9129 0.1502 0.3796
vn -0.5328 0.1567 0.8316
vn -0.9071 0.0776 0.4136
vn -0.5306 -0.0000 0.8476
vn -0.9034 -0.0000 0.4287
vn -0.5328 -0.1567 0.8316
vn -0.9071 -0.0776 0.4136
vn -0.5359 -0.3127 0.7842
vn -0.9129 -0.1502 0.3796
vn -0.5373 -0.4599 0.7069
vn -0.9163 -0.2169 0.3366
vn -0.5377 -0.5901 0.6021
vn -0.9179 -0.2763 0.2847
vn -0.5378 -0.6974 0.4737
vn -0.9186 -0.3259 0.2235
vn -0.5376 -0.7774 0.3266
vn -0.9189 -0.3631 0.1541
vn -0.5376 -0.8266 0.1666
vn -0.9190 -0.3864 0.0787
vn -0.5377 -0.8432 -0.0000
vn -0.9190 -0.3943 -0.0000
vn -0.5376 -0.8266 -0.1666
vn -0.9190 -0.3864 -0.0787
vn -0.5376 -0.7774 -0.3266
vn -0.9189 -0.3631 -0.1541
vn -0.5378 -0.6974 -0.4737
vn -0.9186 -0.3259 -0.2235
vn -0.5378 -0.5901 -0.6021
vn -0.9179 -0.2763 -0.2847
vn -0.5373 -0.4599 -0.7069
vn -0.9163 -0.2169 -0.3366
vn -0.5359 -0.3127 -0.7842
vn -0.9129 -0.1502 -0.3796
vn -0.5328 -0.1567 -0.8316
vn -0.9071 -0.0776 -0.4136
vn -0.0000 0.1867 -0.9824
vn 0.2074 0.1857 -0.9605
vn 0.2153 -0.0000 -0.9765
vn -0.0000 0.9801 -0.1987
vn 0.0220 0.9802 -0.1969
vn -0.0000 -0.9801 -0.1987
vn 0.0220 -0.9802 -0.1969
vn -0.0000 -0.1867 -0.9824
vn 0.2074 -0.1857 -0.9605
vn -0.0000 0.9222 -0.3867
vn 0.0650 0.9224 -0.3808
vn -0.0000 -0.3729 -0.9279
vn 0.1895 -0.3716 -0.9089
vn -0.0000 0.8284 -0.5602
vn 0.1022 0.8283 -0.5509
vn -0.0000 -0.5480 -0.8365
vn 0.1656 -0.5468 -0.8207
vn -0.0000 0.7020 -0.7122
vn 0.1361 0.7014 -0.6996
vn -0.0000 -0.7020 -0.7122
vn 0.1361 -0.7014 -0.6996
vn -0.0000 0.5480 -0.8365
vn 0.1656 0.5468 -0.8207
vn -0.0000 -0.8284 -0.5602
vn 0.1021 -0.8283 -0.5509
vn -0.0000 0.3729 -0.9279
vn 0.1895 0.3716 -0.9089
vn -0.0000 -0.9222 -0.3867
vn 0.0650 -0.9224 -0.3808
vn 0.3741 0.3659 -0.8522
vn 0.4109 0.1814 -0.8934
vn 0.1166 -0.9237 -0.3650
vn 0.0357 -0.9806 -0.1926
vn 0.4277 -0.0000 -0.9039
vn 0.0357 0.9806 -0.1927
vn 0.4109 -0.1814 -0.8934
vn 0.1166 0.9237 -0.3650
vn 0.3741 -0.3659 -0.8522
vn 0.1907 0.8288 -0.5260
vn 0.3242 -0.5422 -0.7752
vn 0.2617 0.6995 -0.6650
vn 0.2617 -0.6995 -0.6650
vn 0.3242 0.5422 -0.7752
vn 0.1907 -0.8288 -0.5260
vn 0.5577 -0.3564 -0.7496
vn 0.5014 -0.5313 -0.6828
vn 0.3135 0.8234 -0.4731
vn 0.4224 0.6902 -0.5875
vn 0.4224 -0.6902 -0.5875
vn 0.5014 0.5313 -0.6828
vn 0.3135 -0.8234 -0.4731
vn 0.5577 0.3564 -0.7496
vn 0.1739 -0.9250 -0.3378
vn 0.5990 0.1745 -0.7815
vn 0.0394 -0.9815 -0.1876
vn 0.6203 -0.0000 -0.7844
vn 0.0393 0.9815 -0.1876
vn 0.5990 -0.1745 -0.7815
vn 0.1738 0.9250 -0.3378
vn 0.2948 -0.9139 -0.2789
vn 0.0578 -0.9824 -0.1779
vn 0.7592 0.1635 -0.6300
vn 0.7841 -0.0000 -0.6206
vn 0.0579 0.9823 -0.1779
vn 0.7592 -0.1635 -0.6300
vn 0.2948 0.9139 -0.2790
vn 0.7082 -0.3429 -0.6171
vn 0.4474 0.8077 -0.3841
vn 0.6394 -0.5176 -0.5685
vn 0.5501 0.6769 -0.4891
vn 0.5501 -0.6769 -0.4891
vn 0.6394 0.5176 -0.5685
vn 0.4474 -0.8076 -0.3841
vn 0.7082 0.3429 -0.6171
vn 0.5012 0.8069 -0.3126
vn 0.6367 0.6670 -0.3870
vn 0.7501 -0.4983 -0.4347
vn 0.6367 -0.6670 -0.3870
vn 0.7501 0.4983 -0.4347
vn 0.5011 -0.8069 -0.3126
vn 0.8294 0.3201 -0.4579
vn 0.3694 -0.9038 -0.2159
vn 0.8792 0.1458 -0.4535
vn 0.1615 -0.9800 -0.1163
vn 0.9033 -0.0000 -0.4290
vn 0.1615 0.9800 -0.1163
vn 0.8792 -0.1458 -0.4535
vn 0.3694 0.9038 -0.2159
vn 0.8294 -0.3201 -0.4579
vn 0.9569 0.1187 -0.2652
vn 0.9716 -0.0000 -0.2368
vn 0.2131 0.9751 -0.0611
vn 0.2132 -0.9751 -0.0611
vn 0.9569 -0.1187 -0.2652
vn 0.3901 0.9069 -0.1591
vn 0.9135 -0.2862 -0.2891
vn 0.5644 0.7959 -0.2190
vn 0.8338 -0.4718 -0.2865
vn 0.7170 0.6476 -0.2578
vn 0.7170 -0.6476 -0.2578
vn 0.8339 0.4718 -0.2865
vn 0.5644 -0.7959 -0.2190
vn 0.9135 0.2862 -0.2891
vn 0.3901 -0.9069 -0.1592
vn 0.8842 -0.4457 -0.1395
vn 0.7631 -0.6331 -0.1299
vn 0.7631 0.6331 -0.1299
vn 0.8842 0.4457 -0.1395
vn 0.6116 -0.7841 -0.1057
vn 0.9600 0.2481 -0.1299
vn 0.4231 -0.9034 -0.0699
vn 0.9888 0.0973 -0.1131
vn 0.2183 -0.9757 -0.0168
vn 0.9947 -0.0000 -0.1027
vn 0.2183 0.9757 -0.0168
vn 0.9888 -0.0973 -0.1131
vn 0.4231 0.9034 -0.0699
vn 0.9600 -0.2481 -0.1299
vn 0.6116 0.7841 -0.1057
vn 0.2205 -0.9754 -0.0000
vn 0.9959 -0.0907 -0.0000
vn 0.2205 0.9754 -0.0000
vn 0.4333 0.9012 -0.0000
vn 0.9729 -0.2311 -0.0000
vn 0.6254 0.7803 -0.0000
vn 0.9010 -0.4338 -0.0000
vn 0.7806 0.6250 -0.0000
vn 0.7806 -0.6250 -0.0000
vn 0.9010 0.4338 -0.0000
vn 0.6255 -0.7803 -0.0000
vn 0.9729 0.2311 -0.0000
vn 0.4333 -0.9012 -0.0000
vn 0.9959 0.0907 -0.0000
vn 0.7631 -0.6331 0.1299
vn 0.6116 -0.7841 0.1057
vn 0.8842 0.4457 0.1395
vn 0.9600 0.2481 0.1299
vn 0.4231 -0.9034 0.0699
vn 0.9888 0.0973 0.1131
vn 0.2183 -0.9757 0.0168
vn 0.9947 -0.0000 0.1027
vn 0.2183 0.9757 0.0168
vn 0.9888 -0.0973 0.1131
vn 0.4231 0.9034 0.0699
vn 0.9600 -0.2481 0.1299
vn 0.6116 0.7841 0.1057
vn 0.8842 -0.4457 0.1395
vn 0.7631 0.6331 0.1299
vn 0.2131 0.9751 0.0611
vn 0.3901 0.9069 0.1591
vn 0.9569 -0.1187 0.2652
vn 0.9135 -0.2862 0.2891
vn 0.5644 0.7959 0.2190
vn 0.8338 -0.4718 0.2865
vn 0.7170 0.6476 0.2578
vn 0.7170 -0.6476 0.2578
vn 0.8339 0.4718 0.2865
vn 0.5644 -0.7959 0.2190
vn 0.9135 0.2862 0.2891
vn 0.3901 -0.9069 0.1592
vn 0.9569 0.1187 0.2652
vn 0.2132 -0.9751 0.0611
vn 0.9716 -0.0000 0.2368
vn 0.7501 0.4983 0.4347
vn 0.8294 0.3201 0.4579
vn 0.5011 -0.8069 0.3126
vn 0.3694 -0.9038 0.2159
vn 0.8792 0.1458 0.4535
vn 0.1615 -0.9800 0.1163
vn 0.9033 -0.0000 0.4290
vn 0.1615 0.9800 0.1163
vn 0.8792 -0.1458 0.4535
vn 0.3694 0.9038 0.2159
vn 0.8294 -0.3201 0.4579
vn 0.5012 0.8069 0.3126
vn 0.7501 -0.4983 0.4347
vn 0.6367 0.6670 0.3870
vn 0.6367 -0.6670 0.3870
vn 0.7592 -0.1635 0.6300
vn 0.7082 -0.3429 0.6171
vn 0.2948 0.9139 0.2790
vn 0.4474 0.8077 0.3841
vn 0.6394 -0.5176 0.5685
vn 0.5501 0.6769 0.4891
vn 0.5501 -0.6769 0.4892
vn 0.6394 0.5176 0.5685
vn 0.4474 -0.8076 0.3841
vn 0.7082 0.3429 0.6171
vn 0.2948 -0.9139 0.2789
vn 0.7592 0.1635 0.6300
vn 0.0578 -0.9824 0.1779
vn 0.7841 -0.0000 0.6206
vn 0.0579 0.9823 0.1779
vn 0.3135 -0.8234 0.4731
vn 0.1739 -0.9250 0.3378
vn 0.5577 0.3564 0.7496
vn 0.5989 0.1745 0.7815
vn 0.0394 -0.9815 0.1876
vn 0.6203 -0.0000 0.7844
vn 0.0393 0.9815 0.1876
vn 0.5990 -0.1745 0.7815
vn 0.1739 0.9250 0.3378
vn 0.5577 -0.3564 0.7496
vn 0.3135 0.8234 0.4731
vn 0.5014 -0.5313 0.6828
vn 0.4224 0.6902 0.5875
vn 0.4224 -0.6902 0.5875
vn 0.5014 0.5313 0.6828
vn 0.1166 0.9237 0.3650
vn 0.1907 0.8288 0.5260
vn 0.3741 -0.3658 0.8522
vn 0.3242 -0.5422 0.7752
vn 0.2617 0.6995 0.6650
vn 0.2617 -0.6995 0.6650
vn 0.3242 0.5422 0.7752
vn 0.1907 -0.8288 0.5260
vn 0.3741 0.3658 0.8522
vn 0.1166 -0.9237 0.3650
vn 0.4109 0.1814 0.8934
vn 0.0357 -0.9806 0.1926
vn 0.4277 -0.0000 0.9039
vn 0.0357 0.9806 0.1926
vn 0.4109 -0.1814 0.8934
vn 0.1895 0.3716 0.9089
vn 0.2074 0.1857 0.9605
vn 0.0650 -0.9224 0.3807
vn 0.0220 -0.9802 0.1969
vn 0.2153 -0.0000 0.9765
vn 0.0220 0.9802 0.1969
vn 0.2074 -0.1857 0.9605
vn 0.0650 0.9224 0.3808
vn 0.1895 -0.3716 0.9089
vn 0.1021 0.8283 0.5509
vn 0.1656 -0.5468 0.8207
vn 0.1361 0.7014 0.6996
vn 0.1361 -0.7014 0.6996
vn 0.1656 0.5468 0.8207
vn 0.1021 -0.8283 0.5509
vn -0.0000 -0.3729 0.9279
vn -0.0000 -0.5480 0.8365
vn -0.0000 0.8284 0.5602
vn -0.0000 0.7020 0.7122
vn -0.0000 -0.7020 0.7122
vn -0.0000 0.5480 0.8365
vn -0.0000 -0.8284 0.5602
vn -0.0000 0.3729 0.9279
vn -0.0000 -0.9222 0.3867
vn -0.0000 0.1867 0.9824
vn -0.0000 -0.9801 0.1987
vn -0.0000 0.9801 0.1987
vn -0.0000 -0.1867 0.9824
vn -0.0000 0.9222 0.3867
vn -0.0650 -0.9224 0.3808
vn -0.0220 -0.9802 0.1969
vn -0.2074 0.1857 0.9605
vn -0.2153 -0.0000 0.9765
vn -0.0220 0.9802 0.1969
vn -0.2074 -0.1857 0.9605
vn -0.0650 0.9224 0.3808
vn -0.1895 -0.3716 0.9089
vn -0.1021 0.8283 0.5509
vn -0.1656 -0.5468 0.8207
vn -0.1361 0.7014 0.6996
vn -0.1361 -0.7014 0.6996
vn -0.1656 0.5468 0.8207
vn -0.1021 -0.8283 0.5509
vn -0.1895 0.3716 0.9089
vn -0.3242 -0.5422 0.7752
vn -0.2617 -0.6995 0.6650
vn -0.2617 0.6995 0.6650
vn -0.3242 0.5422 0.7752
vn -0.1907 -0.8288 0.5260
vn -0.3741 0.3658 0.8522
vn -0.1166 -0.9237 0.3650
vn -0.4109 0.1814 0.8934
vn -0.0357 -0.9806 0.1926
vn -0.4277 -0.0000 0.9039
vn -0.0357 0.9806 0.1926
vn -0.4109 -0.1814 0.8934
vn -0.1166 0.9237 0.3650
vn -0.3741 -0.3658 0.8522
vn -0.1907 0.8288 0.5260
vn -0.0393 0.9815 0.1876
vn -0.0394 -0.9815 0.1876
vn -0.6203 -0.0000 0.7844
vn -0.5990 -0.1745 0.7815
vn -0.1738 0.9250 0.3378
vn -0.5577 -0.3564 0.7496
vn -0.3135 0.8234 0.4731
vn -0.5014 -0.5313 0.6828
vn -0.4224 0.6902 0.5875
vn -0.4225 -0.6902 0.5875
vn -0.5014 0.5313 0.6828
vn -0.3135 -0.8234 0.4731
vn -0.5577 0.3564 0.7496
vn -0.1739 -0.9250 0.3378
vn -0.5989 0.1745 0.7815
vn -0.5501 0.6769 0.4891
vn -0.6394 0.5176 0.5685
vn -0.5501 -0.6769 0.4891
vn -0.4474 -0.8076 0.3841
vn -0.7082 0.3429 0.6171
vn -0.2948 -0.9139 0.2790
vn -0.7592 0.1635 0.6300
vn -0.0578 -0.9824 0.1779
vn -0.7841 -0.0000 0.6206
vn -0.0579 0.9823 0.1779
vn -0.7592 -0.1635 0.6300
vn -0.2948 0.9139 0.2790
vn -0.7082 -0.3429 0.6171
vn -0.4474 0.8076 0.3841
vn -0.6394 -0.5176 0.5685
vn -0.9033 -0.0000 0.4290
vn -0.8792 -0.1458 0.4535
vn -0.1615 0.9800 0.1163
vn -0.3694 0.9038 0.2159
vn -0.8294 -0.3201 0.4579
vn -0.5012 0.8069 0.3126
vn -0.7501 -0.4983 0.4347
vn -0.6367 0.6670 0.3870
vn -0.6367 -0.6670 0.3870
vn -0.7501 0.4983 0.4347
vn -0.5011 -0.8069 0.3126
vn -0.8294 0.3201 0.4579
vn -0.3694 -0.9038 0.2159
vn -0.8792 0.1458 0.4535
vn -0.1615 -0.9800 0.1163
vn -0.7170 -0.6476 0.2578
vn -0.5644 -0.7959 0.2190
vn -0.8339 0.4718 0.2865
vn -0.9135 0.2862 0.2891
vn -0.3901 -0.9069 0.1592
vn -0.9569 0.1187 0.2652
vn -0.2132 -0.9751 0.0611
vn -0.9716 -0.0000 0.2368
vn -0.2131 0.9751 0.0611
vn -0.9569 -0.1187 0.2652
vn -0.3901 0.9069 0.1591
vn -0.9135 -0.2862 0.2891
vn -0.5644 0.7959 0.2190
vn -0.8338 -0.4718 0.2865
vn -0.7170 0.6476 0.2578
vn -0.2183 0.9757 0.0168
vn -0.4231 0.9034 0.0699
vn -0.9888 -0.0973 0.1131
vn -0.9600 -0.2481 0.1299
vn -0.6116 0.7841 0.1057
vn -0.8842 -0.4457 0.1395
vn -0.7631 0.6331 0.1299
vn -0.7631 -0.6331 0.1299
vn -0.8842 0.4457 0.1395
vn -0.6116 -0.7841 0.1057
vn -0.9600 0.2481 0.1299
vn -0.4231 -0.9034 0.0699
vn -0.9888 0.0973 0.1131
vn -0.2184 -0.9757 0.0168
vn -0.9947 -0.0000 0.1027
vn -0.9010 0.4338 -0.0000
vn -0.9729 0.2311 -0.0000
vn -0.6255 -0.7803 -0.0000
vn -0.4334 -0.9012 -0.0000
vn -0.9959 0.0907 -0.0000
vn -0.2205 -0.9754 -0.0000
vn -0.2205 0.9754 -0.0000
vn -0.9959 -0.0907 -0.0000
vn -0.4333 0.9012 -0.0000
vn -0.9729 -0.2311 -0.0000
vn -0.6254 0.7803 -0.0000
vn -0.9010 -0.4338 -0.0000
vn -0.7806 0.6250 -0.0000
vn -0.7806 -0.6250 -0.0000
vn -0.9888 -0.0973 -0.1131
vn -0.9600 -0.2481 -0.1299
vn -0.4231 0.9034 -0.0699
vn -0.6116 0.7841 -0.1057
vn -0.8842 -0.4457 -0.1395
vn -0.7631 0.6331 -0.1299
vn -0.7631 -0.6331 -0.1299
vn -0.8842 0.4457 -0.1395
vn -0.6116 -0.7841 -0.1057
vn -0.9600 0.2481 -0.1299
vn -0.4231 -0.9034 -0.0699
vn -0.9888 0.0973 -0.1131
vn -0.2184 -0.9757 -0.0168
vn -0.9947 -0.0000 -0.1027
vn -0.2183 0.9757 -0.0168
vn -0.5644 -0.7959 -0.2190
vn -0.3901 -0.9069 -0.1592
vn -0.9135 0.2862 -0.2891
vn -0.9569 0.1187 -0.2652
vn -0.2132 -0.9751 -0.0611
vn -0.9716 -0.0000 -0.2368
vn -0.2131 0.9751 -0.0611
vn -0.9569 -0.1187 -0.2652
vn -0.3901 0.9069 -0.1591
vn -0.9135 -0.2862 -0.2891
vn -0.5644 0.7959 -0.2190
vn -0.8339 -0.4718 -0.2865
vn -0.7170 0.6476 -0.2578
vn -0.7170 -0.6476 -0.2578
vn -0.8339 0.4718 -0.2865
vn -0.8294 -0.3201 -0.4579
vn -0.7501 -0.4983 -0.4347
vn -0.5012 0.8069 -0.3126
vn -0.6367 0.6670 -0.3870
vn -0.6367 -0.6670 -0.3870
vn -0.7501 0.4983 -0.4347
vn -0.5011 -0.8069 -0.3126
vn -0.8294 0.3201 -0.4579
vn -0.3694 -0.9038 -0.2159
vn -0.8792 0.1458 -0.4535
vn -0.1615 -0.9800 -0.1163
vn -0.9033 -0.0000 -0.4290
vn -0.1615 0.9800 -0.1163
vn -0.8792 -0.1458 -0.4535
vn -0.3694 0.9038 -0.2159
vn -0.2948 -0.9139 -0.2789
vn -0.0578 -0.9824 -0.1779
vn -0.7592 0.1635 -0.6300
vn -0.7841 -0.0000 -0.6206
vn -0.0579 0.9823 -0.1779
vn -0.7592 -0.1635 -0.6300
vn -0.2948 0.9139 -0.2790
vn -0.7082 -0.3429 -0.6171
vn -0.4474 0.8076 -0.3841
vn -0.6394 -0.5176 -0.5685
vn -0.5501 0.6769 -0.4891
vn -0.5501 -0.6769 -0.4892
vn -0.6394 0.5176 -0.5685
vn -0.4474 -0.8076 -0.3841
vn -0.7082 0.3429 -0.6171
vn -0.3135 0.8234 -0.4731
vn -0.4224 0.6902 -0.5875
vn -0.5014 -0.5313 -0.6828
vn -0.4224 -0.6902 -0.5875
vn -0.5014 0.5313 -0.6828
vn -0.3135 -0.8234 -0.4731
vn -0.5577 0.3564 -0.7496
vn -0.1739 -0.9250 -0.3378
vn -0.5989 0.1745 -0.7815
vn -0.0394 -0.9815 -0.1876
vn -0.6203 -0.0000 -0.7844
vn -0.0393 0.9815 -0.1876
vn -0.5989 -0.1745 -0.7815
vn -0.1739 0.9250 -0.3378
vn -0.5577 -0.3564 -0.7496
vn -0.4109 0.1814 -0.8934
vn -0.4277 -0.0000 -0.9039
vn -0.0357 0.9806 -0.1926
vn -0.0357 -0.9806 -0.1926
vn -0.4109 -0.1814 -0.8934
vn -0.1166 0.9237 -0.3650
vn -0.3741 -0.3658 -0.8522
vn -0.1907 0.8288 -0.5260
vn -0.3242 -0.5422 -0.7752
vn -0.2617 0.6995 -0.6650
vn -0.2617 -0.6995 -0.6650
vn -0.3242 0.5422 -0.7752
vn -0.1907 -0.8288 -0.5260
vn -0.3741 0.3658 -0.8522
vn -0.1166 -0.9237 -0.3650
vn -0.1656 -0.5468 -0.8207
vn -0.1361 -0.7014 -0.6996
vn -0.1361 0.7014 -0.6996
vn -0.1656 0.5468 -0.8207
vn -0.1021 -0.8283 -0.5509
vn -0.1895 0.3716 -0.9089
vn -0.0650 -0.9224 -0.3808
vn -0.2074 0.1857 -0.9605
vn -0.0220 -0.9802 -0.1969
vn -0.2153 -0.0000 -0.9765
vn -0.0220 0.9802 -0.1969
vn -0.2074 -0.1857 -0.9605
vn -0.0650 0.9224 -0.3808
vn -0.1895 -0.3716 -0.9089
vn -0.1021 0.8283 -0.5509
vn -0.9999 0.0001 0.0118
vn -0.9955 -0.0915 0.0249
vn -0.9945 -0.0902 0.0531
vn -0.9922 -0.0871 0.0894
vn -0.9866 -0.0790 0.1425
vn -0.9741 -0.0547 0.2193
vn -0.9691 -0.0158 0.2462
vn -0.9738 -0.0000 0.2275
vn -0.9679 -0.0043 0.2513
vn -0.9792 -0.0044 0.2030
vn 0.9792 -0.0044 0.2030
vn 0.9679 -0.0043 0.2513
vn -0.9999 0.0001 -0.0118
vn 0.9999 0.0001 -0.0118
vn 0.9691 0.0158 -0.2462
vn 0.9738 -0.0000 -0.2275
vn -0.9738 -0.0000 -0.2275
vn -0.9691 0.0158 -0.2462
vn -0.9691 0.0158 0.2462
vn 0.9738 -0.0000 0.2275
vn 0.9691 0.0158 0.2462
vn 0.9843 0.1759 0.0116
vn 0.9955 0.0915 0.0249
vn 0.9945 0.0902 0.0531
vn 0.9922 0.0871 0.0894
vn 0.9866 0.0790 0.1425
vn 0.9741 0.0547 0.2193
vn 0.9960 0.0890 -0.0000
vn 0.9741 0.0547 -0.2193
vn 0.9866 0.0790 -0.1425
vn 0.9922 0.0871 -0.0894
vn 0.9945 0.0902 -0.0531
vn 0.9955 0.0915 -0.0249
vn 0.9843 0.1759 -0.0116
vn -0.9661 -0.0057 -0.2581
vn -0.9793 -0.0099 -0.2020
vn -0.9960 0.0890 -0.0000
vn -0.9961 -0.0876 0.0058
vn -0.9961 -0.0876 -0.0058
vn 0.9661 -0.0057 -0.2581
vn 0.9793 -0.0099 -0.2020
vn 0.9999 0.0001 0.0118
vn 0.9691 -0.0158 0.2462
vn -0.9741 0.0547 0.2193
vn -0.9866 0.0790 0.1425
vn -0.9922 0.0871 0.0894
vn -0.9945 0.0902 0.0531
vn -0.9955 0.0915 0.0249
vn -0.9843 0.1759 0.0116
vn -0.9901 0.1399 0.0093
vn -0.9901 0.1399 -0.0093
vn 0.9901 0.1399 -0.0093
vn 0.9901 0.1399 0.0093
vn 0.9791 0.0008 -0.2033
vn 0.9961 -0.0876 -0.0058
vn 0.9961 -0.0876 0.0058
vn -0.9791 -0.0026 0.2032
vn 0.9791 -0.0026 0.2032
vn -0.9791 0.0008 -0.2033
vn -0.9691 -0.0158 -0.2462
vn -0.9741 -0.0547 -0.2193
vn -0.9866 -0.0790 -0.1425
vn -0.9922 -0.0871 -0.0894
vn -0.9945 -0.0902 -0.0531
vn -0.9955 -0.0915 -0.0249
vn 0.9955 -0.0915 -0.0249
vn 0.9945 -0.0902 -0.0531
vn 0.9922 -0.0871 -0.0894
vn 0.9866 -0.0790 -0.1425
vn 0.9741 -0.0547 -0.2193
vn 0.9691 -0.0158 -0.2462
vn 0.9741 -0.0547 0.2193
vn 0.9866 -0.0790 0.1425
vn 0.9922 -0.0871 0.0894
vn 0.9945 -0.0902 0.0531
vn 0.9955 -0.0915 0.0249
vn 0.9955 0.0916 -0.0258
vn 0.9943 0.0904 -0.0570
vn 0.9912 0.0865 -0.1006
vn 0.9830 0.0740 -0.1683
vn 0.9672 0.0356 -0.2517
vn 0.9688 0.0408 0.2446
vn 0.9840 0.0754 0.1616
vn 0.9914 0.0866 0.0978
vn 0.9943 0.0903 0.0561
vn 0.9955 0.0916 0.0256
vn -0.9955 0.0916 0.0256
vn -0.9943 0.0903 0.0561
vn -0.9914 0.0866 0.0978
vn -0.9840 0.0754 0.1616
vn -0.9688 0.0408 0.2446
vn -0.9672 0.0356 -0.2517
vn -0.9830 0.0740 -0.1683
vn -0.9912 0.0865 -0.1006
vn -0.9943 0.0904 -0.0570
vn -0.9955 0.0916 -0.0258
vn -0.9709 -0.0468 0.2349
vn -0.9851 -0.0770 0.1537
vn -0.9917 -0.0869 0.0943
vn -0.9944 -0.0903 0.0549
vn -0.9955 -0.0916 0.0253
vn -0.9955 -0.0916 -0.0255
vn -0.9944 -0.0903 -0.0554
vn -0.9916 -0.0868 -0.0960
vn -0.9846 -0.0762 -0.1574
vn -0.9699 -0.0440 -0.2397
vn 0.9699 -0.0440 -0.2397
vn 0.9846 -0.0762 -0.1574
vn 0.9916 -0.0868 -0.0960
vn 0.9944 -0.0903 -0.0554
vn 0.9955 -0.0916 -0.0255
vn 0.9955 -0.0916 0.0253
vn 0.9944 -0.0903 0.0549
vn 0.9917 -0.0869 0.0943
vn 0.9851 -0.0770 0.1537
vn 0.9709 -0.0468 0.2349
vn -0.9843 0.1759 -0.0116
vn -0.9955 0.0915 -0.0249
vn -0.9945 0.0902 -0.0531
vn -0.9922 0.0871 -0.0894
vn -0.9866 0.0790 -0.1425
vn -0.9741 0.0547 -0.2193
vn -0.0000 1.0000 0.0019
vn -0.0000 0.0184 -0.9998
vn -0.0000 1.0000 0.0023
vn -0.2511 0.3532 -0.9012
vn -0.2455 0.3600 -0.9001
vn -0.2288 0.5182 -0.8241
vn -0.2338 0.5162 -0.8240
vn 0.9991 0.0359 -0.0221
vn 0.9992 0.0384 -0.0146
vn 0.9986 -0.0111 -0.0511
vn 0.9985 -0.0000 -0.0541
vn -0.2072 0.6778 -0.7055
vn -0.2115 0.6787 -0.7033
vn 0.9990 0.0322 -0.0297
vn 0.9988 -0.0202 -0.0447
vn -0.1848 0.8021 -0.5679
vn -0.1886 0.8033 -0.5649
vn 0.9989 0.0271 -0.0373
vn 0.9989 -0.0271 -0.0373
vn -0.1660 0.8854 -0.4342
vn -0.1693 0.8861 -0.4315
vn 0.9988 0.0202 -0.0447
vn 0.9990 -0.0322 -0.0297
vn -0.1519 0.9377 -0.3124
vn -0.1549 0.9379 -0.3104
vn 0.9986 0.0111 -0.0511
vn 0.9991 -0.0359 -0.0221
vn -0.1422 0.9690 -0.2018
vn -0.1454 0.9688 -0.2005
vn 0.9992 -0.0384 -0.0146
vn -0.1369 0.9856 -0.0990
vn -0.1399 0.9853 -0.0983
vn 0.9992 -0.0397 -0.0072
vn -0.1352 0.9908 -0.0000
vn -0.1381 0.9904 -0.0000
vn 0.9992 -0.0402 -0.0000
vn -0.1369 0.9856 0.0990
vn -0.1399 0.9853 0.0983
vn 0.9992 -0.0397 0.0072
vn -0.1422 0.9690 0.2018
vn -0.1454 0.9688 0.2005
vn 0.9992 -0.0384 0.0146
vn -0.1519 0.9377 0.3124
vn -0.1549 0.9379 0.3104
vn 0.9991 -0.0359 0.0221
vn -0.1659 0.8854 0.4342
vn -0.1693 0.8861 0.4315
vn -1.0000 -0.0000 0.0093
vn -0.9999 0.0003 0.0125
vn -0.9992 -0.0104 0.0394
vn -0.9989 -0.0000 0.0462
vn 0.9990 -0.0322 0.0297
vn -0.1848 0.8021 0.5679
vn -0.1886 0.8033 0.5649
vn -0.2847 0.1478 0.9472
vn -0.2785 0.1537 0.9481
vn -0.3078 0.1037 0.9458
vn -0.3149 0.0993 0.9439
vn 0.9989 -0.0271 0.0373
vn -0.2072 0.6778 0.7054
vn -0.2115 0.6787 0.7033
vn -0.3561 0.0710 0.9317
vn -0.3642 0.0676 0.9289
vn 0.9988 -0.0202 0.0447
vn -0.2288 0.5182 0.8241
vn -0.2338 0.5162 0.8240
vn -0.4369 0.0475 0.8983
vn -0.4459 0.0444 0.8940
vn 0.9986 -0.0111 0.0511
vn -0.2455 0.3600 0.9001
vn -0.2511 0.3532 0.9012
vn -0.5761 0.0289 0.8169
vn -0.5868 0.0256 0.8093
vn 0.9985 -0.0000 0.0541
vn -0.2600 0.2356 0.9364
vn -0.2658 0.2278 0.9367
vn -0.8102 0.0135 0.5860
vn -0.8182 0.0097 0.5749
vn 0.9986 0.0111 0.0511
vn -1.0000 0.0058 -0.0000
vn -1.0000 0.0015 -0.0000
vn 0.9988 0.0202 0.0447
vn -0.8102 0.0135 -0.5860
vn -0.8182 0.0097 -0.5749
vn 0.9989 0.0271 0.0373
vn -0.5761 0.0289 -0.8169
vn -0.5868 0.0256 -0.8093
vn 0.9990 0.0322 0.0297
vn -0.4370 0.0475 -0.8982
vn -0.4459 0.0444 -0.8940
vn 0.9991 0.0359 0.0221
vn -0.3562 0.0710 -0.9317
vn -0.3642 0.0676 -0.9289
vn 0.9992 0.0384 0.0146
vn -0.3078 0.1036 -0.9458
vn -0.3149 0.0993 -0.9439
vn 0.9992 0.0397 0.0072
vn -0.2785 0.1537 -0.9481
vn -0.2847 0.1478 -0.9472
vn 0.9992 0.0402 -0.0000
vn -0.2600 0.2356 -0.9364
vn -0.2657 0.2278 -0.9367
vn 0.9992 0.0397 -0.0072
vn -0.9999 0.0003 -0.0125
vn -1.0000 -0.0000 -0.0093
vn -0.9989 -0.0000 -0.0462
vn -0.9992 -0.0104 -0.0394
vn -0.1374 -0.1843 -0.9732
vn -0.9999 0.0018 0.0162
vn -0.9999 -0.0003 0.0125
vn -0.9999 -0.0018 -0.0162
vn -0.9999 0.0047 0.0164
vn -0.9999 -0.0047 -0.0164
vn -0.9997 -0.0168 -0.0164
vn 0.9989 -0.0000 0.0462
vn 0.9992 -0.0104 0.0394
vn -0.9999 0.0069 0.0142
vn -0.9999 -0.0069 -0.0142
vn -0.9999 0.0084 0.0111
vn -0.9999 -0.0083 -0.0111
vn -0.9999 0.0093 0.0076
vn -0.9999 -0.0093 -0.0076
vn -0.9999 0.0098 0.0039
vn -0.9999 -0.0098 -0.0039
vn -0.9999 -0.0003 -0.0125
vn -0.9999 0.0018 -0.0162
vn 0.9998 -0.0163 0.0094
vn 0.9999 -0.0138 0.0009
vn 0.9992 0.0104 -0.0395
vn 0.9995 0.0156 -0.0269
vn -0.9999 -0.0018 0.0162
vn -0.9999 -0.0047 0.0164
vn -0.9999 0.0047 -0.0164
vn -0.9999 -0.0069 0.0142
vn -0.9999 0.0069 -0.0142
vn -0.9999 -0.0084 0.0111
vn -0.9999 0.0084 -0.0111
vn -0.9999 -0.0093 0.0076
vn -0.9999 0.0093 -0.0076
vn -0.9999 -0.0098 0.0039
vn -0.9999 0.0098 -0.0039
vn -1.0000 -0.0100 -0.0000
vn -1.0000 0.0100 -0.0000
vn -0.5359 -0.3127 0.7843
vn -0.5373 -0.4599 0.7070
vn -0.5378 -0.5901 0.6021
vn -0.9189 -0.3632 0.1541
vn -0.5377 -0.7773 0.3266
vn -0.5377 -0.8265 0.1666
vn -0.5376 -0.8432 -0.0000
vn -0.5377 -0.8265 -0.1666
vn -0.5377 -0.7773 -0.3266
vn -0.5378 -0.6974 -0.4736
vn -0.5373 -0.4599 -0.7070
vn -0.5358 -0.3127 -0.7843
vn -0.5373 0.4599 -0.7069
vn -0.5379 0.5901 -0.6021
vn -0.9186 0.3259 -0.2235
vn -0.5378 0.6974 -0.4737
vn -0.5377 0.7773 -0.3266
vn -0.5377 0.8265 -0.1666
vn -0.5377 0.8265 0.1666
vn -0.5377 0.7773 0.3266
vn -0.9186 0.3259 0.2235
vn -0.5378 0.6974 0.4737
vn -0.9179 0.2763 0.2847
vn -0.5379 0.5901 0.6021
vn 0.5605 -0.0000 0.8281
vn -0.5706 -0.1552 0.8064
vn -0.5722 -0.0000 0.8201
vn -0.9519 -0.0591 0.3005
vn -0.9519 -0.0000 0.3063
vn -0.5688 -0.3093 0.7621
vn -0.9529 -0.1159 0.2802
vn -0.5684 -0.4533 0.6867
vn -0.9545 -0.1663 0.2474
vn -0.5686 -0.5794 0.5839
vn -0.9560 -0.2085 0.2065
vn -0.5691 -0.6826 0.4585
vn -0.9570 -0.2420 0.1597
vn -0.5695 -0.7590 0.3156
vn -0.9578 -0.2662 0.1087
vn -0.5695 -0.8061 0.1609
vn -0.9582 -0.2808 0.0550
vn -0.5693 -0.8221 -0.0000
vn -0.9583 -0.2856 -0.0000
vn -0.5695 -0.8061 -0.1609
vn -0.9582 -0.2808 -0.0550
vn -0.5695 -0.7590 -0.3156
vn -0.9578 -0.2662 -0.1087
vn -0.5690 -0.6826 -0.4585
vn -0.9571 -0.2420 -0.1597
vn -0.5686 -0.5794 -0.5839
vn -0.9560 -0.2085 -0.2065
vn -0.5684 -0.4533 -0.6867
vn -0.9545 -0.1663 -0.2474
vn -0.5688 -0.3093 -0.7621
vn -0.9529 -0.1159 -0.2802
vn -0.5706 -0.1552 -0.8064
vn -0.9519 -0.0591 -0.3005
vn -0.5722 -0.0000 -0.8201
vn -0.9519 -0.0000 -0.3063
vn -0.5706 0.1552 -0.8064
vn -0.9519 0.0591 -0.3005
vn -0.5688 0.3093 -0.7621
vn -0.9529 0.1159 -0.2802
vn -0.5684 0.4532 -0.6866
vn -0.9545 0.1663 -0.2474
vn -0.5686 0.5794 -0.5839
vn -0.9560 0.2085 -0.2065
vn -0.5691 0.6826 -0.4585
vn -0.9570 0.2420 -0.1597
vn -0.5695 0.7590 -0.3156
vn -0.9578 0.2662 -0.1087
vn -0.5696 0.8061 -0.1609
vn -0.9582 0.2808 -0.0550
vn -0.5696 0.8220 -0.0000
vn -0.9583 0.2857 -0.0000
vn -0.5696 0.8060 0.1609
vn -0.9582 0.2808 0.0550
vn -0.5695 0.7590 0.3156
vn -0.9578 0.2662 0.1087
vn -0.5691 0.6826 0.4585
vn -0.9571 0.2420 0.1597
vn -0.5686 0.5794 0.5839
vn -0.9560 0.2085 0.2065
vn -0.5684 0.4532 0.6866
vn -0.9545 0.1663 0.2474
vn -0.5688 0.3093 0.7621
vn -0.9529 0.1159 0.2802
vn -0.5706 0.1552 0.8064
vn -0.9519 0.0591 0.3005
vn 0.5685 -0.4484 0.6898
vn 0.5690 -0.5754 0.5875
vn 0.5692 -0.6800 0.4622
vn 0.9567 -0.2395 0.1652
vn 0.9573 -0.2660 0.1136
vn 0.9575 -0.2826 0.0579
vn 0.5692 -0.6800 -0.4622
vn 0.9567 -0.2395 -0.1652
vn 0.5690 -0.5754 -0.5875
vn 0.5685 -0.4484 -0.6898
vn 0.5632 0.1528 -0.8121
vn 0.9493 0.1156 -0.2924
vn 0.9535 0.1630 -0.2537
vn 0.9568 0.2394 -0.1652
vn 0.9573 0.2660 0.1136
vn 0.5691 0.6801 0.4622
vn 0.9567 0.2395 0.1652
vn 0.5690 0.5754 0.5875
vn -0.5605 -0.0000 0.8281
vn -0.9493 -0.1156 0.2923
vn -0.5691 -0.5754 0.5875
vn -0.9568 -0.2395 0.1652
vn -0.5692 -0.6800 0.4621
vn -0.9573 -0.2659 0.1136
vn -0.9575 -0.2826 -0.0579
vn -0.5692 -0.6800 -0.4621
vn -0.5691 -0.5754 -0.5875
vn -0.9493 -0.1156 -0.2923
vn -0.5667 -0.3049 -0.7654
vn -0.9493 0.1156 -0.2923
vn -0.9568 0.2395 -0.1652
vn -0.5692 0.6801 -0.4622
vn -0.5689 0.8062 -0.1626
vn -0.9568 0.2394 0.1652
vn -0.9493 0.1156 0.2923
vn -0.8122 0.0098 -0.5834
vn -0.8100 0.0135 -0.5862
vn -0.5756 0.0289 -0.8172
vn -0.5784 0.0258 -0.8154
vn -0.4366 0.0475 -0.8984
vn -0.4384 0.0446 -0.8977
vn -0.3561 0.0711 -0.9318
vn -0.3575 0.0678 -0.9315
vn -0.3079 0.1036 -0.9458
vn -0.3089 0.0995 -0.9459
vn -0.2784 0.1537 -0.9481
vn -0.2792 0.1481 -0.9488
vn -0.2599 0.2356 -0.9365
vn -0.2605 0.2282 -0.9381
vn -0.2461 0.3537 -0.9024
vn -0.2287 0.5182 -0.8241
vn -0.2291 0.5168 -0.8249
vn -0.2071 0.6794 -0.7040
vn -0.1845 0.8039 -0.5654
vn -0.1656 0.8866 -0.4318
vn -0.1518 0.9377 -0.3124
vn -0.1517 0.9384 -0.3106
vn -0.1423 0.9693 -0.2006
vn -0.1368 0.9856 -0.0990
vn -0.1369 0.9857 -0.0984
vn -0.1368 0.9856 0.0990
vn -0.1369 0.9857 0.0984
vn -0.1423 0.9693 0.2006
vn -0.1517 0.9384 0.3106
vn -0.1660 0.8854 0.4342
vn -0.1656 0.8866 0.4318
vn -0.2605 0.2282 0.9381
vn -0.2599 0.2356 0.9365
vn -0.2792 0.1481 0.9488
vn -0.1845 0.8039 0.5654
vn -0.3079 0.1036 0.9458
vn -0.3089 0.0995 0.9459
vn -0.2072 0.6778 0.7055
vn -0.2071 0.6794 0.7040
vn -0.3561 0.0711 0.9318
vn -0.3575 0.0678 0.9315
vn -0.2287 0.5183 0.8241
vn -0.2291 0.5168 0.8249
vn -0.4366 0.0475 0.8984
vn -0.4384 0.0446 0.8977
vn -0.5756 0.0289 0.8172
vn -0.5784 0.0258 0.8154
vn -0.8100 0.0135 0.5862
vn -0.8122 0.0098 0.5834
vn -1.0000 0.0016 -0.0000
vn -0.2461 0.3537 0.9024
vn 0.1351 0.5418 0.8296
vn 0.1349 0.3685 0.9198
vn -0.1350 -0.3685 0.9198
vn -0.9962 0.0305 0.0810
vn -0.9960 0.0154 0.0876
vn -0.9980 0.0621 -0.0130
vn -0.9980 0.0627 -0.0000
vn -0.9961 -0.0000 0.0886
vn -0.9960 -0.0154 0.0876
vn -0.9962 -0.0305 0.0810
vn -0.9967 -0.0425 0.0687
vn -0.9972 -0.0510 0.0544
vn -0.9976 -0.0566 0.0401
vn -0.9978 -0.0602 0.0263
vn -0.9980 -0.0621 0.0130
vn -0.9980 -0.0627 -0.0000
vn -0.9980 -0.0621 -0.0130
vn -0.9978 -0.0602 -0.0263
vn -0.9976 -0.0566 -0.0401
vn -0.9972 -0.0510 -0.0544
vn -0.9967 -0.0425 -0.0687
vn -0.9962 -0.0305 -0.0810
vn -0.9960 -0.0154 -0.0876
vn -0.9961 -0.0000 -0.0886
vn -0.9960 0.0154 -0.0876
vn -0.9962 0.0305 -0.0810
vn -0.9967 0.0426 -0.0687
vn -0.9972 0.0510 -0.0544
vn -0.9976 0.0566 -0.0401
vn -0.9978 0.0602 -0.0263
vn -0.9980 0.0621 0.0130
vn -0.9978 0.0602 0.0263
vn -0.9976 0.0566 0.0401
vn -0.9972 0.0510 0.0544
vn -0.9967 0.0425 0.0687
vn -0.1352 -0.5418 -0.8295
vn 0.1352 -0.5418 -0.8295
vn -0.1350 -0.3685 -0.9198
vn 0.1349 0.3685 -0.9198
vn -0.1351 0.5418 -0.8295
vn 0.1351 0.5418 -0.8295
vn -0.5373 0.4599 0.7069
vn -0.9180 0.2763 0.2847
vn -0.9190 0.3864 -0.0786
vn -0.9187 0.3258 -0.2235
vn -0.9180 0.2763 -0.2847
vn -0.5377 0.5902 -0.6021
vn -0.5359 -0.3127 -0.7843
vn -0.9186 -0.3258 -0.2235
vn -0.5377 -0.8431 -0.0000
vn -0.9186 -0.3258 0.2235
vn -0.9163 0.2169 0.3365
vn -0.5373 0.4599 0.7070
vn -0.5378 0.5901 0.6021
vn -0.5379 0.6974 0.4736
vn -0.5379 0.7772 0.3265
vn -0.5378 0.8265 0.1666
vn -0.5377 0.8431 -0.0000
vn -0.5378 0.8265 -0.1666
vn -0.5378 0.7772 -0.3265
vn -0.5378 0.6974 -0.4736
vn -0.9163 0.2169 -0.3365
vn -0.5373 0.4599 -0.7070
vn -0.9189 -0.3632 -0.1541
vn -0.5378 -0.7773 -0.3265
vn -0.9189 -0.3865 -0.0787
vn -0.5378 -0.8265 -0.1666
vn -0.9189 -0.3944 -0.0000
vn -0.5378 -0.8431 -0.0000
vn -0.5378 -0.8265 0.1666
vn -0.5378 -0.7773 0.3265
vn -0.5358 -0.3127 0.7843
vn -0.5393 -0.1589 0.8270
vn -0.5407 -0.0000 0.8412
vn -0.9163 -0.0770 0.3931
vn -0.9169 -0.0000 0.3991
vn -0.5377 -0.3168 0.7814
vn -0.9161 -0.1526 0.3707
vn -0.5373 -0.4643 0.7041
vn -0.9169 -0.2217 0.3318
vn -0.5374 -0.5938 0.5988
vn -0.9179 -0.2810 0.2800
vn -0.5376 -0.6998 0.4704
vn -0.9187 -0.3289 0.2185
vn -0.5380 -0.7783 0.3238
vn -0.9193 -0.3639 0.1497
vn -0.5382 -0.8265 0.1651
vn -0.9197 -0.3852 0.0761
vn -0.5381 -0.8429 -0.0000
vn -0.9198 -0.3923 -0.0000
vn -0.5382 -0.8265 -0.1651
vn -0.9197 -0.3852 -0.0761
vn -0.5380 -0.7783 -0.3239
vn -0.9193 -0.3639 -0.1497
vn -0.5376 -0.6998 -0.4704
vn -0.9188 -0.3288 -0.2185
vn -0.5374 -0.5938 -0.5988
vn -0.9179 -0.2810 -0.2800
vn -0.5373 -0.4643 -0.7041
vn -0.9169 -0.2217 -0.3318
vn -0.5377 -0.3168 -0.7814
vn -0.9161 -0.1526 -0.3707
vn -0.5393 -0.1589 -0.8270
vn -0.9163 -0.0770 -0.3931
vn -0.5407 -0.0000 -0.8412
vn -0.9169 -0.0000 -0.3991
vn -0.5393 0.1589 -0.8270
vn -0.9163 0.0770 -0.3931
vn -0.5377 0.3168 -0.7814
vn -0.9161 0.1526 -0.3708
vn -0.5372 0.4643 -0.7041
vn -0.9169 0.2217 -0.3318
vn -0.5374 0.5938 -0.5988
vn -0.9179 0.2810 -0.2800
vn -0.5376 0.6998 -0.4704
vn -0.9187 0.3289 -0.2185
vn -0.5380 0.7783 -0.3239
vn -0.9193 0.3639 -0.1498
vn -0.5381 0.8265 -0.1651
vn -0.9197 0.3852 -0.0761
vn -0.5381 0.8429 -0.0000
vn -0.9198 0.3923 -0.0000
vn -0.5381 0.8266 0.1651
vn -0.9197 0.3852 0.0761
vn -0.5380 0.7782 0.3238
vn -0.9193 0.3639 0.1498
vn -0.5377 0.6998 0.4703
vn -0.9187 0.3289 0.2185
vn -0.5374 0.5938 0.5988
vn -0.9179 0.2810 0.2800
vn -0.5373 0.4643 0.7041
vn -0.9169 0.2217 0.3318
vn -0.5377 0.3168 0.7814
vn -0.9161 0.1526 0.3708
vn -0.5393 0.1589 0.8270
vn -0.9163 0.0770 0.3931
vn 0.5374 0.4599 0.7069
vn 0.9189 0.3631 0.1541
vn 0.9190 0.3864 0.0786
vn 0.9190 0.3864 -0.0786
vn 0.5374 0.4599 -0.7069
vn 0.5377 -0.8432 -0.0000
vn -0.1022 0.8283 0.5509
vn -0.3741 0.3659 0.8522
vn -0.3741 -0.3659 0.8522
vn -0.1738 -0.9250 0.3378
vn -0.5990 0.1745 0.7815
vn -0.2948 -0.9139 0.2789
vn -0.5011 0.8069 0.3126
vn -0.2183 -0.9757 0.0168
vn -0.4333 -0.9012 -0.0000
vn -0.2948 -0.9140 -0.2790
vn -0.1738 -0.9250 -0.3378
vn -0.5990 -0.1745 -0.7815
vn -0.4225 -0.6902 -0.5875
vn -0.0357 0.9806 -0.1927
vn 0.1021 0.8283 -0.5509
vn 0.3741 0.3658 -0.8522
vn 0.0357 0.9806 -0.1926
vn 0.3741 -0.3658 -0.8522
vn 0.5014 -0.5314 -0.6828
vn 0.4225 -0.6902 -0.5875
vn 0.5989 0.1745 -0.7815
vn 0.2948 -0.9139 -0.2790
vn 0.4474 0.8076 -0.3841
vn 0.2184 -0.9757 0.0168
vn 0.8339 -0.4718 0.2865
vn 0.2948 -0.9139 0.2790
vn 0.5989 -0.1745 0.7815
vn 0.0650 -0.9224 0.3808
vn 0.9679 -0.0043 -0.2513
vn 0.9792 -0.0044 -0.2030
vn -0.9792 -0.0044 -0.2030
vn -0.9679 -0.0043 -0.2513
vn 0.9661 -0.0057 0.2581
vn 0.9793 -0.0099 0.2020
vn -0.9661 -0.0057 0.2581
vn -0.9793 -0.0099 0.2020
vn -0.9791 0.0008 0.2033
vn 0.9791 -0.0025 -0.2032
vn -0.9791 -0.0025 -0.2032
vn 0.9791 0.0008 0.2033
vn -0.9955 0.0916 0.0258
vn -0.9943 0.0904 0.0570
vn -0.9912 0.0865 0.1006
vn -0.9830 0.0740 0.1683
vn -0.9672 0.0356 0.2517
vn -0.9688 0.0408 -0.2446
vn -0.9840 0.0754 -0.1616
vn -0.9914 0.0866 -0.0978
vn -0.9943 0.0903 -0.0561
vn -0.9955 0.0916 -0.0256
vn 0.9955 0.0916 -0.0256
vn 0.9943 0.0903 -0.0561
vn 0.9914 0.0866 -0.0978
vn 0.9840 0.0754 -0.1616
vn 0.9688 0.0408 -0.2446
vn 0.9672 0.0356 0.2517
vn 0.9830 0.0740 0.1683
vn 0.9912 0.0865 0.1006
vn 0.9943 0.0904 0.0570
vn 0.9955 0.0916 0.0258
vn 0.9709 -0.0468 -0.2349
vn 0.9851 -0.0770 -0.1536
vn 0.9917 -0.0869 -0.0943
vn 0.9944 -0.0903 -0.0549
vn 0.9955 -0.0916 -0.0253
vn 0.9955 -0.0916 0.0255
vn 0.9944 -0.0903 0.0555
vn 0.9916 -0.0868 0.0960
vn 0.9846 -0.0762 0.1574
vn 0.9699 -0.0440 0.2397
vn -0.9699 -0.0440 0.2397
vn -0.9846 -0.0762 0.1574
vn -0.9916 -0.0868 0.0960
vn -0.9944 -0.0903 0.0555
vn -0.9955 -0.0916 0.0255
vn -0.9955 -0.0916 -0.0253
vn -0.9944 -0.0903 -0.0549
vn -0.9917 -0.0869 -0.0943
vn -0.9851 -0.0770 -0.1536
vn -0.9709 -0.0468 -0.2349
vt 0.375000 0.000000
vt 0.625000 0.000000
vt 0.625000 0.250000
vt 0.375000 0.250000
vt 0.625000 0.500000
vt 0.375000 0.500000
vt 0.625000 0.750000
vt 0.375000 0.750000
vt 0.625000 1.000000
vt 0.375000 1.000000
vt 0.125000 0.500000
vt 0.125000 0.750000
vt 0.875000 0.500000
vt 0.875000 0.750000
vt 1.000000 0.500000
vt 1.000000 1.000000
vt 0.968750 1.000000
vt 0.968750 0.500000
vt 0.937500 1.000000
vt 0.937500 0.500000
vt 0.906250 1.000000
vt 0.906250 0.500000
vt 0.875000 1.000000
vt 0.843750 1.000000
vt 0.843750 0.500000
vt 0.812500 1.000000
vt 0.812500 0.500000
vt 0.781250 1.000000
vt 0.781250 0.500000
vt 0.750000 1.000000
vt 0.750000 0.500000
vt 0.718750 1.000000
vt 0.718750 0.500000
vt 0.687500 1.000000
vt 0.687500 0.500000
vt 0.656250 1.000000
vt 0.656250 0.500000
vt 0.593750 1.000000
vt 0.593750 0.500000
vt 0.562500 1.000000
vt 0.562500 0.500000
vt 0.531250 1.000000
vt 0.531250 0.500000
vt 0.500000 1.000000
vt 0.500000 0.500000
vt 0.468750 1.000000
vt 0.468750 0.500000
vt 0.437500 1.000000
vt 0.437500 0.500000
vt 0.406250 1.000000
vt 0.406250 0.500000
vt 0.343750 1.000000
vt 0.343750 0.500000
vt 0.312500 1.000000
vt 0.312500 0.500000
vt 0.281250 1.000000
vt 0.281250 0.500000
vt 0.250000 1.000000
vt 0.250000 0.500000
vt 0.218750 1.000000
vt 0.218750 0.500000
vt 0.187500 1.000000
vt 0.187500 0.500000
vt 0.156250 1.000000
vt 0.156250 0.500000
vt 0.125000 1.000000
vt 0.093750 1.000000
vt 0.093750 0.500000
vt 0.062500 1.000000
vt 0.062500 0.500000
vt 0.296822 0.485388
vt 0.250000 0.490000
vt 0.203178 0.485388
vt 0.158156 0.471731
vt 0.116663 0.449553
vt 0.080294 0.419706
vt 0.050447 0.383337
vt 0.028269 0.341844
vt 0.014612 0.296822
vt 0.010000 0.250000
vt 0.014612 0.203178
vt 0.028269 0.158156
vt 0.050447 0.116663
vt 0.080294 0.080294
vt 0.116663 0.050447
vt 0.158156 0.028269
vt 0.203178 0.014612
vt 0.250000 0.010000
vt 0.296822 0.014612
vt 0.341844 0.028269
vt 0.383337 0.050447
vt 0.419706 0.080294
vt 0.449553 0.116663
vt 0.471731 0.158156
vt 0.485388 0.203178
vt 0.490000 0.250000
vt 0.485388 0.296822
vt 0.471731 0.341844
vt 0.449553 0.383337
vt 0.419706 0.419706
vt 0.383337 0.449553
vt 0.341844 0.471731
vt 0.031250 1.000000
vt 0.031250 0.500000
vt 0.000000 1.000000
vt 0.000000 0.500000
vt 0.750000 0.490000
vt 0.796822 0.485388
vt 0.841844 0.471731
vt 0.883337 0.449553
vt 0.919706 0.419706
vt 0.949553 0.383337
vt 0.971731 0.341844
vt 0.985388 0.296822
vt 0.990000 0.250000
vt 0.985388 0.203178
vt 0.971731 0.158156
vt 0.949553 0.116663
vt 0.919706 0.080294
vt 0.883337 0.050447
vt 0.841844 0.028269
vt 0.796822 0.014612
vt 0.750000 0.010000
vt 0.703178 0.014612
vt 0.658156 0.028269
vt 0.616663 0.050447
vt 0.580294 0.080294
vt 0.550447 0.116663
vt 0.528269 0.158156
vt 0.514612 0.203178
vt 0.510000 0.250000
vt 0.514612 0.296822
vt 0.528269 0.341844
vt 0.550447 0.383337
vt 0.580294 0.419706
vt 0.616663 0.449553
vt 0.658156 0.471731
vt 0.703178 0.485388
vt 0.005831 0.939638
vt 0.005831 1.000000
vt 0.000000 1.000000
vt 0.000000 0.939638
vt 0.083405 0.939638
vt 0.083405 1.000000
vt 0.080949 1.000000
vt 0.080949 0.939638
vt 0.075114 0.060362
vt 0.075114 0.000000
vt 0.080949 -0.000000
vt 0.080949 0.060362
vt 0.083405 0.060362
vt 0.083405 -0.000000
vt 0.085862 -0.000000
vt 0.085862 0.060362
vt 0.244360 0.205512
vt 0.246814 0.205393
vt 0.246814 0.211228
vt 0.244360 0.211346
vt 0.241906 0.205393
vt 0.244360 0.205512
vt 0.241906 0.211228
vt 0.083405 0.770899
vt 0.083405 0.732130
vt 0.085862 0.732130
vt 0.085862 0.770899
vt 0.083405 0.500000
vt 0.085862 0.500000
vt 0.083405 0.267845
vt 0.085862 0.267845
vt 0.075114 0.770899
vt 0.075114 0.732130
vt 0.080949 0.732130
vt 0.080949 0.770899
vt 0.075114 0.500000
vt 0.080949 0.500000
vt 0.075114 0.267845
vt 0.080949 0.267845
vt 0.083405 0.229101
vt 0.083405 0.267870
vt 0.080949 0.267870
vt 0.080949 0.229101
vt 0.083405 0.500000
vt 0.080949 0.500000
vt 0.083405 0.732155
vt 0.080949 0.732155
vt 0.005831 0.229101
vt 0.005831 0.267870
vt 0.000000 0.267870
vt 0.000000 0.229101
vt 0.005831 0.500000
vt 0.000000 0.500000
vt 0.005831 0.732155
vt 0.000000 0.732155
vt 0.022081 0.500000
vt 0.022081 0.732155
vt 0.020237 0.732155
vt 0.020237 0.500000
vt 0.022081 0.267870
vt 0.020237 0.267870
vt 0.022081 0.229101
vt 0.020237 0.229101
vt 0.058882 0.500000
vt 0.058882 0.267845
vt 0.060711 0.267845
vt 0.060711 0.500000
vt 0.058882 0.732130
vt 0.060711 0.732130
vt 0.058882 0.770899
vt 0.060711 0.770899
vt 0.241906 0.189161
vt 0.244360 0.189280
vt 0.244360 0.191109
vt 0.241906 0.190991
vt 0.244360 0.189280
vt 0.246814 0.189161
vt 0.246814 0.190991
vt 0.244360 0.191109
vt 0.058882 0.060362
vt 0.058882 -0.000000
vt 0.060711 -0.000000
vt 0.060711 0.060362
vt 0.022081 0.939638
vt 0.022081 1.000000
vt 0.020237 1.000000
vt 0.020237 0.939638
vt 0.040474 0.939638
vt 0.040474 1.000000
vt 0.034640 1.000000
vt 0.034640 0.939638
vt 0.040474 0.229101
vt 0.040474 0.267870
vt 0.034640 0.267870
vt 0.034640 0.229101
vt 0.040474 0.500000
vt 0.034640 0.500000
vt 0.040474 0.732155
vt 0.034640 0.732155
vt 0.138977 0.232155
vt 0.138977 0.000000
vt 0.139451 0.000000
vt 0.139451 0.232155
vt 0.241906 0.223923
vt 0.241906 0.211346
vt 0.242380 0.211369
vt 0.242380 0.223946
vt 0.062555 0.770899
vt 0.062555 0.732130
vt 0.241906 0.192834
vt 0.244360 0.192953
vt 0.246814 0.192834
vt 0.062555 0.060362
vt 0.062555 -0.000000
vt 0.040474 0.060362
vt 0.040474 -0.000000
vt 0.046305 0.000000
vt 0.046305 0.060362
vt 0.244360 0.170872
vt 0.246814 0.170753
vt 0.246814 0.176584
vt 0.244360 0.176703
vt 0.241906 0.170753
vt 0.244360 0.170872
vt 0.241906 0.176584
vt 0.040474 0.770899
vt 0.040474 0.732130
vt 0.046305 0.732130
vt 0.046305 0.770899
vt 0.040474 0.500000
vt 0.046305 0.500000
vt 0.040474 0.267845
vt 0.046305 0.267845
vt 0.245692 0.227596
vt 0.245692 0.240155
vt 0.245219 0.240178
vt 0.245219 0.227619
vt 0.138977 0.464285
vt 0.139451 0.464285
vt 0.018408 0.229101
vt 0.018408 0.267870
vt 0.018408 0.939638
vt 0.018408 1.000000
vt 0.243799 0.225776
vt 0.243799 0.223946
vt 0.244273 0.223923
vt 0.244273 0.225753
vt 0.040474 0.231116
vt 0.046305 0.231116
vt 0.245583 0.000000
vt 0.245583 0.170753
vt 0.245109 0.170753
vt 0.245109 0.000000
vt 0.040474 0.768884
vt 0.034640 0.768884
vt 0.137082 0.232130
vt 0.137082 0.464285
vt 0.136608 0.464285
vt 0.136608 0.232130
vt 0.244273 0.223946
vt 0.244273 0.211369
vt 0.244746 0.211346
vt 0.244746 0.223923
vt 0.083405 0.231116
vt 0.085862 0.231116
vt 0.075114 0.231116
vt 0.080949 0.231116
vt 0.083405 0.768884
vt 0.080949 0.768884
vt 0.005831 0.768884
vt 0.000000 0.768884
vt 0.018408 -0.000000
vt 0.018408 0.060397
vt 0.005831 0.060397
vt 0.005831 -0.000000
vt 0.040474 1.000000
vt 0.040474 0.939603
vt 0.046305 0.939603
vt 0.046305 1.000000
vt 0.062555 1.000000
vt 0.062555 0.939603
vt 0.075114 0.939603
vt 0.075114 1.000000
vt 0.040474 -0.000000
vt 0.040474 0.060397
vt 0.034640 0.060397
vt 0.034640 -0.000000
vt 0.058882 1.000000
vt 0.058882 0.939603
vt 0.060711 0.939603
vt 0.060711 1.000000
vt 0.022081 -0.000000
vt 0.022081 0.060397
vt 0.020237 0.060397
vt 0.020237 -0.000000
vt 0.000000 0.060397
vt -0.000000 -0.000000
vt 0.083405 -0.000000
vt 0.083405 0.060397
vt 0.080949 0.060397
vt 0.080949 -0.000000
vt 0.080949 0.939603
vt 0.080949 1.000000
vt 0.083405 1.000000
vt 0.083405 0.939603
vt 0.085862 0.939603
vt 0.085862 1.000000
vt 0.058882 0.231116
vt 0.060711 0.231116
vt 0.022081 0.768884
vt 0.020237 0.768884
vt 0.062555 0.267845
vt 0.062555 0.231116
vt 0.018408 0.732155
vt 0.018408 0.768884
vt 0.244746 0.240178
vt 0.244746 0.252755
vt 0.244273 0.252778
vt 0.244273 0.240201
vt 0.245583 0.170753
vt 0.245583 0.000000
vt 0.246056 0.000000
vt 0.246056 0.170753
vt 0.137082 -0.000000
vt 0.136608 -0.000000
vt 0.242853 0.211369
vt 0.242853 0.223946
vt 0.242380 0.223923
vt 0.242380 0.211346
vt 0.246056 0.170753
vt 0.246056 -0.000000
vt 0.246530 -0.000000
vt 0.246530 0.170753
vt 0.241906 0.225753
vt 0.242380 0.225775
vt 0.247004 -0.000000
vt 0.247004 0.170753
vt 0.246530 0.170753
vt 0.246530 -0.000000
vt 0.244273 0.227619
vt 0.244273 0.225775
vt 0.244746 0.225753
vt 0.244746 0.227596
vt 0.062555 0.500000
vt 0.245219 0.227596
vt 0.245219 0.240155
vt 0.244746 0.240178
vt 0.244746 0.227619
vt 0.136608 0.000000
vt 0.136608 0.232155
vt 0.136134 0.232155
vt 0.136134 0.000000
vt 0.245692 0.223923
vt 0.245692 0.225753
vt 0.245219 0.225775
vt 0.245219 0.223946
vt 0.245692 0.211346
vt 0.245219 0.211369
vt 0.243799 0.211369
vt 0.244273 0.211346
vt 0.136608 0.464285
vt 0.136134 0.464285
vt 0.018408 0.500000
vt 0.242853 0.223923
vt 0.242853 0.211346
vt 0.243326 0.211369
vt 0.243326 0.223946
vt 0.244273 0.252778
vt 0.244273 0.265337
vt 0.243799 0.265360
vt 0.243799 0.252801
vt 0.242380 0.253806
vt 0.242380 0.255650
vt 0.241918 0.255627
vt 0.241918 0.253784
vt 0.185641 0.448665
vt 0.185641 0.224346
vt 0.186104 0.224346
vt 0.186104 0.448665
vt 0.242380 0.251977
vt 0.241918 0.251954
vt 0.246154 0.252204
vt 0.246154 0.254048
vt 0.245692 0.254026
vt 0.245692 0.252182
vt 0.245692 0.238577
vt 0.245692 0.226818
vt 0.246154 0.226796
vt 0.246154 0.238554
vt 0.245692 0.276765
vt 0.245692 0.265807
vt 0.246154 0.265829
vt 0.246154 0.276787
vt 0.243315 0.253784
vt 0.243315 0.255627
vt 0.242853 0.255650
vt 0.242853 0.253806
vt 0.242380 0.267408
vt 0.242380 0.278366
vt 0.241918 0.278389
vt 0.241918 0.267431
vt 0.306980 0.154076
vt 0.306980 -0.000000
vt 0.307442 -0.000000
vt 0.307442 0.154076
vt 0.241918 0.267386
vt 0.307904 0.000000
vt 0.307904 0.154076
vt 0.307442 0.154076
vt 0.307442 0.000000
vt 0.246154 0.250353
vt 0.246154 0.238577
vt 0.246616 0.238599
vt 0.246616 0.250375
vt 0.306980 -0.000000
vt 0.306980 0.154076
vt 0.306517 0.154076
vt 0.306517 -0.000000
vt 0.243315 0.240178
vt 0.243315 0.251954
vt 0.242853 0.251977
vt 0.242853 0.240201
vt 0.307442 0.308152
vt 0.307442 0.154076
vt 0.307904 0.154076
vt 0.307904 0.308152
vt 0.245692 0.224974
vt 0.245692 0.223145
vt 0.246154 0.223123
vt 0.246154 0.224952
vt 0.242853 0.253784
vt 0.242853 0.255627
vt 0.242391 0.255650
vt 0.242391 0.253806
vt 0.246154 0.265807
vt 0.245692 0.265784
vt 0.243326 0.253806
vt 0.243326 0.251977
vt 0.243788 0.251954
vt 0.243788 0.253784
vt 0.246154 0.223123
vt 0.246154 0.211346
vt 0.246616 0.211369
vt 0.246616 0.223145
vt 0.243326 0.267408
vt 0.243326 0.255650
vt 0.243788 0.255627
vt 0.243788 0.267386
vt 0.246616 0.265829
vt 0.246616 0.276787
vt 0.246154 0.276765
vt 0.246154 0.265807
vt 0.242853 0.240178
vt 0.242853 0.251954
vt 0.242391 0.251977
vt 0.242391 0.240201
vt 0.243315 0.278389
vt 0.243315 0.267431
vt 0.243776 0.267408
vt 0.243776 0.278366
vt 0.242853 0.225775
vt 0.242380 0.225753
vt 0.137555 0.000000
vt 0.137555 0.232155
vt 0.137082 0.232155
vt 0.137082 0.000000
vt 0.137555 0.464285
vt 0.137082 0.464285
vt 0.245219 0.252801
vt 0.245219 0.265360
vt 0.244746 0.265337
vt 0.244746 0.252778
vt 0.243799 0.240178
vt 0.243799 0.227619
vt 0.244273 0.227596
vt 0.244273 0.240155
vt 0.306517 -0.000000
vt 0.306517 0.168704
vt 0.306043 0.168704
vt 0.306043 -0.000000
vt 0.245219 0.265360
vt 0.245219 0.252801
vt 0.245692 0.252778
vt 0.245692 0.265337
vt 0.138029 -0.000000
vt 0.138029 0.232130
vt 0.137555 0.232130
vt 0.137555 -0.000000
vt 0.242853 0.227596
vt 0.242853 0.225753
vt 0.243326 0.225775
vt 0.243326 0.227619
vt 0.304622 0.168704
vt 0.304622 -0.000000
vt 0.305096 -0.000000
vt 0.305096 0.168704
vt 0.138029 0.464285
vt 0.137555 0.464285
vt 0.243799 0.227619
vt 0.243799 0.240178
vt 0.243326 0.240155
vt 0.243326 0.227596
vt 0.242853 0.227619
vt 0.242380 0.227596
vt 0.305096 -0.000000
vt 0.305569 -0.000000
vt 0.305569 0.168704
vt 0.139451 0.464285
vt 0.139451 0.232130
vt 0.139924 0.232130
vt 0.139924 0.464285
vt 0.242853 0.240178
vt 0.242380 0.240155
vt 0.306043 -0.000000
vt 0.306043 0.168704
vt 0.305570 0.168704
vt 0.305570 -0.000000
vt 0.139451 -0.000000
vt 0.139924 -0.000000
vt 0.241906 0.227596
vt 0.242380 0.227619
vt 0.241906 0.240155
vt 0.242380 0.240178
vt 0.243799 0.211369
vt 0.243799 0.223946
vt 0.243326 0.223923
vt 0.243326 0.211346
vt 0.244273 0.240178
vt 0.244746 0.240155
vt 0.245219 0.225753
vt 0.244746 0.225775
vt 0.138029 0.464285
vt 0.138029 0.232130
vt 0.138503 0.232130
vt 0.138503 0.464285
vt 0.242853 0.240155
vt 0.243326 0.240178
vt 0.138029 -0.000000
vt 0.138503 -0.000000
vt 0.243799 0.252755
vt 0.243799 0.240178
vt 0.244273 0.240201
vt 0.244273 0.252778
vt 0.243799 0.225775
vt 0.243326 0.225753
vt 0.245692 0.240201
vt 0.245692 0.252778
vt 0.245219 0.252755
vt 0.245219 0.240178
vt 0.244746 0.252778
vt 0.244746 0.240201
vt 0.245219 0.240178
vt 0.245219 0.252755
vt 0.138503 0.464285
vt 0.138503 0.232155
vt 0.138977 0.232155
vt 0.138977 0.464285
vt 0.138503 -0.000000
vt 0.138977 -0.000000
vt 0.245219 0.211346
vt 0.245219 0.223923
vt 0.244746 0.223946
vt 0.244746 0.211369
vt 0.244273 0.265337
vt 0.244273 0.252778
vt 0.244746 0.252801
vt 0.244746 0.265360
vt 0.122774 0.232130
vt 0.122774 0.007810
vt 0.123575 0.000000
vt 0.123575 0.232130
vt 0.122774 0.456476
vt 0.123575 0.464285
vt 0.135333 0.232156
vt 0.135333 0.007810
vt 0.136134 -0.000000
vt 0.136134 0.232155
vt 0.135333 0.456475
vt 0.136134 0.464285
vt 0.097638 0.007810
vt 0.086662 0.007810
vt 0.085862 0.000000
vt 0.098439 -0.000000
vt 0.086662 0.456476
vt 0.097638 0.456476
vt 0.098439 0.464285
vt 0.085862 0.464285
vt 0.099239 0.232156
vt 0.099239 0.456475
vt 0.098439 0.464285
vt 0.098439 0.232155
vt 0.099239 0.007810
vt 0.098439 -0.000000
vt 0.086662 0.232130
vt 0.085862 0.232130
vt 0.201897 0.162415
vt 0.203740 0.162415
vt 0.203740 0.170753
vt 0.201897 0.170753
vt 0.230706 0.008339
vt 0.228876 0.008339
vt 0.228876 0.000000
vt 0.230706 0.000000
vt 0.303821 0.160187
vt 0.303821 0.008517
vt 0.304622 0.000000
vt 0.304622 0.168704
vt 0.275012 0.160187
vt 0.275012 0.008517
vt 0.275813 0.000000
vt 0.275813 0.168704
vt 0.247805 0.008517
vt 0.247805 0.160187
vt 0.247004 0.168704
vt 0.247004 0.000000
vt 0.276614 0.008517
vt 0.276614 0.160187
vt 0.275813 0.168704
vt 0.288390 0.008517
vt 0.288390 -0.000000
vt 0.263254 0.160187
vt 0.263254 0.168704
vt 0.259581 0.160187
vt 0.261410 0.160187
vt 0.261410 0.168704
vt 0.259581 0.168704
vt 0.292063 0.008517
vt 0.290219 0.008517
vt 0.290219 -0.000000
vt 0.292063 -0.000000
vt 0.215499 0.162415
vt 0.215499 0.008339
vt 0.216300 -0.000000
vt 0.216300 0.170753
vt 0.244308 0.162415
vt 0.244308 0.008339
vt 0.245109 0.000000
vt 0.245109 0.170753
vt 0.217100 0.008339
vt 0.217100 0.162415
vt 0.216300 0.170753
vt 0.216300 0.000000
vt 0.188291 0.008339
vt 0.188291 0.162415
vt 0.187491 0.170753
vt 0.187491 -0.000000
vt 0.203740 0.008339
vt 0.201897 0.008339
vt 0.201897 0.000000
vt 0.203740 0.000000
vt 0.232549 0.162415
vt 0.232549 0.170753
vt 0.261410 0.008517
vt 0.259581 0.008517
vt 0.259581 0.000000
vt 0.261410 0.000000
vt 0.290219 0.160187
vt 0.292063 0.160187
vt 0.292063 0.168704
vt 0.290219 0.168704
vt 0.230706 0.162415
vt 0.230706 0.170753
vt 0.110215 0.456475
vt 0.111015 0.464285
vt 0.097638 0.232130
vt 0.098439 0.232130
vt 0.110215 0.232156
vt 0.110215 0.007810
vt 0.111015 -0.000000
vt 0.111015 0.232155
vt 0.124375 0.456475
vt 0.123575 0.464285
vt 0.124375 0.007810
vt 0.123575 -0.000000
vt 0.200068 0.162415
vt 0.200068 0.170753
vt 0.232549 0.008339
vt 0.232549 0.000000
vt 0.228877 0.162415
vt 0.228877 0.170753
vt 0.200068 0.008339
vt 0.200068 0.000000
vt 0.288390 0.160187
vt 0.288390 0.168704
vt 0.263254 0.008517
vt 0.263254 0.000000
vt 0.111816 0.007810
vt 0.111015 -0.000000
vt 0.111816 0.456476
vt 0.111015 0.464285
vt 0.124375 0.232156
vt 0.123575 0.232155
vt 0.111816 0.232130
vt 0.111015 0.232130
vt 0.161876 0.224346
vt 0.161876 -0.000000
vt 0.172834 0.000000
vt 0.172834 0.224346
vt 0.161876 0.448665
vt 0.172834 0.448665
vt 0.139924 0.224346
vt 0.139925 -0.000000
vt 0.150900 0.000000
vt 0.150900 0.224346
vt 0.139924 0.448665
vt 0.150900 0.448665
vt 0.285988 0.168704
vt 0.285988 0.322780
vt 0.274212 0.322780
vt 0.274212 0.168704
vt 0.262453 0.322780
vt 0.262453 0.168704
vt 0.274212 0.168704
vt 0.274212 0.322780
vt 0.289661 0.168704
vt 0.289661 0.322780
vt 0.287817 0.322780
vt 0.287817 0.168704
vt 0.258780 0.322780
vt 0.258780 0.168704
vt 0.260609 0.168704
vt 0.260610 0.322780
vt 0.199267 0.170753
vt 0.199267 0.322423
vt 0.187491 0.322423
vt 0.187491 0.170753
vt 0.230148 0.322424
vt 0.230148 0.170753
vt 0.241906 0.170753
vt 0.241906 0.322423
vt 0.226475 0.322424
vt 0.226475 0.170753
vt 0.228304 0.170753
vt 0.228304 0.322424
vt 0.202940 0.170753
vt 0.202940 0.322423
vt 0.201096 0.322423
vt 0.201096 0.170753
vt 0.214699 0.170753
vt 0.214699 0.322423
vt 0.301419 0.168704
vt 0.301419 0.322780
vt 0.172834 0.448665
vt 0.172834 0.224346
vt 0.183792 0.224346
vt 0.183792 0.448665
vt 0.172834 0.000000
vt 0.183792 -0.000000
vt 0.214699 0.322423
vt 0.214699 0.170753
vt 0.247004 0.322780
vt 0.247004 0.168704
vt 0.150900 0.448665
vt 0.161876 0.224346
vt 0.161876 0.448665
vt 0.150900 0.000000
vt 0.161876 -0.000000
vt 0.246154 0.254026
vt 0.246154 0.252182
vt 0.246616 0.252204
vt 0.246616 0.254048
vt 0.185641 0.000000
vt 0.186104 0.000000
vt 0.184717 -0.000000
vt 0.184717 0.224319
vt 0.184254 0.224319
vt 0.184254 -0.000000
vt 0.246154 0.238554
vt 0.246154 0.226796
vt 0.246616 0.226818
vt 0.246616 0.238577
vt 0.187028 -0.000000
vt 0.187028 0.224346
vt 0.186566 0.224346
vt 0.186566 -0.000000
vt 0.184717 0.448665
vt 0.184254 0.448665
vt 0.187028 0.448665
vt 0.186566 0.448665
vt 0.183792 0.224319
vt 0.183792 -0.000000
vt 0.184254 -0.000000
vt 0.184254 0.224319
vt 0.242853 0.267386
vt 0.242391 0.267408
vt 0.245681 0.265360
vt 0.245681 0.276336
vt 0.245219 0.276358
vt 0.245219 0.265383
vt 0.183792 0.448665
vt 0.184254 0.448665
vt 0.243315 0.267386
vt 0.242853 0.267408
vt 0.244261 0.276336
vt 0.244261 0.265360
vt 0.244723 0.265383
vt 0.244723 0.276358
vt 0.244261 0.265383
vt 0.244261 0.276358
vt 0.243799 0.276336
vt 0.243799 0.265360
vt 0.187491 -0.000000
vt 0.187491 0.224319
vt 0.187028 0.224319
vt 0.187028 -0.000000
vt 0.246154 0.224952
vt 0.246616 0.224974
vt 0.246154 0.265784
vt 0.246616 0.265807
vt 0.187491 0.448665
vt 0.187028 0.448665
vt 0.245692 0.211369
vt 0.246154 0.211346
vt 0.244757 0.276358
vt 0.244757 0.265383
vt 0.245219 0.265360
vt 0.245219 0.276336
vt 0.186104 0.448665
vt 0.186104 0.224319
vt 0.186566 0.224319
vt 0.186566 0.448665
vt 0.246154 0.238599
vt 0.246154 0.250375
vt 0.245692 0.250353
vt 0.245692 0.238577
vt 0.186104 -0.000000
vt 0.186566 -0.000000
vt 0.185179 0.224346
vt 0.185179 0.448665
vt 0.184717 0.448665
vt 0.184717 0.224346
vt 0.243326 0.240201
vt 0.243788 0.240178
vt 0.242380 0.240201
vt 0.241918 0.240178
vt 0.307904 0.303340
vt 0.307904 0.151670
vt 0.308367 0.151670
vt 0.308367 0.303340
vt 0.185179 0.448665
vt 0.185179 0.224346
vt 0.185641 0.224346
vt 0.185641 0.448665
vt 0.307442 0.154076
vt 0.307442 0.305746
vt 0.306980 0.305746
vt 0.306980 0.154076
vt 0.185179 -0.000000
vt 0.185641 -0.000000
vt 0.308367 -0.000000
vt 0.308367 0.151670
vt 0.307904 0.151670
vt 0.307904 -0.000000
vt 0.185179 -0.000000
vt 0.184717 -0.000000
vt 0.306517 0.305746
vt 0.306517 0.154076
vt 0.306980 0.154076
vt 0.306980 0.305746
vt 1.000000 0.866450
vt 0.968750 0.866450
vt 0.937500 0.866450
vt 0.906250 0.866450
vt 0.875000 0.866450
vt 0.843750 0.866450
vt 0.812500 0.866450
vt 0.781250 0.866450
vt 0.750000 0.866450
vt 0.718750 0.866450
vt 0.687500 0.866450
vt 0.656250 0.866450
vt 0.625000 0.866450
vt 0.593750 0.866450
vt 0.562500 0.866450
vt 0.531250 0.866450
vt 0.500000 0.866450
vt 0.468750 0.866450
vt 0.437500 0.866450
vt 0.406250 0.866450
vt 0.375000 0.866450
vt 0.343750 0.866450
vt 0.312500 0.866450
vt 0.281250 0.866450
vt 0.250000 0.866450
vt 0.218750 0.866450
vt 0.187500 0.866450
vt 0.156250 0.866450
vt 0.125000 0.866450
vt 0.093750 0.866450
vt 0.062500 0.866450
vt 0.031250 0.866450
vt 0.000000 0.866450
vt 0.718750 0.794200
vt 0.750000 0.794200
vt 0.781250 0.794200
vt 0.812500 0.794200
vt 0.843750 0.794200
vt 0.000000 0.794200
vt 0.031250 0.794200
vt 0.875000 0.794200
vt 0.062500 0.794200
vt 0.906250 0.794200
vt 0.093750 0.794200
vt 0.937500 0.794200
vt 0.125000 0.794200
vt 0.968750 0.794200
vt 0.156250 0.794200
vt 1.000000 0.794200
vt 0.187500 0.794200
vt 0.218750 0.794200
vt 0.250000 0.794200
vt 0.281250 0.794200
vt 0.312500 0.794200
vt 1.000000 0.755481
vt 0.968750 0.755481
vt 0.937500 0.755481
vt 0.906250 0.755481
vt 0.875000 0.755481
vt 0.843750 0.755481
vt 0.812500 0.755481
vt 0.781250 0.755481
vt 0.750000 0.755481
vt 0.718750 0.755481
vt 0.687500 0.794200
vt 0.687500 0.755481
vt 0.656250 0.794200
vt 0.656250 0.755481
vt 0.625000 0.794200
vt 0.625000 0.755481
vt 0.593750 0.794200
vt 0.593750 0.755481
vt 0.562500 0.794200
vt 0.562500 0.755481
vt 0.531250 0.794200
vt 0.531250 0.755481
vt 0.500000 0.794200
vt 0.500000 0.755481
vt 0.468750 0.794200
vt 0.468750 0.755481
vt 0.437500 0.794200
vt 0.437500 0.755481
vt 0.406250 0.794200
vt 0.406250 0.755481
vt 0.375000 0.794200
vt 0.375000 0.755481
vt 0.343750 0.794200
vt 0.343750 0.755481
vt 0.312500 0.755481
vt 0.281250 0.755481
vt 0.250000 0.755481
vt 0.218750 0.755481
vt 0.187500 0.755481
vt 0.156250 0.755481
vt 0.125000 0.755481
vt 0.093750 0.755481
vt 0.062500 0.755481
vt 0.031250 0.755481
vt 0.000000 0.755481
vt 0.500000 0.856122
vt 0.468750 0.856122
vt 0.468750 0.856122
vt 0.437500 0.856122
vt 0.437500 0.856122
vt 0.406250 0.856122
vt 0.406250 0.856122
vt 0.375000 0.856122
vt 0.375000 0.856122
vt 0.343750 0.856122
vt 0.312500 0.856122
vt 0.312500 0.856122
vt 0.281250 0.856122
vt 0.250000 0.856122
vt 0.250000 0.856122
vt 0.218750 0.856122
vt 0.218750 0.856122
vt 0.187500 0.856122
vt 0.187500 0.856122
vt 0.156250 0.856122
vt 0.156250 0.856122
vt 0.125000 0.856122
vt 1.000000 0.845795
vt 0.968750 0.845795
vt 0.125000 0.856122
vt 0.093750 0.856122
vt 0.937500 0.856122
vt 0.906250 0.856122
vt 0.062500 0.856122
vt 0.906250 0.856122
vt 0.875000 0.856122
vt 0.062500 0.856122
vt 0.031250 0.856122
vt 0.875000 0.856122
vt 0.843750 0.856122
vt 0.000000 0.856122
vt 0.812500 0.856122
vt 1.000000 0.856122
vt 0.968750 0.856122
vt 0.812500 0.856122
vt 0.781250 0.856122
vt 0.750000 0.856122
vt 0.750000 0.856122
vt 0.718750 0.856122
vt 0.718750 0.856122
vt 0.687500 0.856122
vt 0.687500 0.856122
vt 0.656250 0.856122
vt 0.656250 0.856122
vt 0.625000 0.856122
vt 0.625000 0.856122
vt 0.593750 0.856122
vt 0.562500 0.856122
vt 0.562500 0.856122
vt 0.531250 0.856122
vt 0.500000 0.856122
vt 0.031250 0.866450
vt 0.062500 0.866450
vt 0.093750 0.866450
vt 0.125000 0.866450
vt 0.187500 0.866450
vt 0.218750 0.866450
vt 0.281250 0.866450
vt 0.312500 0.866450
vt 0.343750 0.866450
vt 0.375000 0.866450
vt 0.437500 0.866450
vt 0.468750 0.866450
vt 0.468750 0.866450
vt 0.531250 0.866450
vt 0.562500 0.866450
vt 0.593750 0.866450
vt 0.625000 0.866450
vt 0.687500 0.866450
vt 0.718750 0.866450
vt 0.750000 0.866450
vt 0.781250 0.866450
vt 0.812500 0.866450
vt 0.843750 0.866450
vt 0.875000 0.866450
vt 0.906250 0.866450
vt 0.937500 0.866450
vt 0.968750 0.866450
vt 0.968750 0.866450
vt 1.000000 0.866450
vt 0.718750 0.803444
vt 0.718750 0.836550
vt 0.687500 0.836550
vt 0.687500 0.803444
vt 0.312500 0.803444
vt 0.312500 0.836550
vt 0.281250 0.836550
vt 0.281250 0.803444
vt 0.750000 0.803444
vt 0.750000 0.836550
vt 0.718750 0.803444
vt 0.343750 0.803444
vt 0.343750 0.836550
vt 0.781250 0.803444
vt 0.781250 0.836550
vt 0.375000 0.803444
vt 0.375000 0.836550
vt 0.343750 0.836550
vt 0.343750 0.803444
vt 0.812500 0.803444
vt 0.812500 0.836550
vt 0.406250 0.803444
vt 0.406250 0.836550
vt 0.843750 0.803444
vt 0.843750 0.836550
vt 0.437500 0.803444
vt 0.437500 0.836550
vt 0.875000 0.803444
vt 0.875000 0.836550
vt 0.500000 0.803444
vt 0.500000 0.836550
vt 0.468750 0.836550
vt 0.468750 0.803444
vt 0.531250 0.845795
vt 0.500000 0.845795
vt 0.906250 0.803444
vt 0.906250 0.836550
vt 0.875000 0.803444
vt 0.468750 0.836550
vt 0.531250 0.803444
vt 0.531250 0.836550
vt 0.937500 0.803444
vt 0.937500 0.836550
vt 0.062500 0.845795
vt 0.031250 0.845795
vt 0.562500 0.845795
vt 0.968750 0.803444
vt 0.968750 0.836550
vt 0.937500 0.803444
vt 0.093750 0.845795
vt 0.593750 0.845795
vt 0.593750 0.845795
vt 0.968750 0.794200
vt 0.125000 0.845795
vt 0.093750 0.845795
vt 0.625000 0.845795
vt 0.593750 0.845795
vt 0.000000 0.845795
vt 0.156250 0.845795
vt 0.656250 0.845795
vt 0.187500 0.845795
vt 0.687500 0.845795
vt 0.218750 0.845795
vt 0.718750 0.845795
vt 0.468750 0.845795
vt 0.437500 0.845795
vt 0.593750 0.794200
vt 0.343750 0.794200
vt 0.343750 0.794200
vt 0.093750 0.794200
vt 0.000000 0.794200
vt 0.250000 0.836550
vt 0.250000 0.803444
vt 0.656250 0.836550
vt 0.656250 0.803444
vt 0.218750 0.836550
vt 0.218750 0.803444
vt 0.656250 0.803444
vt 0.625000 0.836550
vt 0.625000 0.803444
vt 0.187500 0.836550
vt 0.187500 0.803444
vt 0.593750 0.836550
vt 0.593750 0.803444
vt 0.156250 0.836550
vt 0.156250 0.803444
vt 0.593750 0.803444
vt 0.593750 0.836550
vt 0.562500 0.836550
vt 0.562500 0.803444
vt 0.125000 0.836550
vt 0.125000 0.803444
vt 1.000000 0.803444
vt 1.000000 0.836550
vt 0.968750 0.803444
vt 0.468750 0.845795
vt 0.093750 0.836550
vt 0.093750 0.803444
vt 0.937500 0.845795
vt 0.093750 0.803444
vt 0.093750 0.836550
vt 0.062500 0.836550
vt 0.062500 0.803444
vt 0.906250 0.845795
vt 0.406250 0.845795
vt 0.031250 0.836550
vt 0.031250 0.803444
vt 0.875000 0.845795
vt 0.375000 0.845795
vt 0.000000 0.836550
vt 0.000000 0.803444
vt 0.843750 0.845795
vt 0.843750 0.845795
vt 0.343750 0.845795
vt 0.343750 0.845795
vt 0.812500 0.845795
vt 0.312500 0.845795
vt 0.781250 0.845795
vt 0.281250 0.845795
vt 0.750000 0.845795
vt 0.250000 0.845795
vt 0.937500 0.866450
vt 0.937500 0.861286
vt 0.968750 0.861286
vt 0.937500 0.856122
vt 0.968750 0.856122
vt 0.906250 0.861286
vt 0.875000 0.861286
vt 0.843750 0.861286
vt 0.812500 0.866450
vt 0.812500 0.861286
vt 0.781250 0.866450
vt 0.781250 0.861286
vt 0.750000 0.861286
vt 0.718750 0.866450
vt 0.718750 0.861286
vt 0.687500 0.866450
vt 0.687500 0.861286
vt 0.656250 0.861286
vt 0.625000 0.861286
vt 0.593750 0.861286
vt 0.562500 0.866450
vt 0.562500 0.861286
vt 0.531250 0.866450
vt 0.531250 0.861286
vt 0.500000 0.861286
vt 0.468750 0.866450
vt 0.468750 0.861286
vt 0.437500 0.866450
vt 0.437500 0.861286
vt 0.406250 0.861286
vt 0.375000 0.861286
vt 0.343750 0.861286
vt 0.312500 0.866450
vt 0.312500 0.861286
vt 0.281250 0.866450
vt 0.281250 0.861286
vt 0.250000 0.861286
vt 0.218750 0.866450
vt 0.218750 0.861286
vt 0.187500 0.866450
vt 0.187500 0.861286
vt 0.156250 0.861286
vt 0.125000 0.861286
vt 0.093750 0.861286
vt 0.062500 0.866450
vt 0.062500 0.861286
vt 0.031250 0.866450
vt 0.031250 0.861286
vt 0.000083 0.861286
vt 0.968750 0.798943
vt 0.999926 0.798943
vt 1.000007 0.794200
vt 0.999917 0.861286
vt 0.968750 0.851093
vt 1.000083 0.851093
vt 0.999992 0.845795
vt 0.937500 0.851093
vt 0.937500 0.845795
vt 0.906250 0.851093
vt 0.906250 0.845795
vt 0.875000 0.851093
vt 0.843750 0.851093
vt 0.812500 0.851093
vt 0.781250 0.851093
vt 0.781250 0.845795
vt 0.750000 0.851093
vt 0.750000 0.845795
vt 0.718750 0.851093
vt 0.687500 0.851093
vt 0.656250 0.851093
vt 0.625000 0.851093
vt 0.625000 0.845795
vt 0.593750 0.851093
vt 0.562500 0.851093
vt 0.531250 0.851093
vt 0.500000 0.851093
vt 0.500000 0.845795
vt 0.468750 0.851093
vt 0.437500 0.851093
vt 0.437500 0.845795
vt 0.406250 0.851093
vt 0.406250 0.845795
vt 0.375000 0.851093
vt 0.343750 0.851093
vt 0.343750 0.845795
vt 0.312500 0.851093
vt 0.312500 0.845795
vt 0.281250 0.851093
vt 0.250000 0.851093
vt 0.250000 0.845795
vt 0.218750 0.851093
vt 0.218750 0.845795
vt 0.187500 0.851093
vt 0.156250 0.851093
vt 0.125000 0.851093
vt 0.093750 0.851093
vt 0.093750 0.845795
vt 0.062500 0.851093
vt 0.062500 0.845795
vt 0.031250 0.851093
vt 0.031250 0.845795
vt -0.000083 0.851093
vt 0.000008 0.845795
vt 0.937500 0.798943
vt 0.906250 0.798943
vt 0.906250 0.794200
vt 0.875000 0.798943
vt 0.843750 0.798943
vt 0.843750 0.794200
vt 0.812500 0.798943
vt 0.781250 0.798943
vt 0.750000 0.798943
vt 0.750000 0.794200
vt 0.718750 0.798943
vt 0.687500 0.798943
vt 0.656250 0.798943
vt 0.656250 0.794200
vt 0.625000 0.798943
vt 0.593750 0.798943
vt 0.562500 0.798943
vt 0.562500 0.794200
vt 0.531250 0.798943
vt 0.500000 0.798943
vt 0.500000 0.794200
vt 0.468750 0.798943
vt 0.437500 0.798943
vt 0.437500 0.794200
vt 0.406250 0.798943
vt 0.375000 0.798943
vt 0.343750 0.798943
vt 0.312500 0.798943
vt 0.281250 0.798943
vt 0.250000 0.798943
vt 0.250000 0.794200
vt 0.218750 0.798943
vt 0.187500 0.798943
vt 0.156250 0.798943
vt 0.156250 0.794200
vt 0.125000 0.798943
vt 0.093750 0.798943
vt 0.093750 0.794200
vt 0.062500 0.798943
vt 0.062500 0.794200
vt 0.031250 0.798943
vt 0.000074 0.798943
vt -0.000007 0.794200
vt 1.000008 0.845795
vt 0.968750 0.841052
vt 0.999926 0.841052
vt 0.937500 0.841052
vt 0.906250 0.841052
vt 0.875000 0.841052
vt 0.843750 0.841052
vt 0.812500 0.841052
vt 0.781250 0.841052
vt 0.750000 0.841052
vt 0.718750 0.841052
vt 0.687500 0.841052
vt 0.656250 0.841052
vt 0.625000 0.841052
vt 0.593750 0.841052
vt 0.562500 0.841052
vt 0.531250 0.841052
vt 0.500000 0.841052
vt 0.468750 0.841052
vt 0.437500 0.841052
vt 0.406250 0.841052
vt 0.375000 0.841052
vt 0.343750 0.841052
vt 0.312500 0.841052
vt 0.281250 0.841052
vt 0.250000 0.841052
vt 0.218750 0.841052
vt 0.187500 0.841052
vt 0.156250 0.841052
vt 0.125000 0.841052
vt 0.093750 0.841052
vt 0.062500 0.841052
vt 0.031250 0.841052
vt -0.000007 0.845795
vt 0.000074 0.841052
vt 0.718750 0.743910
vt 0.687500 0.743910
vt 0.781250 0.632068
vt 0.812500 0.632068
vt 0.687500 0.743910
vt 0.656250 0.743910
vt 0.750000 0.632068
vt 0.625000 0.743910
vt 0.718750 0.632068
vt 0.593750 0.743910
vt 0.687500 0.632068
vt 0.593750 0.743910
vt 0.562500 0.743910
vt 0.656250 0.632068
vt 0.531250 0.743910
vt 0.625000 0.632068
vt 0.531250 0.743910
vt 0.500000 0.743910
vt 0.593750 0.632068
vt 0.562500 0.632068
vt 0.500000 0.743910
vt 0.468750 0.743910
vt 0.531250 0.632068
vt 0.437500 0.743910
vt 0.500000 0.632068
vt 0.437500 0.743910
vt 0.406250 0.743910
vt 0.468750 0.632068
vt 0.375000 0.743910
vt 0.437500 0.632068
vt 0.343750 0.743910
vt 0.406250 0.632068
vt 0.343750 0.743910
vt 0.312500 0.743910
vt 0.375000 0.632068
vt 0.281250 0.743910
vt 0.343750 0.632068
vt 0.281250 0.743910
vt 0.250000 0.743910
vt 0.250000 0.743910
vt 0.218750 0.743910
vt 0.312500 0.632068
vt 0.187500 0.743910
vt 0.281250 0.632068
vt 0.187500 0.743910
vt 0.156250 0.743910
vt 0.250000 0.632068
vt 0.218750 0.632068
vt 0.125000 0.743910
vt 0.968750 0.743910
vt 0.937500 0.743910
vt 0.187500 0.632068
vt 0.093750 0.743910
vt 0.937500 0.743910
vt 0.906250 0.743910
vt 0.156250 0.632068
vt 0.093750 0.743910
vt 0.062500 0.743910
vt 0.875000 0.743910
vt 0.968750 0.632067
vt 1.000000 0.632067
vt 0.125000 0.632068
vt 0.031250 0.743910
vt 0.843750 0.743910
vt 0.937500 0.632068
vt 0.093750 0.632068
vt 0.843750 0.743910
vt 0.812500 0.743910
vt 0.906250 0.632068
vt 0.062500 0.632068
vt 0.781250 0.743910
vt 0.875000 0.632068
vt 0.031250 0.632068
vt 0.781250 0.743910
vt 0.750000 0.743910
vt 0.843750 0.632068
vt 0.000000 0.632068
vt 0.750000 0.743910
vt 0.125000 0.755481
vt 0.375000 0.755481
vt 0.625000 0.755481
vt 0.875000 0.755481
vt 0.937500 0.632068
vt 0.000000 0.743910
vt 0.718750 0.643639
vt 0.718750 0.720768
vt 0.687500 0.720768
vt 0.687500 0.643639
vt 0.750000 0.643639
vt 0.750000 0.720768
vt 0.718750 0.720768
vt 0.718750 0.643639
vt 0.718750 0.632067
vt 0.781250 0.643639
vt 0.781250 0.720768
vt 0.750000 0.720768
vt 0.812500 0.643639
vt 0.812500 0.720768
vt 0.781250 0.720768
vt 0.843750 0.643639
vt 0.843750 0.720768
vt 0.812500 0.720768
vt 0.875000 0.643639
vt 0.875000 0.720768
vt 0.843750 0.720768
vt 0.843750 0.643639
vt 0.593750 0.632068
vt 0.906250 0.643639
vt 0.906250 0.720768
vt 0.875000 0.720768
vt 0.875000 0.643639
vt 0.093750 0.643639
vt 0.093750 0.720768
vt 0.062500 0.720768
vt 0.062500 0.643639
vt 0.937500 0.643639
vt 0.937500 0.720768
vt 0.906250 0.720768
vt 0.062500 0.732339
vt 0.031250 0.732339
vt 0.031250 0.732339
vt 0.531250 0.632068
vt 0.968750 0.643639
vt 0.968750 0.720768
vt 0.937500 0.720768
vt 0.937500 0.643639
vt 0.156250 0.643639
vt 0.156250 0.720768
vt 0.125000 0.720768
vt 0.125000 0.643639
vt 1.000000 0.643639
vt 1.000000 0.720768
vt 0.968750 0.720768
vt 0.187500 0.643639
vt 0.187500 0.720768
vt 0.156250 0.720768
vt 0.468750 0.632067
vt 0.031250 0.643639
vt 0.031250 0.720768
vt 0.000000 0.720768
vt 0.000000 0.643639
vt 0.218750 0.643639
vt 0.218750 0.720768
vt 0.187500 0.720768
vt 0.250000 0.643639
vt 0.250000 0.720768
vt 0.218750 0.720768
vt 0.218750 0.643639
vt 0.281250 0.732339
vt 0.250000 0.732339
vt 1.000000 0.732339
vt 0.968750 0.732339
vt 0.968750 0.732339
vt 0.937500 0.732339
vt 0.937500 0.732339
vt 0.906250 0.732339
vt 0.937500 0.732339
vt 0.875000 0.732339
vt 0.843750 0.732339
vt 0.812500 0.732339
vt 0.781250 0.732339
vt 0.781250 0.732339
vt 0.750000 0.732339
vt 0.781250 0.732339
vt 0.718750 0.732339
vt 0.687500 0.732339
vt 0.687500 0.732339
vt 0.656250 0.732339
vt 0.687500 0.720768
vt 0.656250 0.720768
vt 0.656250 0.643639
vt 0.625000 0.732339
vt 0.593750 0.732339
vt 0.593750 0.732339
vt 0.562500 0.732339
vt 0.531250 0.732339
vt 0.531250 0.732339
vt 0.500000 0.732339
vt 0.468750 0.732339
vt 0.437500 0.732339
vt 0.437500 0.732339
vt 0.406250 0.732339
vt 0.375000 0.732339
vt 0.343750 0.732339
vt 0.312500 0.732339
vt 0.281250 0.732339
vt 0.218750 0.732339
vt 0.187500 0.732339
vt 0.187500 0.732339
vt 0.156250 0.732339
vt 0.156250 0.732339
vt 0.125000 0.732339
vt 0.093750 0.732339
vt 0.125000 0.643639
vt 0.125000 0.720768
vt 0.093750 0.720768
vt 0.093750 0.643639
vt 0.062500 0.732339
vt 0.000000 0.732339
vt 0.781250 0.632068
vt 0.968750 0.632067
vt 0.656250 0.720768
vt 0.625000 0.720768
vt 0.625000 0.643639
vt 0.625000 0.643639
vt 0.625000 0.720768
vt 0.593750 0.720768
vt 0.593750 0.643639
vt 0.031250 0.632068
vt 0.593750 0.643639
vt 0.593750 0.720768
vt 0.562500 0.720768
vt 0.562500 0.643639
vt 0.562500 0.720768
vt 0.531250 0.720768
vt 0.531250 0.643639
vt 0.531250 0.720768
vt 0.500000 0.720768
vt 0.500000 0.643639
vt 1.000000 0.743910
vt 1.000000 0.743910
vt 0.500000 0.720768
vt 0.468750 0.720768
vt 0.468750 0.643639
vt 0.468750 0.643639
vt 0.468750 0.720768
vt 0.437500 0.720768
vt 0.437500 0.643639
vt 0.218750 0.632068
vt 0.437500 0.720768
vt 0.406250 0.720768
vt 0.406250 0.643639
vt 0.218750 0.632067
vt 0.406250 0.720768
vt 0.375000 0.720768
vt 0.375000 0.643639
vt 0.375000 0.643639
vt 0.375000 0.720768
vt 0.343750 0.720768
vt 0.343750 0.643639
vt 0.281250 0.632068
vt 0.343750 0.643639
vt 0.343750 0.720768
vt 0.312500 0.720768
vt 0.312500 0.643639
vt 0.312500 0.720768
vt 0.281250 0.720768
vt 0.281250 0.643639
vt 0.281250 0.720768
vt 0.250000 0.720768
vt 0.031250 0.726554
vt 0.062500 0.726554
vt 0.031250 0.720768
vt 0.062500 0.720768
vt 0.093750 0.726553
vt 0.125000 0.726553
vt 0.156250 0.726553
vt 0.187500 0.726554
vt 0.218750 0.726553
vt 0.250000 0.726554
vt 0.281250 0.726554
vt 0.312500 0.726553
vt 0.343750 0.726553
vt 0.375000 0.726553
vt 0.406250 0.726553
vt 0.437500 0.726554
vt 0.468750 0.726553
vt 0.500000 0.726554
vt 0.531250 0.726554
vt 0.562500 0.726553
vt 0.593750 0.726553
vt 0.625000 0.726553
vt 0.656250 0.726553
vt 0.687500 0.726554
vt 0.718750 0.726553
vt 0.750000 0.726554
vt 0.781250 0.726554
vt 0.812500 0.726553
vt 0.843750 0.726553
vt 0.875000 0.726553
vt 0.906250 0.726553
vt 0.937500 0.726554
vt 0.968750 0.726553
vt 0.999930 0.726554
vt 0.000092 0.749696
vt 0.031250 0.749696
vt 0.062500 0.749696
vt 0.093750 0.749696
vt 0.125000 0.749696
vt 0.156250 0.749696
vt 0.187500 0.749696
vt 0.218750 0.755481
vt 0.218750 0.749696
vt 0.250000 0.749696
vt 0.281250 0.749696
vt 0.312500 0.749696
vt 0.343750 0.749696
vt 0.375000 0.749696
vt 0.406250 0.749696
vt 0.437500 0.749696
vt 0.468750 0.749696
vt 0.500000 0.749696
vt 0.531250 0.749696
vt 0.562500 0.749696
vt 0.593750 0.749696
vt 0.625000 0.749696
vt 0.656250 0.749696
vt 0.687500 0.749696
vt 0.718750 0.749696
vt 0.750000 0.749696
vt 0.781250 0.749696
vt 0.812500 0.749696
vt 0.843750 0.749696
vt 0.875000 0.749696
vt 0.906250 0.749696
vt 0.937500 0.749696
vt 0.968750 0.749696
vt 0.999908 0.749696
vt 0.968750 0.738125
vt 1.000092 0.738125
vt 0.968750 0.732339
vt 0.937500 0.738125
vt 0.906250 0.738125
vt 0.875000 0.738125
vt 0.843750 0.738125
vt 0.812500 0.738125
vt 0.781250 0.738125
vt 0.750000 0.738125
vt 0.718750 0.738125
vt 0.687500 0.738125
vt 0.656250 0.738125
vt 0.625000 0.738125
vt 0.593750 0.738125
vt 0.562500 0.738125
vt 0.531250 0.738125
vt 0.500000 0.738125
vt 0.468750 0.738125
vt 0.437500 0.738125
vt 0.406250 0.738125
vt 0.375000 0.738125
vt 0.343750 0.738125
vt 0.312500 0.738125
vt 0.281250 0.738125
vt 0.250000 0.738125
vt 0.218750 0.738125
vt 0.187500 0.738125
vt 0.156250 0.738125
vt 0.125000 0.738125
vt 0.093750 0.738125
vt 0.062500 0.738125
vt 0.031250 0.738125
vt -0.000092 0.738125
vt 0.000070 0.726553
vt 0.000070 0.637853
vt 0.031250 0.637853
vt 0.062500 0.637853
vt 0.093750 0.637853
vt 0.125000 0.637853
vt 0.156250 0.637853
vt 0.187500 0.637853
vt 0.218750 0.637853
vt 0.250000 0.637853
vt 0.281250 0.637853
vt 0.312500 0.637853
vt 0.343750 0.637853
vt 0.375000 0.637853
vt 0.406250 0.637853
vt 0.437500 0.637853
vt 0.468750 0.637853
vt 0.500000 0.637853
vt 0.531250 0.637853
vt 0.562500 0.637853
vt 0.593750 0.637853
vt 0.625000 0.637853
vt 0.656250 0.637853
vt 0.687500 0.637853
vt 0.718750 0.637853
vt 0.750000 0.637853
vt 0.781250 0.637853
vt 0.812500 0.637853
vt 0.843750 0.637853
vt 0.875000 0.637853
vt 0.906250 0.637853
vt 0.937500 0.637853
vt 0.968750 0.637853
vt 0.999930 0.637853
vt 0.750000 0.562500
vt 0.718750 0.562500
vt 0.750000 0.937500
vt 0.734375 1.000000
vt 0.718750 0.937500
vt 0.734375 0.000000
vt 0.750000 0.062500
vt 0.718750 0.062500
vt 0.750000 0.437500
vt 0.718750 0.437500
vt 0.750000 0.875000
vt 0.718750 0.875000
vt 0.750000 0.375000
vt 0.718750 0.375000
vt 0.750000 0.812500
vt 0.718750 0.812500
vt 0.750000 0.312500
vt 0.718750 0.312500
vt 0.750000 0.750000
vt 0.718750 0.750000
vt 0.750000 0.250000
vt 0.718750 0.250000
vt 0.750000 0.687500
vt 0.718750 0.687500
vt 0.750000 0.187500
vt 0.718750 0.187500
vt 0.750000 0.625000
vt 0.718750 0.625000
vt 0.750000 0.125000
vt 0.718750 0.125000
vt 0.687500 0.625000
vt 0.687500 0.562500
vt 0.687500 0.125000
vt 0.687500 0.062500
vt 0.703125 1.000000
vt 0.687500 0.937500
vt 0.703125 0.000000
vt 0.687500 0.437500
vt 0.687500 0.875000
vt 0.687500 0.375000
vt 0.687500 0.812500
vt 0.687500 0.312500
vt 0.687500 0.750000
vt 0.687500 0.250000
vt 0.687500 0.687500
vt 0.687500 0.187500
vt 0.656250 0.375000
vt 0.656250 0.312500
vt 0.656250 0.812500
vt 0.656250 0.750000
vt 0.656250 0.250000
vt 0.656250 0.687500
vt 0.656250 0.187500
vt 0.656250 0.625000
vt 0.656250 0.125000
vt 0.656250 0.562500
vt 0.656250 0.062500
vt 0.671875 1.000000
vt 0.656250 0.937500
vt 0.671875 0.000000
vt 0.656250 0.437500
vt 0.656250 0.875000
vt 0.625000 0.125000
vt 0.625000 0.062500
vt 0.625000 0.562500
vt 0.640625 1.000000
vt 0.625000 0.937500
vt 0.640625 0.000000
vt 0.625000 0.437500
vt 0.625000 0.875000
vt 0.625000 0.375000
vt 0.625000 0.812500
vt 0.625000 0.312500
vt 0.625000 0.687500
vt 0.625000 0.187500
vt 0.625000 0.625000
vt 0.593750 0.812500
vt 0.593750 0.750000
vt 0.593750 0.312500
vt 0.593750 0.250000
vt 0.593750 0.687500
vt 0.593750 0.187500
vt 0.593750 0.625000
vt 0.593750 0.125000
vt 0.593750 0.562500
vt 0.593750 0.062500
vt 0.609375 1.000000
vt 0.593750 0.937500
vt 0.609375 0.000000
vt 0.593750 0.437500
vt 0.593750 0.875000
vt 0.593750 0.375000
vt 0.562500 0.562500
vt 0.578125 1.000000
vt 0.562500 0.937500
vt 0.578125 0.000000
vt 0.562500 0.062500
vt 0.562500 0.437500
vt 0.562500 0.875000
vt 0.562500 0.375000
vt 0.562500 0.812500
vt 0.562500 0.312500
vt 0.562500 0.750000
vt 0.562500 0.250000
vt 0.562500 0.687500
vt 0.562500 0.187500
vt 0.562500 0.625000
vt 0.562500 0.125000
vt 0.531250 0.312500
vt 0.531250 0.250000
vt 0.531250 0.750000
vt 0.531250 0.687500
vt 0.531250 0.187500
vt 0.531250 0.625000
vt 0.531250 0.125000
vt 0.531250 0.562500
vt 0.531250 0.062500
vt 0.546875 1.000000
vt 0.531250 0.937500
vt 0.546875 0.000000
vt 0.531250 0.437500
vt 0.531250 0.875000
vt 0.531250 0.375000
vt 0.531250 0.812500
vt 0.515625 0.000000
vt 0.500000 0.062500
vt 0.500000 0.500000
vt 0.500000 0.437500
vt 0.500000 0.937500
vt 0.500000 0.875000
vt 0.500000 0.375000
vt 0.500000 0.812500
vt 0.500000 0.312500
vt 0.500000 0.750000
vt 0.500000 0.250000
vt 0.500000 0.687500
vt 0.500000 0.187500
vt 0.500000 0.625000
vt 0.500000 0.125000
vt 0.500000 0.562500
vt 0.515625 1.000000
vt 0.468750 0.250000
vt 0.468750 0.187500
vt 0.468750 0.687500
vt 0.468750 0.625000
vt 0.468750 0.125000
vt 0.468750 0.562500
vt 0.468750 0.062500
vt 0.468750 0.500000
vt 0.484375 1.000000
vt 0.468750 0.937500
vt 0.484375 0.000000
vt 0.468750 0.437500
vt 0.468750 0.875000
vt 0.468750 0.375000
vt 0.468750 0.812500
vt 0.468750 0.312500
vt 0.468750 0.750000
vt 0.437500 0.937500
vt 0.437500 0.875000
vt 0.437500 0.437500
vt 0.437500 0.375000
vt 0.437500 0.812500
vt 0.437500 0.312500
vt 0.437500 0.750000
vt 0.437500 0.250000
vt 0.437500 0.687500
vt 0.437500 0.187500
vt 0.437500 0.625000
vt 0.437500 0.125000
vt 0.437500 0.562500
vt 0.437500 0.062500
vt 0.437500 0.500000
vt 0.453125 1.000000
vt 0.453125 0.000000
vt 0.406250 0.687500
vt 0.406250 0.625000
vt 0.406250 0.187500
vt 0.406250 0.125000
vt 0.406250 0.562500
vt 0.406250 0.062500
vt 0.406250 0.500000
vt 0.421875 1.000000
vt 0.406250 0.937500
vt 0.421875 0.000000
vt 0.406250 0.437500
vt 0.406250 0.875000
vt 0.406250 0.375000
vt 0.406250 0.812500
vt 0.406250 0.312500
vt 0.406250 0.750000
vt 0.406250 0.250000
vt 0.375000 0.437500
vt 0.375000 0.375000
vt 0.375000 0.875000
vt 0.375000 0.812500
vt 0.375000 0.312500
vt 0.375000 0.750000
vt 0.375000 0.687500
vt 0.375000 0.187500
vt 0.375000 0.625000
vt 0.375000 0.125000
vt 0.375000 0.562500
vt 0.375000 0.062500
vt 0.375000 0.500000
vt 0.390625 1.000000
vt 0.375000 0.937500
vt 0.390625 0.000000
vt 0.343750 0.187500
vt 0.343750 0.125000
vt 0.343750 0.625000
vt 0.343750 0.562500
vt 0.343750 0.062500
vt 0.343750 0.500000
vt 0.359375 1.000000
vt 0.343750 0.937500
vt 0.359375 0.000000
vt 0.343750 0.437500
vt 0.343750 0.875000
vt 0.343750 0.375000
vt 0.343750 0.812500
vt 0.343750 0.312500
vt 0.343750 0.750000
vt 0.343750 0.250000
vt 0.343750 0.687500
vt 0.312500 0.875000
vt 0.312500 0.812500
vt 0.312500 0.375000
vt 0.312500 0.312500
vt 0.312500 0.750000
vt 0.312500 0.250000
vt 0.312500 0.687500
vt 0.312500 0.187500
vt 0.312500 0.625000
vt 0.312500 0.125000
vt 0.312500 0.562500
vt 0.312500 0.062500
vt 0.312500 0.500000
vt 0.328125 1.000000
vt 0.312500 0.937500
vt 0.328125 0.000000
vt 0.312500 0.437500
vt 0.281250 0.625000
vt 0.281250 0.562500
vt 0.281250 0.125000
vt 0.281250 0.062500
vt 0.281250 0.500000
vt 0.296875 1.000000
vt 0.281250 0.937500
vt 0.296875 0.000000
vt 0.281250 0.437500
vt 0.281250 0.875000
vt 0.281250 0.375000
vt 0.281250 0.812500
vt 0.281250 0.312500
vt 0.281250 0.750000
vt 0.281250 0.250000
vt 0.281250 0.687500
vt 0.281250 0.187500
vt 0.250000 0.375000
vt 0.250000 0.312500
vt 0.250000 0.812500
vt 0.250000 0.750000
vt 0.250000 0.250000
vt 0.250000 0.687500
vt 0.250000 0.187500
vt 0.250000 0.625000
vt 0.250000 0.125000
vt 0.250000 0.562500
vt 0.250000 0.062500
vt 0.250000 0.500000
vt 0.265625 1.000000
vt 0.250000 0.937500
vt 0.265625 0.000000
vt 0.250000 0.437500
vt 0.250000 0.875000
vt 0.218750 0.125000
vt 0.218750 0.062500
vt 0.218750 0.562500
vt 0.218750 0.500000
vt 0.234375 1.000000
vt 0.218750 0.937500
vt 0.234375 0.000000
vt 0.218750 0.437500
vt 0.218750 0.875000
vt 0.218750 0.375000
vt 0.218750 0.812500
vt 0.218750 0.312500
vt 0.218750 0.750000
vt 0.218750 0.250000
vt 0.218750 0.687500
vt 0.218750 0.187500
vt 0.218750 0.625000
vt 0.187500 0.312500
vt 0.187500 0.250000
vt 0.187500 0.750000
vt 0.187500 0.687500
vt 0.187500 0.187500
vt 0.187500 0.625000
vt 0.187500 0.125000
vt 0.187500 0.562500
vt 0.187500 0.062500
vt 0.187500 0.500000
vt 0.203125 1.000000
vt 0.187500 0.937500
vt 0.203125 0.000000
vt 0.187500 0.437500
vt 0.187500 0.875000
vt 0.187500 0.375000
vt 0.187500 0.812500
vt 0.171875 1.000000
vt 0.156250 0.937500
vt 0.171875 0.000000
vt 0.156250 0.062500
vt 0.156250 0.500000
vt 0.156250 0.437500
vt 0.156250 0.875000
vt 0.156250 0.375000
vt 0.156250 0.812500
vt 0.156250 0.312500
vt 0.156250 0.750000
vt 0.156250 0.250000
vt 0.156250 0.687500
vt 0.156250 0.187500
vt 0.156250 0.625000
vt 0.156250 0.125000
vt 0.156250 0.562500
vt 0.125000 0.750000
vt 0.125000 0.687500
vt 0.125000 0.250000
vt 0.125000 0.187500
vt 0.125000 0.625000
vt 0.125000 0.125000
vt 0.125000 0.562500
vt 0.125000 0.062500
vt 0.125000 0.500000
vt 0.140625 1.000000
vt 0.125000 0.937500
vt 0.140625 0.000000
vt 0.125000 0.437500
vt 0.125000 0.875000
vt 0.125000 0.375000
vt 0.125000 0.812500
vt 0.125000 0.312500
vt 0.093750 0.500000
vt 0.093750 0.437500
vt 0.093750 0.937500
vt 0.093750 0.875000
vt 0.093750 0.375000
vt 0.093750 0.812500
vt 0.093750 0.312500
vt 0.093750 0.750000
vt 0.093750 0.250000
vt 0.093750 0.687500
vt 0.093750 0.187500
vt 0.093750 0.625000
vt 0.093750 0.125000
vt 0.093750 0.562500
vt 0.093750 0.062500
vt 0.109375 1.000000
vt 0.109375 0.000000
vt 0.062500 0.250000
vt 0.062500 0.187500
vt 0.062500 0.687500
vt 0.062500 0.625000
vt 0.062500 0.125000
vt 0.062500 0.562500
vt 0.062500 0.062500
vt 0.062500 0.500000
vt 0.078125 1.000000
vt 0.062500 0.937500
vt 0.078125 0.000000
vt 0.062500 0.437500
vt 0.062500 0.875000
vt 0.062500 0.375000
vt 0.062500 0.812500
vt 0.062500 0.312500
vt 0.062500 0.750000
vt 0.031250 0.937500
vt 0.031250 0.875000
vt 0.031250 0.437500
vt 0.031250 0.375000
vt 0.031250 0.812500
vt 0.031250 0.312500
vt 0.031250 0.750000
vt 0.031250 0.250000
vt 0.031250 0.687500
vt 0.031250 0.187500
vt 0.031250 0.625000
vt 0.031250 0.125000
vt 0.031250 0.562500
vt 0.031250 0.062500
vt 0.031250 0.500000
vt 0.046875 1.000000
vt 0.046875 0.000000
vt 0.000000 0.687500
vt 0.000000 0.625000
vt 0.000000 0.187500
vt 0.000000 0.125000
vt 0.000000 0.562500
vt 0.000000 0.062500
vt 0.015625 1.000000
vt 0.000000 0.937500
vt 0.015625 0.000000
vt 0.000000 0.437500
vt 0.000000 0.875000
vt 0.000000 0.375000
vt 0.000000 0.812500
vt 0.000000 0.312500
vt 0.000000 0.750000
vt 0.000000 0.250000
vt 1.000000 0.375000
vt 1.000000 0.437500
vt 0.968750 0.437500
vt 0.968750 0.375000
vt 1.000000 0.812500
vt 1.000000 0.875000
vt 0.968750 0.875000
vt 0.968750 0.812500
vt 1.000000 0.312500
vt 0.968750 0.312500
vt 1.000000 0.750000
vt 0.968750 0.750000
vt 1.000000 0.250000
vt 0.968750 0.250000
vt 1.000000 0.687500
vt 0.968750 0.687500
vt 1.000000 0.187500
vt 0.968750 0.187500
vt 1.000000 0.625000
vt 0.968750 0.625000
vt 1.000000 0.125000
vt 0.968750 0.125000
vt 1.000000 0.562500
vt 0.968750 0.562500
vt 1.000000 0.062500
vt 0.968750 0.062500
vt 0.968750 0.500000
vt 1.000000 0.937500
vt 0.984375 1.000000
vt 0.968750 0.937500
vt 0.984375 0.000000
vt 0.937500 0.187500
vt 0.937500 0.125000
vt 0.937500 0.625000
vt 0.937500 0.562500
vt 0.937500 0.062500
vt 0.937500 0.500000
vt 0.953125 1.000000
vt 0.937500 0.937500
vt 0.953125 0.000000
vt 0.937500 0.437500
vt 0.937500 0.875000
vt 0.937500 0.375000
vt 0.937500 0.812500
vt 0.937500 0.312500
vt 0.937500 0.750000
vt 0.937500 0.250000
vt 0.937500 0.687500
vt 0.906250 0.375000
vt 0.906250 0.312500
vt 0.906250 0.812500
vt 0.906250 0.750000
vt 0.906250 0.250000
vt 0.906250 0.687500
vt 0.906250 0.187500
vt 0.906250 0.625000
vt 0.906250 0.125000
vt 0.906250 0.562500
vt 0.906250 0.062500
vt 0.906250 0.500000
vt 0.921875 1.000000
vt 0.906250 0.937500
vt 0.921875 0.000000
vt 0.906250 0.437500
vt 0.906250 0.875000
vt 0.875000 0.125000
vt 0.875000 0.062500
vt 0.875000 0.562500
vt 0.875000 0.500000
vt 0.890625 1.000000
vt 0.875000 0.937500
vt 0.890625 0.000000
vt 0.875000 0.437500
vt 0.875000 0.875000
vt 0.875000 0.375000
vt 0.875000 0.812500
vt 0.875000 0.312500
vt 0.875000 0.750000
vt 0.875000 0.250000
vt 0.875000 0.687500
vt 0.875000 0.187500
vt 0.875000 0.625000
vt 0.843750 0.812500
vt 0.843750 0.750000
vt 0.843750 0.312500
vt 0.843750 0.250000
vt 0.843750 0.687500
vt 0.843750 0.187500
vt 0.843750 0.625000
vt 0.843750 0.125000
vt 0.843750 0.562500
vt 0.843750 0.062500
vt 0.843750 0.500000
vt 0.859375 1.000000
vt 0.843750 0.937500
vt 0.859375 0.000000
vt 0.843750 0.437500
vt 0.843750 0.875000
vt 0.843750 0.375000
vt 0.812500 0.562500
vt 0.812500 0.500000
vt 0.828125 1.000000
vt 0.812500 0.937500
vt 0.828125 0.000000
vt 0.812500 0.062500
vt 0.812500 0.437500
vt 0.812500 0.875000
vt 0.812500 0.375000
vt 0.812500 0.812500
vt 0.812500 0.312500
vt 0.812500 0.750000
vt 0.812500 0.250000
vt 0.812500 0.687500
vt 0.812500 0.187500
vt 0.812500 0.625000
vt 0.812500 0.125000
vt 0.781250 0.312500
vt 0.781250 0.250000
vt 0.781250 0.750000
vt 0.781250 0.687500
vt 0.781250 0.187500
vt 0.781250 0.625000
vt 0.781250 0.125000
vt 0.781250 0.562500
vt 0.781250 0.062500
vt 0.781250 0.500000
vt 0.796875 1.000000
vt 0.781250 0.937500
vt 0.796875 0.000000
vt 0.781250 0.437500
vt 0.781250 0.875000
vt 0.781250 0.375000
vt 0.781250 0.812500
vt 0.765625 1.000000
vt 0.765625 0.000000
vt 0.445359 0.208333
vt 0.453682 0.166667
vt 0.625000 0.166667
vt 0.624433 0.188235
vt 0.622770 0.208333
vt 0.620125 0.225592
vt 0.616678 0.238835
vt 0.612663 0.247160
vt 0.608356 0.250000
vt 0.445359 0.250000
vt 0.433711 0.083333
vt 0.439066 0.083333
vt 0.439066 0.666667
vt 0.433711 0.666667
vt 0.625000 0.666667
vt 0.875000 0.666667
vt 0.390901 0.750000
vt 0.414296 0.750000
vt 0.414296 1.000000
vt 0.390901 1.000000
vt 0.390901 0.250000
vt 0.414296 0.250000
vt 0.414296 0.500000
vt 0.390901 0.500000
vt 0.433711 0.750000
vt 0.445359 0.750000
vt 0.445359 1.000000
vt 0.433711 1.000000
vt 0.375000 0.583333
vt 0.375542 0.561765
vt 0.377130 0.541667
vt 0.379657 0.524408
vt 0.382950 0.511165
vt 0.386785 0.502840
vt 0.414296 0.570353
vt 0.411820 0.583333
vt 0.433711 0.250000
vt 0.445359 0.500000
vt 0.433711 0.500000
vt 0.375000 0.666667
vt 0.411820 0.666667
vt 0.414296 0.679646
vt 0.386785 0.747161
vt 0.382950 0.738835
vt 0.379657 0.725592
vt 0.377130 0.708333
vt 0.375542 0.688235
vt 0.433711 0.166667
vt 0.439084 0.166667
vt 0.375000 0.083333
vt 0.411820 0.083333
vt 0.414296 0.096313
vt 0.414296 0.153687
vt 0.411820 0.166667
vt 0.375000 0.166667
vt 0.433711 0.583333
vt 0.439084 0.583333
vt 0.625000 0.583333
vt 0.875000 0.583333
vt 0.608356 0.500000
vt 0.414296 0.179646
vt 0.386785 0.247161
vt 0.382950 0.238835
vt 0.379657 0.225592
vt 0.377130 0.208333
vt 0.375542 0.188235
vt 0.375000 0.166667
vt 0.125000 0.583333
vt 0.125000 0.666667
vt 0.445359 0.125000
vt 0.445359 0.625000
vt 0.445359 0.541667
vt 0.439084 0.583333
vt 0.453682 0.083333
vt 0.625000 0.083333
vt 0.453682 0.166667
vt 0.433711 0.000000
vt 0.445359 0.000000
vt 0.445359 0.041667
vt 0.439066 0.083333
vt 0.416260 0.583333
vt 0.414296 0.570353
vt 0.414296 0.596313
vt 0.414296 0.653687
vt 0.414296 0.000000
vt 0.416262 0.083333
vt 0.414296 0.070354
vt 0.416262 0.666667
vt 0.416260 0.166667
vt 0.414296 0.679646
vt 0.608356 0.000000
vt 0.612663 0.002840
vt 0.616678 0.011165
vt 0.620125 0.024408
vt 0.622770 0.041667
vt 0.624433 0.061765
vt 0.625000 0.083333
vt 0.453682 0.083333
vt 0.414296 0.179646
vt 0.416260 0.166667
vt 0.445359 0.708333
vt 0.453682 0.666667
vt 0.624433 0.688235
vt 0.622770 0.708333
vt 0.620125 0.725592
vt 0.616678 0.738836
vt 0.612663 0.747160
vt 0.608356 0.750000
vt 0.414296 0.153687
vt 0.414296 0.096313
vt 0.612663 0.502840
vt 0.616678 0.511165
vt 0.620125 0.524408
vt 0.622770 0.541667
vt 0.624433 0.561765
vt 0.453682 0.583333
vt 0.445359 0.541667
vt 0.608356 1.000000
vt 0.453682 0.583333
vt 0.453682 0.666667
vt 0.445359 0.614380
vt 0.445359 0.604813
vt 0.445359 0.596949
vt 0.445359 0.591326
vt 0.445359 0.588326
vt 0.445359 0.588154
vt 0.440676 0.666667
vt 0.442139 0.666667
vt 0.443354 0.666667
vt 0.444239 0.666667
vt 0.444734 0.666667
vt 0.444806 0.666667
vt 0.445359 0.114341
vt 0.445359 0.104658
vt 0.445359 0.096611
vt 0.445359 0.090749
vt 0.445359 0.087470
vt 0.445359 0.087000
vt 0.440683 0.166667
vt 0.442124 0.166667
vt 0.443309 0.166667
vt 0.444156 0.166667
vt 0.444607 0.166667
vt 0.444633 0.166667
vt 0.445359 0.135620
vt 0.445359 0.145187
vt 0.445359 0.166667
vt 0.445359 0.583333
vt 0.442124 0.583333
vt 0.440683 0.583333
vt 0.445359 0.635659
vt 0.445359 0.645342
vt 0.445359 0.666667
vt 0.445359 0.083333
vt 0.442139 0.083333
vt 0.440676 0.083333
vt 0.415757 0.083333
vt 0.415293 0.083333
vt 0.414902 0.083333
vt 0.414612 0.083333
vt 0.414440 0.083333
vt 0.414400 0.083333
vt 0.414296 0.157015
vt 0.414296 0.160056
vt 0.414296 0.162600
vt 0.414296 0.164475
vt 0.414296 0.165554
vt 0.414296 0.165762
vt 0.415756 0.583333
vt 0.415296 0.583333
vt 0.414912 0.583333
vt 0.414628 0.583333
vt 0.414465 0.583333
vt 0.414433 0.583333
vt 0.414296 0.657023
vt 0.414296 0.660085
vt 0.414296 0.662664
vt 0.414296 0.664584
vt 0.414296 0.665715
vt 0.414296 0.665980
vt 0.414296 0.592984
vt 0.414296 0.589944
vt 0.414296 0.583333
vt 0.414296 0.166667
vt 0.415296 0.166667
vt 0.415756 0.166667
vt 0.415757 0.666667
vt 0.415293 0.666667
vt 0.414296 0.666667
vt 0.414296 0.083333
vt 0.414296 0.089915
vt 0.414296 0.092977
vt 0.125000 0.561765
vt 0.375000 0.561765
vt 0.125000 0.541667
vt 0.375000 0.541667
vt 0.382950 0.250000
vt 0.382950 0.500000
vt 0.386785 0.250000
vt 0.386785 0.500000
vt 0.625000 0.561765
vt 0.875000 0.561765
vt 0.625000 0.541667
vt 0.875000 0.541667
vt 0.616678 0.500000
vt 0.616678 0.250000
vt 0.612663 0.500000
vt 0.612663 0.250000
vt 0.375000 0.688235
vt 0.125000 0.688235
vt 0.375000 0.708333
vt 0.125000 0.708333
vt 0.382950 0.750000
vt 0.382950 1.000000
vt 0.386785 0.750000
vt 0.386785 1.000000
vt 0.875000 0.688235
vt 0.625000 0.688235
vt 0.875000 0.708333
vt 0.625000 0.708333
vt 0.616678 1.000000
vt 0.616678 0.750000
vt 0.612663 1.000000
vt 0.612663 0.750000
vt 0.375542 0.061765
vt 0.377130 0.041667
vt 0.379657 0.024408
vt 0.382950 0.011165
vt 0.386785 0.002840
vt 0.390901 0.000000
s 0
usemtl comic
f 1/1/1 2/2/1 4/3/1 3/4/1
f 3/4/2 4/3/2 8/5/2 7/6/2
f 7/6/3 8/5/3 6/7/3 5/8/3
f 5/8/4 6/7/4 2/9/4 1/10/4
f 3/11/5 7/6/5 5/8/5 1/12/5
f 8/5/6 4/13/6 2/14/6 6/7/6
s 1
f 9/15/7 10/16/8 12/17/9 11/18/10
f 11/18/10 12/17/9 14/19/11 13/20/12
f 13/20/12 14/19/11 16/21/13 15/22/14
f 15/22/14 16/21/13 18/23/15 17/13/16
f 17/13/16 18/23/15 20/24/17 19/25/18
f 19/25/18 20/24/17 22/26/19 21/27/20
f 21/27/20 22/26/19 24/28/21 23/29/22
f 23/29/22 24/28/21 26/30/23 25/31/24
f 25/31/24 26/30/23 28/32/25 27/33/26
f 27/33/26 28/32/25 30/34/27 29/35/28
f 29/35/28 30/34/27 32/36/29 31/37/30
f 31/37/30 32/36/29 34/9/31 33/5/32
f 33/5/32 34/9/31 36/38/33 35/39/34
f 35/39/34 36/38/33 38/40/35 37/41/36
f 37/41/36 38/40/35 40/42/37 39/43/38
f 39/43/38 40/42/37 42/44/39 41/45/40
f 41/45/40 42/44/39 44/46/41 43/47/42
f 43/47/42 44/46/41 46/48/43 45/49/44
f 45/49/44 46/48/43 48/50/45 47/51/46
f 47/51/46 48/50/45 50/10/47 49/6/48
f 49/6/48 50/10/47 52/52/49 51/53/50
f 51/53/50 52/52/49 54/54/51 53/55/52
f 53/55/52 54/54/51 56/56/53 55/57/54
f 55/57/54 56/56/53 58/58/55 57/59/56
f 57/59/56 58/58/55 60/60/57 59/61/58
f 59/61/58 60/60/57 62/62/59 61/63/60
f 61/63/60 62/62/59 64/64/61 63/65/62
f 63/65/62 64/64/61 66/66/63 65/11/64
f 65/11/64 66/66/63 68/67/65 67/68/66
f 67/68/66 68/67/65 70/69/67 69/70/68
f 12/71/9 10/72/8 72/73/69 70/74/67 68/75/65 66/76/63 64/77/61 62/78/59 60/79/57 58/80/55 56/81/53 54/82/51 52/83/49 50/84/47 48/85/45 46/86/43 44/87/41 42/88/39 40/89/37 38/90/35 36/91/33 34/92/31 32/93/29 30/94/27 28/95/25 26/96/23 24/97/21 22/98/19 20/99/17 18/100/15 16/101/13 14/102/11
f 69/70/68 70/69/67 72/103/69 71/104/70
f 71/104/70 72/103/69 10/105/8 9/106/7
f 9/107/7 11/108/10 13/109/12 15/110/14 17/111/16 19/112/18 21/113/20 23/114/22 25/115/24 27/116/26 29/117/28 31/118/30 33/119/32 35/120/34 37/121/36 39/122/38 41/123/40 43/124/42 45/125/44 47/126/46 49/127/48 51/128/50 53/129/52 55/130/54 57/131/56 59/132/58 61/133/60 63/134/62 65/135/64 67/136/66 69/137/68 71/138/70
s 0
f 132/139/1 113/140/1 76/141/1 124/142/1
f 124/143/2 76/144/2 80/145/2 125/146/2
f 130/147/3 104/148/3 78/149/3 126/150/3
f 126/151/4 78/152/4 74/153/4 123/154/4
f 103/155/5 109/156/5 77/157/5 73/158/5
f 104/159/6 108/160/6 74/158/6 78/161/6
f 156/162/4 92/163/4 81/164/4 153/165/4
f 92/163/4 91/166/4 82/167/4 81/164/4
f 91/166/4 90/168/4 83/169/4 82/167/4
f 160/170/3 105/171/3 92/172/3 156/173/3
f 105/171/3 106/174/3 91/175/3 92/172/3
f 106/174/3 107/176/3 90/177/3 91/175/3
f 154/178/2 86/179/2 89/180/2 155/181/2
f 86/179/2 85/182/2 88/183/2 89/180/2
f 85/182/2 84/184/2 87/185/2 88/183/2
f 162/186/1 115/187/1 86/188/1 154/189/1
f 115/187/1 116/190/1 85/191/1 86/188/1
f 116/190/1 117/192/1 84/193/1 85/191/1
f 163/194/1 185/195/1 102/196/1 101/197/1
f 184/198/1 163/194/1 101/197/1 100/199/1
f 170/200/1 184/198/1 100/199/1 157/201/1
f 193/202/3 194/203/3 99/204/3 98/205/3
f 172/206/3 193/202/3 98/205/3 97/207/3
f 181/208/3 172/206/3 97/207/3 158/209/3
f 171/210/6 173/211/6 94/212/6 96/213/6
f 192/214/5 174/215/5 95/216/5 93/217/5
f 178/218/3 171/219/3 96/220/3 127/221/3
f 165/222/1 182/223/1 94/224/1 128/225/1
f 123/226/1 74/227/1 108/228/1 129/229/1
f 153/230/1 81/231/1 110/232/1 159/233/1
f 81/231/1 82/234/1 111/235/1 110/232/1
f 82/234/1 83/236/1 112/237/1 111/235/1
f 121/238/4 122/239/4 275/240/4 273/241/4
f 196/242/6 150/243/6 300/244/6 319/245/6
f 191/246/3 188/247/3 105/171/3 160/170/3
f 187/248/6 182/249/6 108/160/6 104/159/6
f 186/249/5 183/250/5 109/156/5 103/155/5
f 190/251/3 187/252/3 104/148/3 130/147/3
f 125/253/3 80/254/3 119/255/3 131/256/3
f 75/257/5 79/258/5 114/259/5 118/260/5
f 80/261/6 76/262/6 113/260/6 119/263/6
f 155/264/3 89/265/3 120/266/3 161/267/3
f 89/265/3 88/268/3 121/269/3 120/266/3
f 88/268/3 87/270/3 122/271/3 121/269/3
f 191/272/5 160/273/5 283/274/5 322/275/5
f 120/276/4 121/238/4 273/241/4 274/277/4
f 198/278/1 175/279/1 115/187/1 162/186/1
f 195/280/1 173/281/1 113/140/1 132/139/1
f 128/282/5 195/283/5 317/284/5 278/285/5
f 144/286/3 125/253/3 131/256/3 150/287/3
f 132/288/4 151/289/4 302/290/4 301/291/4
f 152/292/1 123/226/1 129/229/1 148/293/1
f 176/294/2 177/295/2 271/296/2 208/297/2
f 198/298/5 162/299/5 287/300/5 321/301/5
f 145/302/4 126/151/4 123/154/4 152/303/4
f 149/304/3 130/147/3 126/150/3 145/305/3
f 143/306/2 124/143/2 125/146/2 144/307/2
f 151/308/1 132/139/1 124/142/1 143/309/1
f 192/310/1 179/311/1 142/312/1 118/313/1
f 79/314/3 134/315/3 141/316/3 114/317/3
f 183/318/3 166/319/3 140/320/3 109/321/3
f 73/322/1 136/323/1 139/324/1 103/325/1
f 174/326/3 180/327/3 138/328/3 95/329/3
f 186/330/1 167/331/1 137/332/1 93/333/1
f 118/313/1 142/312/1 133/334/1 75/335/1
f 75/336/2 133/337/2 134/338/2 79/339/2
f 109/321/3 140/320/3 135/340/3 77/341/3
f 77/342/4 135/343/4 136/344/4 73/345/4
f 117/192/1 151/308/1 143/309/1 84/193/1
f 84/184/2 143/306/2 144/307/2 87/185/2
f 107/176/3 149/304/3 145/305/3 90/177/3
f 90/168/4 145/302/4 152/303/4 83/169/4
f 194/203/3 196/346/3 146/347/3 99/204/3
f 185/195/1 168/348/1 147/349/1 102/196/1
f 83/236/1 152/292/1 148/293/1 112/237/1
f 189/350/3 169/351/3 149/304/3 107/176/3
f 87/270/3 144/286/3 150/287/3 122/271/3
f 177/352/1 197/353/1 151/308/1 117/192/1
f 122/354/5 194/355/5 313/356/5 275/357/5
f 134/315/3 155/264/3 161/267/3 141/316/3
f 150/358/4 131/359/4 299/360/4 300/361/4
f 136/323/1 153/230/1 159/233/1 139/324/1
f 175/362/2 176/294/2 208/297/2 269/363/2
f 151/364/6 197/365/6 252/366/6 302/367/6
f 142/312/1 162/186/1 154/189/1 133/334/1
f 133/337/2 154/178/2 155/181/2 134/338/2
f 140/320/3 160/170/3 156/173/3 135/340/3
f 135/343/4 156/162/4 153/165/4 136/344/4
f 130/368/2 149/369/2 298/370/2 297/371/2
f 146/372/6 196/242/6 319/245/6 235/373/6
f 99/204/3 146/347/3 169/351/3 189/350/3
f 112/237/1 148/293/1 168/348/1 185/195/1
f 103/325/1 139/324/1 167/331/1 186/330/1
f 95/329/3 138/328/3 166/319/3 183/318/3
f 148/374/2 129/375/2 295/376/2 296/377/2
f 170/378/5 157/379/5 309/380/5 308/381/5
f 127/221/3 96/220/3 187/252/3 190/251/3
f 93/217/5 95/216/5 183/250/5 186/249/5
f 96/213/6 94/212/6 182/249/6 187/248/6
f 158/209/3 97/207/3 188/247/3 191/246/3
f 97/207/3 98/205/3 164/382/3 188/247/3
f 98/205/3 99/204/3 189/350/3 164/382/3
f 129/229/1 108/228/1 182/223/1 165/222/1
f 159/233/1 110/232/1 184/198/1 170/200/1
f 190/383/5 130/384/5 297/385/5 318/386/5
f 185/387/4 163/388/4 326/389/4 324/390/4
f 181/391/5 158/392/5 307/393/5 306/394/5
f 161/395/5 181/391/5 306/394/5 285/396/5
f 102/196/1 147/349/1 197/353/1 177/352/1
f 122/271/3 150/287/3 196/346/3 194/203/3
f 114/317/3 141/316/3 180/327/3 174/326/3
f 93/333/1 137/332/1 179/311/1 192/310/1
f 195/283/5 132/397/5 301/398/5 317/284/5
f 163/388/4 184/399/4 323/400/4 326/389/4
f 128/225/1 94/224/1 173/281/1 195/280/1
f 157/201/1 100/199/1 175/279/1 198/278/1
f 100/199/1 101/197/1 176/401/1 175/279/1
f 101/197/1 102/196/1 177/352/1 176/401/1
f 131/256/3 119/255/3 171/219/3 178/218/3
f 118/260/5 114/259/5 174/215/5 192/214/5
f 119/263/6 113/260/6 173/211/6 171/210/6
f 161/267/3 120/266/3 172/206/3 181/208/3
f 180/402/6 141/403/6 286/404/6 291/405/6
f 189/406/5 107/407/5 266/408/5 316/409/5
f 221/410/6 260/411/6 349/412/6 333/413/6
f 202/414/4 201/415/4 339/416/4 359/417/4
f 247/418/6 221/410/6 333/413/6 345/419/6
f 218/420/6 257/421/6 351/422/6 335/423/6
f 240/424/5 246/425/5 352/426/5 380/427/5
f 203/428/6 262/429/6 390/430/6 360/431/6
f 304/432/5 245/433/5 344/434/5 338/435/5
f 261/436/5 202/437/5 359/438/5 389/439/5
f 243/440/2 244/441/2 384/442/2 383/443/2
f 260/411/6 225/436/6 371/444/6 349/412/6
f 242/445/2 241/446/2 381/447/2 382/448/2
f 259/449/6 229/450/6 375/451/6 355/452/6
f 239/453/4 240/454/4 380/455/4 379/456/4
f 244/457/5 320/458/5 348/459/5 384/460/5
f 238/461/4 237/462/4 377/463/4 378/464/4
f 310/465/5 258/466/5 358/467/5 336/468/5
f 294/469/5 234/470/5 342/471/5 332/472/5
f 257/421/6 239/473/6 379/474/6 351/422/6
f 292/475/5 233/476/5 346/477/5 334/478/5
f 251/479/6 243/480/6 383/481/6 347/482/6
f 226/483/5 232/484/5 350/485/5 372/486/5
f 256/487/6 204/488/6 361/489/6 388/490/6
f 230/491/5 231/492/5 356/493/5 376/494/5
f 205/495/5 255/496/5 387/497/5 362/498/5
f 197/365/6 147/499/6 236/500/6 252/366/6
f 117/501/4 116/502/4 209/503/4 272/504/4
f 157/379/5 198/298/5 321/301/5 309/380/5
f 116/502/4 115/505/4 270/506/4 209/503/4
f 184/507/6 110/508/6 264/509/6 323/510/6
f 129/511/5 165/512/5 277/513/5 295/514/5
f 139/515/2 159/516/2 281/517/2 282/518/2
f 112/519/5 185/520/5 324/521/5 265/522/5
f 110/523/2 111/524/2 263/525/2 264/526/2
f 166/527/6 138/528/6 222/529/6 290/530/6
f 160/531/2 140/532/2 284/533/2 283/534/2
f 111/524/2 112/535/2 265/536/2 263/525/2
f 167/537/6 139/538/6 282/539/6 293/540/6
f 147/499/6 168/541/6 303/542/6 236/500/6
f 141/534/4 161/543/4 285/544/4 286/545/4
f 107/546/2 106/547/2 200/548/2 266/549/2
f 168/541/6 148/550/6 296/551/6 303/542/6
f 162/552/4 142/553/4 288/554/4 287/555/4
f 106/547/2 105/556/2 268/557/2 200/548/2
f 169/558/6 146/372/6 235/373/6 305/559/6
f 149/560/6 169/558/6 305/559/6 298/561/6
f 142/562/6 179/563/6 289/564/6 288/565/6
f 159/566/5 170/378/5 308/381/5 281/567/5
f 127/568/5 190/383/5 318/386/5 280/569/5
f 194/570/2 193/571/2 314/572/2 313/573/2
f 140/574/6 166/527/6 290/530/6 284/575/6
f 158/392/5 191/272/5 322/275/5 307/393/5
f 193/571/2 172/576/2 311/577/2 314/572/2
f 138/528/6 180/402/6 291/405/6 222/529/6
f 172/578/6 120/579/6 274/580/6 311/581/6
f 137/582/6 167/537/6 293/540/6 220/583/6
f 115/584/6 175/585/6 269/586/6 270/587/6
f 177/588/5 117/589/5 272/590/5 271/591/5
f 188/592/4 164/593/4 199/594/4 315/595/4
f 164/593/4 189/596/4 316/597/4 199/594/4
f 165/512/5 128/282/5 278/285/5 277/513/5
f 131/598/5 178/599/5 279/600/5 299/601/5
f 178/599/5 127/568/5 280/569/5 279/600/5
f 105/602/6 188/603/6 315/604/6 268/605/6
f 179/563/6 137/582/6 220/583/6 289/564/6
f 201/606/1 202/607/1 264/608/1 263/609/1
f 203/610/1 201/606/1 263/609/1 265/611/1
f 267/612/3 204/613/3 266/614/3 200/615/3
f 205/616/3 267/612/3 200/615/3 268/617/3
f 206/618/1 207/619/1 270/620/1 269/621/1
f 211/622/1 210/623/1 271/624/1 272/625/1
f 212/626/3 213/627/3 274/628/3 273/629/3
f 214/630/3 212/626/3 273/629/3 275/631/3
f 276/632/1 211/622/1 272/625/1 209/633/1
f 207/619/1 276/632/1 209/633/1 270/620/1
f 216/634/1 215/635/1 277/636/1 278/637/1
f 218/638/3 217/639/3 279/640/3 280/641/3
f 223/642/1 224/643/1 282/644/1 281/645/1
f 226/646/3 225/647/3 283/648/3 284/649/3
f 227/650/3 228/651/3 286/652/3 285/653/3
f 230/654/1 229/655/1 287/656/1 288/648/1
f 231/657/1 230/654/1 288/648/1 289/658/1
f 232/659/3 226/646/3 284/649/3 290/660/3
f 233/661/3 292/662/3 222/663/3 291/664/3
f 234/665/1 294/666/1 220/667/1 293/668/1
f 237/669/1 238/670/1 296/671/1 295/672/1
f 240/673/3 239/674/3 297/675/3 298/676/3
f 241/677/3 242/678/3 300/679/3 299/680/3
f 244/681/1 243/682/1 301/683/1 302/684/1
f 245/685/1 304/686/1 236/687/1 303/688/1
f 246/689/3 240/673/3 298/676/3 305/690/3
f 221/691/3 247/692/3 306/693/3 307/694/3
f 219/695/1 248/696/1 308/697/1 309/698/1
f 215/635/1 237/669/1 295/672/1 277/636/1
f 292/662/3 232/659/3 290/660/3 222/663/3
f 224/643/1 234/665/1 293/668/1 282/644/1
f 238/670/1 245/685/1 303/688/1 296/671/1
f 310/699/3 246/689/3 305/690/3 235/700/3
f 248/696/1 223/642/1 281/645/1 308/697/1
f 213/627/3 250/701/3 311/702/3 274/628/3
f 217/639/3 241/677/3 299/680/3 279/640/3
f 294/666/1 231/657/1 289/658/1 220/667/1
f 228/651/3 233/661/3 291/664/3 286/652/3
f 247/692/3 227/650/3 285/653/3 306/693/3
f 312/703/1 206/618/1 269/621/1 208/704/1
f 210/623/1 312/703/1 208/704/1 271/624/1
f 254/705/3 253/706/3 313/707/3 314/708/3
f 255/709/3 205/616/3 268/617/3 315/710/3
f 204/613/3 256/711/3 316/712/3 266/614/3
f 243/682/1 251/713/1 317/714/1 301/683/1
f 239/674/3 257/715/3 318/716/3 297/675/3
f 258/717/3 310/699/3 235/700/3 319/718/3
f 320/719/1 244/681/1 302/684/1 252/720/1
f 229/655/1 259/721/1 321/722/1 287/656/1
f 225/647/3 260/723/3 322/724/3 283/648/3
f 202/607/1 261/725/1 323/726/1 264/608/1
f 262/727/1 203/610/1 265/611/1 324/728/1
f 257/715/3 218/638/3 280/641/3 318/716/3
f 260/723/3 221/691/3 307/694/3 322/724/3
f 325/729/3 255/709/3 315/710/3 199/730/3
f 256/711/3 325/729/3 199/730/3 316/712/3
f 261/725/1 249/731/1 326/732/1 323/726/1
f 249/731/1 262/727/1 324/728/1 326/732/1
f 253/706/3 214/630/3 275/631/3 313/707/3
f 251/713/1 216/634/1 278/637/1 317/714/1
f 242/678/3 258/717/3 319/718/3 300/679/3
f 304/686/1 320/719/1 252/720/1 236/687/1
f 259/721/1 219/695/1 309/698/1 321/722/1
f 250/701/3 254/705/3 314/708/3 311/702/3
f 327/733/3 388/734/3 361/735/3 328/736/3
f 387/737/3 327/733/3 328/736/3 362/738/3
f 329/739/1 365/740/1 366/741/1 330/742/1
f 363/743/1 329/739/1 330/742/1 364/744/1
f 348/745/1 347/746/1 383/747/1 384/748/1
f 352/749/3 351/750/3 379/751/3 380/752/3
f 344/753/1 343/754/1 337/755/1 338/756/1
f 358/757/3 357/758/3 335/759/3 336/760/3
f 356/761/1 355/762/1 375/763/1 376/764/1
f 350/765/3 349/766/3 371/767/3 372/768/3
f 346/769/3 345/770/3 333/771/3 334/772/3
f 342/773/1 341/774/1 331/775/1 332/776/1
f 370/777/1 369/778/1 341/774/1 342/773/1
f 334/772/3 333/771/3 349/766/3 350/765/3
f 378/779/1 377/780/1 343/754/1 344/753/1
f 336/760/3 335/759/3 351/750/3 352/749/3
f 359/781/1 339/782/1 340/783/1 389/784/1
f 339/782/1 360/785/1 390/786/1 340/783/1
f 374/787/3 373/788/3 345/770/3 346/769/3
f 332/776/1 331/775/1 355/762/1 356/761/1
f 382/789/3 381/790/3 357/758/3 358/757/3
f 338/756/1 337/755/1 347/746/1 348/745/1
f 367/791/3 353/742/3 354/792/3 385/793/3
f 353/742/3 368/794/3 386/795/3 354/792/3
f 248/796/6 219/797/6 331/798/6 341/799/6
f 201/415/4 203/800/4 360/801/4 339/416/4
f 255/802/2 325/803/2 327/804/2 387/805/2
f 237/806/6 215/807/6 343/808/6 377/809/6
f 204/810/4 267/811/4 328/812/4 361/813/4
f 325/803/2 256/814/2 388/815/2 327/804/2
f 232/484/5 292/475/5 334/478/5 350/485/5
f 267/811/4 205/816/4 362/817/4 328/812/4
f 249/818/2 261/819/2 389/820/2 340/821/2
f 234/470/5 224/822/5 370/823/5 342/471/5
f 207/824/5 206/825/5 363/826/5 364/827/5
f 262/828/2 249/818/2 340/821/2 390/829/2
f 245/433/5 238/830/5 378/831/5 344/434/5
f 210/832/6 211/833/6 366/834/6 365/835/6
f 214/836/6 253/837/6 386/838/6 368/839/6
f 246/425/5 310/465/5 336/468/5 352/426/5
f 213/840/2 212/841/2 353/842/2 367/843/2
f 216/844/6 251/479/6 347/482/6 337/845/6
f 223/846/6 248/796/6 341/799/6 369/847/6
f 212/841/2 214/848/2 368/849/2 353/842/2
f 258/466/5 242/850/5 382/851/5 358/467/5
f 250/852/5 213/853/5 367/854/5 385/855/5
f 211/856/2 276/857/2 330/858/2 366/859/2
f 320/458/5 304/432/5 338/435/5 348/459/5
f 241/860/6 217/861/6 357/862/6 381/863/6
f 276/857/2 207/864/2 364/865/2 330/858/2
f 219/797/6 259/449/6 355/452/6 331/798/6
f 231/492/5 294/469/5 332/472/5 356/493/5
f 215/807/6 216/844/6 337/845/6 343/808/6
f 254/866/4 250/867/4 385/868/4 354/869/4
f 233/476/5 228/870/5 374/871/5 346/477/5
f 217/861/6 218/420/6 335/423/6 357/862/6
f 227/872/6 247/418/6 345/419/6 373/873/6
f 224/874/4 223/875/4 369/876/4 370/877/4
f 206/878/4 312/879/4 329/880/4 363/881/4
f 225/882/4 226/883/4 372/884/4 371/885/4
f 312/879/4 210/886/4 365/887/4 329/880/4
f 228/888/2 227/889/2 373/890/2 374/891/2
f 253/892/4 254/866/4 354/869/4 386/893/4
f 229/894/2 230/895/2 376/896/2 375/897/2
s 1
f 391/15/7 392/16/8 394/17/9 393/18/10
f 393/18/10 394/17/9 396/19/11 395/20/12
f 395/20/12 396/19/11 398/21/13 397/22/14
f 397/22/14 398/21/13 400/23/15 399/13/16
f 399/13/16 400/23/15 402/24/17 401/25/18
f 401/25/18 402/24/17 404/26/19 403/27/20
f 403/27/20 404/26/19 406/28/21 405/29/22
f 405/29/22 406/28/21 408/30/23 407/31/24
f 407/31/24 408/30/23 410/32/25 409/33/26
f 409/33/26 410/32/25 412/34/27 411/35/28
f 411/35/28 412/34/27 414/36/29 413/37/30
f 413/37/30 414/36/29 416/9/31 415/5/32
f 415/5/32 416/9/31 418/38/33 417/39/34
f 417/39/34 418/38/33 420/40/35 419/41/36
f 419/41/36 420/40/35 422/42/37 421/43/38
f 421/43/38 422/42/37 424/44/39 423/45/40
f 423/45/40 424/44/39 426/46/41 425/47/42
f 425/47/42 426/46/41 428/48/43 427/49/44
f 427/49/44 428/48/43 430/50/45 429/51/46
f 429/51/46 430/50/45 432/10/47 431/6/48
f 431/6/48 432/10/47 434/52/49 433/53/50
f 433/53/50 434/52/49 436/54/51 435/55/52
f 435/55/52 436/54/51 438/56/53 437/57/54
f 437/57/54 438/56/53 440/58/55 439/59/56
f 439/59/56 440/58/55 442/60/57 441/61/58
f 441/61/58 442/60/57 444/62/59 443/63/60
f 443/63/60 444/62/59 446/64/61 445/65/62
f 445/65/62 446/64/61 448/66/63 447/11/64
f 447/11/64 448/66/63 450/67/65 449/68/66
f 449/68/66 450/67/65 452/69/67 451/70/68
f 394/71/9 392/72/8 454/73/69 452/74/67 450/75/65 448/76/63 446/77/61 444/78/59 442/79/57 440/80/55 438/81/53 436/82/51 434/83/49 432/84/47 430/85/45 428/86/43 426/87/41 424/88/39 422/89/37 420/90/35 418/91/33 416/92/31 414/93/29 412/94/27 410/95/25 408/96/23 406/97/21 404/98/19 402/99/17 400/100/15 398/101/13 396/102/11
f 451/70/68 452/69/67 454/103/69 453/104/70
f 453/104/70 454/103/69 392/105/8 391/106/7
f 391/107/7 393/108/10 395/109/12 397/110/14 399/111/16 401/112/18 403/113/20 405/114/22 407/115/24 409/116/26 411/117/28 413/118/30 415/119/32 417/120/34 419/121/36 421/122/38 423/123/40 425/124/42 427/125/44 429/126/46 431/127/48 433/128/50 435/129/52 437/130/54 439/131/56 441/132/58 443/133/60 445/134/62 447/135/64 449/136/66 451/137/68 453/138/70
s 0
f 455/1/1 456/2/1 458/3/1 457/4/1
f 457/4/2 458/3/2 462/5/2 461/6/2
f 461/6/3 462/5/3 460/7/3 459/8/3
f 459/8/4 460/7/4 456/9/4 455/10/4
f 457/11/5 461/6/5 459/8/5 455/12/5
f 462/5/6 458/13/6 456/14/6 460/7/6
s 1
f 527/898/71 464/16/72 466/17/73 528/899/74
f 528/899/74 466/17/73 468/19/75 529/900/76
f 529/900/76 468/19/75 470/21/77 530/901/78
f 530/901/78 470/21/77 472/23/79 531/902/80
f 531/902/80 472/23/79 474/24/81 532/903/82
f 532/903/82 474/24/81 476/26/83 533/904/84
f 533/904/84 476/26/83 478/28/85 534/905/86
f 534/905/86 478/28/85 480/30/87 535/906/6
f 535/906/6 480/30/87 482/32/88 536/907/89
f 536/907/89 482/32/88 484/34/90 537/908/91
f 537/908/91 484/34/90 486/36/92 538/909/93
f 538/909/93 486/36/92 488/9/94 539/910/95
f 539/910/95 488/9/94 490/38/96 540/911/97
f 540/911/97 490/38/96 492/40/98 541/912/99
f 541/912/99 492/40/98 494/42/100 542/913/101
f 542/913/101 494/42/100 496/44/102 543/914/103
f 543/914/103 496/44/102 498/46/104 544/915/105
f 544/915/105 498/46/104 500/48/106 545/916/107
f 545/916/107 500/48/106 502/50/108 546/917/109
f 546/917/109 502/50/108 504/10/110 547/918/111
f 547/918/111 504/10/110 506/52/112 548/919/113
f 548/919/113 506/52/112 508/54/114 549/920/115
f 549/920/115 508/54/114 510/56/116 550/921/117
f 550/921/117 510/56/116 512/58/118 551/922/6
f 551/922/6 512/58/118 514/60/119 552/923/120
f 552/923/120 514/60/119 516/62/121 553/924/122
f 553/924/122 516/62/121 518/64/123 554/925/124
f 554/925/124 518/64/123 520/66/125 555/926/126
f 555/926/126 520/66/125 522/67/127 556/927/128
f 556/927/128 522/67/127 524/69/129 557/928/130
f 466/71/73 464/72/72 526/73/131 524/74/129 522/75/127 520/76/125 518/77/123 516/78/121 514/79/119 512/80/118 510/81/116 508/82/114 506/83/112 504/84/110 502/85/108 500/86/106 498/87/104 496/88/102 494/89/100 492/90/98 490/91/96 488/92/94 486/93/92 484/94/90 482/95/88 480/96/87 478/97/85 476/98/83 474/99/81 472/100/79 470/101/77 468/102/75
f 557/928/130 524/69/129 526/103/131 558/929/132
f 558/929/132 526/103/131 464/105/72 527/930/71
f 463/107/133 465/108/134 467/109/135 469/110/136 471/111/137 473/112/138 475/113/139 477/114/140 479/115/141 481/116/142 483/117/143 485/118/144 487/119/145 489/120/146 491/121/147 493/122/148 495/123/149 497/124/150 499/125/151 501/126/152 503/127/153 505/128/154 507/129/155 509/130/156 511/131/157 513/132/158 515/133/159 517/134/160 519/135/161 521/136/162 523/137/163 525/138/164
f 538/909/93 539/910/95 611/910/165 612/909/166
f 567/931/89 566/932/6 630/932/167 631/931/168
f 539/910/95 540/911/97 610/911/169 611/910/165
f 566/932/6 565/933/86 629/933/168 630/932/167
f 540/911/97 541/912/99 609/912/170 610/911/169
f 565/933/86 564/934/84 628/934/171 629/933/168
f 541/912/99 542/913/101 608/913/172 609/912/170
f 564/934/84 563/935/82 627/935/173 628/934/171
f 590/936/71 589/937/132 653/937/174 654/936/175
f 542/913/101 543/914/103 607/914/176 608/913/172
f 563/935/82 562/938/80 626/938/177 627/935/173
f 589/937/132 588/939/130 652/939/178 653/937/174
f 543/914/103 544/915/105 606/915/172 607/914/176
f 562/938/80 561/940/78 625/940/179 626/938/177
f 588/939/130 587/941/128 651/941/179 652/939/178
f 544/915/105 545/916/107 605/916/170 606/915/172
f 561/940/78 560/942/76 624/942/178 625/940/179
f 587/941/128 586/943/126 650/943/177 651/941/179
f 545/916/107 546/917/109 604/917/169 605/916/170
f 560/942/76 559/944/74 623/944/174 624/942/178
f 586/943/126 585/945/124 649/945/173 650/943/177
f 546/917/109 547/918/111 603/918/165 604/917/169
f 559/944/74 590/946/71 654/946/175 623/944/174
f 585/945/124 584/947/122 648/947/171 649/945/173
f 547/918/111 548/919/113 602/919/166 603/918/165
f 584/947/122 583/948/120 647/948/168 648/947/171
f 548/919/113 549/920/115 601/920/180 602/919/166
f 583/948/120 582/949/6 646/949/167 647/948/168
f 549/920/115 550/921/117 600/921/181 601/920/180
f 582/949/6 581/950/117 645/950/168 646/949/167
f 550/921/117 551/922/6 599/922/182 600/921/181
f 581/950/117 580/951/115 644/951/171 645/950/168
f 1230/952/183 590/946/71 559/944/74 1199/953/184
f 1199/953/184 559/944/74 560/942/76 1200/954/185
f 1200/954/185 560/942/76 561/940/78 1201/955/186
f 1201/955/186 561/940/78 562/938/80 1202/956/187
f 1202/956/187 562/938/80 563/935/82 1203/957/188
f 1203/957/188 563/935/82 564/934/84 1204/958/189
f 1204/958/189 564/934/84 565/933/86 1205/959/190
f 1205/959/190 565/933/86 566/932/6 1206/960/191
f 1206/960/191 566/932/6 567/931/89 1207/961/192
f 1207/961/192 567/931/89 568/962/91 1208/963/193
f 1208/963/193 568/962/91 569/964/93 1209/965/194
f 1209/965/194 569/964/93 570/966/95 1210/967/195
f 1210/967/195 570/966/95 571/968/97 1211/969/196
f 1211/969/196 571/968/97 572/970/99 1212/971/197
f 1212/971/197 572/970/99 573/972/101 1213/973/198
f 1213/973/198 573/972/101 574/974/103 1214/975/199
f 1214/975/199 574/974/103 575/976/105 1215/977/200
f 1215/977/200 575/976/105 576/978/107 1216/979/201
f 1216/979/201 576/978/107 577/980/109 1217/981/202
f 1217/981/202 577/980/109 578/982/111 1218/983/203
f 1218/983/203 578/982/111 579/984/113 1219/985/204
f 1219/985/204 579/984/113 580/951/115 1220/986/205
f 1220/986/205 580/951/115 581/950/117 1221/987/206
f 1221/987/206 581/950/117 582/949/6 1222/988/181
f 1222/988/181 582/949/6 583/948/120 1223/989/207
f 1223/989/207 583/948/120 584/947/122 1224/990/208
f 1224/990/208 584/947/122 585/945/124 1225/991/209
f 1225/991/209 585/945/124 586/943/126 1226/992/210
f 1226/992/210 586/943/126 587/941/128 1227/993/211
f 1227/993/211 587/941/128 588/939/130 1228/994/212
f 1228/994/212 588/939/130 589/937/132 1229/995/213
f 1229/995/213 589/937/132 590/936/71 1230/996/183
f 551/922/6 552/923/120 598/923/181 599/922/182
f 580/951/115 579/984/113 643/984/173 644/951/171
f 552/923/120 553/924/122 597/924/180 598/923/181
f 579/984/113 578/982/111 642/982/177 643/984/173
f 553/924/122 554/925/124 596/925/166 597/924/180
f 527/898/71 528/899/74 622/899/172 591/898/176
f 578/982/111 577/980/109 641/980/179 642/982/177
f 554/925/124 555/926/126 595/926/165 596/925/166
f 528/899/74 529/900/76 621/900/170 622/899/172
f 577/980/109 576/978/107 640/978/178 641/980/179
f 555/926/126 556/927/128 594/927/169 595/926/165
f 529/900/76 530/901/78 620/901/169 621/900/170
f 576/978/107 575/976/105 639/976/174 640/978/178
f 556/927/128 557/928/130 593/928/170 594/927/169
f 530/901/78 531/902/80 619/902/165 620/901/169
f 575/976/105 574/974/103 638/974/175 639/976/174
f 557/928/130 558/929/132 592/929/172 593/928/170
f 531/902/80 532/903/82 618/903/166 619/902/165
f 574/974/103 573/972/101 637/972/174 638/974/175
f 558/929/132 527/930/71 591/930/176 592/929/172
f 532/903/82 533/904/84 617/904/180 618/903/166
f 573/972/101 572/970/99 636/970/178 637/972/174
f 533/904/84 534/905/86 616/905/181 617/904/180
f 572/970/99 571/968/97 635/968/179 636/970/178
f 534/905/86 535/906/6 615/906/182 616/905/181
f 571/968/97 570/966/95 634/966/177 635/968/179
f 535/906/6 536/907/89 614/907/181 615/906/182
f 570/966/95 569/964/93 633/964/173 634/966/177
f 536/907/89 537/908/91 613/908/180 614/907/181
f 569/964/93 568/962/91 632/962/171 633/964/173
f 537/908/91 538/909/93 612/909/166 613/908/180
f 568/962/91 567/931/89 631/931/168 632/962/171
f 1007/997/214 744/997/215 748/998/216 1011/998/217
f 628/934/171 627/935/173 659/935/218 660/934/219
f 654/936/175 653/937/174 685/937/220 686/936/221
f 1011/999/217 748/999/216 752/1000/222 1015/1000/223
f 627/935/173 626/938/177 658/938/224 659/935/218
f 653/937/174 652/939/178 684/939/225 685/937/220
f 1015/1001/223 752/1001/222 756/1002/226 1019/1002/227
f 626/938/177 625/940/179 657/940/228 658/938/224
f 652/939/178 651/941/179 683/941/229 684/939/225
f 1019/1003/227 756/1003/226 760/1004/230 1023/1004/231
f 625/940/179 624/942/178 656/942/232 657/940/228
f 651/941/179 650/943/177 682/943/233 683/941/229
f 1023/1005/231 760/1005/230 764/1006/234 1027/1006/235
f 624/942/178 623/944/174 655/944/236 656/942/232
f 650/943/177 649/945/173 681/945/237 682/943/233
f 1027/1006/235 764/1006/234 768/1007/238 1031/1007/239
f 623/944/174 654/946/175 686/946/221 655/944/236
f 649/945/173 648/947/171 680/947/240 681/945/237
f 1031/1008/239 768/1008/238 772/1009/241 1035/1009/242
f 648/947/171 647/948/168 679/948/243 680/947/240
f 1035/1009/242 772/1009/241 776/1010/244 1039/1010/245
f 647/948/168 646/949/167 678/949/246 679/948/243
f 1039/1011/245 776/1011/244 780/1012/247 1043/1012/248
f 646/949/167 645/950/168 677/950/249 678/949/246
f 1043/1013/248 780/1013/247 784/1014/250 1047/1014/251
f 645/950/168 644/951/171 676/951/252 677/950/249
f 1047/1015/251 784/1015/250 788/1016/253 1051/1016/254
f 644/951/171 643/984/173 675/984/255 676/951/252
f 1051/1017/254 788/1017/253 792/1018/256 1055/1018/257
f 811/1019/258 948/1020/259 939/1020/260 1196/1019/261
f 643/984/173 642/982/177 674/982/262 675/984/255
f 1055/1021/257 792/1021/256 796/1022/263 1059/1022/264
f 951/1023/265 688/1023/266 692/1024/267 955/1024/268
f 642/982/177 641/980/179 673/980/269 674/982/262
f 1059/1022/264 796/1022/263 800/1025/270 1063/1025/271
f 955/1026/268 692/1026/267 696/1027/272 959/1027/273
f 641/980/179 640/978/178 672/978/274 673/980/269
f 1063/1028/271 800/1028/270 804/1029/275 1067/1029/276
f 959/1030/273 696/1030/272 700/1031/277 963/1031/278
f 640/978/178 639/976/174 671/976/279 672/978/274
f 1067/1029/276 804/1029/275 808/1032/280 812/1032/281
f 963/1031/278 700/1031/277 704/1033/282 967/1033/283
f 639/976/174 638/974/175 670/974/284 671/976/279
f 812/1034/281 808/1034/280 943/1035/285 947/1035/286
f 967/1036/283 704/1036/282 708/1037/287 971/1037/288
f 638/974/175 637/972/174 669/972/289 670/974/284
f 971/1037/288 708/1037/287 712/1038/290 975/1038/291
f 637/972/174 636/970/178 668/970/292 669/972/289
f 975/1039/291 712/1039/290 716/1040/293 979/1040/294
f 636/970/178 635/968/179 667/968/295 668/970/292
f 979/1041/294 716/1041/293 720/1042/296 983/1042/297
f 635/968/179 634/966/177 666/966/298 667/968/295
f 983/1043/297 720/1043/296 724/1044/299 987/1044/300
f 634/966/177 633/964/173 665/964/301 666/966/298
f 987/1045/300 724/1045/299 728/1046/302 991/1046/303
f 633/964/173 632/962/171 664/962/304 665/964/301
f 991/1047/303 728/1047/302 732/1048/305 995/1048/306
f 632/962/171 631/931/168 663/931/307 664/962/304
f 995/1048/306 732/1048/305 736/1049/308 999/1049/309
f 631/931/168 630/932/167 662/932/310 663/931/307
f 999/1050/309 736/1050/308 740/1051/311 1003/1051/312
f 630/932/167 629/933/168 661/933/313 662/932/310
f 1003/1051/312 740/1051/311 744/1052/215 1007/1052/214
f 629/933/168 628/934/171 660/934/219 661/933/313
f 592/929/172 591/930/176 807/930/314 803/1053/315
f 593/928/170 592/929/172 803/929/315 799/928/316
f 594/927/169 593/928/170 799/1054/316 795/1055/317
f 595/926/165 594/927/169 795/1055/317 791/926/318
f 596/925/166 595/926/165 791/1056/318 787/925/319
f 597/924/180 596/925/166 787/925/319 783/924/320
f 598/923/181 597/924/180 783/1057/320 779/1058/321
f 599/922/182 598/923/181 779/923/321 775/922/322
f 600/921/181 599/922/182 775/922/322 771/1059/323
f 601/920/180 600/921/181 771/921/323 767/920/324
f 602/919/166 601/920/180 767/1060/324 763/1061/325
f 603/918/165 602/919/166 763/1061/325 759/918/326
f 604/917/169 603/918/165 759/1062/326 755/917/327
f 605/916/170 604/917/169 755/917/327 751/916/328
f 606/915/172 605/916/170 751/1063/328 747/1064/329
f 607/914/176 606/915/172 747/1065/329 743/914/330
f 608/913/172 607/914/176 743/914/330 739/1066/331
f 609/912/170 608/913/172 739/913/331 735/912/332
f 610/911/169 609/912/170 735/1067/332 731/1068/333
f 611/910/165 610/911/169 731/1068/333 727/910/334
f 612/909/166 611/910/165 727/1069/334 723/909/335
f 613/908/180 612/909/166 723/909/335 719/908/336
f 614/907/181 613/908/180 719/1070/336 715/1071/337
f 615/906/182 614/907/181 715/907/337 711/906/338
f 616/905/181 615/906/182 711/1072/338 707/1073/339
f 617/904/180 616/905/181 707/905/339 703/904/340
f 618/903/166 617/904/180 703/1074/340 699/1075/341
f 619/902/165 618/903/166 699/1075/341 695/902/342
f 620/901/169 619/902/165 695/1076/342 691/901/343
f 621/900/170 620/901/169 691/1077/343 687/900/344
f 622/899/172 621/900/170 687/1078/344 944/1079/345
f 591/898/176 622/899/172 944/1080/345 807/1081/314
f 871/1082/346 876/1083/347 868/1084/348 863/1085/349
f 1115/1086/350 1112/1087/351 1120/1088/352 1123/1089/353
f 879/1090/354 884/1091/355 876/1083/347 871/1092/346
f 1107/1093/356 1104/1094/357 1112/1087/351 1115/1086/350
f 887/1095/358 892/1096/359 884/1091/355 879/1090/354
f 1099/1097/360 1096/1098/361 1104/1099/357 1107/1100/356
f 895/1101/362 900/1102/363 892/1096/359 887/1095/358
f 1091/1103/364 1088/1104/365 1096/1098/361 1099/1097/360
f 903/1105/366 908/1106/367 900/1102/363 895/1101/362
f 1083/1107/368 1080/1108/369 1088/1104/365 1091/1103/364
f 911/1109/370 916/1110/371 908/1106/367 903/1105/366
f 815/1111/372 820/1112/373 1072/1113/374 1075/1114/375
f 1004/1115/376 1008/1116/377 819/1116/378 827/1115/379
f 919/1117/380 924/1118/381 916/1110/371 911/1119/370
f 1075/1114/375 1072/1120/374 1080/1108/369 1083/1107/368
f 823/1121/382 828/1122/383 820/1112/373 815/1111/372
f 927/1123/384 932/1124/385 924/1118/381 919/1117/380
f 1064/1125/386 1068/1126/387 1183/1126/388 1175/1125/389
f 1000/1127/390 1004/1115/376 827/1115/379 835/1127/391
f 935/1128/392 940/1129/393 932/1124/385 927/1130/384
f 1060/1131/394 1064/1125/386 1175/1125/389 1167/1131/395
f 996/1132/396 1000/1127/390 835/1127/391 843/1133/397
f 655/944/236 686/946/221 1191/946/398 936/1134/399
f 1056/1135/400 1060/1136/394 1167/1136/395 1159/1135/401
f 992/1137/402 996/1138/396 843/1132/397 851/1137/403
f 1068/1126/387 811/1139/258 1196/1139/261 1183/1126/388
f 1052/1140/404 1056/1135/400 1159/1135/401 1151/1140/405
f 988/1141/406 992/1137/402 851/1137/403 859/1141/407
f 1048/1142/408 1052/1140/404 1151/1140/405 1143/1142/409
f 984/1143/410 988/1141/406 859/1141/407 867/1143/411
f 1044/1144/412 1048/1142/408 1143/1142/409 1135/1144/413
f 980/1145/414 984/1143/410 867/1143/411 875/1145/415
f 1012/1146/416 1016/1147/417 1079/1147/418 1071/1146/419
f 656/942/232 655/944/236 936/944/399 928/942/420
f 657/940/228 656/942/232 928/942/420 920/940/421
f 658/938/224 657/940/228 920/940/421 912/938/422
f 659/935/218 658/938/224 912/938/422 904/935/423
f 660/934/219 659/935/218 904/935/423 896/934/424
f 661/933/313 660/934/219 896/934/424 888/933/425
f 662/932/310 661/933/313 888/933/425 880/932/426
f 663/931/307 662/932/310 880/932/426 872/931/427
f 664/962/304 663/931/307 872/931/427 864/962/428
f 665/964/301 664/962/304 864/962/428 856/964/429
f 666/966/298 665/964/301 856/964/429 848/966/430
f 667/968/295 666/966/298 848/966/430 840/1148/431
f 668/970/292 667/968/295 840/968/431 832/970/432
f 669/972/289 668/970/292 832/970/432 824/972/433
f 671/976/279 670/974/284 816/974/434 1076/976/435
f 670/974/284 669/972/289 824/972/433 816/974/434
f 672/978/274 671/976/279 1076/976/435 1084/978/436
f 673/980/269 672/978/274 1084/978/436 1092/980/437
f 674/982/262 673/980/269 1092/980/437 1100/982/438
f 675/984/255 674/982/262 1100/982/438 1108/1149/439
f 676/951/252 675/984/255 1108/1150/439 1116/951/440
f 677/950/249 676/951/252 1116/951/440 1124/950/441
f 678/949/246 677/950/249 1124/950/441 1132/949/442
f 679/948/243 678/949/246 1132/949/442 1140/948/443
f 680/947/240 679/948/243 1140/948/443 1148/947/444
f 681/945/237 680/947/240 1148/947/444 1156/945/445
f 682/943/233 681/945/237 1156/945/445 1164/943/446
f 683/941/229 682/943/233 1164/943/446 1172/1151/447
f 684/939/225 683/941/229 1172/941/447 1180/939/448
f 685/937/220 684/939/225 1180/939/448 1188/937/449
f 686/936/221 685/937/220 1188/937/449 1191/1152/398
f 1123/1089/353 1120/1088/352 1128/1153/450 1131/1154/451
f 863/1085/349 868/1084/348 860/1155/452 855/1156/453
f 1131/1154/451 1128/1153/450 1136/1157/454 1139/1158/455
f 855/1159/453 860/1155/452 852/1160/456 847/1161/457
f 1139/1158/455 1136/1157/454 1144/1162/458 1147/1163/459
f 847/1161/457 852/1160/456 844/1164/460 839/1165/461
f 1147/1163/459 1144/1162/458 1152/1166/462 1155/1167/463
f 839/1168/461 844/1169/460 836/1170/464 831/1171/465
f 1155/1167/463 1152/1166/462 1160/1172/466 1163/1173/467
f 1192/1174/468 1195/1175/469 940/1129/393 935/1176/392
f 1008/1116/377 1012/1177/416 1071/1146/419 819/1116/378
f 1163/1173/467 1160/1172/466 1168/1178/470 1171/1179/471
f 948/1020/259 952/1180/472 931/1180/473 939/1020/260
f 831/1171/465 836/1170/464 828/1122/383 823/1121/382
f 1171/1181/471 1168/1182/470 1176/1183/474 1179/1184/475
f 952/1180/472 956/1185/476 923/1185/477 931/1180/473
f 1016/1147/417 1020/1186/478 1087/1186/479 1079/1147/418
f 1179/1184/475 1176/1183/474 1184/1187/480 1187/1188/481
f 956/1185/476 960/1189/482 915/1189/483 923/1185/477
f 1020/1186/478 1024/1190/484 1095/1190/485 1087/1186/479
f 1187/1188/481 1184/1187/480 1195/1191/469 1192/1192/468
f 960/1189/482 964/1193/486 907/1194/487 915/1189/483
f 1024/1190/484 1028/1195/488 1103/1196/489 1095/1190/485
f 964/1193/486 968/1197/490 899/1197/491 907/1193/487
f 1028/1196/488 1032/1198/492 1111/1198/493 1103/1196/489
f 968/1197/490 972/1199/494 891/1199/495 899/1197/491
f 1032/1198/492 1036/1200/496 1119/1200/497 1111/1198/493
f 972/1199/494 976/1201/498 883/1201/499 891/1199/495
f 1036/1200/496 1040/1202/500 1127/1202/501 1119/1200/497
f 976/1201/498 980/1145/414 875/1145/415 883/1201/499
f 1040/1202/500 1044/1144/412 1135/1144/413 1127/1202/501
f 944/1079/345 687/1078/344 689/1203/502 946/899/503
f 946/899/503 689/1203/502 690/1204/504 945/1205/505
f 945/1205/505 690/1204/504 688/1206/266 943/1207/285
f 687/900/344 691/1077/343 693/901/506 689/1203/502
f 689/1203/502 693/901/506 694/1208/507 690/1204/504
f 690/1204/504 694/1208/507 692/1024/267 688/1023/266
f 691/901/343 695/1076/342 697/1076/508 693/901/506
f 693/901/506 697/1076/508 698/1209/509 694/1208/507
f 694/1208/507 698/1209/509 696/1027/272 692/1026/267
f 695/902/342 699/1075/341 701/903/510 697/1076/508
f 697/1076/508 701/903/510 702/1210/511 698/1209/509
f 698/1209/509 702/1210/511 700/1031/277 696/1030/272
f 699/1075/341 703/1074/340 705/1211/512 701/903/510
f 701/903/510 705/1211/512 706/1212/513 702/1210/511
f 702/1210/511 706/1212/513 704/1033/282 700/1031/277
f 703/904/340 707/905/339 709/1213/514 705/1211/512
f 705/1211/512 709/1213/514 710/1214/515 706/1212/513
f 706/1212/513 710/1214/515 708/1037/287 704/1036/282
f 707/1073/339 711/1072/338 713/906/516 709/1213/514
f 709/1213/514 713/906/516 714/1215/517 710/1214/515
f 710/1214/515 714/1215/517 712/1038/290 708/1037/287
f 711/906/338 715/907/337 717/1216/518 713/906/516
f 713/906/516 717/1216/518 718/1217/519 714/1215/517
f 714/1215/517 718/1217/519 716/1040/293 712/1039/290
f 715/1071/337 719/1070/336 721/1218/520 717/1216/518
f 717/1216/518 721/1218/520 722/1219/521 718/1217/519
f 718/1217/519 722/1219/521 720/1042/296 716/1041/293
f 719/908/336 723/909/335 725/909/522 721/1218/520
f 721/1218/520 725/909/522 726/1220/523 722/1219/521
f 722/1219/521 726/1220/523 724/1044/299 720/1043/296
f 723/909/335 727/1069/334 729/1069/524 725/909/522
f 725/909/522 729/1069/524 730/1221/525 726/1220/523
f 726/1220/523 730/1221/525 728/1046/302 724/1045/299
f 727/910/334 731/1068/333 733/911/526 729/1069/524
f 729/1069/524 733/911/526 734/1222/527 730/1221/525
f 730/1221/525 734/1222/527 732/1048/305 728/1047/302
f 731/1068/333 735/1067/332 737/1223/528 733/911/526
f 733/911/526 737/1223/528 738/1224/529 734/1222/527
f 734/1222/527 738/1224/529 736/1049/308 732/1048/305
f 735/912/332 739/913/331 741/1225/530 737/1223/528
f 737/1223/528 741/1225/530 742/1226/531 738/1224/529
f 738/1224/529 742/1226/531 740/1051/311 736/1050/308
f 739/1066/331 743/914/330 745/914/532 741/1225/530
f 741/1225/530 745/914/532 746/1227/533 742/1226/531
f 742/1226/531 746/1227/533 744/1052/215 740/1051/311
f 743/914/330 747/1065/329 749/1228/534 745/914/532
f 745/914/532 749/1228/534 750/1229/535 746/1227/533
f 746/1227/533 750/1229/535 748/998/216 744/997/215
f 747/1064/329 751/1063/328 753/1230/536 749/1228/534
f 749/1228/534 753/1230/536 754/1231/537 750/1229/535
f 750/1229/535 754/1231/537 752/1000/222 748/999/216
f 751/916/328 755/917/327 757/917/538 753/1230/536
f 753/1230/536 757/917/538 758/1232/539 754/1231/537
f 754/1231/537 758/1232/539 756/1002/226 752/1001/222
f 755/917/327 759/1062/326 761/1062/540 757/917/538
f 757/917/538 761/1062/540 762/1233/541 758/1232/539
f 758/1232/539 762/1233/541 760/1004/230 756/1003/226
f 759/918/326 763/1061/325 765/919/542 761/1062/540
f 761/1062/540 765/919/542 766/1234/543 762/1233/541
f 762/1233/541 766/1234/543 764/1006/234 760/1005/230
f 763/1061/325 767/1060/324 769/1235/544 765/919/542
f 765/919/542 769/1235/544 770/1236/545 766/1234/543
f 766/1234/543 770/1236/545 768/1007/238 764/1006/234
f 767/920/324 771/921/323 773/1237/546 769/1235/544
f 769/1235/544 773/1237/546 774/1238/547 770/1236/545
f 770/1236/545 774/1238/547 772/1009/241 768/1008/238
f 771/1059/323 775/922/322 777/922/548 773/1237/546
f 773/1237/546 777/922/548 778/1239/549 774/1238/547
f 774/1238/547 778/1239/549 776/1010/244 772/1009/241
f 775/922/322 779/923/321 781/1240/550 777/922/548
f 777/922/548 781/1240/550 782/1241/551 778/1239/549
f 778/1239/549 782/1241/551 780/1012/247 776/1011/244
f 779/1058/321 783/1057/320 785/1242/552 781/1240/550
f 781/1240/550 785/1242/552 786/1243/553 782/1241/551
f 782/1241/551 786/1243/553 784/1014/250 780/1013/247
f 783/924/320 787/925/319 789/925/554 785/1242/552
f 785/1242/552 789/925/554 790/1244/555 786/1243/553
f 786/1243/553 790/1244/555 788/1016/253 784/1015/250
f 787/925/319 791/1056/318 793/1056/556 789/925/554
f 789/925/554 793/1056/556 794/1245/557 790/1244/555
f 790/1244/555 794/1245/557 792/1018/256 788/1017/253
f 791/926/318 795/1055/317 797/927/558 793/1056/556
f 793/1056/556 797/927/558 798/1246/559 794/1245/557
f 794/1245/557 798/1246/559 796/1022/263 792/1021/256
f 795/1055/317 799/1054/316 801/1247/560 797/927/558
f 797/927/558 801/1247/560 802/1248/561 798/1246/559
f 798/1246/559 802/1248/561 800/1025/270 796/1022/263
f 799/928/316 803/929/315 805/1249/562 801/1247/560
f 801/1247/560 805/1249/562 806/1250/563 802/1248/561
f 802/1248/561 806/1250/563 804/1029/275 800/1028/270
f 803/1053/315 807/930/314 809/930/564 805/1249/562
f 805/1249/562 809/930/564 810/1251/565 806/1250/563
f 806/1250/563 810/1251/565 808/1032/280 804/1029/275
f 1192/1174/468 935/1176/392 937/1252/566 1194/1253/567
f 1194/1253/567 937/1252/566 938/944/568 1193/1254/569
f 1193/1254/569 938/944/568 936/1134/399 1191/946/398
f 807/1081/314 944/1080/345 946/899/503 809/1081/564
f 809/1081/564 946/899/503 945/1205/505 810/1255/565
f 810/1255/565 945/1205/505 943/1035/285 808/1034/280
f 812/1034/281 947/1035/286 949/1256/570 814/1257/571
f 814/1257/571 949/1256/570 950/1020/572 813/1258/573
f 813/1258/573 950/1020/572 948/1020/259 811/1019/258
f 947/1207/286 951/1206/265 953/1259/574 949/1256/570
f 949/1256/570 953/1259/574 954/1260/575 950/1020/572
f 950/1020/572 954/1260/575 952/1180/472 948/1020/259
f 951/1023/265 955/1024/268 957/1261/576 953/1259/574
f 953/1259/574 957/1261/576 958/1262/577 954/1260/575
f 954/1260/575 958/1262/577 956/1185/476 952/1180/472
f 955/1026/268 959/1027/273 961/1263/578 957/1261/576
f 957/1261/576 961/1263/578 962/1189/579 958/1262/577
f 958/1262/577 962/1189/579 960/1189/482 956/1185/476
f 959/1030/273 963/1031/278 965/1264/580 961/1263/578
f 961/1263/578 965/1264/580 966/1193/581 962/1189/579
f 962/1189/579 966/1193/581 964/1193/486 960/1189/482
f 963/1031/278 967/1033/283 969/1265/582 965/1264/580
f 965/1264/580 969/1265/582 970/1197/583 966/1193/581
f 966/1193/581 970/1197/583 968/1197/490 964/1193/486
f 967/1036/283 971/1037/288 973/1266/584 969/1265/582
f 969/1265/582 973/1266/584 974/1267/585 970/1197/583
f 970/1197/583 974/1267/585 972/1199/494 968/1197/490
f 971/1037/288 975/1038/291 977/1268/586 973/1266/584
f 973/1266/584 977/1268/586 978/1269/587 974/1267/585
f 974/1267/585 978/1269/587 976/1201/498 972/1199/494
f 975/1039/291 979/1040/294 981/1270/588 977/1268/586
f 977/1268/586 981/1270/588 982/1145/589 978/1269/587
f 978/1269/587 982/1145/589 980/1145/414 976/1201/498
f 979/1041/294 983/1042/297 985/1271/590 981/1270/588
f 981/1270/588 985/1271/590 986/1143/591 982/1145/589
f 982/1145/589 986/1143/591 984/1143/410 980/1145/414
f 983/1043/297 987/1044/300 989/1272/592 985/1271/590
f 985/1271/590 989/1272/592 990/1141/593 986/1143/591
f 986/1143/591 990/1141/593 988/1141/406 984/1143/410
f 987/1045/300 991/1046/303 993/1273/594 989/1272/592
f 989/1272/592 993/1273/594 994/1274/595 990/1141/593
f 990/1141/593 994/1274/595 992/1137/402 988/1141/406
f 991/1047/303 995/1048/306 997/1275/596 993/1273/594
f 993/1273/594 997/1275/596 998/1138/597 994/1274/595
f 994/1274/595 998/1138/597 996/1138/396 992/1137/402
f 995/1048/306 999/1049/309 1001/1276/598 997/1275/596
f 997/1275/596 1001/1276/598 1002/1127/599 998/1138/597
f 998/1138/597 1002/1127/599 1000/1127/390 996/1132/396
f 999/1050/309 1003/1051/312 1005/1277/600 1001/1276/598
f 1001/1276/598 1005/1277/600 1006/1115/601 1002/1127/599
f 1002/1127/599 1006/1115/601 1004/1115/376 1000/1127/390
f 1003/1051/312 1007/1052/214 1009/1278/602 1005/1277/600
f 1005/1277/600 1009/1278/602 1010/1279/603 1006/1115/601
f 1006/1115/601 1010/1279/603 1008/1116/377 1004/1115/376
f 1007/997/214 1011/998/217 1013/1280/604 1009/1278/602
f 1009/1278/602 1013/1280/604 1014/1177/605 1010/1279/603
f 1010/1279/603 1014/1177/605 1012/1177/416 1008/1116/377
f 1011/999/217 1015/1000/223 1017/1281/606 1013/1280/604
f 1013/1280/604 1017/1281/606 1018/1282/607 1014/1177/605
f 1014/1177/605 1018/1282/607 1016/1147/417 1012/1146/416
f 1015/1001/223 1019/1002/227 1021/1283/608 1017/1281/606
f 1017/1281/606 1021/1283/608 1022/1284/609 1018/1282/607
f 1018/1282/607 1022/1284/609 1020/1186/478 1016/1147/417
f 1019/1003/227 1023/1004/231 1025/1285/610 1021/1283/608
f 1021/1283/608 1025/1285/610 1026/1190/611 1022/1284/609
f 1022/1284/609 1026/1190/611 1024/1190/484 1020/1186/478
f 1023/1005/231 1027/1006/235 1029/1286/612 1025/1285/610
f 1025/1285/610 1029/1286/612 1030/1287/613 1026/1190/611
f 1026/1190/611 1030/1287/613 1028/1195/488 1024/1190/484
f 1027/1006/235 1031/1007/239 1033/1288/614 1029/1286/612
f 1029/1286/612 1033/1288/614 1034/1289/615 1030/1287/613
f 1030/1287/613 1034/1289/615 1032/1198/492 1028/1196/488
f 1031/1008/239 1035/1009/242 1037/1290/616 1033/1288/614
f 1033/1288/614 1037/1290/616 1038/1200/617 1034/1289/615
f 1034/1289/615 1038/1200/617 1036/1200/496 1032/1198/492
f 1035/1009/242 1039/1010/245 1041/1291/618 1037/1290/616
f 1037/1290/616 1041/1291/618 1042/1292/619 1038/1200/617
f 1038/1200/617 1042/1292/619 1040/1202/500 1036/1200/496
f 1039/1011/245 1043/1012/248 1045/1293/620 1041/1291/618
f 1041/1291/618 1045/1293/620 1046/1294/621 1042/1292/619
f 1042/1292/619 1046/1294/621 1044/1144/412 1040/1202/500
f 1043/1013/248 1047/1014/251 1049/1295/622 1045/1293/620
f 1045/1293/620 1049/1295/622 1050/1142/623 1046/1294/621
f 1046/1294/621 1050/1142/623 1048/1142/408 1044/1144/412
f 1047/1015/251 1051/1016/254 1053/1296/624 1049/1295/622
f 1049/1295/622 1053/1296/624 1054/1140/625 1050/1142/623
f 1050/1142/623 1054/1140/625 1052/1140/404 1048/1142/408
f 1051/1017/254 1055/1018/257 1057/1297/626 1053/1296/624
f 1053/1296/624 1057/1297/626 1058/1135/627 1054/1140/625
f 1054/1140/625 1058/1135/627 1056/1135/400 1052/1140/404
f 1055/1021/257 1059/1022/264 1061/1298/628 1057/1297/626
f 1057/1297/626 1061/1298/628 1062/1299/629 1058/1135/627
f 1058/1135/627 1062/1299/629 1060/1136/394 1056/1135/400
f 1059/1022/264 1063/1025/271 1065/1300/630 1061/1298/628
f 1061/1298/628 1065/1300/630 1066/1301/631 1062/1299/629
f 1062/1299/629 1066/1301/631 1064/1125/386 1060/1131/394
f 1063/1028/271 1067/1029/276 1069/1302/632 1065/1300/630
f 1065/1300/630 1069/1302/632 1070/1303/633 1066/1301/631
f 1066/1301/631 1070/1303/633 1068/1126/387 1064/1125/386
f 1067/1029/276 812/1032/281 814/1304/571 1069/1302/632
f 1069/1302/632 814/1304/571 813/1305/573 1070/1303/633
f 1070/1303/633 813/1305/573 811/1139/258 1068/1126/387
f 935/1128/392 927/1130/384 929/1306/634 937/1252/566
f 937/1252/566 929/1306/634 930/942/635 938/944/568
f 938/944/568 930/942/635 928/942/420 936/944/399
f 927/1123/384 919/1117/380 921/1307/636 929/1306/634
f 929/1306/634 921/1307/636 922/1308/637 930/942/635
f 930/942/635 922/1308/637 920/940/421 928/942/420
f 919/1117/380 911/1119/370 913/1309/638 921/1307/636
f 921/1307/636 913/1309/638 914/938/639 922/1308/637
f 922/1308/637 914/938/639 912/938/422 920/940/421
f 911/1109/370 903/1105/366 905/1310/640 913/1309/638
f 913/1309/638 905/1310/640 906/1311/641 914/938/639
f 914/938/639 906/1311/641 904/935/423 912/938/422
f 903/1105/366 895/1101/362 897/1312/642 905/1310/640
f 905/1310/640 897/1312/642 898/934/643 906/1311/641
f 906/1311/641 898/934/643 896/934/424 904/935/423
f 895/1101/362 887/1095/358 889/1313/644 897/1312/642
f 897/1312/642 889/1313/644 890/933/645 898/934/643
f 898/934/643 890/933/645 888/933/425 896/934/424
f 887/1095/358 879/1090/354 881/1314/646 889/1313/644
f 889/1313/644 881/1314/646 882/1315/647 890/933/645
f 890/933/645 882/1315/647 880/932/426 888/933/425
f 879/1090/354 871/1092/346 873/1316/648 881/1314/646
f 881/1314/646 873/1316/648 874/931/649 882/1315/647
f 882/1315/647 874/931/649 872/931/427 880/932/426
f 871/1082/346 863/1085/349 865/1317/650 873/1316/648
f 873/1316/648 865/1317/650 866/962/651 874/931/649
f 874/931/649 866/962/651 864/962/428 872/931/427
f 863/1085/349 855/1156/453 857/1318/652 865/1317/650
f 865/1317/650 857/1318/652 858/1319/653 866/962/651
f 866/962/651 858/1319/653 856/964/429 864/962/428
f 855/1159/453 847/1161/457 849/1320/654 857/1318/652
f 857/1318/652 849/1320/654 850/966/655 858/1319/653
f 858/1319/653 850/966/655 848/966/430 856/964/429
f 847/1161/457 839/1165/461 841/1321/656 849/1320/654
f 849/1320/654 841/1321/656 842/1148/657 850/966/655
f 850/966/655 842/1148/657 840/1148/431 848/966/430
f 839/1168/461 831/1171/465 833/1322/658 841/1321/656
f 841/1321/656 833/1322/658 834/1323/659 842/1148/657
f 842/1148/657 834/1323/659 832/970/432 840/968/431
f 831/1171/465 823/1121/382 825/1324/660 833/1322/658
f 833/1322/658 825/1324/660 826/972/661 834/1323/659
f 834/1323/659 826/972/661 824/972/433 832/970/432
f 823/1121/382 815/1111/372 817/1325/662 825/1324/660
f 825/1324/660 817/1325/662 818/1326/663 826/972/661
f 826/972/661 818/1326/663 816/974/434 824/972/433
f 815/1111/372 1075/1114/375 1077/1327/664 817/1325/662
f 817/1325/662 1077/1327/664 1078/976/665 818/1326/663
f 818/1326/663 1078/976/665 1076/976/435 816/974/434
f 1075/1114/375 1083/1107/368 1085/1328/666 1077/1327/664
f 1077/1327/664 1085/1328/666 1086/1329/667 1078/976/665
f 1078/976/665 1086/1329/667 1084/978/436 1076/976/435
f 1083/1107/368 1091/1103/364 1093/1330/668 1085/1328/666
f 1085/1328/666 1093/1330/668 1094/980/669 1086/1329/667
f 1086/1329/667 1094/980/669 1092/980/437 1084/978/436
f 1091/1103/364 1099/1097/360 1101/1331/670 1093/1330/668
f 1093/1330/668 1101/1331/670 1102/982/671 1094/980/669
f 1094/980/669 1102/982/671 1100/982/438 1092/980/437
f 1099/1097/360 1107/1100/356 1109/1332/672 1101/1331/670
f 1101/1331/670 1109/1332/672 1110/984/673 1102/982/671
f 1102/982/671 1110/984/673 1108/1149/439 1100/982/438
f 1107/1093/356 1115/1086/350 1117/1333/674 1109/1332/672
f 1109/1332/672 1117/1333/674 1118/951/675 1110/984/673
f 1110/984/673 1118/951/675 1116/951/440 1108/1150/439
f 1115/1086/350 1123/1089/353 1125/1334/676 1117/1333/674
f 1117/1333/674 1125/1334/676 1126/950/677 1118/951/675
f 1118/951/675 1126/950/677 1124/950/441 1116/951/440
f 1123/1089/353 1131/1154/451 1133/1335/678 1125/1334/676
f 1125/1334/676 1133/1335/678 1134/1336/679 1126/950/677
f 1126/950/677 1134/1336/679 1132/949/442 1124/950/441
f 1131/1154/451 1139/1158/455 1141/1337/680 1133/1335/678
f 1133/1335/678 1141/1337/680 1142/948/681 1134/1336/679
f 1134/1336/679 1142/948/681 1140/948/443 1132/949/442
f 1139/1158/455 1147/1163/459 1149/1338/682 1141/1337/680
f 1141/1337/680 1149/1338/682 1150/947/683 1142/948/681
f 1142/948/681 1150/947/683 1148/947/444 1140/948/443
f 1147/1163/459 1155/1167/463 1157/1339/684 1149/1338/682
f 1149/1338/682 1157/1339/684 1158/1340/685 1150/947/683
f 1150/947/683 1158/1340/685 1156/945/445 1148/947/444
f 1155/1167/463 1163/1173/467 1165/1341/686 1157/1339/684
f 1157/1339/684 1165/1341/686 1166/943/687 1158/1340/685
f 1158/1340/685 1166/943/687 1164/943/446 1156/945/445
f 1163/1173/467 1171/1179/471 1173/1342/688 1165/1341/686
f 1165/1341/686 1173/1342/688 1174/1343/689 1166/943/687
f 1166/943/687 1174/1343/689 1172/1151/447 1164/943/446
f 1171/1181/471 1179/1184/475 1181/1344/690 1173/1342/688
f 1173/1342/688 1181/1344/690 1182/1345/691 1174/1343/689
f 1174/1343/689 1182/1345/691 1180/939/448 1172/941/447
f 1179/1184/475 1187/1188/481 1189/1346/692 1181/1344/690
f 1181/1344/690 1189/1346/692 1190/937/693 1182/1345/691
f 1182/1345/691 1190/937/693 1188/937/449 1180/939/448
f 1187/1188/481 1192/1192/468 1194/1347/567 1189/1346/692
f 1189/1346/692 1194/1347/567 1193/1348/569 1190/937/693
f 1190/937/693 1193/1348/569 1191/1152/398 1188/937/449
f 1196/1019/261 939/1020/260 941/1020/694 1198/1349/695
f 1198/1349/695 941/1020/694 942/1350/696 1197/1351/697
f 1197/1351/697 942/1350/696 940/1129/393 1195/1175/469
f 939/1020/260 931/1180/473 933/1180/698 941/1020/694
f 941/1020/694 933/1180/698 934/1352/699 942/1350/696
f 942/1350/696 934/1352/699 932/1124/385 940/1129/393
f 931/1180/473 923/1185/477 925/1185/700 933/1180/698
f 933/1180/698 925/1185/700 926/1353/701 934/1352/699
f 934/1352/699 926/1353/701 924/1118/381 932/1124/385
f 923/1185/477 915/1189/483 917/1189/702 925/1185/700
f 925/1185/700 917/1189/702 918/1354/703 926/1353/701
f 926/1353/701 918/1354/703 916/1110/371 924/1118/381
f 915/1189/483 907/1194/487 909/1194/704 917/1189/702
f 917/1189/702 909/1194/704 910/1355/705 918/1354/703
f 918/1354/703 910/1355/705 908/1106/367 916/1110/371
f 907/1193/487 899/1197/491 901/1197/706 909/1194/704
f 909/1194/704 901/1197/706 902/1356/707 910/1355/705
f 910/1355/705 902/1356/707 900/1102/363 908/1106/367
f 899/1197/491 891/1199/495 893/1199/708 901/1197/706
f 901/1197/706 893/1199/708 894/1357/709 902/1356/707
f 902/1356/707 894/1357/709 892/1096/359 900/1102/363
f 891/1199/495 883/1201/499 885/1201/710 893/1199/708
f 893/1199/708 885/1201/710 886/1358/711 894/1357/709
f 894/1357/709 886/1358/711 884/1091/355 892/1096/359
f 883/1201/499 875/1145/415 877/1145/712 885/1201/710
f 885/1201/710 877/1145/712 878/1359/713 886/1358/711
f 886/1358/711 878/1359/713 876/1083/347 884/1091/355
f 875/1145/415 867/1143/411 869/1143/714 877/1145/712
f 877/1145/712 869/1143/714 870/1360/715 878/1359/713
f 878/1359/713 870/1360/715 868/1084/348 876/1083/347
f 867/1143/411 859/1141/407 861/1141/716 869/1143/714
f 869/1143/714 861/1141/716 862/1361/717 870/1360/715
f 870/1360/715 862/1361/717 860/1155/452 868/1084/348
f 859/1141/407 851/1137/403 853/1137/718 861/1141/716
f 861/1141/716 853/1137/718 854/1362/719 862/1361/717
f 862/1361/717 854/1362/719 852/1160/456 860/1155/452
f 851/1137/403 843/1132/397 845/1132/720 853/1137/718
f 853/1137/718 845/1132/720 846/1363/721 854/1362/719
f 854/1362/719 846/1363/721 844/1164/460 852/1160/456
f 843/1133/397 835/1127/391 837/1127/722 845/1132/720
f 845/1132/720 837/1127/722 838/1364/723 846/1363/721
f 846/1363/721 838/1364/723 836/1170/464 844/1169/460
f 835/1127/391 827/1115/379 829/1115/724 837/1127/722
f 837/1127/722 829/1115/724 830/1365/725 838/1364/723
f 838/1364/723 830/1365/725 828/1122/383 836/1170/464
f 827/1115/379 819/1116/378 821/1116/726 829/1115/724
f 829/1115/724 821/1116/726 822/1366/727 830/1365/725
f 830/1365/725 822/1366/727 820/1112/373 828/1122/383
f 819/1116/378 1071/1146/419 1073/1146/728 821/1116/726
f 821/1116/726 1073/1146/728 1074/1367/729 822/1366/727
f 822/1366/727 1074/1367/729 1072/1113/374 820/1112/373
f 1071/1146/419 1079/1147/418 1081/1147/730 1073/1146/728
f 1073/1146/728 1081/1147/730 1082/1368/731 1074/1367/729
f 1074/1367/729 1082/1368/731 1080/1108/369 1072/1120/374
f 1079/1147/418 1087/1186/479 1089/1186/732 1081/1147/730
f 1081/1147/730 1089/1186/732 1090/1369/733 1082/1368/731
f 1082/1368/731 1090/1369/733 1088/1104/365 1080/1108/369
f 1087/1186/479 1095/1190/485 1097/1190/734 1089/1186/732
f 1089/1186/732 1097/1190/734 1098/1370/735 1090/1369/733
f 1090/1369/733 1098/1370/735 1096/1098/361 1088/1104/365
f 1095/1190/485 1103/1196/489 1105/1195/736 1097/1190/734
f 1097/1190/734 1105/1195/736 1106/1371/737 1098/1370/735
f 1098/1370/735 1106/1371/737 1104/1099/357 1096/1098/361
f 1103/1196/489 1111/1198/493 1113/1198/738 1105/1195/736
f 1105/1195/736 1113/1198/738 1114/1372/739 1106/1371/737
f 1106/1371/737 1114/1372/739 1112/1087/351 1104/1094/357
f 1111/1198/493 1119/1200/497 1121/1200/740 1113/1198/738
f 1113/1198/738 1121/1200/740 1122/1373/741 1114/1372/739
f 1114/1372/739 1122/1373/741 1120/1088/352 1112/1087/351
f 1119/1200/497 1127/1202/501 1129/1202/742 1121/1200/740
f 1121/1200/740 1129/1202/742 1130/1374/743 1122/1373/741
f 1122/1373/741 1130/1374/743 1128/1153/450 1120/1088/352
f 1127/1202/501 1135/1144/413 1137/1144/744 1129/1202/742
f 1129/1202/742 1137/1144/744 1138/1375/745 1130/1374/743
f 1130/1374/743 1138/1375/745 1136/1157/454 1128/1153/450
f 1135/1144/413 1143/1142/409 1145/1142/746 1137/1144/744
f 1137/1144/744 1145/1142/746 1146/1376/747 1138/1375/745
f 1138/1375/745 1146/1376/747 1144/1162/458 1136/1157/454
f 1143/1142/409 1151/1140/405 1153/1140/748 1145/1142/746
f 1145/1142/746 1153/1140/748 1154/1377/749 1146/1376/747
f 1146/1376/747 1154/1377/749 1152/1166/462 1144/1162/458
f 1151/1140/405 1159/1135/401 1161/1135/750 1153/1140/748
f 1153/1140/748 1161/1135/750 1162/1378/751 1154/1377/749
f 1154/1377/749 1162/1378/751 1160/1172/466 1152/1166/462
f 1159/1135/401 1167/1136/395 1169/1131/752 1161/1135/750
f 1161/1135/750 1169/1131/752 1170/1379/753 1162/1378/751
f 1162/1378/751 1170/1379/753 1168/1178/470 1160/1172/466
f 1167/1131/395 1175/1125/389 1177/1125/754 1169/1131/752
f 1169/1131/752 1177/1125/754 1178/1380/755 1170/1379/753
f 1170/1379/753 1178/1380/755 1176/1183/474 1168/1182/470
f 1175/1125/389 1183/1126/388 1185/1126/756 1177/1125/754
f 1177/1125/754 1185/1126/756 1186/1381/757 1178/1380/755
f 1178/1380/755 1186/1381/757 1184/1187/480 1176/1183/474
f 1183/1126/388 1196/1139/261 1198/1382/695 1185/1126/756
f 1185/1126/756 1198/1382/695 1197/1383/697 1186/1381/757
f 1186/1381/757 1197/1383/697 1195/1191/469 1184/1187/480
f 947/1207/286 943/1207/285 688/1206/266 951/1206/265
f 1587/1384/758 1519/1384/759 1515/1385/760 1591/1385/761
f 1237/1386/762 1236/1387/763 1269/1387/1 1270/1386/1
f 1591/1388/761 1515/1388/760 1511/1389/764 1595/1389/765
f 1238/1390/766 1237/1386/762 1270/1386/1 1271/1390/1
f 1595/1389/765 1511/1389/764 1507/1391/767 1599/1391/768
f 1239/1392/769 1238/1390/766 1271/1390/1 1272/1392/1
f 1599/1391/768 1507/1391/767 1503/1393/770 1603/1393/771
f 1240/1394/772 1239/1392/769 1272/1392/1 1273/1394/1
f 1603/1395/771 1503/1395/770 1499/1396/308 1607/1396/773
f 1241/1397/774 1240/1394/772 1273/1394/1 1274/1397/1
f 1607/1396/773 1499/1396/308 1495/1398/775 1611/1398/776
f 1242/1399/777 1241/1397/774 1274/1397/1 1275/1399/1
f 1611/1400/776 1495/1400/775 1491/1401/778 1615/1401/779
f 1243/1402/780 1242/1399/777 1275/1399/1 1276/1402/1
f 1244/1403/781 1243/1402/780 1276/1402/1 1277/1403/1
f 1615/1404/779 1491/1404/778 1487/1405/782 1619/1405/783
f 1245/1406/784 1244/1403/781 1277/1403/1 1278/1406/1
f 1619/1405/783 1487/1405/782 1483/1407/222 1623/1407/785
f 1246/1408/786 1245/1406/784 1278/1406/1 1279/1408/1
f 1623/1409/785 1483/1409/222 1479/1410/787 1627/1410/788
f 1247/1411/789 1246/1408/786 1279/1408/1 1280/1411/1
f 1627/1410/788 1479/1410/787 1475/1412/230 1631/1412/790
f 1248/1413/791 1247/1411/789 1280/1411/1 1281/1413/1
f 1631/1412/790 1475/1412/230 1471/1414/792 1635/1414/793
f 1249/1415/794 1248/1413/791 1281/1413/1 1282/1415/1
f 1635/1416/793 1471/1416/792 1467/1417/795 1639/1417/796
f 1250/1418/797 1249/1415/794 1282/1415/1 1283/1418/1
f 1639/1417/796 1467/1417/795 1463/1419/241 1643/1419/798
f 1251/1420/799 1250/1418/797 1283/1418/1 1284/1420/1
f 1643/1421/798 1463/1421/241 1459/1422/800 1647/1422/244
f 1647/1423/244 1459/1423/800 1455/1424/247 1651/1424/801
f 1252/1425/802 1251/1420/799 1284/1420/1 1285/1425/1
f 1651/1424/801 1455/1424/247 1451/1426/250 1655/1426/803
f 1253/1427/804 1252/1425/802 1285/1425/1 1286/1427/1
f 1655/1428/803 1451/1428/250 1447/1429/253 1659/1429/805
f 1254/1430/168 1253/1427/804 1286/1427/1 1287/1430/1
f 1228/994/212 1229/995/213 1432/995/315 1436/994/316
f 1255/1431/806 1254/1430/168 1287/1430/1 1288/1431/1
f 1659/1429/805 1447/1429/253 1443/1432/256 1663/1432/807
f 1555/1433/808 1551/1433/809 1547/1434/266 1559/1434/810
f 1256/1435/811 1255/1431/806 1288/1431/1 1289/1435/1
f 1663/1432/807 1443/1432/256 1439/1436/263 1667/1436/812
f 1559/1437/810 1547/1437/266 1543/1438/813 1563/1438/814
f 1257/1439/815 1256/1435/811 1289/1435/1 1290/1439/1
f 1667/1440/812 1439/1440/263 1435/1441/270 1671/1441/816
f 1563/1438/814 1543/1438/813 1539/1442/817 1567/1442/818
f 1231/1443/819 1262/1444/820 1263/1444/1 1264/1443/1
f 1258/1445/821 1257/1439/815 1290/1439/1 1291/1445/1
f 1671/1441/816 1435/1441/270 1431/1446/822 1675/1446/823
f 1567/1442/818 1539/1442/817 1535/1447/824 1571/1447/825
f 1232/1448/826 1231/1443/819 1264/1443/1 1265/1448/1
f 1259/1449/827 1258/1445/821 1291/1445/1 1292/1449/1
f 1230/952/183 1199/953/184 1552/953/345 1427/952/314
f 1571/1450/825 1535/1450/824 1531/1451/828 1575/1451/829
f 1233/1452/830 1232/1448/826 1265/1448/1 1266/1452/1
f 1260/1453/831 1259/1449/827 1292/1449/1 1293/1453/1
f 1575/1451/829 1531/1451/828 1527/1454/832 1579/1454/833
f 1234/1455/834 1233/1452/830 1266/1452/1 1267/1455/1
f 1261/1456/835 1260/1453/831 1293/1453/1 1294/1456/1
f 1579/1457/833 1527/1457/832 1523/1458/290 1583/1458/291
f 1235/1459/836 1234/1455/834 1267/1455/1 1268/1459/1
f 1262/1460/820 1261/1456/835 1294/1456/1 1263/1460/1
f 1583/1461/291 1523/1461/290 1519/1384/759 1587/1384/758
f 1236/1387/763 1235/1459/836 1268/1459/1 1269/1387/1
f 525/104/164 1261/1456/835 1262/1460/820 463/106/133
f 523/70/163 1260/1453/831 1261/1456/835 525/104/164
f 521/68/162 1259/1449/827 1260/1453/831 523/70/163
f 519/11/161 1258/1445/821 1259/1449/827 521/68/162
f 517/65/160 1257/1439/815 1258/1445/821 519/11/161
f 515/63/159 1256/1435/811 1257/1439/815 517/65/160
f 513/61/158 1255/1431/806 1256/1435/811 515/63/159
f 511/59/157 1254/1430/168 1255/1431/806 513/61/158
f 509/57/156 1253/1427/804 1254/1430/168 511/59/157
f 507/55/155 1252/1425/802 1253/1427/804 509/57/156
f 505/53/154 1251/1420/799 1252/1425/802 507/55/155
f 503/6/153 1250/1418/797 1251/1420/799 505/53/154
f 501/51/152 1249/1415/794 1250/1418/797 503/6/153
f 499/49/151 1248/1413/791 1249/1415/794 501/51/152
f 497/47/150 1247/1411/789 1248/1413/791 499/49/151
f 495/45/149 1246/1408/786 1247/1411/789 497/47/150
f 493/43/148 1245/1406/784 1246/1408/786 495/45/149
f 491/41/147 1244/1403/781 1245/1406/784 493/43/148
f 489/39/146 1243/1402/780 1244/1403/781 491/41/147
f 487/5/145 1242/1399/777 1243/1402/780 489/39/146
f 485/37/144 1241/1397/774 1242/1399/777 487/5/145
f 483/35/143 1240/1394/772 1241/1397/774 485/37/144
f 481/33/142 1239/1392/769 1240/1394/772 483/35/143
f 479/31/141 1238/1390/766 1239/1392/769 481/33/142
f 477/29/140 1237/1386/762 1238/1390/766 479/31/141
f 475/27/139 1236/1387/763 1237/1386/762 477/29/140
f 473/25/138 1235/1459/836 1236/1387/763 475/27/139
f 471/13/137 1234/1455/834 1235/1459/836 473/25/138
f 469/22/136 1233/1452/830 1234/1455/834 471/13/137
f 467/20/135 1232/1448/826 1233/1452/830 469/22/136
f 465/18/134 1231/1443/819 1232/1448/826 467/20/135
f 463/15/133 1262/1444/820 1231/1443/819 465/18/134
f 1229/995/213 1230/996/183 1427/996/314 1432/995/315
f 1227/993/211 1228/994/212 1436/994/316 1440/993/317
f 1226/992/210 1227/993/211 1440/993/317 1444/992/318
f 1225/991/209 1226/992/210 1444/1462/318 1448/991/319
f 1224/990/208 1225/991/209 1448/991/319 1452/990/320
f 1223/989/207 1224/990/208 1452/990/320 1456/989/321
f 1222/988/181 1223/989/207 1456/989/321 1460/988/322
f 1221/987/206 1222/988/181 1460/988/322 1464/987/323
f 1220/986/205 1221/987/206 1464/987/323 1468/986/324
f 1219/985/204 1220/986/205 1468/986/324 1472/985/325
f 1218/983/203 1219/985/204 1472/985/325 1476/983/326
f 1217/981/202 1218/983/203 1476/1463/326 1480/981/327
f 1216/979/201 1217/981/202 1480/981/327 1484/979/328
f 1215/977/200 1216/979/201 1484/979/328 1488/977/329
f 1214/975/199 1215/977/200 1488/977/329 1492/975/330
f 1213/973/198 1214/975/199 1492/975/330 1496/973/331
f 1212/971/197 1213/973/198 1496/973/331 1500/971/332
f 1211/969/196 1212/971/197 1500/971/332 1504/969/333
f 1210/967/195 1211/969/196 1504/969/333 1508/967/334
f 1209/965/194 1210/967/195 1508/1464/334 1512/965/335
f 1208/963/193 1209/965/194 1512/965/335 1516/963/336
f 1207/961/192 1208/963/193 1516/963/336 1520/961/337
f 1206/960/191 1207/961/192 1520/961/337 1524/960/338
f 1205/959/190 1206/960/191 1524/960/338 1528/959/339
f 1204/958/189 1205/959/190 1528/959/339 1532/958/340
f 1203/957/188 1204/958/189 1532/958/340 1536/957/341
f 1202/956/187 1203/957/188 1536/957/341 1540/956/342
f 1201/955/186 1202/956/187 1540/1465/342 1544/955/343
f 1200/954/185 1201/955/186 1544/955/343 1548/954/344
f 1199/953/184 1200/954/185 1548/954/344 1552/953/345
f 1265/1448/1 1264/1443/1 1683/1443/837 1687/1466/838
f 1675/1446/823 1431/1446/822 1428/1467/839 1424/1467/840
f 1716/1468/841 1379/1469/842 1375/1470/843 1720/1471/844
f 1271/1390/1 1270/1386/1 1707/1386/845 1711/1390/846
f 1712/1472/847 1383/1473/848 1379/1474/842 1716/1475/841
f 1272/1392/1 1271/1390/1 1711/1390/846 1715/1476/849
f 1708/1477/850 1387/1478/851 1383/1479/848 1712/1472/847
f 1273/1394/1 1272/1392/1 1715/1392/849 1719/1394/852
f 1704/1480/853 1391/1481/854 1387/1482/851 1708/1477/850
f 1274/1397/1 1273/1394/1 1719/1394/852 1723/1397/855
f 1700/1483/856 1395/1484/857 1391/1485/854 1704/1480/853
f 1275/1399/1 1274/1397/1 1723/1397/855 1727/1399/858
f 1696/1486/859 1399/1487/860 1395/1488/857 1700/1489/856
f 1263/1460/1 1294/1456/1 1803/1456/861 1420/1460/862
f 1276/1402/1 1275/1399/1 1727/1399/858 1731/1490/863
f 1692/1491/864 1403/1492/865 1399/1493/860 1696/1494/859
f 1796/1495/866 1299/1496/867 1295/1497/868 1800/1498/869
f 1277/1403/1 1276/1402/1 1731/1402/863 1735/1403/870
f 1688/1499/871 1407/1500/872 1403/1501/865 1692/1491/864
f 1672/1502/873 1676/1503/874 1679/1504/315 1296/1502/316
f 1278/1406/1 1277/1403/1 1735/1403/870 1739/1505/875
f 1684/1506/876 1411/1507/877 1407/1508/872 1688/1509/871
f 1788/1510/878 1307/1511/879 1303/1512/880 1792/1513/881
f 1279/1408/1 1278/1406/1 1739/1406/875 1743/1408/882
f 1419/1514/883 1415/1515/884 1411/1516/877 1684/1506/876
f 1784/1517/885 1311/1518/886 1307/1519/879 1788/1510/878
f 1280/1411/1 1279/1408/1 1743/1408/882 1747/1520/887
f 1804/1521/888 1680/1522/889 1415/1523/884 1419/1524/883
f 1780/1525/890 1315/1526/891 1311/1527/886 1784/1517/885
f 1281/1413/1 1280/1411/1 1747/1411/887 1751/1413/892
f 1776/1528/893 1319/1529/800 1315/1530/891 1780/1531/890
f 1282/1415/1 1281/1413/1 1751/1413/892 1755/1415/894
f 1644/1532/895 1648/1533/896 1320/1533/322 1324/1532/323
f 1283/1418/1 1282/1415/1 1755/1415/894 1759/1418/897
f 1423/1534/898 1556/1535/899 1412/1536/345 1416/1534/314
f 1556/1536/899 1560/1537/900 1408/1538/344 1412/1535/345
f 1560/1538/900 1564/1539/901 1404/1539/343 1408/1540/344
f 1564/1539/901 1568/1541/902 1400/1541/342 1404/1539/343
f 1568/1541/902 1572/1542/903 1396/1542/341 1400/1541/342
f 1572/1542/903 1576/1543/904 1392/1543/340 1396/1542/341
f 1576/1543/904 1580/1544/905 1388/1545/339 1392/1543/340
f 1580/1545/905 1584/1546/906 1384/1546/338 1388/1547/339
f 1584/1546/906 1588/1548/907 1380/1548/337 1384/1546/338
f 1588/1548/907 1592/1549/908 1376/1550/336 1380/1548/337
f 1592/1550/908 1596/1551/909 1372/1551/335 1376/1550/336
f 1720/1471/844 1375/1552/843 1371/1553/910 1724/1554/911
f 1596/1551/909 1600/1555/912 1368/1555/334 1372/1551/335
f 1600/1555/912 1604/1556/913 1364/1557/333 1368/1555/334
f 1604/1556/913 1608/1558/914 1360/1558/332 1364/1557/333
f 1608/1558/914 1612/1559/915 1356/1560/331 1360/1558/332
f 1612/1560/915 1616/1561/916 1352/1561/330 1356/1560/331
f 1616/1561/916 1620/1562/917 1348/1562/329 1352/1561/330
f 1620/1562/917 1624/1563/918 1344/1564/328 1348/1562/329
f 1624/1564/918 1628/1565/919 1340/1565/327 1344/1564/328
f 1628/1565/919 1632/1566/920 1336/1566/326 1340/1565/327
f 1632/1566/920 1636/1567/921 1332/1567/325 1336/1566/326
f 1636/1567/921 1640/1568/922 1328/1568/324 1332/1567/325
f 1640/1568/922 1644/1569/895 1324/1532/323 1328/1568/324
f 1648/1533/896 1652/1570/923 1316/1570/321 1320/1533/322
f 1652/1570/923 1656/1571/924 1312/1572/320 1316/1570/321
f 1656/1572/924 1660/1573/925 1308/1573/319 1312/1572/320
f 1660/1574/925 1664/1575/926 1304/1575/318 1308/1573/319
f 1664/1575/926 1668/1576/927 1300/1576/317 1304/1575/318
f 1792/1577/881 1303/1578/880 1299/1579/867 1796/1580/866
f 1668/1576/927 1672/1581/873 1296/1502/316 1300/1576/317
f 1676/1504/874 1423/1582/898 1416/1582/314 1679/1504/315
f 1270/1386/1 1269/1387/1 1703/1387/928 1707/1583/845
f 1264/1443/1 1263/1444/1 1420/1444/862 1683/1584/837
f 1724/1554/911 1371/1585/910 1367/1586/929 1728/1587/930
f 1269/1387/1 1268/1459/1 1699/1459/931 1703/1387/928
f 1728/1588/930 1367/1589/929 1363/1590/932 1732/1591/933
f 1268/1459/1 1267/1455/1 1695/1455/934 1699/1459/931
f 1294/1456/1 1293/1453/1 1799/1453/935 1803/1592/861
f 1732/1593/933 1363/1594/932 1359/1595/936 1736/1596/937
f 1267/1455/1 1266/1452/1 1691/1452/938 1695/1455/934
f 1293/1453/1 1292/1449/1 1795/1449/939 1799/1453/935
f 1736/1596/937 1359/1597/936 1355/1598/940 1740/1599/941
f 1266/1452/1 1265/1448/1 1687/1448/838 1691/1452/938
f 1292/1449/1 1291/1445/1 1791/1445/942 1795/1449/939
f 1740/1599/941 1355/1600/940 1351/1601/943 1744/1602/944
f 1424/1603/840 1428/1604/839 1551/1433/809 1555/1433/808
f 1291/1445/1 1290/1439/1 1787/1439/945 1791/1445/942
f 1744/1602/944 1351/1605/943 1347/1606/946 1748/1607/947
f 1290/1439/1 1289/1435/1 1783/1435/948 1787/1439/945
f 1748/1608/947 1347/1609/946 1343/1610/949 1752/1611/950
f 1289/1435/1 1288/1431/1 1779/1612/951 1783/1435/948
f 1752/1611/950 1343/1613/949 1339/1614/952 1756/1615/953
f 1288/1431/1 1287/1430/1 1775/1430/954 1779/1616/951
f 1756/1615/953 1339/1617/952 1335/1618/955 1760/1619/956
f 1287/1430/1 1286/1427/1 1771/1427/957 1775/1430/954
f 1760/1620/956 1335/1621/955 1331/1622/958 1764/1623/959
f 1286/1427/1 1285/1425/1 1767/1425/960 1771/1624/957
f 1764/1625/959 1331/1626/958 1327/1627/961 1768/1628/962
f 1285/1425/1 1284/1420/1 1763/1420/963 1767/1425/960
f 1768/1628/962 1327/1629/961 1323/1630/964 1772/1631/965
f 1284/1420/1 1283/1418/1 1759/1418/897 1763/1420/963
f 1772/1631/965 1323/1632/964 1319/1633/800 1776/1528/893
f 1296/1502/316 1679/1504/315 1681/1504/562 1298/1502/560
f 1298/1502/560 1681/1504/562 1682/1634/563 1297/1635/561
f 1297/1635/561 1682/1634/563 1680/1636/889 1295/1637/868
f 1300/1576/317 1296/1502/316 1298/1502/560 1302/1576/558
f 1302/1576/558 1298/1502/560 1297/1635/561 1301/1638/559
f 1301/1638/559 1297/1635/561 1295/1497/868 1299/1496/867
f 1304/1575/318 1300/1576/317 1302/1576/558 1306/1575/966
f 1306/1575/966 1302/1576/558 1301/1638/559 1305/1639/967
f 1305/1639/967 1301/1638/559 1299/1579/867 1303/1578/880
f 1308/1573/319 1304/1575/318 1306/1575/966 1310/1573/968
f 1310/1573/968 1306/1575/966 1305/1639/967 1309/1640/969
f 1309/1640/969 1305/1639/967 1303/1512/880 1307/1511/879
f 1312/1572/320 1308/1573/319 1310/1573/968 1314/1572/552
f 1314/1572/552 1310/1573/968 1309/1640/969 1313/1641/970
f 1313/1641/970 1309/1640/969 1307/1519/879 1311/1518/886
f 1316/1570/321 1312/1572/320 1314/1572/552 1318/1570/550
f 1318/1570/550 1314/1572/552 1313/1641/970 1317/1642/971
f 1317/1642/971 1313/1641/970 1311/1527/886 1315/1526/891
f 1320/1533/322 1316/1570/321 1318/1570/550 1322/1533/548
f 1322/1533/548 1318/1570/550 1317/1642/971 1321/1643/549
f 1321/1643/549 1317/1642/971 1315/1530/891 1319/1529/800
f 1324/1532/323 1320/1533/322 1322/1533/548 1326/1532/546
f 1326/1532/546 1322/1533/548 1321/1643/549 1325/1644/972
f 1325/1644/972 1321/1643/549 1319/1633/800 1323/1632/964
f 1328/1568/324 1324/1532/323 1326/1532/546 1330/1568/544
f 1330/1568/544 1326/1532/546 1325/1644/972 1329/1645/973
f 1329/1645/973 1325/1644/972 1323/1630/964 1327/1629/961
f 1332/1567/325 1328/1568/324 1330/1568/544 1334/1567/974
f 1334/1567/974 1330/1568/544 1329/1645/973 1333/1646/975
f 1333/1646/975 1329/1645/973 1327/1627/961 1331/1626/958
f 1336/1566/326 1332/1567/325 1334/1567/974 1338/1566/976
f 1338/1566/976 1334/1567/974 1333/1646/975 1337/1647/977
f 1337/1647/977 1333/1646/975 1331/1622/958 1335/1621/955
f 1340/1565/327 1336/1566/326 1338/1566/976 1342/1565/538
f 1342/1565/538 1338/1566/976 1337/1647/977 1341/1648/539
f 1341/1648/539 1337/1647/977 1335/1618/955 1339/1617/952
f 1344/1564/328 1340/1565/327 1342/1565/538 1346/1564/536
f 1346/1564/536 1342/1565/538 1341/1648/539 1345/1649/537
f 1345/1649/537 1341/1648/539 1339/1614/952 1343/1613/949
f 1348/1562/329 1344/1564/328 1346/1564/536 1350/1562/534
f 1350/1562/534 1346/1564/536 1345/1649/537 1349/1650/535
f 1349/1650/535 1345/1649/537 1343/1610/949 1347/1609/946
f 1352/1561/330 1348/1562/329 1350/1562/534 1354/1561/532
f 1354/1561/532 1350/1562/534 1349/1650/535 1353/1651/533
f 1353/1651/533 1349/1650/535 1347/1606/946 1351/1605/943
f 1356/1560/331 1352/1561/330 1354/1561/532 1358/1560/530
f 1358/1560/530 1354/1561/532 1353/1651/533 1357/1652/531
f 1357/1652/531 1353/1651/533 1351/1601/943 1355/1600/940
f 1360/1558/332 1356/1560/331 1358/1560/530 1362/1558/528
f 1362/1558/528 1358/1560/530 1357/1652/531 1361/1653/978
f 1361/1653/978 1357/1652/531 1355/1598/940 1359/1597/936
f 1364/1557/333 1360/1558/332 1362/1558/528 1366/1557/526
f 1366/1557/526 1362/1558/528 1361/1653/978 1365/1654/979
f 1365/1654/979 1361/1653/978 1359/1595/936 1363/1594/932
f 1368/1555/334 1364/1557/333 1366/1557/526 1370/1555/524
f 1370/1555/524 1366/1557/526 1365/1654/979 1369/1655/525
f 1369/1655/525 1365/1654/979 1363/1590/932 1367/1589/929
f 1372/1551/335 1368/1555/334 1370/1555/524 1374/1551/980
f 1374/1551/980 1370/1555/524 1369/1655/525 1373/1656/981
f 1373/1656/981 1369/1655/525 1367/1586/929 1371/1585/910
f 1376/1550/336 1372/1551/335 1374/1551/980 1378/1550/520
f 1378/1550/520 1374/1551/980 1373/1656/981 1377/1657/982
f 1377/1657/982 1373/1656/981 1371/1553/910 1375/1552/843
f 1380/1548/337 1376/1550/336 1378/1550/520 1382/1548/518
f 1382/1548/518 1378/1550/520 1377/1657/982 1381/1658/983
f 1381/1658/983 1377/1657/982 1375/1470/843 1379/1469/842
f 1384/1546/338 1380/1548/337 1382/1548/518 1386/1546/516
f 1386/1546/516 1382/1548/518 1381/1658/983 1385/1659/984
f 1385/1659/984 1381/1658/983 1379/1474/842 1383/1473/848
f 1388/1547/339 1384/1546/338 1386/1546/516 1390/1545/514
f 1390/1545/514 1386/1546/516 1385/1659/984 1389/1660/985
f 1389/1660/985 1385/1659/984 1383/1479/848 1387/1478/851
f 1392/1543/340 1388/1545/339 1390/1545/514 1394/1543/986
f 1394/1543/986 1390/1545/514 1389/1660/985 1393/1661/987
f 1393/1661/987 1389/1660/985 1387/1482/851 1391/1481/854
f 1396/1542/341 1392/1543/340 1394/1543/986 1398/1542/988
f 1398/1542/988 1394/1543/986 1393/1661/987 1397/1662/511
f 1397/1662/511 1393/1661/987 1391/1485/854 1395/1484/857
f 1400/1541/342 1396/1542/341 1398/1542/988 1402/1541/508
f 1402/1541/508 1398/1542/988 1397/1662/511 1401/1663/989
f 1401/1663/989 1397/1662/511 1395/1488/857 1399/1487/860
f 1404/1539/343 1400/1541/342 1402/1541/508 1406/1539/506
f 1406/1539/506 1402/1541/508 1401/1663/989 1405/1664/507
f 1405/1664/507 1401/1663/989 1399/1493/860 1403/1492/865
f 1408/1540/344 1404/1539/343 1406/1539/506 1410/1538/502
f 1410/1538/502 1406/1539/506 1405/1664/507 1409/1665/504
f 1409/1665/504 1405/1664/507 1403/1501/865 1407/1500/872
f 1412/1535/345 1408/1538/344 1410/1538/502 1414/1536/503
f 1414/1536/503 1410/1538/502 1409/1665/504 1413/1666/505
f 1413/1666/505 1409/1665/504 1407/1508/872 1411/1507/877
f 1416/1534/314 1412/1536/345 1414/1536/503 1418/1534/564
f 1418/1534/564 1414/1536/503 1413/1666/505 1417/1667/565
f 1417/1667/565 1413/1666/505 1411/1516/877 1415/1515/884
f 1432/995/315 1427/996/314 1429/996/564 1434/995/562
f 1434/995/562 1429/996/564 1430/1668/565 1433/1669/563
f 1433/1669/563 1430/1668/565 1428/1467/839 1431/1446/822
f 1436/994/316 1432/995/315 1434/995/562 1438/994/560
f 1438/994/560 1434/995/562 1433/1669/563 1437/1670/561
f 1437/1670/561 1433/1669/563 1431/1446/822 1435/1441/270
f 1440/993/317 1436/994/316 1438/994/560 1442/993/990
f 1442/993/990 1438/994/560 1437/1670/561 1441/1671/559
f 1441/1671/559 1437/1670/561 1435/1441/270 1439/1440/263
f 1444/992/318 1440/993/317 1442/993/990 1446/992/966
f 1446/992/966 1442/993/990 1441/1671/559 1445/1672/557
f 1445/1672/557 1441/1671/559 1439/1436/263 1443/1432/256
f 1448/991/319 1444/1462/318 1446/992/966 1450/991/968
f 1450/991/968 1446/992/966 1445/1672/557 1449/1673/991
f 1449/1673/991 1445/1672/557 1443/1432/256 1447/1429/253
f 1452/990/320 1448/991/319 1450/991/968 1454/990/552
f 1454/990/552 1450/991/968 1449/1673/991 1453/1674/992
f 1453/1674/992 1449/1673/991 1447/1429/253 1451/1428/250
f 1456/989/321 1452/990/320 1454/990/552 1458/1675/550
f 1458/1675/550 1454/990/552 1453/1674/992 1457/1676/993
f 1457/1676/993 1453/1674/992 1451/1426/250 1455/1424/247
f 1460/988/322 1456/989/321 1458/1675/550 1462/988/548
f 1462/988/548 1458/1675/550 1457/1676/993 1461/1677/994
f 1461/1677/994 1457/1676/993 1455/1424/247 1459/1423/800
f 1464/987/323 1460/988/322 1462/988/548 1466/987/546
f 1466/987/546 1462/988/548 1461/1677/994 1465/1678/995
f 1465/1678/995 1461/1677/994 1459/1422/800 1463/1421/241
f 1468/986/324 1464/987/323 1466/987/546 1470/986/544
f 1470/986/544 1466/987/546 1465/1678/995 1469/1679/996
f 1469/1679/996 1465/1678/995 1463/1419/241 1467/1417/795
f 1472/985/325 1468/986/324 1470/986/544 1474/985/974
f 1474/985/974 1470/986/544 1469/1679/996 1473/1680/997
f 1473/1680/997 1469/1679/996 1467/1417/795 1471/1416/792
f 1476/983/326 1472/985/325 1474/985/974 1478/983/976
f 1478/983/976 1474/985/974 1473/1680/997 1477/1681/541
f 1477/1681/541 1473/1680/997 1471/1414/792 1475/1412/230
f 1480/981/327 1476/1463/326 1478/983/976 1482/981/998
f 1482/981/998 1478/983/976 1477/1681/541 1481/1682/539
f 1481/1682/539 1477/1681/541 1475/1412/230 1479/1410/787
f 1484/979/328 1480/981/327 1482/981/998 1486/979/536
f 1486/979/536 1482/981/998 1481/1682/539 1485/1683/537
f 1485/1683/537 1481/1682/539 1479/1410/787 1483/1409/222
f 1488/977/329 1484/979/328 1486/979/536 1490/977/534
f 1490/977/534 1486/979/536 1485/1683/537 1489/1684/535
f 1489/1684/535 1485/1683/537 1483/1407/222 1487/1405/782
f 1492/975/330 1488/977/329 1490/977/534 1494/975/532
f 1494/975/532 1490/977/534 1489/1684/535 1493/1685/533
f 1493/1685/533 1489/1684/535 1487/1405/782 1491/1404/778
f 1496/973/331 1492/975/330 1494/975/532 1498/973/530
f 1498/973/530 1494/975/532 1493/1685/533 1497/1686/531
f 1497/1686/531 1493/1685/533 1491/1401/778 1495/1400/775
f 1500/971/332 1496/973/331 1498/973/530 1502/971/528
f 1502/971/528 1498/973/530 1497/1686/531 1501/1687/529
f 1501/1687/529 1497/1686/531 1495/1398/775 1499/1396/308
f 1504/969/333 1500/971/332 1502/971/528 1506/969/526
f 1506/969/526 1502/971/528 1501/1687/529 1505/1688/527
f 1505/1688/527 1501/1687/529 1499/1396/308 1503/1395/770
f 1508/967/334 1504/969/333 1506/969/526 1510/967/524
f 1510/967/524 1506/969/526 1505/1688/527 1509/1689/525
f 1509/1689/525 1505/1688/527 1503/1393/770 1507/1391/767
f 1512/965/335 1508/1464/334 1510/967/524 1514/965/522
f 1514/965/522 1510/967/524 1509/1689/525 1513/1690/981
f 1513/1690/981 1509/1689/525 1507/1391/767 1511/1389/764
f 1516/963/336 1512/965/335 1514/965/522 1518/963/999
f 1518/963/999 1514/965/522 1513/1690/981 1517/1691/1000
f 1517/1691/1000 1513/1690/981 1511/1389/764 1515/1388/760
f 1520/961/337 1516/963/336 1518/963/999 1522/961/518
f 1522/961/518 1518/963/999 1517/1691/1000 1521/1692/1001
f 1521/1692/1001 1517/1691/1000 1515/1385/760 1519/1384/759
f 1524/960/338 1520/961/337 1522/961/518 1526/960/1002
f 1526/960/1002 1522/961/518 1521/1692/1001 1525/1693/1003
f 1525/1693/1003 1521/1692/1001 1519/1384/759 1523/1461/290
f 1528/959/339 1524/960/338 1526/960/1002 1530/959/514
f 1530/959/514 1526/960/1002 1525/1693/1003 1529/1694/1004
f 1529/1694/1004 1525/1693/1003 1523/1458/290 1527/1457/832
f 1532/958/340 1528/959/339 1530/959/514 1534/958/512
f 1534/958/512 1530/959/514 1529/1694/1004 1533/1695/1005
f 1533/1695/1005 1529/1694/1004 1527/1454/832 1531/1451/828
f 1536/957/341 1532/958/340 1534/958/512 1538/957/510
f 1538/957/510 1534/958/512 1533/1695/1005 1537/1696/511
f 1537/1696/511 1533/1695/1005 1531/1451/828 1535/1450/824
f 1540/956/342 1536/957/341 1538/957/510 1542/956/508
f 1542/956/508 1538/957/510 1537/1696/511 1541/1697/509
f 1541/1697/509 1537/1696/511 1535/1447/824 1539/1442/817
f 1544/955/343 1540/1465/342 1542/956/508 1546/955/1006
f 1546/955/1006 1542/956/508 1541/1697/509 1545/1698/507
f 1545/1698/507 1541/1697/509 1539/1442/817 1543/1438/813
f 1548/954/344 1544/955/343 1546/955/1006 1550/954/502
f 1550/954/502 1546/955/1006 1545/1698/507 1549/1699/1007
f 1549/1699/1007 1545/1698/507 1543/1438/813 1547/1437/266
f 1552/953/345 1548/954/344 1550/954/502 1554/953/503
f 1554/953/503 1550/954/502 1549/1699/1007 1553/1700/505
f 1553/1700/505 1549/1699/1007 1547/1434/266 1551/1433/809
f 1427/952/314 1552/953/345 1554/953/503 1429/952/564
f 1429/952/564 1554/953/503 1553/1700/505 1430/1701/565
f 1430/1701/565 1553/1700/505 1551/1433/809 1428/1604/839
f 1424/1603/840 1555/1433/808 1557/1702/1008 1426/1703/1009
f 1426/1703/1009 1557/1702/1008 1558/1704/1010 1425/1534/1011
f 1425/1534/1011 1558/1704/1010 1556/1535/899 1423/1534/898
f 1555/1433/808 1559/1434/810 1561/1705/1012 1557/1702/1008
f 1557/1702/1008 1561/1705/1012 1562/1538/1013 1558/1704/1010
f 1558/1704/1010 1562/1538/1013 1560/1537/900 1556/1536/899
f 1559/1437/810 1563/1438/814 1565/1706/1014 1561/1705/1012
f 1561/1705/1012 1565/1706/1014 1566/1539/1015 1562/1538/1013
f 1562/1538/1013 1566/1539/1015 1564/1539/901 1560/1538/900
f 1563/1438/814 1567/1442/818 1569/1707/1016 1565/1706/1014
f 1565/1706/1014 1569/1707/1016 1570/1541/1017 1566/1539/1015
f 1566/1539/1015 1570/1541/1017 1568/1541/902 1564/1539/901
f 1567/1442/818 1571/1447/825 1573/1708/1018 1569/1707/1016
f 1569/1707/1016 1573/1708/1018 1574/1542/1019 1570/1541/1017
f 1570/1541/1017 1574/1542/1019 1572/1542/903 1568/1541/902
f 1571/1450/825 1575/1451/829 1577/1709/1020 1573/1708/1018
f 1573/1708/1018 1577/1709/1020 1578/1543/1021 1574/1542/1019
f 1574/1542/1019 1578/1543/1021 1576/1543/904 1572/1542/903
f 1575/1451/829 1579/1454/833 1581/1710/1022 1577/1709/1020
f 1577/1709/1020 1581/1710/1022 1582/1545/1023 1578/1543/1021
f 1578/1543/1021 1582/1545/1023 1580/1544/905 1576/1543/904
f 1579/1457/833 1583/1458/291 1585/1711/1024 1581/1710/1022
f 1581/1710/1022 1585/1711/1024 1586/1546/1025 1582/1545/1023
f 1582/1545/1023 1586/1546/1025 1584/1546/906 1580/1545/905
f 1583/1461/291 1587/1384/758 1589/1712/1026 1585/1711/1024
f 1585/1711/1024 1589/1712/1026 1590/1548/1027 1586/1546/1025
f 1586/1546/1025 1590/1548/1027 1588/1548/907 1584/1546/906
f 1587/1384/758 1591/1385/761 1593/1713/1028 1589/1712/1026
f 1589/1712/1026 1593/1713/1028 1594/1550/1029 1590/1548/1027
f 1590/1548/1027 1594/1550/1029 1592/1549/908 1588/1548/907
f 1591/1388/761 1595/1389/765 1597/1714/1030 1593/1713/1028
f 1593/1713/1028 1597/1714/1030 1598/1551/1031 1594/1550/1029
f 1594/1550/1029 1598/1551/1031 1596/1551/909 1592/1550/908
f 1595/1389/765 1599/1391/768 1601/1715/1032 1597/1714/1030
f 1597/1714/1030 1601/1715/1032 1602/1555/1033 1598/1551/1031
f 1598/1551/1031 1602/1555/1033 1600/1555/912 1596/1551/909
f 1599/1391/768 1603/1393/771 1605/1716/1034 1601/1715/1032
f 1601/1715/1032 1605/1716/1034 1606/1557/1035 1602/1555/1033
f 1602/1555/1033 1606/1557/1035 1604/1556/913 1600/1555/912
f 1603/1395/771 1607/1396/773 1609/1717/1036 1605/1716/1034
f 1605/1716/1034 1609/1717/1036 1610/1558/1037 1606/1557/1035
f 1606/1557/1035 1610/1558/1037 1608/1558/914 1604/1556/913
f 1607/1396/773 1611/1398/776 1613/1718/1038 1609/1717/1036
f 1609/1717/1036 1613/1718/1038 1614/1560/1039 1610/1558/1037
f 1610/1558/1037 1614/1560/1039 1612/1559/915 1608/1558/914
f 1611/1400/776 1615/1401/779 1617/1719/1040 1613/1718/1038
f 1613/1718/1038 1617/1719/1040 1618/1561/1041 1614/1560/1039
f 1614/1560/1039 1618/1561/1041 1616/1561/916 1612/1560/915
f 1615/1404/779 1619/1405/783 1621/1720/1042 1617/1719/1040
f 1617/1719/1040 1621/1720/1042 1622/1562/1043 1618/1561/1041
f 1618/1561/1041 1622/1562/1043 1620/1562/917 1616/1561/916
f 1619/1405/783 1623/1407/785 1625/1721/1044 1621/1720/1042
f 1621/1720/1042 1625/1721/1044 1626/1564/1045 1622/1562/1043
f 1622/1562/1043 1626/1564/1045 1624/1563/918 1620/1562/917
f 1623/1409/785 1627/1410/788 1629/1722/1046 1625/1721/1044
f 1625/1721/1044 1629/1722/1046 1630/1565/1047 1626/1564/1045
f 1626/1564/1045 1630/1565/1047 1628/1565/919 1624/1564/918
f 1627/1410/788 1631/1412/790 1633/1723/1048 1629/1722/1046
f 1629/1722/1046 1633/1723/1048 1634/1566/1049 1630/1565/1047
f 1630/1565/1047 1634/1566/1049 1632/1566/920 1628/1565/919
f 1631/1412/790 1635/1414/793 1637/1724/1050 1633/1723/1048
f 1633/1723/1048 1637/1724/1050 1638/1567/1051 1634/1566/1049
f 1634/1566/1049 1638/1567/1051 1636/1567/921 1632/1566/920
f 1635/1416/793 1639/1417/796 1641/1725/1052 1637/1724/1050
f 1637/1724/1050 1641/1725/1052 1642/1568/1053 1638/1567/1051
f 1638/1567/1051 1642/1568/1053 1640/1568/922 1636/1567/921
f 1639/1417/796 1643/1419/798 1645/1726/1054 1641/1725/1052
f 1641/1725/1052 1645/1726/1054 1646/1532/1055 1642/1568/1053
f 1642/1568/1053 1646/1532/1055 1644/1569/895 1640/1568/922
f 1643/1421/798 1647/1422/244 1649/1727/1056 1645/1726/1054
f 1645/1726/1054 1649/1727/1056 1650/1533/1057 1646/1532/1055
f 1646/1532/1055 1650/1533/1057 1648/1533/896 1644/1532/895
f 1647/1423/244 1651/1424/801 1653/1728/1058 1649/1727/1056
f 1649/1727/1056 1653/1728/1058 1654/1570/1059 1650/1533/1057
f 1650/1533/1057 1654/1570/1059 1652/1570/923 1648/1533/896
f 1651/1424/801 1655/1426/803 1657/1729/1060 1653/1728/1058
f 1653/1728/1058 1657/1729/1060 1658/1572/1061 1654/1570/1059
f 1654/1570/1059 1658/1572/1061 1656/1571/924 1652/1570/923
f 1655/1428/803 1659/1429/805 1661/1730/1062 1657/1729/1060
f 1657/1729/1060 1661/1730/1062 1662/1573/1063 1658/1572/1061
f 1658/1572/1061 1662/1573/1063 1660/1573/925 1656/1572/924
f 1659/1429/805 1663/1432/807 1665/1731/1064 1661/1730/1062
f 1661/1730/1062 1665/1731/1064 1666/1575/1065 1662/1573/1063
f 1662/1573/1063 1666/1575/1065 1664/1575/926 1660/1574/925
f 1663/1432/807 1667/1436/812 1669/1732/1066 1665/1731/1064
f 1665/1731/1064 1669/1732/1066 1670/1576/1067 1666/1575/1065
f 1666/1575/1065 1670/1576/1067 1668/1576/927 1664/1575/926
f 1667/1440/812 1671/1441/816 1673/1733/1068 1669/1732/1066
f 1669/1732/1066 1673/1733/1068 1674/1502/1069 1670/1576/1067
f 1670/1576/1067 1674/1502/1069 1672/1581/873 1668/1576/927
f 1671/1441/816 1675/1446/823 1677/1734/1070 1673/1733/1068
f 1673/1733/1068 1677/1734/1070 1678/1504/1071 1674/1502/1069
f 1674/1502/1069 1678/1504/1071 1676/1503/874 1672/1502/873
f 1675/1446/823 1424/1467/840 1426/1735/1009 1677/1734/1070
f 1677/1734/1070 1426/1735/1009 1425/1582/1011 1678/1504/1071
f 1678/1504/1071 1425/1582/1011 1423/1582/898 1676/1504/874
f 1679/1504/315 1416/1582/314 1418/1582/564 1681/1504/562
f 1681/1504/562 1418/1582/564 1417/1736/565 1682/1634/563
f 1682/1634/563 1417/1736/565 1415/1523/884 1680/1522/889
f 1804/1521/888 1419/1524/883 1421/1737/1072 1806/1738/1073
f 1806/1738/1073 1421/1737/1072 1422/1460/1074 1805/1456/1075
f 1805/1456/1075 1422/1460/1074 1420/1460/862 1803/1456/861
f 1800/1498/869 1804/1521/888 1806/1738/1073 1802/1739/1076
f 1802/1739/1076 1806/1738/1073 1805/1456/1075 1801/1453/1077
f 1801/1453/1077 1805/1456/1075 1803/1592/861 1799/1453/935
f 1796/1495/866 1800/1498/869 1802/1739/1076 1798/1740/1078
f 1798/1740/1078 1802/1739/1076 1801/1453/1077 1797/1449/1079
f 1797/1449/1079 1801/1453/1077 1799/1453/935 1795/1449/939
f 1792/1577/881 1796/1580/866 1798/1740/1078 1794/1741/1080
f 1794/1741/1080 1798/1740/1078 1797/1449/1079 1793/1445/1081
f 1793/1445/1081 1797/1449/1079 1795/1449/939 1791/1445/942
f 1788/1510/878 1792/1513/881 1794/1741/1080 1790/1742/1082
f 1790/1742/1082 1794/1741/1080 1793/1445/1081 1789/1439/1083
f 1789/1439/1083 1793/1445/1081 1791/1445/942 1787/1439/945
f 1784/1517/885 1788/1510/878 1790/1742/1082 1786/1743/1084
f 1786/1743/1084 1790/1742/1082 1789/1439/1083 1785/1435/1085
f 1785/1435/1085 1789/1439/1083 1787/1439/945 1783/1435/948
f 1780/1525/890 1784/1517/885 1786/1743/1084 1782/1744/1086
f 1782/1744/1086 1786/1743/1084 1785/1435/1085 1781/1431/1087
f 1781/1431/1087 1785/1435/1085 1783/1435/948 1779/1612/951
f 1776/1528/893 1780/1531/890 1782/1744/1086 1778/1745/1088
f 1778/1745/1088 1782/1744/1086 1781/1431/1087 1777/1430/1089
f 1777/1430/1089 1781/1431/1087 1779/1616/951 1775/1430/954
f 1772/1631/965 1776/1528/893 1778/1745/1088 1774/1746/1090
f 1774/1746/1090 1778/1745/1088 1777/1430/1089 1773/1427/1091
f 1773/1427/1091 1777/1430/1089 1775/1430/954 1771/1427/957
f 1768/1628/962 1772/1631/965 1774/1746/1090 1770/1747/1092
f 1770/1747/1092 1774/1746/1090 1773/1427/1091 1769/1425/1093
f 1769/1425/1093 1773/1427/1091 1771/1624/957 1767/1425/960
f 1764/1625/959 1768/1628/962 1770/1747/1092 1766/1748/1094
f 1766/1748/1094 1770/1747/1092 1769/1425/1093 1765/1420/1095
f 1765/1420/1095 1769/1425/1093 1767/1425/960 1763/1420/963
f 1760/1620/956 1764/1623/959 1766/1748/1094 1762/1749/1096
f 1762/1749/1096 1766/1748/1094 1765/1420/1095 1761/1418/1097
f 1761/1418/1097 1765/1420/1095 1763/1420/963 1759/1418/897
f 1756/1615/953 1760/1619/956 1762/1749/1096 1758/1750/1098
f 1758/1750/1098 1762/1749/1096 1761/1418/1097 1757/1415/1099
f 1757/1415/1099 1761/1418/1097 1759/1418/897 1755/1415/894
f 1752/1611/950 1756/1615/953 1758/1750/1098 1754/1751/1100
f 1754/1751/1100 1758/1750/1098 1757/1415/1099 1753/1413/1101
f 1753/1413/1101 1757/1415/1099 1755/1415/894 1751/1413/892
f 1748/1608/947 1752/1611/950 1754/1751/1100 1750/1752/1102
f 1750/1752/1102 1754/1751/1100 1753/1413/1101 1749/1411/1103
f 1749/1411/1103 1753/1413/1101 1751/1413/892 1747/1411/887
f 1744/1602/944 1748/1607/947 1750/1752/1102 1746/1753/1104
f 1746/1753/1104 1750/1752/1102 1749/1411/1103 1745/1408/1105
f 1745/1408/1105 1749/1411/1103 1747/1520/887 1743/1408/882
f 1740/1599/941 1744/1602/944 1746/1753/1104 1742/1754/1106
f 1742/1754/1106 1746/1753/1104 1745/1408/1105 1741/1406/1107
f 1741/1406/1107 1745/1408/1105 1743/1408/882 1739/1406/875
f 1736/1596/937 1740/1599/941 1742/1754/1106 1738/1755/1108
f 1738/1755/1108 1742/1754/1106 1741/1406/1107 1737/1403/1109
f 1737/1403/1109 1741/1406/1107 1739/1505/875 1735/1403/870
f 1732/1593/933 1736/1596/937 1738/1755/1108 1734/1756/1110
f 1734/1756/1110 1738/1755/1108 1737/1403/1109 1733/1402/1111
f 1733/1402/1111 1737/1403/1109 1735/1403/870 1731/1402/863
f 1728/1588/930 1732/1591/933 1734/1756/1110 1730/1757/1112
f 1730/1757/1112 1734/1756/1110 1733/1402/1111 1729/1399/1113
f 1729/1399/1113 1733/1402/1111 1731/1490/863 1727/1399/858
f 1724/1554/911 1728/1587/930 1730/1757/1112 1726/1758/1114
f 1726/1758/1114 1730/1757/1112 1729/1399/1113 1725/1397/1115
f 1725/1397/1115 1729/1399/1113 1727/1399/858 1723/1397/855
f 1720/1471/844 1724/1554/911 1726/1758/1114 1722/1759/1116
f 1722/1759/1116 1726/1758/1114 1725/1397/1115 1721/1394/1117
f 1721/1394/1117 1725/1397/1115 1723/1397/855 1719/1394/852
f 1716/1468/841 1720/1471/844 1722/1759/1116 1718/1760/1118
f 1718/1760/1118 1722/1759/1116 1721/1394/1117 1717/1392/1119
f 1717/1392/1119 1721/1394/1117 1719/1394/852 1715/1392/849
f 1712/1472/847 1716/1475/841 1718/1760/1118 1714/1761/1120
f 1714/1761/1120 1718/1760/1118 1717/1392/1119 1713/1390/1121
f 1713/1390/1121 1717/1392/1119 1715/1476/849 1711/1390/846
f 1708/1477/850 1712/1472/847 1714/1761/1120 1710/1762/1122
f 1710/1762/1122 1714/1761/1120 1713/1390/1121 1709/1386/1123
f 1709/1386/1123 1713/1390/1121 1711/1390/846 1707/1386/845
f 1704/1480/853 1708/1477/850 1710/1762/1122 1706/1763/1124
f 1706/1763/1124 1710/1762/1122 1709/1386/1123 1705/1387/1125
f 1705/1387/1125 1709/1386/1123 1707/1583/845 1703/1387/928
f 1700/1483/856 1704/1480/853 1706/1763/1124 1702/1764/1126
f 1702/1764/1126 1706/1763/1124 1705/1387/1125 1701/1459/1127
f 1701/1459/1127 1705/1387/1125 1703/1387/928 1699/1459/931
f 1696/1486/859 1700/1489/856 1702/1764/1126 1698/1765/1128
f 1698/1765/1128 1702/1764/1126 1701/1459/1127 1697/1455/1129
f 1697/1455/1129 1701/1459/1127 1699/1459/931 1695/1455/934
f 1692/1491/864 1696/1494/859 1698/1765/1128 1694/1766/1130
f 1694/1766/1130 1698/1765/1128 1697/1455/1129 1693/1452/1131
f 1693/1452/1131 1697/1455/1129 1695/1455/934 1691/1452/938
f 1688/1499/871 1692/1491/864 1694/1766/1130 1690/1767/1132
f 1690/1767/1132 1694/1766/1130 1693/1452/1131 1689/1448/1133
f 1689/1448/1133 1693/1452/1131 1691/1452/938 1687/1448/838
f 1684/1506/876 1688/1509/871 1690/1767/1132 1686/1768/1134
f 1686/1768/1134 1690/1767/1132 1689/1448/1133 1685/1443/1135
f 1685/1443/1135 1689/1448/1133 1687/1466/838 1683/1443/837
f 1419/1514/883 1684/1506/876 1686/1768/1134 1421/1769/1072
f 1421/1769/1072 1686/1768/1134 1685/1443/1135 1422/1444/1074
f 1422/1444/1074 1685/1443/1135 1683/1584/837 1420/1444/862
f 1800/1498/869 1295/1637/868 1680/1636/889 1804/1521/888
f 1810/31/2 1809/1770/1136 1819/1771/1137 1820/33/1138
f 2280/1772/1139 1888/1773/6 1813/1774/1140
f 2114/1775/5 2288/1776/1141 1827/1777/1142
f 1811/1778/1143 1810/31/2 1820/33/1138 1821/1779/1144
f 2281/1780/1145 2280/1772/1139 1813/1774/1140 1814/1781/1146
f 2284/1782/1147 1811/1778/1143 1821/1779/1144 1822/1783/1148
f 1807/1784/1149 2281/1780/1145 1814/1781/1146 1815/1785/1150
f 1812/1786/1151 2284/1782/1147 1822/1783/1148 1823/1787/1152
f 2282/1788/1153 1807/1784/1149 1815/1785/1150 1816/1789/1154
f 2285/1790/1155 1812/1786/1151 1823/1787/1152 1824/1791/1156
f 1808/1792/1157 2282/1788/1153 1816/1789/1154 1817/1793/1158
f 2286/1794/1159 2285/1790/1155 1824/1791/1156 1825/1795/1160
f 2283/1796/1161 1808/1792/1157 1817/1793/1158 1818/1797/1162
f 2287/1798/1163 2286/1794/1159 1825/1795/1160 1826/1799/1164
f 1809/1770/1136 2283/1796/1161 1818/1797/1162 1819/1771/1137
f 2288/1776/1141 2287/1798/1163 1826/1799/1164 1827/1777/1142
f 1819/1771/1137 1818/1797/1162 1833/1800/1165 1834/1801/1166
f 1827/1777/1142 1826/1799/1164 1841/1802/1167 1842/1803/1168
f 1820/33/1138 1819/1771/1137 1834/1801/1166 1835/35/1169
f 1813/1774/1140 1888/1804/6 1828/1805/1170
f 2114/1806/5 1827/1777/1142 1842/1803/1168
f 1821/1779/1144 1820/33/1138 1835/35/1169 1836/1807/1171
f 1814/1781/1146 1813/1774/1140 1828/1805/1170 1829/1808/1172
f 1822/1783/1148 1821/1779/1144 1836/1807/1171 1837/1809/1173
f 1815/1785/1150 1814/1781/1146 1829/1808/1172 1830/1810/1174
f 1823/1787/1152 1822/1783/1148 1837/1809/1173 1838/1811/1175
f 1816/1789/1154 1815/1785/1150 1830/1810/1174 1831/1812/1176
f 1824/1791/1156 1823/1787/1152 1838/1811/1175 1839/1813/1177
f 1817/1793/1158 1816/1789/1154 1831/1812/1176 1832/1814/1178
f 1825/1795/1160 1824/1791/1156 1839/1813/1177 1840/1815/1179
f 1818/1797/1162 1817/1793/1158 1832/1814/1178 1833/1800/1165
f 1826/1799/1164 1825/1795/1160 1840/1815/1179 1841/1802/1167
f 1838/1811/1175 1837/1809/1173 1852/1816/1180 1853/1817/1181
f 1831/1812/1176 1830/1810/1174 1845/1818/1182 1846/1819/1183
f 1839/1813/1177 1838/1811/1175 1853/1817/1181 1854/1820/1184
f 1832/1814/1178 1831/1812/1176 1846/1819/1183 1847/1821/1185
f 1840/1815/1179 1839/1813/1177 1854/1820/1184 1855/1822/1186
f 1833/1800/1165 1832/1814/1178 1847/1821/1185 1848/1823/1187
f 1841/1802/1167 1840/1815/1179 1855/1822/1186 1856/1824/1188
f 1834/1801/1166 1833/1800/1165 1848/1823/1187 1849/1825/1189
f 1842/1803/1168 1841/1802/1167 1856/1824/1188 1857/1826/1190
f 1835/35/1169 1834/1801/1166 1849/1825/1189 1850/37/1191
f 1828/1805/1170 1888/1827/6 1843/1828/1192
f 2114/1829/5 1842/1803/1168 1857/1826/1190
f 1836/1807/1171 1835/35/1169 1850/37/1191 1851/1830/1193
f 1829/1808/1172 1828/1805/1170 1843/1828/1192 1844/1831/1194
f 1837/1809/1173 1836/1807/1171 1851/1830/1193 1852/1816/1180
f 1830/1810/1174 1829/1808/1172 1844/1831/1194 1845/1818/1182
f 1857/1826/1190 1856/1824/1188 1871/1832/1195 1872/1833/1196
f 1850/37/1191 1849/1825/1189 1864/1834/1197 1865/5/1198
f 1843/1828/1192 1888/1835/6 1858/1836/1199
f 2114/1837/5 1857/1826/1190 1872/1833/1196
f 1851/1830/1193 1850/37/1191 1865/5/1198 1866/1838/1200
f 1844/1831/1194 1843/1828/1192 1858/1836/1199 1859/1839/1201
f 1852/1816/1180 1851/1830/1193 1866/1838/1200 1867/1840/1202
f 1845/1818/1182 1844/1831/1194 1859/1839/1201 1860/1841/1203
f 1853/1817/1181 1852/1816/1180 1867/1840/1202 1868/1842/1204
f 1846/1819/1183 1845/1818/1182 1860/1841/1203 1861/7/1205
f 1854/1820/1184 1853/1817/1181 1868/1842/1204 1869/3/1206
f 1847/1821/1185 1846/1819/1183 1861/7/1205 1862/1843/1207
f 1855/1822/1186 1854/1820/1184 1869/3/1206 1870/1844/1208
f 1848/1823/1187 1847/1821/1185 1862/1843/1207 1863/1845/1209
f 1856/1824/1188 1855/1822/1186 1870/1844/1208 1871/1832/1195
f 1849/1825/1189 1848/1823/1187 1863/1845/1209 1864/1834/1197
f 1861/7/1205 1860/1841/1203 1875/1846/1210 1876/1847/1211
f 1869/3/1206 1868/1842/1204 1883/1848/1212 1884/1849/1213
f 1862/1843/1207 1861/7/1205 1876/1847/1211 1877/1850/1214
f 1870/1844/1208 1869/3/1206 1884/1849/1213 1885/1851/1215
f 1863/1845/1209 1862/1843/1207 1877/1850/1214 1878/1852/1216
f 1871/1832/1195 1870/1844/1208 1885/1851/1215 1886/1853/1217
f 1864/1834/1197 1863/1845/1209 1878/1852/1216 1879/1854/1218
f 1872/1833/1196 1871/1832/1195 1886/1853/1217 1887/1855/1219
f 1865/5/1198 1864/1834/1197 1879/1854/1218 1880/39/1220
f 1858/1836/1199 1888/1856/6 1873/1857/1221
f 2114/1858/5 1872/1833/1196 1887/1855/1219
f 1866/1838/1200 1865/5/1198 1880/39/1220 1881/1859/1222
f 1859/1839/1201 1858/1836/1199 1873/1857/1221 1874/1860/1223
f 1867/1840/1202 1866/1838/1200 1881/1859/1222 1882/1861/1224
f 1860/1841/1203 1859/1839/1201 1874/1860/1223 1875/1846/1210
f 1868/1842/1204 1867/1840/1202 1882/1861/1224 1883/1848/1212
f 1880/39/1220 1879/1854/1218 1895/1862/1225 1896/41/1226
f 1873/1857/1221 1888/1863/6 1889/1864/1227
f 2114/1865/5 1887/1855/1219 1903/1866/1228
f 1881/1859/1222 1880/39/1220 1896/41/1226 1897/1867/1229
f 1874/1860/1223 1873/1857/1221 1889/1864/1227 1890/1868/1230
f 1882/1861/1224 1881/1859/1222 1897/1867/1229 1898/1869/1231
f 1875/1846/1210 1874/1860/1223 1890/1868/1230 1891/1870/1232
f 1883/1848/1212 1882/1861/1224 1898/1869/1231 1899/1871/1233
f 1876/1847/1211 1875/1846/1210 1891/1870/1232 1892/1872/1234
f 1884/1849/1213 1883/1848/1212 1899/1871/1233 1900/1873/1235
f 1877/1850/1214 1876/1847/1211 1892/1872/1234 1893/1874/1236
f 1885/1851/1215 1884/1849/1213 1900/1873/1235 1901/1875/1237
f 1878/1852/1216 1877/1850/1214 1893/1874/1236 1894/1876/1238
f 1886/1853/1217 1885/1851/1215 1901/1875/1237 1902/1877/1239
f 1879/1854/1218 1878/1852/1216 1894/1876/1238 1895/1862/1225
f 1887/1855/1219 1886/1853/1217 1902/1877/1239 1903/1866/1228
f 1900/1873/1235 1899/1871/1233 1914/1878/1240 1915/1879/1241
f 1893/1874/1236 1892/1872/1234 1907/1880/1242 1908/1881/1243
f 1901/1875/1237 1900/1873/1235 1915/1879/1241 1916/1882/1244
f 1894/1876/1238 1893/1874/1236 1908/1881/1243 1909/1883/1245
f 1902/1877/1239 1901/1875/1237 1916/1882/1244 1917/1884/1246
f 1895/1862/1225 1894/1876/1238 1909/1883/1245 1910/1885/1247
f 1903/1866/1228 1902/1877/1239 1917/1884/1246 1918/1886/1248
f 1896/41/1226 1895/1862/1225 1910/1885/1247 1911/43/1249
f 1889/1864/1227 1888/1887/6 1904/1888/1250
f 2114/1889/5 1903/1866/1228 1918/1886/1248
f 1897/1867/1229 1896/41/1226 1911/43/1249 1912/1890/1251
f 1890/1868/1230 1889/1864/1227 1904/1888/1250 1905/1891/1252
f 1898/1869/1231 1897/1867/1229 1912/1890/1251 1913/1892/1253
f 1891/1870/1232 1890/1868/1230 1905/1891/1252 1906/1893/1254
f 1899/1871/1233 1898/1869/1231 1913/1892/1253 1914/1878/1240
f 1892/1872/1234 1891/1870/1232 1906/1893/1254 1907/1880/1242
f 2114/1894/5 1918/1886/1248 1933/1895/1255
f 1912/1890/1251 1911/43/1249 1926/1896/3 1927/1897/1256
f 1905/1891/1252 1904/1888/1250 1919/1898/1257 1920/1899/1258
f 1913/1892/1253 1912/1890/1251 1927/1897/1256 1928/1900/1259
f 1906/1893/1254 1905/1891/1252 1920/1899/1258 1921/1901/1260
f 1914/1878/1240 1913/1892/1253 1928/1900/1259 1929/1902/1261
f 1907/1880/1242 1906/1893/1254 1921/1901/1260 1922/1903/1262
f 1915/1879/1241 1914/1878/1240 1929/1902/1261 1930/1904/1263
f 1908/1881/1243 1907/1880/1242 1922/1903/1262 1923/1905/1264
f 1916/1882/1244 1915/1879/1241 1930/1904/1263 1931/1906/1265
f 1909/1883/1245 1908/1881/1243 1923/1905/1264 1924/1907/1266
f 1917/1884/1246 1916/1882/1244 1931/1906/1265 1932/1908/1267
f 1910/1885/1247 1909/1883/1245 1924/1907/1266 1925/1909/1268
f 1918/1886/1248 1917/1884/1246 1932/1908/1267 1933/1895/1255
f 1911/43/1249 1910/1885/1247 1925/1909/1268 1926/1896/3
f 1904/1888/1250 1888/1910/6 1919/1898/1257
f 1931/1906/1265 1930/1904/1263 1945/1911/1269 1946/1912/1270
f 1924/1907/1266 1923/1905/1264 1938/1913/1271 1939/1914/1272
f 1932/1908/1267 1931/1906/1265 1946/1912/1270 1947/1915/1273
f 1925/1909/1268 1924/1907/1266 1939/1914/1272 1940/1916/1274
f 1933/1895/1255 1932/1908/1267 1947/1915/1273 1948/1917/1275
f 1926/1896/3 1925/1909/1268 1940/1916/1274 1941/1918/1276
f 1919/1898/1257 1888/1919/6 1934/1920/1277
f 2114/1921/5 1933/1895/1255 1948/1917/1275
f 1927/1897/1256 1926/1896/3 1941/1918/1276 1942/1922/1278
f 1920/1899/1258 1919/1898/1257 1934/1920/1277 1935/1923/1279
f 1928/1900/1259 1927/1897/1256 1942/1922/1278 1943/1924/1280
f 1921/1901/1260 1920/1899/1258 1935/1923/1279 1936/1925/1281
f 1929/1902/1261 1928/1900/1259 1943/1924/1280 1944/1926/1282
f 1922/1903/1262 1921/1901/1260 1936/1925/1281 1937/1927/1283
f 1930/1904/1263 1929/1902/1261 1944/1926/1282 1945/1911/1269
f 1923/1905/1264 1922/1903/1262 1937/1927/1283 1938/1913/1271
f 1935/1923/1279 1934/1920/1277 1949/1928/1284 1950/1929/1285
f 1943/1924/1280 1942/1922/1278 1957/1930/1286 1958/1931/1287
f 1936/1925/1281 1935/1923/1279 1950/1929/1285 1951/1932/1288
f 1944/1926/1282 1943/1924/1280 1958/1931/1287 1959/1933/1289
f 1937/1927/1283 1936/1925/1281 1951/1932/1288 1952/1934/1290
f 1945/1911/1269 1944/1926/1282 1959/1933/1289 1960/1935/1291
f 1938/1913/1271 1937/1927/1283 1952/1934/1290 1953/1936/1292
f 1946/1912/1270 1945/1911/1269 1960/1935/1291 1961/1937/1293
f 1939/1914/1272 1938/1913/1271 1953/1936/1292 1954/1938/1294
f 1947/1915/1273 1946/1912/1270 1961/1937/1293 1962/1939/1295
f 1940/1916/1274 1939/1914/1272 1954/1938/1294 1955/1940/1296
f 1948/1917/1275 1947/1915/1273 1962/1939/1295 1963/1941/1297
f 1941/1918/1276 1940/1916/1274 1955/1940/1296 1956/1942/1298
f 1934/1920/1277 1888/1943/6 1949/1928/1284
f 2114/1944/5 1948/1917/1275 1963/1941/1297
f 1942/1922/1278 1941/1918/1276 1956/1942/1298 1957/1930/1286
f 1954/1938/1294 1953/1936/1292 1968/1945/1299 1969/1946/1300
f 1962/1939/1295 1961/1937/1293 1976/1947/1301 1977/1948/1302
f 1955/1940/1296 1954/1938/1294 1969/1946/1300 1970/1949/1303
f 1963/1941/1297 1962/1939/1295 1977/1948/1302 1978/1950/1304
f 1956/1942/1298 1955/1940/1296 1970/1949/1303 1971/1951/1305
f 1949/1928/1284 1888/1952/6 1964/1953/1306
f 2114/1954/5 1963/1941/1297 1978/1950/1304
f 1957/1930/1286 1956/1942/1298 1971/1951/1305 1972/1955/1307
f 1950/1929/1285 1949/1928/1284 1964/1953/1306 1965/1956/1308
f 1958/1931/1287 1957/1930/1286 1972/1955/1307 1973/1957/1309
f 1951/1932/1288 1950/1929/1285 1965/1956/1308 1966/1958/1310
f 1959/1933/1289 1958/1931/1287 1973/1957/1309 1974/1959/1311
f 1952/1934/1290 1951/1932/1288 1966/1958/1310 1967/1960/1312
f 1960/1935/1291 1959/1933/1289 1974/1959/1311 1975/1961/1313
f 1953/1936/1292 1952/1934/1290 1967/1960/1312 1968/1945/1299
f 1961/1937/1293 1960/1935/1291 1975/1961/1313 1976/1947/1301
f 1973/1957/1309 1972/1955/1307 1987/1962/1314 1988/1963/1315
f 1966/1958/1310 1965/1956/1308 1980/1964/1316 1981/1965/1317
f 1974/1959/1311 1973/1957/1309 1988/1963/1315 1989/1966/1318
f 1967/1960/1312 1966/1958/1310 1981/1965/1317 1982/1967/1319
f 1975/1961/1313 1974/1959/1311 1989/1966/1318 1990/4/1320
f 1968/1945/1299 1967/1960/1312 1982/1967/1319 1983/1968/1321
f 1976/1947/1301 1975/1961/1313 1990/4/1320 1991/1969/1322
f 1969/1946/1300 1968/1945/1299 1983/1968/1321 1984/1970/1323
f 1977/1948/1302 1976/1947/1301 1991/1969/1322 1992/1971/1324
f 1970/1949/1303 1969/1946/1300 1984/1970/1323 1985/1972/1325
f 1978/1950/1304 1977/1948/1302 1992/1971/1324 1993/1973/1326
f 1971/1951/1305 1970/1949/1303 1985/1972/1325 1986/1974/1327
f 1964/1953/1306 1888/1975/6 1979/1976/1328
f 2114/1977/5 1978/1950/1304 1993/1973/1326
f 1972/1955/1307 1971/1951/1305 1986/1974/1327 1987/1962/1314
f 1965/1956/1308 1964/1953/1306 1979/1976/1328 1980/1964/1316
f 1992/1971/1324 1991/1969/1322 2006/1978/1329 2007/1979/1330
f 1985/1972/1325 1984/1970/1323 1999/1980/1331 2000/1981/1332
f 1993/1973/1326 1992/1971/1324 2007/1979/1330 2008/1982/1333
f 1986/1974/1327 1985/1972/1325 2000/1981/1332 2001/1983/1334
f 1979/1976/1328 1888/1984/6 1994/1985/1335
f 2114/1986/5 1993/1973/1326 2008/1982/1333
f 1987/1962/1314 1986/1974/1327 2001/1983/1334 2002/1987/1336
f 1980/1964/1316 1979/1976/1328 1994/1985/1335 1995/1988/1337
f 1988/1963/1315 1987/1962/1314 2002/1987/1336 2003/1989/1338
f 1981/1965/1317 1980/1964/1316 1995/1988/1337 1996/1990/1339
f 1989/1966/1318 1988/1963/1315 2003/1989/1338 2004/1991/1340
f 1982/1967/1319 1981/1965/1317 1996/1990/1339 1997/1992/1341
f 1990/4/1320 1989/1966/1318 2004/1991/1340 2005/1993/1342
f 1983/1968/1321 1982/1967/1319 1997/1992/1341 1998/1994/1343
f 1991/1969/1322 1990/4/1320 2005/1993/1342 2006/1978/1329
f 1984/1970/1323 1983/1968/1321 1998/1994/1343 1999/1980/1331
f 1996/1990/1339 1995/1988/1337 2010/1995/1344 2011/1996/1345
f 2004/1991/1340 2003/1989/1338 2018/1997/1346 2019/1998/1347
f 1997/1992/1341 1996/1990/1339 2011/1996/1345 2012/1999/1348
f 2005/1993/1342 2004/1991/1340 2019/1998/1347 2020/2000/1349
f 1998/1994/1343 1997/1992/1341 2012/1999/1348 2013/2001/1350
f 2006/1978/1329 2005/1993/1342 2020/2000/1349 2021/2002/1351
f 1999/1980/1331 1998/1994/1343 2013/2001/1350 2014/2003/1352
f 2007/1979/1330 2006/1978/1329 2021/2002/1351 2022/2004/1353
f 2000/1981/1332 1999/1980/1331 2014/2003/1352 2015/2005/1354
f 2008/1982/1333 2007/1979/1330 2022/2004/1353 2023/2006/1355
f 2001/1983/1334 2000/1981/1332 2015/2005/1354 2016/2007/1356
f 1994/1985/1335 1888/2008/6 2009/2009/1357
f 2114/2010/5 2008/1982/1333 2023/2006/1355
f 2002/1987/1336 2001/1983/1334 2016/2007/1356 2017/2011/1358
f 1995/1988/1337 1994/1985/1335 2009/2009/1357 2010/1995/1344
f 2003/1989/1338 2002/1987/1336 2017/2011/1358 2018/1997/1346
f 2015/2005/1354 2014/2003/1352 2029/2012/1359 2030/2013/1360
f 2023/2006/1355 2022/2004/1353 2037/2014/1361 2038/2015/1362
f 2016/2007/1356 2015/2005/1354 2030/2013/1360 2031/2016/1363
f 2009/2009/1357 1888/2017/6 2024/2018/1364
f 2114/2019/5 2023/2006/1355 2038/2015/1362
f 2017/2011/1358 2016/2007/1356 2031/2016/1363 2032/2020/1365
f 2010/1995/1344 2009/2009/1357 2024/2018/1364 2025/2021/1366
f 2018/1997/1346 2017/2011/1358 2032/2020/1365 2033/2022/1367
f 2011/1996/1345 2010/1995/1344 2025/2021/1366 2026/2023/1368
f 2019/1998/1347 2018/1997/1346 2033/2022/1367 2034/2024/1369
f 2012/1999/1348 2011/1996/1345 2026/2023/1368 2027/2025/1370
f 2020/2000/1349 2019/1998/1347 2034/2024/1369 2035/2026/1371
f 2013/2001/1350 2012/1999/1348 2027/2025/1370 2028/2027/1372
f 2021/2002/1351 2020/2000/1349 2035/2026/1371 2036/2028/1373
f 2014/2003/1352 2013/2001/1350 2028/2027/1372 2029/2012/1359
f 2022/2004/1353 2021/2002/1351 2036/2028/1373 2037/2014/1361
f 2034/2024/1369 2033/2022/1367 2048/2029/1374 2049/2030/1375
f 2027/2025/1370 2026/2023/1368 2041/2031/1376 2042/2032/1377
f 2035/2026/1371 2034/2024/1369 2049/2030/1375 2050/2033/1378
f 2028/2027/1372 2027/2025/1370 2042/2032/1377 2043/2034/1379
f 2036/2028/1373 2035/2026/1371 2050/2033/1378 2051/2035/1380
f 2029/2012/1359 2028/2027/1372 2043/2034/1379 2044/2036/1381
f 2037/2014/1361 2036/2028/1373 2051/2035/1380 2052/2037/1382
f 2030/2013/1360 2029/2012/1359 2044/2036/1381 2045/2038/1383
f 2038/2015/1362 2037/2014/1361 2052/2037/1382 2053/2039/1384
f 2031/2016/1363 2030/2013/1360 2045/2038/1383 2046/2040/4
f 2024/2018/1364 1888/2041/6 2039/2042/1385
f 2114/2043/5 2038/2015/1362 2053/2039/1384
f 2032/2020/1365 2031/2016/1363 2046/2040/4 2047/2044/1386
f 2025/2021/1366 2024/2018/1364 2039/2042/1385 2040/2045/1387
f 2033/2022/1367 2032/2020/1365 2047/2044/1386 2048/2029/1374
f 2026/2023/1368 2025/2021/1366 2040/2045/1387 2041/2031/1376
f 2053/2039/1384 2052/2037/1382 2067/2046/1388 2068/2047/1389
f 2046/2040/4 2045/2038/1383 2060/2048/1390 2061/2049/1391
f 2039/2042/1385 1888/2050/6 2054/2051/1392
f 2114/2052/5 2053/2039/1384 2068/2047/1389
f 2047/2044/1386 2046/2040/4 2061/2049/1391 2062/2053/1393
f 2040/2045/1387 2039/2042/1385 2054/2051/1392 2055/2054/1394
f 2048/2029/1374 2047/2044/1386 2062/2053/1393 2063/2055/1395
f 2041/2031/1376 2040/2045/1387 2055/2054/1394 2056/2056/1396
f 2049/2030/1375 2048/2029/1374 2063/2055/1395 2064/2057/1397
f 2042/2032/1377 2041/2031/1376 2056/2056/1396 2057/2058/1398
f 2050/2033/1378 2049/2030/1375 2064/2057/1397 2065/2059/1399
f 2043/2034/1379 2042/2032/1377 2057/2058/1398 2058/2060/1400
f 2051/2035/1380 2050/2033/1378 2065/2059/1399 2066/2061/1401
f 2044/2036/1381 2043/2034/1379 2058/2060/1400 2059/2062/1402
f 2052/2037/1382 2051/2035/1380 2066/2061/1401 2067/2046/1388
f 2045/2038/1383 2044/2036/1381 2059/2062/1402 2060/2048/1390
f 2065/2059/1399 2064/2057/1397 2079/2063/1403 2080/2064/1404
f 2058/2060/1400 2057/2058/1398 2072/2065/1405 2073/2066/1406
f 2066/2061/1401 2065/2059/1399 2080/2064/1404 2081/2067/1407
f 2059/2062/1402 2058/2060/1400 2073/2066/1406 2074/2068/1408
f 2067/2046/1388 2066/2061/1401 2081/2067/1407 2082/2069/1409
f 2060/2048/1390 2059/2062/1402 2074/2068/1408 2075/2070/1410
f 2068/2047/1389 2067/2046/1388 2082/2069/1409 2083/2071/1411
f 2061/2049/1391 2060/2048/1390 2075/2070/1410 2076/2072/1412
f 2054/2051/1392 1888/2073/6 2069/2074/1413
f 2114/2075/5 2068/2047/1389 2083/2071/1411
f 2062/2053/1393 2061/2049/1391 2076/2072/1412 2077/2076/1414
f 2055/2054/1394 2054/2051/1392 2069/2074/1413 2070/2077/1415
f 2063/2055/1395 2062/2053/1393 2077/2076/1414 2078/2078/1416
f 2056/2056/1396 2055/2054/1394 2070/2077/1415 2071/2079/1417
f 2064/2057/1397 2063/2055/1395 2078/2078/1416 2079/2063/1403
f 2057/2058/1398 2056/2056/1396 2071/2079/1417 2072/2065/1405
f 2069/2074/1413 1888/2080/6 2084/2081/1418
f 2114/2082/5 2083/2071/1411 2098/2083/1419
f 2077/2076/1414 2076/2072/1412 2091/2084/1420 2092/2085/1421
f 2070/2077/1415 2069/2074/1413 2084/2081/1418 2085/2086/1422
f 2078/2078/1416 2077/2076/1414 2092/2085/1421 2093/2087/1423
f 2071/2079/1417 2070/2077/1415 2085/2086/1422 2086/2088/1424
f 2079/2063/1403 2078/2078/1416 2093/2087/1423 2094/2089/1425
f 2072/2065/1405 2071/2079/1417 2086/2088/1424 2087/2090/1426
f 2080/2064/1404 2079/2063/1403 2094/2089/1425 2095/2091/1427
f 2073/2066/1406 2072/2065/1405 2087/2090/1426 2088/2092/1428
f 2081/2067/1407 2080/2064/1404 2095/2091/1427 2096/2093/1429
f 2074/2068/1408 2073/2066/1406 2088/2092/1428 2089/2094/1430
f 2082/2069/1409 2081/2067/1407 2096/2093/1429 2097/2095/1431
f 2075/2070/1410 2074/2068/1408 2089/2094/1430 2090/2096/1432
f 2083/2071/1411 2082/2069/1409 2097/2095/1431 2098/2083/1419
f 2076/2072/1412 2075/2070/1410 2090/2096/1432 2091/2084/1420
f 2088/2092/1428 2087/2090/1426 2102/2097/1433 2103/2098/1434
f 2096/2093/1429 2095/2091/1427 2110/2099/1435 2111/2100/1436
f 2089/2094/1430 2088/2092/1428 2103/2098/1434 2104/2101/1437
f 2097/2095/1431 2096/2093/1429 2111/2100/1436 2112/2102/1438
f 2090/2096/1432 2089/2094/1430 2104/2101/1437 2105/2103/1439
f 2098/2083/1419 2097/2095/1431 2112/2102/1438 2113/2104/1440
f 2091/2084/1420 2090/2096/1432 2105/2103/1439 2106/2105/1441
f 2084/2081/1418 1888/2106/6 2099/2107/1442
f 2114/2108/5 2098/2083/1419 2113/2104/1440
f 2092/2085/1421 2091/2084/1420 2106/2105/1441 2107/2109/1443
f 2085/2086/1422 2084/2081/1418 2099/2107/1442 2100/2110/1444
f 2093/2087/1423 2092/2085/1421 2107/2109/1443 2108/2111/1445
f 2086/2088/1424 2085/2086/1422 2100/2110/1444 2101/2112/1446
f 2094/2089/1425 2093/2087/1423 2108/2111/1445 2109/2113/1447
f 2087/2090/1426 2086/2088/1424 2101/2112/1446 2102/2097/1433
f 2095/2091/1427 2094/2089/1425 2109/2113/1447 2110/2099/1435
f 2107/2109/1443 2106/2105/1441 2122/2114/1448 2123/2115/1449
f 2100/2110/1444 2099/2107/1442 2115/2116/1450 2116/2117/1451
f 2108/2111/1445 2107/2109/1443 2123/2115/1449 2124/2118/1452
f 2101/2112/1446 2100/2110/1444 2116/2117/1451 2117/2119/1453
f 2109/2113/1447 2108/2111/1445 2124/2118/1452 2125/2120/1454
f 2102/2097/1433 2101/2112/1446 2117/2119/1453 2118/2121/1455
f 2110/2099/1435 2109/2113/1447 2125/2120/1454 2126/2122/1456
f 2103/2098/1434 2102/2097/1433 2118/2121/1455 2119/2123/1457
f 2111/2100/1436 2110/2099/1435 2126/2122/1456 2127/2124/1458
f 2104/2101/1437 2103/2098/1434 2119/2123/1457 2120/2125/1459
f 2112/2102/1438 2111/2100/1436 2127/2124/1458 2128/2126/1460
f 2105/2103/1439 2104/2101/1437 2120/2125/1459 2121/2127/1461
f 2113/2104/1440 2112/2102/1438 2128/2126/1460 2129/2128/1462
f 2106/2105/1441 2105/2103/1439 2121/2127/1461 2122/2114/1448
f 2099/2107/1442 1888/2129/6 2115/2116/1450
f 2114/2130/5 2113/2104/1440 2129/2128/1462
f 2127/2124/1458 2126/2122/1456 2141/2131/1463 2142/2132/1464
f 2120/2125/1459 2119/2123/1457 2134/2133/1465 2135/2134/1466
f 2128/2126/1460 2127/2124/1458 2142/2132/1464 2143/2135/1467
f 2121/2127/1461 2120/2125/1459 2135/2134/1466 2136/2136/1468
f 2129/2128/1462 2128/2126/1460 2143/2135/1467 2144/2137/1469
f 2122/2114/1448 2121/2127/1461 2136/2136/1468 2137/2138/1470
f 2115/2116/1450 1888/2139/6 2130/2140/1471
f 2114/2141/5 2129/2128/1462 2144/2137/1469
f 2123/2115/1449 2122/2114/1448 2137/2138/1470 2138/2142/1472
f 2116/2117/1451 2115/2116/1450 2130/2140/1471 2131/2143/1473
f 2124/2118/1452 2123/2115/1449 2138/2142/1472 2139/2144/1474
f 2117/2119/1453 2116/2117/1451 2131/2143/1473 2132/2145/1475
f 2125/2120/1454 2124/2118/1452 2139/2144/1474 2140/2146/1476
f 2118/2121/1455 2117/2119/1453 2132/2145/1475 2133/2147/1477
f 2126/2122/1456 2125/2120/1454 2140/2146/1476 2141/2131/1463
f 2119/2123/1457 2118/2121/1455 2133/2147/1477 2134/2133/1465
f 2131/2143/1473 2130/2140/1471 2145/2148/1478 2146/2149/1479
f 2139/2144/1474 2138/2142/1472 2153/2150/1480 2154/2151/1481
f 2132/2145/1475 2131/2143/1473 2146/2149/1479 2147/2152/1482
f 2140/2146/1476 2139/2144/1474 2154/2151/1481 2155/2153/1483
f 2133/2147/1477 2132/2145/1475 2147/2152/1482 2148/2154/1484
f 2141/2131/1463 2140/2146/1476 2155/2153/1483 2156/2155/1485
f 2134/2133/1465 2133/2147/1477 2148/2154/1484 2149/2156/1486
f 2142/2132/1464 2141/2131/1463 2156/2155/1485 2157/2157/1487
f 2135/2134/1466 2134/2133/1465 2149/2156/1486 2150/2158/1488
f 2143/2135/1467 2142/2132/1464 2157/2157/1487 2158/2159/1489
f 2136/2136/1468 2135/2134/1466 2150/2158/1488 2151/2160/1490
f 2144/2137/1469 2143/2135/1467 2158/2159/1489 2159/2161/1491
f 2137/2138/1470 2136/2136/1468 2151/2160/1490 2152/2162/1492
f 2130/2140/1471 1888/2163/6 2145/2148/1478
f 2114/2164/5 2144/2137/1469 2159/2161/1491
f 2138/2142/1472 2137/2138/1470 2152/2162/1492 2153/2150/1480
f 2150/2158/1488 2149/2156/1486 2164/2165/1493 2165/2166/1494
f 2158/2159/1489 2157/2157/1487 2172/2167/1495 2173/2168/1496
f 2151/2160/1490 2150/2158/1488 2165/2166/1494 2166/2169/1497
f 2159/2161/1491 2158/2159/1489 2173/2168/1496 2174/2170/1498
f 2152/2162/1492 2151/2160/1490 2166/2169/1497 2167/106/1
f 2145/2148/1478 1888/2171/6 2160/2172/1499
f 2114/2173/5 2159/2161/1491 2174/2170/1498
f 2153/2150/1480 2152/2162/1492 2167/106/1 2168/2174/1500
f 2146/2149/1479 2145/2148/1478 2160/2172/1499 2161/2175/1501
f 2154/2151/1481 2153/2150/1480 2168/2174/1500 2169/2176/1502
f 2147/2152/1482 2146/2149/1479 2161/2175/1501 2162/2177/1503
f 2155/2153/1483 2154/2151/1481 2169/2176/1502 2170/2178/1504
f 2148/2154/1484 2147/2152/1482 2162/2177/1503 2163/2179/1505
f 2156/2155/1485 2155/2153/1483 2170/2178/1504 2171/2180/1506
f 2149/2156/1486 2148/2154/1484 2163/2179/1505 2164/2165/1493
f 2157/2157/1487 2156/2155/1485 2171/2180/1506 2172/2167/1495
f 2169/2181/1502 2168/2182/1500 2183/2183/1507 2184/2184/1508
f 2162/2185/1503 2161/2186/1501 2176/2187/1509 2177/2188/1510
f 2170/2189/1504 2169/2181/1502 2184/2184/1508 2185/2190/1511
f 2163/2191/1505 2162/2185/1503 2177/2188/1510 2178/2192/1512
f 2171/2193/1506 2170/2189/1504 2185/2190/1511 2186/2194/1513
f 2164/2195/1493 2163/2191/1505 2178/2192/1512 2179/2196/1514
f 2172/2197/1495 2171/2193/1506 2186/2194/1513 2187/2198/1515
f 2165/2199/1494 2164/2195/1493 2179/2196/1514 2180/2200/1516
f 2173/2201/1496 2172/2197/1495 2187/2198/1515 2188/2202/1517
f 2166/2203/1497 2165/2199/1494 2180/2200/1516 2181/2204/1518
f 2174/2205/1498 2173/2201/1496 2188/2202/1517 2189/2206/1519
f 2167/15/1 2166/2203/1497 2181/2204/1518 2182/2207/1520
f 2160/2208/1499 1888/2209/6 2175/2210/1521
f 2114/2211/5 2174/2205/1498 2189/2206/1519
f 2168/2182/1500 2167/15/1 2182/2207/1520 2183/2183/1507
f 2161/2186/1501 2160/2208/1499 2175/2210/1521 2176/2187/1509
f 2188/2202/1517 2187/2198/1515 2202/2212/1522 2203/2213/1523
f 2181/2204/1518 2180/2200/1516 2195/2214/1524 2196/2215/1525
f 2189/2206/1519 2188/2202/1517 2203/2213/1523 2204/2216/1526
f 2182/2207/1520 2181/2204/1518 2196/2215/1525 2197/2217/1527
f 2175/2210/1521 1888/2218/6 2190/2219/1528
f 2114/2220/5 2189/2206/1519 2204/2216/1526
f 2183/2183/1507 2182/2207/1520 2197/2217/1527 2198/2221/1529
f 2176/2187/1509 2175/2210/1521 2190/2219/1528 2191/2222/1530
f 2184/2184/1508 2183/2183/1507 2198/2221/1529 2199/2223/1531
f 2177/2188/1510 2176/2187/1509 2191/2222/1530 2192/2224/1532
f 2185/2190/1511 2184/2184/1508 2199/2223/1531 2200/2225/1533
f 2178/2192/1512 2177/2188/1510 2192/2224/1532 2193/2226/1534
f 2186/2194/1513 2185/2190/1511 2200/2225/1533 2201/2227/1535
f 2179/2196/1514 2178/2192/1512 2193/2226/1534 2194/2228/1536
f 2187/2198/1515 2186/2194/1513 2201/2227/1535 2202/2212/1522
f 2180/2200/1516 2179/2196/1514 2194/2228/1536 2195/2214/1524
f 2200/2225/1533 2199/2223/1531 2214/2229/1537 2215/2230/1538
f 2193/2226/1534 2192/2224/1532 2207/2231/1539 2208/2232/1540
f 2201/2227/1535 2200/2225/1533 2215/2230/1538 2216/2233/1541
f 2194/2228/1536 2193/2226/1534 2208/2232/1540 2209/2234/1542
f 2202/2212/1522 2201/2227/1535 2216/2233/1541 2217/2235/1543
f 2195/2214/1524 2194/2228/1536 2209/2234/1542 2210/2236/1544
f 2203/2213/1523 2202/2212/1522 2217/2235/1543 2218/2237/1545
f 2196/2215/1525 2195/2214/1524 2210/2236/1544 2211/2238/1546
f 2204/2216/1526 2203/2213/1523 2218/2237/1545 2219/2239/1547
f 2197/2217/1527 2196/2215/1525 2211/2238/1546 2212/2240/1548
f 2190/2219/1528 1888/2241/6 2205/2242/1549
f 2114/2243/5 2204/2216/1526 2219/2239/1547
f 2198/2221/1529 2197/2217/1527 2212/2240/1548 2213/2244/1550
f 2191/2222/1530 2190/2219/1528 2205/2242/1549 2206/2245/1551
f 2199/2223/1531 2198/2221/1529 2213/2244/1550 2214/2229/1537
f 2192/2224/1532 2191/2222/1530 2206/2245/1551 2207/2231/1539
f 2219/2239/1547 2218/2237/1545 2233/2246/1552 2234/2247/1553
f 2212/2240/1548 2211/2238/1546 2226/2248/1554 2227/2249/1555
f 2205/2242/1549 1888/2250/6 2220/2251/1556
f 2114/2252/5 2219/2239/1547 2234/2247/1553
f 2213/2244/1550 2212/2240/1548 2227/2249/1555 2228/2253/1557
f 2206/2245/1551 2205/2242/1549 2220/2251/1556 2221/2254/1558
f 2214/2229/1537 2213/2244/1550 2228/2253/1557 2229/2255/1559
f 2207/2231/1539 2206/2245/1551 2221/2254/1558 2222/2256/1560
f 2215/2230/1538 2214/2229/1537 2229/2255/1559 2230/2257/1561
f 2208/2232/1540 2207/2231/1539 2222/2256/1560 2223/2258/1562
f 2216/2233/1541 2215/2230/1538 2230/2257/1561 2231/2259/1563
f 2209/2234/1542 2208/2232/1540 2223/2258/1562 2224/2260/1564
f 2217/2235/1543 2216/2233/1541 2231/2259/1563 2232/2261/1565
f 2210/2236/1544 2209/2234/1542 2224/2260/1564 2225/2262/1566
f 2218/2237/1545 2217/2235/1543 2232/2261/1565 2233/2246/1552
f 2211/2238/1546 2210/2236/1544 2225/2262/1566 2226/2248/1554
f 2223/2258/1562 2222/2256/1560 2237/2263/1567 2238/2264/1568
f 2231/2259/1563 2230/2257/1561 2245/2265/1569 2246/2266/1570
f 2224/2260/1564 2223/2258/1562 2238/2264/1568 2239/2267/1571
f 2232/2261/1565 2231/2259/1563 2246/2266/1570 2247/2268/1572
f 2225/2262/1566 2224/2260/1564 2239/2267/1571 2240/2269/1573
f 2233/2246/1552 2232/2261/1565 2247/2268/1572 2248/2270/1574
f 2226/2248/1554 2225/2262/1566 2240/2269/1573 2241/2271/1575
f 2234/2247/1553 2233/2246/1552 2248/2270/1574 2249/2272/1576
f 2227/2249/1555 2226/2248/1554 2241/2271/1575 2242/2273/1577
f 2220/2251/1556 1888/2274/6 2235/2275/1578
f 2114/2276/5 2234/2247/1553 2249/2272/1576
f 2228/2253/1557 2227/2249/1555 2242/2273/1577 2243/2277/1579
f 2221/2254/1558 2220/2251/1556 2235/2275/1578 2236/2278/1580
f 2229/2255/1559 2228/2253/1557 2243/2277/1579 2244/2279/1581
f 2222/2256/1560 2221/2254/1558 2236/2278/1580 2237/2263/1567
f 2230/2257/1561 2229/2255/1559 2244/2279/1581 2245/2265/1569
f 2242/2273/1577 2241/2271/1575 2256/2280/1582 2257/2281/1583
f 2235/2275/1578 1888/2282/6 2250/2283/1584
f 2114/2284/5 2249/2272/1576 2264/2285/1585
f 2243/2277/1579 2242/2273/1577 2257/2281/1583 2258/2286/1586
f 2236/2278/1580 2235/2275/1578 2250/2283/1584 2251/2287/1587
f 2244/2279/1581 2243/2277/1579 2258/2286/1586 2259/2288/1588
f 2237/2263/1567 2236/2278/1580 2251/2287/1587 2252/2289/1589
f 2245/2265/1569 2244/2279/1581 2259/2288/1588 2260/2290/1590
f 2238/2264/1568 2237/2263/1567 2252/2289/1589 2253/2291/1591
f 2246/2266/1570 2245/2265/1569 2260/2290/1590 2261/2292/1592
f 2239/2267/1571 2238/2264/1568 2253/2291/1591 2254/2293/1593
f 2247/2268/1572 2246/2266/1570 2261/2292/1592 2262/2294/1594
f 2240/2269/1573 2239/2267/1571 2254/2293/1593 2255/2295/1595
f 2248/2270/1574 2247/2268/1572 2262/2294/1594 2263/2296/1596
f 2241/2271/1575 2240/2269/1573 2255/2295/1595 2256/2280/1582
f 2249/2272/1576 2248/2270/1574 2263/2296/1596 2264/2285/1585
f 2261/2292/1592 2260/2290/1590 2275/2297/1597 2276/2298/1598
f 2254/2293/1593 2253/2291/1591 2268/2299/1599 2269/2300/1600
f 2262/2294/1594 2261/2292/1592 2276/2298/1598 2277/2301/1601
f 2255/2295/1595 2254/2293/1593 2269/2300/1600 2270/2302/1602
f 2263/2296/1596 2262/2294/1594 2277/2301/1601 2278/2303/1603
f 2256/2280/1582 2255/2295/1595 2270/2302/1602 2271/2304/1604
f 2264/2285/1585 2263/2296/1596 2278/2303/1603 2279/2305/1605
f 2257/2281/1583 2256/2280/1582 2271/2304/1604 2272/2306/1606
f 2250/2283/1584 1888/2307/6 2265/2308/1607
f 2114/2309/5 2264/2285/1585 2279/2305/1605
f 2258/2286/1586 2257/2281/1583 2272/2306/1606 2273/2310/1608
f 2251/2287/1587 2250/2283/1584 2265/2308/1607 2266/2311/1609
f 2259/2288/1588 2258/2286/1586 2273/2310/1608 2274/2312/1610
f 2252/2289/1589 2251/2287/1587 2266/2311/1609 2267/2313/1611
f 2260/2290/1590 2259/2288/1588 2274/2312/1610 2275/2297/1597
f 2253/2291/1591 2252/2289/1589 2267/2313/1611 2268/2299/1599
f 2265/2308/1607 1888/2314/6 2280/1772/1139
f 2114/2315/5 2279/2305/1605 2288/1776/1141
f 2273/2310/1608 2272/2306/1606 1810/31/2 1811/1778/1143
f 2266/2311/1609 2265/2308/1607 2280/1772/1139 2281/1780/1145
f 2274/2312/1610 2273/2310/1608 1811/1778/1143 2284/1782/1147
f 2267/2313/1611 2266/2311/1609 2281/1780/1145 1807/1784/1149
f 2275/2297/1597 2274/2312/1610 2284/1782/1147 1812/1786/1151
f 2268/2299/1599 2267/2313/1611 1807/1784/1149 2282/1788/1153
f 2276/2298/1598 2275/2297/1597 1812/1786/1151 2285/1790/1155
f 2269/2300/1600 2268/2299/1599 2282/1788/1153 1808/1792/1157
f 2277/2301/1601 2276/2298/1598 2285/1790/1155 2286/1794/1159
f 2270/2302/1602 2269/2300/1600 1808/1792/1157 2283/1796/1161
f 2278/2303/1603 2277/2301/1601 2286/1794/1159 2287/1798/1163
f 2271/2304/1604 2270/2302/1602 2283/1796/1161 1809/1770/1136
f 2279/2305/1605 2278/2303/1603 2287/1798/1163 2288/1776/1141
f 2272/2306/1606 2271/2304/1604 1809/1770/1136 1810/31/2
f 2343/2316/1 2342/2317/1 2296/2318/1 2406/2318/1612 2408/2319/1613 2409/2320/1614 2410/2321/1615 2411/2322/1616 2412/2323/1617 2407/2324/1618 2290/2325/1619
f 2309/2326/1620 2332/2327/1621 2322/2328/1622 2312/2329/1623
f 2300/2330/3 2295/2331/1 2393/2331/1624 2420/2330/1625
f 2413/2332/1626 2303/2333/1627 2304/2334/1628 2386/2335/1629
f 2399/2336/1630 2301/2337/1619 2302/2338/1631 2428/2339/1632
f 2308/2340/1627 2292/2341/1627 2289/2342/1628 2305/2343/1628
f 2427/2344/1633 2429/2345/1634 2430/2346/1635 2431/2347/1636 2432/2348/1637 2433/2349/1638 2428/2339/1632 2302/2338/1631 2370/2350/3 2369/2351/3 2298/2344/1639
f 2306/2352/1619 2290/2325/1619 2291/2353/1631 2307/2354/1631
f 2297/2355/1639 2379/2356/3 2378/2357/3 2303/2333/1627 2413/2332/1626 2415/2358/1640 2416/2359/1641 2417/2360/1642 2418/2361/1643 2419/2362/1644 2414/2355/1645
f 2310/2363/1646 2340/2364/1647 2343/2316/1 2290/2325/1619 2306/2352/1619
f 2294/2365/1648 2351/2366/1 2350/2367/1649 2358/2368/1650 2361/2369/1 2293/2370/1648
f 2340/2364/1647 2310/2363/1646 2311/2371/1651 2314/2372/1652
f 2435/2373/1653 2406/2374/1612 2296/2374/1 2299/2373/3
f 2290/2325/1619 2407/2324/1618 2434/2375/1654 2291/2353/1631
f 2299/2373/3 2296/2374/1 2295/2331/1 2300/2330/3
f 2293/2370/1648 2361/2369/1 2360/2376/1 2301/2337/1619 2399/2336/1630 2401/2377/1655 2402/2378/1656 2403/2379/1657 2404/2380/1658 2405/2381/1659 2400/2382/1660
f 2293/2383/1648 2298/2344/1639 2297/2355/1639 2294/2384/1648
f 2331/2385/1661 2341/2385/1662 2313/2386/1663 2323/2386/1664
f 2307/2354/1631 2291/2353/1631 2315/2387/3 2314/2388/1652 2311/2371/1651
f 2331/2385/1661 2334/2389/1 2295/2390/1 2296/2318/1 2342/2391/1 2341/2385/1662
f 2305/2392/1628 2289/2393/1628 2333/2394/1 2332/2395/1621 2309/2326/1620
f 2302/2338/1631 2307/2354/1631 2311/2371/1651 2367/2396/1665 2370/2397/3
f 2298/2344/1639 2369/2351/3 2368/2398/1666 2376/2399/1667 2379/2356/3 2297/2355/1639
f 2304/2400/1628 2305/2392/1628 2309/2326/1620 2349/2401/1668 2352/2402/1
f 2349/2401/1668 2309/2326/1620 2312/2329/1623 2377/2403/1669
f 2310/2363/1646 2359/2404/1670 2367/2396/1665 2311/2371/1651
f 2400/2383/1660 2427/2344/1633 2298/2344/1639 2293/2383/1648
f 2378/2405/3 2377/2403/1669 2312/2329/1623 2308/2340/1627 2303/2333/1627
f 2289/2393/1628 2392/2406/1671 2394/2407/1672 2395/2408/1673 2396/2409/1674 2397/2410/1675 2398/2411/1676 2393/2412/1624 2295/2390/1 2334/2413/1 2333/2394/1
f 2360/2414/1 2359/2415/1670 2310/2363/1646 2306/2352/1619 2301/2337/1619
f 2325/2416/3 2324/2417/3 2300/2330/3 2420/2330/1625 2422/2418/1677 2423/2419/1678 2424/2420/1679 2425/2421/1680 2426/2422/1681 2421/2423/1682 2292/2341/1627
f 2312/2329/1623 2322/2328/1622 2325/2416/3 2292/2341/1627 2308/2340/1627
f 2358/2424/1650 2350/2425/1649 2376/2399/1667 2368/2398/1666
f 2291/2353/1631 2434/2375/1654 2436/2426/1683 2437/2427/1684 2438/2428/1685 2439/2429/1686 2440/2430/1687 2435/2373/1653 2299/2373/3 2316/2431/3 2315/2432/3
f 2301/2337/1619 2306/2352/1619 2307/2354/1631 2302/2338/1631
f 2303/2333/1627 2308/2340/1627 2305/2343/1628 2304/2334/1628
f 2292/2341/1627 2421/2423/1682 2392/2433/1671 2289/2342/1628
f 2313/2386/1663 2316/2434/3 2299/2373/3 2300/2330/3 2324/2435/3 2323/2386/1664
f 2313/2386/1663 2317/2436/1688 2318/2437/1689 2319/2438/1690 2320/2439/1691 2321/2440/1692 2314/2441/1652 2315/2387/3 2316/2431/3
f 2322/2328/1622 2326/2442/1693 2327/2443/1694 2328/2444/1695 2329/2445/1696 2330/2446/1697 2323/2447/1664 2324/2435/3 2325/2416/3
f 2331/2385/1661 2335/2448/1698 2336/2449/1699 2337/2450/1700 2338/2451/1701 2339/2452/1702 2332/2453/1621 2333/2394/1 2334/2413/1
f 2340/2364/1647 2344/2454/1703 2345/2455/1704 2346/2456/1705 2347/2457/1706 2348/2458/1707 2341/2459/1662 2342/2391/1 2343/2316/1
f 2313/2386/1663 2341/2385/1662 2348/2460/1707 2317/2436/1688
f 2317/2436/1688 2348/2460/1707 2347/2461/1706 2318/2437/1689
f 2318/2437/1689 2347/2461/1706 2346/2462/1705 2319/2463/1690
f 2319/2463/1690 2346/2462/1705 2345/2455/1704 2320/2464/1691
f 2320/2464/1691 2345/2455/1704 2344/2454/1703 2321/2465/1692
f 2321/2465/1692 2344/2454/1703 2340/2364/1647 2314/2372/1652
f 2331/2385/1661 2323/2386/1664 2330/2466/1697 2335/2448/1698
f 2335/2448/1698 2330/2466/1697 2329/2467/1696 2336/2449/1699
f 2336/2449/1699 2329/2467/1696 2328/2468/1695 2337/2469/1700
f 2337/2469/1700 2328/2468/1695 2327/2443/1694 2338/2470/1701
f 2338/2470/1701 2327/2443/1694 2326/2442/1693 2339/2471/1702
f 2339/2471/1702 2326/2442/1693 2322/2328/1622 2332/2327/1621
f 2349/2401/1668 2353/2472/1708 2354/2473/1709 2355/2474/1710 2356/2475/1711 2357/2476/1712 2350/2477/1649 2351/2366/1 2352/2402/1
f 2358/2424/1650 2362/2478/1713 2363/2479/1714 2364/2480/1715 2365/2481/1716 2366/2482/1717 2359/2483/1670 2360/2414/1 2361/2369/1
f 2367/2396/1665 2371/2484/1718 2372/2485/1719 2373/2486/1720 2374/2487/1721 2375/2488/1722 2368/2489/1666 2369/2351/3 2370/2350/3
f 2376/2399/1667 2380/2490/1723 2381/2491/1724 2382/2492/1725 2383/2493/1726 2384/2494/1727 2377/2495/1669 2378/2405/3 2379/2356/3
f 2358/2424/1650 2368/2398/1666 2375/2496/1722 2362/2478/1713
f 2362/2478/1713 2375/2496/1722 2374/2497/1721 2363/2479/1714
f 2363/2479/1714 2374/2497/1721 2373/2498/1720 2364/2499/1715
f 2364/2499/1715 2373/2498/1720 2372/2485/1719 2365/2500/1716
f 2365/2500/1716 2372/2485/1719 2371/2484/1718 2366/2501/1717
f 2366/2501/1717 2371/2484/1718 2367/2396/1665 2359/2404/1670
f 2349/2401/1668 2377/2403/1669 2384/2502/1727 2353/2472/1708
f 2353/2472/1708 2384/2502/1727 2383/2503/1726 2354/2473/1709
f 2354/2473/1709 2383/2503/1726 2382/2504/1725 2355/2505/1710
f 2355/2505/1710 2382/2504/1725 2381/2491/1724 2356/2506/1711
f 2356/2506/1711 2381/2491/1724 2380/2490/1723 2357/2507/1712
f 2357/2507/1712 2380/2490/1723 2376/2399/1667 2350/2425/1649
f 2294/2384/1648 2297/2355/1639 2414/2355/1645 2385/2384/1728
f 2427/2344/1633 2400/2383/1660 2405/2508/1659 2429/2509/1634
f 2429/2509/1634 2405/2508/1659 2404/2510/1658 2430/2511/1635
f 2430/2511/1635 2404/2510/1658 2403/11/1657 2431/6/1636
f 2431/6/1636 2403/4/1657 2402/2512/1656 2432/2513/1637
f 2432/2513/1637 2402/2512/1656 2401/2514/1655 2433/2515/1638
f 2433/2515/1638 2401/2514/1655 2399/2336/1630 2428/2339/1632
f 2406/2374/1612 2435/2373/1653 2440/2516/1687 2408/2517/1613
f 2408/2517/1613 2440/2516/1687 2439/2518/1686 2409/2519/1614
f 2409/2519/1614 2439/2518/1686 2438/5/1685 2410/13/1615
f 2410/3/1615 2438/5/1685 2437/2520/1684 2411/2521/1616
f 2411/2521/1616 2437/2520/1684 2436/2522/1683 2412/2523/1617
f 2412/2523/1617 2436/2522/1683 2434/2375/1654 2407/2324/1618
f 2385/2384/1728 2414/2355/1645 2419/2524/1644 2387/2525/1729
f 2387/2525/1729 2419/2524/1644 2418/2526/1643 2388/2527/1730
f 2388/2527/1730 2418/2526/1643 2417/8/1642 2389/12/1731
f 2389/10/1731 2417/8/1642 2416/2528/1641 2390/2529/1732
f 2390/2529/1732 2416/2528/1641 2415/2530/1640 2391/2531/1733
f 2391/2531/1733 2415/2530/1640 2413/2332/1626 2386/2335/1629
f 2420/2330/1625 2393/2331/1624 2398/2532/1676 2422/2533/1677
f 2422/2533/1677 2398/2532/1676 2397/2534/1675 2423/2535/1678
f 2423/2535/1678 2397/2534/1675 2396/14/1674 2424/7/1679
f 2424/7/1679 2396/9/1674 2395/2536/1673 2425/2537/1680
f 2425/2537/1680 2395/2536/1673 2394/2538/1672 2426/2539/1681
f 2426/2539/1681 2394/2538/1672 2392/2433/1671 2421/2423/1682
f 2385/2365/1728 2387/2540/1729 2388/2541/1730 2389/2542/1731 2390/2543/1732 2391/2544/1733 2386/2545/1629 2304/2400/1628 2352/2402/1 2351/2366/1 2294/2365/1648
f 2505/898/103 2442/16/149 2444/17/148 2506/899/101
f 2506/899/101 2444/17/148 2446/19/147 2507/900/99
f 2507/900/99 2446/19/147 2448/21/146 2508/901/97
f 2508/901/97 2448/21/146 2450/23/145 2509/902/95
f 2509/902/95 2450/23/145 2452/24/144 2510/903/93
f 2510/903/93 2452/24/144 2454/26/143 2511/904/91
f 2511/904/91 2454/26/143 2456/28/142 2512/905/89
f 2512/905/89 2456/28/142 2458/30/141 2513/906/1734
f 2513/906/1734 2458/30/141 2460/32/140 2514/907/1735
f 2514/907/1735 2460/32/140 2462/34/139 2515/908/84
f 2515/908/84 2462/34/139 2464/36/138 2516/909/82
f 2516/909/82 2464/36/138 2466/9/137 2517/910/80
f 2517/910/80 2466/9/137 2468/38/136 2518/911/78
f 2518/911/78 2468/38/136 2470/40/135 2519/912/76
f 2519/912/76 2470/40/135 2472/42/134 2520/913/74
f 2520/913/74 2472/42/134 2474/44/133 2521/914/71
f 2521/914/71 2474/44/133 2476/46/164 2522/915/132
f 2522/915/132 2476/46/164 2478/48/163 2523/916/130
f 2523/916/130 2478/48/163 2480/50/162 2524/917/128
f 2524/917/128 2480/50/162 2482/10/161 2525/918/126
f 2525/918/126 2482/10/161 2484/52/160 2526/919/124
f 2526/919/124 2484/52/160 2486/54/159 2527/920/122
f 2527/920/122 2486/54/159 2488/56/158 2528/921/120
f 2528/921/120 2488/56/158 2490/58/157 2529/922/6
f 2529/922/6 2490/58/157 2492/60/156 2530/923/117
f 2530/923/117 2492/60/156 2494/62/155 2531/924/115
f 2531/924/115 2494/62/155 2496/64/154 2532/925/113
f 2532/925/113 2496/64/154 2498/66/153 2533/926/111
f 2533/926/111 2498/66/153 2500/67/152 2534/927/109
f 2534/927/109 2500/67/152 2502/69/151 2535/928/107
f 2444/71/148 2442/72/149 2504/73/150 2502/74/151 2500/75/152 2498/76/153 2496/77/154 2494/78/155 2492/79/156 2490/80/157 2488/81/158 2486/82/159 2484/83/160 2482/84/161 2480/85/162 2478/86/163 2476/87/164 2474/88/133 2472/89/134 2470/90/135 2468/91/136 2466/92/137 2464/93/138 2462/94/139 2460/95/140 2458/96/141 2456/97/142 2454/98/143 2452/99/144 2450/100/145 2448/101/146 2446/102/147
f 2535/928/107 2502/69/151 2504/103/150 2536/929/105
f 2536/929/105 2504/103/150 2442/105/149 2505/930/103
f 2441/107/102 2443/108/100 2445/109/98 2447/110/96 2449/111/94 2451/112/92 2453/113/90 2455/114/88 2457/115/87 2459/116/85 2461/117/83 2463/118/81 2465/119/79 2467/120/77 2469/121/75 2471/122/73 2473/123/72 2475/124/131 2477/125/129 2479/126/127 2481/127/125 2483/128/123 2485/129/121 2487/130/119 2489/131/118 2491/132/116 2493/133/114 2495/134/112 2497/135/110 2499/136/108 2501/137/106 2503/138/104
f 2516/909/82 2517/910/80 2589/910/177 2590/909/173
f 2545/931/1735 2544/932/1736 2608/932/182 2609/931/181
f 2517/910/80 2518/911/78 2588/911/179 2589/910/177
f 2544/932/1736 2543/933/89 2607/933/181 2608/932/182
f 2518/911/78 2519/912/76 2587/912/178 2588/911/179
f 2543/933/89 2542/934/91 2606/934/180 2607/933/181
f 2519/912/76 2520/913/74 2586/913/174 2587/912/178
f 2542/934/91 2541/935/93 2605/935/166 2606/934/180
f 2568/936/103 2567/937/105 2631/937/172 2632/936/176
f 2520/913/74 2521/914/71 2585/914/175 2586/913/174
f 2541/935/93 2540/938/95 2604/938/165 2605/935/166
f 2567/937/105 2566/939/107 2630/939/170 2631/937/172
f 2521/914/71 2522/915/132 2584/915/174 2585/914/175
f 2540/938/95 2539/940/97 2603/940/169 2604/938/165
f 2566/939/107 2565/941/109 2629/941/169 2630/939/170
f 2522/915/132 2523/916/130 2583/916/178 2584/915/174
f 2539/940/97 2538/942/99 2602/942/170 2603/940/169
f 2565/941/109 2564/943/111 2628/943/165 2629/941/169
f 2523/916/130 2524/917/128 2582/917/179 2583/916/178
f 2538/942/99 2537/944/101 2601/944/172 2602/942/170
f 2564/943/111 2563/945/113 2627/945/166 2628/943/165
f 2524/917/128 2525/918/126 2581/918/177 2582/917/179
f 2537/944/101 2568/946/103 2632/946/176 2601/944/172
f 2563/945/113 2562/947/115 2626/947/180 2627/945/166
f 2525/918/126 2526/919/124 2580/919/173 2581/918/177
f 2562/947/115 2561/948/117 2625/948/181 2626/947/180
f 2526/919/124 2527/920/122 2579/920/171 2580/919/173
f 2561/948/117 2560/949/6 2624/949/182 2625/948/181
f 2527/920/122 2528/921/120 2578/921/168 2579/920/171
f 2560/949/6 2559/950/120 2623/950/181 2624/949/182
f 2528/921/120 2529/922/6 2577/922/167 2578/921/168
f 2559/950/120 2558/951/122 2622/951/180 2623/950/181
f 3208/952/786 2568/946/103 2537/944/101 3177/953/784
f 3177/953/784 2537/944/101 2538/942/99 3178/954/781
f 3178/954/781 2538/942/99 2539/940/97 3179/955/780
f 3179/955/780 2539/940/97 2540/938/95 3180/956/777
f 3180/956/777 2540/938/95 2541/935/93 3181/957/774
f 3181/957/774 2541/935/93 2542/934/91 3182/958/772
f 3182/958/772 2542/934/91 2543/933/89 3183/959/769
f 3183/959/769 2543/933/89 2544/932/1736 3184/960/766
f 3184/960/766 2544/932/1736 2545/931/1735 3185/961/762
f 3185/961/762 2545/931/1735 2546/962/84 3186/963/763
f 3186/963/763 2546/962/84 2547/964/82 3187/965/836
f 3187/965/836 2547/964/82 2548/966/80 3188/967/834
f 3188/967/834 2548/966/80 2549/968/78 3189/969/830
f 3189/969/830 2549/968/78 2550/970/76 3190/971/826
f 3190/971/826 2550/970/76 2551/972/74 3191/973/819
f 3191/973/819 2551/972/74 2552/974/71 3192/975/820
f 3192/975/820 2552/974/71 2553/976/132 3193/977/835
f 3193/977/835 2553/976/132 2554/978/130 3194/979/831
f 3194/979/831 2554/978/130 2555/980/128 3195/981/827
f 3195/981/827 2555/980/128 2556/982/126 3196/983/821
f 3196/983/821 2556/982/126 2557/984/124 3197/985/815
f 3197/985/815 2557/984/124 2558/951/122 3198/986/811
f 3198/986/811 2558/951/122 2559/950/120 3199/987/806
f 3199/987/806 2559/950/120 2560/949/6 3200/988/168
f 3200/988/168 2560/949/6 2561/948/117 3201/989/804
f 3201/989/804 2561/948/117 2562/947/115 3202/990/802
f 3202/990/802 2562/947/115 2563/945/113 3203/991/799
f 3203/991/799 2563/945/113 2564/943/111 3204/992/797
f 3204/992/797 2564/943/111 2565/941/109 3205/993/794
f 3205/993/794 2565/941/109 2566/939/107 3206/994/791
f 3206/994/791 2566/939/107 2567/937/105 3207/995/789
f 3207/995/789 2567/937/105 2568/936/103 3208/996/786
f 2529/922/6 2530/923/117 2576/923/168 2577/922/167
f 2558/951/122 2557/984/124 2621/984/166 2622/951/180
f 2530/923/117 2531/924/115 2575/924/171 2576/923/168
f 2557/984/124 2556/982/126 2620/982/165 2621/984/166
f 2531/924/115 2532/925/113 2574/925/173 2575/924/171
f 2505/898/103 2506/899/101 2600/899/174 2569/898/175
f 2556/982/126 2555/980/128 2619/980/169 2620/982/165
f 2532/925/113 2533/926/111 2573/926/177 2574/925/173
f 2506/899/101 2507/900/99 2599/900/178 2600/899/174
f 2555/980/128 2554/978/130 2618/978/170 2619/980/169
f 2533/926/111 2534/927/109 2572/927/179 2573/926/177
f 2507/900/99 2508/901/97 2598/901/179 2599/900/178
f 2554/978/130 2553/976/132 2617/976/172 2618/978/170
f 2534/927/109 2535/928/107 2571/928/178 2572/927/179
f 2508/901/97 2509/902/95 2597/902/177 2598/901/179
f 2553/976/132 2552/974/71 2616/974/176 2617/976/172
f 2535/928/107 2536/929/105 2570/929/174 2571/928/178
f 2509/902/95 2510/903/93 2596/903/173 2597/902/177
f 2552/974/71 2551/972/74 2615/972/172 2616/974/176
f 2536/929/105 2505/930/103 2569/930/175 2570/929/174
f 2510/903/93 2511/904/91 2595/904/171 2596/903/173
f 2551/972/74 2550/970/76 2614/970/170 2615/972/172
f 2511/904/91 2512/905/89 2594/905/168 2595/904/171
f 2550/970/76 2549/968/78 2613/968/169 2614/970/170
f 2512/905/89 2513/906/1734 2593/906/167 2594/905/168
f 2549/968/78 2548/966/80 2612/966/165 2613/968/169
f 2513/906/1734 2514/907/1735 2592/907/168 2593/906/167
f 2548/966/80 2547/964/82 2611/964/166 2612/966/165
f 2514/907/1735 2515/908/84 2591/908/171 2592/907/168
f 2547/964/82 2546/962/84 2610/962/180 2611/964/166
f 2515/908/84 2516/909/82 2590/909/173 2591/908/171
f 2546/962/84 2545/931/1735 2609/931/181 2610/962/180
f 2985/997/1737 2722/997/1738 2726/998/1739 2989/998/1740
f 2606/934/180 2605/935/166 2637/935/1741 2638/934/1742
f 2632/936/176 2631/937/172 2663/937/1743 2664/936/1744
f 2989/999/1740 2726/999/1739 2730/1000/1745 2993/1000/1746
f 2605/935/166 2604/938/165 2636/938/1747 2637/935/1741
f 2631/937/172 2630/939/170 2662/939/1748 2663/937/1743
f 2993/1001/1746 2730/1001/1745 2734/1002/1749 2997/1002/1750
f 2604/938/165 2603/940/169 2635/940/1751 2636/938/1747
f 2630/939/170 2629/941/169 2661/941/1752 2662/939/1748
f 2997/1003/1750 2734/1003/1749 2738/1004/1753 3001/1004/1754
f 2603/940/169 2602/942/170 2634/942/1755 2635/940/1751
f 2629/941/169 2628/943/165 2660/943/1756 2661/941/1752
f 3001/1005/1754 2738/1005/1753 2742/1006/1757 3005/1006/1758
f 2602/942/170 2601/944/172 2633/944/1759 2634/942/1755
f 2628/943/165 2627/945/166 2659/945/1760 2660/943/1756
f 3005/1006/1758 2742/1006/1757 2746/1007/1761 3009/1007/1762
f 2601/944/172 2632/946/176 2664/946/1744 2633/944/1759
f 2627/945/166 2626/947/180 2658/947/1763 2659/945/1760
f 3009/1008/1762 2746/1008/1761 2750/1009/1764 3013/1009/1765
f 2626/947/180 2625/948/181 2657/948/1766 2658/947/1763
f 3013/1009/1765 2750/1009/1764 2754/1010/1767 3017/1010/1768
f 2625/948/181 2624/949/182 2656/949/1769 2657/948/1766
f 3017/1011/1768 2754/1011/1767 2758/1012/1770 3021/1012/1771
f 2624/949/182 2623/950/181 2655/950/1772 2656/949/1769
f 3021/1013/1771 2758/1013/1770 2762/1014/1773 3025/1014/1774
f 2623/950/181 2622/951/180 2654/951/1775 2655/950/1772
f 3025/1015/1774 2762/1015/1773 2766/1016/1776 3029/1016/1777
f 2622/951/180 2621/984/166 2653/984/1778 2654/951/1775
f 3029/1017/1777 2766/1017/1776 2770/1018/1779 3033/1018/1780
f 2789/1019/1781 2926/1020/1782 2917/1020/1783 3174/1019/1784
f 2621/984/166 2620/982/165 2652/982/1785 2653/984/1778
f 3033/1021/1780 2770/1021/1779 2774/1022/1786 3037/1022/1787
f 2929/1023/1788 2666/1023/1789 2670/1024/1790 2933/1024/1791
f 2620/982/165 2619/980/169 2651/980/1792 2652/982/1785
f 3037/1022/1787 2774/1022/1786 2778/1025/1793 3041/1025/1794
f 2933/1026/1791 2670/1026/1790 2674/1027/1795 2937/1027/1796
f 2619/980/169 2618/978/170 2650/978/1797 2651/980/1792
f 3041/1028/1794 2778/1028/1793 2782/1029/1798 3045/1029/1799
f 2937/1030/1796 2674/1030/1795 2678/1031/1800 2941/1031/1801
f 2618/978/170 2617/976/172 2649/976/1802 2650/978/1797
f 3045/1029/1799 2782/1029/1798 2786/1032/1803 2790/1032/1804
f 2941/1031/1801 2678/1031/1800 2682/1033/1805 2945/1033/1806
f 2617/976/172 2616/974/176 2648/974/1807 2649/976/1802
f 2790/1034/1804 2786/1034/1803 2921/1035/1808 2925/1035/1809
f 2945/1036/1806 2682/1036/1805 2686/1037/1810 2949/1037/1811
f 2616/974/176 2615/972/172 2647/972/1812 2648/974/1807
f 2949/1037/1811 2686/1037/1810 2690/1038/1813 2953/1038/1814
f 2615/972/172 2614/970/170 2646/970/1815 2647/972/1812
f 2953/1039/1814 2690/1039/1813 2694/1040/1816 2957/1040/1817
f 2614/970/170 2613/968/169 2645/968/1818 2646/970/1815
f 2957/1041/1817 2694/1041/1816 2698/1042/1819 2961/1042/1820
f 2613/968/169 2612/966/165 2644/966/1821 2645/968/1818
f 2961/1043/1820 2698/1043/1819 2702/1044/1822 2965/1044/1823
f 2612/966/165 2611/964/166 2643/964/1824 2644/966/1821
f 2965/1045/1823 2702/1045/1822 2706/1046/1825 2969/1046/1826
f 2611/964/166 2610/962/180 2642/962/1827 2643/964/1824
f 2969/1047/1826 2706/1047/1825 2710/1048/1828 2973/1048/1829
f 2610/962/180 2609/931/181 2641/931/1830 2642/962/1827
f 2973/1048/1829 2710/1048/1828 2714/1049/1831 2977/1049/1832
f 2609/931/181 2608/932/182 2640/932/1833 2641/931/1830
f 2977/1050/1832 2714/1050/1831 2718/1051/1834 2981/1051/1835
f 2608/932/182 2607/933/181 2639/933/1836 2640/932/1833
f 2981/1051/1835 2718/1051/1834 2722/1052/1738 2985/1052/1737
f 2607/933/181 2606/934/180 2638/934/1742 2639/933/1836
f 2570/929/174 2569/930/175 2785/930/882 2781/1053/887
f 2571/928/178 2570/929/174 2781/929/887 2777/928/892
f 2572/927/179 2571/928/178 2777/1054/892 2773/1055/894
f 2573/926/177 2572/927/179 2773/1055/894 2769/926/897
f 2574/925/173 2573/926/177 2769/1056/897 2765/925/963
f 2575/924/171 2574/925/173 2765/925/963 2761/924/960
f 2576/923/168 2575/924/171 2761/1057/960 2757/1058/957
f 2577/922/167 2576/923/168 2757/923/957 2753/922/954
f 2578/921/168 2577/922/167 2753/922/954 2749/1059/951
f 2579/920/171 2578/921/168 2749/921/951 2745/920/948
f 2580/919/173 2579/920/171 2745/1060/948 2741/1061/945
f 2581/918/177 2580/919/173 2741/1061/945 2737/918/942
f 2582/917/179 2581/918/177 2737/1062/942 2733/917/939
f 2583/916/178 2582/917/179 2733/917/939 2729/916/935
f 2584/915/174 2583/916/178 2729/1063/935 2725/1064/861
f 2585/914/175 2584/915/174 2725/1065/861 2721/914/862
f 2586/913/174 2585/914/175 2721/914/862 2717/1066/837
f 2587/912/178 2586/913/174 2717/913/837 2713/912/838
f 2588/911/179 2587/912/178 2713/1067/838 2709/1068/938
f 2589/910/177 2588/911/179 2709/1068/938 2705/910/934
f 2590/909/173 2589/910/177 2705/1069/934 2701/909/931
f 2591/908/171 2590/909/173 2701/909/931 2697/908/928
f 2592/907/168 2591/908/171 2697/1070/928 2693/1071/845
f 2593/906/167 2592/907/168 2693/907/845 2689/906/846
f 2594/905/168 2593/906/167 2689/1072/846 2685/1073/849
f 2595/904/171 2594/905/168 2685/905/849 2681/904/852
f 2596/903/173 2595/904/171 2681/1074/852 2677/1075/855
f 2597/902/177 2596/903/173 2677/1075/855 2673/902/858
f 2598/901/179 2597/902/177 2673/1076/858 2669/901/863
f 2599/900/178 2598/901/179 2669/1077/863 2665/900/870
f 2600/899/174 2599/900/178 2665/1078/870 2922/1079/875
f 2569/898/175 2600/899/174 2922/1080/875 2785/1081/882
f 2849/1082/359 2854/1083/358 2846/1084/362 2841/1085/363
f 3093/1086/458 3090/1087/459 3098/1088/455 3101/1089/454
f 2857/1090/355 2862/1091/354 2854/1083/358 2849/1092/359
f 3085/1093/462 3082/1094/463 3090/1087/459 3093/1086/458
f 2865/1095/347 2870/1096/346 2862/1091/354 2857/1090/355
f 3077/1097/466 3074/1098/467 3082/1099/463 3085/1100/462
f 2873/1101/348 2878/1102/349 2870/1096/346 2865/1095/347
f 3069/1103/470 3066/1104/471 3074/1098/467 3077/1097/466
f 2881/1105/452 2886/1106/453 2878/1102/349 2873/1101/348
f 3061/1107/474 3058/1108/475 3066/1104/471 3069/1103/470
f 2889/1109/456 2894/1110/457 2886/1106/453 2881/1105/452
f 2793/1111/469 2798/1112/468 3050/1113/481 3053/1114/480
f 2982/1115/1837 2986/1116/1838 2797/1116/1839 2805/1115/1840
f 2897/1117/460 2902/1118/461 2894/1110/457 2889/1119/456
f 3053/1114/480 3050/1120/481 3058/1108/475 3061/1107/474
f 2801/1121/393 2806/1122/1841 2798/1112/468 2793/1111/469
f 2905/1123/464 2910/1124/465 2902/1118/461 2897/1117/460
f 3042/1125/1842 3046/1126/1843 3161/1126/435 3153/1125/436
f 2978/1127/1844 2982/1115/1837 2805/1115/1840 2813/1127/420
f 2913/1128/383 2918/1129/382 2910/1124/465 2905/1130/464
f 3038/1131/1845 3042/1125/1842 3153/1125/436 3145/1131/437
f 2974/1132/1846 2978/1127/1844 2813/1127/420 2821/1133/1847
f 2633/944/1759 2664/946/1744 3169/946/1848 2914/1134/1849
f 3034/1135/1850 3038/1136/1845 3145/1136/437 3137/1135/438
f 2970/1137/1851 2974/1138/1846 2821/1132/1847 2829/1137/422
f 3046/1126/1843 2789/1139/1781 3174/1139/1784 3161/1126/435
f 3030/1140/1852 3034/1135/1850 3137/1135/438 3129/1140/439
f 2966/1141/1853 2970/1137/1851 2829/1137/422 2837/1141/423
f 3026/1142/1854 3030/1140/1852 3129/1140/439 3121/1142/440
f 2962/1143/1855 2966/1141/1853 2837/1141/423 2845/1143/424
f 3022/1144/1856 3026/1142/1854 3121/1142/440 3113/1144/441
f 2958/1145/1857 2962/1143/1855 2845/1143/424 2853/1145/425
f 2990/1146/1858 2994/1147/1859 3057/1147/448 3049/1146/449
f 2634/942/1755 2633/944/1759 2914/944/1849 2906/942/391
f 2635/940/1751 2634/942/1755 2906/942/391 2898/940/397
f 2636/938/1747 2635/940/1751 2898/940/397 2890/938/1860
f 2637/935/1741 2636/938/1747 2890/938/1860 2882/935/407
f 2638/934/1742 2637/935/1741 2882/935/407 2874/934/411
f 2639/933/1836 2638/934/1742 2874/934/411 2866/933/1861
f 2640/932/1833 2639/933/1836 2866/933/1861 2858/932/499
f 2641/931/1830 2640/932/1833 2858/932/499 2850/931/495
f 2642/962/1827 2641/931/1830 2850/931/495 2842/962/491
f 2643/964/1824 2642/962/1827 2842/962/491 2834/964/487
f 2644/966/1821 2643/964/1824 2834/964/487 2826/966/483
f 2645/968/1818 2644/966/1821 2826/966/483 2818/1148/477
f 2646/970/1815 2645/968/1818 2818/968/477 2810/970/473
f 2647/972/1812 2646/970/1815 2810/970/473 2802/972/260
f 2649/976/1802 2648/974/1807 2794/974/261 3054/976/1862
f 2648/974/1807 2647/972/1812 2802/972/260 2794/974/261
f 2650/978/1797 2649/976/1802 3054/976/1862 3062/978/1863
f 2651/980/1792 2650/978/1797 3062/978/1863 3070/980/395
f 2652/982/1785 2651/980/1792 3070/980/395 3078/982/401
f 2653/984/1778 2652/982/1785 3078/982/401 3086/1149/405
f 2654/951/1775 2653/984/1778 3086/1150/405 3094/951/409
f 2655/950/1772 2654/951/1775 3094/951/409 3102/950/413
f 2656/949/1769 2655/950/1772 3102/950/413 3110/949/501
f 2657/948/1766 2656/949/1769 3110/949/501 3118/948/497
f 2658/947/1763 2657/948/1766 3118/948/497 3126/947/493
f 2659/945/1760 2658/947/1763 3126/947/493 3134/945/489
f 2660/943/1756 2659/945/1760 3134/945/489 3142/943/485
f 2661/941/1752 2660/943/1756 3142/943/485 3150/1151/479
f 2662/939/1748 2661/941/1752 3150/941/479 3158/939/418
f 2663/937/1743 2662/939/1748 3158/939/418 3166/937/419
f 2664/936/1744 2663/937/1743 3166/937/419 3169/1152/1848
f 3101/1089/454 3098/1088/455 3106/1153/451 3109/1154/450
f 2841/1085/363 2846/1084/362 2838/1155/366 2833/1156/367
f 3109/1154/450 3106/1153/451 3114/1157/353 3117/1158/352
f 2833/1159/367 2838/1155/366 2830/1160/370 2825/1161/371
f 3117/1158/352 3114/1157/353 3122/1162/350 3125/1163/351
f 2825/1161/371 2830/1160/370 2822/1164/380 2817/1165/381
f 3125/1163/351 3122/1162/350 3130/1166/356 3133/1167/357
f 2817/1168/381 2822/1169/380 2814/1170/384 2809/1171/385
f 3133/1167/357 3130/1166/356 3138/1172/360 3141/1173/361
f 3170/1174/373 3173/1175/372 2918/1129/382 2913/1176/383
f 2986/1116/1838 2990/1177/1858 3049/1146/449 2797/1116/1839
f 3141/1173/361 3138/1172/360 3146/1178/364 3149/1179/365
f 2926/1020/1782 2930/1180/1864 2909/1180/432 2917/1020/1783
f 2809/1171/385 2814/1170/384 2806/1122/1841 2801/1121/393
f 3149/1181/365 3146/1182/364 3154/1183/368 3157/1184/369
f 2930/1180/1864 2934/1185/1865 2901/1185/431 2909/1180/432
f 2994/1147/1859 2998/1186/1866 3065/1186/447 3057/1147/448
f 3157/1184/369 3154/1183/368 3162/1187/375 3165/1188/374
f 2934/1185/1865 2938/1189/1867 2893/1189/430 2901/1185/431
f 2998/1186/1866 3002/1190/1868 3073/1190/446 3065/1186/447
f 3165/1188/374 3162/1187/375 3173/1191/372 3170/1192/373
f 2938/1189/1867 2942/1193/1869 2885/1194/429 2893/1189/430
f 3002/1190/1868 3006/1195/1870 3081/1196/445 3073/1190/446
f 2942/1193/1869 2946/1197/1871 2877/1197/428 2885/1193/429
f 3006/1196/1870 3010/1198/1872 3089/1198/444 3081/1196/445
f 2946/1197/1871 2950/1199/1873 2869/1199/427 2877/1197/428
f 3010/1198/1872 3014/1200/1874 3097/1200/443 3089/1198/444
f 2950/1199/1873 2954/1201/1875 2861/1201/426 2869/1199/427
f 3014/1200/1874 3018/1202/1876 3105/1202/442 3097/1200/443
f 2954/1201/1875 2958/1145/1857 2853/1145/425 2861/1201/426
f 3018/1202/1876 3022/1144/1856 3113/1144/441 3105/1202/442
f 2922/1079/875 2665/1078/870 2667/1203/1109 2924/899/1107
f 2924/899/1107 2667/1203/1109 2668/1204/1877 2923/1205/1106
f 2923/1205/1106 2668/1204/1877 2666/1206/1789 2921/1207/1808
f 2665/900/870 2669/1077/863 2671/901/1111 2667/1203/1109
f 2667/1203/1109 2671/901/1111 2672/1208/1878 2668/1204/1877
f 2668/1204/1877 2672/1208/1878 2670/1024/1790 2666/1023/1789
f 2669/901/863 2673/1076/858 2675/1076/1113 2671/901/1111
f 2671/901/1111 2675/1076/1113 2676/1209/1879 2672/1208/1878
f 2672/1208/1878 2676/1209/1879 2674/1027/1795 2670/1026/1790
f 2673/902/858 2677/1075/855 2679/903/1115 2675/1076/1113
f 2675/1076/1113 2679/903/1115 2680/1210/1114 2676/1209/1879
f 2676/1209/1879 2680/1210/1114 2678/1031/1800 2674/1030/1795
f 2677/1075/855 2681/1074/852 2683/1211/1880 2679/903/1115
f 2679/903/1115 2683/1211/1880 2684/1212/1881 2680/1210/1114
f 2680/1210/1114 2684/1212/1881 2682/1033/1805 2678/1031/1800
f 2681/904/852 2685/905/849 2687/1213/1119 2683/1211/1880
f 2683/1211/1880 2687/1213/1119 2688/1214/1882 2684/1212/1881
f 2684/1212/1881 2688/1214/1882 2686/1037/1810 2682/1036/1805
f 2685/1073/849 2689/1072/846 2691/906/1121 2687/1213/1119
f 2687/1213/1119 2691/906/1121 2692/1215/1883 2688/1214/1882
f 2688/1214/1882 2692/1215/1883 2690/1038/1813 2686/1037/1810
f 2689/906/846 2693/907/845 2695/1216/1123 2691/906/1121
f 2691/906/1121 2695/1216/1123 2696/1217/1884 2692/1215/1883
f 2692/1215/1883 2696/1217/1884 2694/1040/1816 2690/1039/1813
f 2693/1071/845 2697/1070/928 2699/1218/1125 2695/1216/1123
f 2695/1216/1123 2699/1218/1125 2700/1219/1885 2696/1217/1884
f 2696/1217/1884 2700/1219/1885 2698/1042/1819 2694/1041/1816
f 2697/908/928 2701/909/931 2703/909/1127 2699/1218/1125
f 2699/1218/1125 2703/909/1127 2704/1220/1886 2700/1219/1885
f 2700/1219/1885 2704/1220/1886 2702/1044/1822 2698/1043/1819
f 2701/909/931 2705/1069/934 2707/1069/1129 2703/909/1127
f 2703/909/1127 2707/1069/1129 2708/1221/1128 2704/1220/1886
f 2704/1220/1886 2708/1221/1128 2706/1046/1825 2702/1045/1822
f 2705/910/934 2709/1068/938 2711/911/1131 2707/1069/1129
f 2707/1069/1129 2711/911/1131 2712/1222/1887 2708/1221/1128
f 2708/1221/1128 2712/1222/1887 2710/1048/1828 2706/1047/1825
f 2709/1068/938 2713/1067/838 2715/1223/1133 2711/911/1131
f 2711/911/1131 2715/1223/1133 2716/1224/1888 2712/1222/1887
f 2712/1222/1887 2716/1224/1888 2714/1049/1831 2710/1048/1828
f 2713/912/838 2717/913/837 2719/1225/1135 2715/1223/1133
f 2715/1223/1133 2719/1225/1135 2720/1226/1134 2716/1224/1888
f 2716/1224/1888 2720/1226/1134 2718/1051/1834 2714/1050/1831
f 2717/1066/837 2721/914/862 2723/914/1074 2719/1225/1135
f 2719/1225/1135 2723/914/1074 2724/1227/1072 2720/1226/1134
f 2720/1226/1134 2724/1227/1072 2722/1052/1738 2718/1051/1834
f 2721/914/862 2725/1065/861 2727/1228/1075 2723/914/1074
f 2723/914/1074 2727/1228/1075 2728/1229/1073 2724/1227/1072
f 2724/1227/1072 2728/1229/1073 2726/998/1739 2722/997/1738
f 2725/1064/861 2729/1063/935 2731/1230/1077 2727/1228/1075
f 2727/1228/1075 2731/1230/1077 2732/1231/1076 2728/1229/1073
f 2728/1229/1073 2732/1231/1076 2730/1000/1745 2726/999/1739
f 2729/916/935 2733/917/939 2735/917/1079 2731/1230/1077
f 2731/1230/1077 2735/917/1079 2736/1232/1889 2732/1231/1076
f 2732/1231/1076 2736/1232/1889 2734/1002/1749 2730/1001/1745
f 2733/917/939 2737/1062/942 2739/1062/1081 2735/917/1079
f 2735/917/1079 2739/1062/1081 2740/1233/1890 2736/1232/1889
f 2736/1232/1889 2740/1233/1890 2738/1004/1753 2734/1003/1749
f 2737/918/942 2741/1061/945 2743/919/1891 2739/1062/1081
f 2739/1062/1081 2743/919/1891 2744/1234/1892 2740/1233/1890
f 2740/1233/1890 2744/1234/1892 2742/1006/1757 2738/1005/1753
f 2741/1061/945 2745/1060/948 2747/1235/1085 2743/919/1891
f 2743/919/1891 2747/1235/1085 2748/1236/1893 2744/1234/1892
f 2744/1234/1892 2748/1236/1893 2746/1007/1761 2742/1006/1757
f 2745/920/948 2749/921/951 2751/1237/1087 2747/1235/1085
f 2747/1235/1085 2751/1237/1087 2752/1238/1894 2748/1236/1893
f 2748/1236/1893 2752/1238/1894 2750/1009/1764 2746/1008/1761
f 2749/1059/951 2753/922/954 2755/922/1089 2751/1237/1087
f 2751/1237/1087 2755/922/1089 2756/1239/1088 2752/1238/1894
f 2752/1238/1894 2756/1239/1088 2754/1010/1767 2750/1009/1764
f 2753/922/954 2757/923/957 2759/1240/1091 2755/922/1089
f 2755/922/1089 2759/1240/1091 2760/1241/1895 2756/1239/1088
f 2756/1239/1088 2760/1241/1895 2758/1012/1770 2754/1011/1767
f 2757/1058/957 2761/1057/960 2763/1242/1093 2759/1240/1091
f 2759/1240/1091 2763/1242/1093 2764/1243/1896 2760/1241/1895
f 2760/1241/1895 2764/1243/1896 2762/1014/1773 2758/1013/1770
f 2761/924/960 2765/925/963 2767/925/1897 2763/1242/1093
f 2763/1242/1093 2767/925/1897 2768/1244/1898 2764/1243/1896
f 2764/1243/1896 2768/1244/1898 2766/1016/1776 2762/1015/1773
f 2765/925/963 2769/1056/897 2771/1056/1899 2767/925/1897
f 2767/925/1897 2771/1056/1899 2772/1245/1900 2768/1244/1898
f 2768/1244/1898 2772/1245/1900 2770/1018/1779 2766/1017/1776
f 2769/926/897 2773/1055/894 2775/927/1099 2771/1056/1899
f 2771/1056/1899 2775/927/1099 2776/1246/1098 2772/1245/1900
f 2772/1245/1900 2776/1246/1098 2774/1022/1786 2770/1021/1779
f 2773/1055/894 2777/1054/892 2779/1247/1101 2775/927/1099
f 2775/927/1099 2779/1247/1101 2780/1248/1100 2776/1246/1098
f 2776/1246/1098 2780/1248/1100 2778/1025/1793 2774/1022/1786
f 2777/928/892 2781/929/887 2783/1249/1103 2779/1247/1101
f 2779/1247/1101 2783/1249/1103 2784/1250/1102 2780/1248/1100
f 2780/1248/1100 2784/1250/1102 2782/1029/1798 2778/1028/1793
f 2781/1053/887 2785/930/882 2787/930/1105 2783/1249/1103
f 2783/1249/1103 2787/930/1105 2788/1251/1104 2784/1250/1102
f 2784/1250/1102 2788/1251/1104 2786/1032/1803 2782/1029/1798
f 3170/1174/373 2913/1176/383 2915/1252/725 3172/1253/1901
f 3172/1253/1901 2915/1252/725 2916/944/724 3171/1254/726
f 3171/1254/726 2916/944/724 2914/1134/1849 3169/946/1848
f 2785/1081/882 2922/1080/875 2924/899/1107 2787/1081/1105
f 2787/1081/1105 2924/899/1107 2923/1205/1106 2788/1255/1104
f 2788/1255/1104 2923/1205/1106 2921/1035/1808 2786/1034/1803
f 2790/1034/1804 2925/1035/1809 2927/1256/1902 2792/1257/1903
f 2792/1257/1903 2927/1256/1902 2928/1020/1904 2791/1258/1905
f 2791/1258/1905 2928/1020/1904 2926/1020/1782 2789/1019/1781
f 2925/1207/1809 2929/1206/1788 2931/1259/1906 2927/1256/1902
f 2927/1256/1902 2931/1259/1906 2932/1260/1907 2928/1020/1904
f 2928/1020/1904 2932/1260/1907 2930/1180/1864 2926/1020/1782
f 2929/1023/1788 2933/1024/1791 2935/1261/1908 2931/1259/1906
f 2931/1259/1906 2935/1261/1908 2936/1262/1909 2932/1260/1907
f 2932/1260/1907 2936/1262/1909 2934/1185/1865 2930/1180/1864
f 2933/1026/1791 2937/1027/1796 2939/1263/1910 2935/1261/1908
f 2935/1261/1908 2939/1263/1910 2940/1189/1911 2936/1262/1909
f 2936/1262/1909 2940/1189/1911 2938/1189/1867 2934/1185/1865
f 2937/1030/1796 2941/1031/1801 2943/1264/1912 2939/1263/1910
f 2939/1263/1910 2943/1264/1912 2944/1193/1913 2940/1189/1911
f 2940/1189/1911 2944/1193/1913 2942/1193/1869 2938/1189/1867
f 2941/1031/1801 2945/1033/1806 2947/1265/1914 2943/1264/1912
f 2943/1264/1912 2947/1265/1914 2948/1197/1915 2944/1193/1913
f 2944/1193/1913 2948/1197/1915 2946/1197/1871 2942/1193/1869
f 2945/1036/1806 2949/1037/1811 2951/1266/1916 2947/1265/1914
f 2947/1265/1914 2951/1266/1916 2952/1267/1917 2948/1197/1915
f 2948/1197/1915 2952/1267/1917 2950/1199/1873 2946/1197/1871
f 2949/1037/1811 2953/1038/1814 2955/1268/1918 2951/1266/1916
f 2951/1266/1916 2955/1268/1918 2956/1269/1919 2952/1267/1917
f 2952/1267/1917 2956/1269/1919 2954/1201/1875 2950/1199/1873
f 2953/1039/1814 2957/1040/1817 2959/1270/1920 2955/1268/1918
f 2955/1268/1918 2959/1270/1920 2960/1145/1921 2956/1269/1919
f 2956/1269/1919 2960/1145/1921 2958/1145/1857 2954/1201/1875
f 2957/1041/1817 2961/1042/1820 2963/1271/1922 2959/1270/1920
f 2959/1270/1920 2963/1271/1922 2964/1143/1923 2960/1145/1921
f 2960/1145/1921 2964/1143/1923 2962/1143/1855 2958/1145/1857
f 2961/1043/1820 2965/1044/1823 2967/1272/1924 2963/1271/1922
f 2963/1271/1922 2967/1272/1924 2968/1141/1925 2964/1143/1923
f 2964/1143/1923 2968/1141/1925 2966/1141/1853 2962/1143/1855
f 2965/1045/1823 2969/1046/1826 2971/1273/1926 2967/1272/1924
f 2967/1272/1924 2971/1273/1926 2972/1274/1927 2968/1141/1925
f 2968/1141/1925 2972/1274/1927 2970/1137/1851 2966/1141/1853
f 2969/1047/1826 2973/1048/1829 2975/1275/1928 2971/1273/1926
f 2971/1273/1926 2975/1275/1928 2976/1138/1929 2972/1274/1927
f 2972/1274/1927 2976/1138/1929 2974/1138/1846 2970/1137/1851
f 2973/1048/1829 2977/1049/1832 2979/1276/1930 2975/1275/1928
f 2975/1275/1928 2979/1276/1930 2980/1127/1931 2976/1138/1929
f 2976/1138/1929 2980/1127/1931 2978/1127/1844 2974/1132/1846
f 2977/1050/1832 2981/1051/1835 2983/1277/1932 2979/1276/1930
f 2979/1276/1930 2983/1277/1932 2984/1115/1933 2980/1127/1931
f 2980/1127/1931 2984/1115/1933 2982/1115/1837 2978/1127/1844
f 2981/1051/1835 2985/1052/1737 2987/1278/1934 2983/1277/1932
f 2983/1277/1932 2987/1278/1934 2988/1279/1935 2984/1115/1933
f 2984/1115/1933 2988/1279/1935 2986/1116/1838 2982/1115/1837
f 2985/997/1737 2989/998/1740 2991/1280/1936 2987/1278/1934
f 2987/1278/1934 2991/1280/1936 2992/1177/1937 2988/1279/1935
f 2988/1279/1935 2992/1177/1937 2990/1177/1858 2986/1116/1838
f 2989/999/1740 2993/1000/1746 2995/1281/1938 2991/1280/1936
f 2991/1280/1936 2995/1281/1938 2996/1282/1939 2992/1177/1937
f 2992/1177/1937 2996/1282/1939 2994/1147/1859 2990/1146/1858
f 2993/1001/1746 2997/1002/1750 2999/1283/1940 2995/1281/1938
f 2995/1281/1938 2999/1283/1940 3000/1284/1941 2996/1282/1939
f 2996/1282/1939 3000/1284/1941 2998/1186/1866 2994/1147/1859
f 2997/1003/1750 3001/1004/1754 3003/1285/1942 2999/1283/1940
f 2999/1283/1940 3003/1285/1942 3004/1190/1943 3000/1284/1941
f 3000/1284/1941 3004/1190/1943 3002/1190/1868 2998/1186/1866
f 3001/1005/1754 3005/1006/1758 3007/1286/1944 3003/1285/1942
f 3003/1285/1942 3007/1286/1944 3008/1287/1945 3004/1190/1943
f 3004/1190/1943 3008/1287/1945 3006/1195/1870 3002/1190/1868
f 3005/1006/1758 3009/1007/1762 3011/1288/1946 3007/1286/1944
f 3007/1286/1944 3011/1288/1946 3012/1289/1947 3008/1287/1945
f 3008/1287/1945 3012/1289/1947 3010/1198/1872 3006/1196/1870
f 3009/1008/1762 3013/1009/1765 3015/1290/1948 3011/1288/1946
f 3011/1288/1946 3015/1290/1948 3016/1200/1949 3012/1289/1947
f 3012/1289/1947 3016/1200/1949 3014/1200/1874 3010/1198/1872
f 3013/1009/1765 3017/1010/1768 3019/1291/1950 3015/1290/1948
f 3015/1290/1948 3019/1291/1950 3020/1292/1951 3016/1200/1949
f 3016/1200/1949 3020/1292/1951 3018/1202/1876 3014/1200/1874
f 3017/1011/1768 3021/1012/1771 3023/1293/1952 3019/1291/1950
f 3019/1291/1950 3023/1293/1952 3024/1294/1953 3020/1292/1951
f 3020/1292/1951 3024/1294/1953 3022/1144/1856 3018/1202/1876
f 3021/1013/1771 3025/1014/1774 3027/1295/1954 3023/1293/1952
f 3023/1293/1952 3027/1295/1954 3028/1142/1955 3024/1294/1953
f 3024/1294/1953 3028/1142/1955 3026/1142/1854 3022/1144/1856
f 3025/1015/1774 3029/1016/1777 3031/1296/1956 3027/1295/1954
f 3027/1295/1954 3031/1296/1956 3032/1140/1957 3028/1142/1955
f 3028/1142/1955 3032/1140/1957 3030/1140/1852 3026/1142/1854
f 3029/1017/1777 3033/1018/1780 3035/1297/1958 3031/1296/1956
f 3031/1296/1956 3035/1297/1958 3036/1135/1959 3032/1140/1957
f 3032/1140/1957 3036/1135/1959 3034/1135/1850 3030/1140/1852
f 3033/1021/1780 3037/1022/1787 3039/1298/1960 3035/1297/1958
f 3035/1297/1958 3039/1298/1960 3040/1299/1961 3036/1135/1959
f 3036/1135/1959 3040/1299/1961 3038/1136/1845 3034/1135/1850
f 3037/1022/1787 3041/1025/1794 3043/1300/1962 3039/1298/1960
f 3039/1298/1960 3043/1300/1962 3044/1301/1963 3040/1299/1961
f 3040/1299/1961 3044/1301/1963 3042/1125/1842 3038/1131/1845
f 3041/1028/1794 3045/1029/1799 3047/1302/1964 3043/1300/1962
f 3043/1300/1962 3047/1302/1964 3048/1303/1965 3044/1301/1963
f 3044/1301/1963 3048/1303/1965 3046/1126/1843 3042/1125/1842
f 3045/1029/1799 2790/1032/1804 2792/1304/1903 3047/1302/1964
f 3047/1302/1964 2792/1304/1903 2791/1305/1905 3048/1303/1965
f 3048/1303/1965 2791/1305/1905 2789/1139/1781 3046/1126/1843
f 2913/1128/383 2905/1130/464 2907/1306/723 2915/1252/725
f 2915/1252/725 2907/1306/723 2908/942/722 2916/944/724
f 2916/944/724 2908/942/722 2906/942/391 2914/944/1849
f 2905/1123/464 2897/1117/460 2899/1307/1966 2907/1306/723
f 2907/1306/723 2899/1307/1966 2900/1308/720 2908/942/722
f 2908/942/722 2900/1308/720 2898/940/397 2906/942/391
f 2897/1117/460 2889/1119/456 2891/1309/1967 2899/1307/1966
f 2899/1307/1966 2891/1309/1967 2892/938/718 2900/1308/720
f 2900/1308/720 2892/938/718 2890/938/1860 2898/940/397
f 2889/1109/456 2881/1105/452 2883/1310/1968 2891/1309/1967
f 2891/1309/1967 2883/1310/1968 2884/1311/1969 2892/938/718
f 2892/938/718 2884/1311/1969 2882/935/407 2890/938/1860
f 2881/1105/452 2873/1101/348 2875/1312/715 2883/1310/1968
f 2883/1310/1968 2875/1312/715 2876/934/1970 2884/1311/1969
f 2884/1311/1969 2876/934/1970 2874/934/411 2882/935/407
f 2873/1101/348 2865/1095/347 2867/1313/713 2875/1312/715
f 2875/1312/715 2867/1313/713 2868/933/1971 2876/934/1970
f 2876/934/1970 2868/933/1971 2866/933/1861 2874/934/411
f 2865/1095/347 2857/1090/355 2859/1314/711 2867/1313/713
f 2867/1313/713 2859/1314/711 2860/1315/710 2868/933/1971
f 2868/933/1971 2860/1315/710 2858/932/499 2866/933/1861
f 2857/1090/355 2849/1092/359 2851/1316/709 2859/1314/711
f 2859/1314/711 2851/1316/709 2852/931/708 2860/1315/710
f 2860/1315/710 2852/931/708 2850/931/495 2858/932/499
f 2849/1082/359 2841/1085/363 2843/1317/707 2851/1316/709
f 2851/1316/709 2843/1317/707 2844/962/706 2852/931/708
f 2852/931/708 2844/962/706 2842/962/491 2850/931/495
f 2841/1085/363 2833/1156/367 2835/1318/1972 2843/1317/707
f 2843/1317/707 2835/1318/1972 2836/1319/1973 2844/962/706
f 2844/962/706 2836/1319/1973 2834/964/487 2842/962/491
f 2833/1159/367 2825/1161/371 2827/1320/1974 2835/1318/1972
f 2835/1318/1972 2827/1320/1974 2828/966/702 2836/1319/1973
f 2836/1319/1973 2828/966/702 2826/966/483 2834/964/487
f 2825/1161/371 2817/1165/381 2819/1321/1975 2827/1320/1974
f 2827/1320/1974 2819/1321/1975 2820/1148/700 2828/966/702
f 2828/966/702 2820/1148/700 2818/1148/477 2826/966/483
f 2817/1168/381 2809/1171/385 2811/1322/699 2819/1321/1975
f 2819/1321/1975 2811/1322/699 2812/1323/698 2820/1148/700
f 2820/1148/700 2812/1323/698 2810/970/473 2818/968/477
f 2809/1171/385 2801/1121/393 2803/1324/696 2811/1322/699
f 2811/1322/699 2803/1324/696 2804/972/694 2812/1323/698
f 2812/1323/698 2804/972/694 2802/972/260 2810/970/473
f 2801/1121/393 2793/1111/469 2795/1325/697 2803/1324/696
f 2803/1324/696 2795/1325/697 2796/1326/695 2804/972/694
f 2804/972/694 2796/1326/695 2794/974/261 2802/972/260
f 2793/1111/469 3053/1114/480 3055/1327/1976 2795/1325/697
f 2795/1325/697 3055/1327/1976 3056/976/756 2796/1326/695
f 2796/1326/695 3056/976/756 3054/976/1862 2794/974/261
f 3053/1114/480 3061/1107/474 3063/1328/755 3055/1327/1976
f 3055/1327/1976 3063/1328/755 3064/1329/1977 3056/976/756
f 3056/976/756 3064/1329/1977 3062/978/1863 3054/976/1862
f 3061/1107/474 3069/1103/470 3071/1330/753 3063/1328/755
f 3063/1328/755 3071/1330/753 3072/980/1978 3064/1329/1977
f 3064/1329/1977 3072/980/1978 3070/980/395 3062/978/1863
f 3069/1103/470 3077/1097/466 3079/1331/751 3071/1330/753
f 3071/1330/753 3079/1331/751 3080/982/750 3072/980/1978
f 3072/980/1978 3080/982/750 3078/982/401 3070/980/395
f 3077/1097/466 3085/1100/462 3087/1332/749 3079/1331/751
f 3079/1331/751 3087/1332/749 3088/984/1979 3080/982/750
f 3080/982/750 3088/984/1979 3086/1149/405 3078/982/401
f 3085/1093/462 3093/1086/458 3095/1333/747 3087/1332/749
f 3087/1332/749 3095/1333/747 3096/951/746 3088/984/1979
f 3088/984/1979 3096/951/746 3094/951/409 3086/1150/405
f 3093/1086/458 3101/1089/454 3103/1334/745 3095/1333/747
f 3095/1333/747 3103/1334/745 3104/950/744 3096/951/746
f 3096/951/746 3104/950/744 3102/950/413 3094/951/409
f 3101/1089/454 3109/1154/450 3111/1335/743 3103/1334/745
f 3103/1334/745 3111/1335/743 3112/1336/742 3104/950/744
f 3104/950/744 3112/1336/742 3110/949/501 3102/950/413
f 3109/1154/450 3117/1158/352 3119/1337/741 3111/1335/743
f 3111/1335/743 3119/1337/741 3120/948/740 3112/1336/742
f 3112/1336/742 3120/948/740 3118/948/497 3110/949/501
f 3117/1158/352 3125/1163/351 3127/1338/739 3119/1337/741
f 3119/1337/741 3127/1338/739 3128/947/1980 3120/948/740
f 3120/948/740 3128/947/1980 3126/947/493 3118/948/497
f 3125/1163/351 3133/1167/357 3135/1339/1981 3127/1338/739
f 3127/1338/739 3135/1339/1981 3136/1340/1982 3128/947/1980
f 3128/947/1980 3136/1340/1982 3134/945/489 3126/947/493
f 3133/1167/357 3141/1173/361 3143/1341/1983 3135/1339/1981
f 3135/1339/1981 3143/1341/1983 3144/943/734 3136/1340/1982
f 3136/1340/1982 3144/943/734 3142/943/485 3134/945/489
f 3141/1173/361 3149/1179/365 3151/1342/733 3143/1341/1983
f 3143/1341/1983 3151/1342/733 3152/1343/732 3144/943/734
f 3144/943/734 3152/1343/732 3150/1151/479 3142/943/485
f 3149/1181/365 3157/1184/369 3159/1344/731 3151/1342/733
f 3151/1342/733 3159/1344/731 3160/1345/730 3152/1343/732
f 3152/1343/732 3160/1345/730 3158/939/418 3150/941/479
f 3157/1184/369 3165/1188/374 3167/1346/729 3159/1344/731
f 3159/1344/731 3167/1346/729 3168/937/728 3160/1345/730
f 3160/1345/730 3168/937/728 3166/937/419 3158/939/418
f 3165/1188/374 3170/1192/373 3172/1347/1901 3167/1346/729
f 3167/1346/729 3172/1347/1901 3171/1348/726 3168/937/728
f 3168/937/728 3171/1348/726 3169/1152/1848 3166/937/419
f 3174/1019/1784 2917/1020/1783 2919/1020/661 3176/1349/663
f 3176/1349/663 2919/1020/661 2920/1350/660 3175/1351/1984
f 3175/1351/1984 2920/1350/660 2918/1129/382 3173/1175/372
f 2917/1020/1783 2909/1180/432 2911/1180/1985 2919/1020/661
f 2919/1020/661 2911/1180/1985 2912/1352/658 2920/1350/660
f 2920/1350/660 2912/1352/658 2910/1124/465 2918/1129/382
f 2909/1180/432 2901/1185/431 2903/1185/657 2911/1180/1985
f 2911/1180/1985 2903/1185/657 2904/1353/656 2912/1352/658
f 2912/1352/658 2904/1353/656 2902/1118/461 2910/1124/465
f 2901/1185/431 2893/1189/430 2895/1189/655 2903/1185/657
f 2903/1185/657 2895/1189/655 2896/1354/1986 2904/1353/656
f 2904/1353/656 2896/1354/1986 2894/1110/457 2902/1118/461
f 2893/1189/430 2885/1194/429 2887/1194/1987 2895/1189/655
f 2895/1189/655 2887/1194/1987 2888/1355/1988 2896/1354/1986
f 2896/1354/1986 2888/1355/1988 2886/1106/453 2894/1110/457
f 2885/1193/429 2877/1197/428 2879/1197/1989 2887/1194/1987
f 2887/1194/1987 2879/1197/1989 2880/1356/650 2888/1355/1988
f 2888/1355/1988 2880/1356/650 2878/1102/349 2886/1106/453
f 2877/1197/428 2869/1199/427 2871/1199/649 2879/1197/1989
f 2879/1197/1989 2871/1199/649 2872/1357/648 2880/1356/650
f 2880/1356/650 2872/1357/648 2870/1096/346 2878/1102/349
f 2869/1199/427 2861/1201/426 2863/1201/647 2871/1199/649
f 2871/1199/649 2863/1201/647 2864/1358/646 2872/1357/648
f 2872/1357/648 2864/1358/646 2862/1091/354 2870/1096/346
f 2861/1201/426 2853/1145/425 2855/1145/1990 2863/1201/647
f 2863/1201/647 2855/1145/1990 2856/1359/644 2864/1358/646
f 2864/1358/646 2856/1359/644 2854/1083/358 2862/1091/354
f 2853/1145/425 2845/1143/424 2847/1143/643 2855/1145/1990
f 2855/1145/1990 2847/1143/643 2848/1360/642 2856/1359/644
f 2856/1359/644 2848/1360/642 2846/1084/362 2854/1083/358
f 2845/1143/424 2837/1141/423 2839/1141/641 2847/1143/643
f 2847/1143/643 2839/1141/641 2840/1361/1991 2848/1360/642
f 2848/1360/642 2840/1361/1991 2838/1155/366 2846/1084/362
f 2837/1141/423 2829/1137/422 2831/1137/639 2839/1141/641
f 2839/1141/641 2831/1137/639 2832/1362/1992 2840/1361/1991
f 2840/1361/1991 2832/1362/1992 2830/1160/370 2838/1155/366
f 2829/1137/422 2821/1132/1847 2823/1132/637 2831/1137/639
f 2831/1137/639 2823/1132/637 2824/1363/636 2832/1362/1992
f 2832/1362/1992 2824/1363/636 2822/1164/380 2830/1160/370
f 2821/1133/1847 2813/1127/420 2815/1127/1993 2823/1132/637
f 2823/1132/637 2815/1127/1993 2816/1364/1994 2824/1363/636
f 2824/1363/636 2816/1364/1994 2814/1170/384 2822/1169/380
f 2813/1127/420 2805/1115/1840 2807/1115/568 2815/1127/1993
f 2815/1127/1993 2807/1115/568 2808/1365/566 2816/1364/1994
f 2816/1364/1994 2808/1365/566 2806/1122/1841 2814/1170/384
f 2805/1115/1840 2797/1116/1839 2799/1116/569 2807/1115/568
f 2807/1115/568 2799/1116/569 2800/1366/567 2808/1365/566
f 2808/1365/566 2800/1366/567 2798/1112/468 2806/1122/1841
f 2797/1116/1839 3049/1146/449 3051/1146/693 2799/1116/569
f 2799/1116/569 3051/1146/693 3052/1367/692 2800/1366/567
f 2800/1366/567 3052/1367/692 3050/1113/481 2798/1112/468
f 3049/1146/449 3057/1147/448 3059/1147/1995 3051/1146/693
f 3051/1146/693 3059/1147/1995 3060/1368/690 3052/1367/692
f 3052/1367/692 3060/1368/690 3058/1108/475 3050/1120/481
f 3057/1147/448 3065/1186/447 3067/1186/689 3059/1147/1995
f 3059/1147/1995 3067/1186/689 3068/1369/688 3060/1368/690
f 3060/1368/690 3068/1369/688 3066/1104/471 3058/1108/475
f 3065/1186/447 3073/1190/446 3075/1190/687 3067/1186/689
f 3067/1186/689 3075/1190/687 3076/1370/686 3068/1369/688
f 3068/1369/688 3076/1370/686 3074/1098/467 3066/1104/471
f 3073/1190/446 3081/1196/445 3083/1195/1996 3075/1190/687
f 3075/1190/687 3083/1195/1996 3084/1371/1997 3076/1370/686
f 3076/1370/686 3084/1371/1997 3082/1099/463 3074/1098/467
f 3081/1196/445 3089/1198/444 3091/1198/683 3083/1195/1996
f 3083/1195/1996 3091/1198/683 3092/1372/682 3084/1371/1997
f 3084/1371/1997 3092/1372/682 3090/1087/459 3082/1094/463
f 3089/1198/444 3097/1200/443 3099/1200/681 3091/1198/683
f 3091/1198/683 3099/1200/681 3100/1373/1998 3092/1372/682
f 3092/1372/682 3100/1373/1998 3098/1088/455 3090/1087/459
f 3097/1200/443 3105/1202/442 3107/1202/679 3099/1200/681
f 3099/1200/681 3107/1202/679 3108/1374/678 3100/1373/1998
f 3100/1373/1998 3108/1374/678 3106/1153/451 3098/1088/455
f 3105/1202/442 3113/1144/441 3115/1144/677 3107/1202/679
f 3107/1202/679 3115/1144/677 3116/1375/676 3108/1374/678
f 3108/1374/678 3116/1375/676 3114/1157/353 3106/1153/451
f 3113/1144/441 3121/1142/440 3123/1142/675 3115/1144/677
f 3115/1144/677 3123/1142/675 3124/1376/674 3116/1375/676
f 3116/1375/676 3124/1376/674 3122/1162/350 3114/1157/353
f 3121/1142/440 3129/1140/439 3131/1140/1999 3123/1142/675
f 3123/1142/675 3131/1140/1999 3132/1377/672 3124/1376/674
f 3124/1376/674 3132/1377/672 3130/1166/356 3122/1162/350
f 3129/1140/439 3137/1135/438 3139/1135/671 3131/1140/1999
f 3131/1140/1999 3139/1135/671 3140/1378/670 3132/1377/672
f 3132/1377/672 3140/1378/670 3138/1172/360 3130/1166/356
f 3137/1135/438 3145/1136/437 3147/1131/669 3139/1135/671
f 3139/1135/671 3147/1131/669 3148/1379/668 3140/1378/670
f 3140/1378/670 3148/1379/668 3146/1178/364 3138/1172/360
f 3145/1131/437 3153/1125/436 3155/1125/2000 3147/1131/669
f 3147/1131/669 3155/1125/2000 3156/1380/666 3148/1379/668
f 3148/1379/668 3156/1380/666 3154/1183/368 3146/1182/364
f 3153/1125/436 3161/1126/435 3163/1126/665 3155/1125/2000
f 3155/1125/2000 3163/1126/665 3164/1381/664 3156/1380/666
f 3156/1380/666 3164/1381/664 3162/1187/375 3154/1183/368
f 3161/1126/435 3174/1139/1784 3176/1382/663 3163/1126/665
f 3163/1126/665 3176/1382/663 3175/1383/1984 3164/1381/664
f 3164/1381/664 3175/1383/1984 3173/1191/372 3162/1187/375
f 2925/1207/1809 2921/1207/1808 2666/1206/1789 2929/1206/1788
f 3565/1384/2001 3497/1384/2002 3493/1385/2003 3569/1385/2004
f 3215/1386/192 3214/1387/193 3247/1387/3 3248/1386/3
f 3569/1388/2004 3493/1388/2003 3489/1389/2005 3573/1389/2006
f 3216/1390/191 3215/1386/192 3248/1386/3 3249/1390/3
f 3573/1389/2006 3489/1389/2005 3485/1391/2007 3577/1391/2008
f 3217/1392/190 3216/1390/191 3249/1390/3 3250/1392/3
f 3577/1391/2008 3485/1391/2007 3481/1393/2009 3581/1393/2010
f 3218/1394/189 3217/1392/190 3250/1392/3 3251/1394/3
f 3581/1395/2010 3481/1395/2009 3477/1396/2011 3585/1396/2012
f 3219/1397/188 3218/1394/189 3251/1394/3 3252/1397/3
f 3585/1396/2012 3477/1396/2011 3473/1398/2013 3589/1398/2014
f 3220/1399/187 3219/1397/188 3252/1397/3 3253/1399/3
f 3589/1400/2014 3473/1400/2013 3469/1401/1738 3593/1401/2015
f 3221/1402/186 3220/1399/187 3253/1399/3 3254/1402/3
f 3222/1403/185 3221/1402/186 3254/1402/3 3255/1403/3
f 3593/1404/2015 3469/1404/1738 3465/1405/2016 3597/1405/2017
f 3223/1406/184 3222/1403/185 3255/1403/3 3256/1406/3
f 3597/1405/2017 3465/1405/2016 3461/1407/1745 3601/1407/2018
f 3224/1408/183 3223/1406/184 3256/1406/3 3257/1408/3
f 3601/1409/2018 3461/1409/1745 3457/1410/1749 3605/1410/2019
f 3225/1411/213 3224/1408/183 3257/1408/3 3258/1411/3
f 3605/1410/2019 3457/1410/1749 3453/1412/1753 3609/1412/2020
f 3226/1413/212 3225/1411/213 3258/1411/3 3259/1413/3
f 3609/1412/2020 3453/1412/1753 3449/1414/2021 3613/1414/2022
f 3227/1415/211 3226/1413/212 3259/1413/3 3260/1415/3
f 3613/1416/2022 3449/1416/2021 3445/1417/1761 3617/1417/2023
f 3228/1418/210 3227/1415/211 3260/1415/3 3261/1418/3
f 3617/1417/2023 3445/1417/1761 3441/1419/2024 3621/1419/2025
f 3229/1420/209 3228/1418/210 3261/1418/3 3262/1420/3
f 3621/1421/2025 3441/1421/2024 3437/1422/893 3625/1422/1767
f 3625/1423/1767 3437/1423/893 3433/1424/2026 3629/1424/2027
f 3230/1425/208 3229/1420/209 3262/1420/3 3263/1425/3
f 3629/1424/2027 3433/1424/2026 3429/1426/1773 3633/1426/2028
f 3231/1427/207 3230/1425/208 3263/1425/3 3264/1427/3
f 3633/1428/2028 3429/1428/1773 3425/1429/1776 3637/1429/2029
f 3232/1430/181 3231/1427/207 3264/1427/3 3265/1430/3
f 3206/994/791 3207/995/789 3410/995/887 3414/994/892
f 3233/1431/206 3232/1430/181 3265/1430/3 3266/1431/3
f 3637/1429/2029 3425/1429/1776 3421/1432/2030 3641/1432/2031
f 3533/1433/2032 3529/1433/2033 3525/1434/1789 3537/1434/2034
f 3234/1435/205 3233/1431/206 3266/1431/3 3267/1435/3
f 3641/1432/2031 3421/1432/2030 3417/1436/1786 3645/1436/2035
f 3537/1437/2034 3525/1437/1789 3521/1438/2036 3541/1438/2037
f 3235/1439/204 3234/1435/205 3267/1435/3 3268/1439/3
f 3645/1440/2035 3417/1440/1786 3413/1441/2038 3649/1441/2039
f 3541/1438/2037 3521/1438/2036 3517/1442/2040 3545/1442/2041
f 3209/1443/198 3240/1444/199 3241/1444/3 3242/1443/3
f 3236/1445/203 3235/1439/204 3268/1439/3 3269/1445/3
f 3649/1441/2039 3413/1441/2038 3409/1446/2042 3653/1446/2043
f 3545/1442/2041 3517/1442/2040 3513/1447/2044 3549/1447/2045
f 3210/1448/197 3209/1443/198 3242/1443/3 3243/1448/3
f 3237/1449/202 3236/1445/203 3269/1445/3 3270/1449/3
f 3208/952/786 3177/953/784 3530/953/875 3405/952/882
f 3549/1450/2045 3513/1450/2044 3509/1451/2046 3553/1451/2047
f 3211/1452/196 3210/1448/197 3243/1448/3 3244/1452/3
f 3238/1453/201 3237/1449/202 3270/1449/3 3271/1453/3
f 3553/1451/2047 3509/1451/2046 3505/1454/2048 3557/1454/2049
f 3212/1455/195 3211/1452/196 3244/1452/3 3245/1455/3
f 3239/1456/200 3238/1453/201 3271/1453/3 3272/1456/3
f 3557/1457/2049 3505/1457/2048 3501/1458/1813 3561/1458/2050
f 3213/1459/194 3212/1455/195 3245/1455/3 3246/1459/3
f 3240/1460/199 3239/1456/200 3272/1456/3 3241/1460/3
f 3561/1461/2050 3501/1461/1813 3497/1384/2002 3565/1384/2001
f 3214/1387/193 3213/1459/194 3246/1459/3 3247/1387/3
f 2503/104/104 3239/1456/200 3240/1460/199 2441/106/102
f 2501/70/106 3238/1453/201 3239/1456/200 2503/104/104
f 2499/68/108 3237/1449/202 3238/1453/201 2501/70/106
f 2497/11/110 3236/1445/203 3237/1449/202 2499/68/108
f 2495/65/112 3235/1439/204 3236/1445/203 2497/11/110
f 2493/63/114 3234/1435/205 3235/1439/204 2495/65/112
f 2491/61/116 3233/1431/206 3234/1435/205 2493/63/114
f 2489/59/118 3232/1430/181 3233/1431/206 2491/61/116
f 2487/57/119 3231/1427/207 3232/1430/181 2489/59/118
f 2485/55/121 3230/1425/208 3231/1427/207 2487/57/119
f 2483/53/123 3229/1420/209 3230/1425/208 2485/55/121
f 2481/6/125 3228/1418/210 3229/1420/209 2483/53/123
f 2479/51/127 3227/1415/211 3228/1418/210 2481/6/125
f 2477/49/129 3226/1413/212 3227/1415/211 2479/51/127
f 2475/47/131 3225/1411/213 3226/1413/212 2477/49/129
f 2473/45/72 3224/1408/183 3225/1411/213 2475/47/131
f 2471/43/73 3223/1406/184 3224/1408/183 2473/45/72
f 2469/41/75 3222/1403/185 3223/1406/184 2471/43/73
f 2467/39/77 3221/1402/186 3222/1403/185 2469/41/75
f 2465/5/79 3220/1399/187 3221/1402/186 2467/39/77
f 2463/37/81 3219/1397/188 3220/1399/187 2465/5/79
f 2461/35/83 3218/1394/189 3219/1397/188 2463/37/81
f 2459/33/85 3217/1392/190 3218/1394/189 2461/35/83
f 2457/31/87 3216/1390/191 3217/1392/190 2459/33/85
f 2455/29/88 3215/1386/192 3216/1390/191 2457/31/87
f 2453/27/90 3214/1387/193 3215/1386/192 2455/29/88
f 2451/25/92 3213/1459/194 3214/1387/193 2453/27/90
f 2449/13/94 3212/1455/195 3213/1459/194 2451/25/92
f 2447/22/96 3211/1452/196 3212/1455/195 2449/13/94
f 2445/20/98 3210/1448/197 3211/1452/196 2447/22/96
f 2443/18/100 3209/1443/198 3210/1448/197 2445/20/98
f 2441/15/102 3240/1444/199 3209/1443/198 2443/18/100
f 3207/995/789 3208/996/786 3405/996/882 3410/995/887
f 3205/993/794 3206/994/791 3414/994/892 3418/993/894
f 3204/992/797 3205/993/794 3418/993/894 3422/992/897
f 3203/991/799 3204/992/797 3422/1462/897 3426/991/963
f 3202/990/802 3203/991/799 3426/991/963 3430/990/960
f 3201/989/804 3202/990/802 3430/990/960 3434/989/957
f 3200/988/168 3201/989/804 3434/989/957 3438/988/954
f 3199/987/806 3200/988/168 3438/988/954 3442/987/951
f 3198/986/811 3199/987/806 3442/987/951 3446/986/948
f 3197/985/815 3198/986/811 3446/986/948 3450/985/945
f 3196/983/821 3197/985/815 3450/985/945 3454/983/942
f 3195/981/827 3196/983/821 3454/1463/942 3458/981/939
f 3194/979/831 3195/981/827 3458/981/939 3462/979/935
f 3193/977/835 3194/979/831 3462/979/935 3466/977/861
f 3192/975/820 3193/977/835 3466/977/861 3470/975/862
f 3191/973/819 3192/975/820 3470/975/862 3474/973/837
f 3190/971/826 3191/973/819 3474/973/837 3478/971/838
f 3189/969/830 3190/971/826 3478/971/838 3482/969/938
f 3188/967/834 3189/969/830 3482/969/938 3486/967/934
f 3187/965/836 3188/967/834 3486/1464/934 3490/965/931
f 3186/963/763 3187/965/836 3490/965/931 3494/963/928
f 3185/961/762 3186/963/763 3494/963/928 3498/961/845
f 3184/960/766 3185/961/762 3498/961/845 3502/960/846
f 3183/959/769 3184/960/766 3502/960/846 3506/959/849
f 3182/958/772 3183/959/769 3506/959/849 3510/958/852
f 3181/957/774 3182/958/772 3510/958/852 3514/957/855
f 3180/956/777 3181/957/774 3514/957/855 3518/956/858
f 3179/955/780 3180/956/777 3518/1465/858 3522/955/863
f 3178/954/781 3179/955/780 3522/955/863 3526/954/870
f 3177/953/784 3178/954/781 3526/954/870 3530/953/875
f 3243/1448/3 3242/1443/3 3661/1443/331 3665/1466/332
f 3653/1446/2043 3409/1446/2042 3406/1467/1803 3402/1467/2051
f 3694/1468/851 3357/1469/850 3353/1470/853 3698/1471/854
f 3249/1390/3 3248/1386/3 3685/1386/337 3689/1390/338
f 3690/1472/848 3361/1473/847 3357/1474/850 3694/1475/851
f 3250/1392/3 3249/1390/3 3689/1390/338 3693/1476/339
f 3686/1477/842 3365/1478/841 3361/1479/847 3690/1472/848
f 3251/1394/3 3250/1392/3 3693/1392/339 3697/1394/340
f 3682/1480/843 3369/1481/844 3365/1482/841 3686/1477/842
f 3252/1397/3 3251/1394/3 3697/1394/340 3701/1397/341
f 3678/1483/910 3373/1484/911 3369/1485/844 3682/1480/843
f 3253/1399/3 3252/1397/3 3701/1397/341 3705/1399/342
f 3674/1486/929 3377/1487/930 3373/1488/911 3678/1489/910
f 3241/1460/3 3272/1456/3 3781/1456/329 3398/1460/330
f 3254/1402/3 3253/1399/3 3705/1399/342 3709/1490/343
f 3670/1491/932 3381/1492/933 3377/1493/930 3674/1494/929
f 3774/1495/2052 3277/1496/953 3273/1497/950 3778/1498/2053
f 3255/1403/3 3254/1402/3 3709/1402/343 3713/1403/344
f 3666/1499/936 3385/1500/2054 3381/1501/933 3670/1491/932
f 3650/1502/2055 3654/1503/2056 3657/1504/887 3274/1502/892
f 3256/1406/3 3255/1403/3 3713/1403/344 3717/1505/345
f 3662/1506/940 3389/1507/941 3385/1508/2054 3666/1509/936
f 3766/1510/958 3285/1511/959 3281/1512/956 3770/1513/955
f 3257/1408/3 3256/1406/3 3717/1406/345 3721/1408/314
f 3397/1514/943 3393/1515/944 3389/1516/941 3662/1506/940
f 3762/1517/961 3289/1518/962 3285/1519/959 3766/1510/958
f 3258/1411/3 3257/1408/3 3721/1408/314 3725/1520/315
f 3782/1521/946 3658/1522/947 3393/1523/944 3397/1524/943
f 3758/1525/964 3293/1526/965 3289/1527/962 3762/1517/961
f 3259/1413/3 3258/1411/3 3725/1411/315 3729/1413/316
f 3754/1528/800 3297/1529/893 3293/1530/965 3758/1531/964
f 3260/1415/3 3259/1413/3 3729/1413/316 3733/1415/317
f 3622/1532/2057 3626/1533/2058 3298/1533/954 3302/1532/951
f 3261/1418/3 3260/1415/3 3733/1415/317 3737/1418/318
f 3401/1534/2059 3534/1535/2060 3390/1536/875 3394/1534/882
f 3534/1536/2060 3538/1537/2061 3386/1538/870 3390/1535/875
f 3538/1538/2061 3542/1539/2062 3382/1539/863 3386/1540/870
f 3542/1539/2062 3546/1541/2063 3378/1541/858 3382/1539/863
f 3546/1541/2063 3550/1542/2064 3374/1542/855 3378/1541/858
f 3550/1542/2064 3554/1543/2065 3370/1543/852 3374/1542/855
f 3554/1543/2065 3558/1544/2066 3366/1545/849 3370/1543/852
f 3558/1545/2066 3562/1546/2067 3362/1546/846 3366/1547/849
f 3562/1546/2067 3566/1548/2068 3358/1548/845 3362/1546/846
f 3566/1548/2068 3570/1549/2069 3354/1550/928 3358/1548/845
f 3570/1550/2069 3574/1551/2070 3350/1551/931 3354/1550/928
f 3698/1471/854 3353/1552/853 3349/1553/856 3702/1554/857
f 3574/1551/2070 3578/1555/2071 3346/1555/934 3350/1551/931
f 3578/1555/2071 3582/1556/2072 3342/1557/938 3346/1555/934
f 3582/1556/2072 3586/1558/2073 3338/1558/838 3342/1557/938
f 3586/1558/2073 3590/1559/2074 3334/1560/837 3338/1558/838
f 3590/1560/2074 3594/1561/2075 3330/1561/862 3334/1560/837
f 3594/1561/2075 3598/1562/2076 3326/1562/861 3330/1561/862
f 3598/1562/2076 3602/1563/2077 3322/1564/935 3326/1562/861
f 3602/1564/2077 3606/1565/2078 3318/1565/939 3322/1564/935
f 3606/1565/2078 3610/1566/2079 3314/1566/942 3318/1565/939
f 3610/1566/2079 3614/1567/2080 3310/1567/945 3314/1566/942
f 3614/1567/2080 3618/1568/2081 3306/1568/948 3310/1567/945
f 3618/1568/2081 3622/1569/2057 3302/1532/951 3306/1568/948
f 3626/1533/2058 3630/1570/2082 3294/1570/957 3298/1533/954
f 3630/1570/2082 3634/1571/2083 3290/1572/960 3294/1570/957
f 3634/1572/2083 3638/1573/2084 3286/1573/963 3290/1572/960
f 3638/1574/2084 3642/1575/2085 3282/1575/897 3286/1573/963
f 3642/1575/2085 3646/1576/2086 3278/1576/894 3282/1575/897
f 3770/1577/955 3281/1578/956 3277/1579/953 3774/1580/2052
f 3646/1576/2086 3650/1581/2055 3274/1502/892 3278/1576/894
f 3654/1504/2056 3401/1582/2059 3394/1582/882 3657/1504/887
f 3248/1386/3 3247/1387/3 3681/1387/336 3685/1583/337
f 3242/1443/3 3241/1444/3 3398/1444/330 3661/1584/331
f 3702/1554/857 3349/1585/856 3345/1586/859 3706/1587/860
f 3247/1387/3 3246/1459/3 3677/1459/335 3681/1387/336
f 3706/1588/860 3345/1589/859 3341/1590/2087 3710/1591/2088
f 3246/1459/3 3245/1455/3 3673/1455/334 3677/1459/335
f 3272/1456/3 3271/1453/3 3777/1453/328 3781/1592/329
f 3710/1593/2088 3341/1594/2087 3337/1595/2089 3714/1596/872
f 3245/1455/3 3244/1452/3 3669/1452/333 3673/1455/334
f 3271/1453/3 3270/1449/3 3773/1449/327 3777/1453/328
f 3714/1596/872 3337/1597/2089 3333/1598/876 3718/1599/877
f 3244/1452/3 3243/1448/3 3665/1448/332 3669/1452/333
f 3270/1449/3 3269/1445/3 3769/1445/326 3773/1449/327
f 3718/1599/877 3333/1600/876 3329/1601/883 3722/1602/884
f 3402/1603/2051 3406/1604/1803 3529/1433/2033 3533/1433/2032
f 3269/1445/3 3268/1439/3 3765/1439/325 3769/1445/326
f 3722/1602/884 3329/1605/883 3325/1606/888 3726/1607/889
f 3268/1439/3 3267/1435/3 3761/1435/324 3765/1439/325
f 3726/1608/889 3325/1609/888 3321/1610/869 3730/1611/2090
f 3267/1435/3 3266/1431/3 3757/1612/323 3761/1435/324
f 3730/1611/2090 3321/1613/869 3317/1614/2091 3734/1615/2092
f 3266/1431/3 3265/1430/3 3753/1430/322 3757/1616/323
f 3734/1615/2092 3317/1617/2091 3313/1618/881 3738/1619/880
f 3265/1430/3 3264/1427/3 3749/1427/321 3753/1430/322
f 3738/1620/880 3313/1621/881 3309/1622/878 3742/1623/879
f 3264/1427/3 3263/1425/3 3745/1425/320 3749/1624/321
f 3742/1625/879 3309/1626/878 3305/1627/885 3746/1628/886
f 3263/1425/3 3262/1420/3 3741/1420/319 3745/1425/320
f 3746/1628/886 3305/1629/885 3301/1630/890 3750/1631/891
f 3262/1420/3 3261/1418/3 3737/1418/318 3741/1420/319
f 3750/1631/891 3301/1632/890 3297/1633/893 3754/1528/800
f 3274/1502/892 3657/1504/887 3659/1504/1103 3276/1502/1101
f 3276/1502/1101 3659/1504/1103 3660/1634/1102 3275/1635/1100
f 3275/1635/1100 3660/1634/1102 3658/1636/947 3273/1637/950
f 3278/1576/894 3274/1502/892 3276/1502/1101 3280/1576/1099
f 3280/1576/1099 3276/1502/1101 3275/1635/1100 3279/1638/2093
f 3279/1638/2093 3275/1635/1100 3273/1497/950 3277/1496/953
f 3282/1575/897 3278/1576/894 3280/1576/1099 3284/1575/2094
f 3284/1575/2094 3280/1576/1099 3279/1638/2093 3283/1639/1096
f 3283/1639/1096 3279/1638/2093 3277/1579/953 3281/1578/956
f 3286/1573/963 3282/1575/897 3284/1575/2094 3288/1573/1095
f 3288/1573/1095 3284/1575/2094 3283/1639/1096 3287/1640/1094
f 3287/1640/1094 3283/1639/1096 3281/1512/956 3285/1511/959
f 3290/1572/960 3286/1573/963 3288/1573/1095 3292/1572/1093
f 3292/1572/1093 3288/1573/1095 3287/1640/1094 3291/1641/1092
f 3291/1641/1092 3287/1640/1094 3285/1519/959 3289/1518/962
f 3294/1570/957 3290/1572/960 3292/1572/1093 3296/1570/1091
f 3296/1570/1091 3292/1572/1093 3291/1641/1092 3295/1642/1090
f 3295/1642/1090 3291/1641/1092 3289/1527/962 3293/1526/965
f 3298/1533/954 3294/1570/957 3296/1570/1091 3300/1533/1089
f 3300/1533/1089 3296/1570/1091 3295/1642/1090 3299/1643/1088
f 3299/1643/1088 3295/1642/1090 3293/1530/965 3297/1529/893
f 3302/1532/951 3298/1533/954 3300/1533/1089 3304/1532/2095
f 3304/1532/2095 3300/1533/1089 3299/1643/1088 3303/1644/1086
f 3303/1644/1086 3299/1643/1088 3297/1633/893 3301/1632/890
f 3306/1568/948 3302/1532/951 3304/1532/2095 3308/1568/1085
f 3308/1568/1085 3304/1532/2095 3303/1644/1086 3307/1645/1084
f 3307/1645/1084 3303/1644/1086 3301/1630/890 3305/1629/885
f 3310/1567/945 3306/1568/948 3308/1568/1085 3312/1567/2096
f 3312/1567/2096 3308/1568/1085 3307/1645/1084 3311/1646/1082
f 3311/1646/1082 3307/1645/1084 3305/1627/885 3309/1626/878
f 3314/1566/942 3310/1567/945 3312/1567/2096 3316/1566/2097
f 3316/1566/2097 3312/1567/2096 3311/1646/1082 3315/1647/2098
f 3315/1647/2098 3311/1646/1082 3309/1622/878 3313/1621/881
f 3318/1565/939 3314/1566/942 3316/1566/2097 3320/1565/1079
f 3320/1565/1079 3316/1566/2097 3315/1647/2098 3319/1648/1889
f 3319/1648/1889 3315/1647/2098 3313/1618/881 3317/1617/2091
f 3322/1564/935 3318/1565/939 3320/1565/1079 3324/1564/1077
f 3324/1564/1077 3320/1565/1079 3319/1648/1889 3323/1649/1076
f 3323/1649/1076 3319/1648/1889 3317/1614/2091 3321/1613/869
f 3326/1562/861 3322/1564/935 3324/1564/1077 3328/1562/1075
f 3328/1562/1075 3324/1564/1077 3323/1649/1076 3327/1650/1073
f 3327/1650/1073 3323/1649/1076 3321/1610/869 3325/1609/888
f 3330/1561/862 3326/1562/861 3328/1562/1075 3332/1561/1074
f 3332/1561/1074 3328/1562/1075 3327/1650/1073 3331/1651/1072
f 3331/1651/1072 3327/1650/1073 3325/1606/888 3329/1605/883
f 3334/1560/837 3330/1561/862 3332/1561/1074 3336/1560/1135
f 3336/1560/1135 3332/1561/1074 3331/1651/1072 3335/1652/1134
f 3335/1652/1134 3331/1651/1072 3329/1601/883 3333/1600/876
f 3338/1558/838 3334/1560/837 3336/1560/1135 3340/1558/1133
f 3340/1558/1133 3336/1560/1135 3335/1652/1134 3339/1653/2099
f 3339/1653/2099 3335/1652/1134 3333/1598/876 3337/1597/2089
f 3342/1557/938 3338/1558/838 3340/1558/1133 3344/1557/1131
f 3344/1557/1131 3340/1558/1133 3339/1653/2099 3343/1654/1887
f 3343/1654/1887 3339/1653/2099 3337/1595/2089 3341/1594/2087
f 3346/1555/934 3342/1557/938 3344/1557/1131 3348/1555/1129
f 3348/1555/1129 3344/1557/1131 3343/1654/1887 3347/1655/1128
f 3347/1655/1128 3343/1654/1887 3341/1590/2087 3345/1589/859
f 3350/1551/931 3346/1555/934 3348/1555/1129 3352/1551/2100
f 3352/1551/2100 3348/1555/1129 3347/1655/1128 3351/1656/1126
f 3351/1656/1126 3347/1655/1128 3345/1586/859 3349/1585/856
f 3354/1550/928 3350/1551/931 3352/1551/2100 3356/1550/1125
f 3356/1550/1125 3352/1551/2100 3351/1656/1126 3355/1657/1124
f 3355/1657/1124 3351/1656/1126 3349/1553/856 3353/1552/853
f 3358/1548/845 3354/1550/928 3356/1550/1125 3360/1548/1123
f 3360/1548/1123 3356/1550/1125 3355/1657/1124 3359/1658/1122
f 3359/1658/1122 3355/1657/1124 3353/1470/853 3357/1469/850
f 3362/1546/846 3358/1548/845 3360/1548/1123 3364/1546/1121
f 3364/1546/1121 3360/1548/1123 3359/1658/1122 3363/1659/2101
f 3363/1659/2101 3359/1658/1122 3357/1474/850 3361/1473/847
f 3366/1547/849 3362/1546/846 3364/1546/1121 3368/1545/1119
f 3368/1545/1119 3364/1546/1121 3363/1659/2101 3367/1660/1118
f 3367/1660/1118 3363/1659/2101 3361/1479/847 3365/1478/841
f 3370/1543/852 3366/1545/849 3368/1545/1119 3372/1543/1117
f 3372/1543/1117 3368/1545/1119 3367/1660/1118 3371/1661/1116
f 3371/1661/1116 3367/1660/1118 3365/1482/841 3369/1481/844
f 3374/1542/855 3370/1543/852 3372/1543/1117 3376/1542/2102
f 3376/1542/2102 3372/1543/1117 3371/1661/1116 3375/1662/1114
f 3375/1662/1114 3371/1661/1116 3369/1485/844 3373/1484/911
f 3378/1541/858 3374/1542/855 3376/1542/2102 3380/1541/1113
f 3380/1541/1113 3376/1542/2102 3375/1662/1114 3379/1663/1112
f 3379/1663/1112 3375/1662/1114 3373/1488/911 3377/1487/930
f 3382/1539/863 3378/1541/858 3380/1541/1113 3384/1539/1111
f 3384/1539/1111 3380/1541/1113 3379/1663/1112 3383/1664/1878
f 3383/1664/1878 3379/1663/1112 3377/1493/930 3381/1492/933
f 3386/1540/870 3382/1539/863 3384/1539/1111 3388/1538/1109
f 3388/1538/1109 3384/1539/1111 3383/1664/1878 3387/1665/1877
f 3387/1665/1877 3383/1664/1878 3381/1501/933 3385/1500/2054
f 3390/1535/875 3386/1538/870 3388/1538/1109 3392/1536/1107
f 3392/1536/1107 3388/1538/1109 3387/1665/1877 3391/1666/1106
f 3391/1666/1106 3387/1665/1877 3385/1508/2054 3389/1507/941
f 3394/1534/882 3390/1536/875 3392/1536/1107 3396/1534/1105
f 3396/1534/1105 3392/1536/1107 3391/1666/1106 3395/1667/1104
f 3395/1667/1104 3391/1666/1106 3389/1516/941 3393/1515/944
f 3410/995/887 3405/996/882 3407/996/1105 3412/995/1103
f 3412/995/1103 3407/996/1105 3408/1668/1104 3411/1669/1102
f 3411/1669/1102 3408/1668/1104 3406/1467/1803 3409/1446/2042
f 3414/994/892 3410/995/887 3412/995/1103 3416/994/1101
f 3416/994/1101 3412/995/1103 3411/1669/1102 3415/1670/1100
f 3415/1670/1100 3411/1669/1102 3409/1446/2042 3413/1441/2038
f 3418/993/894 3414/994/892 3416/994/1101 3420/993/2103
f 3420/993/2103 3416/994/1101 3415/1670/1100 3419/1671/2104
f 3419/1671/2104 3415/1670/1100 3413/1441/2038 3417/1440/1786
f 3422/992/897 3418/993/894 3420/993/2103 3424/992/2094
f 3424/992/2094 3420/993/2103 3419/1671/2104 3423/1672/2105
f 3423/1672/2105 3419/1671/2104 3417/1436/1786 3421/1432/2030
f 3426/991/963 3422/1462/897 3424/992/2094 3428/991/1095
f 3428/991/1095 3424/992/2094 3423/1672/2105 3427/1673/2106
f 3427/1673/2106 3423/1672/2105 3421/1432/2030 3425/1429/1776
f 3430/990/960 3426/991/963 3428/991/1095 3432/990/1093
f 3432/990/1093 3428/991/1095 3427/1673/2106 3431/1674/2107
f 3431/1674/2107 3427/1673/2106 3425/1429/1776 3429/1428/1773
f 3434/989/957 3430/990/960 3432/990/1093 3436/1675/1091
f 3436/1675/1091 3432/990/1093 3431/1674/2107 3435/1676/2108
f 3435/1676/2108 3431/1674/2107 3429/1426/1773 3433/1424/2026
f 3438/988/954 3434/989/957 3436/1675/1091 3440/988/1089
f 3440/988/1089 3436/1675/1091 3435/1676/2108 3439/1677/2109
f 3439/1677/2109 3435/1676/2108 3433/1424/2026 3437/1423/893
f 3442/987/951 3438/988/954 3440/988/1089 3444/987/1087
f 3444/987/1087 3440/988/1089 3439/1677/2109 3443/1678/2110
f 3443/1678/2110 3439/1677/2109 3437/1422/893 3441/1421/2024
f 3446/986/948 3442/987/951 3444/987/1087 3448/986/1085
f 3448/986/1085 3444/987/1087 3443/1678/2110 3447/1679/2111
f 3447/1679/2111 3443/1678/2110 3441/1419/2024 3445/1417/1761
f 3450/985/945 3446/986/948 3448/986/1085 3452/985/1083
f 3452/985/1083 3448/986/1085 3447/1679/2111 3451/1680/2112
f 3451/1680/2112 3447/1679/2111 3445/1417/1761 3449/1416/2021
f 3454/983/942 3450/985/945 3452/985/1083 3456/983/2097
f 3456/983/2097 3452/985/1083 3451/1680/2112 3455/1681/1080
f 3455/1681/1080 3451/1680/2112 3449/1414/2021 3453/1412/1753
f 3458/981/939 3454/1463/942 3456/983/2097 3460/981/2113
f 3460/981/2113 3456/983/2097 3455/1681/1080 3459/1682/2114
f 3459/1682/2114 3455/1681/1080 3453/1412/1753 3457/1410/1749
f 3462/979/935 3458/981/939 3460/981/2113 3464/979/1077
f 3464/979/1077 3460/981/2113 3459/1682/2114 3463/1683/1076
f 3463/1683/1076 3459/1682/2114 3457/1410/1749 3461/1409/1745
f 3466/977/861 3462/979/935 3464/979/1077 3468/977/1075
f 3468/977/1075 3464/979/1077 3463/1683/1076 3467/1684/1073
f 3467/1684/1073 3463/1683/1076 3461/1407/1745 3465/1405/2016
f 3470/975/862 3466/977/861 3468/977/1075 3472/975/1074
f 3472/975/1074 3468/977/1075 3467/1684/1073 3471/1685/1072
f 3471/1685/1072 3467/1684/1073 3465/1405/2016 3469/1404/1738
f 3474/973/837 3470/975/862 3472/975/1074 3476/973/1135
f 3476/973/1135 3472/975/1074 3471/1685/1072 3475/1686/1134
f 3475/1686/1134 3471/1685/1072 3469/1401/1738 3473/1400/2013
f 3478/971/838 3474/973/837 3476/973/1135 3480/971/1133
f 3480/971/1133 3476/973/1135 3475/1686/1134 3479/1687/1888
f 3479/1687/1888 3475/1686/1134 3473/1398/2013 3477/1396/2011
f 3482/969/938 3478/971/838 3480/971/1133 3484/969/1131
f 3484/969/1131 3480/971/1133 3479/1687/1888 3483/1688/1887
f 3483/1688/1887 3479/1687/1888 3477/1396/2011 3481/1395/2009
f 3486/967/934 3482/969/938 3484/969/1131 3488/967/1129
f 3488/967/1129 3484/969/1131 3483/1688/1887 3487/1689/1128
f 3487/1689/1128 3483/1688/1887 3481/1393/2009 3485/1391/2007
f 3490/965/931 3486/1464/934 3488/967/1129 3492/965/1127
f 3492/965/1127 3488/967/1129 3487/1689/1128 3491/1690/1126
f 3491/1690/1126 3487/1689/1128 3485/1391/2007 3489/1389/2005
f 3494/963/928 3490/965/931 3492/965/1127 3496/963/2115
f 3496/963/2115 3492/965/1127 3491/1690/1126 3495/1691/2116
f 3495/1691/2116 3491/1690/1126 3489/1389/2005 3493/1388/2003
f 3498/961/845 3494/963/928 3496/963/2115 3500/961/2117
f 3500/961/2117 3496/963/2115 3495/1691/2116 3499/1692/2118
f 3499/1692/2118 3495/1691/2116 3493/1385/2003 3497/1384/2002
f 3502/960/846 3498/961/845 3500/961/2117 3504/960/2119
f 3504/960/2119 3500/961/2117 3499/1692/2118 3503/1693/2120
f 3503/1693/2120 3499/1692/2118 3497/1384/2002 3501/1461/1813
f 3506/959/849 3502/960/846 3504/960/2119 3508/959/1119
f 3508/959/1119 3504/960/2119 3503/1693/2120 3507/1694/2121
f 3507/1694/2121 3503/1693/2120 3501/1458/1813 3505/1457/2048
f 3510/958/852 3506/959/849 3508/959/1119 3512/958/1880
f 3512/958/1880 3508/959/1119 3507/1694/2121 3511/1695/2122
f 3511/1695/2122 3507/1694/2121 3505/1454/2048 3509/1451/2046
f 3514/957/855 3510/958/852 3512/958/1880 3516/957/1115
f 3516/957/1115 3512/958/1880 3511/1695/2122 3515/1696/1114
f 3515/1696/1114 3511/1695/2122 3509/1451/2046 3513/1450/2044
f 3518/956/858 3514/957/855 3516/957/1115 3520/956/1113
f 3520/956/1113 3516/957/1115 3515/1696/1114 3519/1697/1879
f 3519/1697/1879 3515/1696/1114 3513/1447/2044 3517/1442/2040
f 3522/955/863 3518/1465/858 3520/956/1113 3524/955/1111
f 3524/955/1111 3520/956/1113 3519/1697/1879 3523/1698/1878
f 3523/1698/1878 3519/1697/1879 3517/1442/2040 3521/1438/2036
f 3526/954/870 3522/955/863 3524/955/1111 3528/954/1109
f 3528/954/1109 3524/955/1111 3523/1698/1878 3527/1699/2123
f 3527/1699/2123 3523/1698/1878 3521/1438/2036 3525/1437/1789
f 3530/953/875 3526/954/870 3528/954/1109 3532/953/1107
f 3532/953/1107 3528/954/1109 3527/1699/2123 3531/1700/1106
f 3531/1700/1106 3527/1699/2123 3525/1434/1789 3529/1433/2033
f 3405/952/882 3530/953/875 3532/953/1107 3407/952/1105
f 3407/952/1105 3532/953/1107 3531/1700/1106 3408/1701/1104
f 3408/1701/1104 3531/1700/1106 3529/1433/2033 3406/1604/1803
f 3402/1603/2051 3533/1433/2032 3535/1702/2124 3404/1703/2125
f 3404/1703/2125 3535/1702/2124 3536/1704/2126 3403/1534/2127
f 3403/1534/2127 3536/1704/2126 3534/1535/2060 3401/1534/2059
f 3533/1433/2032 3537/1434/2034 3539/1705/2128 3535/1702/2124
f 3535/1702/2124 3539/1705/2128 3540/1538/2129 3536/1704/2126
f 3536/1704/2126 3540/1538/2129 3538/1537/2061 3534/1536/2060
f 3537/1437/2034 3541/1438/2037 3543/1706/2130 3539/1705/2128
f 3539/1705/2128 3543/1706/2130 3544/1539/2131 3540/1538/2129
f 3540/1538/2129 3544/1539/2131 3542/1539/2062 3538/1538/2061
f 3541/1438/2037 3545/1442/2041 3547/1707/2132 3543/1706/2130
f 3543/1706/2130 3547/1707/2132 3548/1541/2133 3544/1539/2131
f 3544/1539/2131 3548/1541/2133 3546/1541/2063 3542/1539/2062
f 3545/1442/2041 3549/1447/2045 3551/1708/2134 3547/1707/2132
f 3547/1707/2132 3551/1708/2134 3552/1542/2135 3548/1541/2133
f 3548/1541/2133 3552/1542/2135 3550/1542/2064 3546/1541/2063
f 3549/1450/2045 3553/1451/2047 3555/1709/2136 3551/1708/2134
f 3551/1708/2134 3555/1709/2136 3556/1543/2137 3552/1542/2135
f 3552/1542/2135 3556/1543/2137 3554/1543/2065 3550/1542/2064
f 3553/1451/2047 3557/1454/2049 3559/1710/2138 3555/1709/2136
f 3555/1709/2136 3559/1710/2138 3560/1545/2139 3556/1543/2137
f 3556/1543/2137 3560/1545/2139 3558/1544/2066 3554/1543/2065
f 3557/1457/2049 3561/1458/2050 3563/1711/2140 3559/1710/2138
f 3559/1710/2138 3563/1711/2140 3564/1546/2141 3560/1545/2139
f 3560/1545/2139 3564/1546/2141 3562/1546/2067 3558/1545/2066
f 3561/1461/2050 3565/1384/2001 3567/1712/2142 3563/1711/2140
f 3563/1711/2140 3567/1712/2142 3568/1548/2143 3564/1546/2141
f 3564/1546/2141 3568/1548/2143 3566/1548/2068 3562/1546/2067
f 3565/1384/2001 3569/1385/2004 3571/1713/2144 3567/1712/2142
f 3567/1712/2142 3571/1713/2144 3572/1550/2145 3568/1548/2143
f 3568/1548/2143 3572/1550/2145 3570/1549/2069 3566/1548/2068
f 3569/1388/2004 3573/1389/2006 3575/1714/2146 3571/1713/2144
f 3571/1713/2144 3575/1714/2146 3576/1551/2147 3572/1550/2145
f 3572/1550/2145 3576/1551/2147 3574/1551/2070 3570/1550/2069
f 3573/1389/2006 3577/1391/2008 3579/1715/2148 3575/1714/2146
f 3575/1714/2146 3579/1715/2148 3580/1555/2149 3576/1551/2147
f 3576/1551/2147 3580/1555/2149 3578/1555/2071 3574/1551/2070
f 3577/1391/2008 3581/1393/2010 3583/1716/2150 3579/1715/2148
f 3579/1715/2148 3583/1716/2150 3584/1557/2151 3580/1555/2149
f 3580/1555/2149 3584/1557/2151 3582/1556/2072 3578/1555/2071
f 3581/1395/2010 3585/1396/2012 3587/1717/2152 3583/1716/2150
f 3583/1716/2150 3587/1717/2152 3588/1558/2153 3584/1557/2151
f 3584/1557/2151 3588/1558/2153 3586/1558/2073 3582/1556/2072
f 3585/1396/2012 3589/1398/2014 3591/1718/2154 3587/1717/2152
f 3587/1717/2152 3591/1718/2154 3592/1560/2155 3588/1558/2153
f 3588/1558/2153 3592/1560/2155 3590/1559/2074 3586/1558/2073
f 3589/1400/2014 3593/1401/2015 3595/1719/2156 3591/1718/2154
f 3591/1718/2154 3595/1719/2156 3596/1561/2157 3592/1560/2155
f 3592/1560/2155 3596/1561/2157 3594/1561/2075 3590/1560/2074
f 3593/1404/2015 3597/1405/2017 3599/1720/2158 3595/1719/2156
f 3595/1719/2156 3599/1720/2158 3600/1562/2159 3596/1561/2157
f 3596/1561/2157 3600/1562/2159 3598/1562/2076 3594/1561/2075
f 3597/1405/2017 3601/1407/2018 3603/1721/2160 3599/1720/2158
f 3599/1720/2158 3603/1721/2160 3604/1564/2161 3600/1562/2159
f 3600/1562/2159 3604/1564/2161 3602/1563/2077 3598/1562/2076
f 3601/1409/2018 3605/1410/2019 3607/1722/2162 3603/1721/2160
f 3603/1721/2160 3607/1722/2162 3608/1565/2163 3604/1564/2161
f 3604/1564/2161 3608/1565/2163 3606/1565/2078 3602/1564/2077
f 3605/1410/2019 3609/1412/2020 3611/1723/2164 3607/1722/2162
f 3607/1722/2162 3611/1723/2164 3612/1566/2165 3608/1565/2163
f 3608/1565/2163 3612/1566/2165 3610/1566/2079 3606/1565/2078
f 3609/1412/2020 3613/1414/2022 3615/1724/2166 3611/1723/2164
f 3611/1723/2164 3615/1724/2166 3616/1567/2167 3612/1566/2165
f 3612/1566/2165 3616/1567/2167 3614/1567/2080 3610/1566/2079
f 3613/1416/2022 3617/1417/2023 3619/1725/2168 3615/1724/2166
f 3615/1724/2166 3619/1725/2168 3620/1568/2169 3616/1567/2167
f 3616/1567/2167 3620/1568/2169 3618/1568/2081 3614/1567/2080
f 3617/1417/2023 3621/1419/2025 3623/1726/2170 3619/1725/2168
f 3619/1725/2168 3623/1726/2170 3624/1532/2171 3620/1568/2169
f 3620/1568/2169 3624/1532/2171 3622/1569/2057 3618/1568/2081
f 3621/1421/2025 3625/1422/1767 3627/1727/2172 3623/1726/2170
f 3623/1726/2170 3627/1727/2172 3628/1533/2173 3624/1532/2171
f 3624/1532/2171 3628/1533/2173 3626/1533/2058 3622/1532/2057
f 3625/1423/1767 3629/1424/2027 3631/1728/2174 3627/1727/2172
f 3627/1727/2172 3631/1728/2174 3632/1570/2175 3628/1533/2173
f 3628/1533/2173 3632/1570/2175 3630/1570/2082 3626/1533/2058
f 3629/1424/2027 3633/1426/2028 3635/1729/2176 3631/1728/2174
f 3631/1728/2174 3635/1729/2176 3636/1572/2177 3632/1570/2175
f 3632/1570/2175 3636/1572/2177 3634/1571/2083 3630/1570/2082
f 3633/1428/2028 3637/1429/2029 3639/1730/2178 3635/1729/2176
f 3635/1729/2176 3639/1730/2178 3640/1573/2179 3636/1572/2177
f 3636/1572/2177 3640/1573/2179 3638/1573/2084 3634/1572/2083
f 3637/1429/2029 3641/1432/2031 3643/1731/2180 3639/1730/2178
f 3639/1730/2178 3643/1731/2180 3644/1575/2181 3640/1573/2179
f 3640/1573/2179 3644/1575/2181 3642/1575/2085 3638/1574/2084
f 3641/1432/2031 3645/1436/2035 3647/1732/2182 3643/1731/2180
f 3643/1731/2180 3647/1732/2182 3648/1576/2183 3644/1575/2181
f 3644/1575/2181 3648/1576/2183 3646/1576/2086 3642/1575/2085
f 3645/1440/2035 3649/1441/2039 3651/1733/2184 3647/1732/2182
f 3647/1732/2182 3651/1733/2184 3652/1502/2185 3648/1576/2183
f 3648/1576/2183 3652/1502/2185 3650/1581/2055 3646/1576/2086
f 3649/1441/2039 3653/1446/2043 3655/1734/2186 3651/1733/2184
f 3651/1733/2184 3655/1734/2186 3656/1504/2187 3652/1502/2185
f 3652/1502/2185 3656/1504/2187 3654/1503/2056 3650/1502/2055
f 3653/1446/2043 3402/1467/2051 3404/1735/2125 3655/1734/2186
f 3655/1734/2186 3404/1735/2125 3403/1582/2127 3656/1504/2187
f 3656/1504/2187 3403/1582/2127 3401/1582/2059 3654/1504/2056
f 3657/1504/887 3394/1582/882 3396/1582/1105 3659/1504/1103
f 3659/1504/1103 3396/1582/1105 3395/1736/1104 3660/1634/1102
f 3660/1634/1102 3395/1736/1104 3393/1523/944 3658/1522/947
f 3782/1521/946 3397/1524/943 3399/1737/533 3784/1738/535
f 3784/1738/535 3399/1737/533 3400/1460/532 3783/1456/534
f 3783/1456/534 3400/1460/532 3398/1460/330 3781/1456/329
f 3778/1498/2053 3782/1521/946 3784/1738/535 3780/1739/537
f 3780/1739/537 3784/1738/535 3783/1456/534 3779/1453/536
f 3779/1453/536 3783/1456/534 3781/1592/329 3777/1453/328
f 3774/1495/2052 3778/1498/2053 3780/1739/537 3776/1740/2188
f 3776/1740/2188 3780/1739/537 3779/1453/536 3775/1449/538
f 3775/1449/538 3779/1453/536 3777/1453/328 3773/1449/327
f 3770/1577/955 3774/1580/2052 3776/1740/2188 3772/1741/541
f 3772/1741/541 3776/1740/2188 3775/1449/538 3771/1445/540
f 3771/1445/540 3775/1449/538 3773/1449/327 3769/1445/326
f 3766/1510/958 3770/1513/955 3772/1741/541 3768/1742/975
f 3768/1742/975 3772/1741/541 3771/1445/540 3767/1439/542
f 3767/1439/542 3771/1445/540 3769/1445/326 3765/1439/325
f 3762/1517/961 3766/1510/958 3768/1742/975 3764/1743/973
f 3764/1743/973 3768/1742/975 3767/1439/542 3763/1435/2189
f 3763/1435/2189 3767/1439/542 3765/1439/325 3761/1435/324
f 3758/1525/964 3762/1517/961 3764/1743/973 3760/1744/972
f 3760/1744/972 3764/1743/973 3763/1435/2189 3759/1431/2190
f 3759/1431/2190 3763/1435/2189 3761/1435/324 3757/1612/323
f 3754/1528/800 3758/1531/964 3760/1744/972 3756/1745/549
f 3756/1745/549 3760/1744/972 3759/1431/2190 3755/1430/548
f 3755/1430/548 3759/1431/2190 3757/1616/323 3753/1430/322
f 3750/1631/891 3754/1528/800 3756/1745/549 3752/1746/971
f 3752/1746/971 3756/1745/549 3755/1430/548 3751/1427/2191
f 3751/1427/2191 3755/1430/548 3753/1430/322 3749/1427/321
f 3746/1628/886 3750/1631/891 3752/1746/971 3748/1747/970
f 3748/1747/970 3752/1746/971 3751/1427/2191 3747/1425/552
f 3747/1425/552 3751/1427/2191 3749/1624/321 3745/1425/320
f 3742/1625/879 3746/1628/886 3748/1747/970 3744/1748/969
f 3744/1748/969 3748/1747/970 3747/1425/552 3743/1420/968
f 3743/1420/968 3747/1425/552 3745/1425/320 3741/1420/319
f 3738/1620/880 3742/1623/879 3744/1748/969 3740/1749/967
f 3740/1749/967 3744/1748/969 3743/1420/968 3739/1418/556
f 3739/1418/556 3743/1420/968 3741/1420/319 3737/1418/318
f 3734/1615/2092 3738/1619/880 3740/1749/967 3736/1750/2192
f 3736/1750/2192 3740/1749/967 3739/1418/556 3735/1415/558
f 3735/1415/558 3739/1418/556 3737/1418/318 3733/1415/317
f 3730/1611/2090 3734/1615/2092 3736/1750/2192 3732/1751/561
f 3732/1751/561 3736/1750/2192 3735/1415/558 3731/1413/560
f 3731/1413/560 3735/1415/558 3733/1415/317 3729/1413/316
f 3726/1608/889 3730/1611/2090 3732/1751/561 3728/1752/563
f 3728/1752/563 3732/1751/561 3731/1413/560 3727/1411/562
f 3727/1411/562 3731/1413/560 3729/1413/316 3725/1411/315
f 3722/1602/884 3726/1607/889 3728/1752/563 3724/1753/565
f 3724/1753/565 3728/1752/563 3727/1411/562 3723/1408/564
f 3723/1408/564 3727/1411/562 3725/1520/315 3721/1408/314
f 3718/1599/877 3722/1602/884 3724/1753/565 3720/1754/505
f 3720/1754/505 3724/1753/565 3723/1408/564 3719/1406/503
f 3719/1406/503 3723/1408/564 3721/1408/314 3717/1406/345
f 3714/1596/872 3718/1599/877 3720/1754/505 3716/1755/504
f 3716/1755/504 3720/1754/505 3719/1406/503 3715/1403/502
f 3715/1403/502 3719/1406/503 3717/1505/345 3713/1403/344
f 3710/1593/2088 3714/1596/872 3716/1755/504 3712/1756/507
f 3712/1756/507 3716/1755/504 3715/1403/502 3711/1402/506
f 3711/1402/506 3715/1403/502 3713/1403/344 3709/1402/343
f 3706/1588/860 3710/1591/2088 3712/1756/507 3708/1757/989
f 3708/1757/989 3712/1756/507 3711/1402/506 3707/1399/508
f 3707/1399/508 3711/1402/506 3709/1490/343 3705/1399/342
f 3702/1554/857 3706/1587/860 3708/1757/989 3704/1758/511
f 3704/1758/511 3708/1757/989 3707/1399/508 3703/1397/988
f 3703/1397/988 3707/1399/508 3705/1399/342 3701/1397/341
f 3698/1471/854 3702/1554/857 3704/1758/511 3700/1759/987
f 3700/1759/987 3704/1758/511 3703/1397/988 3699/1394/986
f 3699/1394/986 3703/1397/988 3701/1397/341 3697/1394/340
f 3694/1468/851 3698/1471/854 3700/1759/987 3696/1760/985
f 3696/1760/985 3700/1759/987 3699/1394/986 3695/1392/514
f 3695/1392/514 3699/1394/986 3697/1394/340 3693/1392/339
f 3690/1472/848 3694/1475/851 3696/1760/985 3692/1761/2193
f 3692/1761/2193 3696/1760/985 3695/1392/514 3691/1390/516
f 3691/1390/516 3695/1392/514 3693/1476/339 3689/1390/338
f 3686/1477/842 3690/1472/848 3692/1761/2193 3688/1762/983
f 3688/1762/983 3692/1761/2193 3691/1390/516 3687/1386/518
f 3687/1386/518 3691/1390/516 3689/1390/338 3685/1386/337
f 3682/1480/843 3686/1477/842 3688/1762/983 3684/1763/982
f 3684/1763/982 3688/1762/983 3687/1386/518 3683/1387/520
f 3683/1387/520 3687/1386/518 3685/1583/337 3681/1387/336
f 3678/1483/910 3682/1480/843 3684/1763/982 3680/1764/981
f 3680/1764/981 3684/1763/982 3683/1387/520 3679/1459/980
f 3679/1459/980 3683/1387/520 3681/1387/336 3677/1459/335
f 3674/1486/929 3678/1489/910 3680/1764/981 3676/1765/525
f 3676/1765/525 3680/1764/981 3679/1459/980 3675/1455/524
f 3675/1455/524 3679/1459/980 3677/1459/335 3673/1455/334
f 3670/1491/932 3674/1494/929 3676/1765/525 3672/1766/979
f 3672/1766/979 3676/1765/525 3675/1455/524 3671/1452/526
f 3671/1452/526 3675/1455/524 3673/1455/334 3669/1452/333
f 3666/1499/936 3670/1491/932 3672/1766/979 3668/1767/978
f 3668/1767/978 3672/1766/979 3671/1452/526 3667/1448/528
f 3667/1448/528 3671/1452/526 3669/1452/333 3665/1448/332
f 3662/1506/940 3666/1509/936 3668/1767/978 3664/1768/531
f 3664/1768/531 3668/1767/978 3667/1448/528 3663/1443/530
f 3663/1443/530 3667/1448/528 3665/1466/332 3661/1443/331
f 3397/1514/943 3662/1506/940 3664/1768/531 3399/1769/533
f 3399/1769/533 3664/1768/531 3663/1443/530 3400/1444/532
f 3400/1444/532 3663/1443/530 3661/1584/331 3398/1444/330
f 3778/1498/2053 3273/1637/950 3658/1636/947 3782/1521/946
f 3788/31/4 3787/1770/1383 3797/1771/1390 3798/33/1391
f 4258/1772/1385 3866/1773/6 3791/1774/1392
f 4092/1775/5 4266/1776/1384 3805/1777/1389
f 3789/1778/1386 3788/31/4 3798/33/1391 3799/1779/1393
f 4259/1780/1387 4258/1772/1385 3791/1774/1392 3792/1781/1394
f 4262/1782/1374 3789/1778/1386 3799/1779/1393 3800/1783/1395
f 3785/1784/1376 4259/1780/1387 3792/1781/1394 3793/1785/2194
f 3790/1786/1375 4262/1782/1374 3800/1783/1395 3801/1787/1397
f 4260/1788/1377 3785/1784/1376 3793/1785/2194 3794/1789/1398
f 4263/1790/1378 3790/1786/1375 3801/1787/1397 3802/1791/1399
f 3786/1792/1379 4260/1788/1377 3794/1789/1398 3795/1793/1400
f 4264/1794/1380 4263/1790/1378 3802/1791/1399 3803/1795/1401
f 4261/1796/1381 3786/1792/1379 3795/1793/1400 3796/1797/1402
f 4265/1798/1382 4264/1794/1380 3803/1795/1401 3804/1799/1388
f 3787/1770/1383 4261/1796/1381 3796/1797/1402 3797/1771/1390
f 4266/1776/1384 4265/1798/1382 3804/1799/1388 3805/1777/1389
f 3797/1771/1390 3796/1797/1402 3811/1800/2195 3812/1801/1410
f 3805/1777/1389 3804/1799/1388 3819/1802/1409 3820/1803/1411
f 3798/33/1391 3797/1771/1390 3812/1801/1410 3813/35/1412
f 3791/1774/1392 3866/1804/6 3806/1805/1413
f 4092/1806/5 3805/1777/1389 3820/1803/1411
f 3799/1779/1393 3798/33/1391 3813/35/1412 3814/1807/1414
f 3792/1781/1394 3791/1774/1392 3806/1805/1413 3807/1808/1415
f 3800/1783/1395 3799/1779/1393 3814/1807/1414 3815/1809/2196
f 3793/1785/2194 3792/1781/1394 3807/1808/1415 3808/1810/1417
f 3801/1787/1397 3800/1783/1395 3815/1809/2196 3816/1811/1403
f 3794/1789/1398 3793/1785/2194 3808/1810/1417 3809/1812/1405
f 3802/1791/1399 3801/1787/1397 3816/1811/1403 3817/1813/1404
f 3795/1793/1400 3794/1789/1398 3809/1812/1405 3810/1814/1406
f 3803/1795/1401 3802/1791/1399 3817/1813/1404 3818/1815/1407
f 3796/1797/1402 3795/1793/1400 3810/1814/1406 3811/1800/2195
f 3804/1799/1388 3803/1795/1401 3818/1815/1407 3819/1802/1409
f 3816/1811/1403 3815/1809/2196 3830/1816/1423 3831/1817/1425
f 3809/1812/1405 3808/1810/1417 3823/1818/1424 3824/1819/1426
f 3817/1813/1404 3816/1811/1403 3831/1817/1425 3832/1820/1427
f 3810/1814/1406 3809/1812/1405 3824/1819/1426 3825/1821/1428
f 3818/1815/1407 3817/1813/1404 3832/1820/1427 3833/1822/1429
f 3811/1800/2195 3810/1814/1406 3825/1821/1428 3826/1823/1430
f 3819/1802/1409 3818/1815/1407 3833/1822/1429 3834/1824/2197
f 3812/1801/1410 3811/1800/2195 3826/1823/1430 3827/1825/2198
f 3820/1803/1411 3819/1802/1409 3834/1824/2197 3835/1826/1419
f 3813/35/1412 3812/1801/1410 3827/1825/2198 3828/37/1420
f 3806/1805/1413 3866/1827/6 3821/1828/1418
f 4092/1829/5 3820/1803/1411 3835/1826/1419
f 3814/1807/1414 3813/35/1412 3828/37/1420 3829/1830/1421
f 3807/1808/1415 3806/1805/1413 3821/1828/1418 3822/1831/1422
f 3815/1809/2196 3814/1807/1414 3829/1830/1421 3830/1816/1423
f 3808/1810/1417 3807/1808/1415 3822/1831/1422 3823/1818/1424
f 3835/1826/1419 3834/1824/2197 3849/1832/2199 3850/1833/1440
f 3828/37/1420 3827/1825/2198 3842/1834/1439 3843/5/1441
f 3821/1828/1418 3866/1835/6 3836/1836/1442
f 4092/1837/5 3835/1826/1419 3850/1833/1440
f 3829/1830/1421 3828/37/1420 3843/5/1441 3844/1838/1443
f 3822/1831/1422 3821/1828/1418 3836/1836/1442 3837/1839/1444
f 3830/1816/1423 3829/1830/1421 3844/1838/1443 3845/1840/1445
f 3823/1818/1424 3822/1831/1422 3837/1839/1444 3838/1841/1446
f 3831/1817/1425 3830/1816/1423 3845/1840/1445 3846/1842/1447
f 3824/1819/1426 3823/1818/1424 3838/1841/1446 3839/7/1433
f 3832/1820/1427 3831/1817/1425 3846/1842/1447 3847/3/1435
f 3825/1821/1428 3824/1819/1426 3839/7/1433 3840/1843/1434
f 3833/1822/1429 3832/1820/1427 3847/3/1435 3848/1844/1436
f 3826/1823/1430 3825/1821/1428 3840/1843/1434 3841/1845/1437
f 3834/1824/2197 3833/1822/1429 3848/1844/1436 3849/1832/2199
f 3827/1825/2198 3826/1823/1430 3841/1845/1437 3842/1834/1439
f 3839/7/1433 3838/1841/1446 3853/1846/2200 3854/1847/1455
f 3847/3/1435 3846/1842/1447 3861/1848/1454 3862/1849/1456
f 3840/1843/1434 3839/7/1433 3854/1847/1455 3855/1850/1457
f 3848/1844/1436 3847/3/1435 3862/1849/1456 3863/1851/1458
f 3841/1845/1437 3840/1843/1434 3855/1850/1457 3856/1852/1459
f 3849/1832/2199 3848/1844/1436 3863/1851/1458 3864/1853/1460
f 3842/1834/1439 3841/1845/1437 3856/1852/1459 3857/1854/1461
f 3850/1833/1440 3849/1832/2199 3864/1853/1460 3865/1855/1462
f 3843/5/1441 3842/1834/1439 3857/1854/1461 3858/39/1448
f 3836/1836/1442 3866/1856/6 3851/1857/1450
f 4092/1858/5 3850/1833/1440 3865/1855/1462
f 3844/1838/1443 3843/5/1441 3858/39/1448 3859/1859/1449
f 3837/1839/1444 3836/1836/1442 3851/1857/1450 3852/1860/1451
f 3845/1840/1445 3844/1838/1443 3859/1859/1449 3860/1861/1452
f 3838/1841/1446 3837/1839/1444 3852/1860/1451 3853/1846/2200
f 3846/1842/1447 3845/1840/1445 3860/1861/1452 3861/1848/1454
f 3858/39/1448 3857/1854/1461 3873/1862/1468 3874/41/1470
f 3851/1857/1450 3866/1863/6 3867/1864/1471
f 4092/1865/5 3865/1855/1462 3881/1866/1469
f 3859/1859/1449 3858/39/1448 3874/41/1470 3875/1867/1472
f 3852/1860/1451 3851/1857/1450 3867/1864/1471 3868/1868/1473
f 3860/1861/1452 3859/1859/1449 3875/1867/1472 3876/1869/1474
f 3853/1846/2200 3852/1860/1451 3868/1868/1473 3869/1870/1475
f 3861/1848/1454 3860/1861/1452 3876/1869/1474 3877/1871/1476
f 3854/1847/1455 3853/1846/2200 3869/1870/1475 3870/1872/1477
f 3862/1849/1456 3861/1848/1454 3877/1871/1476 3878/1873/1463
f 3855/1850/1457 3854/1847/1455 3870/1872/1477 3871/1874/1465
f 3863/1851/1458 3862/1849/1456 3878/1873/1463 3879/1875/1464
f 3856/1852/1459 3855/1850/1457 3871/1874/1465 3872/1876/1466
f 3864/1853/1460 3863/1851/1458 3879/1875/1464 3880/1877/1467
f 3857/1854/1461 3856/1852/1459 3872/1876/1466 3873/1862/1468
f 3865/1855/1462 3864/1853/1460 3880/1877/1467 3881/1866/1469
f 3878/1873/1463 3877/1871/1476 3892/1878/1483 3893/1879/1485
f 3871/1874/1465 3870/1872/1477 3885/1880/1484 3886/1881/1486
f 3879/1875/1464 3878/1873/1463 3893/1879/1485 3894/1882/1487
f 3872/1876/1466 3871/1874/1465 3886/1881/1486 3887/1883/1488
f 3880/1877/1467 3879/1875/1464 3894/1882/1487 3895/1884/1489
f 3873/1862/1468 3872/1876/1466 3887/1883/1488 3888/1885/1490
f 3881/1866/1469 3880/1877/1467 3895/1884/1489 3896/1886/2201
f 3874/41/1470 3873/1862/1468 3888/1885/1490 3889/43/1492
f 3867/1864/1471 3866/1887/6 3882/1888/1478
f 4092/1889/5 3881/1866/1469 3896/1886/2201
f 3875/1867/1472 3874/41/1470 3889/43/1492 3890/1890/1480
f 3868/1868/1473 3867/1864/1471 3882/1888/1478 3883/1891/1479
f 3876/1869/1474 3875/1867/1472 3890/1890/1480 3891/1892/1481
f 3869/1870/1475 3868/1868/1473 3883/1891/1479 3884/1893/1482
f 3877/1871/1476 3876/1869/1474 3891/1892/1481 3892/1878/1483
f 3870/1872/1477 3869/1870/1475 3884/1893/1482 3885/1880/1484
f 4092/1894/5 3896/1886/2201 3911/1895/1498
f 3890/1890/1480 3889/43/1492 3904/1896/1 3905/1897/1500
f 3883/1891/1479 3882/1888/1478 3897/1898/1499 3898/1899/1501
f 3891/1892/1481 3890/1890/1480 3905/1897/1500 3906/1900/1502
f 3884/1893/1482 3883/1891/1479 3898/1899/1501 3899/1901/1503
f 3892/1878/1483 3891/1892/1481 3906/1900/1502 3907/1902/1504
f 3885/1880/1484 3884/1893/1482 3899/1901/1503 3900/1903/1505
f 3893/1879/1485 3892/1878/1483 3907/1902/1504 3908/1904/1506
f 3886/1881/1486 3885/1880/1484 3900/1903/1505 3901/1905/1493
f 3894/1882/1487 3893/1879/1485 3908/1904/1506 3909/1906/1495
f 3887/1883/1488 3886/1881/1486 3901/1905/1493 3902/1907/1494
f 3895/1884/1489 3894/1882/1487 3909/1906/1495 3910/1908/2202
f 3888/1885/1490 3887/1883/1488 3902/1907/1494 3903/1909/1497
f 3896/1886/2201 3895/1884/1489 3910/1908/2202 3911/1895/1498
f 3889/43/1492 3888/1885/1490 3903/1909/1497 3904/1896/1
f 3882/1888/1478 3866/1910/6 3897/1898/1499
f 3909/1906/1495 3908/1904/1506 3923/1911/1513 3924/1912/1515
f 3902/1907/1494 3901/1905/1493 3916/1913/1514 3917/1914/1516
f 3910/1908/2202 3909/1906/1495 3924/1912/1515 3925/1915/1517
f 3903/1909/1497 3902/1907/1494 3917/1914/1516 3918/1916/1518
f 3911/1895/1498 3910/1908/2202 3925/1915/1517 3926/1917/1519
f 3904/1896/1 3903/1909/1497 3918/1916/1518 3919/1918/1520
f 3897/1898/1499 3866/1919/6 3912/1920/1521
f 4092/1921/5 3911/1895/1498 3926/1917/1519
f 3905/1897/1500 3904/1896/1 3919/1918/1520 3920/1922/1507
f 3898/1899/1501 3897/1898/1499 3912/1920/1521 3913/1923/1509
f 3906/1900/1502 3905/1897/1500 3920/1922/1507 3921/1924/1508
f 3899/1901/1503 3898/1899/1501 3913/1923/1509 3914/1925/1510
f 3907/1902/1504 3906/1900/1502 3921/1924/1508 3922/1926/1511
f 3900/1903/1505 3899/1901/1503 3914/1925/1510 3915/1927/1512
f 3908/1904/1506 3907/1902/1504 3922/1926/1511 3923/1911/1513
f 3901/1905/1493 3900/1903/1505 3915/1927/1512 3916/1913/1514
f 3913/1923/1509 3912/1920/1521 3927/1928/1528 3928/1929/1530
f 3921/1924/1508 3920/1922/1507 3935/1930/1529 3936/1931/1531
f 3914/1925/1510 3913/1923/1509 3928/1929/1530 3929/1932/1532
f 3922/1926/1511 3921/1924/1508 3936/1931/1531 3937/1933/1533
f 3915/1927/1512 3914/1925/1510 3929/1932/1532 3930/1934/1534
f 3923/1911/1513 3922/1926/1511 3937/1933/1533 3938/1935/1535
f 3916/1913/1514 3915/1927/1512 3930/1934/1534 3931/1936/1536
f 3924/1912/1515 3923/1911/1513 3938/1935/1535 3939/1937/1522
f 3917/1914/1516 3916/1913/1514 3931/1936/1536 3932/1938/1524
f 3925/1915/1517 3924/1912/1515 3939/1937/1522 3940/1939/1523
f 3918/1916/1518 3917/1914/1516 3932/1938/1524 3933/1940/1525
f 3926/1917/1519 3925/1915/1517 3940/1939/1523 3941/1941/1526
f 3919/1918/1520 3918/1916/1518 3933/1940/1525 3934/1942/1527
f 3912/1920/1521 3866/1943/6 3927/1928/1528
f 4092/1944/5 3926/1917/1519 3941/1941/1526
f 3920/1922/1507 3919/1918/1520 3934/1942/1527 3935/1930/1529
f 3932/1938/1524 3931/1936/1536 3946/1945/1542 3947/1946/1544
f 3940/1939/1523 3939/1937/1522 3954/1947/1543 3955/1948/1545
f 3933/1940/1525 3932/1938/1524 3947/1946/1544 3948/1949/1546
f 3941/1941/1526 3940/1939/1523 3955/1948/1545 3956/1950/1547
f 3934/1942/1527 3933/1940/1525 3948/1949/1546 3949/1951/1548
f 3927/1928/1528 3866/1952/6 3942/1953/1549
f 4092/1954/5 3941/1941/1526 3956/1950/1547
f 3935/1930/1529 3934/1942/1527 3949/1951/1548 3950/1955/1550
f 3928/1929/1530 3927/1928/1528 3942/1953/1549 3943/1956/1551
f 3936/1931/1531 3935/1930/1529 3950/1955/1550 3951/1957/1537
f 3929/1932/1532 3928/1929/1530 3943/1956/1551 3944/1958/1539
f 3937/1933/1533 3936/1931/1531 3951/1957/1537 3952/1959/1538
f 3930/1934/1534 3929/1932/1532 3944/1958/1539 3945/1960/1540
f 3938/1935/1535 3937/1933/1533 3952/1959/1538 3953/1961/1541
f 3931/1936/1536 3930/1934/1534 3945/1960/1540 3946/1945/1542
f 3939/1937/1522 3938/1935/1535 3953/1961/1541 3954/1947/1543
f 3951/1957/1537 3950/1955/1550 3965/1962/1557 3966/1963/1559
f 3944/1958/1539 3943/1956/1551 3958/1964/1558 3959/1965/1560
f 3952/1959/1538 3951/1957/1537 3966/1963/1559 3967/1966/1561
f 3945/1960/1540 3944/1958/1539 3959/1965/1560 3960/1967/1562
f 3953/1961/1541 3952/1959/1538 3967/1966/1561 3968/4/1563
f 3946/1945/1542 3945/1960/1540 3960/1967/1562 3961/1968/1564
f 3954/1947/1543 3953/1961/1541 3968/4/1563 3969/1969/1565
f 3947/1946/1544 3946/1945/1542 3961/1968/1564 3962/1970/1566
f 3955/1948/1545 3954/1947/1543 3969/1969/1565 3970/1971/2203
f 3948/1949/1546 3947/1946/1544 3962/1970/1566 3963/1972/1554
f 3956/1950/1547 3955/1948/1545 3970/1971/2203 3971/1973/1553
f 3949/1951/1548 3948/1949/1546 3963/1972/1554 3964/1974/1555
f 3942/1953/1549 3866/1975/6 3957/1976/1556
f 4092/1977/5 3956/1950/1547 3971/1973/1553
f 3950/1955/1550 3949/1951/1548 3964/1974/1555 3965/1962/1557
f 3943/1956/1551 3942/1953/1549 3957/1976/1556 3958/1964/1558
f 3970/1971/2203 3969/1969/1565 3984/1978/1572 3985/1979/2204
f 3963/1972/1554 3962/1970/1566 3977/1980/1573 3978/1981/1575
f 3971/1973/1553 3970/1971/2203 3985/1979/2204 3986/1982/1576
f 3964/1974/1555 3963/1972/1554 3978/1981/1575 3979/1983/1577
f 3957/1976/1556 3866/1984/6 3972/1985/1578
f 4092/1986/5 3971/1973/1553 3986/1982/1576
f 3965/1962/1557 3964/1974/1555 3979/1983/1577 3980/1987/2205
f 3958/1964/1558 3957/1976/1556 3972/1985/1578 3973/1988/1580
f 3966/1963/1559 3965/1962/1557 3980/1987/2205 3981/1989/1581
f 3959/1965/1560 3958/1964/1558 3973/1988/1580 3974/1990/1567
f 3967/1966/1561 3966/1963/1559 3981/1989/1581 3982/1991/1569
f 3960/1967/1562 3959/1965/1560 3974/1990/1567 3975/1992/1568
f 3968/4/1563 3967/1966/1561 3982/1991/1569 3983/1993/2206
f 3961/1968/1564 3960/1967/1562 3975/1992/1568 3976/1994/1571
f 3969/1969/1565 3968/4/1563 3983/1993/2206 3984/1978/1572
f 3962/1970/1566 3961/1968/1564 3976/1994/1571 3977/1980/1573
f 3974/1990/1567 3973/1988/1580 3988/1995/1587 3989/1996/1589
f 3982/1991/1569 3981/1989/1581 3996/1997/1588 3997/1998/1590
f 3975/1992/1568 3974/1990/1567 3989/1996/1589 3990/1999/1591
f 3983/1993/2206 3982/1991/1569 3997/1998/1590 3998/2000/1592
f 3976/1994/1571 3975/1992/1568 3990/1999/1591 3991/2001/1593
f 3984/1978/1572 3983/1993/2206 3998/2000/1592 3999/2002/1594
f 3977/1980/1573 3976/1994/1571 3991/2001/1593 3992/2003/1595
f 3985/1979/2204 3984/1978/1572 3999/2002/1594 4000/2004/1596
f 3978/1981/1575 3977/1980/1573 3992/2003/1595 3993/2005/1582
f 3986/1982/1576 3985/1979/2204 4000/2004/1596 4001/2006/1585
f 3979/1983/1577 3978/1981/1575 3993/2005/1582 3994/2007/1583
f 3972/1985/1578 3866/2008/6 3987/2009/2207
f 4092/2010/5 3986/1982/1576 4001/2006/1585
f 3980/1987/2205 3979/1983/1577 3994/2007/1583 3995/2011/1586
f 3973/1988/1580 3972/1985/1578 3987/2009/2207 3988/1995/1587
f 3981/1989/1581 3980/1987/2205 3995/2011/1586 3996/1997/1588
f 3993/2005/1582 3992/2003/1595 4007/2012/1602 4008/2013/1604
f 4001/2006/1585 4000/2004/1596 4015/2014/1603 4016/2015/1605
f 3994/2007/1583 3993/2005/1582 4008/2013/1604 4009/2016/1606
f 3987/2009/2207 3866/2017/6 4002/2018/1607
f 4092/2019/5 4001/2006/1585 4016/2015/1605
f 3995/2011/1586 3994/2007/1583 4009/2016/1606 4010/2020/1608
f 3988/1995/1587 3987/2009/2207 4002/2018/1607 4003/2021/1609
f 3996/1997/1588 3995/2011/1586 4010/2020/1608 4011/2022/1610
f 3989/1996/1589 3988/1995/1587 4003/2021/1609 4004/2023/1611
f 3997/1998/1590 3996/1997/1588 4011/2022/1610 4012/2024/1597
f 3990/1999/1591 3989/1996/1589 4004/2023/1611 4005/2025/1599
f 3998/2000/1592 3997/1998/1590 4012/2024/1597 4013/2026/1598
f 3991/2001/1593 3990/1999/1591 4005/2025/1599 4006/2027/1600
f 3999/2002/1594 3998/2000/1592 4013/2026/1598 4014/2028/1601
f 3992/2003/1595 3991/2001/1593 4006/2027/1600 4007/2012/1602
f 4000/2004/1596 3999/2002/1594 4014/2028/1601 4015/2014/1603
f 4012/2024/1597 4011/2022/1610 4026/2029/1147 4027/2030/1151
f 4005/2025/1599 4004/2023/1611 4019/2031/1149 4020/2032/1153
f 4013/2026/1598 4012/2024/1597 4027/2030/1151 4028/2033/1155
f 4006/2027/1600 4005/2025/1599 4020/2032/1153 4021/2034/1157
f 4014/2028/1601 4013/2026/1598 4028/2033/1155 4029/2035/1159
f 4007/2012/1602 4006/2027/1600 4021/2034/1157 4022/2036/1161
f 4015/2014/1603 4014/2028/1601 4029/2035/1159 4030/2037/1163
f 4008/2013/1604 4007/2012/1602 4022/2036/1161 4023/2038/1136
f 4016/2015/1605 4015/2014/1603 4030/2037/1163 4031/2039/1141
f 4009/2016/1606 4008/2013/1604 4023/2038/1136 4024/2040/2
f 4002/2018/1607 3866/2041/6 4017/2042/1139
f 4092/2043/5 4016/2015/1605 4031/2039/1141
f 4010/2020/1608 4009/2016/1606 4024/2040/2 4025/2044/1143
f 4003/2021/1609 4002/2018/1607 4017/2042/1139 4018/2045/1145
f 4011/2022/1610 4010/2020/1608 4025/2044/1143 4026/2029/1147
f 4004/2023/1611 4003/2021/1609 4018/2045/1145 4019/2031/1149
f 4031/2039/1141 4030/2037/1163 4045/2046/1164 4046/2047/1142
f 4024/2040/2 4023/2038/1136 4038/2048/1137 4039/2049/1138
f 4017/2042/1139 3866/2050/6 4032/2051/1140
f 4092/2052/5 4031/2039/1141 4046/2047/1142
f 4025/2044/1143 4024/2040/2 4039/2049/1138 4040/2053/1144
f 4018/2045/1145 4017/2042/1139 4032/2051/1140 4033/2054/1146
f 4026/2029/1147 4025/2044/1143 4040/2053/1144 4041/2055/1148
f 4019/2031/1149 4018/2045/1145 4033/2054/1146 4034/2056/2208
f 4027/2030/1151 4026/2029/1147 4041/2055/1148 4042/2057/1152
f 4020/2032/1153 4019/2031/1149 4034/2056/2208 4035/2058/1154
f 4028/2033/1155 4027/2030/1151 4042/2057/1152 4043/2059/1156
f 4021/2034/1157 4020/2032/1153 4035/2058/1154 4036/2060/1158
f 4029/2035/1159 4028/2033/1155 4043/2059/1156 4044/2061/1160
f 4022/2036/1161 4021/2034/1157 4036/2060/1158 4037/2062/1162
f 4030/2037/1163 4029/2035/1159 4044/2061/1160 4045/2046/1164
f 4023/2038/1136 4022/2036/1161 4037/2062/1162 4038/2048/1137
f 4043/2059/1156 4042/2057/1152 4057/2063/1175 4058/2064/1177
f 4036/2060/1158 4035/2058/1154 4050/2065/1176 4051/2066/1178
f 4044/2061/1160 4043/2059/1156 4058/2064/1177 4059/2067/1179
f 4037/2062/1162 4036/2060/1158 4051/2066/1178 4052/2068/2209
f 4045/2046/1164 4044/2061/1160 4059/2067/1179 4060/2069/1167
f 4038/2048/1137 4037/2062/1162 4052/2068/2209 4053/2070/1166
f 4046/2047/1142 4045/2046/1164 4060/2069/1167 4061/2071/1168
f 4039/2049/1138 4038/2048/1137 4053/2070/1166 4054/2072/1169
f 4032/2051/1140 3866/2073/6 4047/2074/2210
f 4092/2075/5 4046/2047/1142 4061/2071/1168
f 4040/2053/1144 4039/2049/1138 4054/2072/1169 4055/2076/1171
f 4033/2054/1146 4032/2051/1140 4047/2074/2210 4048/2077/1172
f 4041/2055/1148 4040/2053/1144 4055/2076/1171 4056/2078/2211
f 4034/2056/2208 4033/2054/1146 4048/2077/1172 4049/2079/1174
f 4042/2057/1152 4041/2055/1148 4056/2078/2211 4057/2063/1175
f 4035/2058/1154 4034/2056/2208 4049/2079/1174 4050/2065/1176
f 4047/2074/2210 3866/2080/6 4062/2081/1192
f 4092/2082/5 4061/2071/1168 4076/2083/1190
f 4055/2076/1171 4054/2072/1169 4069/2084/1191 4070/2085/1193
f 4048/2077/1172 4047/2074/2210 4062/2081/1192 4063/2086/1194
f 4056/2078/2211 4055/2076/1171 4070/2085/1193 4071/2087/1180
f 4049/2079/1174 4048/2077/1172 4063/2086/1194 4064/2088/1182
f 4057/2063/1175 4056/2078/2211 4071/2087/1180 4072/2089/2212
f 4050/2065/1176 4049/2079/1174 4064/2088/1182 4065/2090/1183
f 4058/2064/1177 4057/2063/1175 4072/2089/2212 4073/2091/2213
f 4051/2066/1178 4050/2065/1176 4065/2090/1183 4066/2092/1185
f 4059/2067/1179 4058/2064/1177 4073/2091/2213 4074/2093/1186
f 4052/2068/2209 4051/2066/1178 4066/2092/1185 4067/2094/1187
f 4060/2069/1167 4059/2067/1179 4074/2093/1186 4075/2095/1188
f 4053/2070/1166 4052/2068/2209 4067/2094/1187 4068/2096/2214
f 4061/2071/1168 4060/2069/1167 4075/2095/1188 4076/2083/1190
f 4054/2072/1169 4053/2070/1166 4068/2096/2214 4069/2084/1191
f 4066/2092/1185 4065/2090/1183 4080/2097/1205 4081/2098/1207
f 4074/2093/1186 4073/2091/2213 4088/2099/1206 4089/2100/1208
f 4067/2094/1187 4066/2092/1185 4081/2098/1207 4082/2101/1209
f 4075/2095/1188 4074/2093/1186 4089/2100/1208 4090/2102/2215
f 4068/2096/2214 4067/2094/1187 4082/2101/1209 4083/2103/1197
f 4076/2083/1190 4075/2095/1188 4090/2102/2215 4091/2104/1196
f 4069/2084/1191 4068/2096/2214 4083/2103/1197 4084/2105/1198
f 4062/2081/1192 3866/2106/6 4077/2107/1199
f 4092/2108/5 4076/2083/1190 4091/2104/1196
f 4070/2085/1193 4069/2084/1191 4084/2105/1198 4085/2109/1200
f 4063/2086/1194 4062/2081/1192 4077/2107/1199 4078/2110/1201
f 4071/2087/1180 4070/2085/1193 4085/2109/1200 4086/2111/1202
f 4064/2088/1182 4063/2086/1194 4078/2110/1201 4079/2112/2216
f 4072/2089/2212 4071/2087/1180 4086/2111/1202 4087/2113/1204
f 4065/2090/1183 4064/2088/1182 4079/2112/2216 4080/2097/1205
f 4073/2091/2213 4072/2089/2212 4087/2113/1204 4088/2099/1206
f 4085/2109/1200 4084/2105/1198 4100/2114/1220 4101/2115/1222
f 4078/2110/1201 4077/2107/1199 4093/2116/1221 4094/2117/1223
f 4086/2111/1202 4085/2109/1200 4101/2115/1222 4102/2118/1224
f 4079/2112/2216 4078/2110/1201 4094/2117/1223 4095/2119/1210
f 4087/2113/1204 4086/2111/1202 4102/2118/1224 4103/2120/1212
f 4080/2097/1205 4079/2112/2216 4095/2119/1210 4096/2121/1211
f 4088/2099/1206 4087/2113/1204 4103/2120/1212 4104/2122/1213
f 4081/2098/1207 4080/2097/1205 4096/2121/1211 4097/2123/1214
f 4089/2100/1208 4088/2099/1206 4104/2122/1213 4105/2124/1215
f 4082/2101/1209 4081/2098/1207 4097/2123/1214 4098/2125/1216
f 4090/2102/2215 4089/2100/1208 4105/2124/1215 4106/2126/1217
f 4083/2103/1197 4082/2101/1209 4098/2125/1216 4099/2127/1218
f 4091/2104/1196 4090/2102/2215 4106/2126/1217 4107/2128/1219
f 4084/2105/1198 4083/2103/1197 4099/2127/1218 4100/2114/1220
f 4077/2107/1199 3866/2129/6 4093/2116/1221
f 4092/2130/5 4091/2104/1196 4107/2128/1219
f 4105/2124/1215 4104/2122/1213 4119/2131/1235 4120/2132/1237
f 4098/2125/1216 4097/2123/1214 4112/2133/1236 4113/2134/1238
f 4106/2126/1217 4105/2124/1215 4120/2132/1237 4121/2135/1239
f 4099/2127/1218 4098/2125/1216 4113/2134/1238 4114/2136/1225
f 4107/2128/1219 4106/2126/1217 4121/2135/1239 4122/2137/1228
f 4100/2114/1220 4099/2127/1218 4114/2136/1225 4115/2138/1226
f 4093/2116/1221 3866/2139/6 4108/2140/1227
f 4092/2141/5 4107/2128/1219 4122/2137/1228
f 4101/2115/1222 4100/2114/1220 4115/2138/1226 4116/2142/1229
f 4094/2117/1223 4093/2116/1221 4108/2140/1227 4109/2143/1230
f 4102/2118/1224 4101/2115/1222 4116/2142/1229 4117/2144/1231
f 4095/2119/1210 4094/2117/1223 4109/2143/1230 4110/2145/1232
f 4103/2120/1212 4102/2118/1224 4117/2144/1231 4118/2146/1233
f 4096/2121/1211 4095/2119/1210 4110/2145/1232 4111/2147/1234
f 4104/2122/1213 4103/2120/1212 4118/2146/1233 4119/2131/1235
f 4097/2123/1214 4096/2121/1211 4111/2147/1234 4112/2133/1236
f 4109/2143/1230 4108/2140/1227 4123/2148/1250 4124/2149/1252
f 4117/2144/1231 4116/2142/1229 4131/2150/1251 4132/2151/1253
f 4110/2145/1232 4109/2143/1230 4124/2149/1252 4125/2152/1254
f 4118/2146/1233 4117/2144/1231 4132/2151/1253 4133/2153/1240
f 4111/2147/1234 4110/2145/1232 4125/2152/1254 4126/2154/1242
f 4119/2131/1235 4118/2146/1233 4133/2153/1240 4134/2155/1241
f 4112/2133/1236 4111/2147/1234 4126/2154/1242 4127/2156/1243
f 4120/2132/1237 4119/2131/1235 4134/2155/1241 4135/2157/1244
f 4113/2134/1238 4112/2133/1236 4127/2156/1243 4128/2158/1245
f 4121/2135/1239 4120/2132/1237 4135/2157/1244 4136/2159/1246
f 4114/2136/1225 4113/2134/1238 4128/2158/1245 4129/2160/1247
f 4122/2137/1228 4121/2135/1239 4136/2159/1246 4137/2161/1248
f 4115/2138/1226 4114/2136/1225 4129/2160/1247 4130/2162/1249
f 4108/2140/1227 3866/2163/6 4123/2148/1250
f 4092/2164/5 4122/2137/1228 4137/2161/1248
f 4116/2142/1229 4115/2138/1226 4130/2162/1249 4131/2150/1251
f 4128/2158/1245 4127/2156/1243 4142/2165/1264 4143/2166/1266
f 4136/2159/1246 4135/2157/1244 4150/2167/1265 4151/2168/1267
f 4129/2160/1247 4128/2158/1245 4143/2166/1266 4144/2169/1268
f 4137/2161/1248 4136/2159/1246 4151/2168/1267 4152/2170/1255
f 4130/2162/1249 4129/2160/1247 4144/2169/1268 4145/106/3
f 4123/2148/1250 3866/2171/6 4138/2172/1257
f 4092/2173/5 4137/2161/1248 4152/2170/1255
f 4131/2150/1251 4130/2162/1249 4145/106/3 4146/2174/1256
f 4124/2149/1252 4123/2148/1250 4138/2172/1257 4139/2175/1258
f 4132/2151/1253 4131/2150/1251 4146/2174/1256 4147/2176/1259
f 4125/2152/1254 4124/2149/1252 4139/2175/1258 4140/2177/1260
f 4133/2153/1240 4132/2151/1253 4147/2176/1259 4148/2178/1261
f 4126/2154/1242 4125/2152/1254 4140/2177/1260 4141/2179/1262
f 4134/2155/1241 4133/2153/1240 4148/2178/1261 4149/2180/1263
f 4127/2156/1243 4126/2154/1242 4141/2179/1262 4142/2165/1264
f 4135/2157/1244 4134/2155/1241 4149/2180/1263 4150/2167/1265
f 4147/2181/1259 4146/2182/1256 4161/2183/1278 4162/2184/1280
f 4140/2185/1260 4139/2186/1258 4154/2187/1279 4155/2188/1281
f 4148/2189/1261 4147/2181/1259 4162/2184/1280 4163/2190/1282
f 4141/2191/1262 4140/2185/1260 4155/2188/1281 4156/2192/1283
f 4149/2193/1263 4148/2189/1261 4163/2190/1282 4164/2194/1269
f 4142/2195/1264 4141/2191/1262 4156/2192/1283 4157/2196/1271
f 4150/2197/1265 4149/2193/1263 4164/2194/1269 4165/2198/1270
f 4143/2199/1266 4142/2195/1264 4157/2196/1271 4158/2200/1272
f 4151/2201/1267 4150/2197/1265 4165/2198/1270 4166/2202/1273
f 4144/2203/1268 4143/2199/1266 4158/2200/1272 4159/2204/1274
f 4152/2205/1255 4151/2201/1267 4166/2202/1273 4167/2206/2217
f 4145/15/3 4144/2203/1268 4159/2204/1274 4160/2207/1276
f 4138/2208/1257 3866/2209/6 4153/2210/1277
f 4092/2211/5 4152/2205/1255 4167/2206/2217
f 4146/2182/1256 4145/15/3 4160/2207/1276 4161/2183/1278
f 4139/2186/1258 4138/2208/1257 4153/2210/1277 4154/2187/1279
f 4166/2202/1273 4165/2198/1270 4180/2212/1293 4181/2213/1295
f 4159/2204/1274 4158/2200/1272 4173/2214/1294 4174/2215/1296
f 4167/2206/2217 4166/2202/1273 4181/2213/1295 4182/2216/1297
f 4160/2207/1276 4159/2204/1274 4174/2215/1296 4175/2217/1298
f 4153/2210/1277 3866/2218/6 4168/2219/1284
f 4092/2220/5 4167/2206/2217 4182/2216/1297
f 4161/2183/1278 4160/2207/1276 4175/2217/1298 4176/2221/1286
f 4154/2187/1279 4153/2210/1277 4168/2219/1284 4169/2222/1285
f 4162/2184/1280 4161/2183/1278 4176/2221/1286 4177/2223/1287
f 4155/2188/1281 4154/2187/1279 4169/2222/1285 4170/2224/1288
f 4163/2190/1282 4162/2184/1280 4177/2223/1287 4178/2225/2218
f 4156/2192/1283 4155/2188/1281 4170/2224/1288 4171/2226/1290
f 4164/2194/1269 4163/2190/1282 4178/2225/2218 4179/2227/1291
f 4157/2196/1271 4156/2192/1283 4171/2226/1290 4172/2228/1292
f 4165/2198/1270 4164/2194/1269 4179/2227/1291 4180/2212/1293
f 4158/2200/1272 4157/2196/1271 4172/2228/1292 4173/2214/1294
f 4178/2225/2218 4177/2223/1287 4192/2229/1309 4193/2230/1311
f 4171/2226/1290 4170/2224/1288 4185/2231/1310 4186/2232/1312
f 4179/2227/1291 4178/2225/2218 4193/2230/1311 4194/2233/1313
f 4172/2228/1292 4171/2226/1290 4186/2232/1312 4187/2234/1299
f 4180/2212/1293 4179/2227/1291 4194/2233/1313 4195/2235/1301
f 4173/2214/1294 4172/2228/1292 4187/2234/1299 4188/2236/1300
f 4181/2213/1295 4180/2212/1293 4195/2235/1301 4196/2237/1302
f 4174/2215/1296 4173/2214/1294 4188/2236/1300 4189/2238/1303
f 4182/2216/1297 4181/2213/1295 4196/2237/1302 4197/2239/1304
f 4175/2217/1298 4174/2215/1296 4189/2238/1303 4190/2240/1305
f 4168/2219/1284 3866/2241/6 4183/2242/1306
f 4092/2243/5 4182/2216/1297 4197/2239/1304
f 4176/2221/1286 4175/2217/1298 4190/2240/1305 4191/2244/1307
f 4169/2222/1285 4168/2219/1284 4183/2242/1306 4184/2245/1308
f 4177/2223/1287 4176/2221/1286 4191/2244/1307 4192/2229/1309
f 4170/2224/1288 4169/2222/1285 4184/2245/1308 4185/2231/1310
f 4197/2239/1304 4196/2237/1302 4211/2246/2219 4212/2247/1326
f 4190/2240/1305 4189/2238/1303 4204/2248/1325 4205/2249/1327
f 4183/2242/1306 3866/2250/6 4198/2251/1328
f 4092/2252/5 4197/2239/1304 4212/2247/1326
f 4191/2244/1307 4190/2240/1305 4205/2249/1327 4206/2253/1314
f 4184/2245/1308 4183/2242/1306 4198/2251/1328 4199/2254/1316
f 4192/2229/1309 4191/2244/1307 4206/2253/1314 4207/2255/1315
f 4185/2231/1310 4184/2245/1308 4199/2254/1316 4200/2256/1317
f 4193/2230/1311 4192/2229/1309 4207/2255/1315 4208/2257/1318
f 4186/2232/1312 4185/2231/1310 4200/2256/1317 4201/2258/1319
f 4194/2233/1313 4193/2230/1311 4208/2257/1318 4209/2259/1320
f 4187/2234/1299 4186/2232/1312 4201/2258/1319 4202/2260/1321
f 4195/2235/1301 4194/2233/1313 4209/2259/1320 4210/2261/1322
f 4188/2236/1300 4187/2234/1299 4202/2260/1321 4203/2262/1323
f 4196/2237/1302 4195/2235/1301 4210/2261/1322 4211/2246/2219
f 4189/2238/1303 4188/2236/1300 4203/2262/1323 4204/2248/1325
f 4201/2258/1319 4200/2256/1317 4215/2263/1339 4216/2264/1341
f 4209/2259/1320 4208/2257/1318 4223/2265/1340 4224/2266/1342
f 4202/2260/1321 4201/2258/1319 4216/2264/1341 4217/2267/1343
f 4210/2261/1322 4209/2259/1320 4224/2266/1342 4225/2268/1329
f 4203/2262/1323 4202/2260/1321 4217/2267/1343 4218/2269/1331
f 4211/2246/2219 4210/2261/1322 4225/2268/1329 4226/2270/1330
f 4204/2248/1325 4203/2262/1323 4218/2269/1331 4219/2271/1332
f 4212/2247/1326 4211/2246/2219 4226/2270/1330 4227/2272/1333
f 4205/2249/1327 4204/2248/1325 4219/2271/1332 4220/2273/1334
f 4198/2251/1328 3866/2274/6 4213/2275/1335
f 4092/2276/5 4212/2247/1326 4227/2272/1333
f 4206/2253/1314 4205/2249/1327 4220/2273/1334 4221/2277/2220
f 4199/2254/1316 4198/2251/1328 4213/2275/1335 4214/2278/1337
f 4207/2255/1315 4206/2253/1314 4221/2277/2220 4222/2279/1338
f 4200/2256/1317 4199/2254/1316 4214/2278/1337 4215/2263/1339
f 4208/2257/1318 4207/2255/1315 4222/2279/1338 4223/2265/1340
f 4220/2273/1334 4219/2271/1332 4234/2280/1354 4235/2281/1356
f 4213/2275/1335 3866/2282/6 4228/2283/1357
f 4092/2284/5 4227/2272/1333 4242/2285/1355
f 4221/2277/2220 4220/2273/1334 4235/2281/1356 4236/2286/1358
f 4214/2278/1337 4213/2275/1335 4228/2283/1357 4229/2287/1344
f 4222/2279/1338 4221/2277/2220 4236/2286/1358 4237/2288/1346
f 4215/2263/1339 4214/2278/1337 4229/2287/1344 4230/2289/1345
f 4223/2265/1340 4222/2279/1338 4237/2288/1346 4238/2290/1347
f 4216/2264/1341 4215/2263/1339 4230/2289/1345 4231/2291/1348
f 4224/2266/1342 4223/2265/1340 4238/2290/1347 4239/2292/1349
f 4217/2267/1343 4216/2264/1341 4231/2291/1348 4232/2293/1350
f 4225/2268/1329 4224/2266/1342 4239/2292/1349 4240/2294/1351
f 4218/2269/1331 4217/2267/1343 4232/2293/1350 4233/2295/1352
f 4226/2270/1330 4225/2268/1329 4240/2294/1351 4241/2296/1353
f 4219/2271/1332 4218/2269/1331 4233/2295/1352 4234/2280/1354
f 4227/2272/1333 4226/2270/1330 4241/2296/1353 4242/2285/1355
f 4239/2292/1349 4238/2290/1347 4253/2297/1369 4254/2298/1371
f 4232/2293/1350 4231/2291/1348 4246/2299/1370 4247/2300/1372
f 4240/2294/1351 4239/2292/1349 4254/2298/1371 4255/2301/1373
f 4233/2295/1352 4232/2293/1350 4247/2300/1372 4248/2302/1359
f 4241/2296/1353 4240/2294/1351 4255/2301/1373 4256/2303/2221
f 4234/2280/1354 4233/2295/1352 4248/2302/1359 4249/2304/1360
f 4242/2285/1355 4241/2296/1353 4256/2303/2221 4257/2305/1362
f 4235/2281/1356 4234/2280/1354 4249/2304/1360 4250/2306/1363
f 4228/2283/1357 3866/2307/6 4243/2308/1364
f 4092/2309/5 4242/2285/1355 4257/2305/1362
f 4236/2286/1358 4235/2281/1356 4250/2306/1363 4251/2310/1365
f 4229/2287/1344 4228/2283/1357 4243/2308/1364 4244/2311/1366
f 4237/2288/1346 4236/2286/1358 4251/2310/1365 4252/2312/1367
f 4230/2289/1345 4229/2287/1344 4244/2311/1366 4245/2313/1368
f 4238/2290/1347 4237/2288/1346 4252/2312/1367 4253/2297/1369
f 4231/2291/1348 4230/2289/1345 4245/2313/1368 4246/2299/1370
f 4243/2308/1364 3866/2314/6 4258/1772/1385
f 4092/2315/5 4257/2305/1362 4266/1776/1384
f 4251/2310/1365 4250/2306/1363 3788/31/4 3789/1778/1386
f 4244/2311/1366 4243/2308/1364 4258/1772/1385 4259/1780/1387
f 4252/2312/1367 4251/2310/1365 3789/1778/1386 4262/1782/1374
f 4245/2313/1368 4244/2311/1366 4259/1780/1387 3785/1784/1376
f 4253/2297/1369 4252/2312/1367 4262/1782/1374 3790/1786/1375
f 4246/2299/1370 4245/2313/1368 3785/1784/1376 4260/1788/1377
f 4254/2298/1371 4253/2297/1369 3790/1786/1375 4263/1790/1378
f 4247/2300/1372 4246/2299/1370 4260/1788/1377 3786/1792/1379
f 4255/2301/1373 4254/2298/1371 4263/1790/1378 4264/1794/1380
f 4248/2302/1359 4247/2300/1372 3786/1792/1379 4261/1796/1381
f 4256/2303/2221 4255/2301/1373 4264/1794/1380 4265/1798/1382
f 4249/2304/1360 4248/2302/1359 4261/1796/1381 3787/1770/1383
f 4257/2305/1362 4256/2303/2221 4265/1798/1382 4266/1776/1384
f 4250/2306/1363 4249/2304/1360 3787/1770/1383 3788/31/4
f 4321/2316/3 4320/2317/3 4274/2318/3 4384/2318/1625 4386/2319/1677 4387/2320/1678 4388/2321/1679 4389/2322/1680 4390/2323/1681 4385/2324/1682 4268/2325/1627
f 4287/2326/2222 4310/2327/2223 4300/2328/2224 4290/2329/2225
f 4278/2330/1 4273/2331/3 4371/2331/1653 4398/2330/1612
f 4391/2332/1630 4281/2333/1619 4282/2334/1631 4364/2335/1632
f 4377/2336/1626 4279/2337/1627 4280/2338/1628 4406/2339/1629
f 4286/2340/1619 4270/2341/1619 4267/2342/1631 4283/2343/1631
f 4405/2344/1728 4407/2345/1729 4408/2346/1730 4409/2347/1731 4410/2348/1732 4411/2349/1733 4406/2339/1629 4280/2338/1628 4348/2350/1 4347/2351/1 4276/2344/1648
f 4284/2352/1627 4268/2325/1627 4269/2353/1628 4285/2354/1628
f 4275/2355/1648 4357/2356/1 4356/2357/1 4281/2333/1619 4391/2332/1630 4393/2358/1655 4394/2359/1656 4395/2360/1657 4396/2361/1658 4397/2362/1659 4392/2355/1660
f 4288/2363/2226 4318/2364/2227 4321/2316/3 4268/2325/1627 4284/2352/1627
f 4272/2365/1639 4329/2366/3 4328/2367/1666 4336/2368/1667 4339/2369/3 4271/2370/1639
f 4318/2364/2227 4288/2363/2226 4289/2371/2228 4292/2372/2229
f 4413/2373/1624 4384/2374/1625 4274/2374/3 4277/2373/1
f 4268/2325/1627 4385/2324/1682 4412/2375/1671 4269/2353/1628
f 4277/2373/1 4274/2374/3 4273/2331/3 4278/2330/1
f 4271/2370/1639 4339/2369/3 4338/2376/3 4279/2337/1627 4377/2336/1626 4379/2377/1640 4380/2378/1641 4381/2379/1642 4382/2380/1643 4383/2381/1644 4378/2382/1645
f 4271/2383/1639 4276/2344/1648 4275/2355/1648 4272/2384/1639
f 4309/2385/1663 4319/2385/1664 4291/2386/1661 4301/2386/1662
f 4285/2354/1628 4269/2353/1628 4293/2387/1 4292/2388/2229 4289/2371/2228
f 4309/2385/1663 4312/2389/3 4273/2390/3 4274/2318/3 4320/2391/3 4319/2385/1664
f 4283/2392/1631 4267/2393/1631 4311/2394/3 4310/2395/2223 4287/2326/2222
f 4280/2338/1628 4285/2354/1628 4289/2371/2228 4345/2396/2230 4348/2397/1
f 4276/2344/1648 4347/2351/1 4346/2398/1649 4354/2399/1650 4357/2356/1 4275/2355/1648
f 4282/2400/1631 4283/2392/1631 4287/2326/2222 4327/2401/2231 4330/2402/3
f 4327/2401/2231 4287/2326/2222 4290/2329/2225 4355/2403/2232
f 4288/2363/2226 4337/2404/2233 4345/2396/2230 4289/2371/2228
f 4378/2383/1645 4405/2344/1728 4276/2344/1648 4271/2383/1639
f 4356/2405/1 4355/2403/2232 4290/2329/2225 4286/2340/1619 4281/2333/1619
f 4267/2393/1631 4370/2406/1654 4372/2407/1683 4373/2408/1684 4374/2409/1685 4375/2410/1686 4376/2411/1687 4371/2412/1653 4273/2390/3 4312/2413/3 4311/2394/3
f 4338/2414/3 4337/2415/2233 4288/2363/2226 4284/2352/1627 4279/2337/1627
f 4303/2416/1 4302/2417/1 4278/2330/1 4398/2330/1612 4400/2418/1613 4401/2419/1614 4402/2420/1615 4403/2421/1616 4404/2422/1617 4399/2423/1618 4270/2341/1619
f 4290/2329/2225 4300/2328/2224 4303/2416/1 4270/2341/1619 4286/2340/1619
f 4336/2424/1667 4328/2425/1666 4354/2399/1650 4346/2398/1649
f 4269/2353/1628 4412/2375/1671 4414/2426/1672 4415/2427/1673 4416/2428/1674 4417/2429/1675 4418/2430/1676 4413/2373/1624 4277/2373/1 4294/2431/1 4293/2432/1
f 4279/2337/1627 4284/2352/1627 4285/2354/1628 4280/2338/1628
f 4281/2333/1619 4286/2340/1619 4283/2343/1631 4282/2334/1631
f 4270/2341/1619 4399/2423/1618 4370/2433/1654 4267/2342/1631
f 4291/2386/1661 4294/2434/1 4277/2373/1 4278/2330/1 4302/2435/1 4301/2386/1662
f 4291/2386/1661 4295/2436/2234 4296/2437/2235 4297/2438/2236 4298/2439/2237 4299/2440/2238 4292/2441/2229 4293/2387/1 4294/2431/1
f 4300/2328/2224 4304/2442/2239 4305/2443/2240 4306/2444/2241 4307/2445/2242 4308/2446/2243 4301/2447/1662 4302/2435/1 4303/2416/1
f 4309/2385/1663 4313/2448/2244 4314/2449/2245 4315/2450/2246 4316/2451/2247 4317/2452/2248 4310/2453/2223 4311/2394/3 4312/2413/3
f 4318/2364/2227 4322/2454/2249 4323/2455/2250 4324/2456/2251 4325/2457/2252 4326/2458/2253 4319/2459/1664 4320/2391/3 4321/2316/3
f 4291/2386/1661 4319/2385/1664 4326/2460/2253 4295/2436/2234
f 4295/2436/2234 4326/2460/2253 4325/2461/2252 4296/2437/2235
f 4296/2437/2235 4325/2461/2252 4324/2462/2251 4297/2463/2236
f 4297/2463/2236 4324/2462/2251 4323/2455/2250 4298/2464/2237
f 4298/2464/2237 4323/2455/2250 4322/2454/2249 4299/2465/2238
f 4299/2465/2238 4322/2454/2249 4318/2364/2227 4292/2372/2229
f 4309/2385/1663 4301/2386/1662 4308/2466/2243 4313/2448/2244
f 4313/2448/2244 4308/2466/2243 4307/2467/2242 4314/2449/2245
f 4314/2449/2245 4307/2467/2242 4306/2468/2241 4315/2469/2246
f 4315/2469/2246 4306/2468/2241 4305/2443/2240 4316/2470/2247
f 4316/2470/2247 4305/2443/2240 4304/2442/2239 4317/2471/2248
f 4317/2471/2248 4304/2442/2239 4300/2328/2224 4310/2327/2223
f 4327/2401/2231 4331/2472/2254 4332/2473/2255 4333/2474/2256 4334/2475/2257 4335/2476/2258 4328/2477/1666 4329/2366/3 4330/2402/3
f 4336/2424/1667 4340/2478/2259 4341/2479/2260 4342/2480/2261 4343/2481/2262 4344/2482/2263 4337/2483/2233 4338/2414/3 4339/2369/3
f 4345/2396/2230 4349/2484/2264 4350/2485/2265 4351/2486/2266 4352/2487/2267 4353/2488/2268 4346/2489/1649 4347/2351/1 4348/2350/1
f 4354/2399/1650 4358/2490/2269 4359/2491/2270 4360/2492/2271 4361/2493/2272 4362/2494/2273 4355/2495/2232 4356/2405/1 4357/2356/1
f 4336/2424/1667 4346/2398/1649 4353/2496/2268 4340/2478/2259
f 4340/2478/2259 4353/2496/2268 4352/2497/2267 4341/2479/2260
f 4341/2479/2260 4352/2497/2267 4351/2498/2266 4342/2499/2261
f 4342/2499/2261 4351/2498/2266 4350/2485/2265 4343/2500/2262
f 4343/2500/2262 4350/2485/2265 4349/2484/2264 4344/2501/2263
f 4344/2501/2263 4349/2484/2264 4345/2396/2230 4337/2404/2233
f 4327/2401/2231 4355/2403/2232 4362/2502/2273 4331/2472/2254
f 4331/2472/2254 4362/2502/2273 4361/2503/2272 4332/2473/2255
f 4332/2473/2255 4361/2503/2272 4360/2504/2271 4333/2505/2256
f 4333/2505/2256 4360/2504/2271 4359/2491/2270 4334/2506/2257
f 4334/2506/2257 4359/2491/2270 4358/2490/2269 4335/2507/2258
f 4335/2507/2258 4358/2490/2269 4354/2399/1650 4328/2425/1666
f 4272/2384/1639 4275/2355/1648 4392/2355/1660 4363/2384/1633
f 4405/2344/1728 4378/2383/1645 4383/2508/1644 4407/2509/1729
f 4407/2509/1729 4383/2508/1644 4382/2510/1643 4408/2511/1730
f 4408/2511/1730 4382/2510/1643 4381/11/1642 4409/6/1731
f 4409/6/1731 4381/4/1642 4380/2512/1641 4410/2513/1732
f 4410/2513/1732 4380/2512/1641 4379/2514/1640 4411/2515/1733
f 4411/2515/1733 4379/2514/1640 4377/2336/1626 4406/2339/1629
f 4384/2374/1625 4413/2373/1624 4418/2516/1676 4386/2517/1677
f 4386/2517/1677 4418/2516/1676 4417/2518/1675 4387/2519/1678
f 4387/2519/1678 4417/2518/1675 4416/5/1674 4388/13/1679
f 4388/3/1679 4416/5/1674 4415/2520/1673 4389/2521/1680
f 4389/2521/1680 4415/2520/1673 4414/2522/1672 4390/2523/1681
f 4390/2523/1681 4414/2522/1672 4412/2375/1671 4385/2324/1682
f 4363/2384/1633 4392/2355/1660 4397/2524/1659 4365/2525/1634
f 4365/2525/1634 4397/2524/1659 4396/2526/1658 4366/2527/1635
f 4366/2527/1635 4396/2526/1658 4395/8/1657 4367/12/1636
f 4367/10/1636 4395/8/1657 4394/2528/1656 4368/2529/1637
f 4368/2529/1637 4394/2528/1656 4393/2530/1655 4369/2531/1638
f 4369/2531/1638 4393/2530/1655 4391/2332/1630 4364/2335/1632
f 4398/2330/1612 4371/2331/1653 4376/2532/1687 4400/2533/1613
f 4400/2533/1613 4376/2532/1687 4375/2534/1686 4401/2535/1614
f 4401/2535/1614 4375/2534/1686 4374/14/1685 4402/7/1615
f 4402/7/1615 4374/9/1685 4373/2536/1684 4403/2537/1616
f 4403/2537/1616 4373/2536/1684 4372/2538/1683 4404/2539/1617
f 4404/2539/1617 4372/2538/1683 4370/2433/1654 4399/2423/1618
f 4363/2365/1633 4365/2540/1634 4366/2541/1635 4367/2542/1636 4368/2543/1637 4369/2544/1638 4364/2545/1632 4282/2400/1631 4330/2402/3 4329/2366/3 4272/2365/1639
