# Blender 4.0.2
# www.blender.org
mtllib BadSchrank base.mtl
o defaultMaterial.001
v 1.502103 0.682252 -2.817080
v 1.506543 0.682252 -2.830747
v 1.506543 0.692353 -2.830747
v 1.502103 0.692353 -2.817080
v 1.490478 0.682252 -2.852857
v 1.476109 0.682252 -2.852857
v 1.476109 0.692353 -2.852857
v 1.490478 0.692353 -2.852857
v 1.460045 0.682252 -2.830747
v 1.464485 0.682252 -2.817080
v 1.464485 0.692353 -2.817080
v 1.460045 0.692353 -2.830747
v 1.490478 0.682252 -2.808635
v 1.502103 0.682252 -2.817080
v 1.502103 0.692353 -2.817080
v 1.490478 0.692353 -2.808635
v 1.502103 0.682252 -2.844413
v 1.490478 0.682252 -2.852857
v 1.490478 0.692353 -2.852857
v 1.502103 0.692353 -2.844413
v 1.464485 0.682252 -2.844413
v 1.460045 0.682252 -2.830747
v 1.460045 0.692353 -2.830747
v 1.464485 0.692353 -2.844413
v 1.476109 0.682252 -2.808635
v 1.490478 0.682252 -2.808635
v 1.490478 0.692353 -2.808635
v 1.476109 0.692353 -2.808635
v 1.506543 0.682252 -2.830747
v 1.502103 0.682252 -2.844413
v 1.502103 0.692353 -2.844413
v 1.506543 0.692353 -2.830747
v 1.476109 0.682252 -2.852857
v 1.464485 0.682252 -2.844413
v 1.464485 0.692353 -2.844413
v 1.476109 0.692353 -2.852857
v 1.464485 0.682252 -2.817080
v 1.476109 0.682252 -2.808635
v 1.476109 0.692353 -2.808635
v 1.464485 0.692353 -2.817080
v 1.464485 0.671534 -2.901741
v 1.460045 0.671534 -2.915404
v 1.464485 0.671534 -2.929070
v 1.476109 0.671534 -2.937515
v 1.490478 0.671534 -2.937515
v 1.502103 0.671534 -2.929070
v 1.506543 0.671534 -2.915404
v 1.502103 0.671534 -2.901741
v 1.490478 0.671534 -2.893293
v 1.476109 0.671534 -2.893293
v 1.490478 0.671534 -2.893293
v 1.502103 0.671534 -2.901741
v 1.502103 0.681635 -2.901741
v 1.490478 0.681635 -2.893293
v 1.464485 0.671534 -2.929070
v 1.460045 0.671534 -2.915404
v 1.460045 0.681635 -2.915404
v 1.464485 0.681635 -2.929070
v 1.476109 0.671534 -2.893293
v 1.490478 0.671534 -2.893293
v 1.490478 0.681635 -2.893293
v 1.476109 0.681635 -2.893293
v 1.506543 0.671534 -2.915404
v 1.502103 0.671534 -2.929070
v 1.502103 0.681635 -2.929070
v 1.506543 0.681635 -2.915404
v 1.490478 0.671534 -2.937515
v 1.476109 0.671534 -2.937515
v 1.476109 0.681635 -2.937515
v 1.490478 0.681635 -2.937515
v 1.502103 0.671534 -2.901741
v 1.506543 0.671534 -2.915404
v 1.506543 0.681635 -2.915404
v 1.502103 0.681635 -2.901741
v 1.476109 0.681635 -2.937515
v 1.464485 0.681635 -2.929070
v 1.460045 0.681635 -2.915404
v 1.464485 0.681635 -2.901741
v 1.476109 0.681635 -2.893293
v 1.490478 0.681635 -2.893293
v 1.502103 0.681635 -2.901741
v 1.506543 0.681635 -2.915404
v 1.502103 0.681635 -2.929070
v 1.490478 0.681635 -2.937515
v 1.464485 0.671534 -2.901741
v 1.476109 0.671534 -2.893293
v 1.476109 0.681635 -2.893293
v 1.464485 0.681635 -2.901741
v 1.502103 0.671534 -2.929070
v 1.490478 0.671534 -2.937515
v 1.490478 0.681635 -2.937515
v 1.502103 0.681635 -2.929070
v 1.476109 0.692353 -2.852857
v 1.464485 0.692353 -2.844413
v 1.460045 0.692353 -2.830747
v 1.464485 0.692353 -2.817080
v 1.476109 0.692353 -2.808635
v 1.490478 0.692353 -2.808635
v 1.502103 0.692353 -2.817080
v 1.506543 0.692353 -2.830747
v 1.502103 0.692353 -2.844413
v 1.490478 0.692353 -2.852857
v 1.464485 0.682252 -2.817080
v 1.460045 0.682252 -2.830747
v 1.464485 0.682252 -2.844413
v 1.476109 0.682252 -2.852857
v 1.490478 0.682252 -2.852857
v 1.502103 0.682252 -2.844413
v 1.506543 0.682252 -2.830747
v 1.502103 0.682252 -2.817080
v 1.490478 0.682252 -2.808635
v 1.476109 0.682252 -2.808635
v 1.460045 0.671534 -2.915404
v 1.464485 0.671534 -2.901741
v 1.464485 0.681635 -2.901741
v 1.460045 0.681635 -2.915404
v 1.476109 0.671534 -2.937515
v 1.464485 0.671534 -2.929070
v 1.464485 0.681635 -2.929070
v 1.476109 0.681635 -2.937515
v 2.065129 0.135626 -2.598922
v 2.065129 0.135626 -3.161388
v 2.065129 0.151305 -3.161388
v 2.065127 0.151305 -2.598920
v 0.899446 0.135626 -2.598923
v 2.065129 0.135626 -2.598922
v 2.065127 0.151305 -2.598920
v 0.899443 0.151305 -2.598923
v 0.899446 0.135626 -3.161388
v 0.899446 0.135626 -2.598923
v 0.899443 0.151305 -2.598923
v 0.899446 0.151305 -3.161388
v 0.899446 0.151305 -3.161388
v 2.065129 0.151305 -3.161388
v 2.065129 0.135626 -3.161388
v 0.899446 0.135626 -3.161388
v 0.899446 0.125957 -2.585981
v 0.899446 0.135626 -2.598923
v 0.899446 0.135626 -3.161388
v 0.899446 0.125957 -3.167192
v 0.899446 0.125957 -3.167192
v 0.899446 0.135626 -3.161388
v 2.065129 0.135626 -3.161388
v 2.065129 0.125957 -3.167192
v 2.065129 0.125957 -3.167192
v 2.065129 0.135626 -3.161388
v 2.065129 0.135626 -2.598922
v 2.065129 0.125957 -2.585981
v 2.065129 0.125957 -2.585981
v 2.065129 0.135626 -2.598922
v 0.899446 0.135626 -2.598923
v 0.899446 0.125957 -2.585981
v 2.065129 0.113871 -2.585981
v 2.065129 0.125957 -2.585981
v 0.899446 0.125957 -2.585981
v 0.899446 0.113871 -2.585981
v 2.065129 0.113871 -3.167192
v 2.065129 0.125957 -3.167192
v 2.065129 0.125957 -2.585981
v 2.065129 0.113871 -2.585981
v 0.899446 0.113871 -3.167192
v 0.899446 0.125957 -3.167192
v 2.065129 0.125957 -3.167192
v 2.065129 0.113871 -3.167192
v 0.899446 0.113871 -2.585981
v 0.899446 0.125957 -2.585981
v 0.899446 0.125957 -3.167192
v 0.899446 0.113871 -3.167192
v 0.899446 0.009929 -2.585981
v 0.899446 0.113871 -2.585981
v 0.899446 0.113871 -3.167192
v 0.899446 0.009929 -3.167192
v 2.065129 0.009929 -2.585981
v 2.065129 0.113871 -2.585981
v 0.899446 0.113871 -2.585981
v 0.899446 0.009929 -2.585981
v 2.006615 0.147687 -2.644813
v 2.060509 0.147687 -2.644813
v 2.060509 0.147687 -2.604916
v 2.006615 0.147687 -2.604916
v 2.060509 0.963728 -2.604916
v 2.060509 0.963728 -2.644813
v 2.006615 0.963728 -2.644813
v 2.006615 0.963728 -2.604916
v 2.060509 0.147687 -2.604916
v 2.060509 0.147687 -2.644813
v 2.060509 0.963728 -2.644813
v 2.060509 0.963728 -2.604916
v 2.006615 0.147687 -2.604916
v 2.060509 0.147687 -2.604916
v 2.060509 0.963728 -2.604916
v 2.006615 0.963728 -2.604916
v 2.006615 0.147687 -2.644813
v 2.006615 0.147687 -2.604916
v 2.006615 0.963728 -2.604916
v 2.006615 0.963728 -2.644813
v 2.006615 0.963728 -2.644813
v 2.060509 0.963728 -2.644813
v 2.060509 0.147687 -2.644813
v 2.006615 0.147687 -2.644813
v 0.908697 0.147687 -2.644813
v 0.962591 0.147687 -2.644813
v 0.962591 0.147687 -2.604916
v 0.908697 0.147687 -2.604916
v 0.962591 0.963728 -2.604916
v 0.962591 0.963728 -2.644813
v 0.908697 0.963728 -2.644813
v 0.908697 0.963728 -2.604916
v 0.962591 0.147687 -2.604916
v 0.962591 0.147687 -2.644813
v 0.962591 0.963728 -2.644813
v 0.962591 0.963728 -2.604916
v 0.908697 0.147687 -2.604916
v 0.962591 0.147687 -2.604916
v 0.962591 0.963728 -2.604916
v 0.908697 0.963728 -2.604916
v 0.908697 0.147687 -2.644813
v 0.908697 0.147687 -2.604916
v 0.908697 0.963728 -2.604916
v 0.908697 0.963728 -2.644813
v 0.908697 0.963728 -2.644813
v 0.962591 0.963728 -2.644813
v 0.962591 0.147687 -2.644813
v 0.908697 0.147687 -2.644813
v 2.075074 0.958507 -2.599840
v 2.075074 0.958507 -2.711771
v 2.075073 0.976020 -2.711771
v 2.075073 0.976020 -2.599840
v 0.895201 0.958507 -2.599840
v 2.075074 0.958507 -2.599840
v 2.075073 0.976020 -2.599840
v 0.895201 0.976020 -2.599840
v 0.895201 0.958507 -3.159502
v 0.895201 0.958507 -3.047569
v 0.895201 0.976020 -3.047569
v 0.895201 0.976020 -3.159500
v 0.895201 0.976020 -3.159500
v 2.075074 0.976020 -3.159500
v 2.075074 0.958507 -3.159500
v 0.895201 0.958507 -3.159502
v 2.075074 0.988632 -3.159756
v 2.075074 0.976020 -3.159500
v 0.895201 0.976020 -3.159500
v 0.895201 0.988632 -3.159756
v 0.895201 0.988632 -2.688077
v 0.895201 0.976020 -2.711771
v 0.895201 0.976020 -2.599840
v 0.895201 0.988632 -2.570157
v 0.895201 0.988632 -2.570157
v 0.895201 0.976020 -2.599840
v 2.075073 0.976020 -2.599840
v 2.075073 0.988632 -2.570157
v 2.075074 0.988632 -3.041838
v 2.075074 0.976020 -3.047569
v 2.075074 0.976020 -3.159500
v 2.075074 0.988632 -3.159756
v 2.075074 0.999142 -3.041838
v 2.075074 0.988632 -3.041838
v 2.075074 0.988632 -3.159756
v 2.075074 0.999142 -3.159756
v 0.895201 0.999142 -2.570157
v 0.895201 0.988632 -2.570157
v 2.075073 0.988632 -2.570157
v 2.075073 0.999142 -2.570157
v 0.895201 0.999142 -2.688077
v 0.895201 0.988632 -2.688077
v 0.895201 0.988632 -2.570157
v 0.895201 0.999142 -2.570157
v 2.075074 0.999142 -3.159756
v 2.075074 0.988632 -3.159756
v 0.895201 0.988632 -3.159756
v 0.895201 0.999142 -3.159756
v 1.665313 0.999142 -3.074736
v 2.075074 0.999142 -3.159756
v 0.895201 0.999142 -3.159756
v 1.321005 0.999142 -3.074736
v 1.262293 0.999142 -2.716246
v 0.895201 0.999142 -2.688077
v 0.895201 0.999142 -2.570157
v 1.385818 0.999142 -2.644353
v 2.075073 0.999142 -2.570157
v 1.600500 0.999142 -2.644353
v 1.748366 0.999142 -2.990871
v 2.075074 0.999142 -3.041838
v 2.045469 0.146789 -2.618406
v 2.045471 0.146789 -3.160419
v 2.045471 0.962191 -3.160419
v 2.045469 0.962191 -2.618406
v 0.918965 0.146789 -3.160419
v 0.918963 0.146789 -2.618406
v 0.918963 0.962191 -2.618406
v 0.918963 0.962191 -3.160419
v 0.918963 0.962191 -3.160419
v 2.045471 0.962191 -3.160419
v 2.045471 0.146789 -3.160419
v 0.918965 0.146789 -3.160419
v 1.010825 0.877395 -2.618406
v 0.918963 0.962191 -2.618406
v 0.918963 0.146789 -2.618406
v 1.010825 0.213281 -2.618406
v 1.953608 0.213281 -2.618406
v 2.045469 0.146789 -2.618406
v 2.045469 0.962191 -2.618406
v 1.953609 0.877395 -2.618406
v 1.953609 0.877395 -2.618406
v 2.045469 0.962191 -2.618406
v 0.918963 0.962191 -2.618406
v 1.010825 0.877395 -2.618406
v 1.010825 0.213281 -2.618406
v 0.918963 0.146789 -2.618406
v 2.045469 0.146789 -2.618406
v 1.953608 0.213281 -2.618406
v 0.984121 0.878865 -2.956457
v 0.984121 0.878865 -2.657819
v 0.984121 0.184974 -2.657819
v 0.984121 0.184974 -2.956457
v 0.984121 0.184974 -2.956457
v 1.980312 0.184974 -2.956457
v 1.980312 0.878865 -2.956457
v 1.648249 0.878865 -2.956457
v 1.316185 0.878865 -2.956457
v 0.984121 0.878865 -2.956457
v 1.007570 0.291659 -2.618406
v 1.004315 0.291659 -2.612767
v 1.004315 0.377253 -2.612767
v 1.007570 0.377253 -2.618406
v 1.014078 0.745078 -2.607132
v 1.017334 0.745078 -2.612767
v 1.017334 0.830674 -2.612767
v 1.014078 0.830674 -2.607132
v 1.004315 0.291659 -2.612767
v 1.007570 0.291659 -2.607132
v 1.007570 0.377253 -2.607132
v 1.004315 0.377253 -2.612767
v 1.007570 0.745078 -2.607132
v 1.014078 0.745078 -2.607132
v 1.014078 0.830674 -2.607132
v 1.007570 0.830674 -2.607132
v 1.014078 0.291659 -2.618406
v 1.007570 0.291659 -2.618406
v 1.007570 0.377253 -2.618406
v 1.014078 0.377253 -2.618406
v 1.007570 0.291659 -2.607132
v 1.014078 0.291659 -2.607132
v 1.014078 0.377253 -2.607132
v 1.007570 0.377253 -2.607132
v 1.004315 0.745078 -2.612767
v 1.007570 0.745078 -2.607132
v 1.007570 0.830674 -2.607132
v 1.004315 0.830674 -2.612767
v 1.017334 0.291659 -2.612767
v 1.014078 0.291659 -2.618406
v 1.014078 0.377253 -2.618406
v 1.017334 0.377253 -2.612767
v 1.014078 0.291659 -2.607132
v 1.017334 0.291659 -2.612767
v 1.017334 0.377253 -2.612767
v 1.014078 0.377253 -2.607132
v 1.007570 0.745078 -2.618406
v 1.004315 0.745078 -2.612767
v 1.004315 0.830674 -2.612767
v 1.007570 0.830674 -2.618406
v 1.007570 0.830674 -2.607132
v 1.014078 0.830674 -2.607132
v 1.017334 0.830674 -2.612767
v 1.014078 0.830674 -2.618406
v 1.007570 0.830674 -2.618406
v 1.004315 0.830674 -2.612767
v 1.017334 0.745078 -2.612767
v 1.014078 0.745078 -2.618406
v 1.014078 0.830674 -2.618406
v 1.017334 0.830674 -2.612767
v 1.014078 0.745078 -2.618406
v 1.007570 0.745078 -2.618406
v 1.007570 0.830674 -2.618406
v 1.014078 0.830674 -2.618406
v 1.014078 0.291659 -2.618406
v 1.017334 0.291659 -2.612767
v 1.014078 0.291659 -2.607132
v 1.007570 0.291659 -2.607132
v 1.004315 0.291659 -2.612767
v 1.007570 0.291659 -2.618406
v 1.007570 0.377253 -2.607132
v 1.014078 0.377253 -2.607132
v 1.017334 0.377253 -2.612767
v 1.014078 0.377253 -2.618406
v 1.007570 0.377253 -2.618406
v 1.004315 0.377253 -2.612767
v 1.014078 0.745078 -2.618406
v 1.017334 0.745078 -2.612767
v 1.014078 0.745078 -2.607132
v 1.007570 0.745078 -2.607132
v 1.004315 0.745078 -2.612767
v 1.007570 0.745078 -2.618406
v 1.010825 0.877395 -2.644577
v 1.010825 0.877395 -2.618406
v 1.010825 0.213281 -2.618406
v 1.010825 0.213281 -2.644577
v 1.953608 0.213281 -2.644577
v 1.953608 0.213281 -2.618406
v 1.953609 0.877395 -2.618406
v 1.953609 0.877395 -2.644577
v 1.953609 0.877395 -2.644577
v 1.953609 0.877395 -2.618406
v 1.010825 0.877395 -2.618406
v 1.010825 0.877395 -2.644577
v 1.010825 0.213281 -2.644577
v 1.010825 0.213281 -2.618406
v 1.953608 0.213281 -2.618406
v 1.953608 0.213281 -2.644577
v 0.984121 0.878865 -2.657819
v 1.010825 0.877395 -2.644577
v 1.010825 0.213281 -2.644577
v 0.984121 0.184974 -2.657819
v 1.980312 0.184974 -2.657819
v 1.953608 0.213281 -2.644577
v 1.953609 0.877395 -2.644577
v 1.953609 0.877395 -2.644577
v 1.980312 0.878865 -2.657817
v 1.980312 0.184974 -2.657819
v 1.980312 0.878865 -2.657817
v 1.953609 0.877395 -2.644577
v 1.010825 0.877395 -2.644577
v 0.984121 0.878865 -2.657819
v 1.316185 0.878865 -2.657819
v 1.316185 0.878865 -2.657819
v 1.648249 0.878865 -2.657819
v 1.980312 0.878865 -2.657817
v 0.984121 0.184974 -2.657819
v 1.010825 0.213281 -2.644577
v 1.953608 0.213281 -2.644577
v 1.980312 0.184974 -2.657819
v 1.980312 0.471581 -2.657819
v 0.984121 0.471581 -2.657819
v 0.984121 0.460247 -2.657819
v 1.980312 0.460247 -2.657819
v 1.963699 0.447699 -2.956457
v 1.963699 0.460247 -2.956457
v 1.963699 0.460247 -2.657819
v 1.963699 0.447699 -2.657819
v 1.963699 0.447699 -2.657819
v 1.980312 0.447699 -2.657819
v 1.980312 0.447699 -2.956457
v 1.963699 0.447699 -2.956457
v 1.000735 0.460247 -2.657819
v 1.000735 0.447698 -2.956457
v 1.000735 0.460247 -2.956457
v 1.000735 0.447698 -2.657819
v 0.984121 0.447698 -2.657819
v 1.000735 0.447698 -2.956457
v 1.000735 0.447698 -2.657819
v 0.984121 0.447698 -2.956457
v 0.984121 0.471581 -2.956457
v 0.984121 0.471581 -2.657819
v 1.980312 0.471581 -2.657819
v 1.980312 0.471581 -2.956457
v 2.035281 0.151305 -3.131540
v 2.065129 0.151305 -3.161388
v 0.899446 0.151305 -3.161388
v 0.929292 0.151305 -3.131540
v 0.929292 0.151305 -3.131540
v 0.899446 0.151305 -3.161388
v 0.899443 0.151305 -2.598923
v 0.929291 0.151305 -2.628768
v 0.929291 0.151305 -2.628768
v 0.899443 0.151305 -2.598923
v 2.065127 0.151305 -2.598920
v 2.035281 0.151305 -2.628768
v 2.035281 0.151305 -2.628768
v 2.065127 0.151305 -2.598920
v 2.065129 0.151305 -3.161388
v 2.035281 0.151305 -3.131540
v 0.895201 0.999142 -3.041838
v 1.237953 0.999142 -2.990871
v 0.895201 0.999142 -2.923917
v 1.219850 0.999142 -2.899331
v 0.895201 0.999142 -2.805996
v 1.223590 0.999142 -2.807790
v 0.895201 0.999142 -3.159756
v 0.895201 0.988632 -3.159756
v 0.895201 0.988632 -3.041838
v 0.895201 0.999142 -3.041838
v 0.895201 0.988632 -2.923917
v 0.895201 0.999142 -2.923917
v 0.895201 0.988632 -2.805996
v 0.895201 0.999142 -2.805996
v 0.895201 0.988632 -3.159756
v 0.895201 0.976020 -3.159500
v 0.895201 0.976020 -3.047569
v 0.895201 0.988632 -3.041838
v 0.895201 0.976020 -2.935638
v 0.895201 0.988632 -2.923917
v 0.895201 0.976020 -2.823704
v 0.895201 0.988632 -2.805996
v 0.895201 0.958507 -2.711771
v 0.895201 0.958507 -2.599840
v 0.895201 0.976020 -2.599840
v 0.895201 0.976020 -2.711771
v 0.895201 0.958507 -2.823704
v 0.895201 0.976020 -2.823704
v 0.895201 0.958507 -2.935638
v 0.895201 0.976020 -2.935638
v 2.075073 0.999142 -2.688077
v 1.724027 0.999142 -2.716246
v 2.075074 0.999142 -2.805996
v 1.762728 0.999142 -2.807790
v 2.075074 0.999142 -2.923917
v 1.766469 0.999142 -2.899331
v 2.075073 0.999142 -2.570157
v 2.075073 0.988632 -2.570157
v 2.075073 0.988632 -2.688077
v 2.075073 0.999142 -2.688077
v 2.075074 0.988632 -2.805996
v 2.075074 0.999142 -2.805996
v 2.075074 0.988632 -2.923917
v 2.075074 0.999142 -2.923917
v 2.075073 0.988632 -2.570157
v 2.075073 0.976020 -2.599840
v 2.075073 0.976020 -2.711771
v 2.075073 0.988632 -2.688077
v 2.075074 0.976020 -2.823704
v 2.075074 0.988632 -2.805996
v 2.075074 0.976020 -2.935638
v 2.075074 0.988632 -2.923917
v 2.075074 0.958507 -3.047569
v 2.075074 0.958507 -3.159500
v 2.075074 0.976020 -3.159500
v 2.075074 0.976020 -3.047569
v 2.075074 0.958507 -2.935638
v 2.075074 0.976020 -2.935638
v 2.075074 0.958507 -2.823704
v 2.075074 0.976020 -2.823704
v 1.365690 0.746477 -2.886020
v 1.365590 0.744293 -2.877698
v 1.365752 0.754151 -2.876519
v 1.365817 0.755576 -2.881949
v 1.391387 0.726858 -2.888666
v 1.391322 0.725433 -2.883234
v 1.387339 0.723066 -2.880063
v 1.382084 0.721167 -2.880625
v 1.378656 0.720979 -2.885068
v 1.378722 0.722404 -2.890501
v 1.382705 0.724771 -2.893672
v 1.387959 0.726671 -2.893110
v 1.386297 0.736428 -2.894295
v 1.391549 0.736717 -2.887487
v 1.391387 0.726858 -2.888666
v 1.387959 0.726671 -2.893110
v 1.379845 0.753014 -2.890019
v 1.371793 0.750104 -2.890882
v 1.369800 0.757943 -2.885123
v 1.375054 0.759843 -2.884560
v 1.370842 0.744582 -2.870890
v 1.378893 0.747492 -2.870028
v 1.374433 0.756238 -2.871513
v 1.369179 0.754339 -2.872075
v 1.382084 0.721167 -2.880625
v 1.387339 0.723066 -2.880063
v 1.385345 0.730905 -2.874304
v 1.377294 0.727995 -2.875166
v 1.378245 0.733518 -2.895157
v 1.382705 0.724771 -2.893672
v 1.385096 0.753303 -2.883211
v 1.378482 0.760031 -2.880117
v 1.372143 0.729891 -2.890296
v 1.372042 0.727706 -2.881974
v 1.378722 0.722404 -2.890501
v 1.378656 0.720979 -2.885068
v 1.384996 0.751119 -2.874889
v 1.391449 0.734533 -2.879165
v 1.378416 0.758606 -2.874685
v 1.391322 0.725433 -2.883234
v 1.375054 0.759843 -2.884560
v 1.369800 0.757943 -2.885123
v 1.365817 0.755576 -2.881949
v 1.365752 0.754151 -2.876519
v 1.369179 0.754339 -2.872075
v 1.374433 0.756238 -2.871513
v 1.378416 0.758606 -2.874685
v 1.378482 0.760031 -2.880117
v 1.382705 0.724771 -2.893672
v 1.378245 0.733518 -2.895157
v 1.371793 0.750104 -2.890882
v 1.369800 0.757943 -2.885123
v 1.379075 0.735113 -2.873218
v 1.380512 0.736811 -2.872780
v 1.379967 0.732933 -2.857373
v 1.378879 0.731650 -2.857704
v 1.379713 0.738865 -2.872253
v 1.379362 0.734485 -2.856972
v 1.377477 0.739223 -2.872159
v 1.377672 0.734755 -2.856905
v 1.376838 0.735470 -2.873127
v 1.377190 0.731920 -2.857634
v 1.377477 0.739223 -2.872159
v 1.376039 0.737525 -2.872597
v 1.376586 0.733472 -2.857232
v 1.377672 0.734755 -2.856905
v 1.386275 0.734092 -2.859769
v 1.385892 0.731182 -2.860065
v 1.368196 0.733079 -2.855788
v 1.368580 0.735988 -2.855494
v 1.387016 0.735736 -2.857435
v 1.395805 0.733510 -2.859244
v 1.395322 0.732436 -2.860768
v 1.369728 0.731918 -2.848935
v 1.370110 0.734828 -2.848641
v 1.360931 0.735473 -2.847745
v 1.360681 0.733573 -2.847938
v 1.395072 0.730537 -2.860960
v 1.369319 0.737633 -2.853159
v 1.359681 0.734331 -2.852408
v 1.359931 0.736230 -2.852217
v 1.396072 0.729780 -2.856487
v 1.396322 0.731679 -2.856294
v 1.387806 0.732931 -2.852914
v 1.387423 0.730022 -2.853211
v 1.368338 0.730649 -2.854122
v 1.368987 0.730274 -2.851270
v 1.360197 0.732500 -2.849459
v 1.359773 0.732745 -2.851323
v 1.396072 0.729780 -2.856487
v 1.395588 0.728707 -2.858010
v 1.395165 0.728952 -2.859872
v 1.395072 0.730537 -2.860960
v 1.395322 0.732436 -2.860768
v 1.395805 0.733510 -2.859244
v 1.396229 0.733265 -2.857383
v 1.396322 0.731679 -2.856294
v 1.360415 0.737303 -2.850694
v 1.386034 0.728752 -2.858398
v 1.386683 0.728377 -2.855544
v 1.395165 0.728952 -2.859872
v 1.395588 0.728707 -2.858010
v 1.369969 0.737258 -2.850307
v 1.387665 0.735361 -2.854580
v 1.360837 0.737058 -2.848831
v 1.360197 0.732500 -2.849459
v 1.360681 0.733573 -2.847938
v 1.360931 0.735473 -2.847745
v 1.360837 0.737058 -2.848831
v 1.360415 0.737303 -2.850694
v 1.359931 0.736230 -2.852217
v 1.359681 0.734331 -2.852408
v 1.359773 0.732745 -2.851323
v 1.396229 0.733265 -2.857383
v 1.395072 0.730537 -2.860960
v 1.385892 0.731182 -2.860065
v 1.368196 0.733079 -2.855788
v 1.359681 0.734331 -2.852408
v 1.405493 0.686714 -2.973859
v 1.400634 0.689523 -2.973859
v 1.400576 0.689670 -2.966375
v 1.405433 0.686867 -2.966125
v 1.400634 0.689523 -2.973859
v 1.395771 0.686720 -2.973859
v 1.395712 0.686867 -2.966327
v 1.400576 0.689670 -2.966375
v 1.395767 0.681106 -2.973859
v 1.395706 0.681262 -2.966033
v 1.400627 0.678296 -2.973859
v 1.400563 0.678459 -2.965784
v 1.405490 0.681100 -2.973859
v 1.405426 0.681262 -2.965831
v 1.400166 0.690708 -2.954210
v 1.405010 0.687943 -2.953573
v 1.395301 0.687913 -2.954090
v 1.400166 0.690708 -2.954210
v 1.395277 0.682350 -2.953333
v 1.400120 0.679584 -2.952695
v 1.404986 0.682380 -2.952816
v 1.399062 0.693514 -2.939220
v 1.403862 0.690858 -2.938030
v 1.394188 0.690739 -2.938996
v 1.399062 0.693514 -2.939220
v 1.394113 0.685308 -2.937581
v 1.398913 0.682652 -2.936391
v 1.403787 0.685427 -2.936615
v 1.396933 0.698922 -2.923255
v 1.401630 0.696528 -2.921326
v 1.392040 0.696196 -2.922893
v 1.396933 0.698922 -2.923255
v 1.391843 0.691076 -2.920600
v 1.396539 0.688682 -2.918671
v 1.401433 0.691408 -2.919036
v 1.393472 0.707714 -2.908098
v 1.397958 0.705856 -2.905282
v 1.388539 0.705089 -2.907567
v 1.393472 0.707714 -2.908098
v 1.388092 0.700605 -2.904221
v 1.392578 0.698746 -2.901405
v 1.397511 0.701370 -2.901935
v 1.388356 0.720713 -2.895364
v 1.392488 0.719751 -2.891688
v 1.383356 0.718257 -2.894671
v 1.388356 0.720713 -2.895364
v 1.382488 0.714839 -2.890305
v 1.386621 0.713877 -2.886628
v 1.391621 0.716333 -2.887321
v 1.381165 0.738978 -2.886555
v 1.384846 0.739164 -2.882320
v 1.376080 0.736738 -2.885757
v 1.381165 0.738978 -2.886555
v 1.374676 0.734684 -2.880727
v 1.378357 0.734870 -2.876492
v 1.383441 0.737111 -2.877290
v 1.371400 0.763783 -2.883379
v 1.374645 0.765076 -2.878986
v 1.366234 0.761752 -2.882552
v 1.371400 0.763783 -2.883379
v 1.364311 0.761014 -2.877328
v 1.367556 0.762307 -2.872935
v 1.372723 0.764339 -2.873762
v 1.358603 0.796293 -2.887825
v 1.361507 0.798453 -2.883533
v 1.353372 0.794425 -2.887016
v 1.358603 0.796293 -2.887825
v 1.351045 0.794717 -2.881917
v 1.353948 0.796878 -2.877625
v 1.359179 0.798745 -2.878435
v 1.342402 0.837449 -2.901910
v 1.345064 0.840223 -2.897820
v 1.337125 0.835697 -2.901140
v 1.342402 0.837449 -2.901910
v 1.334510 0.836719 -2.896279
v 1.337171 0.839493 -2.892189
v 1.342448 0.841246 -2.892960
v 1.324905 0.873700 -2.936065
v 1.327395 0.876910 -2.932192
v 1.319596 0.872030 -2.935337
v 1.324905 0.873700 -2.936065
v 1.316777 0.873571 -2.930732
v 1.319266 0.876781 -2.926860
v 1.324576 0.878451 -2.927589
v 1.322138 0.892841 -2.979730
v 1.324957 0.891301 -2.984333
v 1.316828 0.891171 -2.979001
v 1.317158 0.886420 -2.987478
v 1.314339 0.887961 -2.982873
v 1.322467 0.888090 -2.988208
v 1.322467 0.888090 -2.988208
v 1.584759 0.752957 -2.886020
v 1.583186 0.751439 -2.877698
v 1.590075 0.758492 -2.876519
v 1.591102 0.759482 -2.881949
v 1.589958 0.721048 -2.888666
v 1.588931 0.720058 -2.883234
v 1.584410 0.721073 -2.880063
v 1.579288 0.723302 -2.880625
v 1.576667 0.725519 -2.885068
v 1.577694 0.726511 -2.890501
v 1.582215 0.725495 -2.893672
v 1.587337 0.723266 -2.893110
v 1.592832 0.731500 -2.894295
v 1.596847 0.728101 -2.887487
v 1.589958 0.721048 -2.888666
v 1.587337 0.723266 -2.893110
v 1.599536 0.747986 -2.890019
v 1.591685 0.751401 -2.890882
v 1.595622 0.758467 -2.885123
v 1.600746 0.756238 -2.884560
v 1.587200 0.748041 -2.870890
v 1.595051 0.744625 -2.870028
v 1.597819 0.754045 -2.871513
v 1.592695 0.756274 -2.872075
v 1.579288 0.723302 -2.880625
v 1.584410 0.721073 -2.880063
v 1.588347 0.728139 -2.874304
v 1.580497 0.731554 -2.875166
v 1.584982 0.734914 -2.895157
v 1.582215 0.725495 -2.893672
v 1.603551 0.744587 -2.883211
v 1.603365 0.754020 -2.880117
v 1.578055 0.736471 -2.890296
v 1.576482 0.734953 -2.881974
v 1.577694 0.726511 -2.890501
v 1.576667 0.725519 -2.885068
v 1.601977 0.743069 -2.874889
v 1.595273 0.726583 -2.879165
v 1.602340 0.753030 -2.874685
v 1.588931 0.720058 -2.883234
v 1.600746 0.756238 -2.884560
v 1.595622 0.758467 -2.885123
v 1.591102 0.759482 -2.881949
v 1.590075 0.758492 -2.876519
v 1.592695 0.756274 -2.872075
v 1.597819 0.754045 -2.871513
v 1.602340 0.753030 -2.874685
v 1.603365 0.754020 -2.880117
v 1.582215 0.725495 -2.893672
v 1.584982 0.734914 -2.895157
v 1.591685 0.751401 -2.890882
v 1.595622 0.758467 -2.885123
v 1.586681 0.735504 -2.873218
v 1.588891 0.735750 -2.872780
v 1.585830 0.733307 -2.857373
v 1.584159 0.733121 -2.857704
v 1.589722 0.737792 -2.872253
v 1.586457 0.734850 -2.856972
v 1.588341 0.739588 -2.872159
v 1.585414 0.736207 -2.856905
v 1.585300 0.737300 -2.873127
v 1.583116 0.734478 -2.857634
v 1.588341 0.739588 -2.872159
v 1.586131 0.739342 -2.872597
v 1.583744 0.736022 -2.857232
v 1.585414 0.736207 -2.856905
v 1.591211 0.729815 -2.859769
v 1.588934 0.727965 -2.860065
v 1.577376 0.741498 -2.855788
v 1.579654 0.743350 -2.855494
v 1.592878 0.730502 -2.857435
v 1.597737 0.722846 -2.859244
v 1.596649 0.722398 -2.860768
v 1.577692 0.739603 -2.848935
v 1.579970 0.741454 -2.848641
v 1.573741 0.748229 -2.847745
v 1.572254 0.747021 -2.847938
v 1.595163 0.721190 -2.860960
v 1.581322 0.744036 -2.853159
v 1.572048 0.748258 -2.852408
v 1.573535 0.749466 -2.852217
v 1.595369 0.719953 -2.856487
v 1.596856 0.721162 -2.856294
v 1.591527 0.727921 -2.852914
v 1.589250 0.726069 -2.853211
v 1.575811 0.739635 -2.854122
v 1.576025 0.738916 -2.851270
v 1.571166 0.746572 -2.849459
v 1.571026 0.747041 -2.851323
v 1.595369 0.719953 -2.856487
v 1.594280 0.719505 -2.858010
v 1.594141 0.719974 -2.859872
v 1.595163 0.721190 -2.860960
v 1.596649 0.722398 -2.860768
v 1.597737 0.722846 -2.859244
v 1.597877 0.722378 -2.857383
v 1.596856 0.721162 -2.856294
v 1.574623 0.749914 -2.850694
v 1.587368 0.726101 -2.858398
v 1.587583 0.725383 -2.855544
v 1.594141 0.719974 -2.859872
v 1.594280 0.719505 -2.858010
v 1.581536 0.743318 -2.850307
v 1.593093 0.729784 -2.854580
v 1.574762 0.749446 -2.848831
v 1.571166 0.746572 -2.849459
v 1.572254 0.747021 -2.847938
v 1.573741 0.748229 -2.847745
v 1.574762 0.749446 -2.848831
v 1.574623 0.749914 -2.850694
v 1.573535 0.749466 -2.852217
v 1.572048 0.748258 -2.852408
v 1.571026 0.747041 -2.851323
v 1.597877 0.722378 -2.857383
v 1.595163 0.721190 -2.860960
v 1.588934 0.727965 -2.860065
v 1.577376 0.741498 -2.855788
v 1.572048 0.748258 -2.852408
v 1.572633 0.682184 -2.973859
v 1.571031 0.687563 -2.973859
v 1.571090 0.687710 -2.966375
v 1.572695 0.682336 -2.966125
v 1.571031 0.687563 -2.973859
v 1.565571 0.688866 -2.973859
v 1.565631 0.689014 -2.966327
v 1.571090 0.687710 -2.966375
v 1.561713 0.684788 -2.973859
v 1.561775 0.684944 -2.966033
v 1.563316 0.679409 -2.973859
v 1.563380 0.679571 -2.965784
v 1.568776 0.678106 -2.973859
v 1.568840 0.678267 -2.965831
v 1.571507 0.688745 -2.954210
v 1.573125 0.683409 -2.953573
v 1.566049 0.690056 -2.954090
v 1.571507 0.688745 -2.954210
v 1.562212 0.686030 -2.953333
v 1.563832 0.680692 -2.952695
v 1.569288 0.679382 -2.952816
v 1.572632 0.691544 -2.939220
v 1.574294 0.686316 -2.938030
v 1.567183 0.692875 -2.938996
v 1.572632 0.691544 -2.939220
v 1.563397 0.688979 -2.937581
v 1.565061 0.683752 -2.936391
v 1.570509 0.682419 -2.936615
v 1.574799 0.696936 -2.923255
v 1.576567 0.691969 -2.921326
v 1.569370 0.698316 -2.922893
v 1.574799 0.696936 -2.923255
v 1.565710 0.694730 -2.920600
v 1.567477 0.689764 -2.918671
v 1.572906 0.688383 -2.919036
v 1.578323 0.705703 -2.908098
v 1.580305 0.701270 -2.905282
v 1.572935 0.707184 -2.907567
v 1.578323 0.705703 -2.908098
v 1.569529 0.704232 -2.904221
v 1.571511 0.699799 -2.901405
v 1.576900 0.698318 -2.901935
v 1.583533 0.718664 -2.895364
v 1.585876 0.715126 -2.891688
v 1.578213 0.720314 -2.894671
v 1.583533 0.718664 -2.895364
v 1.575234 0.718425 -2.890305
v 1.577577 0.714888 -2.886628
v 1.582897 0.713238 -2.887321
v 1.590855 0.736877 -2.886555
v 1.593657 0.734484 -2.882320
v 1.585620 0.738742 -2.885757
v 1.590855 0.736877 -2.886555
v 1.583189 0.738214 -2.880727
v 1.585992 0.735822 -2.876492
v 1.591225 0.733956 -2.877290
v 1.600797 0.761612 -2.883379
v 1.604043 0.760322 -2.878986
v 1.595647 0.763685 -2.882552
v 1.600797 0.761612 -2.883379
v 1.593742 0.764468 -2.877328
v 1.596989 0.763179 -2.872935
v 1.602141 0.761107 -2.873762
v 1.613827 0.794028 -2.887825
v 1.617421 0.793603 -2.883533
v 1.608742 0.796264 -2.887015
v 1.613827 0.794028 -2.887825
v 1.607253 0.798075 -2.881917
v 1.610846 0.797650 -2.877625
v 1.615931 0.795414 -2.878435
v 1.630325 0.835067 -2.904730
v 1.634166 0.835254 -2.900641
v 1.625285 0.837418 -2.903960
v 1.630325 0.835067 -2.904730
v 1.624089 0.839957 -2.899099
v 1.627929 0.840145 -2.895010
v 1.632967 0.837794 -2.895780
v 1.643866 0.875840 -2.942015
v 1.647880 0.876463 -2.938143
v 1.638861 0.878273 -2.941286
v 1.643866 0.875840 -2.942015
v 1.637870 0.881330 -2.936683
v 1.641885 0.881954 -2.932811
v 1.646890 0.879520 -2.933542
v 1.648643 0.896612 -2.989577
v 1.653646 0.894178 -2.990307
v 1.645619 0.892932 -2.998053
v 1.644629 0.895989 -2.993449
v 1.654638 0.891122 -2.994909
v 1.650623 0.890499 -2.998783
v 1.650623 0.890499 -2.998783
v 1.497199 0.700691 -2.820644
v 1.500482 0.700691 -2.830747
v 1.500482 0.886622 -2.830747
v 1.497199 0.886622 -2.820644
v 1.488605 0.700691 -2.814400
v 1.488605 0.886622 -2.814400
v 1.477982 0.700691 -2.814400
v 1.477982 0.886622 -2.814400
v 1.469388 0.700691 -2.820644
v 1.469388 0.886622 -2.820644
v 1.466105 0.700691 -2.830747
v 1.466105 0.886622 -2.830747
v 1.469388 0.700691 -2.840849
v 1.469388 0.886622 -2.840849
v 1.477982 0.700691 -2.847094
v 1.477983 0.886622 -2.847094
v 1.488605 0.700691 -2.847094
v 1.477982 0.700691 -2.847094
v 1.477983 0.886622 -2.847094
v 1.488605 0.886622 -2.847094
v 1.497199 0.700691 -2.840849
v 1.497199 0.886622 -2.840849
v 1.469388 0.652797 -2.842227
v 1.469388 0.662284 -2.840849
v 1.477982 0.662284 -2.847094
v 1.477982 0.655187 -2.847996
v 1.469388 0.644560 -2.847131
v 1.477982 0.648976 -2.851547
v 1.466106 0.648931 -2.832894
v 1.466106 0.662284 -2.830747
v 1.469388 0.645065 -2.823559
v 1.469388 0.662284 -2.820644
v 1.477982 0.642676 -2.817793
v 1.477982 0.662284 -2.814400
v 1.500482 0.648931 -2.832894
v 1.500482 0.662284 -2.830747
v 1.497199 0.662284 -2.820644
v 1.497199 0.645065 -2.823559
v 1.488605 0.642676 -2.817793
v 1.488605 0.662284 -2.814400
v 1.497199 0.652797 -2.842227
v 1.497199 0.662284 -2.840849
v 1.488605 0.655187 -2.847996
v 1.488605 0.662284 -2.847094
v 1.477982 0.655187 -2.847996
v 1.477982 0.662284 -2.847094
v 1.477982 0.614391 -2.844692
v 1.477982 0.625858 -2.828429
v 1.469388 0.630273 -2.832844
v 1.469388 0.620160 -2.847081
v 1.500482 0.637416 -2.839987
v 1.497199 0.630273 -2.832844
v 1.477982 0.648976 -2.851547
v 1.488605 0.648976 -2.851547
v 1.466106 0.637416 -2.839987
v 1.488605 0.625858 -2.828429
v 1.497199 0.644560 -2.847131
v 1.500482 0.626367 -2.864105
v 1.500482 0.629493 -2.850946
v 1.497199 0.620160 -2.847081
v 1.497199 0.616264 -2.864105
v 1.477982 0.644596 -2.857203
v 1.488605 0.644596 -2.857203
v 1.466106 0.629493 -2.850946
v 1.488605 0.614391 -2.844692
v 1.497199 0.638827 -2.854814
v 1.469388 0.638827 -2.854814
v 1.477982 0.644596 -2.857203
v 1.469388 0.618610 -2.886245
v 1.469388 0.616264 -2.864105
v 1.466106 0.626367 -2.864105
v 1.466106 0.627944 -2.882379
v 1.477982 0.642714 -2.864104
v 1.488605 0.642714 -2.864104
v 1.488605 0.610020 -2.864105
v 1.497199 0.636470 -2.864104
v 1.469388 0.636470 -2.864104
v 1.477982 0.610020 -2.864105
v 1.477982 0.642714 -2.864104
v 1.497199 0.629250 -2.905803
v 1.497199 0.618610 -2.886245
v 1.488605 0.612841 -2.888635
v 1.488605 0.624835 -2.910217
v 1.488605 0.643046 -2.876122
v 1.497199 0.637277 -2.878512
v 1.469388 0.637277 -2.878512
v 1.477982 0.612841 -2.888635
v 1.500482 0.627944 -2.882379
v 1.477982 0.643046 -2.876122
v 1.477982 0.643046 -2.876122
v 1.488605 0.656686 -2.895364
v 1.488605 0.647953 -2.887100
v 1.497199 0.643537 -2.891516
v 1.497199 0.654297 -2.901133
v 1.466106 0.636394 -2.898659
v 1.469388 0.643537 -2.891516
v 1.477982 0.624835 -2.910217
v 1.500482 0.636394 -2.898659
v 1.477982 0.647953 -2.887100
v 1.469388 0.629250 -2.905803
v 1.477982 0.647953 -2.887100
v 1.466106 0.667917 -2.916003
v 1.466106 0.650431 -2.910466
v 1.469389 0.654297 -2.901133
v 1.469389 0.667917 -2.905901
v 1.488605 0.644175 -2.925567
v 1.477982 0.644175 -2.925567
v 1.500482 0.650431 -2.910466
v 1.477982 0.656686 -2.895364
v 1.469388 0.646564 -2.919800
v 1.497199 0.646564 -2.919800
v 1.477982 0.656686 -2.895364
v 1.489216 0.684564 -2.933334
v 1.488605 0.667917 -2.932349
v 1.477982 0.667917 -2.932349
v 1.477371 0.684564 -2.933334
v 1.497199 0.667917 -2.905901
v 1.500482 0.667917 -2.916003
v 1.477982 0.667917 -2.899657
v 1.469388 0.667917 -2.926105
v 1.497199 0.667917 -2.926105
v 1.477982 0.667917 -2.899657
v 1.488605 0.667917 -2.899657
v 1.469389 0.714779 -2.922572
v 1.467855 0.698954 -2.910317
v 1.477397 0.701272 -2.904622
v 1.477982 0.719836 -2.918909
v 1.498798 0.684564 -2.906089
v 1.502459 0.684564 -2.916495
v 1.467789 0.684564 -2.906089
v 1.477371 0.684564 -2.899657
v 1.467789 0.684564 -2.926903
v 1.498798 0.684564 -2.926903
v 1.477371 0.684564 -2.899657
v 1.489216 0.684564 -2.899657
v 1.464129 0.684564 -2.916495
v 1.477982 0.696565 -2.948411
v 1.477982 0.693360 -2.938089
v 1.469388 0.698416 -2.934427
v 1.469388 0.702536 -2.946588
v 1.477397 0.689136 -2.934439
v 1.467855 0.691454 -2.928746
v 1.500482 0.706599 -2.928500
v 1.502378 0.695204 -2.919531
v 1.498733 0.691454 -2.928746
v 1.497199 0.698416 -2.934427
v 1.477982 0.719836 -2.918909
v 1.477397 0.701272 -2.904622
v 1.489191 0.701272 -2.904622
v 1.488605 0.719836 -2.918909
v 1.464209 0.695204 -2.919531
v 1.466105 0.706599 -2.928500
v 1.489191 0.689136 -2.934439
v 1.488605 0.693360 -2.938089
v 1.498733 0.698954 -2.910317
v 1.497199 0.714779 -2.922572
v 1.500482 0.712801 -2.957431
v 1.500482 0.712199 -2.943637
v 1.497199 0.702536 -2.946588
v 1.497199 0.702698 -2.957431
v 1.477982 0.727833 -2.938862
v 1.488605 0.727833 -2.938862
v 1.466105 0.712199 -2.943637
v 1.488605 0.696565 -2.948411
v 1.497199 0.721861 -2.940685
v 1.469389 0.721861 -2.940685
v 1.477982 0.727833 -2.938862
v 1.477982 0.729148 -2.957431
v 1.488605 0.729148 -2.957431
v 1.469388 0.702698 -2.957431
v 1.466105 0.712801 -2.957431
v 1.488605 0.696454 -2.957431
v 1.497199 0.722904 -2.957431
v 1.469389 0.722904 -2.957431
v 1.477982 0.696454 -2.957431
v 1.477982 0.729148 -2.957431
v 1.497199 0.684908 -2.840849
v 1.488605 0.684908 -2.847094
v 1.489200 0.689676 -2.848922
v 1.498755 0.689676 -2.841980
v 1.500482 0.684908 -2.830747
v 1.502404 0.689676 -2.830747
v 1.477982 0.684908 -2.847094
v 1.477389 0.689676 -2.848922
v 1.477982 0.684908 -2.847094
v 1.469388 0.684908 -2.840849
v 1.467833 0.689676 -2.841980
v 1.477389 0.689676 -2.848922
v 1.466106 0.684908 -2.830747
v 1.464183 0.689676 -2.830747
v 1.469388 0.684908 -2.820644
v 1.467833 0.689676 -2.819513
v 1.477982 0.684908 -2.814400
v 1.477389 0.689676 -2.812571
v 1.488605 0.684908 -2.814400
v 1.489200 0.689676 -2.812571
v 1.497199 0.684908 -2.820644
v 1.498755 0.689676 -2.819513
v 1.489200 0.699847 -2.848922
v 1.498755 0.699847 -2.841980
v 1.502404 0.699847 -2.830747
v 1.477389 0.699847 -2.848922
v 1.467833 0.699847 -2.841980
v 1.477389 0.699847 -2.848922
v 1.464183 0.699847 -2.830747
v 1.467833 0.699847 -2.819513
v 1.477389 0.699847 -2.812571
v 1.489200 0.699847 -2.812571
v 1.498755 0.699847 -2.819513
v 1.498755 0.699847 -2.841980
v 1.489200 0.699847 -2.848922
v 1.488605 0.700691 -2.847094
v 1.497199 0.700691 -2.840849
v 1.502404 0.699847 -2.830747
v 1.500482 0.700691 -2.830747
v 1.477389 0.699847 -2.848922
v 1.477982 0.700691 -2.847094
v 1.477389 0.699847 -2.848922
v 1.467833 0.699847 -2.841980
v 1.469388 0.700691 -2.840849
v 1.477982 0.700691 -2.847094
v 1.464183 0.699847 -2.830747
v 1.466105 0.700691 -2.830747
v 1.467833 0.699847 -2.819513
v 1.469388 0.700691 -2.820644
v 1.477389 0.699847 -2.812571
v 1.477982 0.700691 -2.814400
v 1.489200 0.699847 -2.812571
v 1.488605 0.700691 -2.814400
v 1.498755 0.699847 -2.819513
v 1.497199 0.700691 -2.820644
v 1.953458 0.291658 -2.618406
v 1.950202 0.291658 -2.612767
v 1.950202 0.377253 -2.612767
v 1.953458 0.377253 -2.618406
v 1.959967 0.745078 -2.607131
v 1.963223 0.745078 -2.612767
v 1.963223 0.830674 -2.612767
v 1.959967 0.830674 -2.607131
v 1.950202 0.291658 -2.612767
v 1.953458 0.291658 -2.607132
v 1.953458 0.377253 -2.607132
v 1.950202 0.377253 -2.612767
v 1.953459 0.745078 -2.607131
v 1.959967 0.745078 -2.607131
v 1.959967 0.830674 -2.607131
v 1.953459 0.830674 -2.607131
v 1.959967 0.291659 -2.618406
v 1.953458 0.291658 -2.618406
v 1.953458 0.377253 -2.618406
v 1.959967 0.377253 -2.618406
v 1.953458 0.291658 -2.607132
v 1.959967 0.291659 -2.607132
v 1.959967 0.377253 -2.607132
v 1.953458 0.377253 -2.607132
v 1.950202 0.745078 -2.612767
v 1.953459 0.745078 -2.607131
v 1.953459 0.830674 -2.607131
v 1.950202 0.830674 -2.612767
v 1.963223 0.291659 -2.612767
v 1.959967 0.291659 -2.618406
v 1.959967 0.377253 -2.618406
v 1.963223 0.377253 -2.612767
v 1.959967 0.291659 -2.607132
v 1.963223 0.291659 -2.612767
v 1.963223 0.377253 -2.612767
v 1.959967 0.377253 -2.607132
v 1.953459 0.745078 -2.618406
v 1.950202 0.745078 -2.612767
v 1.950202 0.830674 -2.612767
v 1.953459 0.830674 -2.618406
v 1.953459 0.830674 -2.607131
v 1.959967 0.830674 -2.607131
v 1.963223 0.830674 -2.612767
v 1.959967 0.830674 -2.618406
v 1.953459 0.830674 -2.618406
v 1.950202 0.830674 -2.612767
v 1.963223 0.745078 -2.612767
v 1.959967 0.745078 -2.618406
v 1.959967 0.830674 -2.618406
v 1.963223 0.830674 -2.612767
v 1.959967 0.745078 -2.618406
v 1.953459 0.745078 -2.618406
v 1.953459 0.830674 -2.618406
v 1.959967 0.830674 -2.618406
v 1.959967 0.291659 -2.618406
v 1.963223 0.291659 -2.612767
v 1.959967 0.291659 -2.607132
v 1.953458 0.291658 -2.607132
v 1.950202 0.291658 -2.612767
v 1.953458 0.291658 -2.618406
v 1.953458 0.377253 -2.607132
v 1.959967 0.377253 -2.607132
v 1.963223 0.377253 -2.612767
v 1.959967 0.377253 -2.618406
v 1.953458 0.377253 -2.618406
v 1.950202 0.377253 -2.612767
v 1.959967 0.745078 -2.618406
v 1.963223 0.745078 -2.612767
v 1.959967 0.745078 -2.607131
v 1.953459 0.745078 -2.607131
v 1.950202 0.745078 -2.612767
v 1.953459 0.745078 -2.618406
v 1.980312 0.460247 -2.956457
v 1.980312 0.460247 -2.657819
v 0.984121 0.460247 -2.657819
v 0.984121 0.460247 -2.956457
v 1.980312 0.196309 -2.657819
v 0.984121 0.196309 -2.657819
v 0.984121 0.184974 -2.657819
v 1.980312 0.184974 -2.657819
v 0.984121 0.196309 -2.956457
v 0.984121 0.196309 -2.657819
v 1.980312 0.196309 -2.657819
v 1.980312 0.196309 -2.956457
v 1.980312 0.184974 -2.956457
v 1.980312 0.184974 -2.657819
v 0.984121 0.184974 -2.657819
v 0.984121 0.184974 -2.956457
v 2.065129 0.009929 -3.167192
v 2.065129 0.113871 -3.167192
v 2.065129 0.113871 -2.585981
v 2.065129 0.009929 -2.585981
v 0.899446 0.009929 -3.167192
v 0.899446 0.113871 -3.167192
v 2.065129 0.113871 -3.167192
v 2.065129 0.009929 -3.167192
v 1.980312 0.878865 -2.956457
v 1.980312 0.184974 -2.657819
v 1.980312 0.878865 -2.657819
v 1.980312 0.184974 -2.956457
v 1.980312 0.883223 -2.657819
v 0.984121 0.883222 -2.657819
v 0.984121 0.871887 -2.657819
v 1.980312 0.871887 -2.657819
v 0.984121 0.883222 -2.956457
v 0.984121 0.883222 -2.657819
v 1.980312 0.883223 -2.657819
v 1.980312 0.883223 -2.956457
v 1.980312 0.871887 -2.956457
v 1.980312 0.871887 -2.657819
v 0.984121 0.871887 -2.657819
v 0.984121 0.871887 -2.956457
v 1.665313 0.958507 -3.074736
v 0.895201 0.958507 -3.159756
v 2.075074 0.958507 -3.159756
v 1.321005 0.958507 -3.074736
v 1.262293 0.958507 -2.716246
v 0.895201 0.958507 -2.599840
v 0.895201 0.958507 -2.688077
v 1.385818 0.958507 -2.644353
v 2.075073 0.958507 -2.599840
v 1.600500 0.958507 -2.644353
v 1.748366 0.958507 -2.990871
v 2.075074 0.958507 -3.041838
v 0.895201 0.958507 -3.041838
v 1.237953 0.958507 -2.990871
v 0.895201 0.958507 -2.923917
v 1.219850 0.958507 -2.899331
v 0.895201 0.958507 -2.805996
v 1.223590 0.958507 -2.807790
v 2.075073 0.958507 -2.688077
v 1.724027 0.958507 -2.716246
v 2.075074 0.958507 -2.805996
v 1.762728 0.958507 -2.807790
v 2.075074 0.958507 -2.923917
v 1.766469 0.958507 -2.899331
vn 0.9511 -0.0000 0.3090
vn -0.0000 -0.0000 -1.0000
vn -0.9511 -0.0000 0.3090
vn 0.5877 -0.0000 0.8091
vn 0.5877 -0.0000 -0.8091
vn -0.9511 -0.0000 -0.3090
vn -0.0000 -0.0000 1.0000
vn 0.9510 -0.0000 -0.3090
vn -0.5877 -0.0000 -0.8091
vn -0.5877 -0.0000 0.8091
vn -0.0000 -1.0000 -0.0000
vn 0.5879 -0.0000 0.8089
vn 0.9510 -0.0000 0.3091
vn -0.0000 1.0000 -0.0000
vn -0.5879 -0.0000 0.8089
vn 0.5877 -0.0000 -0.8090
vn 0.5878 -0.0000 -0.8090
vn -0.5877 -0.0000 -0.8090
vn 1.0000 -0.0000 -0.0000
vn 1.0000 0.0002 -0.0000
vn -0.0000 0.0002 1.0000
vn -0.0000 -0.0002 1.0000
vn -1.0000 0.0001 -0.0000
vn -1.0000 -0.0002 -0.0000
vn -1.0000 -0.0000 -0.0000
vn -0.0000 0.5147 -0.8574
vn -0.0000 0.8011 0.5985
vn 1.0000 0.0001 -0.0000
vn -0.0000 0.0001 -1.0000
vn -0.0000 -0.0203 -0.9998
vn -0.0000 -0.9204 0.3911
vn -0.8660 -0.0000 -0.5000
vn 0.8659 -0.0000 0.5002
vn -0.8659 -0.0000 0.5002
vn 0.8660 -0.0000 -0.5000
vn 0.4443 -0.0000 -0.8959
vn -0.4443 -0.0000 -0.8959
vn -0.4442 -0.0000 -0.8959
vn -0.0000 -0.9939 -0.1104
vn -0.0000 -0.9939 -0.1103
vn -0.0000 -0.9881 -0.1541
vn -0.0000 -0.9884 -0.1519
vn -0.0000 0.4237 -0.9058
vn -0.9002 -0.0255 -0.4348
vn -0.9303 -0.2268 0.2884
vn -0.8275 0.4484 0.3379
vn -0.8118 0.5691 -0.1311
vn 0.8275 -0.4484 -0.3379
vn 0.8117 -0.5691 0.1312
vn 0.4754 -0.7782 0.4103
vn 0.0201 -0.9347 0.3549
vn -0.2796 -0.9598 -0.0250
vn -0.2679 -0.8287 -0.4914
vn 0.0725 -0.6300 -0.7732
vn 0.5236 -0.4631 -0.7151
vn 0.4560 0.1889 -0.8697
vn 0.9303 0.2268 -0.2884
vn 0.3202 0.5382 -0.7797
vn -0.3811 0.2876 -0.8786
vn -0.4754 0.7782 -0.4104
vn -0.0201 0.9347 -0.3549
vn -0.4560 -0.1889 0.8697
vn 0.2473 0.0563 0.9673
vn -0.0725 0.6299 0.7733
vn -0.5236 0.4631 0.7151
vn 0.3811 -0.2876 0.8786
vn -0.3202 -0.5381 0.7797
vn -0.2473 -0.0563 -0.9673
vn 0.0725 -0.6299 -0.7733
vn 0.7965 0.5708 -0.1997
vn 0.2797 0.9598 0.0250
vn -0.7643 -0.3747 -0.5248
vn -0.7965 -0.5708 0.1997
vn 0.7643 0.3747 0.5248
vn 0.9002 0.0255 0.4348
vn 0.2680 0.8287 0.4914
vn 0.8118 -0.5690 0.1312
vn 0.3522 -0.9144 -0.1997
vn 0.9861 -0.1659 -0.0068
vn 0.9861 -0.1658 -0.0068
vn 0.3525 -0.9143 -0.1997
vn 0.6338 0.7395 0.2266
vn 0.6336 0.7397 0.2266
vn -0.3522 0.8970 0.2672
vn -0.3524 0.8969 0.2672
vn -0.6339 -0.7569 -0.1591
vn -0.6340 -0.7568 -0.1591
vn -0.9861 0.1486 0.0743
vn -0.0771 0.5128 -0.8550
vn -0.1830 -0.2368 -0.9542
vn -0.3193 -0.2222 -0.9212
vn -0.2165 0.5276 -0.8215
vn 0.1117 0.9579 -0.2643
vn 0.6972 0.6306 -0.3411
vn 0.5492 0.3121 -0.7752
vn 0.0770 -0.5127 0.8551
vn 0.1830 0.2369 0.9541
vn -0.4828 0.2379 0.8428
vn -0.5490 -0.3120 0.7754
vn 0.4829 -0.2383 -0.8427
vn -0.0246 0.9726 -0.2313
vn -0.8483 -0.0956 -0.5209
vn -0.7650 0.4529 -0.4578
vn 0.7650 -0.4530 0.4577
vn 0.8481 0.0956 0.5212
vn 0.3192 0.2219 0.9213
vn 0.2164 -0.5278 0.8213
vn -0.2780 -0.8372 -0.4709
vn -0.1118 -0.9580 0.2642
vn -0.6971 -0.6306 0.3413
vn -0.8102 -0.5509 -0.2003
vn 0.6338 -0.7733 0.0195
vn 0.5039 -0.6917 -0.5174
vn 0.8104 0.5508 0.1998
vn -0.6338 0.7733 -0.0196
vn -0.1387 -0.8522 -0.5045
vn 0.0246 -0.9725 0.2315
vn 0.1387 0.8521 0.5047
vn 0.2781 0.8373 0.4708
vn -0.5039 0.6918 0.5172
vn -0.7650 0.4530 -0.4578
vn 0.4829 -0.2383 -0.8426
vn 0.8696 0.4937 -0.0030
vn 0.0031 0.9998 -0.0196
vn 0.0053 0.9986 -0.0523
vn 0.8719 0.4897 -0.0077
vn -0.8677 0.4968 -0.0165
vn -0.8688 0.4932 -0.0439
vn -0.8629 -0.5053 0.0034
vn -0.8608 -0.5089 0.0090
vn 0.0019 -0.9998 0.0201
vn 0.0029 -0.9986 0.0529
vn 0.8635 -0.5041 0.0170
vn 0.8618 -0.5053 0.0447
vn 0.0106 0.9909 -0.1341
vn 0.8751 0.4836 -0.0189
vn -0.8681 0.4835 -0.1122
vn -0.8584 -0.5125 0.0239
vn 0.0019 -0.9908 0.1354
vn 0.8574 -0.5017 0.1146
vn 0.0224 0.9678 -0.2507
vn 0.8796 0.4745 -0.0335
vn -0.8627 0.4604 -0.2092
vn -0.8566 -0.5139 0.0465
vn -0.0049 -0.9673 0.2534
vn 0.8475 -0.4854 0.2150
vn 0.0476 0.9129 -0.4054
vn 0.8865 0.4600 -0.0502
vn -0.8478 0.4095 -0.3371
vn -0.8562 -0.5106 0.0791
vn -0.0237 -0.9115 0.4107
vn 0.8260 -0.4424 0.3493
vn 0.0961 0.8006 -0.5914
vn 0.8959 0.4391 -0.0669
vn -0.8147 0.3106 -0.4896
vn -0.8603 -0.4951 0.1217
vn -0.0654 -0.7973 0.6001
vn 0.7845 -0.3497 0.5122
vn 0.1732 0.6120 -0.7717
vn 0.9064 0.4144 -0.0816
vn -0.7559 0.1514 -0.6369
vn -0.8732 -0.4590 0.1638
vn -0.1384 -0.6060 0.7833
vn 0.7181 -0.1888 0.6698
vn 0.2673 0.3701 -0.8897
vn 0.9161 0.3892 -0.0960
vn -0.6764 -0.0474 -0.7350
vn -0.8938 -0.4077 0.1866
vn -0.2351 -0.3620 0.9020
vn 0.6366 0.0204 0.7709
vn 0.3556 0.1361 -0.9247
vn 0.9252 0.3636 -0.1090
vn -0.5962 -0.2379 -0.7668
vn -0.9146 -0.3595 0.1852
vn -0.3305 -0.1272 0.9352
vn 0.5611 0.2233 0.7970
vn 0.4239 -0.0478 -0.9044
vn 0.9333 0.3398 -0.1160
vn -0.5316 -0.3880 -0.7529
vn -0.9299 -0.3255 0.1714
vn -0.4059 0.0561 0.9122
vn 0.5037 0.3817 0.7750
vn 0.5315 -0.2623 -0.8054
vn 0.9296 0.3573 -0.0902
vn -0.4595 -0.6002 -0.6547
vn -0.9405 -0.2804 0.1918
vn -0.4790 0.2869 0.8296
vn 0.4110 0.5894 0.6955
vn 0.6183 -0.6358 -0.4620
vn 0.9300 0.3630 -0.0572
vn -0.3620 -0.8427 -0.3985
vn -0.9890 -0.1138 0.0942
vn -0.5986 0.5948 0.5366
vn 0.2468 0.8570 0.4523
vn 0.3630 0.9024 0.2321
vn 0.9809 -0.1710 -0.0931
vn -0.6422 0.7307 0.2317
vn -0.0422 -0.9636 -0.2640
vn -0.8919 -0.4450 -0.0811
vn 0.5524 -0.7965 -0.2457
vn -0.6717 0.5998 -0.4348
vn -0.8319 0.4742 0.2884
vn -0.2933 0.8943 0.3379
vn -0.1990 0.9712 -0.1311
vn 0.2933 -0.8943 -0.3379
vn 0.1990 -0.9712 0.1312
vn -0.1891 -0.8921 0.4104
vn -0.6274 -0.6931 0.3549
vn -0.8625 -0.5054 -0.0250
vn -0.7640 -0.4182 -0.4914
vn -0.3800 -0.5076 -0.7733
vn 0.0625 -0.6962 -0.7151
vn 0.4612 -0.1759 -0.8697
vn 0.8318 -0.4742 -0.2884
vn 0.6023 0.1712 -0.7797
vn -0.0794 0.4708 -0.8787
vn 0.1890 0.8921 -0.4104
vn 0.6275 0.6931 -0.3549
vn -0.4612 0.1759 0.8697
vn 0.2184 -0.1290 0.9673
vn 0.3800 0.5076 0.7732
vn -0.0625 0.6962 0.7151
vn 0.0794 -0.4708 0.8786
vn -0.6023 -0.1712 0.7797
vn -0.2184 0.1289 -0.9673
vn 0.9709 -0.1323 -0.1996
vn 0.8626 0.5053 0.0250
vn -0.8128 0.2527 -0.5248
vn -0.9709 0.1323 0.1997
vn 0.8128 -0.2527 0.5248
vn 0.6717 -0.5998 0.4348
vn 0.7639 0.4181 0.4916
vn 0.3800 0.5076 0.7733
vn -0.3720 -0.9065 -0.1997
vn 0.6027 -0.7979 -0.0068
vn -0.3719 -0.9065 -0.1997
vn 0.9686 0.1022 0.2266
vn 0.9686 0.1023 0.2266
vn 0.3602 0.8938 0.2672
vn 0.3600 0.8939 0.2672
vn -0.9805 -0.1148 -0.1592
vn -0.9806 -0.1149 -0.1591
vn -0.6144 0.7855 0.0743
vn -0.6143 0.7855 0.0743
vn 0.2962 0.4256 -0.8551
vn -0.2957 -0.0464 -0.9542
vn -0.3847 0.0578 -0.9212
vn 0.2051 0.5321 -0.8215
vn 0.7392 0.6194 -0.2644
vn 0.9399 -0.0206 -0.3408
vn 0.6135 -0.1504 -0.7752
vn -0.2961 -0.4255 0.8552
vn 0.2957 0.0464 0.9542
vn -0.1873 0.5049 0.8426
vn -0.6133 0.1504 0.7754
vn 0.1872 -0.5049 -0.8426
vn 0.6502 0.7236 -0.2315
vn -0.6821 0.5133 -0.5209
vn -0.2448 0.8548 -0.4576
vn 0.2448 -0.8547 0.4577
vn 0.6822 -0.5130 0.5210
vn 0.3847 -0.0578 0.9212
vn -0.2054 -0.5322 0.8213
vn -0.7772 -0.4174 -0.4709
vn -0.7391 -0.6194 0.2648
vn -0.9397 0.0206 0.3414
vn -0.9673 0.1563 -0.1998
vn -0.0705 -0.9973 0.0194
vn -0.1090 -0.8488 -0.5174
vn 0.9673 -0.1563 0.1999
vn 0.0706 0.9973 -0.0196
vn -0.6861 -0.5241 -0.5045
vn -0.6501 -0.7237 0.2316
vn 0.6861 0.5240 0.5046
vn 0.7772 0.4175 0.4708
vn 0.1089 0.8490 0.5171
vn -0.1873 0.5048 0.8427
vn -0.2957 -0.0464 -0.9541
vn -0.6820 0.5133 -0.5209
vn 0.9711 -0.2385 -0.0030
vn 0.6890 0.7245 -0.0196
vn 0.6898 0.7221 -0.0523
vn 0.9700 -0.2430 -0.0077
vn 0.6890 0.7245 -0.0195
vn -0.2893 0.9571 -0.0165
vn -0.2926 0.9552 -0.0438
vn -0.9743 0.2254 0.0034
vn -0.9751 0.2214 0.0090
vn -0.6853 -0.7280 0.0201
vn -0.6838 -0.7278 0.0529
vn 0.2813 -0.9595 0.0169
vn 0.2792 -0.9592 0.0447
vn 0.6883 0.7129 -0.1341
vn 0.9681 -0.2497 -0.0189
vn -0.2987 0.9477 -0.1122
vn -0.9758 0.2172 0.0239
vn -0.6792 -0.7214 0.1354
vn 0.2785 -0.9536 0.1146
vn 0.6810 0.6880 -0.2507
vn 0.9652 -0.2594 -0.0335
vn -0.3108 0.9272 -0.2092
vn -0.9755 0.2149 0.0465
vn -0.6681 -0.6996 0.2534
vn 0.2824 -0.9349 0.2150
vn 0.6617 0.6307 -0.4054
vn 0.9602 -0.2747 -0.0502
vn -0.3348 0.8799 -0.3371
vn -0.9729 0.2172 0.0791
vn -0.6434 -0.6461 0.4106
vn 0.2964 -0.8889 0.3493
vn 0.6198 0.5158 -0.5914
vn 0.9527 -0.2964 -0.0668
vn -0.3790 0.7852 -0.4897
vn -0.9652 0.2313 0.1216
vn -0.5952 -0.5345 0.6001
vn 0.3300 -0.7930 0.5122
vn 0.5462 0.3258 -0.7717
vn 0.9434 -0.3215 -0.0816
vn -0.4454 0.6293 -0.6369
vn -0.9499 0.2662 0.1638
vn -0.5169 -0.3453 0.7833
vn 0.3921 -0.6305 0.6698
vn 0.4485 0.0854 -0.8897
vn 0.9331 -0.3465 -0.0960
vn -0.5241 0.4302 -0.7350
vn -0.9296 0.3177 0.1867
vn -0.4195 -0.1015 0.9020
vn 0.4766 -0.4225 0.7709
vn 0.3519 -0.1453 -0.9247
vn 0.9221 -0.3712 -0.1091
vn -0.5967 0.2367 -0.7668
vn -0.9116 0.3670 0.1852
vn -0.3276 0.1346 0.9352
vn 0.5613 -0.2231 0.7970
vn 0.2692 -0.3513 -0.8967
vn 0.9125 -0.3948 -0.1070
vn -0.6648 0.0659 -0.7441
vn -0.8951 0.4087 0.1783
vn -0.2448 0.3414 0.9075
vn 0.6328 -0.0468 0.7729
vn 0.1895 -0.5821 -0.7907
vn 0.9168 -0.3882 -0.0933
vn -0.7498 -0.1413 -0.6464
vn -0.8744 0.4504 0.1806
vn -0.1431 0.5637 0.8135
vn 0.7118 0.1641 0.6829
vn 0.0251 -0.8832 -0.4682
vn 0.9297 -0.3614 -0.0714
vn -0.8367 -0.3849 -0.3896
vn 0.0251 -0.8833 -0.4682
vn -0.8041 0.5851 0.1053
vn -0.0220 0.8428 0.5377
vn 0.7725 0.4513 0.4467
vn 0.0126 0.9678 0.2514
vn 0.8727 0.4375 0.2169
vn -0.6974 -0.6695 -0.2559
vn -0.9672 0.2488 -0.0509
vn 0.6241 -0.7713 -0.1249
vn -0.1464 -0.9535 -0.2636
vn 0.6458 0.6024 0.4692
vn 0.7983 0.6023 -0.0000
vn 0.8090 -0.0000 0.5878
vn 0.2467 0.6024 0.7591
vn 0.3090 -0.0000 0.9511
vn -0.2466 0.6024 0.7591
vn -0.3090 -0.0000 0.9511
vn -0.6458 0.6024 0.4692
vn -0.8090 -0.0000 0.5878
vn -0.7983 0.6023 -0.0000
vn -0.6458 0.6024 -0.4691
vn -0.8090 -0.0000 -0.5878
vn -0.2468 0.6022 -0.7592
vn -0.3091 -0.0000 -0.9510
vn 0.2467 0.6022 -0.7593
vn -0.2468 0.6022 -0.7593
vn 0.3090 -0.0000 -0.9510
vn 0.6458 0.6024 -0.4691
vn 0.8090 -0.0000 -0.5878
vn -0.8273 0.1870 -0.5298
vn -0.8141 0.0411 -0.5793
vn -0.3107 0.0630 -0.9484
vn -0.3205 0.3028 -0.8975
vn -0.8272 0.3755 -0.4180
vn -0.3205 0.6232 -0.7133
vn -0.9993 -0.0137 0.0361
vn -0.9999 -0.0033 0.0157
vn -0.7907 -0.2177 0.5722
vn -0.7997 -0.0511 0.5982
vn -0.2985 -0.3432 0.8905
vn -0.3031 -0.0803 0.9496
vn 0.9993 -0.0135 0.0359
vn 0.9999 -0.0032 0.0154
vn 0.7999 -0.0509 0.5980
vn 0.7908 -0.2177 0.5720
vn 0.2978 -0.3433 0.8908
vn 0.3031 -0.0800 0.9496
vn 0.8272 0.1871 -0.5298
vn 0.8142 0.0407 -0.5792
vn 0.3205 0.3028 -0.8975
vn 0.3107 0.0630 -0.9484
vn -0.2986 -0.8724 0.3870
vn -0.2986 -0.6579 0.6914
vn -0.7908 -0.4200 0.4453
vn -0.7908 -0.5585 0.2506
vn 0.9993 -0.0263 0.0280
vn 0.7909 -0.4199 0.4452
vn 0.3205 0.6232 -0.7133
vn -0.9993 -0.0264 0.0283
vn 0.2978 -0.6580 0.6916
vn 0.8271 0.3757 -0.4179
vn 0.9995 -0.0311 0.0018
vn 0.9993 -0.0350 0.0158
vn 0.7909 -0.5583 0.2506
vn 0.7919 -0.6095 0.0364
vn -0.3205 0.8488 -0.4205
vn 0.3205 0.8488 -0.4205
vn -0.9993 -0.0352 0.0157
vn 0.2978 -0.8726 0.3871
vn 0.8268 0.5076 -0.2422
vn -0.8274 0.5067 -0.2420
vn -0.7899 -0.5856 -0.1820
vn -0.7920 -0.6095 0.0364
vn -0.9995 -0.0312 0.0018
vn -0.9993 -0.0370 -0.0102
vn -0.3143 0.9429 -0.1100
vn 0.3143 0.9429 -0.1100
vn 0.2984 -0.9531 0.0510
vn 0.8205 0.5690 -0.0557
vn -0.8204 0.5690 -0.0557
vn -0.2980 -0.9532 0.0507
vn 0.7900 -0.4714 -0.3919
vn 0.7900 -0.5855 -0.1820
vn 0.2975 -0.9087 -0.2929
vn 0.2976 -0.7274 -0.6183
vn 0.3180 0.9240 0.2123
vn 0.8252 0.5470 0.1406
vn -0.8255 0.5467 0.1405
vn -0.2975 -0.9087 -0.2929
vn 0.9993 -0.0369 -0.0101
vn -0.3180 0.9240 0.2123
vn 0.3180 0.5032 0.8035
vn 0.3180 0.7724 0.5497
vn 0.8252 0.4515 0.3393
vn 0.8252 0.2873 0.4863
vn -0.9993 -0.0302 -0.0236
vn -0.8254 0.4514 0.3391
vn -0.2976 -0.7274 -0.6183
vn 0.9993 -0.0302 -0.0235
vn -0.3180 0.7725 0.5497
vn -0.7899 -0.4715 -0.3922
vn -0.9977 -0.0628 -0.0264
vn -0.9993 -0.0190 -0.0334
vn -0.8254 0.2872 0.4861
vn -0.8186 0.0614 0.5710
vn 0.2972 -0.4354 -0.8497
vn -0.2977 -0.4354 -0.8496
vn 0.9993 -0.0189 -0.0333
vn -0.3180 0.5032 0.8035
vn -0.7899 -0.2853 -0.5428
vn 0.7900 -0.2854 -0.5426
vn 0.2991 -0.1541 -0.9417
vn 0.2925 -0.1671 -0.9416
vn -0.2930 -0.1667 -0.9415
vn -0.2991 -0.1539 -0.9417
vn 0.8187 0.0616 0.5709
vn 0.9977 -0.0628 -0.0264
vn -0.3126 0.1653 0.9354
vn -0.7848 -0.1393 -0.6039
vn 0.7847 -0.1393 -0.6040
vn 0.3126 0.1653 0.9354
vn -0.7719 0.5219 0.3630
vn -0.7742 0.3137 0.5497
vn -0.2815 0.4402 0.8526
vn -0.2872 0.7677 0.5728
vn 0.7851 0.0596 0.6165
vn 0.9988 -0.0420 0.0261
vn -0.7851 0.0596 0.6165
vn -0.2900 0.1266 0.9486
vn -0.8022 -0.1245 -0.5839
vn 0.8022 -0.1245 -0.5840
vn 0.2900 0.1266 0.9486
vn -0.9988 -0.0420 0.0260
vn -0.3158 -0.9386 -0.1391
vn -0.3141 -0.7786 -0.5432
vn -0.8311 -0.4182 -0.3666
vn -0.8217 -0.5617 -0.0961
vn -0.3095 -0.4131 -0.8565
vn -0.8080 -0.2066 -0.5518
vn 0.9960 0.0888 -0.0020
vn 0.9974 0.0714 -0.0007
vn 0.8080 -0.2066 -0.5518
vn 0.8311 -0.4182 -0.3666
vn 0.2815 0.4402 0.8526
vn 0.2872 0.7677 0.5728
vn -0.9974 0.0714 -0.0006
vn -0.9960 0.0888 -0.0020
vn 0.3097 -0.4132 -0.8564
vn 0.3141 -0.7786 -0.5432
vn 0.7742 0.3137 0.5497
vn 0.7719 0.5219 0.3630
vn 1.0000 0.0082 0.0041
vn 0.9995 0.0296 0.0066
vn 0.8216 -0.5619 -0.0962
vn 0.8059 -0.5920 -0.0062
vn -0.2997 0.9298 0.2139
vn 0.2995 0.9298 0.2139
vn -0.9995 0.0296 0.0066
vn 0.3158 -0.9386 -0.1391
vn 0.7937 0.5940 0.1313
vn -0.7937 0.5940 0.1312
vn -0.3018 0.9511 0.0656
vn 0.3018 0.9511 0.0656
vn -0.8059 -0.5921 -0.0062
vn -1.0000 0.0082 0.0041
vn 0.3034 -0.9528 0.0054
vn 0.7997 0.5992 0.0379
vn -0.7997 0.5992 0.0379
vn -0.3035 -0.9528 0.0053
vn 0.7930 -0.1979 -0.5761
vn 0.3029 -0.1979 -0.9322
vn 0.3038 -0.1838 -0.9348
vn 0.7952 -0.1839 -0.5778
vn 0.9802 -0.1979 -0.0000
vn 0.9830 -0.1838 -0.0000
vn -0.3029 -0.1978 -0.9323
vn -0.3037 -0.1837 -0.9349
vn -0.7930 -0.1979 -0.5761
vn -0.7952 -0.1839 -0.5778
vn -0.9802 -0.1980 -0.0000
vn -0.9829 -0.1839 -0.0000
vn -0.7930 -0.1980 0.5761
vn -0.7952 -0.1839 0.5778
vn -0.3029 -0.1980 0.9322
vn -0.3037 -0.1839 0.9348
vn 0.3029 -0.1980 0.9322
vn 0.3038 -0.1839 0.9348
vn 0.7930 -0.1980 0.5761
vn 0.7952 -0.1839 0.5778
vn 0.2672 0.5023 -0.8224
vn 0.6995 0.5024 -0.5082
vn 0.8646 0.5024 -0.0000
vn -0.2672 0.5023 -0.8224
vn -0.6995 0.5024 -0.5082
vn -0.8646 0.5024 -0.0000
vn -0.6995 0.5024 0.5082
vn -0.2672 0.5024 0.8223
vn 0.2672 0.5024 0.8223
vn 0.6995 0.5024 0.5082
vn -0.6459 0.6023 -0.4691
vn -0.8660 -0.0000 -0.5001
vn 0.8660 -0.0000 -0.5001
vn 0.0002 -1.0000 -0.0000
vn 0.0001 -1.0000 -0.0001
vn -0.0001 -1.0000 -0.0001
vt 0.832300 0.320889
vt 0.832300 0.315114
vt 0.828241 0.315114
vt 0.828241 0.320889
vt 0.832300 0.303565
vt 0.832300 0.297791
vt 0.828241 0.297791
vt 0.828241 0.303565
vt 0.832300 0.343986
vt 0.832300 0.338212
vt 0.828241 0.338212
vt 0.828241 0.343986
vt 0.832300 0.326662
vt 0.828241 0.326662
vt 0.832300 0.309340
vt 0.828241 0.309340
vt 0.832300 0.349760
vt 0.828241 0.349760
vt 0.832300 0.332437
vt 0.828241 0.332437
vt 0.832300 0.355534
vt 0.828241 0.355534
vt 0.812705 0.314692
vt 0.818197 0.316477
vt 0.823688 0.314693
vt 0.827083 0.310021
vt 0.827083 0.304247
vt 0.823689 0.299575
vt 0.818197 0.297791
vt 0.812705 0.299575
vt 0.809311 0.304246
vt 0.809311 0.310021
vt 0.288242 0.187844
vt 0.288242 0.182069
vt 0.284182 0.182069
vt 0.284182 0.187844
vt 0.288242 0.210941
vt 0.288242 0.205167
vt 0.284182 0.205167
vt 0.284182 0.210941
vt 0.288242 0.193618
vt 0.284182 0.193617
vt 0.288242 0.176295
vt 0.288242 0.170520
vt 0.284182 0.170520
vt 0.284182 0.176295
vt 0.288242 0.164746
vt 0.288242 0.158971
vt 0.284182 0.158971
vt 0.284182 0.164746
vt 0.203616 0.164322
vt 0.198124 0.166106
vt 0.194731 0.170778
vt 0.194731 0.176552
vt 0.198125 0.181224
vt 0.203617 0.183008
vt 0.209108 0.181223
vt 0.212502 0.176552
vt 0.212502 0.170777
vt 0.209108 0.166106
vt 0.288242 0.199392
vt 0.284182 0.199392
vt 0.113099 0.171082
vt 0.116494 0.166411
vt 0.116494 0.160636
vt 0.113100 0.155965
vt 0.107608 0.154180
vt 0.102116 0.155965
vt 0.098722 0.160636
vt 0.098722 0.166410
vt 0.102116 0.171082
vt 0.107608 0.172866
vt 0.193573 0.176552
vt 0.193573 0.170777
vt 0.190179 0.166106
vt 0.184687 0.164322
vt 0.179195 0.166106
vt 0.175801 0.170778
vt 0.175801 0.176552
vt 0.179196 0.181224
vt 0.184688 0.183008
vt 0.190179 0.181223
vt 0.288242 0.216715
vt 0.284182 0.216715
vt 0.989544 0.524110
vt 0.989544 0.298071
vt 0.983243 0.298071
vt 0.983243 0.524110
vt 0.943528 0.588173
vt 0.943527 0.999421
vt 0.950705 0.999392
vt 0.950705 0.588144
vt 0.980540 0.547319
vt 0.980540 0.773354
vt 0.986841 0.773354
vt 0.986841 0.547319
vt 0.890059 0.529784
vt 0.890059 0.118535
vt 0.882882 0.118564
vt 0.882881 0.529813
vt 0.223663 0.060899
vt 0.218601 0.057019
vt -0.001322 0.057018
vt -0.003649 0.060899
vt 0.975015 0.175339
vt 0.968928 0.175302
vt 0.968928 0.524073
vt 0.975015 0.524110
vt 0.999421 0.066242
vt 0.995487 0.068542
vt 0.995485 0.291645
vt 0.999421 0.296913
vt 0.254719 0.128159
vt 0.247434 0.128136
vt 0.247434 0.545533
vt 0.254719 0.545557
vt 0.965800 0.638361
vt 0.959498 0.638325
vt 0.959498 0.999386
vt 0.965800 0.999421
vt 0.990702 0.531635
vt 0.995559 0.531635
vt 0.995559 0.298071
vt 0.990702 0.298071
vt 0.967770 0.163050
vt 0.961468 0.163014
vt 0.961469 0.524074
vt 0.967770 0.524110
vt 0.994327 0.063350
vt 0.989469 0.063350
vt 0.989470 0.296913
vt 0.994327 0.296913
vt 0.801090 0.148191
vt 0.801090 0.106421
vt 0.567520 0.106421
vt 0.567520 0.148192
vt 0.890270 0.530971
vt 0.848499 0.530971
vt 0.848499 0.999421
vt 0.890270 0.999421
vt 0.550329 0.173357
vt 0.550329 0.195014
vt 0.566362 0.195014
vt 0.566362 0.173357
vt 0.786495 0.297791
vt 0.786495 0.313824
vt 0.808153 0.313824
vt 0.808153 0.297791
vt 0.907461 0.196169
vt 0.891428 0.196169
vt 0.891428 0.524110
vt 0.907461 0.524109
vt 0.567520 0.083605
vt 0.567520 0.105263
vt 0.895458 0.105263
vt 0.895458 0.083605
vt 0.924652 0.196169
vt 0.908619 0.196169
vt 0.908619 0.524110
vt 0.924652 0.524110
vt 0.543546 0.196172
vt 0.521887 0.196172
vt 0.521888 0.524111
vt 0.543546 0.524111
vt 0.527513 0.173356
vt 0.527513 0.195014
vt 0.543546 0.195014
vt 0.543546 0.173356
vt 0.504698 0.173356
vt 0.488665 0.173356
vt 0.488665 0.195014
vt 0.504698 0.195014
vt 0.865690 0.529813
vt 0.881724 0.529813
vt 0.881724 0.201872
vt 0.865690 0.201872
vt 0.510323 0.196172
vt 0.488665 0.196172
vt 0.488665 0.524111
vt 0.510323 0.524111
vt 0.864533 0.201872
vt 0.848500 0.201872
vt 0.848499 0.529813
vt 0.864533 0.529813
vt 0.566362 0.196172
vt 0.544704 0.196172
vt 0.544704 0.524111
vt 0.566362 0.524111
vt 0.955354 0.296915
vt 0.955354 0.251933
vt 0.948316 0.251933
vt 0.948316 0.296915
vt 0.939526 0.086842
vt 0.939526 0.524110
vt 0.947158 0.524090
vt 0.947158 0.086822
vt 0.987578 0.999421
vt 0.987578 0.954439
vt 0.980540 0.954439
vt 0.980540 0.999421
vt 0.511481 0.086843
vt 0.511481 0.524111
vt 0.519113 0.524091
vt 0.519114 0.086823
vt 0.951863 0.999386
vt 0.958340 0.999421
vt 0.958340 0.628319
vt 0.951863 0.628284
vt 0.993067 0.725966
vt 0.988000 0.716444
vt 0.987999 0.761425
vt 0.993068 0.773354
vt 0.904388 0.525268
vt 0.891428 0.525268
vt 0.891428 0.999421
vt 0.904388 0.999421
vt 0.983243 0.107360
vt 0.988311 0.105057
vt 0.988311 0.060075
vt 0.983243 0.059973
vt 0.994226 0.583800
vt 0.998449 0.583800
vt 0.998449 0.536414
vt 0.994226 0.536414
vt 0.982085 0.185374
vt 0.976173 0.185336
vt 0.976173 0.524071
vt 0.982085 0.524110
vt 0.073533 0.080017
vt 0.073533 0.075793
vt 0.026145 0.075793
vt 0.026145 0.080017
vt 0.979382 0.660685
vt 0.973469 0.660647
vt 0.973469 0.999383
vt 0.979382 0.999421
vt 0.528213 0.834752
vt 0.566362 0.999421
vt 0.566362 0.525269
vt 0.528213 0.696385
vt 0.388130 0.672791
vt 0.376809 0.525269
vt 0.329421 0.525269
vt 0.359237 0.722432
vt 0.329421 0.999421
vt 0.359237 0.808705
vt 0.498492 0.868127
vt 0.518973 0.999421
vt 0.218397 0.217873
vt 0.000579 0.217872
vt 0.000579 0.545556
vt 0.218397 0.545557
vt 0.567520 0.598204
vt 0.785338 0.598204
vt 0.785338 0.270520
vt 0.567520 0.270520
vt 0.000579 0.546714
vt 0.000579 0.999421
vt 0.328263 0.999421
vt 0.328263 0.546714
vt 0.450591 0.490034
vt 0.487507 0.524111
vt 0.487507 0.196428
vt 0.450591 0.223148
vt 0.256112 0.518836
vt 0.293028 0.545557
vt 0.293028 0.217873
vt 0.256112 0.251950
vt 0.294186 0.508640
vt 0.328263 0.545557
vt 0.328263 0.092851
vt 0.294186 0.129767
vt 0.219555 0.508641
vt 0.246276 0.545557
vt 0.246276 0.092851
vt 0.219555 0.129767
vt 0.567520 0.149349
vt 0.567520 0.269362
vt 0.846372 0.269362
vt 0.846372 0.149349
vt 0.847341 0.999421
vt 0.847341 0.599362
vt 0.568684 0.599363
vt 0.568684 0.732715
vt 0.567520 0.866068
vt 0.568684 0.999421
vt 0.210200 0.216714
vt 0.210200 0.214098
vt 0.175802 0.214098
vt 0.175802 0.216714
vt 0.210200 0.192013
vt 0.210200 0.189397
vt 0.175802 0.189397
vt 0.175801 0.192013
vt 0.210200 0.211482
vt 0.175802 0.211482
vt 0.210200 0.194629
vt 0.175801 0.194629
vt 0.210200 0.203635
vt 0.210200 0.201019
vt 0.175802 0.201019
vt 0.175801 0.203635
vt 0.210200 0.208866
vt 0.175802 0.208866
vt 0.210200 0.197245
vt 0.175801 0.197245
vt 0.210200 0.206251
vt 0.175801 0.206250
vt 0.210200 0.199861
vt 0.175801 0.199861
vt 0.456033 0.187362
vt 0.456033 0.184746
vt 0.453768 0.183438
vt 0.451502 0.184746
vt 0.451502 0.187362
vt 0.453768 0.188670
vt 0.210200 0.186781
vt 0.175802 0.186781
vt 0.210200 0.184165
vt 0.175801 0.184165
vt 0.817298 0.328855
vt 0.817298 0.326239
vt 0.815032 0.324931
vt 0.812767 0.326239
vt 0.812767 0.328855
vt 0.815032 0.330163
vt 0.520913 0.184492
vt 0.520913 0.187108
vt 0.523179 0.188415
vt 0.525444 0.187107
vt 0.525444 0.184492
vt 0.523179 0.183184
vt 0.215221 0.185054
vt 0.212955 0.186362
vt 0.212955 0.188978
vt 0.215220 0.190286
vt 0.217486 0.188978
vt 0.217486 0.186362
vt 0.812767 0.598204
vt 0.823285 0.598204
vt 0.823285 0.331321
vt 0.812768 0.331321
vt 0.293028 0.091693
vt 0.293028 0.081174
vt 0.026145 0.081174
vt 0.026145 0.091692
vt 0.942370 0.620545
vt 0.931852 0.620545
vt 0.931852 0.999421
vt 0.942370 0.999421
vt 0.946397 0.082447
vt 0.946397 0.071929
vt 0.567520 0.071929
vt 0.567520 0.082447
vt 0.798474 0.319352
vt 0.786496 0.319943
vt 0.786495 0.586829
vt 0.798474 0.598204
vt 0.811609 0.319347
vt 0.799632 0.330722
vt 0.799632 0.597613
vt 0.811609 0.598204
vt 0.972312 0.599074
vt 0.966958 0.609806
vt 0.966958 0.988690
vt 0.972312 0.999421
vt 0.972312 0.865979
vt 0.972311 0.732521
vt 0.938368 0.123774
vt 0.925810 0.134505
vt 0.925810 0.513378
vt 0.938368 0.524110
vt 0.837596 0.274953
vt 0.837596 0.598204
vt 0.843238 0.598170
vt 0.843238 0.274918
vt 0.277981 0.216715
vt 0.283024 0.216715
vt 0.283024 0.096704
vt 0.277981 0.096704
vt 0.256112 0.216715
vt 0.262788 0.216715
vt 0.262788 0.096702
vt 0.256112 0.096702
vt 0.271780 0.096702
vt 0.276823 0.216715
vt 0.271780 0.216715
vt 0.276823 0.096702
vt 0.270622 0.096702
vt 0.263946 0.216715
vt 0.263946 0.096702
vt 0.270622 0.216715
vt 0.329421 0.123774
vt 0.449433 0.123774
vt 0.449433 0.524111
vt 0.329421 0.524111
vt 0.905547 0.987427
vt 0.917541 0.999421
vt 0.917541 0.530965
vt 0.905546 0.542960
vt 0.824443 0.586209
vt 0.836438 0.598204
vt 0.836438 0.372168
vt 0.824444 0.384163
vt 0.918700 0.987427
vt 0.930694 0.999421
vt 0.930694 0.530965
vt 0.918699 0.542960
vt 0.948316 0.512115
vt 0.960311 0.524110
vt 0.960311 0.298073
vt 0.948316 0.310068
vt 0.518974 0.525269
vt 0.498492 0.663010
vt 0.471585 0.525269
vt 0.461705 0.655735
vt 0.424197 0.525269
vt 0.424917 0.657238
vt 0.263085 0.080016
vt 0.263085 0.075793
vt 0.215697 0.075793
vt 0.215697 0.080017
vt 0.168308 0.075793
vt 0.168308 0.080016
vt 0.120920 0.075793
vt 0.120920 0.080016
vt 0.993068 0.536413
vt 0.987999 0.536516
vt 0.988000 0.581498
vt 0.993067 0.583802
vt 0.988000 0.626480
vt 0.993067 0.631190
vt 0.988000 0.671462
vt 0.993068 0.678578
vt 0.987578 0.819493
vt 0.987578 0.774511
vt 0.980540 0.774511
vt 0.980540 0.819494
vt 0.987578 0.864475
vt 0.980540 0.864475
vt 0.987578 0.909457
vt 0.980540 0.909457
vt 0.376809 0.999421
vt 0.388130 0.858346
vt 0.424197 0.999421
vt 0.424917 0.873899
vt 0.471586 0.999421
vt 0.461705 0.875402
vt 0.994225 0.773354
vt 0.998449 0.773354
vt 0.998449 0.725965
vt 0.994226 0.725965
vt 0.998449 0.678576
vt 0.994226 0.678576
vt 0.998449 0.631188
vt 0.994226 0.631188
vt 0.983243 0.296913
vt 0.988311 0.284984
vt 0.988311 0.240002
vt 0.983243 0.249525
vt 0.988311 0.195021
vt 0.983243 0.202137
vt 0.988311 0.150039
vt 0.983243 0.154749
vt 0.955354 0.116987
vt 0.955354 0.072005
vt 0.948316 0.072005
vt 0.948316 0.116987
vt 0.955354 0.161969
vt 0.948316 0.161969
vt 0.955354 0.206951
vt 0.948316 0.206951
vt 0.817200 0.274393
vt 0.816968 0.277623
vt 0.821109 0.278036
vt 0.821571 0.275362
vt 0.212955 0.195194
vt 0.214448 0.196885
vt 0.216705 0.196885
vt 0.218397 0.195392
vt 0.218397 0.193135
vt 0.216904 0.191443
vt 0.214647 0.191443
vt 0.212955 0.192937
vt 0.810128 0.292674
vt 0.810442 0.289474
vt 0.806309 0.289011
vt 0.805814 0.291658
vt 0.817066 0.292711
vt 0.817733 0.296604
vt 0.822346 0.294579
vt 0.821570 0.291838
vt 0.816749 0.280593
vt 0.816739 0.283532
vt 0.820881 0.283537
vt 0.821072 0.280789
vt 0.806355 0.280810
vt 0.806553 0.283551
vt 0.810641 0.283555
vt 0.810687 0.280652
vt 0.809318 0.296274
vt 0.805005 0.294232
vt 0.816886 0.289475
vt 0.821111 0.289096
vt 0.810265 0.274393
vt 0.810524 0.277606
vt 0.805811 0.275317
vt 0.806305 0.278034
vt 0.816741 0.286459
vt 0.810677 0.286475
vt 0.821086 0.286304
vt 0.806369 0.286276
vt 0.216904 0.198044
vt 0.214647 0.198043
vt 0.212955 0.199536
vt 0.212955 0.201794
vt 0.214448 0.203485
vt 0.216705 0.203485
vt 0.218397 0.201992
vt 0.218397 0.199736
vt 0.805000 0.272600
vt 0.809562 0.270520
vt 0.817976 0.270769
vt 0.822346 0.272760
vt 0.211900 0.207372
vt 0.211916 0.208282
vt 0.218301 0.208060
vt 0.218289 0.207372
vt 0.211964 0.209192
vt 0.218337 0.208747
vt 0.212043 0.210100
vt 0.218397 0.209433
vt 0.211916 0.206461
vt 0.218301 0.206683
vt 0.212043 0.204643
vt 0.211964 0.205551
vt 0.218337 0.205996
vt 0.218397 0.205310
vt 0.824745 0.285274
vt 0.823527 0.285081
vt 0.823504 0.292726
vt 0.824753 0.292527
vt 0.825906 0.285390
vt 0.826456 0.281617
vt 0.825632 0.281464
vt 0.829279 0.292328
vt 0.828168 0.292312
vt 0.828183 0.296073
vt 0.829022 0.296104
vt 0.824819 0.281236
vt 0.825922 0.292410
vt 0.824850 0.296604
vt 0.825671 0.296365
vt 0.828967 0.281689
vt 0.828130 0.281729
vt 0.828145 0.285478
vt 0.829255 0.285460
vt 0.831577 0.292515
vt 0.830414 0.292399
vt 0.829863 0.296184
vt 0.830691 0.296337
vt 0.291265 0.209314
vt 0.290685 0.208803
vt 0.289911 0.208803
vt 0.289399 0.209382
vt 0.289399 0.210156
vt 0.289980 0.210668
vt 0.290753 0.210668
vt 0.291265 0.210088
vt 0.826501 0.296203
vt 0.831550 0.285262
vt 0.830383 0.285380
vt 0.830633 0.281437
vt 0.829806 0.281599
vt 0.827057 0.292333
vt 0.827034 0.285466
vt 0.827343 0.296113
vt 0.291265 0.216135
vt 0.291265 0.215361
vt 0.290685 0.214849
vt 0.289911 0.214849
vt 0.289400 0.215430
vt 0.289399 0.216203
vt 0.289979 0.216715
vt 0.290753 0.216715
vt 0.827294 0.281698
vt 0.831450 0.281198
vt 0.832797 0.285062
vt 0.832797 0.292706
vt 0.831506 0.296565
vt 0.469948 0.195102
vt 0.472285 0.194955
vt 0.472141 0.191836
vt 0.469814 0.191901
vt 0.458203 0.194949
vt 0.460552 0.195032
vt 0.460663 0.191876
vt 0.458304 0.191816
vt 0.462882 0.195166
vt 0.462983 0.191928
vt 0.465238 0.195270
vt 0.465264 0.191945
vt 0.467608 0.195237
vt 0.467533 0.191944
vt 0.472070 0.186727
vt 0.469749 0.186743
vt 0.460731 0.186717
vt 0.458376 0.186692
vt 0.463029 0.186739
vt 0.465272 0.186739
vt 0.467498 0.186750
vt 0.472071 0.180285
vt 0.469739 0.180285
vt 0.460761 0.180249
vt 0.458394 0.180238
vt 0.463052 0.180266
vt 0.465283 0.180266
vt 0.467497 0.180283
vt 0.472102 0.173032
vt 0.469749 0.173027
vt 0.460776 0.172982
vt 0.458383 0.172977
vt 0.463074 0.173002
vt 0.465300 0.173002
vt 0.467509 0.173024
vt 0.472168 0.165262
vt 0.469782 0.165251
vt 0.460767 0.165205
vt 0.458341 0.165207
vt 0.463083 0.165225
vt 0.465317 0.165220
vt 0.467531 0.165246
vt 0.472285 0.156839
vt 0.469870 0.156834
vt 0.460663 0.156836
vt 0.458269 0.156834
vt 0.463042 0.156833
vt 0.465325 0.156829
vt 0.467547 0.156829
vt 0.472136 0.147339
vt 0.469787 0.147345
vt 0.460789 0.147390
vt 0.458407 0.147380
vt 0.463075 0.147364
vt 0.465312 0.147361
vt 0.467542 0.147340
vt 0.472050 0.135935
vt 0.469753 0.135938
vt 0.460813 0.135978
vt 0.458496 0.135974
vt 0.463055 0.135960
vt 0.465285 0.135953
vt 0.467523 0.135935
vt 0.471975 0.121393
vt 0.469727 0.121417
vt 0.460773 0.121464
vt 0.458552 0.121459
vt 0.462975 0.121451
vt 0.465223 0.121442
vt 0.467480 0.121426
vt 0.471559 0.102812
vt 0.469476 0.103127
vt 0.460944 0.102864
vt 0.458724 0.102851
vt 0.463080 0.103127
vt 0.465223 0.103381
vt 0.467368 0.103384
vt 0.471129 0.082173
vt 0.469066 0.083078
vt 0.461432 0.082382
vt 0.459203 0.082198
vt 0.463232 0.083560
vt 0.465139 0.084339
vt 0.467249 0.084205
vt 0.467730 0.061660
vt 0.469441 0.060063
vt 0.465151 0.062057
vt 0.461350 0.059175
vt 0.462998 0.060737
vt 0.471512 0.058807
vt 0.458952 0.058809
vt 0.798596 0.274397
vt 0.798366 0.277600
vt 0.802573 0.278006
vt 0.803052 0.275289
vt 0.452283 0.189828
vt 0.450591 0.191321
vt 0.450591 0.193578
vt 0.452084 0.195270
vt 0.454341 0.195270
vt 0.456033 0.193776
vt 0.456033 0.191520
vt 0.454540 0.189828
vt 0.791612 0.292725
vt 0.791916 0.289525
vt 0.787786 0.289074
vt 0.787298 0.291720
vt 0.798552 0.292740
vt 0.799231 0.296633
vt 0.803842 0.294594
vt 0.803058 0.291853
vt 0.798177 0.280600
vt 0.798188 0.283550
vt 0.802347 0.283541
vt 0.802534 0.280779
vt 0.787817 0.280896
vt 0.788018 0.283623
vt 0.792088 0.283614
vt 0.792115 0.280723
vt 0.790813 0.296327
vt 0.786495 0.294296
vt 0.798361 0.289502
vt 0.802591 0.289110
vt 0.791662 0.274469
vt 0.791925 0.277708
vt 0.787297 0.275469
vt 0.787772 0.278140
vt 0.798204 0.286483
vt 0.792139 0.286528
vt 0.802559 0.286313
vt 0.787840 0.286342
vt 0.524862 0.189573
vt 0.522605 0.189573
vt 0.520913 0.191066
vt 0.520913 0.193323
vt 0.522406 0.195014
vt 0.524663 0.195014
vt 0.526355 0.193521
vt 0.526355 0.191265
vt 0.786503 0.272873
vt 0.790856 0.270853
vt 0.799264 0.270520
vt 0.803842 0.272565
vt 0.211900 0.213986
vt 0.211916 0.214897
vt 0.218301 0.214674
vt 0.218289 0.213986
vt 0.211964 0.215807
vt 0.218337 0.215362
vt 0.212043 0.216714
vt 0.218397 0.216048
vt 0.211916 0.213075
vt 0.218301 0.213298
vt 0.212043 0.211258
vt 0.211964 0.212166
vt 0.218337 0.212610
vt 0.218397 0.211924
vt 0.173397 0.168802
vt 0.174644 0.169002
vt 0.174644 0.161358
vt 0.173423 0.161550
vt 0.172235 0.168681
vt 0.171654 0.172465
vt 0.172481 0.172628
vt 0.168900 0.161728
vt 0.170011 0.161747
vt 0.170029 0.157992
vt 0.169192 0.157952
vt 0.173299 0.172866
vt 0.172255 0.161661
vt 0.173351 0.157499
vt 0.172535 0.157727
vt 0.169138 0.172367
vt 0.169976 0.172336
vt 0.169995 0.168582
vt 0.168884 0.168596
vt 0.166609 0.161525
vt 0.167771 0.161647
vt 0.168352 0.157863
vt 0.167525 0.157700
vt 0.289399 0.213180
vt 0.289979 0.213692
vt 0.290753 0.213691
vt 0.291265 0.213111
vt 0.291265 0.212338
vt 0.290685 0.211826
vt 0.289911 0.211826
vt 0.289399 0.212406
vt 0.171708 0.157880
vt 0.166582 0.168778
vt 0.167750 0.168667
vt 0.167471 0.172601
vt 0.168298 0.172448
vt 0.171121 0.161732
vt 0.171105 0.168600
vt 0.170868 0.157961
vt 0.787781 0.314982
vt 0.787007 0.314982
vt 0.786495 0.315562
vt 0.786495 0.316336
vt 0.787075 0.316848
vt 0.787849 0.316848
vt 0.788361 0.316268
vt 0.788361 0.315494
vt 0.170814 0.172376
vt 0.166655 0.172829
vt 0.165363 0.168970
vt 0.165362 0.161326
vt 0.166707 0.157462
vt 0.485173 0.195102
vt 0.487507 0.194956
vt 0.487363 0.191840
vt 0.485040 0.191906
vt 0.473443 0.194949
vt 0.475789 0.195033
vt 0.475899 0.191880
vt 0.473544 0.191820
vt 0.478116 0.195166
vt 0.478217 0.191932
vt 0.480469 0.195270
vt 0.480494 0.191949
vt 0.482836 0.195237
vt 0.482761 0.191948
vt 0.487293 0.186738
vt 0.484975 0.186754
vt 0.475967 0.186729
vt 0.473616 0.186703
vt 0.478262 0.186750
vt 0.480503 0.186750
vt 0.482726 0.186761
vt 0.487293 0.180304
vt 0.484964 0.180304
vt 0.475997 0.180267
vt 0.473633 0.180257
vt 0.478285 0.180285
vt 0.480514 0.180284
vt 0.482725 0.180301
vt 0.487325 0.173060
vt 0.484974 0.173055
vt 0.476012 0.173010
vt 0.473622 0.173005
vt 0.478307 0.173030
vt 0.480530 0.173030
vt 0.482737 0.173052
vt 0.487390 0.165299
vt 0.485007 0.165288
vt 0.476003 0.165242
vt 0.473580 0.165245
vt 0.478317 0.165262
vt 0.480547 0.165257
vt 0.482758 0.165283
vt 0.487507 0.156886
vt 0.485095 0.156882
vt 0.475899 0.156884
vt 0.473508 0.156882
vt 0.478275 0.156880
vt 0.480555 0.156876
vt 0.482774 0.156877
vt 0.487357 0.147397
vt 0.485011 0.147404
vt 0.476025 0.147449
vt 0.473646 0.147439
vt 0.478307 0.147425
vt 0.480541 0.147421
vt 0.482769 0.147399
vt 0.487265 0.136005
vt 0.484976 0.136014
vt 0.476043 0.136057
vt 0.473739 0.136050
vt 0.478279 0.136040
vt 0.480509 0.136032
vt 0.482747 0.136012
vt 0.487122 0.121516
vt 0.484890 0.121588
vt 0.476057 0.121595
vt 0.473835 0.121581
vt 0.478241 0.121640
vt 0.480455 0.121679
vt 0.482678 0.121653
vt 0.486818 0.102605
vt 0.484721 0.102962
vt 0.476150 0.102665
vt 0.473931 0.102640
vt 0.478269 0.102996
vt 0.480423 0.103299
vt 0.482599 0.103287
vt 0.486382 0.080357
vt 0.484336 0.081302
vt 0.476584 0.080507
vt 0.474338 0.080361
vt 0.478432 0.081671
vt 0.480354 0.082503
vt 0.482489 0.082395
vt 0.480314 0.058023
vt 0.482911 0.057727
vt 0.476534 0.055143
vt 0.478221 0.056661
vt 0.484683 0.056153
vt 0.486721 0.054836
vt 0.474125 0.054874
vt 0.098722 0.199638
vt 0.098722 0.203907
vt 0.174643 0.203907
vt 0.174643 0.199638
vt 0.098722 0.195370
vt 0.174643 0.195370
vt 0.098722 0.191100
vt 0.174643 0.191101
vt 0.098722 0.186831
vt 0.174643 0.186831
vt 0.098722 0.182563
vt 0.174643 0.182563
vt 0.098722 0.178293
vt 0.174643 0.178293
vt 0.098722 0.174024
vt 0.174644 0.174025
vt 0.098722 0.212445
vt 0.098722 0.216714
vt 0.174644 0.216714
vt 0.174643 0.212445
vt 0.098722 0.208176
vt 0.174643 0.208176
vt 0.022275 0.201412
vt 0.018839 0.202707
vt 0.020593 0.206509
vt 0.023308 0.205508
vt 0.025844 0.200764
vt 0.026216 0.205003
vt 0.021384 0.197806
vt 0.017122 0.199201
vt 0.020813 0.194752
vt 0.015804 0.195896
vt 0.020528 0.192011
vt 0.015018 0.192634
vt 0.020658 0.183365
vt 0.016113 0.182449
vt 0.015201 0.185972
vt 0.020376 0.186556
vt 0.020349 0.189350
vt 0.014825 0.189327
vt 0.021213 0.179469
vt 0.017406 0.178570
vt 0.021904 0.174815
vt 0.018672 0.174225
vt 0.022485 0.170021
vt 0.019458 0.169589
vt 0.029601 0.191556
vt 0.025179 0.191702
vt 0.025279 0.194241
vt 0.029573 0.194073
vt 0.024974 0.183663
vt 0.024962 0.186689
vt 0.025516 0.170242
vt 0.025283 0.175093
vt 0.025494 0.197162
vt 0.025043 0.189268
vt 0.025090 0.179825
vt 0.033400 0.183219
vt 0.029171 0.183607
vt 0.029349 0.186601
vt 0.033816 0.186305
vt 0.028587 0.170227
vt 0.028695 0.175087
vt 0.029531 0.196985
vt 0.029497 0.189150
vt 0.028943 0.179800
vt 0.029452 0.200610
vt 0.029257 0.204935
vt 0.039911 0.194396
vt 0.033963 0.194204
vt 0.033630 0.197226
vt 0.039459 0.197556
vt 0.031698 0.170004
vt 0.032057 0.174836
vt 0.034053 0.188990
vt 0.032766 0.179426
vt 0.033087 0.200886
vt 0.034124 0.191544
vt 0.032372 0.205251
vt 0.046256 0.185652
vt 0.039839 0.186016
vt 0.040094 0.188856
vt 0.046572 0.188733
vt 0.037761 0.174261
vt 0.038629 0.178921
vt 0.038749 0.201340
vt 0.040144 0.191577
vt 0.039365 0.182805
vt 0.037854 0.205864
vt 0.037129 0.169322
vt 0.049448 0.172157
vt 0.043561 0.173398
vt 0.044697 0.178173
vt 0.051030 0.177009
vt 0.045633 0.198141
vt 0.044657 0.202094
vt 0.046609 0.191706
vt 0.045645 0.182226
vt 0.043454 0.206713
vt 0.046271 0.194766
vt 0.042661 0.168380
vt 0.059795 0.201332
vt 0.052319 0.199196
vt 0.050828 0.203349
vt 0.057178 0.205577
vt 0.053857 0.188553
vt 0.053892 0.191987
vt 0.052423 0.181276
vt 0.049090 0.207979
vt 0.053340 0.195478
vt 0.053368 0.185043
vt 0.048219 0.167145
vt 0.071358 0.186971
vt 0.062955 0.188107
vt 0.062998 0.192602
vt 0.071354 0.193817
vt 0.057531 0.175042
vt 0.059955 0.179371
vt 0.054578 0.209950
vt 0.061907 0.197061
vt 0.061945 0.183659
vt 0.053672 0.165565
vt 0.055230 0.170382
vt 0.079774 0.211836
vt 0.070614 0.210972
vt 0.069516 0.216200
vt 0.080474 0.216714
vt 0.064502 0.172100
vt 0.066871 0.176285
vt 0.064138 0.209070
vt 0.061580 0.213760
vt 0.069324 0.199881
vt 0.069306 0.180981
vt 0.060822 0.162686
vt 0.062412 0.167642
vt 0.066772 0.204722
vt 0.084617 0.193162
vt 0.077686 0.193859
vt 0.078306 0.200720
vt 0.085562 0.199092
vt 0.074113 0.194132
vt 0.073058 0.200873
vt 0.078500 0.174322
vt 0.071624 0.174849
vt 0.072931 0.179979
vt 0.078005 0.179964
vt 0.079345 0.160269
vt 0.068626 0.160730
vt 0.069518 0.165848
vt 0.079149 0.164964
vt 0.071780 0.206246
vt 0.079103 0.206617
vt 0.074154 0.186600
vt 0.077746 0.186716
vt 0.070500 0.170483
vt 0.078835 0.169453
vt 0.091934 0.178287
vt 0.086035 0.175930
vt 0.085091 0.181142
vt 0.090160 0.182695
vt 0.089177 0.161912
vt 0.088040 0.166655
vt 0.086894 0.204382
vt 0.084528 0.186979
vt 0.087041 0.171204
vt 0.088363 0.209188
vt 0.089982 0.213833
vt 0.097564 0.164526
vt 0.095975 0.169355
vt 0.090663 0.197179
vt 0.092715 0.201510
vt 0.089211 0.187399
vt 0.094019 0.173920
vt 0.095142 0.205682
vt 0.089443 0.192403
vt 0.097564 0.209947
vt 0.007988 0.176277
vt 0.009002 0.171817
vt 0.006984 0.171269
vt 0.005914 0.175841
vt 0.007187 0.180745
vt 0.005120 0.180442
vt 0.010240 0.167537
vt 0.008370 0.166714
vt 0.012343 0.209979
vt 0.010527 0.206039
vt 0.008613 0.206820
vt 0.010523 0.211075
vt 0.009001 0.201990
vt 0.007085 0.202605
vt 0.007810 0.197891
vt 0.005871 0.198341
vt 0.007006 0.193723
vt 0.005034 0.193988
vt 0.006634 0.189477
vt 0.004628 0.189542
vt 0.006707 0.185151
vt 0.004667 0.185020
vt 0.002927 0.170270
vt 0.001828 0.175073
vt 0.001016 0.179949
vt 0.004258 0.165512
vt 0.004949 0.208313
vt 0.006783 0.212655
vt 0.003323 0.203868
vt 0.002012 0.199303
vt 0.001079 0.194599
vt 0.000591 0.189770
vt 0.000579 0.184867
vt 0.119056 0.169238
vt 0.122696 0.172284
vt 0.123032 0.171509
vt 0.119758 0.168770
vt 0.117651 0.164703
vt 0.118495 0.164692
vt 0.127406 0.172866
vt 0.127269 0.172034
vt 0.131509 0.170950
vt 0.134085 0.166963
vt 0.133276 0.166725
vt 0.130959 0.170310
vt 0.134085 0.162217
vt 0.133276 0.162456
vt 0.131510 0.158230
vt 0.130959 0.158870
vt 0.127182 0.156280
vt 0.127067 0.157116
vt 0.122489 0.156990
vt 0.122846 0.157754
vt 0.118932 0.160133
vt 0.119648 0.160581
s 0
usemtl comic
f 1/1/1 2/2/1 3/3/1
f 3/3/1 4/4/1 1/1/1
f 5/5/2 6/6/2 7/7/2
f 7/7/2 8/8/2 5/5/2
f 9/9/3 10/10/3 11/11/3
f 11/11/3 12/12/3 9/9/3
f 13/13/4 14/1/4 15/4/4
f 15/4/4 16/14/4 13/13/4
f 17/15/5 18/5/5 19/8/5
f 19/8/5 20/16/5 17/15/5
f 21/17/6 22/9/6 23/12/6
f 23/12/6 24/18/6 21/17/6
f 25/19/7 26/13/7 27/14/7
f 27/14/7 28/20/7 25/19/7
f 29/2/8 30/15/8 31/16/8
f 31/16/8 32/3/8 29/2/8
f 33/21/9 34/17/9 35/18/9
f 35/18/9 36/22/9 33/21/9
f 37/10/10 38/19/10 39/20/10
f 39/20/10 40/11/10 37/10/10
f 41/23/11 42/24/11 43/25/11
f 41/23/11 43/25/11 44/26/11
f 41/23/11 44/26/11 45/27/11
f 41/23/11 45/27/11 46/28/11
f 41/23/11 46/28/11 47/29/11
f 41/23/11 47/29/11 48/30/11
f 41/23/11 48/30/11 49/31/11
f 49/31/11 50/32/11 41/23/11
f 51/33/12 52/34/12 53/35/12
f 53/35/12 54/36/12 51/33/12
f 55/37/6 56/38/6 57/39/6
f 57/39/6 58/40/6 55/37/6
f 59/41/7 60/33/7 61/36/7
f 61/36/7 62/42/7 59/41/7
f 63/43/8 64/44/8 65/45/8
f 65/45/8 66/46/8 63/43/8
f 67/47/2 68/48/2 69/49/2
f 69/49/2 70/50/2 67/47/2
s 1
f 71/34/13 72/43/13 73/46/13
f 73/46/13 74/35/13 71/34/13
s 0
f 75/51/14 76/52/14 77/53/14
f 75/51/14 77/53/14 78/54/14
f 75/51/14 78/54/14 79/55/14
f 75/51/14 79/55/14 80/56/14
f 75/51/14 80/56/14 81/57/14
f 75/51/14 81/57/14 82/58/14
f 75/51/14 82/58/14 83/59/14
f 83/59/14 84/60/14 75/51/14
f 85/61/15 86/41/15 87/42/15
f 87/42/15 88/62/15 85/61/15
f 89/44/16 90/47/16 91/50/16
f 91/50/17 92/45/17 89/44/17
f 93/63/14 94/64/14 95/65/14
f 93/63/14 95/65/14 96/66/14
f 93/63/14 96/66/14 97/67/14
f 93/63/14 97/67/14 98/68/14
f 93/63/14 98/68/14 99/69/14
f 93/63/14 99/69/14 100/70/14
f 93/63/14 100/70/14 101/71/14
f 101/71/14 102/72/14 93/63/14
f 103/73/11 104/74/11 105/75/11
f 103/73/11 105/75/11 106/76/11
f 103/73/11 106/76/11 107/77/11
f 103/73/11 107/77/11 108/78/11
f 103/73/11 108/78/11 109/79/11
f 103/73/11 109/79/11 110/80/11
f 103/73/11 110/80/11 111/81/11
f 111/81/11 112/82/11 103/73/11
f 113/38/3 114/61/3 115/62/3
f 115/62/3 116/39/3 113/38/3
f 117/83/18 118/37/18 119/40/18
f 119/40/18 120/84/18 117/83/18
f 121/85/19 122/86/19 123/87/19
f 123/87/20 124/88/20 121/85/20
f 125/89/21 126/90/22 127/91/22
f 127/91/7 128/92/7 125/89/7
f 129/93/23 130/94/24 131/95/24
f 131/95/25 132/96/25 129/93/25
f 133/97/2 134/98/2 135/99/2
f 135/99/2 136/100/2 133/97/2
f 137/101/25 138/102/25 139/103/25
f 139/103/25 140/104/25 137/101/25
f 141/105/26 142/106/26 143/107/26
f 143/107/26 144/108/26 141/105/26
f 145/109/19 146/110/19 147/111/19
f 147/111/19 148/112/19 145/109/19
f 149/113/27 150/114/27 151/115/27
f 151/115/27 152/116/27 149/113/27
f 153/117/7 154/118/7 155/119/7
f 155/119/7 156/120/7 153/117/7
f 157/121/19 158/122/19 159/123/19
f 159/123/19 160/124/19 157/121/19
f 161/125/2 162/126/2 163/127/2
f 163/127/2 164/128/2 161/125/2
f 165/129/25 166/130/25 167/131/25
f 167/131/25 168/132/25 165/129/25
f 169/133/25 170/134/25 171/135/25
f 171/135/25 172/136/25 169/133/25
f 173/137/7 174/138/7 175/139/7
f 175/139/7 176/140/7 173/137/7
f 177/141/11 178/142/11 179/143/11
f 179/143/11 180/144/11 177/141/11
f 181/145/14 182/146/14 183/147/14
f 183/147/14 184/148/14 181/145/14
f 185/149/19 186/150/19 187/151/19
f 187/151/19 188/152/19 185/149/19
f 189/153/7 190/154/7 191/155/7
f 191/155/7 192/156/7 189/153/7
f 193/157/25 194/158/25 195/159/25
f 195/159/25 196/160/25 193/157/25
f 197/161/2 198/162/2 199/163/2
f 199/163/2 200/164/2 197/161/2
f 201/165/11 202/166/11 203/167/11
f 203/167/11 204/168/11 201/165/11
f 205/169/14 206/170/14 207/171/14
f 207/171/14 208/172/14 205/169/14
f 209/173/19 210/174/19 211/175/19
f 211/175/19 212/176/19 209/173/19
f 213/177/7 214/178/7 215/179/7
f 215/179/7 216/180/7 213/177/7
f 217/181/25 218/182/25 219/183/25
f 219/183/25 220/184/25 217/181/25
f 221/185/2 222/186/2 223/187/2
f 223/187/2 224/188/2 221/185/2
f 225/189/28 226/190/28 227/191/28
f 227/191/28 228/192/28 225/189/28
f 229/193/7 230/194/7 231/195/7
f 231/195/7 232/196/7 229/193/7
f 233/197/25 234/198/25 235/199/25
f 235/199/25 236/200/25 233/197/25
f 237/201/2 238/202/2 239/203/2
f 239/203/29 240/204/29 237/201/29
f 241/205/30 242/206/30 243/207/30
f 243/207/30 244/208/30 241/205/30
f 245/209/25 246/210/25 247/211/25
f 247/211/25 248/212/25 245/209/25
f 249/213/31 250/214/31 251/215/31
f 251/215/31 252/216/31 249/213/31
f 253/217/19 254/218/19 255/219/19
f 255/219/19 256/220/19 253/217/19
f 257/221/19 258/222/19 259/223/19
f 259/223/19 260/224/19 257/221/19
f 261/225/7 262/226/7 263/227/7
f 263/227/7 264/228/7 261/225/7
f 265/229/25 266/230/25 267/231/25
f 267/231/25 268/232/25 265/229/25
f 269/233/2 270/234/2 271/235/2
f 271/235/2 272/236/2 269/233/2
f 273/237/14 274/238/14 275/239/14
f 275/239/14 276/240/14 273/237/14
f 277/241/14 278/242/14 279/243/14
f 279/243/14 280/244/14 277/241/14
f 280/244/14 279/243/14 281/245/14
f 281/245/14 282/246/14 280/244/14
f 283/247/14 284/248/14 274/238/14
f 274/238/14 273/237/14 283/247/14
f 285/249/19 286/250/19 287/251/19
f 287/251/19 288/252/19 285/249/19
f 289/253/25 290/254/25 291/255/25
f 291/255/25 292/256/25 289/253/25
f 293/257/2 294/258/2 295/259/2
f 295/259/2 296/260/2 293/257/2
f 297/261/7 298/262/7 299/263/7
f 299/263/7 300/264/7 297/261/7
f 301/265/7 302/266/7 303/267/7
f 303/267/7 304/268/7 301/265/7
f 305/269/7 306/270/7 307/271/7
f 307/271/7 308/272/7 305/269/7
f 309/273/7 310/274/7 311/275/7
f 311/275/7 312/276/7 309/273/7
f 313/277/19 314/278/19 315/279/19
f 315/279/19 316/280/19 313/277/19
f 317/281/7 318/282/7 319/283/7
f 317/281/7 319/283/7 320/284/7
f 317/281/7 320/284/7 321/285/7
f 321/285/7 322/286/7 317/281/7
f 323/287/32 324/288/32 325/289/32
f 325/289/32 326/290/32 323/287/32
f 327/291/33 328/292/33 329/293/33
f 329/293/33 330/294/33 327/291/33
f 331/288/34 332/295/34 333/296/34
f 333/296/34 334/289/34 331/288/34
f 335/297/7 336/291/7 337/294/7
f 337/294/7 338/298/7 335/297/7
f 339/299/2 340/300/2 341/301/2
f 341/301/2 342/302/2 339/299/2
f 343/295/7 344/303/7 345/304/7
f 345/304/7 346/296/7 343/295/7
f 347/305/34 348/297/34 349/298/34
f 349/298/34 350/306/34 347/305/34
f 351/307/35 352/299/35 353/302/35
f 353/302/35 354/308/35 351/307/35
f 355/303/33 356/307/33 357/308/33
f 357/308/33 358/304/33 355/303/33
f 359/309/32 360/305/32 361/306/32
f 361/306/32 362/310/32 359/309/32
f 363/311/14 364/312/14 365/313/14
f 363/311/14 365/313/14 366/314/14
f 363/311/14 366/314/14 367/315/14
f 367/315/14 368/316/14 363/311/14
f 369/292/35 370/317/35 371/318/35
f 371/318/35 372/293/35 369/292/35
f 373/317/2 374/319/2 375/320/2
f 375/320/2 376/318/2 373/317/2
f 377/321/11 378/322/11 379/323/11
f 377/321/11 379/323/11 380/324/11
f 377/321/11 380/324/11 381/325/11
f 381/325/11 382/326/11 377/321/11
f 383/327/14 384/328/14 385/329/14
f 383/327/14 385/329/14 386/330/14
f 383/327/14 386/330/14 387/331/14
f 387/331/14 388/332/14 383/327/14
f 389/333/11 390/334/11 391/335/11
f 389/333/11 391/335/11 392/336/11
f 389/333/11 392/336/11 393/337/11
f 393/337/11 394/338/11 389/333/11
f 395/339/19 396/340/19 397/341/19
f 397/341/19 398/342/19 395/339/19
f 399/343/25 400/344/25 401/345/25
f 401/345/25 402/346/25 399/343/25
f 403/347/11 404/348/11 405/349/11
f 405/349/11 406/350/11 403/347/11
f 407/351/14 408/352/14 409/353/14
f 409/353/14 410/354/14 407/351/14
f 411/355/36 412/356/36 413/357/36
f 413/357/36 414/358/36 411/355/36
f 415/359/37 416/360/37 417/361/37
f 418/361/38 419/362/38 420/359/38
f 421/363/39 422/364/39 423/365/39
f 421/363/39 423/365/39 424/366/39
s 1
f 421/363/40 424/366/40 425/367/41
f 426/367/42 427/368/42 428/363/42
s 0
f 429/369/43 430/370/43 431/371/43
f 431/371/43 432/372/43 429/369/43
f 433/373/7 434/374/7 435/375/7
f 435/375/7 436/376/7 433/373/7
f 437/377/19 438/378/19 439/379/19
f 439/379/19 440/380/19 437/377/19
f 441/381/14 442/382/14 443/383/14
f 443/383/14 444/384/14 441/381/14
f 445/385/19 446/386/19 447/387/19
f 446/386/19 445/385/19 448/388/19
f 449/389/11 450/390/11 451/391/11
f 450/390/11 449/389/11 452/392/11
f 453/393/14 454/394/14 455/395/14
f 455/395/14 456/396/14 453/393/14
f 457/397/14 458/398/14 459/399/14
f 459/399/14 460/400/14 457/397/14
f 461/401/14 462/402/14 463/403/14
f 463/403/14 464/404/14 461/401/14
f 465/405/14 466/406/14 467/407/14
f 467/407/14 468/408/14 465/405/14
f 469/409/14 470/410/14 471/411/14
f 471/411/14 472/412/14 469/409/14
f 276/240/14 275/239/14 473/413/14
f 473/413/14 474/414/14 276/240/14
f 474/414/14 473/413/14 475/415/14
f 475/415/14 476/416/14 474/414/14
f 476/416/14 475/415/14 477/417/14
f 477/417/14 478/418/14 476/416/14
f 478/418/14 477/417/14 278/242/14
f 278/242/14 277/241/14 478/418/14
f 479/419/25 480/420/25 481/421/25
f 481/421/25 482/422/25 479/419/25
f 482/422/25 481/421/25 483/423/25
f 483/423/25 484/424/25 482/422/25
f 484/424/25 483/423/25 485/425/25
f 485/425/25 486/426/25 484/424/25
f 486/426/25 485/425/25 266/230/25
f 266/230/25 265/229/25 486/426/25
f 487/427/25 488/428/25 489/429/25
f 489/429/25 490/430/25 487/427/25
f 490/430/25 489/429/25 491/431/25
f 491/431/25 492/432/25 490/430/25
f 492/432/25 491/431/25 493/433/25
f 493/433/25 494/434/25 492/432/25
f 494/434/25 493/433/25 246/210/25
f 246/210/25 245/209/25 494/434/25
f 495/435/25 496/436/25 497/437/25
f 497/437/25 498/438/25 495/435/25
f 499/439/25 495/435/25 498/438/25
f 498/438/25 500/440/25 499/439/25
f 501/441/25 499/439/25 500/440/25
f 500/440/25 502/442/25 501/441/25
f 234/198/25 501/441/25 502/442/25
f 502/442/25 235/199/25 234/198/25
f 282/246/14 281/245/14 503/443/14
f 503/443/14 504/444/14 282/246/14
f 504/444/14 503/443/14 505/445/14
f 505/445/14 506/446/14 504/444/14
f 506/446/14 505/445/14 507/447/14
f 507/447/14 508/448/14 506/446/14
f 508/448/14 507/447/14 284/248/14
f 284/248/14 283/247/14 508/448/14
f 509/449/19 510/450/19 511/451/19
f 511/451/19 512/452/19 509/449/19
f 512/452/19 511/451/19 513/453/19
f 513/453/19 514/454/19 512/452/19
f 514/454/19 513/453/19 515/455/19
f 515/455/19 516/456/19 514/454/19
f 516/456/19 515/455/19 258/222/19
f 258/222/19 257/221/19 516/456/19
f 517/457/19 518/458/19 519/459/19
f 519/459/19 520/460/19 517/457/19
f 520/460/19 519/459/19 521/461/19
f 521/461/19 522/462/19 520/460/19
f 522/462/19 521/461/19 523/463/19
f 523/463/19 524/464/19 522/462/19
f 524/464/19 523/463/19 254/218/19
f 254/218/19 253/217/19 524/464/19
f 525/465/19 526/466/19 527/467/19
f 527/467/19 528/468/19 525/465/19
f 529/469/19 525/465/19 528/468/19
f 528/468/19 530/470/19 529/469/19
f 531/471/19 529/469/19 530/470/19
f 530/470/19 532/472/19 531/471/19
f 226/190/19 531/471/19 532/472/19
f 532/472/28 227/191/28 226/190/28
s 1
f 533/473/44 534/474/45 535/475/46
f 535/475/46 536/476/47 533/473/44
f 537/477/48 538/478/49 539/479/50
f 537/477/48 539/479/50 540/480/51
f 537/477/48 540/480/51 541/481/52
f 537/477/48 541/481/52 542/482/53
f 537/477/48 542/482/53 543/483/54
f 543/483/54 544/484/55 537/477/48
f 545/485/56 546/486/57 547/487/48
f 547/487/48 548/488/55 545/485/56
f 549/489/58 550/490/59 551/491/60
f 551/491/60 552/492/61 549/489/58
f 553/493/62 554/494/63 555/495/64
f 555/495/64 556/496/65 553/493/62
f 557/497/51 558/498/50 559/499/66
f 559/499/66 560/500/67 557/497/51
f 545/485/56 561/501/68 550/490/59
f 550/490/59 549/489/58 545/485/56
f 548/488/55 562/502/69 561/501/68
f 561/501/68 545/485/56 548/488/55
f 549/489/58 563/503/70 546/486/57
f 546/486/57 545/485/56 549/489/58
f 552/492/61 564/504/71 563/503/70
f 563/503/70 549/489/58 552/492/61
f 565/505/72 566/506/73 534/474/45
f 534/474/45 533/473/44 565/505/72
f 567/507/53 568/508/52 566/506/73
f 566/506/73 565/505/72 567/507/53
f 563/503/70 569/509/74 570/510/75
f 570/510/75 546/486/57 563/503/70
f 570/510/75 569/509/74 554/494/63
f 554/494/63 559/499/66 570/510/75
f 568/508/52 557/497/51 560/500/67
f 560/500/67 566/506/73 568/508/52
f 566/506/73 560/500/67 553/493/62
f 553/493/62 534/474/45 566/506/73
f 564/504/71 571/511/76 569/509/74
f 569/509/74 563/503/70 564/504/71
f 546/486/57 570/510/75 572/512/77
f 572/512/77 547/487/48 546/486/57
f 573/513/61 574/514/60 575/515/47
f 573/513/61 575/515/47 576/516/46
f 573/513/61 576/516/46 577/517/65
f 573/513/61 577/517/65 578/518/64
f 573/513/61 578/518/64 579/519/76
f 579/519/76 580/520/71 573/513/61
f 534/474/45 553/493/62 556/496/65
f 556/496/65 535/475/46 534/474/45
f 581/521/54 567/507/53 565/505/72
f 565/505/72 582/522/68 581/521/54
f 565/505/72 533/473/44 583/523/59
f 583/523/59 582/522/68 565/505/72
f 558/498/50 572/512/77 570/510/75
f 570/510/75 559/499/66 558/498/50
f 554/494/63 569/509/74 571/511/76
f 571/511/76 555/495/64 554/494/63
f 583/523/59 533/473/44 536/476/47
f 536/476/47 584/524/60 583/523/59
f 560/500/67 559/499/66 554/494/63
f 554/494/63 553/493/62 560/500/67
f 585/525/78 586/526/79 587/527/80
f 587/527/80 588/528/81 585/525/78
f 586/526/79 589/529/82 590/530/83
f 590/530/83 587/527/80 586/526/79
f 589/529/82 591/531/84 592/532/85
f 592/532/85 590/530/83 589/529/82
f 593/533/86 585/525/78 588/528/81
f 588/528/81 594/534/87 593/533/86
f 595/535/84 596/536/88 597/537/88
f 597/537/88 598/538/85 595/535/84
f 596/536/88 593/533/86 594/534/87
f 594/534/87 597/537/88 596/536/88
f 599/539/89 600/540/90 601/541/91
f 601/541/91 602/542/92 599/539/89
f 599/539/89 603/543/93 604/544/94
f 604/544/94 605/545/95 599/539/89
f 606/546/96 607/547/97 608/548/98
f 608/548/98 609/549/99 606/546/96
f 605/545/95 610/550/100 600/540/90
f 600/540/90 599/539/89 605/545/95
f 602/542/92 611/551/101 603/543/93
f 603/543/93 599/539/89 602/542/92
f 602/542/92 601/541/91 612/552/102
f 612/552/102 613/553/103 602/542/92
f 614/554/104 615/555/105 616/556/106
f 616/556/106 617/557/107 614/554/104
f 618/558/108 619/559/109 620/560/110
f 620/560/110 621/561/111 618/558/108
f 622/562/104 623/563/112 624/564/113
f 622/562/104 624/564/113 625/565/100
f 622/562/104 625/565/100 626/566/95
f 622/562/104 626/566/95 627/567/94
f 622/562/104 627/567/94 628/568/114
f 628/568/114 629/569/105 622/562/104
f 613/553/103 630/570/115 611/551/101
f 611/551/101 602/542/92 613/553/103
f 631/571/116 632/572/117 619/559/109
f 619/559/109 618/558/108 631/571/116
f 633/573/113 634/574/112 632/572/117
f 632/572/117 631/571/116 633/573/113
f 611/551/101 635/575/118 636/576/119
f 636/576/119 603/543/93 611/551/101
f 636/576/119 635/575/118 607/547/97
f 607/547/97 616/556/106 636/576/119
f 634/574/112 614/554/104 617/557/107
f 617/557/107 632/572/117 634/574/112
f 632/572/117 617/557/107 606/546/96
f 606/546/96 619/559/109 632/572/117
f 630/570/115 637/577/120 635/575/118
f 635/575/118 611/551/101 630/570/115
f 638/578/110 639/579/99 640/580/98
f 638/578/110 640/580/98 641/581/120
f 638/578/110 641/581/120 642/582/115
f 638/578/110 642/582/115 643/583/121
f 638/578/110 643/583/121 644/584/102
f 644/584/102 645/585/111 638/578/110
f 603/543/93 636/576/119 646/586/114
f 646/586/114 604/544/94 603/543/93
f 619/559/109 606/546/96 609/549/99
f 609/549/99 620/560/110 619/559/109
f 647/587/122 633/573/113 631/571/116
f 631/571/116 648/588/90 647/587/122
f 631/571/116 618/558/108 649/589/91
f 649/589/91 648/588/90 631/571/116
f 615/555/105 646/586/114 636/576/119
f 636/576/119 616/556/106 615/555/105
f 607/547/97 635/575/118 637/577/120
f 637/577/120 608/548/98 607/547/97
f 649/589/91 618/558/108 621/561/111
f 621/561/111 650/590/102 649/589/91
f 617/557/107 616/556/106 607/547/97
f 607/547/97 606/546/96 617/557/107
f 651/591/123 652/592/124 653/593/125
f 653/593/125 654/594/126 651/591/123
f 655/595/124 656/596/127 657/597/128
f 657/597/128 658/598/125 655/595/124
f 656/596/127 659/599/129 660/600/130
f 660/600/130 657/597/128 656/596/127
f 659/599/129 661/601/131 662/602/132
f 662/602/132 660/600/130 659/599/129
f 661/601/131 663/603/133 664/604/134
f 664/604/134 662/602/132 661/601/131
f 663/603/133 651/591/123 654/594/126
f 654/594/126 664/604/134 663/603/133
f 654/594/126 653/593/125 665/605/135
f 665/605/135 666/606/136 654/594/126
f 658/598/125 657/597/128 667/607/137
f 667/607/137 668/608/135 658/598/125
f 657/597/128 660/600/130 669/609/138
f 669/609/138 667/607/137 657/597/128
f 660/600/130 662/602/132 670/610/139
f 670/610/139 669/609/138 660/600/130
f 662/602/132 664/604/134 671/611/140
f 671/611/140 670/610/139 662/602/132
f 664/604/134 654/594/126 666/606/136
f 666/606/136 671/611/140 664/604/134
f 666/606/136 665/605/135 672/612/141
f 672/612/141 673/613/142 666/606/136
f 668/608/135 667/607/137 674/614/143
f 674/614/143 675/615/141 668/608/135
f 667/607/137 669/609/138 676/616/144
f 676/616/144 674/614/143 667/607/137
f 669/609/138 670/610/139 677/617/145
f 677/617/145 676/616/144 669/609/138
f 670/610/139 671/611/140 678/618/146
f 678/618/146 677/617/145 670/610/139
f 671/611/140 666/606/136 673/613/142
f 673/613/142 678/618/146 671/611/140
f 673/613/142 672/612/141 679/619/147
f 679/619/147 680/620/148 673/613/142
f 675/615/141 674/614/143 681/621/149
f 681/621/149 682/622/147 675/615/141
f 674/614/143 676/616/144 683/623/150
f 683/623/150 681/621/149 674/614/143
f 676/616/144 677/617/145 684/624/151
f 684/624/151 683/623/150 676/616/144
f 677/617/145 678/618/146 685/625/152
f 685/625/152 684/624/151 677/617/145
f 678/618/146 673/613/142 680/620/148
f 680/620/148 685/625/152 678/618/146
f 680/620/148 679/619/147 686/626/153
f 686/626/153 687/627/154 680/620/148
f 682/622/147 681/621/149 688/628/155
f 688/628/155 689/629/153 682/622/147
f 681/621/149 683/623/150 690/630/156
f 690/630/156 688/628/155 681/621/149
f 683/623/150 684/624/151 691/631/157
f 691/631/157 690/630/156 683/623/150
f 684/624/151 685/625/152 692/632/158
f 692/632/158 691/631/157 684/624/151
f 685/625/152 680/620/148 687/627/154
f 687/627/154 692/632/158 685/625/152
f 687/627/154 686/626/153 693/633/159
f 693/633/159 694/634/160 687/627/154
f 689/629/153 688/628/155 695/635/161
f 695/635/161 696/636/159 689/629/153
f 688/628/155 690/630/156 697/637/162
f 697/637/162 695/635/161 688/628/155
f 690/630/156 691/631/157 698/638/163
f 698/638/163 697/637/162 690/630/156
f 691/631/157 692/632/158 699/639/164
f 699/639/164 698/638/163 691/631/157
f 692/632/158 687/627/154 694/634/160
f 694/634/160 699/639/164 692/632/158
f 694/634/160 693/633/159 700/640/165
f 700/640/165 701/641/166 694/634/160
f 696/636/159 695/635/161 702/642/167
f 702/642/167 703/643/165 696/636/159
f 695/635/161 697/637/162 704/644/168
f 704/644/168 702/642/167 695/635/161
f 697/637/162 698/638/163 705/645/169
f 705/645/169 704/644/168 697/637/162
f 698/638/163 699/639/164 706/646/170
f 706/646/170 705/645/169 698/638/163
f 699/639/164 694/634/160 701/641/166
f 701/641/166 706/646/170 699/639/164
f 701/641/166 700/640/165 707/647/171
f 707/647/171 708/648/172 701/641/166
f 703/643/165 702/642/167 709/649/173
f 709/649/173 710/650/171 703/643/165
f 702/642/167 704/644/168 711/651/174
f 711/651/174 709/649/173 702/642/167
f 704/644/168 705/645/169 712/652/175
f 712/652/175 711/651/174 704/644/168
f 705/645/169 706/646/170 713/653/176
f 713/653/176 712/652/175 705/645/169
f 706/646/170 701/641/166 708/648/172
f 708/648/172 713/653/176 706/646/170
f 708/648/172 707/647/171 714/654/177
f 714/654/177 715/655/178 708/648/172
f 710/650/171 709/649/173 716/656/179
f 716/656/179 717/657/177 710/650/171
f 709/649/173 711/651/174 718/658/180
f 718/658/180 716/656/179 709/649/173
f 711/651/174 712/652/175 719/659/181
f 719/659/181 718/658/180 711/651/174
f 712/652/175 713/653/176 720/660/182
f 720/660/182 719/659/181 712/652/175
f 713/653/176 708/648/172 715/655/178
f 715/655/178 720/660/182 713/653/176
f 715/655/178 714/654/177 721/661/183
f 721/661/183 722/662/184 715/655/178
f 717/657/177 716/656/179 723/663/185
f 723/663/185 724/664/183 717/657/177
f 716/656/179 718/658/180 725/665/186
f 725/665/186 723/663/185 716/656/179
f 718/658/180 719/659/181 726/666/187
f 726/666/187 725/665/186 718/658/180
f 719/659/181 720/660/182 727/667/188
f 727/667/188 726/666/187 719/659/181
f 720/660/182 715/655/178 722/662/184
f 722/662/184 727/667/188 720/660/182
f 722/662/184 721/661/183 728/668/189
f 728/668/189 729/669/190 722/662/184
f 724/664/183 723/663/185 730/670/191
f 730/670/191 731/671/189 724/664/183
f 723/663/185 725/665/186 732/672/192
f 732/672/192 730/670/191 723/663/185
f 725/665/186 726/666/187 733/673/193
f 733/673/193 732/672/192 725/665/186
f 726/666/187 727/667/188 734/674/194
f 734/674/194 733/673/193 726/666/187
f 727/667/188 722/662/184 729/669/190
f 729/669/190 734/674/194 727/667/188
f 735/675/195 734/674/194 729/669/190
f 729/669/190 736/676/196 735/675/195
f 737/677/197 733/673/193 734/674/194
f 734/674/194 735/675/195 737/677/197
f 738/678/198 730/670/191 732/672/192
f 732/672/192 739/679/199 738/678/198
f 736/676/196 729/669/190 728/668/189
f 728/668/189 740/680/200 736/676/196
f 739/679/199 732/672/192 733/673/193
f 733/673/193 737/677/197 739/679/199
f 741/681/200 731/671/189 730/670/191
f 730/670/191 738/678/198 741/681/200
f 742/682/201 743/683/202 744/684/203
f 744/684/203 745/685/204 742/682/201
f 746/686/205 747/687/206 748/688/207
f 746/686/205 748/688/207 749/689/208
f 746/686/205 749/689/208 750/690/209
f 746/686/205 750/690/209 751/691/210
f 746/686/205 751/691/210 752/692/211
f 752/692/211 753/693/212 746/686/205
f 754/694/213 755/695/214 756/696/205
f 756/696/205 757/697/212 754/694/213
f 758/698/215 759/699/216 760/700/217
f 760/700/217 761/701/218 758/698/215
f 762/702/219 763/703/220 764/704/221
f 764/704/221 765/705/222 762/702/219
f 766/706/208 767/707/207 768/708/223
f 768/708/223 769/709/224 766/706/208
f 754/694/213 770/710/225 759/699/216
f 759/699/216 758/698/215 754/694/213
f 757/697/212 771/711/211 770/710/225
f 770/710/225 754/694/213 757/697/212
f 758/698/215 772/712/226 755/695/214
f 755/695/214 754/694/213 758/698/215
f 761/701/218 773/713/227 772/712/226
f 772/712/226 758/698/215 761/701/218
f 774/714/228 775/715/229 743/683/202
f 743/683/202 742/682/201 774/714/228
f 776/716/210 777/717/209 775/715/229
f 775/715/229 774/714/228 776/716/210
f 772/712/226 778/718/230 779/719/231
f 779/719/231 755/695/214 772/712/226
f 779/719/231 778/718/230 763/703/220
f 763/703/220 768/708/223 779/719/231
f 777/717/209 766/706/208 769/709/224
f 769/709/224 775/715/229 777/717/209
f 775/715/229 769/709/224 762/702/219
f 762/702/219 743/683/202 775/715/229
f 773/713/227 780/720/232 778/718/230
f 778/718/230 772/712/226 773/713/227
f 755/695/214 779/719/231 781/721/206
f 781/721/206 756/696/205 755/695/214
f 782/722/218 783/723/217 784/724/204
f 782/722/218 784/724/204 785/725/203
f 782/722/218 785/725/203 786/726/222
f 782/722/218 786/726/222 787/727/233
f 782/722/218 787/727/233 788/728/232
f 788/728/232 789/729/227 782/722/218
f 743/683/202 762/702/219 765/705/222
f 765/705/222 744/684/203 743/683/202
f 790/730/211 776/716/210 774/714/228
f 774/714/228 791/731/225 790/730/211
f 774/714/228 742/682/201 792/732/216
f 792/732/216 791/731/225 774/714/228
f 767/707/207 781/721/206 779/719/231
f 779/719/231 768/708/223 767/707/207
f 763/703/220 778/718/230 780/720/232
f 780/720/232 764/704/221 763/703/220
f 792/732/216 742/682/201 745/685/204
f 745/685/204 793/733/217 792/732/216
f 769/709/224 768/708/223 763/703/220
f 763/703/220 762/702/219 769/709/224
f 794/734/234 795/735/235 796/736/235
f 796/736/235 797/737/236 794/734/234
f 795/735/235 798/738/237 799/739/238
f 799/739/238 796/736/235 795/735/235
f 798/738/237 800/740/239 801/741/240
f 801/741/240 799/739/238 798/738/237
f 802/742/241 794/734/234 797/737/236
f 797/737/236 803/743/242 802/742/241
f 804/744/239 805/745/243 806/746/244
f 806/746/244 807/747/240 804/744/239
f 805/745/243 802/742/241 803/743/242
f 803/743/242 806/746/244 805/745/243
f 808/748/245 809/749/246 810/750/247
f 810/750/247 811/751/248 808/748/245
f 808/748/245 812/752/249 813/753/250
f 813/753/250 814/754/251 808/748/245
f 815/755/252 816/756/253 817/757/254
f 817/757/254 818/758/255 815/755/252
f 814/754/251 819/759/256 809/749/246
f 809/749/246 808/748/245 814/754/251
f 811/751/248 820/760/257 812/752/249
f 812/752/249 808/748/245 811/751/248
f 811/751/248 810/750/247 821/761/258
f 821/761/258 822/762/259 811/751/248
f 823/763/260 824/764/261 825/765/262
f 825/765/262 826/766/263 823/763/260
f 827/767/264 828/768/265 829/769/266
f 829/769/266 830/770/267 827/767/264
f 831/771/260 832/772/268 833/773/269
f 831/771/260 833/773/269 834/774/256
f 831/771/260 834/774/256 835/775/251
f 831/771/260 835/775/251 836/776/250
f 831/771/260 836/776/250 837/777/270
f 837/777/270 838/778/261 831/771/260
f 822/762/259 839/779/271 820/760/257
f 820/760/257 811/751/248 822/762/259
f 840/780/272 841/781/273 828/768/265
f 828/768/265 827/767/264 840/780/272
f 842/782/269 843/783/268 841/781/273
f 841/781/273 840/780/272 842/782/269
f 820/760/257 844/784/274 845/785/275
f 845/785/275 812/752/249 820/760/257
f 845/785/275 844/784/274 816/756/253
f 816/756/253 825/765/262 845/785/275
f 843/783/268 823/763/260 826/766/263
f 826/766/263 841/781/273 843/783/268
f 841/781/273 826/766/263 815/755/252
f 815/755/252 828/768/265 841/781/273
f 839/779/271 846/786/276 844/784/274
f 844/784/274 820/760/257 839/779/271
f 847/787/266 848/788/255 849/789/277
f 847/787/266 849/789/277 850/790/276
f 847/787/266 850/790/276 851/791/271
f 847/787/266 851/791/271 852/792/259
f 847/787/266 852/792/259 853/793/258
f 853/793/258 854/794/267 847/787/266
f 812/752/249 845/785/275 855/795/270
f 855/795/270 813/753/250 812/752/249
f 828/768/265 815/755/252 818/758/255
f 818/758/255 829/769/266 828/768/265
f 856/796/256 842/782/269 840/780/272
f 840/780/272 857/797/278 856/796/256
f 840/780/272 827/767/264 858/798/247
f 858/798/247 857/797/278 840/780/272
f 824/764/261 855/795/270 845/785/275
f 845/785/275 825/765/262 824/764/261
f 816/756/253 844/784/274 846/786/276
f 846/786/276 817/757/254 816/756/253
f 858/798/247 827/767/264 830/770/267
f 830/770/267 859/799/279 858/798/247
f 826/766/263 825/765/262 816/756/253
f 816/756/253 815/755/252 826/766/263
f 860/800/280 861/801/281 862/802/282
f 862/802/282 863/803/283 860/800/280
f 864/804/284 865/805/285 866/806/286
f 866/806/286 867/807/282 864/804/284
f 865/805/285 868/808/287 869/809/288
f 869/809/288 866/806/286 865/805/285
f 868/808/287 870/810/289 871/811/290
f 871/811/290 869/809/288 868/808/287
f 870/810/289 872/812/291 873/813/292
f 873/813/292 871/811/290 870/810/289
f 872/812/291 860/800/280 863/803/283
f 863/803/283 873/813/292 872/812/291
f 863/803/283 862/802/282 874/814/293
f 874/814/293 875/815/294 863/803/283
f 867/807/282 866/806/286 876/816/295
f 876/816/295 877/817/293 867/807/282
f 866/806/286 869/809/288 878/818/296
f 878/818/296 876/816/295 866/806/286
f 869/809/288 871/811/290 879/819/297
f 879/819/297 878/818/296 869/809/288
f 871/811/290 873/813/292 880/820/298
f 880/820/298 879/819/297 871/811/290
f 873/813/292 863/803/283 875/815/294
f 875/815/294 880/820/298 873/813/292
f 875/815/294 874/814/293 881/821/299
f 881/821/299 882/822/300 875/815/294
f 877/817/293 876/816/295 883/823/301
f 883/823/301 884/824/299 877/817/293
f 876/816/295 878/818/296 885/825/302
f 885/825/302 883/823/301 876/816/295
f 878/818/296 879/819/297 886/826/303
f 886/826/303 885/825/302 878/818/296
f 879/819/297 880/820/298 887/827/304
f 887/827/304 886/826/303 879/819/297
f 880/820/298 875/815/294 882/822/300
f 882/822/300 887/827/304 880/820/298
f 882/822/300 881/821/299 888/828/305
f 888/828/305 889/829/306 882/822/300
f 884/824/299 883/823/301 890/830/307
f 890/830/307 891/831/305 884/824/299
f 883/823/301 885/825/302 892/832/308
f 892/832/308 890/830/307 883/823/301
f 885/825/302 886/826/303 893/833/309
f 893/833/309 892/832/308 885/825/302
f 886/826/303 887/827/304 894/834/310
f 894/834/310 893/833/309 886/826/303
f 887/827/304 882/822/300 889/829/306
f 889/829/306 894/834/310 887/827/304
f 889/829/306 888/828/305 895/835/311
f 895/835/311 896/836/312 889/829/306
f 891/831/305 890/830/307 897/837/313
f 897/837/313 898/838/311 891/831/305
f 890/830/307 892/832/308 899/839/314
f 899/839/314 897/837/313 890/830/307
f 892/832/308 893/833/309 900/840/315
f 900/840/315 899/839/314 892/832/308
f 893/833/309 894/834/310 901/841/316
f 901/841/316 900/840/315 893/833/309
f 894/834/310 889/829/306 896/836/312
f 896/836/312 901/841/316 894/834/310
f 896/836/312 895/835/311 902/842/317
f 902/842/317 903/843/318 896/836/312
f 898/838/311 897/837/313 904/844/319
f 904/844/319 905/845/317 898/838/311
f 897/837/313 899/839/314 906/846/320
f 906/846/320 904/844/319 897/837/313
f 899/839/314 900/840/315 907/847/321
f 907/847/321 906/846/320 899/839/314
f 900/840/315 901/841/316 908/848/322
f 908/848/322 907/847/321 900/840/315
f 901/841/316 896/836/312 903/843/318
f 903/843/318 908/848/322 901/841/316
f 903/843/318 902/842/317 909/849/323
f 909/849/323 910/850/324 903/843/318
f 905/845/317 904/844/319 911/851/325
f 911/851/325 912/852/323 905/845/317
f 904/844/319 906/846/320 913/853/326
f 913/853/326 911/851/325 904/844/319
f 906/846/320 907/847/321 914/854/327
f 914/854/327 913/853/326 906/846/320
f 907/847/321 908/848/322 915/855/328
f 915/855/328 914/854/327 907/847/321
f 908/848/322 903/843/318 910/850/324
f 910/850/324 915/855/328 908/848/322
f 910/850/324 909/849/323 916/856/329
f 916/856/329 917/857/330 910/850/324
f 912/852/323 911/851/325 918/858/331
f 918/858/331 919/859/329 912/852/323
f 911/851/325 913/853/326 920/860/332
f 920/860/332 918/858/331 911/851/325
f 913/853/326 914/854/327 921/861/333
f 921/861/333 920/860/332 913/853/326
f 914/854/327 915/855/328 922/862/334
f 922/862/334 921/861/333 914/854/327
f 915/855/328 910/850/324 917/857/330
f 917/857/330 922/862/334 915/855/328
f 917/857/330 916/856/329 923/863/335
f 923/863/335 924/864/336 917/857/330
f 919/859/329 918/858/331 925/865/337
f 925/865/337 926/866/335 919/859/329
f 918/858/331 920/860/332 927/867/338
f 927/867/338 925/865/337 918/858/331
f 920/860/332 921/861/333 928/868/339
f 928/868/339 927/867/338 920/860/332
f 921/861/333 922/862/334 929/869/340
f 929/869/340 928/868/339 921/861/333
f 922/862/334 917/857/330 924/864/336
f 924/864/336 929/869/340 922/862/334
f 924/864/336 923/863/335 930/870/341
f 930/870/341 931/871/342 924/864/336
f 926/866/335 925/865/337 932/872/343
f 932/872/343 933/873/341 926/866/335
f 925/865/337 927/867/338 934/874/344
f 934/874/344 932/872/343 925/865/337
f 927/867/338 928/868/339 935/875/345
f 935/875/345 934/874/344 927/867/338
f 928/868/339 929/869/340 936/876/346
f 936/876/346 935/875/345 928/868/339
f 929/869/340 924/864/336 931/871/342
f 931/871/342 936/876/346 929/869/340
f 931/871/342 930/870/341 937/877/347
f 937/877/347 938/878/348 931/871/342
f 933/873/341 932/872/343 939/879/349
f 939/879/349 940/880/350 933/873/341
f 932/872/343 934/874/344 941/881/351
f 941/881/351 939/879/349 932/872/343
f 934/874/344 935/875/345 942/882/352
f 942/882/352 941/881/351 934/874/344
f 935/875/345 936/876/346 943/883/353
f 943/883/353 942/882/352 935/875/345
f 936/876/346 931/871/342 938/878/348
f 938/878/348 943/883/353 936/876/346
f 944/884/354 942/882/352 943/883/353
f 943/883/353 945/885/355 944/884/354
f 946/886/356 939/879/349 941/881/351
f 941/881/351 947/887/357 946/886/356
f 948/888/358 938/878/348 937/877/347
f 937/877/347 949/889/359 948/888/358
f 947/887/357 941/881/351 942/882/352
f 942/882/352 944/884/354 947/887/357
f 950/890/359 940/880/350 939/879/349
f 939/879/349 946/886/356 950/890/359
f 945/885/355 943/883/353 938/878/348
f 938/878/348 948/888/358 945/885/355
f 951/891/360 952/892/361 953/893/19
f 953/893/19 954/894/362 951/891/360
f 955/895/363 951/891/360 954/894/362
f 954/894/362 956/896/364 955/895/363
f 957/897/365 955/895/363 956/896/364
f 956/896/364 958/898/366 957/897/365
f 959/899/367 957/897/365 958/898/366
f 958/898/366 960/900/368 959/899/367
f 961/901/369 959/899/367 960/900/368
f 960/900/368 962/902/25 961/901/369
f 963/903/370 961/901/369 962/902/25
f 962/902/25 964/904/371 963/903/370
f 965/905/372 963/903/370 964/904/371
f 964/904/371 966/906/373 965/905/372
f 967/907/374 968/908/375 969/909/373
f 969/909/373 970/910/376 967/907/374
f 952/892/361 971/911/377 972/912/378
f 972/912/378 953/893/19 952/892/361
f 971/911/377 967/907/374 970/910/376
f 970/910/376 972/912/378 971/911/377
f 973/913/379 974/914/380 975/915/381
f 975/915/381 976/916/382 973/913/379
f 977/917/383 973/913/379 976/916/382
f 976/916/382 978/918/384 977/917/383
f 979/919/385 980/920/386 974/914/380
f 974/914/380 973/913/379 979/919/385
f 981/921/387 982/922/388 980/920/386
f 980/920/386 979/919/385 981/921/387
f 983/923/389 984/924/390 982/922/388
f 982/922/388 981/921/387 983/923/389
f 985/925/391 986/926/392 987/927/393
f 987/927/393 988/928/394 985/925/391
f 989/929/395 990/930/396 984/924/390
f 984/924/390 983/923/389 989/929/395
f 988/928/394 987/927/393 990/930/396
f 990/930/396 989/929/395 988/928/394
f 991/931/397 992/932/398 986/926/392
f 986/926/392 985/925/391 991/931/397
f 993/933/399 994/934/400 992/932/398
f 992/932/398 991/931/397 993/933/399
f 995/935/382 996/936/381 994/934/400
f 994/934/400 993/933/399 995/935/382
f 997/937/401 998/938/402 999/939/403
f 999/939/403 1000/940/404 997/937/401
f 998/938/402 983/923/389 981/921/387
f 981/921/387 999/939/403 998/938/402
f 1001/941/405 985/925/391 988/928/394
f 988/928/394 1002/942/406 1001/941/405
f 1003/943/384 995/935/382 993/933/399
f 993/933/399 1004/944/407 1003/943/384
f 999/939/403 981/921/387 979/919/385
f 979/919/385 1005/945/408 999/939/403
f 1002/942/406 988/928/394 989/929/395
f 989/929/395 1006/946/409 1002/942/406
f 1004/944/407 993/933/399 991/931/397
f 991/931/397 1007/947/410 1004/944/407
f 1005/945/408 979/919/385 973/913/379
f 973/913/379 977/917/383 1005/945/408
f 1006/946/409 989/929/395 983/923/389
f 983/923/389 998/938/402 1006/946/409
f 1007/947/410 991/931/397 985/925/391
f 985/925/391 1001/941/405 1007/947/410
f 1008/948/411 1009/949/412 1010/950/413
f 1010/950/413 1011/951/414 1008/948/411
f 1009/949/412 1001/941/405 1002/942/406
f 1002/942/406 1010/950/413 1009/949/412
f 1012/952/415 1003/943/384 1004/944/407
f 1004/944/407 1013/953/416 1012/952/415
f 1000/940/404 999/939/403 1005/945/408
f 1005/945/408 1014/954/417 1000/940/404
f 1010/950/413 1002/942/406 1006/946/409
f 1006/946/409 1015/955/418 1010/950/413
f 1013/953/416 1004/944/407 1007/947/410
f 1007/947/410 1016/956/419 1013/953/416
f 1014/954/417 1005/945/408 977/917/383
f 977/917/383 1017/957/420 1014/954/417
f 1015/955/418 1006/946/409 998/938/402
f 998/938/402 997/937/401 1015/955/418
f 1016/956/419 1007/947/410 1001/941/405
f 1001/941/405 1009/949/412 1016/956/419
f 1017/957/420 977/917/383 978/918/384
f 978/918/384 1018/958/415 1017/957/420
f 1019/959/421 1020/960/422 1021/961/423
f 1021/961/423 1022/962/424 1019/959/421
f 1023/963/425 1012/952/415 1013/953/416
f 1013/953/416 1024/964/426 1023/963/425
f 1020/960/422 1000/940/404 1014/954/417
f 1014/954/417 1021/961/423 1020/960/422
f 1011/951/414 1010/950/413 1015/955/418
f 1015/955/418 1025/965/427 1011/951/414
f 1024/964/426 1013/953/416 1016/956/419
f 1016/956/419 1026/966/428 1024/964/426
f 1021/961/423 1014/954/417 1017/957/420
f 1017/957/420 1027/967/429 1021/961/423
f 1025/965/427 1015/955/418 997/937/401
f 997/937/401 1028/968/430 1025/965/427
f 1026/966/428 1016/956/419 1009/949/412
f 1009/949/412 1008/948/411 1026/966/428
f 1027/967/429 1017/957/420 1018/958/415
f 1018/958/415 1029/969/425 1027/967/429
f 1028/968/430 997/937/401 1000/940/404
f 1000/940/404 1020/960/422 1028/968/430
f 1030/970/431 1031/971/432 1032/972/433
f 1032/972/433 1033/973/434 1030/970/431
f 1031/971/432 1011/951/414 1025/965/427
f 1025/965/427 1032/972/433 1031/971/432
f 1034/974/435 1024/964/426 1026/966/428
f 1026/966/428 1035/975/436 1034/974/435
f 1022/962/424 1021/961/423 1027/967/429
f 1027/967/429 1036/976/437 1022/962/424
f 1032/972/433 1025/965/427 1028/968/430
f 1028/968/430 1037/977/438 1032/972/433
f 1035/975/436 1026/966/428 1008/948/411
f 1008/948/411 1038/978/439 1035/975/436
f 1036/976/437 1027/967/429 1029/969/425
f 1029/969/425 1039/979/440 1036/976/437
f 1037/977/438 1028/968/430 1020/960/422
f 1020/960/422 1019/959/421 1037/977/438
f 1038/978/439 1008/948/411 1011/951/414
f 1011/951/414 1031/971/432 1038/978/439
f 1040/980/440 1023/963/425 1024/964/426
f 1024/964/426 1034/974/435 1040/980/440
f 1041/981/441 1042/982/442 1043/983/443
f 1043/983/443 1044/984/444 1041/981/441
f 1042/982/442 1034/974/435 1035/975/436
f 1035/975/436 1043/983/443 1042/982/442
f 1045/985/445 1022/962/424 1036/976/437
f 1036/976/437 1046/986/446 1045/985/445
f 1033/973/434 1032/972/433 1037/977/438
f 1037/977/438 1047/987/447 1033/973/434
f 1043/983/443 1035/975/436 1038/978/439
f 1038/978/439 1048/988/448 1043/983/443
f 1046/986/446 1036/976/437 1039/979/440
f 1039/979/440 1049/989/449 1046/986/446
f 1047/987/447 1037/977/438 1019/959/421
f 1019/959/421 1050/990/450 1047/987/447
f 1048/988/448 1038/978/439 1031/971/432
f 1031/971/432 1030/970/431 1048/988/448
f 1051/991/449 1040/980/440 1034/974/435
f 1034/974/435 1042/982/442 1051/991/449
f 1050/990/450 1019/959/421 1022/962/424
f 1022/962/424 1045/985/445 1050/990/450
f 1052/992/451 1053/993/452 1054/994/453
f 1054/994/453 1055/995/454 1052/992/451
f 1053/993/452 1045/985/445 1046/986/446
f 1046/986/446 1054/994/453 1053/993/452
f 1056/996/455 1033/973/434 1047/987/447
f 1047/987/447 1057/997/456 1056/996/455
f 1044/984/444 1043/983/443 1048/988/448
f 1048/988/448 1058/998/457 1044/984/444
f 1054/994/453 1046/986/446 1049/989/449
f 1049/989/449 1059/999/458 1054/994/453
f 1057/997/456 1047/987/447 1050/990/450
f 1050/990/450 1060/1000/459 1057/997/456
f 1058/998/457 1048/988/448 1030/970/431
f 1030/970/431 1061/1001/460 1058/998/457
f 1062/1002/458 1051/991/449 1042/982/442
f 1042/982/442 1041/981/441 1062/1002/458
f 1060/1000/459 1050/990/450 1045/985/445
f 1045/985/445 1053/993/452 1060/1000/459
f 1061/1001/460 1030/970/431 1033/973/434
f 1033/973/434 1056/996/455 1061/1001/460
f 1063/1003/461 1064/1004/462 1065/1005/463
f 1065/1005/463 1066/1006/464 1063/1003/461
f 1064/1004/462 1056/996/455 1057/997/456
f 1057/997/456 1065/1005/463 1064/1004/462
f 1067/1007/465 1044/984/444 1058/998/457
f 1058/998/457 1068/1008/466 1067/1007/465
f 1055/995/454 1054/994/453 1059/999/458
f 1059/999/458 1069/1009/467 1055/995/454
f 1065/1005/463 1057/997/456 1060/1000/459
f 1060/1000/459 1070/1010/468 1065/1005/463
f 1068/1008/466 1058/998/457 1061/1001/460
f 1061/1001/460 1071/1011/469 1068/1008/466
f 1072/1012/467 1062/1002/458 1041/981/441
f 1041/981/441 1073/1013/470 1072/1012/467
f 1070/1010/468 1060/1000/459 1053/993/452
f 1053/993/452 1052/992/451 1070/1010/468
f 1071/1011/469 1061/1001/460 1056/996/455
f 1056/996/455 1064/1004/462 1071/1011/469
f 1073/1013/470 1041/981/441 1044/984/444
f 1044/984/444 1067/1007/465 1073/1013/470
f 1074/1014/471 1075/1015/472 1076/1016/473
f 1076/1016/473 1077/1017/474 1074/1014/471
f 1078/1018/475 1067/1007/465 1068/1008/466
f 1068/1008/466 1079/1019/476 1078/1018/475
f 1080/1020/477 1055/995/454 1069/1009/467
f 1069/1009/467 1081/1021/478 1080/1020/477
f 1066/1006/464 1065/1005/463 1070/1010/468
f 1070/1010/468 1082/1022/479 1066/1006/464
f 1079/1019/476 1068/1008/466 1071/1011/469
f 1071/1011/469 1083/1023/480 1079/1019/476
f 1084/1024/478 1072/1012/467 1073/1013/470
f 1073/1013/470 1085/1025/481 1084/1024/478
f 1082/1022/479 1070/1010/468 1052/992/451
f 1052/992/451 1086/1026/482 1082/1022/479
f 1083/1023/480 1071/1011/469 1064/1004/462
f 1064/1004/462 1063/1003/461 1083/1023/480
f 1085/1025/481 1073/1013/470 1067/1007/465
f 1067/1007/465 1078/1018/475 1085/1025/481
f 1086/1026/482 1052/992/451 1055/995/454
f 1055/995/454 1080/1020/477 1086/1026/482
f 1087/1027/483 1088/1028/484 1089/1029/485
f 1089/1029/485 1090/1030/486 1087/1027/483
f 1088/1028/484 1091/1031/487 1092/1032/488
f 1092/1032/488 1089/1029/485 1088/1028/484
f 1093/1033/489 1094/1034/490 1095/1035/491
f 1095/1035/491 1096/1036/492 1093/1033/489
f 1097/1037/474 1098/1038/473 1099/1039/493
f 1099/1039/493 1100/1040/494 1097/1037/474
f 1089/1029/485 1092/1032/488 1101/1041/495
f 1101/1041/495 1102/1042/496 1089/1029/485
f 1096/1036/492 1095/1035/491 1103/1043/497
f 1103/1043/497 1104/1044/498 1096/1036/492
f 1100/1040/494 1099/1039/493 1105/1045/499
f 1105/1045/499 1106/1046/500 1100/1040/494
f 1102/1042/496 1101/1041/495 1075/1015/472
f 1075/1015/472 1074/1014/471 1102/1042/496
f 1104/1044/498 1103/1043/497 1091/1031/487
f 1091/1031/487 1088/1028/484 1104/1044/498
f 1106/1046/500 1105/1045/499 1094/1034/490
f 1094/1034/490 1093/1033/489 1106/1046/500
f 1107/1047/501 1108/1048/502 1109/1049/503
f 1109/1049/503 1110/1050/504 1107/1047/501
f 1108/1048/502 1093/1033/489 1096/1036/492
f 1096/1036/492 1109/1049/503 1108/1048/502
f 1111/1051/505 1097/1037/474 1100/1040/494
f 1100/1040/494 1112/1052/506 1111/1051/505
f 1090/1030/486 1089/1029/485 1102/1042/496
f 1102/1042/496 1113/1053/507 1090/1030/486
f 1109/1049/503 1096/1036/492 1104/1044/498
f 1104/1044/498 1114/1054/508 1109/1049/503
f 1112/1052/506 1100/1040/494 1106/1046/500
f 1106/1046/500 1115/1055/509 1112/1052/506
f 1113/1053/507 1102/1042/496 1074/1014/471
f 1074/1014/471 1116/1056/510 1113/1053/507
f 1114/1054/508 1104/1044/498 1088/1028/484
f 1088/1028/484 1087/1027/483 1114/1054/508
f 1115/1055/509 1106/1046/500 1093/1033/489
f 1093/1033/489 1108/1048/502 1115/1055/509
f 1116/1056/510 1074/1014/471 1077/1017/474
f 1077/1017/474 1117/1057/505 1116/1056/510
f 1118/1058/511 1111/1051/505 1112/1052/506
f 1112/1052/506 1119/1059/512 1118/1058/511
f 1120/1060/513 1090/1030/486 1113/1053/507
f 1113/1053/507 1121/1061/514 1120/1060/513
f 1110/1050/504 1109/1049/503 1114/1054/508
f 1114/1054/508 1122/1062/515 1110/1050/504
f 1119/1059/512 1112/1052/506 1115/1055/509
f 1115/1055/509 1123/1063/516 1119/1059/512
f 1121/1061/514 1113/1053/507 1116/1056/510
f 1116/1056/510 1124/1064/517 1121/1061/514
f 1122/1062/515 1114/1054/508 1087/1027/483
f 1087/1027/483 1125/1065/518 1122/1062/515
f 1123/1063/516 1115/1055/509 1108/1048/502
f 1108/1048/502 1107/1047/501 1123/1063/516
f 1124/1064/517 1116/1056/510 1117/1057/505
f 1117/1057/505 1126/1066/511 1124/1064/517
f 1125/1065/518 1087/1027/483 1090/1030/486
f 1090/1030/486 1120/1060/513 1125/1065/518
f 1075/1015/472 1080/1020/477 1081/1021/478
f 1081/1021/478 1076/1016/473 1075/1015/472
f 1091/1031/487 1066/1006/464 1082/1022/479
f 1082/1022/479 1092/1032/488 1091/1031/487
f 1094/1034/490 1079/1019/476 1083/1023/480
f 1083/1023/480 1095/1035/491 1094/1034/490
f 1099/1039/493 1085/1025/481 1078/1018/475
f 1078/1018/475 1105/1045/499 1099/1039/493
f 1105/1045/499 1078/1018/475 1079/1019/476
f 1079/1019/476 1094/1034/490 1105/1045/499
f 1103/1043/497 1063/1003/461 1066/1006/464
f 1066/1006/464 1091/1031/487 1103/1043/497
f 1101/1041/495 1086/1026/482 1080/1020/477
f 1080/1020/477 1075/1015/472 1101/1041/495
f 1092/1032/488 1082/1022/479 1086/1026/482
f 1086/1026/482 1101/1041/495 1092/1032/488
f 1095/1035/491 1083/1023/480 1063/1003/461
f 1063/1003/461 1103/1043/497 1095/1035/491
f 1098/1038/473 1084/1024/478 1085/1025/481
f 1085/1025/481 1099/1039/493 1098/1038/473
f 1127/1067/519 1128/1068/520 1129/1069/521
f 1129/1069/521 1130/1070/522 1127/1067/519
f 1131/1071/523 1127/1067/519 1130/1070/522
f 1130/1070/522 1132/1072/524 1131/1071/523
f 1128/1068/520 1133/1073/525 1134/1074/526
f 1134/1074/526 1129/1069/521 1128/1068/520
f 1135/1075/525 1136/1076/527 1137/1077/528
f 1137/1077/528 1138/1078/526 1135/1075/525
f 1136/1076/527 1139/1079/529 1140/1080/530
f 1140/1080/530 1137/1077/528 1136/1076/527
f 1139/1079/529 1141/1081/531 1142/1082/532
f 1142/1082/532 1140/1080/530 1139/1079/529
f 1141/1081/531 1143/1083/533 1144/1084/534
f 1144/1084/534 1142/1082/532 1141/1081/531
f 1143/1083/533 1145/1085/535 1146/1086/536
f 1146/1086/536 1144/1084/534 1143/1083/533
f 1145/1085/535 1147/1087/537 1148/1088/538
f 1148/1088/538 1146/1086/536 1145/1085/535
f 1147/1087/537 1131/1071/523 1132/1072/524
f 1132/1072/524 1148/1088/538 1147/1087/537
f 1130/1070/522 1129/1069/521 1149/1089/539
f 1149/1089/539 1150/1090/540 1130/1070/522
f 1132/1072/524 1130/1070/522 1150/1090/540
f 1150/1090/540 1151/1091/541 1132/1072/524
f 1129/1069/521 1134/1074/526 1152/1092/542
f 1152/1092/542 1149/1089/539 1129/1069/521
f 1138/1078/526 1137/1077/528 1153/1093/543
f 1153/1093/543 1154/1094/542 1138/1078/526
f 1137/1077/528 1140/1080/530 1155/1095/544
f 1155/1095/544 1153/1093/543 1137/1077/528
f 1140/1080/530 1142/1082/532 1156/1096/545
f 1156/1096/545 1155/1095/544 1140/1080/530
f 1142/1082/532 1144/1084/534 1157/1097/546
f 1157/1097/546 1156/1096/545 1142/1082/532
f 1144/1084/534 1146/1086/536 1158/1098/547
f 1158/1098/547 1157/1097/546 1144/1084/534
f 1146/1086/536 1148/1088/538 1159/1099/548
f 1159/1099/548 1158/1098/547 1146/1086/536
f 1148/1088/538 1132/1072/524 1151/1091/541
f 1151/1091/541 1159/1099/548 1148/1088/538
f 987/927/393 986/926/392 1131/1071/523
f 1131/1071/523 1147/1087/537 987/927/393
f 990/930/396 987/927/393 1147/1087/537
f 1147/1087/537 1145/1085/535 990/930/396
f 984/924/390 990/930/396 1145/1085/535
f 1145/1085/535 1143/1083/533 984/924/390
f 982/922/388 984/924/390 1143/1083/533
f 1143/1083/533 1141/1081/531 982/922/388
f 980/920/386 982/922/388 1141/1081/531
f 1141/1081/531 1139/1079/529 980/920/386
f 974/914/380 980/920/386 1139/1079/529
f 1139/1079/529 1136/1076/527 974/914/380
f 975/915/381 974/914/380 1136/1076/527
f 1136/1076/527 1135/1075/525 975/915/381
f 994/934/400 996/936/381 1133/1073/525
f 1133/1073/525 1128/1068/520 994/934/400
f 986/926/392 992/932/398 1127/1067/519
f 1127/1067/519 1131/1071/523 986/926/392
f 992/932/398 994/934/400 1128/1068/520
f 1128/1068/520 1127/1067/519 992/932/398
f 1160/1100/540 1161/1101/539 1162/1102/374
f 1162/1102/374 1163/1103/377 1160/1100/540
f 1164/1104/541 1160/1100/540 1163/1103/377
f 1163/1103/377 1165/1105/361 1164/1104/541
f 1161/1101/539 1166/1106/542 1167/1107/375
f 1167/1107/375 1162/1102/374 1161/1101/539
f 1168/1108/542 1169/1109/543 1170/1110/549
f 1170/1110/549 1171/1111/375 1168/1108/542
f 1169/1109/543 1172/1112/544 1173/1113/369
f 1173/1113/369 1170/1110/549 1169/1109/543
f 1172/1112/544 1174/1114/545 1175/1115/367
f 1175/1115/367 1173/1113/369 1172/1112/544
f 1174/1114/545 1176/1116/546 1177/1117/365
f 1177/1117/365 1175/1115/367 1174/1114/545
f 1176/1116/546 1178/1118/547 1179/1119/363
f 1179/1119/363 1177/1117/365 1176/1116/546
f 1178/1118/547 1180/1120/548 1181/1121/360
f 1181/1121/360 1179/1119/363 1178/1118/547
f 1180/1120/548 1164/1104/541 1165/1105/361
f 1165/1105/361 1181/1121/360 1180/1120/548
s 0
f 1182/287/550 1183/288/550 1184/289/550
f 1184/289/550 1185/290/550 1182/287/550
f 1186/291/33 1187/292/33 1188/293/33
f 1188/293/33 1189/294/33 1186/291/33
f 1190/288/34 1191/295/34 1192/296/34
f 1192/296/34 1193/289/34 1190/288/34
f 1194/297/7 1195/291/7 1196/294/7
f 1196/294/7 1197/298/7 1194/297/7
f 1198/299/2 1199/300/2 1200/301/2
f 1200/301/2 1201/302/2 1198/299/2
f 1202/295/7 1203/303/7 1204/304/7
f 1204/304/7 1205/296/7 1202/295/7
f 1206/305/34 1207/297/34 1208/298/34
f 1208/298/34 1209/306/34 1206/305/34
f 1210/307/35 1211/299/35 1212/302/35
f 1212/302/35 1213/308/35 1210/307/35
f 1214/303/33 1215/307/33 1216/308/33
f 1216/308/33 1217/304/33 1214/303/33
f 1218/309/550 1219/305/550 1220/306/550
f 1220/306/550 1221/310/550 1218/309/550
f 1222/311/14 1223/312/14 1224/313/14
f 1222/311/14 1224/313/14 1225/314/14
f 1222/311/14 1225/314/14 1226/315/14
f 1226/315/14 1227/316/14 1222/311/14
f 1228/292/551 1229/317/551 1230/318/551
f 1230/318/551 1231/293/551 1228/292/551
f 1232/317/2 1233/319/2 1234/320/2
f 1234/320/2 1235/318/2 1232/317/2
f 1236/321/11 1237/322/11 1238/323/11
f 1236/321/552 1238/323/552 1239/324/552
f 1236/321/553 1239/324/553 1240/325/553
f 1240/325/554 1241/326/554 1236/321/554
f 1242/327/14 1243/328/14 1244/329/14
f 1242/327/14 1244/329/14 1245/330/14
f 1242/327/14 1245/330/14 1246/331/14
f 1246/331/14 1247/332/14 1242/327/14
f 1248/333/11 1249/334/11 1250/335/11
f 1248/333/11 1250/335/11 1251/336/11
f 1248/333/11 1251/336/11 1252/337/11
f 1252/337/11 1253/338/11 1248/333/11
f 1254/393/11 1255/394/11 1256/395/11
f 1256/395/11 1257/396/11 1254/393/11
f 1258/373/7 1259/374/7 1260/375/7
f 1260/375/7 1261/376/7 1258/373/7
f 1262/393/14 1263/394/14 1264/395/14
f 1264/395/14 1265/396/14 1262/393/14
f 1266/393/11 1267/394/11 1268/395/11
f 1268/395/11 1269/396/11 1266/393/11
f 1270/133/19 1271/134/19 1272/135/19
f 1272/135/19 1273/136/19 1270/133/19
f 1274/137/2 1275/138/2 1276/139/2
f 1276/139/2 1277/140/2 1274/137/2
f 1278/277/25 1279/279/25 1280/278/25
f 1279/279/25 1278/277/25 1281/280/25
f 1282/373/7 1283/374/7 1284/375/7
f 1284/375/7 1285/376/7 1282/373/7
f 1286/393/14 1287/394/14 1288/395/14
f 1288/395/14 1289/396/14 1286/393/14
f 1290/393/11 1291/394/11 1292/395/11
f 1292/395/11 1293/396/11 1290/393/11
f 1294/237/11 1295/239/11 1296/238/11
f 1295/239/11 1294/237/11 1297/240/11
f 1298/241/11 1299/243/11 1300/242/11
f 1299/243/11 1298/241/11 1301/244/11
f 1301/244/11 1302/245/11 1299/243/11
f 1302/245/11 1301/244/11 1303/246/11
f 1304/247/11 1296/238/11 1305/248/11
f 1296/238/11 1304/247/11 1294/237/11
f 1297/240/11 1306/413/11 1295/239/11
f 1306/413/11 1297/240/11 1307/414/11
f 1307/414/11 1308/415/11 1306/413/11
f 1308/415/11 1307/414/11 1309/416/11
f 1309/416/11 1310/417/11 1308/415/11
f 1310/417/11 1309/416/11 1311/418/11
f 1311/418/11 1300/242/11 1310/417/11
f 1300/242/11 1311/418/11 1298/241/11
f 1303/246/11 1312/443/11 1302/245/11
f 1312/443/11 1303/246/11 1313/444/11
f 1313/444/11 1314/445/11 1312/443/11
f 1314/445/11 1313/444/11 1315/446/11
f 1315/446/11 1316/447/11 1314/445/11
f 1316/447/11 1315/446/11 1317/448/11
f 1317/448/11 1305/248/11 1316/447/11
f 1305/248/11 1317/448/11 1304/247/11
o defaultMaterial.002
v 2.076066 0.998778 -3.171503
v 1.869561 0.998778 -3.145907
v 1.165905 0.998778 -3.145908
v 0.894871 0.998777 -3.171503
v 0.894870 1.027499 -3.145908
v 2.076066 1.027499 -3.145907
v 2.076066 1.062667 -3.145907
v 0.894870 1.062666 -3.145908
v 0.894870 1.027499 -3.145908
v 0.894871 1.068783 -3.171503
v 0.894871 0.998777 -3.171503
v 1.984110 0.998778 -3.145907
v 1.054331 0.998778 -3.145908
v 0.894870 1.027499 -3.145908
v 1.286587 1.027499 -3.046606
v 1.357324 1.027499 -3.074029
v 2.076066 0.998778 -3.145907
v 2.076066 1.027499 -3.145907
v 1.685422 1.027499 -3.046606
v 1.715613 1.027499 -3.021385
v 2.076066 0.998778 -3.145907
v 2.076066 0.998778 -3.171503
v 2.076066 1.027499 -3.145907
v 2.076066 1.068783 -3.171503
v 2.076066 1.062667 -3.145907
v 0.894870 0.998777 -3.145908
v 0.894870 0.998777 -3.145908
v 1.253420 1.027499 -3.021385
v 0.894871 1.068783 -3.171503
v 0.894870 1.062666 -3.145908
v 2.076066 1.062667 -3.145907
v 2.076066 1.068783 -3.171503
v 1.639489 1.027499 -3.074029
v 0.894870 1.027499 -2.568002
v 1.266649 1.027499 -2.697091
v 1.228397 1.027499 -2.742494
v 0.894870 0.998777 -2.568002
v 0.894870 1.027499 -2.568002
v 1.228397 1.027499 -2.983736
v 2.076066 1.027499 -2.568002
v 1.729569 1.027499 -2.723035
v 1.697302 1.027499 -2.697091
v 1.729569 1.027499 -3.003484
v 1.747961 1.027499 -2.781930
v 2.076066 1.027499 -2.568002
v 2.076066 0.998778 -2.568002
v 1.747961 1.027499 -2.948096
v 1.316173 1.027499 -2.671098
v 1.664905 1.027499 -2.671098
v 1.371970 1.027499 -2.648162
v 2.076066 0.998778 -2.568002
v 2.076066 1.027499 -2.568002
v 0.894870 1.027499 -2.568002
v 0.894870 0.998777 -2.568002
v 1.606319 1.027499 -2.648162
v 0.894870 1.062666 -3.145908
v 0.894871 0.998777 -3.171503
v 0.894871 1.068783 -3.171503
v 2.076066 1.068783 -3.171503
v 2.076066 0.998778 -3.171503
v 1.379586 1.085768 -3.127363
v 1.379586 1.087908 -3.127567
v 1.387432 1.087931 -3.127794
v 1.387432 1.085700 -3.127589
v 1.379586 1.089964 -3.126932
v 1.387432 1.090075 -3.127158
v 1.379586 1.091626 -3.125571
v 1.387432 1.091810 -3.125731
v 1.379586 1.092638 -3.123690
v 1.387432 1.092867 -3.123758
v 1.379586 1.092848 -3.121536
v 1.387432 1.093086 -3.121514
v 1.379586 1.092225 -3.119497
v 1.387432 1.092436 -3.119383
v 1.379586 1.090862 -3.117818
v 1.387432 1.091012 -3.117637
v 1.379586 1.088967 -3.116821
v 1.387432 1.089035 -3.116594
v 1.379586 1.086827 -3.116594
v 1.387432 1.086804 -3.116367
v 1.379586 1.084770 -3.117229
v 1.387432 1.084659 -3.117024
v 1.379586 1.083108 -3.118589
v 1.387432 1.082925 -3.118431
v 1.379586 1.082096 -3.120494
v 1.387432 1.081869 -3.120403
v 1.379586 1.081887 -3.122625
v 1.387432 1.081649 -3.122647
v 1.379586 1.081887 -3.122625
v 1.379586 1.082510 -3.124687
v 1.387432 1.082299 -3.124801
v 1.387432 1.081649 -3.122647
v 1.387432 1.083723 -3.126524
v 1.379586 1.083873 -3.126343
v 1.396486 1.080689 -3.122738
v 1.396486 1.081452 -3.125254
v 1.396486 1.080948 -3.120130
v 1.396486 1.080689 -3.122738
v 1.396486 1.082182 -3.117818
v 1.396486 1.084204 -3.116163
v 1.396486 1.086709 -3.115415
v 1.396486 1.089316 -3.115664
v 1.396486 1.091624 -3.116889
v 1.396486 1.093283 -3.118930
v 1.396486 1.094043 -3.121423
v 1.396486 1.093787 -3.124030
v 1.396486 1.092553 -3.126343
v 1.396486 1.090529 -3.127998
v 1.396486 1.088026 -3.128768
v 1.396486 1.085421 -3.128497
v 1.396486 1.083111 -3.127272
v 1.402521 1.085421 -3.128497
v 1.402521 1.083111 -3.127272
v 1.415196 1.083549 -3.124121
v 1.402521 1.081452 -3.125254
v 1.415196 1.084618 -3.125436
v 1.402521 1.088026 -3.128768
v 1.402521 1.090529 -3.127998
v 1.402521 1.092553 -3.126343
v 1.402521 1.093787 -3.124030
v 1.402521 1.094043 -3.121423
v 1.402521 1.093283 -3.118930
v 1.402521 1.091624 -3.116889
v 1.402521 1.089316 -3.115664
v 1.402521 1.086709 -3.115415
v 1.402521 1.084204 -3.116163
v 1.402521 1.082182 -3.117818
v 1.402521 1.080948 -3.120130
v 1.402521 1.080689 -3.122738
v 1.402521 1.080689 -3.122738
v 1.415196 1.083056 -3.122511
v 1.415196 1.083222 -3.120833
v 1.415196 1.083056 -3.122511
v 1.415196 1.084020 -3.119337
v 1.415196 1.085326 -3.118272
v 1.415196 1.086942 -3.117773
v 1.415196 1.088624 -3.117932
v 1.415196 1.090117 -3.118725
v 1.415196 1.091189 -3.120040
v 1.415196 1.091678 -3.121650
v 1.415196 1.091513 -3.123350
v 1.415196 1.090715 -3.124824
v 1.415196 1.089409 -3.125912
v 1.415196 1.087792 -3.126388
v 1.415196 1.086111 -3.126229
v 1.429681 1.087711 -3.125550
v 1.429681 1.086354 -3.125436
v 1.429681 1.089015 -3.125163
v 1.429681 1.090069 -3.124302
v 1.429681 1.090710 -3.123101
v 1.429681 1.090844 -3.121741
v 1.429681 1.090448 -3.120426
v 1.429681 1.089584 -3.119383
v 1.429681 1.088382 -3.118748
v 1.429681 1.087024 -3.118611
v 1.429681 1.085721 -3.118998
v 1.429681 1.084667 -3.119859
v 1.429681 1.084025 -3.121060
v 1.429681 1.083891 -3.122420
v 1.429681 1.084285 -3.123736
v 1.429681 1.083891 -3.122420
v 1.429681 1.085152 -3.124778
v 1.377777 1.084757 -3.125254
v 1.379586 1.083873 -3.126343
v 1.379586 1.082510 -3.124687
v 1.377777 1.083738 -3.124030
v 1.377777 1.086174 -3.126026
v 1.379586 1.085768 -3.127363
v 1.377777 1.089976 -3.118906
v 1.379586 1.090862 -3.117818
v 1.379586 1.092225 -3.119497
v 1.377777 1.090996 -3.120154
v 1.379586 1.081887 -3.122625
v 1.377777 1.083274 -3.122488
v 1.379586 1.092848 -3.121536
v 1.377777 1.091460 -3.121672
v 1.379586 1.082096 -3.120494
v 1.377777 1.083431 -3.120879
v 1.379586 1.092638 -3.123690
v 1.377777 1.091305 -3.123282
v 1.379586 1.083108 -3.118589
v 1.377777 1.084188 -3.119473
v 1.379586 1.091626 -3.125571
v 1.377777 1.090547 -3.124687
v 1.379586 1.084770 -3.117229
v 1.377777 1.085428 -3.118453
v 1.379586 1.089964 -3.126932
v 1.377777 1.089307 -3.125708
v 1.379586 1.086827 -3.116594
v 1.377777 1.086965 -3.117977
v 1.379586 1.087908 -3.127567
v 1.377777 1.087770 -3.126184
v 1.379586 1.088967 -3.116821
v 1.377777 1.088561 -3.118135
v 1.446728 1.039345 -3.118544
v 1.446728 1.032400 -3.118544
v 1.447176 1.032400 -3.123077
v 1.447176 1.039345 -3.123077
v 1.444574 1.039345 -3.114508
v 1.444574 1.032400 -3.114508
v 1.441043 1.039345 -3.111606
v 1.441043 1.032400 -3.111606
v 1.436671 1.039345 -3.110291
v 1.436671 1.032400 -3.110291
v 1.432125 1.039345 -3.110722
v 1.432125 1.032400 -3.110722
v 1.428096 1.039345 -3.112877
v 1.428096 1.032400 -3.112877
v 1.425198 1.039345 -3.116413
v 1.425198 1.032400 -3.116413
v 1.423872 1.039345 -3.120788
v 1.423872 1.032400 -3.120788
v 1.424320 1.039345 -3.125345
v 1.424320 1.032400 -3.125345
v 1.426473 1.039345 -3.129358
v 1.426473 1.032400 -3.129358
v 1.430004 1.039345 -3.132260
v 1.430004 1.032400 -3.132260
v 1.434376 1.039345 -3.133597
v 1.434376 1.032400 -3.133597
v 1.438923 1.039345 -3.133144
v 1.438923 1.032400 -3.133144
v 1.434376 1.032400 -3.133597
v 1.434376 1.039345 -3.133597
v 1.442951 1.039345 -3.130990
v 1.442951 1.032400 -3.130990
v 1.445849 1.039345 -3.127453
v 1.446786 1.043908 -3.127952
v 1.448231 1.043908 -3.123191
v 1.447743 1.043908 -3.118226
v 1.445395 1.043908 -3.113829
v 1.441543 1.043908 -3.110677
v 1.436775 1.043908 -3.109226
v 1.431817 1.043908 -3.109725
v 1.427423 1.043908 -3.112060
v 1.424262 1.043908 -3.115914
v 1.422815 1.043908 -3.120675
v 1.423304 1.043908 -3.125639
v 1.425653 1.043908 -3.130038
v 1.429505 1.043908 -3.133190
v 1.434272 1.043908 -3.134640
v 1.434272 1.043908 -3.134640
v 1.439231 1.043908 -3.134165
v 1.443625 1.043908 -3.131806
v 1.446786 1.052242 -3.127952
v 1.443625 1.052242 -3.131806
v 1.448231 1.052242 -3.123191
v 1.447743 1.052242 -3.118226
v 1.445395 1.052242 -3.113829
v 1.441543 1.052242 -3.110677
v 1.436775 1.052242 -3.109226
v 1.431817 1.052242 -3.109725
v 1.427423 1.052242 -3.112060
v 1.424262 1.052242 -3.115914
v 1.422815 1.052242 -3.120675
v 1.423304 1.052242 -3.125639
v 1.425653 1.052242 -3.130038
v 1.429505 1.052242 -3.133190
v 1.434272 1.052242 -3.134640
v 1.439231 1.052242 -3.134165
v 1.434272 1.052242 -3.134640
v 1.443708 1.062956 -3.126320
v 1.444760 1.062956 -3.122852
v 1.444404 1.062956 -3.119246
v 1.442698 1.062956 -3.116050
v 1.439899 1.062956 -3.113760
v 1.436434 1.062956 -3.112695
v 1.432830 1.062956 -3.113057
v 1.429637 1.062956 -3.114758
v 1.427339 1.062956 -3.117569
v 1.426288 1.062956 -3.121038
v 1.426643 1.062956 -3.124643
v 1.428350 1.062956 -3.127816
v 1.431149 1.062956 -3.130129
v 1.434614 1.062956 -3.131171
v 1.434614 1.062956 -3.131171
v 1.438218 1.062956 -3.130809
v 1.441411 1.062956 -3.129109
v 1.442709 1.079427 -3.125775
v 1.443632 1.079427 -3.122738
v 1.443321 1.079427 -3.119564
v 1.441822 1.079427 -3.116775
v 1.439365 1.079427 -3.114758
v 1.436322 1.079427 -3.113829
v 1.433158 1.079427 -3.114146
v 1.430355 1.079427 -3.115642
v 1.428337 1.079427 -3.118090
v 1.427415 1.079427 -3.121129
v 1.427726 1.079427 -3.124302
v 1.429225 1.079427 -3.127114
v 1.431683 1.079427 -3.129130
v 1.434726 1.079427 -3.130038
v 1.434726 1.079427 -3.130038
v 1.437889 1.079427 -3.129744
v 1.440693 1.079427 -3.128247
v 1.443654 1.086371 -3.126274
v 1.444698 1.086371 -3.122852
v 1.444345 1.086371 -3.119270
v 1.442650 1.086371 -3.116095
v 1.439870 1.086371 -3.113805
v 1.436427 1.086371 -3.112763
v 1.432847 1.086371 -3.113126
v 1.429675 1.086371 -3.114803
v 1.427394 1.086371 -3.117592
v 1.426350 1.086371 -3.121038
v 1.426702 1.086371 -3.124620
v 1.428398 1.086371 -3.127794
v 1.431178 1.086371 -3.130061
v 1.434620 1.086371 -3.131104
v 1.434620 1.086371 -3.131104
v 1.438200 1.086371 -3.130764
v 1.441372 1.086371 -3.129063
v 1.443654 1.088158 -3.126274
v 1.441372 1.088158 -3.129063
v 1.444698 1.088158 -3.122852
v 1.444345 1.088158 -3.119270
v 1.442650 1.088158 -3.116095
v 1.439870 1.088158 -3.113805
v 1.436427 1.088158 -3.112763
v 1.432847 1.088158 -3.113126
v 1.429675 1.088158 -3.114803
v 1.427394 1.088158 -3.117592
v 1.426350 1.088158 -3.121038
v 1.426702 1.088158 -3.124620
v 1.428398 1.088158 -3.127794
v 1.431178 1.088158 -3.130061
v 1.434620 1.088158 -3.131104
v 1.438200 1.088158 -3.130764
v 1.434620 1.088158 -3.131104
v 1.442025 1.095698 -3.125413
v 1.442860 1.095698 -3.122670
v 1.442577 1.095698 -3.119791
v 1.441222 1.095698 -3.117251
v 1.438999 1.095698 -3.115438
v 1.436246 1.095698 -3.114599
v 1.433384 1.095698 -3.114894
v 1.430847 1.095698 -3.116231
v 1.429023 1.095698 -3.118453
v 1.428187 1.095698 -3.121219
v 1.428469 1.095698 -3.124075
v 1.429825 1.095698 -3.126615
v 1.432049 1.095698 -3.128428
v 1.434801 1.095698 -3.129267
v 1.434801 1.095698 -3.129267
v 1.437663 1.095698 -3.128995
v 1.440200 1.095698 -3.127635
v 1.442025 1.099269 -3.125413
v 1.440200 1.099269 -3.127635
v 1.442860 1.099269 -3.122670
v 1.442577 1.099269 -3.119791
v 1.441222 1.099269 -3.117251
v 1.438999 1.099269 -3.115438
v 1.436246 1.099269 -3.114599
v 1.433384 1.099269 -3.114894
v 1.430847 1.099269 -3.116231
v 1.429023 1.099269 -3.118453
v 1.428187 1.099269 -3.121219
v 1.428469 1.099269 -3.124075
v 1.429825 1.099269 -3.126615
v 1.432049 1.099269 -3.128428
v 1.434801 1.099269 -3.129267
v 1.437663 1.099269 -3.128995
v 1.434801 1.099269 -3.129267
v 1.440632 1.100856 -3.124664
v 1.442025 1.099269 -3.125413
v 1.440200 1.099269 -3.127635
v 1.439198 1.100856 -3.126411
v 1.441288 1.100856 -3.122511
v 1.442860 1.099269 -3.122670
v 1.441067 1.100856 -3.120267
v 1.442577 1.099269 -3.119791
v 1.440001 1.100856 -3.118272
v 1.441222 1.099269 -3.117251
v 1.438254 1.100856 -3.116821
v 1.438999 1.099269 -3.115438
v 1.436091 1.100856 -3.116163
v 1.436246 1.099269 -3.114599
v 1.433843 1.100856 -3.116390
v 1.433384 1.099269 -3.114894
v 1.431849 1.100856 -3.117455
v 1.430847 1.099269 -3.116231
v 1.430416 1.100856 -3.119201
v 1.429023 1.099269 -3.118453
v 1.429759 1.100856 -3.121378
v 1.428187 1.099269 -3.121219
v 1.429981 1.100856 -3.123622
v 1.428469 1.099269 -3.124075
v 1.431047 1.100856 -3.125617
v 1.429825 1.099269 -3.126615
v 1.432793 1.100856 -3.127046
v 1.432049 1.099269 -3.128428
v 1.434956 1.100856 -3.127703
v 1.434801 1.099269 -3.129267
v 1.437205 1.100856 -3.127476
v 1.437663 1.099269 -3.128995
v 1.445849 1.032400 -3.127453
v 1.597903 1.087931 -3.127794
v 1.605750 1.087908 -3.127567
v 1.605750 1.085768 -3.127363
v 1.597903 1.085700 -3.127589
v 1.597903 1.090075 -3.127158
v 1.605750 1.089964 -3.126932
v 1.597903 1.091810 -3.125731
v 1.605750 1.091626 -3.125571
v 1.597903 1.092867 -3.123758
v 1.605750 1.092638 -3.123690
v 1.597903 1.093086 -3.121514
v 1.605750 1.092848 -3.121536
v 1.597903 1.092436 -3.119383
v 1.605750 1.092225 -3.119497
v 1.597903 1.091012 -3.117637
v 1.605750 1.090862 -3.117818
v 1.597903 1.089035 -3.116594
v 1.605750 1.088967 -3.116821
v 1.597903 1.086804 -3.116367
v 1.605750 1.086827 -3.116594
v 1.597903 1.084659 -3.117024
v 1.605750 1.084770 -3.117229
v 1.597903 1.082925 -3.118431
v 1.605750 1.083108 -3.118589
v 1.597903 1.081869 -3.120403
v 1.605750 1.082096 -3.120494
v 1.597903 1.081649 -3.122647
v 1.605750 1.081887 -3.122625
v 1.597903 1.082299 -3.124801
v 1.605750 1.082510 -3.124687
v 1.605750 1.081887 -3.122625
v 1.597903 1.081649 -3.122647
v 1.597903 1.083723 -3.126524
v 1.605750 1.083873 -3.126343
v 1.588850 1.080689 -3.122738
v 1.588850 1.081452 -3.125254
v 1.588850 1.080948 -3.120130
v 1.588850 1.080689 -3.122738
v 1.588850 1.082182 -3.117818
v 1.588850 1.084204 -3.116163
v 1.588850 1.086709 -3.115415
v 1.588850 1.089316 -3.115664
v 1.588850 1.091624 -3.116889
v 1.588850 1.093283 -3.118930
v 1.588850 1.094043 -3.121423
v 1.588850 1.093787 -3.124030
v 1.588850 1.092553 -3.126343
v 1.588850 1.090529 -3.127998
v 1.588850 1.088026 -3.128768
v 1.588850 1.085421 -3.128497
v 1.588850 1.083111 -3.127272
v 1.582814 1.085421 -3.128497
v 1.582814 1.083111 -3.127272
v 1.582814 1.081452 -3.125254
v 1.570140 1.083549 -3.124121
v 1.570140 1.084618 -3.125436
v 1.582814 1.088026 -3.128768
v 1.582814 1.090529 -3.127998
v 1.582814 1.092553 -3.126343
v 1.582814 1.093787 -3.124030
v 1.582814 1.094043 -3.121423
v 1.582814 1.093283 -3.118930
v 1.582814 1.091624 -3.116889
v 1.582814 1.089316 -3.115664
v 1.582814 1.086709 -3.115415
v 1.582814 1.084204 -3.116163
v 1.582814 1.082182 -3.117818
v 1.582814 1.080948 -3.120130
v 1.582814 1.080689 -3.122738
v 1.582814 1.080689 -3.122738
v 1.570140 1.083056 -3.122511
v 1.570140 1.083222 -3.120833
v 1.570140 1.083056 -3.122511
v 1.570140 1.084020 -3.119337
v 1.570140 1.085326 -3.118272
v 1.570140 1.086942 -3.117773
v 1.570140 1.088624 -3.117932
v 1.570140 1.090117 -3.118725
v 1.570140 1.091189 -3.120040
v 1.570140 1.091678 -3.121650
v 1.570140 1.091513 -3.123350
v 1.570140 1.090715 -3.124824
v 1.570140 1.089409 -3.125912
v 1.570140 1.087792 -3.126388
v 1.570140 1.086111 -3.126229
v 1.555654 1.087711 -3.125550
v 1.555654 1.086354 -3.125436
v 1.555654 1.089015 -3.125163
v 1.555654 1.090069 -3.124302
v 1.555654 1.090710 -3.123101
v 1.555654 1.090844 -3.121741
v 1.555654 1.090448 -3.120426
v 1.555654 1.089584 -3.119383
v 1.555654 1.088382 -3.118748
v 1.555654 1.087024 -3.118611
v 1.555654 1.085721 -3.118998
v 1.555654 1.084667 -3.119859
v 1.555654 1.084025 -3.121060
v 1.555654 1.083891 -3.122420
v 1.555654 1.084285 -3.123736
v 1.555654 1.083891 -3.122420
v 1.555654 1.085152 -3.124778
v 1.605750 1.082510 -3.124687
v 1.605750 1.083873 -3.126343
v 1.607559 1.084757 -3.125254
v 1.607559 1.083738 -3.124030
v 1.605750 1.085768 -3.127363
v 1.607559 1.086174 -3.126026
v 1.605750 1.092225 -3.119497
v 1.605750 1.090862 -3.117818
v 1.607559 1.089976 -3.118906
v 1.607559 1.090996 -3.120154
v 1.605750 1.081887 -3.122625
v 1.607559 1.083274 -3.122488
v 1.605750 1.092848 -3.121536
v 1.607559 1.091460 -3.121672
v 1.605750 1.082096 -3.120494
v 1.607559 1.083431 -3.120879
v 1.605750 1.092638 -3.123690
v 1.607559 1.091305 -3.123282
v 1.605750 1.083108 -3.118589
v 1.607559 1.084188 -3.119473
v 1.605750 1.091626 -3.125571
v 1.607559 1.090547 -3.124687
v 1.605750 1.084770 -3.117229
v 1.607559 1.085428 -3.118453
v 1.605750 1.089964 -3.126932
v 1.607559 1.089307 -3.125708
v 1.605750 1.086827 -3.116594
v 1.607559 1.086965 -3.117977
v 1.605750 1.087908 -3.127567
v 1.607559 1.087770 -3.126184
v 1.605750 1.088967 -3.116821
v 1.607559 1.088561 -3.118135
v 1.538160 1.032400 -3.123077
v 1.538608 1.032400 -3.118544
v 1.538608 1.039345 -3.118544
v 1.538160 1.039345 -3.123077
v 1.540762 1.032400 -3.114508
v 1.540762 1.039345 -3.114508
v 1.544292 1.039345 -3.111606
v 1.544292 1.032400 -3.111606
v 1.548664 1.032400 -3.110291
v 1.548664 1.039345 -3.110291
v 1.553210 1.032400 -3.110722
v 1.553210 1.039345 -3.110722
v 1.557239 1.039345 -3.112877
v 1.557239 1.032400 -3.112877
v 1.560138 1.032400 -3.116413
v 1.560138 1.039345 -3.116413
v 1.561464 1.039345 -3.120788
v 1.561464 1.032400 -3.120788
v 1.561016 1.032400 -3.125345
v 1.561016 1.039345 -3.125345
v 1.558862 1.032400 -3.129358
v 1.558862 1.039345 -3.129358
v 1.555331 1.032400 -3.132260
v 1.555331 1.039345 -3.132260
v 1.550959 1.032400 -3.133597
v 1.550959 1.039345 -3.133597
v 1.550959 1.032400 -3.133597
v 1.546413 1.032400 -3.133144
v 1.546413 1.039345 -3.133144
v 1.550959 1.039345 -3.133597
v 1.542384 1.032400 -3.130990
v 1.542384 1.039345 -3.130990
v 1.537104 1.043908 -3.123191
v 1.538549 1.043908 -3.127952
v 1.539486 1.039345 -3.127453
v 1.537592 1.043908 -3.118226
v 1.539941 1.043908 -3.113829
v 1.543793 1.043908 -3.110677
v 1.548560 1.043908 -3.109226
v 1.553519 1.043908 -3.109725
v 1.557912 1.043908 -3.112060
v 1.561074 1.043908 -3.115914
v 1.562519 1.043908 -3.120675
v 1.562031 1.043908 -3.125639
v 1.559683 1.043908 -3.130038
v 1.555832 1.043908 -3.133190
v 1.551063 1.043908 -3.134640
v 1.551063 1.043908 -3.134640
v 1.546104 1.043908 -3.134165
v 1.541711 1.043908 -3.131806
v 1.538549 1.052242 -3.127952
v 1.541711 1.052242 -3.131806
v 1.537104 1.052242 -3.123191
v 1.537592 1.052242 -3.118226
v 1.539941 1.052242 -3.113829
v 1.543792 1.052242 -3.110677
v 1.548560 1.052242 -3.109226
v 1.553519 1.052242 -3.109725
v 1.557912 1.052242 -3.112060
v 1.561074 1.052242 -3.115914
v 1.562519 1.052242 -3.120675
v 1.562031 1.052242 -3.125639
v 1.559683 1.052242 -3.130038
v 1.555832 1.052242 -3.133190
v 1.551063 1.052242 -3.134640
v 1.546104 1.052242 -3.134165
v 1.551063 1.052242 -3.134640
v 1.540576 1.062956 -3.122852
v 1.541627 1.062956 -3.126320
v 1.540931 1.062956 -3.119246
v 1.542638 1.062956 -3.116050
v 1.545437 1.062956 -3.113760
v 1.548902 1.062956 -3.112695
v 1.552506 1.062956 -3.113057
v 1.555699 1.062956 -3.114758
v 1.557997 1.062956 -3.117569
v 1.559047 1.062956 -3.121038
v 1.558692 1.062956 -3.124643
v 1.556985 1.062956 -3.127816
v 1.554187 1.062956 -3.130129
v 1.550722 1.062956 -3.131171
v 1.550722 1.062956 -3.131171
v 1.547118 1.062956 -3.130809
v 1.543925 1.062956 -3.129109
v 1.541703 1.079427 -3.122738
v 1.542626 1.079427 -3.125775
v 1.542014 1.079427 -3.119564
v 1.543513 1.079427 -3.116775
v 1.545971 1.079427 -3.114758
v 1.549013 1.079427 -3.113829
v 1.552177 1.079427 -3.114146
v 1.554981 1.079427 -3.115642
v 1.556997 1.079427 -3.118090
v 1.557920 1.079427 -3.121129
v 1.557609 1.079427 -3.124302
v 1.556110 1.079427 -3.127114
v 1.553653 1.079427 -3.129130
v 1.550611 1.079427 -3.130038
v 1.550611 1.079427 -3.130038
v 1.547446 1.079427 -3.129744
v 1.544643 1.079427 -3.128247
v 1.540638 1.086371 -3.122852
v 1.541682 1.086371 -3.126274
v 1.540990 1.086371 -3.119270
v 1.542686 1.086371 -3.116095
v 1.545466 1.086371 -3.113805
v 1.548908 1.086371 -3.112763
v 1.552488 1.086371 -3.113126
v 1.555660 1.086371 -3.114803
v 1.557942 1.086371 -3.117592
v 1.558986 1.086371 -3.121038
v 1.558633 1.086371 -3.124620
v 1.556937 1.086371 -3.127794
v 1.554157 1.086371 -3.130061
v 1.550715 1.086371 -3.131104
v 1.550715 1.086371 -3.131104
v 1.547136 1.086371 -3.130764
v 1.543963 1.086371 -3.129063
v 1.541682 1.088158 -3.126274
v 1.543963 1.088158 -3.129063
v 1.540638 1.088158 -3.122852
v 1.540990 1.088158 -3.119270
v 1.542686 1.088158 -3.116095
v 1.545466 1.088158 -3.113805
v 1.548908 1.088158 -3.112763
v 1.552488 1.088158 -3.113126
v 1.555660 1.088158 -3.114803
v 1.557942 1.088158 -3.117592
v 1.558986 1.088158 -3.121038
v 1.558633 1.088158 -3.124620
v 1.556937 1.088158 -3.127794
v 1.554157 1.088158 -3.130061
v 1.550715 1.088158 -3.131104
v 1.547136 1.088158 -3.130764
v 1.550715 1.088158 -3.131104
v 1.542475 1.095698 -3.122670
v 1.543311 1.095698 -3.125413
v 1.542758 1.095698 -3.119791
v 1.544114 1.095698 -3.117251
v 1.546337 1.095698 -3.115438
v 1.549089 1.095698 -3.114599
v 1.551951 1.095698 -3.114894
v 1.554489 1.095698 -3.116231
v 1.556313 1.095698 -3.118453
v 1.557147 1.095698 -3.121219
v 1.556866 1.095698 -3.124075
v 1.555510 1.095698 -3.126615
v 1.553287 1.095698 -3.128428
v 1.550534 1.095698 -3.129267
v 1.550534 1.095698 -3.129267
v 1.547672 1.095698 -3.128995
v 1.545135 1.095698 -3.127635
v 1.543311 1.099269 -3.125413
v 1.545135 1.099269 -3.127635
v 1.542475 1.099269 -3.122670
v 1.542758 1.099269 -3.119791
v 1.544114 1.099269 -3.117251
v 1.546337 1.099269 -3.115438
v 1.549089 1.099269 -3.114599
v 1.551951 1.099269 -3.114894
v 1.554489 1.099269 -3.116231
v 1.556313 1.099269 -3.118453
v 1.557147 1.099269 -3.121219
v 1.556866 1.099269 -3.124075
v 1.555510 1.099269 -3.126615
v 1.553287 1.099269 -3.128428
v 1.550534 1.099269 -3.129267
v 1.547672 1.099269 -3.128995
v 1.550534 1.099269 -3.129267
v 1.545135 1.099269 -3.127635
v 1.543311 1.099269 -3.125413
v 1.544704 1.100856 -3.124664
v 1.546137 1.100856 -3.126411
v 1.544047 1.100856 -3.122511
v 1.542475 1.099269 -3.122670
v 1.542758 1.099269 -3.119791
v 1.544269 1.100856 -3.120267
v 1.544114 1.099269 -3.117251
v 1.545334 1.100856 -3.118272
v 1.547082 1.100856 -3.116821
v 1.546337 1.099269 -3.115438
v 1.549089 1.099269 -3.114599
v 1.549245 1.100856 -3.116163
v 1.551951 1.099269 -3.114894
v 1.551493 1.100856 -3.116390
v 1.553486 1.100856 -3.117455
v 1.554489 1.099269 -3.116231
v 1.556313 1.099269 -3.118453
v 1.554920 1.100856 -3.119201
v 1.555576 1.100856 -3.121378
v 1.557147 1.099269 -3.121219
v 1.556866 1.099269 -3.124075
v 1.555354 1.100856 -3.123622
v 1.555510 1.099269 -3.126615
v 1.554289 1.100856 -3.125617
v 1.553287 1.099269 -3.128428
v 1.552542 1.100856 -3.127046
v 1.550534 1.099269 -3.129267
v 1.550379 1.100856 -3.127703
v 1.547672 1.099269 -3.128995
v 1.548130 1.100856 -3.127476
v 1.539486 1.032400 -3.127453
v 1.479924 1.088907 -2.968446
v 1.478917 1.091733 -2.964048
v 1.478917 1.095435 -2.967492
v 1.479924 1.091995 -2.971409
v 1.478917 1.086933 -2.961493
v 1.479924 1.084846 -2.966254
v 1.479924 1.094555 -2.959652
v 1.479924 1.089021 -2.956734
v 1.479924 1.098872 -2.963572
v 1.482944 1.096931 -2.955948
v 1.482944 1.101767 -2.960274
v 1.482944 1.090781 -2.952726
v 1.487389 1.098548 -2.953431
v 1.487389 1.091976 -2.950003
v 1.487389 1.103735 -2.958028
v 1.492668 1.033111 -3.136318
v 1.492668 1.042970 -3.133893
v 1.497947 1.042874 -3.132894
v 1.497947 1.033111 -3.135320
v 1.487389 1.042874 -3.132894
v 1.487389 1.033111 -3.135320
v 1.492668 1.053154 -3.130446
v 1.487389 1.052952 -3.129471
v 1.497947 1.052952 -3.129471
v 1.492668 1.099084 -2.952592
v 1.492668 1.104390 -2.957283
v 1.492668 1.092374 -2.949094
v 1.497947 1.098548 -2.953431
v 1.497947 1.091976 -2.950003
v 1.497947 1.103735 -2.958028
v 1.506419 1.033111 -3.122556
v 1.506419 1.041664 -3.120267
v 1.505412 1.041163 -3.115052
v 1.505412 1.033111 -3.117297
v 1.505412 1.042165 -3.125504
v 1.505412 1.033111 -3.127839
v 1.506419 1.050374 -3.117093
v 1.505412 1.051442 -3.122216
v 1.505412 1.049306 -3.111969
v 1.497947 1.084915 -2.974664
v 1.492668 1.084379 -2.975503
v 1.492668 1.086478 -2.977700
v 1.497947 1.087135 -2.976952
v 1.492668 1.081494 -2.973892
v 1.497947 1.081891 -2.972985
v 1.487389 1.084915 -2.974664
v 1.487389 1.081891 -2.972985
v 1.487389 1.087135 -2.976952
v 1.502391 1.033111 -3.132282
v 1.502391 1.042586 -3.129902
v 1.502391 1.052340 -3.126524
v 1.505412 1.088907 -2.968446
v 1.502391 1.086532 -2.972148
v 1.502391 1.089103 -2.974710
v 1.505412 1.091995 -2.971409
v 1.502391 1.083086 -2.970260
v 1.505412 1.084846 -2.966254
v 1.505412 1.094555 -2.959652
v 1.506419 1.091733 -2.964048
v 1.506419 1.095435 -2.967492
v 1.505412 1.098872 -2.963572
v 1.506419 1.086933 -2.961493
v 1.505412 1.089021 -2.956734
v 1.502391 1.096931 -2.955948
v 1.502391 1.101767 -2.960274
v 1.502391 1.090781 -2.952726
v 1.487389 1.084915 -2.974664
v 1.482944 1.086532 -2.972148
v 1.482944 1.089103 -2.974710
v 1.487389 1.087135 -2.976952
v 1.482944 1.083086 -2.970260
v 1.487389 1.081891 -2.972985
v 1.492668 1.099377 -3.088437
v 1.492668 1.108350 -3.066396
v 1.497947 1.107410 -3.066108
v 1.497947 1.098530 -3.087938
v 1.487389 1.107410 -3.066108
v 1.487389 1.098530 -3.087938
v 1.492668 1.113823 -3.038704
v 1.487389 1.112851 -3.038640
v 1.497947 1.112851 -3.038640
v 1.482944 1.095993 -3.086485
v 1.482944 1.104583 -3.065247
v 1.479924 1.100425 -3.063977
v 1.479924 1.092256 -3.084333
v 1.482944 1.109936 -3.038447
v 1.479924 1.105644 -3.038162
v 1.482944 1.073326 -2.949530
v 1.482944 1.082567 -2.950804
v 1.479924 1.081608 -2.955045
v 1.479924 1.073251 -2.953973
v 1.487389 1.083220 -2.947920
v 1.487389 1.073376 -2.946508
v 1.478917 1.073166 -2.959251
v 1.478917 1.080468 -2.960085
v 1.479924 1.079325 -2.965125
v 1.479924 1.073079 -2.964529
v 1.482944 1.073004 -2.968972
v 1.482944 1.078366 -2.969366
v 1.487389 1.077714 -2.972250
v 1.487389 1.072955 -2.971992
v 1.492668 1.072939 -2.972998
v 1.492668 1.077496 -2.973214
v 1.497947 1.077714 -2.972250
v 1.497947 1.072955 -2.971992
v 1.487389 1.077714 -2.972250
v 1.487389 1.072955 -2.971992
v 1.502391 1.073004 -2.968972
v 1.502391 1.078366 -2.969366
v 1.505412 1.079325 -2.965125
v 1.505412 1.073079 -2.964529
v 1.506419 1.080468 -2.960085
v 1.505412 1.081608 -2.955045
v 1.506419 1.073166 -2.959251
v 1.505412 1.073251 -2.953973
v 1.502391 1.073326 -2.949530
v 1.502391 1.082567 -2.950804
v 1.497947 1.083220 -2.947917
v 1.497947 1.073376 -2.946508
v 1.492668 1.083438 -2.946959
v 1.492668 1.073392 -2.945501
v 1.487389 1.040455 -3.107639
v 1.492668 1.040358 -3.106642
v 1.492668 1.047592 -3.103740
v 1.487389 1.047797 -3.104715
v 1.492668 1.033111 -3.108818
v 1.487389 1.033111 -3.109816
v 1.497947 1.040455 -3.107639
v 1.497947 1.033111 -3.109816
v 1.497947 1.047797 -3.104715
v 1.487389 1.055135 -3.100293
v 1.492668 1.054799 -3.099342
v 1.492668 1.062016 -3.093470
v 1.487389 1.062513 -3.094309
v 1.497947 1.055135 -3.100293
v 1.497947 1.062513 -3.094309
v 1.478917 1.050374 -3.117093
v 1.478917 1.041664 -3.120267
v 1.479924 1.041163 -3.115052
v 1.479924 1.049306 -3.111969
v 1.479924 1.042165 -3.125504
v 1.479924 1.051442 -3.122216
v 1.478917 1.033111 -3.122556
v 1.479924 1.033111 -3.127839
v 1.479924 1.033111 -3.117297
v 1.482944 1.033111 -3.132282
v 1.482944 1.042586 -3.129902
v 1.482944 1.052340 -3.126524
v 1.502391 1.040741 -3.110632
v 1.502391 1.033111 -3.112854
v 1.502391 1.048409 -3.107639
v 1.487389 1.069964 -3.086766
v 1.492668 1.069284 -3.086079
v 1.492668 1.076264 -3.075125
v 1.487389 1.077110 -3.075612
v 1.497947 1.069964 -3.086766
v 1.497947 1.077110 -3.075612
v 1.478917 1.068785 -3.105055
v 1.478917 1.059397 -3.112128
v 1.479924 1.057632 -3.107231
v 1.479924 1.066185 -3.100611
v 1.479924 1.061161 -3.117047
v 1.479924 1.071381 -3.109499
v 1.482944 1.033111 -3.112854
v 1.482944 1.040741 -3.110632
v 1.487389 1.040455 -3.107639
v 1.487389 1.033111 -3.109816
v 1.482944 1.048409 -3.107639
v 1.487389 1.047797 -3.104715
v 1.492668 1.063992 -3.124914
v 1.497947 1.063657 -3.123985
v 1.487389 1.063657 -3.123985
v 1.492668 1.075553 -3.116617
v 1.487389 1.075056 -3.115778
v 1.497947 1.075056 -3.115778
v 1.482944 1.062648 -3.121173
v 1.482944 1.073569 -3.113239
v 1.505412 1.057632 -3.107231
v 1.502391 1.056146 -3.103105
v 1.502391 1.064000 -3.096871
v 1.505412 1.066185 -3.100611
v 1.506419 1.059397 -3.112128
v 1.505412 1.061161 -3.117047
v 1.506419 1.068785 -3.105055
v 1.505412 1.071381 -3.109499
v 1.502391 1.062648 -3.121173
v 1.502391 1.073571 -3.113239
v 1.506419 1.100546 -3.037824
v 1.506419 1.095487 -3.062472
v 1.505412 1.100425 -3.063977
v 1.505412 1.105644 -3.038162
v 1.505412 1.090550 -3.060964
v 1.505412 1.095448 -3.037488
v 1.506419 1.087819 -3.081779
v 1.505412 1.083383 -3.079225
v 1.505412 1.092256 -3.084333
v 1.478917 1.087819 -3.081779
v 1.478917 1.078588 -3.095442
v 1.479924 1.075017 -3.091860
v 1.479924 1.083383 -3.079225
v 1.479924 1.082161 -3.099047
v 1.482944 1.056146 -3.103105
v 1.487389 1.055135 -3.100293
v 1.482944 1.064000 -3.096871
v 1.487389 1.062513 -3.094309
v 1.492668 1.087895 -3.104805
v 1.497947 1.087214 -3.104125
v 1.487389 1.087214 -3.104125
v 1.482944 1.085169 -3.102062
v 1.505412 1.075017 -3.091860
v 1.502391 1.072009 -3.088822
v 1.502391 1.079649 -3.077074
v 1.506419 1.078588 -3.095442
v 1.505412 1.082161 -3.099047
v 1.502391 1.085169 -3.102062
v 1.502391 1.095993 -3.086485
v 1.482944 1.109276 -2.978510
v 1.482944 1.106033 -2.965499
v 1.487389 1.108337 -2.963617
v 1.487389 1.111874 -2.977147
v 1.479924 1.102642 -2.968269
v 1.479924 1.105451 -2.980514
v 1.505412 1.106884 -3.007076
v 1.506419 1.101952 -3.008141
v 1.506419 1.100910 -2.982894
v 1.505412 1.105451 -2.980514
v 1.505412 1.097022 -3.009206
v 1.505412 1.096371 -2.985277
v 1.497947 1.088894 -2.979500
v 1.502391 1.091198 -2.977619
v 1.502391 1.092547 -2.987281
v 1.497947 1.089949 -2.988644
v 1.505412 1.094589 -2.974849
v 1.482944 1.072009 -3.088822
v 1.487389 1.069964 -3.086766
v 1.482944 1.079649 -3.077074
v 1.487389 1.077110 -3.075612
v 1.506419 1.098616 -2.971560
v 1.505412 1.102642 -2.968269
v 1.502391 1.109936 -3.038447
v 1.502391 1.111037 -3.006180
v 1.497947 1.113858 -3.005570
v 1.502391 1.109276 -2.978510
v 1.497947 1.111874 -2.977147
v 1.478917 1.100546 -3.037824
v 1.478917 1.095487 -3.062472
v 1.479924 1.090550 -3.060964
v 1.479924 1.095448 -3.037488
v 1.482944 1.086391 -3.059696
v 1.487389 1.083565 -3.058835
v 1.482944 1.091157 -3.037203
v 1.487389 1.088241 -3.037009
v 1.492668 1.112740 -2.976692
v 1.492668 1.109106 -2.962990
v 1.497947 1.108337 -2.963617
v 1.492668 1.087269 -3.036945
v 1.492668 1.082623 -3.058547
v 1.497947 1.083565 -3.058835
v 1.497947 1.088241 -3.037009
v 1.487389 1.083565 -3.058835
v 1.487389 1.088241 -3.037009
v 1.502391 1.091157 -3.037203
v 1.502391 1.086391 -3.059696
v 1.478917 1.100910 -2.982894
v 1.478917 1.098616 -2.971560
v 1.479924 1.094589 -2.974849
v 1.479924 1.096371 -2.985277
v 1.502391 1.092871 -3.010104
v 1.497947 1.090051 -3.010714
v 1.492668 1.089110 -3.010916
v 1.487389 1.090051 -3.010714
v 1.492668 1.089083 -2.989097
v 1.487389 1.089949 -2.988644
v 1.492668 1.088126 -2.980129
v 1.487389 1.088894 -2.979500
v 1.482944 1.092547 -2.987281
v 1.482944 1.092871 -3.010104
v 1.487389 1.090051 -3.010714
v 1.487389 1.089949 -2.988644
v 1.479924 1.097022 -3.009206
v 1.478917 1.101952 -3.008141
v 1.479924 1.106884 -3.007076
v 1.482944 1.111037 -3.006180
v 1.487389 1.113858 -3.005570
v 1.492668 1.114799 -3.005366
v 1.502391 1.106033 -2.965499
v 1.502391 1.104583 -3.065247
v 1.482944 1.091198 -2.977619
v 1.487389 1.088894 -2.979500
v 1.700349 1.029687 -3.002559
v 1.688766 1.029687 -3.015336
v 1.681859 0.919143 -3.010129
v 1.693038 0.919143 -2.997793
v 1.677143 0.908270 -3.006574
v 1.688048 0.908270 -2.994543
v 1.702956 0.919143 -2.984423
v 1.697722 0.908270 -2.981500
v 1.711515 0.919143 -2.970144
v 1.706069 0.908270 -2.967571
v 1.718631 0.919143 -2.955095
v 1.713013 0.908270 -2.952894
v 1.724240 0.919143 -2.939420
v 1.718483 0.908270 -2.937604
v 1.728284 0.919143 -2.923272
v 1.722428 0.908270 -2.921853
v 1.730728 0.919143 -2.906804
v 1.724811 0.908270 -2.905791
v 1.592421 0.908270 -3.051860
v 1.595001 0.919143 -3.056555
v 1.578534 0.919143 -3.058999
v 1.576360 0.908270 -3.054242
v 1.608173 0.908270 -3.047913
v 1.611150 0.919143 -3.052510
v 1.623463 0.908270 -3.042442
v 1.626823 0.919143 -3.046901
v 1.638140 0.908270 -3.035501
v 1.641872 0.919143 -3.039785
v 1.652069 0.908270 -3.027153
v 1.656152 0.919143 -3.031226
v 1.669523 0.919143 -3.021308
v 1.665111 0.908270 -3.017478
v 1.681859 0.919143 -2.720988
v 1.693038 0.919143 -2.733323
v 1.688048 0.908270 -2.736574
v 1.677143 0.908270 -2.724543
v 1.702956 0.919143 -2.746695
v 1.697722 0.908270 -2.749617
v 1.711515 0.919143 -2.760972
v 1.706069 0.908270 -2.763543
v 1.718631 0.919143 -2.776022
v 1.713013 0.908270 -2.778223
v 1.724240 0.919143 -2.791697
v 1.718483 0.908270 -2.793513
v 1.728284 0.919143 -2.807845
v 1.722428 0.908270 -2.809264
v 1.730728 0.919143 -2.824311
v 1.724811 0.908270 -2.825327
v 1.731544 0.919143 -2.840940
v 1.725606 0.908270 -2.841546
v 1.560141 0.908270 -2.676079
v 1.561906 0.919143 -2.671300
v 1.578533 0.919143 -2.672119
v 1.576359 0.908270 -2.676875
v 1.595001 0.919143 -2.674560
v 1.592421 0.908270 -2.679258
v 1.611150 0.919143 -2.678605
v 1.608173 0.908270 -2.683202
v 1.626825 0.919143 -2.684213
v 1.623463 0.908270 -2.688673
v 1.641873 0.919143 -2.691332
v 1.638142 0.908270 -2.695617
v 1.656152 0.919143 -2.699890
v 1.652069 0.908270 -2.703965
v 1.669523 0.919143 -2.709807
v 1.665111 0.908270 -2.713638
v 1.292177 0.908270 -2.736574
v 1.287187 0.919143 -2.733323
v 1.298367 0.919143 -2.720988
v 1.303081 0.908270 -2.724543
v 1.282503 0.908270 -2.749617
v 1.277270 0.919143 -2.746695
v 1.274156 0.908270 -2.763543
v 1.268711 0.919143 -2.760972
v 1.267213 0.908270 -2.778223
v 1.261594 0.919143 -2.776022
v 1.261743 0.908270 -2.793513
v 1.255985 0.919143 -2.791697
v 1.257797 0.908270 -2.809264
v 1.251941 0.919143 -2.807845
v 1.255414 0.908270 -2.825327
v 1.249498 0.919143 -2.824311
v 1.254617 0.908270 -2.841546
v 1.248681 0.919143 -2.840940
v 1.387804 0.908270 -2.679258
v 1.385225 0.919143 -2.674560
v 1.401692 0.919143 -2.672119
v 1.403866 0.908270 -2.676875
v 1.369076 0.919143 -2.678607
v 1.372053 0.908270 -2.683202
v 1.353402 0.919143 -2.684213
v 1.356763 0.908270 -2.688673
v 1.338353 0.919143 -2.691332
v 1.342084 0.908270 -2.695617
v 1.324074 0.919143 -2.699890
v 1.328157 0.908270 -2.703965
v 1.315114 0.908270 -2.713636
v 1.310702 0.919143 -2.709807
v 1.303082 0.908270 -3.006579
v 1.298368 0.919143 -3.010133
v 1.287187 0.919143 -2.997799
v 1.292177 0.908270 -2.994545
v 1.277270 0.919143 -2.984427
v 1.282503 0.908270 -2.981502
v 1.268711 0.919143 -2.970146
v 1.274156 0.908270 -2.967575
v 1.261595 0.919143 -2.955097
v 1.267213 0.908270 -2.952896
v 1.255986 0.919143 -2.939423
v 1.261743 0.908270 -2.937607
v 1.251941 0.919143 -2.923274
v 1.257797 0.908270 -2.921855
v 1.249498 0.919143 -2.906808
v 1.255415 0.908270 -2.905793
v 1.418319 0.919143 -3.059820
v 1.401692 0.919143 -3.059001
v 1.403866 0.908270 -3.054245
v 1.420084 0.908270 -3.055042
v 1.385224 0.919143 -3.056559
v 1.387804 0.908270 -3.051862
v 1.369076 0.919143 -3.052514
v 1.372052 0.908270 -3.047917
v 1.353402 0.919143 -3.046906
v 1.356763 0.908270 -3.042447
v 1.338353 0.919143 -3.039787
v 1.342084 0.908270 -3.035505
v 1.324073 0.919143 -3.031229
v 1.328157 0.908270 -3.027157
v 1.310702 0.919143 -3.021312
v 1.315113 0.908270 -3.017484
v 1.560141 0.908270 -3.055038
v 1.561906 0.919143 -3.059814
v 1.731544 0.919143 -2.890177
v 1.725606 0.908270 -2.889571
v 1.420084 0.908270 -2.676079
v 1.418320 0.919143 -2.671302
v 1.254618 0.908270 -2.889576
v 1.248681 0.919143 -2.890181
v 1.690871 0.901493 -2.977673
v 1.698943 0.901493 -2.964207
v 1.705656 0.901493 -2.950010
v 1.710945 0.901493 -2.935226
v 1.714761 0.901493 -2.919996
v 1.717066 0.901493 -2.904462
v 1.589046 0.901493 -3.045712
v 1.573513 0.901493 -3.048014
v 1.604276 0.901493 -3.041896
v 1.619062 0.901493 -3.036606
v 1.633257 0.901493 -3.029891
v 1.646723 0.901493 -3.021821
v 1.659338 0.901493 -3.012467
v 1.670972 0.901493 -3.001920
v 1.681516 0.901493 -2.740829
v 1.670972 0.901493 -2.729195
v 1.690870 0.901493 -2.753444
v 1.698943 0.901493 -2.766910
v 1.705656 0.901493 -2.781106
v 1.710945 0.901493 -2.795891
v 1.714761 0.901493 -2.811121
v 1.717064 0.901493 -2.826653
v 1.717835 0.901493 -2.842337
v 1.557829 0.901493 -2.682332
v 1.573513 0.901493 -2.683102
v 1.589046 0.901493 -2.685406
v 1.604276 0.901493 -2.689221
v 1.619062 0.901493 -2.694511
v 1.633257 0.901493 -2.701224
v 1.646726 0.901493 -2.709297
v 1.659338 0.901493 -2.718651
v 1.281282 0.901493 -2.766910
v 1.289355 0.901493 -2.753444
v 1.274569 0.901493 -2.781105
v 1.269279 0.901493 -2.795891
v 1.265463 0.901493 -2.811121
v 1.263160 0.901493 -2.826653
v 1.262389 0.901493 -2.842337
v 1.391180 0.901493 -2.685406
v 1.406712 0.901493 -2.683102
v 1.375948 0.901493 -2.689221
v 1.361164 0.901493 -2.694511
v 1.346969 0.901493 -2.701224
v 1.333501 0.901493 -2.709297
v 1.320889 0.901493 -2.718651
v 1.309254 0.901493 -2.729195
v 1.298709 0.901493 -2.740829
v 1.281282 0.901493 -2.964209
v 1.289355 0.901493 -2.977678
v 1.274569 0.901493 -2.950015
v 1.269280 0.901493 -2.935229
v 1.265464 0.901493 -2.919998
v 1.263161 0.901493 -2.904466
v 1.406712 0.901493 -3.048019
v 1.422395 0.901493 -3.048790
v 1.391180 0.901493 -3.045716
v 1.375948 0.901493 -3.041900
v 1.361164 0.901493 -3.036609
v 1.346970 0.901493 -3.029896
v 1.333502 0.901493 -3.021823
v 1.320889 0.901493 -3.012469
v 1.309254 0.901493 -3.001924
v 1.557829 0.901493 -3.048785
v 1.717838 0.901493 -2.888781
v 1.422395 0.901493 -2.682332
v 1.262389 0.901493 -2.888783
v 1.681516 0.901493 -2.990285
v 1.710623 1.029687 -2.988705
v 1.719490 1.029687 -2.973912
v 1.726865 1.029687 -2.958321
v 1.732675 1.029687 -2.942082
v 1.736865 1.029687 -2.925351
v 1.739398 1.029687 -2.908291
v 1.598778 1.029687 -3.063438
v 1.581719 1.029687 -3.065967
v 1.615510 1.029687 -3.059245
v 1.631749 1.029687 -3.053435
v 1.647339 1.029687 -3.046063
v 1.662134 1.029687 -3.037196
v 1.675987 1.029687 -3.026921
v 1.688766 1.029687 -2.715778
v 1.700349 1.029687 -2.728557
v 1.710623 1.029687 -2.742412
v 1.719490 1.029687 -2.757205
v 1.726865 1.029687 -2.772796
v 1.732675 1.029687 -2.789035
v 1.736864 1.029687 -2.805766
v 1.739395 1.029687 -2.822826
v 1.740243 1.029687 -2.840051
v 1.564493 1.029687 -2.664302
v 1.581719 1.029687 -2.665149
v 1.598780 1.029687 -2.667680
v 1.615510 1.029687 -2.671870
v 1.631749 1.029687 -2.677679
v 1.647339 1.029687 -2.685055
v 1.662134 1.029687 -2.693921
v 1.675987 1.029687 -2.704195
v 1.279876 1.029687 -2.728557
v 1.291458 1.029687 -2.715778
v 1.269601 1.029687 -2.742410
v 1.260735 1.029687 -2.757205
v 1.253360 1.029687 -2.772796
v 1.247551 1.029687 -2.789035
v 1.243359 1.029687 -2.805764
v 1.240829 1.029687 -2.822826
v 1.239982 1.029687 -2.840051
v 1.381446 1.029687 -2.667680
v 1.398506 1.029687 -2.665149
v 1.364715 1.029687 -2.671870
v 1.348476 1.029687 -2.677679
v 1.332885 1.029687 -2.685055
v 1.318092 1.029687 -2.693921
v 1.304239 1.029687 -2.704195
v 1.291458 1.029687 -3.015341
v 1.279876 1.029687 -3.002562
v 1.269601 1.029687 -2.988709
v 1.260735 1.029687 -2.973915
v 1.253361 1.029687 -2.958324
v 1.247551 1.029687 -2.942085
v 1.243360 1.029687 -2.925355
v 1.240829 1.029687 -2.908293
v 1.415732 1.029687 -3.066818
v 1.398506 1.029687 -3.065973
v 1.381446 1.029687 -3.063442
v 1.364715 1.029687 -3.059250
v 1.348476 1.029687 -3.053439
v 1.332884 1.029687 -3.046064
v 1.318091 1.029687 -3.037198
v 1.304239 1.029687 -3.026923
v 1.564493 1.029687 -3.066813
v 1.740243 1.029687 -2.891064
v 1.415732 1.029687 -2.664304
v 1.239983 1.029687 -2.891068
v 1.706307 1.048393 -3.028563
v 1.718912 1.048393 -3.014654
v 1.721893 1.042159 -3.016597
v 1.709123 1.042159 -3.030684
v 1.701947 1.035921 -3.003600
v 1.690276 1.035921 -3.016477
v 1.712299 1.035921 -2.989641
v 1.721233 1.035921 -2.974736
v 1.728665 1.035921 -2.959026
v 1.734519 1.035921 -2.942663
v 1.738742 1.035921 -2.925805
v 1.741290 1.035921 -2.908615
v 1.582416 1.035921 -3.067491
v 1.599606 1.035921 -3.064941
v 1.616464 1.035921 -3.060719
v 1.632825 1.035921 -3.054863
v 1.648535 1.035921 -3.047434
v 1.663441 1.035921 -3.038499
v 1.677399 1.035921 -3.028148
v 1.690276 1.035921 -2.714640
v 1.701947 1.035921 -2.727517
v 1.712299 1.035921 -2.741476
v 1.721233 1.035921 -2.756382
v 1.728665 1.035921 -2.772091
v 1.734519 1.035921 -2.788452
v 1.738740 1.035921 -2.805310
v 1.741290 1.035921 -2.822502
v 1.742143 1.035921 -2.839859
v 1.582416 1.035921 -2.663626
v 1.565058 1.035921 -2.662774
v 1.599606 1.035921 -2.666174
v 1.616464 1.035921 -2.670398
v 1.632825 1.035921 -2.676252
v 1.648537 1.035921 -2.683683
v 1.663441 1.035921 -2.692618
v 1.677399 1.035921 -2.702969
v 1.289948 1.035921 -2.714640
v 1.278278 1.035921 -2.727517
v 1.267925 1.035921 -2.741476
v 1.258991 1.035921 -2.756382
v 1.251561 1.035921 -2.772091
v 1.245706 1.035921 -2.788452
v 1.241484 1.035921 -2.805310
v 1.238934 1.035921 -2.822502
v 1.238081 1.035921 -2.839859
v 1.397809 1.035921 -2.663626
v 1.380620 1.035921 -2.666177
v 1.363762 1.035921 -2.670398
v 1.347400 1.035921 -2.676252
v 1.331690 1.035921 -2.683683
v 1.316784 1.035921 -2.692618
v 1.302826 1.035921 -2.702969
v 1.278277 1.035921 -3.003604
v 1.289949 1.035921 -3.016479
v 1.267925 1.035921 -2.989646
v 1.258991 1.035921 -2.974740
v 1.251561 1.035921 -2.959028
v 1.245706 1.035921 -2.942667
v 1.241484 1.035921 -2.925809
v 1.238935 1.035921 -2.908619
v 1.415167 1.035921 -3.068348
v 1.397809 1.035921 -3.067496
v 1.380619 1.035921 -3.064945
v 1.363762 1.035921 -3.060721
v 1.347399 1.035921 -3.054868
v 1.331690 1.035921 -3.047436
v 1.316784 1.035921 -3.038504
v 1.302826 1.035921 -3.028150
v 1.565058 1.035921 -3.068344
v 1.742143 1.035921 -2.891258
v 1.415167 1.035921 -2.662774
v 1.238082 1.035921 -2.891261
v 1.707860 1.044496 -3.007454
v 1.695865 1.044496 -3.020689
v 1.718502 1.044496 -2.993105
v 1.727685 1.044496 -2.977782
v 1.735323 1.044496 -2.961636
v 1.741340 1.044496 -2.944816
v 1.745682 1.044496 -2.927487
v 1.748303 1.044496 -2.909817
v 1.584992 1.044496 -3.073128
v 1.602662 1.044496 -3.070506
v 1.619989 1.044496 -3.066164
v 1.636810 1.044496 -3.060147
v 1.652958 1.044496 -3.052510
v 1.668278 1.044496 -3.043326
v 1.682628 1.044496 -3.032687
v 1.695865 1.044496 -2.710428
v 1.707860 1.044496 -2.723663
v 1.718502 1.044496 -2.738012
v 1.727685 1.044496 -2.753332
v 1.735323 1.044496 -2.769481
v 1.741340 1.044496 -2.786301
v 1.745682 1.044496 -2.803628
v 1.748303 1.044496 -2.821298
v 1.749180 1.044496 -2.839140
v 1.584993 1.044496 -2.657987
v 1.567151 1.044496 -2.657112
v 1.602662 1.044496 -2.660609
v 1.619989 1.044496 -2.664950
v 1.636809 1.044496 -2.670969
v 1.652958 1.044496 -2.678605
v 1.668281 1.044496 -2.687789
v 1.682627 1.044496 -2.698430
v 1.284361 1.044496 -2.710428
v 1.272365 1.044496 -2.723663
v 1.261723 1.044496 -2.738012
v 1.252539 1.044496 -2.753332
v 1.244902 1.044496 -2.769481
v 1.238884 1.044496 -2.786301
v 1.234543 1.044496 -2.803628
v 1.231922 1.044496 -2.821298
v 1.231046 1.044496 -2.839140
v 1.395234 1.044496 -2.657990
v 1.377563 1.044496 -2.660611
v 1.360235 1.044496 -2.664950
v 1.343416 1.044496 -2.670969
v 1.327267 1.044496 -2.678605
v 1.311945 1.044496 -2.687789
v 1.297597 1.044496 -2.698430
v 1.272365 1.044496 -3.007456
v 1.284361 1.044496 -3.020694
v 1.261723 1.044496 -2.993108
v 1.252540 1.044496 -2.977786
v 1.244902 1.044496 -2.961638
v 1.238884 1.044496 -2.944818
v 1.234543 1.044496 -2.927491
v 1.231923 1.044496 -2.909822
v 1.413075 1.044496 -3.074009
v 1.395233 1.044496 -3.073132
v 1.377563 1.044496 -3.070511
v 1.360234 1.044496 -3.066169
v 1.343415 1.044496 -3.060153
v 1.327267 1.044496 -3.052514
v 1.311945 1.044496 -3.043330
v 1.297597 1.044496 -3.032689
v 1.567151 1.044496 -3.074004
v 1.749180 1.044496 -2.891975
v 1.413074 1.044496 -2.657112
v 1.231046 1.044496 -2.891979
v 1.730093 1.048393 -2.999578
v 1.739742 1.048393 -2.983477
v 1.747767 1.048393 -2.966510
v 1.754090 1.048393 -2.948838
v 1.758652 1.048393 -2.930632
v 1.761406 1.048393 -2.912064
v 1.589807 1.048393 -3.083663
v 1.608373 1.048393 -3.080908
v 1.626582 1.048393 -3.076346
v 1.644254 1.048393 -3.070024
v 1.661221 1.048393 -3.061998
v 1.677322 1.048393 -3.052349
v 1.692398 1.048393 -3.041167
v 1.706305 1.048393 -2.702554
v 1.718912 1.048393 -2.716463
v 1.730093 1.048393 -2.731539
v 1.739742 1.048393 -2.747638
v 1.747767 1.048393 -2.764607
v 1.754090 1.048393 -2.782279
v 1.758652 1.048393 -2.800486
v 1.761406 1.048393 -2.819053
v 1.762327 1.048393 -2.837800
v 1.589808 1.048393 -2.647455
v 1.571060 1.048393 -2.646534
v 1.608375 1.048393 -2.650210
v 1.626582 1.048393 -2.654768
v 1.644254 1.048393 -2.661091
v 1.661223 1.048393 -2.669117
v 1.677322 1.048393 -2.678768
v 1.692398 1.048393 -2.689949
v 1.273919 1.048393 -2.702554
v 1.261314 1.048393 -2.716463
v 1.250133 1.048393 -2.731539
v 1.240483 1.048393 -2.747638
v 1.232458 1.048393 -2.764605
v 1.226134 1.048393 -2.782279
v 1.221574 1.048393 -2.800486
v 1.218820 1.048393 -2.819054
v 1.217898 1.048393 -2.837800
v 1.390419 1.048393 -2.647455
v 1.371851 1.048393 -2.650210
v 1.353643 1.048393 -2.654768
v 1.335971 1.048393 -2.661094
v 1.319003 1.048393 -2.669117
v 1.302904 1.048393 -2.678768
v 1.287828 1.048393 -2.689949
v 1.261314 1.048393 -3.014659
v 1.273920 1.048393 -3.028567
v 1.250132 1.048393 -2.999582
v 1.240483 1.048393 -2.983481
v 1.232458 1.048393 -2.966515
v 1.226135 1.048393 -2.948843
v 1.221574 1.048393 -2.930633
v 1.218820 1.048393 -2.912068
v 1.409165 1.048393 -3.084587
v 1.390417 1.048393 -3.083667
v 1.371851 1.048393 -3.080913
v 1.353643 1.048393 -3.076350
v 1.335971 1.048393 -3.070028
v 1.319003 1.048393 -3.062002
v 1.302903 1.048393 -3.052353
v 1.287828 1.048393 -3.041173
v 1.571060 1.048393 -3.084583
v 1.762327 1.048393 -2.893317
v 1.409165 1.048393 -2.646534
v 1.217899 1.048393 -2.893320
v 1.733220 1.042159 -3.001323
v 1.742996 1.042159 -2.985014
v 1.751126 1.042159 -2.967824
v 1.757532 1.042159 -2.949922
v 1.762150 1.042159 -2.931479
v 1.764941 1.042159 -2.912669
v 1.609914 1.042159 -3.083715
v 1.591106 1.042159 -3.086503
v 1.628359 1.042159 -3.079094
v 1.646263 1.042159 -3.072687
v 1.663452 1.042159 -3.064558
v 1.679761 1.042159 -3.054782
v 1.695035 1.042159 -3.043455
v 1.709123 1.042159 -2.700430
v 1.721893 1.042159 -2.714520
v 1.733220 1.042159 -2.729791
v 1.742996 1.042159 -2.746100
v 1.751126 1.042159 -2.763289
v 1.757530 1.042159 -2.781193
v 1.762150 1.042159 -2.799638
v 1.764941 1.042159 -2.818446
v 1.765873 1.042159 -2.837440
v 1.572115 1.042159 -2.643680
v 1.591107 1.042159 -2.644612
v 1.609914 1.042159 -2.647403
v 1.628359 1.042159 -2.652023
v 1.646263 1.042159 -2.658428
v 1.663452 1.042159 -2.666557
v 1.679761 1.042159 -2.676333
v 1.695035 1.042159 -2.687659
v 1.258332 1.042159 -2.714520
v 1.271102 1.042159 -2.700430
v 1.247005 1.042159 -2.729791
v 1.237230 1.042159 -2.746101
v 1.229100 1.042159 -2.763289
v 1.222695 1.042159 -2.781193
v 1.218074 1.042159 -2.799638
v 1.215284 1.042159 -2.818446
v 1.214351 1.042159 -2.837437
v 1.370310 1.042159 -2.647403
v 1.389119 1.042159 -2.644612
v 1.351865 1.042159 -2.652023
v 1.333962 1.042159 -2.658428
v 1.316773 1.042159 -2.666557
v 1.300464 1.042159 -2.676333
v 1.285192 1.042159 -2.687659
v 1.271103 1.042159 -3.030690
v 1.258332 1.042159 -3.016601
v 1.247006 1.042159 -3.001329
v 1.237230 1.042159 -2.985019
v 1.229101 1.042159 -2.967829
v 1.222695 1.042159 -2.949927
v 1.218075 1.042159 -2.931481
v 1.215285 1.042159 -2.912673
v 1.408110 1.042159 -3.087439
v 1.389119 1.042159 -3.086507
v 1.370310 1.042159 -3.083719
v 1.351865 1.042159 -3.079099
v 1.333962 1.042159 -3.072692
v 1.316773 1.042159 -3.064562
v 1.300464 1.042159 -3.054787
v 1.285192 1.042159 -3.043459
v 1.572114 1.042159 -3.087439
v 1.765875 1.042159 -2.893677
v 1.408111 1.042159 -2.643680
v 1.214352 1.042159 -2.893682
v 1.709123 1.037481 -3.030684
v 1.721893 1.037481 -3.016597
v 1.736080 1.027350 -3.025842
v 1.722528 1.027350 -3.040794
v 1.733220 1.037481 -3.001323
v 1.742996 1.037481 -2.985014
v 1.751126 1.037481 -2.967824
v 1.757532 1.037481 -2.949922
v 1.762150 1.037481 -2.931479
v 1.764941 1.037481 -2.912669
v 1.591106 1.037481 -3.086503
v 1.609914 1.037481 -3.083715
v 1.628359 1.037481 -3.079094
v 1.646263 1.037481 -3.072687
v 1.663452 1.037481 -3.064558
v 1.679761 1.037481 -3.054782
v 1.695035 1.037481 -3.043455
v 1.709123 1.037481 -2.700430
v 1.721893 1.037481 -2.714520
v 1.733220 1.037481 -2.729791
v 1.742996 1.037481 -2.746100
v 1.751126 1.037481 -2.763289
v 1.757530 1.037481 -2.781193
v 1.762150 1.037481 -2.799638
v 1.764941 1.037481 -2.818446
v 1.765873 1.037481 -2.837440
v 1.591107 1.037481 -2.644612
v 1.572115 1.037481 -2.643680
v 1.609914 1.037481 -2.647403
v 1.628359 1.037481 -2.652023
v 1.646263 1.037481 -2.658428
v 1.663452 1.037481 -2.666557
v 1.679761 1.037481 -2.676333
v 1.695035 1.037481 -2.687659
v 1.271102 1.037481 -2.700430
v 1.258332 1.037481 -2.714520
v 1.247005 1.037481 -2.729791
v 1.237230 1.037481 -2.746101
v 1.229100 1.037481 -2.763289
v 1.222695 1.037481 -2.781193
v 1.218074 1.037481 -2.799638
v 1.215284 1.037481 -2.818446
v 1.214351 1.037481 -2.837437
v 1.389119 1.037481 -2.644612
v 1.370310 1.037481 -2.647403
v 1.351865 1.037481 -2.652023
v 1.333962 1.037481 -2.658428
v 1.316773 1.037481 -2.666557
v 1.300464 1.037481 -2.676333
v 1.285192 1.037481 -2.687659
v 1.258332 1.037481 -3.016601
v 1.271103 1.037481 -3.030690
v 1.247006 1.037481 -3.001329
v 1.237230 1.037481 -2.985019
v 1.229101 1.037481 -2.967829
v 1.222695 1.037481 -2.949927
v 1.218075 1.037481 -2.931481
v 1.215285 1.037481 -2.912673
v 1.408110 1.037481 -3.087439
v 1.389119 1.037481 -3.086507
v 1.370310 1.037481 -3.083719
v 1.351865 1.037481 -3.079099
v 1.333962 1.037481 -3.072692
v 1.316773 1.037481 -3.064562
v 1.300464 1.037481 -3.054787
v 1.285192 1.037481 -3.043459
v 1.572114 1.037481 -3.087439
v 1.765875 1.037481 -2.893677
v 1.408111 1.037481 -2.643680
v 1.214352 1.037481 -2.893682
v 1.748101 1.027350 -3.009635
v 1.758473 1.027350 -2.992327
v 1.767102 1.027350 -2.974085
v 1.773900 1.027350 -2.955086
v 1.778802 1.027350 -2.935512
v 1.781762 1.027350 -2.915553
v 1.617248 1.027349 -3.097075
v 1.597288 1.027349 -3.100022
v 1.636823 1.027349 -3.092154
v 1.655821 1.027349 -3.085365
v 1.674062 1.027349 -3.076738
v 1.691369 1.027349 -3.066364
v 1.707576 1.027350 -3.054344
v 1.722528 1.027350 -2.690323
v 1.736080 1.027350 -2.705275
v 1.748101 1.027350 -2.721483
v 1.758473 1.027350 -2.738789
v 1.767102 1.027350 -2.757030
v 1.773898 1.027350 -2.776028
v 1.778802 1.027350 -2.795603
v 1.781762 1.027350 -2.815565
v 1.782754 1.027350 -2.835717
v 1.577134 1.027349 -2.630098
v 1.597288 1.027349 -2.631088
v 1.617248 1.027349 -2.634049
v 1.636822 1.027349 -2.638951
v 1.655821 1.027349 -2.645750
v 1.674062 1.027349 -2.654378
v 1.691369 1.027349 -2.664751
v 1.707576 1.027350 -2.676773
v 1.244146 1.027349 -2.705275
v 1.257697 1.027349 -2.690323
v 1.232125 1.027349 -2.721483
v 1.221751 1.027349 -2.738789
v 1.213124 1.027349 -2.757030
v 1.206326 1.027349 -2.776029
v 1.201423 1.027349 -2.795603
v 1.198462 1.027349 -2.815562
v 1.197473 1.027349 -2.835717
v 1.362978 1.027349 -2.634049
v 1.382937 1.027349 -2.631088
v 1.343403 1.027349 -2.638953
v 1.324404 1.027349 -2.645750
v 1.306163 1.027349 -2.654378
v 1.288856 1.027349 -2.664751
v 1.272649 1.027349 -2.676770
v 1.257697 1.027349 -3.040798
v 1.244145 1.027349 -3.025847
v 1.232125 1.027349 -3.009639
v 1.221751 1.027349 -2.992330
v 1.213125 1.027349 -2.974089
v 1.206327 1.027349 -2.955091
v 1.201423 1.027349 -2.935517
v 1.198463 1.027349 -2.915557
v 1.403092 1.027349 -3.101019
v 1.382937 1.027349 -3.100022
v 1.362977 1.027349 -3.097075
v 1.343404 1.027349 -3.092177
v 1.324405 1.027349 -3.085370
v 1.306163 1.027349 -3.076743
v 1.288856 1.027349 -3.066369
v 1.272648 1.027349 -3.054348
v 1.577134 1.027349 -3.101019
v 1.782754 1.027350 -2.895398
v 1.403092 1.027349 -2.630098
v 1.197473 1.027349 -2.895403
v 1.298709 0.901493 -2.990289
v 1.490113 0.885905 -2.865558
v 1.608323 1.022974 -3.103581
v 1.608323 1.022974 -3.140557
v 1.608323 1.027973 -3.140557
v 1.608323 1.027973 -3.103581
v 1.376003 1.022974 -3.140557
v 1.376003 1.022974 -3.103581
v 1.376003 1.027973 -3.103581
v 1.376003 1.027973 -3.140557
v 1.409690 1.033529 -3.103581
v 1.409690 1.033529 -3.140557
v 1.376003 1.027973 -3.140557
v 1.376003 1.027973 -3.103581
v 1.409690 1.022974 -3.103581
v 1.409690 1.033529 -3.103581
v 1.376003 1.027973 -3.103581
v 1.376003 1.022974 -3.103581
v 1.409690 1.033529 -3.140557
v 1.409690 1.022974 -3.140557
v 1.376003 1.022974 -3.140557
v 1.376003 1.027973 -3.140557
v 1.608323 1.027973 -3.103581
v 1.608323 1.027973 -3.140557
v 1.573563 1.033529 -3.140557
v 1.573562 1.033529 -3.103581
v 1.608323 1.022974 -3.103581
v 1.608323 1.027973 -3.103581
v 1.573562 1.033529 -3.103581
v 1.573563 1.022974 -3.103581
v 1.608323 1.027973 -3.140557
v 1.608323 1.022974 -3.140557
v 1.573563 1.022974 -3.140557
v 1.573563 1.033529 -3.140557
vn -0.0000 -1.0000 -0.0000
vn -0.0000 -0.0000 1.0000
vn -1.0000 -0.0000 -0.0000
vn -0.0000 1.0000 -0.0000
vn 1.0000 -0.0000 -0.0000
vn -0.0000 0.9726 0.2324
vn -0.0000 -0.0000 -1.0000
vn -0.3249 -0.2745 -0.9050
vn -0.3252 0.0927 -0.9411
vn -0.0681 0.0972 -0.9929
vn -0.0684 -0.2896 -0.9547
vn -0.3252 0.4458 -0.8339
vn -0.0684 0.4703 -0.8798
vn -0.3252 0.7310 -0.5999
vn -0.0687 0.7712 -0.6329
vn -0.3252 0.9049 -0.2746
vn -0.0685 0.9547 -0.2896
vn -0.3252 0.9411 0.0928
vn -0.0684 0.9928 0.0979
vn -0.3253 0.8341 0.4456
vn -0.0684 0.8799 0.4702
vn -0.3251 0.6002 0.7308
vn -0.0684 0.6327 0.7713
vn -0.3251 0.2745 0.9049
vn -0.0684 0.2895 0.9547
vn -0.3251 -0.0927 0.9411
vn -0.0681 -0.0977 0.9929
vn -0.3252 -0.4458 0.8340
vn -0.0684 -0.4703 0.8798
vn -0.3253 -0.7309 0.6000
vn -0.0684 -0.7712 0.6329
vn -0.3252 -0.9049 0.2745
vn -0.0685 -0.9546 0.2898
vn -0.3252 -0.9411 -0.0924
vn -0.0684 -0.9929 -0.0975
vn -0.3253 -0.8337 -0.4463
vn -0.0684 -0.8798 -0.4703
vn -0.0684 -0.6330 -0.7711
vn -0.3252 -0.5999 -0.7310
vn -0.0526 -0.9938 -0.0976
vn -0.0526 -0.8807 -0.4708
vn -0.0525 -0.9556 0.2898
vn -0.0525 -0.7717 0.6338
vn -0.0526 -0.4707 0.8807
vn -0.0527 -0.0975 0.9938
vn -0.0526 0.2899 0.9556
vn -0.0529 0.6340 0.7715
vn -0.0526 0.8807 0.4707
vn -0.0526 0.9938 0.0982
vn -0.0526 0.9556 -0.2898
vn -0.0526 0.7718 -0.6337
vn -0.0526 0.4708 -0.8807
vn -0.0526 0.0978 -0.9938
vn -0.0526 -0.2899 -0.9556
vn -0.0526 -0.6335 -0.7720
vn 0.0915 -0.2890 -0.9529
vn 0.0915 -0.6316 -0.7699
vn 0.1223 -0.8756 -0.4673
vn 0.0916 -0.8782 -0.4695
vn 0.1223 -0.6298 -0.7671
vn 0.0916 0.0974 -0.9910
vn 0.0915 0.4693 -0.8783
vn 0.0915 0.7695 -0.6320
vn 0.0916 0.9531 -0.2886
vn 0.0915 0.9910 0.0977
vn 0.0915 0.8782 0.4694
vn 0.0915 0.6319 0.7696
vn 0.0915 0.2892 0.9529
vn 0.0912 -0.0970 0.9911
vn 0.0915 -0.4693 0.8783
vn 0.0918 -0.7696 0.6319
vn 0.0916 -0.9529 0.2891
vn 0.0915 -0.9910 -0.0974
vn 0.1223 -0.9877 -0.0973
vn 0.1223 -0.9497 0.2883
vn 0.1223 -0.7672 0.6297
vn 0.1223 -0.4680 0.8752
vn 0.1223 -0.0973 0.9877
vn 0.1223 0.2883 0.9497
vn 0.1225 0.6300 0.7669
vn 0.1223 0.8755 0.4675
vn 0.1223 0.9877 0.0973
vn 0.1223 0.9498 -0.2881
vn 0.1223 0.7672 -0.6296
vn 0.1223 0.4678 -0.8753
vn 0.1223 0.0972 -0.9877
vn 0.1223 -0.2882 -0.9497
vn 0.0578 0.0977 -0.9935
vn 0.0578 -0.2899 -0.9553
vn 0.0578 0.4704 -0.8805
vn 0.0577 0.7714 -0.6337
vn 0.0576 0.9554 -0.2897
vn 0.0578 0.9935 0.0979
vn 0.0578 0.8804 0.4707
vn 0.0578 0.6334 0.7717
vn 0.0579 0.2896 0.9554
vn 0.0578 -0.0982 0.9935
vn 0.0578 -0.4707 0.8804
vn 0.0576 -0.7715 0.6336
vn 0.0575 -0.9554 0.2897
vn 0.0578 -0.9935 -0.0979
vn 0.0578 -0.8804 -0.4707
vn 0.0578 -0.6335 -0.7716
vn -0.8753 -0.3067 -0.3738
vn -0.3253 -0.8336 -0.4463
vn -0.8753 -0.4264 -0.2279
vn -0.8753 -0.1408 -0.4626
vn -0.8753 0.3067 0.3739
vn -0.3253 0.8340 0.4456
vn -0.8754 0.4262 0.2280
vn -0.8754 -0.4811 -0.0470
vn -0.8753 0.4812 0.0474
vn -0.8752 -0.4629 0.1405
vn -0.8753 0.4628 -0.1404
vn -0.8753 -0.3739 0.3067
vn -0.8753 0.3739 -0.3067
vn -0.8754 -0.2279 0.4264
vn -0.8754 0.2279 -0.4264
vn -0.8753 -0.0474 0.4812
vn -0.8753 0.0474 -0.4812
vn -0.3251 0.2745 0.9050
vn -0.8753 0.1405 0.4627
vn 0.9506 -0.1158 0.2879
vn 0.9570 -0.0000 0.2901
vn 0.9952 -0.0000 -0.0978
vn 0.9885 -0.1156 -0.0973
vn 0.7678 -0.1156 0.6302
vn 0.7734 -0.0000 0.6339
vn 0.4681 -0.1156 0.8761
vn 0.4713 -0.0000 0.8820
vn 0.0973 -0.1156 0.9885
vn 0.0979 -0.0000 0.9952
vn -0.2883 -0.1156 0.9505
vn -0.2903 -0.0000 0.9569
vn -0.6301 -0.1156 0.7678
vn -0.6347 -0.0000 0.7727
vn -0.8762 -0.1156 0.4680
vn -0.8821 -0.0000 0.4710
vn -0.9885 -0.1158 0.0972
vn -0.9952 -0.0000 0.0980
vn -0.9505 -0.1156 -0.2883
vn -0.9569 -0.0000 -0.2905
vn -0.7679 -0.1156 -0.6301
vn -0.7727 -0.0000 -0.6347
vn -0.4685 -0.1155 -0.8759
vn -0.4715 -0.0000 -0.8819
vn -0.0974 -0.1155 -0.9885
vn -0.0979 -0.0000 -0.9952
vn 0.2885 -0.1156 -0.9505
vn 0.2904 -0.0000 -0.9569
vn 0.6304 -0.1156 -0.7676
vn 0.6348 -0.0000 -0.7727
vn 0.8762 -0.1156 -0.4679
vn 0.8764 -0.1124 -0.4684
vn 0.9888 -0.1125 -0.0976
vn 0.9509 -0.1126 0.2882
vn 0.7681 -0.1124 0.6304
vn 0.4681 -0.1125 0.8765
vn 0.0974 -0.1126 0.9889
vn -0.2884 -0.1124 0.9509
vn -0.6304 -0.1124 0.7681
vn -0.8763 -0.1124 0.4685
vn -0.9888 -0.1125 0.0977
vn -0.9509 -0.1124 -0.2883
vn -0.7679 -0.1126 -0.6306
vn -0.4684 -0.1122 -0.8764
vn -0.0974 -0.1124 -0.9889
vn 0.2878 -0.1127 -0.9510
vn 0.6305 -0.1124 -0.7680
vn 0.8714 0.1538 -0.4658
vn 0.6270 0.1539 -0.7636
vn 0.9833 0.1538 -0.0971
vn 0.9456 0.1539 0.2866
vn 0.7635 0.1540 0.6272
vn 0.4657 0.1539 0.8714
vn 0.0966 0.1538 0.9834
vn -0.2867 0.1537 0.9456
vn -0.6266 0.1538 0.7640
vn -0.8714 0.1540 0.4658
vn -0.9833 0.1538 0.0970
vn -0.9457 0.1537 -0.2865
vn -0.7637 0.1538 -0.6269
vn -0.4658 0.1539 -0.8714
vn -0.0969 0.1538 -0.9833
vn 0.2866 0.1542 -0.9456
vn 0.8652 0.1935 -0.4625
vn 0.9764 0.1934 -0.0961
vn 0.9389 0.1935 0.2846
vn 0.7580 0.1937 0.6228
vn 0.4625 0.1935 0.8652
vn 0.0964 0.1935 0.9764
vn -0.2847 0.1936 0.9389
vn -0.6224 0.1938 0.7583
vn -0.8653 0.1935 0.4624
vn -0.9764 0.1935 0.0959
vn -0.9389 0.1935 -0.2847
vn -0.7584 0.1936 -0.6224
vn -0.4627 0.1932 -0.8652
vn -0.0961 0.1935 -0.9764
vn 0.2851 0.1937 -0.9387
vn 0.6224 0.1935 -0.7584
vn 0.8812 -0.0427 -0.4708
vn 0.9942 -0.0428 -0.0983
vn 0.9561 -0.0427 0.2899
vn 0.7718 -0.0425 0.6344
vn 0.4710 -0.0427 0.8811
vn 0.0978 -0.0428 0.9943
vn -0.2899 -0.0427 0.9561
vn -0.6338 -0.0427 0.7723
vn -0.8810 -0.0428 0.4712
vn -0.9943 -0.0427 0.0981
vn -0.9561 -0.0427 -0.2899
vn -0.7726 -0.0430 -0.6334
vn -0.4709 -0.0427 -0.8812
vn -0.0980 -0.0426 -0.9943
vn 0.2900 -0.0427 -0.9561
vn 0.6338 -0.0427 -0.7723
vn 0.8794 -0.0755 -0.4701
vn 0.9923 -0.0757 -0.0981
vn 0.9543 -0.0755 0.2893
vn 0.7710 -0.0757 0.6324
vn 0.4706 -0.0759 0.8791
vn 0.0976 -0.0757 0.9923
vn -0.2891 -0.0755 0.9543
vn -0.6325 -0.0757 0.7709
vn -0.8795 -0.0757 0.4699
vn -0.9924 -0.0756 0.0976
vn -0.9542 -0.0757 -0.2893
vn -0.7707 -0.0757 -0.6326
vn -0.4700 -0.0757 -0.8794
vn -0.0979 -0.0757 -0.9923
vn 0.2894 -0.0757 -0.9542
vn 0.6326 -0.0757 -0.7708
vn 0.8757 0.1180 -0.4682
vn 0.6301 0.1181 -0.7675
vn 0.9882 0.1181 -0.0976
vn 0.9504 0.1179 0.2879
vn 0.7676 0.1181 0.6299
vn 0.4682 0.1181 0.8757
vn 0.0972 0.1181 0.9882
vn -0.2876 0.1180 0.9505
vn -0.6298 0.1181 0.7678
vn -0.8758 0.1181 0.4681
vn -0.9882 0.1181 0.0973
vn -0.9502 0.1182 -0.2882
vn -0.7676 0.1181 -0.6300
vn -0.4681 0.1181 -0.8758
vn -0.0973 0.1181 -0.9882
vn 0.2880 0.1181 -0.9503
vn 0.8753 0.1216 -0.4680
vn 0.9878 0.1216 -0.0975
vn 0.9498 0.1217 0.2882
vn 0.7672 0.1216 0.6297
vn 0.4673 0.1213 0.8757
vn 0.0973 0.1216 0.9878
vn -0.2881 0.1216 0.9499
vn -0.6297 0.1216 0.7672
vn -0.8754 0.1216 0.4679
vn -0.9878 0.1216 0.0971
vn -0.9498 0.1218 -0.2880
vn -0.7673 0.1216 -0.6296
vn -0.4678 0.1216 -0.8754
vn -0.0973 0.1216 -0.9878
vn 0.2881 0.1216 -0.9498
vn 0.6297 0.1216 -0.7672
vn 0.8209 0.3657 -0.4387
vn 0.5905 0.3659 -0.7193
vn 0.9262 0.3659 -0.0914
vn 0.8906 0.3658 0.2701
vn 0.7194 0.3658 0.5904
vn 0.4387 0.3658 0.8208
vn 0.0912 0.3658 0.9262
vn -0.2701 0.3658 0.8906
vn -0.5905 0.3658 0.7194
vn -0.8208 0.3658 0.4387
vn -0.9262 0.3658 0.0910
vn -0.8907 0.3657 -0.2700
vn -0.7194 0.3657 -0.5905
vn -0.4387 0.3657 -0.8209
vn -0.0913 0.3658 -0.9262
vn 0.2701 0.3658 -0.8906
vn 0.3735 0.9059 -0.1995
vn 0.2684 0.9060 -0.3273
vn 0.4211 0.9061 -0.0416
vn 0.4049 0.9061 0.1226
vn 0.3271 0.9060 0.2685
vn 0.1995 0.9060 0.3733
vn 0.0415 0.9061 0.4211
vn -0.1228 0.9060 0.4051
vn -0.2682 0.9061 0.3273
vn -0.3732 0.9060 0.1996
vn -0.4212 0.9060 0.0414
vn -0.4050 0.9060 -0.1230
vn -0.3271 0.9061 -0.2685
vn -0.1995 0.9060 -0.3733
vn -0.0415 0.9060 -0.4212
vn 0.1228 0.9061 -0.4049
vn 0.8821 -0.0000 -0.4710
vn 0.0681 0.0972 -0.9929
vn 0.3252 0.0927 -0.9411
vn 0.3250 -0.2745 -0.9050
vn 0.0684 -0.2896 -0.9547
vn 0.0684 0.4703 -0.8798
vn 0.3252 0.4459 -0.8339
vn 0.0687 0.7712 -0.6329
vn 0.3252 0.7310 -0.5999
vn 0.0685 0.9546 -0.2899
vn 0.3252 0.9049 -0.2746
vn 0.0684 0.9928 0.0979
vn 0.3252 0.9411 0.0929
vn 0.0684 0.8798 0.4704
vn 0.3253 0.8341 0.4455
vn 0.0684 0.6327 0.7714
vn 0.3253 0.5998 0.7310
vn 0.0684 0.2897 0.9547
vn 0.3252 0.2745 0.9049
vn 0.0681 -0.0977 0.9929
vn 0.3251 -0.0926 0.9411
vn 0.0684 -0.4703 0.8798
vn 0.3252 -0.4459 0.8339
vn 0.0684 -0.7712 0.6329
vn 0.3253 -0.7309 0.6000
vn 0.0685 -0.9546 0.2898
vn 0.3252 -0.9050 0.2744
vn 0.0684 -0.9929 -0.0975
vn 0.3252 -0.9411 -0.0924
vn 0.0684 -0.8798 -0.4703
vn 0.3253 -0.8338 -0.4461
vn 0.0684 -0.6330 -0.7711
vn 0.3252 -0.6000 -0.7309
vn 0.0526 -0.9938 -0.0976
vn 0.0526 -0.8805 -0.4711
vn 0.0527 -0.9555 0.2901
vn 0.0525 -0.7717 0.6338
vn 0.0526 -0.4707 0.8807
vn 0.0527 -0.0975 0.9938
vn 0.0526 0.2899 0.9556
vn 0.0529 0.6340 0.7715
vn 0.0526 0.8807 0.4707
vn 0.0525 0.9937 0.0986
vn 0.0526 0.9557 -0.2897
vn 0.0525 0.7716 -0.6340
vn 0.0526 0.4708 -0.8807
vn 0.0526 0.0977 -0.9938
vn 0.0525 -0.2905 -0.9554
vn 0.0526 -0.6335 -0.7720
vn -0.0915 -0.2890 -0.9529
vn -0.0915 -0.6316 -0.7699
vn -0.0916 -0.8782 -0.4695
vn -0.1223 -0.8756 -0.4672
vn -0.1223 -0.6297 -0.7672
vn -0.0916 0.0973 -0.9910
vn -0.0915 0.4694 -0.8782
vn -0.0915 0.7695 -0.6320
vn -0.0916 0.9531 -0.2886
vn -0.0914 0.9909 0.0983
vn -0.0915 0.8782 0.4694
vn -0.0915 0.6318 0.7697
vn -0.0915 0.2892 0.9529
vn -0.0912 -0.0970 0.9911
vn -0.0915 -0.4694 0.8782
vn -0.0919 -0.7696 0.6319
vn -0.0916 -0.9529 0.2891
vn -0.0915 -0.9910 -0.0975
vn -0.1223 -0.9877 -0.0973
vn -0.1223 -0.9497 0.2882
vn -0.1223 -0.7672 0.6297
vn -0.1223 -0.4680 0.8752
vn -0.1223 -0.0973 0.9877
vn -0.1223 0.2882 0.9497
vn -0.1225 0.6300 0.7669
vn -0.1223 0.8753 0.4679
vn -0.1223 0.9877 0.0974
vn -0.1223 0.9497 -0.2882
vn -0.1223 0.7673 -0.6295
vn -0.1223 0.4677 -0.8754
vn -0.1223 0.0974 -0.9877
vn -0.1223 -0.2881 -0.9498
vn -0.0578 0.0977 -0.9935
vn -0.0578 -0.2900 -0.9553
vn -0.0578 0.4706 -0.8804
vn -0.0578 0.7716 -0.6335
vn -0.0576 0.9554 -0.2897
vn -0.0578 0.9935 0.0979
vn -0.0578 0.8804 0.4707
vn -0.0578 0.6335 0.7716
vn -0.0578 0.2897 0.9554
vn -0.0578 -0.0981 0.9935
vn -0.0578 -0.4706 0.8805
vn -0.0577 -0.7715 0.6336
vn -0.0575 -0.9554 0.2897
vn -0.0578 -0.9935 -0.0978
vn -0.0578 -0.8804 -0.4707
vn -0.0578 -0.6335 -0.7716
vn 0.8753 -0.3067 -0.3738
vn 0.8753 -0.4264 -0.2281
vn 0.8753 -0.1405 -0.4627
vn 0.8753 0.3066 0.3739
vn 0.8754 0.4262 0.2280
vn 0.8754 -0.4811 -0.0470
vn 0.8753 0.4812 0.0473
vn 0.8753 -0.4628 0.1404
vn 0.8752 0.4629 -0.1405
vn 0.8753 -0.3738 0.3067
vn 0.8753 0.3738 -0.3067
vn 0.8753 -0.2279 0.4264
vn 0.8754 0.2279 -0.4264
vn 0.8753 -0.0474 0.4812
vn 0.8753 0.0474 -0.4812
vn 0.8753 0.1404 0.4627
vn -0.9952 -0.0000 -0.0977
vn -0.9570 -0.0000 0.2901
vn -0.9506 -0.1159 0.2879
vn -0.9885 -0.1158 -0.0969
vn -0.7734 -0.0000 0.6339
vn -0.7681 -0.1159 0.6298
vn -0.4682 -0.1155 0.8760
vn -0.4714 -0.0000 0.8819
vn -0.0979 -0.0000 0.9952
vn -0.0975 -0.1157 0.9885
vn 0.2903 -0.0000 0.9569
vn 0.2882 -0.1156 0.9506
vn 0.6304 -0.1153 0.7676
vn 0.6347 -0.0000 0.7728
vn 0.8819 -0.0000 0.4714
vn 0.8761 -0.1156 0.4680
vn 0.9885 -0.1157 0.0972
vn 0.9952 -0.0000 0.0980
vn 0.9569 -0.0000 -0.2906
vn 0.9505 -0.1155 -0.2886
vn 0.7727 -0.0000 -0.6347
vn 0.7678 -0.1158 -0.6302
vn 0.4716 -0.0000 -0.8818
vn 0.4683 -0.1156 -0.8760
vn 0.0978 -0.0000 -0.9952
vn 0.0974 -0.1154 -0.9885
vn 0.0978 0.0001 -0.9952
vn -0.2909 -0.0000 -0.9568
vn -0.2885 -0.1157 -0.9505
vn -0.6347 -0.0000 -0.7727
vn -0.6306 -0.1155 -0.7674
vn -0.9888 -0.1125 -0.0976
vn -0.8763 -0.1124 -0.4684
vn -0.8762 -0.1156 -0.4679
vn -0.9509 -0.1127 0.2883
vn -0.7680 -0.1125 0.6305
vn -0.4681 -0.1125 0.8765
vn -0.0974 -0.1126 0.9888
vn 0.2884 -0.1124 0.9509
vn 0.6301 -0.1121 0.7683
vn 0.8763 -0.1124 0.4684
vn 0.9889 -0.1124 0.0977
vn 0.9510 -0.1123 -0.2882
vn 0.7679 -0.1126 -0.6306
vn 0.4684 -0.1122 -0.8764
vn 0.0974 -0.1124 -0.9889
vn -0.2879 -0.1127 -0.9510
vn -0.6305 -0.1124 -0.7680
vn -0.8714 0.1538 -0.4658
vn -0.6270 0.1539 -0.7636
vn -0.9833 0.1538 -0.0971
vn -0.9456 0.1539 0.2867
vn -0.7634 0.1540 0.6272
vn -0.4655 0.1541 0.8715
vn -0.0963 0.1538 0.9834
vn 0.2867 0.1537 0.9456
vn 0.6266 0.1538 0.7640
vn 0.8714 0.1540 0.4657
vn 0.9833 0.1539 0.0972
vn 0.9457 0.1536 -0.2865
vn 0.7634 0.1539 -0.6273
vn 0.4657 0.1536 -0.8715
vn 0.0968 0.1538 -0.9833
vn -0.2866 0.1542 -0.9456
vn -0.9764 0.1934 -0.0961
vn -0.8652 0.1934 -0.4626
vn -0.9389 0.1935 0.2846
vn -0.7582 0.1936 0.6226
vn -0.4625 0.1935 0.8653
vn -0.0963 0.1935 0.9764
vn 0.2850 0.1934 0.9388
vn 0.6224 0.1938 0.7583
vn 0.8653 0.1935 0.4624
vn 0.9764 0.1934 0.0958
vn 0.9388 0.1935 -0.2848
vn 0.7586 0.1932 -0.6223
vn 0.4625 0.1934 -0.8653
vn 0.0962 0.1935 -0.9764
vn -0.2851 0.1937 -0.9387
vn -0.6223 0.1935 -0.7585
vn -0.9943 -0.0427 -0.0982
vn -0.8813 -0.0425 -0.4706
vn -0.9561 -0.0427 0.2899
vn -0.7718 -0.0426 0.6344
vn -0.4711 -0.0428 0.8810
vn -0.0979 -0.0428 0.9943
vn 0.2903 -0.0427 0.9560
vn 0.6338 -0.0427 0.7723
vn 0.8811 -0.0427 0.4710
vn 0.9943 -0.0427 0.0978
vn 0.9561 -0.0427 -0.2900
vn 0.7725 -0.0429 -0.6336
vn 0.4709 -0.0427 -0.8812
vn 0.0980 -0.0427 -0.9943
vn -0.2900 -0.0427 -0.9561
vn -0.6338 -0.0427 -0.7723
vn -0.9923 -0.0757 -0.0981
vn -0.8794 -0.0755 -0.4700
vn -0.9543 -0.0756 0.2892
vn -0.7708 -0.0757 0.6326
vn -0.4706 -0.0759 0.8791
vn -0.0975 -0.0757 0.9923
vn 0.2892 -0.0757 0.9543
vn 0.6325 -0.0757 0.7708
vn 0.8797 -0.0756 0.4696
vn 0.9924 -0.0756 0.0975
vn 0.9542 -0.0757 -0.2894
vn 0.7708 -0.0757 -0.6326
vn 0.4699 -0.0757 -0.8795
vn 0.0979 -0.0757 -0.9923
vn -0.2894 -0.0757 -0.9542
vn -0.6326 -0.0757 -0.7708
vn -0.8757 0.1180 -0.4681
vn -0.6301 0.1181 -0.7675
vn -0.9882 0.1181 -0.0974
vn -0.9504 0.1179 0.2879
vn -0.7676 0.1181 0.6300
vn -0.4683 0.1181 0.8757
vn -0.0973 0.1181 0.9882
vn 0.2880 0.1181 0.9503
vn 0.6298 0.1181 0.7677
vn 0.8756 0.1181 0.4683
vn 0.9882 0.1181 0.0972
vn 0.9502 0.1182 -0.2883
vn 0.7676 0.1181 -0.6300
vn 0.4682 0.1181 -0.8757
vn 0.0973 0.1181 -0.9882
vn -0.2882 0.1181 -0.9503
vn -0.9878 0.1216 -0.0973
vn -0.8754 0.1216 -0.4678
vn -0.9500 0.1213 0.2878
vn -0.7673 0.1216 0.6297
vn -0.4678 0.1215 0.8754
vn -0.0973 0.1216 0.9878
vn 0.2883 0.1216 0.9498
vn 0.6297 0.1216 0.7672
vn 0.8753 0.1216 0.4680
vn 0.9878 0.1216 0.0970
vn 0.9499 0.1218 -0.2880
vn 0.7673 0.1216 -0.6297
vn 0.4678 0.1216 -0.8754
vn 0.0973 0.1216 -0.9878
vn -0.2882 0.1216 -0.9498
vn -0.6297 0.1216 -0.7672
vn -0.8208 0.3658 -0.4388
vn -0.5905 0.3659 -0.7193
vn -0.9262 0.3658 -0.0913
vn -0.8906 0.3659 0.2701
vn -0.7194 0.3658 0.5904
vn -0.4387 0.3658 0.8208
vn -0.0912 0.3658 0.9262
vn 0.2701 0.3658 0.8906
vn 0.5904 0.3658 0.7194
vn 0.8208 0.3658 0.4387
vn 0.9262 0.3658 0.0910
vn 0.8907 0.3657 -0.2700
vn 0.7194 0.3658 -0.5905
vn 0.4387 0.3657 -0.8209
vn 0.0913 0.3658 -0.9262
vn -0.2701 0.3658 -0.8906
vn -0.3729 0.9062 -0.1995
vn -0.2684 0.9060 -0.3273
vn -0.4211 0.9060 -0.0416
vn -0.4051 0.9060 0.1229
vn -0.3271 0.9061 0.2683
vn -0.1995 0.9060 0.3733
vn -0.0415 0.9061 0.4211
vn 0.1228 0.9060 0.4050
vn 0.2683 0.9061 0.3272
vn 0.3732 0.9060 0.1997
vn 0.4211 0.9061 0.0413
vn 0.4051 0.9060 -0.1230
vn 0.3272 0.9059 -0.2689
vn 0.1995 0.9060 -0.3732
vn 0.0415 0.9060 -0.4212
vn -0.1229 0.9060 -0.4051
vn -0.8822 -0.0000 -0.4709
vn -0.9289 -0.2182 -0.2992
vn -0.9999 0.0089 0.0128
vn -1.0000 0.0068 0.0066
vn -0.9251 -0.2845 -0.2516
vn -0.9999 0.0052 0.0160
vn -0.9291 -0.1265 -0.3475
vn -0.9169 0.2291 0.3269
vn -0.9160 0.1385 0.3764
vn -0.9181 0.2885 0.2716
vn -0.6969 0.4085 0.5895
vn -0.6972 0.5183 0.4953
vn -0.6954 0.2505 0.6736
vn -0.3745 0.5260 0.7636
vn -0.3732 0.3249 0.8690
vn -0.3745 0.6671 0.6441
vn -0.0000 0.2393 -0.9710
vn -0.0000 0.2797 -0.9601
vn 0.3743 0.2611 -0.8898
vn 0.3647 0.2237 -0.9038
vn -0.3743 0.2611 -0.8898
vn -0.3647 0.2237 -0.9038
vn -0.0000 0.3880 -0.9217
vn -0.3719 0.3617 -0.8549
vn 0.3719 0.3616 -0.8549
vn -0.0000 0.5665 0.8241
vn -0.0000 0.7189 0.6951
vn -0.0000 0.3505 0.9365
vn 0.3745 0.5260 0.7636
vn 0.3732 0.3249 0.8690
vn 0.3745 0.6674 0.6437
vn 0.9995 0.0069 -0.0307
vn 1.0000 0.0017 -0.0049
vn 0.9223 -0.1202 0.3672
vn 0.9325 -0.0976 0.3478
vn 0.9186 0.1155 -0.3779
vn 0.9082 0.1040 -0.4053
vn 1.0000 0.0042 -0.0083
vn 0.9168 0.1616 -0.3652
vn 0.9233 -0.1628 0.3478
vn 0.3868 -0.5608 -0.7320
vn -0.0000 -0.6114 -0.7913
vn -0.0000 -0.7763 -0.6303
vn 0.3792 -0.7145 -0.5880
vn -0.0000 -0.3317 -0.9434
vn 0.3871 -0.3072 -0.8694
vn -0.3865 -0.5608 -0.7322
vn -0.3871 -0.3072 -0.8694
vn -0.3792 -0.7145 -0.5880
vn 0.6842 0.1776 -0.7073
vn 0.6969 0.2049 -0.6873
vn 0.6939 0.2845 -0.6614
vn 0.9289 -0.2182 -0.2993
vn 0.7124 -0.4207 -0.5618
vn 0.7047 -0.5400 -0.4602
vn 0.9251 -0.2845 -0.2516
vn 0.7130 -0.2363 -0.6602
vn 0.9291 -0.1265 -0.3475
vn 0.9168 0.2291 0.3270
vn 0.9999 0.0090 0.0127
vn 1.0000 0.0068 0.0066
vn 0.9181 0.2886 0.2716
vn 0.9999 0.0052 0.0160
vn 0.9161 0.1385 0.3764
vn 0.6968 0.4086 0.5895
vn 0.6972 0.5183 0.4953
vn 0.6950 0.2506 0.6740
vn -0.7124 -0.4206 -0.5617
vn -0.7047 -0.5400 -0.4602
vn -0.7128 -0.2363 -0.6604
vn -0.0000 0.8781 -0.4784
vn -0.0000 0.9580 -0.2869
vn 0.3699 0.8901 -0.2664
vn 0.3680 0.8168 -0.4443
vn -0.3699 0.8901 -0.2664
vn -0.3681 0.8168 -0.4443
vn -0.0000 0.9937 -0.1119
vn -0.3670 0.9243 -0.1047
vn 0.3670 0.9243 -0.1047
vn -0.6894 0.6371 -0.3447
vn -0.6919 0.6917 -0.2069
vn -0.9158 0.3848 -0.1150
vn -0.9144 0.3568 -0.1913
vn -0.6887 0.7203 -0.0833
vn -0.9147 0.4012 -0.0480
vn -0.6945 0.0983 0.7128
vn -0.6976 0.1308 0.7044
vn -0.9189 0.0697 0.3882
vn -0.9166 0.0518 0.3965
vn -0.3744 0.1727 0.9111
vn -0.3721 0.1310 0.9189
vn -0.9999 0.0032 0.0115
vn -1.0000 0.0017 0.0058
vn -0.9235 -0.0556 -0.3795
vn -0.9255 -0.0343 -0.3773
vn -0.7049 -0.0519 -0.7074
vn -0.7030 -0.0922 -0.7052
vn -0.3784 -0.1069 -0.9194
vn -0.3791 -0.0527 -0.9238
vn -0.0000 -0.0504 -0.9987
vn -0.0000 -0.1098 -0.9940
vn 0.3784 -0.1069 -0.9194
vn 0.3791 -0.0527 -0.9239
vn -0.3791 -0.0527 -0.9239
vn 0.7049 -0.0519 -0.7074
vn 0.7030 -0.0922 -0.7052
vn 0.9235 -0.0557 -0.3795
vn 0.9255 -0.0343 -0.3773
vn 1.0000 0.0017 0.0058
vn 0.9190 0.0695 0.3880
vn 0.9999 0.0032 0.0115
vn 0.9166 0.0518 0.3965
vn 0.6945 0.0983 0.7127
vn 0.6976 0.1308 0.7044
vn 0.3744 0.1727 0.9110
vn 0.3721 0.1310 0.9189
vn -0.0002 0.1884 0.9821
vn -0.0001 0.1424 0.9898
vn -0.3752 -0.3039 0.8757
vn -0.0000 -0.3303 0.9439
vn -0.0000 -0.4488 0.8936
vn -0.3750 -0.4133 0.8298
vn -0.0000 -0.2854 0.9584
vn -0.3855 -0.2615 0.8849
vn 0.3749 -0.3039 0.8759
vn 0.3854 -0.2615 0.8849
vn 0.3749 -0.4133 0.8298
vn -0.3715 -0.5334 0.7599
vn -0.0000 -0.5775 0.8164
vn -0.0000 -0.6731 0.7396
vn -0.3704 -0.6238 0.6882
vn 0.3716 -0.5334 0.7599
vn 0.3704 -0.6238 0.6882
vn -1.0000 0.0042 -0.0083
vn -1.0000 0.0017 -0.0049
vn -0.9223 -0.1202 0.3672
vn -0.9233 -0.1629 0.3478
vn -0.9186 0.1155 -0.3779
vn -0.9168 0.1616 -0.3653
vn -0.9995 0.0074 -0.0309
vn -0.9083 0.1040 -0.4053
vn -0.9325 -0.0976 0.3478
vn -0.6842 0.1776 -0.7073
vn -0.6968 0.2050 -0.6874
vn -0.6940 0.2845 -0.6614
vn 0.6997 -0.2293 0.6767
vn 0.7133 -0.1946 0.6733
vn 0.7000 -0.3119 0.6424
vn -0.3742 -0.7245 0.5788
vn -0.0000 -0.7829 0.6222
vn -0.0000 -0.8929 0.4504
vn -0.3766 -0.8264 0.4186
vn 0.3743 -0.7245 0.5788
vn 0.3765 -0.8264 0.4187
vn -1.0000 0.0054 -0.0059
vn -1.0000 0.0054 -0.0069
vn -0.9217 -0.2152 0.3228
vn -0.9209 -0.2569 0.2933
vn -0.9156 0.2148 -0.3399
vn -0.9152 0.2611 -0.3070
vn -0.7133 -0.1946 0.6733
vn -0.6997 -0.2291 0.6767
vn -0.7000 -0.3119 0.6424
vn -0.0000 0.5194 -0.8545
vn 0.3692 0.4844 -0.7931
vn -0.3691 0.4844 -0.7931
vn -0.0000 0.6385 -0.7696
vn -0.3674 0.5945 -0.7152
vn 0.3675 0.5942 -0.7155
vn -0.6914 0.3801 -0.6144
vn -0.6893 0.4655 -0.5551
vn 0.9217 -0.2152 0.3228
vn 0.6961 -0.4060 0.5921
vn 0.6946 -0.4794 0.5364
vn 0.9208 -0.2570 0.2933
vn 1.0000 0.0054 -0.0069
vn 0.9156 0.2148 -0.3399
vn 1.0000 0.0054 -0.0059
vn 0.9152 0.2611 -0.3071
vn 0.6914 0.3801 -0.6144
vn 0.6893 0.4655 -0.5551
vn 1.0000 0.0095 -0.0008
vn 0.9999 0.0103 -0.0030
vn 0.9158 0.3847 -0.1150
vn 0.9147 0.4012 -0.0480
vn 0.9240 -0.3664 0.1093
vn 0.9220 -0.3839 0.0502
vn 0.9999 0.0115 -0.0066
vn 0.9245 -0.3382 0.1760
vn 0.9144 0.3568 -0.1914
vn -0.9999 0.0115 -0.0066
vn -0.9999 0.0099 -0.0076
vn -0.9233 -0.2966 0.2440
vn -0.9245 -0.3382 0.1760
vn -0.9137 0.3106 -0.2619
vn -0.6962 -0.4061 0.5920
vn -0.6946 -0.4794 0.5364
vn -0.0000 0.7581 -0.6521
vn 0.3663 0.7062 -0.6059
vn -0.3663 0.7062 -0.6059
vn -0.6874 0.5527 -0.4711
vn 0.9233 -0.2967 0.2440
vn 0.6989 -0.5561 0.4498
vn 0.7019 -0.6339 0.3248
vn 0.9999 0.0099 -0.0076
vn 0.9137 0.3107 -0.2620
vn 0.6875 0.5527 -0.4711
vn 0.6894 0.6371 -0.3447
vn -0.6738 0.7301 0.1133
vn -0.6849 0.6522 0.3248
vn -0.3657 0.8277 0.4257
vn -0.3552 0.9222 0.1530
vn -0.9088 0.3779 0.1767
vn -0.9080 0.4151 0.0568
vn 0.9124 0.4093 0.0029
vn 1.0000 0.0050 -0.0003
vn 1.0000 0.0094 -0.0005
vn 0.9080 0.4151 0.0568
vn 0.9157 -0.4019 0.0055
vn 0.9132 -0.4055 -0.0405
vn 0.3765 -0.8692 -0.3206
vn 0.7052 -0.6594 -0.2605
vn 0.6725 -0.7380 -0.0561
vn 0.3501 -0.9350 -0.0559
vn 0.9299 -0.3370 -0.1471
vn -0.6989 -0.5560 0.4498
vn -0.7017 -0.6340 0.3249
vn 0.9996 0.0289 0.0074
vn 0.9088 0.3778 0.1767
vn 0.6887 0.7203 -0.0833
vn 0.6807 0.7325 0.0110
vn 0.3600 0.9328 0.0186
vn 0.6738 0.7302 0.1133
vn 0.3552 0.9222 0.1531
vn -1.0000 0.0095 -0.0008
vn -0.9999 0.0103 -0.0030
vn -0.9241 -0.3663 0.1093
vn -0.9220 -0.3840 0.0502
vn -0.7018 -0.6828 0.2033
vn -0.3770 -0.8878 0.2641
vn -0.6970 -0.7105 0.0969
vn -0.3728 -0.9189 0.1292
vn -0.0000 0.9860 0.1666
vn -0.0000 0.8876 0.4607
vn 0.3658 0.8276 0.4257
vn -0.0000 -0.9901 0.1402
vn -0.0000 -0.9585 0.2850
vn 0.3770 -0.8878 0.2641
vn 0.3728 -0.9189 0.1292
vn 0.6970 -0.7105 0.0969
vn 0.7018 -0.6828 0.2033
vn -1.0000 0.0094 -0.0005
vn -0.9996 0.0289 0.0074
vn -0.9299 -0.3370 -0.1471
vn -0.9132 -0.4055 -0.0405
vn 0.6829 -0.7303 0.0177
vn 0.3603 -0.9324 0.0298
vn -0.0000 -0.9994 0.0343
vn -0.3605 -0.9323 0.0296
vn -0.0000 -0.9985 -0.0542
vn -0.3501 -0.9350 -0.0559
vn -0.0000 -0.9408 -0.3391
vn -0.3765 -0.8692 -0.3206
vn -0.6725 -0.7380 -0.0561
vn -0.6829 -0.7303 0.0177
vn -0.9157 -0.4019 0.0055
vn -1.0000 0.0050 -0.0003
vn -0.9124 0.4094 0.0029
vn -0.6807 0.7324 0.0110
vn -0.3600 0.9328 0.0186
vn -0.0000 0.9998 0.0214
vn 0.6849 0.6522 0.3248
vn 0.6919 0.6917 -0.2069
vn -0.7052 -0.6594 -0.2605
vn -0.7592 0.1863 0.6236
vn -0.6947 0.1842 0.6953
vn -0.6794 0.2799 0.6783
vn -0.7418 0.2827 0.6081
vn -0.5558 0.6182 0.5558
vn -0.6049 0.6226 0.4964
vn -0.7972 0.2849 0.5322
vn -0.6485 0.6259 0.4333
vn -0.8451 0.2865 0.4514
vn -0.6862 0.6281 0.3668
vn -0.8850 0.2872 0.3665
vn -0.7180 0.6293 0.2974
vn -0.9166 0.2873 0.2781
vn -0.7436 0.6295 0.2255
vn -0.9396 0.2867 0.1871
vn -0.7628 0.6286 0.1518
vn -0.9538 0.2854 0.0943
vn -0.7756 0.6266 0.0764
vn -0.1607 0.5698 0.8059
vn -0.1905 0.2496 0.9494
vn -0.0967 0.2427 0.9653
vn -0.0817 0.5582 0.8257
vn -0.2367 0.5805 0.7791
vn -0.2820 0.2560 0.9246
vn -0.3092 0.5901 0.7458
vn -0.3705 0.2620 0.8911
vn -0.3777 0.5988 0.7063
vn -0.4552 0.2674 0.8493
vn -0.4419 0.6063 0.6611
vn -0.5355 0.2722 0.7995
vn -0.6104 0.2763 0.7423
vn -0.5014 0.6127 0.6108
vn -0.6794 0.2799 -0.6783
vn -0.7418 0.2827 -0.6081
vn -0.6050 0.6226 -0.4964
vn -0.5559 0.6182 -0.5558
vn -0.7972 0.2849 -0.5322
vn -0.6485 0.6259 -0.4333
vn -0.8451 0.2864 -0.4514
vn -0.6862 0.6281 -0.3668
vn -0.8850 0.2872 -0.3664
vn -0.7180 0.6293 -0.2974
vn -0.9166 0.2873 -0.2781
vn -0.7436 0.6295 -0.2255
vn -0.9396 0.2867 -0.1871
vn -0.7628 0.6286 -0.1518
vn -0.9538 0.2854 -0.0943
vn -0.7756 0.6266 -0.0764
vn -0.9583 0.2848 -0.0237
vn -0.7798 0.6257 -0.0192
vn -0.0208 0.5498 -0.8350
vn -0.0247 0.2377 -0.9710
vn -0.0967 0.2427 -0.9653
vn -0.0817 0.5582 -0.8257
vn -0.1904 0.2496 -0.9494
vn -0.1606 0.5699 -0.8059
vn -0.2819 0.2561 -0.9246
vn -0.2366 0.5805 -0.7791
vn -0.3705 0.2620 -0.8911
vn -0.3092 0.5902 -0.7457
vn -0.4553 0.2674 -0.8493
vn -0.3777 0.5987 -0.7063
vn -0.5354 0.2722 -0.7995
vn -0.4419 0.6063 -0.6611
vn -0.6104 0.2764 -0.7423
vn -0.5014 0.6128 -0.6108
vn 0.6050 0.6226 -0.4964
vn 0.7418 0.2827 -0.6081
vn 0.6794 0.2799 -0.6783
vn 0.5559 0.6182 -0.5557
vn 0.6485 0.6259 -0.4333
vn 0.7972 0.2849 -0.5322
vn 0.6862 0.6281 -0.3668
vn 0.8451 0.2864 -0.4514
vn 0.7180 0.6293 -0.2974
vn 0.8850 0.2872 -0.3664
vn 0.7436 0.6295 -0.2256
vn 0.9166 0.2873 -0.2781
vn 0.7628 0.6285 -0.1518
vn 0.9396 0.2867 -0.1871
vn 0.7756 0.6266 -0.0764
vn 0.9538 0.2854 -0.0943
vn 0.7798 0.6257 -0.0192
vn 0.9583 0.2848 -0.0237
vn 0.1606 0.5699 -0.8059
vn 0.1904 0.2496 -0.9494
vn 0.0967 0.2427 -0.9653
vn 0.0817 0.5582 -0.8257
vn 0.2819 0.2560 -0.9246
vn 0.2366 0.5805 -0.7791
vn 0.3705 0.2620 -0.8911
vn 0.3092 0.5902 -0.7457
vn 0.4553 0.2674 -0.8493
vn 0.3777 0.5987 -0.7063
vn 0.5354 0.2722 -0.7995
vn 0.4419 0.6063 -0.6611
vn 0.5014 0.6128 -0.6108
vn 0.6104 0.2763 -0.7423
vn 0.5559 0.6182 0.5557
vn 0.6793 0.2798 0.6784
vn 0.7418 0.2828 0.6081
vn 0.6049 0.6226 0.4964
vn 0.7972 0.2849 0.5322
vn 0.6485 0.6259 0.4333
vn 0.8451 0.2864 0.4514
vn 0.6862 0.6281 0.3668
vn 0.8850 0.2872 0.3665
vn 0.7180 0.6293 0.2974
vn 0.9166 0.2873 0.2781
vn 0.7435 0.6295 0.2256
vn 0.9396 0.2867 0.1871
vn 0.7628 0.6286 0.1517
vn 0.9537 0.2854 0.0943
vn 0.7756 0.6266 0.0764
vn 0.0247 0.2377 0.9710
vn 0.0967 0.2427 0.9653
vn 0.0818 0.5582 0.8257
vn 0.0208 0.5498 0.8351
vn 0.1904 0.2496 0.9494
vn 0.1607 0.5698 0.8059
vn 0.2820 0.2560 0.9246
vn 0.2366 0.5805 0.7791
vn 0.3705 0.2620 0.8911
vn 0.3091 0.5901 0.7458
vn 0.4553 0.2673 0.8493
vn 0.3777 0.5987 0.7063
vn 0.5354 0.2721 0.7995
vn 0.4419 0.6063 0.6612
vn 0.6104 0.2763 0.7424
vn 0.5014 0.6128 0.6108
vn -0.0208 0.5498 0.8351
vn -0.0246 0.2376 0.9710
vn -0.9583 0.2848 0.0237
vn -0.7799 0.6256 0.0191
vn 0.0208 0.5498 -0.8351
vn 0.0246 0.2377 -0.9710
vn 0.7798 0.6257 0.0192
vn 0.9583 0.2848 0.0237
vn -0.2981 0.9333 0.2000
vn -0.3151 0.9339 0.1689
vn -0.3294 0.9343 0.1366
vn -0.3412 0.9343 0.1034
vn -0.3504 0.9340 0.0693
vn -0.3568 0.9335 0.0345
vn -0.0746 0.9181 0.3893
vn -0.0366 0.9148 0.4024
vn -0.1106 0.9211 0.3733
vn -0.1445 0.9237 0.3547
vn -0.1760 0.9261 0.3336
vn -0.2053 0.9281 0.3105
vn -0.2323 0.9299 0.2853
vn -0.2566 0.9313 0.2584
vn -0.2786 0.9325 -0.2299
vn -0.2683 0.9248 -0.2697
vn -0.2981 0.9334 -0.2000
vn -0.3151 0.9339 -0.1689
vn -0.3294 0.9343 -0.1366
vn -0.3412 0.9343 -0.1034
vn -0.3504 0.9340 -0.0693
vn -0.3568 0.9335 -0.0345
vn -0.3551 0.9348 -0.0084
vn -0.0085 0.9145 -0.4046
vn -0.0366 0.9147 -0.4024
vn -0.0746 0.9181 -0.3893
vn -0.1106 0.9211 -0.3733
vn -0.1444 0.9238 -0.3547
vn -0.1761 0.9261 -0.3337
vn -0.2053 0.9281 -0.3105
vn -0.2322 0.9299 -0.2853
vn 0.3151 0.9339 -0.1689
vn 0.2981 0.9334 -0.2000
vn 0.3294 0.9342 -0.1366
vn 0.3412 0.9343 -0.1034
vn 0.3504 0.9340 -0.0693
vn 0.3568 0.9335 -0.0345
vn 0.3551 0.9348 -0.0084
vn 0.0746 0.9181 -0.3893
vn 0.0366 0.9147 -0.4024
vn 0.1106 0.9211 -0.3733
vn 0.1444 0.9238 -0.3547
vn 0.1761 0.9261 -0.3337
vn 0.2053 0.9282 -0.3104
vn 0.2322 0.9299 -0.2853
vn 0.2566 0.9313 -0.2584
vn 0.2909 0.9260 -0.2407
vn 0.3151 0.9339 0.1689
vn 0.2981 0.9333 0.2001
vn 0.3295 0.9342 0.1366
vn 0.3412 0.9343 0.1034
vn 0.3504 0.9340 0.0693
vn 0.3568 0.9335 0.0345
vn 0.0366 0.9147 0.4024
vn 0.0085 0.9144 0.4046
vn 0.0746 0.9180 0.3894
vn 0.1106 0.9211 0.3734
vn 0.1444 0.9238 0.3547
vn 0.1760 0.9261 0.3336
vn 0.2053 0.9282 0.3104
vn 0.2322 0.9299 0.2853
vn 0.2566 0.9313 0.2584
vn -0.0085 0.9145 0.4046
vn -0.3552 0.9347 0.0084
vn 0.0085 0.9145 -0.4046
vn 0.3551 0.9348 0.0084
vn -0.2904 0.9263 0.2401
vn -0.8165 0.1879 0.5459
vn -0.8659 0.1891 0.4631
vn -0.9071 0.1897 0.3758
vn -0.9396 0.1898 0.2849
vn -0.9631 0.1894 0.1914
vn -0.9774 0.1882 0.0961
vn -0.1917 0.1618 0.9680
vn -0.0958 0.1569 0.9830
vn -0.2854 0.1666 0.9438
vn -0.3763 0.1709 0.9106
vn -0.4635 0.1748 0.8687
vn -0.5462 0.1782 0.8185
vn -0.6235 0.1815 0.7605
vn -0.6947 0.1841 -0.6953
vn -0.7593 0.1862 -0.6236
vn -0.8165 0.1879 -0.5459
vn -0.8659 0.1891 -0.4631
vn -0.9071 0.1897 -0.3758
vn -0.9396 0.1898 -0.2849
vn -0.9631 0.1893 -0.1914
vn -0.9774 0.1883 -0.0961
vn -0.9821 0.1867 -0.0240
vn -0.0238 0.1527 -0.9880
vn -0.0959 0.1569 -0.9830
vn -0.1916 0.1619 -0.9680
vn -0.2854 0.1665 -0.9438
vn -0.3763 0.1708 -0.9106
vn -0.4635 0.1748 -0.8687
vn -0.5461 0.1782 -0.8185
vn -0.6235 0.1814 -0.7605
vn 0.7593 0.1862 -0.6236
vn 0.6947 0.1841 -0.6953
vn 0.8165 0.1879 -0.5459
vn 0.8659 0.1891 -0.4630
vn 0.9071 0.1897 -0.3758
vn 0.9395 0.1898 -0.2850
vn 0.9631 0.1893 -0.1914
vn 0.9774 0.1883 -0.0960
vn 0.9821 0.1869 -0.0240
vn 0.1916 0.1617 -0.9681
vn 0.0958 0.1569 -0.9830
vn 0.2854 0.1664 -0.9438
vn 0.3764 0.1708 -0.9106
vn 0.4636 0.1748 -0.8687
vn 0.5462 0.1783 -0.8185
vn 0.6234 0.1814 -0.7605
vn 0.6947 0.1841 0.6954
vn 0.7592 0.1864 0.6236
vn 0.8165 0.1880 0.5459
vn 0.8659 0.1891 0.4630
vn 0.9071 0.1897 0.3758
vn 0.9395 0.1898 0.2850
vn 0.9631 0.1893 0.1914
vn 0.9774 0.1883 0.0960
vn 0.0238 0.1528 0.9880
vn 0.0958 0.1569 0.9830
vn 0.1916 0.1618 0.9680
vn 0.2855 0.1664 0.9438
vn 0.3764 0.1709 0.9106
vn 0.4635 0.1748 0.8687
vn 0.5461 0.1784 0.8185
vn 0.6235 0.1815 0.7605
vn -0.0238 0.1528 0.9880
vn -0.9821 0.1867 0.0240
vn 0.0238 0.1528 -0.9880
vn 0.9821 0.1869 0.0240
vn 0.2753 0.9202 -0.2782
vn 0.3007 0.9207 -0.2487
vn 0.7483 0.2533 -0.6131
vn 0.6852 0.2507 -0.6839
vn -0.6806 0.4736 0.5591
vn -0.6240 0.4694 0.6247
vn -0.7307 0.4767 0.4886
vn -0.7741 0.4789 0.4140
vn -0.8104 0.4801 0.3358
vn -0.8394 0.4802 0.2546
vn -0.8608 0.4794 0.1710
vn -0.8745 0.4774 0.0858
vn -0.0879 0.4134 0.9063
vn -0.1755 0.4239 0.8885
vn -0.2605 0.4338 0.8625
vn -0.3422 0.4427 0.8288
vn -0.4200 0.4507 0.7877
vn -0.4933 0.4577 0.7397
vn -0.5614 0.4641 0.6851
vn -0.6240 0.4693 -0.6248
vn -0.6806 0.4735 -0.5591
vn -0.7307 0.4768 -0.4886
vn -0.7741 0.4789 -0.4140
vn -0.8104 0.4801 -0.3358
vn -0.8394 0.4802 -0.2546
vn -0.8608 0.4794 -0.1710
vn -0.8744 0.4775 -0.0858
vn -0.8803 0.4739 -0.0215
vn -0.0879 0.4134 -0.9063
vn -0.0218 0.4040 -0.9145
vn -0.1755 0.4240 -0.8885
vn -0.2605 0.4337 -0.8626
vn -0.3422 0.4426 -0.8288
vn -0.4200 0.4508 -0.7876
vn -0.4933 0.4579 -0.7396
vn -0.5614 0.4641 -0.6852
vn 0.6240 0.4693 -0.6248
vn 0.6806 0.4735 -0.5591
vn 0.7308 0.4767 -0.4886
vn 0.7741 0.4789 -0.4140
vn 0.8104 0.4801 -0.3358
vn 0.8394 0.4803 -0.2546
vn 0.8608 0.4793 -0.1711
vn 0.8745 0.4774 -0.0859
vn 0.8803 0.4740 -0.0215
vn 0.0879 0.4133 -0.9063
vn 0.1755 0.4238 -0.8886
vn 0.2605 0.4337 -0.8626
vn 0.3422 0.4426 -0.8288
vn 0.4200 0.4508 -0.7876
vn 0.4933 0.4579 -0.7396
vn 0.5614 0.4641 -0.6852
vn 0.6806 0.4735 0.5591
vn 0.6240 0.4693 0.6248
vn 0.7307 0.4767 0.4886
vn 0.7741 0.4789 0.4140
vn 0.8104 0.4801 0.3358
vn 0.8394 0.4803 0.2546
vn 0.8608 0.4794 0.1710
vn 0.8745 0.4774 0.0858
vn 0.0218 0.4041 0.9144
vn 0.0879 0.4133 0.9063
vn 0.1755 0.4239 0.8885
vn 0.2605 0.4337 0.8626
vn 0.3422 0.4427 0.8288
vn 0.4200 0.4508 0.7877
vn 0.4932 0.4580 0.7396
vn 0.5615 0.4641 0.6851
vn -0.0218 0.4041 0.9145
vn -0.8803 0.4739 0.0215
vn 0.0218 0.4041 -0.9145
vn 0.8803 0.4740 0.0215
vn -0.4234 0.8369 0.3470
vn -0.3901 0.8343 0.3896
vn -0.4528 0.8388 0.3023
vn -0.4785 0.8401 0.2556
vn -0.5002 0.8408 0.2071
vn -0.5179 0.8409 0.1572
vn -0.5316 0.8403 0.1059
vn -0.5412 0.8392 0.0535
vn -0.0598 0.7968 0.6013
vn -0.1165 0.8044 0.5826
vn -0.1704 0.8112 0.5595
vn -0.2211 0.8172 0.5322
vn -0.2686 0.8225 0.5013
vn -0.3126 0.8271 0.4670
vn -0.3532 0.8311 0.4297
vn -0.3901 0.8343 -0.3896
vn -0.4234 0.8369 -0.3470
vn -0.4528 0.8388 -0.3023
vn -0.4784 0.8401 -0.2556
vn -0.5002 0.8408 -0.2071
vn -0.5180 0.8408 -0.1572
vn -0.5316 0.8404 -0.1059
vn -0.5411 0.8392 -0.0535
vn -0.5489 0.8358 -0.0136
vn -0.0598 0.7968 -0.6013
vn -0.0154 0.7882 -0.6152
vn -0.1165 0.8044 -0.5826
vn -0.1704 0.8112 -0.5594
vn -0.2211 0.8172 -0.5322
vn -0.2686 0.8226 -0.5013
vn -0.3126 0.8272 -0.4669
vn -0.3532 0.8311 -0.4296
vn 0.3902 0.8343 -0.3896
vn 0.4234 0.8369 -0.3470
vn 0.4528 0.8388 -0.3023
vn 0.4784 0.8401 -0.2556
vn 0.5002 0.8408 -0.2071
vn 0.5179 0.8409 -0.1571
vn 0.5316 0.8404 -0.1059
vn 0.5412 0.8392 -0.0535
vn 0.5489 0.8358 -0.0136
vn 0.0599 0.7968 -0.6013
vn 0.1165 0.8044 -0.5826
vn 0.1703 0.8112 -0.5594
vn 0.2211 0.8172 -0.5322
vn 0.2686 0.8226 -0.5012
vn 0.3126 0.8272 -0.4670
vn 0.3532 0.8310 -0.4297
vn 0.4234 0.8368 0.3471
vn 0.3901 0.8343 0.3895
vn 0.4529 0.8388 0.3023
vn 0.4785 0.8401 0.2556
vn 0.5002 0.8408 0.2071
vn 0.5179 0.8409 0.1571
vn 0.5316 0.8404 0.1059
vn 0.5412 0.8392 0.0535
vn 0.0154 0.7882 0.6152
vn 0.0599 0.7968 0.6013
vn 0.1165 0.8044 0.5825
vn 0.1704 0.8112 0.5594
vn 0.2211 0.8173 0.5322
vn 0.2686 0.8226 0.5013
vn 0.3127 0.8271 0.4670
vn 0.3532 0.8311 0.4296
vn -0.0155 0.7882 0.6152
vn -0.5489 0.8358 0.0136
vn 0.0155 0.7882 -0.6152
vn 0.5489 0.8358 0.0136
vn 0.3232 0.9210 -0.2173
vn 0.3426 0.9213 -0.1839
vn 0.3589 0.9214 -0.1490
vn 0.3718 0.9215 -0.1126
vn 0.3815 0.9213 -0.0753
vn 0.3875 0.9211 -0.0372
vn 0.0344 0.9158 -0.4001
vn 0.0736 0.9166 -0.3931
vn 0.1117 0.9172 -0.3824
vn 0.1484 0.9179 -0.3680
vn 0.1834 0.9186 -0.3500
vn 0.2164 0.9192 -0.3291
vn 0.2471 0.9198 -0.3048
vn 0.2752 0.9203 0.2780
vn 0.3007 0.9207 0.2487
vn 0.3231 0.9211 0.2173
vn 0.3426 0.9213 0.1839
vn 0.3588 0.9215 0.1489
vn 0.3719 0.9214 0.1126
vn 0.3814 0.9213 0.0753
vn 0.3875 0.9211 0.0372
vn 0.3815 0.9243 0.0088
vn 0.0344 0.9159 0.3999
vn 0.0072 0.9195 0.3931
vn 0.0736 0.9166 0.3931
vn 0.1117 0.9172 0.3826
vn 0.1484 0.9179 0.3681
vn 0.1835 0.9186 0.3501
vn 0.2164 0.9192 0.3289
vn 0.2470 0.9198 0.3048
vn -0.2752 0.9203 0.2780
vn -0.3006 0.9207 0.2487
vn -0.3231 0.9211 0.2172
vn -0.3426 0.9213 0.1839
vn -0.3589 0.9214 0.1489
vn -0.3719 0.9214 0.1127
vn -0.3814 0.9214 0.0753
vn -0.3874 0.9212 0.0372
vn -0.3814 0.9244 0.0088
vn -0.0344 0.9159 0.4000
vn -0.0736 0.9165 0.3931
vn -0.1117 0.9171 0.3826
vn -0.1484 0.9180 0.3679
vn -0.1834 0.9186 0.3501
vn -0.2164 0.9192 0.3289
vn -0.2470 0.9198 0.3048
vn -0.3006 0.9207 -0.2488
vn -0.2753 0.9203 -0.2780
vn -0.3232 0.9210 -0.2173
vn -0.3426 0.9213 -0.1839
vn -0.3589 0.9214 -0.1490
vn -0.3719 0.9214 -0.1126
vn -0.3814 0.9213 -0.0753
vn -0.3875 0.9211 -0.0372
vn -0.0071 0.9194 -0.3933
vn -0.0344 0.9158 -0.4001
vn -0.0736 0.9165 -0.3932
vn -0.1117 0.9173 -0.3823
vn -0.1485 0.9179 -0.3680
vn -0.1834 0.9186 -0.3501
vn -0.2164 0.9192 -0.3290
vn -0.2471 0.9198 -0.3049
vn 0.0072 0.9195 -0.3931
vn 0.3814 0.9244 -0.0088
vn -0.0071 0.9195 0.3931
vn -0.3815 0.9243 -0.0088
vn 0.8043 0.2551 -0.5367
vn 0.8526 0.2565 -0.4553
vn 0.8928 0.2572 -0.3697
vn 0.9247 0.2573 -0.2806
vn 0.9479 0.2567 -0.1888
vn 0.9621 0.2556 -0.0953
vn 0.1920 0.2245 -0.9554
vn 0.0977 0.2183 -0.9710
vn 0.2842 0.2301 -0.9307
vn 0.3735 0.2352 -0.8973
vn 0.4589 0.2400 -0.8554
vn 0.5398 0.2440 -0.8056
vn 0.6155 0.2477 -0.7482
vn 0.6852 0.2508 0.6838
vn 0.7483 0.2533 0.6131
vn 0.8042 0.2552 0.5367
vn 0.8526 0.2565 0.4553
vn 0.8928 0.2572 0.3697
vn 0.9247 0.2572 0.2806
vn 0.9479 0.2567 0.1888
vn 0.9621 0.2556 0.0952
vn 0.9666 0.2552 0.0240
vn 0.0250 0.2141 0.9765
vn 0.0977 0.2184 0.9709
vn 0.1920 0.2244 0.9554
vn 0.2842 0.2300 0.9308
vn 0.3734 0.2352 0.8973
vn 0.4589 0.2399 0.8555
vn 0.5398 0.2441 0.8056
vn 0.6155 0.2478 0.7482
vn -0.7483 0.2533 0.6131
vn -0.6852 0.2508 0.6838
vn -0.8042 0.2552 0.5367
vn -0.8526 0.2565 0.4553
vn -0.8929 0.2572 0.3697
vn -0.9247 0.2572 0.2806
vn -0.9479 0.2567 0.1888
vn -0.9621 0.2556 0.0953
vn -0.9666 0.2553 0.0240
vn -0.1920 0.2245 0.9554
vn -0.0977 0.2184 0.9709
vn -0.2842 0.2300 0.9308
vn -0.3734 0.2353 0.8973
vn -0.4589 0.2400 0.8555
vn -0.5399 0.2442 0.8056
vn -0.6155 0.2478 0.7482
vn -0.6852 0.2507 -0.6839
vn -0.7483 0.2533 -0.6132
vn -0.8043 0.2552 -0.5367
vn -0.8526 0.2565 -0.4553
vn -0.8929 0.2571 -0.3697
vn -0.9247 0.2572 -0.2806
vn -0.9479 0.2567 -0.1888
vn -0.9621 0.2556 -0.0953
vn -0.0250 0.2139 -0.9765
vn -0.0976 0.2183 -0.9710
vn -0.1920 0.2244 -0.9554
vn -0.2842 0.2302 -0.9307
vn -0.3735 0.2352 -0.8973
vn -0.4589 0.2399 -0.8555
vn -0.5399 0.2441 -0.8056
vn -0.6155 0.2477 -0.7482
vn 0.0251 0.2142 -0.9765
vn 0.9666 0.2553 -0.0240
vn -0.0250 0.2141 0.9765
vn -0.9666 0.2553 -0.0240
vn 0.6131 0.4963 -0.6147
vn 0.6694 0.4987 -0.5506
vn 0.3995 0.8568 -0.3260
vn 0.3691 0.8541 -0.3665
vn 0.7194 0.5006 -0.4815
vn 0.7626 0.5018 -0.4081
vn 0.7987 0.5025 -0.3310
vn 0.8273 0.5026 -0.2508
vn 0.8483 0.5021 -0.1684
vn 0.8613 0.5010 -0.0843
vn 0.0841 0.4610 -0.8834
vn 0.1698 0.4681 -0.8672
vn 0.2532 0.4743 -0.8432
vn 0.3337 0.4801 -0.8113
vn 0.4105 0.4851 -0.7721
vn 0.4831 0.4894 -0.7260
vn 0.5508 0.4932 -0.6734
vn 0.6131 0.4962 0.6147
vn 0.6694 0.4987 0.5506
vn 0.7194 0.5006 0.4815
vn 0.7626 0.5018 0.4081
vn 0.7987 0.5025 0.3310
vn 0.8273 0.5026 0.2508
vn 0.8483 0.5021 0.1684
vn 0.8613 0.5010 0.0842
vn 0.8679 0.4964 0.0210
vn 0.0841 0.4610 0.8834
vn 0.0204 0.4528 0.8914
vn 0.1698 0.4680 0.8672
vn 0.2532 0.4744 0.8431
vn 0.3336 0.4801 0.8113
vn 0.4105 0.4851 0.7721
vn 0.4831 0.4894 0.7260
vn 0.5508 0.4932 0.6734
vn -0.6131 0.4962 0.6147
vn -0.6694 0.4987 0.5506
vn -0.7194 0.5006 0.4815
vn -0.7626 0.5018 0.4081
vn -0.7987 0.5025 0.3310
vn -0.8273 0.5026 0.2509
vn -0.8483 0.5021 0.1684
vn -0.8614 0.5010 0.0842
vn -0.8679 0.4964 0.0210
vn -0.0841 0.4610 0.8834
vn -0.1698 0.4680 0.8672
vn -0.2532 0.4744 0.8431
vn -0.3336 0.4801 0.8113
vn -0.4105 0.4851 0.7721
vn -0.4831 0.4894 0.7260
vn -0.5508 0.4932 0.6734
vn -0.6694 0.4987 -0.5506
vn -0.6131 0.4962 -0.6147
vn -0.7194 0.5006 -0.4815
vn -0.7626 0.5018 -0.4081
vn -0.7987 0.5025 -0.3310
vn -0.8273 0.5026 -0.2509
vn -0.8483 0.5021 -0.1684
vn -0.8614 0.5010 -0.0842
vn -0.0204 0.4527 -0.8914
vn -0.0840 0.4609 -0.8835
vn -0.1696 0.4680 -0.8673
vn -0.2532 0.4745 -0.8431
vn -0.3337 0.4801 -0.8112
vn -0.4105 0.4851 -0.7721
vn -0.4831 0.4894 -0.7260
vn -0.5508 0.4932 -0.6734
vn 0.0205 0.4527 -0.8914
vn 0.8679 0.4964 -0.0210
vn -0.0204 0.4528 0.8914
vn -0.8679 0.4964 -0.0210
vn 0.4264 0.8589 -0.2836
vn 0.4499 0.8603 -0.2397
vn 0.4699 0.8611 -0.1944
vn 0.4864 0.8612 -0.1477
vn 0.4994 0.8606 -0.0999
vn 0.5088 0.8594 -0.0511
vn 0.1158 0.8210 -0.5591
vn 0.0618 0.8121 -0.5803
vn 0.1663 0.8285 -0.5348
vn 0.2136 0.8353 -0.5066
vn 0.2576 0.8412 -0.4754
vn 0.2982 0.8463 -0.4415
vn 0.3354 0.8505 -0.4051
vn 0.3691 0.8541 0.3665
vn 0.3995 0.8568 0.3260
vn 0.4264 0.8589 0.2836
vn 0.4499 0.8603 0.2397
vn 0.4699 0.8611 0.1944
vn 0.4864 0.8612 0.1477
vn 0.4994 0.8606 0.0999
vn 0.5088 0.8594 0.0511
vn 0.5136 0.8580 0.0132
vn 0.0170 0.8044 0.5938
vn 0.0620 0.8122 0.5801
vn 0.1157 0.8209 0.5593
vn 0.1663 0.8286 0.5346
vn 0.2136 0.8353 0.5065
vn 0.2576 0.8412 0.4754
vn 0.2982 0.8463 0.4415
vn 0.3354 0.8505 0.4051
vn -0.3995 0.8568 0.3260
vn -0.3692 0.8540 0.3665
vn -0.4264 0.8589 0.2837
vn -0.4499 0.8603 0.2397
vn -0.4699 0.8611 0.1944
vn -0.4864 0.8611 0.1477
vn -0.4994 0.8606 0.0999
vn -0.5088 0.8594 0.0511
vn -0.5136 0.8579 0.0131
vn -0.1157 0.8209 0.5593
vn -0.0619 0.8122 0.5801
vn -0.1663 0.8286 0.5346
vn -0.2136 0.8353 0.5065
vn -0.2576 0.8412 0.4754
vn -0.2982 0.8463 0.4414
vn -0.3354 0.8506 0.4051
vn -0.3691 0.8541 -0.3665
vn -0.3995 0.8568 -0.3260
vn -0.4264 0.8589 -0.2836
vn -0.4499 0.8603 -0.2397
vn -0.4699 0.8611 -0.1944
vn -0.4864 0.8611 -0.1477
vn -0.4994 0.8606 -0.0999
vn -0.5088 0.8593 -0.0511
vn -0.0171 0.8044 -0.5939
vn -0.0619 0.8120 -0.5803
vn -0.1155 0.8209 -0.5593
vn -0.1663 0.8287 -0.5345
vn -0.2137 0.8354 -0.5065
vn -0.2576 0.8412 -0.4753
vn -0.2982 0.8463 -0.4414
vn -0.3354 0.8506 -0.4051
vn 0.0171 0.8044 -0.5938
vn 0.5136 0.8579 -0.0131
vn -0.0170 0.8044 0.5938
vn -0.5136 0.8579 -0.0131
vn 0.2906 0.9261 0.2407
vn -0.0002 1.0000 0.0024
vn 0.7071 0.0002 0.7071
vn 0.7071 -0.0000 -0.7071
vn 0.6165 0.5257 -0.5861
vn 0.6165 0.5257 0.5861
vn -0.7071 0.0002 -0.7071
vn -0.7071 -0.0000 0.7071
vn -0.6176 0.5241 0.5864
vn -0.6176 0.5241 -0.5864
vn -0.0592 0.7222 0.6892
vn -0.0592 0.7222 -0.6892
vn -0.7071 0.0002 0.7071
vn -0.7071 -0.0000 -0.7071
vn 0.0573 0.7218 -0.6897
vn 0.0573 0.7218 0.6897
vn 0.7071 -0.0000 0.7071
vn 0.7071 0.0002 -0.7071
vt 0.004161 0.107959
vt 0.136946 0.124412
vt 0.589369 0.124412
vt 0.763641 0.107959
vt 0.763653 0.048469
vt 0.004161 0.048469
vt 0.004161 0.071081
vt 0.763653 0.071081
vt 0.375442 0.321168
vt 0.391895 0.347713
vt 0.391895 0.302701
vt 0.063290 0.124412
vt 0.661110 0.124412
vt 0.576408 0.999877
vt 0.649174 0.712842
vt 0.629080 0.661009
vt 0.004161 0.124412
vt 0.576407 0.134343
vt 0.649173 0.420590
vt 0.667654 0.398469
vt 0.375443 0.302203
vt 0.391895 0.302204
vt 0.375443 0.283736
vt 0.391895 0.257192
vt 0.375443 0.261124
vt 0.375442 0.302701
vt 0.763641 0.124412
vt 0.667655 0.737145
vt 0.763651 0.107462
vt 0.763651 0.090545
vt 0.004161 0.090545
vt 0.004161 0.107462
vt 0.629080 0.454249
vt 0.999878 0.999878
vt 0.905286 0.727452
vt 0.872017 0.755481
vt 0.003853 0.302701
vt 0.003853 0.321168
vt 0.695244 0.755481
vt 0.999878 0.134340
vt 0.886275 0.388243
vt 0.905286 0.411887
vt 0.680771 0.388243
vt 0.843120 0.374765
vt 0.003853 0.283735
vt 0.003853 0.302203
vt 0.721358 0.374765
vt 0.924332 0.691162
vt 0.924332 0.435625
vt 0.941138 0.650276
vt 0.004161 0.071579
vt 0.004161 0.090048
vt 0.763626 0.090048
vt 0.763626 0.071581
vt 0.941139 0.478556
vt 0.375442 0.343781
vt 0.763653 0.047972
vt 0.763653 0.002959
vt 0.004161 0.002959
vt 0.004161 0.047972
vt 0.362677 0.250854
vt 0.362667 0.249149
vt 0.356469 0.249197
vt 0.356485 0.250947
vt 0.362670 0.247436
vt 0.356462 0.247451
vt 0.362681 0.245714
vt 0.356460 0.245708
vt 0.362699 0.243981
vt 0.356459 0.243967
vt 0.362719 0.242237
vt 0.356456 0.242225
vt 0.362699 0.240491
vt 0.356448 0.240483
vt 0.362681 0.238754
vt 0.356438 0.238739
vt 0.362670 0.237024
vt 0.356428 0.236990
vt 0.362667 0.235299
vt 0.356421 0.235235
vt 0.362677 0.233579
vt 0.356422 0.233474
vt 0.362704 0.231863
vt 0.356436 0.231703
vt 0.362749 0.230148
vt 0.356470 0.229927
vt 0.362815 0.228428
vt 0.356534 0.228147
vt 0.362815 0.255924
vt 0.362748 0.254240
vt 0.356568 0.254457
vt 0.356650 0.256205
vt 0.356516 0.252701
vt 0.362703 0.252550
vt 0.349622 0.256694
vt 0.349669 0.254703
vt 0.349505 0.229773
vt 0.349405 0.227793
vt 0.349614 0.231668
vt 0.349718 0.233501
vt 0.349810 0.235291
vt 0.349886 0.237049
vt 0.349943 0.238785
vt 0.349980 0.240509
vt 0.349998 0.242226
vt 0.349996 0.243944
vt 0.349974 0.245669
vt 0.349932 0.247407
vt 0.349877 0.249169
vt 0.349811 0.250962
vt 0.349738 0.252801
vt 0.345716 0.250743
vt 0.345508 0.252521
vt 0.335960 0.251783
vt 0.345235 0.254356
vt 0.336243 0.250459
vt 0.345872 0.249006
vt 0.345984 0.247299
vt 0.346090 0.245618
vt 0.346130 0.243953
vt 0.346139 0.242294
vt 0.346115 0.240636
vt 0.346058 0.238972
vt 0.345967 0.237297
vt 0.345836 0.235604
vt 0.345659 0.233883
vt 0.345428 0.232125
vt 0.345127 0.230314
vt 0.344735 0.228430
vt 0.344873 0.256273
vt 0.335630 0.253078
vt 0.336063 0.232769
vt 0.335765 0.231510
vt 0.336324 0.234066
vt 0.336544 0.235390
vt 0.336724 0.236734
vt 0.336862 0.238092
vt 0.336945 0.239464
vt 0.337001 0.240842
vt 0.337017 0.242226
vt 0.336992 0.243612
vt 0.336925 0.244997
vt 0.336828 0.246378
vt 0.336676 0.247751
vt 0.336482 0.249112
vt 0.324942 0.246392
vt 0.324814 0.247465
vt 0.325041 0.245315
vt 0.325110 0.244235
vt 0.325150 0.243152
vt 0.325160 0.242065
vt 0.325183 0.240980
vt 0.325176 0.239901
vt 0.325141 0.238825
vt 0.325076 0.237754
vt 0.324982 0.236689
vt 0.324860 0.235630
vt 0.324712 0.234576
vt 0.324536 0.233527
vt 0.324472 0.249602
vt 0.324258 0.250673
vt 0.324657 0.248535
vt 0.145128 0.246109
vt 0.146154 0.247555
vt 0.147439 0.246261
vt 0.145948 0.245306
vt 0.144082 0.246554
vt 0.144485 0.248273
vt 0.142001 0.241254
vt 0.141079 0.239757
vt 0.139739 0.241001
vt 0.141181 0.242055
vt 0.148138 0.244576
vt 0.146404 0.244258
vt 0.138964 0.242705
vt 0.140736 0.243110
vt 0.148138 0.242759
vt 0.146427 0.243123
vt 0.138936 0.244562
vt 0.140683 0.244244
vt 0.147446 0.241096
vt 0.146016 0.242072
vt 0.139612 0.246303
vt 0.141127 0.245303
vt 0.146195 0.239840
vt 0.145235 0.241262
vt 0.140945 0.247624
vt 0.141910 0.246116
vt 0.144549 0.239117
vt 0.144195 0.240824
vt 0.142658 0.248304
vt 0.142952 0.246556
vt 0.142751 0.239116
vt 0.143062 0.240821
vt 0.009255 0.238454
vt 0.003874 0.238596
vt 0.003970 0.242202
vt 0.009392 0.241946
vt 0.009196 0.234994
vt 0.003853 0.235023
vt 0.009228 0.231557
vt 0.003896 0.231485
vt 0.009280 0.228139
vt 0.003994 0.227959
vt 0.009414 0.224732
vt 0.004169 0.224437
vt 0.009693 0.221335
vt 0.004425 0.220936
vt 0.009978 0.217942
vt 0.004735 0.217452
vt 0.010341 0.214544
vt 0.005098 0.213973
vt 0.010766 0.211132
vt 0.005509 0.210496
vt 0.011237 0.207690
vt 0.005949 0.207020
vt 0.011727 0.204209
vt 0.006398 0.203536
vt 0.012180 0.200702
vt 0.006843 0.200025
vt 0.010221 0.252644
vt 0.004696 0.253092
vt 0.004980 0.256694
vt 0.010486 0.256270
vt 0.009901 0.249039
vt 0.004403 0.249472
vt 0.009591 0.245478
vt 0.013107 0.245199
vt 0.012826 0.241741
vt 0.012642 0.238327
vt 0.012541 0.234945
vt 0.012509 0.231593
vt 0.012600 0.228255
vt 0.012765 0.224922
vt 0.012957 0.221599
vt 0.013275 0.218282
vt 0.013658 0.214952
vt 0.014115 0.211597
vt 0.014640 0.208196
vt 0.015219 0.204709
vt 0.015813 0.201068
vt 0.014187 0.256175
vt 0.013805 0.252345
vt 0.013425 0.248724
vt 0.018760 0.244670
vt 0.019218 0.248034
vt 0.018390 0.241369
vt 0.018163 0.238105
vt 0.018035 0.234871
vt 0.017963 0.231660
vt 0.018022 0.228460
vt 0.018169 0.225268
vt 0.018363 0.222084
vt 0.018688 0.218903
vt 0.019066 0.215713
vt 0.019581 0.212504
vt 0.020208 0.209252
vt 0.020980 0.205911
vt 0.021967 0.202381
vt 0.019833 0.251498
vt 0.020661 0.255152
vt 0.027150 0.243469
vt 0.026850 0.240513
vt 0.026568 0.237558
vt 0.026379 0.234598
vt 0.026371 0.231635
vt 0.026359 0.228678
vt 0.026431 0.225729
vt 0.026680 0.222792
vt 0.026921 0.219862
vt 0.027340 0.216960
vt 0.027769 0.214069
vt 0.028306 0.211215
vt 0.028963 0.208415
vt 0.029766 0.205722
vt 0.028991 0.252052
vt 0.028248 0.249252
vt 0.027640 0.246384
vt 0.040589 0.241762
vt 0.040353 0.239198
vt 0.040118 0.236636
vt 0.039952 0.234066
vt 0.039923 0.231493
vt 0.039901 0.228928
vt 0.039951 0.226364
vt 0.040137 0.223808
vt 0.040328 0.221260
vt 0.040655 0.218729
vt 0.040983 0.216208
vt 0.041371 0.213705
vt 0.041800 0.211229
vt 0.042247 0.208785
vt 0.041693 0.249273
vt 0.041320 0.246814
vt 0.040939 0.244303
vt 0.045870 0.241162
vt 0.045578 0.238711
vt 0.045370 0.236269
vt 0.045230 0.233840
vt 0.045137 0.231417
vt 0.045138 0.228997
vt 0.045210 0.226586
vt 0.045324 0.224177
vt 0.045541 0.221774
vt 0.045797 0.219369
vt 0.046151 0.216962
vt 0.046571 0.214539
vt 0.047054 0.212073
vt 0.047590 0.209498
vt 0.047015 0.248834
vt 0.046586 0.246176
vt 0.046201 0.243641
vt 0.047091 0.241011
vt 0.047442 0.243462
vt 0.046795 0.238590
vt 0.046578 0.236185
vt 0.046430 0.233788
vt 0.046341 0.231399
vt 0.046336 0.229018
vt 0.046405 0.226640
vt 0.046518 0.224266
vt 0.046731 0.221899
vt 0.046989 0.219529
vt 0.047346 0.217161
vt 0.047778 0.214773
vt 0.048290 0.212342
vt 0.048898 0.209795
vt 0.047865 0.245966
vt 0.048375 0.248595
vt 0.052771 0.240175
vt 0.052455 0.237944
vt 0.052213 0.235717
vt 0.052041 0.233496
vt 0.051939 0.231281
vt 0.051908 0.229071
vt 0.051945 0.226864
vt 0.052087 0.224666
vt 0.052264 0.222474
vt 0.052545 0.220292
vt 0.052868 0.218118
vt 0.053269 0.215956
vt 0.053755 0.213817
vt 0.054340 0.211745
vt 0.054156 0.246823
vt 0.053621 0.244636
vt 0.053159 0.242409
vt 0.055493 0.239725
vt 0.055886 0.241871
vt 0.055173 0.237583
vt 0.054923 0.235445
vt 0.054745 0.233312
vt 0.054637 0.231186
vt 0.054600 0.229067
vt 0.054637 0.226955
vt 0.054755 0.224849
vt 0.054939 0.222742
vt 0.055195 0.220645
vt 0.055512 0.218553
vt 0.055892 0.216479
vt 0.056340 0.214427
vt 0.056852 0.212402
vt 0.056347 0.244024
vt 0.056852 0.246195
vt 0.371532 0.254325
vt 0.372509 0.255780
vt 0.374131 0.254115
vt 0.372714 0.253175
vt 0.370011 0.254987
vt 0.370341 0.256689
vt 0.368357 0.255014
vt 0.368020 0.256694
vt 0.366821 0.254419
vt 0.365900 0.255836
vt 0.365649 0.253258
vt 0.364245 0.254246
vt 0.365011 0.251740
vt 0.363312 0.252101
vt 0.364985 0.250105
vt 0.363313 0.249793
vt 0.365603 0.248585
vt 0.364149 0.247661
vt 0.366766 0.247429
vt 0.365780 0.245966
vt 0.368306 0.246782
vt 0.367968 0.245060
vt 0.369963 0.246739
vt 0.370307 0.245041
vt 0.371497 0.247341
vt 0.372463 0.245914
vt 0.372673 0.248487
vt 0.374112 0.247546
vt 0.373315 0.249998
vt 0.375002 0.249684
vt 0.373328 0.251643
vt 0.375002 0.251992
vt 0.004147 0.245835
vt 0.317401 0.235331
vt 0.323547 0.235422
vt 0.323573 0.233733
vt 0.317431 0.233590
vt 0.317383 0.237068
vt 0.323535 0.237117
vt 0.317371 0.238802
vt 0.323533 0.238820
vt 0.317363 0.240536
vt 0.323540 0.240530
vt 0.317357 0.242271
vt 0.323554 0.242248
vt 0.317350 0.244011
vt 0.323572 0.243974
vt 0.317343 0.245756
vt 0.323595 0.245710
vt 0.317335 0.247509
vt 0.323621 0.247455
vt 0.317328 0.249272
vt 0.323652 0.249211
vt 0.317325 0.251045
vt 0.323653 0.250955
vt 0.317332 0.252827
vt 0.323670 0.252693
vt 0.317356 0.254617
vt 0.323705 0.254429
vt 0.317407 0.256412
vt 0.323761 0.256169
vt 0.317547 0.230100
vt 0.323677 0.230376
vt 0.323761 0.228706
vt 0.317647 0.228363
vt 0.317477 0.231846
vt 0.323615 0.232051
vt 0.310659 0.227787
vt 0.310683 0.229775
vt 0.310356 0.254709
vt 0.310236 0.256694
vt 0.310480 0.252808
vt 0.310597 0.250970
vt 0.310699 0.249177
vt 0.310783 0.247417
vt 0.310846 0.245678
vt 0.310890 0.243954
vt 0.310915 0.242237
vt 0.310921 0.240520
vt 0.310909 0.238797
vt 0.310881 0.237060
vt 0.310840 0.235301
vt 0.310788 0.233510
vt 0.310732 0.231674
vt 0.306698 0.233693
vt 0.306503 0.231911
vt 0.306246 0.230070
vt 0.296908 0.232514
vt 0.297189 0.233854
vt 0.306843 0.235431
vt 0.306947 0.237136
vt 0.307016 0.238820
vt 0.307051 0.240489
vt 0.307054 0.242149
vt 0.307025 0.243808
vt 0.306962 0.245472
vt 0.306862 0.247147
vt 0.306722 0.248840
vt 0.306536 0.250560
vt 0.306293 0.252317
vt 0.305978 0.254125
vt 0.305565 0.256004
vt 0.305906 0.228145
vt 0.296584 0.231201
vt 0.296980 0.251555
vt 0.296676 0.252805
vt 0.297245 0.250265
vt 0.297470 0.248948
vt 0.297652 0.247609
vt 0.297793 0.246254
vt 0.297892 0.244887
vt 0.297950 0.243511
vt 0.297967 0.242129
vt 0.297942 0.240743
vt 0.297876 0.239356
vt 0.297769 0.237970
vt 0.297619 0.236588
vt 0.297425 0.235214
vt 0.285792 0.238025
vt 0.285621 0.236933
vt 0.285934 0.239114
vt 0.286046 0.240200
vt 0.286130 0.241282
vt 0.286184 0.242360
vt 0.286208 0.243434
vt 0.286203 0.244504
vt 0.286169 0.245568
vt 0.286105 0.246627
vt 0.286013 0.247680
vt 0.285892 0.248728
vt 0.285745 0.249770
vt 0.285571 0.250807
vt 0.285199 0.234739
vt 0.284982 0.233646
vt 0.285424 0.235837
vt 0.389740 0.248191
vt 0.388444 0.249475
vt 0.389890 0.250502
vt 0.390694 0.249682
vt 0.387725 0.251144
vt 0.389445 0.251547
vt 0.394995 0.255894
vt 0.396240 0.254554
vt 0.394743 0.253631
vt 0.393942 0.254451
vt 0.391425 0.247493
vt 0.391742 0.249227
vt 0.393291 0.256668
vt 0.392887 0.254896
vt 0.393242 0.247494
vt 0.392877 0.249205
vt 0.391433 0.256694
vt 0.391753 0.254948
vt 0.394904 0.248187
vt 0.393928 0.249616
vt 0.389693 0.256018
vt 0.390694 0.254503
vt 0.396160 0.249439
vt 0.394738 0.250398
vt 0.388373 0.254684
vt 0.389882 0.253720
vt 0.396881 0.251085
vt 0.395175 0.251438
vt 0.387693 0.252970
vt 0.389442 0.252678
vt 0.396881 0.252883
vt 0.395177 0.252571
vt 0.057484 0.214495
vt 0.057378 0.218102
vt 0.062761 0.218257
vt 0.062906 0.214765
vt 0.057349 0.221675
vt 0.062694 0.221718
vt 0.062717 0.225156
vt 0.057384 0.225216
vt 0.057473 0.228743
vt 0.062762 0.228575
vt 0.057640 0.232266
vt 0.062888 0.231983
vt 0.063159 0.235383
vt 0.057889 0.235769
vt 0.058191 0.239256
vt 0.063437 0.238777
vt 0.063793 0.242177
vt 0.058547 0.242737
vt 0.058950 0.246216
vt 0.064210 0.245592
vt 0.059383 0.249695
vt 0.064675 0.249035
vt 0.059824 0.253181
vt 0.065157 0.252519
vt 0.060262 0.256694
vt 0.065603 0.256028
vt 0.058530 0.200002
vt 0.058237 0.203604
vt 0.063762 0.204066
vt 0.064036 0.200441
vt 0.057934 0.207224
vt 0.063432 0.207671
vt 0.066341 0.214978
vt 0.066630 0.211520
vt 0.063114 0.211232
vt 0.066148 0.218393
vt 0.066039 0.221775
vt 0.066000 0.225127
vt 0.066083 0.228467
vt 0.066241 0.231801
vt 0.066426 0.235125
vt 0.066736 0.238444
vt 0.067112 0.241776
vt 0.067562 0.245133
vt 0.068080 0.248537
vt 0.068652 0.252027
vt 0.069238 0.255671
vt 0.067737 0.200545
vt 0.067346 0.204375
vt 0.066957 0.207996
vt 0.072283 0.212063
vt 0.072749 0.208700
vt 0.071904 0.215363
vt 0.071670 0.218627
vt 0.071534 0.221862
vt 0.071455 0.225073
vt 0.071507 0.228274
vt 0.071646 0.231467
vt 0.071833 0.234652
vt 0.072151 0.237834
vt 0.072523 0.241026
vt 0.073032 0.244238
vt 0.073652 0.247492
vt 0.074418 0.250836
vt 0.075398 0.254370
vt 0.073373 0.205237
vt 0.074210 0.201585
vt 0.080363 0.216239
vt 0.080669 0.213284
vt 0.080074 0.219194
vt 0.079878 0.222154
vt 0.079864 0.225117
vt 0.079845 0.228074
vt 0.079911 0.231024
vt 0.080154 0.233961
vt 0.080389 0.236892
vt 0.080802 0.239796
vt 0.081226 0.242689
vt 0.081757 0.245545
vt 0.082409 0.248347
vt 0.083207 0.251042
vt 0.082532 0.204707
vt 0.081782 0.207505
vt 0.081167 0.210371
vt 0.093857 0.217584
vt 0.094098 0.215022
vt 0.093618 0.220145
vt 0.093448 0.222714
vt 0.093414 0.225286
vt 0.093387 0.227851
vt 0.093433 0.230415
vt 0.093614 0.232971
vt 0.093801 0.235520
vt 0.094123 0.238052
vt 0.094447 0.240574
vt 0.094831 0.243078
vt 0.095256 0.245555
vt 0.095700 0.248002
vt 0.095225 0.207521
vt 0.094844 0.209975
vt 0.094455 0.212484
vt 0.099077 0.218079
vt 0.099371 0.215632
vt 0.098866 0.220519
vt 0.098724 0.222947
vt 0.098628 0.225370
vt 0.098625 0.227791
vt 0.098694 0.230201
vt 0.098803 0.232612
vt 0.099016 0.235015
vt 0.099268 0.237421
vt 0.099617 0.239829
vt 0.100032 0.242252
vt 0.100511 0.244718
vt 0.101048 0.247294
vt 0.100538 0.207982
vt 0.100103 0.210629
vt 0.099704 0.213158
vt 0.100589 0.215784
vt 0.100942 0.213341
vt 0.100293 0.218201
vt 0.100074 0.220605
vt 0.099924 0.223001
vt 0.099832 0.225390
vt 0.099823 0.227772
vt 0.099888 0.230150
vt 0.099998 0.232525
vt 0.100207 0.234893
vt 0.100460 0.237263
vt 0.100812 0.239632
vt 0.101239 0.242020
vt 0.101747 0.244450
vt 0.102357 0.246995
vt 0.101380 0.210842
vt 0.101892 0.208225
vt 0.105953 0.218849
vt 0.106266 0.216619
vt 0.105710 0.221076
vt 0.105537 0.223298
vt 0.105433 0.225515
vt 0.105399 0.227726
vt 0.105432 0.229935
vt 0.105570 0.232135
vt 0.105742 0.234328
vt 0.106019 0.236513
vt 0.106336 0.238688
vt 0.106729 0.240851
vt 0.107207 0.242990
vt 0.107772 0.245069
vt 0.107609 0.209988
vt 0.107081 0.212164
vt 0.106649 0.214392
vt 0.108988 0.217060
vt 0.109369 0.214909
vt 0.108672 0.219207
vt 0.108423 0.221348
vt 0.108244 0.223484
vt 0.108133 0.225613
vt 0.108093 0.227735
vt 0.108126 0.229849
vt 0.108241 0.231958
vt 0.108420 0.234066
vt 0.108671 0.236166
vt 0.108983 0.238261
vt 0.109356 0.240339
vt 0.109796 0.242396
vt 0.110295 0.244429
vt 0.109807 0.212757
vt 0.110295 0.210594
vt 0.380183 0.245052
vt 0.378037 0.245942
vt 0.379012 0.247363
vt 0.380545 0.246740
vt 0.377834 0.248518
vt 0.376399 0.247579
vt 0.375516 0.249703
vt 0.377184 0.250028
vt 0.375499 0.251972
vt 0.377152 0.251665
vt 0.377773 0.253186
vt 0.376327 0.254102
vt 0.377952 0.255785
vt 0.378928 0.254350
vt 0.380096 0.256659
vt 0.380442 0.254986
vt 0.382100 0.254979
vt 0.382395 0.256694
vt 0.384599 0.255868
vt 0.383648 0.254382
vt 0.384840 0.253239
vt 0.386294 0.254205
vt 0.387196 0.252045
vt 0.385493 0.251724
vt 0.387196 0.249717
vt 0.385508 0.250078
vt 0.386304 0.247572
vt 0.384885 0.248553
vt 0.384658 0.245933
vt 0.383723 0.247384
vt 0.382509 0.245048
vt 0.382199 0.246747
vt 0.057669 0.210861
vt 0.495142 0.201560
vt 0.491315 0.200390
vt 0.490764 0.203839
vt 0.494505 0.204850
vt 0.492411 0.196635
vt 0.496312 0.198039
vt 0.487873 0.199520
vt 0.488820 0.195585
vt 0.487427 0.203069
vt 0.484724 0.198914
vt 0.484388 0.202524
vt 0.485460 0.194846
vt 0.481766 0.198529
vt 0.482248 0.194376
vt 0.481535 0.202164
vt 0.478022 0.347713
vt 0.477962 0.339278
vt 0.473690 0.339052
vt 0.473340 0.347459
vt 0.482230 0.338989
vt 0.482704 0.347396
vt 0.477901 0.331106
vt 0.481840 0.330859
vt 0.473957 0.330915
vt 0.478916 0.198340
vt 0.478767 0.201968
vt 0.479100 0.194147
vt 0.476053 0.198286
vt 0.475939 0.194093
vt 0.475984 0.201946
vt 0.459766 0.343272
vt 0.461015 0.335719
vt 0.456754 0.334086
vt 0.455444 0.341278
vt 0.465222 0.337186
vt 0.464164 0.345106
vt 0.461996 0.328119
vt 0.466036 0.329363
vt 0.457818 0.326705
vt 0.452493 0.202238
vt 0.447246 0.203219
vt 0.447696 0.206141
vt 0.452907 0.205389
vt 0.446616 0.200078
vt 0.451721 0.198872
vt 0.442355 0.204052
vt 0.441745 0.201121
vt 0.442851 0.206716
vt 0.468696 0.346551
vt 0.469441 0.338328
vt 0.470009 0.330314
vt 0.462166 0.200128
vt 0.457584 0.201134
vt 0.457959 0.204482
vt 0.462503 0.203614
vt 0.456735 0.197563
vt 0.461377 0.196360
vt 0.469816 0.198747
vt 0.466231 0.199309
vt 0.466477 0.202895
vt 0.469958 0.202387
vt 0.465507 0.195379
vt 0.469239 0.194689
vt 0.473050 0.198417
vt 0.473084 0.202082
vt 0.472682 0.194268
vt 0.503775 0.204545
vt 0.499339 0.202978
vt 0.498674 0.206041
vt 0.503126 0.207282
vt 0.500568 0.199755
vt 0.504911 0.201677
vt 0.477755 0.288541
vt 0.477805 0.273146
vt 0.474240 0.273141
vt 0.474274 0.288510
vt 0.481369 0.273172
vt 0.481233 0.288520
vt 0.477923 0.254389
vt 0.481570 0.254457
vt 0.474274 0.254408
vt 0.484732 0.288476
vt 0.484935 0.273211
vt 0.488546 0.273261
vt 0.488294 0.288410
vt 0.485219 0.254603
vt 0.488885 0.254813
vt 0.488933 0.182045
vt 0.486952 0.189352
vt 0.490754 0.190498
vt 0.493345 0.183946
vt 0.483172 0.188583
vt 0.484364 0.180805
vt 0.497555 0.186386
vt 0.494617 0.192020
vt 0.498607 0.193888
vt 0.501511 0.189189
vt 0.505401 0.192055
vt 0.502721 0.196056
vt 0.506884 0.198413
vt 0.509320 0.194886
vt 0.444513 0.192371
vt 0.445653 0.196335
vt 0.450469 0.194957
vt 0.448982 0.190901
vt 0.440993 0.197521
vt 0.440000 0.193515
vt 0.453264 0.189031
vt 0.455158 0.193420
vt 0.459610 0.191873
vt 0.457425 0.186878
vt 0.463817 0.190503
vt 0.467825 0.189411
vt 0.461590 0.184650
vt 0.465939 0.182691
vt 0.470452 0.181226
vt 0.471721 0.188648
vt 0.475554 0.188236
vt 0.475081 0.180402
vt 0.479374 0.188175
vt 0.479729 0.180314
vt 0.438373 0.329723
vt 0.443096 0.330205
vt 0.444062 0.323288
vt 0.439335 0.322890
vt 0.442065 0.336806
vt 0.437380 0.336359
vt 0.447793 0.331126
vt 0.446647 0.337820
vt 0.448816 0.324090
vt 0.440234 0.315525
vt 0.444903 0.315799
vt 0.445622 0.307668
vt 0.441031 0.307452
vt 0.449594 0.316461
vt 0.450218 0.308177
vt 0.493729 0.327888
vt 0.494850 0.335451
vt 0.499072 0.333732
vt 0.497857 0.326411
vt 0.490670 0.336992
vt 0.489725 0.329192
vt 0.496246 0.342994
vt 0.491862 0.344906
vt 0.500551 0.340908
vt 0.487341 0.346421
vt 0.486469 0.338201
vt 0.485775 0.330202
vt 0.452359 0.332488
vt 0.451097 0.339385
vt 0.453428 0.325299
vt 0.441719 0.298543
vt 0.446251 0.298740
vt 0.446711 0.287720
vt 0.442295 0.287601
vt 0.450820 0.299051
vt 0.451156 0.287848
vt 0.492619 0.310693
vt 0.493056 0.319748
vt 0.497101 0.318489
vt 0.496581 0.309742
vt 0.489165 0.320856
vt 0.488819 0.311527
vt 0.504882 0.338898
vt 0.503411 0.332031
vt 0.507895 0.330533
vt 0.509320 0.337175
vt 0.502173 0.324937
vt 0.506678 0.323649
vt 0.477843 0.322462
vt 0.474084 0.322302
vt 0.481598 0.322257
vt 0.477792 0.312730
vt 0.481447 0.312579
vt 0.474132 0.312610
vt 0.485361 0.321706
vt 0.485112 0.312166
vt 0.458461 0.318709
vt 0.454141 0.317497
vt 0.454673 0.308968
vt 0.458902 0.309889
vt 0.462553 0.319927
vt 0.466478 0.320991
vt 0.462900 0.310812
vt 0.466728 0.311619
vt 0.470306 0.321796
vt 0.470456 0.312228
vt 0.463217 0.254877
vt 0.463334 0.273180
vt 0.467047 0.273162
vt 0.466946 0.254666
vt 0.459479 0.273192
vt 0.459381 0.255105
vt 0.463489 0.288276
vt 0.459601 0.288146
vt 0.467189 0.288380
vt 0.491971 0.288319
vt 0.492110 0.300407
vt 0.495991 0.299921
vt 0.495825 0.288203
vt 0.488415 0.300824
vt 0.501362 0.317240
vt 0.505848 0.316169
vt 0.500770 0.308794
vt 0.505196 0.307968
vt 0.477757 0.301427
vt 0.474225 0.301359
vt 0.481285 0.301347
vt 0.484826 0.301141
vt 0.459431 0.299979
vt 0.455250 0.299490
vt 0.455483 0.287999
vt 0.463348 0.300454
vt 0.467068 0.300860
vt 0.470674 0.301166
vt 0.470766 0.288456
vt 0.484758 0.213764
vt 0.484104 0.206154
vt 0.481330 0.205827
vt 0.481561 0.213372
vt 0.487061 0.206632
vt 0.488042 0.214371
vt 0.467111 0.232455
vt 0.463428 0.233077
vt 0.465036 0.214592
vt 0.468587 0.213893
vt 0.459661 0.233744
vt 0.461233 0.215441
vt 0.453171 0.208418
vt 0.458203 0.207768
vt 0.457119 0.216259
vt 0.452733 0.216875
vt 0.462735 0.207097
vt 0.500122 0.299420
vt 0.504489 0.298954
vt 0.499899 0.288074
vt 0.504183 0.287938
vt 0.466656 0.206493
vt 0.470055 0.206044
vt 0.470620 0.254504
vt 0.470773 0.231982
vt 0.474438 0.231697
vt 0.471960 0.213436
vt 0.475208 0.213206
vt 0.492606 0.255073
vt 0.492243 0.273314
vt 0.496078 0.273368
vt 0.496434 0.255351
vt 0.500085 0.273417
vt 0.504282 0.273456
vt 0.500413 0.255603
vt 0.504552 0.255790
vt 0.478393 0.213199
vt 0.478629 0.205636
vt 0.475913 0.205637
vt 0.447024 0.255439
vt 0.446943 0.273141
vt 0.451249 0.273178
vt 0.451259 0.255432
vt 0.442655 0.273094
vt 0.442761 0.255333
vt 0.455394 0.255305
vt 0.455445 0.273194
vt 0.491467 0.215201
vt 0.490325 0.207300
vt 0.494029 0.208138
vt 0.495108 0.216153
vt 0.455736 0.234325
vt 0.451639 0.234701
vt 0.447416 0.234741
vt 0.443165 0.234428
vt 0.448201 0.217071
vt 0.443803 0.216795
vt 0.448003 0.208918
vt 0.443213 0.209294
vt 0.499035 0.217031
vt 0.500339 0.234659
vt 0.504443 0.235043
vt 0.503262 0.217636
vt 0.496433 0.234053
vt 0.492695 0.233346
vt 0.489047 0.232674
vt 0.485415 0.232136
vt 0.481770 0.231777
vt 0.478107 0.231637
vt 0.473094 0.205769
vt 0.470668 0.273147
vt 0.498217 0.209052
vt 0.502702 0.209921
vt 0.144829 0.457730
vt 0.130509 0.469207
vt 0.183904 0.529484
vt 0.193224 0.521745
vt 0.189390 0.536475
vt 0.198277 0.529143
vt 0.203132 0.514726
vt 0.207661 0.522410
vt 0.213606 0.508577
vt 0.217551 0.516562
vt 0.224600 0.503383
vt 0.227932 0.511663
vt 0.236062 0.499186
vt 0.238763 0.507740
vt 0.247943 0.496128
vt 0.249985 0.504905
vt 0.260154 0.494132
vt 0.261499 0.503119
vt 0.152897 0.594948
vt 0.144561 0.591127
vt 0.141227 0.603727
vt 0.150071 0.606848
vt 0.156740 0.583609
vt 0.148874 0.579188
vt 0.161531 0.572863
vt 0.154128 0.567876
vt 0.167229 0.562741
vt 0.160299 0.557212
vt 0.173798 0.553282
vt 0.167353 0.547233
vt 0.175245 0.537980
vt 0.181199 0.544519
vt 0.395047 0.531468
vt 0.386045 0.523408
vt 0.380822 0.530545
vt 0.389310 0.538257
vt 0.376392 0.516177
vt 0.371731 0.523669
vt 0.366129 0.509851
vt 0.362058 0.517689
vt 0.355310 0.504480
vt 0.351847 0.512641
vt 0.343993 0.500098
vt 0.341155 0.508552
vt 0.332231 0.496851
vt 0.330049 0.505538
vt 0.320124 0.494667
vt 0.318636 0.503564
vt 0.307682 0.493599
vt 0.306984 0.502670
vt 0.428049 0.622587
vt 0.437648 0.620570
vt 0.435643 0.607028
vt 0.426652 0.609981
vt 0.432599 0.594284
vt 0.424122 0.597908
vt 0.428587 0.582189
vt 0.420580 0.586408
vt 0.423630 0.570713
vt 0.416082 0.575501
vt 0.417750 0.559872
vt 0.410665 0.565208
vt 0.410982 0.549699
vt 0.404363 0.555558
vt 0.403384 0.540227
vt 0.397219 0.546573
vt 0.378648 0.817390
vt 0.383684 0.824758
vt 0.392972 0.817037
vt 0.387496 0.810073
vt 0.369303 0.824095
vt 0.373812 0.831748
vt 0.359456 0.829915
vt 0.363380 0.837865
vt 0.349124 0.834787
vt 0.352434 0.843028
vt 0.338347 0.838685
vt 0.341028 0.847195
vt 0.327187 0.841499
vt 0.329210 0.850226
vt 0.315743 0.843266
vt 0.317066 0.852200
vt 0.304087 0.843930
vt 0.304566 0.853061
vt 0.423800 0.751647
vt 0.432129 0.755443
vt 0.435426 0.742856
vt 0.426595 0.739764
vt 0.427850 0.767373
vt 0.419987 0.762976
vt 0.422627 0.778677
vt 0.415227 0.773714
vt 0.416486 0.789336
vt 0.409558 0.783828
vt 0.409461 0.799308
vt 0.403020 0.793282
vt 0.395650 0.802039
vt 0.401600 0.808553
vt 0.187824 0.808143
vt 0.182227 0.814977
vt 0.191341 0.822859
vt 0.196494 0.815611
vt 0.201058 0.830011
vt 0.205688 0.822460
vt 0.211355 0.836300
vt 0.215409 0.828437
vt 0.222188 0.841645
vt 0.225637 0.833479
vt 0.233503 0.846006
vt 0.236328 0.837558
vt 0.245249 0.849234
vt 0.247421 0.840562
vt 0.257327 0.851404
vt 0.258814 0.842528
vt 0.139044 0.726188
vt 0.141116 0.739746
vt 0.150098 0.736744
vt 0.148636 0.724153
vt 0.144240 0.752488
vt 0.152704 0.748811
vt 0.148330 0.764568
vt 0.156319 0.760299
vt 0.153357 0.776018
vt 0.160880 0.771188
vt 0.159300 0.786821
vt 0.166349 0.781449
vt 0.166126 0.796940
vt 0.172689 0.791050
vt 0.173790 0.806336
vt 0.179863 0.799956
vt 0.148399 0.619249
vt 0.138987 0.617138
vt 0.272718 0.493245
vt 0.273233 0.502432
vt 0.428234 0.727391
vt 0.437618 0.729465
vt 0.270445 0.843430
vt 0.269725 0.852474
vt 0.211267 0.528760
vt 0.220703 0.523124
vt 0.230613 0.518453
vt 0.240974 0.514755
vt 0.251688 0.512076
vt 0.262674 0.510442
vt 0.159257 0.598369
vt 0.156767 0.609738
vt 0.162756 0.587485
vt 0.167200 0.577166
vt 0.172543 0.567455
vt 0.178747 0.558392
vt 0.185778 0.550013
vt 0.193620 0.542343
vt 0.376697 0.536468
vt 0.384773 0.543996
vt 0.368040 0.529850
vt 0.358817 0.524134
vt 0.349066 0.519337
vt 0.338835 0.515484
vt 0.328230 0.512635
vt 0.317337 0.510813
vt 0.306257 0.510044
vt 0.420857 0.624648
vt 0.419801 0.612735
vt 0.417626 0.601172
vt 0.414434 0.590124
vt 0.410283 0.579648
vt 0.405215 0.569772
vt 0.399266 0.560527
vt 0.392458 0.551935
vt 0.356321 0.823382
vt 0.365713 0.817773
vt 0.346458 0.828030
vt 0.336152 0.831707
vt 0.325498 0.834369
vt 0.314585 0.835991
vt 0.303521 0.836545
vt 0.417446 0.748247
vt 0.419907 0.736894
vt 0.413974 0.759119
vt 0.409559 0.769430
vt 0.404245 0.779134
vt 0.398071 0.788192
vt 0.391074 0.796566
vt 0.383270 0.804231
vt 0.374635 0.811181
vt 0.218648 0.821972
vt 0.209374 0.816220
vt 0.228414 0.826780
vt 0.238641 0.830631
vt 0.249234 0.833477
vt 0.260113 0.835294
vt 0.156934 0.733951
vt 0.155808 0.722075
vt 0.159187 0.745504
vt 0.162450 0.756544
vt 0.166660 0.767009
vt 0.171773 0.776862
vt 0.177748 0.786068
vt 0.184551 0.794593
vt 0.192160 0.802411
vt 0.155423 0.621353
vt 0.273834 0.509876
vt 0.421228 0.725296
vt 0.271197 0.836062
vt 0.202303 0.535386
vt 0.160009 0.447445
vt 0.175956 0.438425
vt 0.192569 0.430748
vt 0.209730 0.424491
vt 0.227238 0.419663
vt 0.244966 0.416504
vt 0.068808 0.558361
vt 0.063907 0.575217
vt 0.075533 0.541708
vt 0.083890 0.525541
vt 0.093709 0.510074
vt 0.104838 0.495460
vt 0.117144 0.481811
vt 0.449697 0.472767
vt 0.435743 0.460918
vt 0.420884 0.450247
vt 0.405209 0.440827
vt 0.388817 0.432742
vt 0.371832 0.426073
vt 0.354460 0.420839
vt 0.336839 0.417281
vt 0.319181 0.415590
vt 0.515661 0.596590
vt 0.513155 0.579869
vt 0.508641 0.563028
vt 0.502359 0.546354
vt 0.494482 0.530106
vt 0.485154 0.514485
vt 0.474506 0.499645
vt 0.462651 0.485706
vt 0.431853 0.888711
vt 0.446221 0.877268
vt 0.416635 0.898924
vt 0.400671 0.907841
vt 0.384070 0.915394
vt 0.366959 0.921520
vt 0.349539 0.926225
vt 0.331935 0.929283
vt 0.314325 0.930519
vt 0.507894 0.788025
vt 0.512776 0.771197
vt 0.501208 0.804664
vt 0.492892 0.820838
vt 0.483096 0.836334
vt 0.471964 0.850986
vt 0.459631 0.864665
vt 0.128188 0.874037
vt 0.142222 0.885717
vt 0.157141 0.896226
vt 0.172846 0.905480
vt 0.189230 0.913399
vt 0.206165 0.919911
vt 0.223446 0.925013
vt 0.240938 0.928481
vt 0.061166 0.750756
vt 0.063767 0.767518
vt 0.068412 0.784376
vt 0.074847 0.801032
vt 0.082887 0.817225
vt 0.092372 0.832753
vt 0.103163 0.847470
vt 0.115138 0.861262
vt 0.061078 0.591939
vt 0.262721 0.415195
vt 0.515623 0.754512
vt 0.258446 0.930148
vt 0.110874 0.441499
vt 0.126783 0.428825
vt 0.122488 0.422234
vt 0.106163 0.435187
vt 0.140856 0.451979
vt 0.126133 0.463753
vt 0.156458 0.441425
vt 0.172849 0.432166
vt 0.189933 0.424283
vt 0.207595 0.417873
vt 0.225642 0.412915
vt 0.243977 0.409672
vt 0.057563 0.573246
vt 0.062575 0.555669
vt 0.069490 0.538389
vt 0.078108 0.521678
vt 0.088237 0.505736
vt 0.099709 0.490707
vt 0.112382 0.476687
vt 0.454213 0.467455
vt 0.439864 0.455291
vt 0.424588 0.444335
vt 0.408472 0.434659
vt 0.391610 0.426350
vt 0.374121 0.419513
vt 0.356207 0.414136
vt 0.337972 0.410485
vt 0.319608 0.408669
vt 0.519496 0.578026
vt 0.522138 0.595580
vt 0.514880 0.560492
vt 0.508429 0.543211
vt 0.500319 0.526427
vt 0.490709 0.510330
vt 0.479742 0.495065
vt 0.467540 0.480742
vt 0.450590 0.882743
vt 0.435804 0.894482
vt 0.420150 0.904957
vt 0.403731 0.914103
vt 0.386654 0.921848
vt 0.369042 0.928111
vt 0.351088 0.932931
vt 0.332888 0.936062
vt 0.314603 0.937422
vt 0.519103 0.773165
vt 0.514118 0.790702
vt 0.507252 0.807963
vt 0.498685 0.824686
vt 0.488585 0.840666
vt 0.477108 0.855747
vt 0.464399 0.869805
vt 0.138164 0.891367
vt 0.123735 0.879379
vt 0.153502 0.902153
vt 0.169650 0.911652
vt 0.186502 0.919780
vt 0.203935 0.926443
vt 0.221747 0.931671
vt 0.239832 0.935217
vt 0.054660 0.751789
vt 0.057415 0.769407
vt 0.062175 0.786969
vt 0.068794 0.804237
vt 0.077082 0.820965
vt 0.086863 0.836964
vt 0.097982 0.852098
vt 0.110310 0.866265
vt 0.054616 0.590839
vt 0.262413 0.408238
vt 0.522067 0.755617
vt 0.258007 0.936987
vt 0.134360 0.441776
vt 0.119043 0.453985
vt 0.150581 0.430823
vt 0.167624 0.421199
vt 0.185403 0.412989
vt 0.203828 0.406305
vt 0.222721 0.401127
vt 0.242001 0.397732
vt 0.047148 0.568871
vt 0.052435 0.550114
vt 0.059734 0.531832
vt 0.068818 0.514274
vt 0.079463 0.497614
vt 0.091476 0.481966
vt 0.104714 0.467406
vt 0.461561 0.457921
vt 0.446628 0.445287
vt 0.430740 0.433908
vt 0.413974 0.423840
vt 0.396416 0.415177
vt 0.378159 0.408040
vt 0.359387 0.402421
vt 0.340191 0.398605
vt 0.320752 0.396744
vt 0.529900 0.573862
vt 0.532622 0.592671
vt 0.525035 0.555205
vt 0.518247 0.536957
vt 0.509725 0.519341
vt 0.499652 0.502521
vt 0.488184 0.486617
vt 0.475450 0.471723
vt 0.457666 0.892558
vt 0.442256 0.904731
vt 0.425956 0.915592
vt 0.408866 0.925080
vt 0.391082 0.933125
vt 0.372705 0.939634
vt 0.353914 0.944644
vt 0.334794 0.947903
vt 0.315498 0.949288
vt 0.529474 0.777527
vt 0.524241 0.796225
vt 0.517015 0.814480
vt 0.508003 0.832059
vt 0.497399 0.848779
vt 0.485371 0.864505
vt 0.472079 0.879128
vt 0.131513 0.901400
vt 0.116497 0.888960
vt 0.147471 0.912604
vt 0.164272 0.922475
vt 0.181821 0.930930
vt 0.200016 0.937862
vt 0.218664 0.943298
vt 0.237672 0.946984
vt 0.044157 0.754768
vt 0.046994 0.773661
vt 0.052028 0.792364
vt 0.059015 0.810604
vt 0.067743 0.828159
vt 0.078010 0.844869
vt 0.089647 0.860626
vt 0.102514 0.875346
vt 0.044121 0.587796
vt 0.261484 0.396255
vt 0.532494 0.758678
vt 0.256882 0.948779
vt 0.143628 0.417426
vt 0.161334 0.407387
vt 0.179826 0.398787
vt 0.199015 0.391707
vt 0.218820 0.386330
vt 0.239144 0.382765
vt 0.035512 0.562255
vt 0.041108 0.542185
vt 0.048842 0.522801
vt 0.058433 0.504328
vt 0.069617 0.486899
vt 0.082167 0.470593
vt 0.095982 0.455460
vt 0.470065 0.445712
vt 0.454556 0.432551
vt 0.438052 0.420713
vt 0.420624 0.410199
vt 0.402349 0.401114
vt 0.383317 0.393552
vt 0.363612 0.387707
vt 0.343351 0.383700
vt 0.322636 0.381727
vt 0.541512 0.567506
vt 0.544436 0.587729
vt 0.536389 0.547616
vt 0.529237 0.528312
vt 0.520288 0.509793
vt 0.509748 0.492191
vt 0.497783 0.475595
vt 0.484524 0.460080
vt 0.465809 0.905120
vt 0.449764 0.917763
vt 0.432805 0.929046
vt 0.415025 0.938917
vt 0.396510 0.947313
vt 0.377363 0.954173
vt 0.357669 0.959339
vt 0.337546 0.962737
vt 0.317067 0.964216
vt 0.541051 0.784107
vt 0.535559 0.804098
vt 0.527929 0.823441
vt 0.518446 0.841958
vt 0.507322 0.859485
vt 0.494721 0.875915
vt 0.480837 0.891160
vt 0.123731 0.914151
vt 0.108119 0.901218
vt 0.140321 0.925832
vt 0.157794 0.936125
vt 0.176067 0.944963
vt 0.195032 0.952273
vt 0.214593 0.957887
vt 0.234612 0.961732
vt 0.032291 0.759813
vt 0.035361 0.780142
vt 0.040695 0.800098
vt 0.048088 0.819396
vt 0.057281 0.837842
vt 0.068045 0.855316
vt 0.080198 0.871739
vt 0.093598 0.887057
vt 0.032265 0.582682
vt 0.259854 0.381154
vt 0.544290 0.763802
vt 0.255031 0.963605
vt 0.139755 0.410559
vt 0.157903 0.400262
vt 0.176864 0.391425
vt 0.196547 0.384152
vt 0.216887 0.378554
vt 0.237839 0.374834
vt 0.034006 0.538631
vt 0.028141 0.559512
vt 0.042102 0.518572
vt 0.052093 0.499544
vt 0.063690 0.481654
vt 0.076637 0.464949
vt 0.090874 0.449476
vt 0.474947 0.439559
vt 0.459039 0.426076
vt 0.442112 0.413957
vt 0.424245 0.403164
vt 0.405501 0.393821
vt 0.385968 0.386046
vt 0.365719 0.379964
vt 0.344817 0.375776
vt 0.323400 0.373625
vt 0.551909 0.585982
vt 0.548822 0.564921
vt 0.543460 0.544273
vt 0.535997 0.524322
vt 0.526700 0.505254
vt 0.515795 0.487177
vt 0.503457 0.470162
vt 0.489816 0.454268
vt 0.454024 0.924411
vt 0.470508 0.911482
vt 0.436619 0.935954
vt 0.418379 0.946062
vt 0.399385 0.954672
vt 0.379740 0.961698
vt 0.359517 0.967054
vt 0.338789 0.970591
vt 0.317660 0.972217
vt 0.542651 0.807612
vt 0.548374 0.786823
vt 0.534678 0.827619
vt 0.524825 0.846708
vt 0.513307 0.864726
vt 0.500283 0.881583
vt 0.485971 0.897203
vt 0.103298 0.907403
vt 0.119327 0.920637
vt 0.136344 0.932617
vt 0.154268 0.943170
vt 0.173017 0.952243
vt 0.192482 0.959736
vt 0.212578 0.965553
vt 0.233207 0.969558
vt 0.024778 0.761598
vt 0.028023 0.782804
vt 0.033621 0.803535
vt 0.041355 0.823481
vt 0.050919 0.842469
vt 0.062066 0.860403
vt 0.074606 0.877230
vt 0.088397 0.892906
vt 0.024719 0.580848
vt 0.259227 0.373049
vt 0.551791 0.765624
vt 0.254282 0.971591
vt 0.102827 0.431305
vt 0.119431 0.418070
vt 0.108088 0.399247
vt 0.090582 0.413146
vt 0.137028 0.406165
vt 0.155526 0.395656
vt 0.174860 0.386625
vt 0.194946 0.379180
vt 0.215722 0.373413
vt 0.237155 0.369508
vt 0.022852 0.558375
vt 0.028894 0.536892
vt 0.037232 0.516317
vt 0.047502 0.496854
vt 0.059397 0.478598
vt 0.072688 0.461611
vt 0.087142 0.445770
vt 0.478483 0.435692
vt 0.462176 0.422044
vt 0.444959 0.409644
vt 0.426747 0.398620
vt 0.407630 0.389066
vt 0.387693 0.381103
vt 0.367000 0.374840
vt 0.345606 0.370495
vt 0.323714 0.368240
vt 0.554017 0.563895
vt 0.557079 0.585561
vt 0.548522 0.542680
vt 0.540854 0.522235
vt 0.531316 0.502740
vt 0.520153 0.484288
vt 0.507542 0.466934
vt 0.493617 0.450729
vt 0.473885 0.915450
vt 0.457061 0.928619
vt 0.439306 0.940379
vt 0.420704 0.950685
vt 0.401329 0.959472
vt 0.381278 0.966648
vt 0.360623 0.972148
vt 0.339424 0.975786
vt 0.317852 0.977462
vt 0.553674 0.787951
vt 0.547679 0.809298
vt 0.539547 0.829832
vt 0.529440 0.849368
vt 0.517645 0.867777
vt 0.504366 0.885022
vt 0.489682 0.900908
vt 0.116158 0.924783
vt 0.099893 0.911196
vt 0.133548 0.936958
vt 0.151829 0.947724
vt 0.170957 0.956990
vt 0.190828 0.964649
vt 0.211360 0.970618
vt 0.232466 0.974691
vt 0.019498 0.762067
vt 0.022771 0.783891
vt 0.028544 0.805196
vt 0.036505 0.825637
vt 0.046328 0.845048
vt 0.057749 0.863349
vt 0.070572 0.880501
vt 0.084657 0.896470
vt 0.019453 0.580355
vt 0.259016 0.367766
vt 0.556956 0.766085
vt 0.253977 0.976857
vt 0.126588 0.386678
vt 0.146041 0.375512
vt 0.166410 0.365826
vt 0.187683 0.357728
vt 0.209865 0.351350
vt 0.232865 0.346992
vt 0.010823 0.524906
vt 0.003868 0.548438
vt 0.020230 0.502758
vt 0.031560 0.482067
vt 0.044452 0.462816
vt 0.058651 0.444944
vt 0.074055 0.428360
vt 0.491247 0.417939
vt 0.474085 0.403523
vt 0.455945 0.390436
vt 0.436789 0.378709
vt 0.416635 0.368445
vt 0.395497 0.359775
vt 0.373376 0.352844
vt 0.350379 0.347967
vt 0.326659 0.345475
vt 0.576163 0.578432
vt 0.572791 0.554468
vt 0.566523 0.531362
vt 0.557970 0.509411
vt 0.547551 0.488678
vt 0.535531 0.469158
vt 0.522078 0.450845
vt 0.507296 0.433753
vt 0.468273 0.947645
vt 0.486074 0.933820
vt 0.449536 0.960020
vt 0.429922 0.970916
vt 0.409475 0.980281
vt 0.388214 0.988021
vt 0.366183 0.994019
vt 0.343487 0.998052
vt 0.320235 0.999878
vt 0.565744 0.821101
vt 0.572526 0.797739
vt 0.556633 0.843207
vt 0.545576 0.864046
vt 0.532826 0.883593
vt 0.518529 0.901805
vt 0.502865 0.918549
vt 0.087295 0.929028
vt 0.104481 0.943338
vt 0.122795 0.956250
vt 0.142086 0.967685
vt 0.162295 0.977589
vt 0.183389 0.985856
vt 0.205308 0.992364
vt 0.227920 0.996889
vt 0.000285 0.769386
vt 0.003933 0.793595
vt 0.010574 0.816818
vt 0.019510 0.838752
vt 0.030286 0.859365
vt 0.042617 0.878683
vt 0.056316 0.896725
vt 0.071245 0.913502
vt 0.000122 0.572944
vt 0.256502 0.345004
vt 0.576163 0.773415
vt 0.251142 0.999225
vt 0.200596 0.809512
vt 0.288625 0.673102
vt 0.110792 0.248304
vt 0.138439 0.248304
vt 0.138439 0.244568
vt 0.110792 0.244568
vt 0.400348 0.347713
vt 0.400348 0.320066
vt 0.396612 0.320066
vt 0.396612 0.347713
vt 0.409235 0.198876
vt 0.436882 0.198876
vt 0.436882 0.173350
vt 0.409236 0.173350
vt 0.259299 0.248802
vt 0.259299 0.256694
vt 0.284485 0.252538
vt 0.284485 0.248802
vt 0.400846 0.199206
vt 0.408738 0.199206
vt 0.408738 0.174020
vt 0.405001 0.174020
vt 0.409236 0.347713
vt 0.436882 0.347713
vt 0.436882 0.321394
vt 0.409235 0.321394
vt 0.110792 0.248802
vt 0.110792 0.252538
vt 0.136781 0.256694
vt 0.136781 0.248802
vt 0.405001 0.347713
vt 0.408738 0.347713
vt 0.408738 0.321725
vt 0.400846 0.321725
s 0
usemtl comic
f 1318/1122/555 1319/1123/555 1320/1124/555
f 1320/1124/555 1321/1125/555 1318/1122/555
f 1322/1126/556 1323/1127/556 1324/1128/556
f 1324/1128/556 1325/1129/556 1322/1126/556
f 1326/1130/557 1327/1131/557 1328/1132/557
f 1329/1133/555 1319/1123/555 1318/1122/555
f 1320/1124/555 1330/1134/555 1321/1125/555
f 1331/1135/558 1332/1136/558 1333/1137/558
f 1318/1122/555 1334/1138/555 1329/1133/555
f 1335/1139/558 1336/1140/558 1337/1141/558
f 1338/1142/559 1339/1143/559 1340/1144/559
f 1341/1145/559 1342/1146/559 1340/1144/559
f 1343/1147/557 1326/1130/557 1328/1132/557
f 1330/1134/555 1344/1148/555 1321/1125/555
f 1331/1135/558 1345/1149/558 1332/1136/558
f 1346/1150/560 1347/1151/560 1348/1152/560
f 1348/1152/560 1349/1153/560 1346/1150/560
f 1335/1139/558 1350/1154/558 1336/1140/558
f 1350/1154/558 1335/1139/558 1331/1135/558
f 1331/1135/558 1333/1137/558 1350/1154/558
f 1351/1155/558 1352/1156/558 1353/1157/558
f 1354/1158/557 1355/1159/557 1326/1130/557
f 1326/1130/557 1343/1147/557 1354/1158/557
f 1331/1135/558 1356/1160/558 1345/1149/558
f 1356/1160/558 1331/1135/558 1351/1155/558
f 1351/1155/558 1353/1157/558 1356/1160/558
f 1357/1161/558 1358/1162/558 1359/1163/558
f 1335/1139/558 1337/1141/558 1360/1164/558
f 1357/1161/558 1361/1165/558 1358/1162/558
f 1338/1142/559 1340/1144/559 1362/1166/559
f 1362/1166/559 1363/1167/559 1338/1142/559
f 1361/1165/558 1357/1161/558 1335/1139/558
f 1335/1139/558 1364/1168/558 1361/1165/558
f 1335/1139/558 1360/1164/558 1364/1168/558
f 1351/1155/558 1365/1169/558 1352/1156/558
f 1357/1161/558 1359/1163/558 1366/1170/558
f 1351/1155/558 1367/1171/558 1365/1169/558
f 1368/1172/556 1369/1173/556 1370/1174/556
f 1370/1174/556 1371/1175/556 1368/1172/556
f 1367/1171/558 1351/1155/558 1357/1161/558
f 1357/1161/558 1372/1176/558 1367/1171/558
f 1357/1161/558 1366/1170/558 1372/1176/558
f 1326/1130/557 1373/1177/557 1327/1131/557
f 1339/1143/559 1341/1145/559 1340/1144/559
f 1374/1178/561 1375/1179/561 1376/1180/561
f 1376/1180/561 1377/1181/561 1374/1178/561
s 1
f 1378/1182/562 1379/1183/563 1380/1184/564
f 1380/1184/564 1381/1185/565 1378/1182/562
f 1379/1183/563 1382/1186/566 1383/1187/567
f 1383/1187/567 1380/1184/564 1379/1183/563
f 1382/1186/566 1384/1188/568 1385/1189/569
f 1385/1189/569 1383/1187/567 1382/1186/566
f 1384/1188/568 1386/1190/570 1387/1191/571
f 1387/1191/571 1385/1189/569 1384/1188/568
f 1386/1190/570 1388/1192/572 1389/1193/573
f 1389/1193/573 1387/1191/571 1386/1190/570
f 1388/1192/572 1390/1194/574 1391/1195/575
f 1391/1195/575 1389/1193/573 1388/1192/572
f 1390/1194/574 1392/1196/576 1393/1197/577
f 1393/1197/577 1391/1195/575 1390/1194/574
f 1392/1196/576 1394/1198/578 1395/1199/579
f 1395/1199/579 1393/1197/577 1392/1196/576
f 1394/1198/578 1396/1200/580 1397/1201/581
f 1397/1201/581 1395/1199/579 1394/1198/578
f 1396/1200/580 1398/1202/582 1399/1203/583
f 1399/1203/583 1397/1201/581 1396/1200/580
f 1398/1202/582 1400/1204/584 1401/1205/585
f 1401/1205/585 1399/1203/583 1398/1202/582
f 1400/1204/584 1402/1206/586 1403/1207/587
f 1403/1207/587 1401/1205/585 1400/1204/584
f 1402/1206/586 1404/1208/588 1405/1209/589
f 1405/1209/589 1403/1207/587 1402/1206/586
f 1406/1210/588 1407/1211/590 1408/1212/591
f 1408/1212/591 1409/1213/589 1406/1210/588
f 1410/1214/592 1408/1212/591 1407/1211/590
f 1407/1211/590 1411/1215/593 1410/1214/592
f 1412/1216/594 1409/1213/589 1408/1212/591
f 1408/1212/591 1413/1217/595 1412/1216/594
f 1414/1218/596 1403/1207/587 1405/1209/589
f 1405/1209/589 1415/1219/594 1414/1218/596
f 1416/1220/597 1401/1205/585 1403/1207/587
f 1403/1207/587 1414/1218/596 1416/1220/597
f 1417/1221/598 1399/1203/583 1401/1205/585
f 1401/1205/585 1416/1220/597 1417/1221/598
f 1418/1222/599 1397/1201/581 1399/1203/583
f 1399/1203/583 1417/1221/598 1418/1222/599
f 1419/1223/600 1395/1199/579 1397/1201/581
f 1397/1201/581 1418/1222/599 1419/1223/600
f 1420/1224/601 1393/1197/577 1395/1199/579
f 1395/1199/579 1419/1223/600 1420/1224/601
f 1421/1225/602 1391/1195/575 1393/1197/577
f 1393/1197/577 1420/1224/601 1421/1225/602
f 1422/1226/603 1389/1193/573 1391/1195/575
f 1391/1195/575 1421/1225/602 1422/1226/603
f 1423/1227/604 1387/1191/571 1389/1193/573
f 1389/1193/573 1422/1226/603 1423/1227/604
f 1424/1228/605 1385/1189/569 1387/1191/571
f 1387/1191/571 1423/1227/604 1424/1228/605
f 1425/1229/606 1383/1187/567 1385/1189/569
f 1385/1189/569 1424/1228/605 1425/1229/606
f 1426/1230/607 1380/1184/564 1383/1187/567
f 1383/1187/567 1425/1229/606 1426/1230/607
f 1427/1231/608 1381/1185/565 1380/1184/564
f 1380/1184/564 1426/1230/607 1427/1231/608
f 1428/1232/609 1410/1214/592 1381/1185/565
f 1381/1185/565 1427/1231/608 1428/1232/609
f 1428/1232/609 1427/1231/608 1429/1233/610
f 1429/1233/610 1430/1234/611 1428/1232/609
f 1431/1235/612 1432/1236/613 1430/1234/611
f 1430/1234/611 1433/1237/614 1431/1235/612
f 1427/1231/608 1426/1230/607 1434/1238/615
f 1434/1238/615 1429/1233/610 1427/1231/608
f 1426/1230/607 1425/1229/606 1435/1239/616
f 1435/1239/616 1434/1238/615 1426/1230/607
f 1425/1229/606 1424/1228/605 1436/1240/617
f 1436/1240/617 1435/1239/616 1425/1229/606
f 1424/1228/605 1423/1227/604 1437/1241/618
f 1437/1241/618 1436/1240/617 1424/1228/605
f 1423/1227/604 1422/1226/603 1438/1242/619
f 1438/1242/619 1437/1241/618 1423/1227/604
f 1422/1226/603 1421/1225/602 1439/1243/620
f 1439/1243/620 1438/1242/619 1422/1226/603
f 1421/1225/602 1420/1224/601 1440/1244/621
f 1440/1244/621 1439/1243/620 1421/1225/602
f 1420/1224/601 1419/1223/600 1441/1245/622
f 1441/1245/622 1440/1244/621 1420/1224/601
f 1419/1223/600 1418/1222/599 1442/1246/623
f 1442/1246/623 1441/1245/622 1419/1223/600
f 1418/1222/599 1417/1221/598 1443/1247/624
f 1443/1247/624 1442/1246/623 1418/1222/599
f 1417/1221/598 1416/1220/597 1444/1248/625
f 1444/1248/625 1443/1247/624 1417/1221/598
f 1416/1220/597 1414/1218/596 1445/1249/626
f 1445/1249/626 1444/1248/625 1416/1220/597
f 1414/1218/596 1415/1219/594 1446/1250/627
f 1446/1250/627 1445/1249/626 1414/1218/596
f 1412/1216/594 1413/1217/595 1432/1236/613
f 1432/1236/613 1447/1251/627 1412/1216/594
f 1430/1234/611 1432/1236/613 1413/1217/595
f 1413/1217/595 1428/1232/609 1430/1234/611
f 1448/1252/628 1447/1251/627 1432/1236/613
f 1432/1236/613 1431/1235/612 1448/1252/628
f 1449/1253/629 1445/1249/626 1446/1250/627
f 1446/1250/627 1450/1254/628 1449/1253/629
f 1451/1255/630 1444/1248/625 1445/1249/626
f 1445/1249/626 1449/1253/629 1451/1255/630
f 1452/1256/631 1443/1247/624 1444/1248/625
f 1444/1248/625 1451/1255/630 1452/1256/631
f 1453/1257/632 1442/1246/623 1443/1247/624
f 1443/1247/624 1452/1256/631 1453/1257/632
f 1454/1258/633 1441/1245/622 1442/1246/623
f 1442/1246/623 1453/1257/632 1454/1258/633
f 1455/1259/634 1440/1244/621 1441/1245/622
f 1441/1245/622 1454/1258/633 1455/1259/634
f 1456/1260/635 1439/1243/620 1440/1244/621
f 1440/1244/621 1455/1259/634 1456/1260/635
f 1457/1261/636 1438/1242/619 1439/1243/620
f 1439/1243/620 1456/1260/635 1457/1261/636
f 1458/1262/637 1437/1241/618 1438/1242/619
f 1438/1242/619 1457/1261/636 1458/1262/637
f 1459/1263/638 1436/1240/617 1437/1241/618
f 1437/1241/618 1458/1262/637 1459/1263/638
f 1460/1264/639 1435/1239/616 1436/1240/617
f 1436/1240/617 1459/1263/638 1460/1264/639
f 1461/1265/640 1434/1238/615 1435/1239/616
f 1435/1239/616 1460/1264/639 1461/1265/640
f 1462/1266/641 1429/1233/610 1434/1238/615
f 1434/1238/615 1461/1265/640 1462/1266/641
f 1433/1237/614 1430/1234/611 1429/1233/610
f 1429/1233/610 1462/1266/641 1433/1237/614
f 1462/1266/641 1461/1265/640 1463/1267/642
f 1463/1267/642 1464/1268/643 1462/1266/641
f 1461/1265/640 1460/1264/639 1465/1269/644
f 1465/1269/644 1463/1267/642 1461/1265/640
f 1460/1264/639 1459/1263/638 1466/1270/645
f 1466/1270/645 1465/1269/644 1460/1264/639
f 1459/1263/638 1458/1262/637 1467/1271/646
f 1467/1271/646 1466/1270/645 1459/1263/638
f 1458/1262/637 1457/1261/636 1468/1272/647
f 1468/1272/647 1467/1271/646 1458/1262/637
f 1457/1261/636 1456/1260/635 1469/1273/648
f 1469/1273/648 1468/1272/647 1457/1261/636
f 1456/1260/635 1455/1259/634 1470/1274/649
f 1470/1274/649 1469/1273/648 1456/1260/635
f 1455/1259/634 1454/1258/633 1471/1275/650
f 1471/1275/650 1470/1274/649 1455/1259/634
f 1454/1258/633 1453/1257/632 1472/1276/651
f 1472/1276/651 1471/1275/650 1454/1258/633
f 1453/1257/632 1452/1256/631 1473/1277/652
f 1473/1277/652 1472/1276/651 1453/1257/632
f 1452/1256/631 1451/1255/630 1474/1278/653
f 1474/1278/653 1473/1277/652 1452/1256/631
f 1451/1255/630 1449/1253/629 1475/1279/654
f 1475/1279/654 1474/1278/653 1451/1255/630
f 1449/1253/629 1450/1254/628 1476/1280/655
f 1476/1280/655 1475/1279/654 1449/1253/629
f 1448/1252/628 1431/1235/612 1477/1281/656
f 1477/1281/656 1478/1282/655 1448/1252/628
f 1479/1283/657 1477/1281/656 1431/1235/612
f 1431/1235/612 1433/1237/614 1479/1283/657
f 1433/1237/614 1462/1266/641 1464/1268/643
f 1464/1268/643 1479/1283/657 1433/1237/614
f 1411/1215/593 1378/1182/562 1381/1185/565
f 1381/1185/565 1410/1214/592 1411/1215/593
f 1413/1217/595 1408/1212/591 1410/1214/592
f 1410/1214/592 1428/1232/609 1413/1217/595
f 1480/1284/658 1481/1285/593 1482/1286/659
f 1482/1286/659 1483/1287/660 1480/1284/658
f 1484/1288/661 1485/1289/562 1481/1285/593
f 1481/1285/593 1480/1284/658 1484/1288/661
f 1486/1290/662 1487/1291/576 1488/1292/663
f 1488/1292/663 1489/1293/664 1486/1290/662
f 1483/1287/660 1482/1286/659 1490/1294/588
f 1490/1294/588 1491/1295/665 1483/1287/660
f 1489/1293/664 1488/1292/663 1492/1296/572
f 1492/1296/572 1493/1297/666 1489/1293/664
f 1491/1295/665 1490/1294/588 1494/1298/586
f 1494/1298/586 1495/1299/667 1491/1295/665
f 1493/1297/666 1492/1296/572 1496/1300/570
f 1496/1300/570 1497/1301/668 1493/1297/666
f 1495/1299/667 1494/1298/586 1498/1302/584
f 1498/1302/584 1499/1303/669 1495/1299/667
f 1497/1301/668 1496/1300/570 1500/1304/568
f 1500/1304/568 1501/1305/670 1497/1301/668
f 1499/1303/669 1498/1302/584 1502/1306/582
f 1502/1306/582 1503/1307/671 1499/1303/669
f 1501/1305/670 1500/1304/568 1504/1308/566
f 1504/1308/566 1505/1309/672 1501/1305/670
f 1503/1307/671 1502/1306/582 1506/1310/580
f 1506/1310/580 1507/1311/673 1503/1307/671
f 1505/1309/672 1504/1308/566 1508/1312/563
f 1508/1312/563 1509/1313/674 1505/1309/672
f 1507/1311/673 1506/1310/580 1510/1314/675
f 1510/1314/675 1511/1315/676 1507/1311/673
f 1509/1313/674 1508/1312/563 1485/1289/562
f 1485/1289/562 1484/1288/661 1509/1313/674
f 1511/1315/676 1510/1314/675 1487/1291/576
f 1487/1291/576 1486/1290/662 1511/1315/676
f 1484/1288/661 1480/1284/658 1483/1287/660
f 1484/1288/661 1483/1287/660 1491/1295/665
f 1484/1288/661 1491/1295/665 1495/1299/667
f 1484/1288/661 1495/1299/667 1499/1303/669
f 1484/1288/661 1499/1303/669 1503/1307/671
f 1484/1288/661 1503/1307/671 1507/1311/673
f 1484/1288/661 1507/1311/673 1511/1315/676
f 1484/1288/661 1511/1315/676 1486/1290/662
f 1484/1288/661 1486/1290/662 1489/1293/664
f 1484/1288/661 1489/1293/664 1493/1297/666
f 1484/1288/661 1493/1297/666 1497/1301/668
f 1484/1288/661 1497/1301/668 1501/1305/670
f 1484/1288/661 1501/1305/670 1505/1309/672
f 1505/1309/672 1509/1313/674 1484/1288/661
f 1512/1316/677 1513/1317/678 1514/1318/679
f 1514/1318/679 1515/1319/680 1512/1316/677
f 1516/1320/681 1517/1321/682 1513/1317/678
f 1513/1317/678 1512/1316/677 1516/1320/681
f 1517/1321/682 1516/1320/681 1518/1322/683
f 1518/1322/683 1519/1323/684 1517/1321/682
f 1520/1324/685 1521/1325/686 1519/1323/684
f 1519/1323/684 1518/1322/683 1520/1324/685
f 1522/1326/687 1523/1327/688 1521/1325/686
f 1521/1325/686 1520/1324/685 1522/1326/687
f 1523/1327/688 1522/1326/687 1524/1328/689
f 1524/1328/689 1525/1329/690 1523/1327/688
f 1526/1330/691 1527/1331/692 1525/1329/690
f 1525/1329/690 1524/1328/689 1526/1330/691
f 1527/1331/692 1526/1330/691 1528/1332/693
f 1528/1332/693 1529/1333/694 1527/1331/692
f 1530/1334/695 1531/1335/696 1529/1333/694
f 1529/1333/694 1528/1332/693 1530/1334/695
f 1532/1336/697 1533/1337/698 1531/1335/696
f 1531/1335/696 1530/1334/695 1532/1336/697
f 1534/1338/699 1535/1339/700 1533/1337/698
f 1533/1337/698 1532/1336/697 1534/1338/699
f 1536/1340/701 1537/1341/702 1535/1339/700
f 1535/1339/700 1534/1338/699 1536/1340/701
f 1538/1342/703 1539/1343/704 1540/1344/702
f 1540/1344/702 1541/1345/701 1538/1342/703
f 1542/1346/705 1543/1347/706 1539/1343/704
f 1539/1343/704 1538/1342/703 1542/1346/705
f 1544/1348/707 1545/1349/708 1546/1350/709
f 1546/1350/709 1515/1319/680 1544/1348/707
f 1512/1316/677 1515/1319/680 1546/1350/709
f 1546/1350/709 1547/1351/710 1512/1316/677
f 1516/1320/681 1512/1316/677 1547/1351/710
f 1547/1351/710 1548/1352/711 1516/1320/681
f 1516/1320/681 1548/1352/711 1549/1353/712
f 1549/1353/712 1518/1322/683 1516/1320/681
f 1520/1324/685 1518/1322/683 1549/1353/712
f 1549/1353/712 1550/1354/713 1520/1324/685
f 1522/1326/687 1520/1324/685 1550/1354/713
f 1550/1354/713 1551/1355/714 1522/1326/687
f 1522/1326/687 1551/1355/714 1552/1356/715
f 1552/1356/715 1524/1328/689 1522/1326/687
f 1526/1330/691 1524/1328/689 1552/1356/715
f 1552/1356/715 1553/1357/716 1526/1330/691
f 1526/1330/691 1553/1357/716 1554/1358/717
f 1554/1358/717 1528/1332/693 1526/1330/691
f 1530/1334/695 1528/1332/693 1554/1358/717
f 1554/1358/717 1555/1359/718 1530/1334/695
f 1532/1336/697 1530/1334/695 1555/1359/718
f 1555/1359/718 1556/1360/719 1532/1336/697
f 1534/1338/699 1532/1336/697 1556/1360/719
f 1556/1360/719 1557/1361/720 1534/1338/699
f 1536/1340/701 1534/1338/699 1557/1361/720
f 1557/1361/720 1558/1362/721 1536/1340/701
f 1538/1342/703 1541/1345/701 1559/1363/721
f 1559/1363/721 1560/1364/722 1538/1342/703
f 1542/1346/705 1538/1342/703 1560/1364/722
f 1560/1364/722 1561/1365/723 1542/1346/705
f 1562/1366/724 1545/1349/708 1561/1365/723
f 1561/1365/723 1563/1367/725 1562/1366/724
f 1545/1349/708 1562/1366/724 1564/1368/726
f 1564/1368/726 1546/1350/709 1545/1349/708
f 1565/1369/727 1547/1351/710 1546/1350/709
f 1546/1350/709 1564/1368/726 1565/1369/727
f 1566/1370/728 1548/1352/711 1547/1351/710
f 1547/1351/710 1565/1369/727 1566/1370/728
f 1548/1352/711 1566/1370/728 1567/1371/729
f 1567/1371/729 1549/1353/712 1548/1352/711
f 1568/1372/730 1550/1354/713 1549/1353/712
f 1549/1353/712 1567/1371/729 1568/1372/730
f 1569/1373/731 1551/1355/714 1550/1354/713
f 1550/1354/713 1568/1372/730 1569/1373/731
f 1551/1355/714 1569/1373/731 1570/1374/732
f 1570/1374/732 1552/1356/715 1551/1355/714
f 1571/1375/733 1553/1357/716 1552/1356/715
f 1552/1356/715 1570/1374/732 1571/1375/733
f 1553/1357/716 1571/1375/733 1572/1376/734
f 1572/1376/734 1554/1358/717 1553/1357/716
f 1573/1377/735 1555/1359/718 1554/1358/717
f 1554/1358/717 1572/1376/734 1573/1377/735
f 1574/1378/736 1556/1360/719 1555/1359/718
f 1555/1359/718 1573/1377/735 1574/1378/736
f 1575/1379/737 1557/1361/720 1556/1360/719
f 1556/1360/719 1574/1378/736 1575/1379/737
f 1576/1380/738 1558/1362/721 1557/1361/720
f 1557/1361/720 1575/1379/737 1576/1380/738
f 1577/1381/739 1560/1364/722 1559/1363/721
f 1559/1363/721 1578/1382/738 1577/1381/739
f 1563/1367/725 1561/1365/723 1560/1364/722
f 1560/1364/722 1577/1381/739 1563/1367/725
f 1562/1366/724 1579/1383/740 1580/1384/741
f 1580/1384/741 1564/1368/726 1562/1366/724
f 1565/1369/727 1564/1368/726 1580/1384/741
f 1580/1384/741 1581/1385/742 1565/1369/727
f 1566/1370/728 1565/1369/727 1581/1385/742
f 1581/1385/742 1582/1386/743 1566/1370/728
f 1566/1370/728 1582/1386/743 1583/1387/744
f 1583/1387/744 1567/1371/729 1566/1370/728
f 1568/1372/730 1567/1371/729 1583/1387/744
f 1583/1387/744 1584/1388/745 1568/1372/730
f 1569/1373/731 1568/1372/730 1584/1388/745
f 1584/1388/745 1585/1389/746 1569/1373/731
f 1569/1373/731 1585/1389/746 1586/1390/747
f 1586/1390/747 1570/1374/732 1569/1373/731
f 1571/1375/733 1570/1374/732 1586/1390/747
f 1586/1390/747 1587/1391/748 1571/1375/733
f 1571/1375/733 1587/1391/748 1588/1392/749
f 1588/1392/749 1572/1376/734 1571/1375/733
f 1573/1377/735 1572/1376/734 1588/1392/749
f 1588/1392/749 1589/1393/750 1573/1377/735
f 1574/1378/736 1573/1377/735 1589/1393/750
f 1589/1393/750 1590/1394/751 1574/1378/736
f 1575/1379/737 1574/1378/736 1590/1394/751
f 1590/1394/751 1591/1395/752 1575/1379/737
f 1576/1380/738 1575/1379/737 1591/1395/752
f 1591/1395/752 1592/1396/753 1576/1380/738
f 1577/1381/739 1578/1382/738 1593/1397/753
f 1593/1397/753 1594/1398/754 1577/1381/739
f 1563/1367/725 1577/1381/739 1594/1398/754
f 1594/1398/754 1595/1399/755 1563/1367/725
f 1544/1348/707 1542/1346/705 1561/1365/723
f 1561/1365/723 1545/1349/708 1544/1348/707
f 1579/1383/740 1596/1400/756 1597/1401/757
f 1597/1401/757 1580/1384/741 1579/1383/740
f 1581/1385/742 1580/1384/741 1597/1401/757
f 1597/1401/757 1598/1402/758 1581/1385/742
f 1582/1386/743 1581/1385/742 1598/1402/758
f 1598/1402/758 1599/1403/759 1582/1386/743
f 1582/1386/743 1599/1403/759 1600/1404/760
f 1600/1404/760 1583/1387/744 1582/1386/743
f 1584/1388/745 1583/1387/744 1600/1404/760
f 1600/1404/760 1601/1405/761 1584/1388/745
f 1585/1389/746 1584/1388/745 1601/1405/761
f 1601/1405/761 1602/1406/762 1585/1389/746
f 1585/1389/746 1602/1406/762 1603/1407/763
f 1603/1407/763 1586/1390/747 1585/1389/746
f 1587/1391/748 1586/1390/747 1603/1407/763
f 1603/1407/763 1604/1408/764 1587/1391/748
f 1587/1391/748 1604/1408/764 1605/1409/765
f 1605/1409/765 1588/1392/749 1587/1391/748
f 1589/1393/750 1588/1392/749 1605/1409/765
f 1605/1409/765 1606/1410/766 1589/1393/750
f 1590/1394/751 1589/1393/750 1606/1410/766
f 1606/1410/766 1607/1411/767 1590/1394/751
f 1591/1395/752 1590/1394/751 1607/1411/767
f 1607/1411/767 1608/1412/768 1591/1395/752
f 1592/1396/753 1591/1395/752 1608/1412/768
f 1608/1412/768 1609/1413/769 1592/1396/753
f 1594/1398/754 1593/1397/753 1610/1414/769
f 1610/1414/769 1611/1415/770 1594/1398/754
f 1595/1399/755 1594/1398/754 1611/1415/770
f 1611/1415/770 1612/1416/771 1595/1399/755
f 1562/1366/724 1563/1367/725 1595/1399/755
f 1595/1399/755 1579/1383/740 1562/1366/724
f 1596/1400/756 1613/1417/772 1614/1418/773
f 1614/1418/773 1597/1401/757 1596/1400/756
f 1598/1402/758 1597/1401/757 1614/1418/773
f 1614/1418/773 1615/1419/774 1598/1402/758
f 1599/1403/759 1598/1402/758 1615/1419/774
f 1615/1419/774 1616/1420/775 1599/1403/759
f 1599/1403/759 1616/1420/775 1617/1421/776
f 1617/1421/776 1600/1404/760 1599/1403/759
f 1601/1405/761 1600/1404/760 1617/1421/776
f 1617/1421/776 1618/1422/777 1601/1405/761
f 1602/1406/762 1601/1405/761 1618/1422/777
f 1618/1422/777 1619/1423/778 1602/1406/762
f 1602/1406/762 1619/1423/778 1620/1424/779
f 1620/1424/779 1603/1407/763 1602/1406/762
f 1604/1408/764 1603/1407/763 1620/1424/779
f 1620/1424/779 1621/1425/780 1604/1408/764
f 1604/1408/764 1621/1425/780 1622/1426/781
f 1622/1426/781 1605/1409/765 1604/1408/764
f 1606/1410/766 1605/1409/765 1622/1426/781
f 1622/1426/781 1623/1427/782 1606/1410/766
f 1607/1411/767 1606/1410/766 1623/1427/782
f 1623/1427/782 1624/1428/783 1607/1411/767
f 1608/1412/768 1607/1411/767 1624/1428/783
f 1624/1428/783 1625/1429/784 1608/1412/768
f 1609/1413/769 1608/1412/768 1625/1429/784
f 1625/1429/784 1626/1430/785 1609/1413/769
f 1611/1415/770 1610/1414/769 1627/1431/785
f 1627/1431/785 1628/1432/786 1611/1415/770
f 1612/1416/771 1611/1415/770 1628/1432/786
f 1628/1432/786 1629/1433/787 1612/1416/771
f 1579/1383/740 1595/1399/755 1612/1416/771
f 1612/1416/771 1596/1400/756 1579/1383/740
f 1630/1434/788 1613/1417/772 1629/1433/787
f 1629/1433/787 1631/1435/789 1630/1434/788
f 1613/1417/772 1630/1434/788 1632/1436/790
f 1632/1436/790 1614/1418/773 1613/1417/772
f 1633/1437/791 1615/1419/774 1614/1418/773
f 1614/1418/773 1632/1436/790 1633/1437/791
f 1634/1438/792 1616/1420/775 1615/1419/774
f 1615/1419/774 1633/1437/791 1634/1438/792
f 1616/1420/775 1634/1438/792 1635/1439/793
f 1635/1439/793 1617/1421/776 1616/1420/775
f 1636/1440/794 1618/1422/777 1617/1421/776
f 1617/1421/776 1635/1439/793 1636/1440/794
f 1637/1441/795 1619/1423/778 1618/1422/777
f 1618/1422/777 1636/1440/794 1637/1441/795
f 1619/1423/778 1637/1441/795 1638/1442/796
f 1638/1442/796 1620/1424/779 1619/1423/778
f 1639/1443/797 1621/1425/780 1620/1424/779
f 1620/1424/779 1638/1442/796 1639/1443/797
f 1621/1425/780 1639/1443/797 1640/1444/798
f 1640/1444/798 1622/1426/781 1621/1425/780
f 1641/1445/799 1623/1427/782 1622/1426/781
f 1622/1426/781 1640/1444/798 1641/1445/799
f 1642/1446/800 1624/1428/783 1623/1427/782
f 1623/1427/782 1641/1445/799 1642/1446/800
f 1643/1447/801 1625/1429/784 1624/1428/783
f 1624/1428/783 1642/1446/800 1643/1447/801
f 1644/1448/802 1626/1430/785 1625/1429/784
f 1625/1429/784 1643/1447/801 1644/1448/802
f 1645/1449/803 1628/1432/786 1627/1431/785
f 1627/1431/785 1646/1450/802 1645/1449/803
f 1631/1435/789 1629/1433/787 1628/1432/786
f 1628/1432/786 1645/1449/803 1631/1435/789
f 1630/1434/788 1647/1451/804 1648/1452/805
f 1648/1452/805 1632/1436/790 1630/1434/788
f 1633/1437/791 1632/1436/790 1648/1452/805
f 1648/1452/805 1649/1453/806 1633/1437/791
f 1634/1438/792 1633/1437/791 1649/1453/806
f 1649/1453/806 1650/1454/807 1634/1438/792
f 1634/1438/792 1650/1454/807 1651/1455/808
f 1651/1455/808 1635/1439/793 1634/1438/792
f 1636/1440/794 1635/1439/793 1651/1455/808
f 1651/1455/808 1652/1456/809 1636/1440/794
f 1637/1441/795 1636/1440/794 1652/1456/809
f 1652/1456/809 1653/1457/810 1637/1441/795
f 1637/1441/795 1653/1457/810 1654/1458/811
f 1654/1458/811 1638/1442/796 1637/1441/795
f 1639/1443/797 1638/1442/796 1654/1458/811
f 1654/1458/811 1655/1459/812 1639/1443/797
f 1639/1443/797 1655/1459/812 1656/1460/813
f 1656/1460/813 1640/1444/798 1639/1443/797
f 1641/1445/799 1640/1444/798 1656/1460/813
f 1656/1460/813 1657/1461/814 1641/1445/799
f 1642/1446/800 1641/1445/799 1657/1461/814
f 1657/1461/814 1658/1462/815 1642/1446/800
f 1643/1447/801 1642/1446/800 1658/1462/815
f 1658/1462/815 1659/1463/816 1643/1447/801
f 1644/1448/802 1643/1447/801 1659/1463/816
f 1659/1463/816 1660/1464/817 1644/1448/802
f 1645/1449/803 1646/1450/802 1661/1465/817
f 1661/1465/817 1662/1466/818 1645/1449/803
f 1631/1435/789 1645/1449/803 1662/1466/818
f 1662/1466/818 1663/1467/819 1631/1435/789
f 1596/1400/756 1612/1416/771 1629/1433/787
f 1629/1433/787 1613/1417/772 1596/1400/756
f 1630/1434/788 1631/1435/789 1663/1467/819
f 1663/1467/819 1647/1451/804 1630/1434/788
f 1664/1468/820 1647/1451/804 1663/1467/819
f 1663/1467/819 1665/1469/821 1664/1468/820
f 1647/1451/804 1664/1468/820 1666/1470/822
f 1666/1470/822 1648/1452/805 1647/1451/804
f 1667/1471/823 1649/1453/806 1648/1452/805
f 1648/1452/805 1666/1470/822 1667/1471/823
f 1668/1472/824 1650/1454/807 1649/1453/806
f 1649/1453/806 1667/1471/823 1668/1472/824
f 1650/1454/807 1668/1472/824 1669/1473/825
f 1669/1473/825 1651/1455/808 1650/1454/807
f 1670/1474/826 1652/1456/809 1651/1455/808
f 1651/1455/808 1669/1473/825 1670/1474/826
f 1671/1475/827 1653/1457/810 1652/1456/809
f 1652/1456/809 1670/1474/826 1671/1475/827
f 1653/1457/810 1671/1475/827 1672/1476/828
f 1672/1476/828 1654/1458/811 1653/1457/810
f 1673/1477/829 1655/1459/812 1654/1458/811
f 1654/1458/811 1672/1476/828 1673/1477/829
f 1655/1459/812 1673/1477/829 1674/1478/830
f 1674/1478/830 1656/1460/813 1655/1459/812
f 1675/1479/831 1657/1461/814 1656/1460/813
f 1656/1460/813 1674/1478/830 1675/1479/831
f 1676/1480/832 1658/1462/815 1657/1461/814
f 1657/1461/814 1675/1479/831 1676/1480/832
f 1677/1481/833 1659/1463/816 1658/1462/815
f 1658/1462/815 1676/1480/832 1677/1481/833
f 1678/1482/834 1660/1464/817 1659/1463/816
f 1659/1463/816 1677/1481/833 1678/1482/834
f 1679/1483/835 1662/1466/818 1661/1465/817
f 1661/1465/817 1680/1484/834 1679/1483/835
f 1665/1469/821 1663/1467/819 1662/1466/818
f 1662/1466/818 1679/1483/835 1665/1469/821
f 1681/1485/836 1682/1486/820 1683/1487/821
f 1683/1487/821 1684/1488/837 1681/1485/836
f 1682/1486/820 1681/1485/836 1685/1489/838
f 1685/1489/838 1686/1490/822 1682/1486/820
f 1687/1491/839 1688/1492/823 1686/1490/822
f 1686/1490/822 1685/1489/838 1687/1491/839
f 1689/1493/840 1690/1494/824 1688/1492/823
f 1688/1492/823 1687/1491/839 1689/1493/840
f 1690/1494/824 1689/1493/840 1691/1495/841
f 1691/1495/841 1692/1496/825 1690/1494/824
f 1693/1497/842 1694/1498/826 1692/1496/825
f 1692/1496/825 1691/1495/841 1693/1497/842
f 1695/1499/843 1696/1500/827 1694/1498/826
f 1694/1498/826 1693/1497/842 1695/1499/843
f 1696/1500/827 1695/1499/843 1697/1501/844
f 1697/1501/844 1698/1502/828 1696/1500/827
f 1699/1503/845 1700/1504/829 1698/1502/828
f 1698/1502/828 1697/1501/844 1699/1503/845
f 1700/1504/829 1699/1503/845 1701/1505/846
f 1701/1505/846 1702/1506/830 1700/1504/829
f 1703/1507/847 1704/1508/831 1702/1506/830
f 1702/1506/830 1701/1505/846 1703/1507/847
f 1705/1509/848 1706/1510/832 1704/1508/831
f 1704/1508/831 1703/1507/847 1705/1509/848
f 1707/1511/849 1708/1512/833 1706/1510/832
f 1706/1510/832 1705/1509/848 1707/1511/849
f 1709/1513/850 1710/1514/834 1708/1512/833
f 1708/1512/833 1707/1511/849 1709/1513/850
f 1711/1515/851 1712/1516/835 1710/1514/834
f 1710/1514/834 1709/1513/850 1711/1515/851
f 1684/1488/837 1683/1487/821 1712/1516/835
f 1712/1516/835 1711/1515/851 1684/1488/837
f 1544/1348/707 1713/1517/852 1543/1347/706
f 1543/1347/706 1542/1346/705 1544/1348/707
f 1713/1517/852 1544/1348/707 1515/1319/680
f 1515/1319/680 1514/1318/679 1713/1517/852
f 1681/1485/836 1684/1488/837 1711/1515/851
f 1681/1485/836 1711/1515/851 1709/1513/850
f 1681/1485/836 1709/1513/850 1707/1511/849
f 1681/1485/836 1707/1511/849 1705/1509/848
f 1681/1485/836 1705/1509/848 1703/1507/847
f 1681/1485/836 1703/1507/847 1701/1505/846
f 1681/1485/836 1701/1505/846 1699/1503/845
f 1681/1485/836 1699/1503/845 1697/1501/844
f 1681/1485/836 1697/1501/844 1695/1499/843
f 1681/1485/836 1695/1499/843 1693/1497/842
f 1681/1485/836 1693/1497/842 1691/1495/841
f 1681/1485/836 1691/1495/841 1689/1493/840
f 1681/1485/836 1689/1493/840 1687/1491/839
f 1687/1491/839 1685/1489/838 1681/1485/836
f 1714/1518/853 1715/1519/854 1716/1520/855
f 1716/1520/855 1717/1521/856 1714/1518/853
f 1718/1522/857 1719/1523/858 1715/1519/854
f 1715/1519/854 1714/1518/853 1718/1522/857
f 1720/1524/859 1721/1525/860 1719/1523/858
f 1719/1523/858 1718/1522/857 1720/1524/859
f 1722/1526/861 1723/1527/862 1721/1525/860
f 1721/1525/860 1720/1524/859 1722/1526/861
f 1724/1528/863 1725/1529/864 1723/1527/862
f 1723/1527/862 1722/1526/861 1724/1528/863
f 1726/1530/865 1727/1531/866 1725/1529/864
f 1725/1529/864 1724/1528/863 1726/1530/865
f 1728/1532/867 1729/1533/868 1727/1531/866
f 1727/1531/866 1726/1530/865 1728/1532/867
f 1730/1534/869 1731/1535/870 1729/1533/868
f 1729/1533/868 1728/1532/867 1730/1534/869
f 1732/1536/871 1733/1537/872 1731/1535/870
f 1731/1535/870 1730/1534/869 1732/1536/871
f 1734/1538/873 1735/1539/874 1733/1537/872
f 1733/1537/872 1732/1536/871 1734/1538/873
f 1736/1540/875 1737/1541/876 1735/1539/874
f 1735/1539/874 1734/1538/873 1736/1540/875
f 1738/1542/877 1739/1543/878 1737/1541/876
f 1737/1541/876 1736/1540/875 1738/1542/877
f 1740/1544/879 1741/1545/880 1739/1543/878
f 1739/1543/878 1738/1542/877 1740/1544/879
f 1742/1546/881 1743/1547/882 1744/1548/880
f 1744/1548/880 1745/1549/879 1742/1546/881
f 1743/1547/882 1742/1546/881 1746/1550/883
f 1746/1550/883 1747/1551/884 1743/1547/882
f 1742/1546/881 1745/1549/879 1748/1552/885
f 1748/1552/885 1749/1553/886 1742/1546/881
f 1740/1544/879 1738/1542/877 1750/1554/887
f 1750/1554/887 1751/1555/885 1740/1544/879
f 1738/1542/877 1736/1540/875 1752/1556/888
f 1752/1556/888 1750/1554/887 1738/1542/877
f 1736/1540/875 1734/1538/873 1753/1557/889
f 1753/1557/889 1752/1556/888 1736/1540/875
f 1734/1538/873 1732/1536/871 1754/1558/890
f 1754/1558/890 1753/1557/889 1734/1538/873
f 1732/1536/871 1730/1534/869 1755/1559/891
f 1755/1559/891 1754/1558/890 1732/1536/871
f 1730/1534/869 1728/1532/867 1756/1560/892
f 1756/1560/892 1755/1559/891 1730/1534/869
f 1728/1532/867 1726/1530/865 1757/1561/893
f 1757/1561/893 1756/1560/892 1728/1532/867
f 1726/1530/865 1724/1528/863 1758/1562/894
f 1758/1562/894 1757/1561/893 1726/1530/865
f 1724/1528/863 1722/1526/861 1759/1563/895
f 1759/1563/895 1758/1562/894 1724/1528/863
f 1722/1526/861 1720/1524/859 1760/1564/896
f 1760/1564/896 1759/1563/895 1722/1526/861
f 1720/1524/859 1718/1522/857 1761/1565/897
f 1761/1565/897 1760/1564/896 1720/1524/859
f 1718/1522/857 1714/1518/853 1762/1566/898
f 1762/1566/898 1761/1565/897 1718/1522/857
f 1714/1518/853 1717/1521/856 1763/1567/899
f 1763/1567/899 1762/1566/898 1714/1518/853
f 1717/1521/856 1746/1550/883 1764/1568/900
f 1764/1568/900 1763/1567/899 1717/1521/856
f 1765/1569/901 1763/1567/899 1764/1568/900
f 1764/1568/900 1766/1570/902 1765/1569/901
f 1766/1570/902 1767/1571/903 1768/1572/904
f 1768/1572/904 1769/1573/905 1766/1570/902
f 1770/1574/906 1762/1566/898 1763/1567/899
f 1763/1567/899 1765/1569/901 1770/1574/906
f 1771/1575/907 1761/1565/897 1762/1566/898
f 1762/1566/898 1770/1574/906 1771/1575/907
f 1772/1576/908 1760/1564/896 1761/1565/897
f 1761/1565/897 1771/1575/907 1772/1576/908
f 1773/1577/909 1759/1563/895 1760/1564/896
f 1760/1564/896 1772/1576/908 1773/1577/909
f 1774/1578/910 1758/1562/894 1759/1563/895
f 1759/1563/895 1773/1577/909 1774/1578/910
f 1775/1579/911 1757/1561/893 1758/1562/894
f 1758/1562/894 1774/1578/910 1775/1579/911
f 1776/1580/912 1756/1560/892 1757/1561/893
f 1757/1561/893 1775/1579/911 1776/1580/912
f 1777/1581/913 1755/1559/891 1756/1560/892
f 1756/1560/892 1776/1580/912 1777/1581/913
f 1778/1582/914 1754/1558/890 1755/1559/891
f 1755/1559/891 1777/1581/913 1778/1582/914
f 1779/1583/915 1753/1557/889 1754/1558/890
f 1754/1558/890 1778/1582/914 1779/1583/915
f 1780/1584/916 1752/1556/888 1753/1557/889
f 1753/1557/889 1779/1583/915 1780/1584/916
f 1781/1585/917 1750/1554/887 1752/1556/888
f 1752/1556/888 1780/1584/916 1781/1585/917
f 1782/1586/918 1751/1555/885 1750/1554/887
f 1750/1554/887 1781/1585/917 1782/1586/918
f 1767/1571/903 1749/1553/886 1748/1552/885
f 1748/1552/885 1783/1587/918 1767/1571/903
f 1749/1553/886 1767/1571/903 1766/1570/902
f 1766/1570/902 1764/1568/900 1749/1553/886
f 1767/1571/903 1783/1587/918 1784/1588/919
f 1784/1588/919 1768/1572/904 1767/1571/903
f 1782/1586/918 1781/1585/917 1785/1589/920
f 1785/1589/920 1786/1590/919 1782/1586/918
f 1781/1585/917 1780/1584/916 1787/1591/921
f 1787/1591/921 1785/1589/920 1781/1585/917
f 1780/1584/916 1779/1583/915 1788/1592/922
f 1788/1592/922 1787/1591/921 1780/1584/916
f 1779/1583/915 1778/1582/914 1789/1593/923
f 1789/1593/923 1788/1592/922 1779/1583/915
f 1778/1582/914 1777/1581/913 1790/1594/924
f 1790/1594/924 1789/1593/923 1778/1582/914
f 1777/1581/913 1776/1580/912 1791/1595/925
f 1791/1595/925 1790/1594/924 1777/1581/913
f 1776/1580/912 1775/1579/911 1792/1596/926
f 1792/1596/926 1791/1595/925 1776/1580/912
f 1775/1579/911 1774/1578/910 1793/1597/927
f 1793/1597/927 1792/1596/926 1775/1579/911
f 1774/1578/910 1773/1577/909 1794/1598/928
f 1794/1598/928 1793/1597/927 1774/1578/910
f 1773/1577/909 1772/1576/908 1795/1599/929
f 1795/1599/929 1794/1598/928 1773/1577/909
f 1772/1576/908 1771/1575/907 1796/1600/930
f 1796/1600/930 1795/1599/929 1772/1576/908
f 1771/1575/907 1770/1574/906 1797/1601/931
f 1797/1601/931 1796/1600/930 1771/1575/907
f 1770/1574/906 1765/1569/901 1798/1602/932
f 1798/1602/932 1797/1601/931 1770/1574/906
f 1765/1569/901 1766/1570/902 1769/1573/905
f 1769/1573/905 1798/1602/932 1765/1569/901
f 1799/1603/933 1797/1601/931 1798/1602/932
f 1798/1602/932 1800/1604/934 1799/1603/933
f 1801/1605/935 1796/1600/930 1797/1601/931
f 1797/1601/931 1799/1603/933 1801/1605/935
f 1802/1606/936 1795/1599/929 1796/1600/930
f 1796/1600/930 1801/1605/935 1802/1606/936
f 1803/1607/937 1794/1598/928 1795/1599/929
f 1795/1599/929 1802/1606/936 1803/1607/937
f 1804/1608/938 1793/1597/927 1794/1598/928
f 1794/1598/928 1803/1607/937 1804/1608/938
f 1805/1609/939 1792/1596/926 1793/1597/927
f 1793/1597/927 1804/1608/938 1805/1609/939
f 1806/1610/940 1791/1595/925 1792/1596/926
f 1792/1596/926 1805/1609/939 1806/1610/940
f 1807/1611/941 1790/1594/924 1791/1595/925
f 1791/1595/925 1806/1610/940 1807/1611/941
f 1808/1612/942 1789/1593/923 1790/1594/924
f 1790/1594/924 1807/1611/941 1808/1612/942
f 1809/1613/943 1788/1592/922 1789/1593/923
f 1789/1593/923 1808/1612/942 1809/1613/943
f 1810/1614/944 1787/1591/921 1788/1592/922
f 1788/1592/922 1809/1613/943 1810/1614/944
f 1811/1615/945 1785/1589/920 1787/1591/921
f 1787/1591/921 1810/1614/944 1811/1615/945
f 1812/1616/946 1786/1590/919 1785/1589/920
f 1785/1589/920 1811/1615/945 1812/1616/946
f 1813/1617/947 1768/1572/904 1784/1588/919
f 1784/1588/919 1814/1618/946 1813/1617/947
f 1768/1572/904 1813/1617/947 1815/1619/948
f 1815/1619/948 1769/1573/905 1768/1572/904
f 1800/1604/934 1798/1602/932 1769/1573/905
f 1769/1573/905 1815/1619/948 1800/1604/934
f 1717/1521/856 1716/1520/855 1747/1551/884
f 1747/1551/884 1746/1550/883 1717/1521/856
f 1746/1550/883 1742/1546/881 1749/1553/886
f 1749/1553/886 1764/1568/900 1746/1550/883
f 1816/1620/882 1817/1621/884 1818/1622/949
f 1818/1622/949 1819/1623/950 1816/1620/882
f 1817/1621/884 1820/1624/855 1821/1625/951
f 1821/1625/951 1818/1622/949 1817/1621/884
f 1822/1626/866 1823/1627/868 1824/1628/952
f 1824/1628/952 1825/1629/953 1822/1626/866
f 1826/1630/880 1816/1620/882 1819/1623/950
f 1819/1623/950 1827/1631/954 1826/1630/880
f 1828/1632/864 1822/1626/866 1825/1629/953
f 1825/1629/953 1829/1633/955 1828/1632/864
f 1830/1634/878 1826/1630/880 1827/1631/954
f 1827/1631/954 1831/1635/956 1830/1634/878
f 1832/1636/862 1828/1632/864 1829/1633/955
f 1829/1633/955 1833/1637/957 1832/1636/862
f 1834/1638/876 1830/1634/878 1831/1635/956
f 1831/1635/956 1835/1639/958 1834/1638/876
f 1836/1640/860 1832/1636/862 1833/1637/957
f 1833/1637/957 1837/1641/959 1836/1640/860
f 1838/1642/874 1834/1638/876 1835/1639/958
f 1835/1639/958 1839/1643/960 1838/1642/874
f 1840/1644/858 1836/1640/860 1837/1641/959
f 1837/1641/959 1841/1645/961 1840/1644/858
f 1842/1646/872 1838/1642/874 1839/1643/960
f 1839/1643/960 1843/1647/962 1842/1646/872
f 1844/1648/854 1840/1644/858 1841/1645/961
f 1841/1645/961 1845/1649/963 1844/1648/854
f 1846/1650/870 1842/1646/872 1843/1647/962
f 1843/1647/962 1847/1651/964 1846/1650/870
f 1820/1624/855 1844/1648/854 1845/1649/963
f 1845/1649/963 1821/1625/951 1820/1624/855
f 1823/1627/868 1846/1650/870 1847/1651/964
f 1847/1651/964 1824/1628/952 1823/1627/868
f 1819/1623/950 1818/1622/949 1821/1625/951
f 1819/1623/950 1821/1625/951 1845/1649/963
f 1819/1623/950 1845/1649/963 1841/1645/961
f 1819/1623/950 1841/1645/961 1837/1641/959
f 1819/1623/950 1837/1641/959 1833/1637/957
f 1819/1623/950 1833/1637/957 1829/1633/955
f 1819/1623/950 1829/1633/955 1825/1629/953
f 1819/1623/950 1825/1629/953 1824/1628/952
f 1819/1623/950 1824/1628/952 1847/1651/964
f 1819/1623/950 1847/1651/964 1843/1647/962
f 1819/1623/950 1843/1647/962 1839/1643/960
f 1819/1623/950 1839/1643/960 1835/1639/958
f 1819/1623/950 1835/1639/958 1831/1635/956
f 1831/1635/956 1827/1631/954 1819/1623/950
f 1848/1652/965 1849/1653/966 1850/1654/967
f 1850/1654/967 1851/1655/968 1848/1652/965
f 1849/1653/966 1852/1656/969 1853/1657/970
f 1853/1657/970 1850/1654/967 1849/1653/966
f 1854/1658/971 1853/1657/970 1852/1656/969
f 1852/1656/969 1855/1659/972 1854/1658/971
f 1855/1659/972 1856/1660/973 1857/1661/974
f 1857/1661/974 1854/1658/971 1855/1659/972
f 1856/1660/973 1858/1662/975 1859/1663/976
f 1859/1663/976 1857/1661/974 1856/1660/973
f 1860/1664/977 1859/1663/976 1858/1662/975
f 1858/1662/975 1861/1665/978 1860/1664/977
f 1861/1665/978 1862/1666/979 1863/1667/980
f 1863/1667/980 1860/1664/977 1861/1665/978
f 1864/1668/981 1863/1667/980 1862/1666/979
f 1862/1666/979 1865/1669/982 1864/1668/981
f 1865/1669/982 1866/1670/983 1867/1671/984
f 1867/1671/984 1864/1668/981 1865/1669/982
f 1866/1670/983 1868/1672/985 1869/1673/986
f 1869/1673/986 1867/1671/984 1866/1670/983
f 1868/1672/985 1870/1674/987 1871/1675/988
f 1871/1675/988 1869/1673/986 1868/1672/985
f 1870/1674/987 1872/1676/989 1873/1677/990
f 1873/1677/990 1871/1675/988 1870/1674/987
f 1874/1678/991 1875/1679/992 1876/1680/993
f 1876/1680/993 1877/1681/990 1874/1678/991
f 1875/1679/992 1878/1682/994 1879/1683/995
f 1879/1683/995 1876/1680/993 1875/1679/992
f 1880/1684/996 1881/1685/997 1882/1686/998
f 1882/1686/998 1851/1655/968 1880/1684/996
f 1880/1684/996 1851/1655/968 1850/1654/967
f 1850/1654/967 1883/1687/999 1880/1684/996
f 1883/1687/999 1850/1654/967 1853/1657/970
f 1853/1657/970 1884/1688/1000 1883/1687/999
f 1885/1689/1001 1884/1688/1000 1853/1657/970
f 1853/1657/970 1854/1658/971 1885/1689/1001
f 1885/1689/1001 1854/1658/971 1857/1661/974
f 1857/1661/974 1886/1690/1002 1885/1689/1001
f 1886/1690/1002 1857/1661/974 1859/1663/976
f 1859/1663/976 1887/1691/1003 1886/1690/1002
f 1888/1692/1004 1887/1691/1003 1859/1663/976
f 1859/1663/976 1860/1664/977 1888/1692/1004
f 1888/1692/1004 1860/1664/977 1863/1667/980
f 1863/1667/980 1889/1693/1005 1888/1692/1004
f 1890/1694/1006 1889/1693/1005 1863/1667/980
f 1863/1667/980 1864/1668/981 1890/1694/1006
f 1890/1694/1006 1864/1668/981 1867/1671/984
f 1867/1671/984 1891/1695/1007 1890/1694/1006
f 1891/1695/1007 1867/1671/984 1869/1673/986
f 1869/1673/986 1892/1696/1008 1891/1695/1007
f 1892/1696/1008 1869/1673/986 1871/1675/988
f 1871/1675/988 1893/1697/1009 1892/1696/1008
f 1893/1697/1009 1871/1675/988 1873/1677/990
f 1873/1677/990 1894/1698/1010 1893/1697/1009
f 1895/1699/1010 1877/1681/990 1876/1680/993
f 1876/1680/993 1896/1700/1011 1895/1699/1010
f 1896/1700/1011 1876/1680/993 1879/1683/995
f 1879/1683/995 1897/1701/1012 1896/1700/1011
f 1897/1701/1012 1881/1685/997 1898/1702/1013
f 1898/1702/1013 1899/1703/1014 1897/1701/1012
f 1900/1704/1015 1898/1702/1013 1881/1685/997
f 1881/1685/997 1880/1684/996 1900/1704/1015
f 1880/1684/996 1883/1687/999 1901/1705/1016
f 1901/1705/1016 1900/1704/1015 1880/1684/996
f 1883/1687/999 1884/1688/1000 1902/1706/1017
f 1902/1706/1017 1901/1705/1016 1883/1687/999
f 1903/1707/1018 1902/1706/1017 1884/1688/1000
f 1884/1688/1000 1885/1689/1001 1903/1707/1018
f 1885/1689/1001 1886/1690/1002 1904/1708/1019
f 1904/1708/1019 1903/1707/1018 1885/1689/1001
f 1886/1690/1002 1887/1691/1003 1905/1709/1020
f 1905/1709/1020 1904/1708/1019 1886/1690/1002
f 1906/1710/1021 1905/1709/1020 1887/1691/1003
f 1887/1691/1003 1888/1692/1004 1906/1710/1021
f 1888/1692/1004 1889/1693/1005 1907/1711/1022
f 1907/1711/1022 1906/1710/1021 1888/1692/1004
f 1908/1712/1023 1907/1711/1022 1889/1693/1005
f 1889/1693/1005 1890/1694/1006 1908/1712/1023
f 1890/1694/1006 1891/1695/1007 1909/1713/1024
f 1909/1713/1024 1908/1712/1023 1890/1694/1006
f 1891/1695/1007 1892/1696/1008 1910/1714/1025
f 1910/1714/1025 1909/1713/1024 1891/1695/1007
f 1892/1696/1008 1893/1697/1009 1911/1715/1026
f 1911/1715/1026 1910/1714/1025 1892/1696/1008
f 1893/1697/1009 1894/1698/1010 1912/1716/1027
f 1912/1716/1027 1911/1715/1026 1893/1697/1009
f 1895/1699/1010 1896/1700/1011 1913/1717/1028
f 1913/1717/1028 1914/1718/1027 1895/1699/1010
f 1896/1700/1011 1897/1701/1012 1899/1703/1014
f 1899/1703/1014 1913/1717/1028 1896/1700/1011
f 1915/1719/1029 1916/1720/1030 1898/1702/1013
f 1898/1702/1013 1900/1704/1015 1915/1719/1029
f 1915/1719/1029 1900/1704/1015 1901/1705/1016
f 1901/1705/1016 1917/1721/1031 1915/1719/1029
f 1917/1721/1031 1901/1705/1016 1902/1706/1017
f 1902/1706/1017 1918/1722/1032 1917/1721/1031
f 1919/1723/1033 1918/1722/1032 1902/1706/1017
f 1902/1706/1017 1903/1707/1018 1919/1723/1033
f 1919/1723/1033 1903/1707/1018 1904/1708/1019
f 1904/1708/1019 1920/1724/1034 1919/1723/1033
f 1920/1724/1034 1904/1708/1019 1905/1709/1020
f 1905/1709/1020 1921/1725/1035 1920/1724/1034
f 1922/1726/1036 1921/1725/1035 1905/1709/1020
f 1905/1709/1020 1906/1710/1021 1922/1726/1036
f 1922/1726/1036 1906/1710/1021 1907/1711/1022
f 1907/1711/1022 1923/1727/1037 1922/1726/1036
f 1924/1728/1038 1923/1727/1037 1907/1711/1022
f 1907/1711/1022 1908/1712/1023 1924/1728/1038
f 1924/1728/1038 1908/1712/1023 1909/1713/1024
f 1909/1713/1024 1925/1729/1039 1924/1728/1038
f 1925/1729/1039 1909/1713/1024 1910/1714/1025
f 1910/1714/1025 1926/1730/1040 1925/1729/1039
f 1926/1730/1040 1910/1714/1025 1911/1715/1026
f 1911/1715/1026 1927/1731/1041 1926/1730/1040
f 1927/1731/1041 1911/1715/1026 1912/1716/1027
f 1912/1716/1027 1928/1732/1042 1927/1731/1041
f 1929/1733/1042 1914/1718/1027 1913/1717/1028
f 1913/1717/1028 1930/1734/1043 1929/1733/1042
f 1930/1734/1043 1913/1717/1028 1899/1703/1014
f 1899/1703/1014 1931/1735/1044 1930/1734/1043
f 1897/1701/1012 1879/1683/995 1882/1686/998
f 1882/1686/998 1881/1685/997 1897/1701/1012
f 1932/1736/1045 1933/1737/1046 1916/1720/1030
f 1916/1720/1030 1915/1719/1029 1932/1736/1045
f 1932/1736/1045 1915/1719/1029 1917/1721/1031
f 1917/1721/1031 1934/1738/1047 1932/1736/1045
f 1934/1738/1047 1917/1721/1031 1918/1722/1032
f 1918/1722/1032 1935/1739/1048 1934/1738/1047
f 1936/1740/1049 1935/1739/1048 1918/1722/1032
f 1918/1722/1032 1919/1723/1033 1936/1740/1049
f 1936/1740/1049 1919/1723/1033 1920/1724/1034
f 1920/1724/1034 1937/1741/1050 1936/1740/1049
f 1937/1741/1050 1920/1724/1034 1921/1725/1035
f 1921/1725/1035 1938/1742/1051 1937/1741/1050
f 1939/1743/1052 1938/1742/1051 1921/1725/1035
f 1921/1725/1035 1922/1726/1036 1939/1743/1052
f 1939/1743/1052 1922/1726/1036 1923/1727/1037
f 1923/1727/1037 1940/1744/1053 1939/1743/1052
f 1941/1745/1054 1940/1744/1053 1923/1727/1037
f 1923/1727/1037 1924/1728/1038 1941/1745/1054
f 1941/1745/1054 1924/1728/1038 1925/1729/1039
f 1925/1729/1039 1942/1746/1055 1941/1745/1054
f 1942/1746/1055 1925/1729/1039 1926/1730/1040
f 1926/1730/1040 1943/1747/1056 1942/1746/1055
f 1943/1747/1056 1926/1730/1040 1927/1731/1041
f 1927/1731/1041 1944/1748/1057 1943/1747/1056
f 1944/1748/1057 1927/1731/1041 1928/1732/1042
f 1928/1732/1042 1945/1749/1058 1944/1748/1057
f 1946/1750/1058 1929/1733/1042 1930/1734/1043
f 1930/1734/1043 1947/1751/1059 1946/1750/1058
f 1947/1751/1059 1930/1734/1043 1931/1735/1044
f 1931/1735/1044 1948/1752/1060 1947/1751/1059
f 1931/1735/1044 1899/1703/1014 1898/1702/1013
f 1898/1702/1013 1916/1720/1030 1931/1735/1044
f 1949/1753/1061 1950/1754/1062 1933/1737/1046
f 1933/1737/1046 1932/1736/1045 1949/1753/1061
f 1949/1753/1061 1932/1736/1045 1934/1738/1047
f 1934/1738/1047 1951/1755/1063 1949/1753/1061
f 1951/1755/1063 1934/1738/1047 1935/1739/1048
f 1935/1739/1048 1952/1756/1064 1951/1755/1063
f 1953/1757/1065 1952/1756/1064 1935/1739/1048
f 1935/1739/1048 1936/1740/1049 1953/1757/1065
f 1953/1757/1065 1936/1740/1049 1937/1741/1050
f 1937/1741/1050 1954/1758/1066 1953/1757/1065
f 1954/1758/1066 1937/1741/1050 1938/1742/1051
f 1938/1742/1051 1955/1759/1067 1954/1758/1066
f 1956/1760/1068 1955/1759/1067 1938/1742/1051
f 1938/1742/1051 1939/1743/1052 1956/1760/1068
f 1956/1760/1068 1939/1743/1052 1940/1744/1053
f 1940/1744/1053 1957/1761/1069 1956/1760/1068
f 1958/1762/1070 1957/1761/1069 1940/1744/1053
f 1940/1744/1053 1941/1745/1054 1958/1762/1070
f 1958/1762/1070 1941/1745/1054 1942/1746/1055
f 1942/1746/1055 1959/1763/1071 1958/1762/1070
f 1959/1763/1071 1942/1746/1055 1943/1747/1056
f 1943/1747/1056 1960/1764/1072 1959/1763/1071
f 1960/1764/1072 1943/1747/1056 1944/1748/1057
f 1944/1748/1057 1961/1765/1073 1960/1764/1072
f 1961/1765/1073 1944/1748/1057 1945/1749/1058
f 1945/1749/1058 1962/1766/1074 1961/1765/1073
f 1963/1767/1074 1946/1750/1058 1947/1751/1059
f 1947/1751/1059 1964/1768/1075 1963/1767/1074
f 1964/1768/1075 1947/1751/1059 1948/1752/1060
f 1948/1752/1060 1965/1769/1076 1964/1768/1075
f 1948/1752/1060 1931/1735/1044 1916/1720/1030
f 1916/1720/1030 1933/1737/1046 1948/1752/1060
f 1965/1769/1076 1950/1754/1062 1966/1770/1077
f 1966/1770/1077 1967/1771/1078 1965/1769/1076
f 1968/1772/1079 1966/1770/1077 1950/1754/1062
f 1950/1754/1062 1949/1753/1061 1968/1772/1079
f 1949/1753/1061 1951/1755/1063 1969/1773/1080
f 1969/1773/1080 1968/1772/1079 1949/1753/1061
f 1951/1755/1063 1952/1756/1064 1970/1774/1081
f 1970/1774/1081 1969/1773/1080 1951/1755/1063
f 1971/1775/1082 1970/1774/1081 1952/1756/1064
f 1952/1756/1064 1953/1757/1065 1971/1775/1082
f 1953/1757/1065 1954/1758/1066 1972/1776/1083
f 1972/1776/1083 1971/1775/1082 1953/1757/1065
f 1954/1758/1066 1955/1759/1067 1973/1777/1084
f 1973/1777/1084 1972/1776/1083 1954/1758/1066
f 1974/1778/1085 1973/1777/1084 1955/1759/1067
f 1955/1759/1067 1956/1760/1068 1974/1778/1085
f 1956/1760/1068 1957/1761/1069 1975/1779/1086
f 1975/1779/1086 1974/1778/1085 1956/1760/1068
f 1976/1780/1087 1975/1779/1086 1957/1761/1069
f 1957/1761/1069 1958/1762/1070 1976/1780/1087
f 1958/1762/1070 1959/1763/1071 1977/1781/1088
f 1977/1781/1088 1976/1780/1087 1958/1762/1070
f 1959/1763/1071 1960/1764/1072 1978/1782/1089
f 1978/1782/1089 1977/1781/1088 1959/1763/1071
f 1960/1764/1072 1961/1765/1073 1979/1783/1090
f 1979/1783/1090 1978/1782/1089 1960/1764/1072
f 1961/1765/1073 1962/1766/1074 1980/1784/1091
f 1980/1784/1091 1979/1783/1090 1961/1765/1073
f 1963/1767/1074 1964/1768/1075 1981/1785/1092
f 1981/1785/1092 1982/1786/1091 1963/1767/1074
f 1964/1768/1075 1965/1769/1076 1967/1771/1078
f 1967/1771/1078 1981/1785/1092 1964/1768/1075
f 1983/1787/1093 1984/1788/1094 1966/1770/1077
f 1966/1770/1077 1968/1772/1079 1983/1787/1093
f 1983/1787/1093 1968/1772/1079 1969/1773/1080
f 1969/1773/1080 1985/1789/1095 1983/1787/1093
f 1985/1789/1095 1969/1773/1080 1970/1774/1081
f 1970/1774/1081 1986/1790/1096 1985/1789/1095
f 1987/1791/1097 1986/1790/1096 1970/1774/1081
f 1970/1774/1081 1971/1775/1082 1987/1791/1097
f 1987/1791/1097 1971/1775/1082 1972/1776/1083
f 1972/1776/1083 1988/1792/1098 1987/1791/1097
f 1988/1792/1098 1972/1776/1083 1973/1777/1084
f 1973/1777/1084 1989/1793/1099 1988/1792/1098
f 1990/1794/1100 1989/1793/1099 1973/1777/1084
f 1973/1777/1084 1974/1778/1085 1990/1794/1100
f 1990/1794/1100 1974/1778/1085 1975/1779/1086
f 1975/1779/1086 1991/1795/1101 1990/1794/1100
f 1992/1796/1102 1991/1795/1101 1975/1779/1086
f 1975/1779/1086 1976/1780/1087 1992/1796/1102
f 1992/1796/1102 1976/1780/1087 1977/1781/1088
f 1977/1781/1088 1993/1797/1103 1992/1796/1102
f 1993/1797/1103 1977/1781/1088 1978/1782/1089
f 1978/1782/1089 1994/1798/1104 1993/1797/1103
f 1994/1798/1104 1978/1782/1089 1979/1783/1090
f 1979/1783/1090 1995/1799/1105 1994/1798/1104
f 1995/1799/1105 1979/1783/1090 1980/1784/1091
f 1980/1784/1091 1996/1800/1106 1995/1799/1105
f 1997/1801/1106 1982/1786/1091 1981/1785/1092
f 1981/1785/1092 1998/1802/1107 1997/1801/1106
f 1998/1802/1107 1981/1785/1092 1967/1771/1078
f 1967/1771/1078 1999/1803/1108 1998/1802/1107
f 1965/1769/1076 1948/1752/1060 1933/1737/1046
f 1933/1737/1046 1950/1754/1062 1965/1769/1076
f 1999/1803/1108 1967/1771/1078 1966/1770/1077
f 1966/1770/1077 1984/1788/1094 1999/1803/1108
f 1999/1803/1108 1984/1788/1094 2000/1804/1109
f 2000/1804/1109 2001/1805/1110 1999/1803/1108
f 2002/1806/1111 2000/1804/1109 1984/1788/1094
f 1984/1788/1094 1983/1787/1093 2002/1806/1111
f 1983/1787/1093 1985/1789/1095 2003/1807/1112
f 2003/1807/1112 2002/1806/1111 1983/1787/1093
f 1985/1789/1095 1986/1790/1096 2004/1808/1113
f 2004/1808/1113 2003/1807/1112 1985/1789/1095
f 2005/1809/1114 2004/1808/1113 1986/1790/1096
f 1986/1790/1096 1987/1791/1097 2005/1809/1114
f 1987/1791/1097 1988/1792/1098 2006/1810/1115
f 2006/1810/1115 2005/1809/1114 1987/1791/1097
f 1988/1792/1098 1989/1793/1099 2007/1811/1116
f 2007/1811/1116 2006/1810/1115 1988/1792/1098
f 2008/1812/1117 2007/1811/1116 1989/1793/1099
f 1989/1793/1099 1990/1794/1100 2008/1812/1117
f 1990/1794/1100 1991/1795/1101 2009/1813/1118
f 2009/1813/1118 2008/1812/1117 1990/1794/1100
f 2010/1814/1119 2009/1813/1118 1991/1795/1101
f 1991/1795/1101 1992/1796/1102 2010/1814/1119
f 1992/1796/1102 1993/1797/1103 2011/1815/1120
f 2011/1815/1120 2010/1814/1119 1992/1796/1102
f 1993/1797/1103 1994/1798/1104 2012/1816/1121
f 2012/1816/1121 2011/1815/1120 1993/1797/1103
f 1994/1798/1104 1995/1799/1105 2013/1817/1122
f 2013/1817/1122 2012/1816/1121 1994/1798/1104
f 1995/1799/1105 1996/1800/1106 2014/1818/1123
f 2014/1818/1123 2013/1817/1122 1995/1799/1105
f 1997/1801/1106 1998/1802/1107 2015/1819/1124
f 2015/1819/1124 2016/1820/1123 1997/1801/1106
f 1998/1802/1107 1999/1803/1108 2001/1805/1110
f 2001/1805/1110 2015/1819/1124 1998/1802/1107
f 2017/1821/1110 2018/1822/1109 2019/1823/1125
f 2019/1823/1125 2020/1824/1126 2017/1821/1110
f 2021/1825/1127 2019/1823/1125 2018/1822/1109
f 2018/1822/1109 2022/1826/1111 2021/1825/1127
f 2022/1826/1111 2023/1827/1112 2024/1828/1128
f 2024/1828/1128 2021/1825/1127 2022/1826/1111
f 2023/1827/1112 2025/1829/1113 2026/1830/1129
f 2026/1830/1129 2024/1828/1128 2023/1827/1112
f 2027/1831/1130 2026/1830/1129 2025/1829/1113
f 2025/1829/1113 2028/1832/1114 2027/1831/1130
f 2028/1832/1114 2029/1833/1115 2030/1834/1131
f 2030/1834/1131 2027/1831/1130 2028/1832/1114
f 2029/1833/1115 2031/1835/1116 2032/1836/1132
f 2032/1836/1132 2030/1834/1131 2029/1833/1115
f 2033/1837/1133 2032/1836/1132 2031/1835/1116
f 2031/1835/1116 2034/1838/1117 2033/1837/1133
f 2034/1838/1117 2035/1839/1118 2036/1840/1134
f 2036/1840/1134 2033/1837/1133 2034/1838/1117
f 2037/1841/1135 2036/1840/1134 2035/1839/1118
f 2035/1839/1118 2038/1842/1119 2037/1841/1135
f 2038/1842/1119 2039/1843/1120 2040/1844/1136
f 2040/1844/1136 2037/1841/1135 2038/1842/1119
f 2039/1843/1120 2041/1845/1121 2042/1846/1137
f 2042/1846/1137 2040/1844/1136 2039/1843/1120
f 2041/1845/1121 2043/1847/1122 2044/1848/1138
f 2044/1848/1138 2042/1846/1137 2041/1845/1121
f 2043/1847/1122 2045/1849/1123 2046/1850/1139
f 2046/1850/1139 2044/1848/1138 2043/1847/1122
f 2045/1849/1123 2047/1851/1124 2048/1852/1140
f 2048/1852/1140 2046/1850/1139 2045/1849/1123
f 2047/1851/1124 2017/1821/1110 2020/1824/1126
f 2020/1824/1126 2048/1852/1140 2047/1851/1124
f 1878/1682/994 2049/1853/1141 1882/1686/998
f 1882/1686/998 1879/1683/995 1878/1682/994
f 1851/1655/968 1882/1686/998 2049/1853/1141
f 2049/1853/1141 1848/1652/965 1851/1655/968
f 2048/1852/1140 2020/1824/1126 2019/1823/1125
f 2048/1852/1140 2019/1823/1125 2021/1825/1127
f 2048/1852/1140 2021/1825/1127 2024/1828/1128
f 2048/1852/1140 2024/1828/1128 2026/1830/1129
f 2048/1852/1140 2026/1830/1129 2027/1831/1130
f 2048/1852/1140 2027/1831/1130 2030/1834/1131
f 2048/1852/1140 2030/1834/1131 2032/1836/1132
f 2048/1852/1140 2032/1836/1132 2033/1837/1133
f 2048/1852/1140 2033/1837/1133 2036/1840/1134
f 2048/1852/1140 2036/1840/1134 2037/1841/1135
f 2048/1852/1140 2037/1841/1135 2040/1844/1136
f 2048/1852/1140 2040/1844/1136 2042/1846/1137
f 2048/1852/1140 2042/1846/1137 2044/1848/1138
f 2044/1848/1138 2046/1850/1139 2048/1852/1140
f 2050/1854/1142 2051/1855/1143 2052/1856/1144
f 2052/1856/1144 2053/1857/1145 2050/1854/1142
f 2054/1858/1146 2051/1855/1143 2050/1854/1142
f 2050/1854/1142 2055/1859/1147 2054/1858/1146
f 2056/1860/1148 2051/1855/1143 2054/1858/1146
f 2054/1858/1146 2057/1861/1149 2056/1860/1148
f 2052/1856/1144 2051/1855/1143 2056/1860/1148
f 2056/1860/1148 2058/1862/1150 2052/1856/1144
f 2056/1860/1148 2059/1863/1151 2060/1864/1152
f 2060/1864/1152 2058/1862/1150 2056/1860/1148
f 2061/1865/1153 2059/1863/1151 2056/1860/1148
f 2056/1860/1148 2057/1861/1149 2061/1865/1153
f 2062/1866/1154 2059/1863/1151 2061/1865/1153
f 2061/1865/1153 2063/1867/1155 2062/1866/1154
f 2060/1864/1152 2059/1863/1151 2062/1866/1154
f 2062/1866/1154 2064/1868/1156 2060/1864/1152
f 2065/1869/1157 2066/1870/1158 2067/1871/1159
f 2067/1871/1159 2068/1872/1160 2065/1869/1157
f 2069/1873/1161 2066/1870/1158 2065/1869/1157
f 2065/1869/1157 2070/1874/1162 2069/1873/1161
f 2071/1875/1163 2066/1870/1158 2069/1873/1161
f 2069/1873/1161 2072/1876/1164 2071/1875/1163
f 2067/1871/1159 2066/1870/1158 2071/1875/1163
f 2071/1875/1163 2073/1877/1165 2067/1871/1159
f 2062/1866/1154 2074/1878/1166 2075/1879/1167
f 2075/1879/1167 2064/1868/1156 2062/1866/1154
f 2076/1880/1168 2074/1878/1166 2062/1866/1154
f 2062/1866/1154 2063/1867/1155 2076/1880/1168
f 2077/1881/1169 2074/1878/1166 2076/1880/1168
f 2076/1880/1168 2078/1882/1170 2077/1881/1169
f 2075/1879/1167 2074/1878/1166 2077/1881/1169
f 2077/1881/1169 2079/1883/1171 2075/1879/1167
f 2080/1884/1172 2081/1885/1173 2082/1886/1174
f 2082/1886/1174 2083/1887/1175 2080/1884/1172
f 2084/1888/1176 2081/1885/1173 2080/1884/1172
f 2080/1884/1172 2085/1889/1177 2084/1888/1176
f 2086/1890/1178 2081/1885/1173 2084/1888/1176
f 2084/1888/1176 2087/1891/1179 2086/1890/1178
f 2082/1886/1174 2081/1885/1173 2086/1890/1178
f 2086/1890/1178 2088/1892/1180 2082/1886/1174
f 2089/1893/1181 2090/1894/1182 2091/1895/1183
f 2091/1895/1183 2092/1896/1184 2089/1893/1181
f 2093/1897/1185 2090/1894/1182 2089/1893/1181
f 2089/1893/1181 2094/1898/1186 2093/1897/1185
f 2095/1899/1187 2090/1894/1182 2093/1897/1185
f 2093/1897/1185 2096/1900/1188 2095/1899/1187
f 2091/1895/1183 2090/1894/1182 2095/1899/1187
f 2095/1899/1187 2097/1901/1189 2091/1895/1183
f 2098/1902/1190 2099/1903/1191 2084/1888/1176
f 2084/1888/1176 2085/1889/1177 2098/1902/1190
f 2067/1871/1159 2099/1903/1191 2098/1902/1190
f 2098/1902/1190 2068/1872/1160 2067/1871/1159
f 2100/1904/1192 2099/1903/1191 2067/1871/1159
f 2067/1871/1159 2073/1877/1165 2100/1904/1192
f 2084/1888/1176 2099/1903/1191 2100/1904/1192
f 2100/1904/1192 2087/1891/1179 2084/1888/1176
f 2101/1905/1193 2102/1906/1194 2103/1907/1195
f 2103/1907/1195 2104/1908/1196 2101/1905/1193
f 2105/1909/1197 2102/1906/1194 2101/1905/1193
f 2101/1905/1193 2106/1910/1198 2105/1909/1197
f 2089/1893/1181 2102/1906/1194 2105/1909/1197
f 2105/1909/1197 2094/1898/1186 2089/1893/1181
f 2103/1907/1195 2102/1906/1194 2089/1893/1181
f 2089/1893/1181 2092/1896/1184 2103/1907/1195
f 2107/1911/1199 2108/1912/1200 2109/1913/1201
f 2109/1913/1201 2110/1914/1202 2107/1911/1199
f 2111/1915/1203 2108/1912/1200 2107/1911/1199
f 2107/1911/1199 2112/1916/1204 2111/1915/1203
f 2101/1905/1193 2108/1912/1200 2111/1915/1203
f 2111/1915/1203 2106/1910/1198 2101/1905/1193
f 2109/1913/1201 2108/1912/1200 2101/1905/1193
f 2101/1905/1193 2104/1908/1196 2109/1913/1201
f 2077/1881/1169 2113/1917/1205 2114/1918/1206
f 2114/1918/1206 2079/1883/1171 2077/1881/1169
f 2115/1919/1207 2113/1917/1205 2077/1881/1169
f 2077/1881/1169 2078/1882/1170 2115/1919/1207
f 2107/1911/1199 2113/1917/1205 2115/1919/1207
f 2115/1919/1207 2112/1916/1204 2107/1911/1199
f 2114/1918/1206 2113/1917/1205 2107/1911/1199
f 2107/1911/1199 2110/1914/1202 2114/1918/1206
f 2116/1920/1187 2117/1921/1208 2118/1922/1209
f 2118/1922/1209 2119/1923/1189 2116/1920/1187
f 2120/1924/1210 2117/1921/1208 2116/1920/1187
f 2116/1920/1187 2121/1925/1188 2120/1924/1210
f 2050/1854/1142 2117/1921/1208 2120/1924/1210
f 2120/1924/1210 2055/1859/1147 2050/1854/1142
f 2118/1922/1209 2117/1921/1208 2050/1854/1142
f 2050/1854/1142 2053/1857/1145 2118/1922/1209
f 2122/1926/1211 2123/1927/1212 2124/1928/1213
f 2124/1928/1213 2125/1929/1214 2122/1926/1211
f 2126/1930/1215 2123/1927/1212 2122/1926/1211
f 2122/1926/1211 2127/1931/1216 2126/1930/1215
f 2128/1932/1217 2123/1927/1212 2126/1930/1215
f 2126/1930/1215 2129/1933/1218 2128/1932/1217
f 2124/1928/1213 2123/1927/1212 2128/1932/1217
f 2128/1932/1217 2130/1934/1219 2124/1928/1213
f 2131/1935/1220 2132/1936/1221 2126/1930/1215
f 2126/1930/1215 2127/1931/1216 2131/1935/1220
f 2133/1937/1222 2132/1936/1221 2131/1935/1220
f 2131/1935/1220 2134/1938/1223 2133/1937/1222
f 2135/1939/1224 2132/1936/1221 2133/1937/1222
f 2133/1937/1222 2136/1940/1225 2135/1939/1224
f 2126/1930/1215 2132/1936/1221 2135/1939/1224
f 2135/1939/1224 2129/1933/1218 2126/1930/1215
f 2137/1941/1226 2138/1942/1227 2139/1943/1228
f 2139/1943/1228 2140/1944/1229 2137/1941/1226
f 2141/1945/1230 2138/1942/1227 2137/1941/1226
f 2137/1941/1226 2142/1946/1231 2141/1945/1230
f 2061/1865/1153 2138/1942/1227 2141/1945/1230
f 2141/1945/1230 2063/1867/1155 2061/1865/1153
f 2139/1943/1228 2138/1942/1227 2061/1865/1153
f 2061/1865/1153 2057/1861/1149 2139/1943/1228
f 2143/1947/1232 2144/1948/1233 2145/1949/1234
f 2145/1949/1234 2146/1950/1235 2143/1947/1232
f 2139/1943/1228 2144/1948/1233 2143/1947/1232
f 2143/1947/1232 2140/1944/1229 2139/1943/1228
f 2054/1858/1146 2144/1948/1233 2139/1943/1228
f 2139/1943/1228 2057/1861/1149 2054/1858/1146
f 2145/1949/1234 2144/1948/1233 2054/1858/1146
f 2054/1858/1146 2055/1859/1147 2145/1949/1234
f 2147/1951/1236 2148/1952/1237 2149/1953/1238
f 2149/1953/1238 2150/1954/1239 2147/1951/1236
f 2145/1949/1234 2148/1952/1237 2147/1951/1236
f 2147/1951/1236 2146/1950/1235 2145/1949/1234
f 2120/1924/1210 2148/1952/1237 2145/1949/1234
f 2145/1949/1234 2055/1859/1147 2120/1924/1210
f 2149/1953/1238 2148/1952/1237 2120/1924/1210
f 2120/1924/1210 2121/1925/1188 2149/1953/1238
f 2151/1955/1240 2152/1956/1241 2153/1957/1242
f 2153/1957/1242 2154/1958/1243 2151/1955/1240
f 2155/1959/1238 2152/1956/1241 2151/1955/1240
f 2151/1955/1240 2156/1960/1244 2155/1959/1238
f 2093/1897/1185 2152/1956/1241 2155/1959/1238
f 2155/1959/1238 2096/1900/1188 2093/1897/1185
f 2153/1957/1242 2152/1956/1241 2093/1897/1185
f 2093/1897/1185 2094/1898/1186 2153/1957/1242
f 2157/1961/1245 2158/1962/1246 2159/1963/1247
f 2159/1963/1247 2160/1964/1248 2157/1961/1245
f 2153/1957/1242 2158/1962/1246 2157/1961/1245
f 2157/1961/1245 2154/1958/1243 2153/1957/1242
f 2105/1909/1197 2158/1962/1246 2153/1957/1242
f 2153/1957/1242 2094/1898/1186 2105/1909/1197
f 2159/1963/1247 2158/1962/1246 2105/1909/1197
f 2105/1909/1197 2106/1910/1198 2159/1963/1247
f 2111/1915/1203 2161/1965/1249 2159/1963/1247
f 2159/1963/1247 2106/1910/1198 2111/1915/1203
f 2162/1966/1250 2161/1965/1249 2111/1915/1203
f 2111/1915/1203 2112/1916/1204 2162/1966/1250
f 2163/1967/1251 2161/1965/1249 2162/1966/1250
f 2162/1966/1250 2164/1968/1252 2163/1967/1251
f 2159/1963/1247 2161/1965/1249 2163/1967/1251
f 2163/1967/1251 2160/1964/1248 2159/1963/1247
f 2165/1969/1253 2166/1970/1254 2167/1971/1255
f 2167/1971/1255 2168/1972/1256 2165/1969/1253
f 2162/1966/1250 2166/1970/1254 2165/1969/1253
f 2165/1969/1253 2164/1968/1252 2162/1966/1250
f 2115/1919/1207 2166/1970/1254 2162/1966/1250
f 2162/1966/1250 2112/1916/1204 2115/1919/1207
f 2167/1971/1255 2166/1970/1254 2115/1919/1207
f 2115/1919/1207 2078/1882/1170 2167/1971/1255
f 2076/1880/1168 2169/1973/1257 2167/1971/1255
f 2167/1971/1255 2078/1882/1170 2076/1880/1168
f 2141/1945/1230 2169/1973/1257 2076/1880/1168
f 2076/1880/1168 2063/1867/1155 2141/1945/1230
f 2170/1974/1258 2169/1973/1257 2141/1945/1230
f 2141/1945/1230 2142/1946/1231 2170/1974/1258
f 2167/1971/1255 2169/1973/1257 2170/1974/1258
f 2170/1974/1258 2168/1972/1256 2167/1971/1255
f 2171/1975/1259 2172/1976/1260 2173/1977/1261
f 2173/1977/1261 2174/1978/1262 2171/1975/1259
f 2175/1979/1263 2172/1976/1260 2171/1975/1259
f 2171/1975/1259 2176/1980/1264 2175/1979/1263
f 2177/1981/1265 2172/1976/1260 2175/1979/1263
f 2175/1979/1263 2178/1982/1266 2177/1981/1265
f 2173/1977/1261 2172/1976/1260 2177/1981/1265
f 2177/1981/1265 2179/1983/1267 2173/1977/1261
f 2180/1984/1268 2181/1985/1269 2182/1986/1270
f 2182/1986/1270 2183/1987/1271 2180/1984/1268
f 2173/1977/1261 2181/1985/1269 2180/1984/1268
f 2180/1984/1268 2174/1978/1262 2173/1977/1261
f 2184/1988/1272 2181/1985/1269 2173/1977/1261
f 2173/1977/1261 2179/1983/1267 2184/1988/1272
f 2182/1986/1270 2181/1985/1269 2184/1988/1272
f 2184/1988/1272 2185/1989/1273 2182/1986/1270
f 2186/1990/1274 2187/1991/1275 2188/1992/1276
f 2188/1992/1276 2189/1993/1277 2186/1990/1274
f 2190/1994/1278 2187/1991/1275 2186/1990/1274
f 2186/1990/1274 2191/1995/1279 2190/1994/1278
f 2192/1996/1280 2187/1991/1275 2190/1994/1278
f 2190/1994/1278 2193/1997/1281 2192/1996/1280
f 2188/1992/1276 2187/1991/1275 2192/1996/1280
f 2192/1996/1280 2194/1998/1282 2188/1992/1276
f 2195/1999/1283 2196/2000/1284 2069/1873/1161
f 2069/1873/1161 2070/1874/1162 2195/1999/1283
f 2190/1994/1278 2196/2000/1284 2195/1999/1283
f 2195/1999/1283 2193/1997/1281 2190/1994/1278
f 2197/2001/1285 2196/2000/1284 2190/1994/1278
f 2190/1994/1278 2191/1995/1279 2197/2001/1285
f 2069/1873/1161 2196/2000/1284 2197/2001/1285
f 2197/2001/1285 2072/1876/1164 2069/1873/1161
f 2082/1886/1174 2198/2002/1286 2199/2003/1287
f 2199/2003/1287 2083/1887/1175 2082/1886/1174
f 2200/2004/1288 2198/2002/1286 2082/1886/1174
f 2082/1886/1174 2088/1892/1180 2200/2004/1288
f 2177/1981/1265 2198/2002/1286 2200/2004/1288
f 2200/2004/1288 2179/1983/1267 2177/1981/1265
f 2199/2003/1287 2198/2002/1286 2177/1981/1265
f 2177/1981/1265 2178/1982/1266 2199/2003/1287
f 2201/2005/1289 2202/2006/1290 2203/2007/1291
f 2203/2007/1291 2204/2008/1292 2201/2005/1289
f 2182/1986/1270 2202/2006/1290 2201/2005/1289
f 2201/2005/1289 2183/1987/1271 2182/1986/1270
f 2205/2009/1293 2202/2006/1290 2182/1986/1270
f 2182/1986/1270 2185/1989/1273 2205/2009/1293
f 2203/2007/1291 2202/2006/1290 2205/2009/1293
f 2205/2009/1293 2206/2010/1294 2203/2007/1291
f 2207/2011/1295 2208/2012/1296 2209/2013/1297
f 2209/2013/1297 2210/2014/1298 2207/2011/1295
f 2211/2015/1299 2208/2012/1296 2207/2011/1295
f 2207/2011/1295 2212/2016/1300 2211/2015/1299
f 2186/1990/1274 2208/2012/1296 2211/2015/1299
f 2211/2015/1299 2191/1995/1279 2186/1990/1274
f 2209/2013/1297 2208/2012/1296 2186/1990/1274
f 2186/1990/1274 2189/1993/1277 2209/2013/1297
f 2213/2017/1301 2214/2018/1302 2188/1992/1276
f 2188/1992/1276 2194/1998/1282 2213/2017/1301
f 2215/2019/1259 2214/2018/1302 2213/2017/1301
f 2213/2017/1301 2216/2020/1264 2215/2019/1259
f 2217/2021/1303 2214/2018/1302 2215/2019/1259
f 2215/2019/1259 2218/2022/1262 2217/2021/1303
f 2188/1992/1276 2214/2018/1302 2217/2021/1303
f 2217/2021/1303 2189/1993/1277 2188/1992/1276
f 2071/1875/1163 2219/2023/1304 2220/2024/1305
f 2220/2024/1305 2073/1877/1165 2071/1875/1163
f 2221/2025/1306 2219/2023/1304 2071/1875/1163
f 2071/1875/1163 2072/1876/1164 2221/2025/1306
f 2222/2026/1307 2219/2023/1304 2221/2025/1306
f 2221/2025/1306 2223/2027/1308 2222/2026/1307
f 2220/2024/1305 2219/2023/1304 2222/2026/1307
f 2222/2026/1307 2224/2028/1309 2220/2024/1305
f 2197/2001/1285 2225/2029/1310 2221/2025/1306
f 2221/2025/1306 2072/1876/1164 2197/2001/1285
f 2211/2015/1299 2225/2029/1310 2197/2001/1285
f 2197/2001/1285 2191/1995/1279 2211/2015/1299
f 2226/2030/1311 2225/2029/1310 2211/2015/1299
f 2211/2015/1299 2212/2016/1300 2226/2030/1311
f 2221/2025/1306 2225/2029/1310 2226/2030/1311
f 2226/2030/1311 2223/2027/1308 2221/2025/1306
f 2227/2031/1312 2228/2032/1313 2200/2004/1288
f 2200/2004/1288 2088/1892/1180 2227/2031/1312
f 2229/2033/1314 2228/2032/1313 2227/2031/1312
f 2227/2031/1312 2230/2034/1315 2229/2033/1314
f 2184/1988/1272 2228/2032/1313 2229/2033/1314
f 2229/2033/1314 2185/1989/1273 2184/1988/1272
f 2200/2004/1288 2228/2032/1313 2184/1988/1272
f 2184/1988/1272 2179/1983/1267 2200/2004/1288
f 2086/1890/1178 2231/2035/1316 2227/2031/1312
f 2227/2031/1312 2088/1892/1180 2086/1890/1178
f 2232/2036/1317 2231/2035/1316 2086/1890/1178
f 2086/1890/1178 2087/1891/1179 2232/2036/1317
f 2233/2037/1318 2231/2035/1316 2232/2036/1317
f 2232/2036/1317 2234/2038/1319 2233/2037/1318
f 2227/2031/1312 2231/2035/1316 2233/2037/1318
f 2233/2037/1318 2230/2034/1315 2227/2031/1312
f 2100/1904/1192 2235/2039/1320 2232/2036/1317
f 2232/2036/1317 2087/1891/1179 2100/1904/1192
f 2220/2024/1305 2235/2039/1320 2100/1904/1192
f 2100/1904/1192 2073/1877/1165 2220/2024/1305
f 2236/2040/1321 2235/2039/1320 2220/2024/1305
f 2220/2024/1305 2224/2028/1309 2236/2040/1321
f 2232/2036/1317 2235/2039/1320 2236/2040/1321
f 2236/2040/1321 2234/2038/1319 2232/2036/1317
f 2237/2041/1322 2238/2042/1323 2239/2043/1324
f 2239/2043/1324 2240/2044/1325 2237/2041/1322
f 2241/2045/1326 2238/2042/1323 2237/2041/1322
f 2237/2041/1322 2242/2046/1327 2241/2045/1326
f 2243/2047/1328 2238/2042/1323 2241/2045/1326
f 2241/2045/1326 2244/2048/1329 2243/2047/1328
f 2239/2043/1324 2238/2042/1323 2243/2047/1328
f 2243/2047/1328 2245/2049/1330 2239/2043/1324
f 2246/2050/1331 2247/2051/1332 2248/2052/1333
f 2248/2052/1333 2249/2053/1334 2246/2050/1331
f 2250/2054/1335 2247/2051/1332 2246/2050/1331
f 2246/2050/1331 2134/1938/1223 2250/2054/1335
f 2207/2011/1295 2247/2051/1332 2250/2054/1335
f 2250/2054/1335 2212/2016/1300 2207/2011/1295
f 2248/2052/1333 2247/2051/1332 2207/2011/1295
f 2207/2011/1295 2210/2014/1298 2248/2052/1333
f 2217/2021/1303 2251/2055/1336 2209/2013/1297
f 2209/2013/1297 2189/1993/1277 2217/2021/1303
f 2252/2056/1268 2251/2055/1336 2217/2021/1303
f 2217/2021/1303 2218/2022/1262 2252/2056/1268
f 2253/2057/1337 2251/2055/1336 2252/2056/1268
f 2252/2056/1268 2254/2058/1271 2253/2057/1337
f 2209/2013/1297 2251/2055/1336 2253/2057/1337
f 2253/2057/1337 2210/2014/1298 2209/2013/1297
f 2222/2026/1307 2255/2059/1338 2256/2060/1339
f 2256/2060/1339 2224/2028/1309 2222/2026/1307
f 2257/2061/1340 2255/2059/1338 2222/2026/1307
f 2222/2026/1307 2223/2027/1308 2257/2061/1340
f 2122/1926/1211 2255/2059/1338 2257/2061/1340
f 2257/2061/1340 2127/1931/1216 2122/1926/1211
f 2256/2060/1339 2255/2059/1338 2122/1926/1211
f 2122/1926/1211 2125/1929/1214 2256/2060/1339
f 2226/2030/1311 2258/2062/1341 2257/2061/1340
f 2257/2061/1340 2223/2027/1308 2226/2030/1311
f 2250/2054/1335 2258/2062/1341 2226/2030/1311
f 2226/2030/1311 2212/2016/1300 2250/2054/1335
f 2131/1935/1220 2258/2062/1341 2250/2054/1335
f 2250/2054/1335 2134/1938/1223 2131/1935/1220
f 2257/2061/1340 2258/2062/1341 2131/1935/1220
f 2131/1935/1220 2127/1931/1216 2257/2061/1340
f 2259/2063/1342 2260/2064/1343 2229/2033/1314
f 2229/2033/1314 2230/2034/1315 2259/2063/1342
f 2261/2065/1344 2260/2064/1343 2259/2063/1342
f 2259/2063/1342 2244/2048/1329 2261/2065/1344
f 2205/2009/1293 2260/2064/1343 2261/2065/1344
f 2261/2065/1344 2206/2010/1294 2205/2009/1293
f 2229/2033/1314 2260/2064/1343 2205/2009/1293
f 2205/2009/1293 2185/1989/1273 2229/2033/1314
f 2233/2037/1318 2262/2066/1345 2259/2063/1342
f 2259/2063/1342 2230/2034/1315 2233/2037/1318
f 2263/2067/1346 2262/2066/1345 2233/2037/1318
f 2233/2037/1318 2234/2038/1319 2263/2067/1346
f 2243/2047/1328 2262/2066/1345 2263/2067/1346
f 2263/2067/1346 2245/2049/1330 2243/2047/1328
f 2259/2063/1342 2262/2066/1345 2243/2047/1328
f 2243/2047/1328 2244/2048/1329 2259/2063/1342
f 2236/2040/1321 2264/2068/1347 2263/2067/1346
f 2263/2067/1346 2234/2038/1319 2236/2040/1321
f 2256/2060/1339 2264/2068/1347 2236/2040/1321
f 2236/2040/1321 2224/2028/1309 2256/2060/1339
f 2265/2069/1348 2264/2068/1347 2256/2060/1339
f 2256/2060/1339 2125/1929/1214 2265/2069/1348
f 2263/2067/1346 2264/2068/1347 2265/2069/1348
f 2265/2069/1348 2245/2049/1330 2263/2067/1346
f 2266/2070/1349 2267/2071/1350 2268/2072/1351
f 2268/2072/1351 2269/2073/1352 2266/2070/1349
f 2270/2074/1353 2267/2071/1350 2266/2070/1349
f 2266/2070/1349 2271/2075/1354 2270/2074/1353
f 2060/1864/1152 2267/2071/1350 2270/2074/1353
f 2270/2074/1353 2058/1862/1150 2060/1864/1152
f 2268/2072/1351 2267/2071/1350 2060/1864/1152
f 2060/1864/1152 2064/1868/1156 2268/2072/1351
f 2272/2076/1355 2273/2077/1356 2237/2041/1322
f 2237/2041/1322 2240/2044/1325 2272/2076/1355
f 2274/2078/1357 2273/2077/1356 2272/2076/1355
f 2272/2076/1355 2275/2079/1358 2274/2078/1357
f 2276/2080/1359 2273/2077/1356 2274/2078/1357
f 2274/2078/1357 2277/2081/1360 2276/2080/1359
f 2237/2041/1322 2273/2077/1356 2276/2080/1359
f 2276/2080/1359 2242/2046/1327 2237/2041/1322
f 2278/2082/1361 2279/2083/1362 2103/1907/1195
f 2103/1907/1195 2092/1896/1184 2278/2082/1361
f 2280/2084/1363 2279/2083/1362 2278/2082/1361
f 2278/2082/1361 2281/2085/1364 2280/2084/1363
f 2282/2086/1365 2279/2083/1362 2280/2084/1363
f 2280/2084/1363 2277/2081/1360 2282/2086/1365
f 2103/1907/1195 2279/2083/1362 2282/2086/1365
f 2282/2086/1365 2104/1908/1196 2103/1907/1195
f 2253/2057/1337 2283/2087/1366 2248/2052/1333
f 2248/2052/1333 2210/2014/1298 2253/2057/1337
f 2284/2088/1289 2283/2087/1366 2253/2057/1337
f 2253/2057/1337 2254/2058/1271 2284/2088/1289
f 2285/2089/1367 2283/2087/1366 2284/2088/1289
f 2284/2088/1289 2286/2090/1292 2285/2089/1367
f 2248/2052/1333 2283/2087/1366 2285/2089/1367
f 2285/2089/1367 2249/2053/1334 2248/2052/1333
f 2274/2078/1357 2287/2091/1368 2282/2086/1365
f 2282/2086/1365 2277/2081/1360 2274/2078/1357
f 2288/2092/1369 2287/2091/1368 2274/2078/1357
f 2274/2078/1357 2275/2079/1358 2288/2092/1369
f 2109/1913/1201 2287/2091/1368 2288/2092/1369
f 2288/2092/1369 2110/1914/1202 2109/1913/1201
f 2282/2086/1365 2287/2091/1368 2109/1913/1201
f 2109/1913/1201 2104/1908/1196 2282/2086/1365
f 2289/2093/1370 2290/2094/1371 2272/2076/1355
f 2272/2076/1355 2240/2044/1325 2289/2093/1370
f 2291/2095/1372 2290/2094/1371 2289/2093/1370
f 2289/2093/1370 2130/1934/1219 2291/2095/1372
f 2292/2096/1373 2290/2094/1371 2291/2095/1372
f 2291/2095/1372 2293/2097/1374 2292/2096/1373
f 2272/2076/1355 2290/2094/1371 2292/2096/1373
f 2292/2096/1373 2275/2079/1358 2272/2076/1355
f 2294/2098/1375 2295/2099/1376 2296/2100/1377
f 2296/2100/1377 2297/2101/1378 2294/2098/1375
f 2133/1937/1222 2295/2099/1376 2294/2098/1375
f 2294/2098/1375 2136/1940/1225 2133/1937/1222
f 2246/2050/1331 2295/2099/1376 2133/1937/1222
f 2133/1937/1222 2134/1938/1223 2246/2050/1331
f 2296/2100/1377 2295/2099/1376 2246/2050/1331
f 2246/2050/1331 2249/2053/1334 2296/2100/1377
f 2285/2089/1367 2298/2102/1379 2296/2100/1377
f 2296/2100/1377 2249/2053/1334 2285/2089/1367
f 2299/2103/1380 2298/2102/1379 2285/2089/1367
f 2285/2089/1367 2286/2090/1292 2299/2103/1380
f 2300/2104/1381 2298/2102/1379 2299/2103/1380
f 2299/2103/1380 2301/2105/1382 2300/2104/1381
f 2296/2100/1377 2298/2102/1379 2300/2104/1381
f 2300/2104/1381 2297/2101/1378 2296/2100/1377
f 2302/2106/1383 2303/2107/1384 2304/2108/1385
f 2304/2108/1385 2293/2097/1374 2302/2106/1383
f 2268/2072/1351 2303/2107/1384 2302/2106/1383
f 2302/2106/1383 2269/2073/1352 2268/2072/1351
f 2075/1879/1167 2303/2107/1384 2268/2072/1351
f 2268/2072/1351 2064/1868/1156 2075/1879/1167
f 2304/2108/1385 2303/2107/1384 2075/1879/1167
f 2075/1879/1167 2079/1883/1171 2304/2108/1385
f 2305/2109/1386 2306/2110/1387 2307/2111/1388
f 2307/2111/1388 2308/2112/1389 2305/2109/1386
f 2309/2113/1380 2306/2110/1387 2305/2109/1386
f 2305/2109/1386 2310/2114/1382 2309/2113/1380
f 2203/2007/1291 2306/2110/1387 2309/2113/1380
f 2309/2113/1380 2204/2008/1292 2203/2007/1291
f 2307/2111/1388 2306/2110/1387 2203/2007/1291
f 2203/2007/1291 2206/2010/1294 2307/2111/1388
f 2311/2115/1390 2312/2116/1391 2241/2045/1326
f 2241/2045/1326 2242/2046/1327 2311/2115/1390
f 2307/2111/1388 2312/2116/1391 2311/2115/1390
f 2311/2115/1390 2308/2112/1389 2307/2111/1388
f 2261/2065/1344 2312/2116/1391 2307/2111/1388
f 2307/2111/1388 2206/2010/1294 2261/2065/1344
f 2241/2045/1326 2312/2116/1391 2261/2065/1344
f 2261/2065/1344 2244/2048/1329 2241/2045/1326
f 2313/2117/1392 2314/2118/1393 2270/2074/1353
f 2270/2074/1353 2271/2075/1354 2313/2117/1392
f 2315/2119/1394 2314/2118/1393 2313/2117/1392
f 2313/2117/1392 2316/2120/1395 2315/2119/1394
f 2052/1856/1144 2314/2118/1393 2315/2119/1394
f 2315/2119/1394 2053/1857/1145 2052/1856/1144
f 2270/2074/1353 2314/2118/1393 2052/1856/1144
f 2052/1856/1144 2058/1862/1150 2270/2074/1353
f 2280/2084/1363 2317/2121/1396 2276/2080/1359
f 2276/2080/1359 2277/2081/1360 2280/2084/1363
f 2318/2122/1397 2317/2121/1396 2280/2084/1363
f 2280/2084/1363 2281/2085/1364 2318/2122/1397
f 2311/2115/1390 2317/2121/1396 2318/2122/1397
f 2318/2122/1397 2308/2112/1389 2311/2115/1390
f 2276/2080/1359 2317/2121/1396 2311/2115/1390
f 2311/2115/1390 2242/2046/1327 2276/2080/1359
f 2305/2109/1386 2319/2123/1398 2320/2124/1399
f 2320/2124/1399 2310/2114/1382 2305/2109/1386
f 2318/2122/1397 2319/2123/1398 2305/2109/1386
f 2305/2109/1386 2308/2112/1389 2318/2122/1397
f 2321/2125/1400 2319/2123/1398 2318/2122/1397
f 2318/2122/1397 2281/2085/1364 2321/2125/1400
f 2320/2124/1399 2319/2123/1398 2321/2125/1400
f 2321/2125/1400 2322/2126/1401 2320/2124/1399
f 2321/2125/1400 2323/2127/1402 2324/2128/1403
f 2324/2128/1403 2322/2126/1401 2321/2125/1400
f 2278/2082/1361 2323/2127/1402 2321/2125/1400
f 2321/2125/1400 2281/2085/1364 2278/2082/1361
f 2091/1895/1183 2323/2127/1402 2278/2082/1361
f 2278/2082/1361 2092/1896/1184 2091/1895/1183
f 2324/2128/1403 2323/2127/1402 2091/1895/1183
f 2091/1895/1183 2097/1901/1189 2324/2128/1403
f 2325/2129/1404 2326/2130/1405 2327/2131/1399
f 2327/2131/1399 2328/2132/1401 2325/2129/1404
f 2329/2133/1406 2326/2130/1405 2325/2129/1404
f 2325/2129/1404 2316/2120/1395 2329/2133/1406
f 2300/2104/1381 2326/2130/1405 2329/2133/1406
f 2329/2133/1406 2297/2101/1378 2300/2104/1381
f 2327/2131/1399 2326/2130/1405 2300/2104/1381
f 2300/2104/1381 2301/2105/1382 2327/2131/1399
f 2294/2098/1375 2330/2134/1407 2331/2135/1408
f 2331/2135/1408 2136/1940/1225 2294/2098/1375
f 2329/2133/1406 2330/2134/1407 2294/2098/1375
f 2294/2098/1375 2297/2101/1378 2329/2133/1406
f 2313/2117/1392 2330/2134/1407 2329/2133/1406
f 2329/2133/1406 2316/2120/1395 2313/2117/1392
f 2331/2135/1408 2330/2134/1407 2313/2117/1392
f 2313/2117/1392 2271/2075/1354 2331/2135/1408
f 2135/1939/1224 2332/2136/1409 2333/2137/1410
f 2333/2137/1410 2129/1933/1218 2135/1939/1224
f 2331/2135/1408 2332/2136/1409 2135/1939/1224
f 2135/1939/1224 2136/1940/1225 2331/2135/1408
f 2266/2070/1349 2332/2136/1409 2331/2135/1408
f 2331/2135/1408 2271/2075/1354 2266/2070/1349
f 2333/2137/1410 2332/2136/1409 2266/2070/1349
f 2266/2070/1349 2269/2073/1352 2333/2137/1410
f 2128/1932/1217 2334/2138/1411 2291/2095/1372
f 2291/2095/1372 2130/1934/1219 2128/1932/1217
f 2333/2137/1410 2334/2138/1411 2128/1932/1217
f 2128/1932/1217 2129/1933/1218 2333/2137/1410
f 2302/2106/1383 2334/2138/1411 2333/2137/1410
f 2333/2137/1410 2269/2073/1352 2302/2106/1383
f 2291/2095/1372 2334/2138/1411 2302/2106/1383
f 2302/2106/1383 2293/2097/1374 2291/2095/1372
f 2288/2092/1369 2335/2139/1412 2114/1918/1206
f 2114/1918/1206 2110/1914/1202 2288/2092/1369
f 2292/2096/1373 2335/2139/1412 2288/2092/1369
f 2288/2092/1369 2275/2079/1358 2292/2096/1373
f 2304/2108/1385 2335/2139/1412 2292/2096/1373
f 2292/2096/1373 2293/2097/1374 2304/2108/1385
f 2114/1918/1206 2335/2139/1412 2304/2108/1385
f 2304/2108/1385 2079/1883/1171 2114/1918/1206
f 2124/1928/1213 2336/2140/1413 2265/2069/1348
f 2265/2069/1348 2125/1929/1214 2124/1928/1213
f 2289/2093/1370 2336/2140/1413 2124/1928/1213
f 2124/1928/1213 2130/1934/1219 2289/2093/1370
f 2239/2043/1324 2336/2140/1413 2289/2093/1370
f 2289/2093/1370 2240/2044/1325 2239/2043/1324
f 2265/2069/1348 2336/2140/1413 2239/2043/1324
f 2239/2043/1324 2245/2049/1330 2265/2069/1348
f 2118/1922/1209 2337/2141/1414 2338/2142/1403
f 2338/2142/1403 2119/1923/1189 2118/1922/1209
f 2315/2119/1394 2337/2141/1414 2118/1922/1209
f 2118/1922/1209 2053/1857/1145 2315/2119/1394
f 2325/2129/1404 2337/2141/1414 2315/2119/1394
f 2315/2119/1394 2316/2120/1395 2325/2129/1404
f 2338/2142/1403 2337/2141/1414 2325/2129/1404
f 2325/2129/1404 2328/2132/1401 2338/2142/1403
f 2339/2143/1415 2340/2144/1416 2341/2145/1417
f 2341/2145/1417 2342/2146/1418 2339/2143/1415
f 2342/2146/1418 2341/2145/1417 2343/2147/1419
f 2343/2147/1419 2344/2148/1420 2342/2146/1418
f 2345/2149/1421 2342/2146/1418 2344/2148/1420
f 2344/2148/1420 2346/2150/1422 2345/2149/1421
f 2347/2151/1423 2345/2149/1421 2346/2150/1422
f 2346/2150/1422 2348/2152/1424 2347/2151/1423
f 2349/2153/1425 2347/2151/1423 2348/2152/1424
f 2348/2152/1424 2350/2154/1426 2349/2153/1425
f 2351/2155/1427 2349/2153/1425 2350/2154/1426
f 2350/2154/1426 2352/2156/1428 2351/2155/1427
f 2353/2157/1429 2351/2155/1427 2352/2156/1428
f 2352/2156/1428 2354/2158/1430 2353/2157/1429
f 2355/2159/1431 2353/2157/1429 2354/2158/1430
f 2354/2158/1430 2356/2160/1432 2355/2159/1431
f 2357/2161/1433 2358/2162/1434 2359/2163/1435
f 2359/2163/1435 2360/2164/1436 2357/2161/1433
f 2361/2165/1437 2362/2166/1438 2358/2162/1434
f 2358/2162/1434 2357/2161/1433 2361/2165/1437
f 2363/2167/1439 2364/2168/1440 2362/2166/1438
f 2362/2166/1438 2361/2165/1437 2363/2167/1439
f 2365/2169/1441 2366/2170/1442 2364/2168/1440
f 2364/2168/1440 2363/2167/1439 2365/2169/1441
f 2367/2171/1443 2368/2172/1444 2366/2170/1442
f 2366/2170/1442 2365/2169/1441 2367/2171/1443
f 2369/2173/1445 2368/2172/1444 2367/2171/1443
f 2367/2171/1443 2370/2174/1446 2369/2173/1445
f 2343/2147/1419 2341/2145/1417 2369/2173/1445
f 2369/2173/1445 2370/2174/1446 2343/2147/1419
f 2371/2175/1447 2372/2176/1448 2373/2177/1449
f 2373/2177/1449 2374/2178/1450 2371/2175/1447
f 2373/2177/1449 2372/2176/1448 2375/2179/1451
f 2375/2179/1451 2376/2180/1452 2373/2177/1449
f 2376/2180/1452 2375/2179/1451 2377/2181/1453
f 2377/2181/1453 2378/2182/1454 2376/2180/1452
f 2378/2182/1454 2377/2181/1453 2379/2183/1455
f 2379/2183/1455 2380/2184/1456 2378/2182/1454
f 2380/2184/1456 2379/2183/1455 2381/2185/1457
f 2381/2185/1457 2382/2186/1458 2380/2184/1456
f 2382/2186/1458 2381/2185/1457 2383/2187/1459
f 2383/2187/1459 2384/2188/1460 2382/2186/1458
f 2384/2188/1460 2383/2187/1459 2385/2189/1461
f 2385/2189/1461 2386/2190/1462 2384/2188/1460
f 2386/2190/1462 2385/2189/1461 2387/2191/1463
f 2387/2191/1463 2388/2192/1464 2386/2190/1462
f 2389/2193/1465 2390/2194/1466 2391/2195/1467
f 2391/2195/1467 2392/2196/1468 2389/2193/1465
f 2392/2196/1468 2391/2195/1467 2393/2197/1469
f 2393/2197/1469 2394/2198/1470 2392/2196/1468
f 2394/2198/1470 2393/2197/1469 2395/2199/1471
f 2395/2199/1471 2396/2200/1472 2394/2198/1470
f 2396/2200/1472 2395/2199/1471 2397/2201/1473
f 2397/2201/1473 2398/2202/1474 2396/2200/1472
f 2398/2202/1474 2397/2201/1473 2399/2203/1475
f 2399/2203/1475 2400/2204/1476 2398/2202/1474
f 2400/2204/1476 2399/2203/1475 2401/2205/1477
f 2401/2205/1477 2402/2206/1478 2400/2204/1476
f 2402/2206/1478 2401/2205/1477 2403/2207/1479
f 2403/2207/1479 2404/2208/1480 2402/2206/1478
f 2404/2208/1480 2403/2207/1479 2371/2175/1447
f 2371/2175/1447 2374/2178/1450 2404/2208/1480
f 2405/2209/1481 2406/2210/1482 2407/2211/1483
f 2407/2211/1483 2408/2212/1484 2405/2209/1481
f 2409/2213/1485 2410/2214/1486 2406/2210/1482
f 2406/2210/1482 2405/2209/1481 2409/2213/1485
f 2411/2215/1487 2412/2216/1488 2410/2214/1486
f 2410/2214/1486 2409/2213/1485 2411/2215/1487
f 2413/2217/1489 2414/2218/1490 2412/2216/1488
f 2412/2216/1488 2411/2215/1487 2413/2217/1489
f 2415/2219/1491 2416/2220/1492 2414/2218/1490
f 2414/2218/1490 2413/2217/1489 2415/2219/1491
f 2417/2221/1493 2418/2222/1494 2416/2220/1492
f 2416/2220/1492 2415/2219/1491 2417/2221/1493
f 2419/2223/1495 2420/2224/1496 2418/2222/1494
f 2418/2222/1494 2417/2221/1493 2419/2223/1495
f 2421/2225/1497 2422/2226/1498 2420/2224/1496
f 2420/2224/1496 2419/2223/1495 2421/2225/1497
f 2423/2227/1499 2424/2228/1500 2425/2229/1501
f 2425/2229/1501 2426/2230/1502 2423/2227/1499
f 2427/2231/1503 2424/2228/1500 2423/2227/1499
f 2423/2227/1499 2428/2232/1504 2427/2231/1503
f 2429/2233/1505 2427/2231/1503 2428/2232/1504
f 2428/2232/1504 2430/2234/1506 2429/2233/1505
f 2431/2235/1507 2429/2233/1505 2430/2234/1506
f 2430/2234/1506 2432/2236/1508 2431/2235/1507
f 2433/2237/1509 2431/2235/1507 2432/2236/1508
f 2432/2236/1508 2434/2238/1510 2433/2237/1509
f 2435/2239/1511 2436/2240/1512 2433/2237/1509
f 2433/2237/1509 2434/2238/1510 2435/2239/1511
f 2408/2212/1484 2407/2211/1483 2436/2240/1512
f 2436/2240/1512 2435/2239/1511 2408/2212/1484
f 2437/2241/1513 2438/2242/1514 2439/2243/1515
f 2439/2243/1515 2440/2244/1516 2437/2241/1513
f 2439/2243/1515 2441/2245/1517 2442/2246/1518
f 2442/2246/1518 2440/2244/1516 2439/2243/1515
f 2441/2245/1517 2443/2247/1519 2444/2248/1520
f 2444/2248/1520 2442/2246/1518 2441/2245/1517
f 2443/2247/1519 2445/2249/1521 2446/2250/1522
f 2446/2250/1522 2444/2248/1520 2443/2247/1519
f 2445/2249/1521 2447/2251/1523 2448/2252/1524
f 2448/2252/1524 2446/2250/1522 2445/2249/1521
f 2447/2251/1523 2449/2253/1525 2450/2254/1526
f 2450/2254/1526 2448/2252/1524 2447/2251/1523
f 2449/2253/1525 2451/2255/1527 2452/2256/1528
f 2452/2256/1528 2450/2254/1526 2449/2253/1525
f 2453/2257/1529 2454/2258/1530 2455/2259/1531
f 2455/2259/1531 2456/2260/1532 2453/2257/1529
f 2454/2258/1530 2457/2261/1533 2458/2262/1534
f 2458/2262/1534 2455/2259/1531 2454/2258/1530
f 2457/2261/1533 2459/2263/1535 2460/2264/1536
f 2460/2264/1536 2458/2262/1534 2457/2261/1533
f 2459/2263/1535 2461/2265/1537 2462/2266/1538
f 2462/2266/1538 2460/2264/1536 2459/2263/1535
f 2461/2265/1537 2463/2267/1539 2464/2268/1540
f 2464/2268/1540 2462/2266/1538 2461/2265/1537
f 2463/2267/1539 2465/2269/1541 2466/2270/1542
f 2466/2270/1542 2464/2268/1540 2463/2267/1539
f 2465/2269/1541 2467/2271/1543 2468/2272/1544
f 2468/2272/1544 2466/2270/1542 2465/2269/1541
f 2467/2271/1543 2438/2242/1514 2437/2241/1513
f 2437/2241/1513 2468/2272/1544 2467/2271/1543
f 2469/2273/1545 2470/2274/1546 2453/2257/1529
f 2453/2257/1529 2456/2260/1532 2469/2273/1545
f 2360/2164/1436 2359/2163/1435 2470/2274/1546
f 2470/2274/1546 2469/2273/1545 2360/2164/1436
f 2387/2191/1463 2471/2275/1547 2472/2276/1548
f 2472/2276/1548 2388/2192/1464 2387/2191/1463
f 2472/2276/1548 2471/2275/1547 2355/2159/1431
f 2355/2159/1431 2356/2160/1432 2472/2276/1548
f 2473/2277/1549 2474/2278/1550 2390/2194/1466
f 2390/2194/1466 2389/2193/1465 2473/2277/1549
f 2425/2229/1501 2474/2278/1550 2473/2277/1549
f 2473/2277/1549 2426/2230/1502 2425/2229/1501
f 2475/2279/1551 2476/2280/1552 2422/2226/1498
f 2422/2226/1498 2421/2225/1497 2475/2279/1551
f 2452/2256/1528 2451/2255/1527 2476/2280/1552
f 2476/2280/1552 2475/2279/1551 2452/2256/1528
f 2348/2152/1424 2346/2150/1422 2477/2281/1553
f 2477/2281/1553 2478/2282/1554 2348/2152/1424
f 2350/2154/1426 2348/2152/1424 2478/2282/1554
f 2478/2282/1554 2479/2283/1555 2350/2154/1426
f 2352/2156/1428 2350/2154/1426 2479/2283/1555
f 2479/2283/1555 2480/2284/1556 2352/2156/1428
f 2354/2158/1430 2352/2156/1428 2480/2284/1556
f 2480/2284/1556 2481/2285/1557 2354/2158/1430
f 2356/2160/1432 2354/2158/1430 2481/2285/1557
f 2481/2285/1557 2482/2286/1558 2356/2160/1432
f 2483/2287/1559 2357/2161/1433 2360/2164/1436
f 2360/2164/1436 2484/2288/1560 2483/2287/1559
f 2485/2289/1561 2361/2165/1437 2357/2161/1433
f 2357/2161/1433 2483/2287/1559 2485/2289/1561
f 2486/2290/1562 2363/2167/1439 2361/2165/1437
f 2361/2165/1437 2485/2289/1561 2486/2290/1562
f 2487/2291/1563 2365/2169/1441 2363/2167/1439
f 2363/2167/1439 2486/2290/1562 2487/2291/1563
f 2488/2292/1564 2367/2171/1443 2365/2169/1441
f 2365/2169/1441 2487/2291/1563 2488/2292/1564
f 2370/2174/1446 2367/2171/1443 2488/2292/1564
f 2488/2292/1564 2489/2293/1565 2370/2174/1446
f 2490/2294/1566 2343/2147/1419 2370/2174/1446
f 2370/2174/1446 2489/2293/1565 2490/2294/1566
f 2374/2178/1450 2373/2177/1449 2491/2295/1567
f 2491/2295/1567 2492/2296/1568 2374/2178/1450
f 2491/2295/1567 2373/2177/1449 2376/2180/1452
f 2376/2180/1452 2493/2297/1569 2491/2295/1567
f 2493/2297/1569 2376/2180/1452 2378/2182/1454
f 2378/2182/1454 2494/2298/1570 2493/2297/1569
f 2494/2298/1570 2378/2182/1454 2380/2184/1456
f 2380/2184/1456 2495/2299/1571 2494/2298/1570
f 2495/2299/1571 2380/2184/1456 2382/2186/1458
f 2382/2186/1458 2496/2300/1572 2495/2299/1571
f 2496/2300/1572 2382/2186/1458 2384/2188/1460
f 2384/2188/1460 2497/2301/1573 2496/2300/1572
f 2497/2301/1573 2384/2188/1460 2386/2190/1462
f 2386/2190/1462 2498/2302/1574 2497/2301/1573
f 2498/2302/1574 2386/2190/1462 2388/2192/1464
f 2388/2192/1464 2499/2303/1575 2498/2302/1574
f 2500/2304/1576 2389/2193/1465 2392/2196/1468
f 2392/2196/1468 2501/2305/1577 2500/2304/1576
f 2501/2305/1577 2392/2196/1468 2394/2198/1470
f 2394/2198/1470 2502/2306/1578 2501/2305/1577
f 2502/2306/1578 2394/2198/1470 2396/2200/1472
f 2396/2200/1472 2503/2307/1579 2502/2306/1578
f 2503/2307/1579 2396/2200/1472 2398/2202/1474
f 2398/2202/1474 2504/2308/1580 2503/2307/1579
f 2504/2308/1580 2398/2202/1474 2400/2204/1476
f 2400/2204/1476 2505/2309/1581 2504/2308/1580
f 2505/2309/1581 2400/2204/1476 2402/2206/1478
f 2402/2206/1478 2506/2310/1582 2505/2309/1581
f 2506/2310/1582 2402/2206/1478 2404/2208/1480
f 2404/2208/1480 2507/2311/1583 2506/2310/1582
f 2507/2311/1583 2404/2208/1480 2374/2178/1450
f 2374/2178/1450 2492/2296/1568 2507/2311/1583
f 2508/2312/1584 2411/2215/1487 2409/2213/1485
f 2409/2213/1485 2509/2313/1585 2508/2312/1584
f 2510/2314/1586 2413/2217/1489 2411/2215/1487
f 2411/2215/1487 2508/2312/1584 2510/2314/1586
f 2511/2315/1587 2415/2219/1491 2413/2217/1489
f 2413/2217/1489 2510/2314/1586 2511/2315/1587
f 2512/2316/1588 2417/2221/1493 2415/2219/1491
f 2415/2219/1491 2511/2315/1587 2512/2316/1588
f 2513/2317/1589 2419/2223/1495 2417/2221/1493
f 2417/2221/1493 2512/2316/1588 2513/2317/1589
f 2514/2318/1590 2421/2225/1497 2419/2223/1495
f 2419/2223/1495 2513/2317/1589 2514/2318/1590
f 2515/2319/1591 2423/2227/1499 2426/2230/1502
f 2426/2230/1502 2516/2320/1592 2515/2319/1591
f 2428/2232/1504 2423/2227/1499 2515/2319/1591
f 2515/2319/1591 2517/2321/1593 2428/2232/1504
f 2430/2234/1506 2428/2232/1504 2517/2321/1593
f 2517/2321/1593 2518/2322/1594 2430/2234/1506
f 2432/2236/1508 2430/2234/1506 2518/2322/1594
f 2518/2322/1594 2519/2323/1595 2432/2236/1508
f 2434/2238/1510 2432/2236/1508 2519/2323/1595
f 2519/2323/1595 2520/2324/1596 2434/2238/1510
f 2521/2325/1597 2435/2239/1511 2434/2238/1510
f 2434/2238/1510 2520/2324/1596 2521/2325/1597
f 2522/2326/1598 2408/2212/1484 2435/2239/1511
f 2435/2239/1511 2521/2325/1597 2522/2326/1598
f 2512/2316/1588 2511/2315/1587 2523/2327/1599
f 2511/2315/1587 2510/2314/1586 2523/2327/1599
f 2442/2246/1518 2444/2248/1520 2524/2328/1600
f 2524/2328/1600 2525/2329/1601 2442/2246/1518
f 2444/2248/1520 2446/2250/1522 2526/2330/1602
f 2526/2330/1602 2524/2328/1600 2444/2248/1520
f 2446/2250/1522 2448/2252/1524 2527/2331/1603
f 2527/2331/1603 2526/2330/1602 2446/2250/1522
f 2448/2252/1524 2450/2254/1526 2528/2332/1604
f 2528/2332/1604 2527/2331/1603 2448/2252/1524
f 2450/2254/1526 2452/2256/1528 2529/2333/1605
f 2529/2333/1605 2528/2332/1604 2450/2254/1526
f 2456/2260/1532 2455/2259/1531 2530/2334/1606
f 2530/2334/1606 2531/2335/1607 2456/2260/1532
f 2455/2259/1531 2458/2262/1534 2532/2336/1608
f 2532/2336/1608 2530/2334/1606 2455/2259/1531
f 2458/2262/1534 2460/2264/1536 2533/2337/1609
f 2533/2337/1609 2532/2336/1608 2458/2262/1534
f 2460/2264/1536 2462/2266/1538 2534/2338/1610
f 2534/2338/1610 2533/2337/1609 2460/2264/1536
f 2462/2266/1538 2464/2268/1540 2535/2339/1611
f 2535/2339/1611 2534/2338/1610 2462/2266/1538
f 2464/2268/1540 2466/2270/1542 2536/2340/1612
f 2536/2340/1612 2535/2339/1611 2464/2268/1540
f 2466/2270/1542 2468/2272/1544 2537/2341/1613
f 2537/2341/1613 2536/2340/1612 2466/2270/1542
f 2468/2272/1544 2437/2241/1513 2538/2342/1614
f 2538/2342/1614 2537/2341/1613 2468/2272/1544
f 2539/2343/1615 2469/2273/1545 2456/2260/1532
f 2456/2260/1532 2531/2335/1607 2539/2343/1615
f 2484/2288/1560 2360/2164/1436 2469/2273/1545
f 2469/2273/1545 2539/2343/1615 2484/2288/1560
f 2388/2192/1464 2472/2276/1548 2540/2344/1616
f 2540/2344/1616 2499/2303/1575 2388/2192/1464
f 2540/2344/1616 2472/2276/1548 2356/2160/1432
f 2356/2160/1432 2482/2286/1558 2540/2344/1616
f 2541/2345/1617 2473/2277/1549 2389/2193/1465
f 2389/2193/1465 2500/2304/1576 2541/2345/1617
f 2426/2230/1502 2473/2277/1549 2541/2345/1617
f 2541/2345/1617 2516/2320/1592 2426/2230/1502
f 2542/2346/1618 2475/2279/1551 2421/2225/1497
f 2421/2225/1497 2514/2318/1590 2542/2346/1618
f 2529/2333/1605 2452/2256/1528 2475/2279/1551
f 2475/2279/1551 2542/2346/1618 2529/2333/1605
f 2510/2314/1586 2508/2312/1584 2523/2327/1599
f 2508/2312/1584 2509/2313/1585 2523/2327/1599
f 2506/2310/1582 2507/2311/1583 2492/2296/1568
f 2505/2309/1581 2506/2310/1582 2492/2296/1568
f 2504/2308/1580 2505/2309/1581 2492/2296/1568
f 2503/2307/1579 2504/2308/1580 2492/2296/1568
f 2502/2306/1578 2503/2307/1579 2492/2296/1568
f 2501/2305/1577 2502/2306/1578 2492/2296/1568
f 2500/2304/1576 2501/2305/1577 2492/2296/1568
f 2498/2302/1574 2499/2303/1575 2492/2296/1568
f 2497/2301/1573 2498/2302/1574 2492/2296/1568
f 2496/2300/1572 2497/2301/1573 2492/2296/1568
f 2495/2299/1571 2496/2300/1572 2492/2296/1568
f 2494/2298/1570 2495/2299/1571 2492/2296/1568
f 2493/2297/1569 2494/2298/1570 2492/2296/1568
f 2491/2295/1567 2493/2297/1569 2492/2296/1568
f 2490/2294/1566 2489/2293/1565 2543/2347/1619
f 2544/2348/1620 2339/2143/1415 2342/2146/1418
f 2342/2146/1418 2345/2149/1421 2544/2348/1620
f 2545/2349/1621 2544/2348/1620 2345/2149/1421
f 2345/2149/1421 2347/2151/1423 2545/2349/1621
f 2546/2350/1622 2545/2349/1621 2347/2151/1423
f 2347/2151/1423 2349/2153/1425 2546/2350/1622
f 2547/2351/1623 2546/2350/1622 2349/2153/1425
f 2349/2153/1425 2351/2155/1427 2547/2351/1623
f 2548/2352/1624 2547/2351/1623 2351/2155/1427
f 2351/2155/1427 2353/2157/1429 2548/2352/1624
f 2549/2353/1625 2548/2352/1624 2353/2157/1429
f 2353/2157/1429 2355/2159/1431 2549/2353/1625
f 2550/2354/1626 2551/2355/1627 2359/2163/1435
f 2359/2163/1435 2358/2162/1434 2550/2354/1626
f 2552/2356/1628 2550/2354/1626 2358/2162/1434
f 2358/2162/1434 2362/2166/1438 2552/2356/1628
f 2553/2357/1629 2552/2356/1628 2362/2166/1438
f 2362/2166/1438 2364/2168/1440 2553/2357/1629
f 2554/2358/1630 2553/2357/1629 2364/2168/1440
f 2364/2168/1440 2366/2170/1442 2554/2358/1630
f 2555/2359/1631 2554/2358/1630 2366/2170/1442
f 2366/2170/1442 2368/2172/1444 2555/2359/1631
f 2556/2360/1632 2555/2359/1631 2368/2172/1444
f 2368/2172/1444 2369/2173/1445 2556/2360/1632
f 2340/2144/1416 2556/2360/1632 2369/2173/1445
f 2369/2173/1445 2341/2145/1417 2340/2144/1416
f 2557/2361/1633 2558/2362/1634 2372/2176/1448
f 2372/2176/1448 2371/2175/1447 2557/2361/1633
f 2558/2362/1634 2559/2363/1635 2375/2179/1451
f 2375/2179/1451 2372/2176/1448 2558/2362/1634
f 2559/2363/1635 2560/2364/1636 2377/2181/1453
f 2377/2181/1453 2375/2179/1451 2559/2363/1635
f 2560/2364/1636 2561/2365/1637 2379/2183/1455
f 2379/2183/1455 2377/2181/1453 2560/2364/1636
f 2561/2365/1637 2562/2366/1638 2381/2185/1457
f 2381/2185/1457 2379/2183/1455 2561/2365/1637
f 2562/2366/1638 2563/2367/1639 2383/2187/1459
f 2383/2187/1459 2381/2185/1457 2562/2366/1638
f 2563/2367/1639 2564/2368/1640 2385/2189/1461
f 2385/2189/1461 2383/2187/1459 2563/2367/1639
f 2564/2368/1640 2565/2369/1641 2387/2191/1463
f 2387/2191/1463 2385/2189/1461 2564/2368/1640
f 2566/2370/1642 2567/2371/1643 2391/2195/1467
f 2391/2195/1467 2390/2194/1466 2566/2370/1642
f 2567/2371/1643 2568/2372/1644 2393/2197/1469
f 2393/2197/1469 2391/2195/1467 2567/2371/1643
f 2568/2372/1644 2569/2373/1645 2395/2199/1471
f 2395/2199/1471 2393/2197/1469 2568/2372/1644
f 2569/2373/1645 2570/2374/1646 2397/2201/1473
f 2397/2201/1473 2395/2199/1471 2569/2373/1645
f 2570/2374/1646 2571/2375/1647 2399/2203/1475
f 2399/2203/1475 2397/2201/1473 2570/2374/1646
f 2571/2375/1647 2572/2376/1648 2401/2205/1477
f 2401/2205/1477 2399/2203/1475 2571/2375/1647
f 2572/2376/1648 2573/2377/1649 2403/2207/1479
f 2403/2207/1479 2401/2205/1477 2572/2376/1648
f 2573/2377/1649 2557/2361/1633 2371/2175/1447
f 2371/2175/1447 2403/2207/1479 2573/2377/1649
f 2574/2378/1650 2575/2379/1651 2407/2211/1483
f 2407/2211/1483 2406/2210/1482 2574/2378/1650
f 2576/2380/1652 2574/2378/1650 2406/2210/1482
f 2406/2210/1482 2410/2214/1486 2576/2380/1652
f 2577/2381/1653 2576/2380/1652 2410/2214/1486
f 2410/2214/1486 2412/2216/1488 2577/2381/1653
f 2578/2382/1654 2577/2381/1653 2412/2216/1488
f 2412/2216/1488 2414/2218/1490 2578/2382/1654
f 2579/2383/1655 2578/2382/1654 2414/2218/1490
f 2414/2218/1490 2416/2220/1492 2579/2383/1655
f 2580/2384/1656 2579/2383/1655 2416/2220/1492
f 2416/2220/1492 2418/2222/1494 2580/2384/1656
f 2581/2385/1657 2580/2384/1656 2418/2222/1494
f 2418/2222/1494 2420/2224/1496 2581/2385/1657
f 2582/2386/1658 2581/2385/1657 2420/2224/1496
f 2420/2224/1496 2422/2226/1498 2582/2386/1658
f 2583/2387/1659 2584/2388/1660 2425/2229/1501
f 2425/2229/1501 2424/2228/1500 2583/2387/1659
f 2585/2389/1661 2583/2387/1659 2424/2228/1500
f 2424/2228/1500 2427/2231/1503 2585/2389/1661
f 2586/2390/1662 2585/2389/1661 2427/2231/1503
f 2427/2231/1503 2429/2233/1505 2586/2390/1662
f 2587/2391/1663 2586/2390/1662 2429/2233/1505
f 2429/2233/1505 2431/2235/1507 2587/2391/1663
f 2588/2392/1664 2587/2391/1663 2431/2235/1507
f 2431/2235/1507 2433/2237/1509 2588/2392/1664
f 2589/2393/1665 2588/2392/1664 2433/2237/1509
f 2433/2237/1509 2436/2240/1512 2589/2393/1665
f 2575/2379/1651 2589/2393/1665 2436/2240/1512
f 2436/2240/1512 2407/2211/1483 2575/2379/1651
f 2590/2394/1666 2591/2395/1667 2439/2243/1515
f 2439/2243/1515 2438/2242/1514 2590/2394/1666
f 2591/2395/1667 2592/2396/1668 2441/2245/1517
f 2441/2245/1517 2439/2243/1515 2591/2395/1667
f 2592/2396/1668 2593/2397/1669 2443/2247/1519
f 2443/2247/1519 2441/2245/1517 2592/2396/1668
f 2593/2397/1669 2594/2398/1670 2445/2249/1521
f 2445/2249/1521 2443/2247/1519 2593/2397/1669
f 2594/2398/1670 2595/2399/1671 2447/2251/1523
f 2447/2251/1523 2445/2249/1521 2594/2398/1670
f 2595/2399/1671 2596/2400/1672 2449/2253/1525
f 2449/2253/1525 2447/2251/1523 2595/2399/1671
f 2596/2400/1672 2597/2401/1673 2451/2255/1527
f 2451/2255/1527 2449/2253/1525 2596/2400/1672
f 2598/2402/1674 2599/2403/1675 2454/2258/1530
f 2454/2258/1530 2453/2257/1529 2598/2402/1674
f 2599/2403/1675 2600/2404/1676 2457/2261/1533
f 2457/2261/1533 2454/2258/1530 2599/2403/1675
f 2600/2404/1676 2601/2405/1677 2459/2263/1535
f 2459/2263/1535 2457/2261/1533 2600/2404/1676
f 2601/2405/1677 2602/2406/1678 2461/2265/1537
f 2461/2265/1537 2459/2263/1535 2601/2405/1677
f 2602/2406/1678 2603/2407/1679 2463/2267/1539
f 2463/2267/1539 2461/2265/1537 2602/2406/1678
f 2603/2407/1679 2604/2408/1680 2465/2269/1541
f 2465/2269/1541 2463/2267/1539 2603/2407/1679
f 2604/2408/1680 2605/2409/1681 2467/2271/1543
f 2467/2271/1543 2465/2269/1541 2604/2408/1680
f 2605/2409/1681 2590/2394/1666 2438/2242/1514
f 2438/2242/1514 2467/2271/1543 2605/2409/1681
f 2606/2410/1682 2598/2402/1674 2453/2257/1529
f 2453/2257/1529 2470/2274/1546 2606/2410/1682
f 2551/2355/1627 2606/2410/1682 2470/2274/1546
f 2470/2274/1546 2359/2163/1435 2551/2355/1627
f 2565/2369/1641 2607/2411/1683 2471/2275/1547
f 2471/2275/1547 2387/2191/1463 2565/2369/1641
f 2607/2411/1683 2549/2353/1625 2355/2159/1431
f 2355/2159/1431 2471/2275/1547 2607/2411/1683
f 2608/2412/1684 2566/2370/1642 2390/2194/1466
f 2390/2194/1466 2474/2278/1550 2608/2412/1684
f 2584/2388/1660 2608/2412/1684 2474/2278/1550
f 2474/2278/1550 2425/2229/1501 2584/2388/1660
f 2609/2413/1685 2582/2386/1658 2422/2226/1498
f 2422/2226/1498 2476/2280/1552 2609/2413/1685
f 2597/2401/1673 2609/2413/1685 2476/2280/1552
f 2476/2280/1552 2451/2255/1527 2597/2401/1673
f 2610/2414/1686 2611/2415/1687 2612/2416/1688
f 2612/2416/1688 2613/2417/1689 2610/2414/1686
f 2340/2144/1416 2339/2143/1415 2614/2418/1690
f 2614/2418/1690 2615/2419/1691 2340/2144/1416
f 2339/2143/1415 2544/2348/1620 2616/2420/1692
f 2616/2420/1692 2614/2418/1690 2339/2143/1415
f 2544/2348/1620 2545/2349/1621 2617/2421/1693
f 2617/2421/1693 2616/2420/1692 2544/2348/1620
f 2545/2349/1621 2546/2350/1622 2618/2422/1694
f 2618/2422/1694 2617/2421/1693 2545/2349/1621
f 2546/2350/1622 2547/2351/1623 2619/2423/1695
f 2619/2423/1695 2618/2422/1694 2546/2350/1622
f 2547/2351/1623 2548/2352/1624 2620/2424/1696
f 2620/2424/1696 2619/2423/1695 2547/2351/1623
f 2548/2352/1624 2549/2353/1625 2621/2425/1697
f 2621/2425/1697 2620/2424/1696 2548/2352/1624
f 2622/2426/1698 2551/2355/1627 2550/2354/1626
f 2550/2354/1626 2623/2427/1699 2622/2426/1698
f 2623/2427/1699 2550/2354/1626 2552/2356/1628
f 2552/2356/1628 2624/2428/1700 2623/2427/1699
f 2624/2428/1700 2552/2356/1628 2553/2357/1629
f 2553/2357/1629 2625/2429/1701 2624/2428/1700
f 2625/2429/1701 2553/2357/1629 2554/2358/1630
f 2554/2358/1630 2626/2430/1702 2625/2429/1701
f 2626/2430/1702 2554/2358/1630 2555/2359/1631
f 2555/2359/1631 2627/2431/1703 2626/2430/1702
f 2555/2359/1631 2556/2360/1632 2628/2432/1704
f 2628/2432/1704 2627/2431/1703 2555/2359/1631
f 2628/2432/1704 2556/2360/1632 2340/2144/1416
f 2340/2144/1416 2615/2419/1691 2628/2432/1704
f 2558/2362/1634 2557/2361/1633 2629/2433/1705
f 2629/2433/1705 2630/2434/1706 2558/2362/1634
f 2631/2435/1707 2559/2363/1635 2558/2362/1634
f 2558/2362/1634 2630/2434/1706 2631/2435/1707
f 2632/2436/1708 2560/2364/1636 2559/2363/1635
f 2559/2363/1635 2631/2435/1707 2632/2436/1708
f 2633/2437/1709 2561/2365/1637 2560/2364/1636
f 2560/2364/1636 2632/2436/1708 2633/2437/1709
f 2634/2438/1710 2562/2366/1638 2561/2365/1637
f 2561/2365/1637 2633/2437/1709 2634/2438/1710
f 2635/2439/1711 2563/2367/1639 2562/2366/1638
f 2562/2366/1638 2634/2438/1710 2635/2439/1711
f 2636/2440/1712 2564/2368/1640 2563/2367/1639
f 2563/2367/1639 2635/2439/1711 2636/2440/1712
f 2637/2441/1713 2565/2369/1641 2564/2368/1640
f 2564/2368/1640 2636/2440/1712 2637/2441/1713
f 2638/2442/1714 2567/2371/1643 2566/2370/1642
f 2566/2370/1642 2639/2443/1715 2638/2442/1714
f 2640/2444/1716 2568/2372/1644 2567/2371/1643
f 2567/2371/1643 2638/2442/1714 2640/2444/1716
f 2641/2445/1717 2569/2373/1645 2568/2372/1644
f 2568/2372/1644 2640/2444/1716 2641/2445/1717
f 2642/2446/1718 2570/2374/1646 2569/2373/1645
f 2569/2373/1645 2641/2445/1717 2642/2446/1718
f 2643/2447/1719 2571/2375/1647 2570/2374/1646
f 2570/2374/1646 2642/2446/1718 2643/2447/1719
f 2644/2448/1720 2572/2376/1648 2571/2375/1647
f 2571/2375/1647 2643/2447/1719 2644/2448/1720
f 2645/2449/1721 2573/2377/1649 2572/2376/1648
f 2572/2376/1648 2644/2448/1720 2645/2449/1721
f 2629/2433/1705 2557/2361/1633 2573/2377/1649
f 2573/2377/1649 2645/2449/1721 2629/2433/1705
f 2646/2450/1722 2575/2379/1651 2574/2378/1650
f 2574/2378/1650 2647/2451/1723 2646/2450/1722
f 2647/2451/1723 2574/2378/1650 2576/2380/1652
f 2576/2380/1652 2648/2452/1724 2647/2451/1723
f 2648/2452/1724 2576/2380/1652 2577/2381/1653
f 2577/2381/1653 2649/2453/1725 2648/2452/1724
f 2649/2453/1725 2577/2381/1653 2578/2382/1654
f 2578/2382/1654 2650/2454/1726 2649/2453/1725
f 2650/2454/1726 2578/2382/1654 2579/2383/1655
f 2579/2383/1655 2651/2455/1727 2650/2454/1726
f 2651/2455/1727 2579/2383/1655 2580/2384/1656
f 2580/2384/1656 2652/2456/1728 2651/2455/1727
f 2652/2456/1728 2580/2384/1656 2581/2385/1657
f 2581/2385/1657 2653/2457/1729 2652/2456/1728
f 2653/2457/1729 2581/2385/1657 2582/2386/1658
f 2582/2386/1658 2654/2458/1730 2653/2457/1729
f 2655/2459/1731 2584/2388/1660 2583/2387/1659
f 2583/2387/1659 2656/2460/1732 2655/2459/1731
f 2583/2387/1659 2585/2389/1661 2657/2461/1733
f 2657/2461/1733 2656/2460/1732 2583/2387/1659
f 2585/2389/1661 2586/2390/1662 2658/2462/1734
f 2658/2462/1734 2657/2461/1733 2585/2389/1661
f 2586/2390/1662 2587/2391/1663 2659/2463/1735
f 2659/2463/1735 2658/2462/1734 2586/2390/1662
f 2587/2391/1663 2588/2392/1664 2660/2464/1736
f 2660/2464/1736 2659/2463/1735 2587/2391/1663
f 2660/2464/1736 2588/2392/1664 2589/2393/1665
f 2589/2393/1665 2661/2465/1737 2660/2464/1736
f 2661/2465/1737 2589/2393/1665 2575/2379/1651
f 2575/2379/1651 2646/2450/1722 2661/2465/1737
f 2662/2466/1738 2591/2395/1667 2590/2394/1666
f 2590/2394/1666 2663/2467/1739 2662/2466/1738
f 2592/2396/1668 2591/2395/1667 2662/2466/1738
f 2662/2466/1738 2664/2468/1740 2592/2396/1668
f 2593/2397/1669 2592/2396/1668 2664/2468/1740
f 2664/2468/1740 2665/2469/1741 2593/2397/1669
f 2594/2398/1670 2593/2397/1669 2665/2469/1741
f 2665/2469/1741 2666/2470/1742 2594/2398/1670
f 2595/2399/1671 2594/2398/1670 2666/2470/1742
f 2666/2470/1742 2667/2471/1743 2595/2399/1671
f 2596/2400/1672 2595/2399/1671 2667/2471/1743
f 2667/2471/1743 2668/2472/1744 2596/2400/1672
f 2597/2401/1673 2596/2400/1672 2668/2472/1744
f 2668/2472/1744 2669/2473/1745 2597/2401/1673
f 2599/2403/1675 2598/2402/1674 2670/2474/1746
f 2670/2474/1746 2671/2475/1747 2599/2403/1675
f 2600/2404/1676 2599/2403/1675 2671/2475/1747
f 2671/2475/1747 2672/2476/1748 2600/2404/1676
f 2601/2405/1677 2600/2404/1676 2672/2476/1748
f 2672/2476/1748 2673/2477/1749 2601/2405/1677
f 2602/2406/1678 2601/2405/1677 2673/2477/1749
f 2673/2477/1749 2674/2478/1750 2602/2406/1678
f 2603/2407/1679 2602/2406/1678 2674/2478/1750
f 2674/2478/1750 2675/2479/1751 2603/2407/1679
f 2604/2408/1680 2603/2407/1679 2675/2479/1751
f 2675/2479/1751 2676/2480/1752 2604/2408/1680
f 2605/2409/1681 2604/2408/1680 2676/2480/1752
f 2676/2480/1752 2677/2481/1753 2605/2409/1681
f 2590/2394/1666 2605/2409/1681 2677/2481/1753
f 2677/2481/1753 2663/2467/1739 2590/2394/1666
f 2670/2474/1746 2598/2402/1674 2606/2410/1682
f 2606/2410/1682 2678/2482/1754 2670/2474/1746
f 2678/2482/1754 2606/2410/1682 2551/2355/1627
f 2551/2355/1627 2622/2426/1698 2678/2482/1754
f 2607/2411/1683 2565/2369/1641 2637/2441/1713
f 2637/2441/1713 2679/2483/1755 2607/2411/1683
f 2621/2425/1697 2549/2353/1625 2607/2411/1683
f 2607/2411/1683 2679/2483/1755 2621/2425/1697
f 2639/2443/1715 2566/2370/1642 2608/2412/1684
f 2608/2412/1684 2680/2484/1756 2639/2443/1715
f 2608/2412/1684 2584/2388/1660 2655/2459/1731
f 2655/2459/1731 2680/2484/1756 2608/2412/1684
f 2654/2458/1730 2582/2386/1658 2609/2413/1685
f 2609/2413/1685 2681/2485/1757 2654/2458/1730
f 2681/2485/1757 2609/2413/1685 2597/2401/1673
f 2597/2401/1673 2669/2473/1745 2681/2485/1757
f 2615/2419/1691 2614/2418/1690 2682/2486/1758
f 2682/2486/1758 2683/2487/1759 2615/2419/1691
f 2614/2418/1690 2616/2420/1692 2684/2488/1760
f 2684/2488/1760 2682/2486/1758 2614/2418/1690
f 2616/2420/1692 2617/2421/1693 2685/2489/1761
f 2685/2489/1761 2684/2488/1760 2616/2420/1692
f 2617/2421/1693 2618/2422/1694 2686/2490/1762
f 2686/2490/1762 2685/2489/1761 2617/2421/1693
f 2618/2422/1694 2619/2423/1695 2687/2491/1763
f 2687/2491/1763 2686/2490/1762 2618/2422/1694
f 2619/2423/1695 2620/2424/1696 2688/2492/1764
f 2688/2492/1764 2687/2491/1763 2619/2423/1695
f 2620/2424/1696 2621/2425/1697 2689/2493/1765
f 2689/2493/1765 2688/2492/1764 2620/2424/1696
f 2690/2494/1766 2622/2426/1698 2623/2427/1699
f 2623/2427/1699 2691/2495/1767 2690/2494/1766
f 2691/2495/1767 2623/2427/1699 2624/2428/1700
f 2624/2428/1700 2692/2496/1768 2691/2495/1767
f 2692/2496/1768 2624/2428/1700 2625/2429/1701
f 2625/2429/1701 2693/2497/1769 2692/2496/1768
f 2693/2497/1769 2625/2429/1701 2626/2430/1702
f 2626/2430/1702 2694/2498/1770 2693/2497/1769
f 2694/2498/1770 2626/2430/1702 2627/2431/1703
f 2627/2431/1703 2695/2499/1771 2694/2498/1770
f 2627/2431/1703 2628/2432/1704 2696/2500/1772
f 2696/2500/1772 2695/2499/1771 2627/2431/1703
f 2696/2500/1772 2628/2432/1704 2615/2419/1691
f 2615/2419/1691 2683/2487/1759 2696/2500/1772
f 2630/2434/1706 2629/2433/1705 2697/2501/1773
f 2697/2501/1773 2698/2502/1774 2630/2434/1706
f 2699/2503/1775 2631/2435/1707 2630/2434/1706
f 2630/2434/1706 2698/2502/1774 2699/2503/1775
f 2700/2504/1776 2632/2436/1708 2631/2435/1707
f 2631/2435/1707 2699/2503/1775 2700/2504/1776
f 2701/2505/1777 2633/2437/1709 2632/2436/1708
f 2632/2436/1708 2700/2504/1776 2701/2505/1777
f 2702/2506/1778 2634/2438/1710 2633/2437/1709
f 2633/2437/1709 2701/2505/1777 2702/2506/1778
f 2703/2507/1779 2635/2439/1711 2634/2438/1710
f 2634/2438/1710 2702/2506/1778 2703/2507/1779
f 2704/2508/1780 2636/2440/1712 2635/2439/1711
f 2635/2439/1711 2703/2507/1779 2704/2508/1780
f 2705/2509/1781 2637/2441/1713 2636/2440/1712
f 2636/2440/1712 2704/2508/1780 2705/2509/1781
f 2706/2510/1782 2638/2442/1714 2639/2443/1715
f 2639/2443/1715 2707/2511/1783 2706/2510/1782
f 2708/2512/1784 2640/2444/1716 2638/2442/1714
f 2638/2442/1714 2706/2510/1782 2708/2512/1784
f 2709/2513/1785 2641/2445/1717 2640/2444/1716
f 2640/2444/1716 2708/2512/1784 2709/2513/1785
f 2710/2514/1786 2642/2446/1718 2641/2445/1717
f 2641/2445/1717 2709/2513/1785 2710/2514/1786
f 2711/2515/1787 2643/2447/1719 2642/2446/1718
f 2642/2446/1718 2710/2514/1786 2711/2515/1787
f 2712/2516/1788 2644/2448/1720 2643/2447/1719
f 2643/2447/1719 2711/2515/1787 2712/2516/1788
f 2713/2517/1789 2645/2449/1721 2644/2448/1720
f 2644/2448/1720 2712/2516/1788 2713/2517/1789
f 2697/2501/1773 2629/2433/1705 2645/2449/1721
f 2645/2449/1721 2713/2517/1789 2697/2501/1773
f 2714/2518/1790 2646/2450/1722 2647/2451/1723
f 2647/2451/1723 2715/2519/1791 2714/2518/1790
f 2715/2519/1791 2647/2451/1723 2648/2452/1724
f 2648/2452/1724 2716/2520/1792 2715/2519/1791
f 2716/2520/1792 2648/2452/1724 2649/2453/1725
f 2649/2453/1725 2717/2521/1793 2716/2520/1792
f 2717/2521/1793 2649/2453/1725 2650/2454/1726
f 2650/2454/1726 2718/2522/1794 2717/2521/1793
f 2718/2522/1794 2650/2454/1726 2651/2455/1727
f 2651/2455/1727 2719/2523/1795 2718/2522/1794
f 2719/2523/1795 2651/2455/1727 2652/2456/1728
f 2652/2456/1728 2720/2524/1796 2719/2523/1795
f 2720/2524/1796 2652/2456/1728 2653/2457/1729
f 2653/2457/1729 2721/2525/1797 2720/2524/1796
f 2721/2525/1797 2653/2457/1729 2654/2458/1730
f 2654/2458/1730 2722/2526/1798 2721/2525/1797
f 2723/2527/1799 2655/2459/1731 2656/2460/1732
f 2656/2460/1732 2724/2528/1800 2723/2527/1799
f 2656/2460/1732 2657/2461/1733 2725/2529/1801
f 2725/2529/1801 2724/2528/1800 2656/2460/1732
f 2657/2461/1733 2658/2462/1734 2726/2530/1802
f 2726/2530/1802 2725/2529/1801 2657/2461/1733
f 2658/2462/1734 2659/2463/1735 2727/2531/1803
f 2727/2531/1803 2726/2530/1802 2658/2462/1734
f 2659/2463/1735 2660/2464/1736 2728/2532/1804
f 2728/2532/1804 2727/2531/1803 2659/2463/1735
f 2728/2532/1804 2660/2464/1736 2661/2465/1737
f 2661/2465/1737 2729/2533/1805 2728/2532/1804
f 2729/2533/1805 2661/2465/1737 2646/2450/1722
f 2646/2450/1722 2714/2518/1790 2729/2533/1805
f 2730/2534/1806 2662/2466/1738 2663/2467/1739
f 2663/2467/1739 2731/2535/1807 2730/2534/1806
f 2664/2468/1740 2662/2466/1738 2730/2534/1806
f 2730/2534/1806 2732/2536/1808 2664/2468/1740
f 2665/2469/1741 2664/2468/1740 2732/2536/1808
f 2732/2536/1808 2733/2537/1809 2665/2469/1741
f 2666/2470/1742 2665/2469/1741 2733/2537/1809
f 2733/2537/1809 2734/2538/1810 2666/2470/1742
f 2667/2471/1743 2666/2470/1742 2734/2538/1810
f 2734/2538/1810 2735/2539/1811 2667/2471/1743
f 2668/2472/1744 2667/2471/1743 2735/2539/1811
f 2735/2539/1811 2736/2540/1812 2668/2472/1744
f 2669/2473/1745 2668/2472/1744 2736/2540/1812
f 2736/2540/1812 2737/2541/1813 2669/2473/1745
f 2671/2475/1747 2670/2474/1746 2738/2542/1814
f 2738/2542/1814 2739/2543/1815 2671/2475/1747
f 2672/2476/1748 2671/2475/1747 2739/2543/1815
f 2739/2543/1815 2740/2544/1816 2672/2476/1748
f 2673/2477/1749 2672/2476/1748 2740/2544/1816
f 2740/2544/1816 2741/2545/1817 2673/2477/1749
f 2674/2478/1750 2673/2477/1749 2741/2545/1817
f 2741/2545/1817 2742/2546/1818 2674/2478/1750
f 2675/2479/1751 2674/2478/1750 2742/2546/1818
f 2742/2546/1818 2743/2547/1819 2675/2479/1751
f 2676/2480/1752 2675/2479/1751 2743/2547/1819
f 2743/2547/1819 2744/2548/1820 2676/2480/1752
f 2677/2481/1753 2676/2480/1752 2744/2548/1820
f 2744/2548/1820 2745/2549/1821 2677/2481/1753
f 2663/2467/1739 2677/2481/1753 2745/2549/1821
f 2745/2549/1821 2731/2535/1807 2663/2467/1739
f 2738/2542/1814 2670/2474/1746 2678/2482/1754
f 2678/2482/1754 2746/2550/1822 2738/2542/1814
f 2746/2550/1822 2678/2482/1754 2622/2426/1698
f 2622/2426/1698 2690/2494/1766 2746/2550/1822
f 2679/2483/1755 2637/2441/1713 2705/2509/1781
f 2705/2509/1781 2747/2551/1823 2679/2483/1755
f 2689/2493/1765 2621/2425/1697 2679/2483/1755
f 2679/2483/1755 2747/2551/1823 2689/2493/1765
f 2707/2511/1783 2639/2443/1715 2680/2484/1756
f 2680/2484/1756 2748/2552/1824 2707/2511/1783
f 2680/2484/1756 2655/2459/1731 2723/2527/1799
f 2723/2527/1799 2748/2552/1824 2680/2484/1756
f 2722/2526/1798 2654/2458/1730 2681/2485/1757
f 2681/2485/1757 2749/2553/1825 2722/2526/1798
f 2749/2553/1825 2681/2485/1757 2669/2473/1745
f 2669/2473/1745 2737/2541/1813 2749/2553/1825
f 2683/2487/1759 2682/2486/1758 2611/2415/1687
f 2611/2415/1687 2610/2414/1686 2683/2487/1759
f 2682/2486/1758 2684/2488/1760 2750/2554/1826
f 2750/2554/1826 2611/2415/1687 2682/2486/1758
f 2684/2488/1760 2685/2489/1761 2751/2555/1827
f 2751/2555/1827 2750/2554/1826 2684/2488/1760
f 2685/2489/1761 2686/2490/1762 2752/2556/1828
f 2752/2556/1828 2751/2555/1827 2685/2489/1761
f 2686/2490/1762 2687/2491/1763 2753/2557/1829
f 2753/2557/1829 2752/2556/1828 2686/2490/1762
f 2687/2491/1763 2688/2492/1764 2754/2558/1830
f 2754/2558/1830 2753/2557/1829 2687/2491/1763
f 2688/2492/1764 2689/2493/1765 2755/2559/1831
f 2755/2559/1831 2754/2558/1830 2688/2492/1764
f 2756/2560/1832 2690/2494/1766 2691/2495/1767
f 2691/2495/1767 2757/2561/1833 2756/2560/1832
f 2757/2561/1833 2691/2495/1767 2692/2496/1768
f 2692/2496/1768 2758/2562/1834 2757/2561/1833
f 2758/2562/1834 2692/2496/1768 2693/2497/1769
f 2693/2497/1769 2759/2563/1835 2758/2562/1834
f 2759/2563/1835 2693/2497/1769 2694/2498/1770
f 2694/2498/1770 2760/2564/1836 2759/2563/1835
f 2760/2564/1836 2694/2498/1770 2695/2499/1771
f 2695/2499/1771 2761/2565/1837 2760/2564/1836
f 2695/2499/1771 2696/2500/1772 2762/2566/1838
f 2762/2566/1838 2761/2565/1837 2695/2499/1771
f 2762/2566/1838 2696/2500/1772 2683/2487/1759
f 2683/2487/1759 2610/2414/1686 2762/2566/1838
f 2698/2502/1774 2697/2501/1773 2763/2567/1839
f 2763/2567/1839 2764/2568/1840 2698/2502/1774
f 2765/2569/1841 2699/2503/1775 2698/2502/1774
f 2698/2502/1774 2764/2568/1840 2765/2569/1841
f 2766/2570/1842 2700/2504/1776 2699/2503/1775
f 2699/2503/1775 2765/2569/1841 2766/2570/1842
f 2767/2571/1843 2701/2505/1777 2700/2504/1776
f 2700/2504/1776 2766/2570/1842 2767/2571/1843
f 2768/2572/1844 2702/2506/1778 2701/2505/1777
f 2701/2505/1777 2767/2571/1843 2768/2572/1844
f 2769/2573/1845 2703/2507/1779 2702/2506/1778
f 2702/2506/1778 2768/2572/1844 2769/2573/1845
f 2770/2574/1846 2704/2508/1780 2703/2507/1779
f 2703/2507/1779 2769/2573/1845 2770/2574/1846
f 2771/2575/1847 2705/2509/1781 2704/2508/1780
f 2704/2508/1780 2770/2574/1846 2771/2575/1847
f 2772/2576/1848 2706/2510/1782 2707/2511/1783
f 2707/2511/1783 2773/2577/1849 2772/2576/1848
f 2774/2578/1850 2708/2512/1784 2706/2510/1782
f 2706/2510/1782 2772/2576/1848 2774/2578/1850
f 2775/2579/1851 2709/2513/1785 2708/2512/1784
f 2708/2512/1784 2774/2578/1850 2775/2579/1851
f 2776/2580/1852 2710/2514/1786 2709/2513/1785
f 2709/2513/1785 2775/2579/1851 2776/2580/1852
f 2777/2581/1853 2711/2515/1787 2710/2514/1786
f 2710/2514/1786 2776/2580/1852 2777/2581/1853
f 2778/2582/1854 2712/2516/1788 2711/2515/1787
f 2711/2515/1787 2777/2581/1853 2778/2582/1854
f 2779/2583/1855 2713/2517/1789 2712/2516/1788
f 2712/2516/1788 2778/2582/1854 2779/2583/1855
f 2763/2567/1839 2697/2501/1773 2713/2517/1789
f 2713/2517/1789 2779/2583/1855 2763/2567/1839
f 2780/2584/1856 2714/2518/1790 2715/2519/1791
f 2715/2519/1791 2781/2585/1857 2780/2584/1856
f 2781/2585/1857 2715/2519/1791 2716/2520/1792
f 2716/2520/1792 2782/2586/1858 2781/2585/1857
f 2782/2586/1858 2716/2520/1792 2717/2521/1793
f 2717/2521/1793 2783/2587/1859 2782/2586/1858
f 2783/2587/1859 2717/2521/1793 2718/2522/1794
f 2718/2522/1794 2784/2588/1860 2783/2587/1859
f 2784/2588/1860 2718/2522/1794 2719/2523/1795
f 2719/2523/1795 2785/2589/1861 2784/2588/1860
f 2785/2589/1861 2719/2523/1795 2720/2524/1796
f 2720/2524/1796 2786/2590/1862 2785/2589/1861
f 2786/2590/1862 2720/2524/1796 2721/2525/1797
f 2721/2525/1797 2787/2591/1863 2786/2590/1862
f 2787/2591/1863 2721/2525/1797 2722/2526/1798
f 2722/2526/1798 2788/2592/1864 2787/2591/1863
f 2789/2593/1865 2723/2527/1799 2724/2528/1800
f 2724/2528/1800 2790/2594/1866 2789/2593/1865
f 2724/2528/1800 2725/2529/1801 2791/2595/1867
f 2791/2595/1867 2790/2594/1866 2724/2528/1800
f 2725/2529/1801 2726/2530/1802 2792/2596/1868
f 2792/2596/1868 2791/2595/1867 2725/2529/1801
f 2726/2530/1802 2727/2531/1803 2793/2597/1869
f 2793/2597/1869 2792/2596/1868 2726/2530/1802
f 2727/2531/1803 2728/2532/1804 2794/2598/1870
f 2794/2598/1870 2793/2597/1869 2727/2531/1803
f 2794/2598/1870 2728/2532/1804 2729/2533/1805
f 2729/2533/1805 2795/2599/1871 2794/2598/1870
f 2795/2599/1871 2729/2533/1805 2714/2518/1790
f 2714/2518/1790 2780/2584/1856 2795/2599/1871
f 2796/2600/1872 2730/2534/1806 2731/2535/1807
f 2731/2535/1807 2797/2601/1873 2796/2600/1872
f 2732/2536/1808 2730/2534/1806 2796/2600/1872
f 2796/2600/1872 2798/2602/1874 2732/2536/1808
f 2733/2537/1809 2732/2536/1808 2798/2602/1874
f 2798/2602/1874 2799/2603/1875 2733/2537/1809
f 2734/2538/1810 2733/2537/1809 2799/2603/1875
f 2799/2603/1875 2800/2604/1876 2734/2538/1810
f 2735/2539/1811 2734/2538/1810 2800/2604/1876
f 2800/2604/1876 2801/2605/1877 2735/2539/1811
f 2736/2540/1812 2735/2539/1811 2801/2605/1877
f 2801/2605/1877 2802/2606/1878 2736/2540/1812
f 2737/2541/1813 2736/2540/1812 2802/2606/1878
f 2802/2606/1878 2803/2607/1879 2737/2541/1813
f 2739/2543/1815 2738/2542/1814 2804/2608/1880
f 2804/2608/1880 2805/2609/1881 2739/2543/1815
f 2740/2544/1816 2739/2543/1815 2805/2609/1881
f 2805/2609/1881 2806/2610/1882 2740/2544/1816
f 2741/2545/1817 2740/2544/1816 2806/2610/1882
f 2806/2610/1882 2807/2611/1883 2741/2545/1817
f 2742/2546/1818 2741/2545/1817 2807/2611/1883
f 2807/2611/1883 2808/2612/1884 2742/2546/1818
f 2743/2547/1819 2742/2546/1818 2808/2612/1884
f 2808/2612/1884 2809/2613/1885 2743/2547/1819
f 2744/2548/1820 2743/2547/1819 2809/2613/1885
f 2809/2613/1885 2810/2614/1886 2744/2548/1820
f 2745/2549/1821 2744/2548/1820 2810/2614/1886
f 2810/2614/1886 2811/2615/1887 2745/2549/1821
f 2731/2535/1807 2745/2549/1821 2811/2615/1887
f 2811/2615/1887 2797/2601/1873 2731/2535/1807
f 2804/2608/1880 2738/2542/1814 2746/2550/1822
f 2746/2550/1822 2812/2616/1888 2804/2608/1880
f 2812/2616/1888 2746/2550/1822 2690/2494/1766
f 2690/2494/1766 2756/2560/1832 2812/2616/1888
f 2747/2551/1823 2705/2509/1781 2771/2575/1847
f 2771/2575/1847 2813/2617/1889 2747/2551/1823
f 2755/2559/1831 2689/2493/1765 2747/2551/1823
f 2747/2551/1823 2813/2617/1889 2755/2559/1831
f 2773/2577/1849 2707/2511/1783 2748/2552/1824
f 2748/2552/1824 2814/2618/1890 2773/2577/1849
f 2748/2552/1824 2723/2527/1799 2789/2593/1865
f 2789/2593/1865 2814/2618/1890 2748/2552/1824
f 2788/2592/1864 2722/2526/1798 2749/2553/1825
f 2749/2553/1825 2815/2619/1891 2788/2592/1864
f 2815/2619/1891 2749/2553/1825 2737/2541/1813
f 2737/2541/1813 2803/2607/1879 2815/2619/1891
f 2611/2415/1687 2750/2554/1826 2816/2620/1892
f 2816/2620/1892 2612/2416/1688 2611/2415/1687
f 2750/2554/1826 2751/2555/1827 2817/2621/1893
f 2817/2621/1893 2816/2620/1892 2750/2554/1826
f 2751/2555/1827 2752/2556/1828 2818/2622/1894
f 2818/2622/1894 2817/2621/1893 2751/2555/1827
f 2752/2556/1828 2753/2557/1829 2819/2623/1895
f 2819/2623/1895 2818/2622/1894 2752/2556/1828
f 2753/2557/1829 2754/2558/1830 2820/2624/1896
f 2820/2624/1896 2819/2623/1895 2753/2557/1829
f 2754/2558/1830 2755/2559/1831 2821/2625/1897
f 2821/2625/1897 2820/2624/1896 2754/2558/1830
f 2756/2560/1832 2757/2561/1833 2822/2626/1898
f 2822/2626/1898 2823/2627/1899 2756/2560/1832
f 2757/2561/1833 2758/2562/1834 2824/2628/1900
f 2824/2628/1900 2822/2626/1898 2757/2561/1833
f 2758/2562/1834 2759/2563/1835 2825/2629/1901
f 2825/2629/1901 2824/2628/1900 2758/2562/1834
f 2759/2563/1835 2760/2564/1836 2826/2630/1902
f 2826/2630/1902 2825/2629/1901 2759/2563/1835
f 2760/2564/1836 2761/2565/1837 2827/2631/1903
f 2827/2631/1903 2826/2630/1902 2760/2564/1836
f 2761/2565/1837 2762/2566/1838 2828/2632/1904
f 2828/2632/1904 2827/2631/1903 2761/2565/1837
f 2762/2566/1838 2610/2414/1686 2613/2417/1689
f 2613/2417/1689 2828/2632/1904 2762/2566/1838
f 2764/2568/1840 2763/2567/1839 2829/2633/1905
f 2829/2633/1905 2830/2634/1906 2764/2568/1840
f 2765/2569/1841 2764/2568/1840 2830/2634/1906
f 2830/2634/1906 2831/2635/1907 2765/2569/1841
f 2766/2570/1842 2765/2569/1841 2831/2635/1907
f 2831/2635/1907 2832/2636/1908 2766/2570/1842
f 2767/2571/1843 2766/2570/1842 2832/2636/1908
f 2832/2636/1908 2833/2637/1909 2767/2571/1843
f 2768/2572/1844 2767/2571/1843 2833/2637/1909
f 2833/2637/1909 2834/2638/1910 2768/2572/1844
f 2769/2573/1845 2768/2572/1844 2834/2638/1910
f 2834/2638/1910 2835/2639/1911 2769/2573/1845
f 2770/2574/1846 2769/2573/1845 2835/2639/1911
f 2835/2639/1911 2836/2640/1912 2770/2574/1846
f 2771/2575/1847 2770/2574/1846 2836/2640/1912
f 2836/2640/1912 2837/2641/1913 2771/2575/1847
f 2772/2576/1848 2773/2577/1849 2838/2642/1914
f 2838/2642/1914 2839/2643/1915 2772/2576/1848
f 2774/2578/1850 2772/2576/1848 2839/2643/1915
f 2839/2643/1915 2840/2644/1916 2774/2578/1850
f 2775/2579/1851 2774/2578/1850 2840/2644/1916
f 2840/2644/1916 2841/2645/1917 2775/2579/1851
f 2776/2580/1852 2775/2579/1851 2841/2645/1917
f 2841/2645/1917 2842/2646/1918 2776/2580/1852
f 2777/2581/1853 2776/2580/1852 2842/2646/1918
f 2842/2646/1918 2843/2647/1919 2777/2581/1853
f 2778/2582/1854 2777/2581/1853 2843/2647/1919
f 2843/2647/1919 2844/2648/1920 2778/2582/1854
f 2779/2583/1855 2778/2582/1854 2844/2648/1920
f 2844/2648/1920 2845/2649/1921 2779/2583/1855
f 2763/2567/1839 2779/2583/1855 2845/2649/1921
f 2845/2649/1921 2829/2633/1905 2763/2567/1839
f 2780/2584/1856 2781/2585/1857 2846/2650/1922
f 2846/2650/1922 2847/2651/1923 2780/2584/1856
f 2781/2585/1857 2782/2586/1858 2848/2652/1924
f 2848/2652/1924 2846/2650/1922 2781/2585/1857
f 2782/2586/1858 2783/2587/1859 2849/2653/1925
f 2849/2653/1925 2848/2652/1924 2782/2586/1858
f 2783/2587/1859 2784/2588/1860 2850/2654/1926
f 2850/2654/1926 2849/2653/1925 2783/2587/1859
f 2784/2588/1860 2785/2589/1861 2851/2655/1927
f 2851/2655/1927 2850/2654/1926 2784/2588/1860
f 2785/2589/1861 2786/2590/1862 2852/2656/1928
f 2852/2656/1928 2851/2655/1927 2785/2589/1861
f 2786/2590/1862 2787/2591/1863 2853/2657/1929
f 2853/2657/1929 2852/2656/1928 2786/2590/1862
f 2787/2591/1863 2788/2592/1864 2854/2658/1930
f 2854/2658/1930 2853/2657/1929 2787/2591/1863
f 2789/2593/1865 2790/2594/1866 2855/2659/1931
f 2855/2659/1931 2856/2660/1932 2789/2593/1865
f 2790/2594/1866 2791/2595/1867 2857/2661/1933
f 2857/2661/1933 2855/2659/1931 2790/2594/1866
f 2791/2595/1867 2792/2596/1868 2858/2662/1934
f 2858/2662/1934 2857/2661/1933 2791/2595/1867
f 2792/2596/1868 2793/2597/1869 2859/2663/1935
f 2859/2663/1935 2858/2662/1934 2792/2596/1868
f 2793/2597/1869 2794/2598/1870 2860/2664/1936
f 2860/2664/1936 2859/2663/1935 2793/2597/1869
f 2794/2598/1870 2795/2599/1871 2861/2665/1937
f 2861/2665/1937 2860/2664/1936 2794/2598/1870
f 2795/2599/1871 2780/2584/1856 2847/2651/1923
f 2847/2651/1923 2861/2665/1937 2795/2599/1871
f 2796/2600/1872 2797/2601/1873 2862/2666/1938
f 2862/2666/1938 2863/2667/1939 2796/2600/1872
f 2798/2602/1874 2796/2600/1872 2863/2667/1939
f 2863/2667/1939 2864/2668/1940 2798/2602/1874
f 2799/2603/1875 2798/2602/1874 2864/2668/1940
f 2864/2668/1940 2865/2669/1941 2799/2603/1875
f 2800/2604/1876 2799/2603/1875 2865/2669/1941
f 2865/2669/1941 2866/2670/1942 2800/2604/1876
f 2801/2605/1877 2800/2604/1876 2866/2670/1942
f 2866/2670/1942 2867/2671/1943 2801/2605/1877
f 2802/2606/1878 2801/2605/1877 2867/2671/1943
f 2867/2671/1943 2868/2672/1944 2802/2606/1878
f 2803/2607/1879 2802/2606/1878 2868/2672/1944
f 2868/2672/1944 2869/2673/1945 2803/2607/1879
f 2805/2609/1881 2804/2608/1880 2870/2674/1946
f 2870/2674/1946 2871/2675/1947 2805/2609/1881
f 2806/2610/1882 2805/2609/1881 2871/2675/1947
f 2871/2675/1947 2872/2676/1948 2806/2610/1882
f 2807/2611/1883 2806/2610/1882 2872/2676/1948
f 2872/2676/1948 2873/2677/1949 2807/2611/1883
f 2808/2612/1884 2807/2611/1883 2873/2677/1949
f 2873/2677/1949 2874/2678/1950 2808/2612/1884
f 2809/2613/1885 2808/2612/1884 2874/2678/1950
f 2874/2678/1950 2875/2679/1951 2809/2613/1885
f 2810/2614/1886 2809/2613/1885 2875/2679/1951
f 2875/2679/1951 2876/2680/1952 2810/2614/1886
f 2811/2615/1887 2810/2614/1886 2876/2680/1952
f 2876/2680/1952 2877/2681/1953 2811/2615/1887
f 2797/2601/1873 2811/2615/1887 2877/2681/1953
f 2877/2681/1953 2862/2666/1938 2797/2601/1873
f 2804/2608/1880 2812/2616/1888 2878/2682/1954
f 2878/2682/1954 2870/2674/1946 2804/2608/1880
f 2812/2616/1888 2756/2560/1832 2823/2627/1899
f 2823/2627/1899 2878/2682/1954 2812/2616/1888
f 2813/2617/1889 2771/2575/1847 2837/2641/1913
f 2837/2641/1913 2879/2683/1955 2813/2617/1889
f 2755/2559/1831 2813/2617/1889 2879/2683/1955
f 2879/2683/1955 2821/2625/1897 2755/2559/1831
f 2773/2577/1849 2814/2618/1890 2880/2684/1956
f 2880/2684/1956 2838/2642/1914 2773/2577/1849
f 2814/2618/1890 2789/2593/1865 2856/2660/1932
f 2856/2660/1932 2880/2684/1956 2814/2618/1890
f 2788/2592/1864 2815/2619/1891 2881/2685/1957
f 2881/2685/1957 2854/2658/1930 2788/2592/1864
f 2815/2619/1891 2803/2607/1879 2869/2673/1945
f 2869/2673/1945 2881/2685/1957 2815/2619/1891
f 2882/2686/1958 2883/2687/1959 2884/2688/1960
f 2884/2688/1960 2885/2689/1961 2882/2686/1958
f 2613/2417/1689 2612/2416/1688 2883/2687/1959
f 2883/2687/1959 2882/2686/1958 2613/2417/1689
f 2612/2416/1688 2816/2620/1892 2886/2690/1962
f 2886/2690/1962 2883/2687/1959 2612/2416/1688
f 2816/2620/1892 2817/2621/1893 2887/2691/1963
f 2887/2691/1963 2886/2690/1962 2816/2620/1892
f 2817/2621/1893 2818/2622/1894 2888/2692/1964
f 2888/2692/1964 2887/2691/1963 2817/2621/1893
f 2818/2622/1894 2819/2623/1895 2889/2693/1965
f 2889/2693/1965 2888/2692/1964 2818/2622/1894
f 2819/2623/1895 2820/2624/1896 2890/2694/1966
f 2890/2694/1966 2889/2693/1965 2819/2623/1895
f 2820/2624/1896 2821/2625/1897 2891/2695/1967
f 2891/2695/1967 2890/2694/1966 2820/2624/1896
f 2892/2696/1968 2823/2627/1899 2822/2626/1898
f 2822/2626/1898 2893/2697/1969 2892/2696/1968
f 2893/2697/1969 2822/2626/1898 2824/2628/1900
f 2824/2628/1900 2894/2698/1970 2893/2697/1969
f 2894/2698/1970 2824/2628/1900 2825/2629/1901
f 2825/2629/1901 2895/2699/1971 2894/2698/1970
f 2895/2699/1971 2825/2629/1901 2826/2630/1902
f 2826/2630/1902 2896/2700/1972 2895/2699/1971
f 2896/2700/1972 2826/2630/1902 2827/2631/1903
f 2827/2631/1903 2897/2701/1973 2896/2700/1972
f 2827/2631/1903 2828/2632/1904 2898/2702/1974
f 2898/2702/1974 2897/2701/1973 2827/2631/1903
f 2898/2702/1974 2828/2632/1904 2613/2417/1689
f 2613/2417/1689 2882/2686/1958 2898/2702/1974
f 2830/2634/1906 2829/2633/1905 2899/2703/1975
f 2899/2703/1975 2900/2704/1976 2830/2634/1906
f 2901/2705/1977 2831/2635/1907 2830/2634/1906
f 2830/2634/1906 2900/2704/1976 2901/2705/1977
f 2902/2706/1978 2832/2636/1908 2831/2635/1907
f 2831/2635/1907 2901/2705/1977 2902/2706/1978
f 2903/2707/1979 2833/2637/1909 2832/2636/1908
f 2832/2636/1908 2902/2706/1978 2903/2707/1979
f 2904/2708/1980 2834/2638/1910 2833/2637/1909
f 2833/2637/1909 2903/2707/1979 2904/2708/1980
f 2905/2709/1981 2835/2639/1911 2834/2638/1910
f 2834/2638/1910 2904/2708/1980 2905/2709/1981
f 2906/2710/1982 2836/2640/1912 2835/2639/1911
f 2835/2639/1911 2905/2709/1981 2906/2710/1982
f 2907/2711/1983 2837/2641/1913 2836/2640/1912
f 2836/2640/1912 2906/2710/1982 2907/2711/1983
f 2908/2712/1984 2839/2643/1915 2838/2642/1914
f 2838/2642/1914 2909/2713/1985 2908/2712/1984
f 2910/2714/1986 2840/2644/1916 2839/2643/1915
f 2839/2643/1915 2908/2712/1984 2910/2714/1986
f 2911/2715/1987 2841/2645/1917 2840/2644/1916
f 2840/2644/1916 2910/2714/1986 2911/2715/1987
f 2912/2716/1988 2842/2646/1918 2841/2645/1917
f 2841/2645/1917 2911/2715/1987 2912/2716/1988
f 2913/2717/1989 2843/2647/1919 2842/2646/1918
f 2842/2646/1918 2912/2716/1988 2913/2717/1989
f 2914/2718/1990 2844/2648/1920 2843/2647/1919
f 2843/2647/1919 2913/2717/1989 2914/2718/1990
f 2915/2719/1991 2845/2649/1921 2844/2648/1920
f 2844/2648/1920 2914/2718/1990 2915/2719/1991
f 2899/2703/1975 2829/2633/1905 2845/2649/1921
f 2845/2649/1921 2915/2719/1991 2899/2703/1975
f 2916/2720/1992 2847/2651/1923 2846/2650/1922
f 2846/2650/1922 2917/2721/1993 2916/2720/1992
f 2917/2721/1993 2846/2650/1922 2848/2652/1924
f 2848/2652/1924 2918/2722/1994 2917/2721/1993
f 2918/2722/1994 2848/2652/1924 2849/2653/1925
f 2849/2653/1925 2919/2723/1995 2918/2722/1994
f 2919/2723/1995 2849/2653/1925 2850/2654/1926
f 2850/2654/1926 2920/2724/1996 2919/2723/1995
f 2920/2724/1996 2850/2654/1926 2851/2655/1927
f 2851/2655/1927 2921/2725/1997 2920/2724/1996
f 2921/2725/1997 2851/2655/1927 2852/2656/1928
f 2852/2656/1928 2922/2726/1998 2921/2725/1997
f 2922/2726/1998 2852/2656/1928 2853/2657/1929
f 2853/2657/1929 2923/2727/1999 2922/2726/1998
f 2923/2727/1999 2853/2657/1929 2854/2658/1930
f 2854/2658/1930 2924/2728/2000 2923/2727/1999
f 2925/2729/2001 2856/2660/1932 2855/2659/1931
f 2855/2659/1931 2926/2730/2002 2925/2729/2001
f 2855/2659/1931 2857/2661/1933 2927/2731/2003
f 2927/2731/2003 2926/2730/2002 2855/2659/1931
f 2857/2661/1933 2858/2662/1934 2928/2732/2004
f 2928/2732/2004 2927/2731/2003 2857/2661/1933
f 2858/2662/1934 2859/2663/1935 2929/2733/2005
f 2929/2733/2005 2928/2732/2004 2858/2662/1934
f 2859/2663/1935 2860/2664/1936 2930/2734/2006
f 2930/2734/2006 2929/2733/2005 2859/2663/1935
f 2930/2734/2006 2860/2664/1936 2861/2665/1937
f 2861/2665/1937 2931/2735/2007 2930/2734/2006
f 2931/2735/2007 2861/2665/1937 2847/2651/1923
f 2847/2651/1923 2916/2720/1992 2931/2735/2007
f 2932/2736/2008 2863/2667/1939 2862/2666/1938
f 2862/2666/1938 2933/2737/2009 2932/2736/2008
f 2864/2668/1940 2863/2667/1939 2932/2736/2008
f 2932/2736/2008 2934/2738/2010 2864/2668/1940
f 2865/2669/1941 2864/2668/1940 2934/2738/2010
f 2934/2738/2010 2935/2739/2011 2865/2669/1941
f 2866/2670/1942 2865/2669/1941 2935/2739/2011
f 2935/2739/2011 2936/2740/2012 2866/2670/1942
f 2867/2671/1943 2866/2670/1942 2936/2740/2012
f 2936/2740/2012 2937/2741/2013 2867/2671/1943
f 2868/2672/1944 2867/2671/1943 2937/2741/2013
f 2937/2741/2013 2938/2742/2014 2868/2672/1944
f 2869/2673/1945 2868/2672/1944 2938/2742/2014
f 2938/2742/2014 2939/2743/2015 2869/2673/1945
f 2871/2675/1947 2870/2674/1946 2940/2744/2016
f 2940/2744/2016 2941/2745/2017 2871/2675/1947
f 2872/2676/1948 2871/2675/1947 2941/2745/2017
f 2941/2745/2017 2942/2746/2018 2872/2676/1948
f 2873/2677/1949 2872/2676/1948 2942/2746/2018
f 2942/2746/2018 2943/2747/2019 2873/2677/1949
f 2874/2678/1950 2873/2677/1949 2943/2747/2019
f 2943/2747/2019 2944/2748/2020 2874/2678/1950
f 2875/2679/1951 2874/2678/1950 2944/2748/2020
f 2944/2748/2020 2945/2749/2021 2875/2679/1951
f 2876/2680/1952 2875/2679/1951 2945/2749/2021
f 2945/2749/2021 2946/2750/2022 2876/2680/1952
f 2877/2681/1953 2876/2680/1952 2946/2750/2022
f 2946/2750/2022 2947/2751/2023 2877/2681/1953
f 2862/2666/1938 2877/2681/1953 2947/2751/2023
f 2947/2751/2023 2933/2737/2009 2862/2666/1938
f 2940/2744/2016 2870/2674/1946 2878/2682/1954
f 2878/2682/1954 2948/2752/2024 2940/2744/2016
f 2948/2752/2024 2878/2682/1954 2823/2627/1899
f 2823/2627/1899 2892/2696/1968 2948/2752/2024
f 2879/2683/1955 2837/2641/1913 2907/2711/1983
f 2907/2711/1983 2949/2753/2025 2879/2683/1955
f 2891/2695/1967 2821/2625/1897 2879/2683/1955
f 2879/2683/1955 2949/2753/2025 2891/2695/1967
f 2909/2713/1985 2838/2642/1914 2880/2684/1956
f 2880/2684/1956 2950/2754/2026 2909/2713/1985
f 2880/2684/1956 2856/2660/1932 2925/2729/2001
f 2925/2729/2001 2950/2754/2026 2880/2684/1956
f 2924/2728/2000 2854/2658/1930 2881/2685/1957
f 2881/2685/1957 2951/2755/2027 2924/2728/2000
f 2951/2755/2027 2881/2685/1957 2869/2673/1945
f 2869/2673/1945 2939/2743/2015 2951/2755/2027
f 2883/2687/1959 2886/2690/1962 2952/2756/2028
f 2952/2756/2028 2884/2688/1960 2883/2687/1959
f 2886/2690/1962 2887/2691/1963 2953/2757/2029
f 2953/2757/2029 2952/2756/2028 2886/2690/1962
f 2887/2691/1963 2888/2692/1964 2954/2758/2030
f 2954/2758/2030 2953/2757/2029 2887/2691/1963
f 2888/2692/1964 2889/2693/1965 2955/2759/2031
f 2955/2759/2031 2954/2758/2030 2888/2692/1964
f 2889/2693/1965 2890/2694/1966 2956/2760/2032
f 2956/2760/2032 2955/2759/2031 2889/2693/1965
f 2890/2694/1966 2891/2695/1967 2957/2761/2033
f 2957/2761/2033 2956/2760/2032 2890/2694/1966
f 2892/2696/1968 2893/2697/1969 2958/2762/2034
f 2958/2762/2034 2959/2763/2035 2892/2696/1968
f 2893/2697/1969 2894/2698/1970 2960/2764/2036
f 2960/2764/2036 2958/2762/2034 2893/2697/1969
f 2894/2698/1970 2895/2699/1971 2961/2765/2037
f 2961/2765/2037 2960/2764/2036 2894/2698/1970
f 2895/2699/1971 2896/2700/1972 2962/2766/2038
f 2962/2766/2038 2961/2765/2037 2895/2699/1971
f 2896/2700/1972 2897/2701/1973 2963/2767/2039
f 2963/2767/2039 2962/2766/2038 2896/2700/1972
f 2897/2701/1973 2898/2702/1974 2964/2768/2040
f 2964/2768/2040 2963/2767/2039 2897/2701/1973
f 2898/2702/1974 2882/2686/1958 2885/2689/1961
f 2885/2689/1961 2964/2768/2040 2898/2702/1974
f 2900/2704/1976 2899/2703/1975 2965/2769/2041
f 2965/2769/2041 2966/2770/2042 2900/2704/1976
f 2901/2705/1977 2900/2704/1976 2966/2770/2042
f 2966/2770/2042 2967/2771/2043 2901/2705/1977
f 2902/2706/1978 2901/2705/1977 2967/2771/2043
f 2967/2771/2043 2968/2772/2044 2902/2706/1978
f 2903/2707/1979 2902/2706/1978 2968/2772/2044
f 2968/2772/2044 2969/2773/2045 2903/2707/1979
f 2904/2708/1980 2903/2707/1979 2969/2773/2045
f 2969/2773/2045 2970/2774/2046 2904/2708/1980
f 2905/2709/1981 2904/2708/1980 2970/2774/2046
f 2970/2774/2046 2971/2775/2047 2905/2709/1981
f 2906/2710/1982 2905/2709/1981 2971/2775/2047
f 2971/2775/2047 2972/2776/2048 2906/2710/1982
f 2907/2711/1983 2906/2710/1982 2972/2776/2048
f 2972/2776/2048 2973/2777/2049 2907/2711/1983
f 2908/2712/1984 2909/2713/1985 2974/2778/2050
f 2974/2778/2050 2975/2779/2051 2908/2712/1984
f 2910/2714/1986 2908/2712/1984 2975/2779/2051
f 2975/2779/2051 2976/2780/2052 2910/2714/1986
f 2911/2715/1987 2910/2714/1986 2976/2780/2052
f 2976/2780/2052 2977/2781/2053 2911/2715/1987
f 2912/2716/1988 2911/2715/1987 2977/2781/2053
f 2977/2781/2053 2978/2782/2054 2912/2716/1988
f 2913/2717/1989 2912/2716/1988 2978/2782/2054
f 2978/2782/2054 2979/2783/2055 2913/2717/1989
f 2914/2718/1990 2913/2717/1989 2979/2783/2055
f 2979/2783/2055 2980/2784/2056 2914/2718/1990
f 2915/2719/1991 2914/2718/1990 2980/2784/2056
f 2980/2784/2056 2981/2785/2057 2915/2719/1991
f 2899/2703/1975 2915/2719/1991 2981/2785/2057
f 2981/2785/2057 2965/2769/2041 2899/2703/1975
f 2916/2720/1992 2917/2721/1993 2982/2786/2058
f 2982/2786/2058 2983/2787/2059 2916/2720/1992
f 2917/2721/1993 2918/2722/1994 2984/2788/2060
f 2984/2788/2060 2982/2786/2058 2917/2721/1993
f 2918/2722/1994 2919/2723/1995 2985/2789/2061
f 2985/2789/2061 2984/2788/2060 2918/2722/1994
f 2919/2723/1995 2920/2724/1996 2986/2790/2062
f 2986/2790/2062 2985/2789/2061 2919/2723/1995
f 2920/2724/1996 2921/2725/1997 2987/2791/2063
f 2987/2791/2063 2986/2790/2062 2920/2724/1996
f 2921/2725/1997 2922/2726/1998 2988/2792/2064
f 2988/2792/2064 2987/2791/2063 2921/2725/1997
f 2922/2726/1998 2923/2727/1999 2989/2793/2065
f 2989/2793/2065 2988/2792/2064 2922/2726/1998
f 2923/2727/1999 2924/2728/2000 2990/2794/2066
f 2990/2794/2066 2989/2793/2065 2923/2727/1999
f 2925/2729/2001 2926/2730/2002 2991/2795/2067
f 2991/2795/2067 2992/2796/2068 2925/2729/2001
f 2926/2730/2002 2927/2731/2003 2993/2797/2069
f 2993/2797/2069 2991/2795/2067 2926/2730/2002
f 2927/2731/2003 2928/2732/2004 2994/2798/2070
f 2994/2798/2070 2993/2797/2069 2927/2731/2003
f 2928/2732/2004 2929/2733/2005 2995/2799/2071
f 2995/2799/2071 2994/2798/2070 2928/2732/2004
f 2929/2733/2005 2930/2734/2006 2996/2800/2072
f 2996/2800/2072 2995/2799/2071 2929/2733/2005
f 2930/2734/2006 2931/2735/2007 2997/2801/2073
f 2997/2801/2073 2996/2800/2072 2930/2734/2006
f 2931/2735/2007 2916/2720/1992 2983/2787/2059
f 2983/2787/2059 2997/2801/2073 2931/2735/2007
f 2932/2736/2008 2933/2737/2009 2998/2802/2074
f 2998/2802/2074 2999/2803/2075 2932/2736/2008
f 2934/2738/2010 2932/2736/2008 2999/2803/2075
f 2999/2803/2075 3000/2804/2076 2934/2738/2010
f 2935/2739/2011 2934/2738/2010 3000/2804/2076
f 3000/2804/2076 3001/2805/2077 2935/2739/2011
f 2936/2740/2012 2935/2739/2011 3001/2805/2077
f 3001/2805/2077 3002/2806/2078 2936/2740/2012
f 2937/2741/2013 2936/2740/2012 3002/2806/2078
f 3002/2806/2078 3003/2807/2079 2937/2741/2013
f 2938/2742/2014 2937/2741/2013 3003/2807/2079
f 3003/2807/2079 3004/2808/2080 2938/2742/2014
f 2939/2743/2015 2938/2742/2014 3004/2808/2080
f 3004/2808/2080 3005/2809/2081 2939/2743/2015
f 2941/2745/2017 2940/2744/2016 3006/2810/2082
f 3006/2810/2082 3007/2811/2083 2941/2745/2017
f 2942/2746/2018 2941/2745/2017 3007/2811/2083
f 3007/2811/2083 3008/2812/2084 2942/2746/2018
f 2943/2747/2019 2942/2746/2018 3008/2812/2084
f 3008/2812/2084 3009/2813/2085 2943/2747/2019
f 2944/2748/2020 2943/2747/2019 3009/2813/2085
f 3009/2813/2085 3010/2814/2086 2944/2748/2020
f 2945/2749/2021 2944/2748/2020 3010/2814/2086
f 3010/2814/2086 3011/2815/2087 2945/2749/2021
f 2946/2750/2022 2945/2749/2021 3011/2815/2087
f 3011/2815/2087 3012/2816/2088 2946/2750/2022
f 2947/2751/2023 2946/2750/2022 3012/2816/2088
f 3012/2816/2088 3013/2817/2089 2947/2751/2023
f 2933/2737/2009 2947/2751/2023 3013/2817/2089
f 3013/2817/2089 2998/2802/2074 2933/2737/2009
f 2940/2744/2016 2948/2752/2024 3014/2818/2090
f 3014/2818/2090 3006/2810/2082 2940/2744/2016
f 2948/2752/2024 2892/2696/1968 2959/2763/2035
f 2959/2763/2035 3014/2818/2090 2948/2752/2024
f 2949/2753/2025 2907/2711/1983 2973/2777/2049
f 2973/2777/2049 3015/2819/2091 2949/2753/2025
f 2891/2695/1967 2949/2753/2025 3015/2819/2091
f 3015/2819/2091 2957/2761/2033 2891/2695/1967
f 2909/2713/1985 2950/2754/2026 3016/2820/2092
f 3016/2820/2092 2974/2778/2050 2909/2713/1985
f 2950/2754/2026 2925/2729/2001 2992/2796/2068
f 2992/2796/2068 3016/2820/2092 2950/2754/2026
f 2924/2728/2000 2951/2755/2027 3017/2821/2093
f 3017/2821/2093 2990/2794/2066 2924/2728/2000
f 2951/2755/2027 2939/2743/2015 3005/2809/2081
f 3005/2809/2081 3017/2821/2093 2951/2755/2027
f 2488/2292/1564 2543/2347/1619 2489/2293/1565
f 2488/2292/1564 2487/2291/1563 2543/2347/1619
f 2487/2291/1563 2486/2290/1562 2543/2347/1619
f 2486/2290/1562 2485/2289/1561 2543/2347/1619
f 2485/2289/1561 2483/2287/1559 2543/2347/1619
f 2483/2287/1559 2484/2288/1560 2543/2347/1619
f 2481/2285/1557 2543/2347/1619 2482/2286/1558
f 2480/2284/1556 2543/2347/1619 2481/2285/1557
f 2479/2283/1555 2543/2347/1619 2480/2284/1556
f 2478/2282/1554 2543/2347/1619 2479/2283/1555
f 2477/2281/1553 2543/2347/1619 2478/2282/1554
f 2509/2313/1585 2409/2213/1485 2405/2209/1481
f 2405/2209/1481 2523/2327/1599 2509/2313/1585
f 2523/2327/1599 2405/2209/1481 2408/2212/1484
f 2408/2212/1484 2522/2326/1598 2523/2327/1599
f 2346/2150/1422 2344/2148/1420 2543/2347/1619
f 2543/2347/1619 2477/2281/1553 2346/2150/1422
f 2344/2148/1420 2343/2147/1419 2490/2294/1566
f 2490/2294/1566 2543/2347/1619 2344/2148/1420
f 2538/2342/1614 2437/2241/1513 2440/2244/1516
f 2440/2244/1516 3018/2822/2094 2538/2342/1614
f 2440/2244/1516 2442/2246/1518 2525/2329/1601
f 2525/2329/1601 3018/2822/2094 2440/2244/1516
f 2524/2328/1600 3018/2822/2094 2525/2329/1601
f 2526/2330/1602 3018/2822/2094 2524/2328/1600
f 2527/2331/1603 3018/2822/2094 2526/2330/1602
f 2528/2332/1604 3018/2822/2094 2527/2331/1603
f 2529/2333/1605 3018/2822/2094 2528/2332/1604
f 2530/2334/1606 3018/2822/2094 2531/2335/1607
f 2532/2336/1608 3018/2822/2094 2530/2334/1606
f 2533/2337/1609 3018/2822/2094 2532/2336/1608
f 2534/2338/1610 3018/2822/2094 2533/2337/1609
f 2535/2339/1611 3018/2822/2094 2534/2338/1610
f 2536/2340/1612 3018/2822/2094 2535/2339/1611
f 2537/2341/1613 3018/2822/2094 2536/2340/1612
f 2538/2342/1614 3018/2822/2094 2537/2341/1613
f 2529/2333/1605 2542/2346/1618 3018/2822/2094
f 2513/2317/1589 2512/2316/1588 2523/2327/1599
f 2514/2318/1590 2513/2317/1589 2523/2327/1599
f 2515/2319/1591 2516/2320/1592 2523/2327/1599
f 2515/2319/1591 2523/2327/1599 2517/2321/1593
f 2517/2321/1593 2523/2327/1599 2518/2322/1594
f 2518/2322/1594 2523/2327/1599 2519/2323/1595
f 2519/2323/1595 2523/2327/1599 2520/2324/1596
f 2521/2325/1597 2520/2324/1596 2523/2327/1599
f 2522/2326/1598 2521/2325/1597 2523/2327/1599
f 2484/2288/1560 2539/2343/1615 2543/2347/1619
f 2499/2303/1575 2540/2344/1616 2543/2347/1619
f 2543/2347/1619 2492/2296/1568 2499/2303/1575
f 2540/2344/1616 2482/2286/1558 2543/2347/1619
f 2523/2327/1599 2541/2345/1617 2500/2304/1576
f 2500/2304/1576 2492/2296/1568 2523/2327/1599
f 2541/2345/1617 2523/2327/1599 2516/2320/1592
f 3018/2822/2094 2542/2346/1618 2514/2318/1590
f 2514/2318/1590 2523/2327/1599 3018/2822/2094
f 2543/2347/1619 3019/2823/2095 2492/2296/1568
f 2492/2296/1568 3019/2823/2095 2523/2327/1599
f 2523/2327/1599 3019/2823/2095 3018/2822/2094
f 2543/2347/1619 2539/2343/1615 2531/2335/1607
f 2531/2335/1607 3018/2822/2094 2543/2347/1619
f 3018/2822/2094 3019/2823/2095 2543/2347/1619
f 3020/2824/2096 3021/2825/2097 3022/2826/2098
f 3022/2826/2098 3023/2827/2099 3020/2824/2096
f 3024/2828/2100 3025/2829/2101 3026/2830/2102
f 3026/2830/2102 3027/2831/2103 3024/2828/2100
f 3028/2832/2104 3029/2833/2105 3030/2834/2103
f 3030/2834/2103 3031/2835/2102 3028/2832/2104
f 3032/2836/556 3033/2837/2104 3034/2838/2102
f 3034/2838/2102 3035/2839/2106 3032/2836/556
f 3036/2840/2105 3037/2841/561 3038/2842/2107
f 3038/2842/2107 3039/2843/2103 3036/2840/2105
f 3040/2844/2099 3041/2845/2098 3042/2846/2108
f 3042/2846/2108 3043/2847/2109 3040/2844/2099
f 3043/2847/2109 3042/2846/2108 3029/2833/2105
f 3029/2833/2105 3028/2832/2104 3043/2847/2109
f 3044/2848/2110 3045/2849/2099 3046/2850/2109
f 3046/2850/2109 3047/2851/556 3044/2848/2110
f 3047/2851/556 3046/2850/2109 3033/2837/2104
f 3033/2837/2104 3032/2836/556 3047/2851/556
f 3048/2852/2098 3049/2853/2111 3050/2854/561
f 3050/2854/561 3051/2855/2108 3048/2852/2098
f 3051/2855/2108 3050/2854/561 3037/2841/561
f 3037/2841/561 3036/2840/2105 3051/2855/2108
