# Blender 4.0.2
# www.blender.org
mtllib Kühlschrank Tür.mtl
o Plane.019
v -0.023025 1.113049 -2.488811
v -0.023016 1.173648 -2.494777
v -0.053655 1.174407 -2.526208
v -0.053665 1.113038 -2.519546
v -0.023023 1.143503 -2.490220
v -0.044765 1.143661 -2.499299
v -0.044702 1.175433 -2.504360
v -0.053662 1.142861 -2.521182
v -0.044709 1.112874 -2.497837
v 0.040100 1.322490 -2.528423
v 0.038093 1.352416 -2.566145
v 0.038663 1.343651 -2.542282
v -0.022988 1.258812 -2.514081
v -0.053627 1.260725 -2.545764
v -0.044672 1.260165 -2.523558
v 0.022503 1.320174 -2.527923
v 0.014361 1.349292 -2.565500
v 0.016727 1.340763 -2.541668
v 0.007950 1.314147 -2.526578
v -0.007756 1.340132 -2.563503
v -0.003174 1.332521 -2.539842
v -0.004655 1.304477 -2.524405
v -0.026750 1.325560 -2.560285
v -0.020297 1.319385 -2.536906
v -0.014421 1.291755 -2.521535
v -0.041328 1.306571 -2.556060
v -0.033466 1.302231 -2.533054
v -0.020611 1.276822 -2.518159
v -0.050495 1.284456 -2.551108
v -0.041761 1.282220 -2.528545
v -0.022986 0.072545 -2.515939
v -0.003159 0.052613 -2.516430
v -0.017178 0.058451 -2.516298
v -0.053624 0.041511 -2.547500
v -0.034146 0.021939 -2.547982
v -0.047919 0.027672 -2.547853
v -0.044669 0.050685 -2.525542
v -0.025008 0.030923 -2.526029
v -0.038910 0.036711 -2.525898
v -0.003199 1.113049 -2.488783
v -0.003197 1.143503 -2.490191
v -0.003190 1.173647 -2.494748
v -0.003159 0.072545 -2.515910
v 0.016527 1.258812 -2.514023
v 0.098140 1.143722 -2.549232
v -0.053640 0.465753 -2.536433
v 0.046860 1.143722 -2.549306
v 0.046860 1.203312 -2.549306
v 0.098140 1.203312 -2.549232
v 0.103872 1.261580 -2.549223
v 0.048903 1.219090 -2.549303
v 0.054476 1.232869 -2.549295
v 0.063343 1.244701 -2.549282
v 0.074898 1.253780 -2.549265
v 0.088355 1.259488 -2.549246
v -0.032268 1.248525 -2.611313
v -0.027973 0.046484 -2.611306
v 0.051595 1.332821 -2.611192
v 0.029718 1.329925 -2.611223
v 0.009558 1.321532 -2.611252
v -0.007754 1.308181 -2.611277
v -0.021037 1.290782 -2.611296
v -0.029388 1.270520 -2.611309
v -0.032268 1.143722 -2.611313
v 0.114380 0.111976 -2.549208
v -0.030748 0.754712 -2.611310
v 0.088541 0.117074 -2.549246
v 0.066636 0.131593 -2.549277
v 0.051999 0.153321 -2.549299
v 0.043729 1.240300 -2.619916
v 0.036658 1.245665 -2.613456
v 0.048764 1.236650 -2.615274
v 0.043098 1.222505 -2.615028
v 0.041068 1.206427 -2.615072
v 0.041125 1.143722 -2.615403
v 0.098676 1.265982 -2.615480
v 0.083008 1.263825 -2.615387
v 0.069401 1.257981 -2.615313
v 0.057721 1.248712 -2.615276
v 0.041210 0.172262 -2.613624
v 0.046321 0.147036 -2.614170
v 0.060585 0.125809 -2.614246
v 0.081888 0.111599 -2.614031
v 0.107576 0.106458 -2.613080
v 0.037140 1.225992 -2.619891
v 0.029394 1.230695 -2.613431
v 0.034956 1.143722 -2.620078
v 0.027205 1.143722 -2.613732
v 0.094984 1.270160 -2.619915
v 0.089958 1.276815 -2.613542
v 0.078966 1.268014 -2.619899
v 0.073373 1.274575 -2.613490
v 0.064975 1.262083 -2.619892
v 0.058790 1.268378 -2.613452
v 0.040543 0.139578 -2.619507
v 0.032943 0.129149 -2.612360
v 0.053776 0.119747 -2.619539
v 0.044646 0.111623 -2.612518
v 0.073605 0.106512 -2.619439
v 0.062166 0.099917 -2.612232
v 0.082844 0.093081 -2.611924
v 0.096618 0.100105 -2.619301
v 0.027209 1.213708 -2.613486
v 0.035003 1.209574 -2.619926
v 0.046267 1.258517 -2.613440
v 0.052957 1.252631 -2.619898
v 0.027614 0.149832 -2.612085
v 0.035115 0.162816 -2.619404
v -0.005855 1.233318 -2.605369
v -0.014085 1.238093 -2.611286
v -0.011463 1.258637 -2.611283
v -0.003272 1.253140 -2.605299
v -0.003838 1.277346 -2.611272
v 0.004147 1.271098 -2.605307
v 0.008302 1.293436 -2.611254
v 0.015831 1.286509 -2.605274
v 0.024125 1.305821 -2.611231
v 0.031057 1.298330 -2.605233
v 0.042560 1.313658 -2.611204
v 0.048786 1.305757 -2.605186
v -0.005868 1.143722 -2.605532
v -0.013972 1.143722 -2.611286
v 0.068355 1.308361 -2.605270
v 0.062818 1.316453 -2.611175
v -0.012103 0.070625 -2.611284
v -0.004302 0.083814 -2.605367
v 0.012069 0.067351 -2.605331
v -0.001979 0.060652 -2.611269
v -0.003016 0.077530 -2.605450
v -0.011191 0.066970 -2.611282
v 0.000491 0.072252 -2.605466
v -0.008941 0.063740 -2.611279
v 0.005763 0.068739 -2.605446
v -0.005690 0.061513 -2.611274
v 0.034247 1.247540 -2.603123
v 0.028124 1.252324 -2.595509
v 0.007197 1.268703 -2.597874
v 0.013395 1.263847 -2.593303
v 0.026975 1.232348 -2.603158
v 0.020745 1.236622 -2.595547
v -0.000221 1.251035 -2.597899
v 0.006079 1.246701 -2.593370
v 0.024746 1.143722 -2.603524
v 0.018723 1.143722 -2.596129
v 0.003374 1.143722 -2.593844
v -0.002742 1.143722 -2.598143
v 0.088361 1.279128 -2.603323
v 0.084064 1.285390 -2.595697
v 0.074672 1.299107 -2.593758
v 0.070342 1.305442 -2.598077
v 0.071554 1.276864 -2.603232
v 0.066731 1.282970 -2.595517
v 0.051059 1.302860 -2.597882
v 0.055923 1.296680 -2.593397
v 0.056738 1.270580 -2.603158
v 0.051380 1.276357 -2.595472
v 0.033636 1.295533 -2.597866
v 0.039044 1.289682 -2.593292
v 0.003532 1.227739 -2.593643
v -0.002753 1.231471 -2.598011
v 0.018675 1.283882 -2.597871
v 0.024537 1.278483 -2.593286
v -0.001270 0.090109 -2.597839
v 0.004513 0.102089 -2.593187
v 0.006734 0.091555 -2.593184
v 0.000463 0.082541 -2.597779
v 0.012413 0.082900 -2.593176
v 0.004787 0.076093 -2.597754
v 0.021017 0.077182 -2.593163
v 0.011241 0.071774 -2.597753
v 0.031587 0.074454 -2.593148
v 0.018805 0.069804 -2.597802
v 0.030255 0.125311 -2.601573
v 0.024057 0.116427 -2.594181
v 0.041343 0.108691 -2.601772
v 0.033815 0.101987 -2.594394
v 0.057952 0.097596 -2.601412
v 0.048319 0.092276 -2.594197
v 0.065194 0.086672 -2.595140
v 0.077575 0.091170 -2.601969
v 0.018552 1.218829 -2.595665
v 0.024756 1.215154 -2.603217
v 0.038213 1.265904 -2.595470
v 0.044012 1.260578 -2.603121
v 0.019556 0.133209 -2.595146
v 0.025236 0.144943 -2.601989
v 0.054556 1.232921 -2.604399
v 0.048982 1.219135 -2.604258
v 0.063423 1.244759 -2.604388
v 0.046939 1.203305 -2.604312
v 0.046940 1.143722 -2.604695
v -0.029616 0.465690 -2.611309
v 0.114457 0.111624 -2.602315
v 0.103952 1.261646 -2.604517
v 0.088435 1.259552 -2.604521
v 0.074978 1.253843 -2.604407
v 0.052077 0.152969 -2.603247
v 0.066714 0.131241 -2.603316
v 0.088619 0.116723 -2.603075
v 0.038151 1.352416 -2.605947
v 0.041298 1.347837 -2.611206
v 0.039076 1.351075 -2.609668
v -0.050415 1.284456 -2.606075
v -0.045636 1.281293 -2.611332
v -0.049012 1.283530 -2.609795
v -0.048656 1.257928 -2.611336
v -0.053540 1.260725 -2.606079
v -0.052106 1.259906 -2.609800
v -0.041255 1.306571 -2.606061
v -0.036687 1.303007 -2.611319
v -0.039914 1.305527 -2.609782
v -0.026684 1.325560 -2.606040
v -0.022402 1.321635 -2.611299
v -0.025427 1.324410 -2.609761
v -0.007694 1.340132 -2.606013
v -0.003761 1.335898 -2.611272
v -0.006539 1.338891 -2.609734
v 0.014420 1.349292 -2.605981
v 0.017953 1.344826 -2.611240
v 0.015458 1.347983 -2.609702
v -0.048615 1.143722 -2.611336
v -0.053540 1.143722 -2.606079
v -0.052094 1.143722 -2.609800
v -0.048602 0.043291 -2.611336
v -0.053498 0.040193 -2.606185
v -0.052090 0.041983 -2.609800
v -0.043812 0.031673 -2.611330
v -0.047819 0.026419 -2.606177
v -0.046667 0.028829 -2.609792
v -0.033071 0.027204 -2.611314
v -0.034116 0.020717 -2.606157
v -0.033815 0.023481 -2.609773
v -0.011049 0.801325 -2.586745
v -0.011049 0.933002 -2.586745
v 0.034109 0.801325 -2.586680
v 0.034109 0.933002 -2.586680
v -0.011021 0.824923 -2.605581
v -0.011021 0.861303 -2.605581
v 0.034136 0.861303 -2.605516
v 0.034136 0.824923 -2.605516
v -0.011016 0.827289 -2.609117
v -0.011016 0.858937 -2.609117
v 0.034141 0.858937 -2.609052
v 0.034141 0.827289 -2.609052
v -0.011021 0.808846 -2.605581
v -0.011032 0.801325 -2.598060
v -0.011025 0.803528 -2.603378
v -0.011032 0.933002 -2.598060
v -0.011021 0.925482 -2.605581
v -0.011025 0.930799 -2.603378
v 0.034125 0.801325 -2.597995
v 0.034136 0.808846 -2.605516
v 0.034133 0.803528 -2.603313
v 0.034136 0.925482 -2.605516
v 0.034125 0.933002 -2.597995
v 0.034133 0.930799 -2.603313
v 0.564050 1.113049 -2.487962
v 0.564058 1.173648 -2.493928
v 0.594788 1.174407 -2.525270
v 0.594778 1.113038 -2.518608
v 0.564052 1.143503 -2.489371
v 0.585820 1.143661 -2.498387
v 0.585772 1.175433 -2.503448
v 0.594781 1.142861 -2.520244
v 0.585760 1.112874 -2.496925
v 0.501039 1.322490 -2.527756
v 0.503155 1.352416 -2.565472
v 0.502517 1.343651 -2.541611
v 0.564086 1.258812 -2.513232
v 0.594816 1.260725 -2.544826
v 0.585797 1.260165 -2.522646
v 0.518636 1.320174 -2.527206
v 0.526886 1.349292 -2.564759
v 0.524451 1.340763 -2.540934
v 0.533184 1.314147 -2.525819
v 0.548997 1.340132 -2.562698
v 0.544347 1.332521 -2.539051
v 0.545783 1.304477 -2.523609
v 0.567982 1.325560 -2.559425
v 0.561461 1.319385 -2.536065
v 0.555540 1.291755 -2.520711
v 0.582547 1.306571 -2.555158
v 0.574618 1.302231 -2.532175
v 0.561721 1.276822 -2.517317
v 0.591700 1.284456 -2.550179
v 0.582900 1.282220 -2.527641
v 0.270624 1.352416 -2.565799
v 0.270570 1.322490 -2.528090
v 0.270590 1.343651 -2.541944
v 0.270552 0.052613 -2.516034
v 0.270598 0.021939 -2.547541
v 0.270566 0.030923 -2.525601
v 0.270521 1.173647 -2.494352
v 0.270512 1.113049 -2.488387
v 0.270514 1.143503 -2.489795
v 0.564089 0.072545 -2.515090
v 0.544263 0.052613 -2.515638
v 0.558282 0.058451 -2.515466
v 0.594819 0.041511 -2.546562
v 0.575342 0.021939 -2.547101
v 0.589114 0.027672 -2.546932
v 0.585800 0.050685 -2.524630
v 0.566141 0.030923 -2.525174
v 0.580042 0.036711 -2.525003
v 0.270552 0.072545 -2.515515
v 0.544223 1.113049 -2.487991
v 0.544225 1.143503 -2.489399
v 0.544232 1.173647 -2.493956
v 0.544263 0.072545 -2.515119
v 0.524570 1.258812 -2.513289
v 0.270549 1.258812 -2.513656
v 0.270600 1.143722 -2.548982
v 0.098140 0.758525 -2.549232
v 0.270600 0.111976 -2.548982
v 0.270600 1.261580 -2.548982
v 0.270600 1.203312 -2.548982
v 0.443060 1.143722 -2.548733
v 0.443060 0.180476 -2.548733
v 0.494340 1.143722 -2.548659
v 0.494340 1.203312 -2.548659
v 0.443060 1.203312 -2.548733
v 0.437328 1.261580 -2.548741
v 0.492297 1.219090 -2.548662
v 0.486724 1.232869 -2.548670
v 0.477857 1.244701 -2.548683
v 0.466302 1.253780 -2.548699
v 0.452845 1.259488 -2.548719
v 0.270690 1.332821 -2.610874
v 0.573647 1.248525 -2.610436
v 0.569351 0.046484 -2.610443
v 0.489784 1.332821 -2.610558
v 0.511661 1.329925 -2.610526
v 0.531821 1.321532 -2.610497
v 0.549133 1.308181 -2.610472
v 0.562416 1.290782 -2.610453
v 0.570767 1.270520 -2.610440
v 0.573647 1.143722 -2.610436
v 0.270689 0.042203 -2.610874
v 0.426820 0.111976 -2.548756
v 0.098140 0.469500 -2.549232
v 0.452659 0.117074 -2.548719
v 0.474564 0.131593 -2.548687
v 0.489201 0.153321 -2.548666
v 0.497675 1.240300 -2.619260
v 0.504728 1.245665 -2.612778
v 0.492627 1.236650 -2.614633
v 0.498292 1.222505 -2.614369
v 0.500322 1.206427 -2.614407
v 0.500266 1.143722 -2.614739
v 0.270695 0.106432 -2.614981
v 0.270697 1.265995 -2.615989
v 0.442716 1.265982 -2.614983
v 0.458383 1.263825 -2.614844
v 0.471990 1.257981 -2.614731
v 0.483669 1.248712 -2.614660
v 0.500176 0.172262 -2.612960
v 0.495067 0.147036 -2.613521
v 0.480803 0.125809 -2.613638
v 0.459499 0.111599 -2.613485
v 0.433808 0.106458 -2.612608
v 0.504264 1.225992 -2.619215
v 0.511991 1.230695 -2.612733
v 0.506449 1.143722 -2.619396
v 0.514182 1.143722 -2.613028
v 0.270693 0.092667 -2.613480
v 0.270702 0.099898 -2.619797
v 0.446420 1.270160 -2.619407
v 0.451428 1.276815 -2.613020
v 0.462439 1.268014 -2.619344
v 0.468013 1.274575 -2.612920
v 0.476429 1.262083 -2.619297
v 0.482595 1.268378 -2.612839
v 0.500860 0.139578 -2.618841
v 0.508439 0.129149 -2.611673
v 0.487627 0.119747 -2.618912
v 0.496737 0.111623 -2.611864
v 0.467798 0.106512 -2.618869
v 0.479216 0.099917 -2.611629
v 0.458537 0.093081 -2.611381
v 0.444785 0.100105 -2.618797
v 0.514177 1.213708 -2.612782
v 0.506401 1.209574 -2.619244
v 0.270703 1.270151 -2.619924
v 0.270694 1.276815 -2.613672
v 0.495118 1.258517 -2.612791
v 0.488447 1.252631 -2.619268
v 0.513767 0.149832 -2.611382
v 0.506288 0.162815 -2.618723
v 0.547217 1.233318 -2.604569
v 0.555464 1.238093 -2.610463
v 0.552842 1.258637 -2.610466
v 0.544634 1.253140 -2.604506
v 0.545217 1.277346 -2.610477
v 0.537215 1.271098 -2.604536
v 0.533077 1.293436 -2.610495
v 0.525530 1.286509 -2.604537
v 0.517254 1.305821 -2.610518
v 0.510304 1.298330 -2.604540
v 0.498819 1.313658 -2.610545
v 0.492575 1.305757 -2.604544
v 0.547230 1.143722 -2.604732
v 0.555351 1.143722 -2.610463
v 0.270690 0.058872 -2.611062
v 0.270682 0.065783 -2.605795
v 0.270681 1.308359 -2.605220
v 0.270690 1.316491 -2.610876
v 0.473007 1.308361 -2.604684
v 0.478561 1.316453 -2.610574
v 0.553482 0.070625 -2.610466
v 0.545664 0.083814 -2.604572
v 0.529292 0.067351 -2.604583
v 0.543358 0.060652 -2.610480
v 0.544378 0.077530 -2.604658
v 0.552570 0.066970 -2.610467
v 0.540871 0.072251 -2.604685
v 0.550319 0.063740 -2.610470
v 0.535599 0.068739 -2.604680
v 0.547068 0.061513 -2.610475
v 0.507109 1.247540 -2.602439
v 0.513210 1.252324 -2.594807
v 0.534143 1.268703 -2.597112
v 0.527932 1.263847 -2.592559
v 0.514381 1.232348 -2.602453
v 0.520589 1.236622 -2.594824
v 0.541561 1.251035 -2.597116
v 0.535248 1.246701 -2.592605
v 0.516611 1.143722 -2.602813
v 0.522612 1.143722 -2.595401
v 0.537954 1.143722 -2.593071
v 0.544083 1.143722 -2.597353
v 0.270668 0.085999 -2.596167
v 0.270679 0.090671 -2.603341
v 0.270671 0.068346 -2.598348
v 0.270665 0.073192 -2.594050
v 0.452996 1.279128 -2.602795
v 0.457270 1.285390 -2.595158
v 0.466656 1.299107 -2.593191
v 0.470999 1.305442 -2.597497
v 0.469802 1.276864 -2.602656
v 0.474602 1.282970 -2.594927
v 0.490282 1.302860 -2.597246
v 0.485404 1.296680 -2.592776
v 0.484618 1.270580 -2.602539
v 0.489954 1.276357 -2.594838
v 0.507705 1.295533 -2.597180
v 0.502283 1.289682 -2.592622
v 0.270665 1.299075 -2.593758
v 0.270671 1.305444 -2.598048
v 0.537796 1.227739 -2.592870
v 0.544093 1.231471 -2.597220
v 0.522665 1.283882 -2.597142
v 0.516790 1.278483 -2.592574
v 0.542610 0.090109 -2.597053
v 0.536814 0.102089 -2.592417
v 0.534592 0.091555 -2.592421
v 0.540877 0.082541 -2.596998
v 0.528913 0.082900 -2.592429
v 0.536553 0.076093 -2.596985
v 0.520310 0.077182 -2.592441
v 0.530099 0.071773 -2.597002
v 0.509740 0.074454 -2.592457
v 0.522535 0.069804 -2.597073
v 0.511096 0.125311 -2.600877
v 0.517272 0.116427 -2.593467
v 0.500009 0.108691 -2.601108
v 0.507515 0.101987 -2.593709
v 0.483398 0.097596 -2.600797
v 0.493011 0.092276 -2.593554
v 0.476138 0.086672 -2.594546
v 0.463778 0.091170 -2.601410
v 0.522782 1.218829 -2.594936
v 0.516599 1.215154 -2.602506
v 0.270679 1.279126 -2.603552
v 0.270668 1.285422 -2.595928
v 0.503121 1.265904 -2.594797
v 0.497343 1.260578 -2.602465
v 0.521777 0.133209 -2.594420
v 0.516116 0.144943 -2.601279
v 0.486803 1.232921 -2.603774
v 0.492377 1.219135 -2.603617
v 0.477937 1.244759 -2.603789
v 0.494420 1.203305 -2.603665
v 0.494420 1.143722 -2.604048
v 0.270526 0.754690 -2.497730
v 0.426897 0.111624 -2.601863
v 0.270680 0.111624 -2.604443
v 0.270681 1.261646 -2.605245
v 0.437408 1.261646 -2.604035
v 0.452925 1.259552 -2.603993
v 0.466381 1.253843 -2.603841
v 0.489279 0.152969 -2.602615
v 0.474642 0.131241 -2.602726
v 0.452737 0.116723 -2.602548
v 0.503213 1.352416 -2.605274
v 0.500081 1.347837 -2.610543
v 0.502299 1.351075 -2.608998
v 0.270690 1.347811 -2.610874
v 0.270682 1.352416 -2.605610
v 0.270687 1.351067 -2.609333
v 0.270682 0.020717 -2.605716
v 0.270689 0.027204 -2.610874
v 0.270687 0.023481 -2.609333
v 0.591779 1.284456 -2.605146
v 0.587015 1.281293 -2.610417
v 0.590387 1.283530 -2.608870
v 0.590035 1.257928 -2.610413
v 0.594903 1.260725 -2.605141
v 0.593481 1.259906 -2.608866
v 0.582619 1.306571 -2.605159
v 0.578066 1.303007 -2.610430
v 0.581289 1.305527 -2.608883
v 0.568048 1.325560 -2.605180
v 0.563781 1.321635 -2.610451
v 0.566801 1.324410 -2.608904
v 0.549058 1.340132 -2.605208
v 0.545140 1.335898 -2.610478
v 0.547914 1.338891 -2.608932
v 0.526944 1.349292 -2.605240
v 0.523426 1.344826 -2.610509
v 0.525917 1.347983 -2.608963
v 0.589994 1.143722 -2.610413
v 0.594903 1.143722 -2.605141
v 0.593469 1.143722 -2.608866
v 0.589981 0.043291 -2.610413
v 0.594862 0.040193 -2.605247
v 0.593465 0.041983 -2.608866
v 0.585191 0.031673 -2.610420
v 0.589183 0.026419 -2.605256
v 0.588041 0.028829 -2.608874
v 0.574450 0.027204 -2.610435
v 0.575480 0.020717 -2.605275
v 0.575190 0.023481 -2.608892
v 0.552357 0.801325 -2.585930
v 0.552357 0.933002 -2.585930
v 0.507199 0.801325 -2.585996
v 0.507199 0.933002 -2.585996
v 0.552384 0.824923 -2.604766
v 0.552384 0.861303 -2.604766
v 0.507226 0.861303 -2.604831
v 0.507226 0.824923 -2.604831
v 0.552389 0.827289 -2.608303
v 0.552389 0.858937 -2.608303
v 0.507232 0.858937 -2.608368
v 0.507232 0.827289 -2.608368
v 0.552384 0.808846 -2.604766
v 0.552373 0.801325 -2.597245
v 0.552381 0.803528 -2.602563
v 0.552373 0.933002 -2.597245
v 0.552384 0.925482 -2.604766
v 0.552381 0.930799 -2.602563
v 0.507216 0.801325 -2.597311
v 0.507226 0.808846 -2.604831
v 0.507223 0.803528 -2.602629
v 0.507226 0.925482 -2.604831
v 0.507216 0.933002 -2.597311
v 0.507223 0.930799 -2.602629
v 0.270515 1.043616 -2.490197
v 0.098140 1.047549 -2.549232
v -0.031881 1.043734 -2.611312
v 0.270600 1.047549 -2.548982
v -0.053662 1.043605 -2.521358
v -0.023022 1.043616 -2.490622
v -0.044706 1.043441 -2.499648
v -0.003196 1.043616 -2.490593
v 0.046860 1.047505 -2.549306
v 0.041133 1.047315 -2.615229
v 0.034971 1.047046 -2.620013
v 0.027244 1.046676 -2.613574
v -0.013802 1.044421 -2.611286
v -0.005723 1.044796 -2.605517
v -0.002605 1.044976 -2.598115
v 0.003480 1.045317 -2.593783
v 0.024793 1.046537 -2.603377
v 0.018803 1.046203 -2.596036
v 0.046939 1.047496 -2.604505
v -0.048614 1.043642 -2.611336
v -0.052094 1.043605 -2.609800
v -0.053498 1.043605 -2.606185
v 0.443060 1.047549 -2.548733
v 0.573260 1.043734 -2.610437
v 0.594781 1.043605 -2.520420
v 0.564052 1.043616 -2.489773
v 0.585762 1.043441 -2.498736
v 0.544226 1.043616 -2.489801
v 0.494340 1.047505 -2.548659
v 0.500257 1.047315 -2.614565
v 0.506433 1.047046 -2.619331
v 0.514142 1.046676 -2.612869
v 0.555181 1.044421 -2.610463
v 0.547086 1.044796 -2.604717
v 0.543986 1.074266 -2.597333
v 0.537848 1.045317 -2.593010
v 0.516563 1.046537 -2.602665
v 0.522532 1.046203 -2.595307
v 0.494420 1.047496 -2.603858
v 0.589993 1.043642 -2.610413
v 0.593468 1.043605 -2.608866
v 0.594862 1.043605 -2.605247
v 0.270600 0.180476 -2.548982
v -0.044674 0.176663 -2.522256
v 0.046860 0.180432 -2.549306
v 0.035112 0.179973 -2.619416
v -0.004441 0.177724 -2.605382
v 0.004429 0.178245 -2.593235
v 0.025219 0.179465 -2.602042
v 0.046937 0.180424 -2.602766
v -0.048603 0.176569 -2.611336
v 0.585795 0.176663 -2.521344
v 0.494340 0.180432 -2.548659
v 0.506290 0.179973 -2.618734
v 0.545803 0.177724 -2.604586
v 0.536897 0.178245 -2.592465
v 0.516133 0.179465 -2.601332
v 0.494418 0.180424 -2.602119
v 0.589982 0.176569 -2.610413
v 0.270548 0.176838 -2.512795
v 0.098140 0.180476 -2.549232
v -0.028483 0.176668 -2.611307
v -0.053629 0.176827 -2.543970
v -0.022990 0.176838 -2.513220
v -0.003163 0.176838 -2.513191
v 0.041209 0.180244 -2.613638
v 0.027602 0.179605 -2.612135
v -0.012289 0.177349 -2.611284
v -0.001393 0.177904 -2.597865
v 0.019518 0.179131 -2.595191
v -0.052091 0.176532 -2.609800
v -0.053498 0.176532 -2.606185
v 0.270537 0.465764 -2.505263
v 0.569862 0.176668 -2.610442
v 0.594814 0.176827 -2.543032
v 0.564085 0.176838 -2.512371
v 0.544259 0.176838 -2.512400
v 0.500177 0.180244 -2.612975
v 0.513780 0.179605 -2.611432
v 0.553668 0.177349 -2.610465
v 0.542804 0.178245 -2.597092
v 0.521815 0.179131 -2.594464
v 0.593465 0.176532 -2.608866
v 0.594862 0.176532 -2.605247
v -0.053651 0.754679 -2.528895
v -0.023000 0.465764 -2.505687
v -0.023011 0.754690 -2.498155
v -0.003174 0.465764 -2.505659
v -0.003185 0.754690 -2.498126
v 0.041184 0.469267 -2.614169
v 0.041159 0.758291 -2.614699
v 0.027482 0.468629 -2.612614
v 0.027363 0.757652 -2.613094
v -0.012793 0.466373 -2.611284
v -0.013297 0.755397 -2.611285
v -0.001797 0.466928 -2.597948
v -0.002201 0.755952 -2.598032
v 0.019279 0.468155 -2.595473
v 0.019041 0.757179 -2.595754
v -0.052092 0.465557 -2.609800
v -0.052093 0.754581 -2.609800
v -0.053498 0.465557 -2.606185
v -0.053498 0.754581 -2.606185
v 0.570995 0.465690 -2.610440
v 0.572127 0.754712 -2.610439
v 0.594803 0.465753 -2.535495
v 0.594792 0.754679 -2.527957
v 0.564074 0.465764 -2.504838
v 0.564063 0.754690 -2.497305
v 0.544248 0.465764 -2.504867
v 0.544237 0.754690 -2.497334
v 0.500204 0.469267 -2.613505
v 0.500230 0.758291 -2.614035
v 0.513900 0.468629 -2.611911
v 0.514021 0.757652 -2.612390
v 0.554172 0.466373 -2.610465
v 0.554676 0.755397 -2.610464
v 0.543198 0.476918 -2.597172
v 0.543592 0.775592 -2.597253
v 0.522054 0.468155 -2.594745
v 0.522293 0.757179 -2.595026
v 0.593466 0.465557 -2.608866
v 0.593467 0.754581 -2.608866
v 0.594862 0.465557 -2.605247
v 0.594862 0.754581 -2.605247
v 0.270600 0.758525 -2.548982
v 0.270600 0.469500 -2.548982
v -0.044695 0.754515 -2.507184
v -0.044685 0.465589 -2.514720
v 0.046860 0.758481 -2.549306
v 0.046860 0.469457 -2.549306
v 0.035018 0.758022 -2.619814
v 0.035065 0.468997 -2.619615
v -0.005296 0.755772 -2.605472
v -0.004868 0.466748 -2.605427
v 0.003797 0.756293 -2.593600
v 0.004113 0.467269 -2.593418
v 0.024935 0.757513 -2.602932
v 0.025077 0.468489 -2.602487
v 0.046939 0.758472 -2.603925
v 0.046938 0.469448 -2.603346
v -0.048611 0.754618 -2.611336
v -0.048607 0.465594 -2.611336
v 0.585773 0.754515 -2.506272
v 0.585784 0.465589 -2.513808
v 0.494340 0.758481 -2.548659
v 0.494340 0.469457 -2.548659
v 0.506386 0.758022 -2.619132
v 0.506338 0.468997 -2.618933
v 0.546658 0.755772 -2.604674
v 0.546230 0.466748 -2.604630
v 0.537531 0.756293 -2.592828
v 0.537214 0.467269 -2.592647
v 0.516420 0.757513 -2.602221
v 0.516276 0.468489 -2.601777
v 0.494419 0.758472 -2.603278
v 0.494418 0.469448 -2.602699
v 0.589989 0.754618 -2.610413
v 0.589986 0.465594 -2.610413
v 0.443060 0.469500 -2.548733
v 0.443060 0.758525 -2.548733
v 0.030898 1.222249 -2.588876
v 0.072985 1.271348 -2.573397
v 0.037814 1.248078 -2.585696
v 0.056710 1.266986 -2.577810
v 0.072985 0.105584 -2.573397
v 0.030898 0.154683 -2.588876
v 0.056710 0.109947 -2.577810
v 0.037814 0.128855 -2.585696
v 0.066260 1.222249 -2.571274
v 0.066260 0.154683 -2.571274
v 0.224505 1.273906 -2.558482
v 0.089505 1.272133 -2.567918
v 0.224508 0.103026 -2.560023
v 0.089504 0.104800 -2.567491
v 0.089615 1.222249 -2.564343
v 0.224497 1.222249 -2.552950
v 0.089615 0.154683 -2.564343
v 0.224497 0.154683 -2.552950
v 0.175678 1.273906 -2.560076
v 0.175679 0.103026 -2.560825
v 0.175671 1.222249 -2.555661
v 0.175671 0.154683 -2.555660
v 0.030898 0.452876 -2.588876
v 0.063436 0.452876 -2.572346
v 0.224497 0.452876 -2.552950
v 0.089678 0.452876 -2.564570
v 0.175671 0.452876 -2.555661
v 0.030898 0.710567 -2.588876
v 0.224497 0.710567 -2.552950
v 0.089678 0.710567 -2.564570
v 0.175671 0.710567 -2.555661
v 0.063436 0.710567 -2.572346
v 0.030898 0.989699 -2.588876
v 0.224497 0.989699 -2.552950
v 0.089678 0.989699 -2.564570
v 0.175671 0.989699 -2.555661
v 0.063436 0.989699 -2.572346
v 0.132589 1.273019 -2.562868
v 0.132590 0.103913 -2.563254
v 0.132641 1.222249 -2.558336
v 0.132641 0.154683 -2.558336
v 0.132672 0.452876 -2.558450
v 0.132672 0.710567 -2.558450
v 0.132672 0.989699 -2.558450
v 0.510417 1.222249 -2.588182
v 0.468285 1.271348 -2.572825
v 0.503491 1.248078 -2.585022
v 0.484572 1.266986 -2.577191
v 0.468285 0.105584 -2.572825
v 0.510417 0.154683 -2.588182
v 0.484572 0.109947 -2.577191
v 0.503491 0.128855 -2.585022
v 0.270614 1.273906 -2.558415
v 0.270616 0.103026 -2.559956
v 0.270606 1.222249 -2.552883
v 0.475004 1.222249 -2.570682
v 0.270606 0.154683 -2.552883
v 0.475004 0.154683 -2.570682
v 0.316722 1.273906 -2.558349
v 0.451749 1.272133 -2.567394
v 0.316724 0.103026 -2.559890
v 0.451749 0.104800 -2.566967
v 0.451628 1.222249 -2.563819
v 0.316714 1.222249 -2.552816
v 0.451628 0.154683 -2.563819
v 0.316714 0.154683 -2.552816
v 0.365554 1.273906 -2.559802
v 0.365555 0.103026 -2.560550
v 0.365548 1.222249 -2.555386
v 0.365548 0.154683 -2.555386
v 0.510417 0.452876 -2.588182
v 0.270606 0.452876 -2.552883
v 0.477831 0.452876 -2.571747
v 0.316714 0.452876 -2.552816
v 0.451566 0.452876 -2.564047
v 0.365548 0.452876 -2.555386
v 0.510417 0.710567 -2.588182
v 0.316714 0.710567 -2.552816
v 0.451566 0.710567 -2.564047
v 0.365548 0.710567 -2.555386
v 0.270606 0.710567 -2.552883
v 0.477831 0.710567 -2.571747
v 0.510417 0.989699 -2.588182
v 0.316714 0.989699 -2.552816
v 0.451566 0.989699 -2.564047
v 0.365548 0.989699 -2.555386
v 0.270606 0.989699 -2.552883
v 0.477831 0.989699 -2.571747
v 0.408650 1.273019 -2.562469
v 0.408651 0.103913 -2.562855
v 0.408585 1.222249 -2.557937
v 0.408585 0.154683 -2.557937
v 0.408554 0.452876 -2.558051
v 0.408554 0.710567 -2.558051
v 0.408554 0.989699 -2.558051
v 0.031749 0.992676 -2.609480
v 0.031749 0.970233 -2.609480
v 0.043710 0.960710 -2.552634
v 0.050772 0.970233 -2.552624
v 0.045778 0.967443 -2.552631
v 0.050772 0.992865 -2.552624
v 0.043710 1.002199 -2.552634
v 0.045778 0.995495 -2.552631
v 0.050852 0.976880 -2.607850
v 0.050845 0.970233 -2.603144
v 0.050850 0.972180 -2.606472
v 0.043783 0.960710 -2.603154
v 0.039392 0.964190 -2.609469
v 0.042499 0.961729 -2.606484
v 0.045851 0.967443 -2.603151
v 0.041743 0.971801 -2.609466
v 0.044650 0.968720 -2.606481
v 0.039392 0.998719 -2.609469
v 0.043783 1.002199 -2.603154
v 0.042499 1.001179 -2.606484
v 0.050845 0.992865 -2.603144
v 0.050852 0.986118 -2.607850
v 0.050850 0.990890 -2.606472
v 0.045851 0.995495 -2.603151
v 0.041743 0.991107 -2.609466
v 0.044650 0.994196 -2.606481
v 0.246179 0.970233 -2.552341
v 0.221753 0.970325 -2.552376
v 0.197327 0.970233 -2.552412
v 0.172901 0.970325 -2.552447
v 0.148476 0.970233 -2.552482
v 0.124050 0.970325 -2.552518
v 0.099624 0.970233 -2.552553
v 0.075198 0.970311 -2.552588
v 0.075278 0.977305 -2.607814
v 0.124130 0.977328 -2.607744
v 0.172981 0.977325 -2.607673
v 0.221833 0.977323 -2.607602
v 0.246259 0.976872 -2.607567
v 0.246257 0.972177 -2.606189
v 0.221831 0.972350 -2.606224
v 0.197405 0.972178 -2.606260
v 0.172979 0.972351 -2.606295
v 0.148553 0.972178 -2.606330
v 0.124128 0.972351 -2.606365
v 0.099702 0.972179 -2.606401
v 0.075276 0.972335 -2.606436
v 0.246252 0.970233 -2.602862
v 0.221826 0.970325 -2.602897
v 0.197400 0.970233 -2.602932
v 0.172974 0.970325 -2.602968
v 0.148549 0.970233 -2.603003
v 0.124123 0.970325 -2.603038
v 0.099697 0.970233 -2.603074
v 0.075271 0.970311 -2.603109
v 0.270605 0.970325 -2.552306
v 0.509625 0.992676 -2.608789
v 0.509625 0.970233 -2.608789
v 0.497500 0.960710 -2.551978
v 0.490438 0.970233 -2.551988
v 0.495431 0.967443 -2.551980
v 0.490438 0.992865 -2.551988
v 0.497500 1.002199 -2.551978
v 0.495431 0.995495 -2.551980
v 0.270678 0.970325 -2.602826
v 0.270685 0.977321 -2.607532
v 0.270683 0.972349 -2.606153
v 0.490518 0.976880 -2.607214
v 0.490511 0.970233 -2.602508
v 0.490516 0.972180 -2.605836
v 0.497573 0.960710 -2.602498
v 0.501983 0.964190 -2.608800
v 0.498867 0.961729 -2.605824
v 0.495504 0.967443 -2.602501
v 0.499632 0.971801 -2.608804
v 0.496715 0.968720 -2.605827
v 0.501983 0.998719 -2.608800
v 0.497573 1.002199 -2.602498
v 0.498867 1.001179 -2.605824
v 0.490511 0.992865 -2.602508
v 0.490518 0.986118 -2.607214
v 0.490516 0.990890 -2.605836
v 0.495504 0.995495 -2.602501
v 0.499632 0.991107 -2.608804
v 0.496715 0.994196 -2.605827
v 0.295031 0.970233 -2.552270
v 0.319457 0.970325 -2.552235
v 0.343883 0.970233 -2.552200
v 0.368308 0.970325 -2.552164
v 0.392734 0.970233 -2.552129
v 0.417160 0.970325 -2.552094
v 0.441586 0.970233 -2.552058
v 0.466012 0.970311 -2.552023
v 0.466092 0.977305 -2.607249
v 0.417240 0.977328 -2.607320
v 0.368388 0.977325 -2.607390
v 0.319537 0.977323 -2.607461
v 0.295109 0.972177 -2.606118
v 0.319535 0.972350 -2.606083
v 0.343960 0.972178 -2.606048
v 0.368386 0.972351 -2.606012
v 0.392812 0.972178 -2.605977
v 0.417238 0.972351 -2.605942
v 0.441664 0.972179 -2.605906
v 0.466090 0.972335 -2.605871
v 0.295104 0.970233 -2.602791
v 0.319530 0.970325 -2.602756
v 0.343956 0.970233 -2.602720
v 0.368382 0.970325 -2.602685
v 0.392807 0.970233 -2.602650
v 0.417233 0.970325 -2.602614
v 0.441659 0.970233 -2.602579
v 0.466085 0.970311 -2.602544
v 0.080686 0.998828 -2.552580
v 0.069520 0.999995 -2.552597
v 0.075148 1.001278 -2.552588
v 0.107756 0.990487 -2.552541
v 0.091492 0.990475 -2.552565
v 0.099624 0.989021 -2.552553
v 0.129538 0.998842 -2.552510
v 0.118562 0.998842 -2.552526
v 0.124050 1.000935 -2.552518
v 0.156607 0.990487 -2.552471
v 0.140344 0.990487 -2.552494
v 0.148476 0.989021 -2.552482
v 0.178390 0.998842 -2.552439
v 0.167413 0.998842 -2.552455
v 0.172901 1.000935 -2.552447
v 0.205459 0.990487 -2.552400
v 0.189195 0.990487 -2.552423
v 0.197327 0.989021 -2.552412
v 0.227241 0.998842 -2.552368
v 0.216265 0.998842 -2.552384
v 0.221753 1.000935 -2.552376
v 0.254311 0.990487 -2.552329
v 0.238047 0.990487 -2.552353
v 0.246179 0.989021 -2.552341
v 0.069591 0.999994 -2.603117
v 0.080763 0.998825 -2.603101
v 0.075222 1.001277 -2.603109
v 0.091559 0.990477 -2.603085
v 0.107835 0.990489 -2.603062
v 0.099697 0.989022 -2.603074
v 0.118631 0.998839 -2.603046
v 0.129614 0.998839 -2.603030
v 0.124123 1.000934 -2.603038
v 0.140411 0.990489 -2.603015
v 0.156686 0.990489 -2.602991
v 0.148549 0.989022 -2.603003
v 0.167483 0.998839 -2.602976
v 0.178466 0.998839 -2.602960
v 0.172974 1.000934 -2.602968
v 0.189263 0.990489 -2.602944
v 0.205538 0.990489 -2.602921
v 0.197400 0.989022 -2.602932
v 0.216335 0.998839 -2.602905
v 0.227318 0.998839 -2.602889
v 0.221826 1.000934 -2.602897
v 0.238114 0.990489 -2.602873
v 0.254390 0.990489 -2.602850
v 0.246252 0.989022 -2.602862
v 0.238103 0.988478 -2.606201
v 0.254410 0.988478 -2.606177
v 0.246257 0.987045 -2.606189
v 0.216378 0.996682 -2.606232
v 0.227284 0.996682 -2.606216
v 0.221831 0.998327 -2.606224
v 0.189252 0.988478 -2.606271
v 0.205559 0.988478 -2.606248
v 0.197405 0.987044 -2.606260
v 0.167526 0.996681 -2.606303
v 0.178433 0.996681 -2.606287
v 0.172979 0.998326 -2.606295
v 0.140400 0.988477 -2.606342
v 0.156707 0.988477 -2.606318
v 0.148553 0.987043 -2.606330
v 0.118674 0.996681 -2.606373
v 0.129581 0.996681 -2.606358
v 0.124128 0.998326 -2.606365
v 0.091548 0.988463 -2.606413
v 0.107855 0.988476 -2.606389
v 0.099702 0.987043 -2.606401
v 0.069592 0.997879 -2.606444
v 0.080729 0.996656 -2.606428
v 0.075229 0.998670 -2.606436
v 0.238095 0.983624 -2.607579
v 0.254423 0.983625 -2.607555
v 0.246259 0.982277 -2.607567
v 0.216561 0.991537 -2.607610
v 0.227105 0.991537 -2.607595
v 0.221833 0.986171 -2.607602
v 0.221833 0.993015 -2.607602
v 0.189243 0.983622 -2.607650
v 0.205571 0.983623 -2.607626
v 0.197407 0.976912 -2.607638
v 0.197407 0.982275 -2.607638
v 0.167709 0.991534 -2.607681
v 0.178253 0.991535 -2.607666
v 0.172981 0.986169 -2.607673
v 0.172981 0.993012 -2.607673
v 0.140391 0.983620 -2.607720
v 0.156719 0.983620 -2.607697
v 0.148555 0.976914 -2.607708
v 0.148555 0.982273 -2.607708
v 0.118858 0.991532 -2.607751
v 0.129401 0.991533 -2.607736
v 0.124130 0.986167 -2.607744
v 0.124130 0.993010 -2.607744
v 0.091540 0.983605 -2.607791
v 0.107868 0.983618 -2.607767
v 0.099704 0.976916 -2.607779
v 0.099704 0.982270 -2.607779
v 0.069592 0.992775 -2.607823
v 0.080549 0.991496 -2.607807
v 0.075278 0.986128 -2.607814
v 0.075232 0.993354 -2.607815
v 0.276093 0.998842 -2.552298
v 0.265117 0.998842 -2.552314
v 0.270605 1.000935 -2.552306
v 0.265413 0.991539 -2.607539
v 0.275957 0.991539 -2.607524
v 0.270685 0.986174 -2.607532
v 0.270685 0.993017 -2.607532
v 0.265186 0.998839 -2.602834
v 0.276170 0.998839 -2.602818
v 0.270678 1.000934 -2.602826
v 0.276136 0.996683 -2.606146
v 0.265229 0.996683 -2.606161
v 0.270683 0.998328 -2.606153
v 0.471690 0.999995 -2.552015
v 0.460524 0.998828 -2.552031
v 0.466062 1.001278 -2.552023
v 0.449718 0.990475 -2.552047
v 0.433454 0.990487 -2.552070
v 0.441586 0.989021 -2.552058
v 0.422648 0.998842 -2.552086
v 0.411672 0.998842 -2.552102
v 0.417160 1.000935 -2.552094
v 0.400866 0.990487 -2.552117
v 0.384602 0.990487 -2.552141
v 0.392734 0.989021 -2.552129
v 0.373796 0.998842 -2.552156
v 0.362820 0.998842 -2.552172
v 0.368308 1.000935 -2.552164
v 0.352014 0.990487 -2.552188
v 0.335751 0.990487 -2.552212
v 0.343883 0.989021 -2.552200
v 0.324945 0.998842 -2.552227
v 0.313969 0.998842 -2.552243
v 0.319457 1.000935 -2.552235
v 0.303163 0.990487 -2.552259
v 0.286899 0.990487 -2.552282
v 0.295031 0.989021 -2.552270
v 0.460593 0.998825 -2.602552
v 0.471765 0.999994 -2.602535
v 0.466134 1.001277 -2.602544
v 0.433521 0.990489 -2.602591
v 0.449797 0.990477 -2.602567
v 0.441659 0.989022 -2.602579
v 0.411741 0.998839 -2.602622
v 0.422725 0.998839 -2.602606
v 0.417233 1.000934 -2.602614
v 0.384669 0.990489 -2.602661
v 0.400945 0.990489 -2.602638
v 0.392807 0.989022 -2.602650
v 0.362890 0.998839 -2.602693
v 0.373873 0.998839 -2.602677
v 0.368382 1.000934 -2.602685
v 0.335818 0.990489 -2.602732
v 0.352093 0.990489 -2.602709
v 0.343956 0.989022 -2.602720
v 0.314038 0.998839 -2.602764
v 0.325021 0.998839 -2.602748
v 0.319530 1.000934 -2.602756
v 0.286966 0.990489 -2.602803
v 0.303242 0.990489 -2.602779
v 0.295104 0.989022 -2.602791
v 0.286955 0.988478 -2.606130
v 0.303262 0.988478 -2.606107
v 0.295109 0.987045 -2.606118
v 0.314081 0.996682 -2.606091
v 0.324988 0.996682 -2.606075
v 0.319535 0.998327 -2.606083
v 0.335807 0.988478 -2.606059
v 0.352114 0.988478 -2.606036
v 0.343960 0.987044 -2.606048
v 0.362933 0.996681 -2.606020
v 0.373840 0.996681 -2.606004
v 0.368386 0.998326 -2.606012
v 0.384659 0.988477 -2.605989
v 0.400966 0.988477 -2.605965
v 0.392812 0.987043 -2.605977
v 0.411785 0.996681 -2.605949
v 0.422691 0.996681 -2.605934
v 0.417238 0.998326 -2.605942
v 0.433510 0.988476 -2.605918
v 0.449817 0.988463 -2.605895
v 0.441664 0.987043 -2.605906
v 0.460637 0.996656 -2.605879
v 0.471773 0.997879 -2.605863
v 0.466137 0.998670 -2.605871
v 0.286947 0.983625 -2.607508
v 0.303275 0.983624 -2.607485
v 0.295111 0.976910 -2.607497
v 0.295111 0.982277 -2.607497
v 0.314265 0.991537 -2.607469
v 0.324808 0.991537 -2.607454
v 0.319537 0.986171 -2.607461
v 0.319537 0.993015 -2.607461
v 0.335798 0.983623 -2.607438
v 0.352127 0.983622 -2.607414
v 0.343962 0.976912 -2.607426
v 0.343962 0.982275 -2.607426
v 0.363116 0.991535 -2.607398
v 0.373660 0.991534 -2.607383
v 0.368388 0.986169 -2.607390
v 0.368388 0.993012 -2.607390
v 0.384650 0.983620 -2.607367
v 0.400978 0.983620 -2.607343
v 0.392814 0.976914 -2.607355
v 0.392814 0.982273 -2.607355
v 0.411968 0.991533 -2.607327
v 0.422512 0.991532 -2.607312
v 0.417240 0.986167 -2.607320
v 0.417240 0.993010 -2.607320
v 0.433502 0.983618 -2.607296
v 0.449830 0.983605 -2.607273
v 0.441666 0.976916 -2.607285
v 0.441666 0.982270 -2.607285
v 0.460821 0.991496 -2.607257
v 0.471777 0.992775 -2.607241
v 0.466092 0.986128 -2.607249
v 0.466138 0.993354 -2.607249
v 0.031749 0.713544 -2.609480
v 0.031749 0.691100 -2.609480
v 0.043710 0.681578 -2.552634
v 0.050772 0.691100 -2.552624
v 0.045778 0.688311 -2.552631
v 0.050772 0.713544 -2.552624
v 0.043710 0.723067 -2.552634
v 0.045778 0.716333 -2.552631
v 0.050852 0.697748 -2.607850
v 0.050845 0.691100 -2.603144
v 0.050850 0.693047 -2.606472
v 0.043783 0.681578 -2.603154
v 0.039391 0.685057 -2.609469
v 0.042499 0.682597 -2.606484
v 0.045851 0.688311 -2.603151
v 0.041742 0.692669 -2.609466
v 0.044650 0.689588 -2.606481
v 0.039391 0.719587 -2.609469
v 0.043783 0.723067 -2.603154
v 0.042499 0.722047 -2.606484
v 0.050845 0.713544 -2.603144
v 0.050852 0.706896 -2.607850
v 0.050850 0.711597 -2.606472
v 0.045851 0.716333 -2.603151
v 0.041742 0.711975 -2.609466
v 0.044650 0.715056 -2.606481
v 0.270605 0.691100 -2.552306
v 0.270605 0.713544 -2.552306
v 0.509625 0.713544 -2.608789
v 0.509625 0.691100 -2.608789
v 0.497500 0.681578 -2.551978
v 0.490438 0.691100 -2.551988
v 0.495431 0.688311 -2.551980
v 0.490438 0.713544 -2.551988
v 0.497500 0.723067 -2.551978
v 0.495431 0.716333 -2.551980
v 0.270678 0.691100 -2.602826
v 0.270685 0.697738 -2.607532
v 0.270683 0.693045 -2.606153
v 0.270685 0.706906 -2.607532
v 0.270678 0.713544 -2.602826
v 0.270683 0.711599 -2.606153
v 0.490517 0.697748 -2.607214
v 0.490511 0.691100 -2.602508
v 0.490515 0.693047 -2.605836
v 0.497573 0.681578 -2.602498
v 0.501983 0.685057 -2.608800
v 0.498866 0.682597 -2.605824
v 0.495504 0.688311 -2.602501
v 0.499632 0.692669 -2.608804
v 0.496715 0.689588 -2.605827
v 0.501983 0.719587 -2.608800
v 0.497573 0.723067 -2.602498
v 0.498866 0.722047 -2.605824
v 0.490511 0.713544 -2.602508
v 0.490517 0.706896 -2.607214
v 0.490515 0.711597 -2.605836
v 0.495504 0.716333 -2.602501
v 0.499632 0.711975 -2.608804
v 0.496715 0.715056 -2.605827
v 0.031749 0.455852 -2.609480
v 0.031749 0.433409 -2.609480
v 0.043710 0.423886 -2.552634
v 0.050772 0.433409 -2.552624
v 0.045778 0.430620 -2.552631
v 0.050772 0.455852 -2.552624
v 0.043710 0.465375 -2.552634
v 0.045778 0.458642 -2.552631
v 0.050852 0.440057 -2.607850
v 0.050845 0.433409 -2.603144
v 0.050850 0.435356 -2.606472
v 0.043783 0.423886 -2.603154
v 0.039391 0.427366 -2.609469
v 0.042499 0.424906 -2.606484
v 0.045851 0.430620 -2.603151
v 0.041742 0.434978 -2.609466
v 0.044650 0.431897 -2.606481
v 0.039391 0.461896 -2.609469
v 0.043783 0.465375 -2.603154
v 0.042499 0.464356 -2.606484
v 0.050845 0.455852 -2.603144
v 0.050852 0.449205 -2.607850
v 0.050850 0.453906 -2.606472
v 0.045851 0.458642 -2.603151
v 0.041742 0.454284 -2.609466
v 0.044650 0.457365 -2.606481
v 0.270605 0.433409 -2.552306
v 0.270605 0.455852 -2.552306
v 0.509625 0.455852 -2.608789
v 0.509625 0.433409 -2.608789
v 0.497500 0.423886 -2.551978
v 0.490438 0.433409 -2.551988
v 0.495431 0.430620 -2.551980
v 0.490438 0.455852 -2.551988
v 0.497500 0.465375 -2.551978
v 0.495431 0.458642 -2.551980
v 0.270678 0.433409 -2.602826
v 0.270685 0.440047 -2.607532
v 0.270683 0.435354 -2.606153
v 0.270685 0.449215 -2.607532
v 0.270678 0.455852 -2.602826
v 0.270683 0.453908 -2.606153
v 0.490517 0.440057 -2.607214
v 0.490511 0.433409 -2.602508
v 0.490515 0.435356 -2.605836
v 0.497573 0.423886 -2.602498
v 0.501983 0.427366 -2.608800
v 0.498866 0.424906 -2.605824
v 0.495504 0.430620 -2.602501
v 0.499632 0.434978 -2.608804
v 0.496715 0.431897 -2.605827
v 0.501983 0.461896 -2.608800
v 0.497573 0.465375 -2.602498
v 0.498866 0.464356 -2.605824
v 0.490511 0.455852 -2.602508
v 0.490517 0.449205 -2.607214
v 0.490515 0.453906 -2.605836
v 0.495504 0.458642 -2.602501
v 0.499632 0.454284 -2.608804
v 0.496715 0.457365 -2.605827
v 0.024053 1.021612 -2.620302
v 0.055963 1.021612 -2.628902
v 0.224612 1.021612 -2.631895
v 0.089772 1.021612 -2.629611
v 0.175780 1.021612 -2.631081
v 0.132776 1.021612 -2.630353
v 0.024053 1.005463 -2.620302
v 0.055963 1.005463 -2.628902
v 0.224612 1.005463 -2.631895
v 0.089772 1.005463 -2.629611
v 0.175780 1.005463 -2.631081
v 0.132776 1.005463 -2.630353
v 0.040218 1.021612 -2.628984
v 0.040218 1.005463 -2.628984
v 0.019886 1.021612 -2.609700
v 0.019886 1.005463 -2.609700
v 0.225447 1.018649 -2.629287
v 0.225447 1.008427 -2.629287
v 0.041053 1.018649 -2.626376
v 0.041053 1.008426 -2.626376
v 0.176616 1.018649 -2.628473
v 0.176616 1.008427 -2.628473
v 0.056798 1.018649 -2.626294
v 0.056798 1.008426 -2.626294
v 0.090608 1.018649 -2.627002
v 0.133612 1.018649 -2.627745
v 0.090608 1.008427 -2.627002
v 0.133612 1.008427 -2.627745
v 0.019886 1.018649 -2.609700
v 0.019886 1.008426 -2.609700
v 0.028507 1.021612 -2.616346
v 0.057730 1.021612 -2.623574
v 0.224755 1.021612 -2.626303
v 0.090807 1.021612 -2.624108
v 0.176100 1.021612 -2.625498
v 0.133336 1.021612 -2.624785
v 0.028507 1.005463 -2.616346
v 0.057730 1.005463 -2.623574
v 0.224755 1.005463 -2.626303
v 0.090807 1.005463 -2.624108
v 0.176100 1.005463 -2.625498
v 0.133336 1.005463 -2.624785
v 0.042652 1.021612 -2.623944
v 0.042652 1.005463 -2.623944
v 0.025091 1.021612 -2.607655
v 0.025091 1.005463 -2.607655
v 0.040218 1.008426 -2.628984
v 0.040218 1.018649 -2.628984
v 0.224612 1.008427 -2.631895
v 0.224612 1.018649 -2.631895
v 0.024053 1.018649 -2.620302
v 0.024053 1.008426 -2.620302
v 0.175780 1.018649 -2.631081
v 0.175780 1.008427 -2.631081
v 0.055963 1.008426 -2.628902
v 0.055963 1.018649 -2.628902
v 0.089772 1.008427 -2.629611
v 0.089772 1.018649 -2.629611
v 0.132776 1.018649 -2.630353
v 0.132776 1.008427 -2.630353
v 0.024888 1.008426 -2.617694
v 0.024888 1.018649 -2.617694
v 0.021540 1.008426 -2.609175
v 0.021540 1.018649 -2.609175
v 0.517353 1.021612 -2.619588
v 0.485467 1.021612 -2.628281
v 0.316828 1.021612 -2.631762
v 0.451660 1.021612 -2.629087
v 0.365657 1.021612 -2.630806
v 0.408658 1.021612 -2.629954
v 0.517353 1.005463 -2.619588
v 0.485467 1.005463 -2.628281
v 0.316828 1.005463 -2.631762
v 0.451660 1.005463 -2.629087
v 0.365657 1.005463 -2.630806
v 0.408658 1.005463 -2.629954
v 0.501213 1.021612 -2.628318
v 0.501213 1.005463 -2.628318
v 0.521488 1.021612 -2.608974
v 0.521488 1.005463 -2.608974
v 0.315985 1.018649 -2.629156
v 0.270720 1.021612 -2.631829
v 0.270716 1.018649 -2.629222
v 0.315985 1.008427 -2.629156
v 0.270716 1.008427 -2.629222
v 0.500370 1.018649 -2.625712
v 0.500370 1.008426 -2.625712
v 0.364814 1.018649 -2.628201
v 0.270720 1.005463 -2.631829
v 0.364814 1.008427 -2.628201
v 0.484624 1.018649 -2.625675
v 0.484624 1.008426 -2.625675
v 0.450817 1.018649 -2.626482
v 0.407816 1.018649 -2.627349
v 0.450817 1.008427 -2.626482
v 0.407816 1.008427 -2.627349
v 0.521488 1.018649 -2.608974
v 0.521488 1.008426 -2.608974
v 0.512887 1.021612 -2.615646
v 0.483685 1.021612 -2.622958
v 0.316669 1.021612 -2.626170
v 0.450610 1.021612 -2.623588
v 0.365321 1.021612 -2.625224
v 0.408083 1.021612 -2.624388
v 0.512887 1.005463 -2.615646
v 0.483685 1.005463 -2.622958
v 0.316669 1.005463 -2.626170
v 0.450610 1.005463 -2.623588
v 0.365321 1.005463 -2.625224
v 0.408083 1.005463 -2.624388
v 0.498763 1.021612 -2.623285
v 0.498763 1.005463 -2.623285
v 0.516277 1.021612 -2.606944
v 0.516277 1.005463 -2.606944
v 0.501213 1.008426 -2.628318
v 0.270712 1.021612 -2.626236
v 0.501213 1.018649 -2.628318
v 0.316828 1.008427 -2.631762
v 0.316828 1.018649 -2.631762
v 0.270720 1.018649 -2.631829
v 0.270720 1.008427 -2.631829
v 0.517353 1.018649 -2.619588
v 0.270712 1.005463 -2.626236
v 0.517353 1.008426 -2.619588
v 0.365657 1.018649 -2.630806
v 0.365657 1.008427 -2.630806
v 0.485467 1.008426 -2.628281
v 0.485467 1.018649 -2.628281
v 0.451660 1.008427 -2.629087
v 0.451660 1.018649 -2.629087
v 0.408658 1.018649 -2.629954
v 0.408658 1.008427 -2.629954
v 0.516510 1.008426 -2.616983
v 0.516510 1.018649 -2.616983
v 0.519833 1.008426 -2.608454
v 0.519833 1.018649 -2.608454
v 0.250087 1.263963 -2.587360
v 0.262441 1.263963 -2.587342
v 0.253632 1.263963 -2.587355
v 0.253632 1.249919 -2.587355
v 0.253626 1.239797 -2.583238
v 0.256484 1.244797 -2.583233
v 0.253628 1.244833 -2.584443
v 0.262435 1.239797 -2.583225
v 0.262441 1.253809 -2.587342
v 0.259578 1.244797 -2.583229
v 0.262437 1.244833 -2.584431
v 0.262441 1.249919 -2.587342
v 0.264948 1.248455 -2.587338
v 0.250087 1.244920 -2.587360
v 0.253632 1.253809 -2.587355
v 0.250087 1.253809 -2.587360
v 0.251125 1.248455 -2.587358
v 0.251855 1.242359 -2.584407
v 0.252375 1.246644 -2.585009
v 0.264210 1.242358 -2.584389
v 0.263691 1.246644 -2.584993
v 0.262438 1.247583 -2.585113
v 0.259739 1.247748 -2.584710
v 0.256327 1.247748 -2.584715
v 0.253629 1.247583 -2.585126
v 0.265987 1.263963 -2.587337
v 0.265987 1.244920 -2.587337
v 0.265987 1.253809 -2.587337
v 0.245418 1.253809 -2.587366
v 0.250025 1.063717 -2.545003
v 0.253571 1.063717 -2.544998
v 0.262380 1.063717 -2.544986
v 0.251798 1.063717 -2.545001
v 0.264153 1.063717 -2.544983
v 0.265925 1.063717 -2.544980
v 0.250081 1.063717 -2.583419
v 0.250087 1.067238 -2.587360
v 0.250085 1.064748 -2.586205
v 0.253626 1.067238 -2.583238
v 0.253620 1.063717 -2.579301
v 0.253624 1.064748 -2.582085
v 0.262435 1.067238 -2.583225
v 0.262430 1.063717 -2.579289
v 0.262434 1.064748 -2.582072
v 0.251849 1.063717 -2.580450
v 0.251855 1.067238 -2.584407
v 0.251853 1.064748 -2.583248
v 0.264210 1.067238 -2.584389
v 0.264204 1.063717 -2.580432
v 0.264208 1.064748 -2.583230
v 0.265981 1.063717 -2.583396
v 0.265987 1.067238 -2.587337
v 0.265985 1.064748 -2.586183
v 0.245416 1.064748 -2.586217
v 0.224849 1.263963 -2.587396
v 0.245418 1.244920 -2.587366
v 0.237204 1.263963 -2.587378
v 0.228394 1.263963 -2.587391
v 0.228394 1.249919 -2.587391
v 0.228388 1.239797 -2.583274
v 0.231246 1.244797 -2.583270
v 0.228390 1.244833 -2.584480
v 0.237198 1.239797 -2.583261
v 0.237204 1.253809 -2.587378
v 0.234340 1.244797 -2.583266
v 0.237199 1.244833 -2.584467
v 0.237204 1.249919 -2.587378
v 0.245418 1.263963 -2.587366
v 0.239710 1.248455 -2.587375
v 0.224849 1.244920 -2.587396
v 0.228394 1.253809 -2.587391
v 0.224849 1.253809 -2.587396
v 0.225887 1.248455 -2.587395
v 0.226617 1.242359 -2.584444
v 0.227137 1.246644 -2.585046
v 0.238972 1.242358 -2.584426
v 0.238454 1.246644 -2.585030
v 0.237200 1.247583 -2.585150
v 0.234501 1.247748 -2.584746
v 0.231089 1.247748 -2.584751
v 0.228391 1.247583 -2.585162
v 0.240749 1.263963 -2.587373
v 0.240749 1.244920 -2.587373
v 0.240749 1.253809 -2.587373
v 0.220180 1.244920 -2.587403
v 0.224787 1.063717 -2.545040
v 0.245356 1.063717 -2.545010
v 0.228333 1.063717 -2.545035
v 0.237142 1.063717 -2.545022
v 0.226560 1.063717 -2.545037
v 0.238915 1.063717 -2.545019
v 0.240687 1.063717 -2.545017
v 0.220118 1.063717 -2.545047
v 0.224843 1.063717 -2.583456
v 0.224849 1.067238 -2.587396
v 0.224847 1.064748 -2.586242
v 0.245412 1.063717 -2.583442
v 0.245418 1.067238 -2.587366
v 0.228388 1.067238 -2.583274
v 0.228382 1.063717 -2.579338
v 0.228386 1.064748 -2.582121
v 0.237198 1.067238 -2.583261
v 0.237192 1.063717 -2.579325
v 0.237196 1.064748 -2.582108
v 0.226611 1.063717 -2.580486
v 0.226617 1.067238 -2.584444
v 0.226615 1.064748 -2.583285
v 0.238972 1.067238 -2.584426
v 0.238966 1.063717 -2.580468
v 0.238970 1.064748 -2.583267
v 0.240743 1.063717 -2.583433
v 0.240749 1.067238 -2.587373
v 0.240747 1.064748 -2.586219
v 0.220178 1.064748 -2.586254
v 0.199611 1.263963 -2.587433
v 0.211966 1.263963 -2.587415
v 0.203156 1.263963 -2.587428
v 0.203156 1.249919 -2.587428
v 0.203150 1.239797 -2.583311
v 0.206008 1.244797 -2.583307
v 0.203152 1.244833 -2.584517
v 0.211960 1.239797 -2.583298
v 0.211966 1.253809 -2.587415
v 0.209102 1.244797 -2.583302
v 0.211961 1.244833 -2.584504
v 0.211966 1.249919 -2.587415
v 0.220180 1.253809 -2.587403
v 0.220180 1.263963 -2.587403
v 0.214472 1.248455 -2.587411
v 0.199611 1.244920 -2.587433
v 0.203156 1.253809 -2.587428
v 0.199611 1.253809 -2.587433
v 0.200649 1.248455 -2.587431
v 0.201379 1.242359 -2.584480
v 0.201899 1.246644 -2.585083
v 0.213734 1.242358 -2.584462
v 0.213216 1.246644 -2.585066
v 0.211962 1.247583 -2.585186
v 0.209263 1.247748 -2.584783
v 0.205851 1.247748 -2.584788
v 0.203153 1.247583 -2.585199
v 0.215511 1.263963 -2.587410
v 0.215511 1.244920 -2.587410
v 0.215511 1.253809 -2.587410
v 0.194942 1.263963 -2.587440
v 0.199549 1.063717 -2.545076
v 0.203095 1.063717 -2.545071
v 0.211904 1.063717 -2.545058
v 0.201322 1.063717 -2.545074
v 0.213677 1.063717 -2.545056
v 0.215450 1.063717 -2.545053
v 0.199605 1.063717 -2.583492
v 0.199611 1.067238 -2.587433
v 0.199609 1.064748 -2.586279
v 0.220174 1.063717 -2.583479
v 0.220180 1.067238 -2.587403
v 0.203150 1.067238 -2.583311
v 0.203144 1.063717 -2.579375
v 0.203148 1.064748 -2.582158
v 0.211960 1.067238 -2.583298
v 0.211954 1.063717 -2.579362
v 0.211958 1.064748 -2.582145
v 0.201373 1.063717 -2.580523
v 0.201379 1.067238 -2.584480
v 0.201377 1.064748 -2.583321
v 0.213734 1.067238 -2.584462
v 0.213728 1.063717 -2.580505
v 0.213732 1.064748 -2.583303
v 0.215505 1.063717 -2.583469
v 0.215511 1.067238 -2.587410
v 0.215509 1.064748 -2.586256
v 0.174373 1.263963 -2.587469
v 0.194942 1.244920 -2.587440
v 0.186728 1.263963 -2.587451
v 0.177918 1.263963 -2.587464
v 0.177918 1.249919 -2.587464
v 0.177912 1.239797 -2.583347
v 0.180770 1.244797 -2.583343
v 0.177914 1.244833 -2.584553
v 0.186722 1.239797 -2.583334
v 0.186728 1.253809 -2.587451
v 0.183864 1.244797 -2.583338
v 0.186723 1.244833 -2.584540
v 0.186728 1.249919 -2.587451
v 0.194942 1.253809 -2.587440
v 0.189235 1.248455 -2.587448
v 0.174373 1.244920 -2.587469
v 0.177918 1.253809 -2.587464
v 0.174373 1.253809 -2.587469
v 0.175411 1.248455 -2.587468
v 0.176141 1.242359 -2.584517
v 0.176661 1.246644 -2.585119
v 0.188496 1.242358 -2.584499
v 0.187978 1.246644 -2.585103
v 0.186724 1.247583 -2.585223
v 0.184025 1.247748 -2.584819
v 0.180613 1.247748 -2.584824
v 0.177915 1.247583 -2.585235
v 0.190273 1.263963 -2.587446
v 0.190273 1.244920 -2.587446
v 0.190273 1.253809 -2.587446
v 0.174312 1.063717 -2.545113
v 0.194881 1.063717 -2.545083
v 0.177857 1.063717 -2.545108
v 0.186666 1.063717 -2.545095
v 0.176084 1.063717 -2.545110
v 0.188439 1.063717 -2.545092
v 0.190212 1.063717 -2.545090
v 0.174367 1.063717 -2.583529
v 0.174373 1.067238 -2.587469
v 0.174371 1.064748 -2.586315
v 0.194936 1.063717 -2.583515
v 0.194942 1.067238 -2.587440
v 0.194940 1.064748 -2.586290
v 0.177912 1.067238 -2.583347
v 0.177906 1.063717 -2.579411
v 0.177911 1.064748 -2.582194
v 0.186722 1.067238 -2.583334
v 0.186716 1.063717 -2.579398
v 0.186720 1.064748 -2.582181
v 0.176135 1.063717 -2.580559
v 0.176141 1.067238 -2.584517
v 0.176140 1.064748 -2.583358
v 0.188496 1.067238 -2.584499
v 0.188490 1.063717 -2.580541
v 0.188494 1.064748 -2.583340
v 0.190267 1.063717 -2.583506
v 0.190273 1.067238 -2.587446
v 0.190271 1.064748 -2.586292
v 0.169702 1.064748 -2.586327
v 0.149135 1.263963 -2.587506
v 0.169704 1.244920 -2.587476
v 0.161490 1.263963 -2.587488
v 0.152680 1.263963 -2.587501
v 0.152680 1.249919 -2.587501
v 0.152674 1.239797 -2.583384
v 0.155532 1.244797 -2.583380
v 0.152676 1.244833 -2.584589
v 0.161484 1.239797 -2.583371
v 0.161490 1.253809 -2.587488
v 0.158626 1.244797 -2.583375
v 0.161486 1.244833 -2.584577
v 0.161490 1.249919 -2.587488
v 0.169704 1.253809 -2.587476
v 0.169704 1.263963 -2.587476
v 0.163997 1.248455 -2.587484
v 0.149135 1.244920 -2.587506
v 0.152680 1.253809 -2.587501
v 0.149135 1.253809 -2.587506
v 0.150173 1.248455 -2.587504
v 0.150903 1.242359 -2.584553
v 0.151423 1.246644 -2.585155
v 0.163258 1.242358 -2.584535
v 0.162740 1.246644 -2.585139
v 0.161487 1.247583 -2.585259
v 0.158787 1.247748 -2.584856
v 0.155375 1.247748 -2.584861
v 0.152677 1.247583 -2.585272
v 0.165035 1.263963 -2.587483
v 0.165035 1.244920 -2.587483
v 0.165035 1.253809 -2.587483
v 0.144466 1.244920 -2.587512
v 0.149074 1.063717 -2.545149
v 0.169643 1.063717 -2.545120
v 0.152619 1.063717 -2.545144
v 0.161429 1.063717 -2.545131
v 0.150846 1.063717 -2.545147
v 0.163201 1.063717 -2.545129
v 0.164974 1.063717 -2.545126
v 0.144405 1.063717 -2.545156
v 0.149129 1.063717 -2.583565
v 0.149135 1.067238 -2.587506
v 0.149133 1.064748 -2.586352
v 0.169698 1.063717 -2.583552
v 0.169704 1.067238 -2.587476
v 0.152674 1.067238 -2.583384
v 0.152669 1.063717 -2.579448
v 0.152673 1.064748 -2.582231
v 0.161484 1.067238 -2.583371
v 0.161478 1.063717 -2.579435
v 0.161482 1.064748 -2.582218
v 0.150898 1.063717 -2.580596
v 0.150903 1.067238 -2.584553
v 0.150902 1.064748 -2.583394
v 0.163258 1.067238 -2.584535
v 0.163252 1.063717 -2.580578
v 0.163256 1.064748 -2.583376
v 0.165029 1.063717 -2.583542
v 0.165035 1.067238 -2.587483
v 0.165033 1.064748 -2.586329
v 0.144464 1.064748 -2.586363
v 0.123897 1.263963 -2.587542
v 0.136252 1.263963 -2.587524
v 0.127442 1.263963 -2.587537
v 0.127442 1.249919 -2.587537
v 0.127436 1.239797 -2.583420
v 0.130294 1.244797 -2.583416
v 0.127438 1.244833 -2.584626
v 0.136246 1.239797 -2.583407
v 0.136252 1.253809 -2.587524
v 0.133388 1.244797 -2.583411
v 0.136248 1.244833 -2.584613
v 0.136252 1.249919 -2.587524
v 0.144466 1.253809 -2.587512
v 0.144466 1.263963 -2.587512
v 0.138759 1.248455 -2.587521
v 0.123897 1.244920 -2.587542
v 0.127442 1.253809 -2.587537
v 0.123897 1.253809 -2.587542
v 0.124935 1.248455 -2.587541
v 0.125665 1.242359 -2.584590
v 0.126185 1.246644 -2.585192
v 0.138020 1.242358 -2.584572
v 0.137502 1.246644 -2.585176
v 0.136249 1.247583 -2.585296
v 0.133549 1.247748 -2.584892
v 0.130137 1.247748 -2.584897
v 0.127439 1.247583 -2.585309
v 0.139797 1.263963 -2.587519
v 0.139797 1.244920 -2.587519
v 0.139797 1.253809 -2.587519
v 0.119228 1.263963 -2.587549
v 0.119228 1.253809 -2.587549
v 0.119228 1.244920 -2.587549
v 0.123836 1.063717 -2.545186
v 0.127381 1.063717 -2.545181
v 0.136191 1.063717 -2.545168
v 0.125608 1.063717 -2.545183
v 0.137963 1.063717 -2.545166
v 0.139736 1.063717 -2.545163
v 0.123891 1.063717 -2.583602
v 0.123897 1.067238 -2.587542
v 0.123895 1.064748 -2.586388
v 0.144460 1.063717 -2.583588
v 0.144466 1.067238 -2.587512
v 0.127436 1.067238 -2.583420
v 0.127431 1.063717 -2.579484
v 0.127435 1.064748 -2.582267
v 0.136246 1.067238 -2.583407
v 0.136240 1.063717 -2.579471
v 0.136244 1.064748 -2.582254
v 0.125660 1.063717 -2.580632
v 0.125665 1.067238 -2.584590
v 0.125664 1.064748 -2.583431
v 0.138020 1.067238 -2.584572
v 0.138015 1.063717 -2.580614
v 0.138019 1.064748 -2.583413
v 0.139791 1.063717 -2.583579
v 0.139797 1.067238 -2.587519
v 0.139795 1.064748 -2.586365
v 0.119222 1.063717 -2.583625
v 0.119226 1.064748 -2.586400
v 0.098659 1.263963 -2.587579
v 0.111014 1.263963 -2.587561
v 0.102204 1.263963 -2.587574
v 0.102204 1.249919 -2.587574
v 0.102198 1.239797 -2.583457
v 0.105056 1.244797 -2.583452
v 0.102200 1.244833 -2.584662
v 0.111008 1.239797 -2.583444
v 0.111014 1.253809 -2.587561
v 0.108150 1.244797 -2.583448
v 0.111010 1.244833 -2.584650
v 0.111014 1.249919 -2.587561
v 0.113521 1.248455 -2.587557
v 0.098659 1.244920 -2.587579
v 0.102204 1.253809 -2.587574
v 0.098659 1.253809 -2.587579
v 0.099697 1.248455 -2.587577
v 0.100428 1.242359 -2.584626
v 0.100948 1.246644 -2.585228
v 0.112782 1.242358 -2.584609
v 0.112264 1.246644 -2.585212
v 0.111011 1.247583 -2.585332
v 0.108311 1.247748 -2.584929
v 0.104900 1.247748 -2.584934
v 0.102201 1.247583 -2.585345
v 0.114559 1.263963 -2.587556
v 0.114559 1.244920 -2.587556
v 0.114559 1.253809 -2.587556
v 0.093990 1.263963 -2.587585
v 0.093990 1.253809 -2.587585
v 0.093990 1.244920 -2.587585
v 0.098598 1.063717 -2.545222
v 0.119167 1.063717 -2.545193
v 0.102143 1.063717 -2.545217
v 0.110953 1.063717 -2.545205
v 0.100370 1.063717 -2.545220
v 0.112725 1.063717 -2.545202
v 0.114498 1.063717 -2.545199
v 0.093929 1.063717 -2.545229
v 0.098653 1.063717 -2.583638
v 0.098659 1.067238 -2.587579
v 0.098657 1.064748 -2.586425
v 0.119228 1.067238 -2.587549
v 0.102198 1.067238 -2.583457
v 0.102193 1.063717 -2.579520
v 0.102197 1.064748 -2.582304
v 0.111008 1.067238 -2.583444
v 0.111002 1.063717 -2.579508
v 0.111006 1.064748 -2.582291
v 0.100422 1.063717 -2.580669
v 0.100427 1.067238 -2.584626
v 0.100426 1.064748 -2.583467
v 0.112782 1.067238 -2.584608
v 0.112777 1.063717 -2.580651
v 0.112781 1.064748 -2.583449
v 0.114554 1.063717 -2.583615
v 0.114559 1.067238 -2.587556
v 0.114558 1.064748 -2.586402
v 0.093990 1.067238 -2.587585
v 0.093985 1.063717 -2.583661
v 0.093989 1.064748 -2.586436
v 0.044724 1.263963 -2.587657
v 0.044724 1.253809 -2.587657
v 0.044724 1.244920 -2.587657
v 0.044663 1.063717 -2.545300
v 0.044724 1.067238 -2.587657
v 0.044719 1.063717 -2.583732
v 0.044723 1.064748 -2.586507
v 0.291225 1.263963 -2.587300
v 0.270656 1.244920 -2.587330
v 0.278870 1.263963 -2.587318
v 0.287679 1.263963 -2.587305
v 0.287679 1.249919 -2.587305
v 0.287673 1.239797 -2.583188
v 0.284816 1.244797 -2.583193
v 0.287675 1.244833 -2.584394
v 0.278864 1.239797 -2.583201
v 0.278870 1.253809 -2.587318
v 0.281722 1.244797 -2.583197
v 0.278866 1.244833 -2.584407
v 0.278870 1.249919 -2.587318
v 0.270656 1.253809 -2.587330
v 0.270656 1.263963 -2.587330
v 0.276363 1.248455 -2.587322
v 0.291225 1.244920 -2.587300
v 0.287679 1.253809 -2.587305
v 0.291225 1.253809 -2.587300
v 0.290186 1.248455 -2.587302
v 0.289448 1.242359 -2.584353
v 0.288929 1.246644 -2.584957
v 0.277093 1.242358 -2.584371
v 0.277613 1.246644 -2.584973
v 0.278867 1.247583 -2.585089
v 0.281565 1.247748 -2.584678
v 0.284977 1.247748 -2.584673
v 0.287676 1.247583 -2.585077
v 0.275324 1.263963 -2.587323
v 0.275324 1.244920 -2.587323
v 0.275324 1.253809 -2.587323
v 0.295894 1.253809 -2.587293
v 0.291163 1.063717 -2.544944
v 0.270594 1.063717 -2.544974
v 0.287618 1.063717 -2.544949
v 0.278808 1.063717 -2.544962
v 0.289391 1.063717 -2.544946
v 0.277036 1.063717 -2.544964
v 0.275263 1.063717 -2.544967
v 0.291219 1.063717 -2.583360
v 0.291225 1.067238 -2.587300
v 0.291223 1.064748 -2.586146
v 0.270650 1.063717 -2.583406
v 0.270656 1.067238 -2.587330
v 0.270654 1.064748 -2.586180
v 0.287673 1.067238 -2.583188
v 0.287668 1.063717 -2.579252
v 0.287672 1.064748 -2.582036
v 0.278864 1.067238 -2.583201
v 0.278858 1.063717 -2.579265
v 0.278862 1.064748 -2.582048
v 0.289442 1.063717 -2.580395
v 0.289448 1.067238 -2.584353
v 0.289446 1.064748 -2.583194
v 0.277093 1.067238 -2.584371
v 0.277087 1.063717 -2.580413
v 0.277091 1.064748 -2.583212
v 0.275319 1.063717 -2.583383
v 0.275324 1.067238 -2.587323
v 0.275323 1.064748 -2.586169
v 0.295892 1.064748 -2.586144
v 0.316463 1.263963 -2.587264
v 0.295894 1.244920 -2.587293
v 0.304108 1.263963 -2.587281
v 0.312917 1.263963 -2.587269
v 0.312917 1.249919 -2.587269
v 0.312911 1.239797 -2.583152
v 0.310053 1.244797 -2.583156
v 0.312913 1.244833 -2.584358
v 0.304102 1.239797 -2.583165
v 0.304108 1.253809 -2.587281
v 0.306959 1.244797 -2.583160
v 0.304103 1.244833 -2.584370
v 0.304108 1.249919 -2.587281
v 0.295894 1.263963 -2.587293
v 0.301601 1.248455 -2.587285
v 0.316463 1.244920 -2.587264
v 0.312917 1.253809 -2.587269
v 0.316463 1.253809 -2.587264
v 0.315424 1.248455 -2.587265
v 0.314686 1.242359 -2.584316
v 0.314167 1.246644 -2.584920
v 0.302331 1.242358 -2.584334
v 0.302851 1.246644 -2.584936
v 0.304104 1.247583 -2.585053
v 0.306803 1.247748 -2.584642
v 0.310214 1.247748 -2.584637
v 0.312914 1.247583 -2.585040
v 0.300562 1.263963 -2.587287
v 0.300562 1.244920 -2.587287
v 0.300562 1.253809 -2.587287
v 0.321131 1.244920 -2.587257
v 0.316401 1.063717 -2.544907
v 0.295832 1.063717 -2.544937
v 0.312856 1.063717 -2.544913
v 0.304046 1.063717 -2.544925
v 0.314629 1.063717 -2.544910
v 0.302274 1.063717 -2.544928
v 0.300501 1.063717 -2.544930
v 0.321070 1.063717 -2.544901
v 0.316457 1.063717 -2.583323
v 0.316463 1.067238 -2.587264
v 0.316461 1.064748 -2.586110
v 0.295888 1.063717 -2.583369
v 0.295893 1.067238 -2.587293
v 0.312911 1.067238 -2.583152
v 0.312906 1.063717 -2.579216
v 0.312910 1.064748 -2.581999
v 0.304102 1.067238 -2.583165
v 0.304096 1.063717 -2.579228
v 0.304100 1.064748 -2.582012
v 0.314680 1.063717 -2.580359
v 0.314686 1.067238 -2.584316
v 0.314684 1.064748 -2.583157
v 0.302331 1.067238 -2.584334
v 0.302325 1.063717 -2.580377
v 0.302329 1.064748 -2.583175
v 0.300557 1.063717 -2.583346
v 0.300562 1.067238 -2.587287
v 0.300561 1.064748 -2.586133
v 0.321130 1.064748 -2.586107
v 0.341700 1.263963 -2.587227
v 0.329346 1.263963 -2.587245
v 0.338155 1.263963 -2.587232
v 0.338155 1.249919 -2.587232
v 0.338149 1.239797 -2.583115
v 0.335291 1.244797 -2.583119
v 0.338151 1.244833 -2.584321
v 0.329340 1.239797 -2.583128
v 0.329346 1.253809 -2.587245
v 0.332197 1.244797 -2.583124
v 0.329341 1.244833 -2.584334
v 0.329346 1.249919 -2.587245
v 0.321131 1.253809 -2.587257
v 0.321131 1.263963 -2.587257
v 0.326839 1.248455 -2.587249
v 0.341700 1.244920 -2.587227
v 0.338155 1.253809 -2.587232
v 0.341700 1.253809 -2.587227
v 0.340662 1.248455 -2.587229
v 0.339924 1.242359 -2.584280
v 0.339405 1.246644 -2.584883
v 0.327569 1.242358 -2.584298
v 0.328089 1.246644 -2.584900
v 0.329342 1.247583 -2.585016
v 0.332041 1.247748 -2.584605
v 0.335452 1.247748 -2.584600
v 0.338152 1.247583 -2.585004
v 0.325800 1.263963 -2.587250
v 0.325800 1.244920 -2.587250
v 0.325800 1.253809 -2.587250
v 0.346369 1.263963 -2.587220
v 0.341639 1.063717 -2.544871
v 0.338094 1.063717 -2.544876
v 0.329284 1.063717 -2.544889
v 0.339866 1.063717 -2.544873
v 0.327512 1.063717 -2.544891
v 0.325739 1.063717 -2.544894
v 0.341695 1.063717 -2.583287
v 0.341700 1.067238 -2.587227
v 0.341699 1.064748 -2.586073
v 0.321126 1.063717 -2.583333
v 0.321131 1.067238 -2.587257
v 0.338149 1.067238 -2.583115
v 0.338143 1.063717 -2.579179
v 0.338148 1.064748 -2.581963
v 0.329340 1.067238 -2.583128
v 0.329334 1.063717 -2.579192
v 0.329338 1.064748 -2.581975
v 0.339918 1.063717 -2.580322
v 0.339924 1.067238 -2.584280
v 0.339922 1.064748 -2.583121
v 0.327569 1.067238 -2.584298
v 0.327563 1.063717 -2.580340
v 0.327567 1.064748 -2.583139
v 0.325795 1.063717 -2.583310
v 0.325800 1.067238 -2.587250
v 0.325799 1.064748 -2.586096
v 0.366938 1.263963 -2.587191
v 0.346369 1.244920 -2.587220
v 0.354584 1.263963 -2.587209
v 0.363393 1.263963 -2.587196
v 0.363393 1.249919 -2.587196
v 0.363387 1.239797 -2.583079
v 0.360529 1.244797 -2.583083
v 0.363389 1.244833 -2.584285
v 0.354578 1.239797 -2.583091
v 0.354584 1.253809 -2.587209
v 0.357435 1.244797 -2.583087
v 0.354579 1.244833 -2.584297
v 0.354584 1.249919 -2.587209
v 0.346369 1.253809 -2.587220
v 0.352077 1.248455 -2.587212
v 0.366938 1.244920 -2.587191
v 0.363393 1.253809 -2.587196
v 0.366938 1.253809 -2.587191
v 0.365900 1.248455 -2.587192
v 0.365161 1.242359 -2.584244
v 0.364643 1.246644 -2.584847
v 0.352807 1.242358 -2.584261
v 0.353327 1.246644 -2.584863
v 0.354580 1.247583 -2.584980
v 0.357279 1.247748 -2.584569
v 0.360690 1.247748 -2.584564
v 0.363390 1.247583 -2.584967
v 0.351038 1.263963 -2.587214
v 0.351038 1.244920 -2.587214
v 0.351038 1.253809 -2.587214
v 0.366877 1.063717 -2.544834
v 0.346308 1.063717 -2.544864
v 0.363332 1.063717 -2.544840
v 0.354522 1.063717 -2.544852
v 0.365104 1.063717 -2.544837
v 0.352750 1.063717 -2.544855
v 0.350977 1.063717 -2.544857
v 0.366933 1.063717 -2.583250
v 0.366938 1.067238 -2.587191
v 0.366937 1.064748 -2.586037
v 0.346364 1.063717 -2.583296
v 0.346369 1.067238 -2.587220
v 0.346368 1.064748 -2.586071
v 0.363387 1.067238 -2.583079
v 0.363381 1.063717 -2.579143
v 0.363385 1.064748 -2.581926
v 0.354578 1.067238 -2.583091
v 0.354572 1.063717 -2.579155
v 0.354576 1.064748 -2.581939
v 0.365156 1.063717 -2.580286
v 0.365161 1.067238 -2.584243
v 0.365160 1.064748 -2.583084
v 0.352807 1.067238 -2.584261
v 0.352801 1.063717 -2.580304
v 0.352805 1.064748 -2.583102
v 0.351032 1.063717 -2.583273
v 0.351038 1.067238 -2.587214
v 0.351036 1.064748 -2.586060
v 0.371606 1.064748 -2.586035
v 0.392176 1.263963 -2.587154
v 0.371607 1.244920 -2.587184
v 0.379821 1.263963 -2.587172
v 0.388631 1.263963 -2.587159
v 0.388631 1.249919 -2.587159
v 0.388625 1.239797 -2.583042
v 0.385767 1.244797 -2.583046
v 0.388627 1.244833 -2.584248
v 0.379815 1.239797 -2.583055
v 0.379821 1.253809 -2.587172
v 0.382673 1.244797 -2.583051
v 0.379817 1.244833 -2.584261
v 0.379821 1.249919 -2.587172
v 0.371607 1.253809 -2.587184
v 0.371607 1.263963 -2.587184
v 0.377315 1.248455 -2.587176
v 0.392176 1.244920 -2.587154
v 0.388631 1.253809 -2.587159
v 0.392176 1.253809 -2.587154
v 0.391138 1.248455 -2.587156
v 0.390399 1.242359 -2.584207
v 0.389881 1.246644 -2.584810
v 0.378045 1.242358 -2.584225
v 0.378564 1.246644 -2.584827
v 0.379818 1.247583 -2.584944
v 0.382517 1.247748 -2.584532
v 0.385928 1.247748 -2.584527
v 0.388628 1.247583 -2.584931
v 0.376276 1.263963 -2.587177
v 0.376276 1.244920 -2.587177
v 0.376276 1.253809 -2.587177
v 0.396845 1.244920 -2.587147
v 0.392115 1.063717 -2.544798
v 0.371546 1.063717 -2.544828
v 0.388570 1.063717 -2.544803
v 0.379760 1.063717 -2.544816
v 0.390342 1.063717 -2.544801
v 0.377988 1.063717 -2.544818
v 0.376215 1.063717 -2.544821
v 0.396784 1.063717 -2.544791
v 0.392171 1.063717 -2.583214
v 0.392176 1.067238 -2.587154
v 0.392175 1.064748 -2.586000
v 0.371602 1.063717 -2.583260
v 0.371607 1.067238 -2.587184
v 0.388625 1.067238 -2.583042
v 0.388619 1.063717 -2.579106
v 0.388623 1.064748 -2.581889
v 0.379815 1.067238 -2.583055
v 0.379810 1.063717 -2.579119
v 0.379814 1.064748 -2.581902
v 0.390394 1.063717 -2.580249
v 0.390399 1.067238 -2.584207
v 0.390398 1.064748 -2.583048
v 0.378045 1.067238 -2.584225
v 0.378039 1.063717 -2.580267
v 0.378043 1.064748 -2.583066
v 0.376270 1.063717 -2.583237
v 0.376276 1.067238 -2.587177
v 0.376274 1.064748 -2.586023
v 0.396843 1.064748 -2.585998
v 0.417414 1.263963 -2.587118
v 0.405059 1.263963 -2.587136
v 0.413869 1.263963 -2.587123
v 0.413869 1.249919 -2.587123
v 0.413863 1.239797 -2.583006
v 0.411005 1.244797 -2.583010
v 0.413865 1.244833 -2.584212
v 0.405053 1.239797 -2.583019
v 0.405059 1.253809 -2.587136
v 0.407911 1.244797 -2.583014
v 0.405055 1.244833 -2.584224
v 0.405059 1.249919 -2.587136
v 0.396845 1.253809 -2.587147
v 0.396845 1.263963 -2.587147
v 0.402552 1.248455 -2.587139
v 0.417414 1.244920 -2.587118
v 0.413869 1.253809 -2.587123
v 0.417414 1.253809 -2.587118
v 0.416376 1.248455 -2.587119
v 0.415637 1.242359 -2.584170
v 0.415119 1.246644 -2.584774
v 0.403282 1.242358 -2.584188
v 0.403802 1.246644 -2.584790
v 0.405056 1.247583 -2.584907
v 0.407754 1.247748 -2.584496
v 0.411166 1.247748 -2.584491
v 0.413866 1.247583 -2.584894
v 0.401514 1.263963 -2.587141
v 0.401514 1.244920 -2.587141
v 0.401514 1.253809 -2.587141
v 0.422083 1.263963 -2.587111
v 0.422083 1.253809 -2.587111
v 0.422083 1.244920 -2.587111
v 0.417353 1.063717 -2.544761
v 0.413808 1.063717 -2.544766
v 0.404998 1.063717 -2.544779
v 0.415580 1.063717 -2.544764
v 0.403225 1.063717 -2.544782
v 0.401453 1.063717 -2.544784
v 0.417408 1.063717 -2.583177
v 0.417414 1.067238 -2.587118
v 0.417413 1.064748 -2.585963
v 0.396839 1.063717 -2.583223
v 0.396845 1.067238 -2.587147
v 0.413863 1.067238 -2.583006
v 0.413857 1.063717 -2.579070
v 0.413861 1.064748 -2.581853
v 0.405053 1.067238 -2.583019
v 0.405048 1.063717 -2.579082
v 0.405052 1.064748 -2.581866
v 0.415632 1.063717 -2.580213
v 0.415637 1.067238 -2.584170
v 0.415636 1.064748 -2.583011
v 0.403282 1.067238 -2.584188
v 0.403277 1.063717 -2.580231
v 0.403281 1.064748 -2.583029
v 0.401508 1.063717 -2.583200
v 0.401514 1.067238 -2.587141
v 0.401512 1.064748 -2.585987
v 0.422077 1.063717 -2.583187
v 0.422081 1.064748 -2.585962
v 0.442652 1.263963 -2.587081
v 0.430297 1.263963 -2.587099
v 0.439107 1.263963 -2.587086
v 0.439107 1.249919 -2.587086
v 0.439101 1.239797 -2.582969
v 0.436243 1.244797 -2.582973
v 0.439103 1.244833 -2.584175
v 0.430291 1.239797 -2.582982
v 0.430297 1.253809 -2.587099
v 0.433149 1.244797 -2.582978
v 0.430293 1.244833 -2.584188
v 0.430297 1.249919 -2.587099
v 0.427790 1.248455 -2.587103
v 0.442652 1.244920 -2.587081
v 0.439107 1.253809 -2.587086
v 0.442652 1.253809 -2.587081
v 0.441614 1.248455 -2.587083
v 0.440875 1.242359 -2.584134
v 0.440357 1.246644 -2.584738
v 0.428520 1.242358 -2.584152
v 0.429040 1.246644 -2.584754
v 0.430294 1.247583 -2.584870
v 0.432992 1.247748 -2.584459
v 0.436404 1.247748 -2.584454
v 0.439104 1.247583 -2.584858
v 0.426752 1.263963 -2.587104
v 0.426752 1.244920 -2.587104
v 0.426752 1.253809 -2.587104
v 0.447321 1.263963 -2.587075
v 0.447321 1.253809 -2.587075
v 0.447321 1.244920 -2.587075
v 0.442591 1.063717 -2.544725
v 0.422022 1.063717 -2.544755
v 0.439045 1.063717 -2.544730
v 0.430236 1.063717 -2.544743
v 0.440818 1.063717 -2.544727
v 0.428463 1.063717 -2.544745
v 0.426691 1.063717 -2.544748
v 0.447260 1.063717 -2.544718
v 0.442646 1.063717 -2.583141
v 0.442652 1.067238 -2.587081
v 0.442650 1.064748 -2.585927
v 0.422083 1.067238 -2.587111
v 0.439101 1.067238 -2.582969
v 0.439095 1.063717 -2.579033
v 0.439099 1.064748 -2.581816
v 0.430291 1.067238 -2.582982
v 0.430286 1.063717 -2.579046
v 0.430290 1.064748 -2.581829
v 0.440869 1.063717 -2.580176
v 0.440875 1.067238 -2.584134
v 0.440873 1.064748 -2.582975
v 0.428520 1.067238 -2.584152
v 0.428515 1.063717 -2.580194
v 0.428519 1.064748 -2.582993
v 0.426746 1.063717 -2.583164
v 0.426752 1.067238 -2.587104
v 0.426750 1.064748 -2.585950
v 0.447321 1.067238 -2.587075
v 0.447315 1.063717 -2.583150
v 0.447319 1.064748 -2.585925
v 0.496587 1.263963 -2.587003
v 0.496587 1.253809 -2.587003
v 0.496587 1.244920 -2.587003
v 0.496526 1.063717 -2.544647
v 0.496587 1.067238 -2.587003
v 0.496581 1.063717 -2.583079
v 0.496585 1.064748 -2.585854
v 0.033214 1.329767 -2.629286
v 0.015577 1.327445 -2.629311
v 0.001100 1.321448 -2.629332
v -0.011331 1.311909 -2.629350
v -0.020871 1.299477 -2.629364
v -0.026867 1.285000 -2.629372
v -0.029189 1.267364 -2.629376
v -0.040393 1.289095 -2.611325
v -0.043049 1.268924 -2.611328
v -0.033068 1.306780 -2.611314
v -0.021415 1.321966 -2.611297
v -0.006229 1.333619 -2.611275
v 0.011456 1.340944 -2.611249
v 0.031627 1.343600 -2.611220
v -0.043039 1.268706 -2.618044
v -0.043032 1.268488 -2.622680
v -0.040376 1.288934 -2.618041
v -0.040362 1.288772 -2.622676
v -0.033029 1.306671 -2.618030
v -0.032993 1.306562 -2.622665
v -0.021342 1.321903 -2.618013
v -0.021271 1.321839 -2.622648
v -0.006110 1.333590 -2.617991
v -0.005995 1.333561 -2.622626
v 0.011627 1.340937 -2.617965
v 0.011795 1.340929 -2.622601
v 0.031855 1.343600 -2.617936
v 0.032079 1.343600 -2.622571
v -0.039133 1.268705 -2.618053
v -0.039126 1.268488 -2.622660
v -0.036486 1.285308 -2.618049
v -0.036472 1.285147 -2.622656
v -0.029184 1.302936 -2.618039
v -0.029148 1.302828 -2.622645
v -0.017568 1.318074 -2.618022
v -0.017498 1.318011 -2.622629
v -0.002430 1.329690 -2.618000
v -0.002315 1.329661 -2.622607
v 0.015199 1.336992 -2.617974
v 0.015366 1.336985 -2.622581
v 0.031855 1.339639 -2.617950
v 0.032078 1.339639 -2.622557
v 0.032307 1.343600 -2.629287
v 0.011966 1.340922 -2.629316
v -0.005876 1.333531 -2.629342
v -0.021198 1.321775 -2.629364
v -0.032954 1.306453 -2.629381
v -0.040345 1.288611 -2.629392
v -0.043023 1.268271 -2.629396
v 0.033188 1.329767 -2.611218
v 0.015551 1.327445 -2.611243
v 0.001074 1.321448 -2.611264
v -0.011358 1.311909 -2.611283
v -0.020897 1.299477 -2.611296
v -0.026893 1.285000 -2.611305
v -0.029215 1.267364 -2.611308
v -0.029189 0.056085 -2.629376
v -0.015364 0.042241 -2.629356
v -0.025140 0.046295 -2.629370
v -0.043049 0.042203 -2.611328
v -0.029281 0.028407 -2.611308
v -0.039016 0.032448 -2.611322
v -0.043039 0.042256 -2.618044
v -0.029219 0.028407 -2.618024
v -0.038991 0.032463 -2.618039
v -0.029130 0.028407 -2.622660
v -0.043032 0.042335 -2.622680
v -0.038961 0.032486 -2.622674
v -0.039133 0.042320 -2.618053
v -0.029153 0.032368 -2.618038
v -0.035066 0.036443 -2.618047
v -0.039126 0.042335 -2.622660
v -0.029130 0.032368 -2.622645
v -0.035055 0.036448 -2.622654
v -0.043023 0.042318 -2.629396
v -0.029135 0.028407 -2.629376
v -0.038955 0.032481 -2.629390
v -0.015443 0.042241 -2.611288
v -0.029215 0.056031 -2.611308
v -0.025181 0.046280 -2.611303
v 0.508218 1.329767 -2.628598
v 0.525854 1.327445 -2.628573
v 0.540331 1.321448 -2.628552
v 0.552763 1.311909 -2.628534
v 0.562302 1.299477 -2.628520
v 0.568299 1.285000 -2.628512
v 0.570620 1.267364 -2.628508
v 0.581772 1.289095 -2.610425
v 0.584428 1.268924 -2.610421
v 0.574447 1.306780 -2.610435
v 0.562794 1.321966 -2.610452
v 0.547608 1.333619 -2.610474
v 0.529923 1.340944 -2.610500
v 0.509751 1.343600 -2.610529
v 0.584437 1.268706 -2.617137
v 0.584444 1.268488 -2.621772
v 0.581774 1.288934 -2.617141
v 0.581774 1.288772 -2.621776
v 0.574427 1.306671 -2.617151
v 0.574405 1.306562 -2.621787
v 0.562740 1.321903 -2.617168
v 0.562683 1.321839 -2.621804
v 0.547509 1.333590 -2.617190
v 0.547406 1.333561 -2.621826
v 0.529771 1.340937 -2.617216
v 0.529617 1.340929 -2.621851
v 0.509543 1.343600 -2.617245
v 0.509332 1.343600 -2.621881
v 0.580531 1.268705 -2.617157
v 0.580538 1.268488 -2.621764
v 0.577884 1.285308 -2.617161
v 0.577884 1.285147 -2.621768
v 0.570582 1.302936 -2.617171
v 0.570560 1.302828 -2.621778
v 0.558966 1.318074 -2.617188
v 0.558910 1.318011 -2.621795
v 0.543828 1.329690 -2.617210
v 0.543727 1.329661 -2.621817
v 0.526199 1.336992 -2.617235
v 0.526046 1.336985 -2.621842
v 0.509544 1.339639 -2.617260
v 0.509334 1.339639 -2.621867
v 0.270716 1.329767 -2.628942
v 0.270716 0.042241 -2.628942
v 0.270689 0.028407 -2.610874
v 0.270690 1.343600 -2.610874
v 0.270699 0.028407 -2.617591
v 0.270706 0.028407 -2.622226
v 0.270706 1.343600 -2.622226
v 0.270699 1.343600 -2.617590
v 0.270699 0.032368 -2.617605
v 0.270706 0.032368 -2.622212
v 0.270706 1.339639 -2.622212
v 0.270699 1.339639 -2.617605
v 0.270716 1.343600 -2.628942
v 0.509124 1.343600 -2.628597
v 0.529465 1.340922 -2.628568
v 0.547307 1.333531 -2.628542
v 0.562629 1.321775 -2.628520
v 0.574386 1.306453 -2.628503
v 0.581776 1.288611 -2.628492
v 0.584454 1.268271 -2.628488
v 0.270716 0.028407 -2.628942
v 0.508191 1.329767 -2.610531
v 0.525828 1.327445 -2.610506
v 0.540305 1.321448 -2.610485
v 0.552737 1.311909 -2.610467
v 0.562276 1.299477 -2.610453
v 0.568272 1.285000 -2.610444
v 0.570594 1.267364 -2.610441
v 0.270690 1.329767 -2.610874
v 0.270689 0.042241 -2.610880
v 0.570620 0.056085 -2.628508
v 0.556795 0.042241 -2.628528
v 0.566571 0.046295 -2.628514
v 0.584428 0.042203 -2.610421
v 0.570660 0.028407 -2.610441
v 0.580395 0.032448 -2.610427
v 0.584437 0.042256 -2.617137
v 0.570617 0.028407 -2.617157
v 0.580390 0.032463 -2.617143
v 0.570542 0.028407 -2.621792
v 0.584444 0.042335 -2.621772
v 0.580372 0.032486 -2.621778
v 0.580531 0.042320 -2.617157
v 0.570551 0.032368 -2.617171
v 0.576464 0.036443 -2.617163
v 0.580538 0.042335 -2.621764
v 0.570542 0.032368 -2.621778
v 0.576466 0.036448 -2.621770
v 0.584454 0.042318 -2.628488
v 0.570566 0.028407 -2.628508
v 0.580386 0.032481 -2.628494
v 0.556821 0.042241 -2.610461
v 0.570594 0.056031 -2.610441
v 0.566560 0.046280 -2.610447
v -0.023458 1.143708 -2.488035
v -0.046340 1.143818 -2.497719
v -0.055857 1.142928 -2.520752
v -0.003200 1.143720 -2.487965
v -0.055847 1.143245 -2.557447
v -0.023492 1.141903 -2.487963
v -0.046382 1.142018 -2.497719
v -0.055858 1.141165 -2.520756
v -0.003200 1.141921 -2.487880
v -0.055847 1.141509 -2.557448
v -0.023464 1.145686 -2.488333
v -0.046243 1.145789 -2.497998
v -0.055748 1.144897 -2.520796
v -0.003199 1.145692 -2.488261
v -0.055847 1.145193 -2.557446
v 0.160034 1.143722 -2.487729
v 0.160034 1.141924 -2.487644
v 0.160035 1.145693 -2.488025
v -0.055836 1.143229 -2.564774
v -0.055839 1.141504 -2.563244
v -0.055837 1.141847 -2.564432
v -0.055839 1.145167 -2.563244
v -0.055837 1.144664 -2.564520
v -0.055839 1.143229 -2.563244
v -0.023066 1.140896 -2.490117
v -0.044805 1.141049 -2.499283
v -0.053662 1.140249 -2.521182
v -0.003197 1.140897 -2.490071
v -0.053610 1.140617 -2.557445
v -0.023022 1.146372 -2.490654
v -0.044598 1.146533 -2.499688
v -0.053500 1.145785 -2.521247
v -0.003196 1.146372 -2.490625
v -0.053610 1.146164 -2.557445
v 0.160037 1.140897 -2.489835
v 0.160038 1.146372 -2.490389
v -0.053598 1.143229 -2.565558
v -0.053602 1.140617 -2.563240
v -0.053599 1.141136 -2.565040
v -0.053602 1.146164 -2.563240
v -0.053599 1.145401 -2.565173
v 0.564480 1.143708 -2.487185
v 0.587390 1.143818 -2.496802
v 0.596974 1.142928 -2.519808
v 0.544222 1.143720 -2.487173
v 0.597070 1.143245 -2.556503
v 0.564515 1.141903 -2.487113
v 0.587432 1.142018 -2.496802
v 0.596975 1.141165 -2.519812
v 0.544222 1.141921 -2.487088
v 0.597070 1.141509 -2.556504
v 0.564487 1.145686 -2.487483
v 0.587294 1.145789 -2.497082
v 0.596865 1.144897 -2.519852
v 0.544223 1.145692 -2.487469
v 0.597070 1.145193 -2.556502
v 0.380988 1.143722 -2.487409
v 0.380988 1.141924 -2.487324
v 0.380988 1.145693 -2.487705
v 0.597081 1.143229 -2.563830
v 0.597078 1.141504 -2.562299
v 0.597080 1.141847 -2.563488
v 0.597078 1.145167 -2.562299
v 0.597080 1.144664 -2.563576
v 0.597078 1.143229 -2.562299
v 0.564094 1.140896 -2.489268
v 0.585859 1.141049 -2.498371
v 0.594781 1.140249 -2.520244
v 0.544225 1.140897 -2.489279
v 0.594833 1.140617 -2.556508
v 0.564052 1.146372 -2.489805
v 0.585654 1.146533 -2.498776
v 0.594618 1.145785 -2.520310
v 0.544226 1.146372 -2.489833
v 0.594833 1.146164 -2.556508
v 0.380991 1.140897 -2.489515
v 0.380992 1.146372 -2.490069
v 0.594845 1.143229 -2.564620
v 0.594841 1.140617 -2.562303
v 0.594844 1.141136 -2.564102
v 0.594841 1.146164 -2.562303
v 0.594844 1.145401 -2.564235
v 0.215540 1.127490 -2.481356
v 0.215553 1.123841 -2.490594
v 0.225499 1.165304 -2.484933
v 0.251978 1.123841 -2.490541
v 0.251965 1.124279 -2.481044
v 0.167087 1.129680 -2.481488
v 0.170976 1.127490 -2.481421
v 0.168776 1.128131 -2.481442
v 0.154125 1.144096 -2.491619
v 0.158041 1.149572 -2.492168
v 0.155059 1.147624 -2.491975
v 0.221605 1.163506 -2.494183
v 0.227064 1.167063 -2.494712
v 0.223844 1.166021 -2.494560
v 0.170530 1.123840 -2.490659
v 0.164562 1.127170 -2.490822
v 0.167161 1.124816 -2.490709
v 0.215539 1.124279 -2.481097
v 0.164572 1.127623 -2.481325
v 0.154112 1.144850 -2.482138
v 0.155046 1.148546 -2.482512
v 0.158027 1.150537 -2.482710
v 0.223837 1.167439 -2.485159
v 0.227050 1.168484 -2.485312
v 0.221616 1.164917 -2.484781
v 0.167154 1.125259 -2.481212
v 0.170516 1.124279 -2.481162
v 0.219031 1.150588 -2.482981
v 0.216282 1.147435 -2.482565
v 0.214282 1.149608 -2.492240
v 0.216237 1.150908 -2.492424
v 0.215435 1.149989 -2.492295
v 0.214257 1.150689 -2.482792
v 0.216210 1.152000 -2.482977
v 0.215411 1.151074 -2.482847
v 0.209150 1.147422 -2.482550
v 0.209908 1.150677 -2.482786
v 0.209932 1.149605 -2.492235
v 0.203196 1.124279 -2.481115
v 0.203210 1.123841 -2.490612
v 0.203966 1.127490 -2.481373
v 0.161080 1.132818 -2.491088
v 0.161082 1.133371 -2.481597
v 0.164804 1.133441 -2.481652
v 0.205510 1.133424 -2.481723
v 0.207757 1.142066 -2.482234
v 0.206248 1.135989 -2.481891
v 0.172298 1.142066 -2.482082
v 0.170927 1.135989 -2.481790
v 0.207254 1.140041 -2.482120
v 0.206751 1.138015 -2.482005
v 0.171841 1.140041 -2.481985
v 0.171384 1.138015 -2.481887
v 0.170942 1.133438 -2.481663
v 0.251971 1.168484 -2.485276
v 0.251967 1.147435 -2.482513
v 0.251984 1.167063 -2.494676
v 0.251965 1.127490 -2.481303
v 0.251970 1.165305 -2.484968
v 0.251967 1.150622 -2.482805
v 0.158616 1.144921 -2.479537
v 0.157892 1.146804 -2.479737
v 0.160465 1.146915 -2.479800
v 0.251989 1.125479 -2.478510
v 0.251979 1.124421 -2.479486
v 0.251988 1.124680 -2.478627
v 0.161096 1.133512 -2.480038
v 0.162150 1.133740 -2.479009
v 0.161312 1.133595 -2.479169
v 0.155403 1.145059 -2.479530
v 0.154127 1.144991 -2.480580
v 0.154346 1.145066 -2.479708
v 0.155060 1.148687 -2.480954
v 0.156076 1.148078 -2.479842
v 0.155250 1.148640 -2.480071
v 0.158792 1.149731 -2.480015
v 0.158042 1.150678 -2.481152
v 0.158171 1.150587 -2.480265
v 0.223852 1.167581 -2.483601
v 0.224342 1.167077 -2.482485
v 0.223952 1.167542 -2.482715
v 0.226487 1.167769 -2.482587
v 0.227065 1.168625 -2.483754
v 0.226987 1.168527 -2.482860
v 0.221631 1.165058 -2.483223
v 0.222837 1.165388 -2.482232
v 0.221847 1.165158 -2.482358
v 0.167169 1.125400 -2.479654
v 0.167664 1.126356 -2.478669
v 0.167267 1.125639 -2.478794
v 0.165349 1.128475 -2.478762
v 0.164587 1.127764 -2.479767
v 0.164735 1.127958 -2.478903
v 0.170531 1.124421 -2.479604
v 0.170679 1.125478 -2.478628
v 0.170565 1.124679 -2.478745
v 0.251995 1.167768 -2.482572
v 0.251986 1.168625 -2.483718
v 0.251994 1.168526 -2.482828
v 0.251986 1.147616 -2.480517
v 0.251992 1.148287 -2.479958
v 0.251990 1.147836 -2.480098
v 0.216306 1.148146 -2.479557
v 0.216301 1.147616 -2.480569
v 0.216304 1.147794 -2.480017
v 0.203452 1.125479 -2.478580
v 0.203211 1.124421 -2.479556
v 0.203262 1.124680 -2.478698
v 0.215554 1.124421 -2.479538
v 0.215564 1.125479 -2.478563
v 0.215563 1.124680 -2.478680
v 0.251984 1.127671 -2.479307
v 0.251990 1.127110 -2.478642
v 0.251988 1.127530 -2.478858
v 0.164823 1.133622 -2.479657
v 0.163731 1.134295 -2.479070
v 0.164506 1.133842 -2.479230
v 0.215559 1.127671 -2.479360
v 0.215565 1.127110 -2.478695
v 0.215563 1.127530 -2.478910
v 0.168489 1.127817 -2.478786
v 0.168795 1.128312 -2.479446
v 0.168708 1.128190 -2.478998
v 0.167106 1.129861 -2.479492
v 0.166629 1.129522 -2.478845
v 0.166968 1.129785 -2.479048
v 0.170913 1.127110 -2.478759
v 0.170995 1.127671 -2.479425
v 0.170973 1.127530 -2.478975
v 0.203985 1.127671 -2.479377
v 0.203843 1.127110 -2.478712
v 0.203946 1.127530 -2.478927
v 0.225516 1.165462 -2.483186
v 0.225122 1.166150 -2.482395
v 0.225404 1.165704 -2.482522
v 0.214272 1.150830 -2.481234
v 0.214949 1.149938 -2.480036
v 0.214391 1.150732 -2.480349
v 0.215725 1.150186 -2.480072
v 0.215426 1.151216 -2.481289
v 0.215483 1.151093 -2.480400
v 0.217016 1.151655 -2.480349
v 0.216225 1.152141 -2.481419
v 0.216393 1.152140 -2.480546
v 0.208697 1.148274 -2.479982
v 0.209169 1.147603 -2.480555
v 0.209033 1.147823 -2.480132
v 0.209601 1.149959 -2.480105
v 0.209923 1.150819 -2.481227
v 0.209891 1.150723 -2.480342
v 0.218119 1.150219 -2.480270
v 0.219047 1.150746 -2.481235
v 0.218778 1.150630 -2.480520
v 0.205452 1.135609 -2.479237
v 0.206267 1.136170 -2.479895
v 0.206031 1.136029 -2.479448
v 0.205069 1.134278 -2.479151
v 0.205529 1.133605 -2.479728
v 0.205396 1.133825 -2.479304
v 0.170963 1.134292 -2.479082
v 0.170961 1.133619 -2.479667
v 0.170964 1.133839 -2.479241
v 0.207226 1.142621 -2.479639
v 0.207776 1.142247 -2.480238
v 0.207618 1.142380 -2.479807
v 0.170999 1.142292 -2.479467
v 0.172317 1.142247 -2.480086
v 0.172117 1.142376 -2.479657
v 0.171403 1.138196 -2.479892
v 0.170375 1.138947 -2.479317
v 0.171263 1.138416 -2.479468
v 0.170179 1.135609 -2.479147
v 0.170946 1.136170 -2.479794
v 0.170724 1.136029 -2.479350
v 0.206489 1.139660 -2.479471
v 0.207273 1.140222 -2.480124
v 0.207046 1.140080 -2.479678
v 0.206292 1.138869 -2.479427
v 0.206770 1.138196 -2.480010
v 0.206633 1.138416 -2.479584
v 0.170427 1.139737 -2.479347
v 0.171860 1.140222 -2.479989
v 0.171601 1.140080 -2.479546
v 0.251995 1.166153 -2.482418
v 0.251987 1.165464 -2.483222
v 0.251993 1.165706 -2.482554
v 0.251984 1.150780 -2.481059
v 0.251992 1.150247 -2.480140
v 0.251990 1.150662 -2.480358
v 0.251970 1.163204 -2.484668
v 0.254074 1.165284 -2.484977
v 0.252586 1.164675 -2.484885
v 0.254071 1.150655 -2.482805
v 0.251968 1.152733 -2.483124
v 0.252584 1.151262 -2.482903
v 0.253998 1.163491 -2.482800
v 0.253996 1.153020 -2.481256
v 0.251968 1.163404 -2.483363
v 0.252562 1.163491 -2.482803
v 0.252142 1.163466 -2.482967
v 0.253011 1.164559 -2.482962
v 0.252584 1.164876 -2.483581
v 0.252709 1.164819 -2.483168
v 0.254051 1.164986 -2.483025
v 0.254072 1.165484 -2.483673
v 0.254065 1.165374 -2.483251
v 0.254069 1.150856 -2.481501
v 0.254048 1.151528 -2.481030
v 0.254062 1.151089 -2.481131
v 0.253008 1.151953 -2.481096
v 0.252581 1.151463 -2.481599
v 0.252706 1.151642 -2.481220
v 0.252560 1.153020 -2.481258
v 0.251966 1.152934 -2.481819
v 0.252139 1.152995 -2.481423
v 0.158283 1.137980 -2.481814
v 0.158287 1.137346 -2.491301
v 0.159441 1.138285 -2.479218
v 0.158515 1.138201 -2.479385
v 0.158298 1.138122 -2.480256
v 0.161890 1.138853 -2.479271
v 0.157532 1.139216 -2.481873
v 0.158715 1.139504 -2.479274
v 0.161268 1.140006 -2.479325
v 0.157539 1.138561 -2.491359
v 0.157765 1.139436 -2.479443
v 0.157547 1.139357 -2.480314
v 0.170915 1.138868 -2.479316
v 0.171627 1.142609 -2.479492
v 0.170967 1.139660 -2.479346
v 0.160789 1.139748 -2.479308
v 0.157953 1.145004 -2.479537
v 0.160328 1.147568 -2.479841
v 0.161411 1.138595 -2.479258
v 0.169366 1.138734 -2.479655
v 0.168948 1.140293 -2.479742
v 0.167805 1.141434 -2.479807
v 0.166244 1.141851 -2.479833
v 0.164683 1.141434 -2.479812
v 0.163540 1.140293 -2.479750
v 0.163122 1.138734 -2.479664
v 0.163540 1.137176 -2.479577
v 0.164683 1.136035 -2.479512
v 0.166244 1.135617 -2.479486
v 0.167805 1.136035 -2.479507
v 0.168948 1.137176 -2.479569
v 0.169151 1.138763 -2.477999
v 0.168761 1.140215 -2.478080
v 0.167697 1.141279 -2.478141
v 0.166242 1.141668 -2.478164
v 0.164787 1.141279 -2.478145
v 0.163722 1.140215 -2.478087
v 0.163332 1.138763 -2.478007
v 0.163722 1.137311 -2.477926
v 0.164787 1.136247 -2.477865
v 0.166241 1.135858 -2.477842
v 0.167696 1.136247 -2.477861
v 0.168761 1.137311 -2.477919
v 0.167914 1.138803 -2.477105
v 0.167690 1.139639 -2.477152
v 0.167077 1.140250 -2.477187
v 0.166240 1.140474 -2.477200
v 0.165403 1.140250 -2.477189
v 0.164791 1.139639 -2.477156
v 0.164566 1.138803 -2.477110
v 0.164791 1.137967 -2.477063
v 0.165403 1.137356 -2.477028
v 0.166240 1.137132 -2.477015
v 0.167077 1.137356 -2.477026
v 0.167690 1.137967 -2.477059
v 0.166240 1.138803 -2.477108
v 0.325464 1.127490 -2.481197
v 0.270508 1.168484 -2.485249
v 0.270502 1.124279 -2.481017
v 0.325478 1.123841 -2.490435
v 0.270521 1.167063 -2.494649
v 0.270515 1.123840 -2.490514
v 0.315515 1.165304 -2.484802
v 0.289053 1.123841 -2.490488
v 0.289039 1.124279 -2.480991
v 0.373918 1.129680 -2.481189
v 0.370028 1.127490 -2.481133
v 0.372228 1.128131 -2.481148
v 0.386908 1.144096 -2.491283
v 0.382994 1.149572 -2.491843
v 0.385975 1.147624 -2.491641
v 0.319436 1.163506 -2.494041
v 0.313979 1.167063 -2.494587
v 0.317199 1.166021 -2.494425
v 0.370501 1.123840 -2.490370
v 0.376469 1.127170 -2.490515
v 0.373870 1.124816 -2.490410
v 0.270504 1.147435 -2.482486
v 0.325464 1.124279 -2.480938
v 0.270502 1.127490 -2.481277
v 0.376432 1.127623 -2.481019
v 0.386894 1.144850 -2.481802
v 0.385962 1.148546 -2.482178
v 0.382981 1.150537 -2.482385
v 0.317178 1.167439 -2.485024
v 0.313965 1.168484 -2.485186
v 0.319398 1.164917 -2.484640
v 0.373850 1.125259 -2.480913
v 0.370487 1.124279 -2.480873
v 0.321978 1.150588 -2.482833
v 0.324726 1.147435 -2.482408
v 0.326754 1.149608 -2.492078
v 0.324799 1.150908 -2.492267
v 0.325600 1.149989 -2.492136
v 0.326751 1.150689 -2.482630
v 0.324799 1.152000 -2.482820
v 0.325597 1.151074 -2.482688
v 0.331857 1.147422 -2.482373
v 0.331100 1.150677 -2.482610
v 0.331103 1.149605 -2.492059
v 0.337807 1.124279 -2.480920
v 0.337821 1.123841 -2.490417
v 0.337038 1.127490 -2.481180
v 0.379952 1.132818 -2.490771
v 0.379923 1.133371 -2.481280
v 0.376201 1.133441 -2.481347
v 0.335496 1.133424 -2.481535
v 0.333249 1.142066 -2.482053
v 0.334758 1.135989 -2.481705
v 0.368708 1.142066 -2.481798
v 0.370078 1.135989 -2.481502
v 0.333752 1.140041 -2.481937
v 0.334255 1.138015 -2.481821
v 0.369165 1.140041 -2.481699
v 0.369621 1.138015 -2.481601
v 0.370063 1.133438 -2.481375
v 0.289045 1.168484 -2.485222
v 0.289041 1.147435 -2.482460
v 0.289059 1.167063 -2.494623
v 0.289039 1.127490 -2.481250
v 0.289044 1.165305 -2.484915
v 0.289041 1.150622 -2.482752
v 0.382383 1.144921 -2.479213
v 0.383107 1.146804 -2.479411
v 0.380534 1.146915 -2.479481
v 0.270500 1.148288 -2.479917
v 0.270501 1.147616 -2.480490
v 0.270500 1.147836 -2.480067
v 0.270502 1.150847 -2.480964
v 0.270500 1.150313 -2.480059
v 0.270501 1.150729 -2.480267
v 0.289007 1.125479 -2.478457
v 0.289019 1.124421 -2.479432
v 0.289009 1.124680 -2.478574
v 0.270498 1.125479 -2.478484
v 0.270499 1.124421 -2.479459
v 0.270498 1.124680 -2.478601
v 0.379904 1.133512 -2.479722
v 0.378847 1.133740 -2.478695
v 0.379686 1.133595 -2.478853
v 0.385595 1.145059 -2.479197
v 0.386875 1.144991 -2.480243
v 0.386653 1.145066 -2.479372
v 0.385942 1.148687 -2.480620
v 0.384924 1.148078 -2.479511
v 0.385751 1.148640 -2.479737
v 0.382208 1.149731 -2.479692
v 0.382961 1.150678 -2.480826
v 0.382830 1.150587 -2.479940
v 0.317158 1.167581 -2.483466
v 0.316666 1.167077 -2.482352
v 0.317056 1.167542 -2.482581
v 0.314521 1.167769 -2.482460
v 0.313946 1.168625 -2.483628
v 0.314022 1.168527 -2.482734
v 0.319378 1.165058 -2.483082
v 0.318169 1.165388 -2.482094
v 0.319160 1.165158 -2.482218
v 0.373830 1.125400 -2.479355
v 0.373332 1.126356 -2.478372
v 0.373729 1.125639 -2.478495
v 0.375648 1.128475 -2.478458
v 0.376413 1.127764 -2.479461
v 0.376262 1.127958 -2.478597
v 0.370468 1.124421 -2.479315
v 0.370317 1.125478 -2.478339
v 0.370431 1.124679 -2.478456
v 0.289012 1.167768 -2.482519
v 0.289026 1.168625 -2.483664
v 0.289015 1.168526 -2.482774
v 0.289016 1.147616 -2.480464
v 0.289009 1.148287 -2.479904
v 0.289011 1.147836 -2.480045
v 0.324693 1.148146 -2.479400
v 0.324701 1.147616 -2.480412
v 0.324697 1.147794 -2.479861
v 0.337544 1.125479 -2.478387
v 0.337788 1.124421 -2.479362
v 0.337734 1.124680 -2.478503
v 0.325445 1.124421 -2.479380
v 0.325432 1.125479 -2.478404
v 0.325434 1.124680 -2.478521
v 0.289014 1.127671 -2.479254
v 0.289007 1.127110 -2.478589
v 0.289009 1.127530 -2.478804
v 0.270499 1.127671 -2.479281
v 0.270498 1.127110 -2.478615
v 0.270499 1.127530 -2.478831
v 0.376176 1.133622 -2.479351
v 0.377266 1.134295 -2.478761
v 0.376492 1.133842 -2.478923
v 0.325439 1.127671 -2.479201
v 0.325432 1.127110 -2.478536
v 0.325434 1.127530 -2.478751
v 0.372507 1.127817 -2.478491
v 0.372204 1.128312 -2.479152
v 0.372289 1.128190 -2.478703
v 0.373893 1.129861 -2.479193
v 0.374368 1.129522 -2.478545
v 0.374029 1.129785 -2.478748
v 0.370084 1.127110 -2.478471
v 0.370003 1.127671 -2.479137
v 0.370024 1.127530 -2.478687
v 0.337013 1.127671 -2.479185
v 0.337153 1.127110 -2.478519
v 0.337051 1.127530 -2.478734
v 0.270506 1.168625 -2.483691
v 0.270504 1.167761 -2.482560
v 0.270504 1.168526 -2.482804
v 0.270504 1.166122 -2.482430
v 0.270505 1.165432 -2.483244
v 0.270504 1.165675 -2.482574
v 0.315494 1.165462 -2.483056
v 0.315885 1.166150 -2.482263
v 0.315604 1.165704 -2.482392
v 0.326732 1.150830 -2.481071
v 0.326052 1.149938 -2.479875
v 0.326611 1.150732 -2.480186
v 0.325275 1.150186 -2.479914
v 0.325578 1.151216 -2.481129
v 0.325518 1.151093 -2.480241
v 0.323985 1.151655 -2.480194
v 0.324779 1.152141 -2.481261
v 0.324608 1.152140 -2.480389
v 0.332303 1.148274 -2.479803
v 0.331832 1.147603 -2.480377
v 0.331967 1.147823 -2.479954
v 0.331399 1.149959 -2.479929
v 0.331080 1.150819 -2.481052
v 0.331110 1.150723 -2.480167
v 0.322882 1.150219 -2.480119
v 0.321956 1.150746 -2.481086
v 0.322224 1.150630 -2.480371
v 0.335546 1.135609 -2.479049
v 0.334733 1.136170 -2.479710
v 0.334968 1.136029 -2.479261
v 0.335929 1.134278 -2.478962
v 0.335471 1.133605 -2.479540
v 0.335602 1.133825 -2.479115
v 0.370034 1.134292 -2.478795
v 0.370038 1.133619 -2.479380
v 0.370034 1.133839 -2.478953
v 0.333773 1.142621 -2.479455
v 0.333224 1.142247 -2.480057
v 0.333382 1.142380 -2.479626
v 0.369999 1.142292 -2.479179
v 0.368683 1.142247 -2.479802
v 0.368882 1.142376 -2.479373
v 0.369596 1.138196 -2.479605
v 0.370623 1.138947 -2.479028
v 0.369736 1.138416 -2.479181
v 0.370818 1.135609 -2.478857
v 0.370053 1.136170 -2.479506
v 0.370274 1.136029 -2.479061
v 0.334510 1.139660 -2.479286
v 0.333727 1.140222 -2.479941
v 0.333953 1.140080 -2.479494
v 0.334706 1.138869 -2.479241
v 0.334230 1.138196 -2.479825
v 0.334366 1.138416 -2.479399
v 0.370571 1.139737 -2.479058
v 0.369140 1.140222 -2.479704
v 0.369398 1.140080 -2.479259
v 0.289012 1.166153 -2.482364
v 0.289023 1.165464 -2.483168
v 0.289014 1.165706 -2.482501
v 0.289019 1.150780 -2.481006
v 0.289009 1.150247 -2.480086
v 0.289011 1.150662 -2.480304
v 0.270504 1.150688 -2.482719
v 0.270507 1.165273 -2.484998
v 0.289044 1.163204 -2.484614
v 0.286941 1.165284 -2.484930
v 0.288428 1.164675 -2.484834
v 0.286937 1.150655 -2.482758
v 0.289042 1.152733 -2.483070
v 0.288425 1.151262 -2.482851
v 0.270504 1.163491 -2.482777
v 0.270502 1.153020 -2.481232
v 0.287010 1.163491 -2.482753
v 0.287008 1.153020 -2.481209
v 0.289042 1.163404 -2.483310
v 0.288446 1.163491 -2.482751
v 0.288867 1.163466 -2.482914
v 0.287998 1.164559 -2.482912
v 0.288426 1.164876 -2.483529
v 0.288301 1.164819 -2.483116
v 0.286958 1.164986 -2.482977
v 0.286939 1.165484 -2.483625
v 0.286944 1.165374 -2.483204
v 0.286936 1.150856 -2.481453
v 0.286955 1.151528 -2.480982
v 0.286941 1.151089 -2.481084
v 0.287995 1.151953 -2.481045
v 0.288423 1.151463 -2.481547
v 0.288298 1.151642 -2.481168
v 0.288444 1.153020 -2.481206
v 0.289040 1.152934 -2.481766
v 0.288865 1.152995 -2.481370
v 0.270506 1.165473 -2.483694
v 0.270505 1.164978 -2.483033
v 0.270505 1.165364 -2.483268
v 0.270502 1.151556 -2.480962
v 0.270502 1.150889 -2.481415
v 0.270502 1.151120 -2.481050
v 0.382722 1.137980 -2.481490
v 0.382745 1.137346 -2.490977
v 0.381557 1.138285 -2.478897
v 0.382483 1.138201 -2.479061
v 0.382703 1.138122 -2.479931
v 0.379108 1.138853 -2.478957
v 0.383473 1.139216 -2.481546
v 0.382283 1.139504 -2.478951
v 0.379730 1.140006 -2.479009
v 0.383494 1.138561 -2.491032
v 0.383234 1.139436 -2.479117
v 0.383453 1.139357 -2.479987
v 0.370083 1.138868 -2.479028
v 0.369371 1.142609 -2.479206
v 0.370031 1.139660 -2.479058
v 0.380209 1.139748 -2.478991
v 0.383045 1.145004 -2.479212
v 0.380671 1.147568 -2.479522
v 0.379587 1.138595 -2.478942
v 0.371633 1.138734 -2.479362
v 0.372051 1.140293 -2.479448
v 0.373194 1.141434 -2.479510
v 0.374755 1.141851 -2.479531
v 0.376316 1.141434 -2.479506
v 0.377459 1.140293 -2.479440
v 0.377877 1.138734 -2.479353
v 0.377459 1.137176 -2.479267
v 0.376316 1.136035 -2.479206
v 0.374755 1.135617 -2.479185
v 0.373194 1.136035 -2.479210
v 0.372051 1.137176 -2.479275
v 0.371843 1.138763 -2.477706
v 0.372233 1.140215 -2.477786
v 0.373298 1.141279 -2.477844
v 0.374753 1.141668 -2.477863
v 0.376208 1.141279 -2.477839
v 0.377272 1.140215 -2.477779
v 0.377662 1.138763 -2.477697
v 0.377272 1.137311 -2.477617
v 0.376207 1.136247 -2.477560
v 0.374752 1.135858 -2.477540
v 0.373298 1.136247 -2.477564
v 0.372233 1.137311 -2.477624
v 0.373077 1.138803 -2.476808
v 0.373302 1.139639 -2.476854
v 0.373914 1.140250 -2.476887
v 0.374751 1.140474 -2.476899
v 0.375588 1.140250 -2.476885
v 0.376201 1.139639 -2.476850
v 0.376425 1.138803 -2.476804
v 0.376201 1.137967 -2.476757
v 0.375588 1.137356 -2.476724
v 0.374751 1.137132 -2.476713
v 0.373914 1.137356 -2.476727
v 0.373302 1.137967 -2.476762
v 0.374751 1.138803 -2.476806
v 0.163343 1.065312 -2.577957
v 0.174992 1.197247 -2.577940
v 0.163343 1.185598 -2.577957
v 0.170534 1.196360 -2.577947
v 0.166755 1.193835 -2.577952
v 0.164230 1.190056 -2.577956
v 0.163371 1.065312 -2.597612
v 0.168960 1.065312 -2.603184
v 0.165012 1.065312 -2.601555
v 0.168960 1.185049 -2.603184
v 0.163371 1.185598 -2.597612
v 0.165012 1.185437 -2.601555
v 0.175578 1.191667 -2.603174
v 0.175020 1.197247 -2.597595
v 0.175187 1.195613 -2.601541
v 0.169523 1.187879 -2.603183
v 0.164258 1.190056 -2.597610
v 0.165803 1.189419 -2.601554
v 0.170815 1.189812 -2.603181
v 0.166783 1.193835 -2.597607
v 0.167967 1.192657 -2.601551
v 0.172748 1.191104 -2.603179
v 0.170562 1.196360 -2.597601
v 0.171206 1.194821 -2.601546
v 0.261302 1.197247 -2.597470
v 0.261324 1.195613 -2.601416
v 0.261274 1.197247 -2.577816
v 0.261364 1.191667 -2.603050
v 0.175578 1.185049 -2.603174
v 0.175578 1.065312 -2.603174
v 0.261274 1.191667 -2.577816
v 0.261302 1.191667 -2.597470
v 0.175541 1.065312 -2.577940
v 0.377940 1.065312 -2.577647
v 0.366292 1.197247 -2.577664
v 0.377941 1.185598 -2.577647
v 0.370750 1.196360 -2.577657
v 0.374529 1.193835 -2.577652
v 0.377054 1.190056 -2.577648
v 0.377969 1.065312 -2.597301
v 0.372397 1.065312 -2.602890
v 0.376340 1.065312 -2.601250
v 0.372397 1.185049 -2.602890
v 0.377969 1.185598 -2.597301
v 0.376340 1.185437 -2.601250
v 0.365779 1.191667 -2.602899
v 0.366320 1.197247 -2.597318
v 0.366165 1.195613 -2.601264
v 0.371834 1.187879 -2.602891
v 0.377082 1.190056 -2.597303
v 0.375548 1.189419 -2.601251
v 0.370542 1.189812 -2.602893
v 0.374557 1.193835 -2.597306
v 0.373385 1.192657 -2.601254
v 0.368609 1.191104 -2.602895
v 0.370778 1.196360 -2.597312
v 0.370146 1.194821 -2.601259
v 0.280038 1.197247 -2.597443
v 0.280028 1.195613 -2.601389
v 0.280010 1.197247 -2.577788
v 0.279992 1.191667 -2.603024
v 0.270678 1.185049 -2.603037
v 0.365779 1.185049 -2.602899
v 0.365779 1.065312 -2.602899
v 0.270678 1.191667 -2.603037
v 0.280010 1.191667 -2.577788
v 0.280038 1.191667 -2.597443
v 0.270678 1.065312 -2.603037
v 0.270642 1.191667 -2.577802
v 0.270670 1.191667 -2.597456
v 0.365742 1.065312 -2.577664
v 0.270642 1.065312 -2.577802
v 0.181753 1.095840 -2.603166
v 0.186341 1.185049 -2.603159
v 0.181753 1.180802 -2.603166
v 0.183097 1.183805 -2.603164
v 0.186883 1.180306 -2.607701
v 0.186883 1.095840 -2.607701
v 0.181756 1.095840 -2.605215
v 0.184453 1.095840 -2.607705
v 0.182547 1.095840 -2.606977
v 0.184453 1.180306 -2.607705
v 0.181756 1.180802 -2.605215
v 0.182547 1.180656 -2.606977
v 0.186883 1.182556 -2.607701
v 0.186344 1.185049 -2.605209
v 0.186503 1.184319 -2.606972
v 0.185164 1.181897 -2.607704
v 0.183100 1.183805 -2.605213
v 0.183706 1.183246 -2.606976
v 0.186876 1.095840 -2.603158
v 0.184367 1.159477 -2.602204
v 0.184367 1.162858 -2.602204
v 0.171139 1.162858 -2.602223
v 0.170416 1.162136 -2.602224
v 0.170628 1.162647 -2.602224
v 0.170416 1.160200 -2.602224
v 0.171139 1.159477 -2.602223
v 0.170628 1.159689 -2.602224
v 0.184371 1.159477 -2.605402
v 0.184373 1.160380 -2.606304
v 0.184372 1.159741 -2.606040
v 0.184373 1.161956 -2.606304
v 0.184371 1.162858 -2.605402
v 0.184372 1.162594 -2.606040
v 0.171324 1.161956 -2.606323
v 0.170421 1.162136 -2.605422
v 0.170686 1.162083 -2.606060
v 0.171144 1.162858 -2.605421
v 0.171197 1.162594 -2.606059
v 0.170633 1.162647 -2.605422
v 0.170836 1.162444 -2.606060
v 0.171144 1.159477 -2.605421
v 0.171197 1.159741 -2.606059
v 0.170421 1.160200 -2.605422
v 0.170686 1.160253 -2.606060
v 0.171324 1.160380 -2.606323
v 0.170633 1.159689 -2.605422
v 0.170836 1.159891 -2.606060
v 0.270678 1.185049 -2.603037
v 0.359604 1.095840 -2.602908
v 0.270685 1.095840 -2.607580
v 0.355016 1.185049 -2.602915
v 0.359604 1.180802 -2.602908
v 0.358260 1.183805 -2.602910
v 0.354487 1.180306 -2.607459
v 0.270685 1.180306 -2.607580
v 0.354487 1.095840 -2.607459
v 0.270685 1.182556 -2.607580
v 0.270681 1.185049 -2.605087
v 0.270684 1.184319 -2.606850
v 0.359607 1.095840 -2.604958
v 0.356917 1.095840 -2.607455
v 0.358820 1.095840 -2.606722
v 0.356917 1.180306 -2.607455
v 0.359607 1.180802 -2.604958
v 0.358820 1.180656 -2.606722
v 0.354487 1.182556 -2.607459
v 0.355019 1.185049 -2.604965
v 0.354865 1.184319 -2.606728
v 0.356205 1.181897 -2.607456
v 0.358263 1.183805 -2.604960
v 0.357662 1.183246 -2.606724
v 0.270678 1.095840 -2.603037
v 0.354480 1.095840 -2.602916
v 0.356987 1.159477 -2.601954
v 0.356987 1.162858 -2.601954
v 0.370215 1.162858 -2.601935
v 0.370938 1.162136 -2.601934
v 0.370726 1.162647 -2.601934
v 0.370938 1.160200 -2.601934
v 0.370215 1.159477 -2.601935
v 0.370726 1.159689 -2.601934
v 0.356992 1.159477 -2.605152
v 0.356993 1.160380 -2.606055
v 0.356993 1.159741 -2.605790
v 0.356993 1.161956 -2.606055
v 0.356992 1.162858 -2.605152
v 0.356993 1.162594 -2.605790
v 0.370041 1.161956 -2.606036
v 0.370942 1.162136 -2.605132
v 0.370679 1.162083 -2.605770
v 0.370219 1.162858 -2.605133
v 0.370168 1.162594 -2.605771
v 0.370730 1.162647 -2.605132
v 0.370529 1.162444 -2.605771
v 0.370219 1.159477 -2.605133
v 0.370168 1.159741 -2.605771
v 0.370942 1.160200 -2.605132
v 0.370679 1.160253 -2.605770
v 0.370041 1.160380 -2.606036
v 0.370730 1.159689 -2.605132
v 0.370529 1.159891 -2.605771
v 0.181756 1.095840 -2.605346
v 0.226219 1.088273 -2.605281
v 0.226219 1.095840 -2.605281
v 0.181756 1.088273 -2.605346
v 0.183700 1.090322 -2.608877
v 0.183700 1.088778 -2.608444
v 0.226224 1.090322 -2.608815
v 0.226223 1.088778 -2.608382
v 0.269408 1.095840 -2.605219
v 0.269413 1.088778 -2.608320
v 0.269408 1.088273 -2.605219
v 0.269413 1.090322 -2.608753
v 0.224067 1.088273 -2.605284
v 0.224072 1.090322 -2.608819
v 0.224067 1.095840 -2.605284
v 0.224071 1.088778 -2.608386
v 0.269407 1.095840 -2.603992
v 0.226217 1.095840 -2.604054
v 0.226222 1.090322 -2.607588
v 0.224065 1.088914 -2.604057
v 0.226217 1.088914 -2.604054
v 0.269407 1.088914 -2.603992
v 0.224070 1.090322 -2.607591
v 0.224065 1.095840 -2.604057
v 0.269412 1.090322 -2.607526
v 0.226222 1.089419 -2.607155
v 0.269411 1.089419 -2.607093
v 0.224070 1.089419 -2.607158
v 0.181753 1.095840 -2.603166
v 0.181753 1.088273 -2.603166
v 0.226219 1.080705 -2.605281
v 0.181756 1.080705 -2.605346
v 0.183700 1.082755 -2.608877
v 0.183700 1.081210 -2.608444
v 0.226224 1.082755 -2.608815
v 0.226223 1.081210 -2.608382
v 0.269413 1.081210 -2.608320
v 0.269408 1.080705 -2.605219
v 0.269413 1.082755 -2.608753
v 0.224067 1.080705 -2.605284
v 0.224072 1.082755 -2.608819
v 0.224071 1.081210 -2.608386
v 0.269407 1.088273 -2.603992
v 0.226217 1.088273 -2.604054
v 0.226222 1.082755 -2.607588
v 0.224065 1.081347 -2.604057
v 0.226217 1.081347 -2.604054
v 0.269407 1.081347 -2.603992
v 0.224070 1.082755 -2.607591
v 0.224065 1.088273 -2.604057
v 0.269412 1.082755 -2.607526
v 0.226222 1.081852 -2.607155
v 0.269411 1.081852 -2.607093
v 0.224070 1.081852 -2.607158
v 0.181753 1.080705 -2.603166
v 0.226219 1.073138 -2.605281
v 0.181756 1.073138 -2.605346
v 0.183700 1.075187 -2.608877
v 0.183700 1.073643 -2.608444
v 0.226224 1.075187 -2.608815
v 0.226223 1.073643 -2.608382
v 0.269413 1.073643 -2.608320
v 0.269408 1.073138 -2.605219
v 0.269413 1.075187 -2.608753
v 0.224067 1.073138 -2.605284
v 0.224072 1.075187 -2.608819
v 0.224071 1.073643 -2.608386
v 0.269407 1.080705 -2.603992
v 0.226217 1.080705 -2.604054
v 0.226222 1.075187 -2.607588
v 0.224065 1.073780 -2.604057
v 0.226217 1.073780 -2.604054
v 0.269407 1.073780 -2.603992
v 0.224070 1.075187 -2.607591
v 0.224065 1.080705 -2.604057
v 0.269412 1.075187 -2.607526
v 0.226222 1.074284 -2.607155
v 0.269411 1.074284 -2.607093
v 0.224070 1.074284 -2.607158
v 0.181753 1.073138 -2.603166
v 0.226219 1.065571 -2.605281
v 0.181756 1.065571 -2.605346
v 0.226216 1.065571 -2.603101
v 0.183700 1.067620 -2.608877
v 0.183700 1.066076 -2.608444
v 0.226224 1.067620 -2.608815
v 0.226223 1.066076 -2.608382
v 0.269413 1.066076 -2.608320
v 0.269408 1.065571 -2.605219
v 0.269413 1.067620 -2.608753
v 0.224067 1.065571 -2.605284
v 0.224072 1.067620 -2.608819
v 0.224071 1.066076 -2.608386
v 0.269407 1.073138 -2.603992
v 0.226217 1.073138 -2.604054
v 0.226222 1.067620 -2.607588
v 0.224065 1.066212 -2.604057
v 0.226217 1.066212 -2.604054
v 0.269407 1.066212 -2.603992
v 0.224070 1.067620 -2.607591
v 0.224065 1.073138 -2.604057
v 0.269412 1.067620 -2.607526
v 0.226222 1.066717 -2.607155
v 0.269411 1.066717 -2.607093
v 0.224070 1.066717 -2.607158
v 0.181753 1.065571 -2.603166
v 0.269405 1.065571 -2.603039
v 0.224064 1.065571 -2.603104
v 0.224062 1.066212 -2.601877
v 0.226214 1.066212 -2.601874
v 0.359607 1.095840 -2.605088
v 0.315144 1.088273 -2.605153
v 0.315144 1.095840 -2.605153
v 0.359607 1.088273 -2.605088
v 0.357673 1.090322 -2.608625
v 0.357672 1.088778 -2.608192
v 0.315149 1.090322 -2.608687
v 0.315149 1.088778 -2.608254
v 0.271955 1.095840 -2.605215
v 0.271959 1.088778 -2.608316
v 0.271955 1.088273 -2.605215
v 0.271960 1.090322 -2.608749
v 0.317296 1.088273 -2.605150
v 0.317301 1.090322 -2.608684
v 0.317296 1.095840 -2.605150
v 0.317300 1.088778 -2.608251
v 0.271953 1.095840 -2.603988
v 0.270680 1.095840 -2.603990
v 0.315142 1.095840 -2.603925
v 0.315147 1.090322 -2.607460
v 0.317294 1.088914 -2.603922
v 0.315142 1.088914 -2.603925
v 0.271953 1.088914 -2.603988
v 0.270680 1.088914 -2.603990
v 0.317299 1.090322 -2.607456
v 0.317294 1.095840 -2.603922
v 0.271958 1.090322 -2.607522
v 0.270685 1.090322 -2.607524
v 0.270684 1.089419 -2.607091
v 0.315147 1.089419 -2.607027
v 0.271957 1.089419 -2.607089
v 0.317299 1.089419 -2.607023
v 0.359604 1.095840 -2.602908
v 0.359604 1.088273 -2.602908
v 0.315144 1.080705 -2.605153
v 0.359607 1.080705 -2.605088
v 0.357673 1.082755 -2.608625
v 0.357672 1.081210 -2.608192
v 0.315149 1.082755 -2.608687
v 0.315149 1.081210 -2.608254
v 0.271959 1.081210 -2.608316
v 0.271955 1.080705 -2.605215
v 0.271960 1.082755 -2.608749
v 0.317296 1.080705 -2.605150
v 0.317301 1.082755 -2.608684
v 0.317300 1.081210 -2.608251
v 0.271953 1.088273 -2.603988
v 0.270680 1.088273 -2.603990
v 0.315142 1.088273 -2.603925
v 0.315147 1.082755 -2.607460
v 0.317294 1.081347 -2.603922
v 0.315142 1.081347 -2.603925
v 0.271953 1.081347 -2.603988
v 0.270680 1.081347 -2.603990
v 0.317299 1.082755 -2.607456
v 0.317294 1.088273 -2.603922
v 0.271958 1.082755 -2.607522
v 0.270685 1.082755 -2.607524
v 0.270684 1.081852 -2.607091
v 0.315147 1.081852 -2.607027
v 0.271957 1.081852 -2.607089
v 0.317299 1.081852 -2.607023
v 0.359604 1.080705 -2.602908
v 0.315144 1.073138 -2.605153
v 0.359607 1.073138 -2.605088
v 0.357673 1.075187 -2.608625
v 0.357672 1.073643 -2.608192
v 0.315149 1.075187 -2.608687
v 0.315149 1.073643 -2.608254
v 0.271959 1.073643 -2.608316
v 0.271955 1.073138 -2.605215
v 0.271960 1.075187 -2.608749
v 0.317296 1.073138 -2.605150
v 0.317301 1.075187 -2.608684
v 0.317300 1.073643 -2.608251
v 0.271953 1.080705 -2.603988
v 0.270680 1.080705 -2.603990
v 0.315142 1.080705 -2.603925
v 0.315147 1.075187 -2.607460
v 0.317294 1.073780 -2.603922
v 0.315142 1.073780 -2.603925
v 0.271953 1.073780 -2.603988
v 0.270680 1.073780 -2.603990
v 0.317299 1.075187 -2.607456
v 0.317294 1.080705 -2.603922
v 0.271958 1.075187 -2.607522
v 0.270685 1.075187 -2.607524
v 0.270684 1.074284 -2.607091
v 0.315147 1.074284 -2.607027
v 0.271957 1.074284 -2.607089
v 0.317299 1.074284 -2.607023
v 0.359604 1.073138 -2.602908
v 0.315144 1.065571 -2.605153
v 0.359607 1.065571 -2.605088
v 0.315141 1.065571 -2.602973
v 0.357673 1.067620 -2.608625
v 0.357672 1.066076 -2.608192
v 0.315149 1.067620 -2.608687
v 0.315149 1.066076 -2.608254
v 0.271959 1.066076 -2.608316
v 0.271955 1.065571 -2.605215
v 0.271960 1.067620 -2.608749
v 0.317296 1.065571 -2.605150
v 0.317301 1.067620 -2.608684
v 0.317300 1.066076 -2.608251
v 0.271953 1.073138 -2.603988
v 0.270680 1.073138 -2.603990
v 0.315142 1.073138 -2.603925
v 0.315147 1.067620 -2.607460
v 0.317294 1.066212 -2.603922
v 0.315142 1.066212 -2.603925
v 0.271953 1.066212 -2.603988
v 0.270680 1.066212 -2.603990
v 0.317299 1.067620 -2.607456
v 0.317294 1.073138 -2.603922
v 0.271958 1.067620 -2.607522
v 0.270685 1.067620 -2.607524
v 0.270684 1.066717 -2.607091
v 0.315147 1.066717 -2.607027
v 0.271957 1.066717 -2.607089
v 0.317299 1.066717 -2.607023
v 0.359604 1.065571 -2.602908
v 0.271951 1.065571 -2.603035
v 0.317293 1.065571 -2.602970
v 0.317291 1.066212 -2.601742
v 0.315139 1.066212 -2.601745
v 0.018236 0.831922 -2.609075
v 0.022753 0.836439 -2.609069
v 0.021430 0.833245 -2.609071
v 0.022753 0.849786 -2.609069
v 0.018236 0.854303 -2.609075
v 0.021430 0.852980 -2.609071
v -0.008516 0.836439 -2.609114
v -0.003999 0.831922 -2.609107
v -0.007193 0.833245 -2.609112
v -0.003999 0.854303 -2.609107
v -0.008516 0.849786 -2.609114
v -0.007193 0.852980 -2.609112
v -0.003576 0.834001 -2.615258
v -0.003991 0.831922 -2.614116
v -0.003869 0.832531 -2.614923
v -0.006428 0.836852 -2.615262
v -0.008508 0.836439 -2.614122
v -0.007898 0.836560 -2.614929
v -0.005593 0.834836 -2.615261
v -0.007185 0.833245 -2.614120
v -0.006718 0.833711 -2.614928
v -0.006428 0.849373 -2.615262
v -0.008508 0.849786 -2.614122
v -0.007898 0.849665 -2.614929
v -0.003576 0.852225 -2.615258
v -0.003991 0.854303 -2.614116
v -0.003869 0.853694 -2.614923
v -0.005593 0.851389 -2.615261
v -0.007185 0.852980 -2.614120
v -0.006718 0.852514 -2.614928
v 0.020683 0.836852 -2.615223
v 0.022760 0.836439 -2.614077
v 0.022153 0.836560 -2.614886
v 0.017832 0.834001 -2.615227
v 0.018243 0.831922 -2.614084
v 0.018123 0.832531 -2.614892
v 0.019848 0.834836 -2.615224
v 0.021437 0.833245 -2.614079
v 0.020972 0.833711 -2.614887
v 0.017832 0.852225 -2.615227
v 0.018243 0.854303 -2.614084
v 0.018123 0.853694 -2.614892
v 0.020683 0.849373 -2.615223
v 0.022760 0.849786 -2.614077
v 0.022153 0.849665 -2.614886
v 0.019848 0.851389 -2.615224
v 0.021437 0.852980 -2.614079
v 0.020972 0.852514 -2.614887
v -0.003576 0.849373 -2.615258
v -0.003576 0.836852 -2.615258
v 0.017832 0.849373 -2.615227
v 0.017832 0.836852 -2.615227
v -0.003579 0.836852 -2.613245
v -0.003579 0.849373 -2.613245
v 0.017829 0.849373 -2.613214
v 0.017829 0.836852 -2.613214
v 0.006318 0.838858 -2.613230
v 0.006318 0.847367 -2.613230
v 0.016044 0.847367 -2.613216
v 0.016044 0.838858 -2.613216
v 0.006323 0.838858 -2.616688
v 0.006323 0.847367 -2.616688
v 0.016051 0.847367 -2.617851
v 0.016051 0.838858 -2.617851
v -0.014586 0.861387 -2.492200
v -0.014584 0.825765 -2.493129
v 0.086369 0.825766 -2.492983
v 0.086367 0.861387 -2.492054
v -0.014580 0.861489 -2.496127
v -0.014579 0.825868 -2.497055
v 0.086374 0.825868 -2.496909
v 0.086373 0.861489 -2.495981
v 0.078017 0.868227 -2.491888
v -0.007526 0.868227 -2.492012
v -0.007524 0.818252 -2.493315
v 0.078019 0.818253 -2.493191
v -0.007526 0.861387 -2.492190
v 0.078017 0.861387 -2.492066
v -0.007525 0.825765 -2.493119
v 0.078019 0.825766 -2.492995
v 0.078023 0.868329 -2.495814
v -0.007521 0.868329 -2.495938
v -0.007519 0.818355 -2.497241
v 0.078025 0.818355 -2.497117
v -0.010142 0.868227 -2.492016
v -0.014586 0.863784 -2.492138
v -0.013284 0.866926 -2.492054
v -0.014584 0.822695 -2.493209
v -0.010140 0.818252 -2.493319
v -0.013282 0.819553 -2.493289
v 0.086367 0.863784 -2.491992
v 0.081923 0.868227 -2.491882
v 0.085066 0.866926 -2.491912
v 0.081925 0.818253 -2.493185
v 0.086369 0.822695 -2.493063
v 0.085067 0.819554 -2.493147
v -0.014580 0.863887 -2.496064
v -0.010136 0.868329 -2.495942
v -0.013279 0.867028 -2.495980
v -0.010135 0.818355 -2.497245
v -0.014579 0.822797 -2.497135
v -0.013277 0.819656 -2.497215
v 0.081929 0.868329 -2.495809
v 0.086373 0.863887 -2.495918
v 0.085071 0.867028 -2.495838
v 0.086375 0.822797 -2.496989
v 0.081931 0.818355 -2.497112
v 0.085073 0.819656 -2.497073
v -0.007539 0.856962 -2.492306
v -0.001547 0.862671 -2.492148
v -0.007083 0.859147 -2.492248
v -0.005784 0.860999 -2.492198
v -0.003840 0.862236 -2.492163
v 0.072039 0.862671 -2.492042
v 0.078030 0.856962 -2.492182
v 0.074331 0.862236 -2.492049
v 0.076275 0.860999 -2.492079
v 0.077574 0.859147 -2.492125
v -0.001543 0.824481 -2.493144
v -0.007538 0.830191 -2.493003
v -0.003837 0.824916 -2.493136
v -0.005782 0.826154 -2.493106
v -0.007081 0.828006 -2.493060
v 0.078031 0.830191 -2.492880
v 0.072037 0.824482 -2.493037
v 0.077575 0.828006 -2.492937
v 0.076276 0.826154 -2.492987
v 0.074331 0.824916 -2.493022
v 0.015117 0.856758 -2.458868
v 0.014242 0.858589 -2.460309
v 0.014800 0.857976 -2.459260
v 0.010639 0.852529 -2.458423
v 0.008283 0.852881 -2.459706
v 0.009272 0.852703 -2.458709
v 0.013301 0.856411 -2.458644
v 0.011968 0.858154 -2.460026
v 0.012659 0.857568 -2.458996
v 0.011909 0.855520 -2.458492
v 0.010037 0.856917 -2.459811
v 0.010886 0.856432 -2.458801
v 0.010995 0.854214 -2.458416
v 0.008743 0.855065 -2.459698
v 0.009702 0.854740 -2.458701
v 0.067902 0.852529 -2.465829
v 0.069854 0.852881 -2.467669
v 0.069151 0.852703 -2.466453
v 0.063458 0.856758 -2.465119
v 0.063938 0.858589 -2.466736
v 0.063665 0.857976 -2.465580
v 0.067560 0.854214 -2.465731
v 0.069411 0.855065 -2.467544
v 0.068737 0.854740 -2.466335
v 0.066656 0.855520 -2.465572
v 0.068131 0.856917 -2.467324
v 0.067567 0.856432 -2.466131
v 0.065271 0.856411 -2.465365
v 0.066209 0.858154 -2.467040
v 0.065802 0.857568 -2.465868
v 0.010559 0.832699 -2.459043
v 0.008198 0.832428 -2.460344
v 0.009190 0.832549 -2.459339
v 0.015005 0.828465 -2.459753
v 0.014114 0.826717 -2.461303
v 0.014678 0.827271 -2.460220
v 0.010901 0.831011 -2.459141
v 0.008641 0.830243 -2.460473
v 0.009604 0.830509 -2.459458
v 0.011805 0.829704 -2.459299
v 0.009921 0.828390 -2.460701
v 0.010774 0.828817 -2.459664
v 0.013191 0.828812 -2.459507
v 0.011842 0.827152 -2.460993
v 0.012540 0.827680 -2.459929
v 0.063341 0.828465 -2.466004
v 0.063809 0.826717 -2.467730
v 0.063539 0.827271 -2.466539
v 0.067822 0.832699 -2.466449
v 0.069773 0.832429 -2.468308
v 0.069070 0.832549 -2.467083
v 0.065158 0.828812 -2.466228
v 0.066085 0.827152 -2.468008
v 0.065681 0.827680 -2.466802
v 0.066551 0.829704 -2.466379
v 0.068017 0.828390 -2.468214
v 0.067455 0.828817 -2.466994
v 0.067465 0.831012 -2.466456
v 0.069312 0.830243 -2.468319
v 0.068640 0.830510 -2.467093
v 0.015100 0.852529 -2.459000
v 0.015022 0.832699 -2.459620
v 0.063358 0.832699 -2.465871
v 0.063440 0.852529 -2.465252
v 0.059568 0.852153 -2.445797
v 0.065420 0.852039 -2.440818
v 0.065338 0.832209 -2.441438
v 0.059486 0.832322 -2.446417
v 0.015094 0.851004 -2.459048
v 0.016614 0.852529 -2.459196
v 0.015542 0.852082 -2.459071
v 0.016536 0.832699 -2.459816
v 0.015028 0.834224 -2.459573
v 0.015467 0.833146 -2.459664
v 0.065297 0.833380 -2.425606
v 0.065171 0.831886 -2.427181
v 0.065258 0.832311 -2.426087
v 0.065253 0.851717 -2.426562
v 0.065367 0.850158 -2.425082
v 0.065336 0.851247 -2.425496
v 0.016620 0.850627 -2.442586
v 0.018147 0.852153 -2.442654
v 0.017070 0.851706 -2.442587
v 0.018069 0.832322 -2.443274
v 0.016554 0.833848 -2.443111
v 0.016995 0.832769 -2.443179
v 0.164804 0.838471 -2.441617
v 0.164566 0.836983 -2.443190
v 0.164729 0.837406 -2.442103
v 0.147422 0.837390 -2.437668
v 0.147213 0.835927 -2.439331
v 0.147356 0.836341 -2.438152
v 0.079519 0.832583 -2.435509
v 0.079744 0.833904 -2.426697
v 0.079698 0.832835 -2.427178
v 0.079812 0.849619 -2.426204
v 0.079753 0.850789 -2.427746
v 0.079776 0.850707 -2.426618
v 0.147482 0.846090 -2.437353
v 0.147298 0.847603 -2.438816
v 0.147432 0.847156 -2.437758
v 0.164860 0.845009 -2.441356
v 0.164648 0.846550 -2.442805
v 0.164803 0.846089 -2.441755
v 0.192797 0.844565 -2.449329
v 0.193041 0.843023 -2.447914
v 0.192979 0.844107 -2.448293
v 0.192714 0.838992 -2.449646
v 0.193004 0.840497 -2.448058
v 0.192910 0.839424 -2.448559
v 0.019266 0.851880 -2.431727
v 0.017758 0.850347 -2.431473
v 0.018202 0.851428 -2.431528
v 0.026143 0.851723 -2.425504
v 0.025997 0.850159 -2.424026
v 0.026042 0.851249 -2.424439
v 0.020003 0.851818 -2.429289
v 0.018618 0.850275 -2.428626
v 0.019027 0.851359 -2.428801
v 0.021532 0.851768 -2.427313
v 0.020486 0.850214 -2.426211
v 0.020795 0.851301 -2.426514
v 0.023652 0.851735 -2.425991
v 0.023077 0.850173 -2.424596
v 0.023248 0.851263 -2.424984
v 0.026065 0.831893 -2.426125
v 0.025931 0.833380 -2.424550
v 0.025968 0.832312 -2.425031
v 0.019188 0.832049 -2.432347
v 0.017692 0.833567 -2.431998
v 0.018127 0.832491 -2.432120
v 0.023574 0.831905 -2.426611
v 0.023011 0.833394 -2.425120
v 0.023174 0.832326 -2.425577
v 0.021454 0.831938 -2.427933
v 0.020420 0.833434 -2.426736
v 0.020720 0.832364 -2.427106
v 0.019925 0.831988 -2.429909
v 0.018552 0.833495 -2.429151
v 0.018952 0.832422 -2.429393
v 0.063363 0.833839 -2.465836
v 0.062319 0.832699 -2.465737
v 0.063055 0.833033 -2.465822
v 0.062402 0.852529 -2.465117
v 0.063436 0.851389 -2.465287
v 0.063135 0.852195 -2.465223
v 0.202011 0.843855 -2.460541
v 0.203104 0.842633 -2.460830
v 0.202794 0.843462 -2.460710
v 0.203071 0.841088 -2.460947
v 0.201927 0.839872 -2.460831
v 0.202726 0.840261 -2.460948
v 0.081828 0.850285 -2.446782
v 0.081142 0.851434 -2.445646
v 0.081629 0.851093 -2.446434
v 0.145770 0.847805 -2.451147
v 0.145629 0.846704 -2.452288
v 0.145673 0.847490 -2.451936
v 0.163129 0.846703 -2.453136
v 0.162956 0.845585 -2.454282
v 0.163011 0.846382 -2.453927
v 0.163047 0.837189 -2.453521
v 0.162893 0.838345 -2.454574
v 0.162934 0.837537 -2.454285
v 0.145688 0.836184 -2.451573
v 0.145563 0.837326 -2.452631
v 0.145596 0.836528 -2.452338
v 0.081061 0.832915 -2.446227
v 0.081757 0.834106 -2.447289
v 0.081551 0.833285 -2.446993
v 0.192474 0.844572 -2.457672
v 0.190934 0.843607 -2.459746
v 0.190015 0.843614 -2.458423
v 0.191475 0.844329 -2.458652
v 0.191151 0.844201 -2.458595
v 0.190749 0.843595 -2.458894
v 0.191233 0.844329 -2.458265
v 0.189965 0.840176 -2.458612
v 0.190885 0.840328 -2.459933
v 0.192387 0.839118 -2.457989
v 0.190699 0.840237 -2.459084
v 0.191081 0.839593 -2.458859
v 0.191400 0.839471 -2.458936
v 0.191159 0.839428 -2.458545
v 0.202794 0.842749 -2.462544
v 0.201471 0.842908 -2.463459
v 0.201701 0.843971 -2.462255
v 0.202322 0.842827 -2.463275
v 0.202218 0.843485 -2.463054
v 0.201549 0.843691 -2.463071
v 0.202485 0.843578 -2.462424
v 0.202761 0.841204 -2.462661
v 0.201617 0.839989 -2.462545
v 0.201436 0.841204 -2.463578
v 0.202416 0.840377 -2.462662
v 0.202156 0.840559 -2.463271
v 0.201480 0.840376 -2.463311
v 0.202288 0.841236 -2.463393
v 0.191961 0.844701 -2.460479
v 0.191745 0.843636 -2.461664
v 0.190826 0.843647 -2.460341
v 0.191815 0.844420 -2.461290
v 0.191192 0.844312 -2.461036
v 0.191012 0.843674 -2.461192
v 0.191165 0.844428 -2.460354
v 0.191880 0.839308 -2.460794
v 0.190777 0.840368 -2.460528
v 0.191697 0.840525 -2.461849
v 0.191093 0.839586 -2.460633
v 0.191124 0.839789 -2.461297
v 0.190964 0.840446 -2.461378
v 0.191743 0.839697 -2.461567
v 0.069371 0.851960 -2.445176
v 0.070365 0.850799 -2.446314
v 0.070076 0.851612 -2.445966
v 0.064527 0.851119 -2.451633
v 0.063575 0.852239 -2.450480
v 0.064250 0.851919 -2.451281
v 0.068263 0.850889 -2.446697
v 0.068126 0.852014 -2.445408
v 0.068224 0.851691 -2.446304
v 0.066415 0.850981 -2.447842
v 0.065639 0.852138 -2.446949
v 0.066190 0.851792 -2.447566
v 0.065103 0.851062 -2.449576
v 0.063938 0.852243 -2.449197
v 0.064764 0.851880 -2.449450
v 0.063493 0.832408 -2.451099
v 0.064454 0.833569 -2.452182
v 0.064170 0.832757 -2.451880
v 0.070294 0.833650 -2.446849
v 0.069290 0.832449 -2.445786
v 0.069998 0.832826 -2.446552
v 0.065030 0.833542 -2.450123
v 0.063856 0.832355 -2.449818
v 0.064684 0.832722 -2.450048
v 0.066343 0.833548 -2.448387
v 0.065557 0.832362 -2.447567
v 0.066111 0.832729 -2.448161
v 0.068191 0.833586 -2.447237
v 0.068043 0.832413 -2.446020
v 0.068146 0.832770 -2.446895
v 0.204698 0.842558 -2.452569
v 0.203648 0.843775 -2.452052
v 0.204413 0.843385 -2.452318
v 0.204788 0.842015 -2.452081
v 0.203905 0.842238 -2.450668
v 0.204621 0.842139 -2.451198
v 0.204767 0.842397 -2.452207
v 0.203843 0.843319 -2.451027
v 0.204571 0.843015 -2.451487
v 0.204781 0.841692 -2.452105
v 0.203886 0.841302 -2.450734
v 0.204606 0.841450 -2.451248
v 0.204637 0.841015 -2.452829
v 0.203565 0.839792 -2.452343
v 0.204337 0.840184 -2.452599
v 0.204733 0.841211 -2.452338
v 0.203778 0.840229 -2.451252
v 0.204516 0.840550 -2.451683
v 0.104746 0.835055 -2.429953
v 0.104695 0.833986 -2.430434
v 0.104538 0.833658 -2.435540
v 0.104812 0.848444 -2.429523
v 0.104772 0.849532 -2.429935
v 0.104738 0.849653 -2.431075
v 0.104764 0.850245 -2.447318
v 0.104992 0.849913 -2.448107
v 0.105084 0.849108 -2.448455
v 0.104682 0.833976 -2.447842
v 0.104914 0.834338 -2.448609
v 0.105014 0.835156 -2.448905
v 0.127766 0.835259 -2.434459
v 0.127616 0.834885 -2.437441
v 0.127888 0.847171 -2.433609
v 0.126940 0.848926 -2.449239
v 0.126915 0.835522 -2.450476
v 0.126943 0.836329 -2.450770
v 0.127825 0.836318 -2.433976
v 0.127843 0.848247 -2.434016
v 0.127754 0.848544 -2.435112
v 0.126993 0.848603 -2.450029
v 0.127010 0.847808 -2.450379
v 0.126858 0.835170 -2.449711
v 0.181352 0.839647 -2.445398
v 0.181265 0.838577 -2.445892
v 0.181083 0.838148 -2.446979
v 0.181397 0.843854 -2.445204
v 0.181337 0.844938 -2.445592
v 0.181165 0.845398 -2.446634
v 0.180209 0.838307 -2.456081
v 0.179495 0.838635 -2.456732
v 0.178833 0.839411 -2.456902
v 0.180294 0.845469 -2.455736
v 0.179570 0.845190 -2.456420
v 0.178888 0.844435 -2.456669
v 0.027864 0.841769 -2.424875
v 0.028926 0.837790 -2.425028
v 0.031835 0.834877 -2.425216
v 0.035812 0.833811 -2.425389
v 0.039791 0.834877 -2.425501
v 0.042706 0.837790 -2.425522
v 0.043777 0.841769 -2.425446
v 0.042715 0.845748 -2.425293
v 0.039806 0.848661 -2.425105
v 0.035829 0.849727 -2.424932
v 0.031849 0.848661 -2.424820
v 0.028934 0.845748 -2.424799
v 0.035977 0.841701 -2.420794
v 0.027991 0.841714 -2.421331
v 0.028871 0.841701 -2.420540
v 0.028261 0.841705 -2.420759
v 0.029819 0.838147 -2.420676
v 0.029053 0.837735 -2.421483
v 0.029290 0.837850 -2.420907
v 0.032418 0.835546 -2.420844
v 0.031962 0.834822 -2.421671
v 0.032108 0.835029 -2.421089
v 0.035969 0.834593 -2.420999
v 0.035939 0.833756 -2.421844
v 0.035960 0.833996 -2.421256
v 0.039523 0.835546 -2.421098
v 0.039918 0.834822 -2.421956
v 0.039815 0.835029 -2.421365
v 0.042127 0.838147 -2.421117
v 0.042834 0.837735 -2.421977
v 0.042639 0.837850 -2.421385
v 0.043082 0.841701 -2.421049
v 0.043904 0.841714 -2.421901
v 0.043675 0.841705 -2.421311
v 0.042134 0.845254 -2.420913
v 0.042842 0.845693 -2.421748
v 0.042647 0.845559 -2.421163
v 0.039536 0.847856 -2.420745
v 0.039932 0.848606 -2.421560
v 0.039829 0.848381 -2.420981
v 0.035984 0.848808 -2.420590
v 0.035956 0.849672 -2.421387
v 0.035976 0.849413 -2.420813
v 0.032430 0.847856 -2.420490
v 0.031976 0.848606 -2.421275
v 0.032122 0.848381 -2.420705
v 0.029827 0.845254 -2.420472
v 0.029061 0.845693 -2.421255
v 0.029298 0.845559 -2.420685
v 0.602906 1.151376 -2.622190
v 0.602398 1.151376 -2.624094
v 0.601006 1.151376 -2.625490
v 0.599103 1.151376 -2.626003
v 0.597199 1.151376 -2.625495
v 0.595803 1.151376 -2.624104
v 0.595290 1.151376 -2.622200
v 0.595797 1.151376 -2.620296
v 0.597189 1.151376 -2.618900
v 0.599092 1.151376 -2.618387
v 0.600997 1.151376 -2.618895
v 0.602393 1.151376 -2.620286
v 0.602906 1.148332 -2.622190
v 0.602398 1.148332 -2.624094
v 0.601006 1.148332 -2.625490
v 0.599103 1.148332 -2.626003
v 0.597199 1.148332 -2.625495
v 0.595803 1.148332 -2.624104
v 0.595290 1.148332 -2.622200
v 0.595797 1.148332 -2.620296
v 0.597189 1.148332 -2.618900
v 0.599092 1.148332 -2.618387
v 0.600997 1.148332 -2.618895
v 0.602393 1.148332 -2.620286
v 0.601980 1.147606 -2.622191
v 0.601596 1.147606 -2.623632
v 0.600542 1.147606 -2.624689
v 0.599102 1.147606 -2.625077
v 0.597660 1.147606 -2.624693
v 0.596604 1.147606 -2.623640
v 0.596215 1.147606 -2.622199
v 0.596599 1.147606 -2.620757
v 0.597653 1.147606 -2.619701
v 0.599093 1.147606 -2.619313
v 0.600535 1.147606 -2.619697
v 0.601592 1.147606 -2.620750
v 0.599118 1.147523 -2.617251
v 0.596288 1.145318 -2.590628
v 0.596291 1.147523 -2.592833
v 0.596289 1.146877 -2.591274
v 0.599055 1.147523 -2.592829
v 0.599052 1.145318 -2.590624
v 0.599053 1.146877 -2.591270
v 0.601492 1.134238 -2.602722
v 0.601487 1.136212 -2.602193
v 0.601481 1.137657 -2.600748
v 0.601477 1.138186 -2.598775
v 0.601476 1.137657 -2.596801
v 0.601477 1.136212 -2.595357
v 0.601481 1.134238 -2.594828
v 0.601486 1.132265 -2.595357
v 0.601491 1.130820 -2.596801
v 0.601495 1.130292 -2.598775
v 0.601497 1.130820 -2.600748
v 0.601496 1.132265 -2.602193
v 0.603584 1.134163 -2.602450
v 0.603580 1.136003 -2.601957
v 0.603575 1.137349 -2.600611
v 0.603571 1.137842 -2.598772
v 0.603569 1.137349 -2.596933
v 0.603570 1.136003 -2.595586
v 0.603574 1.134163 -2.595093
v 0.603579 1.132324 -2.595586
v 0.603584 1.130978 -2.596933
v 0.603587 1.130485 -2.598772
v 0.603589 1.130978 -2.600611
v 0.603588 1.132324 -2.601957
v 0.604716 1.134153 -2.600886
v 0.604713 1.135212 -2.600603
v 0.604710 1.135986 -2.599828
v 0.604708 1.136270 -2.598770
v 0.604707 1.135986 -2.597712
v 0.604708 1.135212 -2.596937
v 0.604710 1.134153 -2.596654
v 0.604712 1.133095 -2.596937
v 0.604715 1.132321 -2.597712
v 0.604717 1.132037 -2.598770
v 0.604718 1.132321 -2.599828
v 0.604718 1.133095 -2.600603
v 0.604713 1.134153 -2.598770
v 0.599085 1.147523 -2.613610
v 0.599105 1.145318 -2.627567
v 0.601869 1.145318 -2.626822
v 0.601855 1.145318 -2.617247
v 0.594306 1.145318 -2.619281
v 0.593569 1.145318 -2.622046
v 0.596340 1.145318 -2.626830
v 0.603881 1.145318 -2.619267
v 0.603889 1.145318 -2.624796
v 0.604626 1.145318 -2.622030
v 0.596326 1.145318 -2.617255
v 0.594314 1.145318 -2.624810
v 0.601849 1.145318 -2.613606
v 0.596321 1.145318 -2.613614
v 0.601819 1.145318 -2.592825
v 0.599073 1.147523 -2.604933
v 0.601837 1.145318 -2.604929
v 0.596309 1.145318 -2.604937
v 0.594903 1.145318 -2.604939
v 0.594886 1.145318 -2.592835
v 0.603858 1.147547 -2.622077
v 0.604626 1.146783 -2.622030
v 0.604401 1.147313 -2.622044
v 0.603889 1.146784 -2.624796
v 0.603220 1.147547 -2.624456
v 0.603693 1.147313 -2.624696
v 0.601869 1.146784 -2.626822
v 0.601480 1.147547 -2.626197
v 0.601755 1.147314 -2.626639
v 0.599105 1.146784 -2.627567
v 0.599104 1.147547 -2.626836
v 0.599105 1.147314 -2.627353
v 0.596340 1.146784 -2.626830
v 0.596727 1.147547 -2.626204
v 0.596454 1.147314 -2.626647
v 0.594314 1.146784 -2.624810
v 0.594982 1.147547 -2.624468
v 0.594510 1.147314 -2.624710
v 0.593569 1.146784 -2.622046
v 0.594337 1.147547 -2.622091
v 0.593794 1.147313 -2.622060
v 0.594306 1.146783 -2.619281
v 0.594968 1.147547 -2.619708
v 0.594500 1.147313 -2.619406
v 0.596326 1.146783 -2.617255
v 0.597063 1.147538 -2.617605
v 0.596542 1.147310 -2.617357
v 0.601119 1.147538 -2.617600
v 0.601855 1.146781 -2.617247
v 0.601639 1.147310 -2.617350
v 0.603881 1.146783 -2.619267
v 0.603220 1.147547 -2.619696
v 0.603687 1.147313 -2.619393
v 0.601819 1.146775 -2.592825
v 0.601084 1.147523 -2.592826
v 0.601604 1.147304 -2.592825
v 0.601080 1.145318 -2.590621
v 0.601817 1.145318 -2.591384
v 0.601601 1.145318 -2.590844
v 0.601818 1.146355 -2.591815
v 0.601081 1.146877 -2.591267
v 0.601602 1.146724 -2.591427
v 0.596321 1.146781 -2.613614
v 0.597057 1.147523 -2.613613
v 0.596537 1.147305 -2.613613
v 0.601114 1.147523 -2.613607
v 0.601849 1.146780 -2.613606
v 0.601634 1.147305 -2.613606
v 0.596309 1.146780 -2.604937
v 0.597043 1.147523 -2.604200
v 0.596524 1.147305 -2.604721
v 0.601101 1.147523 -2.604930
v 0.601837 1.146778 -2.604929
v 0.601621 1.147304 -2.604929
v 0.595622 1.147523 -2.592834
v 0.594886 1.146775 -2.592835
v 0.595101 1.147304 -2.592835
v 0.594884 1.146355 -2.591825
v 0.595619 1.146877 -2.591275
v 0.595099 1.146724 -2.591436
v 0.594884 1.145318 -2.591394
v 0.595618 1.145318 -2.590629
v 0.595098 1.145318 -2.590853
v 0.594903 1.146778 -2.604939
v 0.595638 1.147523 -2.604202
v 0.595118 1.147304 -2.604723
v 0.602906 1.081761 -2.622190
v 0.602398 1.081761 -2.624094
v 0.601006 1.081761 -2.625490
v 0.599103 1.081761 -2.626003
v 0.597199 1.081761 -2.625495
v 0.595803 1.081761 -2.624104
v 0.595290 1.081761 -2.622200
v 0.595797 1.081761 -2.620296
v 0.597189 1.081761 -2.618900
v 0.599092 1.081761 -2.618387
v 0.600997 1.081761 -2.618895
v 0.602393 1.081761 -2.620286
v 0.602906 1.084805 -2.622190
v 0.602398 1.084805 -2.624094
v 0.601006 1.084805 -2.625490
v 0.599103 1.084805 -2.626003
v 0.597199 1.084805 -2.625495
v 0.595803 1.084805 -2.624104
v 0.595290 1.084805 -2.622200
v 0.595797 1.084805 -2.620296
v 0.597189 1.084805 -2.618900
v 0.599092 1.084805 -2.618387
v 0.600997 1.084805 -2.618895
v 0.602393 1.084805 -2.620286
v 0.601980 1.085530 -2.622191
v 0.601596 1.085530 -2.623632
v 0.600542 1.085530 -2.624689
v 0.599102 1.085530 -2.625077
v 0.597660 1.085530 -2.624693
v 0.596604 1.085530 -2.623640
v 0.596215 1.085530 -2.622199
v 0.596599 1.085530 -2.620757
v 0.597653 1.085530 -2.619701
v 0.599093 1.085530 -2.619313
v 0.600535 1.085530 -2.619697
v 0.601592 1.085530 -2.620750
v 0.599118 1.085614 -2.617251
v 0.604626 1.116568 -2.622030
v 0.603889 1.116568 -2.624796
v 0.601869 1.116568 -2.626822
v 0.599105 1.116568 -2.627567
v 0.596340 1.116568 -2.626830
v 0.594314 1.116568 -2.624810
v 0.593569 1.116568 -2.622046
v 0.594306 1.116568 -2.619281
v 0.596326 1.116568 -2.617255
v 0.601855 1.116568 -2.617247
v 0.603881 1.116568 -2.619267
v 0.596288 1.116568 -2.590628
v 0.599052 1.116568 -2.590624
v 0.596288 1.087819 -2.590628
v 0.596291 1.085614 -2.592833
v 0.596289 1.086260 -2.591274
v 0.599055 1.085614 -2.592829
v 0.599052 1.087819 -2.590624
v 0.599053 1.086260 -2.591270
v 0.601492 1.098898 -2.602722
v 0.601487 1.096925 -2.602193
v 0.601481 1.095480 -2.600748
v 0.601477 1.094951 -2.598775
v 0.601476 1.095480 -2.596801
v 0.601477 1.096925 -2.595357
v 0.601481 1.098898 -2.594828
v 0.601486 1.100872 -2.595357
v 0.601491 1.102316 -2.596801
v 0.601495 1.102845 -2.598775
v 0.601497 1.102316 -2.600748
v 0.601496 1.100872 -2.602193
v 0.603584 1.098974 -2.602450
v 0.603580 1.097134 -2.601957
v 0.603575 1.095788 -2.600611
v 0.603571 1.095295 -2.598772
v 0.603569 1.095788 -2.596933
v 0.603570 1.097134 -2.595586
v 0.603574 1.098974 -2.595093
v 0.603579 1.100813 -2.595586
v 0.603584 1.102159 -2.596933
v 0.603587 1.102652 -2.598772
v 0.603589 1.102159 -2.600611
v 0.603588 1.100813 -2.601957
v 0.604716 1.098983 -2.600886
v 0.604713 1.097925 -2.600603
v 0.604710 1.097151 -2.599828
v 0.604708 1.096867 -2.598770
v 0.604707 1.097151 -2.597712
v 0.604708 1.097925 -2.596937
v 0.604710 1.098983 -2.596654
v 0.604712 1.100041 -2.596937
v 0.604715 1.100816 -2.597712
v 0.604717 1.101100 -2.598770
v 0.604718 1.100816 -2.599828
v 0.604718 1.100041 -2.600603
v 0.604713 1.098983 -2.598770
v 0.599085 1.085614 -2.613610
v 0.601849 1.116568 -2.613606
v 0.596321 1.116568 -2.613614
v 0.599105 1.087819 -2.627567
v 0.601869 1.087819 -2.626822
v 0.601855 1.087819 -2.617247
v 0.594306 1.087819 -2.619281
v 0.593569 1.087819 -2.622046
v 0.596340 1.087819 -2.626830
v 0.603881 1.087819 -2.619267
v 0.603889 1.087819 -2.624796
v 0.604626 1.087819 -2.622030
v 0.596326 1.087819 -2.617255
v 0.594314 1.087819 -2.624810
v 0.601849 1.087819 -2.613606
v 0.596321 1.087819 -2.613614
v 0.601819 1.116568 -2.592825
v 0.601819 1.087819 -2.592825
v 0.599073 1.085614 -2.604933
v 0.601837 1.116568 -2.604929
v 0.601837 1.087819 -2.604929
v 0.596309 1.116568 -2.604937
v 0.596309 1.087819 -2.604937
v 0.594903 1.116568 -2.604939
v 0.594903 1.087819 -2.604939
v 0.594886 1.087819 -2.592835
v 0.594886 1.116568 -2.592835
v 0.603858 1.085590 -2.622077
v 0.604626 1.086353 -2.622030
v 0.604401 1.085824 -2.622044
v 0.603889 1.086353 -2.624796
v 0.603220 1.085590 -2.624456
v 0.603693 1.085823 -2.624696
v 0.601869 1.086352 -2.626822
v 0.601480 1.085590 -2.626197
v 0.601755 1.085823 -2.626639
v 0.599105 1.086352 -2.627567
v 0.599104 1.085590 -2.626836
v 0.599105 1.085823 -2.627353
v 0.596340 1.086352 -2.626830
v 0.596727 1.085590 -2.626204
v 0.596454 1.085823 -2.626647
v 0.594314 1.086352 -2.624810
v 0.594982 1.085590 -2.624468
v 0.594510 1.085823 -2.624710
v 0.593569 1.086353 -2.622046
v 0.594337 1.085590 -2.622091
v 0.593794 1.085823 -2.622060
v 0.594306 1.086353 -2.619281
v 0.594968 1.085590 -2.619708
v 0.594500 1.085824 -2.619406
v 0.596326 1.086354 -2.617255
v 0.597063 1.085599 -2.617605
v 0.596542 1.085827 -2.617357
v 0.601119 1.085599 -2.617600
v 0.601855 1.086355 -2.617247
v 0.601639 1.085827 -2.617350
v 0.603881 1.086354 -2.619267
v 0.603220 1.085590 -2.619696
v 0.603687 1.085824 -2.619393
v 0.601817 1.116568 -2.591383
v 0.601080 1.116568 -2.590621
v 0.601601 1.116568 -2.590844
v 0.601819 1.086362 -2.592825
v 0.601084 1.085614 -2.592826
v 0.601604 1.085833 -2.592825
v 0.601080 1.087819 -2.590621
v 0.601817 1.087819 -2.591384
v 0.601601 1.087819 -2.590844
v 0.601818 1.086782 -2.591815
v 0.601081 1.086260 -2.591267
v 0.601602 1.086413 -2.591427
v 0.596321 1.086355 -2.613614
v 0.597057 1.085614 -2.613613
v 0.596537 1.085831 -2.613613
v 0.601114 1.085614 -2.613607
v 0.601849 1.086357 -2.613606
v 0.601634 1.085832 -2.613606
v 0.596309 1.086357 -2.604937
v 0.597043 1.085614 -2.604200
v 0.596524 1.085832 -2.604721
v 0.601101 1.085614 -2.604930
v 0.601837 1.086359 -2.604929
v 0.601621 1.085832 -2.604929
v 0.595618 1.116568 -2.590629
v 0.594884 1.116568 -2.591393
v 0.595098 1.116568 -2.590853
v 0.595622 1.085614 -2.592834
v 0.594886 1.086362 -2.592835
v 0.595101 1.085833 -2.592835
v 0.594884 1.086782 -2.591825
v 0.595619 1.086260 -2.591275
v 0.595099 1.086413 -2.591436
v 0.594884 1.087819 -2.591394
v 0.595618 1.087819 -2.590629
v 0.595098 1.087819 -2.590853
v 0.594903 1.086359 -2.604939
v 0.595638 1.085614 -2.604202
v 0.595118 1.085832 -2.604723
v 0.602905 0.286003 -2.622190
v 0.602398 0.286003 -2.624094
v 0.601006 0.286003 -2.625490
v 0.599103 0.286003 -2.626003
v 0.597199 0.286003 -2.625495
v 0.595803 0.286003 -2.624104
v 0.595290 0.286003 -2.622200
v 0.595797 0.286003 -2.620296
v 0.597189 0.286003 -2.618900
v 0.599092 0.286003 -2.618387
v 0.600997 0.286003 -2.618895
v 0.602393 0.286003 -2.620286
v 0.602905 0.282959 -2.622190
v 0.602398 0.282959 -2.624094
v 0.601006 0.282959 -2.625490
v 0.599103 0.282959 -2.626003
v 0.597199 0.282959 -2.625495
v 0.595803 0.282959 -2.624104
v 0.595290 0.282959 -2.622200
v 0.595797 0.282959 -2.620296
v 0.597189 0.282959 -2.618900
v 0.599092 0.282959 -2.618387
v 0.600997 0.282959 -2.618895
v 0.602393 0.282959 -2.620286
v 0.601980 0.282234 -2.622191
v 0.601596 0.282234 -2.623632
v 0.600542 0.282234 -2.624689
v 0.599102 0.282234 -2.625077
v 0.597660 0.282234 -2.624693
v 0.596604 0.282234 -2.623640
v 0.596215 0.282234 -2.622199
v 0.596599 0.282234 -2.620757
v 0.597653 0.282234 -2.619701
v 0.599093 0.282234 -2.619313
v 0.600535 0.282234 -2.619697
v 0.601592 0.282234 -2.620750
v 0.599118 0.282150 -2.617251
v 0.596288 0.279945 -2.590628
v 0.596291 0.282150 -2.592833
v 0.596289 0.281504 -2.591274
v 0.599055 0.282150 -2.592829
v 0.599052 0.279945 -2.590624
v 0.599053 0.281504 -2.591270
v 0.601492 0.268866 -2.602722
v 0.601487 0.270839 -2.602193
v 0.601481 0.272284 -2.600748
v 0.601477 0.272813 -2.598775
v 0.601476 0.272284 -2.596801
v 0.601477 0.270839 -2.595357
v 0.601480 0.268866 -2.594828
v 0.601486 0.266892 -2.595357
v 0.601491 0.265448 -2.596801
v 0.601495 0.264919 -2.598775
v 0.601497 0.265448 -2.600748
v 0.601496 0.266892 -2.602193
v 0.603584 0.268791 -2.602450
v 0.603580 0.270630 -2.601957
v 0.603575 0.271976 -2.600611
v 0.603571 0.272469 -2.598772
v 0.603569 0.271976 -2.596933
v 0.603570 0.270630 -2.595586
v 0.603574 0.268791 -2.595093
v 0.603579 0.266951 -2.595586
v 0.603584 0.265605 -2.596933
v 0.603587 0.265112 -2.598772
v 0.603589 0.265605 -2.600611
v 0.603588 0.266951 -2.601957
v 0.604716 0.268781 -2.600886
v 0.604713 0.269839 -2.600603
v 0.604710 0.270613 -2.599828
v 0.604708 0.270897 -2.598770
v 0.604707 0.270613 -2.597712
v 0.604707 0.269839 -2.596937
v 0.604709 0.268781 -2.596654
v 0.604712 0.267723 -2.596937
v 0.604715 0.266948 -2.597712
v 0.604717 0.266664 -2.598770
v 0.604718 0.266948 -2.599828
v 0.604717 0.267723 -2.600603
v 0.604712 0.268781 -2.598770
v 0.599085 0.282150 -2.613610
v 0.599105 0.279945 -2.627567
v 0.601869 0.279945 -2.626822
v 0.601855 0.279945 -2.617247
v 0.594306 0.279945 -2.619281
v 0.593569 0.279945 -2.622046
v 0.596340 0.279945 -2.626830
v 0.603881 0.279945 -2.619267
v 0.603889 0.279945 -2.624796
v 0.604626 0.279945 -2.622030
v 0.596326 0.279945 -2.617255
v 0.594314 0.279945 -2.624810
v 0.601849 0.279945 -2.613606
v 0.596321 0.279945 -2.613614
v 0.601819 0.279945 -2.592825
v 0.599073 0.282150 -2.604933
v 0.601837 0.279945 -2.604929
v 0.596309 0.279945 -2.604937
v 0.594903 0.279945 -2.604939
v 0.594886 0.279945 -2.592835
v 0.603858 0.282174 -2.622077
v 0.604626 0.281411 -2.622030
v 0.604401 0.281940 -2.622044
v 0.603889 0.281411 -2.624796
v 0.603220 0.282174 -2.624456
v 0.603693 0.281941 -2.624696
v 0.601869 0.281412 -2.626822
v 0.601480 0.282174 -2.626197
v 0.601755 0.281941 -2.626639
v 0.599105 0.281412 -2.627567
v 0.599104 0.282174 -2.626836
v 0.599105 0.281941 -2.627353
v 0.596340 0.281412 -2.626830
v 0.596727 0.282174 -2.626204
v 0.596453 0.281941 -2.626647
v 0.594314 0.281412 -2.624810
v 0.594982 0.282174 -2.624468
v 0.594509 0.281941 -2.624710
v 0.593569 0.281411 -2.622046
v 0.594337 0.282174 -2.622091
v 0.593794 0.281941 -2.622060
v 0.594306 0.281411 -2.619281
v 0.594968 0.282174 -2.619708
v 0.594500 0.281940 -2.619406
v 0.596326 0.281410 -2.617255
v 0.597063 0.282165 -2.617605
v 0.596542 0.281938 -2.617357
v 0.601119 0.282165 -2.617600
v 0.601855 0.281409 -2.617247
v 0.601639 0.281937 -2.617350
v 0.603881 0.281410 -2.619267
v 0.603220 0.282174 -2.619696
v 0.603687 0.281940 -2.619393
v 0.601819 0.281402 -2.592825
v 0.601083 0.282150 -2.592826
v 0.601604 0.281931 -2.592825
v 0.601080 0.279945 -2.590621
v 0.601817 0.279945 -2.591384
v 0.601601 0.279945 -2.590844
v 0.601818 0.280982 -2.591815
v 0.601081 0.281504 -2.591267
v 0.601602 0.281351 -2.591427
v 0.596321 0.281409 -2.613614
v 0.597057 0.282150 -2.613613
v 0.596537 0.281933 -2.613613
v 0.601113 0.282150 -2.613607
v 0.601849 0.281407 -2.613606
v 0.601634 0.281932 -2.613606
v 0.596309 0.281407 -2.604937
v 0.597043 0.282150 -2.604200
v 0.596524 0.281932 -2.604721
v 0.601101 0.282150 -2.604930
v 0.601837 0.281405 -2.604929
v 0.601621 0.281932 -2.604929
v 0.595621 0.282150 -2.592834
v 0.594886 0.281402 -2.592835
v 0.595101 0.281931 -2.592835
v 0.594884 0.280982 -2.591825
v 0.595619 0.281504 -2.591275
v 0.595099 0.281351 -2.591436
v 0.594884 0.279945 -2.591394
v 0.595618 0.279945 -2.590629
v 0.595098 0.279945 -2.590853
v 0.594903 0.281405 -2.604939
v 0.595638 0.282150 -2.604202
v 0.595118 0.281932 -2.604723
v 0.602905 0.216388 -2.622190
v 0.602398 0.216388 -2.624094
v 0.601006 0.216388 -2.625490
v 0.599103 0.216388 -2.626003
v 0.597199 0.216388 -2.625495
v 0.595803 0.216388 -2.624104
v 0.595290 0.216388 -2.622200
v 0.595797 0.216388 -2.620296
v 0.597189 0.216388 -2.618900
v 0.599092 0.216388 -2.618387
v 0.600997 0.216388 -2.618895
v 0.602393 0.216388 -2.620286
v 0.602905 0.219432 -2.622190
v 0.602398 0.219432 -2.624094
v 0.601006 0.219432 -2.625490
v 0.599103 0.219432 -2.626003
v 0.597199 0.219432 -2.625495
v 0.595803 0.219432 -2.624104
v 0.595290 0.219432 -2.622200
v 0.595797 0.219432 -2.620296
v 0.597189 0.219432 -2.618900
v 0.599092 0.219432 -2.618387
v 0.600997 0.219432 -2.618895
v 0.602393 0.219432 -2.620286
v 0.601980 0.220158 -2.622191
v 0.601596 0.220158 -2.623632
v 0.600542 0.220158 -2.624689
v 0.599102 0.220158 -2.625077
v 0.597660 0.220158 -2.624693
v 0.596604 0.220158 -2.623640
v 0.596215 0.220158 -2.622199
v 0.596599 0.220158 -2.620757
v 0.597653 0.220158 -2.619701
v 0.599093 0.220158 -2.619313
v 0.600535 0.220158 -2.619697
v 0.601592 0.220158 -2.620750
v 0.599118 0.220241 -2.617251
v 0.604626 0.251196 -2.622030
v 0.603889 0.251196 -2.624796
v 0.601869 0.251196 -2.626822
v 0.599105 0.251196 -2.627567
v 0.596340 0.251196 -2.626830
v 0.594314 0.251196 -2.624810
v 0.593569 0.251196 -2.622046
v 0.594306 0.251196 -2.619281
v 0.596326 0.251196 -2.617255
v 0.601855 0.251196 -2.617247
v 0.603881 0.251196 -2.619267
v 0.596288 0.251196 -2.590628
v 0.599052 0.251196 -2.590624
v 0.596288 0.222446 -2.590628
v 0.596291 0.220241 -2.592833
v 0.596289 0.220887 -2.591274
v 0.599055 0.220241 -2.592829
v 0.599052 0.222446 -2.590624
v 0.599053 0.220887 -2.591270
v 0.601492 0.233525 -2.602722
v 0.601487 0.231552 -2.602193
v 0.601481 0.230107 -2.600748
v 0.601477 0.229578 -2.598775
v 0.601476 0.230107 -2.596801
v 0.601477 0.231552 -2.595357
v 0.601480 0.233525 -2.594828
v 0.601486 0.235499 -2.595357
v 0.601491 0.236944 -2.596801
v 0.601495 0.237473 -2.598775
v 0.601497 0.236944 -2.600748
v 0.601496 0.235499 -2.602193
v 0.603584 0.233601 -2.602450
v 0.603580 0.231762 -2.601957
v 0.603575 0.230415 -2.600611
v 0.603571 0.229922 -2.598772
v 0.603569 0.230415 -2.596933
v 0.603570 0.231762 -2.595586
v 0.603574 0.233601 -2.595093
v 0.603579 0.235440 -2.595586
v 0.603584 0.236786 -2.596933
v 0.603587 0.237279 -2.598772
v 0.603589 0.236786 -2.600611
v 0.603588 0.235440 -2.601957
v 0.604716 0.233611 -2.600886
v 0.604713 0.232552 -2.600603
v 0.604710 0.231778 -2.599828
v 0.604708 0.231494 -2.598770
v 0.604707 0.231778 -2.597712
v 0.604707 0.232552 -2.596937
v 0.604709 0.233611 -2.596654
v 0.604712 0.234669 -2.596937
v 0.604715 0.235443 -2.597712
v 0.604717 0.235727 -2.598770
v 0.604718 0.235443 -2.599828
v 0.604717 0.234669 -2.600603
v 0.604712 0.233611 -2.598770
v 0.599085 0.220241 -2.613610
v 0.601849 0.251196 -2.613606
v 0.596321 0.251196 -2.613614
v 0.599105 0.222447 -2.627567
v 0.601869 0.222447 -2.626822
v 0.601855 0.222447 -2.617247
v 0.594306 0.222447 -2.619281
v 0.593569 0.222447 -2.622046
v 0.596340 0.222447 -2.626830
v 0.603881 0.222447 -2.619267
v 0.603889 0.222447 -2.624796
v 0.604626 0.222447 -2.622030
v 0.596326 0.222447 -2.617255
v 0.594314 0.222447 -2.624810
v 0.601849 0.222446 -2.613606
v 0.596321 0.222446 -2.613614
v 0.601819 0.251196 -2.592825
v 0.601819 0.222446 -2.592825
v 0.599073 0.220241 -2.604933
v 0.601837 0.251196 -2.604929
v 0.601837 0.222446 -2.604929
v 0.596309 0.251196 -2.604937
v 0.596309 0.222446 -2.604937
v 0.594903 0.251196 -2.604939
v 0.594903 0.222446 -2.604939
v 0.594886 0.222446 -2.592835
v 0.594886 0.251196 -2.592835
v 0.603858 0.220217 -2.622077
v 0.604626 0.220981 -2.622030
v 0.604401 0.220451 -2.622044
v 0.603889 0.220980 -2.624796
v 0.603220 0.220217 -2.624456
v 0.603693 0.220451 -2.624696
v 0.601869 0.220980 -2.626822
v 0.601480 0.220217 -2.626197
v 0.601755 0.220450 -2.626639
v 0.599105 0.220980 -2.627567
v 0.599104 0.220217 -2.626836
v 0.599105 0.220450 -2.627353
v 0.596340 0.220980 -2.626830
v 0.596727 0.220217 -2.626204
v 0.596453 0.220450 -2.626647
v 0.594314 0.220980 -2.624810
v 0.594982 0.220217 -2.624468
v 0.594509 0.220451 -2.624710
v 0.593569 0.220980 -2.622046
v 0.594337 0.220217 -2.622091
v 0.593794 0.220451 -2.622060
v 0.594306 0.220981 -2.619281
v 0.594968 0.220217 -2.619708
v 0.594500 0.220451 -2.619406
v 0.596326 0.220981 -2.617255
v 0.597063 0.220226 -2.617605
v 0.596542 0.220454 -2.617357
v 0.601119 0.220226 -2.617600
v 0.601855 0.220983 -2.617247
v 0.601639 0.220454 -2.617350
v 0.603881 0.220981 -2.619267
v 0.603220 0.220217 -2.619696
v 0.603687 0.220451 -2.619393
v 0.601817 0.251196 -2.591383
v 0.601080 0.251196 -2.590621
v 0.601601 0.251196 -2.590844
v 0.601819 0.220989 -2.592825
v 0.601083 0.220241 -2.592826
v 0.601604 0.220460 -2.592825
v 0.601080 0.222446 -2.590621
v 0.601817 0.222446 -2.591384
v 0.601601 0.222446 -2.590844
v 0.601818 0.221409 -2.591815
v 0.601081 0.220887 -2.591267
v 0.601602 0.221040 -2.591427
v 0.596321 0.220983 -2.613614
v 0.597057 0.220241 -2.613613
v 0.596537 0.220459 -2.613613
v 0.601113 0.220241 -2.613607
v 0.601849 0.220984 -2.613606
v 0.601634 0.220459 -2.613606
v 0.596309 0.220984 -2.604937
v 0.597043 0.220241 -2.604200
v 0.596524 0.220459 -2.604721
v 0.601101 0.220241 -2.604930
v 0.601837 0.220986 -2.604929
v 0.601621 0.220460 -2.604929
v 0.595618 0.251196 -2.590629
v 0.594884 0.251196 -2.591393
v 0.595098 0.251196 -2.590853
v 0.595621 0.220241 -2.592834
v 0.594886 0.220989 -2.592835
v 0.595101 0.220460 -2.592835
v 0.594884 0.221409 -2.591825
v 0.595619 0.220887 -2.591275
v 0.595099 0.221040 -2.591436
v 0.594884 0.222446 -2.591394
v 0.595618 0.222446 -2.590629
v 0.595098 0.222446 -2.590853
v 0.594903 0.220986 -2.604939
v 0.595638 0.220241 -2.604202
v 0.595118 0.220460 -2.604723
v 0.024053 0.769438 -2.620302
v 0.055963 0.769438 -2.628902
v 0.224612 0.769438 -2.631895
v 0.089772 0.769438 -2.629611
v 0.175780 0.769438 -2.631081
v 0.132776 0.769438 -2.630353
v 0.024053 0.753289 -2.620302
v 0.055963 0.753289 -2.628902
v 0.224612 0.753289 -2.631895
v 0.089772 0.753289 -2.629611
v 0.175780 0.753289 -2.631081
v 0.132776 0.753289 -2.630353
v 0.040217 0.769438 -2.628984
v 0.040217 0.753289 -2.628984
v 0.019886 0.769438 -2.609700
v 0.019886 0.753289 -2.609700
v 0.225447 0.766475 -2.629287
v 0.225447 0.756252 -2.629287
v 0.041053 0.766474 -2.626376
v 0.041053 0.756252 -2.626376
v 0.176616 0.766475 -2.628473
v 0.176616 0.756252 -2.628473
v 0.056798 0.766474 -2.626294
v 0.056798 0.756252 -2.626294
v 0.090608 0.766475 -2.627002
v 0.133612 0.766475 -2.627745
v 0.090608 0.756252 -2.627002
v 0.133612 0.756252 -2.627745
v 0.019886 0.766474 -2.609700
v 0.019886 0.756252 -2.609700
v 0.028507 0.769438 -2.616346
v 0.057730 0.769438 -2.623574
v 0.224755 0.769438 -2.626303
v 0.090807 0.769438 -2.624108
v 0.176100 0.769438 -2.625498
v 0.133336 0.769438 -2.624785
v 0.028507 0.753289 -2.616346
v 0.057730 0.753289 -2.623574
v 0.224755 0.753289 -2.626303
v 0.090807 0.753289 -2.624108
v 0.176100 0.753289 -2.625498
v 0.133336 0.753289 -2.624785
v 0.042652 0.769438 -2.623944
v 0.042652 0.753289 -2.623944
v 0.025091 0.769438 -2.607655
v 0.025091 0.753289 -2.607655
v 0.040217 0.756252 -2.628984
v 0.040217 0.766474 -2.628984
v 0.224612 0.756252 -2.631895
v 0.224612 0.766475 -2.631895
v 0.024053 0.766474 -2.620302
v 0.024053 0.756252 -2.620302
v 0.175780 0.766475 -2.631081
v 0.175780 0.756252 -2.631081
v 0.055963 0.756252 -2.628902
v 0.055963 0.766474 -2.628902
v 0.089772 0.756252 -2.629611
v 0.089772 0.766475 -2.629611
v 0.132776 0.766475 -2.630353
v 0.132776 0.756252 -2.630353
v 0.024888 0.756252 -2.617694
v 0.024888 0.766474 -2.617694
v 0.021540 0.756252 -2.609175
v 0.021540 0.766474 -2.609175
v 0.517353 0.769438 -2.619588
v 0.485467 0.769438 -2.628281
v 0.316828 0.769438 -2.631762
v 0.451660 0.769438 -2.629087
v 0.365657 0.769438 -2.630806
v 0.408658 0.769438 -2.629954
v 0.517353 0.753289 -2.619588
v 0.485467 0.753289 -2.628281
v 0.316828 0.753289 -2.631762
v 0.451660 0.753289 -2.629087
v 0.365657 0.753289 -2.630806
v 0.408658 0.753289 -2.629954
v 0.501213 0.769438 -2.628318
v 0.501213 0.753289 -2.628318
v 0.521488 0.769438 -2.608974
v 0.521488 0.753289 -2.608974
v 0.315985 0.766475 -2.629156
v 0.270720 0.769438 -2.631829
v 0.270716 0.766475 -2.629222
v 0.315985 0.756252 -2.629156
v 0.270716 0.756252 -2.629222
v 0.500370 0.766474 -2.625712
v 0.500370 0.756252 -2.625712
v 0.364814 0.766475 -2.628201
v 0.270720 0.753289 -2.631829
v 0.364814 0.756252 -2.628201
v 0.484624 0.766474 -2.625675
v 0.484624 0.756252 -2.625675
v 0.450817 0.766475 -2.626482
v 0.407816 0.766475 -2.627349
v 0.450817 0.756252 -2.626482
v 0.407816 0.756252 -2.627349
v 0.521488 0.766474 -2.608974
v 0.521488 0.756252 -2.608974
v 0.512887 0.769438 -2.615646
v 0.483685 0.769438 -2.622958
v 0.316669 0.769438 -2.626170
v 0.450610 0.769438 -2.623588
v 0.365321 0.769438 -2.625224
v 0.408083 0.769438 -2.624388
v 0.512887 0.753289 -2.615646
v 0.483685 0.753289 -2.622958
v 0.316669 0.753289 -2.626170
v 0.450610 0.753289 -2.623588
v 0.365321 0.753289 -2.625224
v 0.408083 0.753289 -2.624388
v 0.498763 0.769438 -2.623285
v 0.498763 0.753289 -2.623285
v 0.516277 0.769438 -2.606944
v 0.516277 0.753289 -2.606944
v 0.501213 0.756252 -2.628318
v 0.270712 0.769438 -2.626236
v 0.501213 0.766474 -2.628318
v 0.316828 0.756252 -2.631762
v 0.316828 0.766475 -2.631762
v 0.270720 0.766475 -2.631829
v 0.270720 0.756252 -2.631829
v 0.517353 0.766474 -2.619588
v 0.270712 0.753289 -2.626236
v 0.517353 0.756252 -2.619588
v 0.365657 0.766475 -2.630806
v 0.365657 0.756252 -2.630806
v 0.485467 0.756252 -2.628281
v 0.485467 0.766474 -2.628281
v 0.451660 0.756252 -2.629087
v 0.451660 0.766475 -2.629087
v 0.408658 0.766475 -2.629954
v 0.408658 0.756252 -2.629954
v 0.516510 0.756252 -2.616983
v 0.516510 0.766474 -2.616983
v 0.519833 0.756252 -2.608454
v 0.519833 0.766474 -2.608454
v 0.024053 0.511747 -2.620302
v 0.055963 0.511747 -2.628902
v 0.224612 0.511747 -2.631895
v 0.089772 0.511747 -2.629611
v 0.175780 0.511747 -2.631081
v 0.132776 0.511747 -2.630353
v 0.024053 0.495597 -2.620302
v 0.055963 0.495597 -2.628902
v 0.224612 0.495598 -2.631895
v 0.089772 0.495598 -2.629611
v 0.175780 0.495598 -2.631081
v 0.132776 0.495598 -2.630353
v 0.040217 0.511747 -2.628984
v 0.040217 0.495597 -2.628984
v 0.019886 0.511747 -2.609700
v 0.019886 0.495597 -2.609700
v 0.225447 0.508784 -2.629287
v 0.225447 0.498561 -2.629287
v 0.041053 0.508783 -2.626376
v 0.041053 0.498560 -2.626376
v 0.176616 0.508784 -2.628473
v 0.176616 0.498561 -2.628473
v 0.056798 0.508783 -2.626294
v 0.056798 0.498561 -2.626294
v 0.090608 0.508784 -2.627002
v 0.133612 0.508784 -2.627745
v 0.090608 0.498561 -2.627002
v 0.133612 0.498561 -2.627745
v 0.019886 0.508783 -2.609700
v 0.019886 0.498560 -2.609700
v 0.028507 0.511747 -2.616346
v 0.057730 0.511747 -2.623574
v 0.224754 0.511747 -2.626303
v 0.090807 0.511747 -2.624108
v 0.176100 0.511747 -2.625498
v 0.133336 0.511747 -2.624785
v 0.028507 0.495597 -2.616346
v 0.057730 0.495597 -2.623574
v 0.224754 0.495598 -2.626303
v 0.090807 0.495598 -2.624108
v 0.176100 0.495598 -2.625498
v 0.133336 0.495598 -2.624785
v 0.042652 0.511747 -2.623944
v 0.042652 0.495597 -2.623944
v 0.025091 0.511747 -2.607655
v 0.025091 0.495597 -2.607655
v 0.040217 0.498560 -2.628984
v 0.040217 0.508783 -2.628984
v 0.224612 0.498561 -2.631895
v 0.224612 0.508784 -2.631895
v 0.024053 0.508783 -2.620302
v 0.024053 0.498560 -2.620302
v 0.175780 0.508784 -2.631081
v 0.175780 0.498561 -2.631081
v 0.055963 0.498561 -2.628902
v 0.055963 0.508783 -2.628902
v 0.089772 0.498561 -2.629611
v 0.089772 0.508784 -2.629611
v 0.132776 0.508784 -2.630353
v 0.132776 0.498561 -2.630353
v 0.024888 0.498560 -2.617694
v 0.024888 0.508783 -2.617694
v 0.021540 0.498560 -2.609175
v 0.021540 0.508783 -2.609175
v 0.517353 0.511747 -2.619588
v 0.485467 0.511747 -2.628281
v 0.316828 0.511747 -2.631762
v 0.451660 0.511747 -2.629087
v 0.365657 0.511747 -2.630806
v 0.408658 0.511747 -2.629954
v 0.517353 0.495597 -2.619588
v 0.485467 0.495597 -2.628281
v 0.316828 0.495597 -2.631762
v 0.451660 0.495597 -2.629087
v 0.365657 0.495597 -2.630806
v 0.408658 0.495597 -2.629954
v 0.501213 0.511747 -2.628318
v 0.501213 0.495597 -2.628318
v 0.521488 0.511747 -2.608974
v 0.521488 0.495597 -2.608974
v 0.315985 0.508784 -2.629156
v 0.270720 0.511747 -2.631829
v 0.270716 0.508784 -2.629222
v 0.315985 0.498561 -2.629156
v 0.270716 0.498561 -2.629222
v 0.500370 0.508783 -2.625712
v 0.500370 0.498560 -2.625712
v 0.364814 0.508784 -2.628201
v 0.270720 0.495597 -2.631829
v 0.364814 0.498561 -2.628201
v 0.484624 0.508783 -2.625675
v 0.484624 0.498561 -2.625675
v 0.450817 0.508783 -2.626482
v 0.407816 0.508784 -2.627349
v 0.450817 0.498561 -2.626482
v 0.407816 0.498561 -2.627349
v 0.521488 0.508783 -2.608974
v 0.521488 0.498560 -2.608974
v 0.512887 0.511747 -2.615646
v 0.483685 0.511747 -2.622958
v 0.316669 0.511747 -2.626170
v 0.450610 0.511747 -2.623588
v 0.365321 0.511747 -2.625224
v 0.408083 0.511747 -2.624388
v 0.512887 0.495597 -2.615646
v 0.483685 0.495597 -2.622958
v 0.316669 0.495597 -2.626170
v 0.450610 0.495597 -2.623588
v 0.365321 0.495597 -2.625224
v 0.408083 0.495597 -2.624388
v 0.498763 0.511747 -2.623285
v 0.498763 0.495597 -2.623285
v 0.516277 0.511747 -2.606944
v 0.516277 0.495597 -2.606944
v 0.501213 0.498560 -2.628318
v 0.270712 0.511747 -2.626236
v 0.501213 0.508783 -2.628318
v 0.316828 0.498561 -2.631762
v 0.316828 0.508784 -2.631762
v 0.270720 0.508784 -2.631829
v 0.270720 0.498561 -2.631829
v 0.517353 0.508783 -2.619588
v 0.270712 0.495597 -2.626236
v 0.517353 0.498560 -2.619588
v 0.365657 0.508784 -2.630806
v 0.365657 0.498561 -2.630806
v 0.485467 0.498561 -2.628281
v 0.485467 0.508783 -2.628281
v 0.451660 0.498561 -2.629087
v 0.451660 0.508783 -2.629087
v 0.408658 0.508784 -2.629954
v 0.408658 0.498561 -2.629954
v 0.516510 0.498560 -2.616983
v 0.516510 0.508783 -2.616983
v 0.519833 0.498560 -2.608454
v 0.519833 0.508783 -2.608454
vn -0.1141 0.0389 -0.9927
vn 0.7408 -0.1950 -0.6427
vn 0.7858 -0.0179 -0.6182
vn -0.1324 0.0065 -0.9912
vn -0.0002 -0.1187 -0.9929
vn -0.0066 0.4263 -0.9045
vn -0.1069 0.3603 -0.9267
vn 0.0202 -0.1129 -0.9934
vn 0.7119 -0.6946 -0.1036
vn 0.7157 -0.6984 0.0003
vn 0.8710 -0.4913 0.0008
vn 0.8662 -0.4888 -0.1040
vn 0.7897 0.0007 -0.6135
vn -0.1268 0.0007 -0.9919
vn -0.0014 -0.2392 0.9710
vn -0.0055 -0.2370 0.9715
vn -0.0140 -0.7170 0.6969
vn -0.0010 -0.7240 0.6898
vn -0.7081 -0.0184 0.7059
vn -0.7082 -0.0026 0.7060
vn -0.9967 -0.0004 0.0817
vn -0.9967 -0.0022 0.0816
vn 0.0014 0.2276 -0.9738
vn 0.0014 -0.0025 -1.0000
vn 0.0013 -0.0016 -1.0000
vn 0.0031 0.2287 -0.9735
vn 0.9956 -0.0262 -0.0901
vn 0.9996 -0.0270 0.0014
vn 1.0000 -0.0000 0.0014
vn 0.9962 0.0001 -0.0875
vn 0.0014 -0.0000 -1.0000
vn -0.0733 -0.0000 -0.9973
vn -0.0775 -0.0000 -0.9970
vn 0.0004 0.0854 -0.9963
vn 0.0014 0.0861 -0.9963
vn -0.9998 -0.0018 -0.0188
vn -0.9904 0.0148 0.1374
vn -0.9956 0.0195 0.0921
vn -0.0781 0.0017 -0.9969
vn -0.0455 0.0470 -0.9979
vn -0.0330 0.0598 -0.9977
vn -0.0179 0.0727 -0.9972
vn -0.0673 0.0183 -0.9976
vn -0.0567 0.0335 -0.9978
vn -0.0179 -0.9995 -0.0249
vn -0.0000 -0.9997 -0.0249
vn -0.0002 -0.9921 0.1252
vn -0.0181 -0.9917 0.1273
vn -0.2133 -0.0038 0.9770
vn -0.2156 0.0970 0.9717
vn -0.7106 0.0721 0.6999
vn -0.1823 0.2023 0.9622
vn -0.7080 0.1440 0.6913
vn -0.2130 -0.0255 0.9767
vn -0.9997 -0.0000 -0.0227
vn -0.9990 -0.0369 -0.0242
vn -0.9932 -0.0403 0.1091
vn -0.9949 -0.0027 0.1012
vn -0.0014 -0.0040 1.0000
vn -0.0014 0.0980 0.9952
vn -0.1796 0.2217 0.9584
vn -0.2111 0.2682 0.9400
vn -0.6823 0.3291 0.6529
vn -0.7071 0.1746 0.6852
vn -0.9547 0.2763 0.1109
vn -0.9954 0.0422 0.0866
vn -0.1843 0.3163 0.9306
vn -0.6010 0.4892 0.6321
vn -0.8506 0.5127 0.1168
vn -0.1443 0.3522 0.9248
vn -0.4826 0.6209 0.6177
vn -0.6904 0.7129 0.1228
vn -0.0977 0.3753 0.9217
vn -0.3376 0.7196 0.6068
vn -0.4859 0.8646 0.1277
vn -0.0472 0.3830 0.9225
vn -0.1719 0.7783 0.6039
vn -0.2505 0.9591 0.1316
vn -0.0024 0.3164 0.9486
vn -0.0082 0.7848 0.6197
vn -0.0118 0.9906 0.1360
vn -0.0002 0.9907 0.1363
vn -0.0009 0.7838 0.6210
vn -0.0014 0.3132 0.9497
vn -0.9995 0.0209 -0.0236
vn -0.0014 0.2211 0.9753
vn -0.0014 -0.0261 0.9997
vn -0.1538 -0.1769 0.9721
vn -0.4052 -0.4231 0.8104
vn -0.2165 -0.0351 0.9757
vn -0.7089 -0.0474 0.7037
vn -0.6973 -0.6970 0.1674
vn 0.0014 -0.0742 -0.9972
vn 0.0003 -0.0737 -0.9973
vn 0.0013 0.2032 -0.9791
vn 0.0007 -0.8693 -0.4943
vn 0.0089 -0.8672 -0.4979
vn -0.0029 0.1999 -0.9798
vn -0.2158 -0.0255 0.9761
vn -0.0014 0.2027 0.9792
vn -0.0639 -0.0023 -0.9980
vn -0.0425 0.1509 -0.9876
vn 0.2134 -0.7943 -0.5689
vn 0.3995 -0.6752 -0.6202
vn -0.0720 0.1207 -0.9901
vn 0.5065 -0.8567 -0.0972
vn 0.5087 -0.8609 -0.0002
vn 0.5488 -0.5336 -0.6435
vn -0.0945 0.0933 -0.9911
vn -0.9670 0.2531 -0.0284
vn -0.8684 0.4949 -0.0324
vn -0.7101 0.7032 -0.0351
vn -0.5029 0.8636 -0.0361
vn -0.2605 0.9648 -0.0346
vn -0.0122 0.9994 -0.0311
vn 0.0001 -0.9978 -0.0669
vn -0.0000 -1.0000 -0.0012
vn 0.0114 -0.9999 -0.0012
vn 0.0112 -0.9976 -0.0677
vn -0.7091 -0.7046 -0.0263
vn -0.0014 0.2021 0.9794
vn 0.7634 0.0011 -0.6459
vn 0.7591 0.0010 -0.6510
vn 0.7857 0.0009 -0.6186
vn 0.7892 0.0008 -0.6141
vn 0.0496 -0.0898 -0.9947
vn -0.1811 0.3009 -0.9363
vn -0.2430 0.2374 -0.9405
vn 0.0699 -0.0689 -0.9952
vn -0.0030 0.1582 -0.9874
vn -0.0178 -0.4231 -0.9059
vn 0.0013 -0.4416 -0.8972
vn 0.0014 0.1646 -0.9864
vn 0.2045 -0.0044 -0.9788
vn 0.1845 -0.0480 -0.9817
vn 0.0630 0.0141 -0.9979
vn -0.2382 -0.1216 -0.9636
vn -0.1788 -0.1798 -0.9673
vn 0.0373 0.0366 -0.9986
vn 0.0001 0.9995 -0.0308
vn -0.1721 -0.1696 -0.9704
vn 0.1047 -0.0208 -0.9943
vn -0.3478 0.1059 -0.9316
vn -0.3935 0.0142 -0.9192
vn 0.1157 0.0016 -0.9933
vn 0.1642 -0.0024 -0.9864
vn -0.3067 -0.0305 -0.9513
vn -0.8387 -0.0893 -0.5372
vn -0.6867 -0.3004 -0.6620
vn -0.7345 -0.3362 -0.5895
vn -0.8635 -0.0861 -0.4969
vn 0.0166 0.0630 -0.9979
vn -0.1295 -0.2391 -0.9623
vn -0.1869 -0.0097 -0.9823
vn 0.7395 0.1251 -0.6615
vn 0.6573 0.2789 -0.7001
vn -0.0586 -0.0223 -0.9980
vn 0.4872 0.4871 -0.7248
vn -0.0382 -0.0409 -0.9984
vn 0.2893 0.6624 -0.6911
vn -0.0253 -0.0567 -0.9981
vn 0.0208 0.8017 -0.5973
vn -0.0094 -0.1136 -0.9935
vn 0.0009 0.8101 -0.5863
vn 0.0014 -0.1231 -0.9924
vn -0.2131 -0.0255 0.9767
vn 0.7532 -0.0167 -0.6576
vn 0.6946 -0.1830 -0.6957
vn 0.7203 -0.1899 -0.6671
vn 0.7810 -0.0171 -0.6243
vn 0.3805 0.9174 -0.1162
vn 0.3809 0.9246 -0.0055
vn 0.0276 0.9996 -0.0065
vn 0.0271 0.9957 -0.0889
vn 0.6971 0.7057 -0.1268
vn 0.7045 0.7097 -0.0036
vn 0.9200 0.3741 -0.1164
vn 0.9271 0.3747 -0.0008
vn -0.0000 1.0000 -0.0065
vn 0.0001 0.9963 -0.0863
vn 0.9958 0.0161 -0.0898
vn 0.9999 0.0162 0.0011
vn 0.2589 -0.9622 -0.0844
vn 0.2599 -0.9656 -0.0007
vn 0.9638 -0.2476 -0.0988
vn 0.9684 -0.2494 0.0012
vn -0.1276 -0.0013 -0.9918
vn 0.8103 -0.0009 -0.5860
vn 0.6018 -0.3438 -0.7209
vn 0.6254 -0.3590 -0.6928
vn -0.2949 0.1785 -0.9387
vn 0.0865 -0.0470 -0.9951
vn 0.0094 -0.7579 -0.6523
vn 0.0010 -0.7599 -0.6501
vn 0.0009 -0.7797 -0.6261
vn 0.0086 -0.7781 -0.6281
vn -0.5096 -0.5122 -0.6913
vn -0.5570 -0.5590 -0.6142
vn 0.4888 -0.4805 -0.7281
vn 0.3526 -0.5992 -0.7188
vn 0.3642 -0.6236 -0.6917
vn 0.5083 -0.5013 -0.7003
vn 0.2185 0.0003 -0.9758
vn 0.2100 0.0003 -0.9777
vn 0.1153 0.2568 -0.9596
vn 0.1884 -0.6964 -0.6924
vn 0.1896 -0.7208 -0.6667
vn 0.1770 0.1764 -0.9683
vn 0.0015 -0.1179 -0.9930
vn 0.0013 0.4300 -0.9028
vn 0.2480 0.1093 -0.9626
vn 0.2190 0.0027 -0.9757
vn 0.0008 0.8098 -0.5867
vn 0.0089 0.8076 -0.5896
vn 0.0100 0.8508 -0.5253
vn 0.0008 0.8563 -0.5165
vn -0.1086 0.0698 -0.9916
vn 0.6595 -0.3767 -0.6505
vn -0.5850 0.5705 -0.5765
vn -0.7007 0.4226 -0.5748
vn -0.7336 0.4432 -0.5151
vn -0.6108 0.5948 -0.5226
vn -0.7940 0.2331 -0.5615
vn -0.8361 0.2462 -0.4902
vn -0.4047 0.0010 -0.9145
vn 0.1050 0.0012 -0.9945
vn -0.8516 0.0233 -0.5237
vn -0.8953 0.0241 -0.4447
vn 0.0007 0.8796 -0.4757
vn -0.0104 0.8781 -0.4784
vn -0.0111 0.8984 -0.4390
vn 0.0006 0.8997 -0.4365
vn -0.2229 0.8188 -0.5290
vn -0.2322 0.8436 -0.4842
vn -0.4217 0.7108 -0.5630
vn -0.4391 0.7378 -0.5127
vn -0.0329 -0.8716 -0.4892
vn 0.0007 -0.8836 -0.4683
vn 0.0005 -0.9312 -0.3645
vn -0.0336 -0.9217 -0.3865
vn 0.6032 0.2603 -0.7539
vn 0.7640 0.0113 -0.6452
vn 0.8032 0.0150 -0.5955
vn 0.5733 0.2409 -0.7831
vn 0.4401 0.4397 -0.7829
vn 0.4139 0.4119 -0.8118
vn 0.2728 0.6159 -0.7391
vn 0.2573 0.5830 -0.7707
vn -0.8685 -0.0010 -0.4957
vn -0.9011 -0.0011 -0.4337
vn 0.1559 -0.0881 -0.9838
vn -0.3223 -0.6846 -0.6537
vn -0.3610 -0.7301 -0.5801
vn 0.1267 -0.1233 -0.9843
vn 0.0939 -0.1572 -0.9831
vn 0.0039 -0.2227 -0.9749
vn 0.0014 -0.2241 -0.9746
vn 0.0533 -0.1917 -0.9800
vn -0.8535 0.0002 -0.5211
vn -0.8998 0.0002 -0.4364
vn 0.2300 0.0004 -0.9732
vn 0.7726 0.0011 -0.6349
vn 0.1336 -0.0005 -0.9910
vn -0.3828 -0.0011 -0.9238
vn 0.8070 0.0009 -0.5905
vn -0.9012 -0.0011 -0.4335
vn -0.4080 -0.0012 -0.9130
vn -0.7291 0.0161 -0.6843
vn -0.6727 0.1801 -0.7176
vn -0.5857 0.3385 -0.7365
vn -0.4748 0.4760 -0.7403
vn -0.3407 0.5926 -0.7299
vn -0.1825 0.6871 -0.7032
vn -0.0081 0.7521 -0.6590
vn 0.0009 0.7545 -0.6563
vn -0.0094 -0.6220 -0.7829
vn -0.4481 -0.4437 -0.7761
vn 0.0011 -0.6226 -0.7826
vn -0.7306 -0.0000 -0.6828
vn -0.0649 -0.0000 -0.9979
vn -0.7192 -0.0263 -0.6943
vn -0.7255 -0.0000 -0.6883
vn -0.0000 1.0000 -0.0000
vn 0.0002 0.9913 -0.1313
vn 0.0014 0.0317 -0.9995
vn 0.0002 -0.9913 -0.1313
vn -0.0000 -1.0000 -0.0000
vn 0.0008 -0.8312 -0.5560
vn 0.0008 0.8312 -0.5560
vn 0.0010 -0.7071 -0.7071
vn 0.0014 -0.1024 -0.9947
vn 0.0010 0.7071 -0.7071
vn 0.1170 0.0389 -0.9924
vn 0.1353 0.0065 -0.9908
vn -0.7840 -0.0179 -0.6204
vn -0.7390 -0.1950 -0.6449
vn 0.0031 -0.1187 -0.9929
vn -0.0174 -0.1129 -0.9935
vn 0.1096 0.3603 -0.9264
vn 0.0093 0.4263 -0.9045
vn -0.7116 -0.6946 -0.1056
vn -0.8659 -0.4888 -0.1066
vn -0.8710 -0.4913 -0.0017
vn -0.7153 -0.6988 -0.0018
vn 0.1297 0.0007 -0.9916
vn -0.7879 0.0007 -0.6158
vn 0.0120 -0.7170 0.6969
vn 0.0027 -0.2370 0.9715
vn 0.7061 -0.0184 0.7079
vn 0.9964 -0.0022 0.0845
vn 0.9964 -0.0004 0.0846
vn 0.7061 -0.0026 0.7081
vn -0.0003 0.2288 -0.9735
vn 0.0016 -0.0016 -1.0000
vn -0.9953 -0.0263 -0.0930
vn -0.9959 0.0006 -0.0903
vn -1.0000 -0.0000 -0.0014
vn -0.9996 -0.0270 -0.0015
vn 0.0804 -0.0000 -0.9968
vn 0.0762 0.0007 -0.9971
vn 0.0024 0.0854 -0.9963
vn 0.9999 -0.0001 -0.0159
vn 0.9953 0.0196 0.0950
vn 0.9900 0.0148 0.1402
vn 0.0810 0.0017 -0.9967
vn 0.0359 0.0598 -0.9976
vn 0.0484 0.0470 -0.9977
vn 0.0208 0.0727 -0.9971
vn 0.0596 0.0335 -0.9977
vn 0.0702 0.0183 -0.9974
vn 0.0179 -0.9995 -0.0249
vn 0.0177 -0.9917 0.1274
vn 0.2105 -0.0038 0.9776
vn 0.7086 0.0721 0.7019
vn 0.2128 0.0972 0.9723
vn 0.1795 0.2023 0.9627
vn 0.7060 0.1440 0.6934
vn 0.2101 -0.0255 0.9773
vn 0.9998 0.0008 -0.0198
vn 0.9946 -0.0027 0.1041
vn 0.9929 -0.0403 0.1120
vn 0.9991 -0.0369 -0.0213
vn 0.1768 0.2217 0.9589
vn 0.7051 0.1746 0.6872
vn 0.6803 0.3290 0.6549
vn 0.2083 0.2682 0.9406
vn 0.9951 0.0422 0.0895
vn 0.9543 0.2763 0.1137
vn 0.5992 0.4892 0.6338
vn 0.1816 0.3163 0.9311
vn 0.8503 0.5127 0.1193
vn 0.4808 0.6209 0.6191
vn 0.1416 0.3522 0.9252
vn 0.6901 0.7129 0.1248
vn 0.3358 0.7196 0.6078
vn 0.0950 0.3752 0.9221
vn 0.4855 0.8646 0.1291
vn 0.1702 0.7783 0.6043
vn 0.0446 0.3830 0.9227
vn 0.2501 0.9591 0.1324
vn 0.0065 0.7848 0.6197
vn -0.0003 0.3164 0.9486
vn 0.0115 0.9906 0.1361
vn 0.9996 0.0209 -0.0207
vn 0.1509 -0.1769 0.9726
vn 0.4029 -0.4231 0.8116
vn 0.2137 -0.0351 0.9763
vn 0.7069 -0.0474 0.7057
vn 0.6968 -0.6970 0.1694
vn 0.0026 -0.0737 -0.9973
vn 0.0058 0.1999 -0.9798
vn -0.0074 -0.8672 -0.4979
vn 0.2129 -0.0255 0.9767
vn 0.0668 -0.0023 -0.9978
vn 0.0453 0.1509 -0.9875
vn 0.0749 0.1207 -0.9899
vn -0.3977 -0.6752 -0.6213
vn -0.2117 -0.7943 -0.5695
vn -0.5062 -0.8567 -0.0987
vn -0.5087 -0.8609 -0.0017
vn 0.0974 0.0933 -0.9909
vn -0.5469 -0.5336 -0.6451
vn 0.9671 0.2531 -0.0256
vn 0.8685 0.4949 -0.0298
vn 0.7102 0.7032 -0.0331
vn 0.5026 0.8638 -0.0346
vn 0.2606 0.9648 -0.0339
vn 0.0123 0.9994 -0.0310
vn -0.0110 -0.9976 -0.0678
vn -0.0114 -0.9999 -0.0012
vn 0.7092 -0.7046 -0.0243
vn -0.7594 0.0011 -0.6506
vn -0.7873 0.0008 -0.6166
vn -0.7838 0.0009 -0.6210
vn -0.7498 0.0010 -0.6617
vn -0.0467 -0.0898 -0.9949
vn -0.0671 -0.0689 -0.9954
vn 0.2458 0.2374 -0.9398
vn 0.1838 0.3009 -0.9358
vn 0.0059 0.1582 -0.9874
vn 0.0204 -0.4232 -0.9058
vn -0.2017 -0.0044 -0.9794
vn -0.1816 -0.0480 -0.9822
vn -0.0601 0.0141 -0.9981
vn -0.0344 0.0366 -0.9987
vn 0.1816 -0.1798 -0.9668
vn 0.2410 -0.1216 -0.9629
vn 0.1749 -0.1696 -0.9699
vn -0.1018 -0.0207 -0.9946
vn -0.1128 0.0016 -0.9936
vn 0.3962 0.0142 -0.9181
vn 0.3505 0.1059 -0.9306
vn -0.1617 -0.0024 -0.9868
vn 0.3095 -0.0306 -0.9504
vn 0.8403 -0.0892 -0.5348
vn 0.8649 -0.0861 -0.4945
vn 0.7362 -0.3362 -0.5874
vn 0.6886 -0.3004 -0.6600
vn -0.0137 0.0630 -0.9979
vn 0.1323 -0.2391 -0.9619
vn 0.1898 -0.0097 -0.9818
vn 0.0615 -0.0223 -0.9979
vn -0.6553 0.2789 -0.7020
vn -0.7376 0.1251 -0.6636
vn 0.0411 -0.0409 -0.9983
vn -0.4851 0.4871 -0.7262
vn 0.0282 -0.0567 -0.9980
vn -0.2873 0.6624 -0.6919
vn 0.0123 -0.1136 -0.9935
vn -0.0191 0.8017 -0.5974
vn -0.7512 -0.0167 -0.6598
vn -0.7792 -0.0171 -0.6265
vn -0.7184 -0.1899 -0.6692
vn -0.6926 -0.1830 -0.6977
vn -0.3802 0.9174 -0.1173
vn -0.0268 0.9957 -0.0890
vn -0.0276 0.9996 -0.0065
vn -0.3809 0.9246 -0.0066
vn -0.6986 0.7038 -0.1288
vn -0.7044 0.7098 -0.0056
vn -0.9197 0.3741 -0.1191
vn -0.9271 0.3747 -0.0035
vn -0.9956 0.0161 -0.0927
vn -0.9999 0.0162 -0.0015
vn -0.2586 -0.9622 -0.0852
vn -0.2599 -0.9656 -0.0015
vn -0.9633 -0.2484 -0.1016
vn -0.9684 -0.2494 -0.0016
vn 0.1304 -0.0013 -0.9915
vn -0.8086 -0.0009 -0.5883
vn -0.6234 -0.3590 -0.6946
vn -0.5997 -0.3438 -0.7226
vn -0.0836 -0.0470 -0.9954
vn 0.2976 0.1785 -0.9379
vn -0.0075 -0.7579 -0.6523
vn -0.0068 -0.7781 -0.6282
vn 0.5588 -0.5590 -0.6125
vn 0.5116 -0.5122 -0.6899
vn -0.4867 -0.4805 -0.7295
vn -0.5062 -0.5013 -0.7017
vn -0.3622 -0.6236 -0.6928
vn -0.3505 -0.5992 -0.7198
vn -0.2156 0.0003 -0.9765
vn -0.2072 0.0005 -0.9783
vn -0.1125 0.2568 -0.9599
vn -0.1877 -0.7208 -0.6672
vn -0.1864 -0.6964 -0.6930
vn -0.1742 0.1764 -0.9688
vn -0.2453 0.1093 -0.9633
vn -0.2159 0.0028 -0.9764
vn -0.0084 0.8508 -0.5254
vn -0.0072 0.8076 -0.5896
vn 0.1115 0.0698 -0.9913
vn -0.6576 -0.3767 -0.6524
vn 0.5867 0.5705 -0.5748
vn 0.6123 0.5948 -0.5208
vn 0.7352 0.4432 -0.5129
vn 0.7023 0.4226 -0.5728
vn 0.8375 0.2462 -0.4878
vn 0.7956 0.2331 -0.5592
vn -0.0879 0.0012 -0.9961
vn 0.4073 0.0010 -0.9133
vn 0.8966 0.0241 -0.4421
vn 0.8531 0.0233 -0.5213
vn 0.0124 0.8984 -0.4390
vn 0.0118 0.8781 -0.4784
vn 0.2336 0.8436 -0.4835
vn 0.2244 0.8188 -0.5283
vn 0.4406 0.7378 -0.5115
vn 0.4234 0.7108 -0.5617
vn 0.0344 -0.8716 -0.4891
vn 0.0347 -0.9217 -0.3864
vn -0.6010 0.2603 -0.7557
vn -0.5710 0.2409 -0.7848
vn -0.8015 0.0152 -0.5979
vn -0.7630 0.0115 -0.6464
vn -0.4378 0.4397 -0.7842
vn -0.4116 0.4119 -0.8130
vn -0.2706 0.6159 -0.7399
vn -0.2550 0.5830 -0.7714
vn 0.8701 -0.0010 -0.4929
vn 0.9023 -0.0011 -0.4311
vn -0.1530 -0.0881 -0.9843
vn 0.3627 -0.7301 -0.5791
vn 0.3242 -0.6846 -0.6528
vn -0.1239 -0.1233 -0.9846
vn -0.0910 -0.1572 -0.9834
vn -0.0011 -0.2227 -0.9749
vn -0.0504 -0.1917 -0.9802
vn 0.9010 0.0002 -0.4338
vn 0.8550 0.0002 -0.5186
vn -0.2271 0.0003 -0.9739
vn -0.7731 0.0011 -0.6343
vn -0.1333 -0.0005 -0.9911
vn 0.3855 -0.0011 -0.9227
vn -0.8052 0.0009 -0.5930
vn 0.9024 -0.0011 -0.4309
vn 0.4106 -0.0011 -0.9118
vn 0.6748 0.1801 -0.7157
vn 0.7310 0.0161 -0.6821
vn 0.5878 0.3385 -0.7348
vn 0.4769 0.4760 -0.7389
vn 0.3428 0.5926 -0.7289
vn 0.1845 0.6871 -0.7028
vn 0.0100 0.7521 -0.6590
vn 0.4503 -0.4437 -0.7748
vn 0.0116 -0.6220 -0.7829
vn 0.7325 -0.0000 -0.6807
vn 0.0678 -0.0000 -0.9977
vn 0.7275 -0.0000 -0.6861
vn 0.7212 -0.0263 -0.6922
vn 0.0016 0.0317 -0.9995
vn 0.0015 -0.1024 -0.9947
vn 0.9999 -0.0001 -0.0160
vn 0.7281 -0.0000 -0.6855
vn -0.7926 -0.0009 -0.6097
vn -0.9960 -0.0002 -0.0895
vn 0.9028 -0.0011 -0.4301
vn 0.4064 -0.0011 -0.9137
vn -0.0929 -0.0005 -0.9957
vn 0.8564 -0.0010 -0.5163
vn 0.1205 -0.0013 -0.9927
vn -0.2207 0.0003 -0.9753
vn -0.7668 0.0011 -0.6418
vn -0.7919 0.0008 -0.6107
vn 0.2102 -0.0255 0.9773
vn 0.0735 0.0007 -0.9973
vn 0.9958 -0.0024 0.0914
vn -0.7261 -0.0000 -0.6876
vn -0.9998 -0.0001 -0.0189
vn 0.9962 -0.0002 -0.0866
vn 0.7944 -0.0009 -0.6074
vn -0.9015 -0.0011 -0.4327
vn -0.4038 -0.0011 -0.9148
vn 0.1003 -0.0005 -0.9950
vn -0.1177 -0.0013 -0.9931
vn -0.8549 -0.0010 -0.5188
vn 0.2235 0.0003 -0.9747
vn 0.7667 0.0011 -0.6420
vn 0.7939 0.0009 -0.6081
vn -0.7082 -0.0184 0.7058
vn -0.0706 -0.0000 -0.9975
vn -0.9961 -0.0024 0.0886
vn -0.7137 -0.0183 0.7002
vn 0.7117 -0.0183 0.7023
vn -0.9998 -0.0000 -0.0193
vn -0.9998 0.0005 -0.0211
vn -0.9954 -0.0025 0.0959
vn 0.7272 -0.0000 -0.6865
vn 0.9998 -0.0000 -0.0182
vn 0.0699 -0.0000 -0.9976
vn -0.8061 -0.0009 -0.5918
vn -0.9959 -0.0002 -0.0900
vn -0.7989 0.0008 -0.6014
vn -0.1169 -0.0005 -0.9931
vn 0.3997 -0.0011 -0.9167
vn -0.2284 0.0003 -0.9736
vn -0.7722 0.0011 -0.6354
vn 0.1155 -0.0013 -0.9933
vn 0.8652 -0.0010 -0.5014
vn 0.9033 -0.0011 -0.4291
vn 0.2103 -0.0255 0.9773
vn 0.9951 -0.0025 0.0988
vn -0.7252 -0.0000 -0.6886
vn -0.0670 -0.0000 -0.9978
vn 0.8078 -0.0009 -0.5895
vn 0.9962 -0.0002 -0.0872
vn 0.8008 0.0009 -0.5990
vn 0.1167 -0.0005 -0.9932
vn -0.3970 -0.0011 -0.9178
vn 0.2312 0.0004 -0.9729
vn 0.7715 0.0011 -0.6362
vn -0.1127 -0.0013 -0.9936
vn -0.8638 -0.0010 -0.5039
vn -0.9020 -0.0011 -0.4317
vn 0.9962 -0.0002 -0.0869
vn 0.7999 -0.0009 -0.6001
vn -0.1155 -0.0013 -0.9933
vn -0.8585 -0.0010 -0.5128
vn 0.1066 -0.0005 -0.9943
vn -0.7254 -0.0000 -0.6883
vn 0.9999 -0.0000 -0.0164
vn -0.9960 -0.0004 -0.0897
vn 0.1184 -0.0013 -0.9930
vn -0.7982 -0.0009 -0.6024
vn 0.8600 -0.0010 -0.5103
vn -0.1066 -0.0005 -0.9943
vn 0.7274 -0.0000 -0.6862
vn 0.7062 -0.0184 0.7078
vn 0.4504 0.0003 -0.8928
vn 0.3830 -0.0000 -0.9237
vn 0.3808 0.0063 -0.9246
vn 0.4490 0.0009 -0.8935
vn 0.0186 0.1266 -0.9918
vn 0.0278 0.0188 -0.9994
vn 0.0014 0.0202 -0.9998
vn 0.0014 0.1357 -0.9908
vn 0.3636 0.0582 -0.9297
vn 0.4326 0.0268 -0.9012
vn 0.3796 -0.0080 -0.9251
vn 0.4489 -0.0011 -0.8936
vn 0.4325 -0.0269 -0.9012
vn 0.1923 -0.0123 -0.9813
vn 0.2929 -0.0761 -0.9531
vn 0.1829 -0.0782 -0.9800
vn 0.2996 0.0735 -0.9512
vn 0.1956 0.0004 -0.9807
vn 0.3829 -0.0000 -0.9238
vn 0.3635 -0.0579 -0.9298
vn 0.0291 -0.0000 -0.9996
vn 0.0282 -0.0184 -0.9994
vn 0.0014 -0.0195 -0.9998
vn 0.1022 0.0003 -0.9948
vn 0.1007 -0.0145 -0.9948
vn 0.0233 -0.1010 -0.9946
vn 0.0014 -0.1065 -0.9943
vn 0.0957 -0.0832 -0.9919
vn 0.1922 0.0098 -0.9813
vn 0.1799 0.0766 -0.9807
vn 0.0470 0.1083 -0.9930
vn 0.0574 0.0159 -0.9982
vn 0.0890 0.0886 -0.9921
vn 0.0999 0.0126 -0.9949
vn 0.0581 -0.0166 -0.9982
vn 0.0532 -0.0916 -0.9944
vn 0.0598 0.0001 -0.9982
vn 0.0598 -0.0000 -0.9982
vn 0.0293 -0.0000 -0.9996
vn 0.1953 -0.0004 -0.9807
vn 0.1022 -0.0002 -0.9948
vn 0.4529 -0.0000 -0.8916
vn 0.3821 -0.0000 -0.9241
vn 0.4510 -0.0003 -0.8925
vn 0.0601 -0.0000 -0.9982
vn 0.0292 -0.0000 -0.9996
vn 0.1968 -0.0000 -0.9804
vn 0.1029 -0.0000 -0.9947
vn -0.4479 0.0003 -0.8941
vn -0.4464 0.0009 -0.8948
vn -0.3781 0.0063 -0.9257
vn -0.3804 -0.0000 -0.9248
vn -0.0157 0.1266 -0.9918
vn -0.0249 0.0188 -0.9995
vn -0.4300 0.0268 -0.9024
vn -0.3609 0.0579 -0.9308
vn -0.3769 -0.0080 -0.9262
vn -0.4300 -0.0268 -0.9024
vn -0.4464 -0.0011 -0.8949
vn -0.1895 -0.0123 -0.9818
vn -0.1800 -0.0785 -0.9805
vn -0.2901 -0.0761 -0.9540
vn -0.2969 0.0735 -0.9521
vn -0.1927 0.0004 -0.9813
vn -0.3802 0.0001 -0.9249
vn -0.3609 -0.0582 -0.9308
vn -0.0253 -0.0184 -0.9995
vn -0.0264 -0.0000 -0.9997
vn -0.0994 0.0003 -0.9951
vn -0.0978 -0.0145 -0.9951
vn -0.0203 -0.1010 -0.9947
vn -0.0928 -0.0832 -0.9922
vn -0.1770 0.0768 -0.9812
vn -0.1894 0.0098 -0.9818
vn -0.0440 0.1084 -0.9931
vn -0.0545 0.0159 -0.9984
vn -0.0862 0.0886 -0.9923
vn -0.0970 0.0126 -0.9952
vn -0.0504 -0.0916 -0.9945
vn -0.0552 -0.0166 -0.9983
vn -0.0569 0.0001 -0.9984
vn -0.0569 -0.0000 -0.9984
vn -0.0994 -0.0002 -0.9951
vn -0.1925 -0.0004 -0.9813
vn -0.4503 -0.0000 -0.8929
vn -0.3794 -0.0000 -0.9252
vn -0.4484 -0.0003 -0.8938
vn -0.0263 -0.0000 -0.9997
vn -0.0572 -0.0000 -0.9984
vn -0.1004 -0.0000 -0.9950
vn -0.1939 -0.0000 -0.9810
vn 0.4593 0.8876 -0.0334
vn 0.5505 0.8341 -0.0334
vn 0.5515 0.8342 0.0008
vn 0.4598 0.8880 0.0007
vn 0.0647 -0.0872 -0.9941
vn 0.1301 -0.0501 -0.9902
vn 0.1296 0.0501 -0.9903
vn 0.0750 0.1186 -0.9901
vn 0.5389 0.8417 -0.0336
vn 0.5398 0.8418 0.0008
vn 0.4603 0.8877 0.0007
vn 0.4599 0.8874 -0.0333
vn 0.7963 0.6040 -0.0335
vn 0.7975 0.6034 0.0012
vn -0.1862 0.9825 -0.0001
vn -0.1848 0.9820 -0.0381
vn 0.3200 -0.0982 -0.9423
vn 0.8032 -0.5957 0.0012
vn 0.8021 -0.5963 -0.0330
vn 0.0977 -0.9945 -0.0371
vn 0.0970 -0.9953 0.0001
vn 0.3198 0.0982 -0.9424
vn 0.9552 0.2946 -0.0277
vn 0.9556 0.2948 0.0014
vn 0.9559 -0.2936 0.0014
vn 0.9556 -0.2935 -0.0275
vn 0.5658 -0.4010 -0.7205
vn 0.0915 -0.5702 -0.8164
vn 0.7327 -0.2253 -0.6422
vn 0.5604 0.4021 -0.7240
vn 0.7321 0.2255 -0.6428
vn -0.0488 0.5658 -0.8231
vn 0.0014 -0.1507 -0.9886
vn 0.0015 -0.1043 -0.9945
vn 0.0013 -0.5675 -0.8234
vn 0.0012 -0.5680 -0.8230
vn 0.0001 -0.9993 -0.0368
vn -0.0000 -0.9993 -0.0368
vn -0.2707 0.5351 -0.8002
vn -0.3137 0.5129 -0.7991
vn -0.0574 0.0995 -0.9934
vn -0.0423 0.0883 -0.9952
vn 0.3160 0.5128 -0.7982
vn 0.2730 0.5351 -0.7995
vn 0.0452 0.0883 -0.9951
vn 0.0603 0.0995 -0.9932
vn 0.0001 -0.9993 -0.0369
vn -0.0000 -0.9993 -0.0369
vn 0.0003 -1.0000 -0.0000
vn 0.0003 -0.9993 -0.0369
vn -0.1752 0.5428 -0.8214
vn -0.0218 0.0754 -0.9969
vn 0.3247 0.5102 -0.7964
vn 0.2721 0.5345 -0.8001
vn 0.0452 0.0885 -0.9951
vn 0.0621 0.0992 -0.9931
vn -0.2706 0.5348 -0.8005
vn -0.3135 0.5126 -0.7994
vn -0.0424 0.0885 -0.9952
vn 0.3159 0.5126 -0.7984
vn 0.2729 0.5349 -0.7997
vn 0.0453 0.0884 -0.9951
vn -0.2706 0.5349 -0.8004
vn -0.3136 0.5126 -0.7993
vn -0.0424 0.0884 -0.9952
vn 0.3159 0.5127 -0.7983
vn 0.2729 0.5350 -0.7996
vn -0.2707 0.5350 -0.8003
vn -0.3137 0.5128 -0.7992
vn -0.4598 0.8873 -0.0347
vn -0.5388 0.8417 -0.0352
vn -0.4598 0.8874 -0.0346
vn -0.5387 0.8417 -0.0352
vn 0.0012 -0.5674 -0.8235
vn 0.0014 -0.5668 -0.8239
vn 0.0012 -0.5666 -0.8240
vn 0.0012 -0.5667 -0.8239
vn 0.0012 -0.5668 -0.8239
vn 0.0012 -0.5668 -0.8238
vn 0.0011 -0.5674 -0.8234
vn 0.0015 -0.1509 -0.9886
vn 0.0014 -0.1508 -0.9886
vn 0.0014 -0.1043 -0.9945
vn -0.3253 0.9449 -0.0376
vn -0.4603 0.8877 -0.0007
vn -0.5398 0.8418 -0.0008
vn -0.4603 0.8877 -0.0006
vn -0.4593 0.8876 -0.0347
vn -0.4598 0.8880 -0.0007
vn -0.5515 0.8342 -0.0008
vn -0.5505 0.8341 -0.0350
vn -0.0619 -0.0872 -0.9943
vn -0.0722 0.1186 -0.9903
vn -0.1267 0.0501 -0.9907
vn -0.1273 -0.0501 -0.9906
vn -0.7962 0.6039 -0.0358
vn 0.1849 0.9820 -0.0375
vn 0.1862 0.9825 0.0003
vn -0.7975 0.6034 -0.0012
vn -0.3172 -0.0982 -0.9432
vn -0.8032 -0.5957 -0.0012
vn -0.0970 -0.9953 -0.0001
vn -0.0976 -0.9945 -0.0374
vn -0.8020 -0.5963 -0.0353
vn -0.3171 0.0982 -0.9433
vn -0.9551 0.2947 -0.0304
vn -0.9555 0.2948 -0.0014
vn -0.9559 -0.2936 -0.0014
vn -0.9554 -0.2936 -0.0303
vn -0.0891 -0.5702 -0.8167
vn -0.5636 -0.4010 -0.7222
vn -0.7308 -0.2253 -0.6444
vn -0.7302 0.2255 -0.6449
vn -0.5583 0.4021 -0.7256
vn 0.0512 0.5658 -0.8229
vn 0.0012 -0.5670 -0.8237
vn 0.3254 0.9449 -0.0367
vn 0.3262 0.9453 0.0005
vn -0.0002 -0.9993 -0.0369
vn -0.0003 -1.0000 -0.0000
vn 0.0014 -0.1042 -0.9946
vn 0.0247 0.0754 -0.9968
vn 0.1776 0.5428 -0.8209
vn -0.3223 0.5102 -0.7973
vn -0.0592 0.0992 -0.9933
vn -0.0423 0.0885 -0.9952
vn -0.2698 0.5345 -0.8009
vn 0.2729 0.5348 -0.7997
vn 0.0453 0.0885 -0.9950
vn 0.3158 0.5126 -0.7984
vn -0.3135 0.5126 -0.7993
vn 0.2729 0.5349 -0.7996
vn -0.3136 0.5127 -0.7992
vn -0.2706 0.5350 -0.8004
vn 0.2730 0.5350 -0.7995
vn 0.3160 0.5128 -0.7983
vn -0.4598 0.8873 -0.0346
vn -0.2707 0.5351 -0.8003
vn 0.0011 -0.5674 -0.8235
vn 0.0010 -0.5668 -0.8239
vn 0.0012 -0.5669 -0.8238
vn 0.0014 -0.1509 -0.9886
vn 0.2730 0.5351 -0.7994
vn 0.3160 0.5129 -0.7982
vn 0.0014 0.1804 -0.9836
vn 0.0014 0.1579 -0.9874
vn 0.0014 0.1808 -0.9835
vn 0.0014 0.1579 -0.9875
vn 0.0014 0.1578 -0.9875
vn 0.0013 0.1809 -0.9835
vn 0.0189 0.1543 -0.9878
vn 0.0014 0.1580 -0.9874
vn 0.0016 0.1809 -0.9835
vn -0.0160 0.1543 -0.9879
vn 0.0012 0.5274 -0.8496
vn -0.0000 0.9990 -0.0442
vn 0.0586 0.5261 -0.8484
vn 0.0007 0.5680 -0.8230
vn 0.0012 0.5271 -0.8498
vn 0.0012 0.5681 -0.8229
vn 0.0012 0.5682 -0.8229
vn 0.0012 0.5273 -0.8497
vn 0.0012 0.5684 -0.8228
vn 0.1041 0.9936 -0.0437
vn -0.0007 0.9993 -0.0371
vn 0.0001 0.9990 -0.0442
vn 0.0001 0.9993 -0.0371
vn -0.0000 0.9993 -0.0371
vn -0.0000 0.9993 -0.0370
vn -0.0007 1.0000 -0.0000
vn -0.3262 0.9453 -0.0005
vn 0.1041 0.9946 0.0001
vn -0.0561 0.5261 -0.8486
vn 0.0016 0.5680 -0.8230
vn 0.0012 0.5683 -0.8228
vn -0.1040 0.9936 -0.0440
vn 0.0008 0.9993 -0.0371
vn 0.0007 1.0000 -0.0000
vn -0.1041 0.9946 -0.0002
vn 0.0001 0.9993 -0.0361
vn 0.0125 0.9993 -0.0362
vn 0.0124 0.9999 -0.0000
vn 0.0124 -0.0987 -0.9950
vn 0.1301 -0.0502 -0.9902
vn 0.1301 0.0502 -0.9902
vn 0.0124 0.0987 -0.9950
vn 0.0014 -0.0990 -0.9951
vn 0.0014 0.0990 -0.9951
vn 0.8021 0.5963 -0.0330
vn 0.8032 0.5957 0.0012
vn 0.8032 -0.5957 0.0011
vn 0.0125 -0.9993 -0.0362
vn 0.0124 -0.9999 -0.0000
vn 0.3200 0.0982 -0.9423
vn 0.9555 0.2936 -0.0275
vn 0.9559 0.2936 0.0014
vn 0.5657 -0.4010 -0.7205
vn 0.0135 -0.5783 -0.8157
vn 0.5658 0.4010 -0.7205
vn 0.7327 0.2253 -0.6422
vn 0.0135 0.5783 -0.8157
vn 0.0012 -0.5781 -0.8160
vn 0.0001 -0.9993 -0.0361
vn 0.0012 0.5781 -0.8160
vn -0.0124 0.9999 -0.0000
vn -0.0124 0.9993 -0.0362
vn -0.0095 -0.0987 -0.9951
vn -0.0095 0.0987 -0.9951
vn -0.1272 0.0502 -0.9906
vn -0.1272 -0.0502 -0.9906
vn -0.8020 0.5963 -0.0353
vn -0.8032 0.5957 -0.0012
vn -0.0124 -0.9999 -0.0000
vn -0.0124 -0.9993 -0.0362
vn -0.3172 0.0982 -0.9432
vn -0.9555 0.2935 -0.0303
vn -0.9559 0.2936 -0.0014
vn -0.0112 -0.5783 -0.8157
vn -0.5637 -0.4010 -0.7222
vn -0.7308 0.2253 -0.6444
vn -0.5637 0.4010 -0.7222
vn -0.0112 0.5783 -0.8157
vn 0.0124 0.9999 -0.0001
vn 0.5657 0.4010 -0.7205
vn -0.0128 0.6627 -0.7488
vn -0.0081 -0.8818 -0.4715
vn -0.0091 -0.8788 -0.4771
vn -0.0141 0.6629 -0.7486
vn -0.0062 -0.8718 -0.4898
vn -0.0095 0.6622 -0.7493
vn -0.0126 0.6626 -0.7488
vn -0.0079 -0.8830 -0.4693
vn -0.1912 0.6784 -0.7094
vn -0.1267 -0.8734 -0.4702
vn 0.0011 0.6571 -0.7538
vn 0.0007 -0.8833 -0.4688
vn -0.0037 -0.8833 -0.4689
vn -0.0059 0.6600 -0.7513
vn -0.5349 0.6291 -0.5640
vn -0.3263 -0.8804 -0.3440
vn -0.4684 -0.8642 -0.1839
vn -0.8234 0.4661 -0.3236
vn -0.0141 -0.6629 -0.7486
vn -0.0128 -0.6627 -0.7488
vn -0.1912 -0.6783 -0.7095
vn -0.0095 -0.6622 -0.7493
vn -0.6613 -0.0000 -0.7501
vn -0.6613 0.0001 -0.7501
vn -0.9307 -0.0000 -0.3657
vn -0.2603 -0.0000 -0.9655
vn -0.2602 -0.0000 -0.9656
vn -0.0076 -0.0000 -1.0000
vn -0.0168 -0.0000 -0.9999
vn 0.0154 0.3270 0.9449
vn 0.0152 0.3247 0.9457
vn 0.0152 -0.3247 0.9457
vn 0.0154 -0.3270 0.9449
vn 0.0033 0.3186 0.9479
vn 0.0032 -0.3186 0.9479
vn 0.0156 0.3276 0.9447
vn 0.0157 -0.3276 0.9447
vn 0.2258 0.3398 0.9130
vn 0.2258 -0.3398 0.9130
vn -0.0013 0.3277 0.9448
vn 0.0071 0.3277 0.9447
vn 0.0073 -0.3277 0.9447
vn -0.0014 -0.3277 0.9448
vn 0.6318 0.3702 0.6810
vn 0.6317 -0.3702 0.6811
vn 0.8688 0.3588 0.3414
vn 0.8688 -0.3588 0.3414
vn -0.0126 -0.0000 -0.9999
vn -0.0171 -0.0000 -0.9999
vn -0.0191 -0.0000 -0.9998
vn -0.0080 0.8819 -0.4714
vn -0.0090 0.8788 -0.4770
vn -0.0037 0.8833 -0.4688
vn -0.0079 0.8830 -0.4693
vn 0.0007 0.8833 -0.4688
vn -0.0062 0.8718 -0.4898
vn -0.1268 0.8734 -0.4702
vn -0.3264 0.8804 -0.3440
vn -0.4684 0.8641 -0.1841
vn -0.5350 -0.6290 -0.5640
vn -0.0126 -0.6627 -0.7488
vn -0.8234 -0.4661 -0.3236
vn 0.0011 -0.6572 -0.7538
vn -0.0057 -0.6600 -0.7512
vn -0.3861 -0.0052 0.9224
vn -0.3861 0.0052 0.9224
vn -0.3508 -0.0299 0.9360
vn -0.3508 0.0299 0.9360
vn 0.0150 0.6627 -0.7488
vn 0.0165 0.6629 -0.7486
vn 0.0104 -0.8788 -0.4771
vn 0.0094 -0.8818 -0.4715
vn 0.0116 0.6622 -0.7492
vn 0.0076 -0.8718 -0.4897
vn 0.0147 0.6626 -0.7488
vn 0.0092 -0.8830 -0.4693
vn 0.1932 0.6783 -0.7089
vn 0.1281 -0.8734 -0.4699
vn 0.0079 0.6600 -0.7513
vn 0.0051 -0.8832 -0.4689
vn 0.5366 0.6291 -0.5624
vn 0.3273 -0.8804 -0.3431
vn 0.8243 0.4662 -0.3212
vn 0.4689 -0.8642 -0.1827
vn 0.0163 -0.6629 -0.7485
vn 0.0150 -0.6627 -0.7487
vn 0.1933 -0.6783 -0.7089
vn 0.0116 -0.6622 -0.7492
vn 0.6635 -0.0000 -0.7482
vn 0.9318 -0.0000 -0.3630
vn 0.2630 -0.0000 -0.9648
vn 0.0105 -0.0000 -0.9999
vn 0.0197 -0.0000 -0.9998
vn -0.0181 0.3270 0.9448
vn -0.0181 -0.3270 0.9448
vn -0.0179 -0.3247 0.9456
vn -0.0179 0.3247 0.9456
vn -0.0060 -0.3186 0.9479
vn -0.0060 0.3186 0.9479
vn -0.0184 0.3276 0.9446
vn -0.0184 -0.3276 0.9446
vn -0.2284 0.3398 0.9123
vn -0.2284 -0.3398 0.9123
vn -0.0099 -0.3277 0.9447
vn -0.0101 0.3277 0.9447
vn -0.6337 0.3702 0.6793
vn -0.6337 -0.3702 0.6793
vn -0.8697 -0.3588 0.3389
vn -0.8697 0.3587 0.3391
vn 0.0155 -0.0000 -0.9999
vn 0.0200 -0.0000 -0.9998
vn 0.0220 -0.0000 -0.9998
vn 0.0094 0.8819 -0.4714
vn 0.0105 0.8788 -0.4770
vn 0.0051 0.8833 -0.4688
vn 0.0092 0.8830 -0.4693
vn 0.0076 0.8718 -0.4897
vn 0.1281 0.8734 -0.4699
vn 0.3274 0.8804 -0.3431
vn 0.4689 0.8641 -0.1829
vn 0.5366 -0.6290 -0.5625
vn 0.0147 -0.6627 -0.7488
vn 0.8244 -0.4661 -0.3212
vn 0.0081 -0.6600 -0.7512
vn 0.3835 -0.0052 0.9235
vn 0.3835 0.0052 0.9235
vn 0.3834 0.0053 0.9236
vn 0.3481 -0.0299 0.9370
vn 0.3481 0.0299 0.9370
vn -0.0309 -0.9992 -0.0267
vn -0.0116 -0.9996 -0.0253
vn 0.0709 -0.6192 -0.7820
vn -0.0687 -0.6192 -0.7822
vn -0.0955 -0.1707 -0.9807
vn 0.0983 -0.1707 -0.9804
vn 0.0031 -0.9996 -0.0277
vn -0.0030 -0.9996 -0.0277
vn -0.0433 -0.3186 -0.9469
vn 0.0460 -0.3186 -0.9468
vn 0.2743 -0.5033 -0.8194
vn 0.2884 -0.2525 -0.9236
vn 0.1118 -0.0017 -0.9937
vn -0.1089 -0.0018 -0.9941
vn -0.2857 -0.2525 -0.9245
vn -0.2719 -0.5033 -0.8202
vn 0.3607 -0.2000 -0.9110
vn -0.3581 -0.2000 -0.9120
vn -0.4039 -0.0019 -0.9148
vn 0.4065 -0.0019 -0.9137
vn 0.7571 -0.0043 -0.6533
vn 0.5294 -0.3226 -0.7846
vn -0.7552 -0.0042 -0.6555
vn -0.5271 -0.3226 -0.7862
vn -0.7578 -0.0042 -0.6525
vn -0.1088 -0.0066 -0.9940
vn 0.0117 -0.9996 -0.0253
vn 0.0310 -0.9992 -0.0266
vn -0.0000 -0.9997 -0.0250
vn 0.1117 -0.0066 -0.9937
vn 0.7597 -0.0042 -0.6503
vn 0.4159 -0.0059 -0.9094
vn 0.0015 -0.0064 -1.0000
vn -0.4132 -0.0058 -0.9106
vn 0.0739 -0.7434 -0.6647
vn 0.6122 -0.5905 -0.5258
vn -0.0720 -0.7434 -0.6649
vn 0.2938 -0.7127 -0.6370
vn -0.6107 -0.5905 -0.5276
vn 0.0014 -0.0064 -1.0000
vn 0.0010 -0.7450 -0.6671
vn -0.2920 -0.7127 -0.6379
vn 0.4065 -0.0019 -0.9136
vn -0.1089 -0.0066 -0.9940
vn 0.7597 -0.0043 -0.6503
vn -0.4133 -0.0059 -0.9106
vn 0.7571 -0.0042 -0.6533
vn 0.0117 -0.9996 -0.0252
vn -0.0117 -0.9996 -0.0253
vn -0.1089 -0.0018 -0.9940
vn -0.1088 -0.0065 -0.9940
vn -0.4133 -0.0058 -0.9106
vn 0.0461 -0.3186 -0.9468
vn -0.7578 -0.0043 -0.6525
vn 0.0010 -0.7443 -0.6678
vn 0.0010 -0.7443 -0.6679
vn -0.2857 -0.2525 -0.9244
vn 0.3608 -0.2000 -0.9110
vn -0.4038 -0.0019 -0.9148
vn -0.7552 -0.0043 -0.6555
vn 0.0710 -0.6192 -0.7820
vn 0.1117 -0.0065 -0.9937
vn 0.1118 -0.0018 -0.9937
vn 0.0013 -0.0064 -1.0000
vn -0.0002 -0.9997 -0.0250
vn 0.0009 -0.7443 -0.6678
vn 1.0000 -0.0019 0.0014
vn 1.0000 -0.0019 0.0015
vn 1.0000 0.0033 0.0020
vn 1.0000 0.0033 0.0014
vn -0.0091 -0.7550 -0.6557
vn -0.0110 -0.7551 0.6555
vn -0.0009 -0.7593 0.6508
vn 0.0009 -0.7592 -0.6508
vn -0.0007 -0.8618 0.5072
vn -0.0121 -0.8617 0.5073
vn -0.8143 0.2142 0.5395
vn -0.9669 0.2550 -0.0086
vn -1.0000 0.0022 -0.0015
vn -0.8657 0.0019 0.5005
vn -0.6917 0.3981 0.6025
vn -0.8660 0.4999 -0.0131
vn -0.5580 0.5571 0.6150
vn -0.7070 0.7070 -0.0144
vn -0.3985 0.6899 0.6044
vn -0.4999 0.8660 -0.0126
vn -0.2146 0.8112 0.5439
vn -0.2550 0.9669 -0.0076
vn -0.0096 0.8624 0.5061
vn -0.0103 0.9999 -0.0004
vn -0.0007 0.8617 0.5073
vn 0.0007 0.8619 -0.5070
vn -0.0081 0.8623 -0.5064
vn -0.5800 0.3342 0.7429
vn -0.4653 0.4642 0.7536
vn -0.2115 0.8052 -0.5540
vn -0.2549 0.9669 -0.0076
vn -1.0000 -0.0033 -0.0014
vn -0.8655 -0.0029 0.5008
vn -0.3928 0.6806 -0.6184
vn -0.5000 0.8660 -0.0126
vn -0.0088 0.7558 0.6547
vn -0.0009 0.7594 0.6506
vn -0.5483 0.5492 -0.6306
vn -0.4551 0.4562 -0.7647
vn -0.5690 0.3291 -0.7536
vn -0.6810 0.3937 -0.6174
vn -0.8659 0.5001 -0.0131
vn -0.0132 -0.9999 0.0004
vn -0.8066 0.2129 -0.5514
vn -0.9669 0.2549 -0.0086
vn 0.0009 0.7591 -0.6510
vn -0.0069 0.7553 -0.6554
vn -0.8642 0.0019 -0.5031
vn -1.0000 0.0021 -0.0015
vn -0.3346 0.5777 0.7445
vn -0.7619 0.0016 -0.6477
vn -0.7617 -0.0025 -0.6480
vn -0.8641 -0.0028 -0.5033
vn -0.0106 -0.8617 -0.5074
vn 0.0007 -0.8619 -0.5071
vn -1.0000 -0.0033 -0.0030
vn -0.3273 0.5688 -0.7545
vn -0.1940 0.6650 0.7212
vn -0.1900 0.6586 -0.7282
vn -0.6687 0.1940 0.7178
vn -0.6601 0.1921 -0.7262
vn -0.7639 0.0016 0.6453
vn -0.7636 -0.0025 0.6457
vn 0.8660 -0.5000 0.0013
vn 0.9680 -0.2508 0.0014
vn 0.0137 0.9999 0.0006
vn 0.0137 0.9999 0.0001
vn 0.0091 -1.0000 -0.0000
vn -0.0131 -0.9999 -0.0001
vn 0.2508 -0.9680 0.0004
vn 0.5000 -0.8660 0.0007
vn 0.7071 -0.7071 0.0010
vn -0.7080 -0.7063 -0.0001
vn -0.6102 -0.6084 0.5074
vn -0.6066 -0.6064 -0.5141
vn -0.7078 -0.7064 -0.0043
vn -0.4510 -0.4534 -0.7688
vn -0.4547 -0.4545 0.7659
vn 0.7074 0.7068 0.0022
vn -1.0000 -0.0019 -0.0015
vn -1.0000 0.0033 -0.0009
vn -1.0000 0.0033 -0.0014
vn -1.0000 -0.0019 -0.0014
vn 0.0110 -0.7550 -0.6556
vn 0.0091 -0.7551 0.6555
vn 0.0106 -0.8617 0.5073
vn 0.8126 0.2145 0.5419
vn 0.8643 0.0018 0.5030
vn 1.0000 0.0022 0.0014
vn 0.9669 0.2549 -0.0058
vn 0.6897 0.3987 0.6045
vn 0.8659 0.5001 -0.0106
vn 0.5562 0.5571 0.6166
vn 0.7071 0.7070 -0.0124
vn 0.3973 0.6896 0.6055
vn 0.4999 0.8660 -0.0111
vn 0.2131 0.8112 0.5446
vn 0.2550 0.9669 -0.0068
vn 0.0082 0.8624 0.5062
vn 0.0103 0.9999 -0.0003
vn 0.0096 0.8623 -0.5063
vn 0.4631 0.4642 0.7550
vn 0.5778 0.3342 0.7446
vn 0.2549 0.9669 -0.0068
vn 0.2131 0.8052 -0.5534
vn 0.8641 -0.0029 0.5033
vn 1.0000 -0.0033 0.0019
vn 0.5000 0.8659 -0.0111
vn 0.3940 0.6809 -0.6173
vn 0.0069 0.7558 0.6547
vn 0.5501 0.5492 -0.6290
vn 0.6828 0.3937 -0.6155
vn 0.5711 0.3291 -0.7520
vn 0.4573 0.4562 -0.7634
vn 0.8660 0.4999 -0.0106
vn 0.0132 -0.9999 -0.0000
vn 0.8082 0.2129 -0.5490
vn 0.0088 0.7553 -0.6553
vn 1.0000 0.0021 0.0014
vn 0.8657 0.0018 -0.5006
vn 0.3324 0.5777 0.7455
vn 0.8656 -0.0028 -0.5008
vn 0.7635 -0.0025 -0.6458
vn 0.7638 0.0016 -0.6455
vn 0.0120 -0.8617 -0.5073
vn 1.0000 -0.0033 0.0014
vn 0.3295 0.5688 -0.7536
vn 0.1921 0.6586 -0.7276
vn 0.1919 0.6650 0.7218
vn 0.6622 0.1921 -0.7243
vn 0.6666 0.1940 0.7197
vn 0.7620 0.0016 0.6475
vn 0.7617 -0.0025 0.6479
vn -0.8660 -0.5000 -0.0013
vn -0.9680 -0.2508 -0.0014
vn -0.0137 0.9999 -0.0000
vn -0.0137 0.9999 0.0005
vn -0.0091 -1.0000 -0.0000
vn 0.0131 -0.9999 -0.0016
vn -0.2508 -0.9680 -0.0004
vn -0.5000 -0.8660 -0.0007
vn -0.7071 -0.7071 -0.0010
vn 0.6086 -0.6086 0.5091
vn 0.7075 -0.7067 0.0020
vn 0.7076 -0.7066 -0.0022
vn 0.6082 -0.6063 -0.5123
vn 0.4532 -0.4534 -0.7675
vn 0.4523 -0.4547 0.7673
vn -0.7074 0.7068 0.0002
vn -0.7078 0.7064 0.0002
vn -0.0014 0.1005 0.9949
vn -0.0017 0.1003 0.9950
vn -0.0013 -0.5973 0.8020
vn -0.0011 -0.5977 0.8017
vn -0.9870 0.0285 0.1582
vn -0.7628 -0.6341 0.1263
vn -0.5474 -0.6234 0.5583
vn -0.7082 0.0726 0.7023
vn -0.9999 0.0129 0.0004
vn -0.7679 -0.6406 -0.0058
vn -0.2198 0.0944 0.9710
vn -0.1777 -0.5976 0.7818
vn -0.5239 0.6897 0.4999
vn -0.7652 0.6334 0.1150
vn -0.7852 0.6192 0.0058
vn -0.0012 0.7077 0.7066
vn -0.1566 0.6967 0.7001
vn -0.0010 0.7083 0.7059
vn -0.7826 0.6201 -0.0552
vn -0.7512 -0.6589 -0.0398
vn -0.6715 -0.0231 -0.7406
vn -0.6095 0.4909 -0.6225
vn -0.5921 -0.5343 -0.6032
vn -0.2690 -0.9192 0.2876
vn -0.0927 -0.9089 0.4066
vn -0.3734 -0.9254 0.0656
vn -0.0008 -0.9057 0.4239
vn -0.0006 -0.9056 0.4242
vn -0.3772 -0.9261 -0.0081
vn -0.0612 0.9578 0.2809
vn -0.2263 0.9544 0.1948
vn -0.3643 0.9301 0.0467
vn -0.0004 0.9610 0.2766
vn -0.0004 0.9611 0.2763
vn -0.3849 0.9229 0.0079
vn -0.4021 0.9121 -0.0801
vn -0.3976 0.5684 -0.7203
vn -0.3825 -0.6129 -0.6914
vn -0.3685 -0.9280 -0.0550
vn -0.3304 -0.0293 -0.9434
vn -0.0012 -0.5977 0.8017
vn -0.0010 -0.5973 0.8021
vn -0.0012 0.1003 0.9950
vn 0.9865 0.0284 0.1610
vn 0.7062 0.0726 0.7043
vn 0.5457 -0.6234 0.5599
vn 0.7625 -0.6341 0.1285
vn 0.9999 0.0129 0.0032
vn 0.7679 -0.6406 -0.0036
vn 0.1754 -0.5976 0.7824
vn 0.2170 0.0944 0.9716
vn 0.7649 0.6334 0.1172
vn 0.5225 0.6897 0.5014
vn 0.7852 0.6192 0.0081
vn 0.1546 0.6967 0.7005
vn -0.0009 0.7076 0.7066
vn 0.7828 0.6200 -0.0530
vn 1.0000 -0.0000 0.0015
vn 0.7513 -0.6588 -0.0376
vn 0.6737 -0.0231 -0.7386
vn 0.6114 0.4909 -0.6207
vn 0.5939 -0.5343 -0.6015
vn 0.0915 -0.9089 0.4069
vn 0.2678 -0.9192 0.2888
vn 0.3732 -0.9254 0.0667
vn 0.3773 -0.9261 -0.0070
vn 0.2254 0.9544 0.1957
vn 0.0604 0.9578 0.2811
vn 0.3642 0.9301 0.0478
vn -0.0004 0.9610 0.2767
vn 0.3849 0.9229 0.0091
vn 0.3996 0.5684 -0.7192
vn 0.4034 0.9116 -0.0790
vn 0.3690 -0.9279 -0.0539
vn 0.3846 -0.6129 -0.6903
vn 0.3331 -0.0294 -0.9424
vn -0.0001 -0.9986 0.0524
vn -0.0272 -0.9983 0.0524
vn -0.0272 -0.9986 0.0463
vn -0.0001 -0.9989 0.0462
vn 0.0002 0.9900 -0.1411
vn 0.0002 0.9888 -0.1494
vn -0.8534 -0.5197 0.0398
vn -0.9657 -0.2590 0.0190
vn -0.9656 -0.2596 0.0168
vn -0.8532 -0.5203 0.0371
vn -0.0379 0.9938 -0.1044
vn -0.0378 0.9936 -0.1067
vn -0.8200 0.5696 -0.0565
vn -0.8207 0.5687 -0.0546
vn -0.0020 0.9944 -0.1052
vn -0.0718 0.9914 -0.1099
vn -0.0716 0.9910 -0.1133
vn -0.0018 0.9942 -0.1076
vn -0.0373 0.9893 -0.1410
vn -0.0372 0.9881 -0.1494
vn -0.5516 0.8248 -0.1244
vn -0.5518 0.8258 -0.1168
vn -0.8967 0.4384 -0.0611
vn -0.8969 0.4385 -0.0569
vn -0.7990 -0.6003 0.0351
vn -0.7987 -0.6009 0.0307
vn -0.4892 -0.8712 0.0406
vn -0.4894 -0.8708 0.0467
vn -0.9128 0.4053 -0.0501
vn -0.5593 0.8238 -0.0924
vn -0.5598 0.8285 0.0110
vn -0.9089 0.4145 0.0458
vn -0.0368 0.9992 -0.0184
vn -0.0003 0.9999 -0.0172
vn -0.0002 -0.9866 0.1634
vn -0.0005 -0.9866 0.1634
vn 0.0001 0.9959 -0.0903
vn -0.0000 0.9999 -0.0164
vn 0.0037 0.0655 0.9978
vn 0.0012 0.0519 0.9987
vn -0.0299 0.2181 0.9755
vn -0.0016 0.1504 0.9886
vn -0.0710 0.9974 -0.0138
vn -0.0013 0.9999 -0.0164
vn 0.9165 -0.3992 0.0275
vn 0.9156 -0.3890 0.1015
vn -0.9615 -0.2496 0.1147
vn -0.8204 0.5700 0.0461
vn -0.9126 0.4053 -0.0538
vn -0.5592 0.8234 -0.0961
vn -0.0027 0.9998 -0.0196
vn 0.0002 -0.9959 0.0903
vn -0.0007 -0.9959 0.0904
vn -0.0005 -0.9865 0.1638
vn -0.0002 -0.9865 0.1639
vn 0.0014 0.0387 0.9992
vn -0.0001 0.2295 0.9733
vn 0.0379 0.2148 0.9759
vn -0.0003 0.9959 -0.0903
vn -0.0001 0.9999 -0.0162
vn -0.0006 0.9999 -0.0163
vn 0.0473 0.0448 0.9979
vn 0.0004 0.0113 0.9999
vn -0.0002 0.1721 0.9851
vn -0.0020 0.1834 0.9830
vn 0.0018 0.0448 0.9990
vn 0.0035 0.0421 0.9991
vn 0.0006 0.0490 0.9988
vn 0.4901 0.8676 -0.0834
vn 0.8004 0.5963 -0.0617
vn 0.8004 0.5992 0.0150
vn 0.4907 0.8713 -0.0064
vn -0.8535 -0.5200 0.0336
vn -0.8532 -0.5206 0.0302
vn -0.0014 0.0605 0.9982
vn -0.0011 0.0602 0.9982
vn -0.0018 0.0605 0.9982
vn -0.0014 0.1669 0.9860
vn -0.0014 0.1665 0.9860
vn -0.0014 0.0057 1.0000
vn -0.0014 0.0060 1.0000
vn -0.0001 0.0513 0.9987
vn 0.0001 0.0521 0.9986
vn 0.0005 0.0493 0.9988
vn 0.0004 0.0565 0.9984
vn 0.0031 0.0514 0.9987
vn 0.0004 0.0573 0.9984
vn 0.0036 0.0530 0.9986
vn 0.0040 0.0512 0.9987
vn 0.0040 0.0520 0.9986
vn -0.0679 0.2478 0.9664
vn -0.0216 0.1474 0.9888
vn -0.0002 -0.9959 0.0903
vn -0.0001 -0.9866 0.1634
vn -0.0010 -0.9865 0.1636
vn 0.0183 0.9958 -0.0896
vn 0.0183 0.9997 -0.0164
vn 0.0050 0.0397 0.9992
vn 0.0019 0.0585 0.9983
vn -0.0024 0.1391 0.9903
vn -0.0021 0.1432 0.9897
vn -0.0021 0.1433 0.9897
vn -0.0002 -0.9866 0.1633
vn -0.0271 -0.9861 0.1637
vn 0.9756 -0.2195 0.0106
vn 0.9713 -0.2140 0.1043
vn 0.0093 0.0689 0.9976
vn 0.0096 0.0994 0.9950
vn -0.0403 0.1309 0.9906
vn -0.0515 0.0495 0.9974
vn -0.0014 0.1501 0.9887
vn -0.0001 -0.9959 0.0905
vn -0.0002 -0.9865 0.1636
vn 0.0086 0.2382 0.9712
vn -0.0106 0.1514 0.9884
vn -0.4874 -0.8588 0.1577
vn -0.7963 -0.5897 0.1348
vn -0.8535 -0.5199 0.0361
vn -0.8505 -0.5104 0.1275
vn -0.8504 -0.5104 0.1277
vn 0.0027 0.0713 0.9975
vn -0.0004 0.1435 0.9896
vn -0.0388 0.9991 -0.0178
vn -0.8938 0.4467 0.0400
vn -0.5494 0.8355 -0.0107
vn 0.0526 0.1343 0.9895
vn 0.0799 0.1037 0.9914
vn -0.0453 0.0119 0.9989
vn -0.0254 0.0005 0.9997
vn -0.0000 0.9999 -0.0171
vn -0.0014 0.1667 0.9860
vn -0.0014 0.0058 1.0000
vn -0.0001 -0.9959 0.0903
vn -0.0001 -0.9878 0.1555
vn 0.0002 -0.9885 0.1514
vn 0.0075 0.0488 0.9988
vn -0.0480 0.0163 0.9987
vn -0.0018 0.9959 -0.0904
vn -0.0006 0.9959 -0.0904
vn -0.0009 0.9999 -0.0165
vn -0.0019 0.9999 -0.0166
vn 0.9706 -0.2404 0.0126
vn 0.9684 -0.2359 0.0809
vn -0.0003 0.9959 -0.0904
vn -0.0000 0.9999 -0.0161
vn -0.0007 0.9999 -0.0162
vn 0.0079 0.1172 0.9931
vn 0.0210 0.0380 0.9991
vn 0.0021 -0.0509 0.9987
vn 0.0034 0.1927 0.9812
vn 0.0133 0.1802 0.9835
vn 0.0139 -0.0878 0.9960
vn 0.0033 -0.0933 0.9956
vn 0.0003 -0.9959 0.0904
vn 0.0005 -0.9866 0.1634
vn -0.0003 -0.9866 0.1633
vn 0.0020 -0.9959 0.0903
vn 0.0009 -0.9884 0.1517
vn -0.0002 -0.9865 0.1635
vn -0.0013 -0.9863 0.1650
vn 0.9679 -0.2509 0.0135
vn 0.9653 -0.2459 0.0879
vn -0.0488 0.0165 0.9987
vn 0.9755 -0.2196 0.0106
vn 0.9725 -0.2150 0.0899
vn 0.8546 0.5164 -0.0550
vn 0.8542 0.5195 0.0215
vn 0.0022 -0.0437 0.9990
vn 0.0024 0.1604 0.9871
vn 0.0011 0.1659 0.9861
vn -0.0025 0.0055 1.0000
vn 0.9611 -0.2757 0.0158
vn 0.9589 -0.2705 0.0853
vn 0.0004 -0.9959 0.0902
vn 0.0006 -0.9918 0.1276
vn 0.0002 -0.9918 0.1276
vn 0.0001 0.9959 -0.0905
vn -0.0000 0.9999 -0.0166
vn 0.0048 0.0406 0.9992
vn 0.0071 0.0393 0.9992
vn -0.0014 0.0010 1.0000
vn -0.0014 0.1619 0.9868
vn -0.0011 -0.6779 0.7352
vn -0.0015 -0.6778 0.7352
vn -0.6463 -0.1259 0.7526
vn -0.6000 -0.3298 0.7289
vn -0.8504 -0.5104 0.1275
vn -0.0266 0.7761 0.6300
vn -0.5320 0.4412 0.7227
vn -0.0262 0.8104 0.5853
vn -0.4500 0.7568 0.4740
vn -0.6475 0.4086 0.6433
vn -0.5826 -0.4028 0.7059
vn -0.3524 -0.5914 0.7253
vn -0.0201 -0.6774 0.7353
vn -0.0010 0.7996 0.6005
vn -0.0002 -0.7948 0.6069
vn 0.0022 -0.7509 0.6605
vn -0.0011 -0.6783 0.7347
vn -0.0011 -0.6784 0.7347
vn -0.0009 0.7650 0.6440
vn -0.0009 0.7647 0.6444
vn 0.5682 0.4523 0.6874
vn 0.3543 0.6530 0.6694
vn 0.0130 0.7637 0.6454
vn -0.0014 0.0067 1.0000
vn -0.0011 -0.6443 0.7647
vn -0.0009 0.7975 0.6033
vn -0.3738 0.6453 0.6663
vn -0.0491 0.7759 0.6289
vn -0.6340 0.3813 0.6728
vn -0.0015 0.7826 0.6226
vn -0.0199 -0.7972 0.6034
vn -0.6201 -0.3433 0.7054
vn 0.6015 0.3968 0.6933
vn 0.3698 -0.0460 0.9280
vn 0.7214 -0.1638 0.6729
vn 0.7214 -0.1638 0.6728
vn 0.0011 -0.6525 0.7578
vn 0.0011 -0.6541 0.7564
vn 0.6800 -0.1336 0.7209
vn 0.6800 -0.1336 0.7210
vn 0.0023 -0.8503 0.5263
vn 0.0023 -0.8503 0.5264
vn 0.6510 -0.1090 0.7512
vn 0.6511 -0.1091 0.7512
vn 0.0018 0.7569 0.6535
vn 0.0018 0.7571 0.6533
vn 0.3743 -0.0408 0.9264
vn 0.7421 -0.1475 0.6538
vn 0.5905 -0.0936 0.8016
vn 0.0024 0.7539 0.6570
vn 0.0024 -0.6518 0.7584
vn 0.0025 -0.6517 0.7585
vn 0.7563 -0.2522 0.6037
vn 0.0002 -0.7580 0.6522
vn -0.0009 -0.7611 0.6486
vn 0.0008 -0.7558 0.6548
vn -0.0014 0.1539 0.9881
vn -0.0007 0.8633 0.5047
vn -0.0039 0.8681 0.4964
vn 0.0011 -0.6434 0.7655
vn -0.0031 0.8707 0.4919
vn -0.0013 0.1475 0.9891
vn -0.0016 0.1482 0.9890
vn -0.0014 0.1483 0.9889
vn -0.0014 0.1476 0.9890
vn -0.0913 0.1494 0.9846
vn -0.0026 0.2432 0.9700
vn -0.1110 0.2542 0.9608
vn -0.9987 0.0502 -0.0103
vn -0.9987 -0.0504 0.0062
vn -0.9938 -0.0351 0.1053
vn -0.9939 0.0643 0.0901
vn -0.0332 -0.9877 0.1528
vn -0.0002 -0.9883 0.1523
vn -0.0004 -0.9681 0.2505
vn -0.0333 -0.9677 0.2500
vn -0.0055 0.0784 0.9969
vn -0.0913 0.1418 0.9857
vn -0.1124 0.0392 0.9929
vn -0.7065 -0.6997 0.1066
vn -0.7041 -0.6809 0.2015
vn -0.0014 0.2433 0.9700
vn 0.0002 0.9883 -0.1522
vn -0.0339 0.9878 -0.1522
vn -0.0333 0.9980 -0.0530
vn 0.0001 0.9986 -0.0525
vn -0.7069 0.6989 -0.1087
vn -0.7040 0.7101 -0.0125
vn -0.0014 0.0800 0.9968
vn -0.5085 0.6039 0.6138
vn -0.6924 0.1378 0.7083
vn -0.0209 0.7974 0.6030
vn -0.5086 -0.3962 0.7644
vn -0.0248 -0.5710 0.8206
vn -0.6924 0.0730 0.7178
vn -0.0009 0.7960 0.6053
vn -0.0012 -0.5681 0.8230
vn -0.6122 -0.3379 0.7148
vn -0.0478 0.0163 0.9987
vn 0.0128 0.0520 0.9986
vn -0.8532 -0.5205 0.0330
vn 0.0038 0.0469 0.9989
vn 0.0040 0.0469 0.9989
vn 0.0075 0.0611 0.9981
vn 0.0074 0.0608 0.9981
vn 0.0071 0.0644 0.9979
vn 0.0077 0.0657 0.9978
vn 0.0087 0.0643 0.9979
vn 0.8607 -0.4902 0.1374
vn 0.9917 0.0071 0.1286
vn 0.8964 0.0245 0.4427
vn 0.7808 -0.4265 0.4566
vn 0.8566 0.5019 0.1196
vn 0.4934 0.8625 0.1125
vn 0.4432 0.7931 0.4179
vn 0.7715 0.4702 0.4286
vn -0.4980 -0.8555 0.1419
vn -0.0002 -0.9894 0.1450
vn -0.0007 -0.8829 0.4695
vn -0.4538 -0.7601 0.4651
vn -0.8569 0.5020 0.1171
vn -0.9920 0.0071 0.1258
vn -0.8976 0.0245 0.4401
vn -0.7727 0.4702 0.4263
vn -0.0002 0.9940 0.1094
vn -0.0006 0.9105 0.4136
vn 0.4975 -0.8555 0.1434
vn 0.4524 -0.7601 0.4664
vn -0.8611 -0.4902 0.1349
vn -0.7821 -0.4265 0.4543
vn -0.4937 0.8625 0.1111
vn -0.4444 0.7930 0.4167
vn -0.3349 -0.1411 0.9316
vn -0.4380 0.0500 0.8976
vn -0.2188 0.4262 0.8778
vn -0.0013 0.3930 0.9195
vn 0.3323 -0.1411 0.9326
vn 0.2179 -0.3291 0.9188
vn 0.3310 0.2428 0.9119
vn 0.4354 0.0500 0.8988
vn -0.2205 -0.3292 0.9182
vn -0.3336 0.2428 0.9109
vn 0.2163 0.4262 0.8784
vn -0.0014 -0.2912 0.9567
vn -0.0014 0.0555 0.9985
vn 0.0271 -0.9986 0.0463
vn 0.0271 -0.9983 0.0525
vn 0.8533 -0.5197 0.0422
vn 0.8531 -0.5203 0.0396
vn 0.9655 -0.2596 0.0195
vn 0.9656 -0.2590 0.0218
vn 0.0382 0.9938 -0.1042
vn 0.8209 0.5687 -0.0522
vn 0.8201 0.5696 -0.0541
vn 0.0381 0.9938 -0.1041
vn 0.0023 0.9944 -0.1052
vn 0.0021 0.9942 -0.1077
vn 0.0719 0.9908 -0.1143
vn 0.0721 0.9913 -0.1097
vn 0.0377 0.9893 -0.1409
vn 0.5521 0.8258 -0.1152
vn 0.5520 0.8248 -0.1228
vn 0.0377 0.9881 -0.1492
vn 0.8971 0.4385 -0.0542
vn 0.8969 0.4384 -0.0585
vn 0.7989 -0.6003 0.0374
vn 0.4892 -0.8708 0.0481
vn 0.4891 -0.8712 0.0420
vn 0.7986 -0.6010 0.0325
vn 0.9129 0.4053 -0.0475
vn 0.9088 0.4145 0.0484
vn 0.5598 0.8285 0.0126
vn 0.5596 0.8238 -0.0907
vn -0.0000 0.9999 -0.0172
vn 0.0369 0.9992 -0.0182
vn 0.0014 0.9999 -0.0164
vn -0.0066 0.0655 0.9978
vn -0.0012 0.1504 0.9886
vn 0.0271 0.2181 0.9755
vn -0.0041 0.0519 0.9986
vn 0.0711 0.9974 -0.0137
vn 0.0014 0.9999 -0.0163
vn -0.9165 -0.3992 0.0248
vn -0.9159 -0.3890 0.0989
vn -0.9159 -0.3890 0.0988
vn 0.8202 0.5700 0.0485
vn 0.9612 -0.2496 0.1175
vn 0.9128 0.4053 -0.0511
vn 0.5595 0.8235 -0.0945
vn 0.0029 0.9998 -0.0196
vn -0.0004 -0.9959 0.0903
vn -0.0007 -0.9865 0.1639
vn 0.0006 -0.9865 0.1638
vn 0.0004 -0.9959 0.0904
vn -0.0046 0.0388 0.9992
vn -0.0407 0.2148 0.9758
vn -0.0027 0.2295 0.9733
vn 0.0006 0.9959 -0.0904
vn 0.0001 0.9999 -0.0163
vn 0.0010 0.9999 -0.0163
vn -0.0502 0.0448 0.9977
vn -0.0008 0.1834 0.9830
vn -0.0025 0.1721 0.9851
vn -0.0032 0.0113 0.9999
vn -0.0047 0.0448 0.9990
vn -0.0034 0.0490 0.9988
vn -0.0064 0.0421 0.9991
vn -0.4899 0.8677 -0.0848
vn -0.4907 0.8713 -0.0078
vn -0.8005 0.5992 0.0126
vn -0.8002 0.5963 -0.0640
vn 0.8532 -0.5206 0.0327
vn 0.8534 -0.5200 0.0361
vn -0.0016 0.0605 0.9982
vn -0.0017 0.0603 0.9982
vn -0.0028 0.0513 0.9987
vn -0.0034 0.0493 0.9988
vn -0.0029 0.0521 0.9986
vn -0.0033 0.0565 0.9984
vn -0.0033 0.0572 0.9984
vn -0.0060 0.0514 0.9987
vn -0.0065 0.0529 0.9986
vn -0.0069 0.0520 0.9986
vn -0.0069 0.0512 0.9987
vn 0.0187 0.1474 0.9889
vn 0.0652 0.2478 0.9666
vn -0.0000 -0.9959 0.0903
vn -0.0004 -0.9865 0.1636
vn 0.0004 -0.9866 0.1634
vn -0.0183 0.9997 -0.0164
vn -0.0181 0.9957 -0.0905
vn -0.0079 0.0397 0.9992
vn -0.0048 0.0585 0.9983
vn -0.0004 0.1391 0.9903
vn -0.0007 0.1433 0.9897
vn 0.0267 -0.9861 0.1638
vn 0.0001 -0.9866 0.1633
vn -0.9756 -0.2195 0.0078
vn -0.9716 -0.2140 0.1015
vn -0.0122 0.0689 0.9975
vn 0.0487 0.0494 0.9976
vn 0.0377 0.1303 0.9908
vn -0.0125 0.0994 0.9950
vn -0.0114 0.2382 0.9712
vn 0.0077 0.1514 0.9884
vn 0.7959 -0.5897 0.1371
vn 0.4867 -0.8589 0.1591
vn 0.8533 -0.5199 0.0385
vn 0.8501 -0.5104 0.1301
vn 0.8501 -0.5104 0.1300
vn -0.0056 0.0713 0.9974
vn -0.0025 0.1435 0.9896
vn 0.0388 0.9991 -0.0177
vn 0.5494 0.8355 -0.0090
vn 0.8936 0.4467 0.0426
vn -0.0562 0.1339 0.9894
vn 0.0220 0.0002 0.9998
vn 0.0424 0.0119 0.9990
vn -0.0828 0.1038 0.9911
vn -0.0006 -0.9959 0.0903
vn -0.0006 -0.9885 0.1515
vn 0.0006 -0.9878 0.1555
vn 0.0001 -0.9866 0.1634
vn -0.0105 0.0488 0.9988
vn 0.0451 0.0163 0.9988
vn 0.0021 0.9959 -0.0904
vn 0.0019 0.9999 -0.0165
vn 0.0010 0.9999 -0.0164
vn 0.0008 0.9959 -0.0904
vn -0.9706 -0.2404 0.0097
vn -0.9686 -0.2359 0.0781
vn 0.0005 0.9959 -0.0903
vn 0.0001 0.9999 -0.0161
vn 0.0011 0.9999 -0.0161
vn -0.0108 0.1173 0.9930
vn -0.0050 -0.0509 0.9987
vn -0.0239 0.0380 0.9990
vn -0.0062 0.1928 0.9812
vn -0.0061 -0.0933 0.9956
vn -0.0168 -0.0878 0.9960
vn -0.0162 0.1802 0.9835
vn -0.0010 -0.9866 0.1634
vn -0.0004 -0.9866 0.1634
vn -0.0023 -0.9959 0.0903
vn -0.0013 -0.9884 0.1517
vn -0.0004 -0.9863 0.1650
vn -0.9679 -0.2509 0.0107
vn -0.9656 -0.2459 0.0851
vn 0.0459 0.0165 0.9988
vn -0.9727 -0.2150 0.0871
vn -0.8543 0.5195 0.0190
vn -0.8544 0.5164 -0.0574
vn -0.0052 0.1604 0.9870
vn -0.0051 -0.0437 0.9990
vn -0.0040 0.1659 0.9861
vn -0.0004 0.0055 1.0000
vn -0.9612 -0.2757 0.0130
vn -0.9592 -0.2705 0.0825
vn -0.9592 -0.2705 0.0826
vn -0.0009 -0.9918 0.1276
vn -0.0007 -0.9918 0.1275
vn -0.0100 0.0394 0.9992
vn -0.0076 0.0406 0.9991
vn -0.0011 -0.6778 0.7353
vn 0.5979 -0.3298 0.7306
vn 0.6441 -0.1259 0.7545
vn 0.5299 0.4413 0.7242
vn 0.0248 0.7761 0.6301
vn 0.4487 0.7568 0.4754
vn 0.0246 0.8103 0.5854
vn 0.6456 0.4086 0.6452
vn 0.3503 -0.5914 0.7263
vn 0.5806 -0.4028 0.7076
vn 0.0179 -0.6774 0.7354
vn -0.0012 0.7996 0.6005
vn -0.0041 -0.7508 0.6605
vn -0.0015 -0.7948 0.6069
vn -0.0006 -0.6783 0.7348
vn -0.3562 0.6530 0.6684
vn -0.5702 0.4524 0.6857
vn -0.0149 0.7636 0.6455
vn -0.0009 0.7650 0.6441
vn 0.0473 0.7759 0.6291
vn 0.3719 0.6453 0.6673
vn 0.6321 0.3813 0.6746
vn -0.0003 0.7825 0.6226
vn 0.0182 -0.7971 0.6035
vn 0.6181 -0.3433 0.7072
vn -0.6035 0.3968 0.6916
vn -0.3726 -0.0460 0.9269
vn -0.7234 -0.1639 0.6707
vn -0.7234 -0.1638 0.6707
vn -0.0033 -0.6541 0.7564
vn -0.0033 -0.6525 0.7578
vn -0.6821 -0.1336 0.7190
vn -0.6821 -0.1337 0.7190
vn -0.0038 -0.8503 0.5263
vn -0.0038 -0.8502 0.5264
vn -0.6532 -0.1090 0.7493
vn -0.0037 0.7571 0.6533
vn -0.0037 0.7569 0.6535
vn -0.3769 -0.0408 0.9253
vn -0.7440 -0.1475 0.6517
vn -0.5928 -0.0936 0.7999
vn -0.0043 0.7539 0.6570
vn -0.0047 -0.6515 0.7586
vn -0.0046 -0.6516 0.7585
vn -0.7580 -0.2522 0.6015
vn -0.7580 -0.2521 0.6015
vn -0.0021 -0.7580 0.6522
vn -0.0027 -0.7558 0.6547
vn 0.0025 0.8681 0.4964
vn -0.0033 -0.6434 0.7655
vn 0.0017 0.8707 0.4918
vn -0.0015 0.1475 0.9891
vn -0.0013 0.1482 0.9890
vn 0.0884 0.1493 0.9848
vn 0.1082 0.2542 0.9611
vn -0.0002 0.2433 0.9700
vn 0.9987 0.0504 -0.0065
vn 0.9936 0.0644 0.0930
vn 0.9935 -0.0351 0.1083
vn 0.9987 -0.0503 0.0100
vn 0.0328 -0.9878 0.1523
vn 0.0326 -0.9677 0.2501
vn 0.0027 0.0784 0.9969
vn 0.1096 0.0391 0.9932
vn 0.0885 0.1418 0.9859
vn 0.7065 -0.6993 0.1086
vn 0.7031 -0.6813 0.2037
vn 0.0334 0.9980 -0.0528
vn 0.0343 0.9877 -0.1526
vn 0.7047 0.7095 -0.0104
vn 0.7071 0.6990 -0.1067
vn 0.6903 0.1378 0.7103
vn 0.5067 0.6039 0.6152
vn 0.0191 0.7975 0.6031
vn 0.0224 -0.5709 0.8207
vn 0.5064 -0.3962 0.7659
vn 0.6903 0.0730 0.7199
vn 0.6102 -0.3379 0.7166
vn 0.0449 0.0163 0.9989
vn -0.0157 0.0520 0.9985
vn 0.8531 -0.5205 0.0356
vn -0.0067 0.0469 0.9989
vn -0.0068 0.0469 0.9989
vn -0.0104 0.0611 0.9981
vn -0.0103 0.0608 0.9981
vn -0.0099 0.0644 0.9979
vn -0.0116 0.0643 0.9979
vn -0.0106 0.0657 0.9978
vn -0.7821 -0.4266 0.4542
vn -0.9920 0.0071 0.1257
vn -0.8569 0.5020 0.1170
vn -0.7728 0.4702 0.4263
vn -0.4444 0.7931 0.4166
vn -0.0007 -0.8829 0.4696
vn 0.8566 0.5020 0.1195
vn -0.0006 0.9104 0.4136
vn 0.4354 0.0499 0.8988
vn 0.3322 -0.1413 0.9326
vn 0.2162 0.4262 0.8784
vn -0.3348 -0.1413 0.9316
vn -0.4380 0.0499 0.8976
vn -0.3337 0.2426 0.9109
vn 0.3311 0.2426 0.9119
vn -0.2187 0.4262 0.8778
vn -0.9975 0.0070 -0.0704
vn -0.9975 -0.0000 -0.0705
vn -1.0000 0.0071 -0.0015
vn -0.9239 0.3827 -0.0013
vn -0.9218 0.3815 -0.0681
vn -0.3817 0.9218 -0.0673
vn -0.3827 0.9239 -0.0006
vn -0.0098 1.0000 -0.0000
vn -0.0096 0.9976 -0.0689
vn -0.7055 0.7056 -0.0672
vn -0.7071 0.7071 -0.0010
vn 0.0001 0.9976 -0.0690
vn -0.2197 0.0888 -0.9715
vn -0.1522 0.0009 -0.9883
vn -0.7072 0.0045 -0.7070
vn -0.6813 0.2793 -0.6767
vn -0.1171 0.1185 -0.9860
vn -0.5248 0.5258 -0.6694
vn -0.0874 0.2211 -0.9713
vn -0.2783 0.6822 -0.6761
vn 0.0003 0.1491 -0.9888
vn -0.0052 0.7085 -0.7056
vn 0.0014 0.1435 -0.9896
vn 1.0000 0.0028 0.0083
vn 1.0000 0.0005 0.0027
vn 1.0000 0.0005 0.0026
vn 0.0010 0.7075 -0.7067
vn -0.7061 -0.0000 -0.7081
vn -0.1516 -0.0000 -0.9884
vn 0.9977 0.0070 -0.0675
vn 1.0000 0.0071 0.0014
vn 0.9977 -0.0000 -0.0676
vn 0.9219 0.3818 -0.0654
vn 0.9239 0.3827 0.0013
vn 0.3816 0.9219 -0.0662
vn 0.0098 0.9976 -0.0689
vn 0.0098 1.0000 -0.0000
vn 0.3827 0.9239 0.0006
vn 0.7057 0.7055 -0.0652
vn 0.7071 0.7071 0.0010
vn 0.2225 0.0888 -0.9709
vn 0.6832 0.2793 -0.6747
vn 0.7092 0.0045 -0.7050
vn 0.1551 0.0009 -0.9879
vn 0.1199 0.1185 -0.9857
vn 0.5268 0.5258 -0.6679
vn 0.0902 0.2211 -0.9711
vn 0.2803 0.6822 -0.6753
vn 0.0026 0.1491 -0.9888
vn 0.0073 0.7086 -0.7056
vn 0.0016 0.1435 -0.9896
vn -1.0000 0.0028 0.0054
vn -1.0000 0.0005 -0.0003
vn -1.0000 0.0005 -0.0002
vn 0.0010 0.7076 -0.7067
vn 0.7086 -0.0000 -0.7056
vn 0.1545 -0.0000 -0.9880
vn 0.0003 0.9822 -0.1880
vn -0.0133 0.9820 -0.1883
vn -0.0142 0.9999 -0.0000
vn -0.9999 0.0153 -0.0014
vn -0.9788 0.0145 -0.2042
vn -0.9790 -0.0000 -0.2039
vn -0.6650 0.7186 -0.2036
vn -0.6794 0.7338 -0.0010
vn -0.0004 0.1797 -0.9837
vn -0.1660 0.1813 -0.9693
vn -0.4802 0.5198 -0.7065
vn -0.0077 0.7080 -0.7062
vn -0.1653 0.0018 -0.9862
vn -0.6791 0.0090 -0.7340
vn -0.1649 -0.0000 -0.9863
vn -0.6788 -0.0000 -0.7344
vn 0.0014 0.1792 -0.9838
vn -0.7055 0.7056 -0.0661
vn -0.9941 0.0847 -0.0679
vn -0.9963 0.0862 -0.0014
vn -0.0149 0.9975 -0.0685
vn -0.0154 0.9999 -0.0000
vn 0.0001 0.9976 -0.0686
vn 0.0001 -0.9976 -0.0686
vn -0.0154 -0.9999 -0.0001
vn -0.0150 -0.9975 -0.0684
vn -0.7055 -0.7056 -0.0661
vn -0.9963 -0.0862 -0.0014
vn -0.9941 -0.0847 -0.0680
vn -0.0155 -0.1159 -0.9931
vn -0.0068 -0.7103 -0.7039
vn -0.5607 -0.5615 -0.6085
vn -0.7313 -0.0500 -0.6802
vn -0.0155 0.1159 -0.9931
vn -0.5606 0.5614 -0.6087
vn -0.0068 0.7102 -0.7039
vn -0.7313 0.0500 -0.6802
vn 0.0010 -0.7080 -0.7062
vn 0.0014 -0.1189 -0.9929
vn 0.0010 0.7081 -0.7061
vn 0.0014 0.1189 -0.9929
vn 0.0142 0.9999 -0.0000
vn 0.0138 0.9820 -0.1882
vn 0.9999 0.0153 0.0014
vn 0.9796 -0.0000 -0.2011
vn 0.9794 0.0145 -0.2013
vn 0.6794 0.7338 0.0010
vn 0.6655 0.7186 -0.2016
vn 0.0032 0.1797 -0.9837
vn 0.0097 0.7080 -0.7062
vn 0.4823 0.5198 -0.7051
vn 0.1690 0.1810 -0.9688
vn 0.6813 0.0090 -0.7320
vn 0.1681 0.0018 -0.9858
vn 0.6809 -0.0000 -0.7324
vn 0.1677 -0.0000 -0.9858
vn 0.9963 0.0862 0.0014
vn 0.9943 0.0846 -0.0651
vn 0.7057 0.7056 -0.0641
vn 0.0151 0.9975 -0.0685
vn 0.0154 0.9999 -0.0001
vn 0.0151 -0.9975 -0.0683
vn 0.0154 -0.9999 -0.0000
vn 0.7057 -0.7057 -0.0641
vn 0.9943 -0.0846 -0.0651
vn 0.9963 -0.0862 0.0014
vn 0.0184 -0.1159 -0.9931
vn 0.5625 -0.5615 -0.6069
vn 0.0088 -0.7103 -0.7038
vn 0.7333 -0.0500 -0.6781
vn 0.0184 0.1159 -0.9931
vn 0.0088 0.7102 -0.7039
vn 0.5624 0.5614 -0.6070
vn 0.7333 0.0500 -0.6780
vn 0.0010 -0.7082 -0.7060
vn 0.0013 0.4976 -0.8674
vn 0.0005 -0.9380 -0.3467
vn 0.0012 0.5393 -0.8421
vn 0.0014 0.4020 -0.9156
vn 0.0013 0.4020 -0.9156
vn 0.0007 -0.8651 -0.5016
vn 0.0002 -0.9870 -0.1607
vn 0.0007 -0.8683 -0.4960
vn 0.0013 0.4049 -0.9144
vn 0.0005 -0.9290 -0.3700
vn 0.0015 0.4349 -0.9005
vn 0.0013 0.4349 -0.9005
vn 0.0008 -0.9380 -0.3467
vn -0.9638 -0.0126 -0.2663
vn -0.8700 -0.0234 -0.4925
vn 0.0002 -0.9870 -0.1606
vn 0.0008 -0.8683 -0.4960
vn 0.0013 0.4977 -0.8674
vn 0.0012 0.4349 -0.9005
vn 0.0004 -0.9290 -0.3700
vn 0.0008 -0.8651 -0.5016
vn 0.0001 -0.9955 -0.0952
vn 0.0001 -0.9955 -0.0942
vn 0.0001 -0.9955 -0.0943
vn 0.0014 0.4049 -0.9144
vn 0.0004 -0.9290 -0.3701
vn 0.0010 0.4977 -0.8674
vn 0.0006 -0.8683 -0.4960
vn 0.0011 0.4349 -0.9005
vn 0.0014 0.4349 -0.9005
vn 0.0007 -0.9290 -0.3700
vn 0.9646 -0.0126 -0.2635
vn 0.8714 -0.0233 -0.4900
vn 0.0012 0.4049 -0.9144
vn 0.0009 -0.8683 -0.4960
vn -0.7029 0.7030 -0.1084
vn -0.9913 0.0789 -0.1052
vn -0.9968 0.0797 -0.0014
vn 0.7032 -0.7030 -0.1063
vn 0.9916 -0.0789 -0.1023
vn 0.9968 -0.0797 0.0014
vn 0.0520 -0.9986 0.0001
vn 0.0515 -0.9933 -0.1039
vn -0.7029 -0.7030 -0.1084
vn -0.9968 -0.0797 -0.0014
vn -0.9913 -0.0789 -0.1052
vn 0.0515 0.9933 -0.1039
vn 0.0520 0.9986 0.0001
vn 0.7032 0.7030 -0.1063
vn 0.9916 0.0789 -0.1023
vn 0.9968 0.0797 0.0014
vn -0.0512 0.9933 -0.1040
vn -0.0520 0.9986 -0.0001
vn -0.0520 -0.9986 -0.0001
vn -0.0512 -0.9933 -0.1040
vn -0.0778 0.0052 -0.9970
vn -0.0833 0.0847 -0.9929
vn -0.0018 0.0785 -0.9969
vn 0.0047 -0.0785 -0.9969
vn 0.0862 -0.0847 -0.9927
vn 0.3446 -0.3433 -0.8737
vn 0.0243 -0.4846 -0.8744
vn 0.0807 -0.0052 -0.9967
vn 0.4873 -0.0360 -0.8725
vn -0.3421 0.3433 -0.8747
vn -0.0218 0.4846 -0.8745
vn -0.4848 0.0359 -0.8739
vn 0.0862 0.0847 -0.9927
vn 0.0047 0.0785 -0.9969
vn 0.0243 0.4846 -0.8744
vn 0.3446 0.3433 -0.8737
vn 0.0807 0.0052 -0.9967
vn 0.4873 0.0360 -0.8725
vn -0.0833 -0.0847 -0.9929
vn -0.0018 -0.0785 -0.9969
vn -0.0218 -0.4846 -0.8745
vn -0.3420 -0.3433 -0.8747
vn -0.0778 -0.0052 -0.9970
vn -0.4848 -0.0359 -0.8739
vn -0.1187 -0.0000 -0.9929
vn -0.0000 -0.9997 -0.0260
vn 0.1816 -0.9830 -0.0253
vn 0.9788 -0.2049 -0.0039
vn -0.2205 -0.9751 -0.0257
vn 0.1815 0.9830 0.0259
vn -0.0000 0.9997 0.0261
vn -0.0000 0.9997 0.0260
vn -0.2205 0.9751 0.0251
vn 0.9735 0.2286 0.0074
vn -0.9787 -0.2050 -0.0068
vn -0.9735 0.2286 0.0045
vn -0.7071 0.7069 0.0174
vn -0.7071 -0.7069 -0.0195
vn 0.7071 0.7069 0.0194
vn 0.7071 -0.7069 -0.0174
vn -0.0015 -0.0261 0.9997
vn -0.3380 0.8941 0.2937
vn -0.3412 0.8968 0.2816
vn -0.6283 0.6721 0.3917
vn -0.6240 0.6697 0.4027
vn 0.3724 0.8853 0.2786
vn 0.3715 0.8895 0.2661
vn 0.0133 0.9896 0.1431
vn 0.0152 0.9878 0.1550
vn -0.6308 -0.6908 0.3534
vn -0.6264 -0.6890 0.3646
vn -0.8186 -0.3760 0.4343
vn -0.8232 -0.3782 0.4234
vn -0.8173 0.3535 0.4551
vn -0.8217 0.3567 0.4445
vn -0.8995 0.0056 0.4368
vn -0.8948 0.0053 0.4463
vn -0.0035 -0.9967 0.0807
vn 0.0100 -0.9968 0.0798
vn 0.0119 -0.9957 0.0923
vn -0.0017 -0.9957 0.0932
vn 0.3686 -0.9072 0.2028
vn 0.3694 -0.9037 0.2165
vn -0.3444 -0.9100 0.2311
vn -0.3412 -0.9079 0.2434
vn -0.0002 0.9897 0.1434
vn 0.0017 0.9879 0.1553
vn 0.9447 0.0053 0.3278
vn 0.9476 0.0057 0.3193
vn 0.8680 0.3554 0.3468
vn 0.8654 0.3527 0.3560
vn -0.8996 -0.0270 0.4358
vn -0.8949 -0.0273 0.4453
vn 0.9475 -0.0269 0.3185
vn 0.9446 -0.0273 0.3270
vn 0.6670 0.6630 0.3398
vn 0.6681 0.6671 0.3296
vn 0.8641 -0.3761 0.3344
vn 0.8669 -0.3780 0.3249
vn 0.6655 -0.6855 0.2953
vn 0.6668 -0.6889 0.2843
vn 0.1282 -0.0315 0.9912
vn 0.0478 -0.0328 0.9983
vn 0.0012 -0.0855 0.9963
vn 0.0683 -0.0942 0.9932
vn 0.1267 -0.1175 0.9849
vn 0.0748 -0.1652 0.9834
vn -0.1344 -0.6183 0.7744
vn 0.0878 -0.6882 0.7202
vn -0.3200 -0.4695 0.8229
vn -0.4423 -0.2625 0.8576
vn -0.4829 -0.0367 0.8749
vn 0.0757 0.1033 0.9918
vn 0.1274 0.0550 0.9903
vn 0.0927 0.6455 0.7581
vn -0.1313 0.5736 0.8086
vn 0.0687 0.0316 0.9971
vn -0.3188 0.4222 0.8486
vn 0.0014 0.0232 0.9997
vn -0.4423 0.2129 0.8712
vn 0.0478 -0.0300 0.9984
vn -0.4829 -0.0140 0.8756
vn 0.2530 0.0232 0.9672
vn 0.2077 -0.0300 0.9777
vn 0.6898 -0.0140 0.7239
vn 0.6494 0.2130 0.7301
vn 0.1872 0.0316 0.9818
vn 0.5242 0.4222 0.7396
vn 0.1790 0.1033 0.9784
vn 0.3327 0.5736 0.7485
vn 0.1287 0.0550 0.9902
vn 0.1032 0.6455 0.7568
vn 0.1778 -0.1652 0.9701
vn 0.1280 -0.1175 0.9848
vn 0.0982 -0.6882 0.7188
vn 0.3269 -0.6183 0.7147
vn 0.1866 -0.0942 0.9779
vn 0.5188 -0.4695 0.7144
vn 0.2523 -0.0855 0.9639
vn 0.6459 -0.2625 0.7169
vn 0.2077 -0.0328 0.9776
vn 0.6896 -0.0367 0.7233
vn 0.0543 0.9976 0.0432
vn 0.0553 0.9983 0.0155
vn 0.0187 0.9982 0.0566
vn 0.0552 0.9985 0.0030
vn 0.0600 0.9973 0.0413
vn 0.0652 0.9970 0.0415
vn 0.0568 0.9983 -0.0119
vn 0.0672 0.9976 -0.0143
vn 0.0834 0.9955 0.0441
vn 0.1133 0.9928 0.0386
vn 0.1031 0.9947 -0.0001
vn 0.0401 -0.0062 0.9992
vn 0.0115 -0.0063 0.9999
vn 0.0115 -0.0562 0.9984
vn 0.0400 -0.0566 0.9976
vn -0.9950 0.0259 0.0963
vn -0.9951 -0.0241 0.0955
vn -0.9897 -0.0255 0.1410
vn -0.9895 0.0244 0.1422
vn 0.9739 0.1346 -0.1825
vn 0.9787 0.2009 0.0421
vn 0.9899 0.0420 0.1352
vn 0.9967 -0.0758 0.0293
vn -0.1033 0.9939 0.0394
vn -0.0971 0.9864 0.1323
vn 0.0015 0.9990 0.0457
vn 0.0880 0.9939 -0.0661
vn 0.0361 0.9978 -0.0563
vn 0.0583 -0.9983 0.0054
vn 0.0498 -0.9974 -0.0527
vn 0.0544 -0.9969 -0.0564
vn 0.0667 -0.9977 0.0096
vn -0.0907 0.0088 -0.9958
vn -0.0903 0.0599 -0.9941
vn -0.1036 0.0687 -0.9922
vn -0.1042 0.0054 -0.9945
vn 0.9740 0.1331 -0.1833
vn 0.9712 -0.1460 -0.1881
vn 0.9454 -0.1258 -0.3006
vn 0.9500 0.1290 -0.2843
vn -0.0009 -1.0000 -0.0010
vn -0.0970 -0.9919 0.0823
vn -0.1040 -0.9945 -0.0103
vn -0.1234 0.0809 -0.9890
vn -0.1243 0.0010 -0.9922
vn 0.0363 -0.9984 -0.0432
vn 0.0403 -0.9976 -0.0566
vn 0.0446 -0.9990 0.0009
vn 0.0075 -0.9998 -0.0206
vn 0.1081 -0.9936 -0.0322
vn -0.0016 -0.9998 -0.0220
vn -0.1457 -0.0047 -0.9893
vn -0.1442 0.0978 -0.9847
vn -0.1711 0.1164 -0.9783
vn -0.1732 -0.0122 -0.9848
vn 0.0733 -0.9972 0.0166
vn 0.0583 -0.9966 -0.0588
vn 0.0595 -0.9972 -0.0458
vn 0.0785 -0.9966 0.0245
vn -0.9929 -0.1081 -0.0496
vn -0.9892 0.1424 -0.0339
vn -0.9936 0.1101 -0.0237
vn -0.9964 -0.0769 -0.0357
vn 0.1805 0.0027 0.9836
vn 0.1801 -0.0711 0.9811
vn 0.2037 -0.0822 0.9756
vn 0.2042 0.0085 0.9789
vn 0.2265 -0.0991 0.9690
vn 0.2272 0.0179 0.9737
vn 0.1115 -0.0594 0.9920
vn 0.1106 -0.0042 0.9939
vn -0.0034 0.0131 -0.9999
vn -0.0033 0.0495 -0.9988
vn -0.0586 0.0508 -0.9970
vn -0.0588 0.0128 -0.9982
vn 0.0752 0.9963 0.0419
vn 0.0632 0.9977 -0.0235
vn 0.0549 -0.9985 0.0029
vn 0.0488 -0.9975 -0.0508
vn -0.8881 -0.0357 0.4582
vn -0.8875 0.0139 0.4606
vn 0.2295 0.0326 0.9728
vn 0.2286 -0.1251 0.9654
vn 0.2366 -0.1763 0.9555
vn 0.2384 0.0649 0.9690
vn 0.0667 0.9973 -0.0308
vn 0.0810 0.9958 0.0428
vn 0.0896 0.9958 -0.0211
vn 0.0018 0.9998 0.0219
vn 0.0471 0.9988 -0.0121
vn 0.0952 -0.9948 -0.0374
vn 0.1104 -0.9937 0.0208
vn -0.2067 -0.0343 -0.9778
vn -0.2029 0.1643 -0.9653
vn -0.1456 0.1686 -0.9749
vn -0.1497 -0.0372 -0.9880
vn 0.0080 -0.9845 -0.1755
vn 0.0591 -0.9809 -0.1855
vn -0.3673 -0.0028 0.9301
vn -0.3686 -0.0524 0.9281
vn -0.6713 0.0043 0.7412
vn -0.6704 -0.0453 0.7406
vn 0.2663 -0.2212 0.9382
vn 0.2084 -0.7291 0.6519
vn 0.2407 -0.7286 0.6412
vn 0.3636 0.0080 -0.9315
vn 0.3635 0.0472 -0.9304
vn 0.2186 0.6775 0.7023
vn 0.2525 0.6728 0.6954
vn 0.8940 0.0293 -0.4471
vn 0.8951 -0.0088 -0.4457
vn 0.9942 -0.0178 -0.1058
vn 0.9943 0.0163 -0.1051
vn 0.6746 0.0396 -0.7372
vn 0.6747 0.0007 -0.7381
vn 0.0730 -0.9912 -0.1107
vn 0.0143 -0.9996 -0.0231
vn 0.0433 -0.9977 -0.0529
vn -0.0071 0.9997 0.0220
vn -0.0141 0.9996 0.0250
vn -0.9955 0.0261 0.0913
vn -0.7024 0.7067 0.0848
vn -0.7018 0.7077 0.0812
vn -0.0115 -0.9997 -0.0202
vn -0.0175 -0.9996 -0.0219
vn -0.7060 -0.7063 0.0516
vn -0.7057 -0.7068 0.0493
vn -0.9955 -0.0240 0.0917
vn 0.0471 -0.8663 0.4973
vn 0.0682 -0.9762 0.2058
vn 0.0144 -0.9998 0.0127
vn 0.2692 0.0955 0.9583
vn 0.1967 -0.7326 0.6517
vn 0.2022 -0.7275 0.6556
vn 0.1567 -0.8202 0.5501
vn 0.1504 -0.0636 0.9866
vn 0.0782 -0.9712 0.2249
vn 0.0492 -0.9988 0.0009
vn 0.1055 0.7725 0.6262
vn 0.0371 0.7020 0.7112
vn 0.1841 0.7032 0.6868
vn 0.1593 0.7395 0.6541
vn 0.2061 0.6862 0.6976
vn 0.2106 0.6819 0.7004
vn -0.2868 0.9425 0.1716
vn -0.7011 0.7034 0.1172
vn -0.6341 0.6919 0.3454
vn -0.2867 -0.9499 0.1241
vn -0.6345 -0.7079 0.3103
vn -0.7037 -0.7057 0.0821
vn -0.4806 0.6838 0.5490
vn -0.4797 -0.7120 0.5128
vn -0.1186 0.9384 0.3246
vn -0.2633 0.6814 0.6830
vn -0.1179 -0.9539 0.2760
vn -0.2622 -0.7180 0.6448
vn 0.0091 0.6867 0.7268
vn 0.0081 -0.7255 0.6882
vn -0.5446 0.8365 0.0598
vn -0.4744 0.8192 -0.3223
vn -0.0713 0.7253 -0.6848
vn -0.8088 0.1653 -0.5644
vn -0.8116 -0.0772 -0.5791
vn -0.4885 -0.7670 -0.4160
vn -0.0877 -0.6592 -0.7468
vn -0.5589 -0.8284 -0.0384
vn 0.5673 0.1530 -0.8092
vn 0.5031 0.5982 -0.6237
vn 0.7108 0.6794 -0.1819
vn -0.0416 0.7503 -0.6598
vn 0.6886 -0.6733 -0.2694
vn 0.4853 -0.5230 -0.7006
vn 0.5636 -0.0575 -0.8241
vn -0.0656 -0.6552 -0.7526
vn -0.0867 0.7518 -0.6536
vn -0.6373 0.6274 -0.4475
vn -0.6010 0.7978 0.0478
vn -0.8197 0.1074 -0.5626
vn -0.6183 -0.7845 -0.0481
vn -0.6537 -0.5492 -0.5207
vn -0.1107 -0.6569 -0.7458
vn -0.8214 -0.0170 -0.5701
vn -0.0310 0.7187 -0.6947
vn -0.0235 0.7134 -0.7004
vn -0.0429 0.7194 -0.6932
vn -0.0537 -0.6738 -0.7369
vn -0.0686 -0.6605 -0.7477
vn -0.0396 -0.6784 -0.7337
vn 0.0452 -0.9977 -0.0508
vn -0.0153 -0.6641 -0.7475
vn -0.0243 -0.6666 -0.7450
vn -0.0763 0.0114 -0.9970
vn -0.0545 0.7175 -0.6944
vn 0.7110 -0.6872 -0.1489
vn 0.7225 0.6800 -0.1248
vn 0.2876 0.7339 -0.6154
vn 0.0248 0.7079 -0.7059
vn 0.0777 0.9945 -0.0696
vn 0.4785 0.7339 -0.4822
vn 0.6269 0.7165 -0.3060
vn 0.7282 0.6826 -0.0623
vn 0.1114 0.9938 0.0069
vn 0.6258 -0.7044 -0.3348
vn 0.7248 -0.6832 -0.0890
vn 0.0863 -0.9944 -0.0605
vn 0.4782 -0.7121 -0.5141
vn 0.2865 -0.7038 -0.6501
vn 0.0203 -0.6696 -0.7424
vn 0.9967 0.0152 -0.0793
vn 0.7320 0.6798 -0.0451
vn 0.0125 0.9997 0.0190
vn -0.0094 0.7034 -0.7107
vn 0.0492 0.9987 0.0162
vn 0.7284 -0.6814 -0.0717
vn 0.9968 -0.0185 -0.0781
vn 0.7963 0.4726 0.3776
vn 0.8020 0.1050 0.5880
vn 0.7234 0.6822 -0.1063
vn 0.9817 -0.1898 -0.0180
vn 0.8019 -0.2188 0.5559
vn 0.7881 -0.5195 0.3300
vn 0.9715 -0.1491 -0.1842
vn 0.7152 -0.6891 -0.1168
vn 0.0182 0.9996 0.0211
vn -0.0314 -0.6737 -0.7383
vn -0.0173 0.7061 -0.7079
vn -0.0761 0.0539 -0.9956
vn 0.0530 0.9985 0.0149
vn 0.1339 0.7754 0.6171
vn 0.0554 0.9976 0.0413
vn 0.1507 -0.0016 0.9886
vn 0.1112 -0.9265 0.3596
vn -0.0242 -0.0285 0.9993
vn 0.0358 -0.0287 0.9989
vn -0.0161 0.0013 0.9999
vn 0.0358 0.0312 0.9989
vn 0.0657 0.0232 0.9976
vn 0.0956 -0.0285 0.9950
vn 0.0876 -0.0586 0.9944
vn 0.0057 -0.0804 0.9967
vn -0.0161 -0.0586 0.9981
vn 0.0357 -0.0885 0.9954
vn 0.0059 0.0233 0.9997
vn 0.0875 0.0014 0.9962
vn 0.0657 -0.0805 0.9946
vn -0.8617 -0.5006 0.0826
vn -0.9955 -0.0032 0.0951
vn -0.9994 -0.0001 0.0358
vn -0.8657 -0.5000 0.0232
vn 0.5017 0.8633 0.0551
vn 0.8673 0.4964 0.0362
vn 0.8658 0.4999 -0.0232
vn 0.5001 0.8659 -0.0044
vn 0.8654 -0.5006 0.0206
vn 0.4994 -0.8659 0.0280
vn 0.4992 -0.8659 -0.0314
vn 0.8652 -0.4999 -0.0388
vn -0.8625 0.4964 0.0982
vn -0.8651 0.5000 0.0388
vn -0.4968 -0.8655 0.0637
vn -0.5001 -0.8660 0.0044
vn 0.0027 0.9972 0.0751
vn 0.0006 0.9999 0.0156
vn 0.9997 -0.0017 0.0236
vn 0.9994 -0.0001 -0.0358
vn 0.0016 -0.9990 0.0438
vn -0.0006 -0.9999 -0.0156
vn -0.4965 0.8633 0.0908
vn -0.4992 0.8659 0.0314
vn -0.5813 -0.3707 0.7244
vn -0.6771 -0.0205 0.7356
vn -0.3243 -0.6257 0.7095
vn 0.0249 -0.7187 0.6949
vn 0.3742 -0.6256 0.6845
vn 0.6316 -0.3707 0.6809
vn 0.7280 -0.0204 0.6853
vn 0.6362 0.3322 0.6964
vn 0.3792 0.5917 0.7114
vn 0.0260 0.6870 0.7262
vn -0.3273 0.5917 0.7367
vn -0.5847 0.3322 0.7401
vn 0.8667 -0.0000 -0.4987
vn 0.8464 -0.2157 -0.4870
vn 0.4895 -0.2157 -0.8449
vn 0.5012 -0.0000 -0.8653
vn -0.5012 -0.0000 0.8653
vn -0.4895 -0.2156 0.8449
vn -0.0014 -0.2156 0.9765
vn -0.0015 -0.0000 1.0000
vn -0.8653 -0.0000 -0.5012
vn -0.8449 -0.2157 -0.4895
vn -0.9765 -0.2157 -0.0014
vn 0.0014 -0.2157 -0.9765
vn 0.4870 -0.2157 0.8464
vn 0.4987 -0.0000 0.8667
vn -0.8464 -0.2156 0.4870
vn -0.8668 -0.0000 0.4987
vn -0.4870 -0.2157 -0.8464
vn -0.4987 -0.0000 -0.8668
vn 0.8449 -0.2157 0.4895
vn 0.8653 -0.0000 0.5012
vn 0.9765 -0.2157 0.0014
vn -0.6169 -0.7871 -0.0009
vn -0.5347 -0.7871 0.3077
vn 0.0009 -0.7871 -0.6168
vn -0.3077 -0.7871 -0.5346
vn 0.3076 -0.7871 0.5347
vn 0.5337 -0.7871 0.3092
vn 0.6168 -0.7871 0.0009
vn 0.5346 -0.7871 -0.3076
vn -0.3092 -0.7871 0.5338
vn -0.5338 -0.7871 -0.3092
vn 0.3092 -0.7871 -0.5338
vn -0.0009 -0.7871 0.6169
vn -0.4959 0.1056 -0.8619
vn 0.0014 0.1049 -0.9945
vn -0.4988 -0.0000 -0.8667
vn 0.8592 0.1142 0.4987
vn 0.9345 0.1194 0.3353
vn 0.9412 -0.0000 0.3378
vn 0.8653 -0.0000 0.5013
vn -0.9355 0.1194 0.3326
vn -0.8604 0.1142 0.4967
vn -0.8667 -0.0000 0.4987
vn -0.9422 -0.0000 0.3350
vn -0.8602 0.1076 -0.4984
vn -0.8653 -0.0000 -0.5013
vn 0.0135 0.9995 0.0303
vn -0.0001 0.9993 0.0363
vn -0.0000 0.9999 0.0131
vn 0.0733 0.9966 0.0386
vn 0.9939 0.1103 0.0014
vn -0.0728 0.9966 0.0382
vn -0.0853 0.9964 0.0010
vn -0.0000 1.0000 0.0010
vn -0.9939 0.1103 -0.0015
vn 0.4984 0.1056 -0.8605
vn 0.8617 0.1076 -0.4959
vn 0.5013 -0.0000 -0.8653
vn -0.9941 0.1088 -0.0014
vn 0.9412 -0.0000 0.3377
vn -0.4987 -0.0000 -0.8667
vn -0.9793 0.1244 -0.1595
vn -0.9869 -0.0000 -0.1613
vn -0.9932 -0.0000 -0.1168
vn -0.9861 0.1187 -0.1163
vn 0.9939 0.0018 0.1100
vn 0.9940 -0.0000 0.1096
vn 0.0821 0.7040 0.7055
vn -0.0010 0.7071 0.7071
vn -0.0015 0.0213 0.9998
vn 0.0858 0.0210 0.9961
vn 0.9942 0.1078 0.0015
vn 0.9940 0.1090 0.0055
vn -0.0312 0.9995 -0.0049
vn -0.0001 0.9987 0.0515
vn -0.0001 0.9988 0.0491
vn -0.0014 -0.0000 1.0000
vn 0.1110 -0.4968 -0.8607
vn 0.1288 0.0003 -0.9917
vn 0.4433 0.0010 -0.8964
vn 0.4332 -0.4502 -0.7808
vn 0.1461 0.4949 -0.8566
vn 0.1582 0.8553 -0.4933
vn 0.4596 0.7697 -0.4431
vn 0.4530 0.4468 -0.7715
vn 0.0961 -0.8619 0.4979
vn 0.0921 -0.9957 0.0001
vn 0.4219 -0.9067 0.0006
vn 0.4239 -0.7838 0.4537
vn 0.1436 0.4949 0.8570
vn 0.1260 0.0003 0.9920
vn 0.4407 0.0010 0.8976
vn 0.4508 0.4468 0.7728
vn 0.1621 0.9868 0.0002
vn 0.4615 0.8871 0.0007
vn 0.0976 -0.8619 -0.4976
vn 0.4253 -0.7838 -0.4525
vn 0.1086 -0.4968 0.8610
vn 0.4309 -0.4502 0.7821
vn 0.1568 0.8553 0.4938
vn 0.4583 0.7697 0.4445
vn 0.9227 -0.1906 0.3350
vn 0.8990 0.0021 0.4380
vn 0.8992 0.3788 0.2189
vn 0.9391 0.3435 0.0014
vn 0.9237 -0.1906 -0.3323
vn 0.9000 -0.3775 -0.2179
vn 0.9235 0.1939 -0.3310
vn 0.9002 0.0021 -0.4354
vn 0.8993 -0.3776 0.2205
vn 0.9225 0.1939 0.3336
vn 0.8998 0.3788 -0.2163
vn 0.9398 -0.3417 0.0014
vn 0.0265 0.9995 0.0172
vn 0.1161 0.9907 0.0709
vn -0.0134 0.9994 0.0303
vn 0.0853 0.9964 0.0001
vn 0.0849 0.9953 0.0467
vn -0.1858 0.0205 0.9824
vn -0.1861 -0.0000 0.9825
vn 0.0852 0.9964 0.0008
vn -0.0317 0.9995 -0.0004
vn -0.0282 0.9995 -0.0164
vn -0.1248 0.9895 -0.0724
vn -0.1402 0.9901 -0.0003
vn 0.0165 0.9994 -0.0290
vn 0.0283 0.9995 -0.0163
vn 0.1251 0.9895 -0.0721
vn 0.0739 0.9890 -0.1277
vn 0.0317 0.9995 -0.0004
vn 0.1403 0.9901 0.0002
vn -0.0169 0.9994 -0.0288
vn -0.0735 0.9890 -0.1280
vn -0.0265 0.9995 0.0172
vn -0.1162 0.9907 0.0705
vn 0.9941 0.1081 0.0015
vn -0.0000 0.9994 -0.0337
vn 0.0002 0.9889 -0.1488
vn 0.0859 -0.0000 0.9963
vn 0.9826 0.1303 0.1325
vn -0.9942 0.0018 0.1072
vn -0.9943 -0.0000 0.1067
vn -0.1355 0.9906 -0.0166
vn -0.1442 0.9888 0.0376
vn -0.9941 0.1083 0.0027
vn -0.1789 0.6956 0.6957
vn -0.9830 0.1303 0.1297
vn 0.7155 0.6986 0.0009
vn 0.6275 0.6897 -0.3613
vn 0.3660 0.6831 -0.6321
vn 0.0011 0.6806 -0.7327
vn -0.3641 0.6831 -0.6331
vn -0.6263 0.6899 -0.3631
vn -0.7152 0.6989 -0.0012
vn -0.6030 0.7155 0.3528
vn -0.6358 0.7376 0.2272
vn 0.6356 0.7372 0.2292
vn 0.6022 0.7152 0.3547
vn 0.7087 0.7048 0.0313
vn 0.6868 0.5129 0.5151
vn 0.7176 0.0134 0.6963
vn -0.7045 0.7097 -0.0006
vn 0.7190 -0.0000 0.6951
vn 0.7095 0.7047 0.0015
vn -0.6475 0.7550 -0.1035
vn 0.7115 0.7027 0.0011
vn -0.6737 0.7347 -0.0803
vn -0.6883 0.5129 0.5131
vn -0.7128 0.7007 0.0299
vn -0.7197 0.0134 0.6942
vn -0.7209 -0.0000 0.6930
vn 0.4894 0.2157 -0.8450
vn 0.8464 0.2157 -0.4870
vn -0.0014 0.2156 0.9765
vn -0.4895 0.2157 0.8449
vn -0.9765 0.2157 -0.0014
vn -0.8449 0.2157 -0.4895
vn 0.0014 0.2156 -0.9765
vn 0.4987 -0.0000 0.8668
vn 0.4870 0.2157 0.8464
vn -0.8463 0.2157 0.4870
vn -0.4870 0.2157 -0.8463
vn 0.8449 0.2157 0.4895
vn 0.9765 0.2157 0.0014
vn -0.5347 0.7871 0.3077
vn -0.6169 0.7871 -0.0009
vn -0.3077 0.7871 -0.5347
vn 0.0009 0.7871 -0.6169
vn 0.5337 0.7871 0.3092
vn 0.3076 0.7871 0.5346
vn 0.5346 0.7871 -0.3076
vn 0.6168 0.7871 0.0009
vn -0.3092 0.7871 0.5338
vn -0.5338 0.7871 -0.3092
vn 0.3092 0.7871 -0.5338
vn -0.0009 0.7871 0.6169
vn -0.4966 -0.1056 -0.8615
vn 0.0014 -0.1049 -0.9945
vn 0.8589 -0.1142 0.4992
vn 0.9345 -0.1194 0.3354
vn -0.9355 -0.1193 0.3326
vn -0.8667 -0.0000 0.4988
vn -0.8607 -0.1142 0.4962
vn -0.8603 -0.1076 -0.4984
vn 0.0133 -0.9995 0.0303
vn 0.0734 -0.9966 0.0386
vn -0.0000 -0.9999 0.0131
vn -0.0001 -0.9993 0.0362
vn 0.9939 -0.1103 0.0014
vn -0.0000 -1.0000 0.0005
vn -0.0854 -0.9963 0.0005
vn -0.0728 -0.9966 0.0381
vn -0.9939 -0.1103 -0.0015
vn 0.4991 -0.1056 -0.8601
vn 0.8617 -0.1076 -0.4959
vn -0.9941 -0.1088 -0.0013
vn -0.9793 -0.1243 -0.1595
vn -0.9861 -0.1188 -0.1162
vn -0.9932 0.0004 -0.1168
vn 0.9939 -0.0018 0.1100
vn 0.0821 -0.7046 0.7049
vn 0.0858 -0.0210 0.9961
vn -0.0014 -0.0213 0.9998
vn -0.0010 -0.7071 0.7071
vn 0.9940 -0.1090 0.0055
vn 0.9942 -0.1079 0.0015
vn -0.0312 -0.9995 -0.0049
vn -0.0001 -0.9987 0.0515
vn -0.0001 -0.9988 0.0491
vn -0.0015 -0.0213 0.9998
vn 0.1110 0.4968 -0.8607
vn 0.4332 0.4502 -0.7808
vn 0.4433 -0.0010 -0.8963
vn 0.1288 -0.0003 -0.9917
vn 0.1461 -0.4950 -0.8565
vn 0.4530 -0.4468 -0.7715
vn 0.4596 -0.7697 -0.4431
vn 0.1582 -0.8553 -0.4934
vn 0.0961 0.8619 0.4979
vn 0.4239 0.7838 0.4537
vn 0.4218 0.9067 0.0006
vn 0.0921 0.9958 0.0001
vn 0.1436 -0.4950 0.8570
vn 0.4508 -0.4468 0.7728
vn 0.4407 -0.0010 0.8976
vn 0.1260 -0.0003 0.9920
vn 0.4615 -0.8871 0.0007
vn 0.1621 -0.9868 0.0002
vn 0.4253 0.7838 -0.4525
vn 0.0976 0.8619 -0.4976
vn 0.4309 0.4502 0.7821
vn 0.1086 0.4968 0.8611
vn 0.4583 -0.7697 0.4444
vn 0.1568 -0.8553 0.4939
vn 0.8990 -0.0020 0.4380
vn 0.9228 0.1907 0.3349
vn 0.9391 -0.3435 0.0014
vn 0.8992 -0.3789 0.2188
vn 0.9000 0.3776 -0.2179
vn 0.9237 0.1907 -0.3322
vn 0.9002 -0.0020 -0.4354
vn 0.9235 -0.1938 -0.3311
vn 0.8993 0.3776 0.2205
vn 0.9225 -0.1938 0.3338
vn 0.8999 -0.3788 -0.2162
vn 0.9398 0.3417 0.0014
vn 1.0000 -0.0022 0.0014
vn 0.0264 -0.9995 0.0174
vn 0.1161 -0.9907 0.0709
vn -0.0134 -0.9995 0.0303
vn 0.0853 -0.9964 0.0001
vn 0.0849 -0.9953 0.0467
vn -0.1858 -0.0205 0.9824
vn 0.0853 -0.9964 0.0013
vn -0.0317 -0.9995 -0.0001
vn -0.1402 -0.9901 -0.0003
vn -0.1248 -0.9895 -0.0724
vn -0.0281 -0.9995 -0.0167
vn 0.0165 -0.9994 -0.0290
vn 0.0739 -0.9891 -0.1277
vn 0.1251 -0.9895 -0.0721
vn 0.0281 -0.9995 -0.0166
vn 0.0317 -0.9995 -0.0000
vn 0.1403 -0.9901 0.0001
vn -0.0735 -0.9891 -0.1279
vn -0.0165 -0.9994 -0.0291
vn -0.1161 -0.9907 0.0705
vn -0.0264 -0.9995 0.0173
vn 0.9941 -0.1081 0.0015
vn 0.0002 -0.9889 -0.1488
vn -0.0000 -0.9994 -0.0337
vn 0.9826 -0.1303 0.1325
vn -0.9942 -0.0019 0.1072
vn -0.1442 -0.9888 0.0376
vn -0.1355 -0.9906 -0.0166
vn -0.9941 -0.1083 0.0027
vn -0.1789 -0.6957 0.6957
vn -0.9830 -0.1303 0.1297
vn 0.6275 -0.6897 -0.3613
vn 0.7155 -0.6986 0.0009
vn 0.3660 -0.6831 -0.6320
vn 0.0011 -0.6806 -0.7326
vn -0.3641 -0.6832 -0.6330
vn -0.6263 -0.6899 -0.3630
vn -0.7152 -0.6989 -0.0012
vn -0.6030 -0.7155 0.3527
vn -0.6358 -0.7376 0.2272
vn 0.6022 -0.7152 0.3547
vn 0.6357 -0.7371 0.2292
vn 0.6868 -0.5129 0.5151
vn 0.7088 -0.7047 0.0313
vn 0.7176 -0.0134 0.6963
vn -0.7046 -0.7096 -0.0006
vn 0.7096 -0.7046 0.0015
vn -0.6476 -0.7549 -0.1036
vn 0.7116 -0.7026 0.0011
vn -0.6738 -0.7345 -0.0803
vn -0.7129 -0.7006 0.0299
vn -0.6883 -0.5129 0.5131
vn -0.7196 -0.0134 0.6942
vn -0.4895 -0.2157 0.8449
vn -0.0014 -0.2157 0.9765
vn -0.8464 -0.2157 0.4870
vn -0.6168 -0.7871 -0.0009
vn -0.5346 -0.7871 0.3076
vn -0.3076 -0.7871 -0.5346
vn 0.3076 -0.7871 0.5346
vn -0.3092 -0.7871 0.5337
vn -0.5337 -0.7871 -0.3092
vn 0.3092 -0.7871 -0.5337
vn -0.0009 -0.7871 0.6168
vn 0.9345 0.1194 0.3354
vn -0.9355 0.1193 0.3326
vn -0.8603 0.1076 -0.4984
vn 0.0136 0.9995 0.0302
vn -0.0001 0.9993 0.0362
vn 0.0734 0.9966 0.0386
vn -0.0728 0.9966 0.0381
vn -0.9793 0.1243 -0.1595
vn -0.9861 0.1188 -0.1163
vn 0.9940 0.1090 0.0056
vn -0.0312 0.9995 -0.0048
vn 0.1461 0.4950 -0.8565
vn 0.1583 0.8553 -0.4933
vn 0.1436 0.4950 0.8570
vn 0.1622 0.9868 0.0002
vn 0.4583 0.7697 0.4444
vn 0.9228 -0.1905 0.3350
vn 0.9391 0.3436 0.0014
vn 0.9000 -0.3776 -0.2179
vn 0.8999 0.3788 -0.2162
vn 0.0263 0.9995 0.0176
vn -0.0134 0.9995 0.0303
vn 0.0853 0.9964 0.0008
vn -0.0317 0.9995 -0.0005
vn -0.0281 0.9995 -0.0167
vn -0.1249 0.9895 -0.0724
vn 0.0168 0.9994 -0.0288
vn 0.0284 0.9995 -0.0162
vn 0.0739 0.9891 -0.1277
vn 0.1402 0.9901 0.0001
vn -0.0735 0.9891 -0.1279
vn -0.0264 0.9995 0.0173
vn -0.1355 0.9906 -0.0165
vn -0.1789 0.6957 0.6957
vn 0.6275 0.6898 -0.3613
vn 0.3660 0.6831 -0.6320
vn 0.0011 0.6806 -0.7326
vn -0.3641 0.6832 -0.6330
vn -0.6263 0.6899 -0.3630
vn -0.6030 0.7155 0.3527
vn 0.6357 0.7371 0.2292
vn 0.7088 0.7047 0.0313
vn -0.7046 0.7096 -0.0006
vn 0.7189 -0.0000 0.6951
vn 0.7096 0.7046 0.0015
vn 0.7115 0.7026 0.0011
vn -0.6738 0.7346 -0.0803
vn -0.7129 0.7007 0.0299
vn -0.7196 0.0134 0.6942
vn -0.7210 -0.0000 0.6930
vn 0.4894 0.2157 -0.8449
vn -0.0014 0.2157 0.9765
vn -0.4894 0.2157 0.8449
vn 0.0014 0.2157 -0.9765
vn 0.8449 0.2157 0.4894
vn -0.5346 0.7871 0.3076
vn -0.6168 0.7871 -0.0009
vn -0.3076 0.7871 -0.5346
vn 0.0009 0.7871 -0.6168
vn -0.3092 0.7871 0.5337
vn -0.5337 0.7871 -0.3092
vn 0.3092 0.7871 -0.5337
vn -0.0009 0.7871 0.6168
vn -0.4967 -0.1056 -0.8615
vn 0.0136 -0.9995 0.0302
vn -0.0000 -1.0000 0.0007
vn -0.0853 -0.9964 0.0005
vn 0.4992 -0.1056 -0.8601
vn -0.9861 -0.1187 -0.1163
vn 0.9942 -0.1078 0.0015
vn -0.0312 -0.9995 -0.0048
vn 0.4433 -0.0010 -0.8964
vn 0.1582 -0.8553 -0.4933
vn 0.4219 0.9067 0.0006
vn 0.0921 0.9957 0.0001
vn 0.1622 -0.9868 0.0002
vn 0.1086 0.4968 0.8610
vn 0.4583 -0.7697 0.4445
vn 0.1568 -0.8553 0.4938
vn 0.8992 -0.3788 0.2188
vn 0.9225 -0.1937 0.3338
vn 0.0263 -0.9995 0.0175
vn -0.0137 -0.9995 0.0301
vn -0.0317 -0.9995 -0.0000
vn -0.1249 -0.9895 -0.0724
vn -0.0283 -0.9995 -0.0163
vn 0.0166 -0.9994 -0.0290
vn 0.0317 -0.9995 -0.0004
vn 0.1402 -0.9901 0.0001
vn -0.1162 -0.9907 0.0705
vn -0.9942 -0.0018 0.1072
vn -0.1355 -0.9906 -0.0165
vn 0.6275 -0.6898 -0.3613
vn 0.6357 -0.7372 0.2292
vn 0.6868 -0.5128 0.5151
vn 0.7177 -0.0134 0.6963
vn -0.6475 -0.7550 -0.1035
vn -0.6738 -0.7346 -0.0803
vn -0.7129 -0.7007 0.0299
vn -0.6882 -0.5129 0.5131
vn -0.1912 0.6783 -0.7094
vn -0.0036 -0.8832 -0.4689
vn -0.4682 -0.8642 -0.1843
vn -0.1912 -0.6783 -0.7094
vn 0.6317 0.3702 0.6811
vn 0.8686 -0.3588 0.3417
vn -0.0083 0.8819 -0.4714
vn -0.0090 0.8788 -0.4771
vn -0.1267 0.8734 -0.4702
vn 0.0011 -0.6571 -0.7538
vn 0.0117 0.6622 -0.7493
vn 0.0091 -0.8830 -0.4693
vn 0.2631 -0.0000 -0.9648
vn -0.0059 0.3186 0.9479
vn -0.8696 0.3588 0.3391
vn 0.0104 0.8788 -0.4771
vn 0.4690 0.8641 -0.1826
vn 0.5366 -0.6291 -0.5625
vn -0.0089 -0.8788 -0.4771
vn -0.0037 -0.8832 -0.4689
vn -0.0079 -0.0000 -1.0000
vn -0.3861 -0.0053 0.9224
vn 0.0116 -0.6622 -0.7493
vn 0.0108 -0.0000 -0.9999
vn -0.8697 0.3588 0.3389
vn 0.4689 0.8641 -0.1828
vn 0.3834 -0.0053 0.9236
vt 0.578951 0.636509
vt 0.579477 0.634690
vt 0.583192 0.634763
vt 0.582573 0.636524
vt 0.865902 0.631032
vt 0.862802 0.633123
vt 0.862284 0.629237
vt 0.865391 0.626871
vt 0.573225 0.630744
vt 0.574647 0.618420
vt 0.577906 0.618774
vt 0.576585 0.631364
vt 0.597412 0.634815
vt 0.597399 0.636541
vt 0.859731 0.926229
vt 0.859658 0.865423
vt 0.864892 0.860433
vt 0.865028 0.926237
vt 0.864395 0.773686
vt 0.863721 0.757769
vt 0.869151 0.757647
vt 0.869643 0.773626
vt 0.758217 0.609849
vt 0.758170 0.613510
vt 0.692597 0.611766
vt 0.698343 0.608725
vt 0.583852 0.631946
vt 0.584719 0.619367
vt 0.597740 0.619884
vt 0.597440 0.632100
vt 0.944223 0.690442
vt 0.940483 0.690545
vt 0.940131 0.666997
vt 0.943967 0.666993
vt 0.951163 0.600192
vt 0.953443 0.603557
vt 0.902973 0.603448
vt 0.902973 0.600151
vt 0.889192 0.750143
vt 0.869415 0.750704
vt 0.870450 0.743329
vt 0.940048 0.640218
vt 0.943899 0.642403
vt 0.964715 0.594583
vt 0.968067 0.597704
vt 0.963765 0.600932
vt 0.960729 0.597630
vt 0.958800 0.602941
vt 0.956117 0.599533
vt 0.944544 0.637240
vt 0.940721 0.634750
vt 0.942752 0.629649
vt 0.946455 0.632467
vt 0.833930 0.849922
vt 0.833870 0.782929
vt 0.847122 0.782930
vt 0.846872 0.850227
vt 0.622392 0.860467
vt 0.615637 0.860510
vt 0.615379 0.855252
vt 0.622347 0.855190
vt 0.608887 0.860487
vt 0.608128 0.855233
vt 0.863908 0.750588
vt 0.864919 0.743107
vt 0.637909 0.860321
vt 0.637970 0.855052
vt 0.569035 0.691551
vt 0.569035 0.656635
vt 0.584345 0.653005
vt 0.584345 0.691551
vt 0.852379 0.782930
vt 0.852198 0.848484
vt 0.888761 0.961590
vt 0.888987 0.993483
vt 0.875806 0.993016
vt 0.874584 0.961906
vt 0.622420 0.864887
vt 0.622392 0.925859
vt 0.615595 0.925848
vt 0.615636 0.864906
vt 0.589467 0.860412
vt 0.585368 0.860943
vt 0.583558 0.855853
vt 0.588657 0.855166
vt 0.869186 0.723121
vt 0.870307 0.717785
vt 0.875975 0.717745
vt 0.874775 0.723206
vt 0.581975 0.862309
vt 0.578936 0.857737
vt 0.871115 0.712505
vt 0.876941 0.712241
vt 0.579083 0.864460
vt 0.574974 0.860707
vt 0.871560 0.707185
vt 0.877608 0.706550
vt 0.576877 0.867237
vt 0.571936 0.864554
vt 0.975731 0.710564
vt 0.976772 0.705734
vt 0.982386 0.706086
vt 0.981353 0.711358
vt 0.575484 0.870450
vt 0.570010 0.869012
vt 0.977294 0.700808
vt 0.982967 0.700876
vt 0.574926 0.874350
vt 0.569281 0.873932
vt 0.977354 0.695708
vt 0.983103 0.695607
vt 0.982973 0.643703
vt 0.977276 0.643703
vt 0.569037 0.925776
vt 0.574696 0.925785
vt 0.888604 0.722953
vt 0.589442 0.869204
vt 0.855233 0.865399
vt 0.855279 0.926222
vt 0.858381 0.862316
vt 0.863554 0.857273
vt 0.855276 0.861001
vt 0.860397 0.855895
vt 0.852611 0.851920
vt 0.847068 0.853559
vt 0.870250 0.991204
vt 0.875702 0.996488
vt 0.869942 0.994802
vt 0.758127 0.616803
vt 0.691426 0.615986
vt 0.832065 0.865086
vt 0.831968 0.926186
vt 0.771474 0.606473
vt 0.771490 0.605198
vt 0.810154 0.605638
vt 0.810892 0.607023
vt 0.832109 0.860654
vt 0.608866 0.864891
vt 0.947483 0.906738
vt 0.946282 0.911289
vt 0.942659 0.907518
vt 0.814397 0.607095
vt 0.813727 0.605613
vt 0.817061 0.605284
vt 0.817679 0.606839
vt 0.816059 0.602496
vt 0.814966 0.589988
vt 0.818235 0.589697
vt 0.819317 0.601955
vt 0.820288 0.604561
vt 0.820931 0.606113
vt 0.589299 0.925807
vt 0.888437 0.717441
vt 0.888361 0.711947
vt 0.888442 0.706378
vt 0.991734 0.711632
vt 0.991698 0.706228
vt 0.991785 0.700950
vt 0.991906 0.695655
vt 0.946021 0.625222
vt 0.949522 0.628334
vt 0.771523 0.602623
vt 0.771683 0.590308
vt 0.808335 0.590468
vt 0.809026 0.602955
vt 0.889151 0.996859
vt 0.778138 0.691551
vt 0.778138 0.653005
vt 0.799633 0.653005
vt 0.799633 0.691551
vt 0.778128 0.641544
vt 0.799633 0.641544
vt 0.825507 0.650818
vt 0.825975 0.654286
vt 0.812952 0.653005
vt 0.812952 0.641544
vt 0.816478 0.642000
vt 0.819558 0.643246
vt 0.822202 0.645228
vt 0.824231 0.647811
vt 0.825975 0.691550
vt 0.812952 0.691551
vt 0.608800 0.925838
vt 0.982049 0.940451
vt 0.982044 0.962523
vt 0.980251 0.962521
vt 0.980256 0.940489
vt 0.863955 0.623102
vt 0.860876 0.625764
vt 0.858648 0.622722
vt 0.861622 0.619762
vt 0.997331 0.917745
vt 0.994578 0.910228
vt 0.994763 0.864298
vt 0.997665 0.864298
vt 0.948178 0.644835
vt 0.948773 0.640001
vt 0.685145 0.581231
vt 0.690469 0.585288
vt 0.687141 0.587331
vt 0.683172 0.582369
vt 0.991960 0.643703
vt 0.943769 0.910227
vt 0.943287 0.586727
vt 0.941024 0.590000
vt 0.937048 0.589452
vt 0.939096 0.586108
vt 0.687478 0.580848
vt 0.694259 0.584402
vt 0.833632 0.853466
vt 0.962711 0.738283
vt 0.962116 0.733706
vt 0.964473 0.732583
vt 0.965026 0.737150
vt 0.681801 0.584184
vt 0.684770 0.590452
vt 0.683291 0.594140
vt 0.681030 0.586475
vt 0.570175 0.650860
vt 0.573420 0.645964
vt 0.578276 0.642693
vt 0.584336 0.641544
vt 0.815608 0.639869
vt 0.813737 0.637720
vt 0.819741 0.637831
vt 0.820914 0.640001
vt 0.825748 0.637014
vt 0.826111 0.639413
vt 0.831580 0.635424
vt 0.831135 0.637908
vt 0.836920 0.632848
vt 0.836003 0.635767
vt 0.853134 0.711898
vt 0.851161 0.709439
vt 0.851640 0.672995
vt 0.853453 0.672999
vt 0.702663 0.860215
vt 0.767424 0.860317
vt 0.767410 0.864757
vt 0.702663 0.864657
vt 0.981989 0.982624
vt 0.981592 0.987160
vt 0.979811 0.986580
vt 0.980198 0.982176
vt 0.831517 0.632162
vt 0.828415 0.620052
vt 0.834059 0.618548
vt 0.837107 0.629926
vt 0.825218 0.633717
vt 0.822868 0.621309
vt 0.818747 0.634702
vt 0.817271 0.622099
vt 0.848493 0.707892
vt 0.836619 0.707892
vt 0.836621 0.672964
vt 0.849015 0.672989
vt 0.812027 0.634807
vt 0.811221 0.622597
vt 0.812660 0.602834
vt 0.811764 0.590246
vt 0.580088 0.631761
vt 0.581198 0.619083
vt 0.811861 0.639460
vt 0.811925 0.637593
vt 0.980484 0.991470
vt 0.978749 0.990740
vt 0.950403 0.590701
vt 0.947631 0.593849
vt 0.944546 0.591643
vt 0.947086 0.588308
vt 0.687091 0.574229
vt 0.732349 0.574184
vt 0.732349 0.575914
vt 0.687570 0.575964
vt 0.960601 0.729479
vt 0.962846 0.728360
vt 0.674441 0.577509
vt 0.678374 0.575726
vt 0.679152 0.577410
vt 0.675318 0.579116
vt 0.948261 0.690243
vt 0.948255 0.666991
vt 0.952712 0.903081
vt 0.953595 0.903270
vt 0.682624 0.574631
vt 0.683242 0.576370
vt 0.951931 0.902565
vt 0.865907 0.674878
vt 0.862814 0.674878
vt 0.951383 0.901808
vt 0.951152 0.900944
vt 0.856378 0.792775
vt 0.856720 0.734971
vt 0.858486 0.736480
vt 0.858138 0.792775
vt 0.575520 0.635997
vt 0.575979 0.634315
vt 0.953138 0.986572
vt 0.954503 0.983308
vt 0.956716 0.984175
vt 0.955304 0.987539
vt 0.955504 0.979854
vt 0.957787 0.980508
vt 0.920260 0.589130
vt 0.920336 0.585660
vt 0.955842 0.976152
vt 0.958194 0.976602
vt 0.924158 0.678785
vt 0.924240 0.638372
vt 0.926589 0.637958
vt 0.926506 0.678786
vt 0.924010 0.634730
vt 0.926309 0.634126
vt 0.923287 0.631389
vt 0.925503 0.630561
vt 0.922024 0.628132
vt 0.924185 0.627182
vt 0.913144 0.614964
vt 0.913441 0.656945
vt 0.911131 0.656945
vt 0.910881 0.613785
vt 0.981848 0.724284
vt 0.982081 0.725774
vt 0.980294 0.727282
vt 0.980044 0.725612
vt 0.981174 0.722941
vt 0.979346 0.724112
vt 0.980152 0.721866
vt 0.978203 0.722923
vt 0.978885 0.721162
vt 0.976815 0.721986
vt 0.962502 0.744870
vt 0.964836 0.744902
vt 0.950532 0.635582
vt 0.957972 0.725824
vt 0.960315 0.724623
vt 0.953346 0.631760
vt 0.954585 0.722448
vt 0.956954 0.721449
vt 0.961028 0.591187
vt 0.957390 0.594034
vt 0.948636 0.596547
vt 0.902973 0.596564
vt 0.953185 0.595856
vt 0.956230 0.960555
vt 0.958589 0.960621
vt 0.978695 0.995433
vt 0.977052 0.994611
vt 0.572695 0.633525
vt 0.950921 0.985457
vt 0.952289 0.982287
vt 0.953261 0.978903
vt 0.953610 0.975219
vt 0.922112 0.678785
vt 0.922177 0.639450
vt 0.921929 0.635844
vt 0.921173 0.632539
vt 0.919881 0.629374
vt 0.915431 0.618040
vt 0.915586 0.656945
vt 0.960274 0.741032
vt 0.959621 0.735758
vt 0.957787 0.730792
vt 0.954742 0.726463
vt 0.950774 0.722879
vt 0.960157 0.744883
vt 0.572217 0.635162
vt 0.984262 0.983662
vt 0.983938 0.988266
vt 0.982864 0.992639
vt 0.980999 0.996726
vt 0.673006 0.575307
vt 0.677046 0.573423
vt 0.681356 0.572331
vt 0.685885 0.571988
vt 0.953989 0.960494
vt 0.984225 0.721983
vt 0.984362 0.722798
vt 0.983840 0.721217
vt 0.983235 0.720608
vt 0.982495 0.720221
vt 0.984311 0.746900
vt 0.982127 0.746978
vt 0.854435 0.792775
vt 0.854720 0.731830
vt 0.867627 0.674878
vt 0.867616 0.630058
vt 0.704395 0.581213
vt 0.704520 0.584618
vt 0.939973 0.584419
vt 0.944326 0.585047
vt 0.948276 0.586672
vt 0.951730 0.589138
vt 0.863118 0.618357
vt 0.865546 0.621822
vt 0.867066 0.625753
vt 0.984258 0.962526
vt 0.683115 0.579509
vt 0.684839 0.579157
vt 0.681613 0.580419
vt 0.680539 0.581805
vt 0.679938 0.583460
vt 0.704355 0.579547
vt 0.999113 0.864298
vt 0.998802 0.920602
vt 0.959999 0.981459
vt 0.958944 0.985179
vt 0.920372 0.583988
vt 0.960350 0.977471
vt 0.928795 0.637014
vt 0.928700 0.678786
vt 0.928547 0.633119
vt 0.927733 0.629490
vt 0.926334 0.626020
vt 0.909218 0.656945
vt 0.909050 0.611021
vt 0.966744 0.730761
vt 0.967101 0.734585
vt 0.965392 0.727164
vt 0.963167 0.724018
vt 0.960241 0.721378
vt 0.959208 0.938879
vt 0.961330 0.938863
vt 0.960714 0.960680
vt 0.732349 0.571988
vt 0.957482 0.988657
vt 0.939162 0.639753
vt 0.939858 0.634216
vt 0.889378 0.717545
vt 0.889537 0.723096
vt 0.941929 0.629038
vt 0.889314 0.712005
vt 0.945247 0.624544
vt 0.889414 0.706428
vt 0.968793 0.598400
vt 0.964428 0.601680
vt 0.992616 0.706147
vt 0.992675 0.711557
vt 0.959383 0.603738
vt 0.992685 0.700820
vt 0.953962 0.604408
vt 0.992804 0.695480
vt 0.902973 0.604331
vt 0.992864 0.643703
vt 0.946069 0.912239
vt 0.943047 0.910940
vt 0.832535 0.853347
vt 0.832801 0.849940
vt 0.758112 0.617968
vt 0.691195 0.617148
vt 0.832701 0.782930
vt 0.890132 0.750138
vt 0.942521 0.876238
vt 0.941765 0.907844
vt 0.941548 0.876253
vt 0.889744 0.961579
vt 0.889892 0.993123
vt 0.890095 0.996388
vt 0.880398 0.667427
vt 0.880398 0.669956
vt 0.870305 0.669956
vt 0.870305 0.667427
vt 0.870305 0.686873
vt 0.870305 0.672529
vt 0.880398 0.672529
vt 0.880398 0.686873
vt 0.880398 0.702015
vt 0.880398 0.704544
vt 0.870306 0.704544
vt 0.870306 0.702015
vt 0.870306 0.694898
vt 0.870305 0.687824
vt 0.880398 0.687824
vt 0.880398 0.694898
vt 0.880398 0.695849
vt 0.870306 0.695849
vt 0.870306 0.700729
vt 0.880398 0.700729
vt 0.870306 0.699442
vt 0.880398 0.699442
vt 0.880398 0.671243
vt 0.870305 0.671243
vt 0.937813 0.738958
vt 0.937828 0.742581
vt 0.936066 0.743200
vt 0.935994 0.739485
vt 0.865903 0.718724
vt 0.865392 0.722885
vt 0.862284 0.720519
vt 0.862803 0.716633
vt 0.932048 0.733232
vt 0.932667 0.736592
vt 0.920077 0.737912
vt 0.919723 0.734653
vt 0.939237 0.667004
vt 0.937844 0.757407
vt 0.936118 0.757420
vt 0.864687 0.992041
vt 0.859468 0.987035
vt 0.892223 0.929810
vt 0.897472 0.929870
vt 0.896980 0.945848
vt 0.891550 0.945727
vt 0.818102 0.610275
vt 0.823768 0.613464
vt 0.933249 0.743860
vt 0.933403 0.757449
vt 0.921186 0.757748
vt 0.920670 0.744726
vt 0.774919 0.561169
vt 0.751471 0.560913
vt 0.751474 0.557078
vt 0.775021 0.557429
vt 0.854782 0.600194
vt 0.852503 0.603559
vt 0.917021 0.953352
vt 0.898279 0.960166
vt 0.897244 0.952791
vt 0.726880 0.560846
vt 0.724695 0.556995
vt 0.841230 0.594586
vt 0.845216 0.597633
vt 0.842180 0.600935
vt 0.837878 0.597707
vt 0.849828 0.599535
vt 0.847145 0.602943
vt 0.721717 0.561490
vt 0.716944 0.563402
vt 0.714126 0.559699
vt 0.719226 0.557668
vt 0.833932 0.715936
vt 0.846874 0.715632
vt 0.622189 0.991250
vt 0.622127 0.996527
vt 0.615159 0.996443
vt 0.615433 0.991187
vt 0.608683 0.991189
vt 0.607908 0.996440
vt 0.892748 0.960389
vt 0.891737 0.952908
vt 0.637705 0.991444
vt 0.637749 0.996714
vt 0.584345 0.730096
vt 0.569035 0.726466
vt 0.852199 0.717374
vt 0.916584 0.741906
vt 0.902407 0.741590
vt 0.903627 0.710479
vt 0.916809 0.710012
vt 0.622231 0.986830
vt 0.615446 0.986790
vt 0.589264 0.991202
vt 0.588437 0.996446
vt 0.583340 0.995743
vt 0.585166 0.990659
vt 0.897016 0.980375
vt 0.902605 0.980289
vt 0.903805 0.985750
vt 0.898137 0.985710
vt 0.578724 0.993845
vt 0.581778 0.989283
vt 0.904771 0.991254
vt 0.898945 0.990990
vt 0.574772 0.990863
vt 0.578892 0.987123
vt 0.905438 0.996945
vt 0.899391 0.996310
vt 0.571745 0.987006
vt 0.576694 0.984339
vt 0.975732 0.576842
vt 0.981354 0.576049
vt 0.982388 0.581321
vt 0.976773 0.581672
vt 0.569833 0.982542
vt 0.575312 0.981121
vt 0.982969 0.586531
vt 0.977295 0.586599
vt 0.569120 0.977620
vt 0.574766 0.977219
vt 0.983104 0.591800
vt 0.977356 0.591698
vt 0.916434 0.980541
vt 0.589266 0.982411
vt 0.855043 0.987044
vt 0.858182 0.990137
vt 0.863339 0.995197
vt 0.855073 0.991443
vt 0.860177 0.996564
vt 0.852613 0.713939
vt 0.847070 0.712299
vt 0.898071 0.712292
vt 0.897763 0.708694
vt 0.903523 0.707007
vt 0.824830 0.617713
vt 0.831874 0.987285
vt 0.732053 0.606002
vt 0.732826 0.604637
vt 0.831905 0.991717
vt 0.608676 0.986784
vt 0.991214 0.564428
vt 0.991994 0.559603
vt 0.995765 0.563227
vt 0.728547 0.605983
vt 0.725272 0.605643
vt 0.725930 0.604104
vt 0.729255 0.604519
vt 0.727005 0.601342
vt 0.723761 0.600718
vt 0.725161 0.588492
vt 0.728421 0.588867
vt 0.722041 0.604832
vt 0.722723 0.603297
vt 0.916267 0.986053
vt 0.916191 0.991547
vt 0.916272 0.997117
vt 0.991736 0.575774
vt 0.991700 0.581178
vt 0.991787 0.586457
vt 0.991907 0.591752
vt 0.712811 0.566469
vt 0.709698 0.562968
vt 0.734023 0.601984
vt 0.735038 0.589518
vt 0.916972 0.706636
vt 0.799633 0.730096
vt 0.778138 0.730096
vt 0.799633 0.741557
vt 0.778129 0.741557
vt 0.825507 0.732283
vt 0.812952 0.730096
vt 0.825975 0.728815
vt 0.812952 0.741557
vt 0.816478 0.741100
vt 0.819558 0.739855
vt 0.822202 0.737873
vt 0.824232 0.735290
vt 0.990350 0.773876
vt 0.988557 0.767304
vt 0.988550 0.751798
vt 0.990345 0.751796
vt 0.863956 0.726654
vt 0.861622 0.729995
vt 0.858649 0.727034
vt 0.860876 0.723991
vt 0.997331 0.810858
vt 0.994578 0.818367
vt 0.729311 0.565125
vt 0.724477 0.565720
vt 0.976268 0.942150
vt 0.975130 0.944123
vt 0.970167 0.940154
vt 0.972211 0.936825
vt 0.994703 0.560713
vt 0.970774 0.684009
vt 0.971394 0.688201
vt 0.968049 0.690249
vt 0.967501 0.686273
vt 0.976651 0.939817
vt 0.973096 0.933035
vt 0.833633 0.712393
vt 0.736682 0.546765
vt 0.735449 0.549029
vt 0.730910 0.548278
vt 0.732134 0.545972
vt 0.973314 0.945494
vt 0.971024 0.946265
vt 0.963358 0.944005
vt 0.967046 0.942525
vt 0.570175 0.732241
vt 0.573420 0.737137
vt 0.578276 0.740409
vt 0.584336 0.741557
vt 0.941162 0.975615
vt 0.941294 0.980921
vt 0.939125 0.979748
vt 0.939013 0.973744
vt 0.940705 0.986118
vt 0.938307 0.985755
vt 0.939201 0.991141
vt 0.936717 0.991586
vt 0.937060 0.996009
vt 0.934140 0.996925
vt 0.853294 0.634098
vt 0.851310 0.636549
vt 0.637932 0.864762
vt 0.990288 0.731685
vt 0.988496 0.732133
vt 0.988109 0.727726
vt 0.989890 0.727146
vt 0.933455 0.991522
vt 0.931219 0.997112
vt 0.919841 0.994065
vt 0.921345 0.988420
vt 0.935010 0.985224
vt 0.922603 0.982874
vt 0.935996 0.978754
vt 0.923393 0.977277
vt 0.848637 0.638085
vt 0.836763 0.638036
vt 0.936101 0.972035
vt 0.923892 0.971228
vt 0.730394 0.601769
vt 0.731616 0.589207
vt 0.933065 0.740095
vt 0.920386 0.741205
vt 0.940754 0.971869
vt 0.938886 0.971932
vt 0.987045 0.723564
vt 0.988782 0.722834
vt 0.966800 0.676892
vt 0.969194 0.680209
vt 0.965858 0.682751
vt 0.963652 0.679665
vt 0.777604 0.574228
vt 0.777125 0.575964
vt 0.726761 0.546469
vt 0.727977 0.544276
vt 0.790254 0.577508
vt 0.789377 0.579115
vt 0.785543 0.577410
vt 0.786321 0.575725
vt 0.774720 0.565207
vt 0.751468 0.565201
vt 0.987557 0.569656
vt 0.987746 0.570540
vt 0.781453 0.576369
vt 0.782070 0.574631
vt 0.987041 0.568875
vt 0.986284 0.568328
vt 0.985420 0.568097
vt 0.858486 0.849071
vt 0.856720 0.850579
vt 0.937301 0.735527
vt 0.935618 0.735986
vt 0.985149 0.547970
vt 0.986022 0.550176
vt 0.982599 0.551440
vt 0.981829 0.549192
vt 0.978890 0.552351
vt 0.978336 0.550042
vt 0.971841 0.706965
vt 0.968371 0.707041
vt 0.974971 0.552588
vt 0.974624 0.550219
vt 0.926582 0.719614
vt 0.924234 0.719200
vt 0.926301 0.723445
vt 0.924003 0.722842
vt 0.925495 0.727011
vt 0.923280 0.726183
vt 0.924177 0.730389
vt 0.922015 0.729439
vt 0.913144 0.698926
vt 0.910881 0.700105
vt 0.990142 0.990022
vt 0.988338 0.988694
vt 0.988589 0.987024
vt 0.990375 0.988532
vt 0.989468 0.991364
vt 0.987639 0.990194
vt 0.988446 0.992439
vt 0.986497 0.991382
vt 0.987178 0.993143
vt 0.985110 0.992319
vt 0.743272 0.546842
vt 0.743202 0.549176
vt 0.720059 0.567479
vt 0.723137 0.543778
vt 0.724438 0.541490
vt 0.716236 0.570292
vt 0.720111 0.540283
vt 0.721212 0.537959
vt 0.844917 0.591190
vt 0.848555 0.594037
vt 0.857309 0.596549
vt 0.852760 0.595858
vt 0.958989 0.552290
vt 0.959026 0.549930
vt 0.985347 0.719692
vt 0.986992 0.718869
vt 0.934829 0.732701
vt 0.984132 0.545707
vt 0.980905 0.546936
vt 0.977483 0.547760
vt 0.973787 0.547949
vt 0.922170 0.718121
vt 0.921922 0.721727
vt 0.921165 0.725032
vt 0.919873 0.728197
vt 0.915432 0.695850
vt 0.739534 0.544449
vt 0.734293 0.543568
vt 0.729410 0.541521
vt 0.725217 0.538291
vt 0.721808 0.534171
vt 0.743386 0.544499
vt 0.936466 0.732224
vt 0.992237 0.726039
vt 0.992562 0.730646
vt 0.991162 0.721664
vt 0.989296 0.717575
vt 0.787649 0.573423
vt 0.791688 0.575306
vt 0.783339 0.572331
vt 0.778810 0.571988
vt 0.959061 0.547690
vt 0.992655 0.991508
vt 0.992518 0.992323
vt 0.992133 0.993089
vt 0.991528 0.993697
vt 0.990788 0.994085
vt 0.992608 0.967411
vt 0.990425 0.967332
vt 0.854720 0.853720
vt 0.867616 0.719698
vt 0.976286 0.922899
vt 0.972881 0.922774
vt 0.972456 0.682970
vt 0.973084 0.687324
vt 0.970831 0.679020
vt 0.968364 0.675565
vt 0.865547 0.727934
vt 0.863118 0.731399
vt 0.867067 0.724003
vt 0.992559 0.751793
vt 0.978342 0.942456
vt 0.977991 0.944181
vt 0.977080 0.945682
vt 0.975694 0.946756
vt 0.974039 0.947357
vt 0.977965 0.922862
vt 0.998801 0.808001
vt 0.983506 0.553709
vt 0.979744 0.554602
vt 0.973514 0.706929
vt 0.975745 0.554779
vt 0.928788 0.720558
vt 0.928539 0.724453
vt 0.927725 0.728082
vt 0.926326 0.731552
vt 0.909050 0.702869
vt 0.732796 0.550991
vt 0.728991 0.550469
vt 0.725456 0.548961
vt 0.722409 0.546602
vt 0.719898 0.543565
vt 0.937243 0.551965
vt 0.958956 0.554415
vt 0.937135 0.554084
vt 0.987043 0.552400
vt 0.718693 0.556804
vt 0.724230 0.556109
vt 0.917208 0.985949
vt 0.917367 0.980398
vt 0.713515 0.558876
vt 0.917144 0.991490
vt 0.709021 0.562194
vt 0.917244 0.997066
vt 0.841517 0.601683
vt 0.837152 0.598403
vt 0.992617 0.581260
vt 0.992676 0.575850
vt 0.846563 0.603740
vt 0.992686 0.586587
vt 0.851983 0.604410
vt 0.992805 0.591927
vt 0.995416 0.559991
vt 0.996715 0.563013
vt 0.832536 0.712511
vt 0.832802 0.715918
vt 0.825030 0.618881
vt 0.917961 0.953357
vt 0.960713 0.559465
vt 0.960728 0.558492
vt 0.992320 0.558710
vt 0.917567 0.741916
vt 0.917714 0.710372
vt 0.917917 0.707106
vt 0.794136 0.579437
vt 0.794136 0.569344
vt 0.796665 0.569344
vt 0.796665 0.579437
vt 0.813583 0.569344
vt 0.813583 0.579437
vt 0.799239 0.579437
vt 0.799239 0.569344
vt 0.828724 0.579437
vt 0.828724 0.569344
vt 0.831253 0.569344
vt 0.831253 0.579437
vt 0.821607 0.569344
vt 0.821607 0.579437
vt 0.814534 0.579437
vt 0.814534 0.569344
vt 0.822558 0.579437
vt 0.822558 0.569344
vt 0.827438 0.579437
vt 0.827438 0.569344
vt 0.826151 0.579437
vt 0.826151 0.569344
vt 0.797952 0.569344
vt 0.797952 0.579437
vt 0.916725 0.929469
vt 0.917719 0.929458
vt 0.751480 0.556183
vt 0.775046 0.556459
vt 0.936397 0.778835
vt 0.933691 0.778833
vt 0.872566 0.551029
vt 0.872459 0.553107
vt 0.973833 0.722468
vt 0.972296 0.728979
vt 0.968828 0.728856
vt 0.992565 0.773956
vt 0.937311 0.549619
vt 0.937428 0.547369
vt 0.836650 0.565961
vt 0.836836 0.562224
vt 0.938128 0.778871
vt 0.921479 0.779007
vt 0.990371 0.838361
vt 0.988575 0.833941
vt 0.713541 0.730096
vt 0.713531 0.741557
vt 0.713540 0.691551
vt 0.637741 0.987003
vt 0.637902 0.925883
vt 0.702458 0.991753
vt 0.702534 0.997017
vt 0.836894 0.558398
vt 0.893966 0.866967
vt 0.899066 0.867017
vt 0.889891 0.774037
vt 0.888897 0.774026
vt 0.939513 0.690570
vt 0.618823 0.632390
vt 0.618825 0.635095
vt 0.961078 0.874218
vt 0.963158 0.874201
vt 0.898324 0.585206
vt 0.898284 0.583533
vt 0.898448 0.588674
vt 0.984264 0.940371
vt 0.954608 0.938864
vt 0.956861 0.938845
vt 0.949016 0.752174
vt 0.945279 0.752360
vt 0.618861 0.636826
vt 0.618998 0.620178
vt 0.982072 0.875965
vt 0.980274 0.876003
vt 0.713540 0.653005
vt 0.713531 0.641544
vt 0.702755 0.854951
vt 0.941452 0.752419
vt 0.866140 0.836530
vt 0.871240 0.836479
vt 0.869320 0.961986
vt 0.947020 0.876214
vt 0.832258 0.855395
vt 0.767275 0.926085
vt 0.702575 0.925984
vt 0.980310 0.747017
vt 0.950633 0.876019
vt 0.966818 0.744882
vt 0.897142 0.741510
vt 0.960689 0.563965
vt 0.832038 0.996977
vt 0.888038 0.836451
vt 0.888015 0.899208
vt 0.872875 0.899124
vt 0.988618 0.967217
vt 0.960494 0.567578
vt 0.743097 0.551155
vt 0.916932 0.804295
vt 0.915840 0.804288
vt 0.898816 0.559075
vt 0.898839 0.557995
vt 0.937948 0.906957
vt 0.935234 0.906955
vt 0.976589 0.856061
vt 0.974958 0.858255
vt 0.971531 0.858131
vt 0.992593 0.902930
vt 0.990394 0.902850
vt 0.808070 0.545457
vt 0.807952 0.547765
vt 0.807884 0.550094
vt 0.939776 0.906992
vt 0.923315 0.907099
vt 0.767219 0.991852
vt 0.767218 0.987413
vt 0.900700 0.804372
vt 0.889107 0.899201
vt 0.942130 0.814341
vt 0.941050 0.814364
vt 0.746946 0.636652
vt 0.746944 0.633937
vt 0.769004 0.580875
vt 0.769044 0.582543
vt 0.769168 0.585970
vt 0.984294 0.811392
vt 0.982095 0.811472
vt 0.958307 0.809542
vt 0.960619 0.809525
vt 0.962948 0.809558
vt 0.746980 0.638480
vt 0.747088 0.622019
vt 0.683050 0.621082
vt 0.682878 0.633184
vt 0.682880 0.635894
vt 0.682916 0.637666
vt 0.958739 0.874184
vt 0.956459 0.874203
vt 0.984279 0.875885
vt 0.833807 0.587322
vt 0.833683 0.583874
vt 0.833643 0.582205
vt 0.940373 0.752445
vt 0.889130 0.836455
vt 0.915865 0.867045
vt 0.702472 0.987311
vt 0.934483 0.842891
vt 0.922381 0.843063
vt 0.938966 0.842929
vt 0.937194 0.842893
vt 0.872634 0.548692
vt 0.872751 0.546413
vt 0.992578 0.838441
vt 0.973627 0.793616
vt 0.970180 0.793492
vt 0.975211 0.789263
vt 0.836920 0.557318
vt 0.916957 0.867040
vt 0.867776 0.899167
vt 0.946197 0.814273
vt 0.767534 0.855056
vt 0.648943 0.653005
vt 0.648943 0.691551
vt 0.648933 0.641544
vt 0.980291 0.811510
vt 0.949799 0.814086
vt 0.964986 0.809540
vt 0.895600 0.804330
vt 0.898748 0.563142
vt 0.767312 0.997114
vt 0.648943 0.730096
vt 0.648933 0.741557
vt 0.988595 0.900583
vt 0.898560 0.566745
vt 0.807778 0.552129
vt 0.647310 0.743439
vt 0.647315 0.751599
vt 0.580716 0.752341
vt 0.580658 0.743512
vt 0.569059 0.787962
vt 0.580727 0.788012
vt 0.580719 0.798310
vt 0.569036 0.798310
vt 0.570675 0.749896
vt 0.574877 0.745264
vt 0.819291 0.752332
vt 0.819353 0.743504
vt 0.825133 0.745258
vt 0.819276 0.757766
vt 0.830303 0.753676
vt 0.830450 0.757580
vt 0.569701 0.753680
vt 0.767361 0.757718
vt 0.767364 0.751596
vt 0.829332 0.749893
vt 0.767351 0.798299
vt 0.767351 0.787994
vt 0.819293 0.787995
vt 0.819301 0.798296
vt 0.767356 0.767429
vt 0.819274 0.767450
vt 0.830919 0.787952
vt 0.830940 0.798295
vt 0.830680 0.767317
vt 0.580729 0.757778
vt 0.569558 0.757614
vt 0.569100 0.777012
vt 0.580717 0.777092
vt 0.569321 0.767331
vt 0.580737 0.767467
vt 0.819297 0.777075
vt 0.830897 0.777001
vt 0.767353 0.777060
vt 0.647326 0.777065
vt 0.647329 0.787995
vt 0.647318 0.757721
vt 0.647323 0.767434
vt 0.647330 0.798306
vt 0.704942 0.743427
vt 0.704942 0.751589
vt 0.767370 0.743437
vt 0.704944 0.777057
vt 0.704944 0.787992
vt 0.704943 0.757710
vt 0.704943 0.767422
vt 0.704945 0.798303
vt 0.647316 0.853172
vt 0.580664 0.853107
vt 0.580722 0.844278
vt 0.647320 0.845013
vt 0.569060 0.808659
vt 0.580728 0.808608
vt 0.574883 0.851356
vt 0.570681 0.846725
vt 0.819296 0.844260
vt 0.825139 0.851332
vt 0.819359 0.853087
vt 0.819281 0.838826
vt 0.830454 0.839010
vt 0.830308 0.842914
vt 0.569707 0.842941
vt 0.767366 0.838880
vt 0.767369 0.845002
vt 0.829337 0.846698
vt 0.819294 0.808596
vt 0.767353 0.808604
vt 0.767360 0.829169
vt 0.819278 0.829141
vt 0.830920 0.808638
vt 0.830684 0.829273
vt 0.569562 0.839007
vt 0.580734 0.838842
vt 0.569103 0.819609
vt 0.580719 0.819527
vt 0.569325 0.829290
vt 0.580740 0.829153
vt 0.830899 0.819589
vt 0.819299 0.819516
vt 0.767356 0.819538
vt 0.647330 0.808617
vt 0.647328 0.819547
vt 0.647326 0.829178
vt 0.647323 0.838891
vt 0.704949 0.853178
vt 0.704948 0.845016
vt 0.767376 0.853161
vt 0.704946 0.808613
vt 0.704946 0.819548
vt 0.704947 0.829183
vt 0.704947 0.838895
vt 0.835877 0.019098
vt 0.836465 0.016042
vt 0.847511 0.016862
vt 0.847318 0.019813
vt 0.952508 0.113518
vt 0.954612 0.112326
vt 0.954681 0.116761
vt 0.952537 0.115639
vt 0.835094 0.065862
vt 0.846117 0.066014
vt 0.846103 0.068972
vt 0.834651 0.068943
vt 0.836307 0.007553
vt 0.848004 0.008393
vt 0.847926 0.009608
vt 0.836207 0.008910
vt 0.956891 0.111987
vt 0.956945 0.117051
vt 0.955192 0.110607
vt 0.957924 0.049924
vt 0.958517 0.061655
vt 0.957153 0.061679
vt 0.956676 0.049981
vt 0.955296 0.118455
vt 0.836658 0.005977
vt 0.848115 0.006877
vt 0.959534 0.049844
vt 0.960108 0.061386
vt 0.958586 0.062503
vt 0.957026 0.062560
vt 0.952441 0.112409
vt 0.953755 0.111515
vt 0.960127 0.062163
vt 0.954285 0.109958
vt 0.835469 0.007429
vt 0.835887 0.005920
vt 0.954413 0.119123
vt 0.953848 0.117593
vt 0.835306 0.008945
vt 0.952513 0.116769
vt 0.908808 0.114145
vt 0.903355 0.114241
vt 0.903355 0.113090
vt 0.908804 0.113053
vt 0.913317 0.062218
vt 0.907882 0.062234
vt 0.907882 0.061367
vt 0.913317 0.061361
vt 0.907000 0.116781
vt 0.904573 0.118576
vt 0.904521 0.117393
vt 0.906982 0.115654
vt 0.913066 0.118553
vt 0.910630 0.116771
vt 0.910641 0.115644
vt 0.913111 0.117369
vt 0.951467 0.061411
vt 0.951368 0.050104
vt 0.907882 0.050120
vt 0.913320 0.050120
vt 0.918754 0.050122
vt 0.918754 0.061368
vt 0.924192 0.050122
vt 0.924189 0.061362
vt 0.929626 0.050123
vt 0.929626 0.061370
vt 0.935064 0.050123
vt 0.935063 0.061363
vt 0.940498 0.050124
vt 0.940504 0.061370
vt 0.945936 0.050122
vt 0.945959 0.061368
vt 0.948333 0.118352
vt 0.948311 0.117172
vt 0.945843 0.118125
vt 0.943381 0.116381
vt 0.943375 0.115252
vt 0.945873 0.116938
vt 0.939753 0.116452
vt 0.937356 0.118287
vt 0.937285 0.117104
vt 0.939717 0.115324
vt 0.934921 0.118327
vt 0.932465 0.116571
vt 0.932464 0.115443
vt 0.934953 0.117142
vt 0.928836 0.116621
vt 0.926429 0.118443
vt 0.926364 0.117260
vt 0.928806 0.115494
vt 0.923994 0.118469
vt 0.921547 0.116701
vt 0.921553 0.115573
vt 0.924033 0.117285
vt 0.917918 0.116731
vt 0.915501 0.118539
vt 0.915443 0.117356
vt 0.917894 0.115603
vt 0.835000 0.019150
vt 0.835593 0.016125
vt 0.835685 0.022948
vt 0.835990 0.026046
vt 0.835125 0.025897
vt 0.834815 0.022812
vt 0.835880 0.028492
vt 0.835298 0.031551
vt 0.834420 0.031609
vt 0.835005 0.028563
vt 0.835154 0.035403
vt 0.835505 0.038497
vt 0.834637 0.038361
vt 0.834282 0.035280
vt 0.835432 0.040944
vt 0.834895 0.044011
vt 0.834018 0.044083
vt 0.834557 0.041028
vt 0.834809 0.047866
vt 0.835206 0.050954
vt 0.834337 0.050831
vt 0.833935 0.047755
vt 0.835169 0.053402
vt 0.834680 0.056476
vt 0.833803 0.056561
vt 0.834297 0.053498
vt 0.834651 0.060332
vt 0.835094 0.063413
vt 0.834223 0.063304
vt 0.833775 0.060234
vt 0.951442 0.062298
vt 0.945955 0.062231
vt 0.940504 0.062239
vt 0.935063 0.062221
vt 0.929626 0.062237
vt 0.924189 0.062220
vt 0.918754 0.062235
vt 0.946975 0.113760
vt 0.946946 0.112609
vt 0.941517 0.113797
vt 0.941496 0.112696
vt 0.936067 0.113974
vt 0.936049 0.112822
vt 0.930615 0.113975
vt 0.930600 0.112875
vt 0.925164 0.114122
vt 0.925151 0.112970
vt 0.919711 0.114094
vt 0.919702 0.112993
vt 0.914260 0.114211
vt 0.914254 0.113060
vt 0.836595 0.013553
vt 0.835731 0.013488
vt 0.846103 0.060303
vt 0.846117 0.063261
vt 0.846189 0.053720
vt 0.846130 0.056677
vt 0.846260 0.048009
vt 0.846230 0.050966
vt 0.846445 0.041427
vt 0.846342 0.044383
vt 0.846602 0.035718
vt 0.846527 0.038675
vt 0.846885 0.029141
vt 0.846738 0.032095
vt 0.847128 0.023434
vt 0.847009 0.026389
vt 0.835875 0.110177
vt 0.847317 0.109462
vt 0.847510 0.112413
vt 0.836463 0.113233
vt 0.854203 0.113520
vt 0.854173 0.115641
vt 0.852030 0.116763
vt 0.852098 0.112328
vt 0.836305 0.121722
vt 0.836205 0.120365
vt 0.847924 0.119667
vt 0.848002 0.120882
vt 0.849765 0.117054
vt 0.849819 0.111989
vt 0.851518 0.110610
vt 0.857839 0.049923
vt 0.859088 0.049979
vt 0.858610 0.061677
vt 0.857246 0.061654
vt 0.851415 0.118458
vt 0.836655 0.123298
vt 0.848112 0.122398
vt 0.856230 0.049843
vt 0.855655 0.061384
vt 0.858738 0.062559
vt 0.857177 0.062502
vt 0.854269 0.112411
vt 0.852955 0.111517
vt 0.855636 0.062162
vt 0.852426 0.109960
vt 0.835885 0.123355
vt 0.835467 0.121845
vt 0.852298 0.119125
vt 0.852863 0.117596
vt 0.835304 0.120330
vt 0.854198 0.116771
vt 0.897904 0.114153
vt 0.897906 0.113053
vt 0.902446 0.062218
vt 0.902446 0.061361
vt 0.836593 0.115722
vt 0.847682 0.115167
vt 0.899728 0.115654
vt 0.902190 0.117393
vt 0.864296 0.061410
vt 0.864395 0.050102
vt 0.902443 0.050120
vt 0.897009 0.061368
vt 0.897009 0.050121
vt 0.891574 0.061362
vt 0.891571 0.050121
vt 0.886137 0.061369
vt 0.886137 0.050122
vt 0.880700 0.061362
vt 0.880699 0.050122
vt 0.875259 0.061369
vt 0.875265 0.050123
vt 0.869804 0.061366
vt 0.869827 0.050120
vt 0.893600 0.117370
vt 0.892440 0.116176
vt 0.892451 0.114212
vt 0.858400 0.117174
vt 0.858378 0.118354
vt 0.860868 0.118127
vt 0.860838 0.116939
vt 0.863336 0.115254
vt 0.863330 0.116383
vt 0.866958 0.116454
vt 0.866994 0.115326
vt 0.869426 0.117105
vt 0.869355 0.118288
vt 0.871790 0.118328
vt 0.871758 0.117143
vt 0.874247 0.115445
vt 0.874246 0.116573
vt 0.877875 0.116622
vt 0.877905 0.115495
vt 0.880347 0.117261
vt 0.880282 0.118444
vt 0.882717 0.118470
vt 0.882679 0.117286
vt 0.885158 0.115574
vt 0.885163 0.116702
vt 0.888793 0.116731
vt 0.888816 0.115604
vt 0.891268 0.117357
vt 0.891210 0.118540
vt 0.835591 0.113150
vt 0.834998 0.110125
vt 0.835683 0.106327
vt 0.834813 0.106463
vt 0.835123 0.103377
vt 0.835989 0.103229
vt 0.835879 0.100783
vt 0.835003 0.100712
vt 0.834418 0.097666
vt 0.835297 0.097724
vt 0.835152 0.093871
vt 0.834281 0.093995
vt 0.834636 0.090914
vt 0.835504 0.090778
vt 0.835430 0.088331
vt 0.834556 0.088247
vt 0.834017 0.085192
vt 0.834895 0.085264
vt 0.834808 0.081409
vt 0.833934 0.081520
vt 0.834336 0.078444
vt 0.835206 0.078321
vt 0.835169 0.075873
vt 0.834296 0.075777
vt 0.833803 0.072714
vt 0.834679 0.072799
vt 0.893645 0.118553
vt 0.896070 0.115644
vt 0.896081 0.116771
vt 0.864322 0.062297
vt 0.869808 0.062230
vt 0.875259 0.062238
vt 0.880700 0.062220
vt 0.886137 0.062236
vt 0.891574 0.062219
vt 0.897010 0.062235
vt 0.859765 0.112611
vt 0.859736 0.113762
vt 0.865214 0.112698
vt 0.865193 0.113799
vt 0.870662 0.112823
vt 0.870643 0.113975
vt 0.876111 0.112876
vt 0.876096 0.113976
vt 0.881559 0.112971
vt 0.881547 0.114123
vt 0.887008 0.112994
vt 0.887000 0.114095
vt 0.892457 0.113060
vt 0.833775 0.069041
vt 0.834223 0.065971
vt 0.881526 0.116086
vt 0.870611 0.115937
vt 0.859694 0.115724
vt 0.899711 0.116781
vt 0.902138 0.118576
vt 0.835729 0.115787
vt 0.846130 0.072598
vt 0.846188 0.075556
vt 0.846229 0.078309
vt 0.846260 0.081266
vt 0.846341 0.084892
vt 0.846444 0.087848
vt 0.846526 0.090600
vt 0.846601 0.093557
vt 0.846736 0.097181
vt 0.846883 0.100135
vt 0.847007 0.102886
vt 0.847126 0.105841
vt 0.908811 0.115350
vt 0.914279 0.117688
vt 0.914271 0.116175
vt 0.919721 0.115290
vt 0.925202 0.117598
vt 0.925185 0.116085
vt 0.930631 0.115170
vt 0.936124 0.117448
vt 0.936099 0.115936
vt 0.941540 0.114992
vt 0.947060 0.117324
vt 0.947017 0.115722
vt 0.903356 0.117719
vt 0.903355 0.116206
vt 0.897900 0.115351
vt 0.892432 0.117689
vt 0.886990 0.115291
vt 0.881509 0.117599
vt 0.876080 0.115172
vt 0.870587 0.117450
vt 0.865171 0.114993
vt 0.859651 0.117326
vt 0.834301 0.064637
vt 0.835234 0.064637
vt 0.903355 0.118935
vt 0.846124 0.064638
vt 0.947079 0.118544
vt 0.941561 0.116099
vt 0.936144 0.118666
vt 0.930646 0.116278
vt 0.925215 0.118815
vt 0.919730 0.116397
vt 0.914286 0.118905
vt 0.908814 0.116457
vt 0.835743 0.014785
vt 0.836664 0.014778
vt 0.834851 0.020976
vt 0.835740 0.021021
vt 0.835143 0.027233
vt 0.836075 0.027276
vt 0.834292 0.033442
vt 0.835182 0.033475
vt 0.834675 0.039697
vt 0.835608 0.039725
vt 0.833918 0.045917
vt 0.834809 0.045937
vt 0.834395 0.052166
vt 0.835327 0.052180
vt 0.833730 0.058397
vt 0.834621 0.058403
vt 0.846111 0.058490
vt 0.846217 0.052343
vt 0.846295 0.046196
vt 0.846494 0.040052
vt 0.846664 0.033906
vt 0.846954 0.027765
vt 0.847218 0.021623
vt 0.847684 0.014109
vt 0.847606 0.015453
vt 0.859632 0.118546
vt 0.865150 0.116100
vt 0.870567 0.118667
vt 0.876065 0.116279
vt 0.881496 0.118816
vt 0.886981 0.116398
vt 0.892425 0.118905
vt 0.897897 0.116457
vt 0.835741 0.114489
vt 0.836662 0.114497
vt 0.834849 0.108299
vt 0.835738 0.108254
vt 0.835142 0.102041
vt 0.836073 0.101999
vt 0.834291 0.095833
vt 0.835181 0.095800
vt 0.834674 0.089578
vt 0.835607 0.089550
vt 0.833917 0.083357
vt 0.834808 0.083337
vt 0.834394 0.077109
vt 0.835327 0.077095
vt 0.833730 0.070878
vt 0.834621 0.070871
vt 0.846110 0.070785
vt 0.846216 0.076932
vt 0.846295 0.083079
vt 0.846492 0.089224
vt 0.846663 0.095369
vt 0.846953 0.101510
vt 0.847216 0.107652
vt 0.847604 0.113822
vt 0.900989 0.065743
vt 0.950868 0.065564
vt 0.949797 0.077083
vt 0.900991 0.076634
vt 0.963193 0.010178
vt 0.962044 0.008092
vt 0.966396 0.008097
vt 0.965254 0.010185
vt 0.963209 0.059398
vt 0.965237 0.059398
vt 0.952211 0.065664
vt 0.951044 0.077203
vt 0.961744 0.005852
vt 0.966715 0.005877
vt 0.960365 0.007500
vt 0.952267 0.006107
vt 0.953474 0.017677
vt 0.952128 0.017768
vt 0.951035 0.006229
vt 0.968069 0.007516
vt 0.953779 0.066022
vt 0.952552 0.077358
vt 0.953855 0.005943
vt 0.955034 0.017330
vt 0.953583 0.018513
vt 0.952040 0.018642
vt 0.962098 0.010225
vt 0.961237 0.008923
vt 0.955092 0.018099
vt 0.959715 0.008381
vt 0.952324 0.064826
vt 0.953841 0.065249
vt 0.968713 0.008393
vt 0.967202 0.008926
vt 0.950783 0.064691
vt 0.966346 0.010228
vt 0.962115 0.059399
vt 0.902246 0.018432
vt 0.902246 0.017592
vt 0.900988 0.064870
vt 0.966331 0.059398
vt 0.902246 0.006702
vt 0.852182 0.077098
vt 0.851107 0.065579
vt 0.963195 0.108617
vt 0.965256 0.108610
vt 0.966399 0.110698
vt 0.962047 0.110703
vt 0.849764 0.065679
vt 0.850936 0.077218
vt 0.966718 0.112918
vt 0.961747 0.112943
vt 0.960368 0.111295
vt 0.852224 0.006106
vt 0.853456 0.006228
vt 0.852362 0.017767
vt 0.851016 0.017677
vt 0.968072 0.111279
vt 0.848197 0.066038
vt 0.849427 0.077374
vt 0.850636 0.005941
vt 0.849457 0.017328
vt 0.852451 0.018641
vt 0.850908 0.018512
vt 0.962101 0.108571
vt 0.961240 0.109872
vt 0.849398 0.018098
vt 0.959718 0.110414
vt 0.848134 0.065265
vt 0.849651 0.064841
vt 0.968715 0.110402
vt 0.967204 0.109868
vt 0.851192 0.064706
vt 0.966348 0.108567
vt 0.901465 0.036439
vt 0.951344 0.036267
vt 0.950271 0.047786
vt 0.901465 0.047330
vt 0.838104 0.131359
vt 0.836018 0.132508
vt 0.836022 0.128155
vt 0.838110 0.129298
vt 0.887324 0.131343
vt 0.887324 0.129315
vt 0.952687 0.036367
vt 0.951518 0.047906
vt 0.833777 0.132807
vt 0.833803 0.127836
vt 0.835425 0.134186
vt 0.852087 0.033286
vt 0.850880 0.021715
vt 0.852226 0.021625
vt 0.853319 0.033164
vt 0.835441 0.126482
vt 0.954254 0.036725
vt 0.953026 0.048061
vt 0.850499 0.033450
vt 0.849320 0.022063
vt 0.850771 0.020879
vt 0.852314 0.020750
vt 0.838150 0.132453
vt 0.836848 0.133315
vt 0.849262 0.021293
vt 0.836307 0.134837
vt 0.952800 0.035529
vt 0.954317 0.035952
vt 0.836318 0.125838
vt 0.836852 0.127350
vt 0.951259 0.035394
vt 0.838154 0.128205
vt 0.887324 0.132437
vt 0.902108 0.020960
vt 0.902108 0.021800
vt 0.901465 0.035566
vt 0.887324 0.128221
vt 0.902108 0.032689
vt 0.852656 0.047788
vt 0.851584 0.036269
vt 0.936542 0.131357
vt 0.936536 0.129296
vt 0.938624 0.128154
vt 0.938629 0.132506
vt 0.850240 0.036368
vt 0.851410 0.047907
vt 0.940844 0.127834
vt 0.940869 0.132805
vt 0.939221 0.134184
vt 0.952130 0.033285
vt 0.950898 0.033163
vt 0.951991 0.021623
vt 0.953337 0.021713
vt 0.939205 0.126481
vt 0.848673 0.036727
vt 0.849902 0.048063
vt 0.953718 0.033449
vt 0.954897 0.022062
vt 0.951903 0.020749
vt 0.953446 0.020878
vt 0.936496 0.132451
vt 0.937798 0.133313
vt 0.954956 0.021292
vt 0.938339 0.134835
vt 0.848610 0.035954
vt 0.850127 0.035530
vt 0.938328 0.125837
vt 0.937794 0.127349
vt 0.851669 0.035395
vt 0.936493 0.128204
vt 0.882234 0.273570
vt 0.882234 0.274232
vt 0.872622 0.274232
vt 0.872622 0.273570
vt 0.865064 0.274232
vt 0.865064 0.273570
vt 0.891847 0.273570
vt 0.891847 0.274232
vt 0.861545 0.273570
vt 0.861545 0.274232
vt 0.913067 0.273570
vt 0.913067 0.274232
vt 0.902762 0.274232
vt 0.902762 0.273570
vt 0.902390 0.285169
vt 0.906492 0.285169
vt 0.906492 0.285832
vt 0.902390 0.285832
vt 0.899844 0.285832
vt 0.899843 0.285169
vt 0.953152 0.263223
vt 0.943541 0.263403
vt 0.943353 0.262820
vt 0.952964 0.262640
vt 0.964227 0.263067
vt 0.960708 0.263053
vt 0.960521 0.262471
vt 0.964040 0.262484
vt 0.878655 0.284600
vt 0.880945 0.285712
vt 0.880753 0.286049
vt 0.878912 0.285155
vt 0.943564 0.251964
vt 0.953177 0.252144
vt 0.952989 0.252727
vt 0.943377 0.252547
vt 0.875967 0.190146
vt 0.873682 0.190146
vt 0.873682 0.188100
vt 0.875967 0.188100
vt 0.875967 0.194247
vt 0.873682 0.194247
vt 0.903132 0.220029
vt 0.903132 0.222314
vt 0.892216 0.222314
vt 0.892216 0.220029
vt 0.944325 0.199096
vt 0.953832 0.199096
vt 0.953832 0.202705
vt 0.944325 0.202705
vt 0.961227 0.199096
vt 0.961227 0.202705
vt 0.934765 0.199096
vt 0.934765 0.202705
vt 0.964598 0.199096
vt 0.964598 0.202705
vt 0.913616 0.199096
vt 0.923889 0.199096
vt 0.923889 0.202705
vt 0.913616 0.202705
vt 0.918565 0.191069
vt 0.918565 0.194679
vt 0.914976 0.194679
vt 0.914976 0.191069
vt 0.920652 0.191069
vt 0.920652 0.194679
vt 0.913250 0.220029
vt 0.913250 0.222314
vt 0.861910 0.220029
vt 0.865429 0.220029
vt 0.865429 0.222314
vt 0.861910 0.222314
vt 0.882602 0.222314
vt 0.882602 0.220029
vt 0.872988 0.220029
vt 0.872988 0.222314
vt 0.960734 0.252313
vt 0.960546 0.252896
vt 0.964253 0.252300
vt 0.964066 0.252883
vt 0.882228 0.276187
vt 0.882228 0.276850
vt 0.872614 0.276850
vt 0.872614 0.276187
vt 0.922790 0.231717
vt 0.933704 0.231915
vt 0.933631 0.233163
vt 0.922756 0.232967
vt 0.943316 0.232091
vt 0.943189 0.233336
vt 0.912484 0.231717
vt 0.912484 0.232967
vt 0.952927 0.232271
vt 0.960484 0.232441
vt 0.960087 0.233631
vt 0.952694 0.233501
vt 0.858687 0.277278
vt 0.859798 0.281226
vt 0.858471 0.281123
vt 0.857498 0.277668
vt 0.891265 0.238318
vt 0.902179 0.238120
vt 0.902213 0.239370
vt 0.891338 0.239566
vt 0.881654 0.238495
vt 0.881780 0.239739
vt 0.912485 0.238121
vt 0.912485 0.239371
vt 0.864486 0.238844
vt 0.872042 0.238674
vt 0.872275 0.239904
vt 0.864882 0.240034
vt 0.859553 0.253638
vt 0.858448 0.257588
vt 0.857259 0.257199
vt 0.858226 0.253743
vt 0.964003 0.232427
vt 0.963457 0.233553
vt 0.860966 0.238830
vt 0.861512 0.239956
vt 0.858739 0.283541
vt 0.857602 0.283021
vt 0.858490 0.251325
vt 0.857354 0.251846
vt 0.855420 0.205704
vt 0.856448 0.201733
vt 0.857003 0.201992
vt 0.855975 0.205963
vt 0.865055 0.276850
vt 0.865055 0.276187
vt 0.912732 0.251590
vt 0.923038 0.251590
vt 0.922850 0.252173
vt 0.912732 0.252173
vt 0.933929 0.263579
vt 0.933742 0.262996
vt 0.891842 0.276187
vt 0.891842 0.276850
vt 0.874682 0.285619
vt 0.874940 0.286175
vt 0.861536 0.276187
vt 0.861536 0.276850
vt 0.933953 0.251787
vt 0.933765 0.252370
vt 0.856529 0.207997
vt 0.856866 0.207805
vt 0.913065 0.276187
vt 0.913065 0.276850
vt 0.902759 0.276850
vt 0.902759 0.276187
vt 0.923015 0.263777
vt 0.922828 0.263194
vt 0.854556 0.231820
vt 0.854556 0.227719
vt 0.855218 0.227719
vt 0.855218 0.231820
vt 0.912710 0.263777
vt 0.912710 0.263194
vt 0.855218 0.234366
vt 0.854556 0.234366
vt 0.888245 0.286648
vt 0.885961 0.286648
vt 0.885298 0.285785
vt 0.888908 0.285785
vt 0.888909 0.287035
vt 0.888246 0.287036
vt 0.885960 0.287036
vt 0.885297 0.287035
vt 0.943900 0.273569
vt 0.953512 0.273569
vt 0.953512 0.274232
vt 0.943900 0.274232
vt 0.961070 0.273569
vt 0.961070 0.274232
vt 0.934287 0.273570
vt 0.934287 0.274232
vt 0.964590 0.273570
vt 0.964590 0.274232
vt 0.923372 0.273570
vt 0.923372 0.274232
vt 0.895150 0.285047
vt 0.895150 0.285709
vt 0.891048 0.285709
vt 0.891048 0.285047
vt 0.897697 0.285047
vt 0.897697 0.285709
vt 0.872269 0.263223
vt 0.872456 0.262640
vt 0.882068 0.262820
vt 0.881880 0.263403
vt 0.861193 0.263067
vt 0.861381 0.262484
vt 0.864900 0.262471
vt 0.864712 0.263053
vt 0.861846 0.284567
vt 0.861588 0.285123
vt 0.859748 0.286016
vt 0.859556 0.285679
vt 0.881899 0.251964
vt 0.882086 0.252547
vt 0.872474 0.252727
vt 0.872286 0.252144
vt 0.868061 0.176357
vt 0.870107 0.176357
vt 0.870107 0.178642
vt 0.868061 0.178642
vt 0.863960 0.178642
vt 0.863960 0.176357
vt 0.923369 0.220029
vt 0.934285 0.220029
vt 0.934285 0.222314
vt 0.923369 0.222314
vt 0.882908 0.199096
vt 0.882908 0.202705
vt 0.873400 0.202705
vt 0.873400 0.199096
vt 0.866006 0.202705
vt 0.866006 0.199096
vt 0.892467 0.199096
vt 0.892467 0.202705
vt 0.862635 0.199096
vt 0.862635 0.202705
vt 0.903344 0.202705
vt 0.903344 0.199096
vt 0.910747 0.194685
vt 0.907158 0.194685
vt 0.907158 0.191076
vt 0.910747 0.191076
vt 0.912834 0.191076
vt 0.912834 0.194685
vt 0.964591 0.220029
vt 0.964591 0.222314
vt 0.961071 0.222314
vt 0.961071 0.220029
vt 0.943899 0.220029
vt 0.943899 0.222314
vt 0.953512 0.220029
vt 0.953512 0.222314
vt 0.864917 0.252896
vt 0.864730 0.252313
vt 0.861398 0.252883
vt 0.861210 0.252300
vt 0.943901 0.276187
vt 0.953515 0.276187
vt 0.953515 0.276849
vt 0.943901 0.276850
vt 0.902178 0.231717
vt 0.902212 0.232967
vt 0.891337 0.233163
vt 0.891264 0.231915
vt 0.881779 0.233336
vt 0.881652 0.232091
vt 0.872040 0.232271
vt 0.872273 0.233501
vt 0.864880 0.233631
vt 0.864483 0.232441
vt 0.859182 0.201736
vt 0.860371 0.202126
vt 0.859398 0.205581
vt 0.858071 0.205684
vt 0.933705 0.238319
vt 0.933631 0.239566
vt 0.922757 0.239371
vt 0.922791 0.238121
vt 0.943316 0.238495
vt 0.943189 0.239740
vt 0.960484 0.238845
vt 0.960088 0.240035
vt 0.952695 0.239905
vt 0.952928 0.238675
vt 0.935710 0.283863
vt 0.935814 0.282536
vt 0.939269 0.281565
vt 0.939659 0.282754
vt 0.861510 0.233553
vt 0.860964 0.232427
vt 0.964004 0.238831
vt 0.963458 0.239957
vt 0.860267 0.207479
vt 0.859130 0.207999
vt 0.933395 0.282803
vt 0.933916 0.281667
vt 0.944330 0.283872
vt 0.944587 0.284428
vt 0.940614 0.285445
vt 0.940356 0.284890
vt 0.961074 0.276187
vt 0.961074 0.276850
vt 0.902613 0.252173
vt 0.902426 0.251590
vt 0.891679 0.262996
vt 0.891491 0.263579
vt 0.934287 0.276187
vt 0.934287 0.276850
vt 0.865819 0.285589
vt 0.865561 0.286144
vt 0.964593 0.276187
vt 0.964593 0.276850
vt 0.891511 0.251788
vt 0.891698 0.252370
vt 0.946620 0.284986
vt 0.946427 0.285323
vt 0.923371 0.276187
vt 0.923371 0.276850
vt 0.902592 0.263194
vt 0.902405 0.263777
vt 0.855218 0.262955
vt 0.854556 0.262955
vt 0.854556 0.258854
vt 0.855218 0.258854
vt 0.855218 0.265501
vt 0.854556 0.265501
vt 0.869850 0.287806
vt 0.869188 0.286943
vt 0.872797 0.286943
vt 0.872135 0.287806
vt 0.869187 0.288193
vt 0.869849 0.288194
vt 0.872798 0.288193
vt 0.872136 0.288194
vt 0.897861 0.090269
vt 0.897877 0.087982
vt 0.900531 0.087988
vt 0.900512 0.090299
vt 0.985541 0.155414
vt 0.985138 0.156054
vt 0.985174 0.147473
vt 0.985567 0.147474
vt 0.902339 0.089557
vt 0.902366 0.088739
vt 0.903100 0.088820
vt 0.903102 0.089494
vt 0.897850 0.091191
vt 0.900493 0.091215
vt 0.987929 0.155153
vt 0.985941 0.155156
vt 0.985960 0.147475
vt 0.987907 0.147474
vt 0.901554 0.087991
vt 0.901537 0.090320
vt 0.902359 0.090218
vt 0.903029 0.090200
vt 0.904234 0.090093
vt 0.904242 0.088242
vt 0.903044 0.088119
vt 0.902383 0.088093
vt 0.901936 0.091028
vt 0.901968 0.087285
vt 0.900525 0.087067
vt 0.902917 0.086956
vt 0.902883 0.091378
vt 0.903611 0.090611
vt 0.902599 0.090509
vt 0.903626 0.087720
vt 0.902623 0.087809
vt 0.940525 0.087581
vt 0.940558 0.088159
vt 0.897877 0.087059
vt 0.988733 0.156057
vt 0.988330 0.155413
vt 0.988301 0.147473
vt 0.988693 0.147471
vt 0.897836 0.092408
vt 0.900483 0.092441
vt 0.902833 0.092465
vt 0.989764 0.156083
vt 0.989754 0.147469
vt 0.984113 0.156066
vt 0.984113 0.147471
vt 0.900521 0.085837
vt 0.902891 0.085837
vt 0.897876 0.085838
vt 0.940590 0.090265
vt 0.940557 0.090835
vt 0.940472 0.091588
vt 0.940451 0.085833
vt 0.940425 0.086824
vt 0.941256 0.090225
vt 0.941201 0.090718
vt 0.988288 0.156076
vt 0.987906 0.155816
vt 0.941243 0.088200
vt 0.985963 0.155815
vt 0.941051 0.091491
vt 0.988708 0.156707
vt 0.941183 0.087695
vt 0.985582 0.156075
vt 0.940541 0.092573
vt 0.941160 0.092517
vt 0.989744 0.156739
vt 0.985155 0.156704
vt 0.984113 0.156719
vt 0.941085 0.085833
vt 0.941019 0.086903
vt 0.972407 0.159225
vt 0.972415 0.161484
vt 0.969787 0.161519
vt 0.969779 0.159222
vt 0.987031 0.048217
vt 0.986629 0.048858
vt 0.986665 0.040276
vt 0.987058 0.040277
vt 0.967968 0.159977
vt 0.967949 0.160795
vt 0.967213 0.160720
vt 0.967206 0.160046
vt 0.972409 0.158313
vt 0.969790 0.158313
vt 0.989417 0.047956
vt 0.987430 0.047959
vt 0.987452 0.040279
vt 0.989398 0.040279
vt 0.968768 0.161533
vt 0.968760 0.159210
vt 0.967942 0.159318
vt 0.967275 0.159341
vt 0.966072 0.159453
vt 0.966073 0.161306
vt 0.967275 0.161422
vt 0.967938 0.161441
vt 0.968357 0.158509
vt 0.968365 0.162246
vt 0.969809 0.162433
vt 0.967416 0.162596
vt 0.967414 0.158167
vt 0.966693 0.158933
vt 0.967702 0.159030
vt 0.966694 0.161828
vt 0.967701 0.161729
vt 0.929759 0.161961
vt 0.929729 0.161384
vt 0.972429 0.162395
vt 0.990221 0.048860
vt 0.989818 0.048216
vt 0.989792 0.040277
vt 0.990184 0.040276
vt 0.972414 0.157107
vt 0.969791 0.157096
vt 0.967459 0.157083
vt 0.991252 0.048886
vt 0.991245 0.040274
vt 0.985598 0.048884
vt 0.985605 0.040274
vt 0.969839 0.163650
vt 0.967463 0.163723
vt 0.972452 0.163598
vt 0.929705 0.159283
vt 0.929738 0.158713
vt 0.929824 0.157961
vt 0.929773 0.163718
vt 0.929844 0.162719
vt 0.929040 0.159322
vt 0.929096 0.158830
vt 0.989776 0.048879
vt 0.989395 0.048619
vt 0.929048 0.161340
vt 0.987452 0.048617
vt 0.929246 0.158058
vt 0.990196 0.049509
vt 0.929106 0.161841
vt 0.987073 0.048876
vt 0.929755 0.156976
vt 0.929136 0.157032
vt 0.991232 0.049543
vt 0.986654 0.049506
vt 0.985619 0.049540
vt 0.929147 0.163661
vt 0.929258 0.162622
vt 0.981488 0.049229
vt 0.979229 0.049237
vt 0.979194 0.046609
vt 0.981491 0.046601
vt 0.992573 0.086566
vt 0.992975 0.085924
vt 0.992939 0.094506
vt 0.992546 0.094505
vt 0.980736 0.044790
vt 0.979918 0.044771
vt 0.979993 0.044035
vt 0.980667 0.044028
vt 0.982400 0.049232
vt 0.982400 0.046612
vt 0.990187 0.086825
vt 0.992174 0.086823
vt 0.992152 0.094503
vt 0.990206 0.094503
vt 0.979180 0.045590
vt 0.981503 0.045582
vt 0.981395 0.044764
vt 0.981372 0.044097
vt 0.981261 0.042894
vt 0.979407 0.042895
vt 0.979291 0.044097
vt 0.979272 0.044760
vt 0.982204 0.045179
vt 0.978467 0.045187
vt 0.978280 0.046630
vt 0.978117 0.044238
vt 0.982546 0.044236
vt 0.981780 0.043515
vt 0.981683 0.044524
vt 0.978885 0.043516
vt 0.978984 0.044523
vt 0.978755 0.006580
vt 0.979332 0.006551
vt 0.978318 0.049251
vt 0.989383 0.085922
vt 0.989786 0.086566
vt 0.989812 0.094504
vt 0.989420 0.094506
vt 0.983606 0.049237
vt 0.983617 0.046614
vt 0.983630 0.044282
vt 0.988352 0.085896
vt 0.988359 0.094508
vt 0.994006 0.085898
vt 0.993999 0.094508
vt 0.977063 0.046660
vt 0.976991 0.044284
vt 0.977114 0.049274
vt 0.981433 0.006526
vt 0.982003 0.006560
vt 0.982755 0.006645
vt 0.976998 0.006594
vt 0.977996 0.006665
vt 0.981395 0.005861
vt 0.981886 0.005917
vt 0.989828 0.085903
vt 0.990209 0.086163
vt 0.979376 0.005870
vt 0.992152 0.086165
vt 0.982658 0.006067
vt 0.989408 0.085272
vt 0.978875 0.005927
vt 0.992531 0.085906
vt 0.983739 0.006576
vt 0.983684 0.005957
vt 0.988372 0.085239
vt 0.992950 0.085276
vt 0.993985 0.085242
vt 0.977055 0.005968
vt 0.978094 0.006080
vt 0.970543 0.011284
vt 0.972802 0.011275
vt 0.972838 0.013904
vt 0.970540 0.013912
vt 0.987121 0.013811
vt 0.986719 0.014452
vt 0.986755 0.005870
vt 0.987149 0.005871
vt 0.971296 0.015723
vt 0.972113 0.015741
vt 0.972039 0.016477
vt 0.971365 0.016485
vt 0.969631 0.011282
vt 0.969631 0.013901
vt 0.989508 0.013550
vt 0.987521 0.013553
vt 0.987542 0.005872
vt 0.989488 0.005873
vt 0.972852 0.014923
vt 0.970528 0.014931
vt 0.970636 0.015749
vt 0.970660 0.016416
vt 0.970772 0.017619
vt 0.972625 0.017617
vt 0.972741 0.016415
vt 0.972760 0.015752
vt 0.969827 0.015334
vt 0.973564 0.015325
vt 0.973751 0.013882
vt 0.973914 0.016274
vt 0.969486 0.016277
vt 0.970252 0.016998
vt 0.970349 0.015989
vt 0.973147 0.016996
vt 0.973048 0.015989
vt 0.973288 0.053932
vt 0.972711 0.053961
vt 0.973713 0.011261
vt 0.990311 0.014454
vt 0.989908 0.013810
vt 0.989882 0.005871
vt 0.990275 0.005870
vt 0.968425 0.011277
vt 0.968414 0.013900
vt 0.968402 0.016232
vt 0.991343 0.014480
vt 0.991335 0.005868
vt 0.985689 0.014478
vt 0.985695 0.005868
vt 0.974968 0.013851
vt 0.975041 0.016227
vt 0.974916 0.011238
vt 0.970610 0.053986
vt 0.970040 0.053953
vt 0.969288 0.053867
vt 0.975045 0.053917
vt 0.974047 0.053846
vt 0.970649 0.054651
vt 0.970157 0.054595
vt 0.989866 0.014473
vt 0.989485 0.014213
vt 0.972667 0.054642
vt 0.987543 0.014211
vt 0.969385 0.054446
vt 0.990286 0.015104
vt 0.973168 0.054584
vt 0.987163 0.014470
vt 0.968303 0.053937
vt 0.968359 0.054556
vt 0.991322 0.015137
vt 0.986744 0.015100
vt 0.985710 0.015134
vt 0.974988 0.054544
vt 0.973949 0.054432
vt 0.970554 0.056697
vt 0.972813 0.056689
vt 0.972848 0.059317
vt 0.970551 0.059325
vt 0.987036 0.059693
vt 0.986634 0.060335
vt 0.986665 0.051753
vt 0.987058 0.051754
vt 0.971306 0.061136
vt 0.972124 0.061155
vt 0.972049 0.061891
vt 0.971375 0.061898
vt 0.969642 0.056695
vt 0.969642 0.059314
vt 0.989422 0.059432
vt 0.987435 0.059436
vt 0.987451 0.051755
vt 0.989397 0.051754
vt 0.972862 0.060336
vt 0.970539 0.060344
vt 0.970647 0.061162
vt 0.970670 0.061830
vt 0.970782 0.063032
vt 0.972635 0.063031
vt 0.972750 0.061829
vt 0.972770 0.061166
vt 0.969838 0.060747
vt 0.973574 0.060739
vt 0.973762 0.059296
vt 0.973924 0.061688
vt 0.969496 0.061691
vt 0.970263 0.062412
vt 0.970359 0.061402
vt 0.973157 0.062411
vt 0.973059 0.061403
vt 0.973291 0.099346
vt 0.972714 0.099375
vt 0.973724 0.056675
vt 0.990226 0.060335
vt 0.989823 0.059691
vt 0.989791 0.051753
vt 0.990184 0.051751
vt 0.968436 0.056690
vt 0.968425 0.059313
vt 0.968412 0.061645
vt 0.991258 0.060360
vt 0.991245 0.051748
vt 0.985604 0.060362
vt 0.985605 0.051752
vt 0.974979 0.059265
vt 0.975051 0.061641
vt 0.974927 0.056652
vt 0.970614 0.099399
vt 0.970043 0.099366
vt 0.969291 0.099281
vt 0.975048 0.099331
vt 0.974049 0.099261
vt 0.970651 0.100064
vt 0.970160 0.100009
vt 0.989781 0.060354
vt 0.989400 0.060094
vt 0.972670 0.100056
vt 0.987457 0.060093
vt 0.969388 0.099859
vt 0.990202 0.060984
vt 0.973171 0.099998
vt 0.987078 0.060353
vt 0.968307 0.099350
vt 0.968362 0.099969
vt 0.991238 0.061017
vt 0.986660 0.060983
vt 0.985625 0.061018
vt 0.974991 0.099958
vt 0.973952 0.099846
vt 0.885846 0.139009
vt 0.885838 0.136750
vt 0.888466 0.136715
vt 0.888474 0.139013
vt 0.855477 0.121790
vt 0.854836 0.121388
vt 0.863417 0.121425
vt 0.863416 0.121818
vt 0.890285 0.138257
vt 0.890304 0.137440
vt 0.891039 0.137515
vt 0.891046 0.138189
vt 0.885843 0.139921
vt 0.888462 0.139922
vt 0.855737 0.124177
vt 0.855734 0.122190
vt 0.863415 0.122211
vt 0.863415 0.124157
vt 0.889485 0.136701
vt 0.889493 0.139024
vt 0.890310 0.138917
vt 0.890978 0.138894
vt 0.892181 0.138782
vt 0.892179 0.136928
vt 0.890977 0.136813
vt 0.890315 0.136794
vt 0.889895 0.139726
vt 0.889888 0.135989
vt 0.888444 0.135801
vt 0.890837 0.135639
vt 0.890839 0.140068
vt 0.891560 0.139301
vt 0.890551 0.139205
vt 0.891559 0.136407
vt 0.890552 0.136505
vt 0.928494 0.136278
vt 0.928524 0.136855
vt 0.885824 0.135839
vt 0.854833 0.124980
vt 0.855477 0.124578
vt 0.863416 0.124551
vt 0.863417 0.124944
vt 0.885838 0.141127
vt 0.888461 0.141138
vt 0.890793 0.141151
vt 0.854808 0.126012
vt 0.863419 0.126004
vt 0.854810 0.120358
vt 0.863419 0.120364
vt 0.888414 0.134584
vt 0.890790 0.134512
vt 0.885801 0.134636
vt 0.928548 0.138956
vt 0.928514 0.139526
vt 0.928428 0.140278
vt 0.928480 0.134521
vt 0.928409 0.135519
vt 0.929213 0.138918
vt 0.929157 0.139409
vt 0.854815 0.124535
vt 0.855075 0.124154
vt 0.929205 0.136900
vt 0.855077 0.122211
vt 0.929007 0.140181
vt 0.854184 0.124955
vt 0.929147 0.136398
vt 0.854817 0.121832
vt 0.928498 0.141263
vt 0.929117 0.141207
vt 0.854151 0.125992
vt 0.854188 0.121413
vt 0.854154 0.120379
vt 0.929107 0.134578
vt 0.928994 0.135617
vt 0.927028 0.154098
vt 0.927037 0.156357
vt 0.924409 0.156392
vt 0.924400 0.154095
vt 0.987064 0.036745
vt 0.986662 0.037387
vt 0.986698 0.028805
vt 0.987091 0.028806
vt 0.922590 0.154851
vt 0.922571 0.155668
vt 0.921835 0.155593
vt 0.921828 0.154919
vt 0.927031 0.153186
vt 0.924412 0.153186
vt 0.989450 0.036486
vt 0.987464 0.036488
vt 0.987485 0.028807
vt 0.989431 0.028808
vt 0.923390 0.156406
vt 0.923382 0.154083
vt 0.922564 0.154191
vt 0.921896 0.154214
vt 0.920693 0.154326
vt 0.920695 0.156180
vt 0.921897 0.156295
vt 0.922560 0.156314
vt 0.922979 0.153382
vt 0.922987 0.157119
vt 0.924431 0.157306
vt 0.922038 0.157469
vt 0.922035 0.153041
vt 0.921314 0.153807
vt 0.922323 0.153904
vt 0.921316 0.156702
vt 0.922323 0.156603
vt 0.884381 0.156840
vt 0.884351 0.156263
vt 0.927051 0.157268
vt 0.990254 0.037389
vt 0.989851 0.036745
vt 0.989825 0.028807
vt 0.990217 0.028805
vt 0.927036 0.151980
vt 0.924413 0.151969
vt 0.922080 0.151957
vt 0.991285 0.037415
vt 0.991278 0.028803
vt 0.985632 0.037413
vt 0.985638 0.028803
vt 0.924461 0.158523
vt 0.922085 0.158596
vt 0.927074 0.158471
vt 0.884327 0.154162
vt 0.884360 0.153592
vt 0.884445 0.152839
vt 0.884395 0.158596
vt 0.884466 0.157598
vt 0.883662 0.154200
vt 0.883717 0.153709
vt 0.989809 0.037408
vt 0.989427 0.037148
vt 0.883670 0.156218
vt 0.987485 0.037146
vt 0.883867 0.152936
vt 0.990229 0.038038
vt 0.883728 0.156720
vt 0.987106 0.037405
vt 0.884376 0.151855
vt 0.883757 0.151911
vt 0.991265 0.038072
vt 0.986687 0.038035
vt 0.985652 0.038069
vt 0.883769 0.158539
vt 0.883881 0.157501
vt 0.985775 0.096680
vt 0.994365 0.096680
vt 0.994365 0.107691
vt 0.985775 0.107691
vt 0.843517 0.134516
vt 0.883231 0.134516
vt 0.883231 0.145528
vt 0.843517 0.145528
vt 0.841530 0.134516
vt 0.841530 0.145528
vt 0.883844 0.134516
vt 0.883844 0.145528
vt 0.839260 0.134516
vt 0.839260 0.145528
vt 0.985113 0.096680
vt 0.985113 0.107691
vt 0.897860 0.081406
vt 0.900511 0.081376
vt 0.900530 0.083687
vt 0.897876 0.083694
vt 0.982685 0.155414
vt 0.982658 0.147474
vt 0.983052 0.147473
vt 0.983087 0.156054
vt 0.902338 0.082118
vt 0.903102 0.082180
vt 0.903099 0.082854
vt 0.902365 0.082936
vt 0.897849 0.080485
vt 0.900492 0.080460
vt 0.980297 0.155153
vt 0.980318 0.147474
vt 0.982265 0.147475
vt 0.982285 0.155156
vt 0.901536 0.081354
vt 0.901553 0.083684
vt 0.902358 0.081456
vt 0.903028 0.081474
vt 0.904233 0.081581
vt 0.904241 0.083433
vt 0.903043 0.083555
vt 0.902383 0.083581
vt 0.901935 0.080646
vt 0.901967 0.084390
vt 0.902917 0.084719
vt 0.900525 0.084608
vt 0.902882 0.080297
vt 0.903610 0.081063
vt 0.902598 0.081165
vt 0.903625 0.083954
vt 0.902623 0.083866
vt 0.940558 0.083507
vt 0.940524 0.084086
vt 0.897877 0.084617
vt 0.979492 0.156057
vt 0.979532 0.147471
vt 0.979924 0.147473
vt 0.979896 0.155413
vt 0.897834 0.079267
vt 0.900482 0.079234
vt 0.902831 0.079209
vt 0.978461 0.156083
vt 0.978471 0.147469
vt 0.940556 0.080831
vt 0.940589 0.081402
vt 0.940471 0.080079
vt 0.940425 0.084842
vt 0.941200 0.080949
vt 0.941255 0.081441
vt 0.979938 0.156076
vt 0.980319 0.155816
vt 0.941243 0.083466
vt 0.982263 0.155815
vt 0.941049 0.080176
vt 0.979517 0.156707
vt 0.941183 0.083971
vt 0.982643 0.156075
vt 0.940540 0.079094
vt 0.941159 0.079149
vt 0.978481 0.156739
vt 0.983069 0.156704
vt 0.941019 0.084763
vt 0.885808 0.145553
vt 0.888436 0.145550
vt 0.888429 0.147847
vt 0.885800 0.147812
vt 0.989714 0.075335
vt 0.989742 0.083274
vt 0.989349 0.083275
vt 0.989313 0.074694
vt 0.890247 0.146305
vt 0.891009 0.146374
vt 0.891002 0.147048
vt 0.890266 0.147123
vt 0.885806 0.144641
vt 0.888425 0.144641
vt 0.992101 0.075595
vt 0.992081 0.083273
vt 0.990135 0.083273
vt 0.990114 0.075593
vt 0.889455 0.145538
vt 0.889448 0.147861
vt 0.890273 0.145646
vt 0.890940 0.145669
vt 0.892144 0.145780
vt 0.892142 0.147634
vt 0.890940 0.147750
vt 0.890278 0.147769
vt 0.889858 0.144837
vt 0.889850 0.148574
vt 0.890800 0.148924
vt 0.888407 0.148761
vt 0.890802 0.144495
vt 0.891523 0.145261
vt 0.890514 0.145358
vt 0.891522 0.148156
vt 0.890515 0.148058
vt 0.928486 0.147710
vt 0.928457 0.148287
vt 0.885786 0.148723
vt 0.992904 0.074692
vt 0.992868 0.083275
vt 0.992475 0.083274
vt 0.992502 0.075336
vt 0.885801 0.143435
vt 0.888424 0.143424
vt 0.890756 0.143411
vt 0.993936 0.074666
vt 0.993929 0.083277
vt 0.988289 0.083277
vt 0.988282 0.074668
vt 0.890753 0.150051
vt 0.888377 0.149978
vt 0.885764 0.149927
vt 0.928477 0.145039
vt 0.928510 0.145609
vt 0.928391 0.144287
vt 0.928371 0.149046
vt 0.928443 0.150044
vt 0.929119 0.145156
vt 0.929175 0.145648
vt 0.992459 0.074673
vt 0.992078 0.074933
vt 0.929167 0.147666
vt 0.990136 0.074935
vt 0.928969 0.144384
vt 0.992880 0.074042
vt 0.929109 0.148167
vt 0.989756 0.074675
vt 0.928460 0.143303
vt 0.929079 0.143358
vt 0.993915 0.074009
vt 0.988303 0.074012
vt 0.989338 0.074046
vt 0.929069 0.149987
vt 0.928957 0.148948
vt 0.981503 0.051323
vt 0.981506 0.053952
vt 0.979208 0.053943
vt 0.979244 0.051315
vt 0.866731 0.124824
vt 0.874670 0.124796
vt 0.874672 0.125189
vt 0.866090 0.125225
vt 0.980750 0.055762
vt 0.980681 0.056524
vt 0.980007 0.056517
vt 0.979932 0.055781
vt 0.982415 0.051321
vt 0.982415 0.053940
vt 0.866991 0.122437
vt 0.874669 0.122456
vt 0.874669 0.124402
vt 0.866988 0.124424
vt 0.981518 0.054971
vt 0.979194 0.054962
vt 0.981409 0.055788
vt 0.981386 0.056456
vt 0.981274 0.057659
vt 0.979420 0.057657
vt 0.979305 0.056455
vt 0.979286 0.055792
vt 0.982219 0.055373
vt 0.978482 0.055365
vt 0.978131 0.056314
vt 0.978294 0.053921
vt 0.982560 0.056317
vt 0.981794 0.057038
vt 0.981697 0.056029
vt 0.978899 0.057036
vt 0.978998 0.056029
vt 0.979336 0.094002
vt 0.978759 0.093972
vt 0.978332 0.051301
vt 0.866087 0.121634
vt 0.874672 0.121670
vt 0.874670 0.122063
vt 0.866731 0.122036
vt 0.983621 0.051316
vt 0.983632 0.053940
vt 0.983644 0.056272
vt 0.866062 0.120602
vt 0.874673 0.120609
vt 0.874673 0.126249
vt 0.866064 0.126256
vt 0.977004 0.056267
vt 0.977077 0.053891
vt 0.977129 0.051278
vt 0.982008 0.093993
vt 0.981438 0.094026
vt 0.982760 0.093907
vt 0.978001 0.093887
vt 0.977003 0.093957
vt 0.981890 0.094635
vt 0.981399 0.094691
vt 0.866069 0.122079
vt 0.866329 0.122460
vt 0.979381 0.094682
vt 0.866331 0.124402
vt 0.982662 0.094485
vt 0.865438 0.121658
vt 0.978880 0.094625
vt 0.866072 0.124782
vt 0.983744 0.093977
vt 0.983688 0.094595
vt 0.865405 0.120622
vt 0.865408 0.126235
vt 0.865442 0.125201
vt 0.977060 0.094584
vt 0.978098 0.094472
vt 0.833790 0.157757
vt 0.836418 0.157754
vt 0.836410 0.160052
vt 0.833782 0.160016
vt 0.989395 0.130984
vt 0.989367 0.123045
vt 0.989760 0.123044
vt 0.989797 0.131625
vt 0.838229 0.158510
vt 0.838991 0.158579
vt 0.838984 0.159253
vt 0.838248 0.159328
vt 0.833788 0.156845
vt 0.836407 0.156845
vt 0.987009 0.130724
vt 0.987028 0.123046
vt 0.988973 0.123046
vt 0.988995 0.130727
vt 0.837437 0.157742
vt 0.837429 0.160066
vt 0.838255 0.157851
vt 0.838923 0.157874
vt 0.840125 0.157986
vt 0.840123 0.159839
vt 0.838922 0.159955
vt 0.838259 0.159974
vt 0.837840 0.157041
vt 0.837832 0.160778
vt 0.838781 0.161129
vt 0.836388 0.160966
vt 0.838784 0.156700
vt 0.839505 0.157466
vt 0.838495 0.157563
vt 0.839503 0.160361
vt 0.838496 0.160262
vt 0.876467 0.159922
vt 0.876438 0.160499
vt 0.833768 0.160927
vt 0.986205 0.131628
vt 0.986241 0.123044
vt 0.986634 0.123045
vt 0.986608 0.130984
vt 0.833783 0.155639
vt 0.836406 0.155628
vt 0.838738 0.155616
vt 0.985174 0.131654
vt 0.985180 0.123042
vt 0.990821 0.123042
vt 0.990827 0.131651
vt 0.838734 0.162256
vt 0.836358 0.162183
vt 0.833745 0.162130
vt 0.876458 0.157251
vt 0.876492 0.157821
vt 0.876373 0.156499
vt 0.876352 0.161258
vt 0.876423 0.162256
vt 0.877101 0.157368
vt 0.877157 0.157860
vt 0.986650 0.131647
vt 0.987032 0.131387
vt 0.877148 0.159878
vt 0.988974 0.131384
vt 0.876951 0.156596
vt 0.986230 0.132277
vt 0.877091 0.160379
vt 0.989354 0.131644
vt 0.876442 0.155515
vt 0.877061 0.155570
vt 0.985194 0.132311
vt 0.990807 0.132307
vt 0.989772 0.132274
vt 0.877050 0.162199
vt 0.876938 0.161160
vt 0.933147 0.150675
vt 0.935775 0.150672
vt 0.935767 0.152970
vt 0.933139 0.152934
vt 0.877983 0.124820
vt 0.885922 0.124793
vt 0.885923 0.125186
vt 0.877342 0.125222
vt 0.937586 0.151428
vt 0.938348 0.151497
vt 0.938341 0.152171
vt 0.937605 0.152246
vt 0.933145 0.149763
vt 0.935764 0.149763
vt 0.878243 0.122434
vt 0.885921 0.122453
vt 0.885921 0.124399
vt 0.878240 0.124421
vt 0.936794 0.150661
vt 0.936786 0.152984
vt 0.937612 0.150769
vt 0.938279 0.150792
vt 0.939482 0.150904
vt 0.939481 0.152757
vt 0.938278 0.152872
vt 0.937616 0.152892
vt 0.937197 0.149959
vt 0.937188 0.153696
vt 0.938138 0.154047
vt 0.935745 0.153884
vt 0.938141 0.149618
vt 0.938862 0.150384
vt 0.937853 0.150481
vt 0.938860 0.153279
vt 0.937853 0.153180
vt 0.975824 0.152840
vt 0.975795 0.153417
vt 0.933125 0.153846
vt 0.877339 0.121631
vt 0.885923 0.121667
vt 0.885922 0.122060
vt 0.877983 0.122033
vt 0.933140 0.148557
vt 0.935763 0.148546
vt 0.938095 0.148534
vt 0.877314 0.120599
vt 0.885925 0.120606
vt 0.885925 0.126246
vt 0.877316 0.126253
vt 0.938091 0.155174
vt 0.935715 0.155101
vt 0.933102 0.155049
vt 0.975816 0.150169
vt 0.975849 0.150739
vt 0.975730 0.149417
vt 0.975709 0.154176
vt 0.975780 0.155174
vt 0.976458 0.150286
vt 0.976514 0.150778
vt 0.877321 0.122075
vt 0.877581 0.122456
vt 0.976505 0.152796
vt 0.877583 0.124399
vt 0.976308 0.149514
vt 0.876690 0.121655
vt 0.976447 0.153297
vt 0.877323 0.124778
vt 0.975800 0.148433
vt 0.976418 0.148488
vt 0.876657 0.120619
vt 0.876660 0.126232
vt 0.876694 0.125197
vt 0.976407 0.155117
vt 0.976295 0.154078
vt 0.974506 0.144382
vt 0.971878 0.144385
vt 0.971886 0.142087
vt 0.974515 0.142123
vt 0.989886 0.025269
vt 0.989858 0.017330
vt 0.990251 0.017329
vt 0.990288 0.025910
vt 0.970067 0.143629
vt 0.969305 0.143560
vt 0.969313 0.142886
vt 0.970049 0.142811
vt 0.974509 0.145294
vt 0.971890 0.145294
vt 0.987500 0.025009
vt 0.987519 0.017331
vt 0.989465 0.017331
vt 0.989486 0.025011
vt 0.970859 0.144396
vt 0.970867 0.142073
vt 0.970042 0.144288
vt 0.969374 0.144265
vt 0.968171 0.144154
vt 0.968173 0.142300
vt 0.969375 0.142184
vt 0.970038 0.142165
vt 0.970456 0.145098
vt 0.970465 0.141360
vt 0.969516 0.141010
vt 0.971908 0.141173
vt 0.969513 0.145439
vt 0.968792 0.144673
vt 0.969801 0.144576
vt 0.968793 0.141778
vt 0.969801 0.141877
vt 0.931829 0.142217
vt 0.931858 0.141640
vt 0.974529 0.141212
vt 0.986696 0.025912
vt 0.986732 0.017329
vt 0.987125 0.017330
vt 0.987099 0.025269
vt 0.974514 0.146500
vt 0.971891 0.146510
vt 0.969558 0.146523
vt 0.985664 0.025938
vt 0.985672 0.017327
vt 0.991312 0.017327
vt 0.991318 0.025936
vt 0.969563 0.139883
vt 0.971939 0.139956
vt 0.974552 0.140008
vt 0.931838 0.144888
vt 0.931804 0.144318
vt 0.931923 0.145640
vt 0.931943 0.140881
vt 0.931873 0.139884
vt 0.931195 0.144771
vt 0.931140 0.144280
vt 0.987141 0.025931
vt 0.987522 0.025671
vt 0.931148 0.142261
vt 0.989465 0.025669
vt 0.931345 0.145543
vt 0.986720 0.026562
vt 0.931206 0.141760
vt 0.989844 0.025928
vt 0.931854 0.146624
vt 0.931235 0.146569
vt 0.985685 0.026595
vt 0.991297 0.026592
vt 0.990263 0.026558
vt 0.931247 0.139941
vt 0.931358 0.140979
vt 0.981016 0.102107
vt 0.981019 0.104735
vt 0.978721 0.104727
vt 0.978757 0.102098
vt 0.989649 0.064106
vt 0.989676 0.072045
vt 0.989283 0.072047
vt 0.989247 0.063465
vt 0.980263 0.106546
vt 0.980194 0.107308
vt 0.979520 0.107300
vt 0.979446 0.106564
vt 0.981928 0.102104
vt 0.981928 0.104724
vt 0.992036 0.064366
vt 0.992016 0.072044
vt 0.990070 0.072044
vt 0.990049 0.064364
vt 0.981031 0.105754
vt 0.978707 0.105746
vt 0.980923 0.106572
vt 0.980899 0.107239
vt 0.980787 0.108442
vt 0.978933 0.108440
vt 0.978818 0.107238
vt 0.978799 0.106575
vt 0.981732 0.106157
vt 0.977995 0.106148
vt 0.977644 0.107097
vt 0.977807 0.104705
vt 0.982073 0.107100
vt 0.981307 0.107822
vt 0.981210 0.106812
vt 0.978412 0.107820
vt 0.978510 0.106813
vt 0.978849 0.144784
vt 0.978272 0.144754
vt 0.977846 0.102084
vt 0.992839 0.063463
vt 0.992803 0.072047
vt 0.992410 0.072045
vt 0.992436 0.064106
vt 0.983134 0.102100
vt 0.983145 0.104723
vt 0.983157 0.107055
vt 0.993871 0.063437
vt 0.993863 0.072048
vt 0.988223 0.072048
vt 0.988217 0.063439
vt 0.976517 0.107050
vt 0.976590 0.104674
vt 0.976643 0.102061
vt 0.981520 0.144775
vt 0.980950 0.144809
vt 0.982272 0.144690
vt 0.977513 0.144669
vt 0.976515 0.144740
vt 0.981403 0.145418
vt 0.980911 0.145473
vt 0.992394 0.063444
vt 0.992013 0.063704
vt 0.978893 0.145465
vt 0.990070 0.063706
vt 0.982175 0.145268
vt 0.992814 0.062813
vt 0.978392 0.145407
vt 0.989691 0.063447
vt 0.983256 0.144759
vt 0.983200 0.145378
vt 0.993850 0.062780
vt 0.988238 0.062783
vt 0.989272 0.062817
vt 0.976572 0.145366
vt 0.977611 0.145255
vt 0.985812 0.120866
vt 0.985812 0.109854
vt 0.994402 0.109854
vt 0.994402 0.120866
vt 0.938146 0.094720
vt 0.938146 0.105731
vt 0.898432 0.105731
vt 0.898432 0.094720
vt 0.940133 0.094720
vt 0.940133 0.105731
vt 0.897819 0.105731
vt 0.897819 0.094720
vt 0.942403 0.094720
vt 0.942403 0.105731
vt 0.985150 0.120866
vt 0.985150 0.109854
vt 0.996002 0.539467
vt 0.991634 0.539456
vt 0.991634 0.289184
vt 0.996002 0.289208
vt 0.929189 0.536658
vt 0.928091 0.536654
vt 0.927964 0.473783
vt 0.929061 0.473783
vt 0.915891 0.478377
vt 0.914874 0.478377
vt 0.914641 0.420080
vt 0.915659 0.420080
vt 0.883773 0.502782
vt 0.885275 0.502808
vt 0.885306 0.507393
vt 0.883805 0.507355
vt 0.883752 0.498479
vt 0.885253 0.498491
vt 0.883744 0.494175
vt 0.885245 0.494175
vt 0.883751 0.489871
vt 0.885252 0.489859
vt 0.883772 0.485568
vt 0.885273 0.485542
vt 0.883802 0.480995
vt 0.885303 0.480957
vt 0.924516 0.483306
vt 0.926017 0.483306
vt 0.926017 0.536591
vt 0.924516 0.536640
vt 0.919349 0.483207
vt 0.917847 0.483207
vt 0.917847 0.429825
vt 0.919349 0.429777
vt 0.860850 0.377854
vt 0.860832 0.379052
vt 0.856592 0.378493
vt 0.856583 0.377292
vt 0.867447 0.443927
vt 0.868948 0.443889
vt 0.868917 0.448449
vt 0.867416 0.448474
vt 0.894572 0.384451
vt 0.897251 0.384500
vt 0.897251 0.538024
vt 0.894572 0.537985
vt 0.868896 0.452740
vt 0.867395 0.452752
vt 0.871886 0.481374
vt 0.870978 0.481375
vt 0.871022 0.429369
vt 0.871930 0.429369
vt 0.868888 0.457031
vt 0.867387 0.457031
vt 0.856624 0.388209
vt 0.856616 0.389410
vt 0.852388 0.389970
vt 0.852369 0.388772
vt 0.868896 0.461321
vt 0.867394 0.461309
vt 0.880152 0.360885
vt 0.881653 0.360882
vt 0.881653 0.427898
vt 0.880152 0.427898
vt 0.868916 0.465612
vt 0.867415 0.465587
vt 0.873863 0.429407
vt 0.874771 0.429407
vt 0.874816 0.481440
vt 0.873908 0.481440
vt 0.868947 0.470172
vt 0.867445 0.470134
vt 0.852352 0.379051
vt 0.852316 0.377853
vt 0.939142 0.420443
vt 0.941185 0.420426
vt 0.941185 0.537521
vt 0.939141 0.537555
vt 0.922558 0.536665
vt 0.921541 0.536652
vt 0.921308 0.478356
vt 0.922326 0.478356
vt 0.901884 0.538021
vt 0.899204 0.537973
vt 0.899204 0.384439
vt 0.901884 0.384450
vt 0.860878 0.388766
vt 0.860844 0.389964
vt 0.877988 0.430809
vt 0.876958 0.430809
vt 0.876958 0.377480
vt 0.877988 0.377432
vt 0.867424 0.472216
vt 0.868454 0.472178
vt 0.868417 0.475960
vt 0.867388 0.475985
vt 0.868388 0.480237
vt 0.867358 0.480249
vt 0.868377 0.484514
vt 0.867347 0.484514
vt 0.868388 0.488791
vt 0.867358 0.488779
vt 0.868418 0.493068
vt 0.867388 0.493043
vt 0.868455 0.496838
vt 0.867424 0.496800
vt 0.958570 0.538863
vt 0.956351 0.538822
vt 0.956351 0.411663
vt 0.958570 0.411686
vt 0.868464 0.393178
vt 0.867838 0.393804
vt 0.864786 0.391593
vt 0.864844 0.390405
vt 0.937180 0.537567
vt 0.935136 0.537538
vt 0.935136 0.420442
vt 0.937179 0.420471
vt 0.848449 0.391605
vt 0.848406 0.390418
vt 0.848341 0.379500
vt 0.848400 0.380688
vt 0.845339 0.382909
vt 0.844713 0.382283
vt 0.864825 0.379501
vt 0.864784 0.380689
vt 0.845408 0.393813
vt 0.844791 0.393196
vt 0.868453 0.382285
vt 0.867836 0.382902
vt 0.868953 0.403514
vt 0.864914 0.403514
vt 0.864914 0.400012
vt 0.868953 0.400012
vt 0.951304 0.434809
vt 0.954396 0.434606
vt 0.954396 0.487890
vt 0.951304 0.487890
vt 0.876728 0.512756
vt 0.879429 0.514315
vt 0.876637 0.517953
vt 0.874307 0.515910
vt 0.878068 0.509520
vt 0.881080 0.510327
vt 0.878525 0.506048
vt 0.881644 0.506048
vt 0.878068 0.502576
vt 0.881081 0.501769
vt 0.876728 0.499340
vt 0.879429 0.497781
vt 0.874308 0.496186
vt 0.876638 0.494143
vt 0.908470 0.410159
vt 0.912508 0.410147
vt 0.912507 0.474096
vt 0.908470 0.474096
vt 0.983302 0.513377
vt 0.979467 0.517193
vt 0.979467 0.294980
vt 0.983279 0.295124
vt 0.864914 0.396036
vt 0.868953 0.396036
vt 0.960526 0.471690
vt 0.963618 0.471690
vt 0.963618 0.538704
vt 0.960526 0.535626
vt 0.969615 0.488158
vt 0.965577 0.488158
vt 0.965577 0.435078
vt 0.969615 0.435078
vt 0.885314 0.478968
vt 0.883813 0.478956
vt 0.883813 0.411926
vt 0.885314 0.411926
vt 0.868953 0.417996
vt 0.864914 0.417996
vt 0.864914 0.414020
vt 0.868953 0.414020
vt 0.864914 0.410518
vt 0.868953 0.410518
vt 0.864914 0.407016
vt 0.868953 0.407016
vt 0.885317 0.525474
vt 0.883816 0.525471
vt 0.883815 0.523092
vt 0.885316 0.523092
vt 0.883816 0.520715
vt 0.885317 0.520713
vt 0.875027 0.533228
vt 0.876528 0.533219
vt 0.876525 0.535588
vt 0.875024 0.535588
vt 0.876528 0.537952
vt 0.875027 0.537944
vt 0.862149 0.435121
vt 0.862775 0.435730
vt 0.862486 0.437301
vt 0.861237 0.437307
vt 0.862773 0.438880
vt 0.862136 0.439494
vt 0.885318 0.530639
vt 0.884289 0.530641
vt 0.884289 0.529042
vt 0.885319 0.529042
vt 0.884289 0.527434
vt 0.885318 0.527437
vt 0.875476 0.522884
vt 0.874859 0.523502
vt 0.873943 0.521303
vt 0.875187 0.521310
vt 0.874850 0.519104
vt 0.875476 0.519729
vt 0.862850 0.399600
vt 0.862838 0.403962
vt 0.860652 0.403054
vt 0.860653 0.398687
vt 0.858466 0.403957
vt 0.858457 0.399595
vt 0.877982 0.490927
vt 0.873944 0.490918
vt 0.873942 0.488559
vt 0.877981 0.488559
vt 0.873944 0.486203
vt 0.877982 0.486194
vt 0.985284 0.539455
vt 0.985288 0.289195
vt 0.989657 0.289174
vt 0.989653 0.539445
vt 0.929189 0.410908
vt 0.928091 0.410911
vt 0.915659 0.536673
vt 0.914641 0.536672
vt 0.872102 0.505168
vt 0.872071 0.509741
vt 0.870570 0.509779
vt 0.870601 0.505193
vt 0.872123 0.500864
vt 0.870622 0.500877
vt 0.872131 0.496561
vt 0.870630 0.496561
vt 0.872123 0.492257
vt 0.870622 0.492245
vt 0.872102 0.487954
vt 0.870601 0.487928
vt 0.872072 0.483381
vt 0.870570 0.483343
vt 0.924516 0.429977
vt 0.926017 0.430025
vt 0.919349 0.536636
vt 0.917848 0.536588
vt 0.852315 0.381489
vt 0.856581 0.380925
vt 0.856573 0.382126
vt 0.852333 0.382687
vt 0.872069 0.511811
vt 0.872100 0.516358
vt 0.870599 0.516333
vt 0.870567 0.511773
vt 0.891963 0.384508
vt 0.891963 0.538059
vt 0.889284 0.538082
vt 0.889284 0.384594
vt 0.872122 0.520636
vt 0.870621 0.520624
vt 0.871886 0.377363
vt 0.870978 0.377363
vt 0.872130 0.524914
vt 0.870629 0.524914
vt 0.856616 0.384575
vt 0.860870 0.385135
vt 0.860853 0.386333
vt 0.856625 0.385777
vt 0.872124 0.529192
vt 0.870623 0.529205
vt 0.880152 0.494910
vt 0.881653 0.494913
vt 0.872104 0.533470
vt 0.870602 0.533496
vt 0.873908 0.377373
vt 0.874816 0.377373
vt 0.872074 0.538017
vt 0.870572 0.538055
vt 0.860848 0.381485
vt 0.860814 0.382682
vt 0.943136 0.537530
vt 0.943141 0.420426
vt 0.945185 0.420449
vt 0.945180 0.537559
vt 0.922558 0.420047
vt 0.921540 0.420060
vt 0.903838 0.538010
vt 0.903835 0.384419
vt 0.906515 0.384405
vt 0.906518 0.537923
vt 0.852362 0.385135
vt 0.852397 0.386333
vt 0.877988 0.484193
vt 0.876958 0.484144
vt 0.868391 0.498792
vt 0.868428 0.502561
vt 0.867398 0.502536
vt 0.867361 0.498754
vt 0.868458 0.506825
vt 0.867428 0.506813
vt 0.868469 0.511090
vt 0.867439 0.511090
vt 0.868458 0.515355
vt 0.867428 0.515367
vt 0.868428 0.519619
vt 0.867398 0.519644
vt 0.868392 0.523377
vt 0.867361 0.523415
vt 0.949354 0.411638
vt 0.949357 0.538850
vt 0.947139 0.538867
vt 0.947135 0.411743
vt 0.844781 0.389552
vt 0.848398 0.386777
vt 0.848457 0.387964
vt 0.845406 0.390178
vt 0.933181 0.420472
vt 0.933181 0.537559
vt 0.931138 0.537576
vt 0.931137 0.420489
vt 0.864834 0.386777
vt 0.864792 0.387965
vt 0.864825 0.383130
vt 0.868454 0.385912
vt 0.867828 0.386538
vt 0.864766 0.384317
vt 0.848340 0.383137
vt 0.848382 0.384325
vt 0.868451 0.389553
vt 0.867834 0.390171
vt 0.844713 0.385922
vt 0.845331 0.386540
vt 0.864914 0.427424
vt 0.864914 0.423921
vt 0.868953 0.423921
vt 0.868953 0.427424
vt 0.951304 0.538609
vt 0.951304 0.485528
vt 0.954396 0.485528
vt 0.954396 0.538812
vt 0.882052 0.532595
vt 0.884473 0.535749
vt 0.882143 0.537792
vt 0.879351 0.534154
vt 0.880712 0.529359
vt 0.877699 0.530166
vt 0.880254 0.525887
vt 0.877136 0.525887
vt 0.880711 0.522415
vt 0.877699 0.521608
vt 0.882051 0.519179
vt 0.879350 0.517620
vt 0.884471 0.516025
vt 0.882141 0.513982
vt 0.908471 0.538034
vt 0.912509 0.538045
vt 0.976334 0.306257
vt 0.976336 0.525082
vt 0.972511 0.525309
vt 0.972511 0.303750
vt 0.864914 0.419946
vt 0.868953 0.419946
vt 0.960526 0.474052
vt 0.960526 0.410115
vt 0.963618 0.407037
vt 0.963618 0.474052
vt 0.969615 0.485796
vt 0.969615 0.538876
vt 0.965577 0.538876
vt 0.965577 0.485796
vt 0.885314 0.344885
vt 0.883813 0.344896
vt 0.864914 0.441906
vt 0.864914 0.437930
vt 0.868953 0.437930
vt 0.868953 0.441906
vt 0.864914 0.434428
vt 0.868953 0.434428
vt 0.864914 0.430926
vt 0.868953 0.430926
vt 0.862853 0.412970
vt 0.862852 0.415352
vt 0.861351 0.415352
vt 0.861352 0.412973
vt 0.862853 0.417731
vt 0.861352 0.417729
vt 0.874527 0.508296
vt 0.874524 0.505937
vt 0.876025 0.505937
vt 0.876028 0.508305
vt 0.874527 0.503581
vt 0.876028 0.503572
vt 0.861856 0.427769
vt 0.862769 0.429955
vt 0.861519 0.429949
vt 0.861230 0.428377
vt 0.861870 0.432142
vt 0.861232 0.431528
vt 0.884288 0.512591
vt 0.884287 0.510993
vt 0.885317 0.510993
vt 0.885317 0.512593
vt 0.884288 0.509388
vt 0.885317 0.509386
vt 0.862775 0.420966
vt 0.862485 0.422539
vt 0.861242 0.422545
vt 0.862158 0.420347
vt 0.862774 0.424120
vt 0.862146 0.424745
vt 0.858704 0.393013
vt 0.860901 0.392099
vt 0.860905 0.396466
vt 0.858719 0.397375
vt 0.863098 0.393005
vt 0.863092 0.397368
vt 0.858816 0.411019
vt 0.858817 0.408651
vt 0.862855 0.408651
vt 0.862854 0.411010
vt 0.858816 0.406286
vt 0.862854 0.406295
vt 0.366876 0.623337
vt 0.365859 0.669085
vt 0.365138 0.669072
vt 0.366078 0.623322
vt 0.365927 0.694287
vt 0.365220 0.694322
vt 0.365128 0.685252
vt 0.365786 0.685223
vt 0.366713 0.708667
vt 0.366032 0.708712
vt 0.365707 0.676451
vt 0.365056 0.676455
vt 0.366510 0.685247
vt 0.366717 0.694258
vt 0.367505 0.708642
vt 0.366626 0.669103
vt 0.366428 0.676479
vt 0.367674 0.623352
vt 0.367496 0.710744
vt 0.366844 0.710743
vt 0.366274 0.710825
vt 0.366878 0.711221
vt 0.367288 0.711134
vt 0.366461 0.711172
vt 0.364230 0.685269
vt 0.364184 0.676454
vt 0.364302 0.694352
vt 0.364295 0.669059
vt 0.365279 0.623304
vt 0.365050 0.708814
vt 0.367314 0.676495
vt 0.367418 0.685243
vt 0.367649 0.694215
vt 0.367475 0.669124
vt 0.368472 0.623368
vt 0.368472 0.708639
vt 0.368392 0.710983
vt 0.367924 0.711775
vt 0.365963 0.711892
vt 0.365438 0.711215
vt 0.366937 0.712115
vt 0.362579 0.712082
vt 0.361782 0.712097
vt 0.360842 0.666347
vt 0.361562 0.666334
vt 0.361631 0.641132
vt 0.361490 0.650196
vt 0.360832 0.650167
vt 0.360923 0.641097
vt 0.362417 0.626752
vt 0.361736 0.626707
vt 0.360759 0.658964
vt 0.361411 0.658968
vt 0.362421 0.641161
vt 0.362213 0.650172
vt 0.363209 0.626777
vt 0.362132 0.658939
vt 0.362329 0.666316
vt 0.363377 0.712067
vt 0.363200 0.624675
vt 0.362548 0.624676
vt 0.361978 0.624594
vt 0.362582 0.624198
vt 0.362992 0.624285
vt 0.362165 0.624247
vt 0.359888 0.658965
vt 0.359934 0.650150
vt 0.360006 0.641066
vt 0.359998 0.666360
vt 0.360983 0.712115
vt 0.360754 0.626605
vt 0.363122 0.650175
vt 0.363018 0.658924
vt 0.363353 0.641204
vt 0.363178 0.666295
vt 0.364176 0.712051
vt 0.364176 0.626780
vt 0.363628 0.623644
vt 0.364096 0.624436
vt 0.361141 0.624204
vt 0.361667 0.623526
vt 0.362641 0.623304
vt 0.376232 0.686977
vt 0.376232 0.699027
vt 0.372724 0.699070
vt 0.372709 0.686977
vt 0.435382 0.647967
vt 0.435380 0.641086
vt 0.438908 0.641086
vt 0.438905 0.647967
vt 0.437077 0.670346
vt 0.439502 0.670343
vt 0.439474 0.673847
vt 0.437047 0.673874
vt 0.376235 0.668907
vt 0.376233 0.682403
vt 0.372710 0.682403
vt 0.372713 0.668906
vt 0.426294 0.653790
vt 0.429813 0.653835
vt 0.429797 0.655165
vt 0.426252 0.655122
vt 0.440921 0.670345
vt 0.440839 0.673884
vt 0.426195 0.634692
vt 0.426184 0.633063
vt 0.429731 0.633058
vt 0.429728 0.634673
vt 0.435386 0.657145
vt 0.438897 0.657192
vt 0.438880 0.658449
vt 0.435352 0.658397
vt 0.425332 0.682424
vt 0.421811 0.682415
vt 0.421815 0.681159
vt 0.425323 0.681174
vt 0.432062 0.670394
vt 0.432068 0.673905
vt 0.430767 0.673905
vt 0.430771 0.670380
vt 0.376262 0.700323
vt 0.372740 0.700369
vt 0.425356 0.675954
vt 0.425350 0.675498
vt 0.425928 0.675469
vt 0.425942 0.675928
vt 0.434811 0.657136
vt 0.434801 0.647961
vt 0.376237 0.662039
vt 0.376816 0.662039
vt 0.376815 0.668901
vt 0.388229 0.663309
vt 0.388188 0.670653
vt 0.387479 0.670650
vt 0.387437 0.663309
vt 0.403697 0.652794
vt 0.403888 0.655761
vt 0.403146 0.655256
vt 0.403069 0.653157
vt 0.426192 0.632608
vt 0.425595 0.633055
vt 0.425611 0.632599
vt 0.388201 0.682480
vt 0.388258 0.687052
vt 0.387518 0.687059
vt 0.387493 0.682467
vt 0.353808 0.703205
vt 0.353806 0.709200
vt 0.353157 0.709178
vt 0.353159 0.703182
vt 0.439507 0.669772
vt 0.440916 0.669759
vt 0.421827 0.676041
vt 0.429735 0.632605
vt 0.421825 0.675587
vt 0.425608 0.634692
vt 0.417506 0.692191
vt 0.417485 0.682392
vt 0.418134 0.682386
vt 0.418155 0.692184
vt 0.392307 0.686478
vt 0.393036 0.686478
vt 0.393028 0.699016
vt 0.392217 0.699687
vt 0.437428 0.697955
vt 0.437427 0.685456
vt 0.438135 0.685460
vt 0.438135 0.697959
vt 0.407900 0.690670
vt 0.407904 0.680724
vt 0.408505 0.680724
vt 0.408503 0.690164
vt 0.349493 0.702214
vt 0.348099 0.701369
vt 0.349492 0.699942
vt 0.388582 0.699582
vt 0.388794 0.700404
vt 0.388069 0.700665
vt 0.387803 0.699755
vt 0.434541 0.670367
vt 0.434536 0.673895
vt 0.347289 0.669947
vt 0.354686 0.669948
vt 0.354686 0.683158
vt 0.347289 0.683432
vt 0.381380 0.672044
vt 0.381380 0.685531
vt 0.380774 0.685531
vt 0.380774 0.672045
vt 0.347289 0.687716
vt 0.349490 0.687145
vt 0.347288 0.699929
vt 0.351192 0.686686
vt 0.351189 0.699778
vt 0.350438 0.699947
vt 0.350441 0.686872
vt 0.352694 0.686313
vt 0.352690 0.699441
vt 0.351939 0.699609
vt 0.351943 0.686499
vt 0.421681 0.709846
vt 0.421269 0.710029
vt 0.421046 0.709218
vt 0.403432 0.662064
vt 0.403502 0.674122
vt 0.402803 0.674131
vt 0.402688 0.662077
vt 0.388448 0.698723
vt 0.387689 0.698796
vt 0.381380 0.665192
vt 0.380775 0.665192
vt 0.347526 0.700744
vt 0.347289 0.663085
vt 0.354686 0.663085
vt 0.372714 0.662038
vt 0.354680 0.685798
vt 0.430490 0.629196
vt 0.418297 0.629190
vt 0.418297 0.623695
vt 0.428096 0.623700
vt 0.376813 0.686971
vt 0.376807 0.699017
vt 0.393278 0.709838
vt 0.394048 0.709838
vt 0.394080 0.710579
vt 0.393310 0.710579
vt 0.404356 0.634057
vt 0.403690 0.634055
vt 0.403201 0.633401
vt 0.404307 0.633123
vt 0.411435 0.629169
vt 0.411435 0.623704
vt 0.417462 0.675530
vt 0.418114 0.675530
vt 0.421154 0.702952
vt 0.421682 0.702341
vt 0.421943 0.703361
vt 0.421342 0.703659
vt 0.430789 0.669801
vt 0.432079 0.669819
vt 0.436542 0.670349
vt 0.434554 0.669786
vt 0.436557 0.669770
vt 0.403435 0.634961
vt 0.402618 0.634418
vt 0.425667 0.655102
vt 0.425718 0.653776
vt 0.425898 0.681149
vt 0.425914 0.682397
vt 0.408247 0.690958
vt 0.376846 0.700309
vt 0.381639 0.702957
vt 0.382266 0.703650
vt 0.381874 0.704120
vt 0.381095 0.703259
vt 0.434799 0.641086
vt 0.381380 0.689871
vt 0.380774 0.690016
vt 0.403060 0.655563
vt 0.413106 0.675083
vt 0.413100 0.662922
vt 0.413840 0.662917
vt 0.413805 0.675074
vt 0.376812 0.682397
vt 0.406324 0.635038
vt 0.406390 0.634271
vt 0.397984 0.669660
vt 0.397951 0.657912
vt 0.398577 0.657919
vt 0.398631 0.669667
vt 0.407656 0.652795
vt 0.406914 0.653004
vt 0.406689 0.652300
vt 0.407432 0.652091
vt 0.404015 0.708405
vt 0.404015 0.695919
vt 0.404723 0.695924
vt 0.404723 0.708410
vt 0.407958 0.638453
vt 0.408370 0.636060
vt 0.408453 0.638727
vt 0.406867 0.651887
vt 0.406471 0.638789
vt 0.406763 0.638761
vt 0.407157 0.651806
vt 0.412026 0.693657
vt 0.412026 0.681126
vt 0.412736 0.681121
vt 0.412736 0.693653
vt 0.413095 0.677625
vt 0.413810 0.677622
vt 0.413060 0.655332
vt 0.413880 0.655332
vt 0.403479 0.659607
vt 0.402677 0.659598
vt 0.429503 0.680025
vt 0.429505 0.677974
vt 0.430247 0.677950
vt 0.430245 0.680002
vt 0.384025 0.704740
vt 0.383812 0.705323
vt 0.433869 0.709424
vt 0.434638 0.709426
vt 0.434669 0.710166
vt 0.433900 0.710165
vt 0.389401 0.701926
vt 0.388729 0.702232
vt 0.408842 0.651306
vt 0.408354 0.651462
vt 0.381380 0.702058
vt 0.380774 0.702144
vt 0.409364 0.652282
vt 0.408424 0.652583
vt 0.408179 0.651886
vt 0.409118 0.651583
vt 0.417512 0.696186
vt 0.417512 0.708272
vt 0.416829 0.708275
vt 0.416829 0.696190
vt 0.397985 0.676748
vt 0.398658 0.676748
vt 0.405390 0.639065
vt 0.405769 0.652191
vt 0.434767 0.658384
vt 0.407895 0.673869
vt 0.408503 0.673869
vt 0.377148 0.662039
vt 0.377147 0.668897
vt 0.380475 0.672045
vt 0.380476 0.665192
vt 0.404288 0.632729
vt 0.406404 0.633914
vt 0.437062 0.669435
vt 0.439497 0.669442
vt 0.437093 0.669768
vt 0.402283 0.634197
vt 0.402975 0.633099
vt 0.425327 0.655057
vt 0.425387 0.653745
vt 0.440878 0.669416
vt 0.408802 0.689980
vt 0.408437 0.691104
vt 0.434437 0.658356
vt 0.434479 0.657172
vt 0.421052 0.710132
vt 0.420745 0.708989
vt 0.426227 0.681183
vt 0.426243 0.682369
vt 0.381679 0.704351
vt 0.380827 0.703408
vt 0.430818 0.669468
vt 0.432088 0.669490
vt 0.380475 0.702187
vt 0.377138 0.699010
vt 0.377180 0.700283
vt 0.434468 0.647958
vt 0.408801 0.680725
vt 0.414244 0.662916
vt 0.414224 0.675071
vt 0.414015 0.675072
vt 0.414042 0.662916
vt 0.377145 0.682394
vt 0.377144 0.686951
vt 0.380475 0.690086
vt 0.380475 0.685531
vt 0.387088 0.670648
vt 0.387063 0.663309
vt 0.387251 0.663309
vt 0.387284 0.670648
vt 0.387102 0.682464
vt 0.387297 0.682465
vt 0.387896 0.700733
vt 0.387613 0.699798
vt 0.387726 0.700799
vt 0.387420 0.699841
vt 0.387490 0.698807
vt 0.387295 0.698819
vt 0.387132 0.687122
vt 0.387324 0.687078
vt 0.414270 0.655332
vt 0.414075 0.655332
vt 0.434467 0.641086
vt 0.408801 0.673869
vt 0.402680 0.655481
vt 0.402805 0.655049
vt 0.425259 0.633022
vt 0.425277 0.632594
vt 0.421048 0.703729
vt 0.420915 0.703230
vt 0.426255 0.675402
vt 0.426274 0.675920
vt 0.425277 0.634707
vt 0.402751 0.653283
vt 0.414147 0.677796
vt 0.413980 0.677671
vt 0.383755 0.705638
vt 0.434522 0.669454
vt 0.388618 0.702418
vt 0.388573 0.702763
vt 0.409013 0.651434
vt 0.408206 0.651694
vt 0.402385 0.673933
vt 0.402286 0.662080
vt 0.402487 0.662079
vt 0.402593 0.674074
vt 0.430596 0.677766
vt 0.430596 0.679932
vt 0.430420 0.679978
vt 0.430421 0.677893
vt 0.416409 0.708085
vt 0.416410 0.695951
vt 0.416618 0.696120
vt 0.416618 0.708220
vt 0.434861 0.710515
vt 0.433622 0.710515
vt 0.433822 0.710340
vt 0.434729 0.710341
vt 0.405154 0.695569
vt 0.405154 0.708035
vt 0.404940 0.708300
vt 0.404940 0.695820
vt 0.407328 0.651939
vt 0.406718 0.652110
vt 0.394144 0.710965
vt 0.393024 0.710965
vt 0.393231 0.710760
vt 0.394103 0.710759
vt 0.438567 0.685044
vt 0.438567 0.697596
vt 0.438352 0.697853
vt 0.438351 0.685338
vt 0.412954 0.681171
vt 0.412954 0.693704
vt 0.413170 0.681293
vt 0.413170 0.693828
vt 0.352722 0.709316
vt 0.352722 0.702825
vt 0.352896 0.703071
vt 0.352895 0.709213
vt 0.418552 0.675530
vt 0.418570 0.682382
vt 0.418397 0.682383
vt 0.418378 0.675530
vt 0.418417 0.692225
vt 0.418588 0.692330
vt 0.399085 0.669668
vt 0.399106 0.676748
vt 0.398928 0.676748
vt 0.398894 0.669669
vt 0.402482 0.659469
vt 0.402288 0.659155
vt 0.399040 0.657541
vt 0.398835 0.657824
vt 0.392307 0.679628
vt 0.393059 0.679628
vt 0.426445 0.671398
vt 0.422545 0.671396
vt 0.422525 0.665290
vt 0.426466 0.665288
vt 0.426446 0.671929
vt 0.427004 0.671382
vt 0.426841 0.671761
vt 0.439060 0.709732
vt 0.439022 0.713636
vt 0.438536 0.713607
vt 0.438567 0.709741
vt 0.399934 0.706554
vt 0.393871 0.706562
vt 0.393869 0.706064
vt 0.399911 0.706070
vt 0.421988 0.671379
vt 0.422543 0.671925
vt 0.422150 0.671758
vt 0.400533 0.706517
vt 0.400501 0.706027
vt 0.427028 0.665287
vt 0.432743 0.701773
vt 0.426665 0.701753
vt 0.426682 0.701266
vt 0.432743 0.701286
vt 0.426056 0.701717
vt 0.426089 0.701217
vt 0.421971 0.665291
vt 0.438981 0.714238
vt 0.438487 0.714202
vt 0.426956 0.671883
vt 0.426449 0.672097
vt 0.438406 0.709733
vt 0.438365 0.709179
vt 0.438525 0.709145
vt 0.427171 0.671381
vt 0.426129 0.701059
vt 0.426674 0.701105
vt 0.422034 0.671879
vt 0.421821 0.671378
vt 0.399920 0.705910
vt 0.400463 0.705869
vt 0.422540 0.672093
vt 0.438326 0.714165
vt 0.438373 0.713611
vt 0.432744 0.701120
vt 0.427196 0.665287
vt 0.393869 0.705901
vt 0.421806 0.665291
vt 0.439031 0.709117
vt 0.436526 0.669437
vt 0.408558 0.635470
vt 0.406849 0.634524
vt 0.406869 0.634176
vt 0.408602 0.635154
vt 0.406757 0.635254
vt 0.436516 0.673879
vt 0.406728 0.638563
vt 0.406667 0.635434
vt 0.406437 0.638591
vt 0.406235 0.635218
vt 0.405500 0.638830
vt 0.403677 0.635003
vt 0.404394 0.634299
vt 0.396454 0.702145
vt 0.396037 0.701377
vt 0.396749 0.701234
vt 0.397010 0.701646
vt 0.396057 0.700531
vt 0.396477 0.699830
vt 0.396950 0.700321
vt 0.396730 0.700750
vt 0.398964 0.702044
vt 0.398193 0.702621
vt 0.397931 0.701823
vt 0.398346 0.701571
vt 0.398670 0.699671
vt 0.399189 0.700340
vt 0.398531 0.700647
vt 0.398259 0.700246
vt 0.397145 0.699438
vt 0.397347 0.700048
vt 0.397230 0.702614
vt 0.397447 0.701867
vt 0.399309 0.701206
vt 0.398566 0.701133
vt 0.397917 0.699356
vt 0.397827 0.700032
vt 0.398117 0.701058
vt 0.398105 0.700808
vt 0.397746 0.700479
vt 0.397492 0.700490
vt 0.397326 0.701318
vt 0.397549 0.701426
vt 0.397171 0.700859
vt 0.397187 0.701110
vt 0.398001 0.701277
vt 0.397969 0.700597
vt 0.397281 0.700632
vt 0.397793 0.701404
vt 0.397645 0.700954
vt 0.376241 0.637100
vt 0.372718 0.637099
vt 0.372737 0.625006
vt 0.376245 0.625051
vt 0.435383 0.634205
vt 0.438906 0.634206
vt 0.434255 0.662687
vt 0.434279 0.666216
vt 0.431851 0.666184
vt 0.431830 0.662679
vt 0.376238 0.655170
vt 0.372715 0.655169
vt 0.372717 0.641673
vt 0.376240 0.641673
vt 0.420988 0.653799
vt 0.421029 0.655130
vt 0.417485 0.655173
vt 0.417469 0.653843
vt 0.430411 0.662679
vt 0.430486 0.666217
vt 0.421087 0.634700
vt 0.417554 0.634681
vt 0.417551 0.633066
vt 0.421098 0.633071
vt 0.435387 0.625027
vt 0.435354 0.623775
vt 0.438881 0.623723
vt 0.438899 0.624980
vt 0.440979 0.680621
vt 0.439729 0.680611
vt 0.439713 0.677105
vt 0.440970 0.677100
vt 0.439269 0.662745
vt 0.440562 0.662736
vt 0.440558 0.666259
vt 0.439257 0.666257
vt 0.376275 0.623754
vt 0.372753 0.623707
vt 0.434509 0.680646
vt 0.434483 0.681232
vt 0.434024 0.681218
vt 0.434054 0.680640
vt 0.434801 0.634211
vt 0.434812 0.625036
vt 0.376817 0.655177
vt 0.387479 0.655968
vt 0.388189 0.655965
vt 0.393076 0.636056
vt 0.392450 0.635691
vt 0.392536 0.633591
vt 0.393279 0.633090
vt 0.421090 0.632616
vt 0.421672 0.632607
vt 0.421687 0.633063
vt 0.388200 0.644138
vt 0.387493 0.644150
vt 0.387517 0.639558
vt 0.388258 0.639566
vt 0.373462 0.710144
vt 0.372814 0.710166
vt 0.372811 0.704171
vt 0.373460 0.704149
vt 0.430418 0.662092
vt 0.431827 0.662108
vt 0.434596 0.677117
vt 0.417547 0.632613
vt 0.434141 0.677115
vt 0.421674 0.634700
vt 0.417505 0.658869
vt 0.418153 0.658876
vt 0.418133 0.668675
vt 0.417484 0.668668
vt 0.392307 0.672777
vt 0.392217 0.659568
vt 0.393028 0.660239
vt 0.393036 0.672777
vt 0.430635 0.697061
vt 0.429927 0.697065
vt 0.429927 0.684562
vt 0.430635 0.684559
vt 0.407901 0.657070
vt 0.408503 0.657576
vt 0.408505 0.667015
vt 0.407904 0.667015
vt 0.349493 0.623957
vt 0.349492 0.626230
vt 0.348100 0.624802
vt 0.388581 0.627035
vt 0.387803 0.626862
vt 0.388068 0.625952
vt 0.388794 0.626213
vt 0.436789 0.666241
vt 0.436791 0.662714
vt 0.347289 0.656223
vt 0.347289 0.642739
vt 0.354686 0.643013
vt 0.354686 0.656223
vt 0.381381 0.658339
vt 0.380775 0.658339
vt 0.380775 0.644853
vt 0.381381 0.644853
vt 0.347289 0.638455
vt 0.347288 0.626242
vt 0.349490 0.639026
vt 0.351192 0.639485
vt 0.350441 0.639299
vt 0.350438 0.626224
vt 0.351189 0.626393
vt 0.352694 0.639857
vt 0.351943 0.639672
vt 0.351939 0.626562
vt 0.352690 0.626731
vt 0.348236 0.705498
vt 0.347601 0.706127
vt 0.347823 0.705316
vt 0.402429 0.680667
vt 0.403174 0.680680
vt 0.403062 0.692734
vt 0.402363 0.692725
vt 0.387689 0.627821
vt 0.388447 0.627894
vt 0.347526 0.625428
vt 0.354680 0.640373
vt 0.392380 0.629196
vt 0.394774 0.623700
vt 0.404573 0.623695
vt 0.404573 0.629190
vt 0.376820 0.625061
vt 0.376822 0.637107
vt 0.389198 0.710240
vt 0.389166 0.710982
vt 0.388396 0.710981
vt 0.388428 0.710240
vt 0.393664 0.654796
vt 0.393611 0.655730
vt 0.392506 0.655448
vt 0.392998 0.654795
vt 0.347711 0.712392
vt 0.347898 0.711685
vt 0.348500 0.711983
vt 0.348239 0.713002
vt 0.439254 0.662171
vt 0.440544 0.662155
vt 0.434790 0.662692
vt 0.434777 0.662112
vt 0.436779 0.662133
vt 0.392745 0.653889
vt 0.391927 0.654429
vt 0.421563 0.653785
vt 0.421615 0.655110
vt 0.440951 0.681202
vt 0.439704 0.681186
vt 0.408247 0.656782
vt 0.376859 0.623768
vt 0.381641 0.627427
vt 0.381097 0.627124
vt 0.381875 0.626264
vt 0.382267 0.626734
vt 0.380775 0.640368
vt 0.381381 0.640513
vt 0.392450 0.633284
vt 0.413107 0.635585
vt 0.413805 0.635594
vt 0.413839 0.647747
vt 0.413100 0.647742
vt 0.376819 0.641680
vt 0.395636 0.653823
vt 0.395700 0.654591
vt 0.397983 0.683836
vt 0.398629 0.683829
vt 0.398572 0.695577
vt 0.397947 0.695585
vt 0.397036 0.636069
vt 0.396809 0.636773
vt 0.396067 0.636562
vt 0.396294 0.635858
vt 0.422956 0.699006
vt 0.422248 0.699011
vt 0.422248 0.686525
vt 0.422956 0.686520
vt 0.397283 0.650414
vt 0.397779 0.650142
vt 0.397686 0.652809
vt 0.396244 0.636975
vt 0.396533 0.637057
vt 0.396089 0.650101
vt 0.395797 0.650072
vt 0.408391 0.696972
vt 0.409101 0.696977
vt 0.409101 0.709510
vt 0.408391 0.709506
vt 0.413096 0.633043
vt 0.413811 0.633045
vt 0.402382 0.678210
vt 0.403184 0.678201
vt 0.382725 0.711322
vt 0.382749 0.710580
vt 0.384801 0.710579
vt 0.384778 0.711320
vt 0.383814 0.625062
vt 0.384026 0.625645
vt 0.398540 0.709824
vt 0.398511 0.710566
vt 0.397742 0.710570
vt 0.397770 0.709828
vt 0.388729 0.624385
vt 0.389401 0.624691
vt 0.397730 0.637405
vt 0.398217 0.637564
vt 0.381381 0.628325
vt 0.380775 0.628240
vt 0.398742 0.636590
vt 0.398494 0.637287
vt 0.397556 0.636982
vt 0.397802 0.636285
vt 0.438756 0.704987
vt 0.438752 0.705670
vt 0.426674 0.705671
vt 0.426677 0.704989
vt 0.395147 0.636668
vt 0.394717 0.649792
vt 0.434768 0.623788
vt 0.377150 0.655180
vt 0.380476 0.658338
vt 0.395711 0.654947
vt 0.393591 0.656125
vt 0.434272 0.661776
vt 0.434241 0.662108
vt 0.431837 0.661778
vt 0.392279 0.655749
vt 0.391591 0.654649
vt 0.421954 0.655065
vt 0.421895 0.653754
vt 0.430456 0.661749
vt 0.408438 0.656636
vt 0.408802 0.657760
vt 0.434439 0.623816
vt 0.434481 0.625000
vt 0.347300 0.706356
vt 0.347606 0.705213
vt 0.439737 0.681516
vt 0.440924 0.681532
vt 0.380829 0.626976
vt 0.381681 0.626033
vt 0.440516 0.661822
vt 0.439246 0.661841
vt 0.380477 0.628197
vt 0.377151 0.625067
vt 0.377193 0.623794
vt 0.434469 0.634215
vt 0.408801 0.667015
vt 0.414244 0.647749
vt 0.414042 0.647748
vt 0.414015 0.635595
vt 0.414224 0.635596
vt 0.377154 0.637126
vt 0.377152 0.641684
vt 0.380476 0.640298
vt 0.380476 0.644852
vt 0.387088 0.655970
vt 0.387284 0.655969
vt 0.387102 0.644154
vt 0.387297 0.644153
vt 0.387613 0.626819
vt 0.387895 0.625885
vt 0.387420 0.626776
vt 0.387726 0.625818
vt 0.387490 0.627810
vt 0.387294 0.627798
vt 0.387132 0.639496
vt 0.387324 0.639540
vt 0.392194 0.633798
vt 0.392070 0.633365
vt 0.422023 0.633030
vt 0.422006 0.632602
vt 0.347471 0.712114
vt 0.347604 0.711616
vt 0.433957 0.681545
vt 0.434475 0.681564
vt 0.422005 0.634715
vt 0.392132 0.635564
vt 0.413981 0.632996
vt 0.414147 0.632872
vt 0.383757 0.624746
vt 0.436812 0.661800
vt 0.388618 0.624200
vt 0.388572 0.623854
vt 0.397582 0.637174
vt 0.398388 0.637436
vt 0.403480 0.692537
vt 0.403272 0.692677
vt 0.403375 0.680682
vt 0.403575 0.680682
vt 0.384985 0.710230
vt 0.384858 0.710405
vt 0.382773 0.710405
vt 0.382819 0.710230
vt 0.427027 0.706090
vt 0.426748 0.705881
vt 0.438847 0.705880
vt 0.439210 0.706090
vt 0.397550 0.710918
vt 0.397682 0.710744
vt 0.398589 0.710741
vt 0.398789 0.710915
vt 0.421817 0.686252
vt 0.422032 0.686445
vt 0.422032 0.698926
vt 0.421817 0.698721
vt 0.396096 0.636751
vt 0.396705 0.636925
vt 0.388332 0.711367
vt 0.388373 0.711162
vt 0.389245 0.711162
vt 0.389452 0.711367
vt 0.429496 0.684245
vt 0.429710 0.684469
vt 0.429710 0.696984
vt 0.429496 0.696786
vt 0.409319 0.696912
vt 0.409319 0.709447
vt 0.409536 0.696754
vt 0.409536 0.709293
vt 0.372376 0.704034
vt 0.372549 0.704137
vt 0.372550 0.710277
vt 0.372376 0.710524
vt 0.418396 0.668678
vt 0.418569 0.668679
vt 0.418415 0.658835
vt 0.418587 0.658731
vt 0.399083 0.683827
vt 0.398892 0.683827
vt 0.403379 0.678071
vt 0.403572 0.677757
vt 0.399036 0.695957
vt 0.398830 0.695673
vt 0.426437 0.659176
vt 0.422536 0.659184
vt 0.426436 0.658645
vt 0.426832 0.658812
vt 0.426996 0.659192
vt 0.429599 0.709423
vt 0.429589 0.709916
vt 0.425724 0.709947
vt 0.425696 0.709461
vt 0.387808 0.706597
vt 0.387827 0.706112
vt 0.421979 0.659201
vt 0.422141 0.658823
vt 0.422534 0.658654
vt 0.387209 0.706564
vt 0.387237 0.706073
vt 0.438805 0.701272
vt 0.438821 0.701760
vt 0.439398 0.701224
vt 0.439431 0.701725
vt 0.425129 0.709996
vt 0.425093 0.709502
vt 0.426440 0.658477
vt 0.426947 0.658691
vt 0.429598 0.710077
vt 0.430186 0.709959
vt 0.430151 0.710119
vt 0.427162 0.659193
vt 0.439359 0.701067
vt 0.438813 0.701112
vt 0.421812 0.659202
vt 0.422025 0.658702
vt 0.387818 0.705952
vt 0.387274 0.705915
vt 0.422530 0.658487
vt 0.425166 0.710156
vt 0.425719 0.710109
vt 0.430213 0.709453
vt 0.434809 0.661780
vt 0.397871 0.653400
vt 0.397914 0.653715
vt 0.396177 0.654687
vt 0.396158 0.654339
vt 0.396070 0.653608
vt 0.434809 0.666221
vt 0.396053 0.650299
vt 0.395980 0.653429
vt 0.395762 0.650270
vt 0.395548 0.653644
vt 0.394826 0.650027
vt 0.393703 0.654554
vt 0.392988 0.653848
vt 0.378981 0.709733
vt 0.378661 0.709058
vt 0.379061 0.708779
vt 0.379663 0.709187
vt 0.379972 0.708399
vt 0.379267 0.708340
vt 0.379230 0.707860
vt 0.379856 0.707590
vt 0.376706 0.708669
vt 0.377459 0.708472
vt 0.377744 0.708865
vt 0.377194 0.709499
vt 0.377895 0.706594
vt 0.378050 0.707284
vt 0.377645 0.707549
vt 0.377157 0.707011
vt 0.378969 0.707455
vt 0.379391 0.706969
vt 0.378173 0.709092
vt 0.378083 0.709866
vt 0.377425 0.707984
vt 0.376712 0.707762
vt 0.378532 0.707253
vt 0.378711 0.706596
vt 0.377976 0.707862
vt 0.377868 0.708088
vt 0.378664 0.707806
vt 0.378434 0.707697
vt 0.378250 0.708646
vt 0.378497 0.708634
vt 0.378705 0.708495
vt 0.378817 0.708270
vt 0.377890 0.708334
vt 0.378183 0.707720
vt 0.378804 0.708018
vt 0.378033 0.708533
vt 0.378344 0.708175
vt 0.946434 0.106081
vt 0.946047 0.079414
vt 0.950468 0.079354
vt 0.950835 0.106411
vt 0.950748 0.107465
vt 0.946372 0.107069
vt 0.963047 0.127763
vt 0.963362 0.132105
vt 0.962330 0.132173
vt 0.962059 0.127826
vt 0.964038 0.127595
vt 0.964405 0.132025
vt 0.942930 0.127421
vt 0.942848 0.131895
vt 0.950652 0.108500
vt 0.946177 0.108090
vt 0.944502 0.106755
vt 0.944540 0.106080
vt 0.945495 0.106064
vt 0.945461 0.106936
vt 0.944324 0.107270
vt 0.945210 0.107771
vt 0.962736 0.125897
vt 0.963261 0.125712
vt 0.963760 0.126631
vt 0.962909 0.126859
vt 0.962061 0.125933
vt 0.962042 0.126889
vt 0.873133 0.080578
vt 0.871051 0.079098
vt 0.873133 0.079098
vt 0.848183 0.051310
vt 0.848543 0.050424
vt 0.849425 0.050054
vt 0.849430 0.051301
vt 0.853821 0.050047
vt 0.853822 0.051297
vt 0.851874 0.107344
vt 0.851874 0.080578
vt 0.873133 0.107344
vt 0.851874 0.079098
vt 0.850395 0.080578
vt 0.850521 0.079945
vt 0.850810 0.079513
vt 0.942961 0.125504
vt 0.942948 0.126455
vt 0.945082 0.079428
vt 0.944131 0.079443
vt 0.851242 0.079224
vt 0.850395 0.107344
vt 0.853823 0.053392
vt 0.849429 0.053393
vt 0.848182 0.053393
vt 0.836461 0.147697
vt 0.857720 0.147697
vt 0.857720 0.153338
vt 0.836461 0.153338
vt 0.833734 0.148944
vt 0.833734 0.153338
vt 0.834099 0.148062
vt 0.834981 0.147697
vt 0.955193 0.080867
vt 0.959594 0.080537
vt 0.959227 0.107594
vt 0.954806 0.107534
vt 0.955130 0.079879
vt 0.959506 0.079483
vt 0.968282 0.134958
vt 0.968345 0.133970
vt 0.972692 0.134243
vt 0.972624 0.135275
vt 0.968114 0.135949
vt 0.972543 0.136318
vt 0.967948 0.114841
vt 0.972422 0.114761
vt 0.954935 0.078858
vt 0.959411 0.078448
vt 0.953261 0.080193
vt 0.954220 0.080012
vt 0.954254 0.080884
vt 0.953299 0.080868
vt 0.953083 0.079678
vt 0.953969 0.079177
vt 0.966416 0.134647
vt 0.967378 0.134820
vt 0.967149 0.135671
vt 0.966231 0.135172
vt 0.966453 0.133972
vt 0.967408 0.133953
vt 0.875215 0.079098
vt 0.848184 0.055476
vt 0.849431 0.055485
vt 0.849427 0.056732
vt 0.848545 0.056362
vt 0.853823 0.055487
vt 0.853822 0.056736
vt 0.894392 0.107344
vt 0.894392 0.080578
vt 0.894392 0.079098
vt 0.895457 0.079513
vt 0.895746 0.079945
vt 0.895871 0.080578
vt 0.966031 0.114871
vt 0.966982 0.114859
vt 0.953840 0.107520
vt 0.952890 0.107505
vt 0.895025 0.079224
vt 0.895871 0.107344
vt 0.878979 0.147697
vt 0.878979 0.153338
vt 0.881705 0.148944
vt 0.881705 0.153338
vt 0.881340 0.148062
vt 0.880458 0.147697
vt 0.943763 0.176359
vt 0.943761 0.176813
vt 0.925108 0.176812
vt 0.925071 0.176355
vt 0.923344 0.177964
vt 0.923800 0.178028
vt 0.923177 0.196856
vt 0.922709 0.196840
vt 0.924333 0.176939
vt 0.924264 0.176460
vt 0.923491 0.177214
vt 0.923958 0.177305
vt 0.925221 0.177648
vt 0.924812 0.177774
vt 0.924496 0.177371
vt 0.925158 0.177229
vt 0.924664 0.178152
vt 0.924218 0.178088
vt 0.924392 0.177472
vt 0.924076 0.196885
vt 0.923621 0.196870
vt 0.943756 0.177674
vt 0.943758 0.177250
vt 0.943639 0.197148
vt 0.924616 0.196902
vt 0.925209 0.178152
vt 0.943752 0.178172
vt 0.919745 0.189118
vt 0.901011 0.189119
vt 0.901011 0.188103
vt 0.919745 0.188103
vt 0.920288 0.189119
vt 0.920713 0.188955
vt 0.920890 0.188103
vt 0.920890 0.188561
vt 0.970755 0.006735
vt 0.971456 0.006744
vt 0.971446 0.006865
vt 0.970753 0.006856
vt 0.971720 0.006581
vt 0.971680 0.005866
vt 0.974659 0.005859
vt 0.974661 0.006579
vt 0.974660 0.007557
vt 0.974654 0.008292
vt 0.971670 0.008254
vt 0.971718 0.007547
vt 0.971467 0.007391
vt 0.970761 0.007418
vt 0.970757 0.007294
vt 0.971453 0.007272
vt 0.971546 0.008246
vt 0.971596 0.007531
vt 0.971597 0.006597
vt 0.971552 0.005874
vt 0.971749 0.007240
vt 0.971733 0.007396
vt 0.971647 0.007377
vt 0.971618 0.007341
vt 0.971598 0.007257
vt 0.971749 0.006888
vt 0.971648 0.006751
vt 0.971734 0.006732
vt 0.971594 0.006874
vt 0.971610 0.006788
vt 0.974660 0.007398
vt 0.974660 0.007244
vt 0.974661 0.006738
vt 0.974661 0.006893
vt 0.962454 0.176579
vt 0.962412 0.177036
vt 0.964162 0.178209
vt 0.964571 0.197092
vt 0.964103 0.197102
vt 0.963705 0.178268
vt 0.963261 0.176694
vt 0.963186 0.177173
vt 0.964025 0.177457
vt 0.963556 0.177543
vt 0.962289 0.177871
vt 0.962357 0.177452
vt 0.963017 0.177602
vt 0.962696 0.178001
vt 0.963120 0.177705
vt 0.963286 0.178323
vt 0.962840 0.178381
vt 0.963659 0.197111
vt 0.963203 0.197120
vt 0.962295 0.178374
vt 0.962663 0.197131
vt 0.882279 0.189119
vt 0.882279 0.188103
vt 0.881736 0.189119
vt 0.881310 0.188955
vt 0.881134 0.188561
vt 0.881134 0.188103
vt 0.957614 0.010247
vt 0.957736 0.010245
vt 0.957745 0.010937
vt 0.957624 0.010947
vt 0.957461 0.011212
vt 0.957459 0.014153
vt 0.956739 0.014151
vt 0.956746 0.011171
vt 0.958437 0.014151
vt 0.958426 0.011210
vt 0.959134 0.011161
vt 0.959172 0.014145
vt 0.958271 0.010958
vt 0.958152 0.010945
vt 0.958174 0.010248
vt 0.958298 0.010252
vt 0.958411 0.011087
vt 0.959126 0.011038
vt 0.956753 0.011044
vt 0.957476 0.011089
vt 0.958120 0.011240
vt 0.958257 0.011138
vt 0.958275 0.011225
vt 0.958137 0.011090
vt 0.958221 0.011109
vt 0.957768 0.011241
vt 0.957612 0.011226
vt 0.957631 0.011139
vt 0.957668 0.011102
vt 0.957754 0.011085
vt 0.958278 0.014152
vt 0.958124 0.014152
vt 0.957618 0.014153
vt 0.957772 0.014152
vt 0.880325 0.281797
vt 0.879149 0.282669
vt 0.879130 0.282396
vt 0.880307 0.281523
vt 0.858946 0.270005
vt 0.858252 0.269898
vt 0.858526 0.269752
vt 0.859220 0.269859
vt 0.887935 0.282585
vt 0.889112 0.283457
vt 0.889093 0.283731
vt 0.887917 0.282858
vt 0.878798 0.282596
vt 0.878922 0.282313
vt 0.861530 0.178891
vt 0.861246 0.178891
vt 0.861246 0.178747
vt 0.861530 0.178747
vt 0.858153 0.269553
vt 0.858427 0.269551
vt 0.897607 0.186008
vt 0.897607 0.176355
vt 0.899071 0.176355
vt 0.899071 0.186008
vt 0.899430 0.176355
vt 0.899430 0.186008
vt 0.900132 0.176355
vt 0.900132 0.186008
vt 0.893675 0.177118
vt 0.893675 0.186141
vt 0.892973 0.186141
vt 0.892973 0.176685
vt 0.894033 0.177118
vt 0.894033 0.186141
vt 0.895498 0.176685
vt 0.895498 0.186141
vt 0.861246 0.178045
vt 0.861530 0.178045
vt 0.954117 0.281888
vt 0.954117 0.281407
vt 0.955582 0.281407
vt 0.955582 0.281888
vt 0.861246 0.177821
vt 0.861530 0.177821
vt 0.861246 0.176356
vt 0.861530 0.176356
vt 0.955806 0.281407
vt 0.955806 0.281888
vt 0.956508 0.281407
vt 0.956508 0.281888
vt 0.878638 0.281912
vt 0.878762 0.281629
vt 0.887424 0.283342
vt 0.887584 0.282658
vt 0.887709 0.282941
vt 0.887548 0.283625
vt 0.858932 0.268314
vt 0.859206 0.268311
vt 0.898748 0.282369
vt 0.899981 0.281468
vt 0.900330 0.281551
vt 0.900439 0.282369
vt 0.900439 0.282856
vt 0.898748 0.282856
vt 0.877461 0.282784
vt 0.877443 0.282511
vt 0.878619 0.281639
vt 0.858961 0.271696
vt 0.858266 0.271589
vt 0.858540 0.271443
vt 0.859234 0.271550
vt 0.886248 0.282469
vt 0.887405 0.283615
vt 0.886229 0.282743
vt 0.877110 0.282712
vt 0.877235 0.282428
vt 0.859221 0.270003
vt 0.858167 0.271245
vt 0.858441 0.271242
vt 0.901597 0.176355
vt 0.901597 0.186008
vt 0.901955 0.176355
vt 0.901955 0.186008
vt 0.902658 0.176355
vt 0.902658 0.186008
vt 0.891150 0.177118
vt 0.891150 0.186141
vt 0.890447 0.186141
vt 0.890447 0.176685
vt 0.891508 0.177118
vt 0.891508 0.186141
vt 0.861246 0.180579
vt 0.861530 0.180579
vt 0.861530 0.181281
vt 0.861246 0.181281
vt 0.956651 0.281888
vt 0.956651 0.281407
vt 0.958116 0.281407
vt 0.958116 0.281888
vt 0.861246 0.180355
vt 0.861530 0.180355
vt 0.958340 0.281407
vt 0.958340 0.281888
vt 0.959042 0.281407
vt 0.959042 0.281888
vt 0.876951 0.282028
vt 0.877075 0.281745
vt 0.859235 0.271694
vt 0.885737 0.283226
vt 0.885897 0.282542
vt 0.886021 0.282826
vt 0.885861 0.283509
vt 0.901673 0.281468
vt 0.902021 0.281551
vt 0.902131 0.282369
vt 0.902131 0.282856
vt 0.875774 0.282900
vt 0.875755 0.282627
vt 0.876932 0.281755
vt 0.858975 0.273387
vt 0.858281 0.273280
vt 0.858554 0.273134
vt 0.859248 0.273241
vt 0.884560 0.282354
vt 0.885718 0.283500
vt 0.884542 0.282627
vt 0.875423 0.282828
vt 0.875547 0.282544
vt 0.861530 0.181425
vt 0.861246 0.181425
vt 0.858181 0.272936
vt 0.858455 0.272934
vt 0.904122 0.176355
vt 0.904122 0.186008
vt 0.904481 0.176355
vt 0.904481 0.186008
vt 0.905183 0.176355
vt 0.905183 0.186008
vt 0.888624 0.177118
vt 0.888624 0.186141
vt 0.887922 0.186141
vt 0.887922 0.176685
vt 0.888983 0.177118
vt 0.888983 0.186141
vt 0.861246 0.183113
vt 0.861530 0.183113
vt 0.861530 0.183816
vt 0.861246 0.183816
vt 0.959186 0.281888
vt 0.959186 0.281407
vt 0.960651 0.281407
vt 0.960651 0.281888
vt 0.861246 0.182889
vt 0.861530 0.182889
vt 0.960875 0.281407
vt 0.960875 0.281888
vt 0.961577 0.281407
vt 0.961577 0.281888
vt 0.875263 0.282143
vt 0.875387 0.281860
vt 0.884049 0.283110
vt 0.884209 0.282426
vt 0.884333 0.282710
vt 0.884174 0.283394
vt 0.903364 0.281468
vt 0.903713 0.281551
vt 0.903822 0.282369
vt 0.903822 0.282856
vt 0.874086 0.283016
vt 0.874068 0.282742
vt 0.875244 0.281870
vt 0.858989 0.275079
vt 0.858295 0.274972
vt 0.858568 0.274826
vt 0.859262 0.274933
vt 0.882873 0.282238
vt 0.884031 0.283384
vt 0.882854 0.282512
vt 0.873735 0.282943
vt 0.873859 0.282660
vt 0.858195 0.274627
vt 0.858470 0.274625
vt 0.906647 0.176355
vt 0.906647 0.186008
vt 0.907006 0.176355
vt 0.907006 0.186008
vt 0.907708 0.176355
vt 0.907708 0.186008
vt 0.886099 0.177118
vt 0.886099 0.186141
vt 0.885397 0.186141
vt 0.885397 0.176685
vt 0.886458 0.177118
vt 0.886458 0.186141
vt 0.861246 0.185647
vt 0.861530 0.185647
vt 0.861530 0.186349
vt 0.861246 0.186349
vt 0.961720 0.281888
vt 0.961720 0.281407
vt 0.963185 0.281407
vt 0.963185 0.281888
vt 0.861246 0.185423
vt 0.861530 0.185424
vt 0.861246 0.183959
vt 0.861530 0.183959
vt 0.963409 0.281407
vt 0.963409 0.281888
vt 0.964111 0.281407
vt 0.964111 0.281888
vt 0.873575 0.282259
vt 0.873700 0.281976
vt 0.873542 0.281773
vt 0.873666 0.281490
vt 0.882362 0.282995
vt 0.882522 0.282311
vt 0.882646 0.282594
vt 0.882486 0.283278
vt 0.859249 0.273385
vt 0.905056 0.281468
vt 0.905404 0.281551
vt 0.905513 0.282369
vt 0.905513 0.282856
vt 0.964598 0.281407
vt 0.964598 0.281888
vt 0.908195 0.176355
vt 0.908195 0.186008
vt 0.884910 0.186141
vt 0.884910 0.176685
vt 0.882453 0.283764
vt 0.882329 0.283481
vt 0.890169 0.281804
vt 0.890188 0.281531
vt 0.891364 0.282403
vt 0.891345 0.282677
vt 0.858216 0.231499
vt 0.858489 0.231644
vt 0.857795 0.231751
vt 0.857522 0.231605
vt 0.866205 0.282179
vt 0.866224 0.282453
vt 0.865048 0.283326
vt 0.865029 0.283052
vt 0.891572 0.282321
vt 0.891696 0.282604
vt 0.861814 0.178747
vt 0.861814 0.178891
vt 0.857696 0.231952
vt 0.857422 0.231950
vt 0.920893 0.186013
vt 0.919429 0.186013
vt 0.919429 0.176360
vt 0.920893 0.176360
vt 0.919070 0.186013
vt 0.919070 0.176360
vt 0.918368 0.186013
vt 0.918368 0.176360
vt 0.874036 0.177118
vt 0.874738 0.176684
vt 0.874738 0.186141
vt 0.874036 0.186141
vt 0.873678 0.177118
vt 0.873678 0.186141
vt 0.872213 0.176684
vt 0.872213 0.186141
vt 0.861814 0.178045
vt 0.952141 0.281890
vt 0.950676 0.281890
vt 0.950676 0.281409
vt 0.952141 0.281409
vt 0.861814 0.177821
vt 0.861814 0.176356
vt 0.950452 0.281890
vt 0.950452 0.281409
vt 0.949750 0.281890
vt 0.949750 0.281409
vt 0.891732 0.281637
vt 0.891856 0.281921
vt 0.866716 0.282936
vt 0.866592 0.283219
vt 0.866432 0.282536
vt 0.866556 0.282252
vt 0.858476 0.233192
vt 0.858202 0.233190
vt 0.857905 0.266376
vt 0.857905 0.264684
vt 0.858723 0.264794
vt 0.858806 0.265143
vt 0.857418 0.266376
vt 0.857418 0.264684
vt 0.891875 0.281647
vt 0.893050 0.282519
vt 0.893032 0.282793
vt 0.858231 0.229807
vt 0.858504 0.229953
vt 0.857810 0.230060
vt 0.857537 0.229914
vt 0.867892 0.282063
vt 0.867910 0.282337
vt 0.866735 0.283209
vt 0.893259 0.282437
vt 0.893383 0.282720
vt 0.858490 0.231501
vt 0.857711 0.230261
vt 0.857437 0.230259
vt 0.916903 0.186013
vt 0.916903 0.176360
vt 0.916545 0.186013
vt 0.916545 0.176360
vt 0.915843 0.186013
vt 0.915843 0.176360
vt 0.876562 0.177118
vt 0.877264 0.176684
vt 0.877264 0.186141
vt 0.876562 0.186141
vt 0.876203 0.177118
vt 0.876203 0.186141
vt 0.861814 0.180579
vt 0.861814 0.181281
vt 0.949607 0.281890
vt 0.948142 0.281890
vt 0.948142 0.281409
vt 0.949607 0.281409
vt 0.861814 0.180355
vt 0.947918 0.281890
vt 0.947918 0.281409
vt 0.947216 0.281890
vt 0.947216 0.281409
vt 0.893419 0.281754
vt 0.893543 0.282037
vt 0.858505 0.229809
vt 0.868403 0.282819
vt 0.868279 0.283103
vt 0.868119 0.282419
vt 0.868243 0.282136
vt 0.857905 0.262993
vt 0.858723 0.263103
vt 0.858806 0.263451
vt 0.857418 0.262993
vt 0.893562 0.281764
vt 0.894737 0.282636
vt 0.894719 0.282910
vt 0.858245 0.228116
vt 0.858518 0.228262
vt 0.857824 0.228369
vt 0.857551 0.228223
vt 0.869579 0.281946
vt 0.869598 0.282220
vt 0.868422 0.283093
vt 0.894945 0.282553
vt 0.895070 0.282837
vt 0.861814 0.181425
vt 0.857726 0.228569
vt 0.857451 0.228567
vt 0.914378 0.186013
vt 0.914378 0.176360
vt 0.914020 0.186013
vt 0.914020 0.176360
vt 0.913317 0.186013
vt 0.913317 0.176360
vt 0.879087 0.177118
vt 0.879789 0.176684
vt 0.879789 0.186141
vt 0.879087 0.186141
vt 0.878728 0.177118
vt 0.878728 0.186141
vt 0.861814 0.183113
vt 0.861814 0.183816
vt 0.947072 0.281890
vt 0.945607 0.281890
vt 0.945607 0.281409
vt 0.947072 0.281409
vt 0.861814 0.182889
vt 0.945384 0.281890
vt 0.945384 0.281409
vt 0.944681 0.281890
vt 0.944681 0.281409
vt 0.895106 0.281870
vt 0.895230 0.282153
vt 0.870090 0.282703
vt 0.869966 0.282986
vt 0.869805 0.282303
vt 0.869930 0.282019
vt 0.857905 0.261302
vt 0.858723 0.261411
vt 0.858806 0.261760
vt 0.857418 0.261302
vt 0.895249 0.281880
vt 0.896425 0.282752
vt 0.896405 0.283026
vt 0.858260 0.226425
vt 0.858533 0.226570
vt 0.857839 0.226677
vt 0.857565 0.226531
vt 0.871266 0.281830
vt 0.871285 0.282104
vt 0.870109 0.282976
vt 0.896632 0.282670
vt 0.896757 0.282953
vt 0.857740 0.226878
vt 0.857466 0.226876
vt 0.911853 0.186013
vt 0.911853 0.176360
vt 0.911494 0.186013
vt 0.911494 0.176360
vt 0.910792 0.186013
vt 0.910792 0.176360
vt 0.881612 0.177118
vt 0.882314 0.176684
vt 0.882314 0.186141
vt 0.881612 0.186141
vt 0.881254 0.177118
vt 0.881254 0.186141
vt 0.861814 0.185647
vt 0.861814 0.186349
vt 0.944538 0.281890
vt 0.943073 0.281890
vt 0.943073 0.281409
vt 0.944538 0.281409
vt 0.861814 0.185423
vt 0.861814 0.183959
vt 0.942849 0.281890
vt 0.942849 0.281409
vt 0.942147 0.281890
vt 0.942147 0.281409
vt 0.896792 0.281986
vt 0.896917 0.282270
vt 0.896826 0.281500
vt 0.896950 0.281784
vt 0.871777 0.282586
vt 0.871653 0.282870
vt 0.871492 0.282186
vt 0.871617 0.281903
vt 0.858520 0.228118
vt 0.857905 0.259611
vt 0.858723 0.259720
vt 0.858806 0.260069
vt 0.857418 0.259611
vt 0.941659 0.281890
vt 0.941659 0.281409
vt 0.910305 0.186013
vt 0.910305 0.176360
vt 0.882802 0.176684
vt 0.882802 0.186141
vt 0.871810 0.283072
vt 0.871686 0.283356
vt 0.258127 0.739703
vt 0.258127 0.741558
vt 0.256847 0.741558
vt 0.256847 0.739703
vt 0.258134 0.744967
vt 0.258134 0.746821
vt 0.256854 0.746821
vt 0.256854 0.744967
vt 0.259414 0.744967
vt 0.259414 0.746821
vt 0.250626 0.741558
vt 0.250626 0.739703
vt 0.251906 0.739703
vt 0.251906 0.741558
vt 0.267638 0.741558
vt 0.267638 0.739703
vt 0.268918 0.739703
vt 0.268918 0.741558
vt 0.251913 0.746821
vt 0.251913 0.744967
vt 0.259407 0.741558
vt 0.259407 0.739703
vt 0.250633 0.746821
vt 0.250633 0.744967
vt 0.267645 0.744967
vt 0.267645 0.746821
vt 0.257233 0.726345
vt 0.257237 0.725297
vt 0.257969 0.725609
vt 0.258280 0.726340
vt 0.251575 0.734240
vt 0.251886 0.734972
vt 0.251467 0.735390
vt 0.251015 0.734362
vt 0.251187 0.735670
vt 0.250631 0.734452
vt 0.252618 0.735283
vt 0.252498 0.735838
vt 0.252408 0.736230
vt 0.258387 0.725190
vt 0.258840 0.726219
vt 0.258668 0.724910
vt 0.259224 0.726128
vt 0.257357 0.724742
vt 0.257446 0.724351
vt 0.257968 0.734972
vt 0.258280 0.734241
vt 0.258834 0.734361
vt 0.258386 0.735391
vt 0.259224 0.734451
vt 0.258665 0.735671
vt 0.257236 0.735283
vt 0.257357 0.735843
vt 0.257448 0.736227
vt 0.251888 0.725608
vt 0.251576 0.726339
vt 0.251021 0.726219
vt 0.251469 0.725190
vt 0.250631 0.726129
vt 0.251189 0.724909
vt 0.252619 0.725298
vt 0.252497 0.724738
vt 0.252407 0.724353
vt 0.268925 0.744967
vt 0.268925 0.746821
vt 0.252622 0.726344
vt 0.263196 0.724338
vt 0.267831 0.724338
vt 0.267831 0.725083
vt 0.263196 0.725083
vt 0.257233 0.734237
vt 0.252622 0.734236
vt 0.267831 0.733009
vt 0.263196 0.733009
vt 0.262451 0.733009
vt 0.262451 0.725083
vt 0.268576 0.725083
vt 0.268576 0.733009
vt 0.267831 0.733754
vt 0.263196 0.733754
vt 0.276706 0.729379
vt 0.273079 0.729379
vt 0.273079 0.726230
vt 0.276706 0.726230
vt 0.271799 0.729379
vt 0.271799 0.726230
vt 0.278421 0.726230
vt 0.278421 0.729379
vt 0.272925 0.724959
vt 0.276499 0.724526
vt 0.276499 0.731083
vt 0.272925 0.730650
vt 0.279864 0.629521
vt 0.279865 0.642712
vt 0.276773 0.642712
vt 0.276773 0.629521
vt 0.334444 0.661234
vt 0.332990 0.661234
vt 0.332990 0.659788
vt 0.334444 0.659788
vt 0.250624 0.717804
vt 0.249487 0.717804
vt 0.249487 0.716351
vt 0.250624 0.716351
vt 0.334444 0.693869
vt 0.332990 0.693869
vt 0.332990 0.692900
vt 0.334444 0.692900
vt 0.267222 0.717804
vt 0.267222 0.716351
vt 0.268668 0.716351
vt 0.268668 0.717804
vt 0.313663 0.645012
vt 0.312499 0.645493
vt 0.311531 0.645493
vt 0.311531 0.642712
vt 0.277255 0.645012
vt 0.276773 0.643849
vt 0.300336 0.717804
vt 0.300336 0.716351
vt 0.301304 0.716351
vt 0.301304 0.717804
vt 0.334444 0.697524
vt 0.334444 0.710715
vt 0.332990 0.710715
vt 0.332990 0.697524
vt 0.312499 0.626988
vt 0.313663 0.627469
vt 0.311531 0.629521
vt 0.311531 0.626988
vt 0.263816 0.717804
vt 0.263816 0.716351
vt 0.264704 0.717804
vt 0.264704 0.716350
vt 0.276773 0.628633
vt 0.277255 0.627469
vt 0.334444 0.696387
vt 0.332990 0.696387
vt 0.279865 0.645493
vt 0.334444 0.711603
vt 0.332990 0.711603
vt 0.279864 0.626988
vt 0.314144 0.629521
vt 0.314144 0.642712
vt 0.302563 0.716350
vt 0.302563 0.717804
vt 0.334444 0.712862
vt 0.332990 0.712862
vt 0.332990 0.695128
vt 0.334444 0.695128
vt 0.265963 0.716351
vt 0.265963 0.717804
vt 0.332990 0.658529
vt 0.334444 0.658529
vt 0.248228 0.717804
vt 0.248228 0.716350
vt 0.314144 0.628633
vt 0.314144 0.643849
vt 0.278419 0.645493
vt 0.278418 0.626988
vt 0.261075 0.699273
vt 0.254084 0.710531
vt 0.253256 0.710339
vt 0.260287 0.698966
vt 0.280774 0.703387
vt 0.283124 0.712953
vt 0.282246 0.712919
vt 0.279931 0.703240
vt 0.299005 0.662129
vt 0.285994 0.664633
vt 0.285919 0.663810
vt 0.298997 0.661279
vt 0.283173 0.655045
vt 0.295668 0.649949
vt 0.295988 0.650730
vt 0.283462 0.655812
vt 0.298678 0.663838
vt 0.290960 0.690232
vt 0.282826 0.684543
vt 0.285852 0.666313
vt 0.290677 0.691069
vt 0.282652 0.685381
vt 0.298885 0.662986
vt 0.285967 0.665468
vt 0.254953 0.710641
vt 0.261897 0.699479
vt 0.282735 0.654324
vt 0.295209 0.649227
vt 0.283233 0.703079
vt 0.285625 0.712499
vt 0.284827 0.712758
vt 0.282446 0.703331
vt 0.298843 0.660455
vt 0.285715 0.663015
vt 0.295005 0.708679
vt 0.290273 0.700169
vt 0.281617 0.703425
vt 0.283990 0.712907
vt 0.291012 0.699786
vt 0.295761 0.708300
vt 0.291667 0.699244
vt 0.296468 0.707816
vt 0.290332 0.691858
vt 0.282363 0.686184
vt 0.310577 0.667187
vt 0.310579 0.665523
vt 0.311201 0.665655
vt 0.311682 0.665994
vt 0.312144 0.667185
vt 0.312013 0.666509
vt 0.312466 0.666275
vt 0.312625 0.667080
vt 0.285356 0.666375
vt 0.285459 0.665543
vt 0.312037 0.665610
vt 0.285472 0.664724
vt 0.311405 0.665168
vt 0.285388 0.663920
vt 0.310646 0.665005
vt 0.285198 0.663138
vt 0.301802 0.666507
vt 0.301672 0.667183
vt 0.301190 0.667078
vt 0.301350 0.666272
vt 0.261337 0.698841
vt 0.262131 0.699048
vt 0.302132 0.665992
vt 0.301779 0.665608
vt 0.260603 0.698538
vt 0.302613 0.665653
vt 0.302410 0.665165
vt 0.282686 0.655261
vt 0.282272 0.654592
vt 0.303235 0.665521
vt 0.303171 0.665001
vt 0.282972 0.655999
vt 0.302613 0.686768
vt 0.303236 0.686899
vt 0.303171 0.687419
vt 0.302411 0.687255
vt 0.282312 0.702810
vt 0.283071 0.702575
vt 0.302133 0.686429
vt 0.301779 0.686813
vt 0.281522 0.702906
vt 0.301802 0.685914
vt 0.301350 0.686148
vt 0.280711 0.702878
vt 0.301671 0.685238
vt 0.301191 0.685342
vt 0.279889 0.702745
vt 0.312013 0.685910
vt 0.312143 0.685235
vt 0.312625 0.685339
vt 0.312466 0.686145
vt 0.282206 0.685132
vt 0.282382 0.684324
vt 0.311682 0.686425
vt 0.312037 0.686809
vt 0.281922 0.685880
vt 0.311201 0.686765
vt 0.311405 0.687251
vt 0.290729 0.699330
vt 0.291332 0.698826
vt 0.310579 0.686896
vt 0.310646 0.687415
vt 0.290028 0.699698
vt 0.303237 0.667185
vt 0.310577 0.685233
vt 0.303238 0.685235
vt 0.264438 0.674162
vt 0.271220 0.677489
vt 0.264456 0.679545
vt 0.270922 0.656057
vt 0.265674 0.656185
vt 0.266441 0.648850
vt 0.271037 0.649030
vt 0.271956 0.631521
vt 0.268846 0.631697
vt 0.269483 0.627674
vt 0.272616 0.627900
vt 0.322532 0.680039
vt 0.322498 0.694467
vt 0.316445 0.694547
vt 0.316300 0.680083
vt 0.322619 0.703013
vt 0.316369 0.703042
vt 0.316457 0.698937
vt 0.322531 0.698862
vt 0.283993 0.648862
vt 0.284137 0.648916
vt 0.284194 0.649057
vt 0.284190 0.649181
vt 0.267516 0.696328
vt 0.265851 0.695602
vt 0.265082 0.693956
vt 0.273252 0.627960
vt 0.273008 0.631557
vt 0.250749 0.675314
vt 0.255314 0.675122
vt 0.255510 0.681603
vt 0.251648 0.681845
vt 0.325255 0.656268
vt 0.329470 0.656256
vt 0.329102 0.663131
vt 0.325660 0.663138
vt 0.280766 0.649013
vt 0.280755 0.649610
vt 0.280104 0.649583
vt 0.280123 0.649031
vt 0.249251 0.630221
vt 0.250013 0.628575
vt 0.251680 0.627840
vt 0.328723 0.669540
vt 0.326064 0.669543
vt 0.255433 0.646669
vt 0.255238 0.651049
vt 0.251320 0.650161
vt 0.263010 0.644540
vt 0.257564 0.644642
vt 0.255920 0.643045
vt 0.326484 0.675476
vt 0.328321 0.675473
vt 0.328078 0.679791
vt 0.326731 0.679799
vt 0.252538 0.688074
vt 0.255929 0.688035
vt 0.256259 0.692611
vt 0.253156 0.692453
vt 0.275118 0.649845
vt 0.275137 0.648606
vt 0.275367 0.648636
vt 0.275339 0.649824
vt 0.321273 0.656604
vt 0.317214 0.656638
vt 0.317551 0.649192
vt 0.320797 0.649166
vt 0.317881 0.642530
vt 0.320332 0.642507
vt 0.316473 0.674726
vt 0.322310 0.674686
vt 0.324003 0.635352
vt 0.330554 0.635285
vt 0.330296 0.639573
vt 0.324312 0.639596
vt 0.267359 0.642313
vt 0.271221 0.642546
vt 0.250620 0.668014
vt 0.255181 0.668099
vt 0.316484 0.697861
vt 0.322493 0.697766
vt 0.319835 0.636150
vt 0.318255 0.636166
vt 0.318524 0.631689
vt 0.319479 0.631678
vt 0.271629 0.636109
vt 0.268238 0.636080
vt 0.272867 0.679408
vt 0.271715 0.681113
vt 0.271986 0.678831
vt 0.256923 0.696210
vt 0.253816 0.696469
vt 0.275957 0.649787
vt 0.275985 0.648684
vt 0.279509 0.648995
vt 0.279490 0.649602
vt 0.257309 0.692579
vt 0.257557 0.696155
vt 0.322480 0.695541
vt 0.316478 0.695638
vt 0.322482 0.696648
vt 0.316486 0.696754
vt 0.318793 0.627547
vt 0.318081 0.631681
vt 0.318347 0.627515
vt 0.323947 0.634551
vt 0.330592 0.634477
vt 0.268427 0.631647
vt 0.269075 0.627605
vt 0.330604 0.632830
vt 0.323880 0.632902
vt 0.323883 0.632094
vt 0.330574 0.632030
vt 0.330616 0.633653
vt 0.323898 0.633728
vt 0.255555 0.646212
vt 0.253922 0.645080
vt 0.256197 0.645325
vt 0.277720 0.696662
vt 0.271570 0.696489
vt 0.322612 0.709184
vt 0.323055 0.703003
vt 0.323048 0.709186
vt 0.277695 0.697095
vt 0.271565 0.696921
vt 0.261893 0.627481
vt 0.255740 0.627667
vt 0.255732 0.627235
vt 0.261864 0.627049
vt 0.315880 0.709199
vt 0.315936 0.703036
vt 0.316315 0.709194
vt 0.315867 0.680091
vt 0.316037 0.674725
vt 0.248233 0.649989
vt 0.248230 0.644637
vt 0.248665 0.644631
vt 0.319135 0.627541
vt 0.319557 0.627500
vt 0.319906 0.631661
vt 0.317441 0.642520
vt 0.317812 0.636158
vt 0.252103 0.688123
vt 0.251213 0.681885
vt 0.317119 0.649181
vt 0.250285 0.675343
vt 0.316828 0.665365
vt 0.316391 0.665359
vt 0.248700 0.659330
vt 0.250596 0.659417
vt 0.322742 0.674680
vt 0.322961 0.680041
vt 0.264024 0.679542
vt 0.264019 0.674187
vt 0.321223 0.649147
vt 0.321703 0.656589
vt 0.265252 0.656180
vt 0.266013 0.648821
vt 0.320764 0.642488
vt 0.266932 0.642274
vt 0.320266 0.636133
vt 0.267814 0.636034
vt 0.253388 0.696546
vt 0.252724 0.692507
vt 0.266607 0.696115
vt 0.267458 0.696758
vt 0.266433 0.696514
vt 0.322940 0.697753
vt 0.322968 0.698847
vt 0.250769 0.628058
vt 0.250589 0.627659
vt 0.251618 0.627411
vt 0.316027 0.698928
vt 0.316051 0.697860
vt 0.265548 0.695916
vt 0.322922 0.696640
vt 0.249705 0.628265
vt 0.316046 0.696761
vt 0.265318 0.694858
vt 0.264924 0.695047
vt 0.322913 0.695539
vt 0.249483 0.629319
vt 0.249088 0.629137
vt 0.316030 0.695648
vt 0.264654 0.694025
vt 0.322926 0.694470
vt 0.248821 0.630155
vt 0.316010 0.694557
vt 0.272371 0.631856
vt 0.272373 0.631987
vt 0.272240 0.631963
vt 0.274811 0.648594
vt 0.274724 0.648315
vt 0.274788 0.648201
vt 0.328397 0.680218
vt 0.328273 0.680251
vt 0.328028 0.680123
vt 0.326781 0.680120
vt 0.326543 0.680246
vt 0.326421 0.680213
vt 0.274750 0.650232
vt 0.274689 0.650118
vt 0.274786 0.649846
vt 0.256538 0.692174
vt 0.256671 0.692151
vt 0.256672 0.692281
vt 0.279816 0.649030
vt 0.279822 0.648764
vt 0.280089 0.648696
vt 0.279556 0.648670
vt 0.273295 0.627637
vt 0.273546 0.627702
vt 0.273572 0.627963
vt 0.280053 0.649916
vt 0.279789 0.649840
vt 0.279794 0.649575
vt 0.257875 0.696158
vt 0.257846 0.696422
vt 0.257593 0.696482
vt 0.279522 0.649925
vt 0.273328 0.631579
vt 0.273269 0.631829
vt 0.273012 0.631868
vt 0.275679 0.648669
vt 0.275689 0.648412
vt 0.275954 0.648364
vt 0.275429 0.648323
vt 0.257312 0.692268
vt 0.257571 0.692307
vt 0.257630 0.692557
vt 0.275647 0.649795
vt 0.275650 0.650051
vt 0.275390 0.650133
vt 0.275913 0.650108
vt 0.271355 0.649034
vt 0.271234 0.656006
vt 0.329789 0.656238
vt 0.329418 0.663134
vt 0.271540 0.642558
vt 0.329044 0.669543
vt 0.255824 0.681591
vt 0.256224 0.687796
vt 0.326182 0.675708
vt 0.325748 0.669547
vt 0.255626 0.675117
vt 0.325347 0.663142
vt 0.255137 0.659837
vt 0.255536 0.651260
vt 0.255441 0.659952
vt 0.324457 0.648142
vt 0.323992 0.639522
vt 0.324777 0.648183
vt 0.271929 0.636348
vt 0.328629 0.675706
vt 0.256946 0.696536
vt 0.280738 0.649961
vt 0.272648 0.627570
vt 0.280762 0.648670
vt 0.330924 0.634516
vt 0.330882 0.635196
vt 0.271512 0.677194
vt 0.271692 0.677870
vt 0.271343 0.677946
vt 0.330936 0.633650
vt 0.272215 0.678588
vt 0.330934 0.632798
vt 0.272948 0.679070
vt 0.330894 0.632117
vt 0.273637 0.679216
vt 0.273355 0.679511
vt 0.323548 0.632876
vt 0.323561 0.632186
vt 0.257844 0.644937
vt 0.257155 0.645085
vt 0.257077 0.644747
vt 0.323580 0.633730
vt 0.256424 0.645568
vt 0.323620 0.634595
vt 0.255902 0.646288
vt 0.323678 0.635267
vt 0.255723 0.646964
vt 0.330351 0.626992
vt 0.330664 0.626987
vt 0.278821 0.679299
vt 0.278802 0.679600
vt 0.330619 0.639495
vt 0.271315 0.672899
vt 0.271016 0.673111
vt 0.263027 0.644840
vt 0.323631 0.626990
vt 0.323948 0.626992
vt 0.284398 0.648649
vt 0.284536 0.648987
vt 0.319095 0.627212
vt 0.319447 0.627165
vt 0.284059 0.648516
vt 0.269198 0.627286
vt 0.269535 0.627353
vt 0.284112 0.649370
vt 0.284532 0.649260
vt 0.284378 0.649625
vt 0.318442 0.627172
vt 0.318829 0.627212
vt 0.283926 0.649457
vt 0.284022 0.649797
vt 0.253871 0.696791
vt 0.253506 0.696866
vt 0.269712 0.679083
vt 0.324940 0.656251
vt 0.255490 0.668149
vt 0.330219 0.648122
vt 0.329898 0.648166
vt 0.270895 0.664321
vt 0.271203 0.664206
vt 0.264468 0.664842
vt 0.264893 0.664822
vt 0.321811 0.665331
vt 0.322244 0.665318
vt 0.249505 0.667989
vt 0.316779 0.656629
vt 0.300096 0.650920
vt 0.302638 0.651596
vt 0.300097 0.652283
vt 0.301964 0.654141
vt 0.303329 0.654138
vt 0.305181 0.652268
vt 0.305174 0.650907
vt 0.301953 0.649060
vt 0.300776 0.649742
vt 0.303311 0.649056
vt 0.300780 0.653462
vt 0.304506 0.653450
vt 0.304489 0.649732
vt 0.335505 0.630030
vt 0.335505 0.631552
vt 0.334173 0.631552
vt 0.334173 0.630030
vt 0.335505 0.637643
vt 0.335505 0.639166
vt 0.334173 0.639166
vt 0.334173 0.637643
vt 0.335505 0.642211
vt 0.335505 0.643734
vt 0.334173 0.643734
vt 0.334173 0.642211
vt 0.335505 0.633075
vt 0.334173 0.633075
vt 0.335505 0.628507
vt 0.334173 0.628507
vt 0.335505 0.636120
vt 0.334173 0.636120
vt 0.335505 0.640689
vt 0.334173 0.640689
vt 0.335505 0.626984
vt 0.334173 0.626984
vt 0.335505 0.634598
vt 0.334173 0.634598
vt 0.335505 0.645257
vt 0.334173 0.645257
vt 0.335742 0.630030
vt 0.335742 0.631552
vt 0.300605 0.649569
vt 0.299862 0.650856
vt 0.335742 0.628507
vt 0.301891 0.648826
vt 0.335742 0.626984
vt 0.303373 0.648823
vt 0.335742 0.643734
vt 0.335742 0.645257
vt 0.304659 0.649559
vt 0.335742 0.642211
vt 0.305408 0.650841
vt 0.335742 0.640689
vt 0.305416 0.652327
vt 0.335742 0.639166
vt 0.304679 0.653620
vt 0.335742 0.637643
vt 0.303393 0.654371
vt 0.335742 0.636120
vt 0.301902 0.654377
vt 0.335742 0.634598
vt 0.300609 0.653633
vt 0.335742 0.633075
vt 0.299863 0.652344
vt 0.554028 0.695398
vt 0.555192 0.694902
vt 0.555571 0.695554
vt 0.554442 0.696211
vt 0.553672 0.691287
vt 0.554684 0.691532
vt 0.554610 0.692153
vt 0.553525 0.692041
vt 0.554587 0.689392
vt 0.555345 0.689963
vt 0.555058 0.690439
vt 0.554215 0.689963
vt 0.556105 0.696179
vt 0.554953 0.696989
vt 0.554621 0.692811
vt 0.553478 0.692846
vt 0.554835 0.690957
vt 0.553907 0.690593
vt 0.555472 0.688394
vt 0.556210 0.689097
vt 0.555716 0.689520
vt 0.555018 0.688872
vt 0.554721 0.693498
vt 0.553541 0.693689
vt 0.553724 0.694549
vt 0.554908 0.694207
vt 0.555373 0.690599
vt 0.555196 0.691075
vt 0.556409 0.689480
vt 0.555984 0.689801
vt 0.555069 0.692770
vt 0.555188 0.693394
vt 0.555399 0.694040
vt 0.555638 0.694688
vt 0.555081 0.691602
vt 0.555643 0.690181
vt 0.555963 0.695270
vt 0.555037 0.692170
vt 0.556409 0.695757
vt 0.510138 0.672867
vt 0.511171 0.672878
vt 0.511172 0.673415
vt 0.510131 0.673411
vt 0.515327 0.672820
vt 0.516398 0.672730
vt 0.516435 0.673293
vt 0.515360 0.673358
vt 0.505940 0.672701
vt 0.507009 0.672795
vt 0.506974 0.673332
vt 0.505902 0.673263
vt 0.509095 0.672856
vt 0.509082 0.673397
vt 0.559029 0.623157
vt 0.558549 0.623436
vt 0.558006 0.622887
vt 0.558630 0.622447
vt 0.514283 0.672856
vt 0.514301 0.673395
vt 0.539746 0.631877
vt 0.538982 0.632016
vt 0.538964 0.630528
vt 0.539720 0.630520
vt 0.508053 0.672834
vt 0.508031 0.673374
vt 0.512203 0.672881
vt 0.513242 0.672873
vt 0.513253 0.673411
vt 0.512209 0.673417
vt 0.525109 0.711400
vt 0.524578 0.711395
vt 0.524596 0.710067
vt 0.525123 0.710077
vt 0.512209 0.684024
vt 0.511145 0.684023
vt 0.533921 0.674722
vt 0.535271 0.674733
vt 0.535196 0.685397
vt 0.533845 0.685388
vt 0.507950 0.684018
vt 0.506883 0.684015
vt 0.510081 0.684021
vt 0.516472 0.684032
vt 0.515403 0.684030
vt 0.514337 0.684028
vt 0.513273 0.684027
vt 0.505814 0.684014
vt 0.509017 0.684019
vt 0.525221 0.706592
vt 0.524615 0.706679
vt 0.524548 0.706145
vt 0.525043 0.706101
vt 0.542902 0.685445
vt 0.542957 0.674841
vt 0.543488 0.674844
vt 0.543437 0.685448
vt 0.550207 0.717918
vt 0.550234 0.718690
vt 0.549598 0.718700
vt 0.549585 0.717957
vt 0.538486 0.674768
vt 0.538493 0.674226
vt 0.542964 0.674305
vt 0.538921 0.627013
vt 0.539677 0.627282
vt 0.539667 0.622829
vt 0.538659 0.622836
vt 0.538641 0.622210
vt 0.539673 0.622202
vt 0.550230 0.719742
vt 0.549595 0.719724
vt 0.538965 0.719750
vt 0.538963 0.718725
vt 0.513915 0.711395
vt 0.513917 0.710044
vt 0.546751 0.727666
vt 0.546218 0.726698
vt 0.547117 0.726512
vt 0.547450 0.727031
vt 0.546238 0.725627
vt 0.546764 0.724739
vt 0.547366 0.725357
vt 0.547090 0.725900
vt 0.549924 0.727523
vt 0.548952 0.728256
vt 0.548615 0.727250
vt 0.549138 0.726928
vt 0.549537 0.724523
vt 0.550198 0.725366
vt 0.549368 0.725759
vt 0.549022 0.725254
vt 0.547608 0.724238
vt 0.547866 0.725009
vt 0.547735 0.728255
vt 0.548004 0.727308
vt 0.550355 0.726460
vt 0.549414 0.726374
vt 0.548582 0.724131
vt 0.548473 0.724985
vt 0.548846 0.726281
vt 0.548830 0.725965
vt 0.548374 0.725552
vt 0.548053 0.725567
vt 0.547848 0.726615
vt 0.548131 0.726749
vt 0.547649 0.726036
vt 0.547671 0.726353
vt 0.548701 0.726558
vt 0.548656 0.725699
vt 0.547786 0.725748
vt 0.548439 0.726721
vt 0.548248 0.726153
vt 0.559583 0.623157
vt 0.559734 0.622456
vt 0.558276 0.623921
vt 0.557559 0.623531
vt 0.540438 0.627274
vt 0.540407 0.622843
vt 0.549591 0.719970
vt 0.538965 0.719997
vt 0.540493 0.631999
vt 0.540476 0.630511
vt 0.558564 0.624949
vt 0.559043 0.625219
vt 0.558842 0.625858
vt 0.558051 0.625415
vt 0.560339 0.624458
vt 0.560337 0.623908
vt 0.560974 0.623698
vt 0.560977 0.624603
vt 0.560061 0.623432
vt 0.560520 0.622912
vt 0.559593 0.625214
vt 0.559747 0.625849
vt 0.558283 0.624475
vt 0.557584 0.624635
vt 0.533926 0.674179
vt 0.535276 0.674192
vt 0.560067 0.624936
vt 0.560527 0.625389
vt 0.538961 0.717973
vt 0.538413 0.685417
vt 0.513922 0.706834
vt 0.513923 0.706312
vt 0.540435 0.622219
vt 0.543330 0.674464
vt 0.524596 0.701343
vt 0.524590 0.701867
vt 0.513929 0.701807
vt 0.513930 0.701269
vt 0.538402 0.626990
vt 0.538413 0.622841
vt 0.525112 0.701872
vt 0.538390 0.622217
vt 0.550219 0.720000
vt 0.524967 0.701509
vt 0.560667 0.622748
vt 0.561180 0.623630
vt 0.513235 0.672659
vt 0.514272 0.672640
vt 0.561184 0.624651
vt 0.512200 0.672669
vt 0.560678 0.625539
vt 0.511173 0.672670
vt 0.559797 0.626056
vt 0.510143 0.672653
vt 0.558777 0.626064
vt 0.509103 0.672641
vt 0.557888 0.625563
vt 0.508064 0.672619
vt 0.557366 0.624688
vt 0.507027 0.672577
vt 0.557340 0.623608
vt 0.505930 0.672480
vt 0.558704 0.622226
vt 0.559784 0.622237
vt 0.515310 0.672601
vt 0.516410 0.672509
vt 0.542973 0.674094
vt 0.543487 0.674320
vt 0.540646 0.622264
vt 0.540613 0.622832
vt 0.543703 0.674840
vt 0.549595 0.717747
vt 0.550164 0.717710
vt 0.538769 0.631927
vt 0.538754 0.630531
vt 0.525328 0.710081
vt 0.525315 0.711439
vt 0.543652 0.685449
vt 0.538961 0.717764
vt 0.533889 0.673967
vt 0.535278 0.673982
vt 0.540686 0.630509
vt 0.540703 0.631904
vt 0.538713 0.627214
vt 0.525454 0.706548
vt 0.538497 0.674016
vt 0.540649 0.627272
vt 0.525240 0.706069
vt 0.538196 0.627183
vt 0.525114 0.701359
vt 0.525317 0.701870
vt 0.538205 0.622829
vt 0.538178 0.622260
vt 0.524604 0.701129
vt 0.550179 0.720210
vt 0.549604 0.720181
vt 0.513931 0.701053
vt 0.538966 0.720212
vt 0.552832 0.702508
vt 0.553239 0.701693
vt 0.554374 0.702340
vt 0.553999 0.702995
vt 0.552511 0.706623
vt 0.552358 0.705870
vt 0.553441 0.705749
vt 0.553520 0.706370
vt 0.553442 0.708510
vt 0.553065 0.707941
vt 0.553904 0.707460
vt 0.554195 0.707933
vt 0.553743 0.700910
vt 0.554902 0.701710
vt 0.552303 0.705066
vt 0.553447 0.705090
vt 0.552751 0.707315
vt 0.553676 0.706943
vt 0.554336 0.709500
vt 0.553877 0.709027
vt 0.554569 0.708373
vt 0.555067 0.708791
vt 0.552360 0.704223
vt 0.553541 0.704403
vt 0.552535 0.703360
vt 0.553721 0.703693
vt 0.554037 0.706822
vt 0.554218 0.707297
vt 0.554835 0.708089
vt 0.555263 0.708406
vt 0.554009 0.704503
vt 0.553895 0.705128
vt 0.554448 0.703206
vt 0.554215 0.703855
vt 0.553918 0.706296
vt 0.554490 0.707712
vt 0.554768 0.702620
vt 0.553867 0.705728
vt 0.555210 0.702129
vt 0.510100 0.695175
vt 0.510095 0.694632
vt 0.511136 0.694630
vt 0.511134 0.695168
vt 0.515289 0.695240
vt 0.515324 0.694702
vt 0.516398 0.694771
vt 0.516360 0.695334
vt 0.505902 0.695327
vt 0.505865 0.694765
vt 0.506938 0.694699
vt 0.506970 0.695237
vt 0.509057 0.695183
vt 0.509046 0.694642
vt 0.559037 0.650197
vt 0.558635 0.650905
vt 0.558013 0.650463
vt 0.558558 0.649915
vt 0.514245 0.695201
vt 0.514265 0.694661
vt 0.473089 0.640197
vt 0.473077 0.641554
vt 0.472321 0.641553
vt 0.472323 0.640065
vt 0.508015 0.695201
vt 0.507995 0.694661
vt 0.512165 0.695168
vt 0.512174 0.694632
vt 0.513216 0.694641
vt 0.513204 0.695179
vt 0.502720 0.711366
vt 0.502710 0.710043
vt 0.503238 0.710035
vt 0.503252 0.711363
vt 0.533788 0.696056
vt 0.535139 0.696060
vt 0.502623 0.706558
vt 0.502803 0.706068
vt 0.503297 0.706112
vt 0.503229 0.706646
vt 0.543357 0.696053
vt 0.542827 0.696049
vt 0.527716 0.717964
vt 0.528338 0.718000
vt 0.528327 0.718743
vt 0.527692 0.718736
vt 0.538354 0.696066
vt 0.542827 0.696585
vt 0.538355 0.696608
vt 0.473067 0.644792
vt 0.472314 0.645068
vt 0.473102 0.649245
vt 0.473114 0.649872
vt 0.472083 0.649874
vt 0.472094 0.649248
vt 0.528335 0.719767
vt 0.527700 0.719788
vt 0.456589 0.707174
vt 0.456509 0.708115
vt 0.455893 0.708165
vt 0.455496 0.707337
vt 0.454657 0.708002
vt 0.455391 0.708514
vt 0.455125 0.709063
vt 0.454270 0.708958
vt 0.458398 0.709784
vt 0.457450 0.709520
vt 0.457388 0.708909
vt 0.458393 0.708567
vt 0.455779 0.711295
vt 0.456047 0.710442
vt 0.456659 0.710411
vt 0.456849 0.711310
vt 0.455152 0.709671
vt 0.454382 0.709933
vt 0.457064 0.708388
vt 0.457654 0.707600
vt 0.457176 0.710075
vt 0.457814 0.710772
vt 0.455501 0.710169
vt 0.454888 0.710774
vt 0.456496 0.709858
vt 0.456758 0.709680
vt 0.455709 0.709481
vt 0.455891 0.709746
vt 0.456696 0.708827
vt 0.456418 0.708684
vt 0.456102 0.708702
vt 0.455838 0.708877
vt 0.456890 0.709397
vt 0.456180 0.709882
vt 0.455692 0.709160
vt 0.456861 0.709089
vt 0.456294 0.709282
vt 0.559591 0.650199
vt 0.559739 0.650901
vt 0.557569 0.649816
vt 0.558287 0.649430
vt 0.473828 0.644792
vt 0.473841 0.649224
vt 0.528340 0.720014
vt 0.473835 0.640067
vt 0.473833 0.641555
vt 0.558579 0.648403
vt 0.558069 0.647935
vt 0.558861 0.647495
vt 0.559060 0.648135
vt 0.560353 0.648902
vt 0.560991 0.648760
vt 0.560984 0.649665
vt 0.560348 0.649452
vt 0.560070 0.649926
vt 0.560527 0.650447
vt 0.559767 0.647508
vt 0.559610 0.648143
vt 0.557599 0.648712
vt 0.558296 0.648876
vt 0.533786 0.696599
vt 0.535138 0.696603
vt 0.560544 0.647971
vt 0.560083 0.648423
vt 0.473876 0.649847
vt 0.543195 0.696430
vt 0.503264 0.701312
vt 0.503268 0.701836
vt 0.471848 0.649246
vt 0.471795 0.645097
vt 0.502746 0.701838
vt 0.471831 0.649870
vt 0.527712 0.720046
vt 0.502893 0.701476
vt 0.561189 0.649733
vt 0.560673 0.650613
vt 0.513197 0.695394
vt 0.514233 0.695416
vt 0.561198 0.648712
vt 0.512161 0.695381
vt 0.560696 0.647822
vt 0.511134 0.695376
vt 0.559818 0.647302
vt 0.510104 0.695389
vt 0.558797 0.647288
vt 0.509064 0.695397
vt 0.557906 0.647785
vt 0.508025 0.695416
vt 0.557380 0.648659
vt 0.506988 0.695455
vt 0.557349 0.649738
vt 0.505890 0.695548
vt 0.559788 0.651120
vt 0.558708 0.651127
vt 0.515271 0.695459
vt 0.516371 0.695555
vt 0.543349 0.696577
vt 0.542833 0.696797
vt 0.474086 0.649800
vt 0.474048 0.649233
vt 0.543571 0.696059
vt 0.528327 0.717791
vt 0.527758 0.717756
vt 0.472110 0.641553
vt 0.472111 0.640158
vt 0.502506 0.710047
vt 0.502514 0.711405
vt 0.535136 0.696813
vt 0.533748 0.696811
vt 0.474043 0.641556
vt 0.474046 0.640160
vt 0.472104 0.644870
vt 0.502390 0.706513
vt 0.538355 0.696819
vt 0.474039 0.644792
vt 0.502606 0.706036
vt 0.471587 0.644906
vt 0.502541 0.701836
vt 0.502746 0.701325
vt 0.471640 0.649260
vt 0.471619 0.649829
vt 0.503257 0.701098
vt 0.527754 0.720256
vt 0.528328 0.720224
vt 0.453742 0.702421
vt 0.454236 0.703585
vt 0.453584 0.703964
vt 0.452928 0.702834
vt 0.457854 0.702071
vt 0.457607 0.703081
vt 0.456986 0.703007
vt 0.457099 0.701923
vt 0.459747 0.702987
vt 0.459175 0.703745
vt 0.458699 0.703458
vt 0.459176 0.702615
vt 0.452958 0.704497
vt 0.452149 0.703344
vt 0.456327 0.703017
vt 0.456295 0.701874
vt 0.458182 0.703233
vt 0.458547 0.702306
vt 0.460744 0.703874
vt 0.460040 0.704611
vt 0.459618 0.704117
vt 0.460267 0.703419
vt 0.455641 0.703116
vt 0.455452 0.701937
vt 0.454591 0.702118
vt 0.454932 0.703303
vt 0.458539 0.703773
vt 0.458063 0.703595
vt 0.459657 0.704809
vt 0.459337 0.704385
vt 0.456369 0.703466
vt 0.455744 0.703584
vt 0.455098 0.703795
vt 0.454450 0.704032
vt 0.457536 0.703479
vt 0.458956 0.704042
vt 0.453867 0.704356
vt 0.456969 0.703434
vt 0.453379 0.704802
vt 0.523993 0.675315
vt 0.525027 0.675324
vt 0.525028 0.675861
vt 0.523988 0.675858
vt 0.529182 0.675258
vt 0.530253 0.675165
vt 0.530290 0.675728
vt 0.529216 0.675796
vt 0.519795 0.675156
vt 0.520864 0.675249
vt 0.520830 0.675786
vt 0.519758 0.675719
vt 0.522950 0.675306
vt 0.522938 0.675846
vt 0.557476 0.729482
vt 0.557754 0.729963
vt 0.557203 0.730504
vt 0.556764 0.729878
vt 0.528138 0.675295
vt 0.528158 0.675834
vt 0.540621 0.640584
vt 0.540759 0.641349
vt 0.539271 0.641362
vt 0.539264 0.640606
vt 0.521908 0.675286
vt 0.521888 0.675826
vt 0.526058 0.675325
vt 0.527097 0.675315
vt 0.527108 0.675853
vt 0.526065 0.675860
vt 0.487936 0.710916
vt 0.487405 0.710915
vt 0.487415 0.709587
vt 0.487943 0.709593
vt 0.526085 0.686468
vt 0.525022 0.686468
vt 0.531104 0.646821
vt 0.532455 0.646816
vt 0.532510 0.657479
vt 0.531159 0.657487
vt 0.521827 0.686469
vt 0.520760 0.686469
vt 0.523957 0.686468
vt 0.530348 0.686467
vt 0.529280 0.686467
vt 0.528214 0.686467
vt 0.527149 0.686468
vt 0.519691 0.686469
vt 0.522893 0.686469
vt 0.488017 0.706109
vt 0.487412 0.706198
vt 0.487341 0.705665
vt 0.487836 0.705619
vt 0.540217 0.657433
vt 0.540141 0.646829
vt 0.540672 0.646825
vt 0.540751 0.657429
vt 0.551061 0.711901
vt 0.551087 0.712673
vt 0.550451 0.712682
vt 0.550439 0.711938
vt 0.535670 0.646811
vt 0.535671 0.646269
vt 0.540142 0.646293
vt 0.535756 0.641395
vt 0.536027 0.640640
vt 0.531574 0.640638
vt 0.531579 0.641645
vt 0.530953 0.641662
vt 0.530947 0.640630
vt 0.551080 0.713725
vt 0.550446 0.713705
vt 0.539815 0.713709
vt 0.539815 0.712684
vt 0.476743 0.710984
vt 0.476736 0.709634
vt 0.557074 0.722678
vt 0.556909 0.723770
vt 0.556082 0.723371
vt 0.556133 0.722756
vt 0.556243 0.724608
vt 0.555285 0.724993
vt 0.555183 0.724138
vt 0.555732 0.723873
vt 0.554468 0.720863
vt 0.555685 0.720871
vt 0.555341 0.721875
vt 0.554731 0.721813
vt 0.552952 0.723480
vt 0.552939 0.722409
vt 0.553838 0.722602
vt 0.553806 0.723213
vt 0.554311 0.724879
vt 0.554575 0.724110
vt 0.556651 0.721612
vt 0.555861 0.722200
vt 0.553479 0.721445
vt 0.554175 0.722085
vt 0.553472 0.724372
vt 0.554078 0.723759
vt 0.554569 0.722504
vt 0.554389 0.722765
vt 0.554501 0.723370
vt 0.554766 0.723553
vt 0.555564 0.722845
vt 0.555422 0.722567
vt 0.555371 0.723426
vt 0.555546 0.723161
vt 0.554852 0.722372
vt 0.554366 0.723081
vt 0.555086 0.723571
vt 0.555160 0.722402
vt 0.554965 0.722968
vt 0.557477 0.728928
vt 0.556777 0.728774
vt 0.558237 0.730237
vt 0.557846 0.730952
vt 0.536021 0.639879
vt 0.531590 0.639898
vt 0.550442 0.713952
vt 0.539815 0.713957
vt 0.540746 0.639837
vt 0.539257 0.639850
vt 0.559266 0.729952
vt 0.559538 0.729473
vt 0.560176 0.729677
vt 0.559731 0.730467
vt 0.558780 0.728175
vt 0.558230 0.728176
vt 0.558022 0.727538
vt 0.558928 0.727539
vt 0.557754 0.728451
vt 0.557236 0.727990
vt 0.559534 0.728924
vt 0.560170 0.728772
vt 0.558791 0.730232
vt 0.558950 0.730931
vt 0.531103 0.646277
vt 0.532454 0.646274
vt 0.559257 0.728449
vt 0.559712 0.727991
vt 0.539815 0.711933
vt 0.535728 0.657459
vt 0.476721 0.706423
vt 0.476718 0.705901
vt 0.530966 0.639868
vt 0.540510 0.646448
vt 0.487359 0.700864
vt 0.487356 0.701389
vt 0.476695 0.701396
vt 0.476693 0.700859
vt 0.535731 0.641914
vt 0.531582 0.641892
vt 0.487878 0.701389
vt 0.530959 0.641913
vt 0.551069 0.713983
vt 0.487730 0.701028
vt 0.557072 0.727843
vt 0.557956 0.727333
vt 0.527090 0.675101
vt 0.528126 0.675080
vt 0.558976 0.727331
vt 0.526055 0.675112
vt 0.559862 0.727839
vt 0.525027 0.675116
vt 0.560377 0.728722
vt 0.523997 0.675101
vt 0.560383 0.729742
vt 0.522957 0.675091
vt 0.559879 0.730629
vt 0.521919 0.675071
vt 0.559002 0.731149
vt 0.520882 0.675030
vt 0.557922 0.731172
vt 0.519784 0.674936
vt 0.556543 0.729804
vt 0.556558 0.728724
vt 0.529164 0.675039
vt 0.530264 0.674944
vt 0.540148 0.646081
vt 0.540664 0.646301
vt 0.531012 0.639657
vt 0.531579 0.639691
vt 0.540886 0.646819
vt 0.550449 0.711729
vt 0.551018 0.711693
vt 0.540668 0.641561
vt 0.539273 0.641573
vt 0.488147 0.709597
vt 0.488143 0.710955
vt 0.540967 0.657427
vt 0.539815 0.711723
vt 0.531064 0.646066
vt 0.532453 0.646063
vt 0.539256 0.639640
vt 0.540652 0.639627
vt 0.535956 0.641603
vt 0.488250 0.706062
vt 0.535671 0.646058
vt 0.536020 0.639668
vt 0.488033 0.705585
vt 0.535924 0.642121
vt 0.487876 0.700876
vt 0.488083 0.701386
vt 0.531570 0.642099
vt 0.531001 0.642125
vt 0.487365 0.700650
vt 0.551028 0.714193
vt 0.550453 0.714163
vt 0.476692 0.700643
vt 0.539815 0.714171
vt 0.492002 0.704145
vt 0.492412 0.703330
vt 0.493544 0.703982
vt 0.493168 0.704635
vt 0.491668 0.708258
vt 0.491516 0.707505
vt 0.492601 0.707387
vt 0.492677 0.708008
vt 0.492592 0.710148
vt 0.492216 0.709579
vt 0.493058 0.709099
vt 0.493347 0.709574
vt 0.492919 0.702549
vt 0.494075 0.703353
vt 0.491465 0.706700
vt 0.492608 0.706729
vt 0.491906 0.708951
vt 0.492831 0.708582
vt 0.493482 0.711141
vt 0.493025 0.710666
vt 0.493720 0.710015
vt 0.494216 0.710435
vt 0.491524 0.705857
vt 0.492704 0.706042
vt 0.491702 0.704995
vt 0.492888 0.705332
vt 0.493193 0.708462
vt 0.493372 0.708938
vt 0.493987 0.709733
vt 0.494413 0.710051
vt 0.493172 0.706143
vt 0.493057 0.706768
vt 0.493616 0.704848
vt 0.493381 0.705496
vt 0.493075 0.707936
vt 0.493643 0.709353
vt 0.493938 0.704263
vt 0.493027 0.707368
vt 0.494382 0.703774
vt 0.523998 0.697622
vt 0.523992 0.697079
vt 0.525033 0.697075
vt 0.525032 0.697613
vt 0.529187 0.697677
vt 0.529221 0.697139
vt 0.530296 0.697206
vt 0.530258 0.697769
vt 0.519800 0.697782
vt 0.519763 0.697220
vt 0.520836 0.697152
vt 0.520870 0.697690
vt 0.522955 0.697632
vt 0.522943 0.697091
vt 0.558920 0.657453
vt 0.558521 0.658165
vt 0.557897 0.657724
vt 0.558440 0.657175
vt 0.528143 0.697640
vt 0.528163 0.697101
vt 0.502591 0.669015
vt 0.501234 0.669002
vt 0.501236 0.668246
vt 0.502724 0.668249
vt 0.521914 0.697651
vt 0.521893 0.697112
vt 0.526064 0.697611
vt 0.526070 0.697075
vt 0.527113 0.697082
vt 0.527102 0.697620
vt 0.465550 0.711028
vt 0.465531 0.709705
vt 0.466059 0.709693
vt 0.466081 0.711021
vt 0.531234 0.668154
vt 0.532584 0.668142
vt 0.465421 0.706221
vt 0.465597 0.705729
vt 0.466092 0.705771
vt 0.466027 0.706305
vt 0.540802 0.668033
vt 0.540270 0.668036
vt 0.528570 0.711899
vt 0.529193 0.711937
vt 0.529180 0.712680
vt 0.528544 0.712671
vt 0.535799 0.668108
vt 0.540277 0.668572
vt 0.535807 0.668650
vt 0.497996 0.668989
vt 0.497720 0.668235
vt 0.493543 0.669019
vt 0.492917 0.669032
vt 0.492915 0.668000
vt 0.493541 0.668012
vt 0.529186 0.713704
vt 0.528551 0.713723
vt 0.557721 0.716741
vt 0.557020 0.716109
vt 0.557351 0.715588
vt 0.558251 0.715772
vt 0.558227 0.714701
vt 0.557377 0.714977
vt 0.557099 0.714434
vt 0.557699 0.713815
vt 0.554549 0.716608
vt 0.555332 0.716012
vt 0.555856 0.716331
vt 0.555522 0.717339
vt 0.554925 0.713608
vt 0.555444 0.714337
vt 0.555099 0.714843
vt 0.554267 0.714453
vt 0.556598 0.714088
vt 0.556854 0.713317
vt 0.556467 0.716387
vt 0.556739 0.717333
vt 0.555054 0.715458
vt 0.554114 0.715547
vt 0.555990 0.714066
vt 0.555878 0.713212
vt 0.555637 0.715047
vt 0.555622 0.715363
vt 0.556413 0.714647
vt 0.556092 0.714632
vt 0.556339 0.715829
vt 0.556621 0.715694
vt 0.556797 0.715431
vt 0.556818 0.715114
vt 0.555767 0.715640
vt 0.555810 0.714781
vt 0.556680 0.714827
vt 0.556031 0.715802
vt 0.556219 0.715233
vt 0.559474 0.657454
vt 0.559625 0.658154
vt 0.557451 0.657080
vt 0.558167 0.656690
vt 0.497995 0.669750
vt 0.493564 0.669759
vt 0.529190 0.713951
vt 0.502721 0.669761
vt 0.501232 0.669758
vt 0.558455 0.655662
vt 0.557942 0.655196
vt 0.558732 0.654753
vt 0.558934 0.655392
vt 0.560230 0.656153
vt 0.560868 0.656008
vt 0.560865 0.656913
vt 0.560228 0.656703
vt 0.559952 0.657179
vt 0.560411 0.657698
vt 0.559638 0.654762
vt 0.559484 0.655398
vt 0.557475 0.655976
vt 0.558174 0.656136
vt 0.531239 0.668697
vt 0.532589 0.668684
vt 0.560418 0.655222
vt 0.559958 0.655676
vt 0.492941 0.669793
vt 0.540644 0.668412
vt 0.466028 0.700970
vt 0.466035 0.701494
vt 0.493543 0.667766
vt 0.497692 0.667717
vt 0.465513 0.701500
vt 0.492920 0.667749
vt 0.528562 0.713981
vt 0.465658 0.701137
vt 0.561070 0.656980
vt 0.560557 0.657863
vt 0.527095 0.697835
vt 0.528132 0.697855
vt 0.561075 0.655960
vt 0.526060 0.697824
vt 0.560569 0.655073
vt 0.525033 0.697820
vt 0.559688 0.654555
vt 0.524003 0.697836
vt 0.558668 0.654546
vt 0.522962 0.697846
vt 0.557779 0.655047
vt 0.521924 0.697867
vt 0.557257 0.655923
vt 0.520887 0.697908
vt 0.557231 0.657003
vt 0.519790 0.698003
vt 0.559675 0.658374
vt 0.558595 0.658385
vt 0.529170 0.697896
vt 0.530270 0.697990
vt 0.540800 0.668557
vt 0.540286 0.668784
vt 0.492988 0.670004
vt 0.493555 0.669966
vt 0.541016 0.668037
vt 0.529182 0.711727
vt 0.528613 0.711691
vt 0.501236 0.668036
vt 0.502632 0.668038
vt 0.465326 0.709710
vt 0.465343 0.711068
vt 0.532591 0.668894
vt 0.531203 0.668909
vt 0.501232 0.669969
vt 0.502628 0.669972
vt 0.497920 0.668026
vt 0.465187 0.706177
vt 0.535810 0.668860
vt 0.497996 0.669961
vt 0.465400 0.705698
vt 0.497883 0.667509
vt 0.465309 0.701499
vt 0.465510 0.700988
vt 0.493530 0.667558
vt 0.492961 0.667536
vt 0.466019 0.700756
vt 0.528603 0.714191
vt 0.529178 0.714161
vt 0.943906 0.279458
vt 0.943906 0.278795
vt 0.953519 0.278795
vt 0.953519 0.279458
vt 0.961077 0.278795
vt 0.961077 0.279458
vt 0.934293 0.279458
vt 0.934293 0.278795
vt 0.964597 0.279458
vt 0.964597 0.278795
vt 0.913072 0.279458
vt 0.913072 0.278795
vt 0.923377 0.278795
vt 0.923377 0.279458
vt 0.855216 0.280087
vt 0.855216 0.284189
vt 0.854554 0.284189
vt 0.854554 0.280087
vt 0.854554 0.277540
vt 0.855216 0.277540
vt 0.872257 0.249602
vt 0.881869 0.249421
vt 0.882056 0.250004
vt 0.872445 0.250184
vt 0.861181 0.249757
vt 0.864700 0.249771
vt 0.864888 0.250354
vt 0.861368 0.250340
vt 0.854689 0.271279
vt 0.855798 0.268987
vt 0.856135 0.269178
vt 0.855244 0.271020
vt 0.881860 0.255775
vt 0.872247 0.255596
vt 0.872435 0.255013
vt 0.882048 0.255193
vt 0.866006 0.180602
vt 0.866006 0.182887
vt 0.863961 0.182887
vt 0.863961 0.180602
vt 0.870108 0.180602
vt 0.870108 0.182887
vt 0.903139 0.215792
vt 0.903139 0.218077
vt 0.892223 0.218077
vt 0.892223 0.215792
vt 0.882904 0.208273
vt 0.873396 0.208273
vt 0.873396 0.204663
vt 0.882904 0.204663
vt 0.866002 0.208273
vt 0.866002 0.204663
vt 0.892464 0.208273
vt 0.892464 0.204663
vt 0.862631 0.208273
vt 0.862631 0.204663
vt 0.913614 0.208273
vt 0.903341 0.208273
vt 0.903341 0.204663
vt 0.913614 0.204663
vt 0.877976 0.193161
vt 0.881586 0.193161
vt 0.881586 0.196750
vt 0.877976 0.196750
vt 0.877976 0.191073
vt 0.881586 0.191073
vt 0.913258 0.215792
vt 0.913258 0.218077
vt 0.861917 0.215792
vt 0.865437 0.215792
vt 0.865437 0.218077
vt 0.861917 0.218077
vt 0.882609 0.218077
vt 0.882609 0.215792
vt 0.872995 0.215792
vt 0.872995 0.218077
vt 0.864690 0.255426
vt 0.864877 0.254843
vt 0.861170 0.255440
vt 0.861357 0.254857
vt 0.943900 0.266396
vt 0.943900 0.265734
vt 0.953515 0.265734
vt 0.953515 0.266396
vt 0.902190 0.247093
vt 0.891276 0.246895
vt 0.891349 0.245647
vt 0.902224 0.245843
vt 0.881663 0.246718
vt 0.881790 0.245474
vt 0.912497 0.247093
vt 0.912497 0.245843
vt 0.872051 0.246538
vt 0.864494 0.246369
vt 0.864890 0.245179
vt 0.872284 0.245309
vt 0.861865 0.194894
vt 0.860758 0.190945
vt 0.862086 0.191049
vt 0.863054 0.194506
vt 0.891261 0.228709
vt 0.902175 0.228511
vt 0.902209 0.229761
vt 0.891334 0.229957
vt 0.881649 0.228886
vt 0.881775 0.230130
vt 0.912482 0.228511
vt 0.912482 0.229761
vt 0.864479 0.229235
vt 0.872036 0.229065
vt 0.872269 0.230295
vt 0.864876 0.230425
vt 0.857345 0.221938
vt 0.858453 0.217989
vt 0.859642 0.218378
vt 0.858673 0.221834
vt 0.860974 0.246382
vt 0.861520 0.245256
vt 0.860960 0.229221
vt 0.861505 0.230347
vt 0.861820 0.188631
vt 0.862956 0.189152
vt 0.858407 0.224252
vt 0.859543 0.223731
vt 0.856868 0.212927
vt 0.855849 0.216900
vt 0.855294 0.216643
vt 0.856312 0.212669
vt 0.961075 0.265734
vt 0.961075 0.266396
vt 0.912696 0.256150
vt 0.902389 0.256150
vt 0.902576 0.255567
vt 0.912696 0.255567
vt 0.891481 0.249245
vt 0.891668 0.249828
vt 0.934285 0.266396
vt 0.934285 0.265734
vt 0.855716 0.275249
vt 0.856271 0.274991
vt 0.964595 0.266396
vt 0.964595 0.265734
vt 0.891473 0.255952
vt 0.891661 0.255369
vt 0.855755 0.210636
vt 0.855418 0.210829
vt 0.913061 0.266396
vt 0.913061 0.265734
vt 0.923368 0.265734
vt 0.923368 0.266396
vt 0.902395 0.249047
vt 0.902583 0.249630
vt 0.927378 0.286494
vt 0.923277 0.286494
vt 0.923277 0.285831
vt 0.927378 0.285831
vt 0.912702 0.249047
vt 0.912702 0.249630
vt 0.929924 0.285831
vt 0.929925 0.286494
vt 0.852645 0.203029
vt 0.852645 0.200744
vt 0.853509 0.200082
vt 0.853509 0.203692
vt 0.852259 0.203692
vt 0.852257 0.203030
vt 0.852257 0.200743
vt 0.852259 0.200081
vt 0.882238 0.279458
vt 0.872625 0.279458
vt 0.872625 0.278795
vt 0.882238 0.278795
vt 0.865066 0.279458
vt 0.865066 0.278795
vt 0.891851 0.279458
vt 0.891851 0.278795
vt 0.861547 0.279458
vt 0.861547 0.278795
vt 0.902767 0.279458
vt 0.902767 0.278795
vt 0.855214 0.223219
vt 0.854551 0.223219
vt 0.854551 0.219118
vt 0.855214 0.219118
vt 0.855214 0.225766
vt 0.854552 0.225766
vt 0.953146 0.249601
vt 0.952958 0.250184
vt 0.943346 0.250004
vt 0.943533 0.249421
vt 0.964222 0.249757
vt 0.964034 0.250340
vt 0.960515 0.250353
vt 0.960702 0.249770
vt 0.856624 0.239734
vt 0.856069 0.239476
vt 0.855175 0.237635
vt 0.855512 0.237443
vt 0.943531 0.255775
vt 0.943344 0.255193
vt 0.952957 0.255013
vt 0.953144 0.255596
vt 0.868062 0.184847
vt 0.870107 0.184847
vt 0.870107 0.187132
vt 0.868062 0.187132
vt 0.863960 0.187132
vt 0.863960 0.184847
vt 0.923376 0.215792
vt 0.934293 0.215792
vt 0.934293 0.218077
vt 0.923376 0.218077
vt 0.944323 0.208273
vt 0.944323 0.204663
vt 0.953831 0.204663
vt 0.953831 0.208273
vt 0.961225 0.204663
vt 0.961225 0.208273
vt 0.934763 0.208273
vt 0.934763 0.204663
vt 0.964596 0.208273
vt 0.964596 0.204663
vt 0.923886 0.204663
vt 0.923886 0.208273
vt 0.902934 0.194685
vt 0.899345 0.194685
vt 0.899344 0.191075
vt 0.902934 0.191075
vt 0.905021 0.191075
vt 0.905021 0.194685
vt 0.964598 0.215792
vt 0.964598 0.218077
vt 0.961079 0.218077
vt 0.961079 0.215792
vt 0.943906 0.215792
vt 0.943906 0.218077
vt 0.953520 0.215792
vt 0.953520 0.218077
vt 0.960514 0.254843
vt 0.960702 0.255426
vt 0.964034 0.254857
vt 0.964221 0.255440
vt 0.882221 0.266396
vt 0.872607 0.266396
vt 0.872607 0.265734
vt 0.882221 0.265734
vt 0.922804 0.247093
vt 0.922770 0.245843
vt 0.933645 0.245647
vt 0.933718 0.246895
vt 0.943204 0.245474
vt 0.943331 0.246718
vt 0.952943 0.246538
vt 0.952710 0.245309
vt 0.960104 0.245179
vt 0.960500 0.246369
vt 0.859419 0.216242
vt 0.858230 0.215850
vt 0.859207 0.212397
vt 0.860534 0.212296
vt 0.933703 0.228709
vt 0.933630 0.229957
vt 0.922755 0.229761
vt 0.922788 0.228511
vt 0.943316 0.228885
vt 0.943188 0.230130
vt 0.960485 0.229234
vt 0.960088 0.230425
vt 0.952695 0.230295
vt 0.952928 0.229065
vt 0.918633 0.283892
vt 0.918736 0.282564
vt 0.922190 0.281591
vt 0.922581 0.282779
vt 0.963474 0.245256
vt 0.964020 0.246382
vt 0.964005 0.229221
vt 0.963459 0.230347
vt 0.858341 0.210497
vt 0.859478 0.209979
vt 0.916318 0.282834
vt 0.916837 0.281697
vt 0.856626 0.180715
vt 0.856071 0.180972
vt 0.855052 0.176999
vt 0.855608 0.176742
vt 0.865047 0.266396
vt 0.865047 0.265734
vt 0.922815 0.255567
vt 0.923003 0.256150
vt 0.933734 0.249828
vt 0.933922 0.249245
vt 0.891836 0.266396
vt 0.891836 0.265734
vt 0.855604 0.243707
vt 0.855049 0.243449
vt 0.861527 0.266396
vt 0.861527 0.265734
vt 0.933918 0.255952
vt 0.933731 0.255369
vt 0.855513 0.183005
vt 0.855176 0.182813
vt 0.902753 0.266396
vt 0.902753 0.265734
vt 0.922820 0.249630
vt 0.923007 0.249047
vt 0.914680 0.285839
vt 0.914680 0.286502
vt 0.910578 0.286502
vt 0.910578 0.285839
vt 0.917226 0.285839
vt 0.917226 0.286502
vt 0.897038 0.288054
vt 0.897700 0.288918
vt 0.894090 0.288918
vt 0.894753 0.288054
vt 0.897701 0.287668
vt 0.897038 0.287667
vt 0.894090 0.287668
vt 0.894752 0.287667
vt 0.943908 0.269009
vt 0.943908 0.268347
vt 0.953521 0.268347
vt 0.953521 0.269009
vt 0.961078 0.268347
vt 0.961078 0.269009
vt 0.934296 0.269009
vt 0.934296 0.268347
vt 0.964597 0.269009
vt 0.964597 0.268347
vt 0.913076 0.269009
vt 0.913076 0.268347
vt 0.923381 0.268347
vt 0.923381 0.269009
vt 0.854974 0.248474
vt 0.854974 0.252575
vt 0.854312 0.252575
vt 0.854312 0.248474
vt 0.854312 0.245928
vt 0.854974 0.245928
vt 0.953148 0.258135
vt 0.943537 0.258315
vt 0.943350 0.257732
vt 0.952960 0.257553
vt 0.964222 0.257979
vt 0.960704 0.257966
vt 0.960516 0.257383
vt 0.964035 0.257397
vt 0.856870 0.196433
vt 0.855755 0.198722
vt 0.855419 0.198530
vt 0.856314 0.196690
vt 0.881882 0.260856
vt 0.872272 0.260676
vt 0.872459 0.260093
vt 0.882070 0.260273
vt 0.869534 0.191367
vt 0.869534 0.189083
vt 0.871580 0.189083
vt 0.871580 0.191367
vt 0.865433 0.191367
vt 0.865433 0.189083
vt 0.923381 0.226553
vt 0.923381 0.224269
vt 0.934295 0.224269
vt 0.934295 0.226553
vt 0.882906 0.213839
vt 0.873399 0.213839
vt 0.873399 0.210229
vt 0.882906 0.210229
vt 0.866006 0.213839
vt 0.866006 0.210229
vt 0.892465 0.213839
vt 0.892465 0.210229
vt 0.862635 0.213839
vt 0.862635 0.210229
vt 0.913612 0.213839
vt 0.903341 0.213839
vt 0.903341 0.210229
vt 0.913612 0.210229
vt 0.893624 0.194684
vt 0.893624 0.191075
vt 0.897212 0.191075
vt 0.897212 0.194684
vt 0.891536 0.194684
vt 0.891536 0.191075
vt 0.913263 0.226553
vt 0.913263 0.224269
vt 0.964598 0.226553
vt 0.961079 0.226553
vt 0.961079 0.224269
vt 0.964598 0.224268
vt 0.943908 0.224269
vt 0.943908 0.226553
vt 0.953521 0.226553
vt 0.953521 0.224269
vt 0.864716 0.260507
vt 0.864903 0.259924
vt 0.861197 0.260520
vt 0.861384 0.259937
vt 0.882242 0.270961
vt 0.882242 0.271623
vt 0.872629 0.271623
vt 0.872629 0.270961
vt 0.902176 0.243892
vt 0.891263 0.243694
vt 0.891336 0.242446
vt 0.902210 0.242642
vt 0.881652 0.243517
vt 0.881778 0.242273
vt 0.912481 0.243892
vt 0.912481 0.242642
vt 0.872041 0.243337
vt 0.864485 0.243168
vt 0.864881 0.241978
vt 0.872274 0.242108
vt 0.859413 0.193416
vt 0.860528 0.197363
vt 0.859200 0.197261
vt 0.858224 0.193808
vt 0.891280 0.235111
vt 0.902194 0.234913
vt 0.902227 0.236163
vt 0.891354 0.236359
vt 0.881669 0.235287
vt 0.881796 0.236532
vt 0.912499 0.234913
vt 0.912499 0.236163
vt 0.864502 0.235637
vt 0.872058 0.235467
vt 0.872291 0.236697
vt 0.864899 0.236827
vt 0.910077 0.281428
vt 0.914024 0.282540
vt 0.913633 0.283728
vt 0.910179 0.282755
vt 0.860965 0.243181
vt 0.861511 0.242056
vt 0.860983 0.235624
vt 0.861529 0.236749
vt 0.859471 0.199679
vt 0.858334 0.199160
vt 0.907761 0.282487
vt 0.908281 0.283623
vt 0.859307 0.239891
vt 0.858287 0.243864
vt 0.857731 0.243606
vt 0.858752 0.239634
vt 0.865072 0.271623
vt 0.865072 0.270961
vt 0.912710 0.261230
vt 0.902406 0.261230
vt 0.902594 0.260648
vt 0.912710 0.260648
vt 0.933926 0.258492
vt 0.933739 0.257909
vt 0.891855 0.270961
vt 0.891855 0.271623
vt 0.855854 0.192461
vt 0.855299 0.192718
vt 0.861552 0.270961
vt 0.861552 0.271623
vt 0.891493 0.261032
vt 0.891680 0.260450
vt 0.858195 0.237601
vt 0.857858 0.237794
vt 0.913076 0.270961
vt 0.913076 0.271623
vt 0.902771 0.271623
vt 0.902771 0.270961
vt 0.923013 0.258689
vt 0.922825 0.258107
vt 0.934617 0.286761
vt 0.938717 0.286761
vt 0.938717 0.287423
vt 0.934617 0.287423
vt 0.912708 0.258689
vt 0.912708 0.258107
vt 0.932071 0.287423
vt 0.932071 0.286761
vt 0.854831 0.186028
vt 0.854831 0.188313
vt 0.853968 0.188975
vt 0.853968 0.185366
vt 0.855218 0.185365
vt 0.855219 0.186028
vt 0.855219 0.188314
vt 0.855218 0.188976
vt 0.882244 0.269009
vt 0.872632 0.269009
vt 0.872632 0.268347
vt 0.882244 0.268347
vt 0.865074 0.269009
vt 0.865074 0.268347
vt 0.891857 0.269009
vt 0.891857 0.268347
vt 0.861555 0.269009
vt 0.861555 0.268347
vt 0.902772 0.269009
vt 0.902772 0.268347
vt 0.947794 0.288215
vt 0.947794 0.287553
vt 0.951895 0.287553
vt 0.951895 0.288215
vt 0.945248 0.288215
vt 0.945248 0.287553
vt 0.872269 0.258135
vt 0.872457 0.257552
vt 0.882068 0.257732
vt 0.881880 0.258315
vt 0.861194 0.257979
vt 0.861382 0.257397
vt 0.864901 0.257383
vt 0.864713 0.257966
vt 0.953117 0.285573
vt 0.953375 0.285018
vt 0.955215 0.284124
vt 0.955407 0.284460
vt 0.943539 0.260856
vt 0.943351 0.260273
vt 0.952962 0.260093
vt 0.953150 0.260676
vt 0.867479 0.195600
vt 0.865433 0.195600
vt 0.865433 0.193316
vt 0.867479 0.193316
vt 0.871580 0.193316
vt 0.871580 0.195600
vt 0.903146 0.226553
vt 0.892231 0.226554
vt 0.892231 0.224269
vt 0.903146 0.224269
vt 0.944318 0.213839
vt 0.944318 0.210229
vt 0.953825 0.210229
vt 0.953825 0.213839
vt 0.961218 0.210229
vt 0.961218 0.213838
vt 0.934759 0.213839
vt 0.934759 0.210229
vt 0.964589 0.213838
vt 0.964589 0.210229
vt 0.923883 0.210229
vt 0.923883 0.213839
vt 0.885808 0.191076
vt 0.889397 0.191076
vt 0.889397 0.194686
vt 0.885808 0.194686
vt 0.883721 0.194686
vt 0.883721 0.191076
vt 0.861928 0.226553
vt 0.861928 0.224269
vt 0.865447 0.224269
vt 0.865447 0.226553
vt 0.882618 0.226553
vt 0.882618 0.224269
vt 0.873005 0.226554
vt 0.873005 0.224269
vt 0.960518 0.259924
vt 0.960705 0.260507
vt 0.964037 0.259937
vt 0.964224 0.260520
vt 0.943909 0.270961
vt 0.953521 0.270961
vt 0.953521 0.271623
vt 0.943909 0.271623
vt 0.922786 0.243892
vt 0.922753 0.242642
vt 0.933626 0.242446
vt 0.933700 0.243694
vt 0.943184 0.242273
vt 0.943311 0.243517
vt 0.952922 0.243337
vt 0.952689 0.242108
vt 0.960081 0.241978
vt 0.960478 0.243168
vt 0.931114 0.282543
vt 0.930725 0.283731
vt 0.927270 0.282761
vt 0.927166 0.281434
vt 0.933717 0.235111
vt 0.933644 0.236359
vt 0.922771 0.236163
vt 0.922804 0.234913
vt 0.943329 0.235287
vt 0.943202 0.236532
vt 0.960496 0.235637
vt 0.960099 0.236827
vt 0.952707 0.236697
vt 0.952940 0.235467
vt 0.859554 0.188119
vt 0.858227 0.188014
vt 0.857260 0.184558
vt 0.858449 0.184169
vt 0.963451 0.242056
vt 0.963997 0.243181
vt 0.964015 0.235624
vt 0.963469 0.236749
vt 0.925372 0.283630
vt 0.924851 0.282494
vt 0.858491 0.190432
vt 0.857355 0.189910
vt 0.961926 0.283872
vt 0.962185 0.284426
vt 0.958215 0.285453
vt 0.957956 0.284899
vt 0.961079 0.270961
vt 0.961079 0.271623
vt 0.922827 0.260647
vt 0.923015 0.261230
vt 0.891678 0.257909
vt 0.891491 0.258492
vt 0.934296 0.270961
vt 0.934296 0.271623
vt 0.949145 0.284554
vt 0.949402 0.283998
vt 0.964598 0.270961
vt 0.964598 0.271623
vt 0.933928 0.261032
vt 0.933741 0.260450
vt 0.964219 0.284979
vt 0.964027 0.285316
vt 0.923381 0.270961
vt 0.923381 0.271623
vt 0.902591 0.258107
vt 0.902404 0.258689
vt 0.962045 0.287561
vt 0.962045 0.288223
vt 0.957944 0.288223
vt 0.957944 0.287561
vt 0.964591 0.287561
vt 0.964591 0.288223
vt 0.854469 0.287461
vt 0.853807 0.286598
vt 0.857416 0.286598
vt 0.856754 0.287461
vt 0.853806 0.287848
vt 0.854469 0.287849
vt 0.857417 0.287848
vt 0.856755 0.287849
s 1
usemtl comic
f 85/1/1 73/2/2 74/3/3 104/4/4
f 149/5/5 148/6/6 152/7/7 154/8/8
f 189/9/9 53/10/10 52/11/11 187/12/12
f 104/4/4 74/3/3 75/13/13 87/14/14
f 290/15/15 32/16/16 38/17/17 292/18/18
f 563/19/19 9/20/20 4/21/21 561/22/22
f 403/23/23 338/24/24 57/25/25 128/26/26
f 190/27/27 48/28/28 47/29/29 191/30/30
f 559/31/31 576/32/32 221/33/33 64/34/31
f 58/35/31 201/36/34 497/37/35 328/38/31
f 222/39/36 8/40/37 3/41/38
f 64/34/31 221/33/33 206/42/39 56/43/31
f 61/44/31 213/45/40 216/46/41 60/47/31
f 60/47/31 216/46/41 219/48/42 59/49/31
f 63/50/31 204/51/43 210/52/44 62/53/31
f 231/54/45 500/55/46 291/56/47 35/57/48
f 1/58/49 5/59/50 6/60/51 9/61/20
f 2/62/52 7/63/53 6/60/51 5/59/50
f 3/41/38 8/40/37 6/64/51 7/65/53
f 4/21/21 9/20/20 6/64/51 8/40/37
f 562/66/54 1/58/49 9/61/20 563/67/19
f 314/68/31 65/69/31 617/70/31 599/71/31
f 292/72/18 38/73/17 35/57/48 291/56/47
f 628/74/55 225/75/56 34/76/57 619/77/58
f 222/39/36 4/21/21 8/40/37
f 40/78/59 294/79/59 295/80/60 41/81/60
f 13/82/61 28/83/62 30/84/63 15/85/64
f 15/86/64 30/87/63 29/88/65 14/89/66
f 28/83/62 25/90/67 27/91/68 30/84/63
f 30/87/63 27/92/68 26/93/69 29/88/65
f 25/90/67 22/94/70 24/95/71 27/91/68
f 27/92/68 24/96/71 23/97/72 26/93/69
f 22/94/70 19/98/73 21/99/74 24/95/71
f 24/100/71 21/101/74 20/102/75 23/103/72
f 19/98/73 16/104/76 18/105/77 21/99/74
f 21/101/74 18/106/77 17/107/78 20/102/75
f 16/104/76 10/108/79 12/109/80 18/105/77
f 18/106/77 12/110/80 11/111/81 17/107/78
f 287/112/82 11/111/81 12/110/80 289/113/83
f 289/114/83 12/109/80 10/108/79 288/115/84
f 3/41/38 14/89/66 207/116/85 222/39/36
f 14/89/66 3/41/38 7/65/53 15/86/64
f 44/117/86 10/108/79 16/104/76
f 43/118/87 32/16/16 290/15/15 305/119/87
f 33/120/88 39/121/89 38/17/17 32/16/16
f 31/122/90 37/123/91 39/121/89 33/120/88
f 39/124/89 36/125/92 35/57/48 38/73/17
f 37/126/91 34/76/57 36/127/92 39/128/89
f 338/24/24 501/129/93 230/130/94 57/25/25
f 621/131/87 43/118/87 305/119/87 616/132/87
f 383/133/95 351/134/96 76/135/97 89/136/98
f 620/137/99 31/122/90 43/118/87 621/131/87
f 5/59/50 41/81/60 42/138/100 2/62/52
f 1/58/49 40/78/59 41/81/60 5/59/50
f 57/139/25 230/140/94 224/141/101
f 91/142/102 77/143/103 78/144/104 93/145/105
f 196/146/106 54/147/107 53/148/10 189/149/9
f 93/145/105 78/144/104 79/150/108 106/151/109
f 15/85/64 7/63/53 2/62/52 13/82/61
f 44/117/86 13/82/61 2/62/52 42/138/100
f 288/115/84 10/108/79 44/117/86 311/152/86
f 44/117/86 16/104/76 19/98/73
f 44/117/86 22/94/70 25/90/67
f 22/94/70 44/117/86 19/98/73
f 44/117/86 25/90/67 28/83/62
f 13/82/61 44/117/86 28/83/62
f 31/122/90 33/120/88 32/16/16 43/118/87
f 207/116/85 14/89/66 29/88/65 203/153/110
f 203/153/110 29/88/65 26/93/69 209/154/111
f 209/154/111 26/93/69 23/97/72 212/155/112
f 212/156/112 23/103/72 20/102/75 215/157/113
f 215/157/113 20/102/75 17/107/78 218/158/114
f 218/158/114 17/107/78 11/111/81 200/159/115
f 62/53/31 210/52/44 213/160/40 61/161/31
f 56/43/31 206/42/39 204/51/43 63/50/31
f 487/162/116 315/163/117 50/164/118 194/165/119
f 34/76/57 225/75/56 228/166/120 36/127/92
f 560/167/31 558/168/31 45/169/31 312/170/31
f 558/168/31 565/171/31 47/172/31 45/169/31
f 55/173/31 50/174/31 49/175/31
f 48/176/31 51/177/31 49/175/31
f 51/177/31 52/178/31 49/175/31
f 52/178/31 53/179/31 49/175/31
f 53/179/31 54/180/31 49/175/31
f 54/180/31 55/173/31 49/175/31
f 49/175/31 50/174/31 315/181/31 316/182/31
f 311/152/86 44/117/86 42/138/100 293/183/121
f 45/169/31 47/172/31 48/176/31 49/175/31
f 570/184/122 121/185/123 146/186/124 571/187/125
f 158/188/126 156/189/127 183/190/128 162/191/129
f 154/8/8 152/7/7 156/189/127 158/188/126
f 171/192/130 179/193/131 431/194/132 434/195/133
f 110/196/134 56/43/31 63/50/31 111/197/135
f 165/198/136 174/199/137 176/200/138 167/201/139
f 200/159/115 11/111/81 287/112/82 498/202/140
f 230/140/94 227/203/141 224/141/101
f 142/204/142 140/205/143 181/206/144 159/207/145
f 164/208/146 185/209/147 174/199/137 165/198/136
f 36/125/92 228/210/120 231/54/45 35/57/48
f 107/211/148 96/212/149 173/213/150 186/214/151
f 169/215/152 178/216/153 179/217/131 171/218/130
f 167/201/139 176/200/138 178/216/153 169/215/152
f 65/69/31 67/219/31 617/70/31
f 67/219/31 68/220/31 617/70/31
f 68/220/31 69/221/31 617/70/31
f 69/221/31 601/222/31 617/70/31
f 108/223/154 80/224/155 81/225/156 95/226/157
f 95/226/157 81/225/156 82/227/158 97/228/159
f 97/228/159 82/227/158 83/229/160 99/230/161
f 99/230/161 83/229/160 84/231/162 102/232/163
f 102/233/163 84/234/162 350/235/164 366/236/165
f 643/237/54 642/238/166 644/239/87 645/240/87
f 109/241/167 112/242/168 141/243/169 160/244/170
f 199/245/171 67/246/172 65/247/173 193/248/174
f 198/249/175 68/250/176 67/246/172 199/245/171
f 197/251/177 69/252/178 68/250/176 198/249/175
f 193/253/174 65/254/173 314/255/179 486/256/180
f 606/257/181 601/258/182 69/252/178 197/251/177
f 195/259/183 55/260/184 54/147/107 196/146/106
f 194/165/119 50/164/118 55/260/184 195/259/183
f 89/136/98 76/135/97 77/143/103 91/142/102
f 188/261/185 51/262/186 48/28/28 190/27/27
f 602/263/187 622/264/188 80/224/155 108/223/154
f 112/242/168 114/265/189 137/266/190 141/243/169
f 162/267/129 183/268/128 136/269/191 138/270/192
f 123/271/193 405/272/194 448/273/195 150/274/196
f 45/169/31 49/175/31 316/182/31 312/170/31
f 96/212/149 98/275/197 175/276/198 173/213/150
f 116/277/199 118/278/200 157/279/201 161/280/202
f 569/281/203 559/31/31 64/34/31 122/282/204
f 134/283/205 128/284/26 57/139/25
f 118/278/200 120/285/206 153/286/207 157/279/201
f 132/287/208 134/283/205 57/139/25
f 447/288/209 474/289/210 148/6/6 149/5/5
f 130/290/211 132/287/208 57/139/25
f 122/282/204 64/34/31 56/43/31 110/196/134
f 125/291/212 130/290/211 57/139/25
f 404/292/213 127/293/214 172/294/215 433/295/216
f 70/296/217 72/297/218 73/2/2 85/1/1
f 105/298/219 71/299/220 135/300/221 184/301/222
f 71/299/220 86/302/223 139/303/224 135/300/221
f 159/207/145 181/206/144 144/304/225 145/305/226
f 86/302/223 103/306/227 182/307/228 139/303/224
f 384/308/229 90/309/230 147/310/231 473/311/232
f 90/309/230 92/312/233 151/313/234 147/310/231
f 92/312/233 94/314/235 155/315/236 151/313/234
f 94/314/235 105/316/219 184/317/222 155/315/236
f 101/318/237 365/319/238 432/320/239 180/321/240
f 129/322/241 126/323/242 163/324/243 166/325/244
f 131/326/245 129/322/241 166/325/244 168/327/246
f 133/328/247 131/326/245 168/327/246 170/329/248
f 127/330/214 133/328/247 170/329/248 172/331/215
f 623/332/249 107/211/148 186/214/151 605/333/250
f 111/197/135 63/50/31 62/53/31 113/334/251
f 120/285/206 123/271/193 150/274/196 153/286/207
f 98/275/197 100/335/252 177/336/253 175/276/198
f 113/334/251 62/53/31 61/161/31 115/337/254
f 100/335/252 101/338/237 180/339/240 177/336/253
f 115/340/254 61/44/31 60/47/31 117/341/255
f 124/342/256 58/35/31 328/38/31 406/343/257
f 117/341/255 60/47/31 59/49/31 119/344/258
f 119/344/258 59/49/31 58/35/31 124/342/256
f 103/306/227 88/345/259 143/346/260 182/307/228
f 187/12/12 52/11/11 51/262/186 188/261/185
f 114/265/189 116/347/199 161/348/202 137/266/190
f 83/229/160 199/245/171 193/248/174 84/231/162
f 82/227/158 198/249/175 199/245/171 83/229/160
f 81/225/156 197/251/177 198/249/175 82/227/158
f 80/224/155 606/257/181 197/251/177 81/225/156
f 84/234/162 193/253/174 486/256/180 350/235/164
f 78/144/104 196/146/106 189/149/9 79/150/108
f 77/143/103 195/259/183 196/146/106 78/144/104
f 76/135/97 194/165/119 195/259/183 77/143/103
f 351/134/96 487/162/116 194/165/119 76/135/97
f 73/2/2 188/261/185 190/27/27 74/3/3
f 121/185/123 109/241/167 160/244/170 146/186/124
f 72/297/218 187/12/12 188/261/185 73/2/2
f 79/349/108 189/9/9 187/12/12 72/297/218
f 106/350/109 70/351/217 71/299/220 105/298/219
f 70/351/217 85/352/1 86/302/223 71/299/220
f 74/3/3 190/27/27 191/30/30 75/13/13
f 85/352/1 104/353/4 103/306/227 86/302/223
f 383/354/95 89/355/98 90/309/230 384/308/229
f 89/355/98 91/356/102 92/312/233 90/309/230
f 91/356/102 93/357/105 94/314/235 92/312/233
f 93/357/105 106/358/109 105/316/219 94/314/235
f 102/359/163 366/360/165 365/319/238 101/318/237
f 108/361/154 95/362/157 96/212/149 107/211/148
f 95/362/157 97/363/159 98/275/197 96/212/149
f 97/363/159 99/364/161 100/335/252 98/275/197
f 99/364/161 102/365/163 101/338/237 100/335/252
f 602/366/187 108/361/154 107/211/148 623/332/249
f 106/367/109 79/349/108 72/297/218 70/296/217
f 109/241/167 110/368/134 111/369/135 112/242/168
f 112/242/168 111/369/135 113/370/251 114/265/189
f 114/265/189 113/370/251 115/371/254 116/347/199
f 116/277/199 115/372/254 117/373/255 118/278/200
f 118/278/200 117/373/255 119/374/258 120/285/206
f 120/285/206 119/374/258 124/375/256 123/271/193
f 104/353/4 87/376/14 88/345/259 103/306/227
f 129/322/241 130/377/211 125/378/212 126/323/242
f 131/326/245 132/379/208 130/377/211 129/322/241
f 133/328/247 134/380/205 132/379/208 131/326/245
f 127/330/214 128/381/26 134/380/205 133/328/247
f 624/382/261 603/383/262 126/323/242 125/378/212
f 127/293/214 404/292/213 403/384/23 128/385/26
f 448/386/195 447/288/209 149/5/5 150/387/196
f 604/388/263 626/389/264 185/209/147 164/208/146
f 159/207/145 160/390/170 141/391/169 142/204/142
f 142/204/142 141/391/169 137/392/190 138/270/192
f 138/270/192 137/392/190 161/393/202 162/267/129
f 162/191/129 161/394/202 157/395/201 158/188/126
f 158/188/126 157/395/201 153/396/207 154/8/8
f 154/8/8 153/396/207 150/387/196 149/5/5
f 109/241/167 121/185/123 122/397/204 110/368/134
f 165/198/136 166/398/244 163/399/243 164/208/146
f 167/201/139 168/400/246 166/398/244 165/198/136
f 169/215/152 170/401/248 168/400/246 167/201/139
f 171/218/130 172/402/215 170/401/248 169/215/152
f 625/403/265 604/388/263 164/208/146 163/399/243
f 171/192/130 434/195/133 433/404/216 172/405/215
f 139/303/224 140/406/143 136/407/191 135/300/221
f 159/207/145 145/305/226 146/408/124 160/390/170
f 182/307/228 181/409/144 140/406/143 139/303/224
f 147/310/231 148/410/6 474/411/210 473/311/232
f 151/313/234 152/412/7 148/410/6 147/310/231
f 155/315/236 156/413/127 152/412/7 151/313/234
f 184/317/222 183/414/128 156/413/127 155/315/236
f 432/320/239 431/415/132 179/416/131 180/321/240
f 173/213/150 174/417/137 185/418/147 186/214/151
f 175/276/198 176/419/138 174/417/137 173/213/150
f 177/336/253 178/420/153 176/419/138 175/276/198
f 180/339/240 179/421/131 178/420/153 177/336/253
f 573/422/266 574/423/267 144/424/225 143/346/260
f 138/270/192 136/269/191 140/205/143 142/204/142
f 406/425/257 405/272/194 123/271/193 124/375/256
f 622/264/188 606/257/181 80/224/155
f 135/300/221 136/407/191 183/426/128 184/301/222
f 204/51/43 206/42/39 208/427/268 205/428/269
f 205/429/269 208/430/268 207/116/85 203/153/110
f 210/52/44 204/51/43 205/428/269 211/431/270
f 211/432/270 205/429/269 203/153/110 209/154/111
f 213/160/40 210/52/44 211/431/270 214/433/271
f 214/434/271 211/432/270 209/154/111 212/155/112
f 216/46/41 213/45/40 214/435/271 217/436/272
f 217/437/272 214/438/271 212/156/112 215/157/113
f 219/48/42 216/46/41 217/436/272 220/439/273
f 220/440/273 217/437/272 215/157/113 218/158/114
f 201/36/34 219/48/42 220/439/273 202/441/274
f 202/442/274 220/440/273 218/158/114 200/159/115
f 497/37/35 201/36/34 202/441/274 499/443/275
f 499/444/275 202/442/274 200/159/115 498/202/140
f 227/203/141 230/140/94 232/445/276 229/446/277
f 229/447/277 232/448/276 231/54/45 228/210/120
f 230/130/94 501/129/93 502/449/278 232/450/276
f 232/448/276 502/451/278 500/55/46 231/54/45
f 143/346/260 144/424/225 181/409/144 182/307/228
f 222/39/36 207/116/85 208/430/268 223/452/279
f 607/453/280 224/141/101 226/454/281 627/455/282
f 627/456/282 226/457/281 225/75/56 628/74/55
f 224/141/101 227/203/141 229/446/277 226/454/281
f 226/457/281 229/458/277 228/166/120 225/75/56
f 59/49/31 219/48/42 201/36/34 58/35/31
f 293/183/121 42/138/100 41/81/60 295/80/60
f 236/459/283 255/460/284 248/461/284 234/462/283
f 238/463/31 249/464/285 254/465/285 239/466/31
f 251/467/286 235/468/287 233/469/287 246/470/286
f 241/471/31 242/472/31 243/473/31 244/474/31
f 240/475/288 237/476/288 241/471/288 244/474/288
f 238/463/289 239/466/289 243/473/289 242/472/289
f 251/467/286 246/470/286 247/477/290 253/478/290
f 253/478/290 247/477/290 245/479/291 252/480/291
f 248/461/284 255/460/284 256/481/292 250/482/292
f 250/482/292 256/481/292 254/465/285 249/464/285
f 245/479/291 237/476/31 240/475/31 252/480/291
f 361/483/293 382/484/294 348/485/295 347/486/296
f 437/487/297 442/488/298 440/489/299 436/490/300
f 481/491/301 479/492/302 324/493/303 325/494/304
f 223/495/279 208/427/268 206/42/39 221/33/33
f 382/484/294 363/496/305 349/497/306 348/485/295
f 290/15/15 292/18/18 303/498/307 297/499/308
f 583/500/309 581/501/310 260/502/311 265/503/312
f 403/23/23 412/504/313 330/505/314 338/24/24
f 482/506/315 483/507/316 319/508/317 320/509/318
f 580/510/31 337/511/31 521/512/319 596/513/320
f 331/514/31 328/38/31 497/37/35 495/515/321
f 522/516/322 259/517/323 264/518/324
f 337/511/31 329/519/31 506/520/325 521/512/319
f 334/521/31 333/522/31 516/523/326 513/524/327
f 333/522/31 332/525/31 519/526/328 516/523/326
f 336/527/31 335/528/31 510/529/329 504/530/330
f 531/531/331 300/532/332 291/56/47 500/55/46
f 257/533/333 265/534/312 262/535/334 261/536/335
f 258/537/336 261/536/335 262/535/334 263/538/337
f 259/517/323 263/539/337 262/540/334 264/518/324
f 260/502/311 264/518/324 262/540/334 265/503/312
f 582/541/338 583/542/309 265/534/312 257/533/333
f 314/68/31 599/71/31 318/543/31 339/544/31
f 292/72/18 291/56/47 300/532/332 303/545/307
f 640/546/339 631/547/340 299/548/341 525/549/342
f 522/516/322 264/518/324 260/502/311
f 306/550/59 307/551/60 295/80/60 294/79/59
f 269/552/343 271/553/344 286/554/345 284/555/346
f 271/556/344 270/557/347 285/558/348 286/559/345
f 284/555/346 286/554/345 283/560/349 281/561/350
f 286/559/345 285/558/348 282/562/351 283/563/349
f 281/561/350 283/560/349 280/564/352 278/565/353
f 283/563/349 282/562/351 279/566/354 280/567/352
f 278/565/353 280/564/352 277/568/355 275/569/356
f 280/570/352 279/571/354 276/572/357 277/573/355
f 275/569/356 277/568/355 274/574/358 272/575/359
f 277/573/355 276/572/357 273/576/360 274/577/358
f 272/575/359 274/574/358 268/578/361 266/579/362
f 274/577/358 273/576/360 267/580/363 268/581/361
f 287/112/82 289/113/83 268/581/361 267/580/363
f 289/114/83 288/115/84 266/579/362 268/578/361
f 259/517/323 522/516/322 507/582/364 270/557/347
f 270/557/347 271/556/344 263/539/337 259/517/323
f 310/583/86 272/575/359 266/579/362
f 309/584/87 305/119/87 290/15/15 297/499/308
f 298/585/365 297/499/308 303/498/307 304/586/366
f 296/587/367 298/585/365 304/586/366 302/588/368
f 304/589/366 303/545/307 300/532/332 301/590/369
f 302/591/368 304/592/366 301/593/369 299/548/341
f 338/24/24 330/505/314 530/594/370 501/129/93
f 633/595/87 616/132/87 305/119/87 309/584/87
f 383/133/95 367/596/371 352/597/372 351/134/96
f 632/598/373 633/595/87 309/584/87 296/587/367
f 261/536/335 258/537/336 308/599/100 307/551/60
f 257/533/333 261/536/335 307/551/60 306/550/59
f 330/600/314 524/601/374 530/602/370
f 369/603/375 371/604/376 354/605/377 353/606/378
f 490/607/379 481/608/301 325/609/304 326/610/380
f 371/604/376 386/611/381 355/612/382 354/605/377
f 271/553/344 269/552/343 258/537/336 263/538/337
f 310/583/86 308/599/100 258/537/336 269/552/343
f 288/115/84 311/152/86 310/583/86 266/579/362
f 310/583/86 275/569/356 272/575/359
f 310/583/86 281/561/350 278/565/353
f 278/565/353 275/569/356 310/583/86
f 310/583/86 284/555/346 281/561/350
f 269/552/343 284/555/346 310/583/86
f 296/587/367 309/584/87 297/499/308 298/585/365
f 507/582/364 503/613/383 285/558/348 270/557/347
f 503/613/383 509/614/384 282/562/351 285/558/348
f 509/614/384 512/615/385 279/566/354 282/562/351
f 512/616/385 515/617/386 276/572/357 279/571/354
f 515/617/386 518/618/387 273/576/360 276/572/357
f 518/618/387 494/619/388 267/580/363 273/576/360
f 335/528/31 334/620/31 513/621/327 510/529/329
f 329/519/31 336/527/31 504/530/330 506/520/325
f 487/162/116 488/622/389 322/623/390 315/163/117
f 299/548/341 301/593/369 528/624/391 525/549/342
f 560/167/31 312/170/31 317/625/31 579/626/31
f 579/626/31 317/625/31 319/627/31 585/628/31
f 327/629/31 321/630/31 322/631/31
f 320/632/31 321/630/31 323/633/31
f 323/633/31 321/630/31 324/634/31
f 324/634/31 321/630/31 325/635/31
f 325/635/31 321/630/31 326/636/31
f 326/636/31 321/630/31 327/629/31
f 321/630/31 316/182/31 315/181/31 322/631/31
f 311/152/86 293/183/121 308/599/100 310/583/86
f 317/625/31 321/630/31 320/632/31 319/627/31
f 590/637/392 591/638/393 430/639/394 401/640/395
f 446/641/396 452/642/397 475/643/398 444/644/399
f 442/488/298 446/641/396 444/644/399 440/489/299
f 461/645/400 434/195/133 431/194/132 469/646/401
f 390/647/402 391/648/403 336/527/31 329/519/31
f 455/649/404 457/650/405 466/651/406 464/652/407
f 494/619/388 498/202/140 287/112/82 267/580/363
f 530/602/370 524/601/374 527/653/408
f 426/654/409 449/655/410 471/656/411 424/657/412
f 454/658/413 455/649/404 464/652/407 477/659/414
f 301/590/369 300/532/332 531/531/331 528/660/391
f 387/661/415 478/662/416 463/663/417 374/664/418
f 459/665/419 461/666/400 469/667/401 468/668/420
f 457/650/405 459/665/419 468/668/420 466/651/406
f 339/544/31 318/543/31 341/669/31
f 341/669/31 318/543/31 342/670/31
f 342/670/31 318/543/31 343/671/31
f 343/671/31 318/543/31 609/672/31
f 388/673/421 373/674/422 357/675/423 356/676/424
f 373/674/422 375/677/425 358/678/426 357/675/423
f 375/677/425 377/679/427 359/680/428 358/678/426
f 377/679/427 380/681/429 360/682/430 359/680/428
f 380/683/429 366/236/165 350/235/164 360/684/430
f 562/66/54 643/237/54 645/240/87 564/685/87
f 389/686/431 450/687/432 425/688/433 392/689/434
f 493/690/435 485/691/436 339/692/437 341/693/438
f 492/694/439 493/690/435 341/693/438 342/695/440
f 491/696/441 492/694/439 342/695/440 343/697/442
f 485/698/436 486/256/180 314/255/179 339/699/437
f 614/700/443 491/696/441 343/697/442 609/701/444
f 489/702/445 490/607/379 326/610/380 327/703/446
f 488/622/389 489/702/445 327/703/446 322/623/390
f 367/596/371 369/603/375 353/606/378 352/597/372
f 480/704/447 482/506/315 320/509/318 323/705/448
f 610/706/449 388/673/421 356/676/424 634/707/450
f 392/689/434 425/688/433 421/708/451 394/709/452
f 452/710/397 422/711/453 420/712/454 475/713/398
f 407/714/455 438/715/456 448/273/195 405/272/194
f 317/625/31 312/170/31 316/182/31 321/630/31
f 374/664/418 463/663/417 465/716/457 376/717/458
f 396/718/459 451/719/460 445/720/461 398/721/462
f 589/722/463 402/723/464 337/511/31 580/510/31
f 418/724/465 330/600/314 412/725/313
f 398/721/462 445/720/461 441/726/466 400/727/467
f 416/728/468 330/600/314 418/724/465
f 447/288/209 437/487/297 436/490/300 474/289/210
f 414/729/469 330/600/314 416/728/468
f 402/723/464 390/647/402 329/519/31 337/511/31
f 409/730/470 330/600/314 414/729/469
f 404/292/213 433/295/216 462/731/471 411/732/472
f 344/733/473 361/483/293 347/486/296 346/734/474
f 385/735/475 476/736/476 419/737/477 345/738/478
f 345/738/478 419/737/477 423/739/479 362/740/480
f 449/655/410 429/741/481 428/742/482 471/656/411
f 362/740/480 423/739/479 472/743/483 381/744/484
f 384/308/229 473/311/232 435/745/485 368/746/486
f 368/746/486 435/745/485 439/747/487 370/748/488
f 370/748/488 439/747/487 443/749/489 372/750/490
f 372/750/490 443/749/489 476/751/476 385/752/475
f 379/753/491 470/754/492 432/320/239 365/319/238
f 413/755/493 456/756/494 453/757/495 410/758/496
f 415/759/497 458/760/498 456/756/494 413/755/493
f 417/761/499 460/762/500 458/760/498 415/759/497
f 411/763/472 462/764/471 460/762/500 417/761/499
f 635/765/501 613/766/502 478/662/416 387/661/415
f 391/648/403 393/767/503 335/528/31 336/527/31
f 400/727/467 441/726/466 438/715/456 407/714/455
f 376/717/458 465/716/457 467/768/504 378/769/505
f 393/767/503 395/770/506 334/620/31 335/528/31
f 378/769/505 467/768/504 470/771/492 379/772/491
f 395/773/506 397/774/507 333/522/31 334/521/31
f 408/775/508 406/343/257 328/38/31 331/514/31
f 397/774/507 399/776/509 332/525/31 333/522/31
f 399/776/509 408/775/508 331/514/31 332/525/31
f 381/744/484 472/743/483 427/777/510 364/778/511
f 479/492/302 480/704/447 323/705/448 324/493/303
f 394/709/452 421/708/451 451/779/460 396/780/459
f 359/680/428 360/682/430 485/691/436 493/690/435
f 358/678/426 359/680/428 493/690/435 492/694/439
f 357/675/423 358/678/426 492/694/439 491/696/441
f 356/676/424 357/675/423 491/696/441 614/700/443
f 360/684/430 350/235/164 486/256/180 485/698/436
f 354/605/377 355/612/382 481/608/301 490/607/379
f 353/606/378 354/605/377 490/607/379 489/702/445
f 352/597/372 353/606/378 489/702/445 488/622/389
f 351/134/96 352/597/372 488/622/389 487/162/116
f 347/486/296 348/485/295 482/506/315 480/704/447
f 401/640/395 430/639/394 450/687/432 389/686/431
f 346/734/474 347/486/296 480/704/447 479/492/302
f 355/781/382 346/734/474 479/492/302 481/491/301
f 386/782/381 385/735/475 345/738/478 344/783/473
f 344/783/473 345/738/478 362/740/480 361/784/293
f 348/485/295 349/497/306 483/507/316 482/506/315
f 361/784/293 362/740/480 381/744/484 382/785/294
f 383/354/95 384/308/229 368/746/486 367/786/371
f 367/786/371 368/746/486 370/748/488 369/787/375
f 369/787/375 370/748/488 372/750/490 371/788/376
f 371/788/376 372/750/490 385/752/475 386/789/381
f 380/790/429 379/753/491 365/319/238 366/360/165
f 388/791/421 387/661/415 374/664/418 373/792/422
f 373/792/422 374/664/418 376/717/458 375/793/425
f 375/793/425 376/717/458 378/769/505 377/794/427
f 377/794/427 378/769/505 379/772/491 380/795/429
f 610/796/449 635/765/501 387/661/415 388/791/421
f 386/797/381 344/733/473 346/734/474 355/781/382
f 389/686/431 392/689/434 391/798/403 390/799/402
f 392/689/434 394/709/452 393/800/503 391/798/403
f 394/709/452 396/780/459 395/801/506 393/800/503
f 396/718/459 398/721/462 397/802/507 395/803/506
f 398/721/462 400/727/467 399/804/509 397/802/507
f 400/727/467 407/714/455 408/805/508 399/804/509
f 382/785/294 381/744/484 364/778/511 363/806/305
f 413/755/493 410/758/496 409/807/470 414/808/469
f 415/759/497 413/755/493 414/808/469 416/809/468
f 417/761/499 415/759/497 416/809/468 418/810/465
f 411/763/472 417/761/499 418/810/465 412/811/313
f 636/812/512 409/807/470 410/758/496 611/813/513
f 411/732/472 412/814/313 403/384/23 404/292/213
f 448/386/195 438/815/456 437/487/297 447/288/209
f 612/816/514 454/658/413 477/659/414 638/817/515
f 449/655/410 426/654/409 425/818/433 450/819/432
f 426/654/409 422/711/453 421/820/451 425/818/433
f 422/711/453 452/710/397 451/821/460 421/820/451
f 452/642/397 446/641/396 445/822/461 451/823/460
f 446/641/396 442/488/298 441/824/466 445/822/461
f 442/488/298 437/487/297 438/815/456 441/824/466
f 389/686/431 390/799/402 402/825/464 401/640/395
f 455/649/404 454/658/413 453/826/495 456/827/494
f 457/650/405 455/649/404 456/827/494 458/828/498
f 459/665/419 457/650/405 458/828/498 460/829/500
f 461/666/400 459/665/419 460/829/500 462/830/471
f 637/831/516 453/826/495 454/658/413 612/816/514
f 461/645/400 462/832/471 433/404/216 434/195/133
f 423/739/479 419/737/477 420/833/454 424/834/412
f 449/655/410 450/819/432 430/835/394 429/741/481
f 472/743/483 423/739/479 424/834/412 471/836/411
f 435/745/485 473/311/232 474/411/210 436/837/300
f 439/747/487 435/745/485 436/837/300 440/838/299
f 443/749/489 439/747/487 440/838/299 444/839/399
f 476/751/476 443/749/489 444/839/399 475/840/398
f 432/320/239 470/754/492 469/841/401 431/415/132
f 463/663/417 478/662/416 477/842/414 464/843/407
f 465/716/457 463/663/417 464/843/407 466/844/406
f 467/768/504 465/716/457 466/844/406 468/845/420
f 470/771/492 467/768/504 468/845/420 469/846/401
f 593/847/517 427/777/510 428/848/482 594/849/518
f 422/711/453 426/654/409 424/657/412 420/712/454
f 406/425/257 408/805/508 407/714/455 405/272/194
f 634/707/450 356/676/424 614/700/443
f 419/737/477 476/736/476 475/850/398 420/833/454
f 504/530/330 505/851/519 508/852/520 506/520/325
f 505/853/519 503/613/383 507/582/364 508/854/520
f 510/529/329 511/855/521 505/851/519 504/530/330
f 511/856/521 509/614/384 503/613/383 505/853/519
f 513/621/327 514/857/522 511/855/521 510/529/329
f 514/858/522 512/615/385 509/614/384 511/856/521
f 516/523/326 517/859/523 514/860/522 513/524/327
f 517/861/523 515/617/386 512/616/385 514/862/522
f 519/526/328 520/863/524 517/859/523 516/523/326
f 520/864/524 518/618/387 515/617/386 517/861/523
f 495/515/321 496/865/525 520/863/524 519/526/328
f 496/866/525 494/619/388 518/618/387 520/864/524
f 497/37/35 499/443/275 496/865/525 495/515/321
f 499/444/275 498/202/140 494/619/388 496/866/525
f 527/653/408 529/867/526 532/868/527 530/602/370
f 529/869/526 528/660/391 531/531/331 532/870/527
f 530/594/370 532/871/527 502/449/278 501/129/93
f 532/870/527 531/531/331 500/55/46 502/451/278
f 427/777/510 472/743/483 471/836/411 428/848/482
f 522/516/322 523/872/528 508/854/520 507/582/364
f 615/873/529 639/874/530 526/875/531 524/601/374
f 639/876/530 640/546/339 525/549/342 526/877/531
f 524/601/374 526/875/531 529/867/526 527/653/408
f 526/877/531 525/549/342 528/624/391 529/878/526
f 332/525/31 331/514/31 495/515/321 519/526/328
f 293/183/121 295/80/60 307/551/60 308/599/100
f 536/879/283 534/880/283 548/881/284 555/882/284
f 538/883/31 539/884/31 554/885/532 549/886/285
f 551/887/286 546/888/286 533/889/287 535/890/287
f 541/891/31 544/892/31 543/893/31 542/894/31
f 540/895/288 544/892/288 541/891/288 537/896/288
f 538/883/289 542/894/289 543/893/289 539/884/289
f 551/887/286 553/897/290 547/898/290 546/888/286
f 553/897/290 552/899/291 545/900/533 547/898/290
f 548/881/284 550/901/292 556/902/292 555/882/284
f 550/901/292 549/886/285 554/885/532 556/902/292
f 545/900/533 552/899/291 540/895/31 537/896/31
f 523/872/528 522/516/322 598/903/534 597/904/535
f 521/512/319 523/905/528 597/906/535 596/513/320
f 349/497/306 586/907/536 595/908/537 483/507/316
f 710/909/538 593/847/517 594/849/518 677/910/539
f 430/835/394 591/911/393 592/912/540 429/741/481
f 429/741/481 592/912/540 594/913/518 428/742/482
f 402/825/464 589/914/463 590/637/392 401/640/395
f 363/806/305 364/778/511 588/915/541 587/916/542
f 364/778/511 427/777/510 593/847/517 588/915/541
f 673/917/543 589/722/463 580/510/31 661/918/31
f 363/496/305 587/919/542 586/907/536 349/497/306
f 483/507/316 595/908/537 585/920/317 319/508/317
f 706/921/544 675/922/545 591/638/393 590/637/392
f 717/923/31 579/626/31 585/628/31 702/924/31
f 682/925/31 560/167/31 579/626/31 717/923/31
f 257/533/333 306/550/59 584/926/87 582/541/338
f 306/550/59 294/79/59 557/927/87 584/926/87
f 522/516/322 260/502/311 581/501/310 598/903/534
f 665/928/546 700/929/309 583/542/309 582/541/338
f 661/918/31 580/510/31 596/513/320 714/930/547
f 700/931/309 663/932/548 581/501/310 583/500/309
f 223/452/279 577/933/549 578/934/550 222/39/36
f 221/33/33 576/32/32 577/935/549 223/495/279
f 75/13/13 191/30/30 575/936/551 566/937/552
f 694/938/553 655/939/554 574/423/267 573/422/266
f 146/408/124 145/305/226 572/940/555 571/941/125
f 145/305/226 144/304/225 574/942/267 572/940/555
f 122/397/204 121/185/123 570/184/122 569/943/203
f 87/376/14 567/944/556 568/945/557 88/345/259
f 88/345/259 568/945/557 573/422/266 143/346/260
f 651/946/558 66/947/31 559/31/31 569/281/203
f 87/14/14 75/13/13 566/937/552 567/948/556
f 191/30/30 47/29/29 565/949/29 575/936/551
f 690/950/559 570/184/122 571/187/125 653/951/560
f 313/952/31 686/953/31 565/171/31 558/168/31
f 682/925/31 313/952/31 558/168/31 560/167/31
f 1/58/49 562/66/54 564/685/87 40/78/59
f 40/78/59 564/685/87 557/927/87 294/79/59
f 222/39/36 578/934/550 561/22/22 4/21/21
f 643/237/54 562/66/54 563/67/19 684/954/561
f 66/947/31 698/955/562 576/32/32 559/31/31
f 684/956/561 563/19/19 561/22/22 641/957/563
f 37/126/91 600/958/564 619/77/58 34/76/57
f 57/139/25 224/141/101 607/453/280 618/959/31
f 31/122/90 620/137/99 600/960/564 37/123/91
f 645/240/87 644/239/87 629/961/87 484/962/87
f 564/685/87 645/240/87 484/962/87 557/927/87
f 126/323/242 603/383/262 625/963/265 163/324/243
f 125/291/212 57/139/25 618/959/31 624/964/261
f 186/214/151 185/418/147 626/965/264 605/333/250
f 302/591/368 299/548/341 631/547/340 608/966/565
f 330/600/314 630/967/31 615/873/529 524/601/374
f 296/587/367 302/588/368 608/968/565 632/598/373
f 659/969/566 658/970/567 46/971/568 641/957/563
f 578/934/550 659/969/566 641/957/563 561/22/22
f 410/758/496 453/757/495 637/972/516 611/813/513
f 409/730/470 636/973/512 630/967/31 330/600/314
f 478/662/416 613/766/502 638/974/515 477/842/414
f 678/975/569 680/976/570 640/546/339 639/876/530
f 715/977/571 678/978/569 639/874/530 615/873/529
f 668/979/572 634/707/450 614/700/443 713/980/573
f 674/981/574 637/831/516 612/816/514 709/982/575
f 709/982/575 612/816/514 638/817/515 676/983/576
f 672/984/577 636/812/512 611/813/513 707/985/578
f 705/986/579 670/987/580 635/765/501 610/796/449
f 670/987/580 711/988/581 613/766/502 635/765/501
f 705/989/579 610/706/449 634/707/450 668/979/572
f 713/980/573 614/700/443 609/701/444 703/990/317
f 664/991/582 666/992/87 633/595/87 632/598/373
f 666/992/87 629/961/87 616/132/87 633/595/87
f 680/976/570 662/993/583 631/547/340 640/546/339
f 656/994/584 627/456/282 628/74/55 658/970/567
f 699/995/585 607/453/280 627/455/282 656/996/584
f 646/997/586 697/998/587 606/257/181 622/264/188
f 652/999/588 693/1000/589 604/388/263 625/403/265
f 693/1000/589 654/1001/590 626/389/264 604/388/263
f 650/1002/591 691/1003/592 603/383/262 624/382/261
f 689/1004/593 602/366/187 623/332/249 648/1005/594
f 648/1005/594 623/332/249 605/333/250 695/1006/595
f 689/1007/593 646/997/586 622/264/188 602/263/187
f 697/998/587 687/1008/29 601/258/182 606/257/181
f 642/238/166 620/137/99 621/131/87 644/239/87
f 644/239/87 621/131/87 616/132/87 629/961/87
f 658/970/567 628/74/55 619/77/58 46/971/568
f 575/936/551 565/949/29 686/1009/29 696/1010/596
f 696/1010/596 686/1009/29 687/1008/29 697/998/587
f 567/948/556 566/937/552 647/1011/597 688/1012/598
f 688/1012/598 647/1011/597 646/997/586 689/1007/593
f 568/945/557 649/1013/599 694/938/553 573/422/266
f 649/1013/599 648/1005/594 695/1006/595 694/938/553
f 567/944/556 688/1014/598 649/1013/599 568/945/557
f 688/1014/598 689/1004/593 648/1005/594 649/1013/599
f 569/943/203 570/184/122 690/950/559 651/1015/558
f 651/1015/558 690/950/559 691/1003/592 650/1002/591
f 572/940/555 574/942/267 655/1016/554 692/1017/600
f 692/1017/600 655/1016/554 654/1001/590 693/1000/589
f 571/941/125 572/940/555 692/1017/600 653/1018/560
f 653/1018/560 692/1017/600 693/1000/589 652/999/588
f 566/937/552 575/936/551 696/1010/596 647/1011/597
f 647/1011/597 696/1010/596 697/998/587 646/997/586
f 576/32/32 698/955/562 657/1019/601 577/935/549
f 698/955/562 699/995/585 656/996/584 657/1019/601
f 577/933/549 657/1020/601 659/969/566 578/934/550
f 657/1020/601 656/994/584 658/970/567 659/969/566
f 598/903/534 581/501/310 663/932/548 681/1021/602
f 681/1021/602 663/932/548 662/993/583 680/976/570
f 584/926/87 557/927/87 484/962/87 667/1022/87
f 667/1022/87 484/962/87 629/961/87 666/992/87
f 582/541/338 584/926/87 667/1022/87 665/928/546
f 665/928/546 667/1022/87 666/992/87 664/991/582
f 595/908/537 712/1023/603 702/1024/317 585/920/317
f 712/1023/603 713/980/573 703/990/317 702/1024/317
f 587/919/542 704/1025/604 669/1026/605 586/907/536
f 704/1025/604 705/989/579 668/979/572 669/1026/605
f 588/915/541 593/847/517 710/909/538 671/1027/606
f 671/1027/606 710/909/538 711/988/581 670/987/580
f 587/916/542 588/915/541 671/1027/606 704/1028/604
f 704/1028/604 671/1027/606 670/987/580 705/986/579
f 589/914/463 673/1029/543 706/921/544 590/637/392
f 673/1029/543 672/984/577 707/985/578 706/921/544
f 592/912/540 708/1030/607 677/1031/539 594/913/518
f 708/1030/607 709/982/575 676/983/576 677/1031/539
f 591/911/393 675/1032/545 708/1030/607 592/912/540
f 675/1032/545 674/981/574 709/982/575 708/1030/607
f 586/907/536 669/1026/605 712/1023/603 595/908/537
f 669/1026/605 668/979/572 713/980/573 712/1023/603
f 596/513/320 597/906/535 679/1033/608 714/930/547
f 714/930/547 679/1033/608 678/978/569 715/977/571
f 597/904/535 598/903/534 681/1021/602 679/1034/608
f 679/1034/608 681/1021/602 680/976/570 678/975/569
f 600/958/564 685/1035/561 46/971/568 619/77/58
f 685/1035/561 684/956/561 641/957/563 46/971/568
f 618/959/31 607/453/280 699/995/585 192/1036/31
f 192/1036/31 699/995/585 698/955/562 66/947/31
f 620/137/99 642/238/166 685/1037/561 600/960/564
f 642/238/166 643/237/54 684/954/561 685/1037/561
f 599/71/31 617/70/31 340/1038/31 683/1039/31
f 683/1039/31 340/1038/31 313/952/31 682/925/31
f 617/70/31 601/222/31 687/1040/31 340/1038/31
f 340/1038/31 687/1040/31 686/953/31 313/952/31
f 603/383/262 691/1003/592 652/1041/588 625/963/265
f 691/1003/592 690/950/559 653/951/560 652/1041/588
f 624/964/261 618/959/31 192/1036/31 650/1042/591
f 650/1042/591 192/1036/31 66/947/31 651/946/558
f 605/333/250 626/965/264 654/1043/590 695/1006/595
f 695/1006/595 654/1043/590 655/939/554 694/938/553
f 608/966/565 631/547/340 662/993/583 701/1044/609
f 701/1044/609 662/993/583 663/932/548 700/931/309
f 630/967/31 660/1045/31 715/977/571 615/873/529
f 660/1045/31 661/918/31 714/930/547 715/977/571
f 632/598/373 608/968/565 701/1046/609 664/991/582
f 664/991/582 701/1046/609 700/929/309 665/928/546
f 599/71/31 683/1039/31 716/1047/31 318/543/31
f 683/1039/31 682/925/31 717/923/31 716/1047/31
f 318/543/31 716/1047/31 703/1048/31 609/672/31
f 716/1047/31 717/923/31 702/924/31 703/1048/31
f 611/813/513 637/972/516 674/1049/574 707/985/578
f 707/985/578 674/1049/574 675/922/545 706/921/544
f 636/973/512 672/1050/577 660/1045/31 630/967/31
f 672/1050/577 673/917/543 661/918/31 660/1045/31
f 613/766/502 711/988/581 676/1051/576 638/974/515
f 711/988/581 710/909/538 677/910/539 676/1051/576
f 523/905/528 521/512/319 506/520/325 508/852/520
f 740/1052/610 741/1053/611 727/1054/612 723/1055/613
f 730/1056/614 735/1057/615 774/1058/616 771/1059/617
f 727/1054/612 724/1060/618 725/1061/619
f 726/1062/620 718/1063/621 720/1064/622
f 732/1065/623 726/1062/620 719/1066/624 729/1067/625
f 727/1054/612 722/1068/626 724/1060/618
f 752/1069/627 754/1070/628 726/1062/620 732/1065/623
f 723/1055/613 727/1054/612 725/1061/619
f 726/1062/620 720/1064/622 721/1071/629
f 719/1066/624 726/1062/620 721/1071/629
f 804/1072/31 751/1073/630 733/1074/631 772/1075/632
f 761/1076/633 752/1069/627 732/1065/623 757/1077/634
f 772/1075/632 733/1074/631 728/1078/635 770/1079/636
f 757/1077/634 732/1065/623 729/1067/625 755/1080/637
f 722/1068/626 727/1054/612 734/1081/638 731/1082/639
f 737/1083/640 739/1084/641 735/1057/615 730/1056/614
f 756/1085/642 758/1086/643 739/1084/641 737/1083/640
f 733/1074/631 738/1087/644 736/1088/645 728/1078/635
f 751/1073/630 753/1089/646 738/1087/644 733/1074/631
f 735/1057/615 739/1084/641 744/1090/647 742/1091/648
f 758/1086/643 734/1081/638 743/1092/649 759/1093/650
f 774/1058/616 735/1057/615 742/1091/648 789/1094/31
f 734/1081/638 727/1054/612 741/1053/611 743/1092/649
f 745/1095/651 749/1096/652 741/1053/611 740/1052/610
f 750/1097/653 754/1070/628 749/1096/652 745/1095/651
f 742/1091/648 744/1090/647 748/1098/654 746/1099/655
f 759/1093/650 743/1092/649 747/1100/656 760/1101/657
f 789/1094/31 742/1091/648 746/1099/655 798/1102/31
f 743/1092/649 741/1053/611 749/1096/652 747/1100/656
f 718/1063/621 726/1062/620 754/1070/628 750/1097/653
f 746/1099/655 748/1098/654 753/1089/646 751/1073/630
f 760/1101/657 747/1100/656 752/1069/627 761/1076/633
f 798/1102/31 746/1099/655 751/1073/630 804/1072/31
f 747/1100/656 749/1096/652 754/1070/628 752/1069/627
f 748/1098/654 760/1101/657 761/1076/633 753/1089/646
f 744/1090/647 759/1093/650 760/1101/657 748/1098/654
f 739/1084/641 758/1086/643 759/1093/650 744/1090/647
f 731/1082/639 734/1081/638 758/1086/643 756/1085/642
f 738/1087/644 757/1077/634 755/1080/637 736/1088/645
f 753/1089/646 761/1076/633 757/1077/634 738/1087/644
f 788/1103/658 767/1104/659 775/1105/660 790/1106/661
f 778/1107/662 771/1059/617 774/1058/616 783/1108/663
f 775/1105/660 769/1109/664 768/1110/665
f 773/1111/666 764/1112/667 762/1113/668
f 780/1114/669 777/1115/670 763/1116/671 773/1111/666
f 775/1105/660 768/1110/665 766/1117/672
f 802/1118/673 780/1114/669 773/1111/666 805/1119/674
f 767/1104/659 769/1109/664 775/1105/660
f 773/1111/666 765/1120/675 764/1112/667
f 763/1116/671 765/1120/675 773/1111/666
f 804/1072/31 772/1075/632 781/1121/676 801/1122/677
f 812/1123/678 808/1124/679 780/1114/669 802/1118/673
f 772/1075/632 770/1079/636 776/1125/680 781/1121/676
f 808/1124/679 806/1126/681 777/1115/670 780/1114/669
f 766/1117/672 779/1127/682 782/1128/683 775/1105/660
f 785/1129/684 778/1107/662 783/1108/663 787/1130/685
f 807/1131/686 785/1129/684 787/1130/685 809/1132/687
f 781/1121/676 776/1125/680 784/1133/688 786/1134/689
f 801/1122/677 781/1121/676 786/1134/689 803/1135/690
f 783/1108/663 791/1136/677 793/1137/691 787/1130/685
f 809/1132/687 810/1138/692 792/1139/693 782/1128/683
f 774/1058/616 789/1094/31 791/1136/677 783/1108/663
f 782/1128/683 792/1139/693 790/1106/661 775/1105/660
f 794/1140/694 788/1103/658 790/1106/661 799/1141/695
f 800/1142/696 794/1140/694 799/1141/695 805/1119/674
f 791/1136/677 795/1143/697 797/1144/698 793/1137/691
f 810/1138/692 811/1145/699 796/1146/700 792/1139/693
f 789/1094/31 798/1102/31 795/1143/697 791/1136/677
f 792/1139/693 796/1146/700 799/1141/695 790/1106/661
f 762/1113/668 800/1142/696 805/1119/674 773/1111/666
f 795/1143/697 801/1122/677 803/1135/690 797/1144/698
f 811/1145/699 812/1123/678 802/1118/673 796/1146/700
f 798/1102/31 804/1072/31 801/1122/677 795/1143/697
f 796/1146/700 802/1118/673 805/1119/674 799/1141/695
f 797/1144/698 803/1135/690 812/1123/678 811/1145/699
f 793/1137/691 797/1144/698 811/1145/699 810/1138/692
f 787/1130/685 793/1137/691 810/1138/692 809/1132/687
f 779/1127/682 807/1131/686 809/1132/687 782/1128/683
f 786/1134/689 784/1133/688 806/1126/681 808/1124/679
f 803/1135/690 786/1134/689 808/1124/679 812/1123/678
f 953/1147/701 951/1148/702 926/1149/703 930/1150/704
f 821/1151/705 828/1152/706 837/1153/707 834/1154/708
f 1037/1155/709 1029/1156/710 1064/1157/711 1087/1158/712
f 836/1159/713 820/1160/714 818/1161/715 833/1162/716
f 837/1153/707 828/1152/706 814/1163/31 813/1164/31
f 828/1152/706 825/1165/717 814/1163/31
f 817/1166/718 827/1167/719 822/1168/720 816/1169/721
f 837/1153/707 813/1164/31 830/1170/722
f 831/1171/723 819/1172/724 820/1160/714 836/1159/713
f 815/1173/725 824/1174/726 827/1167/719 817/1166/718
f 822/1168/720 827/1167/719 829/1175/727 823/1176/728
f 823/1177/728 829/1178/727 828/1152/706 821/1151/705
f 827/1167/719 824/1174/726 826/1179/729 829/1175/727
f 829/1178/727 826/1180/729 825/1165/717 828/1152/706
f 831/1171/723 836/1159/713 838/1181/730 832/1182/731
f 832/1183/731 838/1184/730 837/1153/707 830/1170/722
f 836/1159/713 833/1162/716 835/1185/732 838/1181/730
f 838/1184/730 835/1186/732 834/1154/708 837/1153/707
f 851/1187/733 878/1188/734 879/1189/735 852/1190/736
f 852/1191/736 879/1192/735 877/1193/737 860/1194/738
f 975/1195/739 1040/1196/740 1032/1197/741 999/1198/742
f 978/1199/743 974/1200/744 998/1201/745 1002/1202/746
f 867/1203/737 846/1204/287 816/1169/721 822/1168/720
f 877/1193/737 868/1205/287 839/1206/287 860/1194/738
f 860/1194/738 839/1206/287 840/1207/287 861/1208/737
f 861/1208/737 840/1207/287 841/1209/287 862/1210/738
f 862/1210/738 841/1209/287 842/1211/287 863/1212/747
f 863/1212/747 842/1211/287 843/1213/287 864/1214/748
f 864/1214/748 843/1213/287 844/1215/287 865/1216/747
f 865/1216/747 844/1215/287 845/1217/749 866/1218/750
f 866/1218/750 845/1217/749 846/1204/287 867/1203/737
f 999/1198/742 1032/1197/741 878/1188/734
f 835/1186/732 995/1219/751 1025/1220/752 834/1154/708
f 996/1221/753 992/1222/754 1021/1223/755 1026/1224/756
f 993/1225/757 989/1226/758 1017/1227/741 1022/1228/759
f 990/1229/760 986/1230/761 1013/1231/762 1018/1232/746
f 987/1233/763 983/1234/764 1009/1235/741 1014/1236/765
f 984/1237/766 980/1238/767 1005/1239/762 1010/1240/746
f 981/1241/768 977/1242/769 1001/1243/741 1006/1244/765
f 951/1148/702 953/1147/701 992/1245/754 996/1246/753
f 954/1247/770 956/1248/771 989/1249/758 993/1250/757
f 957/1251/709 959/1252/712 986/1253/761 990/1254/760
f 960/1255/772 962/1256/773 983/1257/764 987/1258/763
f 963/1259/709 965/1260/712 980/1261/767 984/1262/766
f 966/1263/772 968/1264/771 977/1265/769 981/1266/768
f 969/1267/709 971/1268/712 974/1269/744 978/1270/743
f 972/1271/772 1036/1272/773 1040/1273/740 975/1274/739
f 823/1176/728 859/1275/774 867/1203/737 822/1168/720
f 859/1275/774 858/1276/775 866/1218/750 867/1203/737
f 858/1276/775 857/1277/776 865/1216/747 866/1218/750
f 857/1277/776 856/1278/777 864/1214/748 865/1216/747
f 856/1278/777 855/1279/778 863/1212/747 864/1214/748
f 855/1279/778 854/1280/779 862/1210/738 863/1212/747
f 854/1280/779 853/1281/780 861/1208/737 862/1210/738
f 853/1281/780 852/1191/736 860/1194/738 861/1208/737
f 821/1151/705 847/1282/533 859/1283/774 823/1177/728
f 847/1282/533 1023/1284/781 858/1285/775 859/1283/774
f 1023/1284/781 848/1286/734 857/1287/776 858/1285/775
f 848/1286/734 1015/1288/782 856/1289/777 857/1287/776
f 1015/1288/782 849/1290/783 855/1291/778 856/1289/777
f 849/1290/783 1007/1292/782 854/1293/779 855/1291/778
f 1007/1292/782 850/1294/783 853/1295/780 854/1293/779
f 850/1294/783 851/1187/733 852/1190/736 853/1295/780
f 850/1294/783 1002/1202/746 998/1201/745
f 1006/1244/765 1001/1243/741 850/1294/783
f 849/1290/783 1010/1240/746 1005/1239/762
f 1014/1236/765 1009/1235/741 849/1290/783
f 848/1286/734 1018/1232/746 1013/1231/762
f 1022/1228/759 1017/1227/741 848/1286/734
f 847/1282/533 1026/1224/756 1021/1223/755
f 821/1151/705 834/1154/708 1025/1220/752
f 833/1162/716 950/1296/784 995/1297/751 835/1185/732
f 1036/1272/773 972/1271/772 947/1298/785 1030/1299/786
f 971/1268/712 969/1267/709 944/1300/710 948/1301/711
f 968/1264/771 966/1263/772 941/1302/785 945/1303/786
f 965/1260/712 963/1259/709 938/1304/710 942/1305/711
f 962/1256/773 960/1255/772 935/1306/785 939/1307/786
f 959/1252/712 957/1251/709 932/1308/710 936/1309/711
f 956/1248/771 954/1247/770 929/1310/787 933/1311/786
f 1070/1312/788 1045/1313/789 1043/1314/790 1066/1315/791
f 880/1316/792 893/1317/793 896/1318/794 887/1319/795
f 895/1320/796 892/1321/797 874/1322/798 876/1323/799
f 896/1318/794 869/1324/31 870/1325/31 887/1319/795
f 887/1319/795 870/1325/31 884/1326/800
f 873/1327/801 872/1328/802 881/1329/803 886/1330/804
f 896/1318/794 889/1331/805 869/1324/31
f 890/1332/806 895/1320/796 876/1323/799 875/1333/807
f 871/1334/808 873/1327/801 886/1330/804 883/1335/809
f 881/1329/803 882/1336/810 888/1337/811 886/1330/804
f 882/1338/810 880/1316/792 887/1319/795 888/1339/811
f 886/1330/804 888/1337/811 885/1340/812 883/1335/809
f 888/1339/811 887/1319/795 884/1326/800 885/1341/812
f 890/1332/806 891/1342/813 897/1343/814 895/1320/796
f 891/1344/813 889/1331/805 896/1318/794 897/1345/814
f 895/1320/796 897/1343/814 894/1346/815 892/1321/797
f 897/1345/814 896/1318/794 893/1317/793 894/1347/815
f 1116/1348/733 910/1349/816 879/1189/735 878/1188/734
f 910/1350/816 918/1351/737 877/1193/737 879/1192/735
f 1067/1352/817 1042/1353/818 874/1322/798 892/1321/797
f 1114/1354/762 878/1188/734 1033/1355/746
f 925/1356/737 881/1329/803 872/1328/802 905/1357/287
f 877/1193/737 918/1351/737 898/1358/287 868/1205/287
f 918/1351/737 919/1359/737 899/1360/287 898/1358/287
f 919/1359/737 920/1361/737 900/1362/287 899/1360/287
f 920/1361/737 921/1363/747 901/1364/287 900/1362/287
f 921/1363/747 922/1365/747 902/1366/287 901/1364/287
f 922/1365/747 923/1367/747 903/1368/287 902/1366/287
f 923/1367/747 924/1369/819 904/1370/820 903/1368/287
f 924/1369/819 925/1356/737 905/1357/287 904/1370/820
f 1118/1371/741 1120/1372/31 909/1373/821
f 894/1347/815 893/1317/793 1143/1374/822 1112/1375/823
f 1111/1376/824 1142/1377/825 1139/1378/826 1109/1379/827
f 1108/1380/828 1138/1381/829 1135/1382/746 1106/1383/830
f 1105/1384/831 1134/1385/741 1131/1386/765 1103/1387/763
f 1102/1388/832 1130/1389/762 1127/1390/746 1100/1391/760
f 1099/1392/833 1126/1393/741 1123/1394/765 1097/1395/834
f 1096/1396/835 1122/1397/762 1119/1398/746 1094/1399/836
f 1066/1315/791 1111/1400/824 1109/1401/827 1070/1312/788
f 1069/1402/712 1108/1403/828 1106/1404/830 1073/1405/709
f 1072/1406/771 1105/1407/831 1103/1408/763 1076/1409/772
f 1075/1410/712 1102/1411/832 1100/1412/760 1079/1413/709
f 1078/1414/771 1099/1415/833 1097/1416/834 1082/1417/837
f 1081/1418/712 1096/1419/835 1094/1420/836 1085/1421/709
f 1084/1422/771 1093/1423/769 1091/1424/838 1088/1425/772
f 1093/1426/769 1118/1371/741 1115/1427/765 1091/1428/838
f 882/1336/810 881/1329/803 925/1356/737 917/1429/839
f 917/1429/839 925/1356/737 924/1369/819 916/1430/840
f 916/1430/840 924/1369/819 923/1367/747 915/1431/776
f 915/1431/776 923/1367/747 922/1365/747 914/1432/777
f 914/1432/777 922/1365/747 921/1363/747 913/1433/778
f 913/1433/778 921/1363/747 920/1361/737 912/1434/779
f 912/1434/779 920/1361/737 919/1359/737 911/1435/841
f 911/1435/841 919/1359/737 918/1351/737 910/1350/816
f 880/1316/792 882/1338/810 917/1436/839 906/1437/291
f 906/1437/291 917/1436/839 916/1438/840 1140/1439/842
f 1140/1439/842 916/1438/840 915/1440/776 907/1441/783
f 907/1441/783 915/1440/776 914/1442/777 1132/1443/782
f 1132/1443/782 914/1442/777 913/1444/778 908/1445/783
f 908/1445/783 913/1444/778 912/1446/779 1124/1447/782
f 1124/1447/782 912/1446/779 911/1448/841 909/1373/821
f 909/1373/821 911/1448/841 910/1349/816 1116/1348/733
f 1087/1158/712 1090/1449/843 1039/1450/844 1037/1155/709
f 1122/1397/762 909/1373/821 1119/1398/746
f 1126/1393/741 1128/1451/31 908/1445/783
f 1130/1389/762 908/1445/783 1127/1390/746
f 1134/1385/741 1136/1452/31 907/1441/783
f 1138/1381/829 907/1441/783 1135/1382/746
f 1142/1377/825 1144/1453/31 906/1437/291
f 1143/1374/822 893/1317/793 880/1316/792
f 1090/1454/843 1114/1354/762 1033/1355/746 1039/1455/844
f 892/1321/797 894/1346/815 1112/1456/823 1067/1352/817
f 1088/1425/772 1063/1457/785 1061/1458/786 1084/1422/771
f 1085/1421/709 1060/1459/710 1058/1460/711 1081/1418/712
f 1082/1417/837 1057/1461/785 1055/1462/786 1078/1414/771
f 1079/1413/709 1054/1463/710 1052/1464/711 1075/1410/712
f 1076/1409/772 1051/1465/785 1049/1466/786 1072/1406/771
f 1073/1405/709 1048/1467/710 1046/1468/711 1069/1402/712
f 998/1201/745 1000/1469/845 851/1187/733
f 1000/1469/845 999/1198/742 851/1187/733
f 1001/1243/741 1004/1470/846 1003/1471/31
f 1004/1470/846 1002/1202/746 1003/1471/31
f 1005/1239/762 1008/1472/847 1007/1292/782
f 1008/1472/847 1006/1244/765 1007/1292/782
f 1009/1235/741 1012/1473/848 1011/1474/31
f 1012/1473/848 1010/1240/746 1011/1474/31
f 1013/1231/762 1016/1475/847 1015/1288/782
f 1016/1475/847 1014/1236/765 1015/1288/782
f 1017/1227/741 1020/1476/849 1019/1477/31
f 1020/1476/849 1018/1232/746 1019/1477/31
f 1021/1223/755 1024/1478/850 1023/1284/781
f 1024/1478/850 1022/1228/759 1023/1284/781
f 1025/1220/752 1028/1479/851 1027/1480/31
f 1028/1479/851 1026/1224/756 1027/1480/31
f 1032/1197/741 1035/1481/852 1034/1482/31
f 1035/1481/852 1033/1355/746 1034/1482/31
f 1114/1354/762 1117/1483/847 1116/1348/733
f 1117/1483/847 1115/1427/765 1116/1348/733
f 1118/1371/741 1121/1484/846 1120/1372/31
f 1121/1484/846 1119/1398/746 1120/1372/31
f 1122/1397/762 1125/1485/847 1124/1447/782
f 1125/1485/847 1123/1394/765 1124/1447/782
f 1126/1393/741 1129/1486/848 1128/1451/31
f 1129/1486/848 1127/1390/746 1128/1451/31
f 1130/1389/762 1133/1487/847 1132/1443/782
f 1133/1487/847 1131/1386/765 1132/1443/782
f 1134/1385/741 1137/1488/849 1136/1452/31
f 1137/1488/849 1135/1382/746 1136/1452/31
f 1138/1381/829 1141/1489/853 1140/1439/842
f 1141/1489/853 1139/1378/826 1140/1439/842
f 1142/1377/825 1145/1490/854 1144/1453/31
f 1145/1490/854 1143/1374/822 1144/1453/31
f 1037/1155/709 1039/1450/844 1041/1491/855 1038/1492/856
f 1038/1492/856 1041/1491/855 1040/1273/740 1036/1272/773
f 1039/1455/844 1033/1355/746 1035/1481/852 1041/1493/855
f 1041/1493/855 1035/1481/852 1032/1197/741 1040/1196/740
f 1029/1156/710 1037/1155/709 1038/1492/856 1031/1494/283
f 1031/1494/283 1038/1492/856 1036/1272/773 1030/1299/786
f 996/1221/753 1026/1224/756 1028/1479/851 997/1495/857
f 997/1495/857 1028/1479/851 1025/1220/752 995/1219/751
f 993/1225/757 1022/1228/759 1024/1478/850 994/1496/858
f 994/1496/858 1024/1478/850 1021/1223/755 992/1222/754
f 990/1229/760 1018/1232/746 1020/1476/849 991/1497/859
f 991/1497/859 1020/1476/849 1017/1227/741 989/1226/758
f 987/1233/763 1014/1236/765 1016/1475/847 988/1498/860
f 988/1498/860 1016/1475/847 1013/1231/762 986/1230/761
f 984/1237/766 1010/1240/746 1012/1473/848 985/1499/859
f 985/1499/859 1012/1473/848 1009/1235/741 983/1234/764
f 981/1241/768 1006/1244/765 1008/1472/847 982/1500/861
f 982/1500/861 1008/1472/847 1005/1239/762 980/1238/767
f 978/1199/743 1002/1202/746 1004/1470/846 979/1501/862
f 979/1501/862 1004/1470/846 1001/1243/741 977/1242/769
f 975/1195/739 999/1198/742 1000/1469/845 976/1502/863
f 976/1502/863 1000/1469/845 998/1201/745 974/1200/744
f 951/1148/702 996/1246/753 997/1503/857 952/1504/864
f 952/1504/864 997/1503/857 995/1297/751 950/1296/784
f 954/1247/770 993/1250/757 994/1505/858 955/1506/865
f 955/1506/865 994/1505/858 992/1245/754 953/1147/701
f 957/1251/709 990/1254/760 991/1507/859 958/1508/866
f 958/1508/866 991/1507/859 989/1249/758 956/1248/771
f 960/1255/772 987/1258/763 988/1509/860 961/1510/867
f 961/1510/867 988/1509/860 986/1253/761 959/1252/712
f 963/1259/709 984/1262/766 985/1511/859 964/1512/866
f 964/1512/866 985/1511/859 983/1257/764 962/1256/773
f 966/1263/772 981/1266/768 982/1513/861 967/1514/868
f 967/1514/868 982/1513/861 980/1261/767 965/1260/712
f 969/1267/709 978/1270/743 979/1515/862 970/1516/856
f 970/1516/856 979/1515/862 977/1265/769 968/1264/771
f 972/1271/772 975/1274/739 976/1517/863 973/1518/869
f 973/1518/869 976/1517/863 974/1269/744 971/1268/712
f 971/1268/712 948/1301/711 949/1519/283 973/1518/869
f 973/1518/869 949/1519/283 947/1298/785 972/1271/772
f 968/1264/771 945/1303/786 946/1520/283 970/1516/856
f 970/1516/856 946/1520/283 944/1300/710 969/1267/709
f 965/1260/712 942/1305/711 943/1521/283 967/1514/868
f 967/1514/868 943/1521/283 941/1302/785 966/1263/772
f 962/1256/773 939/1307/786 940/1522/283 964/1512/866
f 964/1512/866 940/1522/283 938/1304/710 963/1259/709
f 959/1252/712 936/1309/711 937/1523/283 961/1510/867
f 961/1510/867 937/1523/283 935/1306/785 960/1255/772
f 956/1248/771 933/1311/786 934/1524/283 958/1508/866
f 958/1508/866 934/1524/283 932/1308/710 957/1251/709
f 953/1147/701 930/1150/704 931/1525/870 955/1506/865
f 955/1506/865 931/1525/870 929/1310/787 954/1247/770
f 950/1296/784 927/1526/871 928/1527/872 952/1504/864
f 952/1504/864 928/1527/872 926/1149/703 951/1148/702
f 1112/1375/823 1143/1374/822 1145/1490/854 1113/1528/873
f 1113/1528/873 1145/1490/854 1142/1377/825 1111/1376/824
f 1109/1379/827 1139/1378/826 1141/1489/853 1110/1529/874
f 1110/1529/874 1141/1489/853 1138/1381/829 1108/1380/828
f 1106/1383/830 1135/1382/746 1137/1488/849 1107/1530/859
f 1107/1530/859 1137/1488/849 1134/1385/741 1105/1384/831
f 1103/1387/763 1131/1386/765 1133/1487/847 1104/1531/860
f 1104/1531/860 1133/1487/847 1130/1389/762 1102/1388/832
f 1100/1391/760 1127/1390/746 1129/1486/848 1101/1532/859
f 1101/1532/859 1129/1486/848 1126/1393/741 1099/1392/833
f 1097/1395/834 1123/1394/765 1125/1485/847 1098/1533/875
f 1098/1533/875 1125/1485/847 1122/1397/762 1096/1396/835
f 1094/1399/836 1119/1398/746 1121/1484/846 1095/1534/862
f 1095/1534/862 1121/1484/846 1118/1371/741 1093/1426/769
f 1091/1428/838 1115/1427/765 1117/1483/847 1092/1535/863
f 1092/1535/863 1117/1483/847 1114/1354/762 1090/1454/843
f 1067/1352/817 1112/1456/823 1113/1536/873 1068/1537/876
f 1068/1537/876 1113/1536/873 1111/1400/824 1066/1315/791
f 1070/1312/788 1109/1401/827 1110/1538/874 1071/1539/877
f 1071/1539/877 1110/1538/874 1108/1403/828 1069/1402/712
f 1073/1405/709 1106/1404/830 1107/1540/859 1074/1541/866
f 1074/1541/866 1107/1540/859 1105/1407/831 1072/1406/771
f 1076/1409/772 1103/1408/763 1104/1542/860 1077/1543/867
f 1077/1543/867 1104/1542/860 1102/1411/832 1075/1410/712
f 1079/1413/709 1100/1412/760 1101/1544/859 1080/1545/866
f 1080/1545/866 1101/1544/859 1099/1415/833 1078/1414/771
f 1082/1417/837 1097/1416/834 1098/1546/875 1083/1547/868
f 1083/1547/868 1098/1546/875 1096/1419/835 1081/1418/712
f 1085/1421/709 1094/1420/836 1095/1548/862 1086/1549/866
f 1086/1549/866 1095/1548/862 1093/1423/769 1084/1422/771
f 1088/1425/772 1091/1424/838 1092/1550/863 1089/1551/869
f 1089/1551/869 1092/1550/863 1090/1449/843 1087/1158/712
f 1087/1158/712 1064/1157/711 1065/1552/283 1089/1551/869
f 1089/1551/869 1065/1552/283 1063/1457/785 1088/1425/772
f 1084/1422/771 1061/1458/786 1062/1553/283 1086/1549/866
f 1086/1549/866 1062/1553/283 1060/1459/710 1085/1421/709
f 1081/1418/712 1058/1460/711 1059/1554/283 1083/1547/868
f 1083/1547/868 1059/1554/283 1057/1461/785 1082/1417/837
f 1078/1414/771 1055/1462/786 1056/1555/283 1080/1545/866
f 1080/1545/866 1056/1555/283 1054/1463/710 1079/1413/709
f 1075/1410/712 1052/1464/711 1053/1556/283 1077/1543/867
f 1077/1543/867 1053/1556/283 1051/1465/785 1076/1409/772
f 1072/1406/771 1049/1466/786 1050/1557/283 1074/1541/866
f 1074/1541/866 1050/1557/283 1048/1467/710 1073/1405/709
f 1069/1402/712 1046/1468/711 1047/1558/878 1071/1539/877
f 1071/1539/877 1047/1558/878 1045/1313/789 1070/1312/788
f 1066/1315/791 1043/1314/790 1044/1559/879 1068/1537/876
f 1068/1537/876 1044/1559/879 1042/1353/818 1067/1352/817
f 950/1296/784 833/1162/716 818/1161/715 927/1526/871
f 1034/1482/31 878/1188/734 1032/1197/741
f 878/1188/734 851/1187/733 999/1198/742
f 998/1201/745 851/1187/733 850/1294/783
f 850/1294/783 1003/1471/31 1002/1202/746
f 1003/1471/31 850/1294/783 1001/1243/741
f 850/1294/783 1007/1292/782 1006/1244/765
f 1005/1239/762 1007/1292/782 849/1290/783
f 849/1290/783 1011/1474/31 1010/1240/746
f 1011/1474/31 849/1290/783 1009/1235/741
f 849/1290/783 1015/1288/782 1014/1236/765
f 1013/1231/762 1015/1288/782 848/1286/734
f 848/1286/734 1019/1477/31 1018/1232/746
f 1019/1477/31 848/1286/734 1017/1227/741
f 848/1286/734 1023/1284/781 1022/1228/759
f 1021/1223/755 1023/1284/781 847/1282/533
f 847/1282/533 1027/1480/31 1026/1224/756
f 1027/1480/31 847/1282/533 1025/1220/752
f 847/1282/533 821/1151/705 1025/1220/752
f 1116/1348/733 878/1188/734 1114/1354/762
f 878/1188/734 1034/1482/31 1033/1355/746
f 909/1373/821 1116/1348/733 1115/1427/765
f 1115/1427/765 1118/1371/741 909/1373/821
f 1124/1447/782 909/1373/821 1122/1397/762
f 909/1373/821 1120/1372/31 1119/1398/746
f 908/1445/783 1124/1447/782 1123/1394/765
f 1123/1394/765 1126/1393/741 908/1445/783
f 1132/1443/782 908/1445/783 1130/1389/762
f 908/1445/783 1128/1451/31 1127/1390/746
f 907/1441/783 1132/1443/782 1131/1386/765
f 1131/1386/765 1134/1385/741 907/1441/783
f 1140/1439/842 907/1441/783 1138/1381/829
f 907/1441/783 1136/1452/31 1135/1382/746
f 906/1437/291 1140/1439/842 1139/1378/826
f 1139/1378/826 1142/1377/825 906/1437/291
f 880/1316/792 906/1437/291 1143/1374/822
f 906/1437/291 1144/1453/31 1143/1374/822
f 1186/1560/880 1166/1561/881 1151/1562/882 1173/1563/283
f 1154/1564/883 1161/1565/884 1170/1566/885 1167/1567/886
f 1183/1568/887 1154/1564/883 1167/1567/886 1185/1569/888
f 1169/1570/889 1153/1571/890 1151/1562/882 1166/1561/881
f 1170/1566/885 1161/1565/884 1147/1572/31 1146/1573/31
f 1161/1565/884 1158/1574/717 1147/1572/31
f 1150/1575/891 1160/1576/719 1155/1577/892 1149/1578/893
f 1170/1566/885 1146/1573/31 1163/1579/894
f 1164/1580/895 1152/1581/896 1153/1571/890 1169/1570/889
f 1148/1582/725 1157/1583/726 1160/1576/719 1150/1575/891
f 1155/1577/892 1160/1576/719 1162/1584/897 1156/1585/898
f 1156/1586/898 1162/1587/897 1161/1565/884 1154/1564/883
f 1160/1576/719 1157/1583/726 1159/1588/729 1162/1584/897
f 1162/1587/897 1159/1589/729 1158/1574/717 1161/1565/884
f 1164/1580/895 1169/1570/889 1171/1590/899 1165/1591/900
f 1165/1592/900 1171/1593/899 1170/1566/885 1163/1579/894
f 1169/1570/889 1166/1561/881 1168/1594/901 1171/1590/899
f 1171/1593/899 1168/1595/901 1167/1567/886 1170/1566/885
f 1154/1564/883 1183/1568/887 1184/1596/902 1156/1586/898
f 1156/1585/898 1184/1597/902 1182/1598/903 1155/1577/892
f 1166/1561/881 1186/1560/880 1187/1599/904 1168/1594/901
f 1168/1595/901 1187/1600/904 1185/1569/888 1167/1567/886
f 1182/1598/903 1172/1601/287 1149/1578/893 1155/1577/892
f 1186/1560/880 1173/1563/283 1179/1602/905 1200/1603/906
f 1188/1604/907 1201/1605/908 1204/1606/909 1195/1607/910
f 1183/1568/887 1185/1569/888 1201/1605/908 1188/1604/907
f 1203/1608/911 1200/1603/906 1179/1602/905 1181/1609/912
f 1204/1606/909 1174/1610/31 1175/1611/31 1195/1607/910
f 1195/1607/910 1175/1611/31 1192/1612/800
f 1178/1613/801 1177/1614/913 1189/1615/914 1194/1616/804
f 1204/1606/909 1197/1617/915 1174/1610/31
f 1198/1618/916 1203/1608/911 1181/1609/912 1180/1619/917
f 1176/1620/808 1178/1613/801 1194/1616/804 1191/1621/809
f 1189/1615/914 1190/1622/918 1196/1623/919 1194/1616/804
f 1190/1624/918 1188/1604/907 1195/1607/910 1196/1625/919
f 1194/1616/804 1196/1623/919 1193/1626/812 1191/1621/809
f 1196/1625/919 1195/1607/910 1192/1612/800 1193/1627/812
f 1198/1618/916 1199/1628/920 1205/1629/921 1203/1608/911
f 1199/1630/920 1197/1617/915 1204/1606/909 1205/1631/921
f 1203/1608/911 1205/1629/921 1202/1632/922 1200/1603/906
f 1205/1631/921 1204/1606/909 1201/1605/908 1202/1633/922
f 1188/1604/907 1190/1624/918 1184/1596/902 1183/1568/887
f 1190/1622/918 1189/1615/914 1182/1598/903 1184/1597/902
f 1200/1603/906 1202/1632/922 1187/1599/904 1186/1560/880
f 1202/1633/922 1201/1605/908 1185/1569/888 1187/1600/904
f 1182/1598/903 1189/1615/914 1177/1614/913 1172/1601/287
f 1246/1634/880 1226/1635/881 1211/1636/923 1233/1637/283
f 1214/1638/883 1221/1639/884 1230/1640/885 1227/1641/886
f 1243/1642/887 1214/1638/883 1227/1641/886 1245/1643/888
f 1229/1644/889 1213/1645/890 1211/1636/923 1226/1635/881
f 1230/1640/885 1221/1639/884 1207/1646/31 1206/1647/31
f 1221/1639/884 1218/1648/717 1207/1646/31
f 1210/1649/718 1220/1650/719 1215/1651/892 1209/1652/893
f 1230/1640/885 1206/1647/31 1223/1653/894
f 1224/1654/895 1212/1655/896 1213/1645/890 1229/1644/889
f 1208/1656/725 1217/1657/726 1220/1650/719 1210/1649/718
f 1215/1651/892 1220/1650/719 1222/1658/897 1216/1659/898
f 1216/1660/898 1222/1661/897 1221/1639/884 1214/1638/883
f 1220/1650/719 1217/1657/726 1219/1662/729 1222/1658/897
f 1222/1661/897 1219/1663/729 1218/1648/717 1221/1639/884
f 1224/1654/895 1229/1644/889 1231/1664/924 1225/1665/900
f 1225/1666/900 1231/1667/924 1230/1640/885 1223/1653/894
f 1229/1644/889 1226/1635/881 1228/1668/901 1231/1664/924
f 1231/1667/924 1228/1669/901 1227/1641/886 1230/1640/885
f 1214/1638/883 1243/1642/887 1244/1670/902 1216/1660/898
f 1216/1659/898 1244/1671/902 1242/1672/903 1215/1651/892
f 1226/1635/881 1246/1634/880 1247/1673/904 1228/1668/901
f 1228/1669/901 1247/1674/904 1245/1643/888 1227/1641/886
f 1242/1672/903 1232/1675/287 1209/1652/893 1215/1651/892
f 1246/1634/880 1233/1637/283 1239/1676/905 1260/1677/906
f 1248/1678/907 1261/1679/908 1264/1680/909 1255/1681/910
f 1243/1642/887 1245/1643/888 1261/1679/908 1248/1678/907
f 1263/1682/911 1260/1677/906 1239/1676/905 1241/1683/912
f 1264/1680/909 1234/1684/31 1235/1685/31 1255/1681/910
f 1255/1681/910 1235/1685/31 1252/1686/800
f 1238/1687/801 1237/1688/913 1249/1689/914 1254/1690/804
f 1264/1680/909 1257/1691/915 1234/1684/31
f 1258/1692/916 1263/1682/911 1241/1683/912 1240/1693/917
f 1236/1694/808 1238/1687/801 1254/1690/804 1251/1695/809
f 1249/1689/914 1250/1696/918 1256/1697/919 1254/1690/804
f 1250/1698/918 1248/1678/907 1255/1681/910 1256/1699/919
f 1254/1690/804 1256/1697/919 1253/1700/812 1251/1695/809
f 1256/1699/919 1255/1681/910 1252/1686/800 1253/1701/812
f 1258/1692/916 1259/1702/920 1265/1703/921 1263/1682/911
f 1259/1704/920 1257/1691/915 1264/1680/909 1265/1705/921
f 1263/1682/911 1265/1703/921 1262/1706/922 1260/1677/906
f 1265/1705/921 1264/1680/909 1261/1679/908 1262/1707/922
f 1248/1678/907 1250/1698/918 1244/1670/902 1243/1642/887
f 1250/1696/918 1249/1689/914 1242/1672/903 1244/1671/902
f 1260/1677/906 1262/1706/922 1247/1673/904 1246/1634/880
f 1262/1707/922 1261/1679/908 1245/1643/888 1247/1674/904
f 1242/1672/903 1249/1689/914 1237/1688/913 1232/1675/287
f 1325/1708/925 1277/1709/926 1275/1710/927 1322/1711/928
f 1322/1711/928 1275/1710/927 1273/1712/929 1320/1713/930
f 1319/1714/931 1276/1715/932 1277/1709/926 1325/1708/925
f 1312/1716/933 1320/1713/930 1273/1712/929 1279/1717/934
f 1386/1718/935 1354/1719/936 1274/1720/937 1314/1721/938
f 1314/1721/938 1274/1720/937 1276/1715/932 1319/1714/931
f 1317/1722/939 1312/1723/933 1279/1724/934 1272/1725/940
f 1317/1722/939 1272/1725/940 1281/1726/941 1295/1727/942
f 1323/1728/943 1324/1729/944 1291/1730/287 1290/1731/287
f 1313/1732/945 1321/1733/946 1288/1734/287 1284/1735/287
f 1317/1736/939 1295/1737/942 1328/1738/283 1326/1739/283
f 1325/1740/925 1322/1741/928 1292/1742/283 1293/1743/283
f 1327/1744/947 1326/1745/948 1328/1746/949 1329/1747/949
f 1327/1744/947 1284/1748/950 1285/1749/951 1326/1745/948
f 1282/1750/952 1283/1751/952 1287/1752/953 1286/1753/953
f 1301/1754/954 1299/1755/955 1305/1756/956 1307/1757/957
f 1299/1755/955 1297/1758/958 1303/1759/959 1305/1756/956
f 1300/1760/960 1301/1754/954 1307/1757/957 1306/1761/961
f 1308/1762/962 1309/1763/963 1303/1759/959 1297/1758/958
f 1381/1764/964 1298/1765/965 1304/1766/966 1388/1767/967
f 1298/1765/965 1300/1760/960 1306/1761/961 1304/1766/966
f 1296/1768/968 1302/1769/969 1309/1770/963 1308/1771/962
f 1296/1768/968 1310/1772/970 1311/1773/971 1302/1769/969
f 1348/1774/31 1350/1775/31 1283/1751/952 1282/1750/952
f 1284/1776/950 1288/1777/972 1289/1778/972 1285/1779/951
f 1286/1753/953 1287/1752/953 1293/1780/973 1291/1781/973
f 1290/1782/974 1292/1783/974 1289/1778/972 1288/1777/972
f 1322/1741/928 1320/1784/930 1289/1785/283 1292/1742/283
f 1291/1781/973 1293/1780/973 1292/1783/974 1290/1782/974
f 1320/1784/930 1312/1786/933 1285/1787/283 1289/1785/283
f 1271/1788/975 1324/1789/944 1323/1790/943 1269/1791/976
f 1268/1792/977 1270/1793/978 1300/1794/960 1298/1795/965
f 1270/1793/978 1271/1796/975 1301/1797/954 1300/1794/960
f 1347/1798/979 1268/1792/977 1298/1795/965 1381/1799/964
f 1269/1800/976 1267/1801/980 1297/1802/958 1299/1803/955
f 1278/1804/981 1266/1805/982 1296/1806/968 1308/1807/962
f 1271/1796/975 1269/1800/976 1299/1803/955 1301/1797/954
f 1276/1808/932 1274/1809/937 1304/1810/966 1306/1811/961
f 1277/1812/926 1276/1808/932 1306/1811/961 1307/1813/957
f 1274/1809/937 1354/1814/936 1388/1815/967 1304/1810/966
f 1273/1816/929 1275/1817/927 1305/1818/956 1303/1819/959
f 1272/1820/940 1279/1821/934 1309/1822/963 1302/1823/969
f 1275/1817/927 1277/1812/926 1307/1813/957 1305/1818/956
f 1267/1801/980 1278/1824/981 1308/1825/962 1297/1802/958
f 1279/1826/934 1273/1816/929 1303/1819/959 1309/1827/963
f 1266/1805/982 1280/1828/983 1310/1829/970 1296/1806/968
f 1281/1830/941 1272/1820/940 1302/1823/969 1311/1831/971
f 1316/1832/984 1313/1833/945 1284/1834/287 1327/1835/287
f 1269/1791/976 1323/1790/943 1321/1836/946 1267/1837/980
f 1386/1838/935 1314/1839/938 1283/1840/283 1350/1841/283
f 1324/1729/944 1318/1842/985 1286/1843/287 1291/1730/287
f 1270/1844/978 1318/1845/985 1324/1789/944 1271/1788/975
f 1312/1846/933 1317/1736/939 1326/1739/283 1285/1847/283
f 1278/1848/981 1267/1837/980 1321/1836/946 1313/1849/945
f 1319/1850/931 1325/1740/925 1293/1743/283 1287/1851/283
f 1294/1852/986 1316/1832/984 1327/1835/287 1329/1853/287
f 1347/1854/979 1385/1855/987 1315/1856/988 1268/1857/977
f 1318/1842/985 1315/1858/988 1282/1859/287 1286/1843/287
f 1268/1857/977 1315/1856/988 1318/1845/985 1270/1844/978
f 1321/1733/946 1323/1728/943 1290/1731/287 1288/1734/287
f 1266/1860/982 1278/1861/981 1313/1862/945 1316/1863/984
f 1315/1858/988 1385/1864/987 1348/1865/287 1282/1859/287
f 1314/1839/938 1319/1850/931 1287/1851/283 1283/1840/283
f 1266/1860/982 1316/1863/984 1294/1866/986 1280/1867/983
f 1329/1868/989 1328/1869/990 1311/1870/990 1310/1871/989
f 1280/1872/991 1294/1873/991 1329/1868/989 1310/1871/989
f 1311/1870/990 1328/1869/990 1295/1874/992 1281/1875/992
f 1397/1876/993 1394/1877/994 1339/1878/995 1341/1879/996
f 1394/1877/994 1392/1880/997 1337/1881/998 1339/1878/995
f 1391/1882/999 1397/1876/993 1341/1879/996 1340/1883/1000
f 1380/1884/1001 1343/1885/1002 1337/1881/998 1392/1880/997
f 1386/1718/935 1383/1886/1003 1338/1887/1004 1354/1719/936
f 1383/1886/1003 1391/1882/999 1340/1883/1000 1338/1887/1004
f 1389/1888/1005 1336/1889/1006 1343/1890/1002 1380/1891/1001
f 1389/1888/1005 1363/1892/1007 1345/1893/1008 1336/1889/1006
f 1395/1894/1009 1358/1895/287 1359/1896/287 1396/1897/1010
f 1382/1898/1011 1351/1899/287 1356/1900/287 1393/1901/1012
f 1389/1902/1005 1398/1903/283 1400/1904/283 1363/1905/1007
f 1397/1906/993 1361/1907/283 1360/1908/283 1394/1909/994
f 1399/1910/1013 1401/1911/1014 1400/1912/1014 1398/1913/1013
f 1399/1910/1013 1398/1913/1013 1352/1914/1015 1351/1915/1015
f 1346/1916/1016 1353/1917/1017 1355/1918/1017 1349/1919/1016
f 1369/1920/1018 1375/1921/1019 1373/1922/1020 1367/1923/1021
f 1367/1923/1021 1373/1922/1020 1371/1924/1022 1365/1925/1023
f 1368/1926/1024 1374/1927/1025 1375/1921/1019 1369/1920/1018
f 1376/1928/1026 1365/1925/1023 1371/1924/1022 1377/1929/1027
f 1381/1764/964 1388/1767/967 1372/1930/1028 1366/1931/1029
f 1366/1931/1029 1372/1930/1028 1374/1927/1025 1368/1926/1024
f 1364/1932/1030 1376/1933/1026 1377/1934/1027 1370/1935/1031
f 1364/1932/1030 1370/1935/1031 1379/1936/1032 1378/1937/1033
f 1348/1774/31 1346/1916/1016 1349/1919/1016 1350/1775/31
f 1351/1938/1015 1352/1939/1015 1357/1940/1034 1356/1941/1034
f 1353/1917/1017 1359/1942/1035 1361/1943/1035 1355/1918/1017
f 1358/1944/1036 1356/1941/1034 1357/1940/1034 1360/1945/1036
f 1394/1909/994 1360/1908/283 1357/1946/283 1392/1947/997
f 1359/1942/1035 1358/1944/1036 1360/1945/1036 1361/1943/1035
f 1392/1947/997 1357/1946/283 1352/1948/283 1380/1949/1001
f 1335/1950/1037 1333/1951/1038 1395/1952/1009 1396/1953/1010
f 1332/1954/1039 1366/1955/1029 1368/1956/1024 1334/1957/1040
f 1334/1957/1040 1368/1956/1024 1369/1958/1018 1335/1959/1037
f 1347/1798/979 1381/1799/964 1366/1955/1029 1332/1954/1039
f 1333/1960/1038 1367/1961/1021 1365/1962/1023 1331/1963/1041
f 1342/1964/1042 1376/1965/1026 1364/1966/1030 1330/1967/1043
f 1335/1959/1037 1369/1958/1018 1367/1961/1021 1333/1960/1038
f 1340/1968/1000 1374/1969/1025 1372/1970/1028 1338/1971/1004
f 1341/1972/996 1375/1973/1019 1374/1969/1025 1340/1968/1000
f 1338/1971/1004 1372/1970/1028 1388/1815/967 1354/1814/936
f 1337/1974/998 1371/1975/1022 1373/1976/1020 1339/1977/995
f 1336/1978/1006 1370/1979/1031 1377/1980/1027 1343/1981/1002
f 1339/1977/995 1373/1976/1020 1375/1973/1019 1341/1972/996
f 1331/1963/1041 1365/1962/1023 1376/1982/1026 1342/1983/1042
f 1343/1984/1002 1377/1985/1027 1371/1975/1022 1337/1974/998
f 1330/1967/1043 1364/1966/1030 1378/1986/1033 1344/1987/1044
f 1345/1988/1008 1379/1989/1032 1370/1979/1031 1336/1978/1006
f 1387/1990/1045 1399/1991/287 1351/1992/287 1382/1993/1011
f 1333/1951/1038 1331/1994/1041 1393/1995/1012 1395/1952/1009
f 1386/1838/935 1350/1841/283 1349/1996/283 1383/1997/1003
f 1396/1897/1010 1359/1896/287 1353/1998/287 1390/1999/1046
f 1334/2000/1040 1335/1950/1037 1396/1953/1010 1390/2001/1046
f 1380/2002/1001 1352/2003/283 1398/1903/283 1389/1902/1005
f 1342/2004/1042 1382/2005/1011 1393/1995/1012 1331/1994/1041
f 1391/2006/999 1355/2007/283 1361/1907/283 1397/1906/993
f 1362/2008/1047 1401/2009/287 1399/1991/287 1387/1990/1045
f 1347/1854/979 1332/2010/1039 1384/2011/1048 1385/1855/987
f 1390/1999/1046 1353/1998/287 1346/2012/287 1384/2013/1048
f 1332/2010/1039 1334/2000/1040 1390/2001/1046 1384/2011/1048
f 1393/1901/1012 1356/1900/287 1358/1895/287 1395/1894/1009
f 1330/2014/1043 1387/2015/1045 1382/2016/1011 1342/2017/1042
f 1384/2013/1048 1346/2012/287 1348/1865/287 1385/1864/987
f 1383/1997/1003 1349/1996/283 1355/2007/283 1391/2006/999
f 1330/2014/1043 1344/2018/1044 1362/2019/1047 1387/2015/1045
f 1401/2020/1049 1378/2021/1049 1379/2022/1050 1400/2023/1051
f 1344/2024/1052 1378/2021/1049 1401/2020/1049 1362/2025/1052
f 1379/2022/1050 1345/2026/1053 1363/2027/1053 1400/2023/1051
f 1404/2028/31 1403/2029/31 1410/2030/31 1416/2031/31
f 1450/2032/1054 1452/2033/1055 1436/2034/287 1435/2035/287
f 1425/2036/1056 1424/2037/1057 1411/2038/1058 1407/2039/1059
f 1402/2040/31 1404/2028/31 1416/2031/31 1417/2041/31
f 1441/2042/1060 1444/2043/1061 1433/2044/287 1432/2045/287
f 1416/2031/31 1410/2030/31 1413/2046/1062 1405/2047/1063
f 1426/2048/1064 1425/2036/1056 1407/2039/1059 1408/2049/1065
f 1408/2049/1065 1407/2039/1059 1406/2050/1066
f 1409/2051/1067 1411/2038/1058 1412/2052/1068
f 1423/2053/1069 1424/2037/1057 1413/2046/1062
f 1418/2054/1070 1417/2041/31 1416/2031/31 1405/2047/1063
f 1414/2055/1071 1429/2056/31 1428/2057/1072
f 1415/2058/1073 1417/2041/31 1418/2054/1070
f 1419/2059/1074 1420/2060/1075 1408/2049/1065 1406/2050/1066
f 1420/2060/1075 1426/2048/1064 1408/2049/1065
f 1421/2061/1076 1422/2062/1077 1414/2055/1071 1428/2057/1072
f 1422/2062/1077 1423/2053/1069 1413/2046/1062 1414/2055/1071
f 1409/2051/1067 1421/2061/1076 1449/2063/1078 1443/2064/1079
f 1403/2029/31 1427/2065/31 1429/2056/31 1410/2030/31
f 1410/2030/31 1429/2056/31 1414/2055/1071 1413/2046/1062
f 1415/2058/1073 1418/2054/1070 1420/2060/1075 1419/2059/1074
f 1437/2066/1080 1446/2067/1081 1434/2068/287 1431/2069/287
f 1409/2051/1067 1412/2052/1068 1422/2062/1077 1421/2061/1076
f 1444/2043/1061 1450/2032/1054 1435/2035/287 1433/2044/287
f 1405/2047/1063 1425/2036/1056 1426/2048/1064
f 1405/2047/1063 1413/2046/1062 1424/2037/1057 1425/2036/1056
f 1412/2052/1068 1411/2038/1058 1424/2037/1057 1423/2053/1069
f 1412/2052/1068 1423/2053/1069 1422/2062/1077
f 1418/2054/1070 1405/2047/1063 1426/2048/1064 1420/2060/1075
f 1407/2039/1059 1411/2038/1058 1409/2051/1067 1406/2050/1066
f 1469/2070/31 1402/2040/31 1417/2041/31 1430/2071/31
f 1430/2071/31 1417/2041/31 1415/2058/1073 1457/2072/31
f 1498/2073/1082 1437/2066/1080 1431/2069/287 1488/2074/287
f 1452/2033/1055 1864/2075/1082 1855/2076/287 1436/2034/287
f 1429/2056/31 1835/2077/31 1823/2078/31 1428/2057/1072
f 1427/2065/31 1836/2079/31 1835/2077/31 1429/2056/31
f 1419/2059/1074 1406/2050/1066 1440/2080/1083 1447/2081/1084
f 1446/2067/1081 1441/2042/1060 1432/2045/287 1434/2068/287
f 1415/2058/1073 1419/2059/1074 1447/2081/1084 1438/2082/1085
f 1428/2057/1072 1823/2078/31 1865/2083/1086 1453/2084/1087
f 1406/2050/1066 1409/2051/1067 1443/2064/1079 1440/2080/1083
f 1421/2061/1076 1428/2057/1072 1453/2084/1087 1449/2063/1078
f 1447/2081/1084 1440/2080/1083 1442/2085/1088 1448/2086/1089
f 1448/2087/1089 1442/2088/1088 1441/2042/1060 1446/2067/1081
f 1440/2080/1083 1443/2064/1079 1445/2089/1090 1442/2085/1088
f 1442/2088/1088 1445/2090/1090 1444/2043/1061 1441/2042/1060
f 1438/2082/1085 1447/2081/1084 1448/2086/1089 1439/2091/1091
f 1439/2092/1091 1448/2087/1089 1446/2067/1081 1437/2066/1080
f 1443/2064/1079 1449/2063/1078 1451/2093/1092 1445/2089/1090
f 1445/2090/1090 1451/2094/1092 1450/2032/1054 1444/2043/1061
f 1499/2095/1093 1438/2082/1085 1439/2091/1091 1455/2096/1094
f 1455/2097/1094 1439/2092/1091 1437/2066/1080 1498/2073/1082
f 1864/2075/1082 1452/2033/1055 1454/2098/1095 1866/2099/1094
f 1866/2100/1094 1454/2101/1095 1453/2084/1087 1865/2083/1086
f 1449/2063/1078 1453/2084/1087 1454/2101/1095 1451/2093/1092
f 1451/2094/1092 1454/2098/1095 1452/2033/1055 1450/2032/1054
f 1457/2072/31 1415/2058/1073 1438/2082/1085 1499/2095/1093
f 1459/2102/31 1458/2103/31 1465/2104/31 1472/2105/31
f 1510/2106/1054 1512/2107/1055 1493/2108/287 1492/2109/287
f 1481/2110/1056 1480/2111/1057 1466/2112/1058 1462/2113/1059
f 1456/2114/31 1459/2102/31 1472/2105/31 1473/2115/31
f 1501/2116/1060 1504/2117/1061 1490/2118/287 1489/2119/287
f 1472/2105/31 1465/2104/31 1468/2120/1062 1460/2121/1063
f 1482/2122/1064 1481/2110/1056 1462/2113/1059 1463/2123/1065
f 1463/2123/1065 1462/2113/1059 1461/2124/1066
f 1464/2125/1067 1466/2112/1058 1467/2126/1068
f 1479/2127/1069 1480/2111/1057 1468/2120/1062
f 1474/2128/1070 1473/2115/31 1472/2105/31 1460/2121/1063
f 1470/2129/1071 1485/2130/31 1484/2131/1072
f 1471/2132/1096 1473/2115/31 1474/2128/1070
f 1475/2133/1074 1476/2134/1075 1463/2123/1065 1461/2124/1066
f 1476/2134/1075 1482/2122/1064 1463/2123/1065
f 1477/2135/1076 1478/2136/1077 1470/2129/1071 1484/2131/1072
f 1478/2136/1077 1479/2127/1069 1468/2120/1062 1470/2129/1071
f 1464/2125/1067 1477/2135/1076 1509/2137/1078 1503/2138/1097
f 1458/2103/31 1483/2139/31 1485/2130/31 1465/2104/31
f 1465/2104/31 1485/2130/31 1470/2129/1071 1468/2120/1062
f 1471/2132/1096 1474/2128/1070 1476/2134/1075 1475/2133/1074
f 1495/2140/1080 1506/2141/1081 1491/2142/287 1487/2143/287
f 1464/2125/1067 1467/2126/1068 1478/2136/1077 1477/2135/1076
f 1504/2117/1061 1510/2106/1054 1492/2109/287 1490/2118/287
f 1460/2121/1063 1481/2110/1056 1482/2122/1064
f 1460/2121/1063 1468/2120/1062 1480/2111/1057 1481/2110/1056
f 1467/2126/1068 1466/2112/1058 1480/2111/1057 1479/2127/1069
f 1467/2126/1068 1479/2127/1069 1478/2136/1077
f 1474/2128/1070 1460/2121/1063 1482/2122/1064 1476/2134/1075
f 1462/2113/1059 1466/2112/1058 1464/2125/1067 1461/2124/1066
f 1529/2144/31 1456/2114/31 1473/2115/31 1528/2145/31
f 1528/2145/31 1473/2115/31 1471/2132/1096 1486/2146/31
f 1556/2147/1082 1495/2140/1080 1487/2143/287 1494/2148/287
f 1512/2107/1055 1498/2149/1082 1488/2150/287 1493/2108/287
f 1485/2130/31 1430/2151/31 1457/2152/31 1484/2131/1072
f 1483/2139/31 1469/2153/31 1430/2151/31 1485/2130/31
f 1475/2133/1074 1461/2124/1066 1500/2154/1083 1507/2155/1098
f 1506/2141/1081 1501/2116/1060 1489/2119/287 1491/2142/287
f 1471/2132/1096 1475/2133/1074 1507/2155/1098 1496/2156/1085
f 1484/2131/1072 1457/2152/31 1499/2157/1093 1513/2158/1099
f 1461/2124/1066 1464/2125/1067 1503/2138/1097 1500/2154/1083
f 1477/2135/1076 1484/2131/1072 1513/2158/1099 1509/2137/1078
f 1507/2155/1098 1500/2154/1083 1502/2159/1088 1508/2160/1089
f 1508/2161/1089 1502/2162/1088 1501/2116/1060 1506/2141/1081
f 1500/2154/1083 1503/2138/1097 1505/2163/1090 1502/2159/1088
f 1502/2162/1088 1505/2164/1090 1504/2117/1061 1501/2116/1060
f 1496/2156/1085 1507/2155/1098 1508/2160/1089 1497/2165/1091
f 1497/2166/1091 1508/2161/1089 1506/2141/1081 1495/2140/1080
f 1503/2138/1097 1509/2137/1078 1511/2167/1092 1505/2163/1090
f 1505/2164/1090 1511/2168/1092 1510/2106/1054 1504/2117/1061
f 1557/2169/1093 1496/2156/1085 1497/2165/1091 1515/2170/1094
f 1515/2171/1094 1497/2166/1091 1495/2140/1080 1556/2147/1082
f 1498/2149/1082 1512/2107/1055 1514/2172/1095 1455/2173/1094
f 1455/2174/1094 1514/2175/1095 1513/2158/1099 1499/2157/1093
f 1509/2137/1078 1513/2158/1099 1514/2175/1095 1511/2167/1092
f 1511/2168/1092 1514/2172/1095 1512/2107/1055 1510/2106/1054
f 1486/2146/31 1471/2132/1096 1496/2156/1085 1557/2169/1093
f 1518/2176/31 1517/2177/31 1524/2178/31 1532/2179/31
f 1568/2180/1054 1570/2181/1055 1552/2182/287 1551/2183/287
f 1541/2184/1056 1540/2185/1057 1525/2186/1058 1521/2187/1059
f 1516/2188/31 1518/2176/31 1532/2179/31 1533/2189/31
f 1559/2190/1060 1562/2191/1061 1549/2192/287 1548/2193/287
f 1532/2179/31 1524/2178/31 1527/2194/1062 1519/2195/1063
f 1542/2196/1064 1541/2184/1056 1521/2187/1059 1522/2197/1065
f 1522/2197/1065 1521/2187/1059 1520/2198/1066
f 1523/2199/1067 1525/2186/1058 1526/2200/1068
f 1539/2201/1069 1540/2185/1057 1527/2194/1062
f 1534/2202/1070 1533/2189/31 1532/2179/31 1519/2195/1063
f 1530/2203/1071 1545/2204/31 1544/2205/1072
f 1531/2206/1096 1533/2189/31 1534/2202/1070
f 1535/2207/1100 1536/2208/1075 1522/2197/1065 1520/2198/1066
f 1536/2208/1075 1542/2196/1064 1522/2197/1065
f 1537/2209/1076 1538/2210/1077 1530/2203/1071 1544/2205/1072
f 1538/2210/1077 1539/2201/1069 1527/2194/1062 1530/2203/1071
f 1523/2199/1067 1537/2209/1076 1567/2211/1078 1561/2212/1097
f 1517/2177/31 1543/2213/31 1545/2204/31 1524/2178/31
f 1524/2178/31 1545/2204/31 1530/2203/1071 1527/2194/1062
f 1531/2206/1096 1534/2202/1070 1536/2208/1075 1535/2207/1100
f 1553/2214/1101 1564/2215/1081 1550/2216/287 1547/2217/287
f 1523/2199/1067 1526/2200/1068 1538/2210/1077 1537/2209/1076
f 1562/2191/1061 1568/2180/1054 1551/2183/287 1549/2192/287
f 1519/2195/1063 1541/2184/1056 1542/2196/1064
f 1519/2195/1063 1527/2194/1062 1540/2185/1057 1541/2184/1056
f 1526/2200/1068 1525/2186/1058 1540/2185/1057 1539/2201/1069
f 1526/2200/1068 1539/2201/1069 1538/2210/1077
f 1534/2202/1070 1519/2195/1063 1542/2196/1064 1536/2208/1075
f 1521/2187/1059 1525/2186/1058 1523/2199/1067 1520/2198/1066
f 1546/2218/31 1516/2188/31 1533/2189/31 1586/2219/31
f 1586/2219/31 1533/2189/31 1531/2206/1096 1574/2220/31
f 1613/2221/1082 1553/2214/1101 1547/2217/287 1604/2222/287
f 1570/2181/1055 1556/2223/1082 1494/2224/287 1552/2182/287
f 1545/2204/31 1528/2225/31 1486/2226/31 1544/2205/1072
f 1543/2213/31 1529/2227/31 1528/2225/31 1545/2204/31
f 1535/2207/1100 1520/2198/1066 1558/2228/1083 1565/2229/1084
f 1564/2215/1081 1559/2190/1060 1548/2193/287 1550/2216/287
f 1531/2206/1096 1535/2207/1100 1565/2229/1084 1554/2230/1085
f 1544/2205/1072 1486/2226/31 1557/2231/1093 1571/2232/1099
f 1520/2198/1066 1523/2199/1067 1561/2212/1097 1558/2228/1083
f 1537/2209/1076 1544/2205/1072 1571/2232/1099 1567/2211/1078
f 1565/2229/1084 1558/2228/1083 1560/2233/1088 1566/2234/1089
f 1566/2235/1089 1560/2236/1088 1559/2190/1060 1564/2215/1081
f 1558/2228/1083 1561/2212/1097 1563/2237/1090 1560/2233/1088
f 1560/2236/1088 1563/2238/1090 1562/2191/1061 1559/2190/1060
f 1554/2230/1085 1565/2229/1084 1566/2234/1089 1555/2239/1091
f 1555/2240/1091 1566/2235/1089 1564/2215/1081 1553/2214/1101
f 1561/2212/1097 1567/2211/1078 1569/2241/1092 1563/2237/1090
f 1563/2238/1090 1569/2242/1092 1568/2180/1054 1562/2191/1061
f 1614/2243/1093 1554/2230/1085 1555/2239/1091 1615/2244/1094
f 1615/2245/1094 1555/2240/1091 1553/2214/1101 1613/2221/1082
f 1556/2223/1082 1570/2181/1055 1572/2246/1095 1515/2247/1094
f 1515/2248/1094 1572/2249/1095 1571/2232/1099 1557/2231/1093
f 1567/2211/1078 1571/2232/1099 1572/2249/1095 1569/2241/1092
f 1569/2242/1092 1572/2246/1095 1570/2181/1055 1568/2180/1054
f 1574/2220/31 1531/2206/1096 1554/2230/1085 1614/2243/1093
f 1576/2250/31 1575/2251/31 1582/2252/31 1589/2253/31
f 1626/2254/1054 1628/2255/1102 1609/2256/287 1608/2257/287
f 1598/2258/1056 1597/2259/1057 1583/2260/1058 1579/2261/1059
f 1573/2262/31 1576/2250/31 1589/2253/31 1590/2263/31
f 1617/2264/1060 1620/2265/1061 1606/2266/287 1605/2267/287
f 1589/2253/31 1582/2252/31 1585/2268/1062 1577/2269/1063
f 1599/2270/1064 1598/2258/1056 1579/2261/1059 1580/2271/1065
f 1580/2271/1065 1579/2261/1059 1578/2272/1066
f 1581/2273/1067 1583/2260/1058 1584/2274/1068
f 1596/2275/1069 1597/2259/1057 1585/2268/1062
f 1591/2276/1070 1590/2263/31 1589/2253/31 1577/2269/1063
f 1587/2277/1071 1602/2278/31 1601/2279/1072
f 1588/2280/1073 1590/2263/31 1591/2276/1070
f 1592/2281/1074 1593/2282/1075 1580/2271/1065 1578/2272/1066
f 1593/2282/1075 1599/2270/1064 1580/2271/1065
f 1594/2283/1076 1595/2284/1077 1587/2277/1071 1601/2279/1072
f 1595/2284/1077 1596/2275/1069 1585/2268/1062 1587/2277/1071
f 1581/2273/1067 1594/2283/1076 1625/2285/1078 1619/2286/1079
f 1575/2251/31 1600/2287/31 1602/2278/31 1582/2252/31
f 1582/2252/31 1602/2278/31 1587/2277/1071 1585/2268/1062
f 1588/2280/1073 1591/2276/1070 1593/2282/1075 1592/2281/1074
f 1610/2288/1101 1622/2289/1081 1607/2290/287 1603/2291/287
f 1581/2273/1067 1584/2274/1068 1595/2284/1077 1594/2283/1076
f 1620/2265/1061 1626/2254/1054 1608/2257/287 1606/2266/287
f 1577/2269/1063 1598/2258/1056 1599/2270/1064
f 1577/2269/1063 1585/2268/1062 1597/2259/1057 1598/2258/1056
f 1584/2274/1068 1583/2260/1058 1597/2259/1057 1596/2275/1069
f 1584/2274/1068 1596/2275/1069 1595/2284/1077
f 1591/2276/1070 1577/2269/1063 1599/2270/1064 1593/2282/1075
f 1579/2261/1059 1583/2260/1058 1581/2273/1067 1578/2272/1066
f 1646/2292/31 1573/2262/31 1590/2263/31 1645/2293/31
f 1645/2293/31 1590/2263/31 1588/2280/1073 1633/2294/31
f 1675/2295/1082 1610/2288/1101 1603/2291/287 1665/2296/287
f 1628/2255/1102 1613/2297/1082 1604/2298/287 1609/2256/287
f 1602/2278/31 1586/2299/31 1574/2300/31 1601/2279/1072
f 1600/2287/31 1546/2301/31 1586/2299/31 1602/2278/31
f 1592/2281/1074 1578/2272/1066 1616/2302/1083 1623/2303/1084
f 1622/2289/1081 1617/2264/1060 1605/2267/287 1607/2290/287
f 1588/2280/1073 1592/2281/1074 1623/2303/1084 1611/2304/1085
f 1601/2279/1072 1574/2300/31 1614/2305/1093 1629/2306/1087
f 1578/2272/1066 1581/2273/1067 1619/2286/1079 1616/2302/1083
f 1594/2283/1076 1601/2279/1072 1629/2306/1087 1625/2285/1078
f 1623/2303/1084 1616/2302/1083 1618/2307/1088 1624/2308/1089
f 1624/2309/1089 1618/2310/1088 1617/2264/1060 1622/2289/1081
f 1616/2302/1083 1619/2286/1079 1621/2311/1090 1618/2307/1088
f 1618/2310/1088 1621/2312/1090 1620/2265/1061 1617/2264/1060
f 1611/2304/1085 1623/2303/1084 1624/2308/1089 1612/2313/1091
f 1612/2314/1091 1624/2309/1089 1622/2289/1081 1610/2288/1101
f 1619/2286/1079 1625/2285/1078 1627/2315/1092 1621/2311/1090
f 1621/2312/1090 1627/2316/1092 1626/2254/1054 1620/2265/1061
f 1676/2317/1093 1611/2304/1085 1612/2313/1091 1631/2318/1094
f 1631/2319/1094 1612/2314/1091 1610/2288/1101 1675/2295/1082
f 1613/2297/1082 1628/2255/1102 1630/2320/1095 1615/2321/1094
f 1615/2322/1094 1630/2323/1095 1629/2306/1087 1614/2305/1093
f 1625/2285/1078 1629/2306/1087 1630/2323/1095 1627/2315/1092
f 1627/2316/1092 1630/2320/1095 1628/2255/1102 1626/2254/1054
f 1633/2294/31 1588/2280/1073 1611/2304/1085 1676/2317/1093
f 1635/2324/31 1634/2325/31 1641/2326/31 1649/2327/31
f 1687/2328/1054 1689/2329/1055 1670/2330/287 1669/2331/287
f 1658/2332/1056 1657/2333/1057 1642/2334/1058 1638/2335/1059
f 1632/2336/31 1635/2324/31 1649/2327/31 1650/2337/31
f 1678/2338/1060 1681/2339/1061 1667/2340/287 1666/2341/287
f 1649/2327/31 1641/2326/31 1644/2342/1062 1636/2343/1063
f 1659/2344/1064 1658/2332/1056 1638/2335/1059 1639/2345/1065
f 1639/2345/1065 1638/2335/1059 1637/2346/1066
f 1640/2347/1103 1642/2334/1058 1643/2348/1068
f 1656/2349/1069 1657/2333/1057 1644/2342/1062
f 1651/2350/1070 1650/2337/31 1649/2327/31 1636/2343/1063
f 1647/2351/1071 1662/2352/31 1661/2353/1072
f 1648/2354/1096 1650/2337/31 1651/2350/1070
f 1652/2355/1100 1653/2356/1075 1639/2345/1065 1637/2346/1066
f 1653/2356/1075 1659/2344/1064 1639/2345/1065
f 1654/2357/1076 1655/2358/1077 1647/2351/1071 1661/2353/1072
f 1655/2358/1077 1656/2349/1069 1644/2342/1062 1647/2351/1071
f 1640/2347/1103 1654/2357/1076 1686/2359/1078 1680/2360/1104
f 1634/2325/31 1660/2361/31 1662/2352/31 1641/2326/31
f 1641/2326/31 1662/2352/31 1647/2351/1071 1644/2342/1062
f 1648/2354/1096 1651/2350/1070 1653/2356/1075 1652/2355/1100
f 1672/2362/1101 1683/2363/1081 1668/2364/287 1664/2365/287
f 1640/2347/1103 1643/2348/1068 1655/2358/1077 1654/2357/1076
f 1681/2339/1061 1687/2328/1054 1669/2331/287 1667/2340/287
f 1636/2343/1063 1658/2332/1056 1659/2344/1064
f 1636/2343/1063 1644/2342/1062 1657/2333/1057 1658/2332/1056
f 1643/2348/1068 1642/2334/1058 1657/2333/1057 1656/2349/1069
f 1643/2348/1068 1656/2349/1069 1655/2358/1077
f 1651/2350/1070 1636/2343/1063 1659/2344/1064 1653/2356/1075
f 1638/2335/1059 1642/2334/1058 1640/2347/1103 1637/2346/1066
f 1706/2366/31 1632/2336/31 1650/2337/31 1705/2367/31
f 1705/2367/31 1650/2337/31 1648/2354/1096 1663/2368/31
f 1735/2369/1082 1672/2362/1101 1664/2365/287 1671/2370/287
f 1689/2329/1055 1675/2371/1082 1665/2372/287 1670/2330/287
f 1662/2352/31 1645/2373/31 1633/2374/31 1661/2353/1072
f 1660/2361/31 1646/2375/31 1645/2373/31 1662/2352/31
f 1652/2355/1100 1637/2346/1066 1677/2376/1083 1684/2377/1098
f 1683/2363/1081 1678/2338/1060 1666/2341/287 1668/2364/287
f 1648/2354/1096 1652/2355/1100 1684/2377/1098 1673/2378/1085
f 1661/2353/1072 1633/2374/31 1676/2379/1093 1690/2380/1105
f 1637/2346/1066 1640/2347/1103 1680/2360/1104 1677/2376/1083
f 1654/2357/1076 1661/2353/1072 1690/2380/1105 1686/2359/1078
f 1684/2377/1098 1677/2376/1083 1679/2381/1088 1685/2382/1089
f 1685/2383/1089 1679/2384/1088 1678/2338/1060 1683/2363/1081
f 1677/2376/1083 1680/2360/1104 1682/2385/1090 1679/2381/1088
f 1679/2384/1088 1682/2386/1090 1681/2339/1061 1678/2338/1060
f 1673/2378/1085 1684/2377/1098 1685/2382/1089 1674/2387/1091
f 1674/2388/1091 1685/2383/1089 1683/2363/1081 1672/2362/1101
f 1680/2360/1104 1686/2359/1078 1688/2389/1092 1682/2385/1090
f 1682/2386/1090 1688/2390/1092 1687/2328/1054 1681/2339/1061
f 1736/2391/1093 1673/2378/1085 1674/2387/1091 1692/2392/1094
f 1692/2393/1094 1674/2388/1091 1672/2362/1101 1735/2369/1082
f 1675/2371/1082 1689/2329/1055 1691/2394/1095 1631/2395/1094
f 1631/2396/1094 1691/2397/1095 1690/2380/1105 1676/2379/1093
f 1686/2359/1078 1690/2380/1105 1691/2397/1095 1688/2389/1092
f 1688/2390/1092 1691/2394/1095 1689/2329/1055 1687/2328/1054
f 1663/2368/31 1648/2354/1096 1673/2378/1085 1736/2391/1093
f 1695/2398/31 1694/2399/31 1701/2400/31 1709/2401/31
f 1747/2402/1054 1749/2403/1055 1731/2404/287 1730/2405/287
f 1718/2406/1056 1717/2407/1057 1702/2408/1058 1698/2409/1059
f 1693/2410/31 1695/2398/31 1709/2401/31 1710/2411/31
f 1738/2412/1060 1741/2413/1061 1728/2414/287 1727/2415/287
f 1709/2401/31 1701/2400/31 1704/2416/1062 1696/2417/1106
f 1719/2418/1064 1718/2406/1056 1698/2409/1059 1699/2419/1065
f 1699/2419/1065 1698/2409/1059 1697/2420/1066
f 1700/2421/1067 1702/2408/1058 1703/2422/1068
f 1716/2423/1069 1717/2407/1057 1704/2416/1062
f 1711/2424/1070 1710/2411/31 1709/2401/31 1696/2417/1106
f 1707/2425/1071 1722/2426/31 1721/2427/1072
f 1708/2428/1096 1710/2411/31 1711/2424/1070
f 1712/2429/1074 1713/2430/1075 1699/2419/1065 1697/2420/1066
f 1713/2430/1075 1719/2418/1064 1699/2419/1065
f 1714/2431/1076 1715/2432/1077 1707/2425/1071 1721/2427/1072
f 1715/2432/1077 1716/2423/1069 1704/2416/1062 1707/2425/1071
f 1700/2421/1067 1714/2431/1076 1746/2433/1107 1740/2434/1079
f 1694/2399/31 1720/2435/31 1722/2426/31 1701/2400/31
f 1701/2400/31 1722/2426/31 1707/2425/1071 1704/2416/1062
f 1708/2428/1096 1711/2424/1070 1713/2430/1075 1712/2429/1074
f 1732/2436/1080 1743/2437/1081 1729/2438/287 1726/2439/287
f 1700/2421/1067 1703/2422/1068 1715/2432/1077 1714/2431/1076
f 1741/2413/1061 1747/2402/1054 1730/2405/287 1728/2414/287
f 1696/2417/1106 1718/2406/1056 1719/2418/1064
f 1696/2417/1106 1704/2416/1062 1717/2407/1057 1718/2406/1056
f 1703/2422/1068 1702/2408/1058 1717/2407/1057 1716/2423/1069
f 1703/2422/1068 1716/2423/1069 1715/2432/1077
f 1711/2424/1070 1696/2417/1106 1719/2418/1064 1713/2430/1075
f 1698/2409/1059 1702/2408/1058 1700/2421/1067 1697/2420/1066
f 1723/2440/31 1693/2410/31 1710/2411/31 1724/2441/31
f 1724/2441/31 1710/2411/31 1708/2428/1096 1725/2442/31
f 1752/2443/1082 1732/2436/1080 1726/2439/287 1786/2444/287
f 1749/2403/1055 1735/2445/1082 1671/2446/287 1731/2404/287
f 1722/2426/31 1705/2447/31 1663/2448/31 1721/2427/1072
f 1720/2435/31 1706/2449/31 1705/2447/31 1722/2426/31
f 1712/2429/1074 1697/2420/1066 1737/2450/1083 1744/2451/1098
f 1743/2437/1081 1738/2412/1060 1727/2415/287 1729/2438/287
f 1708/2428/1096 1712/2429/1074 1744/2451/1098 1733/2452/1085
f 1721/2427/1072 1663/2448/31 1736/2453/1093 1750/2454/1099
f 1697/2420/1066 1700/2421/1067 1740/2434/1079 1737/2450/1083
f 1714/2431/1076 1721/2427/1072 1750/2454/1099 1746/2433/1107
f 1744/2451/1098 1737/2450/1083 1739/2455/1088 1745/2456/1089
f 1745/2457/1089 1739/2458/1088 1738/2412/1060 1743/2437/1081
f 1737/2450/1083 1740/2434/1079 1742/2459/1090 1739/2455/1088
f 1739/2458/1088 1742/2460/1090 1741/2413/1061 1738/2412/1060
f 1733/2452/1085 1744/2451/1098 1745/2456/1089 1734/2461/1091
f 1734/2462/1091 1745/2457/1089 1743/2437/1081 1732/2436/1080
f 1740/2434/1079 1746/2433/1107 1748/2463/1092 1742/2459/1090
f 1742/2460/1090 1748/2464/1092 1747/2402/1054 1741/2413/1061
f 1796/2465/1093 1733/2452/1085 1734/2461/1091 1753/2466/1094
f 1753/2467/1094 1734/2462/1091 1732/2436/1080 1752/2443/1082
f 1735/2445/1082 1749/2403/1055 1751/2468/1095 1692/2469/1094
f 1692/2470/1094 1751/2471/1095 1750/2454/1099 1736/2453/1093
f 1746/2433/1107 1750/2454/1099 1751/2471/1095 1748/2463/1092
f 1748/2464/1092 1751/2468/1095 1749/2403/1055 1747/2402/1054
f 1725/2442/31 1708/2428/1096 1733/2452/1085 1796/2465/1093
f 1756/2472/31 1755/2473/31 1762/2474/31 1768/2475/31
f 1807/2476/1054 1809/2477/1055 1791/2478/287 1790/2479/287
f 1777/2480/1056 1776/2481/1057 1763/2482/1058 1759/2483/1059
f 1754/2484/31 1756/2472/31 1768/2475/31 1769/2485/31
f 1798/2486/1060 1801/2487/1061 1788/2488/287 1787/2489/287
f 1768/2475/31 1762/2474/31 1765/2490/1062 1757/2491/1063
f 1778/2492/1064 1777/2480/1056 1759/2483/1059 1760/2493/1065
f 1760/2493/1065 1759/2483/1059 1758/2494/1066
f 1761/2495/1067 1763/2482/1058 1764/2496/1068
f 1775/2497/1069 1776/2481/1057 1765/2490/1062
f 1770/2498/1070 1769/2485/31 1768/2475/31 1757/2491/1063
f 1766/2499/1071 1781/2500/31 1780/2501/1072
f 1767/2502/1096 1769/2485/31 1770/2498/1070
f 1771/2503/1100 1772/2504/1075 1760/2493/1065 1758/2494/1066
f 1772/2504/1075 1778/2492/1064 1760/2493/1065
f 1773/2505/1076 1774/2506/1077 1766/2499/1071 1780/2501/1072
f 1774/2506/1077 1775/2497/1069 1765/2490/1062 1766/2499/1071
f 1761/2495/1067 1773/2505/1076 1806/2507/1078 1800/2508/1104
f 1755/2473/31 1779/2509/31 1781/2500/31 1762/2474/31
f 1762/2474/31 1781/2500/31 1766/2499/1071 1765/2490/1062
f 1767/2502/1096 1770/2498/1070 1772/2504/1075 1771/2503/1100
f 1793/2510/1080 1803/2511/1081 1789/2512/287 1785/2513/287
f 1761/2495/1067 1764/2496/1068 1774/2506/1077 1773/2505/1076
f 1801/2487/1061 1807/2476/1054 1790/2479/287 1788/2488/287
f 1757/2491/1063 1777/2480/1056 1778/2492/1064
f 1757/2491/1063 1765/2490/1062 1776/2481/1057 1777/2480/1056
f 1764/2496/1068 1763/2482/1058 1776/2481/1057 1775/2497/1069
f 1764/2496/1068 1775/2497/1069 1774/2506/1077
f 1770/2498/1070 1757/2491/1063 1778/2492/1064 1772/2504/1075
f 1759/2483/1059 1763/2482/1058 1761/2495/1067 1758/2494/1066
f 1782/2514/31 1754/2484/31 1769/2485/31 1783/2515/31
f 1783/2515/31 1769/2485/31 1767/2502/1096 1784/2516/31
f 1813/2517/1082 1793/2510/1080 1785/2513/287 1792/2518/287
f 1809/2477/1055 1752/2519/1082 1786/2520/287 1791/2478/287
f 1781/2500/31 1724/2521/31 1725/2522/31 1780/2501/1072
f 1779/2509/31 1723/2523/31 1724/2521/31 1781/2500/31
f 1771/2503/1100 1758/2494/1066 1797/2524/1083 1804/2525/1084
f 1803/2511/1081 1798/2486/1060 1787/2489/287 1789/2512/287
f 1767/2502/1096 1771/2503/1100 1804/2525/1084 1794/2526/1085
f 1780/2501/1072 1725/2522/31 1796/2527/1093 1810/2528/1105
f 1758/2494/1066 1761/2495/1067 1800/2508/1104 1797/2524/1083
f 1773/2505/1076 1780/2501/1072 1810/2528/1105 1806/2507/1078
f 1804/2525/1084 1797/2524/1083 1799/2529/1088 1805/2530/1089
f 1805/2531/1089 1799/2532/1088 1798/2486/1060 1803/2511/1081
f 1797/2524/1083 1800/2508/1104 1802/2533/1090 1799/2529/1088
f 1799/2532/1088 1802/2534/1090 1801/2487/1061 1798/2486/1060
f 1794/2526/1085 1804/2525/1084 1805/2530/1089 1795/2535/1091
f 1795/2536/1091 1805/2531/1089 1803/2511/1081 1793/2510/1080
f 1800/2508/1104 1806/2507/1078 1808/2537/1092 1802/2533/1090
f 1802/2534/1090 1808/2538/1092 1807/2476/1054 1801/2487/1061
f 1812/2539/1093 1794/2526/1085 1795/2535/1091 1814/2540/1108
f 1814/2541/1108 1795/2536/1091 1793/2510/1080 1813/2517/1082
f 1752/2519/1082 1809/2477/1055 1811/2542/1095 1753/2543/1094
f 1753/2544/1094 1811/2545/1095 1810/2528/1105 1796/2527/1093
f 1806/2507/1078 1810/2528/1105 1811/2545/1095 1808/2537/1092
f 1808/2538/1092 1811/2542/1095 1809/2477/1055 1807/2476/1054
f 1784/2516/31 1767/2502/1096 1794/2526/1085 1812/2539/1093
f 1813/2546/1082 1792/2547/287 1818/2548/287 1820/2549/1082
f 1784/2550/31 1812/2551/1093 1819/2552/1093 1817/2553/31
f 1783/2554/31 1784/2550/31 1817/2553/31 1816/2555/31
f 1812/2551/1093 1814/2556/1108 1821/2557/1109 1819/2552/1093
f 1782/2558/31 1783/2554/31 1816/2555/31 1815/2559/31
f 1814/2560/1108 1813/2546/1082 1820/2549/1082 1821/2561/1109
f 1825/2562/31 1839/2563/31 1831/2564/31 1824/2565/31
f 1877/2566/1081 1859/2567/287 1860/2568/287 1879/2569/1080
f 1848/2570/1057 1828/2571/1058 1832/2572/1059 1847/2573/1056
f 1822/2574/31 1840/2575/31 1839/2563/31 1825/2562/31
f 1868/2576/1061 1856/2577/287 1857/2578/287 1871/2579/1060
f 1839/2563/31 1826/2580/1062 1834/2581/1063 1831/2564/31
f 1849/2582/1069 1829/2583/1110 1828/2571/1058 1848/2570/1057
f 1829/2583/1110 1827/2584/1067 1828/2571/1058
f 1830/2585/1066 1833/2586/1065 1832/2572/1059
f 1846/2587/1064 1834/2581/1063 1847/2573/1056
f 1841/2588/1071 1826/2580/1062 1839/2563/31 1840/2575/31
f 1837/2589/1111 1851/2590/1096 1852/2591/31
f 1838/2592/1112 1841/2588/1071 1840/2575/31
f 1842/2593/1113 1827/2584/1067 1829/2583/1110 1843/2594/1077
f 1843/2594/1077 1829/2583/1110 1849/2582/1069
f 1844/2595/1100 1851/2590/1096 1837/2589/1111 1845/2596/1075
f 1845/2596/1075 1837/2589/1111 1834/2581/1063 1846/2587/1064
f 1830/2585/1066 1870/2597/1083 1876/2598/1084 1844/2595/1100
f 1824/2565/31 1831/2564/31 1852/2591/31 1850/2599/31
f 1831/2564/31 1834/2581/1063 1837/2589/1111 1852/2591/31
f 1838/2592/1112 1842/2593/1113 1843/2594/1077 1841/2588/1071
f 1861/2600/1055 1854/2601/287 1858/2602/287 1873/2603/1054
f 1830/2585/1066 1844/2595/1100 1845/2596/1075 1833/2586/1065
f 1871/2579/1060 1857/2578/287 1859/2567/287 1877/2566/1081
f 1826/2580/1062 1849/2582/1069 1848/2570/1057
f 1826/2580/1062 1848/2570/1057 1847/2573/1056 1834/2581/1063
f 1833/2586/1065 1846/2587/1064 1847/2573/1056 1832/2572/1059
f 1833/2586/1065 1845/2596/1075 1846/2587/1064
f 1841/2588/1071 1843/2594/1077 1849/2582/1069 1826/2580/1062
f 1828/2571/1058 1827/2584/1067 1830/2585/1066 1832/2572/1059
f 1896/2604/31 1853/2605/31 1840/2575/31 1822/2574/31
f 1853/2605/31 1884/2606/31 1838/2592/1112 1840/2575/31
f 1925/2607/1082 1915/2608/287 1854/2601/287 1861/2600/1055
f 1879/2569/1080 1860/2568/287 1855/2076/287 1864/2075/1082
f 1852/2591/31 1851/2590/1096 1823/2078/31 1835/2077/31
f 1850/2599/31 1852/2591/31 1835/2077/31 1836/2079/31
f 1842/2593/1113 1874/2609/1078 1867/2610/1104 1827/2584/1067
f 1873/2603/1054 1858/2602/287 1856/2577/287 1868/2576/1061
f 1838/2592/1112 1862/2611/1087 1874/2609/1078 1842/2593/1113
f 1851/2590/1096 1880/2612/1085 1865/2083/1086 1823/2078/31
f 1827/2584/1067 1867/2610/1104 1870/2597/1083 1830/2585/1066
f 1844/2595/1100 1876/2598/1084 1880/2612/1085 1851/2590/1096
f 1874/2609/1078 1875/2613/1092 1869/2614/1090 1867/2610/1104
f 1875/2615/1092 1873/2603/1054 1868/2576/1061 1869/2616/1090
f 1867/2610/1104 1869/2614/1090 1872/2617/1088 1870/2597/1083
f 1869/2616/1090 1868/2576/1061 1871/2579/1060 1872/2618/1088
f 1862/2611/1087 1863/2619/1095 1875/2613/1092 1874/2609/1078
f 1863/2620/1095 1861/2600/1055 1873/2603/1054 1875/2615/1092
f 1870/2597/1083 1872/2617/1088 1878/2621/1089 1876/2598/1084
f 1872/2618/1088 1871/2579/1060 1877/2566/1081 1878/2622/1089
f 1926/2623/1086 1882/2624/1094 1863/2619/1095 1862/2611/1087
f 1882/2625/1094 1925/2607/1082 1861/2600/1055 1863/2620/1095
f 1864/2075/1082 1866/2099/1094 1881/2626/1091 1879/2569/1080
f 1866/2100/1094 1865/2083/1086 1880/2612/1085 1881/2627/1091
f 1876/2598/1084 1878/2621/1089 1881/2627/1091 1880/2612/1085
f 1878/2622/1089 1877/2566/1081 1879/2569/1080 1881/2626/1091
f 1884/2606/31 1926/2623/1086 1862/2611/1087 1838/2592/1112
f 1886/2628/31 1899/2629/31 1892/2630/31 1885/2631/31
f 1937/2632/1081 1919/2633/287 1920/2634/287 1939/2635/1080
f 1908/2636/1057 1889/2637/1058 1893/2638/1059 1907/2639/1114
f 1883/2640/31 1900/2641/31 1899/2629/31 1886/2628/31
f 1928/2642/1061 1916/2643/287 1917/2644/287 1931/2645/1060
f 1899/2629/31 1887/2646/1062 1895/2647/1106 1892/2630/31
f 1909/2648/1069 1890/2649/1068 1889/2637/1058 1908/2636/1057
f 1890/2649/1068 1888/2650/1067 1889/2637/1058
f 1891/2651/1066 1894/2652/1065 1893/2638/1059
f 1906/2653/1064 1895/2647/1106 1907/2639/1114
f 1901/2654/1071 1887/2646/1062 1899/2629/31 1900/2641/31
f 1897/2655/1111 1911/2656/1096 1912/2657/31
f 1898/2658/1072 1901/2654/1071 1900/2641/31
f 1902/2659/1113 1888/2650/1067 1890/2649/1068 1903/2660/1077
f 1903/2660/1077 1890/2649/1068 1909/2648/1069
f 1904/2661/1100 1911/2656/1096 1897/2655/1111 1905/2662/1075
f 1905/2662/1075 1897/2655/1111 1895/2647/1106 1906/2653/1064
f 1891/2651/1066 1930/2663/1083 1936/2664/1098 1904/2661/1100
f 1885/2631/31 1892/2630/31 1912/2657/31 1910/2665/31
f 1892/2630/31 1895/2647/1106 1897/2655/1111 1912/2657/31
f 1898/2658/1072 1902/2659/1113 1903/2660/1077 1901/2654/1071
f 1922/2666/1102 1914/2667/287 1918/2668/287 1933/2669/1054
f 1891/2651/1066 1904/2661/1100 1905/2662/1075 1894/2652/1065
f 1931/2645/1060 1917/2644/287 1919/2633/287 1937/2632/1081
f 1887/2646/1062 1909/2648/1069 1908/2636/1057
f 1887/2646/1062 1908/2636/1057 1907/2639/1114 1895/2647/1106
f 1894/2652/1065 1906/2653/1064 1907/2639/1114 1893/2638/1059
f 1894/2652/1065 1905/2662/1075 1906/2653/1064
f 1901/2654/1071 1903/2660/1077 1909/2648/1069 1887/2646/1062
f 1889/2637/1058 1888/2650/1067 1891/2651/1066 1893/2638/1059
f 1956/2670/31 1955/2671/31 1900/2641/31 1883/2640/31
f 1955/2671/31 1913/2672/31 1898/2658/1072 1900/2641/31
f 1983/2673/1082 1921/2674/287 1914/2667/287 1922/2666/1102
f 1939/2635/1080 1920/2634/287 1915/2675/287 1925/2676/1082
f 1912/2657/31 1911/2656/1096 1884/2677/31 1853/2678/31
f 1910/2665/31 1912/2657/31 1853/2678/31 1896/2679/31
f 1902/2659/1113 1934/2680/1078 1927/2681/1079 1888/2650/1067
f 1933/2669/1054 1918/2668/287 1916/2643/287 1928/2642/1061
f 1898/2658/1072 1923/2682/1099 1934/2680/1078 1902/2659/1113
f 1911/2656/1096 1940/2683/1085 1926/2684/1086 1884/2677/31
f 1888/2650/1067 1927/2681/1079 1930/2663/1083 1891/2651/1066
f 1904/2661/1100 1936/2664/1098 1940/2683/1085 1911/2656/1096
f 1934/2680/1078 1935/2685/1092 1929/2686/1090 1927/2681/1079
f 1935/2687/1092 1933/2669/1054 1928/2642/1061 1929/2688/1090
f 1927/2681/1079 1929/2686/1090 1932/2689/1088 1930/2663/1083
f 1929/2688/1090 1928/2642/1061 1931/2645/1060 1932/2690/1088
f 1923/2682/1099 1924/2691/1095 1935/2685/1092 1934/2680/1078
f 1924/2692/1095 1922/2666/1102 1933/2669/1054 1935/2687/1092
f 1930/2663/1083 1932/2689/1088 1938/2693/1089 1936/2664/1098
f 1932/2690/1088 1931/2645/1060 1937/2632/1081 1938/2694/1089
f 1984/2695/1086 1942/2696/1094 1924/2691/1095 1923/2682/1099
f 1942/2697/1094 1983/2673/1082 1922/2666/1102 1924/2692/1095
f 1925/2676/1082 1882/2698/1094 1941/2699/1091 1939/2635/1080
f 1882/2700/1094 1926/2684/1086 1940/2683/1085 1941/2701/1091
f 1936/2664/1098 1938/2693/1089 1941/2701/1091 1940/2683/1085
f 1938/2694/1089 1937/2632/1081 1939/2635/1080 1941/2699/1091
f 1913/2672/31 1984/2695/1086 1923/2682/1099 1898/2658/1072
f 1945/2702/31 1959/2703/31 1951/2704/31 1944/2705/31
f 1995/2706/1081 1978/2707/287 1979/2708/287 1997/2709/1080
f 1968/2710/1057 1948/2711/1058 1952/2712/1059 1967/2713/1056
f 1943/2714/31 1960/2715/31 1959/2703/31 1945/2702/31
f 1986/2716/1061 1975/2717/287 1976/2718/287 1989/2719/1060
f 1959/2703/31 1946/2720/1062 1954/2721/1063 1951/2704/31
f 1969/2722/1069 1949/2723/1068 1948/2711/1058 1968/2710/1057
f 1949/2723/1068 1947/2724/1067 1948/2711/1058
f 1950/2725/1066 1953/2726/1065 1952/2712/1059
f 1966/2727/1064 1954/2721/1063 1967/2713/1056
f 1961/2728/1071 1946/2720/1062 1959/2703/31 1960/2715/31
f 1957/2729/1111 1971/2730/1096 1972/2731/31
f 1958/2732/1072 1961/2728/1071 1960/2715/31
f 1962/2733/1113 1947/2724/1067 1949/2723/1068 1963/2734/1077
f 1963/2734/1077 1949/2723/1068 1969/2722/1069
f 1964/2735/1100 1971/2730/1096 1957/2729/1111 1965/2736/1075
f 1965/2736/1075 1957/2729/1111 1954/2721/1063 1966/2727/1064
f 1950/2725/1066 1988/2737/1083 1994/2738/1084 1964/2735/1100
f 1944/2705/31 1951/2704/31 1972/2731/31 1970/2739/31
f 1951/2704/31 1954/2721/1063 1957/2729/1111 1972/2731/31
f 1958/2732/1072 1962/2733/1113 1963/2734/1077 1961/2728/1071
f 1980/2740/1055 1974/2741/287 1977/2742/287 1991/2743/1054
f 1950/2725/1066 1964/2735/1100 1965/2736/1075 1953/2726/1065
f 1989/2719/1060 1976/2718/287 1978/2707/287 1995/2706/1081
f 1946/2720/1062 1969/2722/1069 1968/2710/1057
f 1946/2720/1062 1968/2710/1057 1967/2713/1056 1954/2721/1063
f 1953/2726/1065 1966/2727/1064 1967/2713/1056 1952/2712/1059
f 1953/2726/1065 1965/2736/1075 1966/2727/1064
f 1961/2728/1071 1963/2734/1077 1969/2722/1069 1946/2720/1062
f 1948/2711/1058 1947/2724/1067 1950/2725/1066 1952/2712/1059
f 1973/2744/31 2013/2745/31 1960/2715/31 1943/2714/31
f 2013/2745/31 2001/2746/31 1958/2732/1072 1960/2715/31
f 2040/2747/1082 2031/2748/287 1974/2741/287 1980/2740/1055
f 1997/2709/1080 1979/2708/287 1921/2749/287 1983/2750/1082
f 1972/2731/31 1971/2730/1096 1913/2751/31 1955/2752/31
f 1970/2739/31 1972/2731/31 1955/2752/31 1956/2753/31
f 1962/2733/1113 1992/2754/1078 1985/2755/1097 1947/2724/1067
f 1991/2743/1054 1977/2742/287 1975/2717/287 1986/2716/1061
f 1958/2732/1072 1981/2756/1099 1992/2754/1078 1962/2733/1113
f 1971/2730/1096 1998/2757/1085 1984/2758/1086 1913/2751/31
f 1947/2724/1067 1985/2755/1097 1988/2737/1083 1950/2725/1066
f 1964/2735/1100 1994/2738/1084 1998/2757/1085 1971/2730/1096
f 1992/2754/1078 1993/2759/1092 1987/2760/1090 1985/2755/1097
f 1993/2761/1092 1991/2743/1054 1986/2716/1061 1987/2762/1090
f 1985/2755/1097 1987/2760/1090 1990/2763/1088 1988/2737/1083
f 1987/2762/1090 1986/2716/1061 1989/2719/1060 1990/2764/1088
f 1981/2756/1099 1982/2765/1095 1993/2759/1092 1992/2754/1078
f 1982/2766/1095 1980/2740/1055 1991/2743/1054 1993/2761/1092
f 1988/2737/1083 1990/2763/1088 1996/2767/1089 1994/2738/1084
f 1990/2764/1088 1989/2719/1060 1995/2706/1081 1996/2768/1089
f 2041/2769/1086 2042/2770/1094 1982/2765/1095 1981/2756/1099
f 2042/2771/1094 2040/2747/1082 1980/2740/1055 1982/2766/1095
f 1983/2750/1082 1942/2772/1094 1999/2773/1091 1997/2709/1080
f 1942/2774/1094 1984/2758/1086 1998/2757/1085 1999/2775/1091
f 1994/2738/1084 1996/2767/1089 1999/2775/1091 1998/2757/1085
f 1996/2768/1089 1995/2706/1081 1997/2709/1080 1999/2773/1091
f 2001/2746/31 2041/2769/1086 1981/2756/1099 1958/2732/1072
f 2003/2776/31 2016/2777/31 2009/2778/31 2002/2779/31
f 2053/2780/1081 2035/2781/287 2036/2782/287 2055/2783/1080
f 2025/2784/1057 2006/2785/1058 2010/2786/1059 2024/2787/1056
f 2000/2788/31 2017/2789/31 2016/2777/31 2003/2776/31
f 2044/2790/1061 2032/2791/287 2033/2792/287 2047/2793/1060
f 2016/2777/31 2004/2794/1062 2012/2795/1063 2009/2778/31
f 2026/2796/1069 2007/2797/1110 2006/2785/1058 2025/2784/1057
f 2007/2797/1110 2005/2798/1067 2006/2785/1058
f 2008/2799/1066 2011/2800/1065 2010/2786/1059
f 2023/2801/1064 2012/2795/1063 2024/2787/1056
f 2018/2802/1071 2004/2794/1062 2016/2777/31 2017/2789/31
f 2014/2803/1111 2028/2804/1096 2029/2805/31
f 2015/2806/1112 2018/2802/1071 2017/2789/31
f 2019/2807/1076 2005/2798/1067 2007/2797/1110 2020/2808/1077
f 2020/2808/1077 2007/2797/1110 2026/2796/1069
f 2021/2809/1100 2028/2804/1096 2014/2803/1111 2022/2810/1075
f 2022/2810/1075 2014/2803/1111 2012/2795/1063 2023/2801/1064
f 2008/2799/1066 2046/2811/1083 2052/2812/1084 2021/2809/1100
f 2002/2779/31 2009/2778/31 2029/2805/31 2027/2813/31
f 2009/2778/31 2012/2795/1063 2014/2803/1111 2029/2805/31
f 2015/2806/1112 2019/2807/1076 2020/2808/1077 2018/2802/1071
f 2037/2814/1055 2030/2815/287 2034/2816/287 2049/2817/1054
f 2008/2799/1066 2021/2809/1100 2022/2810/1075 2011/2800/1065
f 2047/2793/1060 2033/2792/287 2035/2781/287 2053/2780/1081
f 2004/2794/1062 2026/2796/1069 2025/2784/1057
f 2004/2794/1062 2025/2784/1057 2024/2787/1056 2012/2795/1063
f 2011/2800/1065 2023/2801/1064 2024/2787/1056 2010/2786/1059
f 2011/2800/1065 2022/2810/1075 2023/2801/1064
f 2018/2802/1071 2020/2808/1077 2026/2796/1069 2004/2794/1062
f 2006/2785/1058 2005/2798/1067 2008/2799/1066 2010/2786/1059
f 2073/2818/31 2072/2819/31 2017/2789/31 2000/2788/31
f 2072/2819/31 2060/2820/31 2015/2806/1112 2017/2789/31
f 2102/2821/1082 2092/2822/287 2030/2815/287 2037/2814/1055
f 2055/2783/1080 2036/2782/287 2031/2823/287 2040/2824/1082
f 2029/2805/31 2028/2804/1096 2001/2825/31 2013/2826/31
f 2027/2813/31 2029/2805/31 2013/2826/31 1973/2827/31
f 2019/2807/1076 2050/2828/1078 2043/2829/1079 2005/2798/1067
f 2049/2817/1054 2034/2816/287 2032/2791/287 2044/2790/1061
f 2015/2806/1112 2038/2830/1099 2050/2828/1078 2019/2807/1076
f 2028/2804/1096 2056/2831/1085 2041/2832/1086 2001/2825/31
f 2005/2798/1067 2043/2829/1079 2046/2811/1083 2008/2799/1066
f 2021/2809/1100 2052/2812/1084 2056/2831/1085 2028/2804/1096
f 2050/2828/1078 2051/2833/1092 2045/2834/1090 2043/2829/1079
f 2051/2835/1092 2049/2817/1054 2044/2790/1061 2045/2836/1090
f 2043/2829/1079 2045/2834/1090 2048/2837/1088 2046/2811/1083
f 2045/2836/1090 2044/2790/1061 2047/2793/1060 2048/2838/1088
f 2038/2830/1099 2039/2839/1095 2051/2833/1092 2050/2828/1078
f 2039/2840/1095 2037/2814/1055 2049/2817/1054 2051/2835/1092
f 2046/2811/1083 2048/2837/1088 2054/2841/1089 2052/2812/1084
f 2048/2838/1088 2047/2793/1060 2053/2780/1081 2054/2842/1089
f 2103/2843/1086 2058/2844/1094 2039/2839/1095 2038/2830/1099
f 2058/2845/1094 2102/2821/1082 2037/2814/1055 2039/2840/1095
f 2040/2824/1082 2042/2846/1094 2057/2847/1091 2055/2783/1080
f 2042/2848/1094 2041/2832/1086 2056/2831/1085 2057/2849/1091
f 2052/2812/1084 2054/2841/1089 2057/2849/1091 2056/2831/1085
f 2054/2842/1089 2053/2780/1081 2055/2783/1080 2057/2847/1091
f 2060/2820/31 2103/2843/1086 2038/2830/1099 2015/2806/1112
f 2062/2850/31 2076/2851/31 2068/2852/31 2061/2853/31
f 2114/2854/1081 2096/2855/287 2097/2856/287 2116/2857/1080
f 2085/2858/1057 2065/2859/1058 2069/2860/1059 2084/2861/1114
f 2059/2862/31 2077/2863/31 2076/2851/31 2062/2850/31
f 2105/2864/1061 2093/2865/287 2094/2866/287 2108/2867/1060
f 2076/2851/31 2063/2868/1062 2071/2869/1063 2068/2852/31
f 2086/2870/1069 2066/2871/1068 2065/2859/1058 2085/2858/1057
f 2066/2871/1068 2064/2872/1067 2065/2859/1058
f 2067/2873/1066 2070/2874/1065 2069/2860/1059
f 2083/2875/1064 2071/2869/1063 2084/2861/1114
f 2078/2876/1071 2063/2868/1062 2076/2851/31 2077/2863/31
f 2074/2877/1111 2088/2878/1096 2089/2879/31
f 2075/2880/1072 2078/2876/1071 2077/2863/31
f 2079/2881/1113 2064/2872/1067 2066/2871/1068 2080/2882/1077
f 2080/2882/1077 2066/2871/1068 2086/2870/1069
f 2081/2883/1100 2088/2878/1096 2074/2877/1111 2082/2884/1075
f 2082/2884/1075 2074/2877/1111 2071/2869/1063 2083/2875/1064
f 2067/2873/1066 2107/2885/1115 2113/2886/1084 2081/2883/1100
f 2061/2853/31 2068/2852/31 2089/2879/31 2087/2887/31
f 2068/2852/31 2071/2869/1063 2074/2877/1111 2089/2879/31
f 2075/2880/1072 2079/2881/1113 2080/2882/1077 2078/2876/1071
f 2099/2888/1055 2091/2889/287 2095/2890/287 2110/2891/1054
f 2067/2873/1066 2081/2883/1100 2082/2884/1075 2070/2874/1065
f 2108/2867/1060 2094/2866/287 2096/2855/287 2114/2854/1081
f 2063/2868/1062 2086/2870/1069 2085/2858/1057
f 2063/2868/1062 2085/2858/1057 2084/2861/1114 2071/2869/1063
f 2070/2874/1065 2083/2875/1064 2084/2861/1114 2069/2860/1059
f 2070/2874/1065 2082/2884/1075 2083/2875/1064
f 2078/2876/1071 2080/2882/1077 2086/2870/1069 2063/2868/1062
f 2065/2859/1058 2064/2872/1067 2067/2873/1066 2069/2860/1059
f 2133/2892/31 2132/2893/31 2077/2863/31 2059/2862/31
f 2132/2893/31 2090/2894/31 2075/2880/1072 2077/2863/31
f 2162/2895/1082 2098/2896/287 2091/2889/287 2099/2888/1055
f 2116/2857/1080 2097/2856/287 2092/2897/287 2102/2898/1082
f 2089/2879/31 2088/2878/1096 2060/2899/31 2072/2900/31
f 2087/2887/31 2089/2879/31 2072/2900/31 2073/2901/31
f 2079/2881/1113 2111/2902/1078 2104/2903/1097 2064/2872/1067
f 2110/2891/1054 2095/2890/287 2093/2865/287 2105/2864/1061
f 2075/2880/1072 2100/2904/1099 2111/2902/1078 2079/2881/1113
f 2088/2878/1096 2117/2905/1085 2103/2906/1086 2060/2899/31
f 2064/2872/1067 2104/2903/1097 2107/2885/1115 2067/2873/1066
f 2081/2883/1100 2113/2886/1084 2117/2905/1085 2088/2878/1096
f 2111/2902/1078 2112/2907/1092 2106/2908/1090 2104/2903/1097
f 2112/2909/1092 2110/2891/1054 2105/2864/1061 2106/2910/1090
f 2104/2903/1097 2106/2908/1090 2109/2911/1088 2107/2885/1115
f 2106/2910/1090 2105/2864/1061 2108/2867/1060 2109/2912/1088
f 2100/2904/1099 2101/2913/1095 2112/2907/1092 2111/2902/1078
f 2101/2914/1095 2099/2888/1055 2110/2891/1054 2112/2909/1092
f 2107/2885/1115 2109/2911/1088 2115/2915/1089 2113/2886/1084
f 2109/2912/1088 2108/2867/1060 2114/2854/1081 2115/2916/1089
f 2163/2917/1086 2119/2918/1094 2101/2913/1095 2100/2904/1099
f 2119/2919/1094 2162/2895/1082 2099/2888/1055 2101/2914/1095
f 2102/2898/1082 2058/2920/1094 2118/2921/1091 2116/2857/1080
f 2058/2922/1094 2103/2906/1086 2117/2905/1085 2118/2923/1091
f 2113/2886/1084 2115/2915/1089 2118/2923/1091 2117/2905/1085
f 2115/2916/1089 2114/2854/1081 2116/2857/1080 2118/2921/1091
f 2090/2894/31 2163/2917/1086 2100/2904/1099 2075/2880/1072
f 2122/2924/31 2136/2925/31 2128/2926/31 2121/2927/31
f 2174/2928/1081 2157/2929/287 2158/2930/287 2176/2931/1080
f 2145/2932/1057 2125/2933/1058 2129/2934/1059 2144/2935/1056
f 2120/2936/31 2137/2937/31 2136/2925/31 2122/2924/31
f 2165/2938/1061 2154/2939/287 2155/2940/287 2168/2941/1060
f 2136/2925/31 2123/2942/1062 2131/2943/1063 2128/2926/31
f 2146/2944/1069 2126/2945/1068 2125/2933/1058 2145/2932/1057
f 2126/2945/1068 2124/2946/1067 2125/2933/1058
f 2127/2947/1116 2130/2948/1065 2129/2934/1059
f 2143/2949/1064 2131/2943/1063 2144/2935/1056
f 2138/2950/1071 2123/2942/1062 2136/2925/31 2137/2937/31
f 2134/2951/1111 2148/2952/1096 2149/2953/31
f 2135/2954/1112 2138/2950/1071 2137/2937/31
f 2139/2955/1113 2124/2946/1067 2126/2945/1068 2140/2956/1077
f 2140/2956/1077 2126/2945/1068 2146/2944/1069
f 2141/2957/1100 2148/2952/1096 2134/2951/1111 2142/2958/1075
f 2142/2958/1075 2134/2951/1111 2131/2943/1063 2143/2949/1064
f 2127/2947/1116 2167/2959/1083 2173/2960/1084 2141/2957/1100
f 2121/2927/31 2128/2926/31 2149/2953/31 2147/2961/31
f 2128/2926/31 2131/2943/1063 2134/2951/1111 2149/2953/31
f 2135/2954/1112 2139/2955/1113 2140/2956/1077 2138/2950/1071
f 2159/2962/1055 2153/2963/287 2156/2964/287 2170/2965/1054
f 2127/2947/1116 2141/2957/1100 2142/2958/1075 2130/2948/1065
f 2168/2941/1060 2155/2940/287 2157/2929/287 2174/2928/1081
f 2123/2942/1062 2146/2944/1069 2145/2932/1057
f 2123/2942/1062 2145/2932/1057 2144/2935/1056 2131/2943/1063
f 2130/2948/1065 2143/2949/1064 2144/2935/1056 2129/2934/1059
f 2130/2948/1065 2142/2958/1075 2143/2949/1064
f 2138/2950/1071 2140/2956/1077 2146/2944/1069 2123/2942/1062
f 2125/2933/1058 2124/2946/1067 2127/2947/1116 2129/2934/1059
f 2150/2966/31 2151/2967/31 2137/2937/31 2120/2936/31
f 2151/2967/31 2152/2968/31 2135/2954/1112 2137/2937/31
f 2179/2969/1082 2213/2970/287 2153/2963/287 2159/2962/1055
f 2176/2931/1080 2158/2930/287 2098/2971/287 2162/2972/1082
f 2149/2953/31 2148/2952/1096 2090/2973/31 2132/2974/31
f 2147/2961/31 2149/2953/31 2132/2974/31 2133/2975/31
f 2139/2955/1113 2171/2976/1078 2164/2977/1079 2124/2946/1067
f 2170/2965/1054 2156/2964/287 2154/2939/287 2165/2938/1061
f 2135/2954/1112 2160/2978/1099 2171/2976/1078 2139/2955/1113
f 2148/2952/1096 2177/2979/1085 2163/2980/1086 2090/2973/31
f 2124/2946/1067 2164/2977/1079 2167/2959/1083 2127/2947/1116
f 2141/2957/1100 2173/2960/1084 2177/2979/1085 2148/2952/1096
f 2171/2976/1078 2172/2981/1092 2166/2982/1090 2164/2977/1079
f 2172/2983/1092 2170/2965/1054 2165/2938/1061 2166/2984/1090
f 2164/2977/1079 2166/2982/1090 2169/2985/1088 2167/2959/1083
f 2166/2984/1090 2165/2938/1061 2168/2941/1060 2169/2986/1088
f 2160/2978/1099 2161/2987/1095 2172/2981/1092 2171/2976/1078
f 2161/2988/1095 2159/2962/1055 2170/2965/1054 2172/2983/1092
f 2167/2959/1083 2169/2985/1088 2175/2989/1089 2173/2960/1084
f 2169/2986/1088 2168/2941/1060 2174/2928/1081 2175/2990/1089
f 2223/2991/1117 2180/2992/1094 2161/2987/1095 2160/2978/1099
f 2180/2993/1094 2179/2969/1082 2159/2962/1055 2161/2988/1095
f 2162/2972/1082 2119/2994/1094 2178/2995/1091 2176/2931/1080
f 2119/2996/1094 2163/2980/1086 2177/2979/1085 2178/2997/1091
f 2173/2960/1084 2175/2989/1089 2178/2997/1091 2177/2979/1085
f 2175/2990/1089 2174/2928/1081 2176/2931/1080 2178/2995/1091
f 2152/2968/31 2223/2991/1117 2160/2978/1099 2135/2954/1112
f 2183/2998/31 2195/2999/31 2189/3000/31 2182/3001/31
f 2234/3002/1081 2217/3003/287 2218/3004/287 2236/3005/1101
f 2204/3006/1057 2186/3007/1058 2190/3008/1059 2203/3009/1114
f 2181/3010/31 2196/3011/31 2195/2999/31 2183/2998/31
f 2225/3012/1061 2214/3013/287 2215/3014/287 2228/3015/1060
f 2195/2999/31 2184/3016/1062 2192/3017/1106 2189/3000/31
f 2205/3018/1069 2187/3019/1068 2186/3007/1058 2204/3006/1057
f 2187/3019/1068 2185/3020/1067 2186/3007/1058
f 2188/3021/1066 2191/3022/1065 2190/3008/1059
f 2202/3023/1064 2192/3017/1106 2203/3009/1114
f 2197/3024/1071 2184/3016/1062 2195/2999/31 2196/3011/31
f 2193/3025/1111 2207/3026/1096 2208/3027/31
f 2194/3028/1072 2197/3024/1071 2196/3011/31
f 2198/3029/1076 2185/3020/1067 2187/3019/1068 2199/3030/1077
f 2199/3030/1077 2187/3019/1068 2205/3018/1069
f 2200/3031/1100 2207/3026/1096 2193/3025/1111 2201/3032/1075
f 2201/3032/1075 2193/3025/1111 2192/3017/1106 2202/3023/1064
f 2188/3021/1066 2227/3033/1115 2233/3034/1084 2200/3031/1100
f 2182/3001/31 2189/3000/31 2208/3027/31 2206/3035/31
f 2189/3000/31 2192/3017/1106 2193/3025/1111 2208/3027/31
f 2194/3028/1072 2198/3029/1076 2199/3030/1077 2197/3024/1071
f 2220/3036/1055 2212/3037/287 2216/3038/287 2230/3039/1054
f 2188/3021/1066 2200/3031/1100 2201/3032/1075 2191/3022/1065
f 2228/3015/1060 2215/3014/287 2217/3003/287 2234/3002/1081
f 2184/3016/1062 2205/3018/1069 2204/3006/1057
f 2184/3016/1062 2204/3006/1057 2203/3009/1114 2192/3017/1106
f 2191/3022/1065 2202/3023/1064 2203/3009/1114 2190/3008/1059
f 2191/3022/1065 2201/3032/1075 2202/3023/1064
f 2197/3024/1071 2199/3030/1077 2205/3018/1069 2184/3016/1062
f 2186/3007/1058 2185/3020/1067 2188/3021/1066 2190/3008/1059
f 2209/3040/31 2210/3041/31 2196/3011/31 2181/3010/31
f 2210/3041/31 2211/3042/31 2194/3028/1072 2196/3011/31
f 2240/3043/1118 2219/3044/287 2212/3037/287 2220/3036/1055
f 2236/3005/1101 2218/3004/287 2213/3045/287 2179/3046/1082
f 2208/3027/31 2207/3026/1096 2152/3047/31 2151/3048/31
f 2206/3035/31 2208/3027/31 2151/3048/31 2150/3049/31
f 2198/3029/1076 2231/3050/1078 2224/3051/1097 2185/3020/1067
f 2230/3039/1054 2216/3038/287 2214/3013/287 2225/3012/1061
f 2194/3028/1072 2221/3052/1099 2231/3050/1078 2198/3029/1076
f 2207/3026/1096 2237/3053/1085 2223/3054/1117 2152/3047/31
f 2185/3020/1067 2224/3051/1097 2227/3033/1115 2188/3021/1066
f 2200/3031/1100 2233/3034/1084 2237/3053/1085 2207/3026/1096
f 2231/3050/1078 2232/3055/1092 2226/3056/1090 2224/3051/1097
f 2232/3057/1092 2230/3039/1054 2225/3012/1061 2226/3058/1090
f 2224/3051/1097 2226/3056/1090 2229/3059/1088 2227/3033/1115
f 2226/3058/1090 2225/3012/1061 2228/3015/1060 2229/3060/1088
f 2221/3052/1099 2222/3061/1095 2232/3055/1092 2231/3050/1078
f 2222/3062/1095 2220/3036/1055 2230/3039/1054 2232/3057/1092
f 2227/3033/1115 2229/3059/1088 2235/3063/1089 2233/3034/1084
f 2229/3060/1088 2228/3015/1060 2234/3002/1081 2235/3064/1089
f 2239/3065/1093 2241/3066/1119 2222/3061/1095 2221/3052/1099
f 2241/3067/1119 2240/3043/1118 2220/3036/1055 2222/3062/1095
f 2179/3046/1082 2180/3068/1094 2238/3069/1091 2236/3005/1101
f 2180/3070/1094 2223/3054/1117 2237/3053/1085 2238/3071/1091
f 2233/3034/1084 2235/3063/1089 2238/3071/1091 2237/3053/1085
f 2235/3064/1089 2234/3002/1081 2236/3005/1101 2238/3069/1091
f 2211/3042/31 2239/3065/1093 2221/3052/1099 2194/3028/1072
f 2240/3072/1118 2247/3073/1082 2245/3074/287 2219/3075/287
f 2211/3076/31 2244/3077/31 2246/3078/1093 2239/3079/1093
f 2210/3080/31 2243/3081/31 2244/3077/31 2211/3076/31
f 2239/3079/1093 2246/3078/1093 2248/3082/1109 2241/3083/1119
f 2209/3084/31 2242/3085/31 2243/3081/31 2210/3080/31
f 2241/3086/1119 2248/3087/1109 2247/3073/1082 2240/3072/1118
f 2255/3088/1120 2304/3089/1121 2327/3090/1122 2305/3091/1123
f 2318/3092/1124 2321/3093/1125 2380/3094/1126 2379/3095/1127
f 2376/3096/1128 2380/3097/1126 2321/3098/1125 2314/3099/1129
f 2266/3100/1130 2296/3101/1131 2297/3102/1132 2264/3103/1133
f 2268/3104/1134 2295/3105/1135 2296/3101/1131 2266/3100/1130
f 2270/3106/1136 2294/3107/1137 2295/3105/1135 2268/3104/1134
f 2272/3108/1138 2293/3109/1139 2294/3107/1137 2270/3106/1136
f 2274/3110/1140 2292/3111/1141 2293/3109/1139 2272/3108/1138
f 2276/3112/1142 2291/3113/1143 2292/3111/1141 2274/3110/1140
f 2377/3114/1144 2383/3115/283 2291/3116/1143 2276/3117/1142
f 2374/3118/283 2378/3119/1145 2275/3120/1146 2262/3121/1143
f 2268/3122/1134 2282/3123/1147 2284/3124/1148 2270/3125/1136
f 2262/3126/1143 2275/3127/1146 2273/3128/1149 2261/3129/1150
f 2264/3130/1133 2297/3131/1132 2323/3132/1151 2315/3133/1152
f 2261/3129/1150 2273/3128/1149 2271/3134/1153 2260/3135/1154
f 2276/3136/1142 2290/3137/1155 2381/3138/1156 2377/3139/1144
f 2260/3135/1154 2271/3134/1153 2269/3140/1157 2259/3141/1137
f 2269/3142/1157 2283/3143/1158 2281/3144/1159 2267/3145/1160
f 2259/3141/1137 2269/3140/1157 2267/3146/1160 2258/3147/1161
f 2314/3148/1129 2324/3149/1162 2391/3150/287 2376/3151/1128
f 2258/3147/1161 2267/3146/1160 2265/3152/1163 2256/3153/1164
f 2378/3154/1145 2382/3155/1165 2289/3156/1166 2275/3157/1146
f 2256/3153/1164 2265/3152/1163 2263/3158/1167 2257/3159/1168
f 2270/3125/1136 2284/3124/1148 2286/3160/1169 2272/3161/1138
f 2263/3162/1167 2277/3163/1170 2317/3164/1171 2311/3165/1172
f 2312/3166/1173 2318/3167/1124 2379/3168/1127 2375/3169/1174
f 2257/3170/1168 2263/3171/1167 2311/3172/1172 2308/3173/1175
f 2271/3174/1153 2285/3175/1176 2283/3143/1158 2269/3142/1157
f 2382/3176/1165 2381/3177/1156 2290/3178/1155 2289/3179/1166
f 2289/3180/1166 2290/3181/1155 2288/3182/1177 2287/3183/1178
f 2287/3183/1178 2288/3182/1177 2286/3184/1169 2285/3185/1176
f 2285/3185/1176 2286/3184/1169 2284/3186/1148 2283/3187/1158
f 2283/3187/1158 2284/3186/1148 2282/3188/1147 2281/3189/1159
f 2281/3189/1159 2282/3188/1147 2280/3190/1179 2279/3191/1180
f 2279/3191/1180 2280/3190/1179 2278/3192/1181 2277/3193/1170
f 2277/3194/1170 2278/3195/1181 2320/3196/1182 2317/3197/1171
f 2275/3198/1146 2289/3199/1166 2287/3200/1178 2273/3201/1149
f 2315/3202/1152 2320/3203/1182 2278/3204/1181 2264/3205/1133
f 2267/3145/1160 2281/3144/1159 2279/3206/1180 2265/3207/1163
f 2274/3208/1140 2288/3209/1177 2290/3210/1155 2276/3211/1142
f 2266/3212/1130 2280/3213/1179 2282/3123/1147 2268/3122/1134
f 2273/3201/1149 2287/3200/1178 2285/3175/1176 2271/3174/1153
f 2265/3207/1163 2279/3206/1180 2277/3214/1170 2263/3215/1167
f 2272/3161/1138 2286/3160/1169 2288/3209/1177 2274/3208/1140
f 2264/3216/1133 2278/3217/1181 2280/3213/1179 2266/3212/1130
f 2253/3218/1183 2302/3219/1183 2303/3220/1184 2254/3221/1184
f 2249/3222/31 2291/3223/31 2383/3224/31 2371/3225/31
f 2250/3226/31 2292/3227/31 2291/3228/31 2249/3229/31
f 2251/3230/31 2293/3231/31 2292/3227/31 2250/3226/31
f 2252/3232/31 2294/3233/31 2293/3231/31 2251/3230/31
f 2253/3234/31 2295/3235/31 2294/3233/31 2252/3232/31
f 2254/3236/31 2296/3237/31 2295/3235/31 2253/3234/31
f 2255/3238/31 2297/3239/31 2296/3237/31 2254/3236/31
f 2306/3240/1185 2326/3241/1186 2400/3242/283 2372/3243/283
f 2305/3244/31 2323/3245/31 2297/3246/31 2255/3247/31
f 2254/3221/1184 2303/3220/1184 2304/3248/1121 2255/3249/1120
f 2372/3250/31 2391/3251/31 2324/3252/31 2306/3253/31
f 2371/3254/287 2399/3255/287 2298/3256/1187 2249/3257/1187
f 2309/3258/1188 2312/3259/1173 2375/3260/1174 2373/3261/287
f 2249/3262/1187 2298/3263/1187 2299/3264/1189 2250/3265/1189
f 2250/3265/1189 2299/3264/1189 2300/3266/1190 2251/3267/1190
f 2251/3267/1190 2300/3266/1190 2301/3268/1191 2252/3269/1191
f 2252/3269/1191 2301/3268/1191 2302/3219/1183 2253/3218/1183
f 2315/3270/1152 2323/3271/1151 2325/3272/1192 2316/3273/1193
f 2316/3273/1193 2325/3272/1192 2324/3274/1162 2314/3275/1129
f 2308/3276/1175 2311/3277/1172 2313/3278/1194 2310/3279/1195
f 2310/3279/1195 2313/3278/1194 2312/3280/1173 2309/3281/1188
f 2311/3282/1172 2317/3283/1171 2319/3284/1196 2313/3285/1194
f 2313/3285/1194 2319/3284/1196 2318/3286/1124 2312/3287/1173
f 2317/3288/1171 2320/3289/1182 2322/3290/1197 2319/3291/1196
f 2319/3291/1196 2322/3290/1197 2321/3292/1125 2318/3293/1124
f 2320/3294/1182 2315/3295/1152 2316/3296/1193 2322/3297/1197
f 2322/3297/1197 2316/3296/1193 2314/3298/1129 2321/3299/1125
f 2323/3300/31 2305/3301/31 2307/3302/31 2325/3303/31
f 2325/3303/31 2307/3302/31 2306/3304/31 2324/3305/31
f 2305/3306/1123 2327/3307/1122 2328/3308/1198 2307/3309/1198
f 2307/3309/1198 2328/3308/1198 2326/3310/1186 2306/3311/1185
f 2335/3312/1199 2401/3313/1200 2423/3314/1201 2398/3315/1202
f 2414/3316/1203 2379/3095/1127 2380/3094/1126 2417/3317/1204
f 2376/3096/1128 2410/3318/1205 2417/3319/1204 2380/3097/1126
f 2346/3320/1206 2344/3321/1207 2390/3322/1208 2389/3323/1209
f 2348/3324/1210 2346/3320/1206 2389/3323/1209 2388/3325/1211
f 2350/3326/1212 2348/3324/1210 2388/3325/1211 2387/3327/1213
f 2352/3328/1214 2350/3326/1212 2387/3327/1213 2386/3329/1215
f 2354/3330/1216 2352/3328/1214 2386/3329/1215 2385/3331/1217
f 2356/3332/1218 2354/3330/1216 2385/3331/1217 2384/3333/1219
f 2377/3114/1144 2356/3334/1218 2384/3335/1219 2383/3115/283
f 2374/3118/283 2342/3336/1219 2355/3337/1220 2378/3119/1145
f 2348/3338/1210 2350/3339/1212 2364/3340/1221 2362/3341/1222
f 2342/3342/1219 2341/3343/1223 2353/3344/1224 2355/3345/1220
f 2344/3346/1207 2411/3347/1225 2419/3348/1226 2390/3349/1208
f 2341/3343/1223 2340/3350/1227 2351/3351/1228 2353/3344/1224
f 2356/3352/1218 2377/3139/1144 2381/3138/1156 2370/3353/1229
f 2340/3350/1227 2339/3354/1213 2349/3355/1230 2351/3351/1228
f 2349/3356/1230 2347/3357/1231 2361/3358/1232 2363/3359/1233
f 2339/3354/1213 2338/3360/1234 2347/3361/1231 2349/3355/1230
f 2410/3362/1205 2376/3151/1128 2391/3150/287 2420/3363/1235
f 2338/3360/1234 2336/3364/1209 2345/3365/1236 2347/3361/1231
f 2378/3154/1145 2355/3366/1220 2369/3367/1237 2382/3155/1165
f 2336/3364/1209 2337/3368/1238 2343/3369/1239 2345/3365/1236
f 2350/3339/1212 2352/3370/1214 2366/3371/1240 2364/3340/1221
f 2343/3372/1239 2407/3373/1241 2413/3374/1242 2357/3375/1243
f 2408/3376/1244 2375/3169/1174 2379/3168/1127 2414/3377/1203
f 2337/3378/1238 2404/3379/1245 2407/3380/1241 2343/3381/1239
f 2351/3382/1228 2349/3356/1230 2363/3359/1233 2365/3383/1246
f 2382/3176/1165 2369/3384/1237 2370/3385/1229 2381/3177/1156
f 2369/3386/1237 2367/3387/1247 2368/3388/1248 2370/3389/1229
f 2367/3387/1247 2365/3390/1246 2366/3391/1240 2368/3388/1248
f 2365/3390/1246 2363/3392/1233 2364/3393/1221 2366/3391/1240
f 2363/3392/1233 2361/3394/1232 2362/3395/1222 2364/3393/1221
f 2361/3394/1232 2359/3396/1249 2360/3397/1250 2362/3395/1222
f 2359/3396/1249 2357/3398/1243 2358/3399/1251 2360/3397/1250
f 2357/3400/1243 2413/3401/1242 2416/3402/1252 2358/3403/1251
f 2355/3404/1220 2353/3405/1224 2367/3406/1247 2369/3407/1237
f 2411/3408/1225 2344/3409/1207 2358/3410/1251 2416/3411/1252
f 2347/3357/1231 2345/3412/1236 2359/3413/1249 2361/3358/1232
f 2354/3414/1216 2356/3415/1218 2370/3416/1229 2368/3417/1248
f 2346/3418/1206 2348/3338/1210 2362/3341/1222 2360/3419/1250
f 2353/3405/1224 2351/3382/1228 2365/3383/1246 2367/3406/1247
f 2345/3412/1236 2343/3420/1239 2357/3421/1243 2359/3413/1249
f 2352/3370/1214 2354/3414/1216 2368/3417/1248 2366/3371/1240
f 2344/3422/1207 2346/3418/1206 2360/3419/1250 2358/3423/1251
f 2333/3424/1253 2334/3425/1254 2397/3426/1254 2396/3427/1253
f 2329/3428/31 2371/3429/31 2383/3430/31 2384/3431/31
f 2330/3432/31 2329/3433/31 2384/3434/31 2385/3435/31
f 2331/3436/31 2330/3432/31 2385/3435/31 2386/3437/31
f 2332/3438/31 2331/3436/31 2386/3437/31 2387/3439/31
f 2333/3440/31 2332/3438/31 2387/3439/31 2388/3441/31
f 2334/3442/31 2333/3440/31 2388/3441/31 2389/3443/31
f 2335/3444/31 2334/3442/31 2389/3443/31 2390/3445/31
f 2402/3446/1255 2372/3243/283 2400/3242/283 2422/3447/1256
f 2401/3448/31 2335/3449/31 2390/3450/31 2419/3451/31
f 2334/3425/1254 2335/3452/1199 2398/3453/1202 2397/3426/1254
f 2372/3454/31 2402/3455/31 2420/3456/31 2391/3457/31
f 2371/3458/287 2329/3459/1257 2392/3460/1257 2399/3461/287
f 2405/3462/1258 2373/3261/287 2375/3260/1174 2408/3463/1244
f 2329/3464/1257 2330/3465/1259 2393/3466/1259 2392/3467/1257
f 2330/3465/1259 2331/3468/1260 2394/3469/1260 2393/3466/1259
f 2331/3468/1260 2332/3470/1261 2395/3471/1261 2394/3469/1260
f 2332/3470/1261 2333/3424/1253 2396/3427/1253 2395/3471/1261
f 2411/3472/1225 2412/3473/1262 2421/3474/1263 2419/3475/1226
f 2412/3473/1262 2410/3476/1205 2420/3477/1235 2421/3474/1263
f 2404/3478/1245 2406/3479/1264 2409/3480/1265 2407/3481/1241
f 2406/3479/1264 2405/3482/1258 2408/3483/1244 2409/3480/1265
f 2407/3484/1241 2409/3485/1265 2415/3486/1266 2413/3487/1242
f 2409/3485/1265 2408/3488/1244 2414/3489/1203 2415/3486/1266
f 2413/3490/1242 2415/3491/1266 2418/3492/1267 2416/3493/1252
f 2415/3491/1266 2414/3494/1203 2417/3495/1204 2418/3492/1267
f 2416/3496/1252 2418/3497/1267 2412/3498/1262 2411/3499/1225
f 2418/3497/1267 2417/3500/1204 2410/3501/1205 2412/3498/1262
f 2419/3502/31 2421/3503/31 2403/3504/31 2401/3505/31
f 2421/3503/31 2420/3506/31 2402/3507/31 2403/3504/31
f 2401/3508/1200 2403/3509/1268 2424/3510/1269 2423/3511/1201
f 2403/3509/1268 2402/3512/1255 2422/3513/1256 2424/3510/1269
f 2440/3514/1270 2428/3515/1271 2433/3516/1272 2441/3517/1273
f 2427/3518/1274 2432/3519/1275 2431/3520/1276 2426/3521/1277
f 2429/3522/1278 2434/3523/1279 2432/3519/1275 2427/3518/1274
f 2428/3515/1271 2425/3524/1280 2430/3525/1281 2433/3516/1272
f 2425/3524/1280 2426/3521/1277 2431/3520/1276 2430/3525/1281
f 2426/3521/1277 2436/3526/1282 2437/3527/1283 2427/3518/1274
f 2427/3518/1274 2437/3527/1283 2439/3528/1284 2429/3522/1278
f 2425/3524/1280 2428/3515/1271 2438/3529/1285 2435/3530/1286
f 2426/3521/1277 2425/3524/1280 2435/3530/1286 2436/3526/1282
f 2428/3515/1271 2440/3514/1270 2442/3531/1287 2438/3529/1285
f 2446/3532/1288 2448/3533/317 2429/3522/1278 2439/3528/1284
f 2444/3534/1289 2434/3523/1279 2429/3522/1278 2448/3533/317
f 2443/3535/1290 2448/3533/317 2446/3532/1288 2447/3536/1291
f 2445/3537/1292 2444/3534/1289 2448/3533/317 2443/3535/1290
f 2430/3525/1281 2431/3520/1276 2450/3538/1293 2449/3539/1294
f 2431/3520/1276 2432/3519/1275 2451/3540/1295 2450/3538/1293
f 2433/3516/1272 2430/3525/1281 2449/3539/1294 2452/3541/1296
f 2441/3517/1273 2433/3516/1272 2452/3541/1296 2459/3542/1297
f 2432/3519/1275 2434/3523/1279 2453/3543/1298 2451/3540/1295
f 2436/3526/1282 2435/3530/1286 2454/3544/1299 2455/3545/1300
f 2437/3527/1283 2436/3526/1282 2455/3545/1300 2456/3546/1301
f 2435/3530/1286 2438/3529/1285 2457/3547/1302 2454/3544/1299
f 2438/3529/1285 2442/3531/1287 2460/3548/1303 2457/3547/1302
f 2439/3528/1284 2437/3527/1283 2456/3546/1301 2458/3549/1304
f 2447/3536/1291 2446/3532/1288 2464/3550/1305 2465/3551/1306
f 2444/3534/1289 2445/3537/1292 2463/3552/1307 2462/3553/1308
f 2443/3535/1290 2447/3536/1291 2465/3551/1306 2461/3554/1309
f 2434/3523/1279 2444/3534/1289 2462/3553/1308 2453/3543/1298
f 2446/3532/1288 2439/3528/1284 2458/3549/1304 2464/3550/1305
f 2445/3537/1292 2443/3535/1290 2461/3554/1309 2463/3552/1307
f 2481/3555/1270 2482/3556/1310 2474/3557/1311 2469/3558/1312
f 2468/3559/1313 2467/3560/1314 2472/3561/1315 2473/3562/1316
f 2470/3563/1317 2468/3559/1313 2473/3562/1316 2475/3564/1318
f 2469/3558/1312 2474/3557/1311 2471/3565/1319 2466/3566/1320
f 2466/3566/1320 2471/3565/1319 2472/3561/1315 2467/3560/1314
f 2467/3560/1314 2468/3559/1313 2478/3567/1321 2477/3568/1322
f 2468/3559/1313 2470/3563/1317 2480/3569/1323 2478/3567/1321
f 2466/3566/1320 2476/3570/1324 2479/3571/1325 2469/3558/1312
f 2467/3560/1314 2477/3568/1322 2476/3570/1324 2466/3566/1320
f 2469/3558/1312 2479/3571/1325 2483/3572/1287 2481/3555/1270
f 2487/3573/1326 2480/3569/1323 2470/3563/1317 2489/3574/1327
f 2485/3575/1328 2489/3574/1327 2470/3563/1317 2475/3564/1318
f 2484/3576/1329 2488/3577/1330 2487/3573/1326 2489/3574/1327
f 2486/3578/1331 2484/3576/1329 2489/3574/1327 2485/3575/1328
f 2471/3565/1319 2490/3579/1332 2491/3580/1333 2472/3561/1315
f 2472/3561/1315 2491/3580/1333 2492/3581/1334 2473/3562/1316
f 2474/3557/1311 2493/3582/1297 2490/3579/1332 2471/3565/1319
f 2482/3556/1310 2500/3583/1297 2493/3582/1297 2474/3557/1311
f 2473/3562/1316 2492/3581/1334 2494/3584/1335 2475/3564/1318
f 2477/3568/1322 2496/3585/1336 2495/3586/1337 2476/3570/1324
f 2478/3567/1321 2497/3587/1338 2496/3585/1336 2477/3568/1322
f 2476/3570/1324 2495/3586/1337 2498/3588/1339 2479/3571/1325
f 2479/3571/1325 2498/3588/1339 2501/3589/1303 2483/3572/1287
f 2480/3569/1323 2499/3590/1340 2497/3587/1338 2478/3567/1321
f 2488/3577/1330 2506/3591/1341 2505/3592/1342 2487/3573/1326
f 2485/3575/1328 2503/3593/1343 2504/3594/1344 2486/3578/1331
f 2484/3576/1329 2502/3595/1345 2506/3591/1341 2488/3577/1330
f 2475/3564/1318 2494/3584/1335 2503/3593/1343 2485/3575/1328
f 2487/3573/1326 2505/3592/1342 2499/3590/1340 2480/3569/1323
f 2486/3578/1331 2504/3594/1344 2502/3595/1345 2484/3576/1329
f 2545/3596/1346 2533/3597/1347 2521/3598/1348 2546/3599/1349
f 2561/3600/1350 2779/3601/1350 2782/3602/1351 2563/3603/1351
f 2728/3604/1352 2526/3605/1353 2515/3606/1354 2731/3607/1355
f 2511/3608/1346 2524/3609/1346 2508/3610/1349 2510/3611/1349
f 2528/3612/1356 2516/3613/1357 2517/3614/1358 2527/3615/1359
f 2527/3616/1359 2517/3617/1358 2515/3606/1354 2526/3605/1353
f 2543/3618/1360 2539/3619/1361 2536/3620/1362 2544/3621/1363
f 2530/3622/1364 2519/3623/1365 2520/3624/1366 2529/3625/1367
f 2529/3626/1367 2520/3627/1366 2518/3628/1368 2531/3629/1369
f 2525/3630/1370 2522/3631/1371 2523/3632/1372 2532/3633/1373
f 2532/3634/1373 2523/3635/1372 2521/3598/1348 2533/3597/1347
f 2540/3636/1374 2541/3637/1375 2646/3638/1376 2649/3639/1377
f 2561/3600/1350 2530/3622/1364 2589/3640/1378 2604/3641/1379
f 2511/3608/1346 2780/3642/1346 2857/3643/1380 2571/3644/1381
f 2801/3645/1382 2564/3646/1382 2618/3647/1383 2907/3648/1383
f 2651/3649/1384 2609/3650/1385 2643/3651/1386 2654/3652/1387
f 2541/3653/1375 2539/3619/1361 2642/3654/1388 2646/3655/1376
f 2507/3656/1382 2547/3657/1382 2636/3658/1383 2624/3659/1389
f 2534/3660/1390 2509/3661/1390 2639/3662/1391 2658/3663/1391
f 2527/3616/1359 2526/3605/1353 2577/3664/1392 2579/3665/1393
f 2537/3666/1394 2540/3636/1374 2531/3629/1369 2518/3628/1368
f 2536/3620/1362 2539/3619/1361 2541/3653/1375 2538/3667/1395
f 2538/3668/1395 2541/3637/1375 2540/3636/1374 2537/3666/1394
f 2539/3619/1361 2543/3618/1360 2655/3669/1396 2642/3654/1388
f 2509/3670/1397 2565/3671/1398 2691/3672/1399 2639/3673/1400
f 2607/3674/1401 2694/3675/1402 2657/3676/1403 2609/3677/1385
f 2528/3612/1356 2543/3618/1360 2544/3621/1363 2516/3613/1357
f 2556/3678/1404 2558/3679/1404 2688/3680/1405 2682/3681/1406
f 2640/3682/1407 2690/3683/1408 2603/3684/1409 2588/3685/1410
f 2524/3609/1346 2545/3596/1346 2546/3599/1349 2508/3610/1349
f 2550/3686/1411 2512/3687/1412 2560/3688/1413
f 2514/3689/1414 2512/3690/1415 2630/3691/1416 2628/3692/1417
f 2525/3630/1370 2549/3693/1418 2548/3694/1419 2522/3631/1371
f 2564/3695/1420 2562/3696/1420 2535/3697/1421 2507/3698/1422
f 2619/3699/1423 2625/3700/1424 2616/3701/1425 2570/3702/1426
f 2547/3703/1427 2551/3704/1428 2560/3688/1413 2513/3705/1429
f 2557/3706/1430 2559/3707/1431 2555/3708/1431 2553/3709/1432
f 2552/3710/1433 2554/3711/1434 2558/3712/1434 2556/3713/1435
f 2640/3714/1407 2586/3715/1436 2592/3716/1437
f 2560/3717/1438 2551/3718/1438 2664/3719/1439 2667/3720/1440
f 2547/3657/1382 2513/3721/1441 2634/3722/1442 2636/3658/1383
f 2908/3723/1423 2619/3699/1423 2570/3702/1426 2856/3724/1426
f 2513/3705/1429 2560/3688/1413 2512/3687/1412 2514/3725/1443
f 2801/3726/1420 2799/3727/1420 2562/3696/1420 2564/3695/1420
f 2513/3721/1441 2514/3689/1414 2628/3692/1417 2634/3722/1442
f 2780/3642/1346 2511/3608/1346 2510/3611/1349 2783/3728/1349
f 2530/3622/1364 2561/3600/1350 2563/3603/1351 2519/3623/1365
f 2542/3729/1444 2552/3710/1433 2535/3697/1421
f 2547/3703/1427 2507/3698/1422 2551/3704/1428
f 2507/3698/1422 2535/3697/1421 2557/3706/1430 2553/3709/1432
f 2557/3706/1430 2535/3697/1421 2556/3713/1435
f 2552/3710/1433 2556/3713/1435 2535/3697/1421
f 2551/3704/1428 2507/3698/1422 2553/3709/1432
f 2534/3730/1445 2566/3731/1446 2565/3732/1447 2509/3733/1445
f 2533/3597/1347 2545/3596/1346 2613/3734/1448 2600/3735/1449
f 2558/3736/1450 2554/3737/1450 2673/3738/1451 2688/3739/1451
f 2738/3740/1452 2568/3741/1453 2580/3742/1454 2576/3743/1455
f 2566/3731/1446 2991/3744/1456 2992/3745/1456 2565/3732/1447
f 2565/3671/1398 2992/3746/1457 2932/3747/1458 2691/3672/1399
f 2645/3748/1459 2609/3749/1385 2657/3750/1403 2648/3751/1460
f 2525/3630/1370 2532/3633/1373 2594/3752/1461 2598/3753/1462
f 2722/3754/1463 2549/3693/1418 2573/3755/1464 2726/3756/1465
f 2549/3693/1418 2525/3630/1370 2598/3753/1462 2573/3755/1464
f 2739/3757/1466 2651/3649/1384 2654/3652/1387 2582/3758/1467
f 2528/3612/1356 2527/3615/1359 2579/3759/1393 2583/3760/1468
f 2529/3626/1367 2531/3629/1369 2591/3761/1469 2585/3762/1470
f 2640/3682/1407 2588/3685/1410 2586/3763/1436
f 2532/3634/1373 2533/3597/1347 2600/3735/1449 2594/3764/1461
f 2627/3765/1471 2631/3766/1472 2597/3767/1473 2595/3768/1474
f 2779/3601/1350 2561/3600/1350 2604/3641/1379 2928/3769/1475
f 2625/3700/1424 2637/3770/1476 2612/3771/1477 2616/3701/1425
f 2643/3651/1386 2609/3650/1385 2645/3772/1459
f 2535/3773/1397 2562/3774/1478 2606/3775/1479 2610/3776/1480
f 2543/3618/1360 2528/3612/1356 2583/3760/1468 2655/3669/1396
f 2545/3596/1346 2524/3609/1346 2615/3777/1380 2613/3734/1448
f 2737/3778/1481 2738/3740/1452 2576/3743/1455 2729/3779/1482
f 2566/3780/1483 2534/3781/1484 2658/3782/1485 2693/3783/1486
f 2557/3784/1487 2556/3785/1487 2682/3786/1488 2685/3787/1488
f 2553/3788/1489 2555/3789/1489 2679/3790/1490 2661/3791/1491
f 2678/3792/1492 2622/3793/1493 2666/3794/1494
f 2681/3795/1495 2736/3796/1496 2734/3797/1497 2684/3798/1498
f 2559/3799/1499 2557/3800/1499 2685/3801/1500 2675/3802/1501
f 2524/3609/1346 2511/3608/1346 2571/3644/1381 2615/3777/1380
f 2542/3803/1502 2535/3773/1397 2610/3776/1480 2652/3804/1503
f 2531/3629/1369 2540/3636/1374 2649/3639/1377 2591/3761/1469
f 2562/3774/1478 2799/3805/1478 2848/3806/1504 2606/3775/1479
f 2550/3807/1438 2560/3717/1438 2667/3720/1440 2621/3808/1505
f 2552/3809/1506 2542/3810/1506 2652/3811/1507 2670/3812/1507
f 2631/3766/1472 2622/3813/1493 2574/3814/1508 2597/3767/1473
f 2555/3815/1509 2559/3816/1509 2675/3817/1510 2679/3818/1510
f 2564/3646/1382 2507/3656/1382 2624/3659/1389 2618/3647/1383
f 2568/3741/1453 2739/3757/1466 2582/3758/1467 2580/3742/1454
f 2512/3690/1415 2550/3819/1511 2621/3820/1512 2630/3691/1416
f 2666/3794/1494 2663/3821/1513 2660/3822/1514 2678/3792/1492
f 2633/3823/1515 2627/3765/1471 2595/3768/1474 2601/3824/1516
f 2551/3825/1517 2553/3826/1517 2661/3827/1518 2664/3828/1518
f 2554/3829/1519 2552/3830/1519 2670/3831/1520 2673/3832/1521
f 2991/3833/1522 2566/3780/1483 2693/3783/1486 2850/3834/1523
f 2637/3770/1476 2633/3823/1515 2601/3824/1516 2612/3771/1477
f 2657/3750/1403 2640/3714/1407 2592/3716/1437 2648/3751/1460
f 2739/3757/1466 2735/3835/1524 2669/3836/1525 2651/3649/1384
f 2530/3622/1364 2529/3625/1367 2585/3837/1470 2589/3640/1378
f 2690/3683/1408 2931/3838/1526 2929/3839/1527 2603/3684/1409
f 2571/3644/1381 2857/3643/1380 2858/3840/1528 2572/3841/1529
f 2572/3842/1529 2858/3843/1528 2856/3724/1426 2570/3702/1426
f 2729/3779/1482 2576/3743/1455 2578/3844/1530 2732/3845/1531
f 2732/3846/1531 2578/3847/1530 2577/3664/1392 2733/3848/1532
f 2580/3742/1454 2582/3758/1467 2584/3849/1533 2581/3850/1534
f 2581/3851/1534 2584/3852/1533 2583/3760/1468 2579/3759/1393
f 2576/3743/1455 2580/3742/1454 2581/3850/1534 2578/3844/1530
f 2578/3847/1530 2581/3853/1534 2579/3665/1393 2577/3664/1392
f 2586/3763/1436 2588/3685/1410 2590/3854/1535 2587/3855/1536
f 2587/3856/1536 2590/3857/1535 2589/3640/1378 2585/3837/1470
f 2592/3716/1437 2586/3715/1436 2587/3858/1536 2593/3859/1537
f 2593/3860/1537 2587/3861/1536 2585/3762/1470 2591/3761/1469
f 2595/3768/1474 2597/3767/1473 2599/3862/1538 2596/3863/1539
f 2596/3864/1539 2599/3865/1538 2598/3753/1462 2594/3752/1461
f 2601/3824/1516 2595/3768/1474 2596/3863/1539 2602/3866/1540
f 2602/3867/1540 2596/3868/1539 2594/3764/1461 2600/3735/1449
f 2604/3641/1379 2589/3640/1378 2590/3857/1535 2605/3869/1541
f 2605/3870/1541 2590/3854/1535 2588/3685/1410 2603/3684/1409
f 2607/3871/1401 2609/3872/1385 2611/3873/1542 2608/3874/1543
f 2608/3874/1543 2611/3873/1542 2610/3776/1480 2606/3775/1479
f 2613/3734/1448 2615/3777/1380 2617/3875/1544 2614/3876/1545
f 2614/3877/1545 2617/3878/1544 2616/3701/1425 2612/3771/1477
f 2619/3879/1423 2908/3880/1423 2909/3881/1546 2620/3882/1546
f 2620/3882/1546 2909/3881/1546 2907/3648/1383 2618/3647/1383
f 2625/3883/1424 2619/3879/1423 2620/3882/1546 2626/3884/1547
f 2626/3884/1547 2620/3882/1546 2618/3647/1383 2624/3659/1389
f 2628/3692/1417 2630/3691/1416 2632/3885/1548 2629/3886/1549
f 2629/3886/1549 2632/3885/1548 2631/3887/1472 2627/3888/1471
f 2634/3722/1442 2628/3692/1417 2629/3886/1549 2635/3889/1550
f 2635/3889/1550 2629/3886/1549 2627/3888/1471 2633/3890/1515
f 2637/3891/1476 2625/3883/1424 2626/3884/1547 2638/3892/1546
f 2638/3892/1546 2626/3884/1547 2624/3659/1389 2636/3658/1383
f 2847/3893/1551 2607/3871/1401 2608/3874/1543 2849/3894/1552
f 2849/3894/1552 2608/3874/1543 2606/3775/1479 2848/3806/1504
f 2928/3769/1475 2604/3641/1379 2605/3869/1541 2930/3895/1553
f 2930/3896/1553 2605/3870/1541 2603/3684/1409 2929/3839/1527
f 2643/3651/1386 2645/3772/1459 2647/3897/1554 2644/3898/1555
f 2644/3899/1555 2647/3900/1554 2646/3655/1376 2642/3654/1388
f 2645/3748/1459 2648/3751/1460 2650/3901/1556 2647/3902/1554
f 2647/3903/1554 2650/3904/1556 2649/3639/1377 2646/3638/1376
f 2591/3761/1469 2649/3639/1377 2650/3904/1556 2593/3860/1537
f 2593/3859/1537 2650/3901/1556 2648/3751/1460 2592/3716/1437
f 2655/3669/1396 2583/3760/1468 2584/3852/1533 2656/3905/1557
f 2656/3906/1557 2584/3849/1533 2582/3758/1467 2654/3652/1387
f 2609/3872/1385 2651/3907/1384 2653/3908/1558 2611/3873/1542
f 2611/3873/1542 2653/3908/1558 2652/3804/1503 2610/3776/1480
f 2642/3654/1388 2655/3669/1396 2656/3905/1557 2644/3899/1555
f 2644/3898/1555 2656/3906/1557 2654/3652/1387 2643/3651/1386
f 2600/3735/1449 2613/3734/1448 2614/3876/1545 2602/3867/1540
f 2602/3866/1540 2614/3877/1545 2612/3771/1477 2601/3824/1516
f 2633/3890/1515 2637/3891/1476 2638/3892/1546 2635/3889/1550
f 2635/3889/1550 2638/3892/1546 2636/3658/1383 2634/3722/1442
f 2597/3767/1473 2574/3814/1508 2575/3909/1559 2599/3862/1538
f 2599/3865/1538 2575/3910/1559 2573/3755/1464 2598/3753/1462
f 2630/3691/1416 2621/3820/1512 2623/3911/1560 2632/3885/1548
f 2632/3885/1548 2623/3911/1560 2622/3912/1493 2631/3887/1472
f 2660/3822/1561 2663/3821/1561 2665/3913/1562 2662/3914/1563
f 2662/3914/1563 2665/3913/1562 2664/3828/1518 2661/3827/1518
f 2663/3915/1513 2666/3916/1494 2668/3917/1564 2665/3918/1565
f 2665/3918/1565 2668/3917/1564 2667/3720/1440 2664/3719/1439
f 2651/3919/1384 2669/3920/1525 2671/3921/1566 2653/3922/1567
f 2653/3922/1567 2671/3921/1566 2670/3812/1507 2652/3811/1507
f 2669/3923/1525 2735/3924/1524 2674/3925/1568 2671/3926/1569
f 2671/3926/1569 2674/3925/1568 2673/3832/1521 2670/3831/1520
f 2734/3927/1497 2678/3928/1492 2680/3929/1570 2677/3930/1571
f 2677/3930/1571 2680/3929/1570 2679/3818/1510 2675/3817/1510
f 2678/3931/1492 2660/3932/1514 2662/3933/1572 2680/3934/1573
f 2680/3934/1573 2662/3933/1572 2661/3791/1491 2679/3790/1490
f 2681/3795/1574 2684/3798/1574 2686/3935/1575 2683/3936/1575
f 2683/3936/1575 2686/3935/1575 2685/3787/1488 2682/3786/1488
f 2735/3937/1524 2736/3938/1496 2689/3939/1576 2674/3940/1576
f 2674/3940/1576 2689/3939/1576 2688/3739/1451 2673/3738/1451
f 2736/3941/1496 2681/3942/1495 2683/3943/1577 2689/3944/1577
f 2689/3944/1577 2683/3943/1577 2682/3681/1406 2688/3680/1405
f 2675/3802/1501 2685/3801/1500 2686/3945/1578 2677/3946/1579
f 2677/3946/1579 2686/3945/1578 2684/3947/1498 2734/3948/1497
f 2615/3777/1380 2571/3644/1381 2572/3841/1529 2617/3875/1544
f 2617/3878/1544 2572/3842/1529 2570/3702/1426 2616/3701/1425
f 2640/3949/1407 2657/3950/1403 2659/3951/1580 2641/3952/1580
f 2641/3952/1580 2659/3951/1580 2658/3663/1391 2639/3662/1391
f 2931/3953/1526 2690/3954/1408 2692/3955/1581 2933/3956/1582
f 2933/3956/1582 2692/3955/1581 2691/3672/1399 2932/3747/1458
f 2639/3673/1400 2691/3672/1399 2692/3955/1581 2641/3957/1583
f 2641/3957/1583 2692/3955/1581 2690/3954/1408 2640/3958/1407
f 2694/3959/1402 2851/3960/1584 2852/3961/1585 2695/3962/1586
f 2695/3962/1586 2852/3961/1585 2850/3834/1523 2693/3783/1486
f 2621/3808/1505 2667/3720/1440 2668/3917/1564 2623/3963/1587
f 2623/3963/1587 2668/3917/1564 2666/3916/1494 2622/3964/1493
f 2657/3965/1403 2694/3959/1402 2695/3962/1586 2659/3966/1588
f 2659/3966/1588 2695/3962/1586 2693/3783/1486 2658/3782/1485
f 2847/3967/1551 2851/3968/1584 2694/3675/1402 2607/3674/1401
f 2702/3969/1589 2703/3970/1590 3000/3971/1591 2999/3972/1592
f 2705/3973/1593 2702/3969/1589 2710/3974/1594 2707/3975/1595
f 2696/3976/1596 2700/3977/1597 2720/3978/1598 2704/3979/1599
f 2699/3980/1600 2991/3981/1601 3025/3982/1602 2713/3983/1603
f 2714/3984/1604 2703/3970/1590 2719/3985/1605 2716/3986/1606
f 2701/3987/1607 2699/3980/1600 2713/3983/1603 2717/3988/1608
f 2705/3973/1593 2719/3985/1605 2703/3970/1590 2702/3969/1589
f 3022/3989/1609 2710/3974/1594 2702/3969/1589 2999/3972/1592
f 2992/3990/1610 2697/3991/1611 2711/3992/1612 3021/3993/1613
f 2697/3991/1611 2698/3994/1614 2708/3995/1615 2711/3992/1612
f 3000/3971/1591 2703/3970/1590 2714/3984/1604 3024/3996/1616
f 2700/3977/1597 2701/3997/1607 2717/3998/1608 2720/3978/1598
f 2705/3973/1593 2707/3975/1595 2709/3999/1617 2706/4000/1618
f 2706/4001/1618 2709/4002/1617 2708/4003/1615 2704/3979/1599
f 2707/3975/1595 2710/3974/1594 2712/4004/1619 2709/3999/1617
f 2709/4005/1617 2712/4006/1619 2711/3992/1612 2708/3995/1615
f 2714/3984/1604 2716/3986/1606 2718/4007/1620 2715/4008/1621
f 2715/4009/1621 2718/4010/1620 2717/3988/1608 2713/3983/1603
f 2716/3986/1606 2719/3985/1605 2721/4011/1622 2718/4007/1620
f 2718/4012/1620 2721/4013/1622 2720/3978/1598 2717/3998/1608
f 3021/3993/1613 2711/3992/1612 2712/4006/1619 3023/4014/1623
f 3023/4015/1623 2712/4004/1619 2710/3974/1594 3022/3989/1609
f 2719/3985/1605 2705/3973/1593 2706/4000/1618 2721/4011/1622
f 2721/4013/1622 2706/4001/1618 2704/3979/1599 2720/3978/1598
f 2713/3983/1603 3025/3982/1602 3026/4016/1624 2715/4009/1621
f 2715/4008/1621 3026/4017/1624 3024/3996/1616 2714/3984/1604
f 2698/4018/1614 2696/3976/1596 2704/3979/1599 2708/4003/1615
f 2575/3910/1559 2725/4019/1625 2726/3756/1465 2573/3755/1464
f 2574/4020/1508 2724/4021/1626 2725/4022/1625 2575/4023/1559
f 2622/3793/1493 2740/4024/1627 2724/4021/1626 2574/4020/1508
f 2728/3604/1352 2722/3754/1463 2726/3756/1465 2733/3848/1532
f 2549/3693/1418 2722/3754/1463 2723/4025/1628 2548/3694/1419
f 2526/3605/1353 2728/3604/1352 2733/3848/1532 2577/3664/1392
f 2725/4019/1625 2732/3846/1531 2733/3848/1532 2726/3756/1465
f 2724/4021/1626 2729/3779/1482 2732/3845/1531 2725/4022/1625
f 2740/4024/1627 2737/3778/1481 2729/3779/1482 2724/4021/1626
f 2722/3754/1463 2728/3604/1352 2731/3607/1355 2723/4025/1628
f 2676/4026/1629 2727/4027/1630 2622/3793/1493 2678/3792/1492
f 2687/4028/1631 2730/4029/1632 2727/4027/1630 2676/4026/1629
f 2739/3757/1466 2568/3741/1453 2738/3740/1452
f 2672/4030/1633 2569/4031/1634 2567/4032/1635 2730/4029/1632 2687/4028/1631
f 2676/4026/1629 2678/3792/1492 2734/3797/1497
f 2672/4030/1633 2687/4028/1631 2736/3796/1496 2735/3835/1524
f 2730/4029/1632 2567/4032/1635 2738/3740/1452 2737/3778/1481
f 2569/4031/1634 2672/4030/1633 2735/3835/1524 2739/3757/1466
f 2687/4028/1631 2676/4026/1629 2734/3797/1497 2736/3796/1496
f 2622/3793/1493 2727/4027/1630 2740/4024/1627
f 2727/4027/1630 2730/4029/1632 2737/3778/1481 2740/4024/1627
f 2567/4032/1635 2569/4031/1634 2739/3757/1466 2738/3740/1452
f 2752/4033/1636 2741/4034/1637 2753/4035/1638 2764/4036/1639
f 2742/4037/1640 2743/4038/1641 2755/4039/1642 2754/4040/1643
f 2749/4041/1644 2750/4042/1645 2762/4043/1646 2761/4044/1647
f 2746/4045/1648 2747/4046/1649 2759/4047/1650 2758/4048/1651
f 2743/4038/1641 2744/4049/1652 2756/4050/1653 2755/4039/1642
f 2750/4042/1645 2751/4051/1654 2763/4052/1655 2762/4043/1646
f 2747/4046/1649 2748/4053/1656 2760/4054/1657 2759/4047/1650
f 2744/4049/1652 2745/4055/1658 2757/4056/1659 2756/4050/1653
f 2751/4051/1654 2752/4033/1636 2764/4036/1639 2763/4052/1655
f 2741/4034/1637 2742/4037/1640 2754/4040/1643 2753/4035/1638
f 2748/4053/1656 2749/4041/1644 2761/4044/1647 2760/4054/1657
f 2745/4055/1658 2746/4045/1648 2758/4048/1651 2757/4056/1659
f 2759/4047/1650 2760/4054/1657 2772/4057/1660 2771/4058/1661
f 2756/4050/1653 2757/4056/1659 2769/4059/1662 2768/4060/1663
f 2763/4052/1655 2764/4036/1639 2776/4061/1664 2775/4062/1665
f 2753/4035/1638 2754/4040/1643 2766/4063/1666 2765/4064/1667
f 2760/4054/1657 2761/4044/1647 2773/4065/1668 2772/4057/1660
f 2757/4056/1659 2758/4048/1651 2770/4066/1669 2769/4059/1662
f 2764/4036/1639 2753/4035/1638 2765/4064/1667 2776/4061/1664
f 2754/4040/1643 2755/4039/1642 2767/4067/1670 2766/4063/1666
f 2761/4044/1647 2762/4043/1646 2774/4068/1671 2773/4065/1668
f 2758/4048/1651 2759/4047/1650 2771/4058/1661 2770/4066/1669
f 2755/4039/1642 2756/4050/1653 2768/4060/1663 2767/4067/1670
f 2777/4069/1672 2768/4060/1663 2769/4059/1662 2770/4066/1669
f 2777/4069/1672 2774/4068/1671 2775/4062/1665 2776/4061/1664
f 2777/4069/1672 2771/4058/1661 2772/4057/1660
f 2766/4063/1666 2767/4067/1670 2768/4060/1663 2777/4069/1672
f 2771/4058/1661 2777/4069/1672 2770/4066/1669
f 2765/4064/1667 2766/4063/1666 2777/4069/1672
f 2765/4064/1667 2777/4069/1672 2776/4061/1664
f 2774/4068/1671 2777/4069/1672 2772/4057/1660 2773/4065/1668
f 2762/4043/1646 2763/4052/1655 2775/4062/1665 2774/4068/1671
f 2822/4070/1346 2823/4071/1349 2796/4072/1673 2810/4073/1674
f 2838/4074/1350 2840/4075/1351 2782/3602/1351 2779/3601/1350
f 3033/4076/1675 3036/4077/1676 2790/4078/1677 2803/4079/1678
f 2786/4080/1346 2785/4081/1349 2781/4082/1349 2800/4083/1346
f 2805/4084/1679 2804/4085/1680 2792/4086/1681 2791/4087/1682
f 2804/4088/1680 2803/4079/1678 2790/4078/1677 2792/4089/1681
f 2820/4090/1683 2821/4091/1684 2813/4092/1685 2816/4093/1686
f 2807/4094/1687 2806/4095/1688 2795/4096/1689 2794/4097/1690
f 2806/4098/1688 2808/4099/1691 2793/4100/1692 2795/4101/1689
f 2802/4102/1693 2809/4103/1694 2798/4104/1695 2797/4105/1696
f 2809/4106/1694 2810/4073/1674 2796/4072/1673 2798/4107/1695
f 2817/4108/1697 2944/4109/1698 2941/4110/1699 2818/4111/1700
f 2838/4074/1350 2890/4112/1701 2875/4113/1702 2807/4094/1687
f 2786/4080/1346 2854/4114/1380 2857/3643/1380 2780/3642/1346
f 2801/3645/1382 2907/3648/1383 2904/4115/1703 2841/4116/1382
f 2946/4117/1704 2949/4118/1705 2938/4119/1706 2895/4120/1707
f 2818/4121/1700 2941/4122/1699 2937/4123/1708 2816/4093/1686
f 2778/4124/1382 2913/4125/1383 2925/4126/1709 2824/4127/1382
f 2811/4128/1710 2953/4129/1711 2934/4130/1712 2784/4131/1710
f 2804/4088/1680 2865/4132/1713 2863/4133/1714 2803/4079/1678
f 2814/4134/1715 2793/4100/1692 2808/4099/1691 2817/4108/1697
f 2813/4092/1685 2815/4135/1716 2818/4121/1700 2816/4093/1686
f 2815/4136/1716 2814/4134/1715 2817/4108/1697 2818/4111/1700
f 2816/4093/1686 2937/4123/1708 2950/4137/1717 2820/4090/1683
f 2784/4138/1718 2934/4139/1719 2986/4140/1720 2842/4141/1721
f 2893/4142/1722 2895/4143/1707 2952/4144/1723 2989/4145/1724
f 2805/4084/1679 2791/4087/1682 2821/4091/1684 2820/4090/1683
f 2833/4146/1725 2977/4147/1726 2983/4148/1727 2835/4149/1725
f 2935/4150/1728 2874/4151/1729 2889/4152/1730 2985/4153/1731
f 2800/4083/1346 2781/4082/1349 2823/4071/1349 2822/4070/1346
f 2827/4154/1732 2837/4155/1733 2787/4156/1734
f 2789/4157/1735 2917/4158/1736 2919/4159/1737 2787/4160/1738
f 2802/4102/1693 2797/4105/1696 2825/4161/1739 2826/4162/1740
f 2841/4163/1420 2778/4164/1741 2812/4165/1742 2839/4166/1420
f 2905/4167/1423 2853/4168/1426 2902/4169/1425 2914/4170/1424
f 2824/4171/1743 2788/4172/1744 2837/4155/1733 2828/4173/1745
f 2834/4174/1746 2830/4175/1747 2832/4176/1748 2836/4177/1748
f 2829/4178/1749 2833/4179/1750 2835/4180/1751 2831/4181/1751
f 2935/4182/1728 2878/4183/1752 2872/4184/1753
f 2837/4185/1754 2962/4186/1755 2959/4187/1756 2828/4188/1754
f 2824/4127/1382 2925/4126/1709 2923/4189/1757 2788/4190/1758
f 2908/3723/1423 2856/3724/1426 2853/4168/1426 2905/4167/1423
f 2788/4172/1744 2789/4191/1759 2787/4156/1734 2837/4155/1733
f 2801/3726/1420 2841/4163/1420 2839/4166/1420 2799/3727/1420
f 2788/4190/1758 2923/4189/1757 2917/4158/1736 2789/4157/1735
f 2780/3642/1346 2783/3728/1349 2785/4081/1349 2786/4080/1346
f 2807/4094/1687 2794/4097/1690 2840/4075/1351 2838/4074/1350
f 2819/4192/1760 2812/4165/1742 2829/4178/1749
f 2824/4171/1743 2828/4173/1745 2778/4164/1741
f 2778/4164/1741 2830/4175/1747 2834/4174/1746 2812/4165/1742
f 2834/4174/1746 2833/4179/1750 2812/4165/1742
f 2829/4178/1749 2812/4165/1742 2833/4179/1750
f 2828/4173/1745 2830/4175/1747 2778/4164/1741
f 2811/4193/1761 2784/4194/1761 2842/4195/1762 2843/4196/1762
f 2810/4073/1674 2886/4197/1763 2899/4198/1764 2822/4070/1346
f 2835/4199/1765 2983/4200/1766 2968/4201/1766 2831/4202/1765
f 3043/4203/1767 2862/4204/1768 2866/4205/1769 2845/4206/1770
f 2843/4196/1762 2842/4195/1762 2992/3745/1456 2991/3744/1456
f 2842/4141/1721 2986/4140/1720 2932/3747/1458 2992/3746/1457
f 2940/4207/1771 2943/4208/1772 2952/4209/1723 2895/4210/1707
f 2802/4102/1693 2884/4211/1773 2880/4212/1774 2809/4103/1694
f 3027/4213/1775 3031/4214/1776 2859/4215/1777 2826/4162/1740
f 2826/4162/1740 2859/4215/1777 2884/4211/1773 2802/4102/1693
f 3044/4216/1778 2868/4217/1779 2949/4118/1705 2946/4117/1704
f 2805/4084/1679 2869/4218/1780 2865/4219/1713 2804/4085/1680
f 2806/4098/1688 2871/4220/1781 2877/4221/1782 2808/4099/1691
f 2935/4150/1728 2872/4222/1753 2874/4151/1729
f 2809/4106/1694 2880/4223/1774 2886/4197/1763 2810/4073/1674
f 2916/4224/1783 2881/4225/1784 2883/4226/1785 2920/4227/1786
f 2779/3601/1350 2928/3769/1475 2890/4112/1701 2838/4074/1350
f 2914/4170/1424 2902/4169/1425 2898/4228/1477 2926/4229/1476
f 2938/4119/1706 2940/4230/1771 2895/4120/1707
f 2812/4231/1787 2896/4232/1788 2892/4233/1789 2839/4234/1478
f 2820/4090/1683 2950/4137/1717 2869/4218/1780 2805/4084/1679
f 2822/4070/1346 2899/4198/1764 2901/4235/1790 2800/4083/1346
f 3042/4236/1791 3034/4237/1792 2862/4204/1768 3043/4203/1767
f 2843/4238/1793 2988/4239/1794 2953/4240/1795 2811/4241/1796
f 2834/4242/1797 2980/4243/1798 2977/4244/1798 2833/4245/1797
f 2830/4246/1799 2956/4247/1800 2974/4248/1801 2832/4249/1799
f 2973/4250/1802 2961/4251/1803 2911/4252/1804
f 2976/4253/1805 2979/4254/1806 3039/4255/1807 3041/4256/1808
f 2836/4257/1787 2970/4258/1809 2980/4259/1810 2834/4260/1787
f 2800/4083/1346 2901/4235/1790 2854/4114/1380 2786/4080/1346
f 2819/4261/1811 2947/4262/1812 2896/4232/1788 2812/4231/1787
f 2808/4099/1691 2877/4221/1782 2944/4109/1698 2817/4108/1697
f 2839/4234/1478 2892/4233/1789 2848/3806/1504 2799/3805/1478
f 2827/4263/1754 2910/4264/1813 2962/4186/1755 2837/4185/1754
f 2829/4265/1814 2965/4266/1815 2947/4267/1815 2819/4268/1814
f 2920/4227/1786 2883/4226/1785 2860/4269/1816 2911/4270/1804
f 2832/4271/1765 2974/4272/1817 2970/4273/1817 2836/4274/1765
f 2841/4116/1382 2904/4115/1703 2913/4125/1383 2778/4124/1382
f 2845/4206/1770 2866/4205/1769 2868/4217/1779 3044/4216/1778
f 2787/4160/1738 2919/4159/1737 2910/4275/1818 2827/4276/1819
f 2961/4251/1803 2973/4250/1802 2955/4277/1820 2958/4278/1821
f 2922/4279/1822 2887/4280/1823 2881/4225/1784 2916/4224/1783
f 2828/4281/1824 2959/4282/1825 2956/4283/1826 2830/4284/1824
f 2831/4285/1787 2968/4286/1827 2965/4287/1828 2829/4288/1787
f 2991/3833/1522 2850/3834/1523 2988/4239/1794 2843/4238/1793
f 2926/4229/1476 2898/4228/1477 2887/4280/1823 2922/4279/1822
f 2952/4209/1723 2943/4208/1772 2878/4183/1752 2935/4182/1728
f 3044/4216/1778 2946/4117/1704 2964/4289/1829 3040/4290/1830
f 2807/4094/1687 2875/4113/1702 2871/4291/1781 2806/4095/1688
f 2985/4153/1731 2889/4152/1730 2929/3839/1527 2931/3838/1526
f 2854/4114/1380 2855/4292/1831 2858/3840/1528 2857/3643/1380
f 2855/4293/1831 2853/4168/1426 2856/3724/1426 2858/3843/1528
f 3034/4237/1792 3037/4294/1832 2864/4295/1833 2862/4204/1768
f 3037/4296/1832 3038/4297/1777 2863/4133/1714 2864/4298/1833
f 2866/4205/1769 2867/4299/1834 2870/4300/1835 2868/4217/1779
f 2867/4301/1834 2865/4219/1713 2869/4218/1780 2870/4302/1835
f 2862/4204/1768 2864/4295/1833 2867/4299/1834 2866/4205/1769
f 2864/4298/1833 2863/4133/1714 2865/4132/1713 2867/4303/1834
f 2872/4222/1753 2873/4304/1836 2876/4305/1837 2874/4151/1729
f 2873/4306/1836 2871/4291/1781 2875/4113/1702 2876/4307/1837
f 2878/4183/1752 2879/4308/1838 2873/4309/1836 2872/4184/1753
f 2879/4310/1838 2877/4221/1782 2871/4220/1781 2873/4311/1836
f 2881/4225/1784 2882/4312/1839 2885/4313/1840 2883/4226/1785
f 2882/4314/1839 2880/4212/1774 2884/4211/1773 2885/4315/1840
f 2887/4280/1823 2888/4316/1841 2882/4312/1839 2881/4225/1784
f 2888/4317/1841 2886/4197/1763 2880/4223/1774 2882/4318/1839
f 2890/4112/1701 2891/4319/1842 2876/4307/1837 2875/4113/1702
f 2891/4320/1842 2889/4152/1730 2874/4151/1729 2876/4305/1837
f 2893/4321/1722 2894/4322/1843 2897/4323/1844 2895/4324/1707
f 2894/4322/1843 2892/4233/1789 2896/4232/1788 2897/4323/1844
f 2899/4198/1764 2900/4325/1545 2903/4326/1845 2901/4235/1790
f 2900/4327/1545 2898/4228/1477 2902/4169/1425 2903/4328/1845
f 2905/4329/1423 2906/4330/1546 2909/3881/1546 2908/3880/1423
f 2906/4330/1546 2904/4115/1703 2907/3648/1383 2909/3881/1546
f 2914/4331/1424 2915/4332/1546 2906/4330/1546 2905/4329/1423
f 2915/4332/1546 2913/4125/1383 2904/4115/1703 2906/4330/1546
f 2917/4158/1736 2918/4333/1846 2921/4334/1847 2919/4159/1737
f 2918/4333/1846 2916/4335/1783 2920/4336/1786 2921/4334/1847
f 2923/4189/1757 2924/4337/1848 2918/4333/1846 2917/4158/1736
f 2924/4337/1848 2922/4338/1822 2916/4335/1783 2918/4333/1846
f 2926/4339/1476 2927/4340/1849 2915/4332/1546 2914/4331/1424
f 2927/4340/1849 2925/4126/1709 2913/4125/1383 2915/4332/1546
f 2847/3893/1551 2849/3894/1552 2894/4322/1843 2893/4321/1722
f 2849/3894/1552 2848/3806/1504 2892/4233/1789 2894/4322/1843
f 2928/3769/1475 2930/3895/1553 2891/4319/1842 2890/4112/1701
f 2930/3896/1553 2929/3839/1527 2889/4152/1730 2891/4320/1842
f 2938/4119/1706 2939/4341/1850 2942/4342/1851 2940/4230/1771
f 2939/4343/1850 2937/4123/1708 2941/4122/1699 2942/4344/1851
f 2940/4207/1771 2942/4345/1851 2945/4346/1852 2943/4208/1772
f 2942/4347/1851 2941/4110/1699 2944/4109/1698 2945/4348/1852
f 2877/4221/1782 2879/4310/1838 2945/4348/1852 2944/4109/1698
f 2879/4308/1838 2878/4183/1752 2943/4208/1772 2945/4346/1852
f 2950/4137/1717 2951/4349/1853 2870/4302/1835 2869/4218/1780
f 2951/4350/1853 2949/4118/1705 2868/4217/1779 2870/4300/1835
f 2895/4324/1707 2897/4323/1844 2948/4351/1854 2946/4352/1704
f 2897/4323/1844 2896/4232/1788 2947/4262/1812 2948/4351/1854
f 2937/4123/1708 2939/4343/1850 2951/4349/1853 2950/4137/1717
f 2939/4341/1850 2938/4119/1706 2949/4118/1705 2951/4350/1853
f 2886/4197/1763 2888/4317/1841 2900/4325/1545 2899/4198/1764
f 2888/4316/1841 2887/4280/1823 2898/4228/1477 2900/4327/1545
f 2922/4338/1822 2924/4337/1848 2927/4340/1849 2926/4339/1476
f 2924/4337/1848 2923/4189/1757 2925/4126/1709 2927/4340/1849
f 2883/4226/1785 2885/4313/1840 2861/4353/1855 2860/4269/1816
f 2885/4315/1840 2884/4211/1773 2859/4215/1777 2861/4354/1855
f 2919/4159/1737 2921/4334/1847 2912/4355/1856 2910/4275/1818
f 2921/4334/1847 2920/4336/1786 2911/4356/1804 2912/4355/1856
f 2955/4277/1857 2957/4357/1858 2960/4358/1859 2958/4278/1857
f 2957/4357/1858 2956/4283/1826 2959/4282/1825 2960/4358/1859
f 2958/4359/1821 2960/4360/1860 2963/4361/1861 2961/4362/1803
f 2960/4360/1860 2959/4187/1756 2962/4186/1755 2963/4361/1861
f 2946/4363/1704 2948/4364/1862 2966/4365/1863 2964/4366/1829
f 2948/4364/1862 2947/4267/1815 2965/4266/1815 2966/4365/1863
f 2964/4367/1829 2966/4368/1864 2969/4369/1865 3040/4370/1830
f 2966/4368/1864 2965/4287/1828 2968/4286/1827 2969/4369/1865
f 3039/4371/1807 2972/4372/1866 2975/4373/1866 2973/4374/1802
f 2972/4372/1866 2970/4273/1817 2974/4272/1817 2975/4373/1866
f 2973/4375/1802 2975/4376/1867 2957/4377/1868 2955/4378/1820
f 2975/4376/1867 2974/4248/1801 2956/4247/1800 2957/4377/1868
f 2976/4253/1869 2978/4379/1870 2981/4380/1870 2979/4254/1869
f 2978/4379/1870 2977/4244/1798 2980/4243/1798 2981/4380/1870
f 3040/4381/1830 2969/4382/1871 2984/4383/1871 3041/4384/1808
f 2969/4382/1871 2968/4201/1766 2983/4200/1766 2984/4383/1871
f 3041/4385/1808 2984/4386/1872 2978/4387/1872 2976/4388/1805
f 2984/4386/1872 2983/4148/1727 2977/4147/1726 2978/4387/1872
f 2970/4258/1809 2972/4389/1873 2981/4390/1874 2980/4259/1810
f 2972/4389/1873 3039/4391/1807 2979/4392/1806 2981/4390/1874
f 2901/4235/1790 2903/4326/1845 2855/4292/1831 2854/4114/1380
f 2903/4328/1845 2902/4169/1425 2853/4168/1426 2855/4293/1831
f 2935/4393/1728 2936/4394/1875 2954/4395/1876 2952/4396/1723
f 2936/4394/1875 2934/4130/1712 2953/4129/1711 2954/4395/1876
f 2931/3953/1526 2933/3956/1582 2987/4397/1877 2985/4398/1731
f 2933/3956/1582 2932/3747/1458 2986/4140/1720 2987/4397/1877
f 2934/4139/1719 2936/4399/1878 2987/4397/1877 2986/4140/1720
f 2936/4399/1878 2935/4400/1728 2985/4398/1731 2987/4397/1877
f 2989/4401/1724 2990/4402/1879 2852/3961/1585 2851/3960/1584
f 2990/4402/1879 2988/4239/1794 2850/3834/1523 2852/3961/1585
f 2910/4264/1813 2912/4403/1880 2963/4361/1861 2962/4186/1755
f 2912/4403/1880 2911/4404/1804 2961/4362/1803 2963/4361/1861
f 2952/4405/1723 2954/4406/1881 2990/4402/1879 2989/4401/1724
f 2954/4406/1881 2953/4240/1795 2988/4239/1794 2990/4402/1879
f 2847/3967/1551 2893/4142/1722 2989/4145/1724 2851/3968/1584
f 3001/4407/1882 2999/3972/1592 3000/3971/1591 3002/4408/1883
f 3004/4409/1884 3006/4410/1885 3009/4411/1886 3001/4407/1882
f 2993/4412/1887 3003/4413/1888 3019/4414/1889 2997/4415/1890
f 2996/4416/1891 3012/4417/1892 3025/3982/1602 2991/3981/1601
f 3013/4418/1893 3015/4419/1894 3018/4420/1895 3002/4408/1883
f 2998/4421/1896 3016/4422/1897 3012/4417/1892 2996/4416/1891
f 3004/4409/1884 3001/4407/1882 3002/4408/1883 3018/4420/1895
f 3022/3989/1609 2999/3972/1592 3001/4407/1882 3009/4411/1886
f 2992/3990/1610 3021/3993/1613 3010/4423/1898 2994/4424/1899
f 2994/4424/1899 3010/4423/1898 3007/4425/1900 2995/4426/1901
f 3000/3971/1591 3024/3996/1616 3013/4418/1893 3002/4408/1883
f 2997/4415/1890 3019/4414/1889 3016/4427/1897 2998/4428/1896
f 3004/4409/1884 3005/4429/1902 3008/4430/1903 3006/4410/1885
f 3005/4431/1902 3003/4413/1888 3007/4432/1900 3008/4433/1903
f 3006/4410/1885 3008/4430/1903 3011/4434/1904 3009/4411/1886
f 3008/4435/1903 3007/4425/1900 3010/4423/1898 3011/4436/1904
f 3013/4418/1893 3014/4437/1905 3017/4438/1906 3015/4419/1894
f 3014/4439/1905 3012/4417/1892 3016/4422/1897 3017/4440/1906
f 3015/4419/1894 3017/4438/1906 3020/4441/1907 3018/4420/1895
f 3017/4442/1906 3016/4427/1897 3019/4414/1889 3020/4443/1907
f 3021/3993/1613 3023/4014/1623 3011/4436/1904 3010/4423/1898
f 3023/4015/1623 3022/3989/1609 3009/4411/1886 3011/4434/1904
f 3018/4420/1895 3020/4441/1907 3005/4429/1902 3004/4409/1884
f 3020/4443/1907 3019/4414/1889 3003/4413/1888 3005/4431/1902
f 3012/4417/1892 3014/4439/1905 3026/4016/1624 3025/3982/1602
f 3014/4437/1905 3013/4418/1893 3024/3996/1616 3026/4017/1624
f 2995/4444/1901 3007/4432/1900 3003/4413/1888 2993/4412/1887
f 2861/4354/1855 2859/4215/1777 3031/4214/1776 3030/4445/1908
f 2860/4446/1816 2861/4447/1855 3030/4448/1908 3029/4449/1909
f 2911/4252/1804 2860/4446/1816 3029/4449/1909 3045/4450/1910
f 3033/4076/1675 3038/4297/1777 3031/4214/1776 3027/4213/1775
f 2826/4162/1740 2825/4161/1739 3028/4451/1911 3027/4213/1775
f 2803/4079/1678 2863/4133/1714 3038/4297/1777 3033/4076/1675
f 3030/4445/1908 3031/4214/1776 3038/4297/1777 3037/4296/1832
f 3029/4449/1909 3030/4448/1908 3037/4294/1832 3034/4237/1792
f 3045/4450/1910 3029/4449/1909 3034/4237/1792 3042/4236/1791
f 3027/4213/1775 3028/4451/1911 3036/4077/1676 3033/4076/1675
f 2971/4452/1912 2973/4250/1802 2911/4252/1804 3032/4453/1913
f 2982/4454/1914 2971/4452/1912 3032/4453/1913 3035/4455/1915
f 3044/4216/1778 3043/4203/1767 2845/4206/1770
f 2967/4456/1916 2982/4454/1914 3035/4455/1915 2844/4457/1917 2846/4458/1918
f 2971/4452/1912 3039/4255/1807 2973/4250/1802
f 2967/4456/1916 3040/4290/1830 3041/4256/1808 2982/4454/1914
f 3035/4455/1915 3042/4236/1791 3043/4203/1767 2844/4457/1917
f 2846/4458/1918 3044/4216/1778 3040/4290/1830 2967/4456/1916
f 2982/4454/1914 3041/4256/1808 3039/4255/1807 2971/4452/1912
f 2911/4252/1804 3045/4450/1910 3032/4453/1913
f 3032/4453/1913 3045/4450/1910 3042/4236/1791 3035/4455/1915
f 2844/4457/1917 3043/4203/1767 3044/4216/1778 2846/4458/1918
f 3057/4459/1656 3069/4460/1919 3058/4461/1650 3046/4462/1920
f 3047/4463/1921 3059/4464/1922 3060/4465/1923 3048/4466/1658
f 3054/4467/1654 3066/4468/1655 3067/4469/1924 3055/4470/1645
f 3051/4471/1925 3063/4472/1643 3064/4473/1638 3052/4474/1637
f 3048/4466/1658 3060/4465/1923 3061/4475/1926 3049/4476/1652
f 3055/4470/1645 3067/4469/1924 3068/4477/1647 3056/4478/1644
f 3052/4474/1637 3064/4473/1638 3065/4479/1639 3053/4480/1636
f 3049/4476/1652 3061/4475/1926 3062/4481/1642 3050/4482/1641
f 3056/4478/1644 3068/4477/1647 3069/4460/1919 3057/4459/1656
f 3046/4462/1920 3058/4461/1650 3059/4464/1922 3047/4463/1921
f 3053/4480/1636 3065/4479/1639 3066/4468/1655 3054/4467/1654
f 3050/4482/1641 3062/4481/1642 3063/4472/1643 3051/4471/1925
f 3064/4473/1638 3076/4483/1927 3077/4484/1928 3065/4479/1639
f 3061/4475/1926 3073/4485/1663 3074/4486/1929 3062/4481/1642
f 3068/4477/1647 3080/4487/1668 3081/4488/1930 3069/4460/1919
f 3058/4461/1650 3070/4489/1931 3071/4490/1932 3059/4464/1922
f 3065/4479/1639 3077/4484/1928 3078/4491/1665 3066/4468/1655
f 3062/4481/1642 3074/4486/1929 3075/4492/1933 3063/4472/1643
f 3069/4460/1919 3081/4488/1930 3070/4489/1931 3058/4461/1650
f 3059/4464/1922 3071/4490/1932 3072/4493/1934 3060/4465/1923
f 3066/4468/1655 3078/4491/1665 3079/4494/1671 3067/4469/1924
f 3063/4472/1643 3075/4492/1933 3076/4483/1927 3064/4473/1638
f 3060/4465/1923 3072/4493/1934 3073/4485/1663 3061/4475/1926
f 3082/4495/1672 3075/4492/1933 3074/4486/1929 3073/4485/1663
f 3082/4495/1672 3081/4488/1930 3080/4487/1668 3079/4494/1671
f 3082/4495/1672 3077/4484/1928 3076/4483/1927
f 3071/4490/1932 3082/4495/1672 3073/4485/1663 3072/4493/1934
f 3076/4483/1927 3075/4492/1933 3082/4495/1672
f 3070/4489/1931 3082/4495/1672 3071/4490/1932
f 3070/4489/1931 3081/4488/1930 3082/4495/1672
f 3079/4494/1671 3078/4491/1665 3077/4484/1928 3082/4495/1672
f 3067/4469/1924 3079/4494/1671 3080/4487/1668 3068/4477/1647
f 3093/4496/1935 3089/4497/1936 3083/4498/317 3085/4499/1937
f 3093/4496/1935 3085/4499/1937 3088/4500/1938 3099/4501/1939
f 3105/4502/1940 3086/4503/1941 3084/4504/1942 3096/4505/1943
f 3102/4506/1944 3087/4507/1945 3086/4503/1941 3105/4502/1940
f 3107/4508/1946 3096/4505/1943 3084/4504/1942 3109/4509/283
f 3099/4501/1939 3088/4500/1938 3087/4510/1945 3102/4511/1944
f 3098/4512/1947 3092/4513/1948 3094/4514/1949 3100/4515/1950
f 3100/4515/1950 3094/4514/1949 3093/4496/1935 3099/4501/1939
f 3101/4516/1951 3098/4512/1947 3100/4515/1950 3103/4517/1952
f 3103/4517/1952 3100/4515/1950 3099/4501/1939 3102/4511/1944
f 3104/4518/1953 3101/4519/1951 3103/4520/1952 3106/4521/1954
f 3106/4521/1954 3103/4520/1952 3102/4506/1944 3105/4502/1940
f 3095/4522/1955 3104/4518/1953 3106/4521/1954 3097/4523/1956
f 3097/4523/1956 3106/4521/1954 3105/4502/1940 3096/4505/1943
f 3144/4524/31 3110/4525/1957 3147/4526/31
f 3110/4527/1958 3108/4528/1958 3107/4529/1959 3114/4530/1960
f 3107/4529/1959 3109/4531/29 3113/4532/29 3114/4530/1960
f 3112/4533/31 3111/4534/31 3144/4524/31 3150/4535/31
f 3144/4524/31 3111/4534/31 3095/4536/1955 3110/4525/1957
f 3111/4534/31 3092/4537/1948 3098/4538/1947 3101/4539/1951
f 3110/4540/1957 3095/4522/1955 3097/4523/1956 3108/4541/1961
f 3108/4541/1961 3097/4523/1956 3096/4505/1943 3107/4508/1946
f 3089/4497/1936 3093/4496/1935 3094/4514/1949 3091/4542/1962
f 3091/4542/1962 3094/4514/1949 3092/4513/1948 3090/4543/1963
f 3095/4536/1955 3111/4534/31 3101/4539/1951 3104/4544/1953
f 3092/4537/1948 3111/4534/31 3112/4533/31 3090/4545/1963
f 3114/4530/283 3113/4532/283 3151/4546/283 3152/4547/283
f 3110/4527/283 3114/4530/283 3152/4547/283 3147/4548/283
f 3112/4549/287 3150/4550/287 3154/4551/287 3115/4552/287
f 3089/4553/287 3112/4549/287 3115/4552/287 3083/4554/287
f 3091/4555/287 3090/4556/287 3112/4549/287 3089/4553/287
f 3126/4557/1964 3118/4558/1965 3116/4559/29 3122/4560/1966
f 3126/4557/1964 3132/4561/1967 3121/4562/1968 3118/4558/1965
f 3138/4563/1969 3129/4564/1970 3117/4565/1971 3119/4566/1972
f 3135/4567/1973 3138/4563/1969 3119/4566/1972 3120/4568/1974
f 3140/4569/1946 3142/4570/283 3117/4565/1971 3129/4564/1970
f 3132/4561/1967 3135/4571/1973 3120/4572/1974 3121/4562/1968
f 3131/4573/1975 3133/4574/1976 3127/4575/1977 3125/4576/1978
f 3133/4574/1976 3132/4561/1967 3126/4557/1964 3127/4575/1977
f 3134/4577/1979 3136/4578/1980 3133/4574/1976 3131/4573/1975
f 3136/4578/1980 3135/4571/1973 3132/4561/1967 3133/4574/1976
f 3137/4579/1981 3139/4580/1982 3136/4581/1980 3134/4582/1979
f 3139/4580/1982 3138/4563/1969 3135/4567/1973 3136/4581/1980
f 3128/4583/1983 3130/4584/1984 3139/4580/1982 3137/4579/1981
f 3130/4584/1984 3129/4564/1970 3138/4563/1969 3139/4580/1982
f 3144/4524/31 3147/4526/31 3143/4585/1985
f 3143/4586/1986 3149/4587/1987 3140/4588/1988 3141/4589/1986
f 3140/4588/1988 3149/4587/1987 3148/4590/317 3142/4591/317
f 3146/4592/31 3150/4535/31 3144/4524/31 3145/4593/31
f 3144/4524/31 3143/4585/1985 3128/4594/1983 3145/4593/31
f 3145/4593/31 3134/4595/1979 3131/4596/1975 3125/4597/1978
f 3143/4598/1985 3141/4599/1989 3130/4584/1984 3128/4583/1983
f 3141/4599/1989 3140/4569/1946 3129/4564/1970 3130/4584/1984
f 3122/4560/1966 3124/4600/1990 3127/4575/1977 3126/4557/1964
f 3124/4600/1990 3123/4601/1991 3125/4576/1978 3127/4575/1977
f 3128/4594/1983 3137/4602/1981 3134/4595/1979 3145/4593/31
f 3125/4597/1978 3123/4603/1991 3146/4592/31 3145/4593/31
f 3149/4587/283 3152/4547/283 3151/4546/283 3148/4590/283
f 3143/4586/283 3147/4548/283 3152/4547/283 3149/4587/283
f 3146/4604/287 3153/4605/287 3154/4551/287 3150/4550/287
f 3122/4606/287 3116/4607/287 3153/4605/287 3146/4604/287
f 3124/4608/287 3122/4606/287 3146/4604/287 3123/4609/287
f 3202/4610/283 3212/4611/1992 3168/4612/1993 3156/4613/1994
f 3157/4614/1995 3165/4615/1996 3161/4616/1997 3155/4617/317
f 3156/4613/1994 3168/4612/1993 3171/4618/1998 3158/4619/1999
f 3158/4620/1999 3171/4621/1998 3165/4615/1996 3157/4614/1995
f 3167/4622/2000 3170/4623/2001 3172/4624/2002 3169/4625/2003
f 3169/4625/2003 3172/4624/2002 3171/4618/1998 3168/4612/1993
f 3170/4623/2001 3164/4626/2004 3166/4627/2005 3172/4628/2002
f 3172/4628/2002 3166/4627/2005 3165/4615/1996 3171/4621/1998
f 3164/4626/2004 3162/4629/2006 3163/4630/2007 3166/4627/2005
f 3166/4627/2005 3163/4630/2007 3161/4616/1997 3165/4615/1996
f 3211/4631/2008 3167/4622/2000 3169/4625/2003 3213/4632/1961
f 3213/4632/1961 3169/4625/2003 3168/4612/1993 3212/4611/1992
f 3204/4633/31 3160/4634/31 3159/4635/31 3209/4636/31
f 3167/4622/2000 3159/4635/31 3164/4626/2004 3170/4623/2001
f 3164/4626/2004 3159/4635/31 3160/4634/31 3162/4629/2006
f 3209/4636/31 3159/4635/31 3167/4622/2000 3211/4631/2008
f 3160/4637/287 3204/4638/287 3226/4639/287 3173/4640/287
f 3162/4641/287 3160/4637/287 3173/4640/287 3163/4642/287
f 3163/4642/287 3173/4640/287 3155/4643/287 3161/4644/287
f 3178/4645/1945 3193/4646/2009 3189/4647/2010 3177/4648/2011
f 3191/4649/2012 3176/4650/2013 3175/4651/283 3186/4652/2014
f 3182/4653/2015 3174/4654/287 3180/4655/2016 3195/4656/2017
f 3200/4657/2018 3181/4658/1261 3179/4659/2019 3197/4660/2020
f 3195/4656/2017 3180/4655/2016 3181/4661/1261 3200/4662/2018
f 3197/4660/2020 3179/4659/2019 3177/4648/2011 3189/4647/2010
f 3176/4650/2013 3191/4649/2012 3193/4663/2009 3178/4664/1945
f 3199/4665/2021 3196/4666/2022 3201/4667/2023
f 3201/4667/2023 3196/4666/2022 3195/4656/2017 3200/4662/2018
f 3199/4665/2021 3201/4668/2023 3198/4669/2024
f 3198/4669/2024 3201/4668/2023 3200/4657/2018 3197/4660/2020
f 3188/4670/2025 3194/4671/2026 3192/4672/2027
f 3192/4672/2027 3194/4671/2026 3193/4663/2009 3191/4649/2012
f 3188/4670/2025 3190/4673/2028 3194/4674/2026
f 3194/4674/2026 3190/4673/2028 3189/4647/2010 3193/4646/2009
f 3188/4670/2025 3199/4665/2021 3198/4669/2024 3190/4673/2028
f 3190/4673/2028 3198/4669/2024 3197/4660/2020 3189/4647/2010
f 3182/4653/2015 3195/4656/2017 3196/4666/2022 3184/4675/2029
f 3184/4675/2029 3196/4666/2022 3199/4665/2021 3183/4676/2030
f 3191/4649/2012 3186/4652/2014 3187/4677/2031 3192/4672/2027
f 3192/4672/2027 3187/4677/2031 3185/4678/2032 3188/4670/2025
f 3183/4676/2030 3199/4665/2021 3188/4670/2025 3185/4678/2032
f 3202/4610/283 3205/4679/2033 3221/4680/2034 3212/4611/1992
f 3206/4681/2035 3203/4682/29 3214/4683/2036 3218/4684/2037
f 3205/4679/2033 3207/4685/2038 3224/4686/2039 3221/4680/2034
f 3207/4687/2038 3206/4681/2035 3218/4684/2037 3224/4688/2039
f 3220/4689/2040 3222/4690/2041 3225/4691/2042 3223/4692/2043
f 3222/4690/2041 3221/4680/2034 3224/4686/2039 3225/4691/2042
f 3223/4692/2043 3225/4693/2042 3219/4694/2044 3217/4695/2045
f 3225/4693/2042 3224/4688/2039 3218/4684/2037 3219/4694/2044
f 3217/4695/2045 3219/4694/2044 3216/4696/2046 3215/4697/2047
f 3219/4694/2044 3218/4684/2037 3214/4683/2036 3216/4696/2046
f 3211/4631/2008 3213/4632/1961 3222/4690/2041 3220/4689/2040
f 3213/4632/1961 3212/4611/1992 3221/4680/2034 3222/4690/2041
f 3204/4633/31 3209/4636/31 3208/4698/31 3210/4699/31
f 3220/4689/2040 3223/4692/2043 3217/4695/2045 3208/4698/31
f 3217/4695/2045 3215/4697/2047 3210/4699/31 3208/4698/31
f 3209/4636/31 3211/4631/2008 3220/4689/2040 3208/4698/31
f 3210/4700/287 3227/4701/287 3226/4639/287 3204/4638/287
f 3215/4702/287 3216/4703/287 3227/4701/287 3210/4700/287
f 3216/4703/287 3214/4704/287 3203/4705/287 3227/4701/287
f 3232/4706/1974 3231/4707/2048 3243/4708/2049 3247/4709/2050
f 3245/4710/2051 3240/4711/2014 3229/4712/283 3230/4713/2052
f 3236/4714/2015 3249/4715/2053 3234/4716/2054 3228/4717/287
f 3254/4718/2055 3251/4719/2056 3233/4720/2057 3235/4721/1191
f 3249/4715/2053 3254/4722/2055 3235/4723/1191 3234/4716/2054
f 3251/4719/2056 3243/4708/2049 3231/4707/2048 3233/4720/2057
f 3230/4713/2052 3232/4724/1974 3247/4725/2050 3245/4710/2051
f 3253/4726/2058 3255/4727/2059 3250/4728/2060
f 3255/4727/2059 3254/4722/2055 3249/4715/2053 3250/4728/2060
f 3253/4726/2058 3252/4729/2061 3255/4730/2059
f 3252/4729/2061 3251/4719/2056 3254/4718/2055 3255/4730/2059
f 3242/4731/2062 3246/4732/2063 3248/4733/2064
f 3246/4732/2063 3245/4710/2051 3247/4725/2050 3248/4733/2064
f 3242/4731/2062 3248/4734/2064 3244/4735/2065
f 3248/4734/2064 3247/4709/2050 3243/4708/2049 3244/4735/2065
f 3242/4731/2062 3244/4735/2065 3252/4729/2061 3253/4726/2058
f 3244/4735/2065 3243/4708/2049 3251/4719/2056 3252/4729/2061
f 3236/4714/2015 3238/4736/2066 3250/4728/2060 3249/4715/2053
f 3238/4736/2066 3237/4737/2030 3253/4726/2058 3250/4728/2060
f 3245/4710/2051 3246/4732/2063 3241/4738/2031 3240/4711/2014
f 3246/4732/2063 3242/4731/2062 3239/4739/2032 3241/4738/2031
f 3237/4737/2030 3239/4739/2032 3242/4731/2062 3253/4726/2058
f 3258/4740/317 3262/4741/317 3274/4742/317 3273/4743/317
f 3266/4744/29 3265/4745/29 3282/4746/29 3277/4747/29
f 3269/4748/29 3270/4749/29 3279/4750/29 3278/4751/29
f 3262/4741/317 3263/4752/317 3281/4753/317 3274/4742/317
f 3413/4754/2067 3298/4755/2067 3277/4756/2068 3389/4757/2068
f 3265/4745/29 3267/4758/29 3280/4759/29 3282/4746/29
f 3258/4760/2069 3264/4761/2069 3267/4762/2070 3262/4763/2071
f 3262/4763/2071 3267/4762/2070 3265/4764/2072 3263/4765/2072
f 3263/4765/2072 3265/4764/2072 3266/4766/2073 3257/4767/2073
f 3261/4768/2074 3271/4769/2074 3268/4770/2073 3259/4771/2073
f 3260/4772/2075 3269/4773/2075 3271/4769/2074 3261/4768/2074
f 3256/4774/2069 3270/4775/2069 3269/4773/2075 3260/4772/2075
f 3282/4776/2076 3394/4777/2076 3389/4757/2068 3277/4756/2068
f 3279/4778/2069 3273/4779/2069 3274/4780/2077 3278/4781/2078
f 3280/4782/2078 3393/4783/2078 3394/4777/2076 3282/4776/2076
f 3272/4784/2069 3383/4785/2069 3393/4783/2078 3280/4782/2078
f 3278/4781/2078 3274/4780/2077 3281/4786/2076 3283/4787/2076
f 3283/4787/2076 3281/4786/2076 3276/4788/2068 3275/4789/2079
f 3263/4752/317 3257/4790/317 3276/4791/317 3281/4753/317
f 3268/4792/29 3271/4793/29 3283/4794/29 3275/4795/29
f 3267/4758/29 3264/4796/29 3272/4797/29 3280/4759/29
f 3271/4793/29 3269/4748/29 3278/4751/29 3283/4794/29
f 3256/4798/2080 3260/4799/2081 3261/4800/2081 3259/4801/2080
f 3256/4798/2080 3259/4801/2080 3285/4802/317 3284/4803/317
f 3257/4790/317 3290/4804/317 3300/4805/317 3299/4806/317
f 3293/4807/29 3292/4808/29 3308/4809/29 3303/4810/29
f 3296/4811/29 3268/4792/29 3305/4812/29 3304/4813/29
f 3290/4804/317 3291/4814/317 3307/4815/317 3300/4805/317
f 3266/4744/29 3277/4747/29 3298/4816/29
f 3292/4808/29 3294/4817/29 3306/4818/29 3308/4809/29
f 3257/4767/2069 3266/4766/2069 3294/4819/2070 3290/4820/2071
f 3290/4820/2071 3294/4819/2070 3292/4821/2072 3291/4822/2072
f 3291/4822/2072 3292/4821/2072 3293/4823/2082 3286/4824/2082
f 3289/4825/2083 3297/4826/2074 3295/4827/2082 3287/4828/2082
f 3288/4829/2075 3296/4830/2075 3297/4826/2074 3289/4825/2083
f 3259/4771/2069 3268/4770/2069 3296/4830/2075 3288/4829/2075
f 3308/4831/2076 3424/4832/2076 3419/4833/2068 3303/4834/2068
f 3305/4835/2084 3299/4836/2084 3300/4837/2085 3304/4838/2078
f 3306/4839/2078 3423/4840/2078 3424/4832/2076 3308/4831/2076
f 3298/4755/2067 3413/4754/2067 3423/4840/2078 3306/4839/2078
f 3304/4838/2078 3300/4837/2085 3307/4841/2076 3309/4842/2086
f 3309/4842/2086 3307/4841/2076 3302/4843/2068 3301/4844/2068
f 3291/4814/317 3286/4845/317 3302/4846/317 3307/4815/317
f 3293/4807/29 3303/4810/29 3323/4847/29
f 3295/4848/29 3297/4849/29 3309/4850/29 3301/4851/29
f 3294/4817/29 3266/4744/29 3298/4816/29 3306/4818/29
f 3297/4849/29 3296/4811/29 3304/4813/29 3309/4850/29
f 3259/4801/2080 3288/4852/2081 3289/4853/2081 3287/4854/2080
f 3259/4801/2080 3287/4854/2080 3310/4855/317 3285/4802/317
f 3286/4845/317 3315/4856/317 3325/4857/317 3324/4858/317
f 3318/4859/29 3317/4860/29 3333/4861/29 3328/4862/29
f 3321/4863/29 3295/4848/29 3330/4864/29 3329/4865/29
f 3315/4856/317 3316/4866/317 3332/4867/317 3325/4857/317
f 3419/4833/2068 3442/4868/2067 3323/4869/2067 3303/4834/2068
f 3317/4860/29 3319/4870/29 3331/4871/29 3333/4861/29
f 3286/4824/2069 3293/4823/2069 3319/4872/2071 3315/4873/2071
f 3315/4873/2071 3319/4872/2071 3317/4874/2072 3316/4875/2072
f 3316/4875/2072 3317/4874/2072 3318/4876/2082 3311/4877/2082
f 3314/4878/2074 3322/4879/2074 3320/4880/2082 3312/4881/2082
f 3313/4882/2075 3321/4883/2075 3322/4879/2074 3314/4878/2074
f 3287/4828/2069 3295/4827/2069 3321/4883/2075 3313/4882/2075
f 3333/4884/2076 3453/4885/2076 3448/4886/2068 3328/4887/2068
f 3330/4888/2084 3324/4889/2084 3325/4890/2077 3329/4891/2078
f 3331/4892/2078 3452/4893/2078 3453/4885/2076 3333/4884/2076
f 3323/4869/2067 3442/4868/2067 3452/4893/2078 3331/4892/2078
f 3329/4891/2078 3325/4890/2077 3332/4894/2076 3334/4895/2076
f 3334/4895/2076 3332/4894/2076 3327/4896/2068 3326/4897/2079
f 3316/4866/317 3311/4898/317 3327/4899/317 3332/4867/317
f 3320/4900/29 3322/4901/29 3334/4902/29 3326/4903/29
f 3319/4870/29 3293/4807/29 3323/4847/29 3331/4871/29
f 3322/4901/29 3321/4863/29 3329/4865/29 3334/4902/29
f 3287/4854/2080 3313/4904/2081 3314/4905/2081 3312/4906/2080
f 3287/4854/2080 3312/4906/2080 3335/4907/317 3310/4855/317
f 3311/4898/317 3341/4908/317 3351/4909/317 3350/4910/317
f 3344/4911/29 3343/4912/29 3359/4913/29 3354/4914/29
f 3347/4915/29 3320/4900/29 3356/4916/29 3355/4917/29
f 3341/4908/317 3342/4918/317 3358/4919/317 3351/4909/317
f 3343/4912/29 3345/4920/29 3357/4921/29 3359/4913/29
f 3311/4877/2069 3318/4876/2069 3345/4922/2071 3341/4923/2071
f 3341/4923/2071 3345/4922/2071 3343/4924/2072 3342/4925/2087
f 3342/4925/2087 3343/4924/2072 3344/4926/2088 3336/4927/2088
f 3340/4928/2074 3348/4929/2074 3346/4930/2089 3337/4931/2090
f 3339/4932/2075 3347/4933/2091 3348/4929/2074 3340/4928/2074
f 3312/4881/2069 3320/4880/2069 3347/4933/2091 3339/4932/2075
f 3359/4934/2092 3483/4935/2076 3478/4936/2073 3354/4937/2073
f 3356/4938/2084 3350/4939/2084 3351/4940/2085 3355/4941/2078
f 3357/4942/2078 3482/4943/2078 3483/4935/2076 3359/4934/2092
f 3349/4944/2067 3472/4945/2067 3482/4943/2078 3357/4942/2078
f 3355/4941/2078 3351/4940/2085 3358/4946/2076 3360/4947/2086
f 3360/4947/2086 3358/4946/2076 3353/4948/2088 3352/4949/2088
f 3342/4918/317 3336/4950/317 3353/4951/317 3358/4919/317
f 3353/4951/317 3336/4950/317 3338/4952/317 3365/4953/317
f 3346/4954/29 3348/4955/29 3360/4956/29 3352/4957/29
f 3345/4920/29 3318/4859/29 3349/4958/29 3357/4921/29
f 3348/4955/29 3347/4915/29 3355/4917/29 3360/4956/29
f 3312/4906/2080 3339/4959/2081 3340/4960/2081 3337/4961/2080
f 3312/4906/2080 3337/4961/2080 3361/4962/317 3335/4907/317
f 3276/4788/2068 3299/4836/2084 3305/4835/2084 3275/4789/2079
f 3305/4812/29 3268/4792/29 3275/4795/29
f 3276/4791/317 3257/4790/317 3299/4806/317
f 3302/4843/2068 3324/4889/2084 3330/4888/2084 3301/4844/2068
f 3330/4864/29 3295/4848/29 3301/4851/29
f 3324/4858/317 3302/4846/317 3286/4845/317
f 3327/4896/2068 3350/4939/2084 3356/4938/2084 3326/4897/2079
f 3320/4900/29 3326/4903/29 3356/4916/29
f 3350/4910/317 3327/4899/317 3311/4898/317
f 3352/4949/2088 3353/4948/2088 3365/4963/287 3364/4964/287
f 3448/4886/2068 3472/4945/2067 3349/4944/2067 3328/4887/2068
f 3318/4859/29 3328/4862/29 3349/4958/29
f 3336/4927/2088 3344/4926/2088 3362/4965/287 3338/4966/287
f 3337/4931/2090 3346/4930/2089 3363/4967/287 3361/4968/287
f 3346/4954/29 3352/4957/29 3364/4969/29 3363/4970/29
f 3368/4971/29 3384/4972/29 3385/4973/29 3372/4974/29
f 3376/4975/317 3388/4976/317 3396/4977/317 3375/4978/317
f 3379/4979/317 3390/4980/317 3391/4981/317 3380/4982/317
f 3372/4974/29 3385/4973/29 3395/4983/29 3373/4984/29
f 3413/4754/2067 3389/4757/2068 3388/4985/2068 3412/4986/2093
f 3375/4978/317 3396/4977/317 3392/4987/317 3377/4988/317
f 3368/4989/2069 3372/4990/2070 3377/4991/2071 3374/4992/2069
f 3372/4990/2070 3373/4993/2072 3375/4994/2072 3377/4991/2071
f 3373/4993/2072 3367/4995/2073 3376/4996/2073 3375/4994/2072
f 3371/4997/2074 3369/4998/2073 3378/4999/2073 3381/5000/2094
f 3370/5001/2075 3371/4997/2074 3381/5000/2094 3379/5002/2075
f 3366/5003/2069 3370/5001/2075 3379/5002/2075 3380/5004/2069
f 3396/5005/2076 3388/4985/2068 3389/4757/2068 3394/4777/2076
f 3391/5006/2069 3390/5007/2095 3385/5008/2078 3384/5009/2069
f 3392/5010/2096 3396/5005/2076 3394/4777/2076 3393/4783/2078
f 3382/5011/2069 3392/5010/2096 3393/4783/2078 3383/4785/2069
f 3390/5007/2095 3397/5012/2076 3395/5013/2097 3385/5008/2078
f 3397/5012/2076 3386/5014/2068 3387/5015/2068 3395/5013/2097
f 3373/4984/29 3395/4983/29 3387/5016/29 3367/5017/29
f 3378/5018/317 3386/5019/317 3397/5020/317 3381/5021/317
f 3377/4988/317 3392/4987/317 3382/5022/317 3374/5023/317
f 3381/5021/317 3397/5020/317 3390/4980/317 3379/4979/317
f 3366/5024/2098 3369/5025/2098 3371/5026/2099 3370/5027/2099
f 3366/5024/2098 3398/5028/29 3399/5029/29 3369/5025/2098
f 3367/5017/29 3414/5030/29 3415/5031/29 3404/5032/29
f 3407/5033/317 3418/5034/317 3426/5035/317 3406/5036/317
f 3410/5037/317 3420/5038/317 3421/5039/317 3378/5018/317
f 3404/5032/29 3415/5031/29 3425/5040/29 3405/5041/29
f 3376/4975/317 3412/5042/317 3388/4976/317
f 3406/5036/317 3426/5035/317 3422/5043/317 3408/5044/317
f 3367/4995/2069 3404/5045/2070 3408/5046/2071 3376/4996/2069
f 3404/5045/2070 3405/5047/2072 3406/5048/2072 3408/5046/2071
f 3405/5047/2072 3400/5049/2082 3407/5050/2082 3406/5048/2072
f 3403/5051/2074 3401/5052/2082 3409/5053/2082 3411/5054/2074
f 3402/5055/2100 3403/5051/2074 3411/5054/2074 3410/5056/2075
f 3369/4998/2069 3402/5055/2100 3410/5056/2075 3378/4999/2069
f 3426/5057/2076 3418/5058/2068 3419/4833/2068 3424/4832/2076
f 3421/5059/2084 3420/5060/2085 3415/5061/2078 3414/5062/2084
f 3422/5063/2078 3426/5057/2076 3424/4832/2076 3423/4840/2078
f 3412/4986/2093 3422/5063/2078 3423/4840/2078 3413/4754/2067
f 3420/5060/2085 3427/5064/2076 3425/5065/2076 3415/5061/2078
f 3427/5064/2076 3416/5066/2068 3417/5067/2068 3425/5065/2076
f 3405/5041/29 3425/5040/29 3417/5068/29 3400/5069/29
f 3407/5033/317 3441/5070/317 3418/5034/317
f 3409/5071/317 3416/5072/317 3427/5073/317 3411/5074/317
f 3408/5044/317 3422/5043/317 3412/5042/317 3376/4975/317
f 3411/5074/317 3427/5073/317 3420/5038/317 3410/5037/317
f 3369/5025/2098 3401/5075/2098 3403/5076/2099 3402/5077/2099
f 3369/5025/2098 3399/5029/29 3428/5078/29 3401/5075/2098
f 3400/5069/29 3443/5079/29 3444/5080/29 3433/5081/29
f 3436/5082/317 3447/5083/317 3455/5084/317 3435/5085/317
f 3439/5086/317 3449/5087/317 3450/5088/317 3409/5071/317
f 3433/5081/29 3444/5080/29 3454/5089/29 3434/5090/29
f 3419/4833/2068 3418/5058/2068 3441/5091/2093 3442/4868/2067
f 3435/5085/317 3455/5084/317 3451/5092/317 3437/5093/317
f 3400/5049/2069 3433/5094/2071 3437/5095/2071 3407/5050/2069
f 3433/5094/2071 3434/5096/2072 3435/5097/2087 3437/5095/2071
f 3434/5096/2072 3429/5098/2082 3436/5099/2082 3435/5097/2087
f 3432/5100/2074 3430/5101/2082 3438/5102/2082 3440/5103/2083
f 3431/5104/2075 3432/5100/2074 3440/5103/2083 3439/5105/2075
f 3401/5052/2069 3431/5104/2075 3439/5105/2075 3409/5053/2069
f 3455/5106/2076 3447/5107/2068 3448/4886/2068 3453/4885/2076
f 3450/5108/2084 3449/5109/2095 3444/5110/2078 3443/5111/2084
f 3451/5112/2096 3455/5106/2076 3453/4885/2076 3452/4893/2078
f 3441/5091/2093 3451/5112/2096 3452/4893/2078 3442/4868/2067
f 3449/5109/2095 3456/5113/2076 3454/5114/2097 3444/5110/2078
f 3456/5113/2076 3445/5115/2068 3446/5116/2068 3454/5114/2097
f 3434/5090/29 3454/5089/29 3446/5117/29 3429/5118/29
f 3438/5119/317 3445/5120/317 3456/5121/317 3440/5122/317
f 3437/5093/317 3451/5092/317 3441/5070/317 3407/5033/317
f 3440/5122/317 3456/5121/317 3449/5087/317 3439/5086/317
f 3401/5075/2098 3430/5123/2098 3432/5124/2099 3431/5125/2099
f 3401/5075/2098 3428/5078/29 3457/5126/29 3430/5123/2098
f 3429/5118/29 3473/5127/29 3474/5128/29 3463/5129/29
f 3466/5130/317 3477/5131/317 3485/5132/317 3465/5133/317
f 3469/5134/317 3479/5135/317 3480/5136/317 3438/5119/317
f 3463/5129/29 3474/5128/29 3484/5137/29 3464/5138/29
f 3465/5133/317 3485/5132/317 3481/5139/317 3467/5140/317
f 3429/5098/2069 3463/5141/2071 3467/5142/2071 3436/5099/2069
f 3463/5141/2071 3464/5143/2072 3465/5144/2087 3467/5142/2071
f 3464/5143/2072 3458/5145/2088 3466/5146/2088 3465/5144/2087
f 3462/5147/2074 3459/5148/2090 3468/5149/2089 3470/5150/2101
f 3461/5151/2075 3462/5147/2074 3470/5150/2101 3469/5152/2075
f 3430/5101/2069 3461/5151/2075 3469/5152/2075 3438/5102/2069
f 3485/5153/2076 3477/5154/2082 3478/4936/2073 3483/4935/2076
f 3480/5155/2084 3479/5156/2085 3474/5157/2078 3473/5158/2084
f 3481/5159/2078 3485/5153/2076 3483/4935/2076 3482/4943/2078
f 3471/5160/2093 3481/5159/2078 3482/4943/2078 3472/4945/2067
f 3479/5156/2085 3486/5161/2076 3484/5162/2076 3474/5157/2078
f 3486/5161/2076 3475/5163/2088 3476/5164/2088 3484/5162/2076
f 3464/5138/29 3484/5137/29 3476/5165/29 3458/5166/29
f 3476/5165/29 3491/5167/29 3460/5168/29 3458/5166/29
f 3468/5169/317 3475/5170/317 3486/5171/317 3470/5172/317
f 3467/5140/317 3481/5139/317 3471/5173/317 3436/5082/317
f 3470/5172/317 3486/5171/317 3479/5135/317 3469/5134/317
f 3430/5123/2098 3459/5174/2098 3462/5175/2099 3461/5176/2099
f 3430/5123/2098 3457/5126/29 3487/5177/29 3459/5174/2098
f 3387/5015/2068 3386/5014/2068 3421/5059/2084 3414/5062/2084
f 3421/5039/317 3386/5019/317 3378/5018/317
f 3387/5016/29 3414/5030/29 3367/5017/29
f 3417/5067/2068 3416/5066/2068 3450/5108/2084 3443/5111/2084
f 3450/5088/317 3416/5072/317 3409/5071/317
f 3443/5079/29 3400/5069/29 3417/5068/29
f 3446/5116/2068 3445/5115/2068 3480/5155/2084 3473/5158/2084
f 3438/5119/317 3480/5136/317 3445/5120/317
f 3473/5127/29 3429/5118/29 3446/5117/29
f 3475/5163/2088 3490/5178/287 3491/5179/287 3476/5164/2088
f 3448/4886/2068 3447/5107/2068 3471/5160/2093 3472/4945/2067
f 3436/5082/317 3471/5173/317 3447/5083/317
f 3458/5145/2088 3460/5180/287 3488/5181/287 3466/5146/2088
f 3459/5148/2090 3487/5182/287 3489/5183/287 3468/5149/2089
f 3468/5169/317 3489/5184/317 3490/5185/317 3475/5170/317
f 3503/5186/1945 3520/5187/2102 3514/5188/2103 3502/5189/2104
f 3494/5190/1191 3529/5191/2105 3523/5192/2106 3493/5193/2107
f 3492/5194/2108 3526/5195/2109 3529/5191/2105 3494/5190/1191
f 3511/5196/2110 3500/5197/1261 3498/5198/2111 3508/5199/2112
f 3532/5200/2113 3496/5201/2114 3497/5202/1974 3538/5203/2115
f 3523/5192/2106 3535/5204/2116 3495/5205/2117 3493/5193/2107
f 3496/5201/2114 3532/5200/2113 3517/5206/2118 3501/5207/2119
f 3501/5207/2119 3517/5206/2118 3520/5187/2102 3503/5186/1945
f 3538/5208/2115 3497/5209/1974 3495/5205/2117 3535/5204/2116
f 3526/5195/2109 3492/5194/2108 3499/5210/2120 3505/5211/2121
f 3498/5198/2111 3502/5189/2104 3514/5188/2103 3508/5199/2112
f 3540/5212/31 3513/5213/2122 3519/5214/2123 3516/5215/2124
f 3525/5216/2125 3528/5217/2126 3530/5218/2127 3527/5219/2128
f 3527/5219/2128 3530/5218/2127 3529/5220/2105 3526/5221/2109
f 3528/5217/2126 3522/5222/2129 3524/5223/2130 3530/5218/2127
f 3530/5218/2127 3524/5223/2130 3523/5224/2106 3529/5220/2105
f 3516/5215/2124 3519/5214/2123 3521/5225/2131 3518/5226/2132
f 3518/5226/2132 3521/5225/2131 3520/5227/2102 3517/5228/2118
f 3519/5214/2123 3513/5213/2122 3515/5229/2133 3521/5225/2131
f 3521/5225/2131 3515/5229/2133 3514/5230/2103 3520/5227/2102
f 3537/5231/2134 3531/5232/2135 3533/5233/2136 3539/5234/2137
f 3539/5234/2137 3533/5233/2136 3532/5235/2113 3538/5236/2115
f 3534/5237/2138 3537/5231/2134 3539/5234/2137 3536/5238/2139
f 3536/5238/2139 3539/5234/2137 3538/5236/2115 3535/5239/2116
f 3510/5240/2140 3504/5241/2141 3506/5242/2142 3512/5243/2143
f 3512/5243/2143 3506/5242/2142 3505/5244/2121 3511/5245/2110
f 3507/5246/2144 3510/5240/2140 3512/5243/2143 3509/5247/2145
f 3509/5247/2145 3512/5243/2143 3511/5245/2110 3508/5248/2112
f 3504/5241/2141 3525/5216/2125 3527/5219/2128 3506/5242/2142
f 3506/5242/2142 3527/5219/2128 3526/5221/2109 3505/5244/2121
f 3508/5248/2112 3514/5230/2103 3515/5229/2133 3509/5247/2145
f 3509/5247/2145 3515/5229/2133 3513/5213/2122 3507/5246/2144
f 3517/5228/2118 3532/5235/2113 3533/5233/2136 3518/5226/2132
f 3518/5226/2132 3533/5233/2136 3531/5232/2135 3516/5215/2124
f 3535/5239/2116 3523/5224/2106 3524/5223/2130 3536/5238/2139
f 3536/5238/2139 3524/5223/2130 3522/5222/2129 3534/5237/2138
f 3505/5211/2121 3499/5210/2120 3500/5249/1261 3511/5250/2110
f 3541/5251/31 3507/5246/2144 3513/5213/2122 3540/5212/31
f 3504/5241/2141 3510/5240/2140 3507/5246/2144 3541/5251/31
f 3542/5252/317 3543/5253/317 3547/5254/317 3546/5255/317
f 3542/5256/31 3540/5212/31 3516/5215/2124 3531/5232/2135
f 3525/5216/2125 3504/5241/2141 3541/5251/31 3543/5257/31
f 3522/5222/2129 3543/5257/31 3542/5256/31 3534/5237/2138
f 3534/5237/2138 3542/5256/31 3531/5232/2135 3537/5231/2134
f 3528/5217/2126 3525/5216/2125 3543/5257/31 3522/5222/2129
f 3547/5254/31 3544/5258/31 3545/5259/31 3546/5255/31
f 3540/5260/287 3542/5261/287 3546/5255/287 3545/5259/287
f 3543/5262/283 3541/5263/283 3544/5258/283 3547/5254/283
f 3541/5264/29 3540/5265/29 3545/5259/29 3544/5258/29
f 3555/5266/2146 3552/5267/2146 3553/5268/2146 3554/5269/2146
f 3548/5270/317 3549/5271/317 3553/5268/317 3552/5267/317
f 3550/5272/29 3551/5273/29 3555/5266/29 3554/5269/29
f 3549/5274/283 3550/5275/283 3554/5269/283 3553/5268/283
f 3551/5276/287 3548/5277/287 3552/5267/287 3555/5266/287
f 3569/5278/87 3571/5279/87 3558/5280/87 3559/5281/87
f 3567/5282/2147 3575/5283/2147 3598/5284/2148 3585/5285/2148
f 3558/5286/29 3586/5287/2149 3597/5288/2149 3562/5289/29
f 3580/5290/2150 3591/5291/2150 3574/5292/2147 3566/5293/2147
f 3583/5294/2151 3594/5295/2151 3572/5296/2152 3564/5297/2152
f 3581/5298/87 3580/5299/87 3566/5300/87 3570/5301/87
f 3571/5279/87 3587/5302/87 3586/5303/87 3558/5280/87
f 3565/5304/2153 3573/5305/2153 3589/5306/2154 3576/5307/2154
f 3557/5308/317 3556/5309/317 3560/5310/317 3561/5311/317
f 3576/5312/87 3578/5313/87 3568/5314/87 3565/5315/87
f 3559/5316/29 3558/5286/29 3562/5289/29 3563/5317/29
f 3582/5318/2155 3559/5316/29 3563/5317/29 3595/5319/2155
f 3566/5293/2147 3574/5292/2147 3575/5283/2147 3567/5282/2147
f 3569/5278/87 3559/5281/87 3582/5320/87 3584/5321/87
f 3564/5297/2152 3572/5296/2152 3573/5305/2153 3565/5304/2153
f 3579/5322/2156 3557/5308/317 3561/5311/317 3592/5323/2156
f 3566/5300/87 3567/5324/87 3571/5279/87 3570/5301/87
f 3556/5309/317 3577/5325/2157 3588/5326/2157 3560/5310/317
f 3565/5315/87 3568/5314/87 3569/5278/87 3564/5327/87
f 3556/5328/87 3557/5329/87 3570/5301/87 3568/5314/87
f 3568/5314/87 3570/5301/87 3571/5279/87 3569/5278/87
f 3576/5307/2154 3589/5306/2154 3590/5330/2158 3578/5331/2158
f 3578/5332/2158 3590/5333/2158 3588/5326/2157 3577/5325/2157
f 3579/5322/2156 3592/5323/2156 3593/5334/2159 3581/5335/2159
f 3581/5335/2159 3593/5334/2159 3591/5291/2150 3580/5290/2150
f 3582/5318/2155 3595/5319/2155 3596/5336/2160 3584/5337/2160
f 3584/5337/2160 3596/5336/2160 3594/5295/2151 3583/5294/2151
f 3585/5285/2148 3598/5284/2148 3599/5338/2161 3587/5339/2161
f 3587/5340/2161 3599/5341/2161 3597/5288/2149 3586/5287/2149
f 3578/5313/87 3577/5342/87 3556/5328/87 3568/5314/87
f 3579/5343/2162 3581/5298/87 3570/5301/87 3557/5329/87
f 3567/5324/87 3585/5344/87 3587/5302/87 3571/5279/87
f 3564/5327/87 3569/5278/87 3584/5321/87 3583/5345/87
f 3627/5346/2163 3604/5347/2164 3603/5348/2165 3630/5349/2166
f 3648/5350/2167 3607/5351/2168 3605/5352/2169 3639/5353/2170
f 3613/5354/2171 3660/5355/2172 3657/5356/2173 3614/5357/2174
f 3633/5358/2175 3602/5359/2176 3600/5360/2177 3624/5361/2178
f 3610/5362/2179 3616/5363/2180 3666/5364/2181 3654/5365/2182
f 3666/5364/2181 3616/5363/2180 3619/5366/2183 3672/5367/2184
f 3612/5368/2185 3663/5369/2186 3660/5355/2172 3613/5354/2171
f 3610/5362/2179 3654/5365/2182 3663/5369/2186 3612/5368/2185
f 3605/5352/2169 3601/5370/2187 3621/5371/2188 3639/5353/2170
f 3630/5372/2166 3603/5373/2165 3602/5359/2176 3633/5358/2175
f 3636/5374/2189 3606/5375/2190 3609/5376/2191 3642/5377/2192
f 3600/5360/2177 3611/5378/2193 3651/5379/2194 3624/5361/2178
f 3615/5380/2195 3606/5375/2190 3636/5374/2189 3669/5381/2196
f 3645/5382/2197 3608/5383/2198 3607/5351/2168 3648/5350/2167
f 3614/5357/2174 3657/5356/2173 3651/5379/2194 3611/5378/2193
f 3642/5377/2192 3609/5376/2191 3608/5383/2198 3645/5382/2197
f 3678/5384/2199 3617/5385/2200 3615/5380/2195 3669/5381/2196
f 3675/5386/2201 3618/5387/2202 3617/5385/2200 3678/5384/2199
f 3672/5367/2184 3619/5366/2183 3618/5388/2202 3675/5389/2201
f 3681/5390/2203 3650/5391/2204 3656/5392/2205 3659/5393/2206
f 3653/5394/2207 3662/5395/2208 3664/5396/2209 3655/5397/2210
f 3655/5398/2210 3664/5399/2209 3663/5369/2186 3654/5365/2182
f 3662/5395/2208 3659/5393/2206 3661/5400/2211 3664/5396/2209
f 3664/5399/2209 3661/5401/2211 3660/5355/2172 3663/5369/2186
f 3659/5393/2206 3656/5392/2205 3658/5402/2212 3661/5400/2211
f 3661/5401/2211 3658/5403/2212 3657/5356/2173 3660/5355/2172
f 3656/5392/2205 3650/5391/2204 3652/5404/2213 3658/5402/2212
f 3658/5403/2212 3652/5405/2213 3651/5379/2194 3657/5356/2173
f 3626/5406/2214 3620/5407/2215 3622/5408/2216 3628/5409/2217
f 3628/5410/2217 3622/5411/2216 3621/5371/2188 3627/5346/2163
f 3629/5412/2218 3626/5406/2214 3628/5409/2217 3631/5413/2219
f 3631/5414/2219 3628/5410/2217 3627/5346/2163 3630/5349/2166
f 3632/5415/2220 3629/5412/2218 3631/5413/2219 3634/5416/2221
f 3634/5417/2221 3631/5418/2219 3630/5372/2166 3633/5358/2175
f 3623/5419/2222 3632/5415/2220 3634/5416/2221 3625/5420/2223
f 3625/5421/2223 3634/5417/2221 3633/5358/2175 3624/5361/2178
f 3641/5422/2224 3635/5423/2225 3637/5424/2226 3643/5425/2227
f 3643/5426/2227 3637/5427/2226 3636/5374/2189 3642/5377/2192
f 3644/5428/2228 3641/5422/2224 3643/5425/2227 3646/5429/2229
f 3646/5430/2229 3643/5426/2227 3642/5377/2192 3645/5382/2197
f 3647/5431/2230 3644/5428/2228 3646/5429/2229 3649/5432/2231
f 3649/5433/2231 3646/5430/2229 3645/5382/2197 3648/5350/2167
f 3638/5434/2232 3647/5431/2230 3649/5432/2231 3640/5435/2233
f 3640/5436/2233 3649/5433/2231 3648/5350/2167 3639/5353/2170
f 3671/5437/2234 3665/5438/2235 3667/5439/2236 3673/5440/2237
f 3673/5441/2237 3667/5442/2236 3666/5364/2181 3672/5367/2184
f 3674/5443/2238 3671/5437/2234 3673/5440/2237 3676/5444/2239
f 3676/5445/2239 3673/5441/2237 3672/5367/2184 3675/5389/2201
f 3677/5446/2240 3674/5443/2238 3676/5444/2239 3679/5447/2241
f 3679/5448/2241 3676/5449/2239 3675/5386/2201 3678/5384/2199
f 3668/5450/2242 3677/5446/2240 3679/5447/2241 3670/5451/2243
f 3670/5452/2243 3679/5448/2241 3678/5384/2199 3669/5381/2196
f 3620/5407/2215 3638/5434/2232 3640/5435/2233 3622/5408/2216
f 3622/5411/2216 3640/5436/2233 3639/5353/2170 3621/5371/2188
f 3650/5391/2204 3623/5419/2222 3625/5420/2223 3652/5404/2213
f 3652/5405/2213 3625/5421/2223 3624/5361/2178 3651/5379/2194
f 3635/5423/2225 3668/5450/2242 3670/5451/2243 3637/5424/2226
f 3637/5427/2226 3670/5452/2243 3669/5381/2196 3636/5374/2189
f 3665/5438/2235 3653/5394/2207 3655/5397/2210 3667/5439/2236
f 3667/5442/2236 3655/5398/2210 3654/5365/2182 3666/5364/2181
f 3621/5371/2188 3601/5370/2187 3604/5347/2164 3627/5346/2163
f 3680/5453/2203 3629/5412/2218 3632/5415/2220 3623/5419/2222
f 3682/5454/2203 3681/5390/2203 3653/5394/2207 3665/5438/2235
f 3638/5434/2232 3620/5407/2215 3680/5453/2203 3683/5455/2203
f 3683/5455/2203 3680/5453/2203 3681/5390/2203 3682/5454/2203
f 3680/5453/2203 3623/5419/2222 3650/5391/2204 3681/5390/2203
f 3635/5423/2225 3683/5455/2203 3682/5454/2203 3668/5450/2242
f 3682/5454/2203 3665/5438/2235 3671/5437/2234 3674/5443/2238
f 3644/5428/2228 3683/5455/2203 3635/5423/2225 3641/5422/2224
f 3647/5431/2230 3638/5434/2232 3683/5455/2203 3644/5428/2228
f 3668/5450/2242 3682/5454/2203 3674/5443/2238 3677/5446/2240
f 3653/5394/2207 3681/5390/2203 3659/5393/2206 3662/5395/2208
f 3620/5407/2215 3626/5406/2214 3629/5412/2218 3680/5453/2203
f 3716/5456/2244 3832/5457/2245 3697/5458/2246
f 3895/5459/2247 3900/5460/2248 3719/5461/2249 3775/5462/2250
f 3790/5463/2251 3724/5464/2252 3863/5465/2253 3766/5466/2254
f 3698/5467/2255 3734/5468/2256 3746/5469/2257 3694/5470/2258
f 3700/5471/2259 3704/5472/2260 3749/5473/2261 3731/5474/2262
f 3862/5475/2263 3868/5476/2264 3865/5477/2265 3871/5478/2266
f 3730/5479/2267 3739/5480/2268 3733/5481/2269
f 3790/5463/2251 3766/5466/2254 3806/5482/2270 3818/5483/2271
f 3710/5484/2272 3784/5485/2273 3781/5486/2274 3707/5487/2275
f 3897/5488/2276 3902/5489/2277 3776/5490/2278 3785/5491/2279
f 3767/5492/2280 3769/5493/2281 3811/5494/2282 3804/5495/2283
f 3745/5496/2284 3754/5497/2285 3748/5498/2286
f 3785/5491/2279 3776/5490/2278 3779/5499/2287 3782/5500/2288
f 3851/5501/2289 3787/5502/2290 3712/5503/2291
f 3761/5504/2292 3847/5505/2293 3687/5506/2294
f 3912/5507/2295 3915/5508/2296 3792/5509/2297 3797/5510/2298
f 3906/5511/2299 3910/5512/2300 3799/5513/2301 3727/5514/2302
f 3798/5515/2303 3791/5516/2304 3820/5517/2305 3826/5518/2306
f 3894/5519/2307 3898/5520/2308 3709/5521/2309 3718/5522/2310
f 3718/5522/2310 3709/5521/2309 3706/5523/2311 3721/5524/2312
f 3698/5467/2255 3694/5470/2258 3713/5525/2313 3715/5526/2314
f 3850/5527/2315 3833/5528/2316 3772/5529/2317 3788/5530/2318
f 3775/5462/2250 3719/5461/2249 3722/5531/2319 3778/5532/2320
f 3893/5533/2321 3903/5534/2322 3784/5485/2273 3710/5484/2272
f 3731/5474/2262 3749/5473/2261 3758/5535/2323 3737/5536/2324
f 3907/5537/2325 3904/5538/2326 3728/5539/2327 3725/5540/2328
f 3913/5541/2329 3909/5542/2330 3724/5464/2252 3790/5463/2251
f 3845/5543/2331 3684/5544/2332 3842/5545/2333
f 3727/5514/2302 3799/5513/2301 3770/5546/2334 3875/5547/2335
f 3827/5548/2336 3819/5549/2337 3805/5550/2338 3813/5551/2339
f 3770/5546/2334 3799/5513/2301 3825/5552/2340 3812/5553/2341
f 3743/5554/2342 3752/5555/2343 3746/5469/2257 3734/5468/2256
f 3740/5556/2344 3755/5557/2345 3752/5555/2343 3743/5554/2342
f 3737/5536/2324 3758/5535/2323 3755/5557/2345 3740/5556/2344
f 3872/5558/2346 3728/5539/2327 3729/5559/2347 3878/5560/2348
f 3833/5528/2316 3850/5527/2315 3859/5561/2349 3838/5562/2350
f 3726/5563/2351 3869/5564/2352 3863/5465/2253 3724/5464/2252
f 3844/5565/2353 3853/5566/2354 3848/5567/2355 3835/5568/2356
f 3841/5569/2357 3856/5570/2358 3853/5566/2354 3844/5565/2353
f 3860/5571/2359 3686/5572/2360 3857/5573/2361
f 3838/5562/2350 3859/5561/2349 3856/5570/2358 3841/5569/2357
f 3689/5574/2362 3701/5575/2363 3684/5544/2332
f 3688/5576/2364 3700/5471/2259 3702/5577/2365 3690/5578/2366
f 3690/5579/2366 3702/5580/2365 3701/5575/2363 3689/5574/2362
f 3691/5581/2367 3703/5582/2368 3705/5583/2369 3693/5584/2370
f 3693/5585/2370 3705/5586/2369 3704/5472/2260 3692/5587/2371
f 3713/5525/2313 3694/5470/2258 3696/5588/2372 3714/5589/2373
f 3714/5590/2373 3696/5591/2372 3695/5592/2374 3712/5503/2291
f 3725/5540/2328 3728/5539/2327 3872/5558/2346 3866/5593/2375
f 3725/5540/2328 3866/5593/2375 3869/5594/2352 3726/5595/2351
f 3904/5538/2326 3706/5523/2311 3708/5596/2376 3905/5597/2377
f 3905/5598/2377 3708/5599/2376 3707/5487/2275 3906/5511/2299
f 3706/5523/2311 3709/5521/2309 3711/5600/2378 3708/5596/2376
f 3708/5599/2376 3711/5601/2378 3710/5484/2272 3707/5487/2275
f 3880/5602/2379 3713/5525/2313 3714/5589/2373 3881/5603/2380
f 3881/5604/2380 3714/5590/2373 3712/5503/2291 3882/5605/2381
f 3698/5467/2255 3715/5526/2314 3717/5606/2382 3699/5607/2383
f 3699/5608/2383 3717/5609/2382 3716/5456/2244 3697/5458/2246
f 3894/5519/2307 3718/5522/2310 3720/5610/2384 3899/5611/2385
f 3899/5612/2385 3720/5613/2384 3719/5461/2249 3900/5460/2248
f 3718/5522/2310 3721/5524/2312 3723/5614/2386 3720/5610/2384
f 3720/5613/2384 3723/5615/2386 3722/5531/2319 3719/5461/2249
f 3907/5537/2325 3725/5540/2328 3726/5595/2351 3908/5616/2387
f 3908/5617/2387 3726/5563/2351 3724/5464/2252 3909/5542/2330
f 3878/5618/2348 3729/5619/2347 3727/5514/2302 3875/5547/2335
f 3736/5620/2388 3730/5479/2267 3732/5621/2389 3738/5622/2390
f 3738/5623/2390 3732/5624/2389 3731/5474/2262 3737/5536/2324
f 3748/5498/2286 3757/5625/2391 3759/5626/2392 3750/5627/2393
f 3750/5628/2393 3759/5629/2392 3758/5535/2323 3749/5473/2261
f 3739/5480/2268 3736/5620/2388 3738/5622/2390 3741/5630/2394
f 3741/5631/2394 3738/5623/2390 3737/5536/2324 3740/5556/2344
f 3757/5625/2391 3754/5497/2285 3756/5632/2395 3759/5626/2392
f 3759/5629/2392 3756/5633/2395 3755/5557/2345 3758/5535/2323
f 3742/5634/2396 3739/5480/2268 3741/5630/2394 3744/5635/2397
f 3744/5636/2397 3741/5631/2394 3740/5556/2344 3743/5554/2342
f 3754/5497/2285 3751/5637/2398 3753/5638/2399 3756/5632/2395
f 3756/5633/2395 3753/5639/2399 3752/5555/2343 3755/5557/2345
f 3733/5481/2269 3742/5634/2396 3744/5635/2397 3735/5640/2400
f 3735/5641/2400 3744/5636/2397 3743/5554/2342 3734/5468/2256
f 3751/5637/2398 3745/5496/2284 3747/5642/2401 3753/5638/2399
f 3753/5639/2399 3747/5643/2401 3746/5469/2257 3752/5555/2343
f 3730/5479/2267 3701/5575/2363 3702/5580/2365 3732/5621/2389
f 3732/5624/2389 3702/5577/2365 3700/5471/2259 3731/5474/2262
f 3703/5582/2368 3748/5498/2286 3750/5627/2393 3705/5583/2369
f 3705/5586/2369 3750/5628/2393 3749/5473/2261 3704/5472/2260
f 3697/5458/2246 3733/5481/2269 3735/5640/2400 3699/5608/2383
f 3699/5607/2383 3735/5641/2400 3734/5468/2256 3698/5467/2255
f 3745/5496/2284 3695/5592/2374 3696/5591/2372 3747/5642/2401
f 3747/5643/2401 3696/5588/2372 3694/5470/2258 3746/5469/2257
f 3688/5576/2364 3692/5587/2371 3704/5472/2260 3700/5471/2259
f 3790/5463/2251 3793/5644/2402 3794/5645/2403 3796/5646/2404
f 3791/5516/2304 3795/5647/2405 3794/5648/2403 3793/5649/2402
f 3792/5509/2297 3796/5650/2404 3794/5651/2403 3795/5652/2405
f 3797/5510/2298 3800/5653/2406 3801/5654/2407 3803/5655/2408
f 3798/5515/2303 3802/5656/2409 3801/5657/2407 3800/5658/2406
f 3799/5513/2301 3803/5659/2408 3801/5660/2407 3802/5661/2409
f 3804/5495/2283 3807/5662/2410 3808/5663/2411 3810/5664/2412
f 3805/5550/2338 3809/5665/2413 3808/5663/2411 3807/5662/2410
f 3806/5482/2270 3810/5666/2412 3808/5667/2411 3809/5668/2413
f 3811/5494/2282 3814/5669/2414 3815/5670/2415 3817/5671/2416
f 3812/5553/2341 3816/5672/2417 3815/5673/2415 3814/5674/2414
f 3813/5551/2339 3817/5671/2416 3815/5670/2415 3816/5675/2417
f 3818/5483/2271 3821/5676/2418 3822/5677/2419 3824/5678/2420
f 3819/5549/2337 3823/5679/2421 3822/5680/2419 3821/5681/2418
f 3820/5517/2305 3824/5682/2420 3822/5680/2419 3823/5679/2421
f 3825/5552/2340 3828/5683/2422 3829/5684/2423 3831/5685/2424
f 3826/5518/2306 3830/5686/2425 3829/5687/2423 3828/5688/2422
f 3827/5548/2336 3831/5689/2424 3829/5687/2423 3830/5686/2425
f 3895/5459/2247 3775/5462/2250 3777/5690/2426 3901/5691/2427
f 3901/5692/2427 3777/5693/2426 3776/5490/2278 3902/5489/2277
f 3775/5462/2250 3778/5532/2320 3780/5694/2428 3777/5690/2426
f 3777/5693/2426 3780/5695/2428 3779/5499/2287 3776/5490/2278
f 3910/5512/2300 3781/5486/2274 3783/5696/2429 3911/5697/2430
f 3911/5698/2430 3783/5699/2429 3782/5500/2288 3912/5507/2295
f 3781/5486/2274 3784/5485/2273 3786/5700/2431 3783/5696/2429
f 3783/5699/2429 3786/5701/2431 3785/5491/2279 3782/5500/2288
f 3889/5702/2432 3787/5502/2290 3789/5703/2433 3890/5704/2434
f 3890/5705/2434 3789/5706/2433 3788/5530/2318 3891/5707/2435
f 3913/5541/2329 3790/5463/2251 3796/5646/2404 3914/5708/2436
f 3914/5709/2436 3796/5650/2404 3792/5509/2297 3915/5508/2296
f 3791/5516/2304 3798/5515/2303 3800/5658/2406 3795/5647/2405
f 3795/5652/2405 3800/5653/2406 3797/5510/2298 3792/5509/2297
f 3804/5495/2283 3811/5494/2282 3817/5671/2416 3807/5662/2410
f 3807/5662/2410 3817/5671/2416 3813/5551/2339 3805/5550/2338
f 3818/5483/2271 3806/5482/2270 3809/5668/2413 3821/5676/2418
f 3821/5681/2418 3809/5665/2413 3805/5550/2338 3819/5549/2337
f 3812/5553/2341 3825/5552/2340 3831/5685/2424 3816/5672/2417
f 3816/5675/2417 3831/5689/2424 3827/5548/2336 3813/5551/2339
f 3819/5549/2337 3827/5548/2336 3830/5686/2425 3823/5679/2421
f 3823/5679/2421 3830/5686/2425 3826/5518/2306 3820/5517/2305
f 3770/5546/2334 3812/5553/2341 3814/5674/2414 3771/5710/2437
f 3771/5711/2437 3814/5669/2414 3811/5494/2282 3769/5493/2281
f 3806/5482/2270 3766/5466/2254 3768/5712/2438 3810/5666/2412
f 3810/5664/2412 3768/5713/2438 3767/5492/2280 3804/5495/2283
f 3798/5515/2303 3826/5518/2306 3828/5688/2422 3802/5656/2409
f 3802/5661/2409 3828/5683/2422 3825/5552/2340 3799/5513/2301
f 3790/5463/2251 3818/5483/2271 3824/5678/2420 3793/5644/2402
f 3793/5649/2402 3824/5682/2420 3820/5517/2305 3791/5516/2304
f 3833/5528/2316 3838/5562/2350 3840/5714/2439 3834/5715/2440
f 3834/5716/2440 3840/5717/2439 3839/5718/2441 3832/5457/2245
f 3838/5562/2350 3841/5569/2357 3843/5719/2442 3840/5714/2439
f 3840/5717/2439 3843/5720/2442 3842/5545/2333 3839/5718/2441
f 3841/5569/2357 3844/5565/2353 3846/5721/2443 3843/5719/2442
f 3843/5720/2442 3846/5722/2443 3845/5543/2331 3842/5545/2333
f 3844/5565/2353 3835/5568/2356 3837/5723/2444 3846/5721/2443
f 3846/5722/2443 3837/5724/2444 3836/5725/2445 3845/5543/2331
f 3848/5567/2355 3853/5566/2354 3855/5726/2446 3849/5727/2447
f 3849/5728/2447 3855/5729/2446 3854/5730/2448 3847/5505/2293
f 3853/5566/2354 3856/5570/2358 3858/5731/2449 3855/5726/2446
f 3855/5729/2446 3858/5732/2449 3857/5573/2361 3854/5730/2448
f 3856/5570/2358 3859/5561/2349 3861/5733/2450 3858/5731/2449
f 3858/5732/2449 3861/5734/2450 3860/5571/2359 3857/5573/2361
f 3859/5561/2349 3850/5527/2315 3852/5735/2451 3861/5733/2450
f 3861/5734/2450 3852/5736/2451 3851/5501/2289 3860/5571/2359
f 3835/5568/2356 3764/5737/2452 3765/5738/2453 3837/5723/2444
f 3837/5724/2444 3765/5739/2453 3763/5740/2454 3836/5725/2445
f 3772/5529/2317 3833/5528/2316 3834/5715/2440 3774/5741/2455
f 3774/5742/2455 3834/5716/2440 3832/5457/2245 3773/5743/2456
f 3847/5505/2293 3761/5504/2292 3762/5744/2457 3849/5728/2447
f 3849/5727/2447 3762/5745/2457 3760/5746/2458 3848/5567/2355
f 3787/5502/2290 3851/5501/2289 3852/5736/2451 3789/5703/2433
f 3789/5706/2433 3852/5735/2451 3850/5527/2315 3788/5530/2318
f 3865/5477/2265 3868/5476/2264 3870/5747/2459 3867/5748/2460
f 3867/5749/2460 3870/5750/2459 3869/5594/2352 3866/5593/2375
f 3868/5476/2264 3862/5475/2263 3864/5751/2461 3870/5747/2459
f 3870/5752/2459 3864/5753/2461 3863/5465/2253 3869/5564/2352
f 3877/5754/2462 3871/5478/2266 3873/5755/2463 3879/5756/2464
f 3879/5757/2464 3873/5758/2463 3872/5558/2346 3878/5560/2348
f 3874/5759/2465 3877/5754/2462 3879/5756/2464 3876/5760/2466
f 3876/5761/2466 3879/5762/2464 3878/5618/2348 3875/5547/2335
f 3871/5478/2266 3865/5477/2265 3867/5748/2460 3873/5755/2463
f 3873/5758/2463 3867/5749/2460 3866/5593/2375 3872/5558/2346
f 3875/5547/2335 3770/5546/2334 3771/5710/2437 3876/5761/2466
f 3876/5760/2466 3771/5711/2437 3769/5493/2281 3874/5759/2465
f 3766/5466/2254 3863/5465/2253 3864/5753/2461 3768/5712/2438
f 3768/5713/2438 3864/5751/2461 3862/5475/2263 3767/5492/2280
f 3760/5746/2458 3764/5737/2452 3835/5568/2356 3848/5567/2355
f 3697/5458/2246 3685/5763/2467 3684/5544/2332
f 3684/5544/2332 3701/5575/2363 3733/5481/2269
f 3701/5575/2363 3730/5479/2267 3733/5481/2269
f 3730/5479/2267 3736/5620/2388 3739/5480/2268
f 3739/5480/2268 3742/5634/2396 3733/5481/2269
f 3733/5481/2269 3697/5458/2246 3684/5544/2332
f 3773/5743/2456 3832/5457/2245 3716/5456/2244
f 3832/5457/2245 3685/5763/2467 3697/5458/2246
f 3685/5763/2467 3832/5457/2245 3839/5718/2441
f 3685/5763/2467 3839/5718/2441 3842/5545/2333
f 3836/5725/2445 3684/5544/2332 3845/5543/2331
f 3684/5544/2332 3685/5763/2467 3842/5545/2333
f 3836/5725/2445 3763/5740/2454 3684/5544/2332
f 3763/5740/2454 3689/5574/2362 3684/5544/2332
f 3748/5498/2286 3703/5582/2368 3745/5496/2284
f 3703/5582/2368 3687/5506/2294 3745/5496/2284
f 3687/5506/2294 3686/5572/2360 3695/5592/2374
f 3695/5592/2374 3745/5496/2284 3687/5506/2294
f 3745/5496/2284 3751/5637/2398 3754/5497/2285
f 3754/5497/2285 3757/5625/2391 3748/5498/2286
f 3712/5503/2291 3695/5592/2374 3851/5501/2289
f 3695/5592/2374 3686/5572/2360 3851/5501/2289
f 3703/5582/2368 3691/5581/2367 3687/5506/2294
f 3691/5581/2367 3761/5504/2292 3687/5506/2294
f 3687/5506/2294 3847/5505/2293 3854/5730/2448
f 3687/5506/2294 3854/5730/2448 3857/5573/2361
f 3851/5501/2289 3686/5572/2360 3860/5571/2359
f 3686/5572/2360 3687/5506/2294 3857/5573/2361
f 3896/5764/2468 3890/5705/2434 3891/5707/2435 3897/5488/2276
f 3903/5534/2322 3889/5702/2432 3890/5704/2434 3896/5765/2468
f 3774/5741/2455 3887/5766/2469 3888/5767/2470 3772/5529/2317
f 3773/5743/2456 3886/5768/2471 3887/5769/2469 3774/5742/2455
f 3717/5609/2382 3884/5770/2472 3885/5771/2473 3716/5456/2244
f 3715/5526/2314 3883/5772/2474 3884/5773/2472 3717/5606/2382
f 3892/5774/2475 3881/5604/2380 3882/5605/2381 3893/5533/2321
f 3898/5520/2308 3880/5602/2379 3881/5603/2380 3892/5775/2475
f 3712/5503/2291 3787/5502/2290 3889/5702/2432 3882/5605/2381
f 3715/5526/2314 3713/5525/2313 3880/5602/2379 3883/5772/2474
f 3788/5530/2318 3772/5529/2317 3888/5767/2470 3891/5707/2435
f 3773/5743/2456 3716/5456/2244 3885/5771/2473 3886/5768/2471
f 3709/5521/2309 3898/5520/2308 3892/5775/2475 3711/5600/2378
f 3711/5601/2378 3892/5774/2475 3893/5533/2321 3710/5484/2272
f 3784/5485/2273 3903/5534/2322 3896/5765/2468 3786/5700/2431
f 3786/5701/2431 3896/5764/2468 3897/5488/2276 3785/5491/2279
f 3887/5766/2469 3901/5692/2427 3902/5489/2277 3888/5767/2470
f 3886/5768/2471 3895/5459/2247 3901/5691/2427 3887/5769/2469
f 3884/5770/2472 3899/5612/2385 3900/5460/2248 3885/5771/2473
f 3883/5772/2474 3894/5519/2307 3899/5611/2385 3884/5773/2472
f 3882/5605/2381 3889/5702/2432 3903/5534/2322 3893/5533/2321
f 3883/5772/2474 3880/5602/2379 3898/5520/2308 3894/5519/2307
f 3891/5707/2435 3888/5767/2470 3902/5489/2277 3897/5488/2276
f 3886/5768/2471 3885/5771/2473 3900/5460/2248 3895/5459/2247
f 3780/5695/2428 3914/5709/2436 3915/5508/2296 3779/5499/2287
f 3778/5532/2320 3913/5541/2329 3914/5708/2436 3780/5694/2428
f 3803/5655/2408 3911/5698/2430 3912/5507/2295 3797/5510/2298
f 3799/5513/2301 3910/5512/2300 3911/5697/2430 3803/5659/2408
f 3723/5615/2386 3908/5617/2387 3909/5542/2330 3722/5531/2319
f 3721/5524/2312 3907/5537/2325 3908/5616/2387 3723/5614/2386
f 3729/5619/2347 3905/5598/2377 3906/5511/2299 3727/5514/2302
f 3728/5539/2327 3904/5538/2326 3905/5597/2377 3729/5559/2347
f 3778/5532/2320 3722/5531/2319 3909/5542/2330 3913/5541/2329
f 3721/5524/2312 3706/5523/2311 3904/5538/2326 3907/5537/2325
f 3707/5487/2275 3781/5486/2274 3910/5512/2300 3906/5511/2299
f 3782/5500/2288 3779/5499/2287 3915/5508/2296 3912/5507/2295
f 3930/5776/2476 3928/5777/2477 3962/5778/2478
f 3956/5779/2479 3928/5777/2477 3953/5780/2480
f 3947/5781/2481 3928/5777/2477 3944/5782/2482
f 3935/5783/2483 3928/5777/2477 3932/5784/2484
f 3938/5785/2485 3928/5777/2477 3935/5783/2483
f 3959/5786/2486 3928/5777/2477 3956/5779/2479
f 3950/5787/2487 3928/5777/2477 3947/5781/2481
f 3941/5788/2488 3928/5777/2477 3938/5785/2485
f 3962/5778/2478 3928/5777/2477 3959/5786/2486
f 3953/5780/2480 3928/5777/2477 3950/5787/2487
f 3944/5782/2482 3928/5777/2477 3941/5788/2488
f 3933/5789/2489 3929/5790/2490 3916/5791/2491 3917/5792/2492
f 3954/5793/2493 3951/5794/2494 3923/5795/2495 3924/5796/2496
f 3945/5797/2497 3942/5798/2498 3920/5799/2499 3921/5800/2500
f 3929/5790/2490 3963/5801/2501 3927/5802/2502 3916/5791/2491
f 3936/5803/2503 3933/5789/2489 3917/5792/2492 3918/5804/2504
f 3957/5805/2505 3954/5793/2493 3924/5796/2496 3925/5806/2506
f 3948/5807/2507 3945/5797/2497 3921/5800/2500 3922/5808/2508
f 3939/5809/2509 3936/5803/2503 3918/5804/2504 3919/5810/2510
f 3960/5811/2511 3957/5805/2505 3925/5806/2506 3926/5812/2512
f 3951/5794/2494 3948/5807/2507 3922/5808/2508 3923/5795/2495
f 3942/5798/2498 3939/5813/2509 3919/5814/2510 3920/5799/2499
f 3963/5801/2501 3960/5811/2511 3926/5812/2512 3927/5802/2502
f 3933/5789/2489 3934/5815/2513 3931/5816/2514 3929/5790/2490
f 3934/5817/2513 3932/5784/2484 3930/5776/2476 3931/5818/2514
f 3936/5803/2503 3937/5819/2515 3934/5815/2513 3933/5789/2489
f 3937/5820/2515 3935/5783/2483 3932/5784/2484 3934/5817/2513
f 3939/5809/2509 3940/5821/2516 3937/5819/2515 3936/5803/2503
f 3940/5822/2516 3938/5785/2485 3935/5783/2483 3937/5820/2515
f 3942/5798/2498 3943/5823/2517 3940/5824/2516 3939/5813/2509
f 3943/5825/2517 3941/5788/2488 3938/5785/2485 3940/5822/2516
f 3945/5797/2497 3946/5826/2518 3943/5823/2517 3942/5798/2498
f 3946/5827/2518 3944/5782/2482 3941/5788/2488 3943/5825/2517
f 3948/5807/2507 3949/5828/2519 3946/5826/2518 3945/5797/2497
f 3949/5829/2519 3947/5781/2481 3944/5782/2482 3946/5827/2518
f 3951/5794/2494 3952/5830/2520 3949/5828/2519 3948/5807/2507
f 3952/5831/2520 3950/5787/2487 3947/5781/2481 3949/5829/2519
f 3954/5793/2493 3955/5832/2521 3952/5830/2520 3951/5794/2494
f 3955/5833/2521 3953/5780/2480 3950/5787/2487 3952/5831/2520
f 3957/5805/2505 3958/5834/2522 3955/5832/2521 3954/5793/2493
f 3958/5835/2522 3956/5779/2479 3953/5780/2480 3955/5833/2521
f 3960/5811/2511 3961/5836/2523 3958/5834/2522 3957/5805/2505
f 3961/5837/2523 3959/5786/2486 3956/5779/2479 3958/5835/2522
f 3963/5801/2501 3964/5838/2524 3961/5836/2523 3960/5811/2511
f 3964/5839/2524 3962/5778/2478 3959/5786/2486 3961/5837/2523
f 3929/5790/2490 3931/5816/2514 3964/5838/2524 3963/5801/2501
f 3931/5818/2514 3930/5776/2476 3962/5778/2478 3964/5839/2524
f 3932/5784/2484 3928/5777/2477 3930/5776/2476
f 3769/5493/2281 3767/5492/2280 3862/5475/2263 3874/5759/2465
f 3874/5759/2465 3862/5475/2263 3871/5478/2266 3877/5754/2462
f 3966/5840/2525 3978/5841/2526 3979/5842/2527 3967/5843/2528
f 3973/5844/2529 3985/5845/2530 3986/5846/2531 3974/5847/2532
f 3970/5848/2533 3982/5849/2534 3983/5850/2535 3971/5851/317
f 3967/5843/2528 3979/5842/2527 3980/5852/2536 3968/5853/31
f 3974/5847/2532 3986/5846/2531 3987/5854/2537 3975/5855/2538
f 3971/5851/317 3983/5850/2535 3984/5856/2539 3972/5857/2540
f 3968/5858/31 3980/5859/2536 3981/5860/2541 3969/5861/2542
f 3975/5855/2538 3987/5854/2537 3988/5862/2543 3976/5863/2544
f 3965/5864/29 3977/5865/2545 3978/5841/2526 3966/5840/2525
f 3972/5857/2540 3984/5856/2539 3985/5845/2530 3973/5844/2529
f 3969/5861/2542 3981/5860/2541 3982/5849/2534 3970/5848/2533
f 3976/5863/2544 3988/5862/2543 3977/5865/2545 3965/5864/29
f 3983/5850/2535 3995/5866/2546 3996/5867/2547 3984/5856/2539
f 3980/5859/2536 3992/5868/2548 3993/5869/2549 3981/5860/2541
f 3987/5854/2537 3999/5870/2550 4000/5871/2551 3988/5862/2543
f 3977/5865/2545 3989/5872/2552 3990/5873/2553 3978/5841/2526
f 3984/5856/2539 3996/5867/2547 3997/5874/2554 3985/5845/2530
f 3981/5860/2541 3993/5869/2549 3994/5875/2555 3982/5849/2534
f 3988/5862/2543 4000/5871/2551 3989/5872/2552 3977/5865/2545
f 3978/5841/2526 3990/5873/2553 3991/5876/2556 3979/5842/2527
f 3985/5845/2530 3997/5874/2554 3998/5877/2557 3986/5846/2531
f 3982/5849/2534 3994/5875/2555 3995/5866/2546 3983/5850/2535
f 3979/5842/2527 3991/5876/2556 3992/5878/2548 3980/5852/2536
f 3986/5846/2531 3998/5877/2557 3999/5870/2550 3987/5854/2537
f 4077/5879/2558 4074/5880/2559 4046/5881/31 4051/5882/2560
f 4095/5883/2561 4093/5884/2562 4048/5885/2563 4052/5886/2564
f 4089/5887/2565 4086/5888/2566 4049/5889/2567 4055/5890/2568
f 4080/5891/2569 4077/5879/2558 4051/5882/2560 4056/5892/2570
f 3999/5893/2571 3998/5894/2572 4001/5895/2573 4092/5896/2574
f 4066/5897/2575 4095/5883/2561 4052/5886/2564 4054/5898/29
f 4001/5899/2573 4090/5900/2576 4108/5901/2577 4045/5902/2578
f 4083/5903/2579 4080/5891/2569 4056/5892/2570 4050/5904/317
f 4071/5905/2580 4068/5906/2581 4053/5907/2525 4047/5908/2582
f 4074/5880/2559 4071/5905/2580 4047/5908/2582 4046/5881/31
f 4089/5909/2565 4055/5910/2568 4058/5911/317 4107/5912/2583
f 4086/5888/2566 4083/5903/2579 4050/5904/317 4049/5889/2567
f 4046/5881/31 4047/5908/2582 4170/5913/2582 4171/5914/31
f 4048/5915/2563 4057/5916/29 4225/5917/29 4177/5918/2584
f 4049/5889/2567 4050/5904/317 4174/5919/317 4175/5920/2567
f 4051/5882/2560 4046/5881/31 4171/5914/31 4172/5921/2585
f 4052/5886/2564 4048/5885/2563 4177/5922/2584 4178/5923/2564
f 4053/5907/2525 4054/5898/29 4168/5924/29 4169/5925/2525
f 4055/5890/2568 4049/5889/2567 4175/5920/2567 4176/5926/2568
f 4056/5892/2570 4051/5882/2560 4172/5921/2585 4173/5927/2570
f 4054/5898/29 4052/5886/2564 4178/5923/2564 4168/5924/29
f 4047/5908/2582 4053/5907/2525 4169/5925/2525 4170/5913/2582
f 4113/5928/2586 4062/5929/2587 4063/5930/2588 4128/5931/2589
f 4050/5904/317 4056/5892/2570 4173/5927/2570 4174/5919/317
f 4240/5932/29 4059/5933/29 4102/5934/2590 4284/5935/2591
f 4105/5936/2592 4007/5937/2593 4006/5938/2594 4101/5939/2595
f 4061/5940/29 4117/5941/2596 4098/5942/2597 4059/5933/29
f 4045/5902/2578 4108/5901/2577 4114/5943/2598 4060/5944/283
f 4005/5945/2599 4003/5946/2600 4004/5947/2593 4007/5948/2593
f 4007/5937/2593 4004/5949/2593 4002/5950/2594 4006/5938/2594
f 4006/5938/2594 4002/5950/2594 4179/5951/2601 4180/5952/2601
f 4055/5910/2568 4176/5953/2568 4226/5954/317 4058/5911/317
f 4019/5955/2602 4008/5956/2603 4020/5957/2604 4031/5958/2605
f 4009/5959/2606 4010/5960/2607 4022/5961/2608 4021/5962/2609
f 4016/5963/2610 4017/5964/2611 4029/5965/2612 4028/5966/2613
f 4013/5967/2614 4014/5968/2615 4026/5969/2616 4025/5970/2617
f 4010/5960/2607 4011/5971/2618 4023/5972/2619 4022/5961/2608
f 4017/5964/2611 4018/5973/2620 4030/5974/2621 4029/5965/2612
f 4014/5968/2615 4015/5975/2622 4027/5976/2623 4026/5969/2616
f 4011/5971/2618 4012/5977/2624 4024/5978/2625 4023/5972/2619
f 4018/5973/2620 4019/5955/2602 4031/5958/2605 4030/5974/2621
f 4008/5956/2603 4009/5959/2606 4021/5962/2609 4020/5957/2604
f 4015/5975/2622 4016/5963/2610 4028/5966/2613 4027/5976/2623
f 4012/5977/2624 4013/5967/2614 4025/5970/2617 4024/5978/2625
f 4026/5969/2616 4027/5976/2623 4039/5979/2626 4038/5980/2627
f 4023/5972/2619 4024/5978/2625 4036/5981/2628 4035/5982/2629
f 4030/5974/2621 4031/5958/2605 4043/5983/2630 4042/5984/2631
f 4020/5957/2604 4021/5962/2609 4033/5985/2632 4032/5986/2633
f 4027/5976/2623 4028/5966/2613 4040/5987/2634 4039/5979/2626
f 4024/5978/2625 4025/5970/2617 4037/5988/2635 4036/5981/2628
f 4031/5958/2605 4020/5957/2604 4032/5986/2633 4043/5983/2630
f 4021/5962/2609 4022/5961/2608 4034/5989/2636 4033/5985/2632
f 4028/5966/2613 4029/5965/2612 4041/5990/2637 4040/5987/2634
f 4025/5970/2617 4026/5969/2616 4038/5980/2627 4037/5988/2635
f 4022/5961/2608 4023/5972/2619 4035/5982/2629 4034/5989/2636
f 4044/5991/1208 4035/5982/2629 4036/5981/2628 4037/5988/2635
f 4044/5991/1208 4041/5990/2637 4042/5984/2631 4043/5983/2630
f 4044/5991/1208 4038/5980/2627 4039/5979/2626
f 4033/5985/2632 4034/5989/2636 4035/5982/2629 4044/5991/1208
f 4038/5980/2627 4044/5991/1208 4037/5988/2635
f 4032/5986/2633 4033/5985/2632 4044/5991/1208
f 4032/5986/2633 4044/5991/1208 4043/5983/2630
f 4041/5990/2637 4044/5991/1208 4039/5979/2626 4040/5987/2634
f 4029/5965/2612 4030/5974/2621 4042/5984/2631 4041/5990/2637
f 4000/5992/2638 3999/5893/2571 4092/5896/2574 4096/5993/2639
f 3998/5894/2572 3997/5994/2640 4090/5995/2576 4001/5895/2573
f 4116/5996/2641 4060/5944/283 4005/5945/2599 4099/5997/2642
f 4179/5951/2601 4002/5950/2594 4126/5998/2643 4308/5999/2644
f 4092/6000/2574 4001/5899/2573 4045/5902/2578 4110/6001/2645
f 3995/6002/2646 3994/6003/2647 4081/6004/2648 4084/6005/2649
f 3991/6006/2650 3990/6007/2651 4069/6008/2652 4072/6009/2653
f 3989/6010/2654 4000/5992/2638 4096/5993/2639 4065/6011/2655
f 3994/6003/2647 3993/6012/2656 4078/6013/2657 4081/6004/2648
f 3997/5994/2640 3996/6014/2658 4087/6015/2659 4090/5995/2576
f 3990/6007/2651 3989/6010/2654 4065/6011/2655 4069/6008/2652
f 4093/6016/2562 4111/6017/2660 4057/5916/29 4048/5915/2563
f 3993/6012/2656 3992/6018/2661 4075/6019/2662 4078/6013/2657
f 3996/6014/2658 3995/6002/2646 4084/6005/2649 4087/6015/2659
f 4101/5939/2595 4006/5938/2594 4180/5952/2601 4285/6020/2663
f 3992/6018/2661 3991/6006/2650 4072/6009/2653 4075/6019/2662
f 4243/6021/29 4061/5940/29 4059/5933/29 4240/5932/29
f 4062/5929/2587 4245/6022/2587 4247/6023/2588 4063/5930/2588
f 4110/6001/2645 4045/5902/2578 4060/5944/283 4116/5996/2641
f 4099/5997/2642 4005/5945/2599 4007/5948/2593 4105/6024/2592
f 4059/5933/29 4098/5942/2597 4104/6025/2664 4102/5934/2590
f 4060/5944/283 4114/5943/2598 4003/5946/2600 4005/5945/2599
f 4125/6026/2665 4064/6027/317 4250/6028/317 4309/6029/2666
f 4225/5917/29 4057/5916/29 4061/5940/29 4243/6021/29
f 4058/5911/317 4226/5954/317 4245/6022/2587 4062/5929/2587
f 4003/5946/2600 4114/5943/2598 4129/6030/2667 4119/6031/2668
f 4057/5916/29 4111/6017/2660 4117/5941/2596 4061/5940/29
f 4107/5912/2583 4058/5911/317 4062/5929/2587 4113/5928/2586
f 4063/5930/2588 4064/6027/317 4120/6032/2669 4128/5931/2589
f 4064/6027/317 4063/5930/2588 4247/6023/2588 4250/6028/317
f 4004/5947/2593 4003/5946/2600 4119/6031/2668 4123/6033/2670
f 4002/5950/2594 4004/5949/2593 4123/6034/2670 4126/5998/2643
f 4120/6032/2669 4064/6027/317 4125/6026/2665 4122/6035/2671
f 4069/6008/2652 4065/6011/2655 4067/6036/2672 4070/6037/2673
f 4070/6038/2673 4067/6039/2672 4066/5897/2575 4068/5906/2581
f 4072/6009/2653 4069/6008/2652 4070/6037/2673 4073/6040/2674
f 4073/6041/2674 4070/6038/2673 4068/5906/2581 4071/5905/2580
f 4075/6019/2662 4072/6009/2653 4073/6040/2674 4076/6042/2675
f 4076/6043/2675 4073/6041/2674 4071/5905/2580 4074/5880/2559
f 4078/6013/2657 4075/6019/2662 4076/6042/2675 4079/6044/2676
f 4079/6045/2676 4076/6043/2675 4074/5880/2559 4077/5879/2558
f 4081/6004/2648 4078/6013/2657 4079/6044/2676 4082/6046/2677
f 4082/6047/2677 4079/6045/2676 4077/5879/2558 4080/5891/2569
f 4084/6005/2649 4081/6004/2648 4082/6046/2677 4085/6048/2678
f 4085/6049/2678 4082/6047/2677 4080/5891/2569 4083/5903/2579
f 4087/6015/2659 4084/6005/2649 4085/6048/2678 4088/6050/2679
f 4088/6051/2679 4085/6049/2678 4083/5903/2579 4086/5888/2566
f 4090/5995/2576 4087/6015/2659 4088/6050/2679 4091/6052/2680
f 4091/6053/2680 4088/6051/2679 4086/5888/2566 4089/5887/2565
f 4096/5993/2639 4092/5896/2574 4094/6054/2681 4097/6055/2682
f 4097/6056/2682 4094/6057/2681 4093/5884/2562 4095/5883/2561
f 4065/6011/2655 4096/5993/2639 4097/6055/2682 4067/6036/2672
f 4067/6039/2672 4097/6056/2682 4095/5883/2561 4066/5897/2575
f 4104/6025/2664 4098/5942/2597 4100/6058/2683 4106/6059/2684
f 4106/6060/2684 4100/6061/2683 4099/5997/2642 4105/6024/2592
f 4102/5934/2590 4104/6025/2664 4106/6059/2684 4103/6062/2685
f 4103/6063/2685 4106/6064/2684 4105/5936/2592 4101/5939/2595
f 4108/5901/2577 4090/5900/2576 4091/6065/2680 4109/6066/2686
f 4109/6067/2686 4091/6068/2680 4089/5909/2565 4107/5912/2583
f 4284/5935/2591 4102/5934/2590 4103/6062/2685 4286/6069/2687
f 4286/6070/2687 4103/6063/2685 4101/5939/2595 4285/6020/2663
f 4111/6017/2660 4093/6016/2562 4094/6071/2681 4112/6072/2688
f 4112/6073/2688 4094/6074/2681 4092/6000/2574 4110/6001/2645
f 4114/5943/2598 4108/5901/2577 4109/6066/2686 4115/6075/2689
f 4115/6076/2689 4109/6067/2686 4107/5912/2583 4113/5928/2586
f 4117/5941/2596 4111/6017/2660 4112/6072/2688 4118/6077/2690
f 4118/6078/2690 4112/6073/2688 4110/6001/2645 4116/5996/2641
f 4113/5928/2586 4128/5931/2589 4130/6079/2691 4115/6076/2689
f 4115/6075/2689 4130/6080/2691 4129/6030/2667 4114/5943/2598
f 4098/5942/2597 4117/5941/2596 4118/6077/2690 4100/6058/2683
f 4100/6061/2683 4118/6078/2690 4116/5996/2641 4099/5997/2642
f 4120/6032/2669 4122/6035/2671 4124/6081/2692 4121/6082/2693
f 4121/6083/2693 4124/6084/2692 4123/6033/2670 4119/6031/2668
f 4122/6035/2671 4125/6026/2665 4127/6085/2694 4124/6081/2692
f 4124/6086/2692 4127/6087/2694 4126/5998/2643 4123/6034/2670
f 4125/6026/2665 4309/6029/2666 4310/6088/2695 4127/6085/2694
f 4127/6087/2694 4310/6089/2695 4308/5999/2644 4126/5998/2643
f 4119/6031/2668 4129/6030/2667 4130/6080/2691 4121/6083/2693
f 4121/6082/2693 4130/6079/2691 4128/5931/2589 4120/6032/2669
f 4068/5906/2581 4066/5897/2575 4054/5898/29 4053/5907/2525
f 4132/6090/2525 4133/6091/2528 4145/6092/2696 4144/6093/2697
f 4139/6094/2529 4140/6095/2601 4152/6096/2698 4151/6097/2699
f 4136/6098/2533 4137/6099/317 4149/6100/2700 4148/6101/2701
f 4133/6091/2528 4134/6102/31 4146/6103/2702 4145/6092/2696
f 4140/6095/2601 4141/6104/2703 4153/6105/2704 4152/6096/2698
f 4137/6099/317 4138/6106/2540 4150/6107/2705 4149/6100/2700
f 4134/6108/31 4135/6109/2542 4147/6110/2706 4146/6111/2702
f 4141/6104/2703 4142/6112/2564 4154/6113/2707 4153/6105/2704
f 4131/6114/29 4132/6090/2525 4144/6093/2697 4143/6115/2708
f 4138/6106/2540 4139/6094/2529 4151/6097/2699 4150/6107/2705
f 4135/6109/2542 4136/6098/2533 4148/6101/2701 4147/6110/2706
f 4142/6112/2564 4131/6114/29 4143/6115/2708 4154/6113/2707
f 4149/6100/2700 4150/6107/2705 4162/6116/2709 4161/6117/2710
f 4146/6111/2702 4147/6110/2706 4159/6118/2711 4158/6119/2712
f 4153/6105/2704 4154/6113/2707 4166/6120/2713 4165/6121/2714
f 4143/6115/2708 4144/6093/2697 4156/6122/2715 4155/6123/2716
f 4150/6107/2705 4151/6097/2699 4163/6124/2717 4162/6116/2709
f 4147/6110/2706 4148/6101/2701 4160/6125/2718 4159/6118/2711
f 4154/6113/2707 4143/6115/2708 4155/6123/2716 4166/6120/2713
f 4144/6093/2697 4145/6092/2696 4157/6126/2719 4156/6122/2715
f 4151/6097/2699 4152/6096/2698 4164/6127/2720 4163/6124/2717
f 4148/6101/2701 4149/6100/2700 4161/6117/2710 4160/6125/2718
f 4145/6092/2696 4146/6103/2702 4158/6128/2712 4157/6126/2719
f 4152/6096/2698 4153/6105/2704 4165/6121/2714 4164/6127/2720
f 4263/6129/2721 4232/6130/2585 4227/6131/31 4260/6132/2722
f 4281/6133/2723 4233/6134/2564 4229/6135/2584 4279/6136/2724
f 4275/6137/2725 4236/6138/2568 4230/6139/2726 4272/6140/2727
f 4266/6141/2728 4237/6142/2570 4232/6130/2585 4263/6129/2721
f 4165/6143/2729 4278/6144/2730 4167/6145/2731 4164/6146/2732
f 4252/6147/2733 4235/6148/29 4233/6134/2564 4281/6133/2723
f 4167/6149/2731 4224/6150/2734 4297/6151/2735 4276/6152/2736
f 4269/6153/2737 4231/6154/317 4237/6142/2570 4266/6141/2728
f 4257/6155/2738 4228/6156/2582 4234/6157/2525 4254/6158/2739
f 4260/6132/2722 4227/6131/31 4228/6156/2582 4257/6155/2738
f 4275/6159/2725 4296/6160/2740 4239/6161/317 4236/6162/2568
f 4272/6140/2727 4230/6139/2726 4231/6154/317 4269/6153/2737
f 4227/6131/31 4171/5914/31 4170/5913/2582 4228/6156/2582
f 4229/6163/2584 4177/5918/2584 4225/5917/29 4238/6164/29
f 4230/6139/2726 4175/5920/2567 4174/5919/317 4231/6154/317
f 4232/6130/2585 4172/5921/2585 4171/5914/31 4227/6131/31
f 4233/6134/2564 4178/5923/2564 4177/5922/2584 4229/6135/2584
f 4234/6157/2525 4169/5925/2525 4168/5924/29 4235/6148/29
f 4236/6138/2568 4176/5926/2568 4175/5920/2567 4230/6139/2726
f 4237/6142/2570 4173/5927/2570 4172/5921/2585 4232/6130/2585
f 4235/6148/29 4168/5924/29 4178/5923/2564 4233/6134/2564
f 4228/6156/2582 4170/5913/2582 4169/5925/2525 4234/6157/2525
f 4302/6165/2741 4320/6166/2742 4248/6167/2743 4246/6168/2587
f 4231/6154/317 4174/5919/317 4173/5927/2570 4237/6142/2570
f 4240/5932/29 4284/5935/2591 4291/6169/2744 4241/6170/29
f 4294/6171/2745 4290/6172/2746 4185/6173/2747 4186/6174/2748
f 4244/6175/29 4241/6170/29 4287/6176/2749 4306/6177/2750
f 4224/6150/2734 4242/6178/287 4303/6179/2751 4297/6151/2735
f 4184/6180/2752 4186/6181/2748 4183/6182/2748 4182/6183/2753
f 4186/6174/2748 4185/6173/2747 4181/6184/2754 4183/6185/2748
f 4185/6173/2747 4180/5952/2601 4179/5951/2601 4181/6184/2754
f 4236/6162/2568 4239/6161/317 4226/5954/317 4176/5953/2568
f 4198/6186/2755 4210/6187/2756 4199/6188/2757 4187/6189/2758
f 4188/6190/2759 4200/6191/2760 4201/6192/2761 4189/6193/2762
f 4195/6194/2763 4207/6195/2764 4208/6196/2765 4196/6197/2766
f 4192/6198/2767 4204/6199/2768 4205/6200/2769 4193/6201/2770
f 4189/6193/2762 4201/6192/2761 4202/6202/2771 4190/6203/2772
f 4196/6197/2766 4208/6196/2765 4209/6204/2773 4197/6205/2774
f 4193/6201/2770 4205/6200/2769 4206/6206/2775 4194/6207/2776
f 4190/6203/2772 4202/6202/2771 4203/6208/2777 4191/6209/2778
f 4197/6205/2774 4209/6204/2773 4210/6187/2756 4198/6186/2755
f 4187/6189/2758 4199/6188/2757 4200/6191/2760 4188/6190/2759
f 4194/6207/2776 4206/6206/2775 4207/6195/2764 4195/6194/2763
f 4191/6209/2778 4203/6208/2777 4204/6199/2768 4192/6198/2767
f 4205/6200/2769 4217/6210/2779 4218/6211/2780 4206/6206/2775
f 4202/6202/2771 4214/6212/2781 4215/6213/2782 4203/6208/2777
f 4209/6204/2773 4221/6214/2783 4222/6215/2784 4210/6187/2756
f 4199/6188/2757 4211/6216/2785 4212/6217/2786 4200/6191/2760
f 4206/6206/2775 4218/6211/2780 4219/6218/2787 4207/6195/2764
f 4203/6208/2777 4215/6213/2782 4216/6219/2788 4204/6199/2768
f 4210/6187/2756 4222/6215/2784 4211/6216/2785 4199/6188/2757
f 4200/6191/2760 4212/6217/2786 4213/6220/2789 4201/6192/2761
f 4207/6195/2764 4219/6218/2787 4220/6221/2790 4208/6196/2765
f 4204/6199/2768 4216/6219/2788 4217/6210/2779 4205/6200/2769
f 4201/6192/2761 4213/6220/2789 4214/6212/2781 4202/6202/2771
f 4223/6222/2791 4216/6219/2788 4215/6213/2782 4214/6212/2781
f 4223/6222/2791 4222/6215/2784 4221/6214/2783 4220/6221/2790
f 4223/6222/2791 4218/6211/2780 4217/6210/2779
f 4212/6217/2786 4223/6222/2791 4214/6212/2781 4213/6220/2789
f 4217/6210/2779 4216/6219/2788 4223/6222/2791
f 4211/6216/2785 4223/6222/2791 4212/6217/2786
f 4211/6216/2785 4222/6215/2784 4223/6222/2791
f 4220/6221/2790 4219/6218/2787 4218/6211/2780 4223/6222/2791
f 4208/6196/2765 4220/6221/2790 4221/6214/2783 4209/6204/2773
f 4166/6223/2792 4282/6224/2793 4278/6144/2730 4165/6143/2729
f 4164/6146/2732 4167/6145/2731 4276/6225/2736 4163/6226/2794
f 4305/6227/2795 4288/6228/2796 4184/6180/2752 4242/6178/287
f 4179/5951/2601 4308/5999/2644 4318/6229/2797 4181/6184/2754
f 4278/6230/2730 4299/6231/2798 4224/6150/2734 4167/6149/2731
f 4161/6232/2799 4270/6233/2800 4267/6234/2801 4160/6235/2802
f 4157/6236/2803 4258/6237/2804 4255/6238/2805 4156/6239/2806
f 4155/6240/2807 4251/6241/2808 4282/6224/2793 4166/6223/2792
f 4160/6235/2802 4267/6234/2801 4264/6242/2809 4159/6243/2810
f 4163/6226/2794 4276/6225/2736 4273/6244/2811 4162/6245/2812
f 4156/6239/2806 4255/6238/2805 4251/6241/2808 4155/6240/2807
f 4279/6246/2724 4229/6163/2584 4238/6164/29 4300/6247/2813
f 4159/6243/2810 4264/6242/2809 4261/6248/2814 4158/6249/2815
f 4162/6245/2812 4273/6244/2811 4270/6233/2800 4161/6232/2799
f 4290/6172/2746 4285/6020/2663 4180/5952/2601 4185/6173/2747
f 4158/6249/2815 4261/6248/2814 4258/6237/2804 4157/6236/2803
f 4243/6021/29 4240/5932/29 4241/6170/29 4244/6175/29
f 4246/6168/2587 4248/6167/2743 4247/6023/2588 4245/6022/2587
f 4299/6231/2798 4305/6227/2795 4242/6178/287 4224/6150/2734
f 4288/6228/2796 4294/6250/2745 4186/6181/2748 4184/6180/2752
f 4241/6170/29 4291/6169/2744 4293/6251/2816 4287/6176/2749
f 4242/6178/287 4184/6180/2752 4182/6183/2753 4303/6179/2751
f 4317/6252/2817 4309/6029/2666 4250/6028/317 4249/6253/317
f 4225/5917/29 4243/6021/29 4244/6175/29 4238/6164/29
f 4239/6161/317 4246/6168/2587 4245/6022/2587 4226/5954/317
f 4182/6183/2753 4311/6254/2818 4321/6255/2819 4303/6179/2751
f 4238/6164/29 4244/6175/29 4306/6177/2750 4300/6247/2813
f 4296/6160/2740 4302/6165/2741 4246/6168/2587 4239/6161/317
f 4248/6167/2743 4320/6166/2742 4312/6256/2820 4249/6253/317
f 4249/6253/317 4250/6028/317 4247/6023/2588 4248/6167/2743
f 4183/6182/2748 4315/6257/2821 4311/6254/2818 4182/6183/2753
f 4181/6184/2754 4318/6229/2797 4315/6258/2821 4183/6185/2748
f 4312/6256/2820 4314/6259/2822 4317/6252/2817 4249/6253/317
f 4255/6238/2805 4256/6260/2823 4253/6261/2824 4251/6241/2808
f 4256/6262/2823 4254/6158/2739 4252/6147/2733 4253/6263/2824
f 4258/6237/2804 4259/6264/2825 4256/6260/2823 4255/6238/2805
f 4259/6265/2825 4257/6155/2738 4254/6158/2739 4256/6262/2823
f 4261/6248/2814 4262/6266/2826 4259/6264/2825 4258/6237/2804
f 4262/6267/2826 4260/6132/2722 4257/6155/2738 4259/6265/2825
f 4264/6242/2809 4265/6268/2827 4262/6266/2826 4261/6248/2814
f 4265/6269/2827 4263/6129/2721 4260/6132/2722 4262/6267/2826
f 4267/6234/2801 4268/6270/2828 4265/6268/2827 4264/6242/2809
f 4268/6271/2828 4266/6141/2728 4263/6129/2721 4265/6269/2827
f 4270/6233/2800 4271/6272/2829 4268/6270/2828 4267/6234/2801
f 4271/6273/2829 4269/6153/2737 4266/6141/2728 4268/6271/2828
f 4273/6244/2811 4274/6274/2830 4271/6272/2829 4270/6233/2800
f 4274/6275/2830 4272/6140/2727 4269/6153/2737 4271/6273/2829
f 4276/6225/2736 4277/6276/2831 4274/6274/2830 4273/6244/2811
f 4277/6277/2831 4275/6137/2725 4272/6140/2727 4274/6275/2830
f 4282/6224/2793 4283/6278/2832 4280/6279/2833 4278/6144/2730
f 4283/6280/2832 4281/6133/2723 4279/6136/2724 4280/6281/2833
f 4251/6241/2808 4253/6261/2824 4283/6278/2832 4282/6224/2793
f 4253/6263/2824 4252/6147/2733 4281/6133/2723 4283/6280/2832
f 4293/6251/2816 4295/6282/2834 4289/6283/2835 4287/6176/2749
f 4295/6284/2834 4294/6250/2745 4288/6228/2796 4289/6285/2835
f 4291/6169/2744 4292/6286/2836 4295/6282/2834 4293/6251/2816
f 4292/6287/2836 4290/6172/2746 4294/6171/2745 4295/6288/2834
f 4297/6151/2735 4298/6289/2837 4277/6290/2831 4276/6152/2736
f 4298/6291/2837 4296/6160/2740 4275/6159/2725 4277/6292/2831
f 4284/5935/2591 4286/6069/2687 4292/6286/2836 4291/6169/2744
f 4286/6070/2687 4285/6020/2663 4290/6172/2746 4292/6287/2836
f 4300/6247/2813 4301/6293/2838 4280/6294/2833 4279/6246/2724
f 4301/6295/2838 4299/6231/2798 4278/6230/2730 4280/6296/2833
f 4303/6179/2751 4304/6297/2839 4298/6289/2837 4297/6151/2735
f 4304/6298/2839 4302/6165/2741 4296/6160/2740 4298/6291/2837
f 4306/6177/2750 4307/6299/2840 4301/6293/2838 4300/6247/2813
f 4307/6300/2840 4305/6227/2795 4299/6231/2798 4301/6295/2838
f 4302/6165/2741 4304/6298/2839 4322/6301/2841 4320/6166/2742
f 4304/6297/2839 4303/6179/2751 4321/6255/2819 4322/6302/2841
f 4287/6176/2749 4289/6283/2835 4307/6299/2840 4306/6177/2750
f 4289/6285/2835 4288/6228/2796 4305/6227/2795 4307/6300/2840
f 4312/6256/2820 4313/6303/2842 4316/6304/2843 4314/6259/2822
f 4313/6305/2842 4311/6254/2818 4315/6257/2821 4316/6306/2843
f 4314/6259/2822 4316/6304/2843 4319/6307/2844 4317/6252/2817
f 4316/6308/2843 4315/6258/2821 4318/6229/2797 4319/6309/2844
f 4317/6252/2817 4319/6307/2844 4310/6088/2695 4309/6029/2666
f 4319/6309/2844 4318/6229/2797 4308/5999/2644 4310/6089/2695
f 4311/6254/2818 4313/6305/2842 4322/6302/2841 4321/6255/2819
f 4313/6303/2842 4312/6256/2820 4320/6166/2742 4322/6301/2841
f 4254/6158/2739 4234/6157/2525 4235/6148/29 4252/6147/2733
f 4324/6310/2525 4336/6311/2526 4337/6312/2527 4325/6313/2528
f 4331/6314/2529 4343/6315/2845 4344/6316/2846 4332/6317/2601
f 4328/6318/2533 4340/6319/2534 4341/6320/2535 4329/6321/317
f 4325/6313/2528 4337/6312/2527 4338/6322/2536 4326/6323/31
f 4332/6317/2601 4344/6316/2846 4345/6324/2537 4333/6325/2538
f 4329/6321/317 4341/6320/2535 4342/6326/2847 4330/6327/2540
f 4326/6328/31 4338/6329/2536 4339/6330/2541 4327/6331/2542
f 4333/6325/2538 4345/6324/2537 4346/6332/2543 4334/6333/2544
f 4323/6334/29 4335/6335/2545 4336/6311/2526 4324/6310/2525
f 4330/6327/2540 4342/6326/2847 4343/6315/2845 4331/6314/2529
f 4327/6331/2542 4339/6330/2541 4340/6319/2534 4328/6318/2533
f 4334/6333/2544 4346/6332/2543 4335/6335/2545 4323/6334/29
f 4341/6320/2535 4353/6336/2848 4354/6337/2849 4342/6326/2847
f 4338/6329/2536 4350/6338/2548 4351/6339/2850 4339/6330/2541
f 4345/6324/2537 4357/6340/2851 4358/6341/2551 4346/6332/2543
f 4335/6335/2545 4347/6342/2552 4348/6343/2553 4336/6311/2526
f 4342/6326/2847 4354/6337/2849 4355/6344/2852 4343/6315/2845
f 4339/6330/2541 4351/6339/2850 4352/6345/2853 4340/6319/2534
f 4346/6332/2543 4358/6341/2551 4347/6342/2552 4335/6335/2545
f 4336/6311/2526 4348/6343/2553 4349/6346/2854 4337/6312/2527
f 4343/6315/2845 4355/6344/2852 4356/6347/2855 4344/6316/2846
f 4340/6319/2534 4352/6345/2853 4353/6336/2848 4341/6320/2535
f 4337/6312/2527 4349/6346/2854 4350/6348/2548 4338/6322/2536
f 4344/6316/2846 4356/6347/2855 4357/6340/2851 4345/6324/2537
f 4435/6349/2558 4432/6350/2559 4404/6351/31 4409/6352/2585
f 4453/6353/2561 4451/6354/2856 4406/6355/2584 4410/6356/2564
f 4447/6357/2857 4444/6358/2566 4407/6359/2567 4413/6360/2568
f 4438/6361/2858 4435/6349/2558 4409/6352/2585 4414/6362/2570
f 4357/6363/2859 4356/6364/2860 4359/6365/2573 4450/6366/2861
f 4424/6367/2575 4453/6353/2561 4410/6356/2564 4412/6368/29
f 4359/6369/2573 4448/6370/2862 4466/6371/2577 4403/6372/2578
f 4441/6373/2579 4438/6361/2858 4414/6362/2570 4408/6374/317
f 4429/6375/2580 4426/6376/2581 4411/6377/2525 4405/6378/2582
f 4432/6350/2559 4429/6375/2580 4405/6378/2582 4404/6351/31
f 4447/6379/2857 4413/6380/2568 4416/6381/317 4465/6382/2583
f 4444/6358/2566 4441/6373/2579 4408/6374/317 4407/6359/2567
f 4404/6351/31 4405/6378/2582 4528/6383/2582 4529/6384/31
f 4406/6385/2584 4415/6386/29 4583/6387/29 4535/6388/2584
f 4407/6359/2567 4408/6374/317 4532/6389/317 4533/6390/2567
f 4409/6352/2585 4404/6351/31 4529/6384/31 4530/6391/2585
f 4410/6356/2564 4406/6355/2584 4535/6392/2584 4536/6393/2564
f 4411/6377/2525 4412/6368/29 4526/6394/29 4527/6395/2525
f 4413/6360/2568 4407/6359/2567 4533/6390/2567 4534/6396/2568
f 4414/6362/2570 4409/6352/2585 4530/6391/2585 4531/6397/2570
f 4412/6368/29 4410/6356/2564 4536/6393/2564 4526/6394/29
f 4405/6378/2582 4411/6377/2525 4527/6395/2525 4528/6383/2582
f 4471/6398/2863 4420/6399/2587 4421/6400/2588 4486/6401/2864
f 4408/6374/317 4414/6362/2570 4531/6397/2570 4532/6389/317
f 4598/6402/29 4417/6403/29 4460/6404/2590 4642/6405/2591
f 4463/6406/2592 4365/6407/2593 4364/6408/2594 4459/6409/2595
f 4419/6410/29 4475/6411/2596 4456/6412/2865 4417/6403/29
f 4403/6372/2578 4466/6371/2577 4472/6413/2866 4418/6414/283
f 4363/6415/2599 4361/6416/2600 4362/6417/2593 4365/6418/2593
f 4365/6407/2593 4362/6419/2593 4360/6420/2594 4364/6408/2594
f 4364/6408/2594 4360/6420/2594 4537/6421/2601 4538/6422/2601
f 4413/6380/2568 4534/6423/2568 4584/6424/317 4416/6381/317
f 4377/6425/2602 4366/6426/2603 4378/6427/2604 4389/6428/2605
f 4367/6429/2867 4368/6430/2868 4380/6431/2608 4379/6432/2609
f 4374/6433/2610 4375/6434/2611 4387/6435/2612 4386/6436/2613
f 4371/6437/2869 4372/6438/2615 4384/6439/2616 4383/6440/2617
f 4368/6430/2868 4369/6441/2870 4381/6442/2619 4380/6431/2608
f 4375/6434/2611 4376/6443/2620 4388/6444/2621 4387/6435/2612
f 4372/6438/2615 4373/6445/2622 4385/6446/2623 4384/6439/2616
f 4369/6441/2870 4370/6447/2624 4382/6448/2871 4381/6442/2619
f 4376/6443/2620 4377/6425/2602 4389/6428/2605 4388/6444/2621
f 4366/6426/2603 4367/6429/2867 4379/6432/2609 4378/6427/2604
f 4373/6445/2622 4374/6433/2610 4386/6436/2613 4385/6446/2623
f 4370/6447/2624 4371/6437/2869 4383/6440/2617 4382/6448/2871
f 4384/6439/2616 4385/6446/2623 4397/6449/2872 4396/6450/2627
f 4381/6442/2619 4382/6448/2871 4394/6451/2628 4393/6452/2873
f 4388/6444/2621 4389/6428/2605 4401/6453/2630 4400/6454/2874
f 4378/6427/2604 4379/6432/2609 4391/6455/2632 4390/6456/2633
f 4385/6446/2623 4386/6436/2613 4398/6457/2634 4397/6449/2872
f 4382/6448/2871 4383/6440/2617 4395/6458/2635 4394/6451/2628
f 4389/6428/2605 4378/6427/2604 4390/6456/2633 4401/6453/2630
f 4379/6432/2609 4380/6431/2608 4392/6459/2875 4391/6455/2632
f 4386/6436/2613 4387/6435/2612 4399/6460/2637 4398/6457/2634
f 4383/6440/2617 4384/6439/2616 4396/6450/2627 4395/6458/2635
f 4380/6431/2608 4381/6442/2619 4393/6452/2873 4392/6459/2875
f 4402/6461/1208 4393/6452/2873 4394/6451/2628 4395/6458/2635
f 4402/6461/1208 4399/6460/2637 4400/6454/2874 4401/6453/2630
f 4402/6461/1208 4396/6450/2627 4397/6449/2872
f 4391/6455/2632 4392/6459/2875 4393/6452/2873 4402/6461/1208
f 4396/6450/2627 4402/6461/1208 4395/6458/2635
f 4390/6456/2633 4391/6455/2632 4402/6461/1208
f 4390/6456/2633 4402/6461/1208 4401/6453/2630
f 4399/6460/2637 4402/6461/1208 4397/6449/2872 4398/6457/2634
f 4387/6435/2612 4388/6444/2621 4400/6454/2874 4399/6460/2637
f 4358/6462/2876 4357/6363/2859 4450/6366/2861 4454/6463/2639
f 4356/6364/2860 4355/6464/2877 4448/6465/2862 4359/6365/2573
f 4474/6466/2641 4418/6414/283 4363/6415/2599 4457/6467/2642
f 4537/6421/2601 4360/6420/2594 4484/6468/2643 4666/6469/2644
f 4450/6470/2861 4359/6369/2573 4403/6372/2578 4468/6471/2878
f 4353/6472/2879 4352/6473/2880 4439/6474/2881 4442/6475/2649
f 4349/6476/2882 4348/6477/2883 4427/6478/2652 4430/6479/2884
f 4347/6480/2654 4358/6462/2876 4454/6463/2639 4423/6481/2885
f 4352/6473/2880 4351/6482/2656 4436/6483/2886 4439/6474/2881
f 4355/6464/2877 4354/6484/2887 4445/6485/2659 4448/6465/2862
f 4348/6477/2883 4347/6480/2654 4423/6481/2885 4427/6478/2652
f 4451/6486/2856 4469/6487/2660 4415/6386/29 4406/6385/2584
f 4351/6482/2656 4350/6488/2661 4433/6489/2662 4436/6483/2886
f 4354/6484/2887 4353/6472/2879 4442/6475/2649 4445/6485/2659
f 4459/6409/2595 4364/6408/2594 4538/6422/2601 4643/6490/2663
f 4350/6488/2661 4349/6476/2882 4430/6479/2884 4433/6489/2662
f 4601/6491/29 4419/6410/29 4417/6403/29 4598/6402/29
f 4420/6399/2587 4603/6492/2587 4605/6493/2588 4421/6400/2588
f 4468/6471/2878 4403/6372/2578 4418/6414/283 4474/6466/2641
f 4457/6467/2642 4363/6415/2599 4365/6418/2593 4463/6494/2592
f 4417/6403/29 4456/6412/2865 4462/6495/2664 4460/6404/2590
f 4418/6414/283 4472/6413/2866 4361/6416/2600 4363/6415/2599
f 4483/6496/2665 4422/6497/317 4608/6498/317 4667/6499/2666
f 4583/6387/29 4415/6386/29 4419/6410/29 4601/6491/29
f 4416/6381/317 4584/6424/317 4603/6492/2587 4420/6399/2587
f 4361/6416/2600 4472/6413/2866 4487/6500/2888 4477/6501/2668
f 4415/6386/29 4469/6487/2660 4475/6411/2596 4419/6410/29
f 4465/6382/2583 4416/6381/317 4420/6399/2587 4471/6398/2863
f 4421/6400/2588 4422/6497/317 4478/6502/2669 4486/6401/2864
f 4422/6497/317 4421/6400/2588 4605/6493/2588 4608/6498/317
f 4362/6417/2593 4361/6416/2600 4477/6501/2668 4481/6503/2889
f 4360/6420/2594 4362/6419/2593 4481/6504/2889 4484/6468/2643
f 4478/6502/2669 4422/6497/317 4483/6496/2665 4480/6505/2671
f 4427/6478/2652 4423/6481/2885 4425/6506/2672 4428/6507/2890
f 4428/6508/2890 4425/6509/2672 4424/6367/2575 4426/6376/2581
f 4430/6479/2884 4427/6478/2652 4428/6507/2890 4431/6510/2891
f 4431/6511/2891 4428/6508/2890 4426/6376/2581 4429/6375/2580
f 4433/6489/2662 4430/6479/2884 4431/6510/2891 4434/6512/2892
f 4434/6513/2892 4431/6511/2891 4429/6375/2580 4432/6350/2559
f 4436/6483/2886 4433/6489/2662 4434/6512/2892 4437/6514/2893
f 4437/6515/2893 4434/6513/2892 4432/6350/2559 4435/6349/2558
f 4439/6474/2881 4436/6483/2886 4437/6514/2893 4440/6516/2894
f 4440/6517/2894 4437/6515/2893 4435/6349/2558 4438/6361/2858
f 4442/6475/2649 4439/6474/2881 4440/6516/2894 4443/6518/2678
f 4443/6519/2678 4440/6517/2894 4438/6361/2858 4441/6373/2579
f 4445/6485/2659 4442/6475/2649 4443/6518/2678 4446/6520/2895
f 4446/6521/2895 4443/6519/2678 4441/6373/2579 4444/6358/2566
f 4448/6465/2862 4445/6485/2659 4446/6520/2895 4449/6522/2680
f 4449/6523/2680 4446/6521/2895 4444/6358/2566 4447/6357/2857
f 4454/6463/2639 4450/6366/2861 4452/6524/2896 4455/6525/2682
f 4455/6526/2682 4452/6527/2896 4451/6354/2856 4453/6353/2561
f 4423/6481/2885 4454/6463/2639 4455/6525/2682 4425/6506/2672
f 4425/6509/2672 4455/6526/2682 4453/6353/2561 4424/6367/2575
f 4462/6495/2664 4456/6412/2865 4458/6528/2897 4464/6529/2684
f 4464/6530/2684 4458/6531/2897 4457/6467/2642 4463/6494/2592
f 4460/6404/2590 4462/6495/2664 4464/6529/2684 4461/6532/2685
f 4461/6533/2685 4464/6534/2684 4463/6406/2592 4459/6409/2595
f 4466/6371/2577 4448/6370/2862 4449/6535/2680 4467/6536/2898
f 4467/6537/2898 4449/6538/2680 4447/6379/2857 4465/6382/2583
f 4642/6405/2591 4460/6404/2590 4461/6532/2685 4644/6539/2899
f 4644/6540/2899 4461/6533/2685 4459/6409/2595 4643/6490/2663
f 4469/6487/2660 4451/6486/2856 4452/6541/2896 4470/6542/2900
f 4470/6543/2900 4452/6544/2896 4450/6470/2861 4468/6471/2878
f 4472/6413/2866 4466/6371/2577 4467/6536/2898 4473/6545/2689
f 4473/6546/2689 4467/6537/2898 4465/6382/2583 4471/6398/2863
f 4475/6411/2596 4469/6487/2660 4470/6542/2900 4476/6547/2901
f 4476/6548/2901 4470/6543/2900 4468/6471/2878 4474/6466/2641
f 4471/6398/2863 4486/6401/2864 4488/6549/2902 4473/6546/2689
f 4473/6545/2689 4488/6550/2902 4487/6500/2888 4472/6413/2866
f 4456/6412/2865 4475/6411/2596 4476/6547/2901 4458/6528/2897
f 4458/6531/2897 4476/6548/2901 4474/6466/2641 4457/6467/2642
f 4478/6502/2669 4480/6505/2671 4482/6551/2692 4479/6552/2903
f 4479/6553/2903 4482/6554/2692 4481/6503/2889 4477/6501/2668
f 4480/6505/2671 4483/6496/2665 4485/6555/2904 4482/6551/2692
f 4482/6556/2692 4485/6557/2904 4484/6468/2643 4481/6504/2889
f 4483/6496/2665 4667/6499/2666 4668/6558/2905 4485/6555/2904
f 4485/6557/2904 4668/6559/2905 4666/6469/2644 4484/6468/2643
f 4477/6501/2668 4487/6500/2888 4488/6550/2902 4479/6553/2903
f 4479/6552/2903 4488/6549/2902 4486/6401/2864 4478/6502/2669
f 4426/6376/2581 4424/6367/2575 4412/6368/29 4411/6377/2525
f 4490/6560/2525 4491/6561/2528 4503/6562/2906 4502/6563/2697
f 4497/6564/2529 4498/6565/2601 4510/6566/2907 4509/6567/2908
f 4494/6568/2533 4495/6569/317 4507/6570/2700 4506/6571/2701
f 4491/6561/2528 4492/6572/31 4504/6573/2909 4503/6562/2906
f 4498/6565/2601 4499/6574/2538 4511/6575/2704 4510/6566/2907
f 4495/6569/317 4496/6576/2540 4508/6577/2705 4507/6570/2700
f 4492/6578/31 4493/6579/2542 4505/6580/2706 4504/6581/2909
f 4499/6574/2538 4500/6582/2544 4512/6583/2910 4511/6575/2704
f 4489/6584/29 4490/6560/2525 4502/6563/2697 4501/6585/2708
f 4496/6576/2540 4497/6564/2529 4509/6567/2908 4508/6577/2705
f 4493/6579/2542 4494/6568/2533 4506/6571/2701 4505/6580/2706
f 4500/6582/2544 4489/6584/29 4501/6585/2708 4512/6583/2910
f 4507/6570/2700 4508/6577/2705 4520/6586/2911 4519/6587/2912
f 4504/6581/2909 4505/6580/2706 4517/6588/2913 4516/6589/2914
f 4511/6575/2704 4512/6583/2910 4524/6590/2713 4523/6591/2714
f 4501/6585/2708 4502/6563/2697 4514/6592/2715 4513/6593/2716
f 4508/6577/2705 4509/6567/2908 4521/6594/2915 4520/6586/2911
f 4505/6580/2706 4506/6571/2701 4518/6595/2916 4517/6588/2913
f 4512/6583/2910 4501/6585/2708 4513/6593/2716 4524/6590/2713
f 4502/6563/2697 4503/6562/2906 4515/6596/2917 4514/6592/2715
f 4509/6567/2908 4510/6566/2907 4522/6597/2918 4521/6594/2915
f 4506/6571/2701 4507/6570/2700 4519/6587/2912 4518/6595/2916
f 4503/6562/2906 4504/6573/2909 4516/6598/2914 4515/6596/2917
f 4510/6566/2907 4511/6575/2704 4523/6591/2714 4522/6597/2918
f 4621/6599/2919 4590/6600/2585 4585/6601/31 4618/6602/2722
f 4639/6603/2723 4591/6604/2564 4587/6605/2584 4637/6606/2724
f 4633/6607/2725 4594/6608/2568 4588/6609/2567 4630/6610/2727
f 4624/6611/2728 4595/6612/2570 4590/6600/2585 4621/6599/2919
f 4523/6613/2920 4636/6614/2730 4525/6615/2731 4522/6616/2732
f 4610/6617/2733 4593/6618/29 4591/6604/2564 4639/6603/2723
f 4525/6619/2731 4582/6620/2921 4655/6621/2922 4634/6622/2736
f 4627/6623/2737 4589/6624/317 4595/6612/2570 4624/6611/2728
f 4615/6625/2923 4586/6626/2582 4592/6627/2525 4612/6628/2739
f 4618/6602/2722 4585/6601/31 4586/6626/2582 4615/6625/2923
f 4633/6629/2725 4654/6630/2740 4597/6631/317 4594/6632/2568
f 4630/6610/2727 4588/6609/2567 4589/6624/317 4627/6623/2737
f 4585/6601/31 4529/6384/31 4528/6383/2582 4586/6626/2582
f 4587/6633/2584 4535/6388/2584 4583/6387/29 4596/6634/29
f 4588/6609/2567 4533/6390/2567 4532/6389/317 4589/6624/317
f 4590/6600/2585 4530/6391/2585 4529/6384/31 4585/6601/31
f 4591/6604/2564 4536/6393/2564 4535/6392/2584 4587/6605/2584
f 4592/6627/2525 4527/6395/2525 4526/6394/29 4593/6618/29
f 4594/6608/2568 4534/6396/2568 4533/6390/2567 4588/6609/2567
f 4595/6612/2570 4531/6397/2570 4530/6391/2585 4590/6600/2585
f 4593/6618/29 4526/6394/29 4536/6393/2564 4591/6604/2564
f 4586/6626/2582 4528/6383/2582 4527/6395/2525 4592/6627/2525
f 4660/6635/2741 4678/6636/2924 4606/6637/2743 4604/6638/2587
f 4589/6624/317 4532/6389/317 4531/6397/2570 4595/6612/2570
f 4598/6402/29 4642/6405/2591 4649/6639/2744 4599/6640/29
f 4652/6641/2745 4648/6642/2746 4543/6643/2754 4544/6644/2748
f 4602/6645/29 4599/6640/29 4645/6646/2749 4664/6647/2925
f 4582/6620/2921 4600/6648/287 4661/6649/2926 4655/6621/2922
f 4542/6650/2752 4544/6651/2748 4541/6652/2748 4540/6653/2753
f 4544/6644/2748 4543/6643/2754 4539/6654/2754 4541/6655/2748
f 4543/6643/2754 4538/6422/2601 4537/6421/2601 4539/6654/2754
f 4594/6632/2568 4597/6631/317 4584/6424/317 4534/6423/2568
f 4556/6656/2755 4568/6657/2756 4557/6658/2927 4545/6659/2758
f 4546/6660/2759 4558/6661/2760 4559/6662/2761 4547/6663/2928
f 4553/6664/2763 4565/6665/2764 4566/6666/2929 4554/6667/2930
f 4550/6668/2767 4562/6669/2768 4563/6670/2769 4551/6671/2770
f 4547/6663/2928 4559/6662/2761 4560/6672/2771 4548/6673/2931
f 4554/6667/2930 4566/6666/2929 4567/6674/2773 4555/6675/2774
f 4551/6671/2770 4563/6670/2769 4564/6676/2775 4552/6677/2932
f 4548/6673/2931 4560/6672/2771 4561/6678/2933 4549/6679/2934
f 4555/6675/2774 4567/6674/2773 4568/6657/2756 4556/6656/2755
f 4545/6659/2758 4557/6658/2927 4558/6661/2760 4546/6660/2759
f 4552/6677/2932 4564/6676/2775 4565/6665/2764 4553/6664/2763
f 4549/6679/2934 4561/6678/2933 4562/6669/2768 4550/6668/2767
f 4563/6670/2769 4575/6680/2779 4576/6681/2780 4564/6676/2775
f 4560/6672/2771 4572/6682/2781 4573/6683/2935 4561/6678/2933
f 4567/6674/2773 4579/6684/2783 4580/6685/2784 4568/6657/2756
f 4557/6658/2927 4569/6686/2785 4570/6687/2786 4558/6661/2760
f 4564/6676/2775 4576/6681/2780 4577/6688/2787 4565/6665/2764
f 4561/6678/2933 4573/6683/2935 4574/6689/2936 4562/6669/2768
f 4568/6657/2756 4580/6685/2784 4569/6686/2785 4557/6658/2927
f 4558/6661/2760 4570/6687/2786 4571/6690/2789 4559/6662/2761
f 4565/6665/2764 4577/6688/2787 4578/6691/2790 4566/6666/2929
f 4562/6669/2768 4574/6689/2936 4575/6680/2779 4563/6670/2769
f 4559/6662/2761 4571/6690/2789 4572/6682/2781 4560/6672/2771
f 4581/6692/2791 4574/6689/2936 4573/6683/2935 4572/6682/2781
f 4581/6692/2791 4580/6685/2784 4579/6684/2783 4578/6691/2790
f 4581/6692/2791 4576/6681/2780 4575/6680/2779
f 4570/6687/2786 4581/6692/2791 4572/6682/2781 4571/6690/2789
f 4575/6680/2779 4574/6689/2936 4581/6692/2791
f 4569/6686/2785 4581/6692/2791 4570/6687/2786
f 4569/6686/2785 4580/6685/2784 4581/6692/2791
f 4578/6691/2790 4577/6688/2787 4576/6681/2780 4581/6692/2791
f 4566/6666/2929 4578/6691/2790 4579/6684/2783 4567/6674/2773
f 4524/6693/2937 4640/6694/2793 4636/6614/2730 4523/6613/2920
f 4522/6616/2732 4525/6615/2731 4634/6695/2736 4521/6696/2938
f 4663/6697/2795 4646/6698/2796 4542/6650/2752 4600/6648/287
f 4537/6421/2601 4666/6469/2644 4676/6699/2797 4539/6654/2754
f 4636/6700/2730 4657/6701/2798 4582/6620/2921 4525/6619/2731
f 4519/6702/2939 4628/6703/2800 4625/6704/2940 4518/6705/2941
f 4515/6706/2942 4616/6707/2804 4613/6708/2805 4514/6709/2806
f 4513/6710/2943 4609/6711/2944 4640/6694/2793 4524/6693/2937
f 4518/6705/2941 4625/6704/2940 4622/6712/2809 4517/6713/2810
f 4521/6696/2938 4634/6695/2736 4631/6714/2945 4520/6715/2812
f 4514/6709/2806 4613/6708/2805 4609/6711/2944 4513/6710/2943
f 4637/6716/2724 4587/6633/2584 4596/6634/29 4658/6717/2813
f 4517/6713/2810 4622/6712/2809 4619/6718/2814 4516/6719/2815
f 4520/6715/2812 4631/6714/2945 4628/6703/2800 4519/6702/2939
f 4648/6642/2746 4643/6490/2663 4538/6422/2601 4543/6643/2754
f 4516/6719/2815 4619/6718/2814 4616/6707/2804 4515/6706/2942
f 4601/6491/29 4598/6402/29 4599/6640/29 4602/6645/29
f 4604/6638/2587 4606/6637/2743 4605/6493/2588 4603/6492/2587
f 4657/6701/2798 4663/6697/2795 4600/6648/287 4582/6620/2921
f 4646/6698/2796 4652/6720/2745 4544/6651/2748 4542/6650/2752
f 4599/6640/29 4649/6639/2744 4651/6721/2816 4645/6646/2749
f 4600/6648/287 4542/6650/2752 4540/6653/2753 4661/6649/2926
f 4675/6722/2946 4667/6499/2666 4608/6498/317 4607/6723/317
f 4583/6387/29 4601/6491/29 4602/6645/29 4596/6634/29
f 4597/6631/317 4604/6638/2587 4603/6492/2587 4584/6424/317
f 4540/6653/2753 4669/6724/2818 4679/6725/2947 4661/6649/2926
f 4596/6634/29 4602/6645/29 4664/6647/2925 4658/6717/2813
f 4654/6630/2740 4660/6635/2741 4604/6638/2587 4597/6631/317
f 4606/6637/2743 4678/6636/2924 4670/6726/2820 4607/6723/317
f 4607/6723/317 4608/6498/317 4605/6493/2588 4606/6637/2743
f 4541/6652/2748 4673/6727/2821 4669/6724/2818 4540/6653/2753
f 4539/6654/2754 4676/6699/2797 4673/6728/2821 4541/6655/2748
f 4670/6726/2820 4672/6729/2822 4675/6722/2946 4607/6723/317
f 4613/6708/2805 4614/6730/2948 4611/6731/2824 4609/6711/2944
f 4614/6732/2948 4612/6628/2739 4610/6617/2733 4611/6733/2824
f 4616/6707/2804 4617/6734/2825 4614/6730/2948 4613/6708/2805
f 4617/6735/2825 4615/6625/2923 4612/6628/2739 4614/6732/2948
f 4619/6718/2814 4620/6736/2826 4617/6734/2825 4616/6707/2804
f 4620/6737/2826 4618/6602/2722 4615/6625/2923 4617/6735/2825
f 4622/6712/2809 4623/6738/2827 4620/6736/2826 4619/6718/2814
f 4623/6739/2827 4621/6599/2919 4618/6602/2722 4620/6737/2826
f 4625/6704/2940 4626/6740/2828 4623/6738/2827 4622/6712/2809
f 4626/6741/2828 4624/6611/2728 4621/6599/2919 4623/6739/2827
f 4628/6703/2800 4629/6742/2829 4626/6740/2828 4625/6704/2940
f 4629/6743/2829 4627/6623/2737 4624/6611/2728 4626/6741/2828
f 4631/6714/2945 4632/6744/2830 4629/6742/2829 4628/6703/2800
f 4632/6745/2830 4630/6610/2727 4627/6623/2737 4629/6743/2829
f 4634/6695/2736 4635/6746/2831 4632/6744/2830 4631/6714/2945
f 4635/6747/2831 4633/6607/2725 4630/6610/2727 4632/6745/2830
f 4640/6694/2793 4641/6748/2832 4638/6749/2949 4636/6614/2730
f 4641/6750/2832 4639/6603/2723 4637/6606/2724 4638/6751/2949
f 4609/6711/2944 4611/6731/2824 4641/6748/2832 4640/6694/2793
f 4611/6733/2824 4610/6617/2733 4639/6603/2723 4641/6750/2832
f 4651/6721/2816 4653/6752/2950 4647/6753/2835 4645/6646/2749
f 4653/6754/2950 4652/6720/2745 4646/6698/2796 4647/6755/2835
f 4649/6639/2744 4650/6756/2951 4653/6752/2950 4651/6721/2816
f 4650/6757/2951 4648/6642/2746 4652/6641/2745 4653/6758/2950
f 4655/6621/2922 4656/6759/2837 4635/6760/2831 4634/6622/2736
f 4656/6761/2837 4654/6630/2740 4633/6629/2725 4635/6762/2831
f 4642/6405/2591 4644/6539/2899 4650/6756/2951 4649/6639/2744
f 4644/6540/2899 4643/6490/2663 4648/6642/2746 4650/6757/2951
f 4658/6717/2813 4659/6763/2838 4638/6764/2949 4637/6716/2724
f 4659/6765/2838 4657/6701/2798 4636/6700/2730 4638/6766/2949
f 4661/6649/2926 4662/6767/2952 4656/6759/2837 4655/6621/2922
f 4662/6768/2952 4660/6635/2741 4654/6630/2740 4656/6761/2837
f 4664/6647/2925 4665/6769/2840 4659/6763/2838 4658/6717/2813
f 4665/6770/2840 4663/6697/2795 4657/6701/2798 4659/6765/2838
f 4660/6635/2741 4662/6768/2952 4680/6771/2953 4678/6636/2924
f 4662/6767/2952 4661/6649/2926 4679/6725/2947 4680/6772/2953
f 4645/6646/2749 4647/6753/2835 4665/6769/2840 4664/6647/2925
f 4647/6755/2835 4646/6698/2796 4663/6697/2795 4665/6770/2840
f 4670/6726/2820 4671/6773/2954 4674/6774/2955 4672/6729/2822
f 4671/6775/2954 4669/6724/2818 4673/6727/2821 4674/6776/2955
f 4672/6729/2822 4674/6774/2955 4677/6777/2844 4675/6722/2946
f 4674/6778/2955 4673/6728/2821 4676/6699/2797 4677/6779/2844
f 4675/6722/2946 4677/6777/2844 4668/6558/2905 4667/6499/2666
f 4677/6779/2844 4676/6699/2797 4666/6469/2644 4668/6559/2905
f 4669/6724/2818 4671/6775/2954 4680/6772/2953 4679/6725/2947
f 4671/6773/2954 4670/6726/2820 4678/6636/2924 4680/6771/2953
f 4612/6628/2739 4592/6627/2525 4593/6618/29 4610/6617/2733
f 4740/6780/925 4692/6781/926 4690/6782/927 4737/6783/928
f 4737/6783/928 4690/6782/927 4688/6784/929 4735/6785/930
f 4734/6786/931 4691/6787/932 4692/6781/926 4740/6780/925
f 4727/6788/2956 4735/6785/930 4688/6784/929 4694/6789/934
f 4801/6790/935 4769/6791/936 4689/6792/2957 4729/6793/938
f 4729/6793/938 4689/6792/2957 4691/6787/932 4734/6786/931
f 4732/6794/939 4727/6795/2956 4694/6796/934 4687/6797/940
f 4732/6794/939 4687/6797/940 4696/6798/2958 4710/6799/942
f 4738/6800/943 4739/6801/944 4706/6802/287 4705/6803/287
f 4728/6804/2959 4736/6805/946 4703/6806/287 4699/6807/287
f 4732/6808/939 4710/6809/942 4743/6810/283 4741/6811/283
f 4740/6812/925 4737/6813/928 4707/6814/283 4708/6815/283
f 4742/6816/947 4741/6817/947 4743/6818/949 4744/6819/949
f 4742/6816/947 4699/6820/951 4700/6821/951 4741/6817/947
f 4697/6822/952 4698/6823/952 4702/6824/953 4701/6825/953
f 4716/6826/954 4714/6827/955 4720/6828/956 4722/6829/957
f 4714/6827/955 4712/6830/958 4718/6831/959 4720/6828/956
f 4715/6832/960 4716/6826/954 4722/6829/957 4721/6833/961
f 4723/6834/962 4724/6835/963 4718/6831/959 4712/6830/958
f 4796/6836/964 4713/6837/965 4719/6838/966 4803/6839/967
f 4713/6837/965 4715/6832/960 4721/6833/961 4719/6838/966
f 4711/6840/2960 4717/6841/969 4724/6842/963 4723/6843/962
f 4711/6840/2960 4725/6844/970 4726/6845/2961 4717/6841/969
f 4763/6846/31 4765/6847/31 4698/6823/952 4697/6822/952
f 4699/6848/951 4703/6849/972 4704/6850/972 4700/6851/951
f 4701/6825/953 4702/6824/953 4708/6852/973 4706/6853/973
f 4705/6854/974 4707/6855/974 4704/6850/972 4703/6849/972
f 4737/6813/928 4735/6856/930 4704/6857/283 4707/6814/283
f 4706/6853/973 4708/6852/973 4707/6855/974 4705/6854/974
f 4735/6856/930 4727/6858/2956 4700/6859/283 4704/6857/283
f 4686/6860/2962 4739/6861/944 4738/6862/943 4684/6863/2963
f 4683/6864/977 4685/6865/978 4715/6866/960 4713/6867/965
f 4685/6865/978 4686/6868/2962 4716/6869/954 4715/6866/960
f 4762/6870/979 4683/6864/977 4713/6867/965 4796/6871/964
f 4684/6872/2963 4682/6873/980 4712/6874/958 4714/6875/955
f 4693/6876/2964 4681/6877/982 4711/6878/2960 4723/6879/962
f 4686/6868/2962 4684/6872/2963 4714/6875/955 4716/6869/954
f 4691/6880/932 4689/6881/2957 4719/6882/966 4721/6883/961
f 4692/6884/926 4691/6880/932 4721/6883/961 4722/6885/957
f 4689/6881/2957 4769/6886/936 4803/6887/967 4719/6882/966
f 4688/6888/929 4690/6889/927 4720/6890/956 4718/6891/959
f 4687/6892/940 4694/6893/934 4724/6894/963 4717/6895/969
f 4690/6889/927 4692/6884/926 4722/6885/957 4720/6890/956
f 4682/6873/980 4693/6896/2964 4723/6897/962 4712/6874/958
f 4694/6898/934 4688/6888/929 4718/6891/959 4724/6899/963
f 4681/6877/982 4695/6900/983 4725/6901/970 4711/6878/2960
f 4696/6902/2958 4687/6892/940 4717/6895/969 4726/6903/2961
f 4731/6904/984 4728/6905/2959 4699/6906/287 4742/6907/287
f 4684/6863/2963 4738/6862/943 4736/6908/946 4682/6909/980
f 4801/6910/935 4729/6911/938 4698/6912/283 4765/6913/283
f 4739/6801/944 4733/6914/985 4701/6915/287 4706/6802/287
f 4685/6916/978 4733/6917/985 4739/6861/944 4686/6860/2962
f 4727/6918/2956 4732/6808/939 4741/6811/283 4700/6919/283
f 4693/6920/2964 4682/6909/980 4736/6908/946 4728/6921/2959
f 4734/6922/931 4740/6812/925 4708/6815/283 4702/6923/283
f 4709/6924/986 4731/6904/984 4742/6907/287 4744/6925/287
f 4762/6926/979 4800/6927/2965 4730/6928/988 4683/6929/977
f 4733/6914/985 4730/6930/988 4697/6931/287 4701/6915/287
f 4683/6929/977 4730/6928/988 4733/6917/985 4685/6916/978
f 4736/6805/946 4738/6800/943 4705/6803/287 4703/6806/287
f 4681/6932/982 4693/6933/2964 4728/6934/2959 4731/6935/984
f 4730/6930/988 4800/6936/2965 4763/6937/287 4697/6931/287
f 4729/6911/938 4734/6922/931 4702/6923/283 4698/6912/283
f 4681/6932/982 4731/6935/984 4709/6938/986 4695/6939/983
f 4744/6940/989 4743/6941/990 4726/6942/990 4725/6943/989
f 4695/6944/991 4709/6945/991 4744/6940/989 4725/6943/989
f 4726/6942/990 4743/6941/990 4710/6946/992 4696/6947/992
f 4812/6948/993 4809/6949/994 4754/6950/995 4756/6951/996
f 4809/6949/994 4807/6952/2966 4752/6953/998 4754/6950/995
f 4806/6954/999 4812/6948/993 4756/6951/996 4755/6955/2967
f 4795/6956/1001 4758/6957/1002 4752/6953/998 4807/6952/2966
f 4801/6790/935 4798/6958/1003 4753/6959/1004 4769/6791/936
f 4798/6958/1003 4806/6954/999 4755/6955/2967 4753/6959/1004
f 4804/6960/1005 4751/6961/1006 4758/6962/1002 4795/6963/1001
f 4804/6960/1005 4778/6964/1007 4760/6965/1008 4751/6961/1006
f 4810/6966/1009 4773/6967/287 4774/6968/287 4811/6969/1010
f 4797/6970/1011 4766/6971/287 4771/6972/287 4808/6973/1012
f 4804/6974/1005 4813/6975/283 4815/6976/283 4778/6977/1007
f 4812/6978/993 4776/6979/283 4775/6980/283 4809/6981/994
f 4814/6982/1013 4816/6983/1014 4815/6984/1014 4813/6985/1013
f 4814/6982/1013 4813/6985/1013 4767/6986/2968 4766/6987/1015
f 4761/6988/1016 4768/6989/1017 4770/6990/1017 4764/6991/1016
f 4784/6992/1018 4790/6993/1019 4788/6994/1020 4782/6995/1021
f 4782/6995/1021 4788/6994/1020 4786/6996/1022 4780/6997/2969
f 4783/6998/1024 4789/6999/1025 4790/6993/1019 4784/6992/1018
f 4791/7000/1026 4780/6997/2969 4786/6996/1022 4792/7001/1027
f 4796/6836/964 4803/6839/967 4787/7002/1028 4781/7003/1029
f 4781/7003/1029 4787/7002/1028 4789/6999/1025 4783/6998/1024
f 4779/7004/1030 4791/7005/1026 4792/7006/1027 4785/7007/1031
f 4779/7004/1030 4785/7007/1031 4794/7008/1032 4793/7009/2970
f 4763/6846/31 4761/6988/1016 4764/6991/1016 4765/6847/31
f 4766/7010/1015 4767/7011/2968 4772/7012/1034 4771/7013/1034
f 4768/6989/1017 4774/7014/1035 4776/7015/1035 4770/6990/1017
f 4773/7016/1036 4771/7013/1034 4772/7012/1034 4775/7017/1036
f 4809/6981/994 4775/6980/283 4772/7018/283 4807/7019/2966
f 4774/7014/1035 4773/7016/1036 4775/7017/1036 4776/7015/1035
f 4807/7019/2966 4772/7018/283 4767/7020/283 4795/7021/1001
f 4750/7022/1037 4748/7023/2971 4810/7024/1009 4811/7025/1010
f 4747/7026/1039 4781/7027/1029 4783/7028/1024 4749/7029/1040
f 4749/7029/1040 4783/7028/1024 4784/7030/1018 4750/7031/1037
f 4762/6870/979 4796/6871/964 4781/7027/1029 4747/7026/1039
f 4748/7032/2971 4782/7033/1021 4780/7034/2969 4746/7035/1041
f 4757/7036/1042 4791/7037/1026 4779/7038/1030 4745/7039/1043
f 4750/7031/1037 4784/7030/1018 4782/7033/1021 4748/7032/2971
f 4755/7040/2967 4789/7041/1025 4787/7042/1028 4753/7043/1004
f 4756/7044/996 4790/7045/1019 4789/7041/1025 4755/7040/2967
f 4753/7043/1004 4787/7042/1028 4803/6887/967 4769/6886/936
f 4752/7046/998 4786/7047/1022 4788/7048/1020 4754/7049/995
f 4751/7050/1006 4785/7051/1031 4792/7052/1027 4758/7053/1002
f 4754/7049/995 4788/7048/1020 4790/7045/1019 4756/7044/996
f 4746/7035/1041 4780/7034/2969 4791/7054/1026 4757/7055/1042
f 4758/7056/1002 4792/7057/1027 4786/7047/1022 4752/7046/998
f 4745/7039/1043 4779/7038/1030 4793/7058/2970 4759/7059/2972
f 4760/7060/1008 4794/7061/1032 4785/7051/1031 4751/7050/1006
f 4802/7062/2973 4814/7063/287 4766/7064/287 4797/7065/1011
f 4748/7023/2971 4746/7066/1041 4808/7067/1012 4810/7024/1009
f 4801/6910/935 4765/6913/283 4764/7068/283 4798/7069/1003
f 4811/6969/1010 4774/6968/287 4768/7070/287 4805/7071/1046
f 4749/7072/1040 4750/7022/1037 4811/7025/1010 4805/7073/1046
f 4795/7074/1001 4767/7075/283 4813/6975/283 4804/6974/1005
f 4757/7076/1042 4797/7077/1011 4808/7067/1012 4746/7066/1041
f 4806/7078/999 4770/7079/283 4776/6979/283 4812/6978/993
f 4777/7080/1047 4816/7081/287 4814/7063/287 4802/7062/2973
f 4762/6926/979 4747/7082/1039 4799/7083/1048 4800/6927/2965
f 4805/7071/1046 4768/7070/287 4761/7084/287 4799/7085/1048
f 4747/7082/1039 4749/7072/1040 4805/7073/1046 4799/7083/1048
f 4808/6973/1012 4771/6972/287 4773/6967/287 4810/6966/1009
f 4745/7086/1043 4802/7087/2973 4797/7088/1011 4757/7089/1042
f 4799/7085/1048 4761/7084/287 4763/6937/287 4800/6936/2965
f 4798/7069/1003 4764/7068/283 4770/7079/283 4806/7078/999
f 4745/7086/1043 4759/7090/2972 4777/7091/1047 4802/7087/2973
f 4816/7092/1049 4793/7093/1049 4794/7094/1050 4815/7095/1051
f 4759/7096/1052 4793/7093/1049 4816/7092/1049 4777/7097/1052
f 4794/7094/1050 4760/7098/1053 4778/7099/1053 4815/7095/1051
f 4876/7100/925 4828/7101/926 4826/7102/2974 4873/7103/928
f 4873/7103/928 4826/7102/2974 4824/7104/929 4871/7105/930
f 4870/7106/931 4827/7107/932 4828/7101/926 4876/7100/925
f 4863/7108/2956 4871/7105/930 4824/7104/929 4830/7109/934
f 4937/7110/935 4905/7111/936 4825/7112/2975 4865/7113/938
f 4865/7113/938 4825/7112/2975 4827/7107/932 4870/7106/931
f 4868/7114/939 4863/7115/2956 4830/7116/934 4823/7117/940
f 4868/7114/939 4823/7117/940 4832/7118/941 4846/7119/942
f 4874/7120/943 4875/7121/944 4842/7122/287 4841/7123/287
f 4864/7124/2959 4872/7125/946 4839/7126/287 4835/7127/287
f 4868/7128/939 4846/7129/942 4879/7130/283 4877/7131/283
f 4876/7132/925 4873/7133/928 4843/7134/283 4844/7135/283
f 4878/7136/947 4877/7137/948 4879/7138/949 4880/7139/949
f 4878/7136/947 4835/7140/950 4836/7141/951 4877/7137/948
f 4833/7142/2976 4834/7143/2976 4838/7144/953 4837/7145/953
f 4852/7146/954 4850/7147/955 4856/7148/956 4858/7149/957
f 4850/7147/955 4848/7150/958 4854/7151/959 4856/7148/956
f 4851/7152/960 4852/7146/954 4858/7149/957 4857/7153/961
f 4859/7154/962 4860/7155/963 4854/7151/959 4848/7150/958
f 4932/7156/964 4849/7157/965 4855/7158/966 4939/7159/967
f 4849/7157/965 4851/7152/960 4857/7153/961 4855/7158/966
f 4847/7160/2960 4853/7161/969 4860/7162/963 4859/7163/962
f 4847/7160/2960 4861/7164/970 4862/7165/971 4853/7161/969
f 4899/7166/31 4901/7167/31 4834/7143/2976 4833/7142/2976
f 4835/7168/950 4839/7169/972 4840/7170/972 4836/7171/951
f 4837/7145/953 4838/7144/953 4844/7172/973 4842/7173/973
f 4841/7174/974 4843/7175/974 4840/7170/972 4839/7169/972
f 4873/7133/928 4871/7176/930 4840/7177/283 4843/7134/283
f 4842/7173/973 4844/7172/973 4843/7175/974 4841/7174/974
f 4871/7176/930 4863/7178/2956 4836/7179/283 4840/7177/283
f 4822/7180/975 4875/7181/944 4874/7182/943 4820/7183/2963
f 4819/7184/977 4821/7185/978 4851/7186/960 4849/7187/965
f 4821/7185/978 4822/7188/975 4852/7189/954 4851/7186/960
f 4898/7190/979 4819/7184/977 4849/7187/965 4932/7191/964
f 4820/7192/2963 4818/7193/980 4848/7194/958 4850/7195/955
f 4829/7196/2964 4817/7197/982 4847/7198/2960 4859/7199/962
f 4822/7188/975 4820/7192/2963 4850/7195/955 4852/7189/954
f 4827/7200/932 4825/7201/2975 4855/7202/966 4857/7203/961
f 4828/7204/926 4827/7200/932 4857/7203/961 4858/7205/957
f 4825/7201/2975 4905/7206/936 4939/7207/967 4855/7202/966
f 4824/7208/929 4826/7209/2974 4856/7210/956 4854/7211/959
f 4823/7212/940 4830/7213/934 4860/7214/963 4853/7215/969
f 4826/7209/2974 4828/7204/926 4858/7205/957 4856/7210/956
f 4818/7193/980 4829/7216/2964 4859/7217/962 4848/7194/958
f 4830/7218/934 4824/7208/929 4854/7211/959 4860/7219/963
f 4817/7197/982 4831/7220/983 4861/7221/970 4847/7198/2960
f 4832/7222/941 4823/7212/940 4853/7215/969 4862/7223/971
f 4867/7224/984 4864/7225/2959 4835/7226/287 4878/7227/287
f 4820/7183/2963 4874/7182/943 4872/7228/946 4818/7229/980
f 4937/7230/935 4865/7231/938 4834/7232/283 4901/7233/283
f 4875/7121/944 4869/7234/985 4837/7235/287 4842/7122/287
f 4821/7236/978 4869/7237/985 4875/7181/944 4822/7180/975
f 4863/7238/2956 4868/7128/939 4877/7131/283 4836/7239/283
f 4829/7240/2964 4818/7229/980 4872/7228/946 4864/7241/2959
f 4870/7242/931 4876/7132/925 4844/7135/283 4838/7243/283
f 4845/7244/986 4867/7224/984 4878/7227/287 4880/7245/287
f 4898/7246/979 4936/7247/2965 4866/7248/988 4819/7249/977
f 4869/7234/985 4866/7250/988 4833/7251/287 4837/7235/287
f 4819/7249/977 4866/7248/988 4869/7237/985 4821/7236/978
f 4872/7125/946 4874/7120/943 4841/7123/287 4839/7126/287
f 4817/7252/982 4829/7253/2964 4864/7254/2959 4867/7255/984
f 4866/7250/988 4936/7256/2965 4899/7257/287 4833/7251/287
f 4865/7231/938 4870/7242/931 4838/7243/283 4834/7232/283
f 4817/7252/982 4867/7255/984 4845/7258/986 4831/7259/983
f 4880/7260/2977 4879/7261/990 4862/7262/990 4861/7263/989
f 4831/7264/991 4845/7265/991 4880/7260/2977 4861/7263/989
f 4862/7262/990 4879/7261/990 4846/7266/992 4832/7267/992
f 4948/7268/993 4945/7269/994 4890/7270/995 4892/7271/996
f 4945/7269/994 4943/7272/997 4888/7273/998 4890/7270/995
f 4942/7274/999 4948/7268/993 4892/7271/996 4891/7275/2967
f 4931/7276/1001 4894/7277/1002 4888/7273/998 4943/7272/997
f 4937/7110/935 4934/7278/1003 4889/7279/1004 4905/7111/936
f 4934/7278/1003 4942/7274/999 4891/7275/2967 4889/7279/1004
f 4940/7280/1005 4887/7281/1006 4894/7282/1002 4931/7283/1001
f 4940/7280/1005 4914/7284/1007 4896/7285/1008 4887/7281/1006
f 4946/7286/1009 4909/7287/287 4910/7288/287 4947/7289/1010
f 4933/7290/1011 4902/7291/287 4907/7292/287 4944/7293/2978
f 4940/7294/1005 4949/7295/283 4951/7296/283 4914/7297/1007
f 4948/7298/993 4912/7299/283 4911/7300/283 4945/7301/994
f 4950/7302/1013 4952/7303/1014 4951/7304/1014 4949/7305/1013
f 4950/7302/1013 4949/7305/1013 4903/7306/1015 4902/7307/1015
f 4897/7308/2979 4904/7309/1017 4906/7310/1017 4900/7311/2979
f 4920/7312/1018 4926/7313/1019 4924/7314/1020 4918/7315/1021
f 4918/7315/1021 4924/7314/1020 4922/7316/1022 4916/7317/2969
f 4919/7318/1024 4925/7319/1025 4926/7313/1019 4920/7312/1018
f 4927/7320/1026 4916/7317/2969 4922/7316/1022 4928/7321/1027
f 4932/7156/964 4939/7159/967 4923/7322/1028 4917/7323/1029
f 4917/7323/1029 4923/7322/1028 4925/7319/1025 4919/7318/1024
f 4915/7324/1030 4927/7325/1026 4928/7326/1027 4921/7327/1031
f 4915/7324/1030 4921/7327/1031 4930/7328/1032 4929/7329/2980
f 4899/7166/31 4897/7308/2979 4900/7311/2979 4901/7167/31
f 4902/7330/1015 4903/7331/1015 4908/7332/1034 4907/7333/1034
f 4904/7309/1017 4910/7334/1035 4912/7335/1035 4906/7310/1017
f 4909/7336/1036 4907/7333/1034 4908/7332/1034 4911/7337/1036
f 4945/7301/994 4911/7300/283 4908/7338/283 4943/7339/997
f 4910/7334/1035 4909/7336/1036 4911/7337/1036 4912/7335/1035
f 4943/7339/997 4908/7338/283 4903/7340/283 4931/7341/1001
f 4886/7342/1037 4884/7343/2971 4946/7344/1009 4947/7345/1010
f 4883/7346/1039 4917/7347/1029 4919/7348/1024 4885/7349/1040
f 4885/7349/1040 4919/7348/1024 4920/7350/1018 4886/7351/1037
f 4898/7190/979 4932/7191/964 4917/7347/1029 4883/7346/1039
f 4884/7352/2971 4918/7353/1021 4916/7354/2969 4882/7355/1041
f 4893/7356/1042 4927/7357/1026 4915/7358/1030 4881/7359/1043
f 4886/7351/1037 4920/7350/1018 4918/7353/1021 4884/7352/2971
f 4891/7360/2967 4925/7361/1025 4923/7362/1028 4889/7363/1004
f 4892/7364/996 4926/7365/1019 4925/7361/1025 4891/7360/2967
f 4889/7363/1004 4923/7362/1028 4939/7207/967 4905/7206/936
f 4888/7366/998 4922/7367/1022 4924/7368/1020 4890/7369/995
f 4887/7370/1006 4921/7371/1031 4928/7372/1027 4894/7373/1002
f 4890/7369/995 4924/7368/1020 4926/7365/1019 4892/7364/996
f 4882/7355/1041 4916/7354/2969 4927/7374/1026 4893/7375/1042
f 4894/7376/1002 4928/7377/1027 4922/7367/1022 4888/7366/998
f 4881/7359/1043 4915/7358/1030 4929/7378/2980 4895/7379/2981
f 4896/7380/1008 4930/7381/1032 4921/7371/1031 4887/7370/1006
f 4938/7382/1045 4950/7383/287 4902/7384/287 4933/7385/1011
f 4884/7343/2971 4882/7386/1041 4944/7387/2978 4946/7344/1009
f 4937/7230/935 4901/7233/283 4900/7388/283 4934/7389/1003
f 4947/7289/1010 4910/7288/287 4904/7390/287 4941/7391/1046
f 4885/7392/1040 4886/7342/1037 4947/7345/1010 4941/7393/1046
f 4931/7394/1001 4903/7395/283 4949/7295/283 4940/7294/1005
f 4893/7396/1042 4933/7397/1011 4944/7387/2978 4882/7386/1041
f 4942/7398/999 4906/7399/283 4912/7299/283 4948/7298/993
f 4913/7400/1047 4952/7401/287 4950/7383/287 4938/7382/1045
f 4898/7246/979 4883/7402/1039 4935/7403/1048 4936/7247/2965
f 4941/7391/1046 4904/7390/287 4897/7404/287 4935/7405/1048
f 4883/7402/1039 4885/7392/1040 4941/7393/1046 4935/7403/1048
f 4944/7293/2978 4907/7292/287 4909/7287/287 4946/7286/1009
f 4881/7406/1043 4938/7407/1045 4933/7408/1011 4893/7409/1042
f 4935/7405/1048 4897/7404/287 4899/7257/287 4936/7256/2965
f 4934/7389/1003 4900/7388/283 4906/7399/283 4942/7398/999
f 4881/7406/1043 4895/7410/2981 4913/7411/1047 4938/7407/1045
f 4952/7412/2982 4929/7413/2982 4930/7414/1050 4951/7415/1051
f 4895/7416/1052 4929/7413/2982 4952/7412/2982 4913/7417/1052
f 4930/7414/1050 4896/7418/1053 4914/7419/1053 4951/7415/1051
