# Blender 4.0.2
# www.blender.org
mtllib Oven Tür.mtl
o OfenTür
v -0.640390 0.309373 -2.584473
v -0.640390 0.311274 -2.582551
v -0.642709 0.311274 -2.584473
v -0.640390 0.309930 -2.583113
v -0.641729 0.310177 -2.583363
v -0.642030 0.311274 -2.583113
v -0.642030 0.309930 -2.584473
v -0.640390 0.756739 -2.582551
v -0.640390 0.758640 -2.584473
v -0.642709 0.756739 -2.584473
v -0.640390 0.758083 -2.583113
v -0.641729 0.757836 -2.583363
v -0.642030 0.758083 -2.584473
v -0.642030 0.756739 -2.583113
v -0.640390 0.309373 -2.599766
v -0.642709 0.311274 -2.599766
v -0.640390 0.311274 -2.601688
v -0.642030 0.309930 -2.599766
v -0.641729 0.310177 -2.600876
v -0.642030 0.311274 -2.601125
v -0.640390 0.309930 -2.601125
v -0.640390 0.758640 -2.599766
v -0.640390 0.756739 -2.601688
v -0.642709 0.756739 -2.599766
v -0.640390 0.758083 -2.601125
v -0.641729 0.757836 -2.600876
v -0.642030 0.756739 -2.601125
v -0.642030 0.758083 -2.599766
v -0.136732 0.309373 -2.584473
v -0.134413 0.311274 -2.584473
v -0.136732 0.311274 -2.582551
v -0.135092 0.309930 -2.584473
v -0.135393 0.310177 -2.583363
v -0.135092 0.311274 -2.583113
v -0.136732 0.309930 -2.583113
v -0.136732 0.758640 -2.584473
v -0.136732 0.756739 -2.582551
v -0.134413 0.756739 -2.584473
v -0.136732 0.758083 -2.583113
v -0.135393 0.757836 -2.583363
v -0.135092 0.756739 -2.583113
v -0.135092 0.758083 -2.584473
v -0.136732 0.309373 -2.599766
v -0.136732 0.311274 -2.601688
v -0.134413 0.311274 -2.599766
v -0.136732 0.309930 -2.601125
v -0.135393 0.310177 -2.600876
v -0.135092 0.311274 -2.601125
v -0.135092 0.309930 -2.599766
v -0.136732 0.758640 -2.599766
v -0.134413 0.756739 -2.599766
v -0.136732 0.756739 -2.601688
v -0.135092 0.758083 -2.599766
v -0.135393 0.757836 -2.600876
v -0.135092 0.756739 -2.601125
v -0.136732 0.758083 -2.601125
v -0.566720 0.707523 -2.563510
v -0.566720 0.716900 -2.563510
v -0.579161 0.707214 -2.586929
v -0.579161 0.717280 -2.586929
v -0.208855 0.707457 -2.563510
v -0.208855 0.716953 -2.563510
v -0.196414 0.706873 -2.586929
v -0.196414 0.717537 -2.586929
v -0.238630 0.705538 -2.586007
v -0.323881 0.705257 -2.556344
v -0.387788 0.705033 -2.549147
v -0.451141 0.705446 -2.556090
v -0.536392 0.706637 -2.585754
v -0.536392 0.718047 -2.585754
v -0.451141 0.719011 -2.556090
v -0.387788 0.719377 -2.549147
v -0.323881 0.719152 -2.556344
v -0.238630 0.718872 -2.586007
v -0.525681 0.706993 -2.550247
v -0.449740 0.705509 -2.536679
v -0.387788 0.705039 -2.532834
v -0.325356 0.705482 -2.536764
v -0.249415 0.706788 -2.550332
v -0.249415 0.717622 -2.550332
v -0.325356 0.718927 -2.536764
v -0.387788 0.719370 -2.532834
v -0.449740 0.718908 -2.536679
v -0.525681 0.717462 -2.550247
v -0.570742 0.712205 -2.562354
v -0.584960 0.712233 -2.586954
v -0.190615 0.712205 -2.586954
v -0.204833 0.712205 -2.562354
v -0.251572 0.712205 -2.543197
v -0.325651 0.712205 -2.532848
v -0.387788 0.712205 -2.529572
v -0.449460 0.712205 -2.532796
v -0.523539 0.712205 -2.543145
v -0.536392 0.712342 -2.585754
v -0.451141 0.712228 -2.556090
v -0.387788 0.712205 -2.549147
v -0.323881 0.712205 -2.556344
v -0.238630 0.712205 -2.586007
v -0.582083 0.706733 -2.582156
v -0.582083 0.717724 -2.582156
v -0.193492 0.706510 -2.582156
v -0.193492 0.717899 -2.582156
v -0.240787 0.719893 -2.578872
v -0.324176 0.720486 -2.552428
v -0.387788 0.720810 -2.545884
v -0.450861 0.720343 -2.552208
v -0.534250 0.719047 -2.578653
v -0.534250 0.705591 -2.578653
v -0.450861 0.704106 -2.552208
v -0.387788 0.703600 -2.545884
v -0.324176 0.703924 -2.552428
v -0.240787 0.704517 -2.578872
v -0.182063 0.712205 -2.582816
v -0.593512 0.712205 -2.582816
v -0.267707 0.705320 -2.577949
v -0.267707 0.719090 -2.577949
v -0.275300 0.706416 -2.544541
v -0.275300 0.717994 -2.544541
v -0.267707 0.712205 -2.577949
v -0.276819 0.712205 -2.537859
v -0.269226 0.704217 -2.571268
v -0.269226 0.720193 -2.571268
v -0.505656 0.706302 -2.576936
v -0.505656 0.718352 -2.576936
v -0.498360 0.706566 -2.544200
v -0.498360 0.717884 -2.544200
v -0.505656 0.712327 -2.576936
v -0.496900 0.712205 -2.537652
v -0.504197 0.705168 -2.570389
v -0.504197 0.719445 -2.570389
v -0.579385 0.706817 -2.577806
v -0.575610 0.706977 -2.572543
v -0.570933 0.707240 -2.567304
v -0.570656 0.713726 -2.562377
v -0.570056 0.715109 -2.562539
v -0.568574 0.716219 -2.562952
v -0.583622 0.717764 -2.584929
v -0.583607 0.717711 -2.586350
v -0.581778 0.717524 -2.586865
v -0.584836 0.710587 -2.586954
v -0.583967 0.709099 -2.586950
v -0.581823 0.707921 -2.586941
v -0.548066 0.706667 -2.586376
v -0.560740 0.706757 -2.586724
v -0.571958 0.706962 -2.586882
v -0.227275 0.718660 -2.586483
v -0.214766 0.718346 -2.586756
v -0.203609 0.717931 -2.586886
v -0.190739 0.710497 -2.586954
v -0.191608 0.708935 -2.586950
v -0.193752 0.707665 -2.586941
v -0.191953 0.706448 -2.584929
v -0.191968 0.706483 -2.586350
v -0.193797 0.706649 -2.586865
v -0.196190 0.717776 -2.577806
v -0.199965 0.717569 -2.572543
v -0.204642 0.717262 -2.567304
v -0.204919 0.710683 -2.562377
v -0.205519 0.709293 -2.562539
v -0.207001 0.708163 -2.562952
v -0.238913 0.706856 -2.553300
v -0.227115 0.706984 -2.556890
v -0.216217 0.707208 -2.560609
v -0.536460 0.717417 -2.553264
v -0.548400 0.717321 -2.556879
v -0.559351 0.717129 -2.560608
v -0.203609 0.706479 -2.586886
v -0.214766 0.706063 -2.586756
v -0.227275 0.705749 -2.586483
v -0.278772 0.705322 -2.572945
v -0.292434 0.705317 -2.567138
v -0.307776 0.705298 -2.561335
v -0.339992 0.705191 -2.552791
v -0.355988 0.705118 -2.550586
v -0.371907 0.705058 -2.549462
v -0.403659 0.705060 -2.549458
v -0.419518 0.705141 -2.550555
v -0.435350 0.705271 -2.552684
v -0.513843 0.706444 -2.580604
v -0.520589 0.706541 -2.583119
v -0.527553 0.706602 -2.584747
v -0.571958 0.717568 -2.586882
v -0.560740 0.717825 -2.586724
v -0.548066 0.717971 -2.586376
v -0.494772 0.718496 -2.572015
v -0.481551 0.718664 -2.566410
v -0.466754 0.718841 -2.560856
v -0.435350 0.719158 -2.552684
v -0.419518 0.719274 -2.550555
v -0.403659 0.719350 -2.549458
v -0.371907 0.719352 -2.549462
v -0.355988 0.719292 -2.550586
v -0.339992 0.719218 -2.552791
v -0.259701 0.719089 -2.581534
v -0.253396 0.719066 -2.583848
v -0.246977 0.719000 -2.585226
v -0.559351 0.707301 -2.560608
v -0.548400 0.707117 -2.556879
v -0.536460 0.707031 -2.553264
v -0.488915 0.706326 -2.542535
v -0.477312 0.706049 -2.540593
v -0.464079 0.705766 -2.538574
v -0.434759 0.705304 -2.535084
v -0.419343 0.705157 -2.533873
v -0.403638 0.705069 -2.533104
v -0.371930 0.705068 -2.533105
v -0.356172 0.705154 -2.533884
v -0.340615 0.705293 -2.535120
v -0.268358 0.706563 -2.545796
v -0.262821 0.706662 -2.546912
v -0.257052 0.706731 -2.548290
v -0.216217 0.717201 -2.560609
v -0.227115 0.717426 -2.556890
v -0.238913 0.717554 -2.553300
v -0.284902 0.718199 -2.542848
v -0.296886 0.718442 -2.540838
v -0.310591 0.718694 -2.538735
v -0.340614 0.719117 -2.535120
v -0.356172 0.719256 -2.533884
v -0.371930 0.719341 -2.533105
v -0.403638 0.719341 -2.533104
v -0.419343 0.719253 -2.533873
v -0.434759 0.719109 -2.535084
v -0.505459 0.717711 -2.545483
v -0.511378 0.717592 -2.546666
v -0.517618 0.717514 -2.548128
v -0.242742 0.719594 -2.572406
v -0.245101 0.719140 -2.564602
v -0.247460 0.718495 -2.556798
v -0.324444 0.720414 -2.548879
v -0.324766 0.720206 -2.544596
v -0.325089 0.719749 -2.540313
v -0.387788 0.720786 -2.542928
v -0.387788 0.720627 -2.539359
v -0.387788 0.720200 -2.535791
v -0.450607 0.720299 -2.548689
v -0.450300 0.720127 -2.544443
v -0.449994 0.719703 -2.540197
v -0.532309 0.718904 -2.572217
v -0.529966 0.718639 -2.564450
v -0.527623 0.718181 -2.556683
v -0.532309 0.705693 -2.572217
v -0.529966 0.705908 -2.564450
v -0.527623 0.706315 -2.556683
v -0.450607 0.704142 -2.548689
v -0.450300 0.704306 -2.544443
v -0.449994 0.704721 -2.540197
v -0.387788 0.703624 -2.542928
v -0.387788 0.703782 -2.539359
v -0.387788 0.704209 -2.535791
v -0.324444 0.703996 -2.548879
v -0.324766 0.704203 -2.544596
v -0.325089 0.704661 -2.540313
v -0.242742 0.704816 -2.572406
v -0.245101 0.705269 -2.564602
v -0.247460 0.705914 -2.556798
v -0.251538 0.710684 -2.543308
v -0.251302 0.709231 -2.544089
v -0.250662 0.707910 -2.546207
v -0.325647 0.710225 -2.532909
v -0.325614 0.708365 -2.533337
v -0.325527 0.706744 -2.534500
v -0.387788 0.710078 -2.529623
v -0.387788 0.708085 -2.529979
v -0.387788 0.706361 -2.530948
v -0.449464 0.710222 -2.532857
v -0.449495 0.708362 -2.533282
v -0.449578 0.706750 -2.534434
v -0.523573 0.710684 -2.543256
v -0.523807 0.709250 -2.544033
v -0.524443 0.707991 -2.546141
v -0.536392 0.710648 -2.585754
v -0.536392 0.709062 -2.585754
v -0.536392 0.707689 -2.585754
v -0.451141 0.710215 -2.556090
v -0.451141 0.708328 -2.556090
v -0.451141 0.706696 -2.556090
v -0.387788 0.710075 -2.549147
v -0.387788 0.708081 -2.549147
v -0.387788 0.706355 -2.549147
v -0.323881 0.710142 -2.556344
v -0.323881 0.708210 -2.556344
v -0.323881 0.706538 -2.556344
v -0.238630 0.710225 -2.586007
v -0.238630 0.708371 -2.586007
v -0.238630 0.706767 -2.586007
v -0.568574 0.708198 -2.562952
v -0.570056 0.709303 -2.562539
v -0.570656 0.710684 -2.562377
v -0.581823 0.716560 -2.586941
v -0.583967 0.715372 -2.586950
v -0.584836 0.713880 -2.586954
v -0.193752 0.716745 -2.586941
v -0.191608 0.715474 -2.586950
v -0.190739 0.713913 -2.586954
v -0.207002 0.716246 -2.562952
v -0.205519 0.715117 -2.562539
v -0.204919 0.713727 -2.562377
v -0.250662 0.716500 -2.546207
v -0.251302 0.715179 -2.544089
v -0.251538 0.713725 -2.543308
v -0.325527 0.717666 -2.534500
v -0.325614 0.716045 -2.533337
v -0.325647 0.714185 -2.532909
v -0.387788 0.718049 -2.530948
v -0.387788 0.716324 -2.529979
v -0.387788 0.714332 -2.529623
v -0.449578 0.717663 -2.534434
v -0.449495 0.716048 -2.533282
v -0.449464 0.714188 -2.532857
v -0.524443 0.716438 -2.546141
v -0.523807 0.715165 -2.544033
v -0.523573 0.713726 -2.543256
v -0.536392 0.716995 -2.585754
v -0.536392 0.715622 -2.585754
v -0.536392 0.714035 -2.585754
v -0.451141 0.717760 -2.556090
v -0.451141 0.716128 -2.556090
v -0.451141 0.714242 -2.556090
v -0.387788 0.718055 -2.549147
v -0.387788 0.716329 -2.549147
v -0.387788 0.714334 -2.549147
v -0.323881 0.717871 -2.556344
v -0.323881 0.716200 -2.556344
v -0.323881 0.714267 -2.556344
v -0.238630 0.717643 -2.586007
v -0.238630 0.716038 -2.586007
v -0.238630 0.714184 -2.586007
v -0.259701 0.712205 -2.581534
v -0.253396 0.712205 -2.583848
v -0.246977 0.712205 -2.585226
v -0.371907 0.712205 -2.549462
v -0.355988 0.712205 -2.550586
v -0.339992 0.712205 -2.552791
v -0.435350 0.712215 -2.552684
v -0.419518 0.712208 -2.550555
v -0.403659 0.712205 -2.549458
v -0.494773 0.712303 -2.572015
v -0.481551 0.712276 -2.566410
v -0.466754 0.712250 -2.560856
v -0.574415 0.712259 -2.586892
v -0.561492 0.712289 -2.586728
v -0.548160 0.712319 -2.586376
v -0.503783 0.712205 -2.538459
v -0.509536 0.712205 -2.539376
v -0.515631 0.712205 -2.540805
v -0.403633 0.712205 -2.529833
v -0.419308 0.712205 -2.530537
v -0.434640 0.712205 -2.531564
v -0.340739 0.712205 -2.531586
v -0.356209 0.712205 -2.530543
v -0.371935 0.712205 -2.529834
v -0.286128 0.712205 -2.536829
v -0.297777 0.712205 -2.535578
v -0.311154 0.712205 -2.534215
v -0.216207 0.712205 -2.556573
v -0.228835 0.712205 -2.551261
v -0.241147 0.712205 -2.546707
v -0.534232 0.712205 -2.546685
v -0.546682 0.712205 -2.551255
v -0.559361 0.712205 -2.556572
v -0.184990 0.712205 -2.578961
v -0.189480 0.712205 -2.573974
v -0.195954 0.712205 -2.568292
v -0.227181 0.712205 -2.586483
v -0.214014 0.712205 -2.586759
v -0.201151 0.712205 -2.586896
v -0.595092 0.712205 -2.585237
v -0.594728 0.712208 -2.586475
v -0.591618 0.712217 -2.586918
v -0.581778 0.706957 -2.586865
v -0.583607 0.706758 -2.586350
v -0.583622 0.706698 -2.584929
v -0.570933 0.717189 -2.567304
v -0.575610 0.717462 -2.572543
v -0.579385 0.717632 -2.577806
v -0.204642 0.707147 -2.567304
v -0.199965 0.706841 -2.572543
v -0.196190 0.706634 -2.577806
v -0.193797 0.717761 -2.586865
v -0.191968 0.717927 -2.586350
v -0.191953 0.717962 -2.584929
v -0.238664 0.719638 -2.585896
v -0.238900 0.720000 -2.585115
v -0.239540 0.720053 -2.582997
v -0.323886 0.719955 -2.556282
v -0.323918 0.720361 -2.555854
v -0.324006 0.720496 -2.554692
v -0.387788 0.720206 -2.549096
v -0.387788 0.720632 -2.548739
v -0.387788 0.720788 -2.547770
v -0.451136 0.719795 -2.556030
v -0.451106 0.720195 -2.555605
v -0.451023 0.720336 -2.554452
v -0.536359 0.718704 -2.585643
v -0.536124 0.719027 -2.584866
v -0.535488 0.719110 -2.582758
v -0.536359 0.705979 -2.585643
v -0.536124 0.705651 -2.584866
v -0.535488 0.705554 -2.582758
v -0.451136 0.704662 -2.556030
v -0.451106 0.704261 -2.555605
v -0.451023 0.704118 -2.554452
v -0.387788 0.704203 -2.549096
v -0.387788 0.703778 -2.548739
v -0.387788 0.703621 -2.547770
v -0.323886 0.704455 -2.556282
v -0.323918 0.704048 -2.555854
v -0.324006 0.703913 -2.554692
v -0.238664 0.704772 -2.585896
v -0.238900 0.704410 -2.585115
v -0.239540 0.704357 -2.582997
v -0.183957 0.712205 -2.586918
v -0.180847 0.712205 -2.586475
v -0.180483 0.712205 -2.585237
v -0.579621 0.712205 -2.568292
v -0.586095 0.712205 -2.573974
v -0.590585 0.712205 -2.578961
v -0.593333 0.710580 -2.582805
v -0.592083 0.709059 -2.582733
v -0.588690 0.707742 -2.582537
v -0.182242 0.710577 -2.582805
v -0.183492 0.709031 -2.582733
v -0.186885 0.707648 -2.582537
v -0.279998 0.704167 -2.566926
v -0.293324 0.704102 -2.561878
v -0.308339 0.704021 -2.556815
v -0.340117 0.703814 -2.549257
v -0.356025 0.703709 -2.547246
v -0.371912 0.703631 -2.546190
v -0.403655 0.703634 -2.546187
v -0.419483 0.703732 -2.547219
v -0.435231 0.703891 -2.549164
v -0.512166 0.705345 -2.573580
v -0.518747 0.705466 -2.575829
v -0.525566 0.705544 -2.577423
v -0.545831 0.705636 -2.579750
v -0.558960 0.705770 -2.580728
v -0.571692 0.706100 -2.581544
v -0.493601 0.719643 -2.566119
v -0.480704 0.719875 -2.561246
v -0.466219 0.720115 -2.556400
v -0.435231 0.720535 -2.549164
v -0.419483 0.720682 -2.547219
v -0.403655 0.720777 -2.546187
v -0.371912 0.720779 -2.546190
v -0.356025 0.720700 -2.547246
v -0.340117 0.720595 -2.549257
v -0.261433 0.720155 -2.574387
v -0.255281 0.720108 -2.576460
v -0.248992 0.720029 -2.577839
v -0.229517 0.719669 -2.579843
v -0.216548 0.719304 -2.580756
v -0.203875 0.718734 -2.581548
v -0.571692 0.718400 -2.581544
v -0.558960 0.718781 -2.580728
v -0.545831 0.718964 -2.579750
v -0.203875 0.705675 -2.581548
v -0.216548 0.705106 -2.580756
v -0.229517 0.704740 -2.579843
v -0.186885 0.716762 -2.582537
v -0.183492 0.715379 -2.582733
v -0.182242 0.713833 -2.582805
v -0.588690 0.716687 -2.582537
v -0.592083 0.715357 -2.582733
v -0.593333 0.713830 -2.582805
v -0.246977 0.705409 -2.585226
v -0.253396 0.705344 -2.583848
v -0.259701 0.705321 -2.581534
v -0.307776 0.719111 -2.561335
v -0.292434 0.719092 -2.567138
v -0.278772 0.719088 -2.572945
v -0.310591 0.705715 -2.538735
v -0.296886 0.705967 -2.540838
v -0.284902 0.706210 -2.542848
v -0.257052 0.717678 -2.548290
v -0.262821 0.717747 -2.546912
v -0.268358 0.717847 -2.545796
v -0.307776 0.712205 -2.561335
v -0.292434 0.712205 -2.567138
v -0.278772 0.712205 -2.572945
v -0.259067 0.712205 -2.540902
v -0.264706 0.712205 -2.539525
v -0.270089 0.712205 -2.538649
v -0.248992 0.704381 -2.577839
v -0.255281 0.704301 -2.576460
v -0.261433 0.704255 -2.574387
v -0.308339 0.720389 -2.556815
v -0.293324 0.720307 -2.561878
v -0.279998 0.720242 -2.566926
v -0.267731 0.719882 -2.577845
v -0.267897 0.720261 -2.577114
v -0.268348 0.720330 -2.575130
v -0.267731 0.704528 -2.577845
v -0.267897 0.704149 -2.577114
v -0.268348 0.704080 -2.575130
v -0.276795 0.710563 -2.537964
v -0.276629 0.708999 -2.538694
v -0.276178 0.707591 -2.540678
v -0.267707 0.710161 -2.577949
v -0.267707 0.708246 -2.577949
v -0.267707 0.706589 -2.577949
v -0.267707 0.717820 -2.577949
v -0.267707 0.716164 -2.577949
v -0.267707 0.714249 -2.577949
v -0.276178 0.716819 -2.540678
v -0.276629 0.715410 -2.538694
v -0.276795 0.713846 -2.537964
v -0.270602 0.704482 -2.565212
v -0.272263 0.704903 -2.557904
v -0.273924 0.705530 -2.550596
v -0.270602 0.719927 -2.565212
v -0.272263 0.719507 -2.557904
v -0.273924 0.718880 -2.550596
v -0.466754 0.705658 -2.560856
v -0.481551 0.705888 -2.566410
v -0.494773 0.706110 -2.572015
v -0.527553 0.718105 -2.584747
v -0.520589 0.718167 -2.583119
v -0.513843 0.718245 -2.580604
v -0.517618 0.706945 -2.548128
v -0.511378 0.706867 -2.546666
v -0.505459 0.706745 -2.545483
v -0.464079 0.718658 -2.538574
v -0.477312 0.718384 -2.540593
v -0.488915 0.718116 -2.542535
v -0.527553 0.712353 -2.584747
v -0.520589 0.712354 -2.583119
v -0.513843 0.712345 -2.580604
v -0.463544 0.712205 -2.534117
v -0.476464 0.712205 -2.535429
v -0.487743 0.712205 -2.536639
v -0.466219 0.704369 -2.556400
v -0.480704 0.704654 -2.561246
v -0.493601 0.704930 -2.566119
v -0.525566 0.719114 -2.577423
v -0.518747 0.719192 -2.575829
v -0.512166 0.719298 -2.573580
v -0.505633 0.719047 -2.576833
v -0.505473 0.719393 -2.576118
v -0.505040 0.719491 -2.574174
v -0.505633 0.705606 -2.576833
v -0.505473 0.705257 -2.576118
v -0.505040 0.705146 -2.574174
v -0.496923 0.710551 -2.537755
v -0.497083 0.708995 -2.538471
v -0.497516 0.707634 -2.540415
v -0.505656 0.710538 -2.576936
v -0.505656 0.708863 -2.576936
v -0.505656 0.707413 -2.576936
v -0.505656 0.717241 -2.576936
v -0.505656 0.715792 -2.576936
v -0.505656 0.714116 -2.576936
v -0.497516 0.716793 -2.540415
v -0.497083 0.715420 -2.538471
v -0.496923 0.713859 -2.537755
v -0.502874 0.705250 -2.564455
v -0.501278 0.705450 -2.557294
v -0.499682 0.705858 -2.550133
v -0.502874 0.719326 -2.564455
v -0.501278 0.719082 -2.557294
v -0.499682 0.718629 -2.550133
v -0.594913 0.713844 -2.585232
v -0.593658 0.715383 -2.585199
v -0.590252 0.716722 -2.585107
v -0.594554 0.713853 -2.586473
v -0.593335 0.715386 -2.586460
v -0.590028 0.716699 -2.586422
v -0.591460 0.713862 -2.586917
v -0.590353 0.715369 -2.586912
v -0.587398 0.716611 -2.586896
v -0.227184 0.714124 -2.586483
v -0.227205 0.715921 -2.586483
v -0.227249 0.717473 -2.586483
v -0.214038 0.714050 -2.586759
v -0.214202 0.715768 -2.586759
v -0.214555 0.717235 -2.586757
v -0.201222 0.713974 -2.586896
v -0.201722 0.715602 -2.586894
v -0.202835 0.716953 -2.586889
v -0.185164 0.713810 -2.578944
v -0.186387 0.715330 -2.578821
v -0.189709 0.716679 -2.578485
v -0.189641 0.713781 -2.573956
v -0.190770 0.715260 -2.573832
v -0.193854 0.716547 -2.573457
v -0.196086 0.713751 -2.568289
v -0.197006 0.715176 -2.568265
v -0.199521 0.716370 -2.568118
v -0.534266 0.713717 -2.546788
v -0.534500 0.715146 -2.547504
v -0.535147 0.716406 -2.549453
v -0.546698 0.713714 -2.551340
v -0.546811 0.715126 -2.551933
v -0.547203 0.716352 -2.553568
v -0.559332 0.713715 -2.556628
v -0.559125 0.715104 -2.557018
v -0.558776 0.716261 -2.558124
v -0.231636 0.705006 -2.573825
v -0.218859 0.705327 -2.575317
v -0.206391 0.705847 -2.576705
v -0.234204 0.705419 -2.566564
v -0.221739 0.705682 -2.568764
v -0.209706 0.706131 -2.570885
v -0.236786 0.706021 -2.559306
v -0.224735 0.706217 -2.562237
v -0.213413 0.706570 -2.565138
v -0.543718 0.718827 -2.573745
v -0.556650 0.718654 -2.575293
v -0.569176 0.718288 -2.576702
v -0.541157 0.718570 -2.566500
v -0.553772 0.718414 -2.568745
v -0.565861 0.718077 -2.570883
v -0.538581 0.718123 -2.559258
v -0.550778 0.717993 -2.562222
v -0.562154 0.717709 -2.565136
v -0.206391 0.718562 -2.576705
v -0.218859 0.719082 -2.575317
v -0.231635 0.719403 -2.573825
v -0.209706 0.718279 -2.570885
v -0.221739 0.718727 -2.568764
v -0.234204 0.718991 -2.566564
v -0.213413 0.717840 -2.565138
v -0.224735 0.718192 -2.562237
v -0.236786 0.718388 -2.559306
v -0.281109 0.720023 -2.561471
v -0.294131 0.720141 -2.557111
v -0.308849 0.720274 -2.552719
v -0.282450 0.719654 -2.554887
v -0.295105 0.719830 -2.551358
v -0.309465 0.720020 -2.547775
v -0.283791 0.719068 -2.548303
v -0.296079 0.719292 -2.545605
v -0.310081 0.719527 -2.542831
v -0.340229 0.720551 -2.546054
v -0.356058 0.720670 -2.544219
v -0.371916 0.720754 -2.543226
v -0.340366 0.720373 -2.542188
v -0.356099 0.720506 -2.540565
v -0.371921 0.720595 -2.539648
v -0.340502 0.719936 -2.538323
v -0.356139 0.720078 -2.536911
v -0.371926 0.720169 -2.536070
v -0.403651 0.720752 -2.543223
v -0.419451 0.720656 -2.544195
v -0.435124 0.720503 -2.545974
v -0.403646 0.720594 -2.539645
v -0.419413 0.720496 -2.540546
v -0.434995 0.720339 -2.542124
v -0.403642 0.720168 -2.536068
v -0.419375 0.720072 -2.536897
v -0.434866 0.719917 -2.538274
v -0.510647 0.719165 -2.567214
v -0.517077 0.719051 -2.569221
v -0.523765 0.718969 -2.570786
v -0.508813 0.718908 -2.559531
v -0.515062 0.718786 -2.561248
v -0.521592 0.718701 -2.562776
v -0.506979 0.718449 -2.551849
v -0.513047 0.718324 -2.553273
v -0.519419 0.718240 -2.554765
v -0.569176 0.706195 -2.576702
v -0.556650 0.705871 -2.575293
v -0.543718 0.705738 -2.573745
v -0.565861 0.706387 -2.570883
v -0.553772 0.706080 -2.568745
v -0.541157 0.705954 -2.566500
v -0.562154 0.706736 -2.565136
v -0.550778 0.706471 -2.562222
v -0.538581 0.706359 -2.559258
v -0.492539 0.705001 -2.560776
v -0.479935 0.704712 -2.556567
v -0.465734 0.704415 -2.552361
v -0.491258 0.705192 -2.554327
v -0.479008 0.704893 -2.550919
v -0.465149 0.704587 -2.547487
v -0.489976 0.705601 -2.547878
v -0.478081 0.705303 -2.545272
v -0.464564 0.704999 -2.542612
v -0.435124 0.703920 -2.545974
v -0.419451 0.703758 -2.544195
v -0.403651 0.703658 -2.543223
v -0.434995 0.704081 -2.542124
v -0.419413 0.703916 -2.540546
v -0.403646 0.703816 -2.539645
v -0.434866 0.704499 -2.538274
v -0.419375 0.704339 -2.536897
v -0.403642 0.704242 -2.536068
v -0.371916 0.703655 -2.543226
v -0.356058 0.703739 -2.544219
v -0.340229 0.703859 -2.546054
v -0.371921 0.703814 -2.539648
v -0.356099 0.703903 -2.540565
v -0.340366 0.704037 -2.542188
v -0.371926 0.704241 -2.536070
v -0.356139 0.704331 -2.536911
v -0.340502 0.704474 -2.538323
v -0.263002 0.704553 -2.567909
v -0.256989 0.704616 -2.569766
v -0.250818 0.704696 -2.571144
v -0.264895 0.705009 -2.560091
v -0.259051 0.705091 -2.561686
v -0.253022 0.705170 -2.563064
v -0.266789 0.705665 -2.552274
v -0.261112 0.705761 -2.553606
v -0.255226 0.705837 -2.554984
v -0.216236 0.713716 -2.556628
v -0.216443 0.715113 -2.557019
v -0.216792 0.716293 -2.558125
v -0.228819 0.713715 -2.551346
v -0.228706 0.715139 -2.551940
v -0.228314 0.716396 -2.553576
v -0.241114 0.713718 -2.546809
v -0.240879 0.715160 -2.547528
v -0.240230 0.716461 -2.549481
v -0.286109 0.713922 -2.536923
v -0.285975 0.715552 -2.537581
v -0.285611 0.717007 -2.539368
v -0.297763 0.714011 -2.535660
v -0.297665 0.715718 -2.536235
v -0.297401 0.717228 -2.537797
v -0.311145 0.714102 -2.534286
v -0.311084 0.715889 -2.534780
v -0.310917 0.717457 -2.536122
v -0.340737 0.714250 -2.531641
v -0.340723 0.716168 -2.532028
v -0.340686 0.717832 -2.533077
v -0.356209 0.714295 -2.530596
v -0.356205 0.716255 -2.530961
v -0.356194 0.717952 -2.531953
v -0.371935 0.714323 -2.529885
v -0.371934 0.716307 -2.530243
v -0.371933 0.718024 -2.531214
v -0.403633 0.714323 -2.529884
v -0.403634 0.716307 -2.530242
v -0.403635 0.718024 -2.531213
v -0.419308 0.714296 -2.530589
v -0.419312 0.716255 -2.530954
v -0.419323 0.717952 -2.531945
v -0.434642 0.714251 -2.531620
v -0.434655 0.716169 -2.532004
v -0.434690 0.717831 -2.533049
v -0.503809 0.713804 -2.538568
v -0.503992 0.715314 -2.539337
v -0.504490 0.716646 -2.541422
v -0.509564 0.713766 -2.539490
v -0.509766 0.715241 -2.540287
v -0.510313 0.716545 -2.542452
v -0.515662 0.713741 -2.540919
v -0.515879 0.715194 -2.541720
v -0.516469 0.716479 -2.543894
v -0.574344 0.713915 -2.586892
v -0.573845 0.715429 -2.586890
v -0.572731 0.716671 -2.586885
v -0.561468 0.713958 -2.586728
v -0.561304 0.715508 -2.586727
v -0.560951 0.716827 -2.586725
v -0.548157 0.714000 -2.586376
v -0.548137 0.715573 -2.586376
v -0.548093 0.716932 -2.586376
v -0.494773 0.714141 -2.572015
v -0.494772 0.715864 -2.572015
v -0.494772 0.717354 -2.572015
v -0.481551 0.714172 -2.566410
v -0.481551 0.715949 -2.566410
v -0.481551 0.717486 -2.566410
v -0.466754 0.714206 -2.560856
v -0.466754 0.716040 -2.560856
v -0.466754 0.717626 -2.560856
v -0.435350 0.714276 -2.552684
v -0.435350 0.716207 -2.552684
v -0.435350 0.717878 -2.552684
v -0.419518 0.714306 -2.550555
v -0.419518 0.716271 -2.550555
v -0.419518 0.717971 -2.550555
v -0.403659 0.714326 -2.549458
v -0.403659 0.716313 -2.549458
v -0.403659 0.718032 -2.549458
v -0.371907 0.714327 -2.549462
v -0.371907 0.716314 -2.549462
v -0.371907 0.718034 -2.549462
v -0.355988 0.714309 -2.550586
v -0.355988 0.716280 -2.550586
v -0.355988 0.717985 -2.550586
v -0.339992 0.714287 -2.552791
v -0.339992 0.716237 -2.552791
v -0.339992 0.717925 -2.552791
v -0.259701 0.714248 -2.581534
v -0.259701 0.716163 -2.581534
v -0.259701 0.717819 -2.581534
v -0.253396 0.714242 -2.583848
v -0.253396 0.716150 -2.583848
v -0.253396 0.717801 -2.583848
v -0.246977 0.714222 -2.585226
v -0.246977 0.716112 -2.585226
v -0.246977 0.717747 -2.585226
v -0.259701 0.706590 -2.581534
v -0.259701 0.708246 -2.581534
v -0.259701 0.710161 -2.581534
v -0.253396 0.706609 -2.583848
v -0.253396 0.708260 -2.583848
v -0.253396 0.710168 -2.583848
v -0.246977 0.706662 -2.585226
v -0.246977 0.708297 -2.585226
v -0.246977 0.710187 -2.585226
v -0.371907 0.706375 -2.549462
v -0.371907 0.708095 -2.549462
v -0.371907 0.710083 -2.549462
v -0.355988 0.706424 -2.550586
v -0.355988 0.708130 -2.550586
v -0.355988 0.710101 -2.550586
v -0.339992 0.706484 -2.552791
v -0.339992 0.708172 -2.552791
v -0.339992 0.710123 -2.552791
v -0.435350 0.706551 -2.552684
v -0.435350 0.708222 -2.552684
v -0.435350 0.710153 -2.552684
v -0.419518 0.706444 -2.550555
v -0.419518 0.708144 -2.550555
v -0.419518 0.710110 -2.550555
v -0.403659 0.706378 -2.549458
v -0.403659 0.708097 -2.549458
v -0.403659 0.710084 -2.549458
v -0.494772 0.707252 -2.572015
v -0.494772 0.708742 -2.572015
v -0.494772 0.710465 -2.572015
v -0.481551 0.707066 -2.566410
v -0.481551 0.708603 -2.566410
v -0.481551 0.710379 -2.566410
v -0.466754 0.706874 -2.560856
v -0.466754 0.708460 -2.560856
v -0.466754 0.710293 -2.560856
v -0.572731 0.707855 -2.586885
v -0.573845 0.709092 -2.586890
v -0.574344 0.710603 -2.586892
v -0.560951 0.707754 -2.586725
v -0.561304 0.709071 -2.586727
v -0.561468 0.710621 -2.586728
v -0.548093 0.707706 -2.586376
v -0.548137 0.709065 -2.586376
v -0.548157 0.710638 -2.586376
v -0.504490 0.707783 -2.541422
v -0.503992 0.709102 -2.539337
v -0.503809 0.710607 -2.538568
v -0.510313 0.707886 -2.542452
v -0.509766 0.709175 -2.540287
v -0.509564 0.710645 -2.539490
v -0.516469 0.707951 -2.543894
v -0.515879 0.709222 -2.541720
v -0.515662 0.710669 -2.540919
v -0.403635 0.706385 -2.531213
v -0.403634 0.708102 -2.530242
v -0.403633 0.710087 -2.529884
v -0.419323 0.706458 -2.531945
v -0.419312 0.708154 -2.530954
v -0.419308 0.710114 -2.530589
v -0.434690 0.706580 -2.533049
v -0.434655 0.708241 -2.532004
v -0.434642 0.710159 -2.531620
v -0.340686 0.706577 -2.533077
v -0.340723 0.708242 -2.532028
v -0.340737 0.710160 -2.531641
v -0.356194 0.706457 -2.531953
v -0.356205 0.708154 -2.530961
v -0.356209 0.710114 -2.530596
v -0.371933 0.706385 -2.531214
v -0.371934 0.708102 -2.530243
v -0.371935 0.710087 -2.529885
v -0.285611 0.707403 -2.539368
v -0.285975 0.708858 -2.537581
v -0.286109 0.710488 -2.536923
v -0.297401 0.707181 -2.537797
v -0.297665 0.708691 -2.536235
v -0.297763 0.710399 -2.535660
v -0.310917 0.706953 -2.536122
v -0.311084 0.708520 -2.534780
v -0.311145 0.710307 -2.534286
v -0.216792 0.708116 -2.558125
v -0.216443 0.709296 -2.557019
v -0.216236 0.710693 -2.556628
v -0.228314 0.708014 -2.553576
v -0.228706 0.709271 -2.551940
v -0.228819 0.710695 -2.551346
v -0.240230 0.707948 -2.549481
v -0.240879 0.709249 -2.547528
v -0.241114 0.710691 -2.546809
v -0.535147 0.708020 -2.549453
v -0.534500 0.709269 -2.547504
v -0.534266 0.710693 -2.546788
v -0.547203 0.708070 -2.553568
v -0.546811 0.709287 -2.551933
v -0.546698 0.710696 -2.551340
v -0.558776 0.708158 -2.558124
v -0.559125 0.709309 -2.557018
v -0.559332 0.710695 -2.556628
v -0.189709 0.707730 -2.578485
v -0.186387 0.709080 -2.578821
v -0.185164 0.710600 -2.578944
v -0.193854 0.707862 -2.573457
v -0.190770 0.709150 -2.573832
v -0.189641 0.710628 -2.573956
v -0.199521 0.708040 -2.568118
v -0.197006 0.709233 -2.568265
v -0.196086 0.710659 -2.568289
v -0.227249 0.706937 -2.586483
v -0.227205 0.708489 -2.586483
v -0.227184 0.710286 -2.586483
v -0.214555 0.707174 -2.586757
v -0.214202 0.708642 -2.586759
v -0.214038 0.710359 -2.586759
v -0.202835 0.707456 -2.586889
v -0.201722 0.708808 -2.586894
v -0.201222 0.710435 -2.586896
v -0.590252 0.707711 -2.585107
v -0.593658 0.709034 -2.585199
v -0.594913 0.710567 -2.585232
v -0.590028 0.707740 -2.586422
v -0.593335 0.709038 -2.586460
v -0.594554 0.710564 -2.586473
v -0.587398 0.707843 -2.586896
v -0.590353 0.709071 -2.586912
v -0.591460 0.710572 -2.586917
v -0.576055 0.708081 -2.568118
v -0.578569 0.709246 -2.568265
v -0.579490 0.710660 -2.568289
v -0.581721 0.707920 -2.573457
v -0.584805 0.709167 -2.573832
v -0.585934 0.710630 -2.573956
v -0.585866 0.707808 -2.578485
v -0.589188 0.709103 -2.578821
v -0.590411 0.710602 -2.578944
v -0.188177 0.707670 -2.586896
v -0.185222 0.708983 -2.586912
v -0.184115 0.710532 -2.586917
v -0.185547 0.707612 -2.586422
v -0.182241 0.708989 -2.586460
v -0.181021 0.710549 -2.586473
v -0.185323 0.707604 -2.585107
v -0.181917 0.709001 -2.585199
v -0.180662 0.710562 -2.585232
v -0.259728 0.704530 -2.581423
v -0.253425 0.704556 -2.583732
v -0.247008 0.704629 -2.585110
v -0.259918 0.704155 -2.580641
v -0.253631 0.704184 -2.582924
v -0.247229 0.704261 -2.584302
v -0.260432 0.704097 -2.578519
v -0.254191 0.704132 -2.580731
v -0.247827 0.704211 -2.582109
v -0.371907 0.704231 -2.549411
v -0.355989 0.704298 -2.550534
v -0.339994 0.704381 -2.552735
v -0.371908 0.703807 -2.549053
v -0.355993 0.703879 -2.550169
v -0.340008 0.703967 -2.552349
v -0.371909 0.703651 -2.548082
v -0.356004 0.703726 -2.549177
v -0.340045 0.703821 -2.551300
v -0.435348 0.704468 -2.552629
v -0.419517 0.704324 -2.550503
v -0.403659 0.704234 -2.549407
v -0.435335 0.704057 -2.552244
v -0.419514 0.703905 -2.550138
v -0.403659 0.703810 -2.549049
v -0.435300 0.703908 -2.551199
v -0.419503 0.703752 -2.549147
v -0.403658 0.703655 -2.548078
v -0.494754 0.705395 -2.571923
v -0.481538 0.705150 -2.566329
v -0.466745 0.704897 -2.560786
v -0.494626 0.705034 -2.571278
v -0.481445 0.704775 -2.565764
v -0.466687 0.704508 -2.560299
v -0.494278 0.704916 -2.569527
v -0.481194 0.704648 -2.564231
v -0.466528 0.704373 -2.558976
v -0.572689 0.706419 -2.586802
v -0.560912 0.706134 -2.586632
v -0.548056 0.706017 -2.586272
v -0.573504 0.706143 -2.586221
v -0.560987 0.705822 -2.585977
v -0.547846 0.705693 -2.585548
v -0.573195 0.706063 -2.584636
v -0.560400 0.705732 -2.584197
v -0.547175 0.705598 -2.583581
v -0.513817 0.718926 -2.580494
v -0.520561 0.718837 -2.583005
v -0.527522 0.718768 -2.584633
v -0.513633 0.719262 -2.579726
v -0.520359 0.719167 -2.582208
v -0.527305 0.719094 -2.583832
v -0.513136 0.719353 -2.577641
v -0.519812 0.719254 -2.580044
v -0.526715 0.719178 -2.581657
v -0.403659 0.720176 -2.549407
v -0.419517 0.720091 -2.550503
v -0.435348 0.719961 -2.552629
v -0.403659 0.720600 -2.549049
v -0.419514 0.720510 -2.550138
v -0.435335 0.720372 -2.552244
v -0.403658 0.720755 -2.548078
v -0.419503 0.720663 -2.549147
v -0.435300 0.720520 -2.551199
v -0.339994 0.720029 -2.552735
v -0.355989 0.720111 -2.550534
v -0.371907 0.720178 -2.549411
v -0.340008 0.720442 -2.552349
v -0.355993 0.720531 -2.550169
v -0.371908 0.720602 -2.549053
v -0.340045 0.720588 -2.551300
v -0.356004 0.720683 -2.549177
v -0.371909 0.720758 -2.548082
v -0.278791 0.719880 -2.572851
v -0.292448 0.719886 -2.567056
v -0.307785 0.719908 -2.561265
v -0.278925 0.720265 -2.572193
v -0.292545 0.720277 -2.566480
v -0.307846 0.720307 -2.560770
v -0.279289 0.720349 -2.570405
v -0.292809 0.720380 -2.564919
v -0.308013 0.720427 -2.559428
v -0.202878 0.718500 -2.586805
v -0.214594 0.719032 -2.586663
v -0.227285 0.719400 -2.586379
v -0.202062 0.718767 -2.586225
v -0.214519 0.719357 -2.586008
v -0.227497 0.719751 -2.585653
v -0.202371 0.718820 -2.584640
v -0.215107 0.719417 -2.584226
v -0.228170 0.719809 -2.583682
v -0.548056 0.718621 -2.586272
v -0.560912 0.718447 -2.586632
v -0.572689 0.718106 -2.586802
v -0.547846 0.718940 -2.585548
v -0.560987 0.718754 -2.585977
v -0.573504 0.718375 -2.586221
v -0.547175 0.719024 -2.583581
v -0.560400 0.718835 -2.584197
v -0.573195 0.718448 -2.584636
v -0.227285 0.705010 -2.586379
v -0.214594 0.705378 -2.586663
v -0.202878 0.705909 -2.586805
v -0.227497 0.704659 -2.585653
v -0.214519 0.705053 -2.586008
v -0.202062 0.705642 -2.586225
v -0.228170 0.704600 -2.583682
v -0.215107 0.704992 -2.584226
v -0.202371 0.705589 -2.584640
v -0.184115 0.713878 -2.586917
v -0.185222 0.715427 -2.586912
v -0.188177 0.716740 -2.586896
v -0.181021 0.713860 -2.586473
v -0.182241 0.715421 -2.586460
v -0.185547 0.716798 -2.586422
v -0.180662 0.713848 -2.585232
v -0.181917 0.715408 -2.585199
v -0.185323 0.716806 -2.585107
v -0.579490 0.713750 -2.568289
v -0.578569 0.715166 -2.568265
v -0.576055 0.716337 -2.568118
v -0.585934 0.713780 -2.573956
v -0.584805 0.715246 -2.573832
v -0.581721 0.716502 -2.573457
v -0.590411 0.713808 -2.578944
v -0.589188 0.715312 -2.578821
v -0.585866 0.716618 -2.578485
v -0.247008 0.719781 -2.585110
v -0.253425 0.719854 -2.583732
v -0.259728 0.719880 -2.581423
v -0.247229 0.720148 -2.584302
v -0.253631 0.720225 -2.582924
v -0.259918 0.720255 -2.580641
v -0.247827 0.720199 -2.582109
v -0.254191 0.720277 -2.580731
v -0.260432 0.720313 -2.578519
v -0.307785 0.704501 -2.561265
v -0.292448 0.704523 -2.567056
v -0.278791 0.704529 -2.572851
v -0.307846 0.704102 -2.560770
v -0.292545 0.704132 -2.566480
v -0.278925 0.704145 -2.572193
v -0.308013 0.703982 -2.559428
v -0.292809 0.704030 -2.564919
v -0.279289 0.704060 -2.570405
v -0.258217 0.707870 -2.544019
v -0.258815 0.709206 -2.541826
v -0.259036 0.710673 -2.541018
v -0.263910 0.707814 -2.542641
v -0.264470 0.709166 -2.540448
v -0.264676 0.710652 -2.539640
v -0.269359 0.707725 -2.541664
v -0.269873 0.709100 -2.539542
v -0.270062 0.710617 -2.538760
v -0.307776 0.706571 -2.561335
v -0.307776 0.708233 -2.561335
v -0.307776 0.710154 -2.561335
v -0.292434 0.706587 -2.567138
v -0.292434 0.708244 -2.567138
v -0.292434 0.710160 -2.567138
v -0.278772 0.706591 -2.572945
v -0.278772 0.708247 -2.572945
v -0.278772 0.710161 -2.572945
v -0.307776 0.714255 -2.561335
v -0.307776 0.716176 -2.561335
v -0.307776 0.717838 -2.561335
v -0.292434 0.714250 -2.567138
v -0.292434 0.716165 -2.567138
v -0.292434 0.717823 -2.567138
v -0.278772 0.714248 -2.572945
v -0.278772 0.716163 -2.572945
v -0.278772 0.717819 -2.572945
v -0.259036 0.713737 -2.541018
v -0.258815 0.715203 -2.541826
v -0.258217 0.716539 -2.544019
v -0.264676 0.713758 -2.539640
v -0.264470 0.715243 -2.540448
v -0.263910 0.716596 -2.542641
v -0.270062 0.713792 -2.538760
v -0.269873 0.715309 -2.539542
v -0.269359 0.716684 -2.541664
v -0.308849 0.704135 -2.552719
v -0.294131 0.704268 -2.557111
v -0.281109 0.704387 -2.561471
v -0.309465 0.704389 -2.547775
v -0.295105 0.704579 -2.551358
v -0.282450 0.704756 -2.554887
v -0.310081 0.704882 -2.542831
v -0.296079 0.705118 -2.545605
v -0.283791 0.705341 -2.548303
v -0.250818 0.719713 -2.571144
v -0.256989 0.719793 -2.569766
v -0.263002 0.719857 -2.567909
v -0.253022 0.719239 -2.563064
v -0.259051 0.719319 -2.561686
v -0.264895 0.719401 -2.560091
v -0.255226 0.718572 -2.554984
v -0.261112 0.718649 -2.553606
v -0.266789 0.718744 -2.552274
v -0.466745 0.719602 -2.560786
v -0.481538 0.719401 -2.566329
v -0.494754 0.719210 -2.571923
v -0.466687 0.719989 -2.560299
v -0.481445 0.719773 -2.565764
v -0.494626 0.719568 -2.571278
v -0.466528 0.720120 -2.558976
v -0.481194 0.719893 -2.564231
v -0.494278 0.719676 -2.569527
v -0.527522 0.705938 -2.584633
v -0.520561 0.705870 -2.583005
v -0.513817 0.705763 -2.580494
v -0.527305 0.705607 -2.583832
v -0.520359 0.705535 -2.582208
v -0.513633 0.705422 -2.579726
v -0.526715 0.705509 -2.581657
v -0.519812 0.705433 -2.580044
v -0.513136 0.705317 -2.577641
v -0.463769 0.706965 -2.535997
v -0.463611 0.708516 -2.534674
v -0.463552 0.710301 -2.534187
v -0.476822 0.707201 -2.537607
v -0.476570 0.708685 -2.536075
v -0.476478 0.710389 -2.535510
v -0.488237 0.707433 -2.539126
v -0.487889 0.708851 -2.537376
v -0.487761 0.710476 -2.536731
v -0.527553 0.707662 -2.584747
v -0.527553 0.709046 -2.584747
v -0.527553 0.710646 -2.584747
v -0.520589 0.707613 -2.583119
v -0.520589 0.709011 -2.583119
v -0.520589 0.710628 -2.583119
v -0.513843 0.707532 -2.580604
v -0.513843 0.708952 -2.580604
v -0.513843 0.710593 -2.580604
v -0.527553 0.714061 -2.584747
v -0.527553 0.715661 -2.584747
v -0.527553 0.717045 -2.584747
v -0.520589 0.714080 -2.583119
v -0.520589 0.715697 -2.583119
v -0.520589 0.717095 -2.583119
v -0.513843 0.714097 -2.580604
v -0.513843 0.715738 -2.580604
v -0.513843 0.717157 -2.580604
v -0.463552 0.714108 -2.534187
v -0.463611 0.715896 -2.534674
v -0.463769 0.717451 -2.535997
v -0.476478 0.714020 -2.535510
v -0.476570 0.715728 -2.536075
v -0.476822 0.717218 -2.537607
v -0.487761 0.713934 -2.536731
v -0.487889 0.715563 -2.537376
v -0.488237 0.716990 -2.539126
v -0.523765 0.705643 -2.570786
v -0.517077 0.705562 -2.569221
v -0.510647 0.705435 -2.567214
v -0.521592 0.705857 -2.562776
v -0.515062 0.705773 -2.561248
v -0.508813 0.705641 -2.559531
v -0.519419 0.706264 -2.554765
v -0.513047 0.706180 -2.553273
v -0.506979 0.706049 -2.551849
v -0.465734 0.720056 -2.552361
v -0.479935 0.719795 -2.556567
v -0.492539 0.719543 -2.560776
v -0.465149 0.719868 -2.547487
v -0.479008 0.719588 -2.550919
v -0.491258 0.719316 -2.554327
v -0.464564 0.719439 -2.542612
v -0.478081 0.719151 -2.545272
v -0.489976 0.718871 -2.547878
vn 0.1494 -0.1822 0.9718
vn 0.1494 0.1822 0.9718
vn -0.1494 0.1822 0.9718
vn -0.1494 -0.1822 0.9718
vn 0.9530 -0.2155 -0.2132
vn 0.9530 0.2155 -0.2132
vn 0.9530 0.2155 0.2132
vn 0.9530 -0.2155 0.2132
vn 0.1479 0.9728 -0.1784
vn -0.1479 0.9728 -0.1784
vn -0.1479 0.9728 0.1784
vn 0.1479 0.9728 0.1784
vn -0.9530 -0.2155 0.2132
vn -0.9530 0.2155 0.2132
vn -0.9530 0.2155 -0.2132
vn -0.9530 -0.2155 -0.2132
vn -0.1494 -0.1822 -0.9718
vn -0.1494 0.1822 -0.9718
vn 0.1494 0.1822 -0.9718
vn 0.1494 -0.1822 -0.9718
vn -0.1479 -0.9728 0.1784
vn -0.1429 -0.7037 0.6960
vn -0.5036 -0.6142 0.6075
vn -0.6230 -0.7598 0.1862
vn -0.6267 -0.1894 0.7559
vn -0.1429 0.7037 0.6960
vn -0.5036 0.6142 0.6075
vn -0.6267 0.1894 0.7559
vn -0.6230 0.7598 0.1862
vn -0.1479 -0.9728 -0.1784
vn -0.6230 -0.7598 -0.1862
vn -0.5036 -0.6142 -0.6075
vn -0.1429 -0.7037 -0.6960
vn -0.6267 -0.1894 -0.7559
vn -0.1429 0.7037 -0.6960
vn -0.5036 0.6142 -0.6075
vn -0.6230 0.7598 -0.1862
vn -0.6267 0.1894 -0.7559
vn 0.1479 -0.9728 0.1784
vn 0.6230 -0.7598 0.1862
vn 0.5036 -0.6142 0.6075
vn 0.1429 -0.7037 0.6960
vn 0.6267 -0.1894 0.7559
vn 0.1429 0.7037 0.6960
vn 0.5036 0.6142 0.6075
vn 0.6230 0.7598 0.1862
vn 0.6267 0.1894 0.7559
vn 0.1479 -0.9728 -0.1784
vn 0.1429 -0.7037 -0.6960
vn 0.5036 -0.6142 -0.6075
vn 0.6230 -0.7598 -0.1862
vn 0.6267 -0.1894 -0.7559
vn 0.6230 0.7598 -0.1862
vn 0.5036 0.6142 -0.6075
vn 0.1429 0.7037 -0.6960
vn 0.6267 0.1894 -0.7559
vn -0.9184 0.3694 0.1420
vn -0.6107 0.7837 0.1137
vn -0.4393 0.6215 -0.6487
vn -0.6207 0.2709 -0.7358
vn -0.2820 0.9573 0.0634
vn -0.2305 0.8107 -0.5382
vn -0.0886 0.1831 -0.9791
vn -0.0848 0.0444 -0.9954
vn -0.0701 0.3979 -0.9147
vn -0.8183 -0.0000 0.5748
vn -0.7747 0.3259 0.5419
vn -0.9885 -0.0001 0.1512
vn -0.5432 0.7477 0.3820
vn -0.2669 0.9447 0.1904
vn -0.1156 0.9895 0.0870
vn -0.1178 0.9927 0.0240
vn -0.1125 0.9224 -0.3695
vn -0.0400 0.5390 -0.8413
vn 0.0011 0.0845 -0.9964
vn -0.0025 0.0362 -0.9993
vn -0.0013 0.0109 -0.9999
vn -0.0006 0.0023 -1.0000
vn -0.0769 -0.0000 -0.9970
vn -0.0000 -0.0000 -1.0000
vn -0.6292 0.0001 -0.7773
vn -0.0313 -0.0003 -0.9995
vn -0.0314 -0.0010 -0.9995
vn -0.0159 -0.0020 -0.9999
vn -0.0158 -0.0006 -0.9999
vn -0.0317 -0.0012 -0.9995
vn -0.0165 -0.0027 -0.9999
vn -0.0079 -0.0015 -1.0000
vn -0.0079 -0.0005 -1.0000
vn -0.0086 -0.0030 -1.0000
vn -0.0674 -0.0000 -0.9977
vn -0.0674 -0.0001 -0.9977
vn -0.0313 -0.0000 -0.9995
vn -0.0674 -0.0002 -0.9977
vn -0.0675 -0.0002 -0.9977
vn -0.0658 0.0704 -0.9953
vn -0.0302 0.0695 -0.9971
vn -0.0150 0.0691 -0.9975
vn -0.0065 0.0718 -0.9974
vn 0.0004 0.0791 -0.9969
vn 0.0031 0.0346 -0.9994
vn 0.0016 0.0104 -0.9999
vn 0.0007 0.0023 -1.0000
vn -0.0080 -0.0000 -1.0000
vn 0.0002 -0.0000 -1.0000
vn -0.0158 -0.0000 -0.9999
vn 0.7388 0.2965 0.6052
vn 0.5439 0.7094 0.4484
vn 0.5301 0.6576 0.5353
vn 0.6834 0.2573 0.6832
vn 0.2872 0.9265 0.2432
vn 0.2978 0.9020 0.3125
vn 0.4946 0.5861 0.6418
vn 0.5998 0.2108 0.7719
vn 0.3037 0.8600 0.4101
vn 0.8183 -0.0000 0.5748
vn 0.7755 0.3229 0.5426
vn 0.7717 -0.0000 0.6360
vn 0.5497 0.7400 0.3875
vn 0.2800 0.9384 0.2025
vn 0.1311 0.9859 0.1037
vn 0.1352 0.9828 0.1257
vn 0.1445 0.9753 0.1673
vn 0.1612 0.9584 0.2357
vn 0.1655 0.9387 0.3024
vn 0.2871 0.8161 0.5016
vn 0.4312 0.5222 0.7358
vn 0.4993 0.1776 0.8480
vn 0.6104 -0.0000 0.7921
vn 0.5058 -0.0000 0.8627
vn 0.7042 -0.0000 0.7100
vn -0.3184 0.2259 0.9206
vn -0.2562 0.6112 0.7489
vn -0.2960 0.5674 0.7684
vn -0.3557 0.1992 0.9131
vn -0.1481 0.8849 0.4415
vn -0.1815 0.8601 0.4768
vn -0.3536 0.5241 0.7748
vn -0.4121 0.1765 0.8939
vn -0.2281 0.8308 0.5076
vn -0.2984 -0.0000 0.9544
vn -0.2880 0.2460 0.9255
vn -0.3287 -0.0000 0.9444
vn -0.2271 0.6415 0.7327
vn -0.1276 0.9006 0.4155
vn -0.0594 0.9787 0.1964
vn -0.0689 0.9748 0.2120
vn -0.0901 0.9672 0.2374
vn -0.1247 0.9546 0.2706
vn -0.1569 0.9448 0.2877
vn -0.2818 0.8232 0.4928
vn -0.4297 0.5268 0.7334
vn -0.4992 0.1785 0.8479
vn -0.4196 -0.0000 0.9077
vn -0.5057 -0.0000 0.8627
vn -0.3649 -0.0000 0.9310
vn 0.0286 -0.9978 0.0605
vn 0.0410 -0.9970 0.0653
vn 0.0452 -0.9950 0.0887
vn 0.0322 -0.9962 0.0813
vn 0.0683 -0.9945 0.0800
vn 0.0740 -0.9914 0.1081
vn 0.0588 -0.9886 0.1387
vn 0.0440 -0.9910 0.1264
vn 0.0868 -0.9834 0.1593
vn 0.0234 -0.9985 0.0493
vn 0.0279 -0.9984 0.0500
vn 0.0244 -0.9979 0.0594
vn 0.0401 -0.9978 0.0537
vn 0.0666 -0.9956 0.0657
vn 0.1311 -0.9859 0.1037
vn 0.1352 -0.9828 0.1257
vn 0.1445 -0.9753 0.1673
vn 0.1612 -0.9584 0.2357
vn 0.1655 -0.9387 0.3024
vn 0.1336 -0.9485 0.2872
vn 0.0995 -0.9613 0.2570
vn 0.0783 -0.9691 0.2341
vn 0.0386 -0.9920 0.1203
vn 0.0682 -0.9731 0.2199
vn 0.0281 -0.9965 0.0787
vn -0.0146 0.9993 0.0345
vn -0.0264 0.9988 0.0417
vn -0.0322 0.9973 0.0656
vn -0.0197 0.9982 0.0559
vn -0.0537 0.9968 0.0597
vn -0.0612 0.9942 0.0882
vn -0.0475 0.9920 0.1166
vn -0.0330 0.9942 0.1019
vn -0.0757 0.9872 0.1401
vn -0.0100 0.9997 0.0218
vn -0.0127 0.9996 0.0238
vn -0.0121 0.9994 0.0319
vn -0.0241 0.9993 0.0299
vn -0.0505 0.9977 0.0452
vn -0.1214 0.9866 0.1094
vn -0.1328 0.9795 0.1514
vn -0.1514 0.9636 0.2204
vn -0.0288 0.9951 0.0945
vn -0.0170 0.9985 0.0519
vn 0.0683 0.9945 0.0800
vn 0.0410 0.9970 0.0653
vn 0.0452 0.9950 0.0887
vn 0.0740 0.9914 0.1081
vn 0.0286 0.9978 0.0605
vn 0.0322 0.9962 0.0813
vn 0.0588 0.9886 0.1387
vn 0.0868 0.9834 0.1593
vn 0.0440 0.9910 0.1264
vn 0.0666 0.9956 0.0657
vn 0.0401 0.9978 0.0537
vn 0.0279 0.9984 0.0500
vn 0.0234 0.9985 0.0493
vn 0.0244 0.9979 0.0594
vn 0.0280 0.9965 0.0787
vn 0.0386 0.9920 0.1203
vn 0.0682 0.9731 0.2199
vn 0.0783 0.9691 0.2341
vn 0.0995 0.9613 0.2570
vn 0.1336 0.9485 0.2872
vn 0.0273 0.9982 0.0532
vn 0.0242 0.9985 0.0482
vn 0.0337 0.9963 0.0789
vn 0.0362 0.9962 0.0793
vn 0.0204 0.9989 0.0422
vn 0.0301 0.9964 0.0789
vn 0.0456 0.9889 0.1417
vn 0.0471 0.9901 0.1322
vn 0.0425 0.9871 0.1540
vn 0.0226 0.9988 0.0443
vn 0.0202 0.9990 0.0391
vn 0.0291 0.9980 0.0568
vn 0.0168 0.9993 0.0319
vn 0.0132 0.9996 0.0231
vn 0.0102 0.9998 0.0141
vn 0.0166 0.9992 0.0362
vn 0.0253 0.9965 0.0794
vn 0.0371 0.9851 0.1681
vn 0.0553 0.9313 0.3600
vn 0.0606 0.9452 0.3208
vn 0.0624 0.9569 0.2835
vn 0.0621 0.9654 0.2534
vn 0.0470 0.9910 0.1257
vn 0.0607 0.9708 0.2320
vn 0.0373 0.9961 0.0796
vn 0.0127 0.9994 0.0313
vn 0.0089 0.9996 0.0283
vn 0.0134 0.9966 0.0812
vn 0.0195 0.9966 0.0803
vn 0.0047 0.9996 0.0269
vn 0.0069 0.9966 0.0819
vn 0.0205 0.9816 0.1896
vn 0.0295 0.9831 0.1807
vn 0.0105 0.9809 0.1943
vn 0.0080 0.9999 0.0065
vn 0.0060 1.0000 0.0016
vn 0.0034 1.0000 -0.0007
vn -0.0001 1.0000 -0.0014
vn -0.0001 0.9996 0.0265
vn -0.0000 0.9966 0.0820
vn -0.0000 0.9807 0.1956
vn -0.0000 0.9035 0.4286
vn 0.0173 0.9048 0.4255
vn 0.0328 0.9094 0.4146
vn 0.0458 0.9184 0.3929
vn -0.0052 0.9996 0.0265
vn -0.0102 0.9996 0.0267
vn -0.0142 0.9967 0.0798
vn -0.0071 0.9966 0.0815
vn -0.0153 0.9995 0.0272
vn -0.0212 0.9968 0.0765
vn -0.0209 0.9819 0.1884
vn -0.0107 0.9809 0.1940
vn -0.0304 0.9836 0.1775
vn -0.0040 1.0000 -0.0011
vn -0.0077 1.0000 -0.0000
vn -0.0113 0.9999 0.0024
vn -0.0151 0.9999 0.0061
vn -0.0204 0.9994 0.0282
vn -0.0278 0.9970 0.0719
vn -0.0385 0.9861 0.1616
vn -0.0557 0.9327 0.3563
vn -0.0459 0.9191 0.3913
vn -0.0328 0.9097 0.4141
vn -0.0173 0.9048 0.4254
vn -0.0304 0.9990 0.0342
vn -0.0239 0.9992 0.0332
vn -0.0294 0.9982 0.0529
vn -0.0365 0.9978 0.0551
vn -0.0164 0.9994 0.0320
vn -0.0214 0.9984 0.0514
vn -0.0386 0.9948 0.0941
vn -0.0448 0.9942 0.0982
vn -0.0319 0.9952 0.0924
vn -0.0274 0.9994 0.0219
vn -0.0258 0.9994 0.0231
vn -0.0327 0.9989 0.0341
vn -0.0203 0.9995 0.0229
vn -0.0137 0.9997 0.0220
vn -0.0573 0.9800 0.1903
vn -0.0577 0.9797 0.1917
vn -0.0589 0.9781 0.1995
vn -0.0479 0.9934 0.1046
vn -0.0608 0.9748 0.2149
vn -0.0394 0.9976 0.0573
vn -0.0498 -0.9973 0.0542
vn -0.0224 -0.9991 0.0354
vn -0.0287 -0.9978 0.0594
vn -0.0577 -0.9949 0.0828
vn -0.0108 -0.9996 0.0274
vn -0.0163 -0.9987 0.0490
vn -0.0444 -0.9929 0.1106
vn -0.0727 -0.9882 0.1349
vn -0.0300 -0.9950 0.0953
vn -0.1114 -0.9903 0.0825
vn -0.0462 -0.9981 0.0396
vn -0.1177 -0.9875 0.1050
vn -0.0199 -0.9995 0.0234
vn -0.0085 -0.9998 0.0166
vn -0.0064 -0.9999 0.0144
vn -0.0087 -0.9997 0.0245
vn -0.0139 -0.9989 0.0446
vn -0.0260 -0.9958 0.0874
vn -0.0570 -0.9802 0.1897
vn -0.0664 -0.9763 0.2058
vn -0.0876 -0.9688 0.2320
vn -0.1223 -0.9562 0.2660
vn -0.1488 -0.9649 0.2163
vn -0.1546 -0.9464 0.2837
vn -0.1296 -0.9806 0.1471
vn -0.0328 -0.9991 0.0278
vn -0.0302 -0.9992 0.0271
vn -0.0378 -0.9976 0.0583
vn -0.0398 -0.9977 0.0542
vn -0.0264 -0.9993 0.0265
vn -0.0341 -0.9974 0.0636
vn -0.0478 -0.9913 0.1225
vn -0.0489 -0.9929 0.1086
vn -0.0447 -0.9891 0.1403
vn -0.0287 -0.9995 0.0160
vn -0.0274 -0.9995 0.0140
vn -0.0337 -0.9990 0.0282
vn -0.0245 -0.9996 0.0110
vn -0.0208 -0.9998 0.0075
vn -0.0165 -0.9999 0.0041
vn -0.0215 -0.9994 0.0262
vn -0.0286 -0.9971 0.0698
vn -0.0390 -0.9864 0.1596
vn -0.0559 -0.9333 0.3546
vn -0.0616 -0.9483 0.3112
vn -0.0633 -0.9610 0.2691
vn -0.0627 -0.9701 0.2344
vn -0.0481 -0.9940 0.0986
vn -0.0607 -0.9760 0.2091
vn -0.0400 -0.9979 0.0512
vn -0.0160 -0.9995 0.0262
vn -0.0106 -0.9996 0.0264
vn -0.0145 -0.9967 0.0794
vn -0.0217 -0.9969 0.0754
vn -0.0053 -0.9996 0.0265
vn -0.0072 -0.9967 0.0814
vn -0.0211 -0.9819 0.1881
vn -0.0307 -0.9838 0.1765
vn -0.0107 -0.9810 0.1939
vn -0.0122 -0.9999 0.0014
vn -0.0081 -1.0000 -0.0003
vn -0.0041 -1.0000 -0.0012
vn -0.0001 -1.0000 -0.0014
vn -0.0001 -0.9996 0.0265
vn -0.0000 -0.9966 0.0820
vn -0.0000 -0.9807 0.1955
vn -0.0000 -0.9035 0.4286
vn -0.0173 -0.9049 0.4253
vn -0.0329 -0.9098 0.4138
vn -0.0460 -0.9195 0.3905
vn 0.0047 -0.9996 0.0269
vn 0.0089 -0.9996 0.0283
vn 0.0134 -0.9966 0.0812
vn 0.0069 -0.9966 0.0819
vn 0.0127 -0.9994 0.0313
vn 0.0195 -0.9966 0.0803
vn 0.0205 -0.9816 0.1896
vn 0.0105 -0.9809 0.1943
vn 0.0295 -0.9831 0.1807
vn 0.0034 -1.0000 -0.0007
vn 0.0060 -1.0000 0.0016
vn 0.0080 -0.9999 0.0065
vn 0.0102 -0.9998 0.0141
vn 0.0165 -0.9992 0.0362
vn 0.0253 -0.9965 0.0794
vn 0.0371 -0.9851 0.1681
vn 0.0553 -0.9313 0.3600
vn 0.0458 -0.9184 0.3929
vn 0.0328 -0.9094 0.4146
vn 0.0173 -0.9048 0.4255
vn 0.0291 -0.9978 0.0588
vn 0.0273 -0.9979 0.0594
vn 0.0330 -0.9963 0.0788
vn 0.0362 -0.9962 0.0794
vn 0.0251 -0.9979 0.0594
vn 0.0294 -0.9965 0.0783
vn 0.0424 -0.9920 0.1190
vn 0.0454 -0.9916 0.1214
vn 0.0393 -0.9922 0.1184
vn 0.0226 -0.9988 0.0443
vn 0.0236 -0.9986 0.0474
vn 0.0291 -0.9980 0.0568
vn 0.0235 -0.9985 0.0489
vn 0.0230 -0.9985 0.0493
vn 0.0643 -0.9748 0.2138
vn 0.0618 -0.9749 0.2138
vn 0.0601 -0.9738 0.2194
vn 0.0470 -0.9910 0.1257
vn 0.0607 -0.9708 0.2320
vn 0.0373 -0.9961 0.0796
vn 0.4128 0.1756 0.8938
vn 0.3555 0.5190 0.7774
vn 0.2991 0.5608 0.7720
vn 0.3575 0.1978 0.9127
vn 0.2336 0.8228 0.5180
vn 0.1879 0.8513 0.4898
vn 0.2608 0.6036 0.7534
vn 0.3221 0.2242 0.9198
vn 0.1553 0.8758 0.4570
vn 0.4202 -0.0000 0.9074
vn 0.1354 0.8916 0.4322
vn 0.2337 0.6338 0.7373
vn 0.2947 0.2443 0.9238
vn 0.3323 -0.0000 0.9432
vn 0.3053 -0.0000 0.9523
vn 0.3666 -0.0000 0.9304
vn 0.1104 0.2099 0.9715
vn 0.1049 0.5781 0.8092
vn 0.1033 0.5226 0.8463
vn 0.1061 0.1796 0.9780
vn 0.0839 0.8633 0.4977
vn 0.0853 0.8300 0.5512
vn 0.0984 0.4638 0.8804
vn 0.0994 0.1513 0.9835
vn 0.0837 0.7882 0.6097
vn 0.1140 -0.0000 0.9935
vn 0.1148 0.2372 0.9647
vn 0.1091 -0.0000 0.9940
vn 0.1057 0.6224 0.7755
vn 0.0817 0.8862 0.4561
vn 0.0772 0.7446 0.6630
vn 0.0893 0.4116 0.9070
vn 0.0899 0.1288 0.9876
vn 0.0981 -0.0000 0.9952
vn 0.0889 -0.0000 0.9960
vn 0.1046 -0.0000 0.9945
vn 0.0760 0.1137 0.9906
vn 0.0751 0.3736 0.9246
vn 0.0554 0.3512 0.9346
vn 0.0565 0.1053 0.9928
vn 0.0650 0.7087 0.7025
vn 0.0476 0.6856 0.7265
vn 0.0301 0.3410 0.9396
vn 0.0309 0.1017 0.9943
vn 0.0255 0.6744 0.7379
vn 0.0755 -0.0000 0.9971
vn -0.0000 0.6713 0.7412
vn -0.0000 0.3383 0.9410
vn -0.0000 0.1007 0.9949
vn 0.0308 -0.0000 0.9995
vn -0.0000 -0.0000 1.0000
vn 0.0563 -0.0000 0.9984
vn -0.0307 0.1016 0.9943
vn -0.0299 0.3409 0.9396
vn -0.0551 0.3509 0.9348
vn -0.0561 0.1052 0.9929
vn -0.0254 0.6744 0.7380
vn -0.0473 0.6855 0.7265
vn -0.0747 0.3726 0.9250
vn -0.0755 0.1132 0.9907
vn -0.0647 0.7086 0.7027
vn -0.0307 -0.0000 0.9995
vn -0.0771 0.7446 0.6630
vn -0.0889 0.4098 0.9078
vn -0.0893 0.1276 0.9878
vn -0.0750 -0.0000 0.9972
vn -0.0884 -0.0000 0.9961
vn -0.0559 -0.0000 0.9984
vn -0.1359 0.2526 0.9580
vn -0.1190 0.6494 0.7511
vn -0.1539 0.6600 0.7354
vn -0.1870 0.2601 0.9473
vn -0.0847 0.9038 0.4196
vn -0.0971 0.9087 0.4059
vn -0.1954 0.6569 0.7283
vn -0.2463 0.2573 0.9344
vn -0.1129 0.9077 0.4042
vn -0.1139 -0.0000 0.9935
vn -0.1148 0.2335 0.9656
vn -0.1372 -0.0000 0.9905
vn -0.1062 0.6210 0.7766
vn -0.0819 0.8902 0.4482
vn -0.2553 -0.0000 0.9669
vn -0.1925 -0.0000 0.9813
vn 0.0091 -0.0007 -1.0000
vn 0.0091 -0.0022 -1.0000
vn 0.0196 -0.0030 -0.9998
vn 0.0195 -0.0009 -0.9998
vn 0.0099 -0.0043 -0.9999
vn 0.0205 -0.0040 -0.9998
vn 0.0398 -0.0014 -0.9992
vn 0.0396 -0.0005 -0.9992
vn 0.0401 -0.0018 -0.9992
vn 0.0092 -0.0000 -1.0000
vn 0.0093 0.0779 -0.9969
vn 0.0201 0.0765 -0.9969
vn 0.0395 0.0784 -0.9961
vn 0.0819 0.0805 -0.9934
vn 0.0831 -0.0004 -0.9965
vn 0.0831 -0.0003 -0.9965
vn 0.0830 -0.0001 -0.9965
vn 0.0396 -0.0000 -0.9992
vn 0.0830 -0.0000 -0.9965
vn 0.0195 -0.0000 -0.9998
vn 0.4012 -0.0000 -0.9160
vn 0.3709 -0.0000 -0.9287
vn 0.3217 -0.0000 -0.9468
vn 0.4105 -0.0000 -0.9119
vn 0.4104 -0.0000 -0.9119
vn 0.4088 0.0599 -0.9106
vn 0.4001 0.0537 -0.9149
vn 0.3701 0.0475 -0.9278
vn 0.3212 0.0418 -0.9461
vn 0.2512 0.0372 -0.9672
vn 0.2514 -0.0000 -0.9679
vn 0.2515 -0.0000 -0.9679
vn 0.1721 -0.0000 -0.9851
vn 0.1012 -0.0000 -0.9949
vn 0.0443 -0.0000 -0.9990
vn 0.1718 0.0340 -0.9845
vn 0.1009 0.0320 -0.9944
vn 0.0442 0.0311 -0.9985
vn -0.0001 0.0308 -0.9995
vn -0.0001 -0.0000 -1.0000
vn -0.0452 -0.0000 -0.9990
vn -0.1035 -0.0000 -0.9946
vn -0.1759 -0.0000 -0.9844
vn -0.0451 0.0311 -0.9985
vn -0.1034 0.0319 -0.9941
vn -0.1758 0.0337 -0.9838
vn -0.2557 0.0365 -0.9661
vn -0.2557 -0.0000 -0.9667
vn -0.3766 -0.0000 -0.9264
vn -0.2773 -0.0000 -0.9608
vn -0.1516 -0.0000 -0.9884
vn -0.4104 -0.0000 -0.9119
vn -0.4096 0.0535 -0.9107
vn -0.3749 0.0585 -0.9252
vn -0.2746 0.0646 -0.9594
vn -0.1493 0.0692 -0.9864
vn -0.4096 -0.0535 -0.9107
vn -0.3749 -0.0585 -0.9252
vn -0.0674 0.0001 -0.9977
vn -0.0674 0.0002 -0.9977
vn -0.0675 0.0002 -0.9977
vn -0.1493 -0.0692 -0.9864
vn -0.0658 -0.0704 -0.9953
vn -0.2746 -0.0646 -0.9594
vn -0.0001 -0.0308 -0.9995
vn -0.0451 -0.0311 -0.9985
vn -0.1758 -0.0337 -0.9838
vn -0.2557 -0.0365 -0.9661
vn -0.1034 -0.0319 -0.9941
vn 0.2511 -0.0372 -0.9673
vn 0.1718 -0.0340 -0.9845
vn 0.0442 -0.0311 -0.9985
vn 0.1009 -0.0320 -0.9944
vn 0.4086 -0.0599 -0.9107
vn 0.3999 -0.0537 -0.9150
vn 0.3211 -0.0418 -0.9461
vn 0.3700 -0.0475 -0.9278
vn 0.0099 0.0043 -0.9999
vn 0.0091 0.0022 -1.0000
vn 0.0196 0.0030 -0.9998
vn 0.0204 0.0040 -0.9998
vn 0.0091 0.0007 -1.0000
vn 0.0195 0.0009 -0.9998
vn 0.0397 0.0014 -0.9992
vn 0.0401 0.0018 -0.9992
vn 0.0396 0.0005 -0.9992
vn 0.0015 -0.0845 -0.9964
vn -0.0023 -0.0362 -0.9993
vn 0.0097 -0.0778 -0.9969
vn -0.0013 -0.0109 -0.9999
vn -0.0006 -0.0023 -1.0000
vn 0.0830 0.0001 -0.9965
vn 0.0831 0.0003 -0.9965
vn 0.0831 0.0004 -0.9965
vn 0.0399 -0.0783 -0.9961
vn 0.0822 -0.0803 -0.9934
vn 0.0205 -0.0764 -0.9969
vn -0.0842 -0.9061 0.4146
vn -0.1188 -0.6517 0.7491
vn -0.1536 -0.6624 0.7333
vn -0.0962 -0.9112 0.4006
vn -0.1359 -0.2532 0.9578
vn -0.1870 -0.2608 0.9471
vn -0.1948 -0.6594 0.7261
vn -0.1115 -0.9102 0.3989
vn -0.2463 -0.2580 0.9342
vn -0.0817 -0.8924 0.4438
vn -0.0584 -0.9794 0.1932
vn -0.1061 -0.6230 0.7750
vn -0.1148 -0.2340 0.9654
vn -0.2879 -0.2466 0.9253
vn -0.2264 -0.6439 0.7308
vn -0.1259 -0.9031 0.4105
vn -0.0554 -0.9815 0.1835
vn -0.0565 -0.9811 0.1851
vn -0.0254 -0.6744 0.7379
vn -0.0299 -0.3410 0.9396
vn -0.0551 -0.3510 0.9348
vn -0.0474 -0.6856 0.7264
vn -0.0307 -0.1016 0.9943
vn -0.0561 -0.1052 0.9929
vn -0.0747 -0.3728 0.9249
vn -0.0648 -0.7089 0.7023
vn -0.0755 -0.1132 0.9907
vn -0.0000 -0.6713 0.7412
vn -0.0000 -0.3383 0.9410
vn -0.0000 -0.1007 0.9949
vn -0.0894 -0.1277 0.9878
vn -0.0889 -0.4102 0.9077
vn -0.0771 -0.7454 0.6621
vn 0.0650 -0.7087 0.7025
vn 0.0751 -0.3736 0.9246
vn 0.0554 -0.3512 0.9346
vn 0.0476 -0.6856 0.7265
vn 0.0760 -0.1137 0.9906
vn 0.0565 -0.1053 0.9928
vn 0.0301 -0.3410 0.9396
vn 0.0255 -0.6744 0.7379
vn 0.0309 -0.1017 0.9943
vn 0.0772 -0.7446 0.6630
vn 0.0893 -0.4116 0.9070
vn 0.0899 -0.1288 0.9876
vn 0.0839 -0.8633 0.4977
vn 0.1049 -0.5781 0.8092
vn 0.1033 -0.5226 0.8463
vn 0.0853 -0.8300 0.5512
vn 0.1104 -0.2099 0.9715
vn 0.1061 -0.1796 0.9780
vn 0.0984 -0.4638 0.8804
vn 0.0837 -0.7882 0.6097
vn 0.0994 -0.1513 0.9835
vn 0.0817 -0.8862 0.4561
vn 0.0621 -0.9654 0.2534
vn 0.1057 -0.6224 0.7755
vn 0.1148 -0.2372 0.9647
vn 0.0606 -0.9452 0.3208
vn 0.0624 -0.9569 0.2835
vn 0.2336 -0.8228 0.5180
vn 0.3555 -0.5190 0.7774
vn 0.2991 -0.5608 0.7720
vn 0.1879 -0.8513 0.4898
vn 0.4128 -0.1756 0.8938
vn 0.3575 -0.1978 0.9127
vn 0.2608 -0.6036 0.7534
vn 0.1553 -0.8758 0.4570
vn 0.3221 -0.2242 0.9198
vn 0.2871 -0.8161 0.5016
vn 0.4312 -0.5222 0.7358
vn 0.4993 -0.1776 0.8480
vn 0.2947 -0.2443 0.9238
vn 0.2337 -0.6338 0.7373
vn 0.1354 -0.8916 0.4322
vn -0.1464 -0.8874 0.4371
vn -0.2556 -0.6134 0.7473
vn -0.2955 -0.5692 0.7672
vn -0.1799 -0.8624 0.4731
vn -0.3184 -0.2265 0.9205
vn -0.3557 -0.1995 0.9131
vn -0.3532 -0.5256 0.7740
vn -0.2267 -0.8330 0.5048
vn -0.4121 -0.1767 0.8938
vn -0.4992 -0.1787 0.8479
vn -0.4293 -0.5280 0.7328
vn -0.2804 -0.8251 0.4904
vn 0.2872 -0.9265 0.2432
vn 0.5438 -0.7094 0.4484
vn 0.5301 -0.6576 0.5353
vn 0.2978 -0.9020 0.3125
vn 0.7388 -0.2965 0.6052
vn 0.6834 -0.2573 0.6832
vn 0.4946 -0.5861 0.6418
vn 0.3037 -0.8600 0.4101
vn 0.5998 -0.2108 0.7719
vn 0.2800 -0.9384 0.2025
vn 0.5497 -0.7400 0.3875
vn 0.7755 -0.3229 0.5426
vn -0.0317 0.0012 -0.9995
vn -0.0314 0.0010 -0.9995
vn -0.0159 0.0020 -0.9999
vn -0.0165 0.0027 -0.9999
vn -0.0313 0.0003 -0.9995
vn -0.0158 0.0006 -0.9999
vn -0.0079 0.0015 -1.0000
vn -0.0086 0.0030 -1.0000
vn -0.0079 0.0005 -1.0000
vn -0.0302 -0.0695 -0.9971
vn 0.0007 -0.0023 -1.0000
vn 0.0016 -0.0104 -0.9999
vn 0.0031 -0.0346 -0.9994
vn -0.0065 -0.0718 -0.9974
vn 0.0004 -0.0791 -0.9969
vn -0.0150 -0.0691 -0.9975
vn -0.2780 -0.9587 0.0597
vn -0.6085 -0.7857 0.1113
vn -0.4369 -0.6220 -0.6498
vn -0.2265 -0.8103 -0.5404
vn -0.9180 -0.3706 0.1410
vn -0.6201 -0.2710 -0.7363
vn -0.0877 -0.1828 -0.9792
vn -0.0680 -0.3970 -0.9153
vn -0.0846 -0.0443 -0.9954
vn -0.2634 -0.9464 0.1871
vn -0.1133 -0.9934 0.0192
vn -0.5414 -0.7498 0.3804
vn -0.7745 -0.3267 0.5416
vn -0.0373 -0.5374 -0.8425
vn -0.1080 -0.9215 -0.3731
vn -0.2952 -0.8686 0.3980
vn -0.4918 -0.5928 0.6378
vn -0.5255 -0.6655 0.5301
vn -0.2866 -0.9102 0.2990
vn -0.5997 -0.2123 0.7716
vn -0.6831 -0.2595 0.6827
vn -0.5373 -0.7182 0.4421
vn -0.2730 -0.9345 0.2286
vn -0.7382 -0.2995 0.6045
vn -0.6104 -0.0000 0.7921
vn -0.7042 -0.0000 0.7100
vn -0.7717 -0.0000 0.6360
vn 0.0758 -0.3891 -0.9181
vn 0.0902 -0.1779 -0.9799
vn 0.4466 -0.6159 -0.6490
vn 0.2437 -0.8068 -0.5383
vn 0.0847 -0.0434 -0.9955
vn 0.6216 -0.2679 -0.7361
vn 0.6189 -0.7766 0.1180
vn 0.2967 -0.9522 0.0731
vn 0.9197 -0.3657 0.1430
vn 0.0486 -0.5300 -0.8466
vn 0.0769 -0.0000 -0.9970
vn 0.6292 -0.0000 -0.7773
vn 0.9885 -0.0000 0.1513
vn 0.1345 -0.9902 0.0382
vn 0.1285 -0.9200 -0.3703
vn -0.3090 -0.5555 -0.7720
vn -0.2198 -0.5718 -0.7904
vn -0.0697 -0.9657 -0.2500
vn -0.1058 -0.9598 -0.2601
vn -0.1132 -0.5853 -0.8029
vn -0.0258 -0.9709 -0.2380
vn 0.0104 -0.9999 0.0084
vn 0.0051 -1.0000 0.0049
vn 0.0163 -0.9998 0.0111
vn -0.3450 -0.5370 -0.7698
vn -0.0431 -0.5922 -0.8046
vn 0.0017 -0.9729 -0.2310
vn 0.0204 -0.9997 0.0122
vn 0.0015 -1.0000 -0.0007
vn -0.1222 -0.9536 -0.2753
vn -0.0408 -0.3766 -0.9255
vn -0.0939 -0.3851 -0.9181
vn -0.0435 -0.8809 -0.4713
vn -0.0187 -0.8750 -0.4837
vn -0.1598 -0.4017 -0.9017
vn -0.0728 -0.8913 -0.4475
vn -0.0022 -0.9970 -0.0775
vn -0.0003 -0.9966 -0.0826
vn -0.0053 -0.9977 -0.0679
vn -0.0001 -0.3740 -0.9274
vn -0.2308 -0.4265 -0.8746
vn -0.1016 -0.9051 -0.4129
vn -0.0078 -0.9985 -0.0539
vn -0.0001 -0.9965 -0.0841
vn -0.0001 -0.8730 -0.4878
vn 0.1536 -0.4034 -0.9020
vn 0.0906 -0.3857 -0.9182
vn 0.0400 -0.8807 -0.4720
vn 0.0661 -0.8910 -0.4492
vn 0.0396 -0.3767 -0.9255
vn 0.0176 -0.8749 -0.4840
vn -0.0003 -0.9968 -0.0793
vn 0.0002 -0.9974 -0.0725
vn -0.0005 -0.9965 -0.0830
vn 0.2221 -0.4305 -0.8748
vn 0.0001 -0.9980 -0.0627
vn 0.0911 -0.9049 -0.4157
vn 0.3306 -0.5326 -0.7792
vn 0.3135 -0.4999 -0.8073
vn 0.1132 -0.9348 -0.3368
vn 0.1102 -0.9472 -0.3010
vn 0.2787 -0.4641 -0.8408
vn 0.1083 -0.9199 -0.3768
vn -0.0044 -0.9992 -0.0405
vn -0.0079 -0.9995 -0.0312
vn -0.0013 -0.9987 -0.0516
vn 0.3303 -0.5588 -0.7607
vn -0.0105 -0.9996 -0.0243
vn 0.1025 -0.9565 -0.2731
vn -0.0123 -0.5976 -0.8017
vn 0.0069 -0.6012 -0.7990
vn -0.0120 -0.9701 -0.2423
vn -0.0428 -0.9628 -0.2666
vn 0.0283 -0.6071 -0.7941
vn 0.0041 -0.9723 -0.2338
vn -0.0178 -0.9998 -0.0129
vn -0.0448 -0.9990 -0.0029
vn -0.0061 -0.9998 -0.0171
vn 0.0635 -0.6097 -0.7901
vn 0.0168 -0.9730 -0.2300
vn -0.0027 -0.9998 -0.0182
vn 0.2996 0.5804 -0.7572
vn 0.2235 0.5955 -0.7717
vn 0.0645 0.9692 -0.2375
vn 0.0902 0.9641 -0.2496
vn 0.1294 0.6071 -0.7840
vn 0.0339 0.9732 -0.2274
vn -0.0086 0.9999 -0.0122
vn -0.0097 0.9999 -0.0141
vn -0.0069 0.9999 -0.0112
vn 0.3765 0.0667 -0.9240
vn 0.3318 0.5604 -0.7589
vn 0.2853 0.0740 -0.9556
vn 0.1681 0.0794 -0.9826
vn 0.0613 0.6125 -0.7881
vn 0.0131 0.9747 -0.2232
vn -0.0064 0.9999 -0.0107
vn -0.0089 0.9998 -0.0185
vn 0.1043 0.9577 -0.2681
vn 0.0397 0.3767 -0.9255
vn 0.0909 0.3857 -0.9182
vn 0.0405 0.8808 -0.4718
vn 0.0178 0.8749 -0.4839
vn 0.1542 0.4035 -0.9019
vn 0.0671 0.8913 -0.4485
vn 0.0002 0.9969 -0.0789
vn -0.0004 0.9966 -0.0829
vn 0.0012 0.9974 -0.0714
vn -0.0001 0.3740 -0.9274
vn 0.2230 0.4308 -0.8745
vn 0.0927 0.9054 -0.4142
vn 0.0017 0.9982 -0.0607
vn -0.0001 0.9965 -0.0841
vn -0.0001 0.8730 -0.4878
vn -0.1598 0.4017 -0.9017
vn -0.0939 0.3851 -0.9181
vn -0.0435 0.8809 -0.4713
vn -0.0728 0.8913 -0.4475
vn -0.0408 0.3766 -0.9255
vn -0.0187 0.8750 -0.4837
vn -0.0022 0.9970 -0.0775
vn -0.0053 0.9977 -0.0679
vn -0.0003 0.9966 -0.0826
vn -0.2308 0.4265 -0.8746
vn -0.0078 0.9985 -0.0539
vn -0.1016 0.9051 -0.4129
vn -0.3440 0.5150 -0.7851
vn -0.3252 0.4875 -0.8103
vn -0.1292 0.9336 -0.3343
vn -0.1284 0.9451 -0.3005
vn -0.2891 0.4563 -0.8415
vn -0.1218 0.9196 -0.3736
vn -0.0055 0.9997 -0.0225
vn -0.0019 0.9999 -0.0098
vn -0.0080 0.9992 -0.0380
vn -0.4012 0.0492 -0.9146
vn -0.3450 0.5370 -0.7698
vn -0.3723 0.0447 -0.9270
vn -0.3249 0.0403 -0.9449
vn 0.0015 1.0000 -0.0007
vn -0.1222 0.9536 -0.2753
vn 0.0253 0.5865 -0.8096
vn 0.0077 0.5878 -0.8090
vn 0.0333 0.9703 -0.2395
vn 0.0642 0.9629 -0.2621
vn -0.0111 0.5911 -0.8065
vn 0.0166 0.9723 -0.2331
vn 0.0391 0.9991 0.0140
vn 0.0665 0.9976 0.0205
vn 0.0263 0.9996 0.0123
vn 0.0486 0.5300 -0.8466
vn -0.0430 0.5922 -0.8046
vn 0.0017 0.9729 -0.2310
vn 0.0204 0.9997 0.0122
vn 0.1345 0.9902 0.0382
vn 0.1285 0.9200 -0.3703
vn 0.0257 0.6097 -0.7922
vn 0.0041 0.6036 -0.7973
vn -0.0166 0.9715 -0.2364
vn -0.0002 0.9738 -0.2274
vn -0.0152 0.5996 -0.8001
vn -0.0475 0.9640 -0.2616
vn -0.0224 0.9997 -0.0063
vn -0.0104 0.9999 -0.0098
vn -0.0495 0.9988 0.0028
vn -0.0111 -0.5911 -0.8065
vn 0.0078 -0.5878 -0.8090
vn 0.0333 -0.9703 -0.2395
vn 0.0166 -0.9723 -0.2331
vn 0.0253 -0.5865 -0.8096
vn 0.0642 -0.9629 -0.2621
vn 0.0391 -0.9991 0.0140
vn 0.0263 -0.9996 0.0123
vn 0.0665 -0.9976 0.0205
vn 0.0847 0.0434 -0.9955
vn 0.0902 0.1779 -0.9799
vn 0.4466 0.6159 -0.6490
vn 0.6216 0.2679 -0.7361
vn 0.0758 0.3891 -0.9181
vn 0.2437 0.8068 -0.5383
vn 0.6189 0.7766 0.1180
vn 0.9197 0.3657 0.1430
vn 0.2967 0.9522 0.0731
vn -0.5997 0.2120 0.7716
vn -0.4924 0.5914 0.6386
vn -0.5265 0.6638 0.5312
vn -0.6832 0.2590 0.6828
vn -0.2971 0.8668 0.4006
vn -0.2890 0.9085 0.3019
vn -0.5387 0.7163 0.4435
vn -0.7383 0.2989 0.6046
vn -0.2760 0.9328 0.2317
vn -0.1131 0.5853 -0.8029
vn -0.2198 0.5718 -0.7904
vn -0.0697 0.9657 -0.2500
vn -0.0258 0.9709 -0.2380
vn -0.3090 0.5555 -0.7720
vn -0.1058 0.9598 -0.2601
vn 0.0104 0.9999 0.0085
vn 0.0163 0.9998 0.0111
vn 0.0051 1.0000 0.0049
vn 0.0236 0.9986 0.0474
vn 0.0235 0.9985 0.0489
vn 0.0230 0.9985 0.0493
vn -0.2891 -0.4563 -0.8415
vn -0.3252 -0.4875 -0.8103
vn -0.1292 -0.9336 -0.3343
vn -0.1218 -0.9196 -0.3736
vn -0.3440 -0.5150 -0.7851
vn -0.1284 -0.9451 -0.3005
vn -0.0055 -0.9997 -0.0225
vn -0.0080 -0.9992 -0.0380
vn -0.0019 -0.9999 -0.0098
vn -0.3249 -0.0403 -0.9449
vn -0.3723 -0.0447 -0.9270
vn -0.4012 -0.0492 -0.9146
vn 0.0202 -0.9990 0.0391
vn 0.0168 -0.9993 0.0319
vn 0.0132 -0.9996 0.0231
vn 0.1200 -0.8993 0.4205
vn 0.2028 -0.6503 0.7321
vn 0.1585 -0.6559 0.7380
vn 0.1014 -0.9017 0.4203
vn 0.2548 -0.2565 0.9324
vn 0.1926 -0.2611 0.9459
vn 0.1199 -0.6485 0.7517
vn 0.0858 -0.8984 0.4308
vn 0.1373 -0.2554 0.9570
vn 0.2643 -0.0000 0.9644
vn 0.1985 -0.0000 0.9801
vn 0.1388 -0.0000 0.9903
vn -0.3249 -0.0000 -0.9457
vn -0.3725 -0.0000 -0.9280
vn -0.4016 -0.0000 -0.9158
vn 0.2548 0.2565 0.9324
vn 0.2028 0.6503 0.7321
vn 0.1585 0.6559 0.7380
vn 0.1926 0.2611 0.9459
vn 0.1200 0.8993 0.4205
vn 0.1014 0.9017 0.4203
vn 0.1199 0.6485 0.7517
vn 0.1373 0.2554 0.9570
vn 0.0858 0.8984 0.4308
vn 0.0643 0.9748 0.2138
vn 0.0618 0.9749 0.2138
vn 0.0601 0.9738 0.2194
vn 0.0204 -0.9989 0.0422
vn 0.0242 -0.9985 0.0482
vn 0.0337 -0.9963 0.0789
vn 0.0301 -0.9964 0.0789
vn 0.0273 -0.9982 0.0532
vn 0.0362 -0.9962 0.0793
vn 0.0456 -0.9889 0.1417
vn 0.0425 -0.9872 0.1540
vn 0.0471 -0.9901 0.1322
vn 0.0251 0.9979 0.0594
vn 0.0273 0.9979 0.0594
vn 0.0330 0.9963 0.0788
vn 0.0294 0.9965 0.0783
vn 0.0291 0.9978 0.0588
vn 0.0362 0.9962 0.0794
vn 0.0424 0.9920 0.1190
vn 0.0393 0.9922 0.1184
vn 0.0454 0.9916 0.1214
vn 0.2800 0.4646 -0.8401
vn 0.3150 0.5008 -0.8062
vn 0.1154 0.9357 -0.3333
vn 0.1102 0.9207 -0.3743
vn 0.3322 0.5338 -0.7776
vn 0.1122 0.9484 -0.2966
vn -0.0025 0.9993 -0.0363
vn 0.0005 0.9988 -0.0484
vn -0.0061 0.9996 -0.0260
vn -0.0258 0.9995 0.0192
vn -0.0228 0.9996 0.0153
vn -0.0191 0.9998 0.0107
vn 0.1307 -0.6042 -0.7861
vn 0.2236 -0.5928 -0.7737
vn 0.0651 -0.9677 -0.2437
vn 0.0364 -0.9716 -0.2340
vn 0.2986 -0.5783 -0.7592
vn 0.0892 -0.9628 -0.2552
vn -0.0077 -0.9998 -0.0191
vn -0.0043 -0.9998 -0.0186
vn -0.0105 -0.9997 -0.0205
vn 0.1682 -0.0792 -0.9826
vn 0.2853 -0.0739 -0.9556
vn 0.3763 -0.0666 -0.9241
vn -0.0264 -0.9995 0.0167
vn -0.0194 -0.9997 0.0159
vn -0.0112 -0.9998 0.0146
vn -0.0839 -0.7900 0.6074
vn -0.0982 -0.4619 0.8815
vn -0.1035 -0.5206 0.8475
vn -0.0858 -0.8332 0.5463
vn -0.0990 -0.1494 0.9838
vn -0.1059 -0.1769 0.9785
vn -0.1054 -0.5770 0.8099
vn -0.0844 -0.8680 0.4893
vn -0.1105 -0.2066 0.9722
vn -0.0976 -0.0000 0.9952
vn -0.1044 -0.0000 0.9945
vn -0.1090 -0.0000 0.9940
vn 0.1704 -0.0000 -0.9854
vn 0.2886 -0.0000 -0.9575
vn 0.3791 -0.0000 -0.9253
vn 0.3792 -0.0000 -0.9253
vn -0.0990 0.1493 0.9838
vn -0.0982 0.4611 0.8819
vn -0.1035 0.5195 0.8482
vn -0.1059 0.1767 0.9786
vn -0.0839 0.7887 0.6090
vn -0.0858 0.8314 0.5490
vn -0.1054 0.5753 0.8111
vn -0.1104 0.2062 0.9723
vn -0.0845 0.8660 0.4929
vn -0.0614 0.9474 0.3141
vn -0.0632 0.9599 0.2731
vn -0.0628 0.9689 0.2394
vn -0.0139 -0.9996 0.0246
vn -0.0229 -0.9994 0.0261
vn -0.0284 -0.9985 0.0459
vn -0.0191 -0.9988 0.0441
vn -0.0307 -0.9991 0.0277
vn -0.0365 -0.9982 0.0486
vn -0.0375 -0.9955 0.0871
vn -0.0298 -0.9959 0.0852
vn -0.0445 -0.9948 0.0917
vn -0.0251 0.9992 0.0297
vn -0.0288 0.9991 0.0314
vn -0.0369 0.9974 0.0627
vn -0.0332 0.9972 0.0669
vn -0.0316 0.9990 0.0330
vn -0.0391 0.9975 0.0596
vn -0.0473 0.9908 0.1269
vn -0.0442 0.9887 0.1435
vn -0.0485 0.9923 0.1139
vt 0.376045 0.751140
vt 0.623955 0.751140
vt 0.623955 0.998860
vt 0.376045 0.998860
vt 0.376045 0.525109
vt 0.623955 0.525108
vt 0.623955 0.724891
vt 0.376045 0.724892
vt 0.626140 0.525109
vt 0.873860 0.525109
vt 0.873860 0.724891
vt 0.626140 0.724891
vt 0.376045 0.025109
vt 0.623955 0.025109
vt 0.623955 0.224891
vt 0.376045 0.224891
vt 0.376045 0.251140
vt 0.623955 0.251140
vt 0.623955 0.498860
vt 0.376045 0.498860
vt 0.126140 0.724891
vt 0.126140 0.750000
vt 0.125482 0.750000
vt 0.125000 0.724891
vt 0.376045 1.000000
vt 0.375442 1.000000
vt 0.375000 0.998860
vt 0.375000 0.025109
vt 0.375000 0.010612
vt 0.376045 0.000000
vt 0.625000 0.998860
vt 0.625000 0.999518
vt 0.623955 1.000000
vt 0.875000 0.724891
vt 0.875000 0.739388
vt 0.873860 0.750000
vt 0.623955 0.000000
vt 0.624558 0.000000
vt 0.625000 0.025109
vt 0.126140 0.525109
vt 0.125000 0.525109
vt 0.125000 0.510612
vt 0.126140 0.500000
vt 0.376045 0.250000
vt 0.375442 0.250000
vt 0.375000 0.224891
vt 0.375000 0.251140
vt 0.375000 0.250482
vt 0.873860 0.500000
vt 0.874518 0.500000
vt 0.875000 0.525109
vt 0.623955 0.250000
vt 0.624558 0.250000
vt 0.625000 0.251140
vt 0.625000 0.224891
vt 0.625000 0.239388
vt 0.373860 0.724891
vt 0.375000 0.724891
vt 0.375147 0.746623
vt 0.373860 0.750000
vt 0.376045 0.750000
vt 0.375000 0.751140
vt 0.626140 0.750000
vt 0.625013 0.746463
vt 0.625000 0.724891
vt 0.623955 0.750000
vt 0.625000 0.751140
vt 0.625000 0.724891
vt 0.373860 0.525108
vt 0.373860 0.500000
vt 0.374987 0.503537
vt 0.375000 0.525109
vt 0.376045 0.500000
vt 0.375000 0.498860
vt 0.625000 0.525109
vt 0.624853 0.503377
vt 0.626140 0.500000
vt 0.623955 0.500000
vt 0.625000 0.525109
vt 0.625000 0.498860
vt 0.531250 0.232840
vt 0.562500 0.235008
vt 0.562500 0.246383
vt 0.531250 0.245750
vt 0.593750 0.240707
vt 0.593750 0.247920
vt 0.562500 0.251971
vt 0.531250 0.252240
vt 0.593750 0.251246
vt 0.500000 0.208333
vt 0.531250 0.208767
vt 0.500000 0.232530
vt 0.562500 0.211806
vt 0.593750 0.220920
vt 0.625000 0.250000
vt 0.625000 0.250000
vt 0.593750 0.254847
vt 0.562500 0.256366
vt 0.531250 0.256872
vt 0.500000 0.252279
vt 0.500000 0.256944
vt 0.500000 0.245660
vt 0.531250 0.471152
vt 0.562500 0.470850
vt 0.562500 0.479074
vt 0.531250 0.479057
vt 0.593750 0.470055
vt 0.593750 0.479113
vt 0.562464 0.487148
vt 0.531246 0.486798
vt 0.593673 0.488071
vt 0.500000 0.464385
vt 0.531250 0.464322
vt 0.500000 0.471195
vt 0.562500 0.463881
vt 0.593750 0.462557
vt 0.625000 0.458333
vt 0.625000 0.468750
vt 0.625000 0.479167
vt 0.625000 0.489583
vt 0.625000 0.500000
vt 0.592882 0.495144
vt 0.562211 0.493634
vt 0.531214 0.493128
vt 0.500000 0.486748
vt 0.500000 0.493056
vt 0.500000 0.479055
vt 0.531038 0.579547
vt 0.560800 0.579626
vt 0.561053 0.626591
vt 0.531069 0.625959
vt 0.587995 0.579807
vt 0.588723 0.628038
vt 0.561632 0.675582
vt 0.531142 0.673763
vt 0.590558 0.680171
vt 0.500000 0.541667
vt 0.531033 0.541667
vt 0.500000 0.579536
vt 0.560764 0.541667
vt 0.587891 0.541667
vt 0.611111 0.541667
vt 0.611256 0.579988
vt 0.612269 0.629485
vt 0.615289 0.685981
vt 0.625000 0.750000
vt 0.592882 0.725722
vt 0.562211 0.718171
vt 0.531214 0.715640
vt 0.500000 0.673503
vt 0.500000 0.715278
vt 0.500000 0.625868
vt 0.531250 0.971132
vt 0.562500 0.970830
vt 0.562500 0.979765
vt 0.531250 0.979870
vt 0.593750 0.970039
vt 0.593750 0.979511
vt 0.562500 0.989658
vt 0.531250 0.989671
vt 0.593750 0.989626
vt 0.500000 0.964081
vt 0.531250 0.964021
vt 0.500000 0.971175
vt 0.562500 0.963602
vt 0.593750 0.962344
vt 0.625000 0.958333
vt 0.625000 0.968750
vt 0.625000 0.979167
vt 0.625000 0.989583
vt 0.625000 1.000000
vt 0.593750 1.000000
vt 0.562500 1.000000
vt 0.531250 1.000000
vt 0.500000 0.989673
vt 0.500000 1.000000
vt 0.500000 0.979885
vt 0.345161 0.562500
vt 0.355309 0.562500
vt 0.355828 0.625000
vt 0.345723 0.625000
vt 0.367638 0.562719
vt 0.368842 0.625018
vt 0.355309 0.687500
vt 0.345161 0.687500
vt 0.367638 0.687322
vt 0.333333 0.500000
vt 0.343750 0.500000
vt 0.337494 0.562500
vt 0.354167 0.500000
vt 0.364583 0.500000
vt 0.375000 0.500000
vt 0.384567 0.565014
vt 0.386574 0.625145
vt 0.384567 0.685438
vt 0.375000 0.750000
vt 0.364583 0.750000
vt 0.354167 0.750000
vt 0.343750 0.750000
vt 0.337494 0.687500
vt 0.333333 0.750000
vt 0.338376 0.625000
vt 0.846132 0.579766
vt 0.854870 0.577582
vt 0.854765 0.629340
vt 0.845830 0.630100
vt 0.864671 0.571845
vt 0.864658 0.627496
vt 0.854511 0.688043
vt 0.845039 0.688137
vt 0.864626 0.687812
vt 0.839081 0.541667
vt 0.846175 0.541233
vt 0.839021 0.580078
vt 0.854885 0.538194
vt 0.864673 0.529080
vt 0.875000 0.500000
vt 0.875000 0.562500
vt 0.875000 0.625000
vt 0.875000 0.687500
vt 0.875000 0.750000
vt 0.864583 0.750000
vt 0.854167 0.750000
vt 0.843750 0.750000
vt 0.837344 0.688151
vt 0.833333 0.750000
vt 0.838602 0.630208
vt 0.629635 0.579755
vt 0.643925 0.577582
vt 0.643882 0.629340
vt 0.630326 0.630009
vt 0.655019 0.572076
vt 0.654241 0.627604
vt 0.644655 0.688043
vt 0.632258 0.687945
vt 0.654834 0.687826
vt 0.629695 0.541233
vt 0.645201 0.538194
vt 0.659344 0.529188
vt 0.666667 0.500000
vt 0.662575 0.565104
vt 0.661624 0.625868
vt 0.662506 0.687609
vt 0.666667 0.750000
vt 0.656250 0.750000
vt 0.645833 0.750000
vt 0.635417 0.750000
vt 0.682226 0.562500
vt 0.690525 0.562500
vt 0.690683 0.625000
vt 0.682669 0.625000
vt 0.699486 0.562731
vt 0.699579 0.625109
vt 0.690525 0.687500
vt 0.682226 0.687500
vt 0.699486 0.687514
vt 0.672023 0.500000
vt 0.681101 0.500000
vt 0.675570 0.562500
vt 0.690178 0.500000
vt 0.699256 0.500000
vt 0.708333 0.500000
vt 0.708948 0.565104
vt 0.709077 0.625868
vt 0.708947 0.687609
vt 0.708333 0.750000
vt 0.699256 0.750000
vt 0.690178 0.750000
vt 0.681101 0.750000
vt 0.675570 0.687500
vt 0.672023 0.750000
vt 0.676322 0.625000
vt 0.718949 0.572076
vt 0.729220 0.577583
vt 0.729241 0.629340
vt 0.719020 0.627604
vt 0.739590 0.579766
vt 0.739593 0.630100
vt 0.729218 0.688043
vt 0.718944 0.687826
vt 0.739590 0.688138
vt 0.718806 0.529134
vt 0.729185 0.538194
vt 0.739586 0.541233
vt 0.750000 0.541667
vt 0.750000 0.580078
vt 0.750000 0.630208
vt 0.750000 0.688151
vt 0.750000 0.750000
vt 0.739583 0.750000
vt 0.729167 0.750000
vt 0.718750 0.750000
vt 0.760399 0.580078
vt 0.770687 0.580078
vt 0.770709 0.630208
vt 0.760401 0.630208
vt 0.780754 0.580078
vt 0.780817 0.630208
vt 0.770762 0.688151
vt 0.760408 0.688151
vt 0.780982 0.688151
vt 0.760398 0.541667
vt 0.770684 0.541667
vt 0.780745 0.541667
vt 0.790470 0.541667
vt 0.790482 0.580078
vt 0.790569 0.630208
vt 0.790831 0.688151
vt 0.791667 0.750000
vt 0.781250 0.750000
vt 0.770833 0.750000
vt 0.760417 0.750000
vt 0.826148 0.580078
vt 0.829888 0.580078
vt 0.829866 0.630208
vt 0.826374 0.630208
vt 0.833850 0.580078
vt 0.833559 0.630208
vt 0.829813 0.688151
vt 0.826968 0.688151
vt 0.832793 0.688151
vt 0.821600 0.541667
vt 0.826116 0.541667
vt 0.821647 0.580078
vt 0.829891 0.541667
vt 0.833891 0.541667
vt 0.831538 0.750000
vt 0.829742 0.750000
vt 0.827946 0.750000
vt 0.822975 0.688151
vt 0.826150 0.750000
vt 0.821979 0.630208
vt 0.135108 0.575420
vt 0.144988 0.579882
vt 0.145131 0.631015
vt 0.135188 0.629995
vt 0.153785 0.581114
vt 0.154108 0.631106
vt 0.145435 0.688918
vt 0.135295 0.689086
vt 0.154928 0.688673
vt 0.124580 0.506817
vt 0.135074 0.533186
vt 0.124685 0.567613
vt 0.144957 0.540751
vt 0.153734 0.542712
vt 0.160873 0.542424
vt 0.160937 0.580771
vt 0.161366 0.630729
vt 0.162638 0.688429
vt 0.166667 0.750000
vt 0.156250 0.750000
vt 0.145833 0.750000
vt 0.135417 0.750000
vt 0.124895 0.689204
vt 0.125000 0.750000
vt 0.124790 0.628408
vt 0.184375 0.580078
vt 0.191795 0.580078
vt 0.191690 0.630208
vt 0.184133 0.630208
vt 0.200278 0.580078
vt 0.200205 0.630208
vt 0.191436 0.688151
vt 0.183500 0.688151
vt 0.200015 0.688151
vt 0.178400 0.541667
vt 0.184409 0.541667
vt 0.178353 0.580078
vt 0.191810 0.541667
vt 0.200289 0.541667
vt 0.209531 0.541667
vt 0.209518 0.580078
vt 0.209431 0.630208
vt 0.209169 0.688151
vt 0.208333 0.750000
vt 0.199712 0.750000
vt 0.191092 0.750000
vt 0.182471 0.750000
vt 0.177025 0.688151
vt 0.173850 0.750000
vt 0.178021 0.630208
vt 0.219246 0.580078
vt 0.229313 0.580078
vt 0.229291 0.630208
vt 0.219183 0.630208
vt 0.239602 0.580078
vt 0.239599 0.630208
vt 0.229238 0.688151
vt 0.219019 0.688151
vt 0.239592 0.688151
vt 0.219255 0.541667
vt 0.229316 0.541667
vt 0.239602 0.541667
vt 0.250000 0.541667
vt 0.250000 0.580078
vt 0.250000 0.630208
vt 0.250000 0.688151
vt 0.250000 0.750000
vt 0.239583 0.750000
vt 0.229167 0.750000
vt 0.218750 0.750000
vt 0.260410 0.579766
vt 0.270780 0.577582
vt 0.270759 0.629340
vt 0.260407 0.630100
vt 0.281052 0.572076
vt 0.280980 0.627604
vt 0.270782 0.688043
vt 0.260410 0.688137
vt 0.281056 0.687826
vt 0.260414 0.541233
vt 0.270815 0.538194
vt 0.281194 0.529134
vt 0.291667 0.500000
vt 0.291052 0.565104
vt 0.290923 0.625868
vt 0.291053 0.687609
vt 0.291667 0.750000
vt 0.281250 0.750000
vt 0.270833 0.750000
vt 0.260417 0.750000
vt 0.328241 0.562500
vt 0.330706 0.562500
vt 0.330729 0.625000
vt 0.327821 0.625000
vt 0.333269 0.562500
vt 0.333769 0.625000
vt 0.330706 0.687500
vt 0.328241 0.687500
vt 0.333269 0.687500
vt 0.327977 0.500000
vt 0.329316 0.500000
vt 0.324430 0.562500
vt 0.330655 0.500000
vt 0.331994 0.500000
vt 0.331994 0.750000
vt 0.330655 0.750000
vt 0.329316 0.750000
vt 0.324430 0.687500
vt 0.327977 0.750000
vt 0.323678 0.625000
vt 0.531246 0.745936
vt 0.562464 0.747769
vt 0.562500 0.766586
vt 0.531250 0.765843
vt 0.593673 0.752584
vt 0.593750 0.768391
vt 0.562500 0.778607
vt 0.531250 0.778211
vt 0.593750 0.779633
vt 0.500000 0.745674
vt 0.625000 0.760417
vt 0.625000 0.770833
vt 0.625000 0.781250
vt 0.625000 0.791667
vt 0.593750 0.787443
vt 0.562500 0.786120
vt 0.531250 0.785678
vt 0.500000 0.778155
vt 0.500000 0.785615
vt 0.500000 0.765737
vt 0.531250 0.808252
vt 0.562500 0.807980
vt 0.562500 0.815809
vt 0.531250 0.815919
vt 0.593750 0.807265
vt 0.593750 0.815541
vt 0.562500 0.824646
vt 0.531250 0.824705
vt 0.593750 0.824495
vt 0.500000 0.802182
vt 0.531250 0.802129
vt 0.500000 0.808291
vt 0.562500 0.801752
vt 0.593750 0.800624
vt 0.625000 0.797023
vt 0.625000 0.806101
vt 0.625000 0.815178
vt 0.625000 0.824256
vt 0.625000 0.833333
vt 0.593750 0.833957
vt 0.562500 0.834152
vt 0.531250 0.834217
vt 0.500000 0.824713
vt 0.500000 0.834226
vt 0.500000 0.815935
vt 0.531250 0.844120
vt 0.562500 0.844073
vt 0.562500 0.854260
vt 0.531250 0.854276
vt 0.593750 0.843950
vt 0.593750 0.854220
vt 0.562500 0.864595
vt 0.531250 0.864597
vt 0.593750 0.864590
vt 0.500000 0.844127
vt 0.625000 0.843750
vt 0.625000 0.854167
vt 0.625000 0.864583
vt 0.625000 0.875000
vt 0.593750 0.875000
vt 0.562500 0.875000
vt 0.531250 0.875000
vt 0.500000 0.864597
vt 0.500000 0.875000
vt 0.500000 0.854278
vt 0.531250 0.885398
vt 0.562500 0.885401
vt 0.562500 0.895709
vt 0.531250 0.895687
vt 0.593750 0.885408
vt 0.593750 0.895762
vt 0.562500 0.905817
vt 0.531250 0.905754
vt 0.593750 0.905982
vt 0.500000 0.885398
vt 0.625000 0.885417
vt 0.625000 0.895833
vt 0.625000 0.906250
vt 0.625000 0.916667
vt 0.593750 0.915831
vt 0.562500 0.915569
vt 0.531250 0.915482
vt 0.500000 0.905745
vt 0.500000 0.915470
vt 0.500000 0.895684
vt 0.531250 0.951148
vt 0.562500 0.951374
vt 0.562500 0.954866
vt 0.531250 0.954888
vt 0.593750 0.951969
vt 0.593750 0.954814
vt 0.562500 0.958559
vt 0.531250 0.958850
vt 0.593750 0.957793
vt 0.500000 0.946600
vt 0.531250 0.946648
vt 0.500000 0.951116
vt 0.562500 0.946979
vt 0.593750 0.947975
vt 0.625000 0.951150
vt 0.625000 0.952946
vt 0.625000 0.954742
vt 0.625000 0.956538
vt 0.500000 0.958891
vt 0.500000 0.954891
vt 0.531250 0.263206
vt 0.562500 0.262856
vt 0.562500 0.270958
vt 0.531250 0.270980
vt 0.593750 0.261931
vt 0.593750 0.270905
vt 0.562500 0.279260
vt 0.531250 0.278975
vt 0.593750 0.280013
vt 0.500000 0.263257
vt 0.625000 0.260417
vt 0.625000 0.270833
vt 0.625000 0.281250
vt 0.625000 0.291667
vt 0.593750 0.287656
vt 0.562500 0.286398
vt 0.531250 0.285979
vt 0.500000 0.278934
vt 0.500000 0.285919
vt 0.500000 0.270983
vt 0.531250 0.309375
vt 0.562500 0.309133
vt 0.562500 0.316690
vt 0.531250 0.316795
vt 0.593750 0.308500
vt 0.593750 0.316436
vt 0.562500 0.325205
vt 0.531250 0.325278
vt 0.593750 0.325015
vt 0.500000 0.303400
vt 0.531250 0.303353
vt 0.500000 0.309409
vt 0.562500 0.303021
vt 0.593750 0.302025
vt 0.625000 0.298850
vt 0.625000 0.307471
vt 0.625000 0.316092
vt 0.625000 0.324713
vt 0.625000 0.333333
vt 0.593750 0.334169
vt 0.562500 0.334431
vt 0.531250 0.334518
vt 0.500000 0.325289
vt 0.500000 0.334531
vt 0.500000 0.316810
vt 0.531250 0.344246
vt 0.562500 0.344183
vt 0.562500 0.354291
vt 0.531250 0.354313
vt 0.593750 0.344019
vt 0.593750 0.354238
vt 0.562500 0.364599
vt 0.531250 0.364602
vt 0.593750 0.364592
vt 0.500000 0.344255
vt 0.625000 0.343750
vt 0.625000 0.354167
vt 0.625000 0.364583
vt 0.625000 0.375000
vt 0.593750 0.375000
vt 0.562500 0.375000
vt 0.531250 0.375000
vt 0.500000 0.364602
vt 0.500000 0.375000
vt 0.500000 0.354316
vt 0.531250 0.385403
vt 0.562500 0.385405
vt 0.562500 0.395740
vt 0.531250 0.395724
vt 0.593750 0.385410
vt 0.593750 0.395780
vt 0.562446 0.405927
vt 0.531243 0.405880
vt 0.593635 0.406050
vt 0.500000 0.385403
vt 0.625000 0.385417
vt 0.625000 0.395833
vt 0.625000 0.406250
vt 0.625000 0.416667
vt 0.592448 0.416042
vt 0.562066 0.415848
vt 0.531196 0.415783
vt 0.500000 0.405873
vt 0.500000 0.415774
vt 0.500000 0.395722
vt 0.531243 0.452271
vt 0.562446 0.452527
vt 0.562500 0.455748
vt 0.531250 0.455764
vt 0.593635 0.453204
vt 0.593750 0.455709
vt 0.562500 0.459118
vt 0.531250 0.459423
vt 0.593750 0.458313
vt 0.500000 0.447818
vt 0.531196 0.447872
vt 0.500000 0.452234
vt 0.562066 0.448248
vt 0.592448 0.449370
vt 0.625000 0.452977
vt 0.625000 0.454316
vt 0.625000 0.455655
vt 0.625000 0.456994
vt 0.500000 0.459467
vt 0.500000 0.455767
vt 0.406365 0.453204
vt 0.437554 0.452527
vt 0.437500 0.455748
vt 0.406250 0.455709
vt 0.468757 0.452271
vt 0.468750 0.455764
vt 0.437500 0.459118
vt 0.406250 0.458313
vt 0.468750 0.459423
vt 0.375000 0.452977
vt 0.407552 0.449370
vt 0.375000 0.454316
vt 0.437934 0.448248
vt 0.468804 0.447872
vt 0.468750 0.464322
vt 0.437500 0.463881
vt 0.406250 0.462557
vt 0.375000 0.456994
vt 0.375000 0.458333
vt 0.375000 0.455655
vt 0.406250 0.385410
vt 0.437500 0.385405
vt 0.437500 0.395740
vt 0.406250 0.395780
vt 0.468750 0.385403
vt 0.468750 0.395724
vt 0.437554 0.405927
vt 0.406365 0.406050
vt 0.468757 0.405880
vt 0.375000 0.375000
vt 0.406250 0.375000
vt 0.375000 0.385417
vt 0.437500 0.375000
vt 0.468750 0.375000
vt 0.468804 0.415783
vt 0.437934 0.415848
vt 0.407552 0.416042
vt 0.375000 0.406250
vt 0.375000 0.416667
vt 0.375000 0.395833
vt 0.406250 0.344019
vt 0.437500 0.344183
vt 0.437500 0.354291
vt 0.406250 0.354238
vt 0.468750 0.344246
vt 0.468750 0.354313
vt 0.437500 0.364599
vt 0.406250 0.364592
vt 0.468750 0.364602
vt 0.375000 0.333333
vt 0.406250 0.334169
vt 0.375000 0.343750
vt 0.437500 0.334431
vt 0.468750 0.334518
vt 0.375000 0.364583
vt 0.375000 0.354167
vt 0.406250 0.308500
vt 0.437500 0.309133
vt 0.437500 0.316690
vt 0.406250 0.316436
vt 0.468750 0.309375
vt 0.468750 0.316795
vt 0.437500 0.325205
vt 0.406250 0.325015
vt 0.468750 0.325278
vt 0.375000 0.298850
vt 0.406250 0.302025
vt 0.375000 0.307471
vt 0.437500 0.303021
vt 0.468750 0.303353
vt 0.375000 0.324713
vt 0.375000 0.316092
vt 0.406250 0.261931
vt 0.437500 0.262856
vt 0.437500 0.270958
vt 0.406250 0.270905
vt 0.468750 0.263206
vt 0.468750 0.270980
vt 0.437500 0.279260
vt 0.406250 0.280013
vt 0.468750 0.278975
vt 0.375000 0.250000
vt 0.406250 0.254847
vt 0.375000 0.260417
vt 0.437500 0.256366
vt 0.468750 0.256872
vt 0.468750 0.285979
vt 0.437500 0.286398
vt 0.406250 0.287656
vt 0.375000 0.281250
vt 0.375000 0.291667
vt 0.375000 0.270833
vt 0.406250 0.951968
vt 0.437500 0.951374
vt 0.437500 0.954867
vt 0.406250 0.954814
vt 0.468750 0.951148
vt 0.468750 0.954888
vt 0.437500 0.958559
vt 0.406250 0.957792
vt 0.468750 0.958850
vt 0.375000 0.951150
vt 0.406250 0.947975
vt 0.375000 0.952946
vt 0.437500 0.946979
vt 0.468750 0.946648
vt 0.468750 0.964021
vt 0.437500 0.963602
vt 0.406250 0.962344
vt 0.375000 0.956538
vt 0.375000 0.958333
vt 0.375000 0.954742
vt 0.406250 0.885408
vt 0.437500 0.885401
vt 0.437500 0.895709
vt 0.406250 0.895762
vt 0.468750 0.885398
vt 0.468750 0.895687
vt 0.437500 0.905817
vt 0.406250 0.905982
vt 0.468750 0.905754
vt 0.375000 0.875000
vt 0.406250 0.875000
vt 0.375000 0.885417
vt 0.437500 0.875000
vt 0.468750 0.875000
vt 0.468750 0.915482
vt 0.437500 0.915569
vt 0.406250 0.915831
vt 0.375000 0.906250
vt 0.375000 0.916667
vt 0.375000 0.895833
vt 0.406250 0.843950
vt 0.437500 0.844073
vt 0.437500 0.854260
vt 0.406250 0.854220
vt 0.468750 0.844120
vt 0.468750 0.854276
vt 0.437500 0.864595
vt 0.406250 0.864590
vt 0.468750 0.864597
vt 0.375000 0.833333
vt 0.406250 0.833956
vt 0.375000 0.843750
vt 0.437500 0.834152
vt 0.468750 0.834217
vt 0.375000 0.864583
vt 0.375000 0.854167
vt 0.406250 0.807265
vt 0.437500 0.807980
vt 0.437500 0.815809
vt 0.406250 0.815541
vt 0.468750 0.808252
vt 0.468750 0.815919
vt 0.437500 0.824646
vt 0.406250 0.824495
vt 0.468750 0.824705
vt 0.375000 0.797023
vt 0.406250 0.800624
vt 0.375000 0.806101
vt 0.437500 0.801752
vt 0.468750 0.802128
vt 0.375000 0.824256
vt 0.375000 0.815178
vt 0.406327 0.752584
vt 0.437536 0.747769
vt 0.437500 0.766586
vt 0.406250 0.768391
vt 0.468755 0.745936
vt 0.468750 0.765843
vt 0.437500 0.778607
vt 0.406250 0.779633
vt 0.468750 0.778211
vt 0.407118 0.725722
vt 0.375000 0.760417
vt 0.437789 0.718171
vt 0.468786 0.715640
vt 0.468750 0.785678
vt 0.437500 0.786119
vt 0.406250 0.787443
vt 0.375000 0.781250
vt 0.375000 0.791667
vt 0.375000 0.770833
vt 0.406250 0.970039
vt 0.437500 0.970830
vt 0.437500 0.979765
vt 0.406250 0.979511
vt 0.468750 0.971132
vt 0.468750 0.979870
vt 0.437500 0.989658
vt 0.406250 0.989626
vt 0.468750 0.989671
vt 0.375000 0.968750
vt 0.468750 1.000000
vt 0.437500 1.000000
vt 0.406250 1.000000
vt 0.375000 0.989583
vt 0.375000 1.000000
vt 0.375000 0.979167
vt 0.409338 0.571805
vt 0.438332 0.577130
vt 0.438657 0.625723
vt 0.410446 0.625434
vt 0.468854 0.579235
vt 0.468895 0.625850
vt 0.438332 0.675474
vt 0.409338 0.679846
vt 0.468854 0.673749
vt 0.407118 0.529134
vt 0.437789 0.538194
vt 0.468786 0.541233
vt 0.406250 0.470055
vt 0.437500 0.470850
vt 0.437500 0.479074
vt 0.406250 0.479113
vt 0.468750 0.471152
vt 0.468750 0.479057
vt 0.437500 0.487148
vt 0.406250 0.488071
vt 0.468750 0.486798
vt 0.375000 0.468750
vt 0.468750 0.493128
vt 0.437500 0.493634
vt 0.406250 0.495153
vt 0.375000 0.489583
vt 0.375000 0.500000
vt 0.375000 0.479167
vt 0.406250 0.240707
vt 0.437500 0.235008
vt 0.437500 0.246383
vt 0.406250 0.247920
vt 0.468750 0.232840
vt 0.468750 0.245750
vt 0.437500 0.251971
vt 0.406250 0.251246
vt 0.468750 0.252240
vt 0.406250 0.220920
vt 0.375000 0.250000
vt 0.437500 0.211806
vt 0.468750 0.208767
vt 0.406250 0.062188
vt 0.437500 0.061957
vt 0.437500 0.120660
vt 0.406250 0.122504
vt 0.468750 0.061863
vt 0.468750 0.119900
vt 0.437500 0.172418
vt 0.406250 0.178155
vt 0.468750 0.170234
vt 0.375000 0.000000
vt 0.406250 0.000000
vt 0.375000 0.062500
vt 0.437500 0.000000
vt 0.468750 0.000000
vt 0.500000 0.000000
vt 0.500000 0.061849
vt 0.500000 0.119792
vt 0.500000 0.169922
vt 0.375000 0.187500
vt 0.375000 0.125000
vt 0.406250 0.498754
vt 0.437500 0.498029
vt 0.437500 0.503617
vt 0.406250 0.502080
vt 0.468750 0.497760
vt 0.468750 0.504250
vt 0.437536 0.514992
vt 0.406327 0.509293
vt 0.468755 0.517160
vt 0.375000 0.500000
vt 0.500000 0.497721
vt 0.500000 0.504340
vt 0.500000 0.517470
vt 0.375000 0.500000
vt -0.104167 0.125000
vt 0.041667 0.250000
vt 0.187500 0.375000
vt 0.187500 0.375000
vt -0.250000 0.000000
vt -0.104167 0.125000
vt 0.333333 0.500000
vt 0.260417 0.500638
vt 0.270833 0.500543
vt 0.270833 0.504340
vt 0.260417 0.505100
vt 0.281250 0.500312
vt 0.281250 0.502496
vt 0.270831 0.515083
vt 0.260416 0.517266
vt 0.281245 0.509345
vt 0.250000 0.500000
vt 0.260417 0.500000
vt 0.250000 0.500651
vt 0.270833 0.500000
vt 0.281250 0.500000
vt 0.291667 0.500000
vt 0.291667 0.500000
vt 0.250000 0.517578
vt 0.250000 0.505208
vt 0.219019 0.500651
vt 0.229238 0.500651
vt 0.229291 0.505208
vt 0.219183 0.505208
vt 0.239592 0.500651
vt 0.239599 0.505208
vt 0.229313 0.517578
vt 0.219246 0.517578
vt 0.239602 0.517578
vt 0.208333 0.500000
vt 0.218750 0.500000
vt 0.209169 0.500651
vt 0.229167 0.500000
vt 0.239583 0.500000
vt 0.209518 0.517578
vt 0.209431 0.505208
vt 0.183500 0.500651
vt 0.191436 0.500651
vt 0.191690 0.505208
vt 0.184133 0.505208
vt 0.200015 0.500651
vt 0.200205 0.505208
vt 0.191795 0.517578
vt 0.184375 0.517578
vt 0.200278 0.517578
vt 0.173850 0.500000
vt 0.182471 0.500000
vt 0.177025 0.500651
vt 0.191092 0.500000
vt 0.199712 0.500000
vt 0.178353 0.517578
vt 0.178021 0.505208
vt 0.135295 0.501586
vt 0.145435 0.501418
vt 0.145131 0.506015
vt 0.135188 0.504995
vt 0.154928 0.501173
vt 0.154108 0.506107
vt 0.144988 0.517382
vt 0.135108 0.512920
vt 0.153785 0.518614
vt 0.125000 0.500000
vt 0.135417 0.500000
vt 0.124895 0.501704
vt 0.145833 0.500000
vt 0.156250 0.500000
vt 0.166667 0.500000
vt 0.162638 0.500929
vt 0.161366 0.505729
vt 0.160937 0.518270
vt 0.124685 0.505113
vt 0.124790 0.503408
vt 0.826968 0.500651
vt 0.829813 0.500651
vt 0.829866 0.505208
vt 0.826374 0.505208
vt 0.832793 0.500651
vt 0.833559 0.505208
vt 0.829888 0.517578
vt 0.826148 0.517578
vt 0.833849 0.517578
vt 0.826150 0.500000
vt 0.827946 0.500000
vt 0.822975 0.500651
vt 0.829742 0.500000
vt 0.831538 0.500000
vt 0.833333 0.500000
vt 0.837344 0.500651
vt 0.838602 0.505208
vt 0.839021 0.517578
vt 0.821647 0.517578
vt 0.821979 0.505208
vt 0.760408 0.500651
vt 0.770762 0.500651
vt 0.770709 0.505208
vt 0.760401 0.505208
vt 0.780982 0.500651
vt 0.780817 0.505208
vt 0.770687 0.517578
vt 0.760398 0.517578
vt 0.780754 0.517578
vt 0.750000 0.500000
vt 0.760417 0.500000
vt 0.750000 0.500651
vt 0.770833 0.500000
vt 0.781250 0.500000
vt 0.791667 0.500000
vt 0.790831 0.500651
vt 0.790569 0.505208
vt 0.790482 0.517578
vt 0.750000 0.517578
vt 0.750000 0.505208
vt 0.718750 0.500312
vt 0.729167 0.500543
vt 0.729167 0.504340
vt 0.718750 0.502496
vt 0.739583 0.500638
vt 0.739583 0.505100
vt 0.729169 0.515083
vt 0.718755 0.509345
vt 0.739584 0.517266
vt 0.708333 0.500000
vt 0.718750 0.500000
vt 0.708333 0.500000
vt 0.729167 0.500000
vt 0.739583 0.500000
vt 0.620492 0.443870
vt 0.618713 0.434806
vt 0.623275 0.434822
vt 0.623823 0.443899
vt 0.620487 0.425738
vt 0.623812 0.425744
vt 0.624799 0.434822
vt 0.624875 0.443899
vt 0.624859 0.425744
vt 0.610653 0.443575
vt 0.625011 0.452977
vt 0.607642 0.434696
vt 0.610652 0.425675
vt 0.625000 0.416667
vt 0.625000 0.416667
vt 0.625011 0.425744
vt 0.625021 0.434822
vt 0.625032 0.443899
vt 0.625032 0.452977
vt 0.625042 0.452977
vt 0.625021 0.452977
vt 0.632724 0.500599
vt 0.648383 0.500543
vt 0.649306 0.504340
vt 0.631004 0.505082
vt 0.668943 0.500326
vt 0.673901 0.502604
vt 0.647653 0.515083
vt 0.630101 0.517264
vt 0.669128 0.509576
vt 0.635417 0.500000
vt 0.615289 0.500217
vt 0.645833 0.500000
vt 0.656250 0.500000
vt 0.707248 0.500109
vt 0.715857 0.500868
vt 0.707317 0.502604
vt 0.611256 0.517560
vt 0.612269 0.505064
vt 0.845039 0.500638
vt 0.854511 0.500543
vt 0.854765 0.504340
vt 0.845830 0.505100
vt 0.864626 0.500312
vt 0.864658 0.502496
vt 0.854870 0.515083
vt 0.846132 0.517266
vt 0.864671 0.509345
vt 0.843750 0.500000
vt 0.854167 0.500000
vt 0.864583 0.500000
vt 0.875000 0.500000
vt 0.875000 0.500000
vt 0.343750 0.500000
vt 0.343750 0.500000
vt 0.354167 0.500000
vt 0.364583 0.500000
vt 0.531142 0.497773
vt 0.561632 0.498137
vt 0.561053 0.504485
vt 0.531069 0.504358
vt 0.590558 0.499055
vt 0.588723 0.504774
vt 0.560800 0.517488
vt 0.531038 0.517472
vt 0.587995 0.517524
vt 0.531250 0.061863
vt 0.562500 0.061957
vt 0.562500 0.120660
vt 0.531250 0.119900
vt 0.593750 0.062188
vt 0.593750 0.122504
vt 0.562500 0.172418
vt 0.531250 0.170234
vt 0.593750 0.178155
vt 0.531250 0.000000
vt 0.562500 0.000000
vt 0.593750 0.000000
vt 0.625000 0.000000
vt 0.625000 0.062500
vt 0.625000 0.125000
vt 0.625000 0.187500
vt 0.778422 0.500014
vt 0.867965 0.500000
vt 0.869502 0.500000
vt 0.783456 0.500109
vt 0.963964 0.500000
vt 0.964157 0.500000
vt 0.778422 0.500231
vt 0.963964 0.500000
vt 0.765625 0.500000
vt 0.963542 0.500000
vt 1.062500 0.500000
vt 0.379513 0.425738
vt 0.381287 0.434806
vt 0.376725 0.434822
vt 0.376188 0.425744
vt 0.379508 0.443870
vt 0.376178 0.443899
vt 0.375201 0.434822
vt 0.375141 0.425744
vt 0.375125 0.443899
vt 0.389348 0.425675
vt 0.375000 0.416667
vt 0.392358 0.434696
vt 0.389347 0.443575
vt 0.374990 0.452977
vt 0.374979 0.452977
vt 0.374968 0.452977
vt 0.374958 0.452977
vt 0.374968 0.443899
vt 0.374979 0.434822
vt 0.374990 0.425744
vt 0.375000 0.416667
vt 0.406250 0.791687
vt 0.437500 0.790883
vt 0.437500 0.794252
vt 0.406250 0.794292
vt 0.468750 0.790577
vt 0.468750 0.794236
vt 0.437500 0.797473
vt 0.406250 0.796796
vt 0.468750 0.797729
vt 0.375000 0.793006
vt 0.500000 0.790533
vt 0.500000 0.794233
vt 0.500000 0.797766
vt 0.375000 0.795684
vt 0.375000 0.794345
vt 0.410881 0.425499
vt 0.438748 0.425354
vt 0.439236 0.434191
vt 0.412542 0.434444
vt 0.468906 0.425295
vt 0.468967 0.434081
vt 0.438748 0.442020
vt 0.410881 0.442707
vt 0.468906 0.441748
vt 0.500000 0.425287
vt 0.500000 0.434065
vt 0.500000 0.441709
vt 0.531094 0.425295
vt 0.561252 0.425354
vt 0.560764 0.434191
vt 0.531033 0.434081
vt 0.589119 0.425499
vt 0.587458 0.434444
vt 0.561252 0.442020
vt 0.531094 0.441748
vt 0.589119 0.442707
vt 0.531250 0.790577
vt 0.562500 0.790883
vt 0.562500 0.794252
vt 0.531250 0.794236
vt 0.593750 0.791687
vt 0.593750 0.794292
vt 0.562500 0.797473
vt 0.531250 0.797729
vt 0.593750 0.796796
vt 0.625000 0.793006
vt 0.625000 0.794345
vt 0.625000 0.795684
vt 0.300514 0.562731
vt 0.309475 0.562500
vt 0.309317 0.625000
vt 0.300421 0.625109
vt 0.317774 0.562500
vt 0.317332 0.625000
vt 0.309475 0.687500
vt 0.300514 0.687514
vt 0.317774 0.687500
vt 0.300744 0.500000
vt 0.309822 0.500000
vt 0.318899 0.500000
vt 0.318899 0.750000
vt 0.309822 0.750000
vt 0.300744 0.750000
vt 0.666731 0.562731
vt 0.669294 0.562500
vt 0.669270 0.625000
vt 0.666231 0.625109
vt 0.671759 0.562500
vt 0.672179 0.625000
vt 0.669294 0.687500
vt 0.666731 0.687514
vt 0.671759 0.687500
vt 0.668006 0.500000
vt 0.669345 0.500000
vt 0.670684 0.500000
vt 0.670684 0.750000
vt 0.669345 0.750000
vt 0.668006 0.750000
vt 0.799985 0.500651
vt 0.808564 0.500651
vt 0.808310 0.505208
vt 0.799795 0.505208
vt 0.816500 0.500651
vt 0.815867 0.505208
vt 0.808205 0.517578
vt 0.799722 0.517578
vt 0.815626 0.517578
vt 0.800288 0.500000
vt 0.808908 0.500000
vt 0.817529 0.500000
vt 0.815591 0.541667
vt 0.808190 0.541667
vt 0.799711 0.541667
vt 0.167200 0.500768
vt 0.170184 0.500686
vt 0.170130 0.505273
vt 0.166428 0.505428
vt 0.173031 0.500655
vt 0.173626 0.505217
vt 0.170106 0.517665
vt 0.166133 0.517870
vt 0.173851 0.517589
vt 0.168462 0.500000
vt 0.170258 0.500000
vt 0.172054 0.500000
vt 0.173883 0.541679
vt 0.170103 0.541761
vt 0.166089 0.541986
vt 0.406250 0.924985
vt 0.437500 0.924795
vt 0.437500 0.933310
vt 0.406250 0.933564
vt 0.468750 0.924722
vt 0.468750 0.933205
vt 0.437500 0.940867
vt 0.406250 0.941500
vt 0.468750 0.940626
vt 0.375000 0.925288
vt 0.500000 0.924711
vt 0.500000 0.933190
vt 0.500000 0.940591
vt 0.375000 0.942529
vt 0.375000 0.933908
vt 0.406250 0.292208
vt 0.437500 0.291441
vt 0.437500 0.295134
vt 0.406250 0.295187
vt 0.468750 0.291151
vt 0.468750 0.295112
vt 0.437500 0.298626
vt 0.406250 0.298032
vt 0.468750 0.298852
vt 0.375000 0.293463
vt 0.500000 0.291109
vt 0.500000 0.295109
vt 0.500000 0.298884
vt 0.375000 0.297054
vt 0.375000 0.295258
vt 0.531250 0.291151
vt 0.562500 0.291441
vt 0.562500 0.295134
vt 0.531250 0.295112
vt 0.593750 0.292208
vt 0.593750 0.295187
vt 0.562500 0.298626
vt 0.531250 0.298852
vt 0.593750 0.298032
vt 0.625000 0.293463
vt 0.625000 0.295258
vt 0.625000 0.297054
vt 0.531250 0.924722
vt 0.562500 0.924795
vt 0.562500 0.933310
vt 0.531250 0.933205
vt 0.593750 0.924985
vt 0.593750 0.933564
vt 0.562500 0.940867
vt 0.531250 0.940625
vt 0.593750 0.941500
vt 0.625000 0.925288
vt 0.625000 0.933908
vt 0.625000 0.942529
vt 0.166133 0.580370
vt 0.170106 0.580165
vt 0.170130 0.630273
vt 0.166428 0.630428
vt 0.173851 0.580089
vt 0.173626 0.630216
vt 0.170184 0.688186
vt 0.167200 0.688268
vt 0.173031 0.688155
vt 0.172054 0.750000
vt 0.170258 0.750000
vt 0.168462 0.750000
vt 0.799722 0.580078
vt 0.808205 0.580078
vt 0.808310 0.630208
vt 0.799795 0.630208
vt 0.815625 0.580078
vt 0.815867 0.630208
vt 0.808564 0.688151
vt 0.799985 0.688151
vt 0.816500 0.688151
vt 0.817529 0.750000
vt 0.808908 0.750000
vt 0.800288 0.750000
s 1
f 31/1/1 37/2/2 8/3/3 2/4/4
f 45/5/5 51/6/6 38/7/7 30/8/8
f 50/9/9 22/10/10 9/11/11 36/12/12
f 3/13/13 10/14/14 24/15/15 16/16/16
f 17/17/17 23/18/18 52/19/19 44/20/20
f 1/21/21 4/22/22 5/23/23 7/24/24
f 2/4/4 6/25/25 5/26/23 4/27/22
f 3/13/13 7/28/24 5/29/23 6/30/25
f 8/3/3 11/31/26 12/32/27 14/33/28
f 9/11/11 13/34/29 12/35/27 11/36/26
f 10/14/14 14/37/28 12/38/27 13/39/29
f 15/40/30 18/41/31 19/42/32 21/43/33
f 16/16/16 20/44/34 19/45/32 18/46/31
f 17/17/17 21/47/33 19/48/32 20/44/34
f 22/10/10 25/49/35 26/50/36 28/51/37
f 23/18/18 27/52/38 26/53/36 25/54/35
f 24/15/15 28/55/37 26/56/36 27/52/38
f 29/57/39 32/58/40 33/59/41 35/60/42
f 30/8/8 34/61/43 33/59/41 32/58/40
f 31/1/1 35/62/42 33/59/41 34/61/43
f 36/12/12 39/63/44 40/64/45 42/65/46
f 37/2/2 41/66/47 40/64/45 39/67/44
f 38/7/7 42/68/46 40/64/45 41/66/47
f 43/69/48 46/70/49 47/71/50 49/72/51
f 44/20/20 48/73/52 47/71/50 46/74/49
f 45/5/5 49/72/51 47/71/50 48/73/52
f 50/9/9 53/75/53 54/76/54 56/77/55
f 51/6/6 55/78/56 54/76/54 53/79/53
f 52/19/19 56/80/55 54/76/54 55/78/56
f 15/40/30 1/21/21 7/24/24 18/41/31
f 18/46/31 7/28/24 3/13/13 16/16/16
f 2/4/4 8/3/3 14/33/28 6/25/25
f 6/30/25 14/37/28 10/14/14 3/13/13
f 9/11/11 22/10/10 28/51/37 13/34/29
f 13/39/29 28/55/37 24/15/15 10/14/14
f 23/18/18 17/17/17 20/44/34 27/52/38
f 27/52/38 20/44/34 16/16/16 24/15/15
f 43/69/48 15/40/30 21/43/33 46/70/49
f 46/74/49 21/47/33 17/17/17 44/20/20
f 22/10/10 50/9/9 56/77/55 25/49/35
f 25/54/35 56/80/55 52/19/19 23/18/18
f 51/6/6 45/5/5 48/73/52 55/78/56
f 55/78/56 48/73/52 44/20/20 52/19/19
f 29/57/39 43/69/48 49/72/51 32/58/40
f 32/58/40 49/72/51 45/5/5 30/8/8
f 50/9/9 36/12/12 42/68/46 53/75/53
f 53/75/53 42/68/46 38/7/7 51/6/6
f 37/2/2 31/1/1 34/61/43 41/66/47
f 41/66/47 34/61/43 30/8/8 38/7/7
f 1/21/21 29/57/39 35/60/42 4/22/22
f 4/27/22 35/62/42 31/1/1 2/4/4
f 36/12/12 9/11/11 11/36/26 39/63/44
f 39/67/44 11/31/26 8/3/3 37/2/2
f 15/40/30 43/69/48 29/57/39 1/21/21
f 563/81/57 564/82/58 567/83/59 566/84/60
f 564/82/58 565/85/61 568/86/62 567/83/59
f 566/84/60 567/83/59 570/87/63 569/88/64
f 567/83/59 568/86/62 571/89/65 570/87/63
f 114/90/66 466/91/67 563/81/57 368/92/68
f 466/91/67 465/93/69 564/82/58 563/81/57
f 465/93/69 464/94/70 565/85/61 564/82/58
f 464/94/70 100/95/71 137/96/72 565/85/61
f 565/85/61 137/96/72 138/96/73 568/86/62
f 568/86/62 138/96/73 139/96/74 571/89/65
f 571/89/65 139/96/74 60/95/75 290/97/76
f 570/87/63 571/89/65 290/97/76 291/98/77
f 569/88/64 570/87/63 291/98/77 292/99/78
f 370/100/79 569/88/64 292/99/78 86/101/80
f 369/102/81 566/84/60 569/88/64 370/100/79
f 368/92/68 563/81/57 566/84/60 369/102/81
f 572/103/82 573/104/83 576/105/84 575/106/85
f 573/104/83 574/107/86 577/108/87 576/105/84
f 575/106/85 576/105/84 579/109/88 578/110/89
f 576/105/84 577/108/87 580/111/90 579/109/88
f 98/112/91 328/113/92 572/103/82 365/114/93
f 328/113/92 327/115/94 573/104/83 572/103/82
f 327/115/94 326/116/95 574/107/86 573/104/83
f 326/116/95 74/117/96 146/118/97 574/107/86
f 574/107/86 146/118/97 147/119/98 577/108/87
f 577/108/87 147/119/98 148/120/99 580/111/90
f 580/111/90 148/120/99 64/121/100 293/122/101
f 579/109/88 580/111/90 293/122/101 294/123/102
f 578/110/89 579/109/88 294/123/102 295/124/103
f 367/125/104 578/110/89 295/124/103 87/126/105
f 366/127/106 575/106/85 578/110/89 367/125/104
f 365/114/93 572/103/82 575/106/85 366/127/106
f 581/128/107 582/129/108 585/130/109 584/131/110
f 582/129/108 583/132/111 586/133/112 585/130/109
f 584/131/110 585/130/109 588/134/113 587/135/114
f 585/130/109 586/133/112 589/136/115 588/134/113
f 113/137/116 463/138/117 581/128/107 362/139/118
f 463/138/117 462/140/119 582/129/108 581/128/107
f 462/140/119 461/141/120 583/132/111 582/129/108
f 461/141/120 102/142/121 155/143/122 583/132/111
f 583/132/111 155/143/122 156/144/123 586/133/112
f 586/133/112 156/144/123 157/145/124 589/136/115
f 589/136/115 157/145/124 62/146/125 296/147/126
f 588/134/113 589/136/115 296/147/126 297/148/127
f 587/135/114 588/134/113 297/148/127 298/149/128
f 364/150/129 587/135/114 298/149/128 88/151/130
f 363/152/131 584/131/110 587/135/114 364/150/129
f 362/139/118 581/128/107 584/131/110 363/152/131
f 590/153/132 591/154/133 594/155/134 593/156/135
f 591/154/133 592/157/136 595/158/137 594/155/134
f 593/156/135 594/155/134 597/159/138 596/160/139
f 594/155/134 595/158/137 598/161/140 597/159/138
f 93/162/141 313/163/142 590/153/132 359/164/143
f 313/163/142 312/165/144 591/154/133 590/153/132
f 312/165/144 311/166/145 592/157/136 591/154/133
f 311/166/145 84/167/146 164/168/147 592/157/136
f 592/157/136 164/168/147 165/169/148 595/158/137
f 595/158/137 165/169/148 166/170/149 598/161/140
f 598/161/140 166/170/149 58/171/150 136/172/151
f 597/159/138 598/161/140 136/172/151 135/173/152
f 596/160/139 597/159/138 135/173/152 134/174/153
f 361/175/154 596/160/139 134/174/153 85/176/155
f 360/177/156 593/156/135 596/160/139 361/175/154
f 359/164/143 590/153/132 593/156/135 360/177/156
f 599/178/157 600/179/158 603/180/159 602/181/160
f 600/179/158 601/182/161 604/183/162 603/180/159
f 602/181/160 603/180/159 606/184/163 605/185/164
f 603/180/159 604/183/162 607/186/165 606/184/163
f 112/187/166 460/188/167 599/178/157 254/189/168
f 460/188/167 459/190/169 600/179/158 599/178/157
f 459/190/169 458/191/170 601/182/161 600/179/158
f 458/191/170 101/192/171 379/193/172 601/182/161
f 601/182/161 379/193/172 378/194/173 604/183/162
f 604/183/162 378/194/173 377/195/174 607/186/165
f 607/186/165 377/195/174 61/196/175 163/197/176
f 606/184/163 607/186/165 163/197/176 162/198/177
f 605/185/164 606/184/163 162/198/177 161/199/178
f 256/200/179 605/185/164 161/199/178 79/201/180
f 255/202/181 602/181/160 605/185/164 256/200/179
f 254/189/168 599/178/157 602/181/160 255/202/181
f 608/203/182 609/204/183 612/205/184 611/206/185
f 609/204/183 610/207/186 613/208/187 612/205/184
f 611/206/185 612/205/184 615/209/188 614/210/189
f 612/205/184 613/208/187 616/211/190 615/209/188
f 107/212/191 457/213/192 608/203/182 239/214/193
f 457/213/192 456/215/194 609/204/183 608/203/182
f 456/215/194 455/216/195 610/207/186 609/204/183
f 455/216/195 100/217/71 376/218/196 610/207/186
f 610/207/186 376/218/196 375/219/197 613/208/187
f 613/208/187 375/219/197 374/220/198 616/211/190
f 616/211/190 374/220/198 58/221/150 166/222/149
f 615/209/188 616/211/190 166/222/149 165/223/148
f 614/210/189 615/209/188 165/223/148 164/224/147
f 241/225/199 614/210/189 164/224/147 84/226/146
f 240/227/200 611/206/185 614/210/189 241/225/199
f 239/214/193 608/203/182 611/206/185 240/227/200
f 617/228/201 618/229/202 621/230/203 620/231/204
f 618/229/202 619/232/205 622/233/206 621/230/203
f 620/231/204 621/230/203 624/234/207 623/235/208
f 621/230/203 622/233/206 625/236/209 624/234/207
f 102/142/121 454/237/210 617/228/201 155/143/122
f 454/237/210 453/238/211 618/229/202 617/228/201
f 453/238/211 452/239/212 619/232/205 618/229/202
f 452/239/212 103/240/213 227/241/214 619/232/205
f 619/232/205 227/241/214 228/242/215 622/233/206
f 622/233/206 228/242/215 229/243/216 625/236/209
f 625/236/209 229/243/216 80/244/217 214/245/218
f 624/234/207 625/236/209 214/245/218 213/246/219
f 623/235/208 624/234/207 213/246/219 212/247/220
f 157/145/124 623/235/208 212/247/220 62/146/125
f 156/144/123 620/231/204 623/235/208 157/145/124
f 155/143/122 617/228/201 620/231/204 156/144/123
f 626/248/221 627/249/222 630/250/223 629/251/224
f 627/249/222 628/252/225 631/253/226 630/250/223
f 629/251/224 630/250/223 633/254/227 632/255/228
f 630/250/223 631/253/226 634/256/229 633/254/227
f 122/257/230 490/258/231 626/248/221 512/259/232
f 490/258/231 489/260/233 627/249/222 626/248/221
f 489/260/233 488/261/234 628/252/225 627/249/222
f 488/261/234 104/262/235 230/263/236 628/252/225
f 628/252/225 230/263/236 231/264/237 631/253/226
f 631/253/226 231/264/237 232/265/238 634/256/229
f 634/256/229 232/265/238 81/266/239 217/267/240
f 633/254/227 634/256/229 217/267/240 216/268/241
f 632/255/228 633/254/227 216/268/241 215/269/242
f 514/270/243 632/255/228 215/269/242 118/271/244
f 513/272/245 629/251/224 632/255/228 514/270/243
f 512/259/232 626/248/221 629/251/224 513/272/245
f 635/273/246 636/274/247 639/275/248 638/276/249
f 636/274/247 637/277/250 640/278/251 639/275/248
f 638/276/249 639/275/248 642/279/252 641/280/253
f 639/275/248 640/278/251 643/281/254 642/279/252
f 104/262/235 448/282/255 635/273/246 230/263/236
f 448/282/255 447/283/256 636/274/247 635/273/246
f 447/283/256 446/284/257 637/277/250 636/274/247
f 446/284/257 105/285/258 233/286/259 637/277/250
f 637/277/250 233/286/259 234/287/260 640/278/251
f 640/278/251 234/287/260 235/288/261 643/281/254
f 643/281/254 235/288/261 82/289/262 220/290/263
f 642/279/252 643/281/254 220/290/263 219/291/264
f 641/280/253 642/279/252 219/291/264 218/292/265
f 232/265/238 641/280/253 218/292/265 81/266/239
f 231/264/237 638/276/249 641/280/253 232/265/238
f 230/263/236 635/273/246 638/276/249 231/264/237
f 644/293/266 645/294/267 648/295/268 647/296/269
f 645/294/267 646/297/270 649/298/271 648/295/268
f 647/296/269 648/295/268 651/299/272 650/300/273
f 648/295/268 649/298/271 652/301/274 651/299/272
f 105/285/258 445/302/275 644/293/266 233/286/259
f 445/302/275 444/303/276 645/294/267 644/293/266
f 444/303/276 443/304/277 646/297/270 645/294/267
f 443/304/277 106/305/278 236/306/279 646/297/270
f 646/297/270 236/306/279 237/307/280 649/298/271
f 649/298/271 237/307/280 238/308/281 652/301/274
f 652/301/274 238/308/281 83/309/282 223/310/283
f 651/299/272 652/301/274 223/310/283 222/311/284
f 650/300/273 651/299/272 222/311/284 221/312/285
f 235/288/261 650/300/273 221/312/285 82/289/262
f 234/287/260 647/296/269 650/300/273 235/288/261
f 233/286/259 644/293/266 647/296/269 234/287/260
f 653/313/286 654/314/287 657/315/288 656/316/289
f 654/314/287 655/317/290 658/318/291 657/315/288
f 656/316/289 657/315/288 660/319/292 659/320/293
f 657/315/288 658/318/291 661/321/294 660/319/292
f 130/322/295 538/323/296 653/313/286 560/324/297
f 538/323/296 537/325/298 654/314/287 653/313/286
f 537/325/298 536/326/299 655/317/290 654/314/287
f 536/326/299 107/212/191 239/214/193 655/317/290
f 655/317/290 239/214/193 240/227/200 658/318/291
f 658/318/291 240/227/200 241/225/199 661/321/294
f 661/321/294 241/225/199 84/226/146 226/327/300
f 660/319/292 661/321/294 226/327/300 225/328/301
f 659/320/293 660/319/292 225/328/301 224/329/302
f 562/330/303 659/320/293 224/329/302 126/331/304
f 561/332/305 656/316/289 659/320/293 562/330/303
f 560/324/297 653/313/286 656/316/289 561/332/305
f 662/333/306 663/334/307 666/335/308 665/336/309
f 663/334/307 664/337/310 667/338/311 666/335/308
f 665/336/309 666/335/308 669/339/312 668/340/313
f 666/335/308 667/338/311 670/341/314 669/339/312
f 99/342/315 439/343/316 662/333/306 131/344/317
f 439/343/316 438/345/318 663/334/307 662/333/306
f 438/345/318 437/346/319 664/337/310 663/334/307
f 437/346/319 108/347/320 242/348/321 664/337/310
f 664/337/310 242/348/321 243/349/322 667/338/311
f 667/338/311 243/349/322 244/350/323 670/341/314
f 670/341/314 244/350/323 75/351/324 199/352/325
f 669/339/312 670/341/314 199/352/325 198/353/326
f 668/340/313 669/339/312 198/353/326 197/354/327
f 133/355/328 668/340/313 197/354/327 57/356/329
f 132/357/330 665/336/309 668/340/313 133/355/328
f 131/344/317 662/333/306 665/336/309 132/357/330
f 671/358/331 672/359/332 675/360/333 674/361/334
f 672/359/332 673/362/335 676/363/336 675/360/333
f 674/361/334 675/360/333 678/364/337 677/365/338
f 675/360/333 676/363/336 679/366/339 678/364/337
f 129/367/340 535/368/341 671/358/331 557/369/342
f 535/368/341 534/370/343 672/359/332 671/358/331
f 534/370/343 533/371/344 673/362/335 672/359/332
f 533/371/344 109/372/345 245/373/346 673/362/335
f 673/362/335 245/373/346 246/374/347 676/363/336
f 676/363/336 246/374/347 247/375/348 679/366/339
f 679/366/339 247/375/348 76/376/349 202/377/350
f 678/364/337 679/366/339 202/377/350 201/378/351
f 677/365/338 678/364/337 201/378/351 200/379/352
f 559/380/353 677/365/338 200/379/352 125/381/354
f 558/382/355 674/361/334 677/365/338 559/380/353
f 557/369/342 671/358/331 674/361/334 558/382/355
f 680/383/356 681/384/357 684/385/358 683/386/359
f 681/384/357 682/387/360 685/388/361 684/385/358
f 683/386/359 684/385/358 687/389/362 686/390/363
f 684/385/358 685/388/361 688/391/364 687/389/362
f 109/372/345 433/392/365 680/383/356 245/373/346
f 433/392/365 432/393/366 681/384/357 680/383/356
f 432/393/366 431/394/367 682/387/360 681/384/357
f 431/394/367 110/395/368 248/396/369 682/387/360
f 682/387/360 248/396/369 249/397/370 685/388/361
f 685/388/361 249/397/370 250/398/371 688/391/364
f 688/391/364 250/398/371 77/399/372 205/400/373
f 687/389/362 688/391/364 205/400/373 204/401/374
f 686/390/363 687/389/362 204/401/374 203/402/375
f 247/375/348 686/390/363 203/402/375 76/376/349
f 246/374/347 683/386/359 686/390/363 247/375/348
f 245/373/346 680/383/356 683/386/359 246/374/347
f 689/403/376 690/404/377 693/405/378 692/406/379
f 690/404/377 691/407/380 694/408/381 693/405/378
f 692/406/379 693/405/378 696/409/382 695/410/383
f 693/405/378 694/408/381 697/411/384 696/409/382
f 110/395/368 430/412/385 689/403/376 248/396/369
f 430/412/385 429/413/386 690/404/377 689/403/376
f 429/413/386 428/414/387 691/407/380 690/404/377
f 428/414/387 111/415/388 251/416/389 691/407/380
f 691/407/380 251/416/389 252/417/390 694/408/381
f 694/408/381 252/417/390 253/418/391 697/411/384
f 697/411/384 253/418/391 78/419/392 208/420/393
f 696/409/382 697/411/384 208/420/393 207/421/394
f 695/410/383 696/409/382 207/421/394 206/422/395
f 250/398/371 695/410/383 206/422/395 77/399/372
f 249/397/370 692/406/379 695/410/383 250/398/371
f 248/396/369 689/403/376 692/406/379 249/397/370
f 698/423/396 699/424/397 702/425/398 701/426/399
f 699/424/397 700/427/400 703/428/401 702/425/398
f 701/426/399 702/425/398 705/429/402 704/430/403
f 702/425/398 703/428/401 706/431/404 705/429/402
f 121/432/405 487/433/406 698/423/396 509/434/407
f 487/433/406 486/435/408 699/424/397 698/423/396
f 486/435/408 485/436/409 700/427/400 699/424/397
f 485/436/409 112/187/166 254/189/168 700/427/400
f 700/427/400 254/189/168 255/202/181 703/428/401
f 703/428/401 255/202/181 256/200/179 706/431/404
f 706/431/404 256/200/179 79/201/180 211/437/410
f 705/429/402 706/431/404 211/437/410 210/438/411
f 704/430/403 705/429/402 210/438/411 209/439/412
f 511/440/413 704/430/403 209/439/412 117/441/414
f 510/442/415 701/426/399 704/430/403 511/440/413
f 509/434/407 698/423/396 701/426/399 510/442/415
f 707/443/416 708/444/417 711/445/418 710/446/419
f 708/444/417 709/447/420 712/448/421 711/445/418
f 710/446/419 711/445/418 714/449/422 713/450/423
f 711/445/418 712/448/421 715/451/424 714/449/422
f 88/151/130 298/149/128 707/443/416 356/452/425
f 298/149/128 297/148/127 708/444/417 707/443/416
f 297/148/127 296/147/126 709/447/420 708/444/417
f 296/147/126 62/146/125 212/453/220 709/447/420
f 709/447/420 212/453/220 213/454/219 712/448/421
f 712/448/421 213/454/219 214/455/218 715/451/424
f 715/451/424 214/455/218 80/456/217 299/457/426
f 714/449/422 715/451/424 299/457/426 300/458/427
f 713/450/423 714/449/422 300/458/427 301/459/428
f 358/460/429 713/450/423 301/459/428 89/461/430
f 357/462/431 710/446/419 713/450/423 358/460/429
f 356/452/425 707/443/416 710/446/419 357/462/431
f 716/463/432 717/464/433 720/465/434 719/466/435
f 717/464/433 718/467/436 721/468/437 720/465/434
f 719/466/435 720/465/434 723/469/438 722/470/439
f 720/465/434 721/468/437 724/471/440 723/469/438
f 120/472/441 508/473/442 716/463/432 353/474/443
f 508/473/442 507/475/444 717/464/433 716/463/432
f 507/475/444 506/476/445 718/467/436 717/464/433
f 506/476/445 118/477/244 215/478/242 718/467/436
f 718/467/436 215/478/242 216/479/241 721/468/437
f 721/468/437 216/479/241 217/480/240 724/471/440
f 724/471/440 217/480/240 81/481/239 302/482/446
f 723/469/438 724/471/440 302/482/446 303/483/447
f 722/470/439 723/469/438 303/483/447 304/484/448
f 355/485/449 722/470/439 304/484/448 90/486/450
f 354/487/451 719/466/435 722/470/439 355/485/449
f 353/474/443 716/463/432 719/466/435 354/487/451
f 725/488/452 726/489/453 729/490/454 728/491/455
f 726/489/453 727/492/456 730/493/457 729/490/454
f 728/491/455 729/490/454 732/494/458 731/495/459
f 729/490/454 730/493/457 733/496/460 732/494/458
f 90/486/450 304/484/448 725/488/452 350/497/461
f 304/484/448 303/483/447 726/489/453 725/488/452
f 303/483/447 302/482/446 727/492/456 726/489/453
f 302/482/446 81/481/239 218/498/265 727/492/456
f 727/492/456 218/498/265 219/499/264 730/493/457
f 730/493/457 219/499/264 220/500/263 733/496/460
f 733/496/460 220/500/263 82/501/262 305/502/462
f 732/494/458 733/496/460 305/502/462 306/503/463
f 731/495/459 732/494/458 306/503/463 307/504/464
f 352/505/465 731/495/459 307/504/464 91/506/466
f 351/507/467 728/491/455 731/495/459 352/505/465
f 350/497/461 725/488/452 728/491/455 351/507/467
f 734/508/468 735/509/469 738/510/470 737/511/471
f 735/509/469 736/512/472 739/513/473 738/510/470
f 737/511/471 738/510/470 741/514/474 740/515/475
f 738/510/470 739/513/473 742/516/476 741/514/474
f 91/506/466 307/504/464 734/508/468 347/517/477
f 307/504/464 306/503/463 735/509/469 734/508/468
f 306/503/463 305/502/462 736/512/472 735/509/469
f 305/502/462 82/501/262 221/518/285 736/512/472
f 736/512/472 221/518/285 222/519/284 739/513/473
f 739/513/473 222/519/284 223/520/283 742/516/476
f 742/516/476 223/520/283 83/521/282 308/522/478
f 741/514/474 742/516/476 308/522/478 309/523/479
f 740/515/475 741/514/474 309/523/479 310/524/480
f 349/525/481 740/515/475 310/524/480 92/526/482
f 348/527/483 737/511/471 740/515/475 349/525/481
f 347/517/477 734/508/468 737/511/471 348/527/483
f 743/528/484 744/529/485 747/530/486 746/531/487
f 744/529/485 745/532/488 748/533/489 747/530/486
f 746/531/487 747/530/486 750/534/490 749/535/491
f 747/530/486 748/533/489 751/536/492 750/534/490
f 128/537/493 556/538/494 743/528/484 344/539/495
f 556/538/494 555/540/496 744/529/485 743/528/484
f 555/540/496 554/541/497 745/532/488 744/529/485
f 554/541/497 126/542/304 224/543/302 745/532/488
f 745/532/488 224/543/302 225/544/301 748/533/489
f 748/533/489 225/544/301 226/545/300 751/536/492
f 751/536/492 226/545/300 84/167/146 311/166/145
f 750/534/490 751/536/492 311/166/145 312/165/144
f 749/535/491 750/534/490 312/165/144 313/163/142
f 346/546/498 749/535/491 313/163/142 93/162/141
f 345/547/499 746/531/487 749/535/491 346/546/498
f 344/539/495 743/528/484 746/531/487 345/547/499
f 752/548/500 753/549/501 756/550/502 755/551/503
f 753/549/501 754/552/504 757/553/505 756/550/502
f 755/551/503 756/550/502 759/554/506 758/555/507
f 756/550/502 757/553/505 760/556/508 759/554/506
f 86/101/80 292/99/78 752/548/500 341/557/509
f 292/99/78 291/98/77 753/549/501 752/548/500
f 291/98/77 290/97/76 754/552/504 753/549/501
f 290/97/76 60/95/75 182/558/510 754/552/504
f 754/552/504 182/558/510 183/559/511 757/553/505
f 757/553/505 183/559/511 184/560/512 760/556/508
f 760/556/508 184/560/512 70/561/513 314/562/514
f 759/554/506 760/556/508 314/562/514 315/563/515
f 758/555/507 759/554/506 315/563/515 316/564/516
f 343/565/517 758/555/507 316/564/516 94/566/518
f 342/567/519 755/551/503 758/555/507 343/565/517
f 341/557/509 752/548/500 755/551/503 342/567/519
f 761/568/520 762/569/520 765/570/521 764/571/521
f 762/569/520 763/572/520 766/573/521 765/570/521
f 764/571/521 765/570/521 768/574/522 767/575/522
f 765/570/521 766/573/521 769/576/522 768/574/522
f 127/577/523 553/578/523 761/568/520 338/579/520
f 553/578/523 552/580/523 762/569/520 761/568/520
f 552/580/523 551/581/524 763/572/520 762/569/520
f 551/581/524 124/582/525 185/583/526 763/572/520
f 763/572/520 185/583/526 186/584/527 766/573/521
f 766/573/521 186/584/527 187/585/528 769/576/522
f 769/576/522 187/585/528 71/586/529 317/587/530
f 768/574/522 769/576/522 317/587/530 318/588/530
f 767/575/522 768/574/522 318/588/530 319/589/531
f 340/590/522 767/575/522 319/589/531 95/591/531
f 339/592/521 764/571/521 767/575/522 340/590/522
f 338/579/520 761/568/520 764/571/521 339/592/521
f 770/593/532 771/594/532 774/595/533 773/596/533
f 771/594/532 772/597/532 775/598/533 774/595/533
f 773/596/533 774/595/533 777/599/534 776/600/534
f 774/595/533 775/598/533 778/601/534 777/599/534
f 95/591/531 319/589/531 770/593/532 335/602/532
f 319/589/531 318/588/530 771/594/532 770/593/532
f 318/588/530 317/587/530 772/597/532 771/594/532
f 317/587/530 71/586/529 188/603/535 772/597/532
f 772/597/532 188/603/535 189/604/536 775/598/533
f 775/598/533 189/604/536 190/605/537 778/601/534
f 778/601/534 190/605/537 72/606/538 320/607/539
f 777/599/534 778/601/534 320/607/539 321/608/539
f 776/600/534 777/599/534 321/608/539 322/609/539
f 337/610/534 776/600/534 322/609/539 96/611/539
f 336/612/533 773/596/533 776/600/534 337/610/534
f 335/602/532 770/593/532 773/596/533 336/612/533
f 779/613/540 780/614/540 783/615/541 782/616/541
f 780/614/540 781/617/540 784/618/541 783/615/541
f 782/616/541 783/615/541 786/619/542 785/620/542
f 783/615/541 784/618/541 787/621/542 786/619/542
f 96/611/539 322/609/539 779/613/540 332/622/540
f 322/609/539 321/608/539 780/614/540 779/613/540
f 321/608/539 320/607/539 781/617/540 780/614/540
f 320/607/539 72/606/538 191/623/543 781/617/540
f 781/617/540 191/623/543 192/624/544 784/618/541
f 784/618/541 192/624/544 193/625/545 787/621/542
f 787/621/542 193/625/545 73/626/546 323/627/547
f 786/619/542 787/621/542 323/627/547 324/628/547
f 785/620/542 786/619/542 324/628/547 325/629/547
f 334/630/542 785/620/542 325/629/547 97/631/547
f 333/632/541 782/616/541 785/620/542 334/630/542
f 332/622/540 779/613/540 782/616/541 333/632/541
f 788/633/548 789/634/548 792/635/549 791/636/549
f 789/634/548 790/637/548 793/638/549 792/635/549
f 791/636/549 792/635/549 795/639/550 794/640/550
f 792/635/549 793/638/549 796/641/550 795/639/550
f 119/642/551 505/643/551 788/633/548 329/644/548
f 505/643/551 504/645/551 789/634/548 788/633/548
f 504/645/551 503/646/551 790/637/548 789/634/548
f 503/646/551 116/647/552 194/648/553 790/637/548
f 790/637/548 194/648/553 195/649/554 793/638/549
f 793/638/549 195/649/554 196/650/555 796/641/550
f 796/641/550 196/650/555 74/117/96 326/116/95
f 795/639/550 796/641/550 326/116/95 327/115/94
f 794/640/550 795/639/550 327/115/94 328/113/92
f 331/651/550 794/640/550 328/113/92 98/112/91
f 330/652/549 791/636/549 794/640/550 331/651/550
f 329/644/548 788/633/548 791/636/549 330/652/549
f 797/653/548 798/654/548 801/655/549 800/656/549
f 798/654/548 799/657/548 802/658/549 801/655/549
f 800/656/549 801/655/549 804/659/550 803/660/550
f 801/655/549 802/658/549 805/661/550 804/659/550
f 115/662/556 502/663/551 797/653/548 469/664/557
f 502/663/551 501/665/551 798/654/548 797/653/548
f 501/665/551 500/666/551 799/657/548 798/654/548
f 500/666/551 119/642/551 329/644/548 799/657/548
f 799/657/548 329/644/548 330/652/549 802/658/549
f 802/658/549 330/652/549 331/651/550 805/661/550
f 805/661/550 331/651/550 98/112/91 284/667/558
f 804/659/550 805/661/550 284/667/558 285/668/559
f 803/660/550 804/659/550 285/668/559 286/669/560
f 467/670/561 803/660/550 286/669/560 65/671/562
f 468/672/563 800/656/549 803/660/550 467/670/561
f 469/664/557 797/653/548 800/656/549 468/672/563
f 806/673/540 807/674/540 810/675/541 809/676/541
f 807/674/540 808/677/540 811/678/541 810/675/541
f 809/676/541 810/675/541 813/679/542 812/680/542
f 810/675/541 811/678/541 814/681/542 813/679/542
f 67/682/564 280/683/539 806/673/540 175/684/565
f 280/683/539 279/685/539 807/674/540 806/673/540
f 279/685/539 278/686/539 808/677/540 807/674/540
f 278/686/539 96/611/539 332/622/540 808/677/540
f 808/677/540 332/622/540 333/632/541 811/678/541
f 811/678/541 333/632/541 334/630/542 814/681/542
f 814/681/542 334/630/542 97/631/547 281/687/547
f 813/679/542 814/681/542 281/687/547 282/688/547
f 812/680/542 813/679/542 282/688/547 283/689/547
f 173/690/566 812/680/542 283/689/547 66/691/567
f 174/692/568 809/676/541 812/680/542 173/690/566
f 175/684/565 806/673/540 809/676/541 174/692/568
f 815/693/532 816/694/532 819/695/533 818/696/533
f 816/694/532 817/697/532 820/698/533 819/695/533
f 818/696/533 819/695/533 822/699/534 821/700/534
f 819/695/533 820/698/533 823/701/534 822/699/534
f 68/702/569 277/703/530 815/693/532 178/704/570
f 277/703/530 276/705/531 816/694/532 815/693/532
f 276/705/531 275/706/530 817/697/532 816/694/532
f 275/706/530 95/591/531 335/602/532 817/697/532
f 817/697/532 335/602/532 336/612/533 820/698/533
f 820/698/533 336/612/533 337/610/534 823/701/534
f 823/701/534 337/610/534 96/611/539 278/686/539
f 822/699/534 823/701/534 278/686/539 279/685/539
f 821/700/534 822/699/534 279/685/539 280/683/539
f 176/707/571 821/700/534 280/683/539 67/682/564
f 177/708/572 818/696/533 821/700/534 176/707/571
f 178/704/570 815/693/532 818/696/533 177/708/572
f 824/709/520 825/710/520 828/711/521 827/712/521
f 825/710/520 826/713/520 829/714/521 828/711/521
f 827/712/521 828/711/521 831/715/522 830/716/522
f 828/711/521 829/714/521 832/717/522 831/715/522
f 123/718/573 550/719/524 824/709/520 517/720/574
f 550/719/524 549/721/523 825/710/520 824/709/520
f 549/721/523 548/722/523 826/713/520 825/710/520
f 548/722/523 127/577/523 338/579/520 826/713/520
f 826/713/520 338/579/520 339/592/521 829/714/521
f 829/714/521 339/592/521 340/590/522 832/717/522
f 832/717/522 340/590/522 95/591/531 275/706/530
f 831/715/522 832/717/522 275/706/530 276/705/531
f 830/716/522 831/715/522 276/705/531 277/703/530
f 515/723/575 830/716/522 277/703/530 68/702/569
f 516/724/576 827/712/521 830/716/522 515/723/575
f 517/720/574 824/709/520 827/712/521 516/724/576
f 833/725/577 834/726/578 837/727/579 836/728/580
f 834/726/578 835/729/581 838/730/582 837/727/579
f 836/728/580 837/727/579 840/731/583 839/732/584
f 837/727/579 838/730/582 841/733/585 840/731/583
f 59/734/586 142/735/587 833/725/577 145/736/588
f 142/735/587 141/737/589 834/726/578 833/725/577
f 141/737/589 140/738/590 835/729/581 834/726/578
f 140/738/590 86/101/80 341/557/509 835/729/581
f 835/729/581 341/557/509 342/567/519 838/730/582
f 838/730/582 342/567/519 343/565/517 841/733/585
f 841/733/585 343/565/517 94/566/518 272/739/591
f 840/731/583 841/733/585 272/739/591 273/740/592
f 839/732/584 840/731/583 273/740/592 274/741/593
f 143/742/594 839/732/584 274/741/593 69/743/595
f 144/744/596 836/728/580 839/732/584 143/742/594
f 145/736/588 833/725/577 836/728/580 144/744/596
f 842/745/597 843/746/598 846/747/599 845/748/600
f 843/746/598 844/749/601 847/750/602 846/747/599
f 845/748/600 846/747/599 849/751/603 848/752/604
f 846/747/599 847/750/602 850/753/605 849/751/603
f 125/754/354 547/755/606 842/745/597 523/756/607
f 547/755/606 546/757/608 843/746/598 842/745/597
f 546/757/608 545/758/609 844/749/601 843/746/598
f 545/758/609 128/537/493 344/539/495 844/749/601
f 844/749/601 344/539/495 345/547/499 847/750/602
f 847/750/602 345/547/499 346/546/498 850/753/605
f 850/753/605 346/546/498 93/162/141 269/759/610
f 849/751/603 850/753/605 269/759/610 270/760/611
f 848/752/604 849/751/603 270/760/611 271/761/612
f 521/762/613 848/752/604 271/761/612 75/763/324
f 522/764/614 845/748/600 848/752/604 521/762/613
f 523/756/607 842/745/597 845/748/600 522/764/614
f 851/765/615 852/766/616 855/767/617 854/768/618
f 852/766/616 853/769/619 856/770/620 855/767/617
f 854/768/618 855/767/617 858/771/621 857/772/622
f 855/767/617 856/770/620 859/773/623 858/771/621
f 77/774/372 265/775/624 851/765/615 205/776/373
f 265/775/624 264/777/625 852/766/616 851/765/615
f 264/777/625 263/778/626 853/769/619 852/766/616
f 263/778/626 91/506/466 347/517/477 853/769/619
f 853/769/619 347/517/477 348/527/483 856/770/620
f 856/770/620 348/527/483 349/525/481 859/773/623
f 859/773/623 349/525/481 92/526/482 266/779/627
f 858/771/621 859/773/623 266/779/627 267/780/628
f 857/772/622 858/771/621 267/780/628 268/781/629
f 203/782/375 857/772/622 268/781/629 76/783/349
f 204/784/374 854/768/618 857/772/622 203/782/375
f 205/776/373 851/765/615 854/768/618 204/784/374
f 860/785/630 861/786/631 864/787/632 863/788/633
f 861/786/631 862/789/634 865/790/635 864/787/632
f 863/788/633 864/787/632 867/791/636 866/792/637
f 864/787/632 865/790/635 868/793/638 867/791/636
f 78/794/392 262/795/639 860/785/630 208/796/393
f 262/795/639 261/797/640 861/786/631 860/785/630
f 261/797/640 260/798/641 862/789/634 861/786/631
f 260/798/641 90/486/450 350/497/461 862/789/634
f 862/789/634 350/497/461 351/507/467 865/790/635
f 865/790/635 351/507/467 352/505/465 868/793/638
f 868/793/638 352/505/465 91/506/466 263/778/626
f 867/791/636 868/793/638 263/778/626 264/777/625
f 866/792/637 867/791/636 264/777/625 265/775/624
f 206/799/395 866/792/637 265/775/624 77/774/372
f 207/800/394 863/788/633 866/792/637 206/799/395
f 208/796/393 860/785/630 863/788/633 207/800/394
f 869/801/642 870/802/643 873/803/644 872/804/645
f 870/802/643 871/805/646 874/806/647 873/803/644
f 872/804/645 873/803/644 876/807/648 875/808/649
f 873/803/644 874/806/647 877/809/650 876/807/648
f 117/810/414 499/811/651 869/801/642 475/812/652
f 499/811/651 498/813/653 870/802/643 869/801/642
f 498/813/653 497/814/654 871/805/646 870/802/643
f 497/814/654 120/472/441 353/474/443 871/805/646
f 871/805/646 353/474/443 354/487/451 874/806/647
f 874/806/647 354/487/451 355/485/449 877/809/650
f 877/809/650 355/485/449 90/486/450 260/798/641
f 876/807/648 877/809/650 260/798/641 261/797/640
f 875/808/649 876/807/648 261/797/640 262/795/639
f 473/815/655 875/808/649 262/795/639 78/794/392
f 474/816/656 872/804/645 875/808/649 473/815/655
f 475/812/652 869/801/642 872/804/645 474/816/656
f 878/817/657 879/818/658 882/819/659 881/820/660
f 879/818/658 880/821/661 883/822/662 882/819/659
f 881/820/660 882/819/659 885/823/663 884/824/664
f 882/819/659 883/822/662 886/825/665 885/823/663
f 61/196/175 160/826/666 878/817/657 163/827/176
f 160/826/666 159/828/667 879/818/658 878/817/657
f 159/828/667 158/829/668 880/821/661 879/818/658
f 158/829/668 88/151/130 356/452/425 880/821/661
f 880/821/661 356/452/425 357/462/431 883/822/662
f 883/822/662 357/462/431 358/460/429 886/825/665
f 886/825/665 358/460/429 89/461/430 257/830/669
f 885/823/663 886/825/665 257/830/669 258/831/670
f 884/824/664 885/823/663 258/831/670 259/832/671
f 161/833/178 884/824/664 259/832/671 79/834/180
f 162/835/177 881/820/660 884/824/664 161/833/178
f 163/827/176 878/817/657 881/820/660 162/835/177
f 887/836/672 888/837/673 891/838/674 890/839/675
f 888/837/673 889/840/676 892/841/677 891/838/674
f 890/839/675 891/838/674 894/842/678 893/843/679
f 891/838/674 892/841/677 895/844/680 894/842/678
f 75/763/324 271/761/612 887/836/672 199/845/325
f 271/761/612 270/760/611 888/837/673 887/836/672
f 270/760/611 269/759/610 889/840/676 888/837/673
f 269/759/610 93/162/141 359/164/143 889/840/676
f 889/840/676 359/164/143 360/177/156 892/841/677
f 892/841/677 360/177/156 361/175/154 895/844/680
f 895/844/680 361/175/154 85/176/155 289/846/681
f 894/842/678 895/844/680 289/846/681 288/847/682
f 893/843/679 894/842/678 288/847/682 287/848/683
f 197/849/327 893/843/679 287/848/683 57/850/329
f 198/851/326 890/839/675 893/843/679 197/849/327
f 199/845/325 887/836/672 890/839/675 198/851/326
f 896/852/684 897/853/685 900/854/686 899/855/687
f 897/853/685 898/856/688 901/857/689 900/854/686
f 899/855/687 900/854/686 903/858/690 902/859/691
f 900/854/686 901/857/689 904/860/692 903/858/690
f 101/192/171 424/861/693 896/852/684 379/193/172
f 424/861/693 423/862/694 897/853/685 896/852/684
f 423/862/694 422/863/695 898/856/688 897/853/685
f 422/863/695 113/137/116 362/139/118 898/856/688
f 898/856/688 362/139/118 363/152/131 901/857/689
f 901/857/689 363/152/131 364/150/129 904/860/692
f 904/860/692 364/150/129 88/151/130 158/829/668
f 903/858/690 904/860/692 158/829/668 159/828/667
f 902/859/691 903/858/690 159/828/667 160/826/666
f 377/195/174 902/859/691 160/826/666 61/196/175
f 378/194/173 899/855/687 902/859/691 377/195/174
f 379/193/172 896/852/684 899/855/687 378/194/173
f 905/864/696 906/865/697 909/866/698 908/867/699
f 906/865/697 907/868/700 910/869/701 909/866/698
f 908/867/699 909/866/698 912/870/702 911/871/703
f 909/866/698 910/869/701 913/872/704 912/870/702
f 65/671/562 286/669/560 905/864/696 169/873/705
f 286/669/560 285/668/559 906/865/697 905/864/696
f 285/668/559 284/667/558 907/868/700 906/865/697
f 284/667/558 98/112/91 365/114/93 907/868/700
f 907/868/700 365/114/93 366/127/106 910/869/701
f 910/869/701 366/127/106 367/125/104 913/872/704
f 913/872/704 367/125/104 87/126/105 149/874/706
f 912/870/702 913/872/704 149/874/706 150/875/707
f 911/871/703 912/870/702 150/875/707 151/876/708
f 167/877/709 911/871/703 151/876/708 63/878/710
f 168/879/711 908/867/699 911/871/703 167/877/709
f 169/873/705 905/864/696 908/867/699 168/879/711
f 914/880/712 915/881/713 918/882/714 917/883/715
f 915/881/713 916/884/716 919/885/717 918/882/714
f 917/883/715 918/882/714 921/886/718 920/887/719
f 918/882/714 919/885/717 922/888/720 921/886/718
f 99/734/315 421/889/721 914/880/712 373/890/722
f 421/889/721 420/891/723 915/881/713 914/880/712
f 420/891/723 419/892/724 916/884/716 915/881/713
f 419/892/724 114/90/66 368/92/68 916/884/716
f 916/884/716 368/92/68 369/102/81 919/885/717
f 919/885/717 369/102/81 370/100/79 922/888/720
f 922/888/720 370/100/79 86/101/80 140/738/590
f 921/886/718 922/888/720 140/738/590 141/737/589
f 920/887/719 921/886/718 141/737/589 142/735/587
f 371/890/725 920/887/719 142/735/587 59/734/586
f 372/890/726 917/883/715 920/887/719 371/890/725
f 373/890/722 914/880/712 917/883/715 372/890/726
f 923/893/727 924/894/728 927/895/729 926/896/730
f 924/894/728 925/897/731 928/898/732 927/895/729
f 926/896/730 927/895/729 930/899/733 929/900/734
f 927/895/729 928/898/732 931/901/735 930/899/733
f 57/902/329 287/903/683 923/893/727 133/904/328
f 287/903/683 288/905/682 924/894/728 923/893/727
f 288/905/682 289/906/681 925/897/731 924/894/728
f 289/906/681 85/907/155 416/908/736 925/897/731
f 925/897/731 416/908/736 417/909/737 928/898/732
f 928/898/732 417/909/737 418/910/738 931/901/735
f 931/901/735 418/910/738 114/90/66 419/892/724
f 930/899/733 931/901/735 419/892/724 420/891/723
f 929/900/734 930/899/733 420/891/723 421/889/721
f 131/911/317 929/900/734 421/889/721 99/734/315
f 132/912/330 926/896/730 929/900/734 131/911/317
f 133/904/328 923/893/727 926/896/730 132/912/330
f 932/913/739 933/914/740 936/915/741 935/916/742
f 933/914/740 934/917/743 937/918/744 936/915/741
f 935/916/742 936/915/741 939/919/745 938/920/746
f 936/915/741 937/918/744 940/921/747 939/919/745
f 63/878/710 151/876/708 932/913/739 154/922/748
f 151/876/708 150/875/707 933/914/740 932/913/739
f 150/875/707 149/874/706 934/917/743 933/914/740
f 149/874/706 87/126/105 413/923/749 934/917/743
f 934/917/743 413/923/749 414/924/750 937/918/744
f 937/918/744 414/924/750 415/925/751 940/921/747
f 940/921/747 415/925/751 113/137/116 422/863/695
f 939/919/745 940/921/747 422/863/695 423/862/694
f 938/920/746 939/919/745 423/862/694 424/861/693
f 152/926/752 938/920/746 424/861/693 101/192/171
f 153/922/753 935/916/742 938/920/746 152/926/752
f 154/922/748 932/913/739 935/916/742 153/922/753
f 941/927/754 942/928/755 945/928/756 944/927/757
f 942/928/755 943/929/758 946/929/759 945/928/756
f 944/927/757 945/928/756 948/928/760 947/927/761
f 945/928/756 946/929/759 949/930/762 948/928/760
f 115/931/556 469/932/557 941/927/754 494/931/763
f 469/932/557 468/928/563 942/928/755 941/927/754
f 468/928/563 467/930/561 943/929/758 942/928/755
f 467/930/561 65/933/562 410/933/764 943/929/758
f 943/929/758 410/933/764 411/933/765 946/929/759
f 946/929/759 411/933/765 412/933/766 949/930/762
f 949/930/762 412/933/766 112/187/166 485/930/409
f 948/928/760 949/930/762 485/930/409 486/928/408
f 947/927/761 948/928/760 486/928/408 487/932/406
f 496/931/767 947/927/761 487/932/406 121/931/405
f 495/931/768 944/927/757 947/927/761 496/931/767
f 494/931/763 941/927/754 944/927/757 495/931/768
f 950/934/769 951/935/770 954/936/771 953/937/772
f 951/935/770 952/938/773 955/939/774 954/936/771
f 953/937/772 954/936/771 957/940/775 956/941/776
f 954/936/771 955/939/774 958/942/777 957/940/775
f 67/943/564 175/944/565 950/934/769 404/945/778
f 175/944/565 174/946/568 951/935/770 950/934/769
f 174/946/568 173/947/566 952/938/773 951/935/770
f 173/947/566 66/948/567 407/948/779 952/938/773
f 952/938/773 407/948/779 408/948/780 955/939/774
f 955/939/774 408/948/780 409/949/781 958/942/777
f 958/942/777 409/949/781 111/415/388 428/414/387
f 957/940/775 958/942/777 428/414/387 429/413/386
f 956/941/776 957/940/775 429/413/386 430/412/385
f 406/950/782 956/941/776 430/412/385 110/395/368
f 405/951/783 953/937/772 956/941/776 406/950/782
f 404/945/778 950/934/769 953/937/772 405/951/783
f 959/952/784 960/953/785 963/954/786 962/955/787
f 960/953/785 961/956/788 964/957/789 963/954/786
f 962/955/787 963/954/786 966/958/790 965/959/791
f 963/954/786 964/957/789 967/960/792 966/958/790
f 68/961/569 178/962/570 959/952/784 401/963/793
f 178/962/570 177/964/572 960/953/785 959/952/784
f 177/964/572 176/965/571 961/956/788 960/953/785
f 176/965/571 67/943/564 404/945/778 961/956/788
f 961/956/788 404/945/778 405/951/783 964/957/789
f 964/957/789 405/951/783 406/950/782 967/960/792
f 967/960/792 406/950/782 110/395/368 431/394/367
f 966/958/790 967/960/792 431/394/367 432/393/366
f 965/959/791 966/958/790 432/393/366 433/392/365
f 403/966/794 965/959/791 433/392/365 109/372/345
f 402/967/795 962/955/787 965/959/791 403/966/794
f 401/963/793 959/952/784 962/955/787 402/967/795
f 968/968/796 969/969/797 972/970/798 971/971/799
f 969/969/797 970/972/800 973/973/801 972/970/798
f 971/971/799 972/970/798 975/974/802 974/975/803
f 972/970/798 973/973/801 976/976/804 975/974/802
f 123/977/573 517/978/574 968/968/796 542/979/805
f 517/978/574 516/980/576 969/969/797 968/968/796
f 516/980/576 515/981/575 970/972/800 969/969/797
f 515/981/575 68/961/569 401/963/793 970/972/800
f 970/972/800 401/963/793 402/967/795 973/973/801
f 973/973/801 402/967/795 403/966/794 976/976/804
f 976/976/804 403/966/794 109/372/345 533/371/344
f 975/974/802 976/976/804 533/371/344 534/370/343
f 974/975/803 975/974/802 534/370/343 535/368/341
f 544/982/806 974/975/803 535/368/341 129/367/340
f 543/983/807 971/971/799 974/975/803 544/982/806
f 542/979/805 968/968/796 971/971/799 543/983/807
f 977/984/808 978/985/809 981/986/810 980/987/811
f 978/985/809 979/988/812 982/989/813 981/986/810
f 980/987/811 981/986/810 984/990/814 983/991/815
f 981/986/810 982/989/813 985/992/816 984/990/814
f 59/993/586 145/994/588 977/984/808 371/995/725
f 145/994/588 144/996/596 978/985/809 977/984/808
f 144/996/596 143/997/594 979/988/812 978/985/809
f 143/997/594 69/998/595 398/999/817 979/988/812
f 979/988/812 398/999/817 399/1000/818 982/989/813
f 982/989/813 399/1000/818 400/1001/819 985/992/816
f 985/992/816 400/1001/819 108/347/320 437/346/319
f 984/990/814 985/992/816 437/346/319 438/345/318
f 983/991/815 984/990/814 438/345/318 439/343/316
f 373/1002/722 983/991/815 439/343/316 99/342/315
f 372/1003/726 980/987/811 983/991/815 373/1002/722
f 371/995/725 977/984/808 980/987/811 372/1003/726
f 986/1004/820 987/1005/821 990/1006/822 989/1007/823
f 987/1005/821 988/1008/824 991/1009/825 990/1006/822
f 989/1007/823 990/1006/822 993/1010/826 992/1011/827
f 990/1006/822 991/1009/825 994/1012/828 993/1010/826
f 124/1013/525 520/1014/829 986/1004/820 539/1015/830
f 520/1014/829 519/1016/831 987/1005/821 986/1004/820
f 519/1016/831 518/1017/832 988/1008/824 987/1005/821
f 518/1017/832 70/1018/513 395/1019/833 988/1008/824
f 988/1008/824 395/1019/833 396/1020/834 991/1009/825
f 991/1009/825 396/1020/834 397/1021/835 994/1012/828
f 994/1012/828 397/1021/835 107/212/191 536/326/299
f 993/1010/826 994/1012/828 536/326/299 537/325/298
f 992/1011/827 993/1010/826 537/325/298 538/323/296
f 541/1022/836 992/1011/827 538/323/296 130/322/295
f 540/1023/837 989/1007/823 992/1011/827 541/1022/836
f 539/1015/830 986/1004/820 989/1007/823 540/1023/837
f 995/1024/838 996/1025/839 999/1026/840 998/1027/841
f 996/1025/839 997/1028/842 1000/1029/843 999/1026/840
f 998/1027/841 999/1026/840 1002/1030/844 1001/1031/845
f 999/1026/840 1000/1029/843 1003/1032/846 1002/1030/844
f 72/1033/538 190/1034/537 995/1024/838 389/1035/847
f 190/1034/537 189/1036/536 996/1025/839 995/1024/838
f 189/1036/536 188/1037/535 997/1028/842 996/1025/839
f 188/1037/535 71/1038/529 392/1039/848 997/1028/842
f 997/1028/842 392/1039/848 393/1040/849 1000/1029/843
f 1000/1029/843 393/1040/849 394/1041/850 1003/1032/846
f 1003/1032/846 394/1041/850 106/305/278 443/304/277
f 1002/1030/844 1003/1032/846 443/304/277 444/303/276
f 1001/1031/845 1002/1030/844 444/303/276 445/302/275
f 391/1042/851 1001/1031/845 445/302/275 105/285/258
f 390/1043/852 998/1027/841 1001/1031/845 391/1042/851
f 389/1035/847 995/1024/838 998/1027/841 390/1043/852
f 1004/1044/853 1005/1045/854 1008/1046/855 1007/1047/856
f 1005/1045/854 1006/1048/857 1009/1049/858 1008/1046/855
f 1007/1047/856 1008/1046/855 1011/1050/859 1010/1051/860
f 1008/1046/855 1009/1049/858 1012/1052/861 1011/1050/859
f 73/1053/546 193/1054/545 1004/1044/853 386/1055/862
f 193/1054/545 192/1056/544 1005/1045/854 1004/1044/853
f 192/1056/544 191/1057/543 1006/1048/857 1005/1045/854
f 191/1057/543 72/1033/538 389/1035/847 1006/1048/857
f 1006/1048/857 389/1035/847 390/1043/852 1009/1049/858
f 1009/1049/858 390/1043/852 391/1042/851 1012/1052/861
f 1012/1052/861 391/1042/851 105/285/258 446/284/257
f 1011/1050/859 1012/1052/861 446/284/257 447/283/256
f 1010/1051/860 1011/1050/859 447/283/256 448/282/255
f 388/1055/863 1010/1051/860 448/282/255 104/262/235
f 387/1055/864 1007/1047/856 1010/1051/860 388/1055/863
f 386/1055/862 1004/1044/853 1007/1047/856 387/1055/864
f 1013/1058/865 1014/1059/866 1017/1060/867 1016/1061/868
f 1014/1059/866 1015/1062/869 1018/1063/870 1017/1060/867
f 1016/1061/868 1017/1060/867 1020/1064/871 1019/1065/872
f 1017/1060/867 1018/1063/870 1021/1066/873 1020/1064/871
f 116/647/552 472/1067/874 1013/1058/865 491/1068/875
f 472/1067/874 471/1069/876 1014/1059/866 1013/1058/865
f 471/1069/876 470/1070/877 1015/1062/869 1014/1059/866
f 470/1070/877 73/626/546 386/1071/862 1015/1062/869
f 1015/1062/869 386/1071/862 387/1071/864 1018/1063/870
f 1018/1063/870 387/1071/864 388/1071/863 1021/1066/873
f 1021/1066/873 388/1071/863 104/1072/235 488/1073/234
f 1020/1064/871 1021/1066/873 488/1073/234 489/1074/233
f 1019/1065/872 1020/1064/871 489/1074/233 490/1075/231
f 493/1076/878 1019/1065/872 490/1075/231 122/1077/230
f 492/1078/879 1016/1061/868 1019/1065/872 493/1076/878
f 491/1068/875 1013/1058/865 1016/1061/868 492/1078/879
f 1022/1079/880 1023/1080/881 1026/1081/882 1025/1082/883
f 1023/1080/881 1024/1083/884 1027/1084/885 1026/1081/882
f 1025/1082/883 1026/1081/882 1029/1085/886 1028/1086/887
f 1026/1081/882 1027/1084/885 1030/1087/888 1029/1085/886
f 64/121/100 148/1088/99 1022/1079/880 380/1089/889
f 148/1088/99 147/1090/98 1023/1080/881 1022/1079/880
f 147/1090/98 146/1091/97 1024/1083/884 1023/1080/881
f 146/1091/97 74/240/96 383/1092/890 1024/1083/884
f 1024/1083/884 383/1092/890 384/1093/891 1027/1084/885
f 1027/1084/885 384/1093/891 385/1094/892 1030/1087/888
f 1030/1087/888 385/1094/892 103/240/213 452/239/212
f 1029/1085/886 1030/1087/888 452/239/212 453/238/211
f 1028/1086/887 1029/1085/886 453/238/211 454/237/210
f 382/1095/893 1028/1086/887 454/237/210 102/142/121
f 381/1096/894 1025/1082/883 1028/1086/887 382/1095/893
f 380/1089/889 1022/1079/880 1025/1082/883 381/1096/894
f 1031/1097/895 1032/1098/896 1035/1099/897 1034/1100/898
f 1032/1098/896 1033/1101/899 1036/1102/900 1035/1099/897
f 1034/1100/898 1035/1099/897 1038/1103/901 1037/1104/902
f 1035/1099/897 1036/1102/900 1039/1105/903 1038/1103/901
f 70/1018/513 184/1106/512 1031/1097/895 395/1019/833
f 184/1106/512 183/1107/511 1032/1098/896 1031/1097/895
f 183/1107/511 182/1108/510 1033/1101/899 1032/1098/896
f 182/1108/510 60/1109/75 139/1109/74 1033/1101/899
f 1033/1101/899 139/1109/74 138/1109/73 1036/1102/900
f 1036/1102/900 138/1109/73 137/1110/72 1039/1105/903
f 1039/1105/903 137/1110/72 100/217/71 455/216/195
f 1038/1103/901 1039/1105/903 455/216/195 456/215/194
f 1037/1104/902 1038/1103/901 456/215/194 457/213/192
f 397/1021/835 1037/1104/902 457/213/192 107/212/191
f 396/1020/834 1034/1100/898 1037/1104/902 397/1021/835
f 395/1019/833 1031/1097/895 1034/1100/898 396/1020/834
f 1040/1111/904 1041/190/905 1044/190/906 1043/1111/907
f 1041/190/905 1042/191/908 1045/191/909 1044/190/906
f 1043/1111/907 1044/190/906 1047/190/910 1046/1111/911
f 1044/190/906 1045/191/909 1048/191/912 1047/190/910
f 65/933/562 169/1112/705 1040/1111/904 410/933/764
f 169/1112/705 168/1113/711 1041/190/905 1040/1111/904
f 168/1113/711 167/1114/709 1042/191/908 1041/190/905
f 167/1114/709 63/878/710 154/922/748 1042/191/908
f 1042/191/908 154/922/748 153/922/753 1045/191/909
f 1045/191/909 153/922/753 152/926/752 1048/191/912
f 1048/191/912 152/926/752 101/192/171 458/191/170
f 1047/190/910 1048/191/912 458/191/170 459/190/169
f 1046/1111/911 1047/190/910 459/190/169 460/188/167
f 412/933/766 1046/1111/911 460/188/167 112/187/166
f 411/933/765 1043/1111/907 1046/1111/911 412/933/766
f 410/933/764 1040/1111/904 1043/1111/907 411/933/765
f 1049/1115/913 1050/1116/914 1053/1117/915 1052/1118/916
f 1050/1116/914 1051/1119/917 1054/1120/918 1053/1117/915
f 1052/1118/916 1053/1117/915 1056/1121/919 1055/1122/920
f 1053/1117/915 1054/1120/918 1057/1123/921 1056/1121/919
f 87/126/105 295/124/103 1049/1115/913 413/923/749
f 295/124/103 294/123/102 1050/1116/914 1049/1115/913
f 294/123/102 293/122/101 1051/1119/917 1050/1116/914
f 293/122/101 64/121/100 380/1089/889 1051/1119/917
f 1051/1119/917 380/1089/889 381/1096/894 1054/1120/918
f 1054/1120/918 381/1096/894 382/1095/893 1057/1123/921
f 1057/1123/921 382/1095/893 102/142/121 461/141/120
f 1056/1121/919 1057/1123/921 461/141/120 462/140/119
f 1055/1122/920 1056/1121/919 462/140/119 463/138/117
f 415/925/751 1055/1122/920 463/138/117 113/137/116
f 414/924/750 1052/1118/916 1055/1122/920 415/925/751
f 413/923/749 1049/1115/913 1052/1118/916 414/924/750
f 1058/1124/922 1059/1125/923 1062/1126/924 1061/1127/925
f 1059/1125/923 1060/1128/926 1063/1129/927 1062/1126/924
f 1061/1127/925 1062/1126/924 1065/1130/928 1064/1131/929
f 1062/1126/924 1063/1129/927 1066/1132/930 1065/1130/928
f 85/907/155 134/1133/153 1058/1124/922 416/908/736
f 134/1133/153 135/1134/152 1059/1125/923 1058/1124/922
f 135/1134/152 136/1135/151 1060/1128/926 1059/1125/923
f 136/1135/151 58/1136/150 374/1137/198 1060/1128/926
f 1060/1128/926 374/1137/198 375/1138/197 1063/1129/927
f 1063/1129/927 375/1138/197 376/1139/196 1066/1132/930
f 1066/1132/930 376/1139/196 100/95/71 464/94/70
f 1065/1130/928 1066/1132/930 464/94/70 465/93/69
f 1064/1131/929 1065/1130/928 465/93/69 466/91/67
f 418/910/738 1064/1131/929 466/91/67 114/90/66
f 417/909/737 1061/1127/925 1064/1131/929 418/910/738
f 416/908/736 1058/1124/922 1061/1127/925 417/909/737
f 1067/1140/931 1068/1141/932 1071/1142/933 1070/1143/934
f 1068/1141/932 1069/1144/935 1072/1145/936 1071/1142/933
f 1070/1143/934 1071/1142/933 1074/1141/937 1073/1146/938
f 1071/1142/933 1072/1145/936 1075/1147/939 1074/1141/937
f 74/240/96 196/1148/555 1067/1140/931 383/1092/890
f 196/1148/555 195/1108/554 1068/1141/932 1067/1140/931
f 195/1108/554 194/1149/553 1069/1144/935 1068/1141/932
f 194/1149/553 116/1150/552 491/1150/875 1069/1144/935
f 1069/1144/935 491/1150/875 492/1150/879 1072/1145/936
f 1072/1145/936 492/1150/879 493/1150/878 1075/1147/939
f 1075/1147/939 493/1150/878 122/1150/230 449/1149/940
f 1074/1141/937 1075/1147/939 449/1149/940 450/1108/941
f 1073/1146/938 1074/1141/937 450/1108/941 451/1148/942
f 385/1094/892 1073/1146/938 451/1148/942 103/240/213
f 384/1093/891 1070/1143/934 1073/1146/938 385/1094/892
f 383/1092/890 1067/1140/931 1070/1143/934 384/1093/891
f 1076/1151/943 1077/1152/944 1080/1153/945 1079/1154/946
f 1077/1152/944 1078/1155/947 1081/1156/948 1080/1153/945
f 1079/1154/946 1080/1153/945 1083/1157/949 1082/1158/950
f 1080/1153/945 1081/1156/948 1084/1159/951 1083/1157/949
f 66/691/567 172/1160/952 1076/1151/943 407/1161/779
f 172/1160/952 171/1162/953 1077/1152/944 1076/1151/943
f 171/1162/953 170/1163/954 1078/1155/947 1077/1152/944
f 170/1163/954 115/662/556 494/1164/763 1078/1155/947
f 1078/1155/947 494/1164/763 495/1165/768 1081/1156/948
f 1081/1156/948 495/1165/768 496/1166/767 1084/1159/951
f 1084/1159/951 496/1166/767 121/1167/405 425/1168/955
f 1083/1157/949 1084/1159/951 425/1168/955 426/1169/956
f 1082/1158/950 1083/1157/949 426/1169/956 427/1170/957
f 409/1161/781 1082/1158/950 427/1170/957 111/1171/388
f 408/1161/780 1079/1154/946 1082/1158/950 409/1161/781
f 407/1161/779 1076/1151/943 1079/1154/946 408/1161/780
f 1085/1172/958 1086/1173/959 1089/1174/960 1088/1175/961
f 1086/1173/959 1087/1176/962 1090/1177/963 1089/1174/960
f 1088/1175/961 1089/1174/960 1092/1178/964 1091/1179/965
f 1089/1174/960 1090/1177/963 1093/1180/966 1092/1178/964
f 79/834/180 259/832/671 1085/1172/958 211/1181/410
f 259/832/671 258/831/670 1086/1173/959 1085/1172/958
f 258/831/670 257/830/669 1087/1176/962 1086/1173/959
f 257/830/669 89/461/430 482/1182/967 1087/1176/962
f 1087/1176/962 482/1182/967 483/1183/968 1090/1177/963
f 1090/1177/963 483/1183/968 484/1184/969 1093/1180/966
f 1093/1180/966 484/1184/969 120/472/441 497/814/654
f 1092/1178/964 1093/1180/966 497/814/654 498/813/653
f 1091/1179/965 1092/1178/964 498/813/653 499/811/651
f 209/1185/412 1091/1179/965 499/811/651 117/810/414
f 210/1186/411 1088/1175/961 1091/1179/965 209/1185/412
f 211/1181/410 1085/1172/958 1088/1175/961 210/1186/411
f 1094/1187/970 1095/1188/970 1098/1189/971 1097/1190/971
f 1095/1188/970 1096/1191/970 1099/1192/971 1098/1189/971
f 1097/1190/971 1098/1189/971 1101/1193/972 1100/1194/972
f 1098/1189/971 1099/1192/971 1102/1195/972 1101/1193/972
f 66/691/567 283/689/547 1094/1187/970 172/1160/952
f 283/689/547 282/688/547 1095/1188/970 1094/1187/970
f 282/688/547 281/687/547 1096/1191/970 1095/1188/970
f 281/687/547 97/631/547 479/1196/970 1096/1191/970
f 1096/1191/970 479/1196/970 480/1197/971 1099/1192/971
f 1099/1192/971 480/1197/971 481/1198/972 1102/1195/972
f 1102/1195/972 481/1198/972 119/642/551 500/666/551
f 1101/1193/972 1102/1195/972 500/666/551 501/665/551
f 1100/1194/972 1101/1193/972 501/665/551 502/663/551
f 170/1163/954 1100/1194/972 502/663/551 115/662/556
f 171/1162/953 1097/1190/971 1100/1194/972 170/1163/954
f 172/1160/952 1094/1187/970 1097/1190/971 171/1162/953
f 1103/1199/970 1104/1200/970 1107/1201/971 1106/1202/971
f 1104/1200/970 1105/1203/970 1108/1204/971 1107/1201/971
f 1106/1202/971 1107/1201/971 1110/1205/972 1109/1206/972
f 1107/1201/971 1108/1204/971 1111/1207/972 1110/1205/972
f 97/631/547 325/629/547 1103/1199/970 479/1196/970
f 325/629/547 324/628/547 1104/1200/970 1103/1199/970
f 324/628/547 323/627/547 1105/1203/970 1104/1200/970
f 323/627/547 73/626/546 470/1070/877 1105/1203/970
f 1105/1203/970 470/1070/877 471/1069/876 1108/1204/971
f 1108/1204/971 471/1069/876 472/1067/874 1111/1207/972
f 1111/1207/972 472/1067/874 116/647/552 503/646/551
f 1110/1205/972 1111/1207/972 503/646/551 504/645/551
f 1109/1206/972 1110/1205/972 504/645/551 505/643/551
f 481/1198/972 1109/1206/972 505/643/551 119/642/551
f 480/1197/971 1106/1202/971 1109/1206/972 481/1198/972
f 479/1196/970 1103/1199/970 1106/1202/971 480/1197/971
f 1112/1208/973 1113/1209/974 1116/1210/975 1115/1211/976
f 1113/1209/974 1114/1212/977 1117/1213/978 1116/1210/975
f 1115/1211/976 1116/1210/975 1119/1214/979 1118/1215/980
f 1116/1210/975 1117/1213/978 1120/1216/981 1119/1214/979
f 89/461/430 301/459/428 1112/1208/973 482/1182/967
f 301/459/428 300/458/427 1113/1209/974 1112/1208/973
f 300/458/427 299/457/426 1114/1212/977 1113/1209/974
f 299/457/426 80/456/217 476/1217/982 1114/1212/977
f 1114/1212/977 476/1217/982 477/1218/983 1117/1213/978
f 1117/1213/978 477/1218/983 478/1219/984 1120/1216/981
f 1120/1216/981 478/1219/984 118/477/244 506/476/445
f 1119/1214/979 1120/1216/981 506/476/445 507/475/444
f 1118/1215/980 1119/1214/979 507/475/444 508/473/442
f 484/1184/969 1118/1215/980 508/473/442 120/472/441
f 483/1183/968 1115/1211/976 1118/1215/980 484/1184/969
f 482/1182/967 1112/1208/973 1115/1211/976 483/1183/968
f 1121/1220/985 1122/1221/986 1125/1222/987 1124/1223/988
f 1122/1221/986 1123/1224/989 1126/1225/990 1125/1222/987
f 1124/1223/988 1125/1222/987 1128/1226/991 1127/1227/992
f 1125/1222/987 1126/1225/990 1129/1228/993 1128/1226/991
f 111/415/388 427/1229/957 1121/1220/985 251/416/389
f 427/1229/957 426/1230/956 1122/1221/986 1121/1220/985
f 426/1230/956 425/1231/955 1123/1224/989 1122/1221/986
f 425/1231/955 121/432/405 509/434/407 1123/1224/989
f 1123/1224/989 509/434/407 510/442/415 1126/1225/990
f 1126/1225/990 510/442/415 511/440/413 1129/1228/993
f 1129/1228/993 511/440/413 117/441/414 475/1232/652
f 1128/1226/991 1129/1228/993 475/1232/652 474/1233/656
f 1127/1227/992 1128/1226/991 474/1233/656 473/1234/655
f 253/418/391 1127/1227/992 473/1234/655 78/419/392
f 252/417/390 1124/1223/988 1127/1227/992 253/418/391
f 251/416/389 1121/1220/985 1124/1223/988 252/417/390
f 1130/1235/994 1131/1236/995 1134/1237/996 1133/1238/997
f 1131/1236/995 1132/1239/998 1135/1240/999 1134/1237/996
f 1133/1238/997 1134/1237/996 1137/1241/1000 1136/1242/1001
f 1134/1237/996 1135/1240/999 1138/1243/1002 1137/1241/1000
f 103/240/213 451/1244/942 1130/1235/994 227/241/214
f 451/1244/942 450/1245/941 1131/1236/995 1130/1235/994
f 450/1245/941 449/1246/940 1132/1239/998 1131/1236/995
f 449/1246/940 122/257/230 512/259/232 1132/1239/998
f 1132/1239/998 512/259/232 513/272/245 1135/1240/999
f 1135/1240/999 513/272/245 514/270/243 1138/1243/1002
f 1138/1243/1002 514/270/243 118/271/244 478/1247/984
f 1137/1241/1000 1138/1243/1002 478/1247/984 477/1248/983
f 1136/1242/1001 1137/1241/1000 477/1248/983 476/1249/982
f 229/243/216 1136/1242/1001 476/1249/982 80/244/217
f 228/242/215 1133/1238/997 1136/1242/1001 229/243/216
f 227/241/214 1130/1235/994 1133/1238/997 228/242/215
f 1139/1250/1003 1140/1251/1004 1143/1252/1005 1142/1253/1006
f 1140/1251/1004 1141/1254/1007 1144/1255/1008 1143/1252/1005
f 1142/1253/1006 1143/1252/1005 1146/1256/1009 1145/1257/1010
f 1143/1252/1005 1144/1255/1008 1147/1258/1011 1146/1256/1009
f 71/1038/529 187/1259/528 1139/1250/1003 392/1039/848
f 187/1259/528 186/1260/527 1140/1251/1004 1139/1250/1003
f 186/1260/527 185/1261/526 1141/1254/1007 1140/1251/1004
f 185/1261/526 124/1013/525 539/1015/830 1141/1254/1007
f 1141/1254/1007 539/1015/830 540/1023/837 1144/1255/1008
f 1144/1255/1008 540/1023/837 541/1022/836 1147/1258/1011
f 1147/1258/1011 541/1022/836 130/322/295 440/1262/1012
f 1146/1256/1009 1147/1258/1011 440/1262/1012 441/1263/1013
f 1145/1257/1010 1146/1256/1009 441/1263/1013 442/1264/1014
f 394/1041/850 1145/1257/1010 442/1264/1014 106/305/278
f 393/1040/849 1142/1253/1006 1145/1257/1010 394/1041/850
f 392/1039/848 1139/1250/1003 1142/1253/1006 393/1040/849
f 1148/1265/1015 1149/1266/1016 1152/1267/1017 1151/1268/1018
f 1149/1266/1016 1150/1269/1019 1153/1270/1020 1152/1267/1017
f 1151/1268/1018 1152/1267/1017 1155/1271/1021 1154/1272/1022
f 1152/1267/1017 1153/1270/1020 1156/1273/1023 1155/1271/1021
f 69/998/595 181/1274/1024 1148/1265/1015 398/999/817
f 181/1274/1024 180/1275/1025 1149/1266/1016 1148/1265/1015
f 180/1275/1025 179/1276/1026 1150/1269/1019 1149/1266/1016
f 179/1276/1026 123/977/573 542/979/805 1150/1269/1019
f 1150/1269/1019 542/979/805 543/983/807 1153/1270/1020
f 1153/1270/1020 543/983/807 544/982/806 1156/1273/1023
f 1156/1273/1023 544/982/806 129/367/340 434/1277/1027
f 1155/1271/1021 1156/1273/1023 434/1277/1027 435/1278/1028
f 1154/1272/1022 1155/1271/1021 435/1278/1028 436/1279/1029
f 400/1001/819 1154/1272/1022 436/1279/1029 108/347/320
f 399/1000/818 1151/1268/1018 1154/1272/1022 400/1001/819
f 398/999/817 1148/1265/1015 1151/1268/1018 399/1000/818
f 1157/1280/1030 1158/1281/1031 1161/1282/1032 1160/1283/1033
f 1158/1281/1031 1159/1284/1034 1162/1285/1035 1161/1282/1032
f 1160/1283/1033 1161/1282/1032 1164/1286/1036 1163/1287/1037
f 1161/1282/1032 1162/1285/1035 1165/1288/1038 1164/1286/1036
f 76/783/349 268/781/629 1157/1280/1030 202/1289/350
f 268/781/629 267/780/628 1158/1281/1031 1157/1280/1030
f 267/780/628 266/779/627 1159/1284/1034 1158/1281/1031
f 266/779/627 92/526/482 530/1290/1039 1159/1284/1034
f 1159/1284/1034 530/1290/1039 531/1291/1040 1162/1285/1035
f 1162/1285/1035 531/1291/1040 532/1292/1041 1165/1288/1038
f 1165/1288/1038 532/1292/1041 128/537/493 545/758/609
f 1164/1286/1036 1165/1288/1038 545/758/609 546/757/608
f 1163/1287/1037 1164/1286/1036 546/757/608 547/755/606
f 200/1293/352 1163/1287/1037 547/755/606 125/754/354
f 201/1294/351 1160/1283/1033 1163/1287/1037 200/1293/352
f 202/1289/350 1157/1280/1030 1160/1283/1033 201/1294/351
f 1166/1295/1042 1167/1296/1042 1170/1297/1043 1169/1298/1043
f 1167/1296/1042 1168/1299/1042 1171/1300/1043 1170/1297/1043
f 1169/1298/1043 1170/1297/1043 1173/1301/1044 1172/1302/1044
f 1170/1297/1043 1171/1300/1043 1174/1303/1045 1173/1301/1044
f 69/743/595 274/741/593 1166/1295/1042 181/1304/1024
f 274/741/593 273/740/592 1167/1296/1042 1166/1295/1042
f 273/740/592 272/739/591 1168/1299/1042 1167/1296/1042
f 272/739/591 94/566/518 527/1305/1042 1168/1299/1042
f 1168/1299/1042 527/1305/1042 528/1306/1043 1171/1300/1043
f 1171/1300/1043 528/1306/1043 529/1307/1045 1174/1303/1045
f 1174/1303/1045 529/1307/1045 127/577/523 548/722/523
f 1173/1301/1044 1174/1303/1045 548/722/523 549/721/523
f 1172/1302/1044 1173/1301/1044 549/721/523 550/719/524
f 179/1308/1026 1172/1302/1044 550/719/524 123/718/573
f 180/1309/1025 1169/1298/1043 1172/1302/1044 179/1308/1026
f 181/1304/1024 1166/1295/1042 1169/1298/1043 180/1309/1025
f 1175/1310/1042 1176/1311/1042 1179/1312/1043 1178/1313/1043
f 1176/1311/1042 1177/1314/1042 1180/1315/1043 1179/1312/1043
f 1178/1313/1043 1179/1312/1043 1182/1316/1045 1181/1317/1044
f 1179/1312/1043 1180/1315/1043 1183/1318/1044 1182/1316/1045
f 94/566/518 316/564/516 1175/1310/1042 527/1305/1042
f 316/564/516 315/563/515 1176/1311/1042 1175/1310/1042
f 315/563/515 314/562/514 1177/1314/1042 1176/1311/1042
f 314/562/514 70/561/513 518/1319/832 1177/1314/1042
f 1177/1314/1042 518/1319/832 519/1320/831 1180/1315/1043
f 1180/1315/1043 519/1320/831 520/1321/829 1183/1318/1044
f 1183/1318/1044 520/1321/829 124/582/525 551/581/524
f 1182/1316/1045 1183/1318/1044 551/581/524 552/580/523
f 1181/1317/1044 1182/1316/1045 552/580/523 553/578/523
f 529/1307/1045 1181/1317/1044 553/578/523 127/577/523
f 528/1306/1043 1178/1313/1043 1181/1317/1044 529/1307/1045
f 527/1305/1042 1175/1310/1042 1178/1313/1043 528/1306/1043
f 1184/1322/1046 1185/1323/1047 1188/1324/1048 1187/1325/1049
f 1185/1323/1047 1186/1326/1050 1189/1327/1051 1188/1324/1048
f 1187/1325/1049 1188/1324/1048 1191/1328/1052 1190/1329/1053
f 1188/1324/1048 1189/1327/1051 1192/1330/1054 1191/1328/1052
f 92/526/482 310/524/480 1184/1322/1046 530/1290/1039
f 310/524/480 309/523/479 1185/1323/1047 1184/1322/1046
f 309/523/479 308/522/478 1186/1326/1050 1185/1323/1047
f 308/522/478 83/521/282 524/1331/1055 1186/1326/1050
f 1186/1326/1050 524/1331/1055 525/1332/1056 1189/1327/1051
f 1189/1327/1051 525/1332/1056 526/1333/1057 1192/1330/1054
f 1192/1330/1054 526/1333/1057 126/542/304 554/541/497
f 1191/1328/1052 1192/1330/1054 554/541/497 555/540/496
f 1190/1329/1053 1191/1328/1052 555/540/496 556/538/494
f 532/1292/1041 1190/1329/1053 556/538/494 128/537/493
f 531/1291/1040 1187/1325/1049 1190/1329/1053 532/1292/1041
f 530/1290/1039 1184/1322/1046 1187/1325/1049 531/1291/1040
f 1193/1334/1058 1194/1335/1059 1197/1336/1060 1196/1337/1061
f 1194/1335/1059 1195/1338/1062 1198/1339/1063 1197/1336/1060
f 1196/1337/1061 1197/1336/1060 1200/1340/1064 1199/1341/1065
f 1197/1336/1060 1198/1339/1063 1201/1342/1066 1200/1340/1064
f 108/347/320 436/1279/1029 1193/1334/1058 242/348/321
f 436/1279/1029 435/1278/1028 1194/1335/1059 1193/1334/1058
f 435/1278/1028 434/1277/1027 1195/1338/1062 1194/1335/1059
f 434/1277/1027 129/367/340 557/369/342 1195/1338/1062
f 1195/1338/1062 557/369/342 558/382/355 1198/1339/1063
f 1198/1339/1063 558/382/355 559/380/353 1201/1342/1066
f 1201/1342/1066 559/380/353 125/381/354 523/1343/607
f 1200/1340/1064 1201/1342/1066 523/1343/607 522/1344/614
f 1199/1341/1065 1200/1340/1064 522/1344/614 521/1345/613
f 244/350/323 1199/1341/1065 521/1345/613 75/351/324
f 243/349/322 1196/1337/1061 1199/1341/1065 244/350/323
f 242/348/321 1193/1334/1058 1196/1337/1061 243/349/322
f 1202/1346/1067 1203/1347/1068 1206/1348/1069 1205/1349/1070
f 1203/1347/1068 1204/1350/1071 1207/1351/1072 1206/1348/1069
f 1205/1349/1070 1206/1348/1069 1209/1352/1073 1208/1353/1074
f 1206/1348/1069 1207/1351/1072 1210/1354/1075 1209/1352/1073
f 106/305/278 442/1264/1014 1202/1346/1067 236/306/279
f 442/1264/1014 441/1263/1013 1203/1347/1068 1202/1346/1067
f 441/1263/1013 440/1262/1012 1204/1350/1071 1203/1347/1068
f 440/1262/1012 130/322/295 560/324/297 1204/1350/1071
f 1204/1350/1071 560/324/297 561/332/305 1207/1351/1072
f 1207/1351/1072 561/332/305 562/330/303 1210/1354/1075
f 1210/1354/1075 562/330/303 126/331/304 526/1355/1057
f 1209/1352/1073 1210/1354/1075 526/1355/1057 525/1356/1056
f 1208/1353/1074 1209/1352/1073 525/1356/1056 524/1357/1055
f 238/308/281 1208/1353/1074 524/1357/1055 83/309/282
f 237/307/280 1205/1349/1070 1208/1353/1074 238/308/281
f 236/306/279 1202/1346/1067 1205/1349/1070 237/307/280
