# Blender 4.0.2
# www.blender.org
mtllib Tolette base.mtl
o Toilet
v 2.628570 0.224118 -1.296544
v 2.610577 0.222740 -1.276025
v 2.584718 0.222740 -1.256277
v 2.554426 0.222740 -1.245711
v 2.523251 0.222740 -1.245719
v 2.494124 0.222740 -1.256298
v 2.470380 0.222740 -1.276173
v 2.454872 0.222740 -1.302958
v 2.671952 0.284299 -1.278446
v 2.645094 0.286577 -1.244496
v 2.602807 0.286757 -1.213588
v 2.552474 0.286739 -1.197178
v 2.499271 0.286720 -1.197217
v 2.449274 0.286706 -1.213683
v 2.408136 0.286706 -1.244517
v 2.380200 0.286711 -1.285998
v 2.705382 0.350140 -1.255060
v 2.676096 0.353724 -1.218930
v 2.621741 0.354113 -1.178597
v 2.556373 0.354638 -1.156603
v 2.486007 0.355667 -1.159801
v 2.420605 0.355912 -1.181571
v 2.365576 0.355912 -1.220702
v 2.327623 0.355912 -1.273343
v 2.320195 0.367797 -1.268326
v 2.903907 0.363060 -1.253650
v 2.684287 0.363367 -1.212495
v 2.625031 0.365001 -1.166824
v 2.561886 0.367420 -1.141161
v 2.483618 0.367736 -1.144975
v 2.416738 0.367797 -1.168545
v 2.359766 0.367797 -1.211054
v 2.629124 0.229996 -1.291707
v 2.520579 0.230530 -1.240336
v 2.489133 0.230521 -1.251562
v 2.586721 0.230555 -1.251551
v 2.554201 0.230543 -1.240331
v 2.446692 0.230532 -1.301092
v 2.614160 0.230377 -1.272248
v 2.463489 0.230522 -1.272657
v 2.735004 0.443598 -1.252193
v 2.693828 0.443598 -1.189432
v 2.633214 0.443598 -1.143599
v 2.564933 0.441705 -1.114797
v 2.481242 0.440969 -1.119323
v 2.409403 0.440969 -1.145609
v 2.347770 0.440969 -1.193425
v 2.304626 0.440969 -1.258238
v 2.632566 0.036944 -1.275216
v 2.615098 0.034649 -1.252209
v 2.592192 0.034649 -1.229648
v 2.556588 0.032107 -1.216666
v 2.503032 0.032676 -1.217379
v 2.466305 0.032676 -1.229690
v 2.435123 0.032676 -1.252826
v 2.413815 0.032676 -1.286331
v 2.615435 0.131907 -1.268054
v 2.578071 0.123403 -1.241924
v 2.547236 0.123912 -1.231084
v 2.513603 0.123912 -1.231107
v 2.481196 0.123912 -1.242554
v 2.453332 0.123912 -1.264045
v 2.434057 0.123912 -1.294248
v 2.628287 0.174410 -1.290512
v 2.616423 0.164365 -1.272192
v 2.580440 0.170560 -1.249428
v 2.550606 0.170157 -1.238974
v 2.518450 0.170157 -1.239000
v 2.487940 0.170157 -1.250003
v 2.462231 0.170157 -1.270654
v 2.445137 0.170157 -1.299026
v 2.950376 0.367462 -1.264932
v 2.949909 0.451262 -1.277019
v 2.848521 0.452386 -1.228934
v 2.769605 0.440969 -1.155206
v 2.647797 0.440969 -1.124960
v 2.880754 0.368541 -1.219723
v 2.777192 0.368430 -1.184221
v 2.647530 0.368174 -1.157319
v 2.840476 0.030548 -1.284027
v 2.813494 0.028671 -1.243951
v 2.759774 0.028671 -1.220818
v 2.626513 0.123102 -1.284967
v 2.894306 0.224499 -1.298606
v 2.845185 0.056995 -1.293435
v 2.850019 0.086775 -1.296094
v 2.649713 0.170669 -1.270608
v 2.651368 0.140652 -1.269189
v 2.682147 0.182729 -1.269334
v 2.691103 0.156109 -1.269172
v 2.707475 0.200666 -1.269132
v 2.724486 0.177829 -1.269132
v 2.729024 0.222648 -1.269132
v 2.745425 0.199453 -1.269132
v 2.752779 0.243963 -1.269132
v 2.763095 0.216813 -1.269132
v 2.784343 0.256532 -1.269132
v 2.784943 0.224874 -1.269132
v 2.821713 0.248142 -1.269132
v 2.807062 0.218822 -1.269132
v 2.853781 0.218057 -1.269130
v 2.824951 0.199721 -1.269122
v 2.861738 0.173499 -1.268638
v 2.828575 0.169227 -1.268741
v 2.847149 0.122643 -1.265523
v 2.820542 0.135890 -1.266560
v 2.819986 0.081236 -1.259973
v 2.798133 0.102977 -1.262704
v 2.800518 0.058279 -1.257082
v 2.763708 0.072345 -1.259893
v 2.789832 0.044064 -1.255875
v 2.718386 0.051483 -1.256625
v 2.707262 0.034227 -1.255459
v 2.788604 0.032900 -1.255636
v 2.686076 0.036830 -1.274592
v 2.809606 0.033522 -1.274593
v 2.808877 0.042174 -1.277017
v 2.811060 0.054659 -1.277734
v 2.651969 0.179915 -1.291802
v 2.724363 0.229791 -1.290327
v 2.855458 0.116813 -1.292834
v 2.749550 0.252309 -1.290322
v 2.702948 0.207777 -1.290326
v 2.680140 0.191004 -1.290564
v 2.826354 0.074909 -1.280529
v 2.873396 0.177187 -1.296286
v 2.862724 0.224158 -1.290684
v 2.826227 0.257110 -1.290399
v 2.784040 0.266282 -1.290319
v 2.654224 0.131543 -1.289657
v 2.694177 0.148010 -1.290237
v 2.729860 0.170873 -1.290252
v 2.750751 0.192516 -1.290261
v 2.766552 0.208635 -1.290241
v 2.785124 0.215330 -1.290226
v 2.802555 0.210122 -1.290255
v 2.816239 0.194426 -1.290308
v 2.818654 0.168211 -1.290023
v 2.812358 0.139821 -1.288126
v 2.791414 0.109458 -1.284729
v 2.753429 0.077219 -1.281965
v 2.699027 0.054422 -1.278159
v 2.843002 0.041686 -1.292130
v 2.819026 0.041943 -1.282914
v 2.793400 0.030645 -1.248524
v 2.817899 0.032525 -1.276863
v 2.830808 0.071395 -1.285926
v 2.670670 0.035414 -1.276978
v 2.821662 0.054750 -1.283881
v 2.686289 0.030645 -1.248540
v 2.678016 0.030645 -1.228451
v 2.671855 0.028671 -1.216779
v 2.602779 0.081213 -1.258153
v 2.658671 0.120020 -1.293479
v 2.701424 0.137500 -1.294429
v 2.738301 0.161722 -1.294718
v 2.759501 0.184303 -1.295026
v 2.773213 0.200120 -1.295075
v 2.787176 0.206409 -1.295023
v 2.799439 0.204619 -1.295177
v 2.807557 0.192338 -1.295369
v 2.808737 0.171004 -1.295359
v 2.802231 0.145960 -1.293806
v 2.782229 0.117805 -1.290817
v 2.744954 0.087381 -1.288370
v 2.680722 0.062366 -1.284467
v 2.790323 0.184347 -1.295170
v 2.795145 0.194887 -1.295159
v 2.780694 0.164872 -1.294394
v 2.760172 0.139663 -1.292759
v 2.723036 0.112397 -1.291397
v 2.669560 0.093169 -1.289221
v 2.602615 0.054673 -1.255337
v 2.625019 0.110772 -1.285724
v 2.576643 0.082026 -1.236313
v 2.544147 0.082189 -1.224612
v 2.508810 0.082189 -1.224625
v 2.474436 0.082189 -1.236468
v 2.444984 0.082189 -1.258711
v 2.424614 0.082189 -1.290458
v 2.626816 0.082373 -1.282744
v 2.575520 0.054673 -1.232608
v 2.542096 0.054673 -1.220517
v 2.505572 0.054673 -1.220523
v 2.469865 0.054673 -1.232625
v 2.439439 0.054673 -1.255365
v 2.418546 0.054673 -1.288101
v 2.628336 0.055825 -1.279843
v 2.650331 0.192899 -1.297098
v 2.717570 0.246508 -1.292969
v 2.744205 0.273249 -1.291288
v 2.696345 0.222301 -1.294190
v 2.675106 0.204596 -1.295322
v 2.626917 0.185422 -1.293740
v 2.833136 0.279619 -1.290545
v 2.781843 0.287589 -1.290602
v 2.876507 0.251664 -1.291493
v 2.604371 0.173053 -1.268274
v 2.602240 0.120383 -1.261053
v 2.639284 0.239786 -1.291564
v 2.759773 0.363686 -1.254941
v 2.653304 0.257513 -1.286293
v 2.691859 0.320274 -1.268365
v 2.643326 0.232421 -1.297830
v 2.659582 0.249563 -1.293186
v 2.679317 0.276698 -1.286623
v 2.721685 0.356074 -1.261055
v 2.700460 0.313546 -1.278170
v 2.839783 0.362736 -1.252511
v 2.715522 0.365871 -1.209198
v 2.874068 0.365095 -1.231949
v 2.807205 0.365200 -1.218557
v 2.754602 0.030645 -1.229358
v 2.659888 0.443598 -1.139366
v 2.732168 0.443598 -1.170152
v 2.823519 0.452387 -1.230079
v 2.925538 0.451262 -1.271903
v 2.796620 0.443598 -1.221609
v 2.843019 0.496331 -1.230685
v 2.824934 0.496331 -1.230685
v 2.964532 0.440969 -1.262675
v 2.886167 0.442471 -1.211557
v 2.946112 0.489587 -1.280660
v 2.929432 0.489587 -1.280660
v 2.501193 0.002800 -1.217718
v 2.556412 0.002800 -1.215628
v 2.464476 0.002800 -1.230001
v 2.433353 0.002800 -1.253057
v 2.412139 0.002800 -1.286398
v 2.840077 0.002800 -1.284438
v 2.758035 0.002800 -1.219767
v 2.812636 0.002800 -1.243440
v 2.670283 0.002800 -1.215628
v 2.383788 0.322226 -1.231636
v 2.350719 0.322226 -1.278810
v 2.661546 0.321798 -1.230805
v 2.612840 0.321859 -1.195420
v 2.553919 0.321920 -1.176415
v 2.491207 0.322165 -1.177207
v 2.432480 0.322226 -1.196381
v 2.507084 0.263213 -1.213382
v 2.596067 0.263385 -1.227777
v 2.405504 0.263178 -1.291614
v 2.464245 0.263147 -1.227826
v 2.552723 0.263303 -1.213359
v 2.632291 0.262546 -1.255277
v 2.429152 0.263146 -1.254962
v 2.477499 0.245464 -1.240409
v 2.553456 0.245587 -1.227661
v 2.622263 0.244774 -1.264517
v 2.447479 0.245468 -1.264323
v 2.514246 0.245516 -1.227679
v 2.590971 0.245652 -1.240372
v 2.427535 0.245514 -1.296611
v 2.708809 0.368285 -1.261511
v 2.675620 0.368285 -1.214015
v 2.626183 0.368285 -1.182207
v 2.565539 0.368285 -1.165282
v 2.500962 0.368285 -1.165282
v 2.439497 0.368285 -1.182207
v 2.386495 0.368285 -1.214015
v 2.348561 0.368285 -1.261511
v 2.692827 0.193703 -1.319158
v 2.693416 0.188918 -1.310141
v 2.694294 0.181789 -1.304225
v 2.695370 0.173045 -1.301077
v 2.696517 0.163733 -1.301077
v 2.697608 0.154870 -1.304225
v 2.698549 0.147227 -1.310141
v 2.699223 0.141757 -1.319158
v 2.629894 0.183710 -1.314613
v 2.531954 0.148419 -1.314613
v 2.542267 0.149847 -1.298491
v 2.573387 0.157779 -1.280306
v 2.590943 0.174694 -1.280306
v 2.620871 0.182460 -1.298491
v 2.556677 0.151844 -1.286621
v 2.607430 0.180598 -1.286621
v 2.565593 0.231383 -1.252949
v 2.629786 0.231383 -1.301435
v 2.468374 0.231383 -1.301435
v 2.536658 0.231383 -1.252949
v 2.614916 0.231383 -1.278007
v 2.509119 0.231383 -1.261652
v 2.592765 0.231383 -1.261652
v 2.485371 0.231383 -1.278007
v 2.628570 0.224118 -1.370362
v 2.610577 0.222740 -1.390882
v 2.584718 0.222740 -1.410630
v 2.554426 0.222740 -1.421195
v 2.523251 0.222740 -1.421188
v 2.494124 0.222740 -1.410609
v 2.470380 0.222740 -1.390733
v 2.454872 0.222740 -1.363949
v 2.449460 0.222740 -1.333453
v 2.671952 0.284299 -1.388461
v 2.645094 0.286577 -1.422411
v 2.602807 0.286757 -1.453319
v 2.552474 0.286739 -1.469729
v 2.499271 0.286720 -1.469689
v 2.449274 0.286706 -1.453224
v 2.408136 0.286705 -1.422390
v 2.380200 0.286711 -1.380909
v 2.370129 0.286719 -1.333453
v 2.705382 0.350140 -1.411847
v 2.676096 0.353724 -1.447977
v 2.621741 0.354113 -1.488310
v 2.556373 0.354638 -1.510303
v 2.486007 0.355667 -1.507105
v 2.420605 0.355912 -1.485336
v 2.365576 0.355912 -1.446204
v 2.327623 0.355912 -1.393564
v 2.313552 0.355912 -1.333453
v 2.320195 0.367797 -1.398581
v 2.305619 0.367797 -1.333453
v 2.903907 0.363060 -1.413256
v 2.684287 0.363367 -1.454412
v 2.625031 0.365001 -1.500082
v 2.561886 0.367420 -1.525745
v 2.483618 0.367736 -1.521931
v 2.416738 0.367797 -1.498361
v 2.359766 0.367797 -1.455853
v 2.629124 0.229996 -1.375200
v 2.520579 0.230530 -1.426571
v 2.489133 0.230521 -1.415344
v 2.586721 0.230555 -1.415356
v 2.554201 0.230543 -1.426575
v 2.446692 0.230532 -1.365815
v 2.440840 0.230542 -1.333453
v 2.614160 0.230377 -1.394659
v 2.463489 0.230522 -1.394249
v 2.747932 0.443598 -1.333453
v 2.735004 0.443598 -1.414714
v 2.693828 0.443598 -1.477475
v 2.633214 0.443598 -1.523308
v 2.564933 0.441705 -1.552110
v 2.481242 0.440969 -1.547583
v 2.409403 0.440969 -1.521297
v 2.347770 0.440969 -1.473482
v 2.304626 0.440969 -1.408669
v 2.288587 0.440969 -1.333453
v 2.632566 0.036944 -1.391691
v 2.615098 0.034649 -1.414697
v 2.592192 0.034649 -1.437259
v 2.556588 0.032107 -1.450241
v 2.503032 0.032676 -1.449528
v 2.466305 0.032676 -1.437217
v 2.435123 0.032676 -1.414081
v 2.413815 0.032676 -1.380576
v 2.405881 0.032676 -1.333453
v 2.615435 0.131907 -1.398853
v 2.578071 0.123403 -1.424983
v 2.547236 0.123912 -1.435823
v 2.513603 0.123912 -1.435800
v 2.481196 0.123912 -1.424353
v 2.453332 0.123912 -1.402861
v 2.434057 0.123912 -1.372659
v 2.427211 0.123912 -1.333453
v 2.628287 0.174410 -1.376395
v 2.616423 0.164365 -1.394715
v 2.580440 0.170560 -1.417478
v 2.550606 0.170157 -1.427933
v 2.518450 0.170157 -1.427906
v 2.487940 0.170157 -1.416904
v 2.462231 0.170157 -1.396253
v 2.445137 0.170157 -1.367881
v 2.439009 0.170157 -1.333453
v 2.950376 0.367462 -1.401975
v 2.956795 0.451262 -1.333453
v 2.949909 0.451263 -1.389888
v 2.848521 0.452386 -1.437973
v 2.769605 0.440969 -1.511700
v 2.647797 0.440969 -1.541946
v 2.880754 0.368541 -1.447183
v 2.777192 0.368430 -1.482686
v 2.647530 0.368174 -1.509588
v 2.840476 0.030548 -1.382879
v 2.813494 0.028671 -1.422955
v 2.759774 0.028671 -1.446089
v 2.850481 0.030564 -1.333453
v 2.626513 0.123102 -1.381939
v 2.972093 0.367970 -1.333453
v 2.894306 0.224499 -1.368301
v 2.901274 0.218687 -1.333453
v 2.854060 0.058492 -1.333453
v 2.845185 0.056995 -1.373472
v 2.850019 0.086775 -1.370813
v 2.858783 0.092822 -1.333453
v 2.878259 0.169981 -1.333453
v 2.864853 0.126203 -1.333453
v 2.649713 0.170669 -1.396298
v 2.651368 0.140652 -1.397717
v 2.682147 0.182729 -1.397572
v 2.691103 0.156109 -1.397734
v 2.707475 0.200666 -1.397775
v 2.724486 0.177829 -1.397775
v 2.729024 0.222648 -1.397775
v 2.745425 0.199453 -1.397775
v 2.752778 0.243963 -1.397775
v 2.763095 0.216813 -1.397775
v 2.784343 0.256532 -1.397775
v 2.784943 0.224874 -1.397775
v 2.821713 0.248142 -1.397775
v 2.807062 0.218822 -1.397775
v 2.853781 0.218057 -1.397777
v 2.824951 0.199721 -1.397784
v 2.861738 0.173499 -1.398269
v 2.828575 0.169227 -1.398165
v 2.847149 0.122643 -1.401384
v 2.820542 0.135890 -1.400346
v 2.819986 0.081236 -1.406933
v 2.798133 0.102977 -1.404202
v 2.800518 0.058279 -1.409825
v 2.763708 0.072345 -1.407014
v 2.789832 0.044064 -1.411031
v 2.718386 0.051483 -1.410281
v 2.707262 0.034227 -1.411447
v 2.788604 0.032900 -1.411270
v 2.686076 0.036830 -1.392315
v 2.809606 0.033522 -1.392313
v 2.808877 0.042174 -1.389889
v 2.811060 0.054659 -1.389172
v 2.651969 0.179915 -1.375105
v 2.724363 0.229791 -1.376580
v 2.855458 0.116813 -1.374073
v 2.749550 0.252309 -1.376584
v 2.702948 0.207777 -1.376581
v 2.680140 0.191004 -1.376342
v 2.826354 0.074909 -1.386378
v 2.873396 0.177187 -1.370620
v 2.862724 0.224158 -1.376222
v 2.826227 0.257110 -1.376507
v 2.784040 0.266282 -1.376588
v 2.654224 0.131543 -1.377250
v 2.694177 0.148010 -1.376670
v 2.729860 0.170873 -1.376654
v 2.750751 0.192516 -1.376645
v 2.766552 0.208635 -1.376665
v 2.785124 0.215330 -1.376681
v 2.802555 0.210123 -1.376651
v 2.816239 0.194426 -1.376599
v 2.818654 0.168211 -1.376883
v 2.812358 0.139821 -1.378780
v 2.791414 0.109458 -1.382177
v 2.753429 0.077219 -1.384942
v 2.699027 0.054422 -1.388748
v 2.851792 0.042001 -1.333453
v 2.843002 0.041686 -1.374777
v 2.819026 0.041943 -1.383993
v 2.793400 0.030645 -1.418383
v 2.817899 0.032525 -1.390044
v 2.830808 0.071395 -1.380980
v 2.670670 0.035414 -1.389929
v 2.821662 0.054750 -1.383025
v 2.686289 0.030645 -1.418366
v 2.678016 0.030645 -1.438456
v 2.671855 0.028671 -1.450128
v 2.602779 0.081213 -1.408754
v 2.658671 0.120020 -1.373428
v 2.701424 0.137500 -1.372477
v 2.738301 0.161722 -1.372189
v 2.759502 0.184303 -1.371881
v 2.773213 0.200120 -1.371831
v 2.787176 0.206409 -1.371884
v 2.799439 0.204619 -1.371730
v 2.807557 0.192338 -1.371538
v 2.808737 0.171004 -1.371547
v 2.802231 0.145960 -1.373100
v 2.782229 0.117805 -1.376089
v 2.744954 0.087381 -1.378536
v 2.680722 0.062366 -1.382440
v 2.790323 0.184347 -1.371737
v 2.795145 0.194887 -1.371748
v 2.780694 0.164872 -1.372512
v 2.760172 0.139663 -1.374147
v 2.723036 0.112397 -1.375510
v 2.669560 0.093169 -1.377686
v 2.602615 0.054673 -1.411569
v 2.625019 0.110772 -1.381183
v 2.576643 0.082026 -1.430594
v 2.544147 0.082189 -1.442294
v 2.508810 0.082189 -1.442281
v 2.474436 0.082189 -1.430439
v 2.444984 0.082189 -1.408195
v 2.424614 0.082189 -1.376448
v 2.417245 0.082189 -1.333453
v 2.626816 0.082373 -1.384163
v 2.575520 0.054673 -1.434299
v 2.542096 0.054673 -1.446390
v 2.505572 0.054673 -1.446384
v 2.469865 0.054673 -1.434281
v 2.439439 0.054673 -1.411542
v 2.418546 0.054673 -1.378805
v 2.410858 0.054673 -1.333453
v 2.628336 0.055825 -1.387064
v 2.650331 0.192899 -1.369808
v 2.717570 0.246508 -1.373938
v 2.744205 0.273249 -1.375618
v 2.696345 0.222301 -1.372716
v 2.675106 0.204596 -1.371584
v 2.626917 0.185422 -1.373167
v 2.833136 0.279619 -1.376361
v 2.781843 0.287589 -1.376305
v 2.876507 0.251664 -1.375414
v 2.604371 0.173053 -1.398633
v 2.602240 0.120383 -1.405853
v 2.639284 0.239786 -1.375342
v 2.759773 0.363686 -1.411965
v 2.653304 0.257513 -1.380614
v 2.691859 0.320274 -1.398542
v 2.643326 0.232421 -1.369077
v 2.659582 0.249563 -1.373721
v 2.679317 0.276698 -1.380283
v 2.721685 0.356074 -1.405852
v 2.700460 0.313546 -1.388737
v 2.839783 0.362736 -1.414396
v 2.715522 0.365871 -1.457709
v 2.874068 0.365095 -1.434957
v 2.807205 0.365200 -1.448350
v 2.754602 0.030645 -1.437549
v 2.852040 0.452386 -1.333453
v 2.659888 0.443598 -1.527540
v 2.817021 0.452387 -1.333453
v 2.732168 0.443598 -1.496755
v 2.823519 0.452386 -1.436827
v 2.925538 0.451262 -1.395004
v 2.878494 0.443598 -1.333453
v 2.796620 0.443598 -1.445297
v 2.793316 0.443598 -1.333453
v 2.847540 0.496331 -1.333453
v 2.820413 0.496331 -1.333453
v 2.843019 0.496331 -1.436221
v 2.824934 0.496331 -1.436221
v 2.982230 0.440969 -1.333453
v 2.964532 0.440969 -1.404232
v 2.886167 0.442471 -1.455350
v 2.916809 0.451263 -1.333453
v 2.950282 0.489587 -1.333453
v 2.925262 0.489587 -1.333453
v 2.946112 0.489587 -1.386247
v 2.929432 0.489587 -1.386247
v 2.501193 0.002800 -1.449189
v 2.556412 0.002800 -1.451278
v 2.464476 0.002800 -1.436906
v 2.433353 0.002800 -1.413850
v 2.412139 0.002800 -1.380509
v 2.404206 0.002800 -1.333453
v 2.840077 0.002800 -1.382469
v 2.847585 0.002800 -1.333453
v 2.758035 0.002800 -1.447140
v 2.812636 0.002800 -1.423466
v 2.670283 0.002800 -1.451278
v 2.383788 0.322226 -1.435270
v 2.350719 0.322226 -1.388097
v 2.338655 0.322226 -1.333453
v 2.661546 0.321798 -1.436101
v 2.612840 0.321859 -1.471486
v 2.553919 0.321920 -1.490492
v 2.491207 0.322165 -1.489699
v 2.432480 0.322226 -1.470526
v 2.507084 0.263213 -1.453524
v 2.596067 0.263385 -1.439129
v 2.405504 0.263178 -1.375293
v 2.464245 0.263147 -1.439080
v 2.552723 0.263303 -1.453548
v 2.397076 0.263220 -1.333453
v 2.632291 0.262546 -1.411630
v 2.429152 0.263146 -1.411945
v 2.477499 0.245464 -1.426498
v 2.553456 0.245587 -1.439245
v 2.420512 0.245563 -1.333453
v 2.622263 0.244774 -1.402389
v 2.447479 0.245468 -1.402583
v 2.514246 0.245516 -1.439228
v 2.590971 0.245652 -1.426534
v 2.427535 0.245514 -1.370295
v 2.722777 0.368285 -1.333453
v 2.708809 0.368285 -1.405396
v 2.675620 0.368285 -1.452892
v 2.626183 0.368285 -1.484700
v 2.565539 0.368285 -1.501624
v 2.500962 0.368285 -1.501624
v 2.439497 0.368285 -1.484700
v 2.386495 0.368285 -1.452892
v 2.348561 0.368285 -1.405396
v 2.332306 0.368285 -1.333453
v 2.692579 0.195718 -1.333453
v 2.692827 0.193703 -1.347749
v 2.693416 0.188918 -1.356766
v 2.694294 0.181789 -1.362682
v 2.695370 0.173045 -1.365830
v 2.696517 0.163733 -1.365830
v 2.697608 0.154870 -1.362682
v 2.698549 0.147227 -1.356766
v 2.699223 0.141757 -1.347749
v 2.699511 0.139414 -1.333453
v 2.629894 0.183710 -1.352293
v 2.633691 0.184236 -1.333453
v 2.531954 0.148419 -1.352293
v 2.542267 0.149847 -1.368416
v 2.573387 0.157779 -1.386601
v 2.590943 0.174694 -1.386601
v 2.620871 0.182460 -1.368416
v 2.527535 0.147806 -1.333453
v 2.556677 0.151844 -1.380286
v 2.607430 0.180598 -1.380286
v 2.565593 0.231383 -1.413957
v 2.629786 0.231383 -1.365472
v 2.468374 0.231383 -1.365472
v 2.636045 0.231383 -1.333453
v 2.536658 0.231383 -1.413957
v 2.614916 0.231383 -1.388899
v 2.461091 0.231383 -1.333453
v 2.509119 0.231383 -1.405255
v 2.592765 0.231383 -1.405255
v 2.485371 0.231383 -1.388899
v 2.828331 0.032293 -1.277283
v 2.620378 0.222912 -1.287779
v 2.598526 0.222740 -1.265161
v 2.569868 0.222740 -1.249727
v 2.522365 0.002800 -1.215889
v 2.538771 0.222740 -1.244367
v 2.482432 0.002800 -1.222387
v 2.508225 0.222740 -1.249741
v 2.447925 0.002800 -1.240338
v 2.481383 0.222740 -1.265203
v 2.421293 0.002800 -1.268065
v 2.461459 0.222740 -1.288888
v 2.406277 0.002800 -1.308765
v 2.450830 0.222740 -1.317968
v 2.661045 0.286004 -1.263359
v 2.625353 0.286741 -1.227418
v 2.578315 0.286748 -1.203412
v 2.525868 0.286730 -1.195100
v 2.473488 0.286712 -1.203484
v 2.427320 0.286705 -1.227512
v 2.392217 0.286707 -1.264194
v 2.372704 0.286716 -1.309333
v 2.503294 0.273652 -1.205793
v 2.599076 0.273761 -1.221129
v 2.393485 0.273625 -1.289015
v 2.695806 0.353031 -1.240658
v 2.650756 0.353908 -1.197289
v 2.590100 0.354313 -1.164590
v 2.521187 0.355171 -1.155393
v 2.452288 0.355882 -1.168525
v 2.391416 0.355912 -1.199118
v 2.344026 0.355912 -1.245682
v 2.317200 0.355912 -1.302911
v 2.373224 0.341047 -1.225871
v 2.365529 0.303352 -1.282388
v 2.681770 0.301446 -1.273750
v 2.354516 0.303353 -1.333453
v 2.653065 0.303247 -1.237823
v 2.607512 0.303312 -1.204766
v 2.552898 0.303317 -1.187143
v 2.495073 0.303345 -1.187324
v 2.440756 0.303351 -1.205088
v 2.318160 0.371970 -1.265818
v 2.744862 0.443598 -1.291321
v 2.717733 0.443598 -1.218381
v 2.664740 0.443598 -1.164458
v 2.601361 0.443403 -1.127152
v 2.519715 0.441048 -1.114178
v 2.444443 0.440969 -1.129733
v 2.376834 0.440969 -1.167031
v 2.323328 0.440969 -1.224062
v 2.292741 0.440969 -1.295135
v 2.286517 0.434593 -1.333453
v 2.598276 0.368468 -1.144067
v 2.303481 0.371970 -1.333453
v 2.736153 0.362513 -1.256728
v 2.644536 0.443598 -1.139589
v 2.603692 0.441048 -1.117182
v 2.555815 0.371954 -1.132314
v 2.482836 0.371962 -1.137781
v 2.415624 0.371970 -1.162195
v 2.358251 0.371970 -1.206341
v 2.337305 0.367797 -1.238247
v 2.386582 0.367797 -1.187589
v 2.449291 0.367789 -1.154406
v 2.519677 0.367607 -1.140125
v 2.594426 0.365818 -1.152177
v 2.655844 0.364145 -1.187633
v 2.878097 0.366313 -1.226502
v 2.309381 0.367797 -1.300389
v 2.609894 0.218973 -1.276250
v 2.584259 0.218884 -1.256536
v 2.554236 0.218866 -1.246040
v 2.523295 0.218867 -1.246050
v 2.494380 0.218867 -1.256578
v 2.470789 0.218867 -1.276355
v 2.455369 0.218867 -1.303022
v 2.449965 0.218867 -1.333453
v 2.662248 0.269648 -1.282633
v 2.483850 0.237306 -1.246504
v 2.553861 0.237375 -1.234585
v 2.431637 0.237370 -1.333453
v 2.617796 0.236878 -1.268729
v 2.456223 0.237309 -1.268878
v 2.453830 0.230526 -1.286155
v 2.601507 0.230537 -1.260951
v 2.537333 0.230537 -1.238902
v 2.475378 0.230520 -1.261013
v 2.623661 0.230062 -1.284042
v 2.442320 0.230539 -1.317021
v 2.570788 0.230549 -1.244595
v 2.504356 0.230525 -1.244604
v 2.726442 0.443013 -1.333453
v 2.557343 0.434672 -1.111121
v 2.479921 0.434593 -1.117068
v 2.407746 0.434593 -1.143933
v 2.345844 0.434593 -1.192710
v 2.302467 0.434593 -1.258477
v 2.909518 0.359123 -1.260465
v 2.603964 0.043160 -1.253861
v 2.577196 0.043160 -1.230986
v 2.542856 0.042893 -1.218710
v 2.504195 0.042913 -1.218787
v 2.467924 0.042913 -1.231000
v 2.437084 0.042913 -1.253951
v 2.415968 0.042913 -1.287108
v 2.408144 0.042913 -1.333453
v 2.604493 0.034649 -1.239660
v 2.577878 0.034383 -1.222093
v 2.523514 0.032615 -1.215688
v 2.484281 0.032676 -1.222059
v 2.449730 0.032676 -1.240055
v 2.423011 0.032676 -1.267917
v 2.407947 0.032676 -1.308744
v 2.590681 0.122266 -1.250292
v 2.563376 0.123848 -1.235345
v 2.530475 0.123912 -1.229638
v 2.497047 0.123912 -1.235461
v 2.466458 0.123912 -1.252184
v 2.442348 0.123912 -1.277946
v 2.428944 0.123912 -1.313125
v 2.627019 0.177120 -1.292733
v 2.609011 0.165385 -1.271388
v 2.622196 0.171944 -1.282684
v 2.566168 0.170207 -1.243072
v 2.534529 0.170157 -1.237587
v 2.502803 0.170157 -1.243186
v 2.474238 0.170157 -1.259256
v 2.452433 0.170157 -1.283930
v 2.440582 0.170157 -1.315786
v 2.954300 0.375097 -1.265125
v 2.978602 0.440969 -1.296574
v 2.936167 0.441116 -1.234265
v 2.827779 0.441116 -1.176378
v 2.706195 0.440969 -1.137927
v 2.890871 0.434769 -1.199977
v 2.882131 0.372688 -1.213955
v 2.772109 0.372049 -1.173905
v 2.643380 0.372032 -1.145196
v 2.713390 0.368482 -1.169800
v 2.833431 0.368409 -1.200984
v 2.919426 0.368681 -1.240207
v 2.775654 0.434593 -1.153970
v 2.986491 0.434764 -1.333453
v 2.645802 0.434593 -1.123664
v 2.966522 0.434735 -1.260013
v 2.845848 0.002800 -1.308473
v 2.788894 0.002800 -1.228934
v 2.848546 0.030544 -1.308529
v 2.610566 0.002800 -1.215628
v 2.790581 0.028671 -1.229768
v 2.629223 0.044036 -1.278243
v 2.952760 0.358467 -1.273648
v 2.899171 0.219508 -1.313402
v 2.967885 0.358026 -1.333453
v 2.852661 0.048321 -1.333453
v 2.843758 0.047743 -1.292621
v 2.856645 0.091513 -1.312310
v 2.847591 0.071250 -1.294714
v 2.856296 0.074743 -1.333453
v 2.637912 0.176066 -1.292112
v 2.867050 0.229872 -1.295237
v 2.862697 0.124573 -1.313204
v 2.886067 0.187803 -1.333453
v 2.880637 0.195156 -1.301618
v 2.876683 0.170671 -1.314688
v 2.680555 0.188755 -1.279984
v 2.871057 0.148476 -1.333453
v 2.861160 0.108759 -1.333453
v 2.631126 0.135631 -1.268860
v 2.666944 0.176029 -1.269798
v 2.671708 0.147431 -1.269235
v 2.695541 0.190999 -1.269157
v 2.709136 0.166551 -1.269137
v 2.718395 0.211399 -1.269132
v 2.736166 0.188953 -1.269132
v 2.740182 0.233769 -1.269132
v 2.753968 0.208938 -1.269132
v 2.767538 0.252182 -1.269132
v 2.773638 0.222400 -1.269132
v 2.802732 0.255276 -1.269132
v 2.796151 0.223601 -1.269132
v 2.839763 0.235406 -1.269131
v 2.817277 0.210893 -1.269130
v 2.861021 0.197179 -1.269065
v 2.828466 0.185404 -1.269060
v 2.856877 0.147952 -1.267520
v 2.826198 0.152557 -1.267947
v 2.833741 0.099832 -1.262704
v 2.810840 0.119415 -1.264621
v 2.808954 0.067841 -1.258180
v 2.783169 0.086722 -1.261285
v 2.794016 0.050745 -1.256284
v 2.739144 0.061169 -1.258103
v 2.788313 0.037679 -1.255886
v 2.631265 0.166534 -1.271653
v 2.813892 0.030880 -1.264373
v 2.709449 0.041757 -1.256063
v 2.666537 0.184878 -1.291083
v 2.806561 0.032773 -1.266161
v 2.853150 0.119497 -1.276573
v 2.650790 0.177455 -1.281348
v 2.750522 0.250097 -1.279745
v 2.860304 0.222258 -1.279791
v 2.869344 0.174701 -1.279909
v 2.808737 0.055189 -1.267102
v 2.824879 0.076368 -1.269996
v 2.825024 0.254761 -1.279755
v 2.692092 0.198620 -1.290354
v 2.804688 0.265000 -1.290331
v 2.851831 0.100203 -1.296642
v 2.725565 0.227890 -1.279746
v 2.871186 0.202451 -1.291302
v 2.846766 0.242957 -1.290547
v 2.765531 0.261354 -1.290320
v 2.736082 0.241398 -1.290325
v 2.713514 0.218351 -1.290327
v 2.703991 0.205837 -1.279746
v 2.805609 0.042436 -1.266342
v 2.809019 0.048081 -1.277181
v 2.816642 0.062861 -1.278735
v 2.839922 0.092642 -1.283969
v 2.866291 0.147159 -1.295195
v 2.682412 0.035510 -1.276615
v 2.784204 0.263687 -1.279745
v 2.809118 0.036765 -1.276713
v 2.673842 0.138768 -1.290161
v 2.713515 0.159086 -1.290244
v 2.741824 0.182185 -1.290260
v 2.758535 0.201499 -1.290254
v 2.775652 0.213404 -1.290230
v 2.794086 0.214116 -1.290235
v 2.810428 0.203691 -1.290283
v 2.818706 0.182141 -1.290282
v 2.816927 0.154071 -1.289338
v 2.803702 0.125151 -1.286425
v 2.775622 0.092682 -1.283420
v 2.724157 0.065101 -1.279925
v 2.637246 0.126270 -1.288090
v 2.688211 0.043675 -1.277017
v 2.852043 0.058057 -1.310613
v 2.851042 0.036313 -1.333453
v 2.842286 0.036193 -1.290973
v 2.849850 0.041860 -1.309794
v 2.831036 0.041750 -1.284473
v 2.814395 0.054515 -1.282657
v 2.828316 0.073122 -1.285187
v 2.811919 0.042092 -1.281872
v 2.790007 0.030927 -1.254080
v 2.811850 0.032714 -1.276706
v 2.839608 0.078503 -1.288197
v 2.649672 0.035561 -1.276886
v 2.833472 0.055710 -1.285728
v 2.642917 0.031145 -1.250311
v 2.613698 0.029027 -1.216765
v 2.818745 0.036524 -1.282097
v 2.819590 0.047797 -1.283231
v 2.826036 0.063402 -1.284884
v 2.829015 0.028866 -1.262287
v 2.682917 0.030645 -1.237095
v 2.674176 0.030398 -1.221505
v 2.629151 0.031145 -1.228812
v 2.703391 0.031092 -1.253514
v 2.679729 0.127780 -1.294164
v 2.721543 0.149222 -1.294578
v 2.750581 0.173634 -1.294885
v 2.766645 0.193263 -1.295084
v 2.780078 0.204547 -1.295039
v 2.794101 0.205921 -1.295072
v 2.803408 0.199900 -1.295228
v 2.809212 0.182449 -1.295477
v 2.806769 0.158789 -1.294834
v 2.793969 0.132435 -1.292314
v 2.766886 0.102093 -1.289671
v 2.714713 0.075273 -1.286456
v 2.800896 0.207353 -1.294680
v 2.785424 0.211771 -1.294589
v 2.812897 0.193099 -1.294844
v 2.814967 0.168638 -1.294698
v 2.696237 0.144529 -1.294542
v 2.655844 0.127694 -1.293845
v 2.808795 0.141518 -1.292918
v 2.732521 0.167858 -1.294614
v 2.788381 0.112071 -1.289627
v 2.753626 0.189781 -1.294674
v 2.750755 0.080526 -1.286942
v 2.768677 0.205483 -1.294632
v 2.694721 0.056977 -1.283075
v 2.671987 0.045771 -1.282511
v 2.800123 0.176589 -1.295288
v 2.800819 0.193289 -1.295244
v 2.792388 0.154276 -1.294086
v 2.772290 0.127566 -1.291689
v 2.735154 0.098624 -1.289715
v 2.675622 0.078354 -1.286813
v 2.780819 0.192682 -1.295059
v 2.791153 0.200089 -1.295036
v 2.769043 0.175532 -1.294708
v 2.748078 0.151785 -1.293832
v 2.710955 0.126181 -1.293080
v 2.663511 0.107809 -1.291595
v 2.696846 0.101649 -1.290335
v 2.744126 0.125601 -1.292120
v 2.772153 0.152877 -1.293586
v 2.786420 0.175523 -1.294923
v 2.793276 0.190901 -1.295208
v 2.577286 0.101196 -1.238816
v 2.576067 0.067103 -1.234323
v 2.545595 0.101646 -1.227541
v 2.625049 0.119138 -1.286342
v 2.640228 0.114089 -1.291557
v 2.602847 0.067001 -1.256775
v 2.511084 0.101646 -1.227559
v 2.477647 0.101646 -1.239217
v 2.448897 0.101646 -1.261110
v 2.428935 0.101646 -1.292152
v 2.421796 0.101646 -1.333453
v 2.625793 0.097495 -1.284322
v 2.590637 0.081681 -1.246044
v 2.560997 0.082169 -1.229088
v 2.526595 0.082189 -1.223110
v 2.491260 0.082189 -1.229129
v 2.458839 0.082189 -1.246434
v 2.433397 0.082189 -1.273161
v 2.419130 0.082189 -1.311024
v 2.645575 0.086561 -1.287754
v 2.543024 0.067123 -1.222370
v 2.507037 0.067123 -1.222379
v 2.471934 0.067123 -1.234364
v 2.441948 0.067123 -1.256879
v 2.421292 0.067123 -1.289168
v 2.413748 0.067123 -1.333453
v 2.627729 0.068565 -1.281215
v 2.412845 0.054673 -1.309721
v 2.427560 0.054673 -1.270173
v 2.453716 0.054673 -1.242813
v 2.487341 0.054673 -1.225124
v 2.523993 0.054673 -1.218977
v 2.559403 0.054673 -1.225112
v 2.590060 0.054673 -1.242790
v 2.650480 0.058335 -1.284024
v 2.607590 0.128352 -1.266269
v 2.662907 0.198116 -1.296130
v 2.686100 0.212627 -1.294706
v 2.806739 0.286591 -1.290451
v 2.761145 0.282796 -1.290834
v 2.729907 0.260403 -1.292088
v 2.706603 0.233631 -1.293654
v 2.747606 0.257265 -1.294352
v 2.783494 0.271697 -1.294258
v 2.678603 0.195134 -1.295066
v 2.700702 0.211695 -1.294722
v 2.721933 0.233895 -1.294572
v 2.828367 0.262380 -1.294442
v 2.651816 0.184141 -1.296347
v 2.887792 0.236142 -1.292531
v 2.857553 0.267179 -1.291007
v 2.615957 0.182260 -1.283176
v 2.638311 0.188672 -1.297476
v 2.592829 0.171473 -1.257586
v 2.602304 0.098701 -1.259457
v 2.645743 0.247679 -1.289331
v 2.927885 0.364364 -1.255350
v 2.707456 0.362243 -1.238080
v 2.875304 0.362574 -1.252802
v 2.729976 0.349921 -1.269057
v 2.633537 0.233637 -1.292584
v 2.701343 0.338676 -1.261949
v 2.644220 0.228022 -1.297888
v 2.661352 0.244871 -1.293394
v 2.681069 0.271503 -1.287370
v 2.702615 0.307928 -1.279603
v 2.651033 0.239786 -1.295707
v 2.669200 0.261938 -1.290115
v 2.712446 0.335838 -1.271985
v 2.636015 0.227222 -1.299123
v 2.628332 0.220296 -1.296982
v 2.689475 0.293706 -1.282781
v 2.741138 0.364988 -1.235176
v 2.685435 0.366748 -1.182869
v 2.797637 0.363347 -1.253416
v 2.847080 0.359853 -1.261001
v 2.789801 0.366583 -1.199742
v 2.769622 0.360044 -1.264488
v 2.692967 0.365005 -1.209834
v 2.889919 0.364246 -1.242728
v 2.825307 0.363900 -1.237540
v 2.848471 0.364997 -1.225983
v 2.757846 0.365722 -1.212397
v 2.631039 0.366636 -1.162253
v 2.829378 0.002800 -1.262349
v 2.772040 0.030645 -1.236186
v 2.758991 0.030398 -1.225000
v 2.808970 0.030398 -1.246377
v 2.967937 0.367946 -1.298235
v 2.974293 0.375749 -1.333453
v 2.882833 0.443526 -1.272443
v 2.769892 0.443598 -1.333453
v 2.710552 0.443598 -1.180191
v 2.652550 0.443269 -1.131242
v 2.753762 0.443269 -1.161119
v 2.759407 0.443598 -1.239480
v 2.833412 0.443471 -1.200007
v 2.793371 0.443598 -1.275973
v 2.690358 0.443598 -1.151332
v 2.769143 0.443598 -1.192199
v 2.852345 0.452387 -1.273183
v 2.836392 0.452386 -1.213915
v 2.817833 0.452387 -1.274185
v 2.862097 0.444696 -1.333453
v 2.860950 0.444625 -1.224231
v 2.818414 0.444696 -1.228210
v 2.808970 0.444696 -1.333453
v 2.846975 0.496331 -1.274362
v 2.833977 0.496331 -1.215270
v 2.820978 0.496331 -1.274362
v 2.955650 0.451263 -1.301771
v 2.937953 0.451263 -1.265612
v 2.918644 0.451263 -1.297294
v 2.969743 0.444227 -1.333453
v 2.957432 0.444227 -1.269764
v 2.915844 0.444429 -1.251931
v 2.899338 0.444556 -1.333453
v 2.949760 0.489587 -1.303097
v 2.937772 0.489587 -1.272740
v 2.925784 0.489587 -1.303097
v 2.504753 -0.000000 -1.223413
v 2.558402 -0.000000 -1.221392
v 2.470236 -0.000000 -1.234919
v 2.441127 -0.000000 -1.256459
v 2.421378 -0.000000 -1.287599
v 2.417266 0.000000 -1.333453
v 2.829626 -0.000000 -1.285549
v 2.833311 -0.000000 -1.333453
v 2.752669 -0.000000 -1.225379
v 2.804043 -0.000000 -1.247406
v 2.668143 -0.000000 -1.221392
v 2.395930 0.303351 -1.238119
v 2.337433 0.341047 -1.275874
v 2.324248 0.341047 -1.333453
v 2.669670 0.339860 -1.224243
v 2.618087 0.339950 -1.186500
v 2.555450 0.340161 -1.165981
v 2.488175 0.340871 -1.168029
v 2.425528 0.341047 -1.188584
v 2.406532 0.322226 -1.212239
v 2.460932 0.322218 -1.184616
v 2.522552 0.322042 -1.174366
v 2.584260 0.321866 -1.183558
v 2.638934 0.321851 -1.211432
v 2.341763 0.322226 -1.305613
v 2.364951 0.322226 -1.253977
v 2.510702 0.254066 -1.220589
v 2.593426 0.254244 -1.234115
v 2.416713 0.254045 -1.294114
v 2.457098 0.273610 -1.221171
v 2.552475 0.273708 -1.205774
v 2.384271 0.273649 -1.333453
v 2.638208 0.273262 -1.250232
v 2.419179 0.273608 -1.250053
v 2.415648 0.263158 -1.272347
v 2.615598 0.263308 -1.239977
v 2.529895 0.263257 -1.211530
v 2.445491 0.263140 -1.239980
v 2.399220 0.263205 -1.312199
v 2.574925 0.263345 -1.218835
v 2.484980 0.263174 -1.218876
v 2.470967 0.253999 -1.234164
v 2.553066 0.254159 -1.220566
v 2.409007 0.254098 -1.333453
v 2.627061 0.253257 -1.260010
v 2.438467 0.254000 -1.259665
v 2.517703 0.237335 -1.234595
v 2.588647 0.237411 -1.246483
v 2.438010 0.237340 -1.299061
v 2.495284 0.245485 -1.232521
v 2.572633 0.245621 -1.232490
v 2.422292 0.245547 -1.314739
v 2.461425 0.245459 -1.251120
v 2.533821 0.245551 -1.226048
v 2.607936 0.245564 -1.251115
v 2.436050 0.245486 -1.279640
v 2.632761 0.242769 -1.279512
v 2.644966 0.260576 -1.272492
v 2.679587 0.321517 -1.251711
v 2.718911 0.368285 -1.295367
v 2.694308 0.368285 -1.234943
v 2.652711 0.368285 -1.196457
v 2.596824 0.368285 -1.171716
v 2.533266 0.368285 -1.163123
v 2.469512 0.368285 -1.171716
v 2.411511 0.368285 -1.196457
v 2.365362 0.368285 -1.234943
v 2.336803 0.368285 -1.295367
v 2.386672 0.428646 -1.213840
v 2.565291 0.428646 -1.164999
v 2.708216 0.428646 -1.261405
v 2.348842 0.428646 -1.261405
v 2.500865 0.428646 -1.165028
v 2.675116 0.428646 -1.213840
v 2.332660 0.428646 -1.333453
v 2.712678 0.443013 -1.260474
v 2.678226 0.443013 -1.208099
v 2.626482 0.443013 -1.171564
v 2.563007 0.443013 -1.151533
v 2.495421 0.443013 -1.152252
v 2.431139 0.443013 -1.171804
v 2.375799 0.443013 -1.208099
v 2.336482 0.443013 -1.260474
v 2.320332 0.443013 -1.333453
v 2.722117 0.428646 -1.333453
v 2.439546 0.428646 -1.181986
v 2.625794 0.428646 -1.181977
v 2.680572 0.367540 -1.213528
v 2.436382 0.367540 -1.180632
v 2.729340 0.367540 -1.333453
v 2.499798 0.365432 -1.163575
v 2.680945 0.365432 -1.214248
v 2.324877 0.365432 -1.333453
v 2.436050 0.365432 -1.181174
v 2.629671 0.365432 -1.181174
v 2.381078 0.365432 -1.214248
v 2.555962 0.306283 -1.198772
v 2.665090 0.306283 -1.277704
v 2.390690 0.306283 -1.277704
v 2.675730 0.306283 -1.333453
v 2.629445 0.367540 -1.180632
v 2.381569 0.367540 -1.213528
v 2.566730 0.367540 -1.163129
v 2.714894 0.367540 -1.262049
v 2.342339 0.367540 -1.262049
v 2.499946 0.367540 -1.163129
v 2.325529 0.367540 -1.333453
v 2.502306 0.349285 -1.176208
v 2.665987 0.349285 -1.224105
v 2.344252 0.349285 -1.333453
v 2.444705 0.349285 -1.192842
v 2.619657 0.349285 -1.192842
v 2.395034 0.349285 -1.224105
v 2.566774 0.365432 -1.163575
v 2.715367 0.365432 -1.262804
v 2.341735 0.365432 -1.262803
v 2.729854 0.365432 -1.333453
v 2.692647 0.195160 -1.325844
v 2.693084 0.191612 -1.314056
v 2.693823 0.185614 -1.306875
v 2.694815 0.177556 -1.302274
v 2.695943 0.168391 -1.300675
v 2.697075 0.159198 -1.302274
v 2.698105 0.150835 -1.306875
v 2.698925 0.144180 -1.314056
v 2.699431 0.140062 -1.325844
v 2.573556 0.209456 -1.266100
v 2.627078 0.209608 -1.308033
v 2.492499 0.208831 -1.308033
v 2.632296 0.209612 -1.333453
v 2.523078 0.254385 -1.233422
v 2.619715 0.254385 -1.263141
v 2.429762 0.254385 -1.333453
v 2.489070 0.254385 -1.243743
v 2.592362 0.254385 -1.243743
v 2.459744 0.254385 -1.263141
v 2.628238 0.186326 -1.313170
v 2.637149 0.182048 -1.333453
v 2.518407 0.167151 -1.313170
v 2.567315 0.135335 -1.302905
v 2.564871 0.171260 -1.276720
v 2.604496 0.164905 -1.286830
v 2.618120 0.185998 -1.296009
v 2.513452 0.166990 -1.333453
v 2.546132 0.168050 -1.283419
v 2.603048 0.185509 -1.283419
v 2.634248 0.180757 -1.317098
v 2.632497 0.186464 -1.333453
v 2.559438 0.131827 -1.317098
v 2.529972 0.167526 -1.296009
v 2.591086 0.148524 -1.286830
v 2.584559 0.182307 -1.276720
v 2.627356 0.177687 -1.302905
v 2.556062 0.130324 -1.333453
v 2.578322 0.140237 -1.292413
v 2.617090 0.173115 -1.292413
v 2.549068 0.150789 -1.291939
v 2.614643 0.181598 -1.291939
v 2.564837 0.153427 -1.282706
v 2.528758 0.147976 -1.323844
v 2.625951 0.183164 -1.306100
v 2.582170 0.166237 -1.279500
v 2.536522 0.149051 -1.306100
v 2.632640 0.184091 -1.323844
v 2.599449 0.179040 -1.282706
v 2.558808 0.254385 -1.233422
v 2.638079 0.254385 -1.291685
v 2.438755 0.254385 -1.291685
v 2.645808 0.254385 -1.333453
v 2.549432 0.208986 -1.266100
v 2.614679 0.209599 -1.288042
v 2.486427 0.208827 -1.333453
v 2.526470 0.208856 -1.273720
v 2.596211 0.209586 -1.273720
v 2.506670 0.208841 -1.288042
v 2.475902 0.231383 -1.288644
v 2.634313 0.231383 -1.316729
v 2.579611 0.231383 -1.256257
v 2.496579 0.231383 -1.268979
v 2.604651 0.231383 -1.268979
v 2.522567 0.231383 -1.256257
v 2.463105 0.231383 -1.316729
v 2.623289 0.231383 -1.288644
v 2.551133 0.231383 -1.251839
v 2.562824 0.349285 -1.176208
v 2.697089 0.349285 -1.269447
v 2.359484 0.349285 -1.269447
v 2.710180 0.349285 -1.333453
v 2.506773 0.306283 -1.198772
v 2.639811 0.306283 -1.239133
v 2.378309 0.306283 -1.333453
v 2.459956 0.306283 -1.212789
v 2.602154 0.306283 -1.212789
v 2.419585 0.306283 -1.239133
v 2.828331 0.032293 -1.389624
v 2.620378 0.222912 -1.379128
v 2.598526 0.222740 -1.401746
v 2.569868 0.222740 -1.417180
v 2.522365 0.002800 -1.451017
v 2.538771 0.222740 -1.422540
v 2.482432 0.002800 -1.444520
v 2.508225 0.222740 -1.417165
v 2.447925 0.002800 -1.426568
v 2.481383 0.222740 -1.401704
v 2.421293 0.002800 -1.398841
v 2.461459 0.222740 -1.378019
v 2.406277 0.002800 -1.358141
v 2.450830 0.222740 -1.348939
v 2.661045 0.286004 -1.403548
v 2.625353 0.286741 -1.439489
v 2.578315 0.286749 -1.463495
v 2.525868 0.286730 -1.471807
v 2.473488 0.286712 -1.463422
v 2.427320 0.286705 -1.439395
v 2.392217 0.286707 -1.402712
v 2.372704 0.286716 -1.357573
v 2.503294 0.273652 -1.461114
v 2.599076 0.273761 -1.445778
v 2.393485 0.273625 -1.377892
v 2.695806 0.353031 -1.426249
v 2.650756 0.353908 -1.469618
v 2.590100 0.354313 -1.502316
v 2.521187 0.355171 -1.511514
v 2.452288 0.355882 -1.498382
v 2.391416 0.355912 -1.467789
v 2.344026 0.355912 -1.421224
v 2.317200 0.355912 -1.363996
v 2.373224 0.341047 -1.441035
v 2.365529 0.303352 -1.384518
v 2.681770 0.301446 -1.393156
v 2.653065 0.303247 -1.429084
v 2.607512 0.303312 -1.462140
v 2.552898 0.303317 -1.479764
v 2.495073 0.303345 -1.479583
v 2.440756 0.303351 -1.461819
v 2.318160 0.371970 -1.401088
v 2.744862 0.443598 -1.375585
v 2.717733 0.443598 -1.448526
v 2.664740 0.443598 -1.502449
v 2.601361 0.443403 -1.539754
v 2.519715 0.441048 -1.552728
v 2.444443 0.440969 -1.537174
v 2.376834 0.440969 -1.499876
v 2.323328 0.440969 -1.442845
v 2.292741 0.440969 -1.371771
v 2.598276 0.368468 -1.522839
v 2.736153 0.362513 -1.410179
v 2.644536 0.443598 -1.527318
v 2.603692 0.441048 -1.549724
v 2.555815 0.371954 -1.534592
v 2.482836 0.371962 -1.529125
v 2.415624 0.371970 -1.504711
v 2.358251 0.371970 -1.460566
v 2.337305 0.367797 -1.428659
v 2.386582 0.367797 -1.479317
v 2.449291 0.367789 -1.512501
v 2.519677 0.367607 -1.526782
v 2.594426 0.365818 -1.514729
v 2.655844 0.364145 -1.479273
v 2.878097 0.366313 -1.440404
v 2.309381 0.367797 -1.366518
v 2.609894 0.218973 -1.390657
v 2.584259 0.218884 -1.410370
v 2.554236 0.218866 -1.420867
v 2.523295 0.218867 -1.420856
v 2.494380 0.218867 -1.410328
v 2.470789 0.218867 -1.390552
v 2.455369 0.218867 -1.363884
v 2.662248 0.269648 -1.384273
v 2.483850 0.237306 -1.420403
v 2.553861 0.237375 -1.432322
v 2.617796 0.236878 -1.398178
v 2.456223 0.237309 -1.398028
v 2.453830 0.230526 -1.380751
v 2.601507 0.230537 -1.405955
v 2.537333 0.230537 -1.428005
v 2.475378 0.230520 -1.405894
v 2.623661 0.230062 -1.382864
v 2.442320 0.230539 -1.349885
v 2.570788 0.230549 -1.422311
v 2.504356 0.230525 -1.422302
v 2.557343 0.434672 -1.555786
v 2.479921 0.434593 -1.549839
v 2.407746 0.434593 -1.522974
v 2.345844 0.434593 -1.474196
v 2.302467 0.434593 -1.408430
v 2.909518 0.359123 -1.406441
v 2.603964 0.043160 -1.413046
v 2.577196 0.043160 -1.435920
v 2.542856 0.042893 -1.448196
v 2.504195 0.042913 -1.448120
v 2.467924 0.042913 -1.435906
v 2.437084 0.042913 -1.412955
v 2.415968 0.042913 -1.379798
v 2.624195 0.035038 -1.400805
v 2.604493 0.034649 -1.427246
v 2.577878 0.034383 -1.444814
v 2.523514 0.032615 -1.451218
v 2.484281 0.032676 -1.444848
v 2.449730 0.032676 -1.426852
v 2.423011 0.032676 -1.398989
v 2.407947 0.032676 -1.358163
v 2.590681 0.122266 -1.416614
v 2.563376 0.123848 -1.431561
v 2.530475 0.123912 -1.437269
v 2.497047 0.123912 -1.431445
v 2.466458 0.123912 -1.414723
v 2.442348 0.123912 -1.388961
v 2.428944 0.123912 -1.353781
v 2.627019 0.177120 -1.374174
v 2.609011 0.165385 -1.395519
v 2.622196 0.171944 -1.384222
v 2.566168 0.170207 -1.423835
v 2.534529 0.170157 -1.429320
v 2.502803 0.170157 -1.423721
v 2.474238 0.170157 -1.407650
v 2.452433 0.170157 -1.382977
v 2.440582 0.170157 -1.351121
v 2.954300 0.375097 -1.401782
v 2.978602 0.440969 -1.370333
v 2.936167 0.441116 -1.432642
v 2.827779 0.441116 -1.490529
v 2.706195 0.440969 -1.528980
v 2.890871 0.434769 -1.466930
v 2.882131 0.372688 -1.452951
v 2.772109 0.372049 -1.493002
v 2.643380 0.372032 -1.521710
v 2.713390 0.368482 -1.497107
v 2.833431 0.368409 -1.465922
v 2.919426 0.368681 -1.426699
v 2.775654 0.434593 -1.512936
v 2.645802 0.434593 -1.543243
v 2.966522 0.434735 -1.406893
v 2.845848 0.002800 -1.358433
v 2.788894 0.002800 -1.437973
v 2.848546 0.030544 -1.358377
v 2.610566 0.002800 -1.451278
v 2.790581 0.028671 -1.437138
v 2.620509 0.124522 -1.389931
v 2.629223 0.044036 -1.388664
v 2.952760 0.358467 -1.393258
v 2.899171 0.219508 -1.353505
v 2.843758 0.047743 -1.374285
v 2.856645 0.091513 -1.354597
v 2.847591 0.071250 -1.372193
v 2.637912 0.176066 -1.374795
v 2.867050 0.229872 -1.371670
v 2.862697 0.124573 -1.353703
v 2.880637 0.195156 -1.365289
v 2.876683 0.170671 -1.352219
v 2.680555 0.188755 -1.386923
v 2.631126 0.135631 -1.398046
v 2.666944 0.176029 -1.397109
v 2.671708 0.147431 -1.397671
v 2.695541 0.190999 -1.397750
v 2.709136 0.166551 -1.397770
v 2.718395 0.211399 -1.397775
v 2.736166 0.188953 -1.397775
v 2.740182 0.233769 -1.397775
v 2.753968 0.208938 -1.397775
v 2.767538 0.252182 -1.397775
v 2.773638 0.222400 -1.397775
v 2.802732 0.255276 -1.397775
v 2.796151 0.223601 -1.397775
v 2.839763 0.235406 -1.397775
v 2.817277 0.210893 -1.397776
v 2.861021 0.197179 -1.397841
v 2.828466 0.185404 -1.397846
v 2.856877 0.147952 -1.399387
v 2.826198 0.152557 -1.398959
v 2.833741 0.099832 -1.404202
v 2.810840 0.119415 -1.402286
v 2.808954 0.067841 -1.408726
v 2.783169 0.086722 -1.405621
v 2.794016 0.050745 -1.410622
v 2.739144 0.061169 -1.408803
v 2.788313 0.037679 -1.411020
v 2.631265 0.166534 -1.395253
v 2.813892 0.030880 -1.402533
v 2.709449 0.041757 -1.410844
v 2.689305 0.034902 -1.400881
v 2.666537 0.184878 -1.375824
v 2.806561 0.032773 -1.400746
v 2.853150 0.119497 -1.390334
v 2.650790 0.177455 -1.385559
v 2.750522 0.250097 -1.387161
v 2.860304 0.222258 -1.387116
v 2.869344 0.174701 -1.386997
v 2.808737 0.055189 -1.399805
v 2.824879 0.076368 -1.396911
v 2.825024 0.254761 -1.387151
v 2.692092 0.198620 -1.376553
v 2.804688 0.265000 -1.376575
v 2.851831 0.100203 -1.370265
v 2.725565 0.227890 -1.387161
v 2.871186 0.202451 -1.375604
v 2.846766 0.242957 -1.376360
v 2.765531 0.261354 -1.376587
v 2.736082 0.241398 -1.376582
v 2.713514 0.218351 -1.376580
v 2.703991 0.205837 -1.387161
v 2.805609 0.042436 -1.400564
v 2.809019 0.048081 -1.389726
v 2.816642 0.062861 -1.388171
v 2.839922 0.092642 -1.382937
v 2.866291 0.147159 -1.371712
v 2.682412 0.035510 -1.390291
v 2.784204 0.263687 -1.387162
v 2.809118 0.036765 -1.390194
v 2.673842 0.138768 -1.376746
v 2.713515 0.159086 -1.376662
v 2.741824 0.182185 -1.376647
v 2.758535 0.201499 -1.376653
v 2.775652 0.213404 -1.376677
v 2.794086 0.214116 -1.376672
v 2.810428 0.203691 -1.376623
v 2.818706 0.182141 -1.376625
v 2.816927 0.154071 -1.377568
v 2.803702 0.125151 -1.380482
v 2.775622 0.092682 -1.383486
v 2.724157 0.065101 -1.386981
v 2.637246 0.126270 -1.378816
v 2.702570 0.053241 -1.399484
v 2.728386 0.172678 -1.387170
v 2.693215 0.150106 -1.387167
v 2.818456 0.195621 -1.387173
v 2.803751 0.212237 -1.387169
v 2.755522 0.075592 -1.395763
v 2.785080 0.217746 -1.387173
v 2.765473 0.210700 -1.387171
v 2.793196 0.107864 -1.392972
v 2.814530 0.138865 -1.389491
v 2.749195 0.194237 -1.387169
v 2.821117 0.168299 -1.387521
v 2.652802 0.133886 -1.387564
v 2.688211 0.043675 -1.389890
v 2.852043 0.058057 -1.356294
v 2.842286 0.036193 -1.375934
v 2.849850 0.041860 -1.357113
v 2.831036 0.041750 -1.382434
v 2.814395 0.054515 -1.384249
v 2.828316 0.073122 -1.381719
v 2.811919 0.042092 -1.385035
v 2.790007 0.030927 -1.412826
v 2.811850 0.032714 -1.390200
v 2.839608 0.078503 -1.378709
v 2.649672 0.035561 -1.390021
v 2.833472 0.055710 -1.381178
v 2.642917 0.031145 -1.416596
v 2.613698 0.029027 -1.450142
v 2.818745 0.036524 -1.384810
v 2.819590 0.047797 -1.383676
v 2.826036 0.063402 -1.382023
v 2.829015 0.028866 -1.404619
v 2.682917 0.030645 -1.429811
v 2.674176 0.030398 -1.445402
v 2.671673 0.031241 -1.402497
v 2.629151 0.031145 -1.438094
v 2.703391 0.031092 -1.413392
v 2.679729 0.127780 -1.372743
v 2.721543 0.149222 -1.372329
v 2.750581 0.173634 -1.372022
v 2.766645 0.193263 -1.371823
v 2.780078 0.204547 -1.371868
v 2.794101 0.205921 -1.371835
v 2.803408 0.199900 -1.371678
v 2.809211 0.182449 -1.371430
v 2.806769 0.158789 -1.372073
v 2.793969 0.132435 -1.374593
v 2.766886 0.102093 -1.377236
v 2.714713 0.075273 -1.380450
v 2.800896 0.207353 -1.372227
v 2.785424 0.211771 -1.372317
v 2.812897 0.193099 -1.372063
v 2.814967 0.168638 -1.372209
v 2.696237 0.144529 -1.372365
v 2.655844 0.127694 -1.373062
v 2.808795 0.141518 -1.373988
v 2.732521 0.167858 -1.372292
v 2.788381 0.112071 -1.377280
v 2.753626 0.189781 -1.372233
v 2.750755 0.080526 -1.379965
v 2.768677 0.205483 -1.372275
v 2.694721 0.056977 -1.383832
v 2.671987 0.045771 -1.384396
v 2.800123 0.176589 -1.371618
v 2.800819 0.193289 -1.371662
v 2.792388 0.154276 -1.372821
v 2.772290 0.127566 -1.375218
v 2.735154 0.098624 -1.377192
v 2.675622 0.078354 -1.380093
v 2.780819 0.192682 -1.371848
v 2.791153 0.200089 -1.371870
v 2.769043 0.175532 -1.372199
v 2.748078 0.151785 -1.373075
v 2.710955 0.126181 -1.373827
v 2.663511 0.107809 -1.375312
v 2.696846 0.101649 -1.376572
v 2.744126 0.125601 -1.374786
v 2.772153 0.152877 -1.373321
v 2.786420 0.175523 -1.371984
v 2.793276 0.190901 -1.371699
v 2.577286 0.101196 -1.428090
v 2.576067 0.067103 -1.432584
v 2.545595 0.101646 -1.439366
v 2.625049 0.119138 -1.380564
v 2.640228 0.114089 -1.375350
v 2.602847 0.067001 -1.410131
v 2.511084 0.101646 -1.439348
v 2.477647 0.101646 -1.427689
v 2.448897 0.101646 -1.405797
v 2.428935 0.101646 -1.374755
v 2.625793 0.097495 -1.382585
v 2.613662 0.080992 -1.395164
v 2.590637 0.081681 -1.420863
v 2.560997 0.082169 -1.437819
v 2.526595 0.082189 -1.443797
v 2.491260 0.082189 -1.437778
v 2.458839 0.082189 -1.420473
v 2.433397 0.082189 -1.393746
v 2.419130 0.082189 -1.355882
v 2.645575 0.086561 -1.379153
v 2.543024 0.067123 -1.444537
v 2.507037 0.067123 -1.444527
v 2.471934 0.067123 -1.432543
v 2.441948 0.067123 -1.410028
v 2.421292 0.067123 -1.377739
v 2.627729 0.068565 -1.385692
v 2.412845 0.054673 -1.357186
v 2.427560 0.054673 -1.396734
v 2.453716 0.054673 -1.424094
v 2.487341 0.054673 -1.441782
v 2.523993 0.054673 -1.447930
v 2.559403 0.054673 -1.441794
v 2.590060 0.054673 -1.424116
v 2.613798 0.054817 -1.397793
v 2.650480 0.058335 -1.382883
v 2.607590 0.128352 -1.400638
v 2.662907 0.198116 -1.370777
v 2.686100 0.212627 -1.372200
v 2.806739 0.286591 -1.376455
v 2.761145 0.282796 -1.376073
v 2.729907 0.260403 -1.374819
v 2.706603 0.233631 -1.373253
v 2.747606 0.257265 -1.372555
v 2.783494 0.271697 -1.372649
v 2.678603 0.195134 -1.371841
v 2.700702 0.211695 -1.372185
v 2.721933 0.233895 -1.372334
v 2.828367 0.262380 -1.372465
v 2.651816 0.184141 -1.370560
v 2.887792 0.236142 -1.374376
v 2.857553 0.267179 -1.375900
v 2.615957 0.182260 -1.383731
v 2.638311 0.188672 -1.369430
v 2.592829 0.171473 -1.409321
v 2.602304 0.098701 -1.407449
v 2.612997 0.111438 -1.392604
v 2.645743 0.247679 -1.377576
v 2.927885 0.364364 -1.411557
v 2.707456 0.362243 -1.428827
v 2.875304 0.362574 -1.414105
v 2.729976 0.349921 -1.397850
v 2.633537 0.233637 -1.374323
v 2.701343 0.338676 -1.404957
v 2.644220 0.228022 -1.369018
v 2.661352 0.244871 -1.373512
v 2.681069 0.271503 -1.379537
v 2.702615 0.307928 -1.387304
v 2.651033 0.239786 -1.371200
v 2.669200 0.261938 -1.376791
v 2.712446 0.335838 -1.394922
v 2.636015 0.227222 -1.367784
v 2.628332 0.220296 -1.369925
v 2.689475 0.293706 -1.384125
v 2.741138 0.364988 -1.431731
v 2.685435 0.366748 -1.484037
v 2.797637 0.363347 -1.413491
v 2.847080 0.359853 -1.405905
v 2.789801 0.366583 -1.467164
v 2.769622 0.360044 -1.402418
v 2.692967 0.365005 -1.457072
v 2.889919 0.364246 -1.424178
v 2.825307 0.363900 -1.429366
v 2.848471 0.364997 -1.440923
v 2.757845 0.365722 -1.454509
v 2.631039 0.366636 -1.504654
v 2.829378 0.002800 -1.404558
v 2.772040 0.030645 -1.430721
v 2.758991 0.030398 -1.441907
v 2.808970 0.030398 -1.420530
v 2.967937 0.367947 -1.368672
v 2.882833 0.443526 -1.394463
v 2.710552 0.443598 -1.486715
v 2.652550 0.443269 -1.535664
v 2.753762 0.443269 -1.505788
v 2.759407 0.443598 -1.427427
v 2.833412 0.443471 -1.466900
v 2.793371 0.443598 -1.390934
v 2.690358 0.443598 -1.515575
v 2.769143 0.443598 -1.474708
v 2.852345 0.452386 -1.393724
v 2.836392 0.452386 -1.452992
v 2.817833 0.452387 -1.392722
v 2.860950 0.444625 -1.442676
v 2.818414 0.444696 -1.438697
v 2.846975 0.496331 -1.392545
v 2.833977 0.496331 -1.451637
v 2.820978 0.496331 -1.392545
v 2.955650 0.451262 -1.365136
v 2.937953 0.451262 -1.401295
v 2.918644 0.451263 -1.369612
v 2.957432 0.444227 -1.397143
v 2.915844 0.444429 -1.414975
v 2.949760 0.489587 -1.363810
v 2.937772 0.489587 -1.394166
v 2.925784 0.489587 -1.363810
v 2.504753 -0.000000 -1.443494
v 2.558402 -0.000000 -1.445515
v 2.470236 -0.000000 -1.431988
v 2.441127 -0.000000 -1.410447
v 2.421378 -0.000000 -1.379308
v 2.829626 -0.000000 -1.381357
v 2.752669 -0.000000 -1.441527
v 2.804043 -0.000000 -1.419500
v 2.668143 -0.000000 -1.445515
v 2.395930 0.303351 -1.428788
v 2.337433 0.341047 -1.391033
v 2.669670 0.339860 -1.442664
v 2.618087 0.339950 -1.480406
v 2.555450 0.340161 -1.500926
v 2.488175 0.340871 -1.498877
v 2.425528 0.341047 -1.478323
v 2.406532 0.322226 -1.454667
v 2.460932 0.322218 -1.482290
v 2.522552 0.322042 -1.492540
v 2.584260 0.321866 -1.483349
v 2.638934 0.321851 -1.455475
v 2.341763 0.322226 -1.361294
v 2.364951 0.322226 -1.412929
v 2.510702 0.254066 -1.446317
v 2.593426 0.254244 -1.432791
v 2.416713 0.254045 -1.372792
v 2.457098 0.273610 -1.445735
v 2.552475 0.273708 -1.461133
v 2.638208 0.273262 -1.416674
v 2.419179 0.273608 -1.416853
v 2.415648 0.263158 -1.394560
v 2.615598 0.263309 -1.426929
v 2.529895 0.263257 -1.455377
v 2.445491 0.263140 -1.426927
v 2.399220 0.263205 -1.354708
v 2.574925 0.263345 -1.448071
v 2.484980 0.263174 -1.448030
v 2.470967 0.253999 -1.432742
v 2.553066 0.254159 -1.446341
v 2.627061 0.253257 -1.406896
v 2.438467 0.254000 -1.407241
v 2.517703 0.237335 -1.432311
v 2.588647 0.237411 -1.420424
v 2.438010 0.237340 -1.367846
v 2.495284 0.245485 -1.434386
v 2.572633 0.245621 -1.434417
v 2.422292 0.245547 -1.352168
v 2.461425 0.245459 -1.415787
v 2.533821 0.245551 -1.440859
v 2.607936 0.245564 -1.415792
v 2.436050 0.245486 -1.387266
v 2.632761 0.242769 -1.387395
v 2.644966 0.260576 -1.394415
v 2.679587 0.321517 -1.415196
v 2.718911 0.368285 -1.371540
v 2.694308 0.368285 -1.431964
v 2.652711 0.368285 -1.470450
v 2.596824 0.368285 -1.495191
v 2.533266 0.368285 -1.503783
v 2.469512 0.368285 -1.495191
v 2.411511 0.368285 -1.470450
v 2.365362 0.368285 -1.431964
v 2.336803 0.368285 -1.371540
v 2.386672 0.428646 -1.453067
v 2.565291 0.428646 -1.501908
v 2.708216 0.428646 -1.405501
v 2.348842 0.428646 -1.405501
v 2.500865 0.428646 -1.501879
v 2.675116 0.428646 -1.453067
v 2.712678 0.443013 -1.406433
v 2.678226 0.443013 -1.458808
v 2.626482 0.443013 -1.495342
v 2.563007 0.443013 -1.515374
v 2.495421 0.443013 -1.514654
v 2.431139 0.443013 -1.495103
v 2.375799 0.443013 -1.458808
v 2.336482 0.443013 -1.406433
v 2.439546 0.428646 -1.484920
v 2.625794 0.428646 -1.484930
v 2.680572 0.367540 -1.453379
v 2.436382 0.367540 -1.486274
v 2.499798 0.365432 -1.503331
v 2.680945 0.365432 -1.452659
v 2.436050 0.365432 -1.485733
v 2.629671 0.365432 -1.485733
v 2.381078 0.365432 -1.452659
v 2.555962 0.306283 -1.468134
v 2.665090 0.306283 -1.389203
v 2.390690 0.306283 -1.389203
v 2.629445 0.367540 -1.486274
v 2.381569 0.367540 -1.453379
v 2.566730 0.367540 -1.503778
v 2.714894 0.367540 -1.404858
v 2.342339 0.367540 -1.404858
v 2.499946 0.367540 -1.503778
v 2.502306 0.349285 -1.490699
v 2.665987 0.349285 -1.442801
v 2.444705 0.349285 -1.474064
v 2.619657 0.349285 -1.474064
v 2.395034 0.349285 -1.442801
v 2.566774 0.365432 -1.503331
v 2.715367 0.365432 -1.404103
v 2.341735 0.365432 -1.404103
v 2.692647 0.195160 -1.341063
v 2.693084 0.191612 -1.352850
v 2.693823 0.185614 -1.360031
v 2.694815 0.177556 -1.364633
v 2.695943 0.168391 -1.366231
v 2.697075 0.159198 -1.364633
v 2.698105 0.150835 -1.360031
v 2.698925 0.144180 -1.352850
v 2.699431 0.140062 -1.341063
v 2.573556 0.209456 -1.400807
v 2.627078 0.209608 -1.358873
v 2.492499 0.208831 -1.358873
v 2.523078 0.254385 -1.433484
v 2.619715 0.254385 -1.403766
v 2.489070 0.254385 -1.423163
v 2.592362 0.254385 -1.423163
v 2.459744 0.254385 -1.403766
v 2.628238 0.186326 -1.353737
v 2.518407 0.167151 -1.353737
v 2.567315 0.135335 -1.364001
v 2.564871 0.171260 -1.390187
v 2.604496 0.164905 -1.380077
v 2.618120 0.185998 -1.370898
v 2.546132 0.168050 -1.383488
v 2.603048 0.185509 -1.383488
v 2.634248 0.180757 -1.349809
v 2.559438 0.131827 -1.349809
v 2.529972 0.167526 -1.370898
v 2.591086 0.148524 -1.380077
v 2.584559 0.182307 -1.390187
v 2.627356 0.177687 -1.364001
v 2.578322 0.140237 -1.374494
v 2.617090 0.173115 -1.374494
v 2.549068 0.150789 -1.374968
v 2.614643 0.181598 -1.374968
v 2.564837 0.153427 -1.384200
v 2.528758 0.147976 -1.343062
v 2.625951 0.183164 -1.360807
v 2.582170 0.166237 -1.387407
v 2.536522 0.149051 -1.360807
v 2.632640 0.184091 -1.343062
v 2.599449 0.179040 -1.384200
v 2.558808 0.254385 -1.433484
v 2.638079 0.254385 -1.375221
v 2.438755 0.254385 -1.375221
v 2.549432 0.208986 -1.400807
v 2.614679 0.209599 -1.378865
v 2.526470 0.208856 -1.393186
v 2.596211 0.209586 -1.393186
v 2.506670 0.208841 -1.378865
v 2.475902 0.231383 -1.378263
v 2.634313 0.231383 -1.350177
v 2.579611 0.231383 -1.410649
v 2.496579 0.231383 -1.397928
v 2.604651 0.231383 -1.397928
v 2.522567 0.231383 -1.410649
v 2.463105 0.231383 -1.350177
v 2.623289 0.231383 -1.378263
v 2.551133 0.231383 -1.415067
v 2.562824 0.349285 -1.490699
v 2.697089 0.349285 -1.397460
v 2.359484 0.349285 -1.397460
v 2.506773 0.306283 -1.468134
v 2.639811 0.306283 -1.427773
v 2.459956 0.306283 -1.454117
v 2.602154 0.306283 -1.454117
v 2.419585 0.306283 -1.427773
v 2.619811 0.219178 -1.288148
v 2.597911 0.218922 -1.265365
v 2.569552 0.218869 -1.250032
v 2.538700 0.218867 -1.244703
v 2.508380 0.218867 -1.250054
v 2.481722 0.218867 -1.265439
v 2.461922 0.218867 -1.289007
v 2.451336 0.218867 -1.317994
v 2.479464 0.273627 -1.211642
v 2.576372 0.273735 -1.211607
v 2.386621 0.273641 -1.310881
v 2.652554 0.272009 -1.268226
v 2.436851 0.273605 -1.234110
v 2.527881 0.273680 -1.203823
v 2.620026 0.273716 -1.234095
v 2.404527 0.273614 -1.268539
v 2.352870 0.341047 -1.249572
v 2.327659 0.341047 -1.304150
v 2.688704 0.339584 -1.245552
v 2.645712 0.339919 -1.203811
v 2.587782 0.339993 -1.173560
v 2.521807 0.340518 -1.164367
v 2.455863 0.341025 -1.176136
v 2.397720 0.341047 -1.205335
v 2.307252 0.371970 -1.299115
v 2.518628 0.371946 -1.132729
v 2.448367 0.371969 -1.147519
v 2.385285 0.371970 -1.181973
v 2.335508 0.371970 -1.234581
v 2.594931 0.372041 -1.136363
v 2.597400 0.434613 -1.115115
v 2.518180 0.434613 -1.111651
v 2.442943 0.434593 -1.127731
v 2.375044 0.434593 -1.165785
v 2.321252 0.434593 -1.223920
v 2.290624 0.434593 -1.295372
v 2.423609 0.101646 -1.311962
v 2.590612 0.100225 -1.247928
v 2.636829 0.031145 -1.238179
v 2.620879 0.030883 -1.221595
v 2.562105 0.101589 -1.231914
v 2.528426 0.101646 -1.226065
v 2.494011 0.101646 -1.231993
v 2.462442 0.101646 -1.249027
v 2.437537 0.101646 -1.275306
v 2.924000 0.373941 -1.237591
v 2.831416 0.372124 -1.192713
v 2.705963 0.372051 -1.157928
v 2.836987 0.434633 -1.174923
v 2.708350 0.434593 -1.136778
v 2.982339 0.434760 -1.295669
v 2.935358 0.434715 -1.228174
v 2.881349 0.359508 -1.260299
v 2.634633 0.173557 -1.282271
v 2.884319 0.188767 -1.315344
v 2.854236 0.073914 -1.311418
v 2.666475 0.182497 -1.280511
v 2.876163 0.210614 -1.296125
v 2.804212 0.262431 -1.279747
v 2.869393 0.147969 -1.313902
v 2.737225 0.239379 -1.279746
v 2.849121 0.036240 -1.309369
v 2.805707 0.036815 -1.266412
v 2.808813 0.031119 -1.265758
v 2.863810 0.146984 -1.278856
v 2.814749 0.063678 -1.268132
v 2.692862 0.196536 -1.279775
v 2.844854 0.240946 -1.279773
v 2.806180 0.048458 -1.266520
v 2.714693 0.216477 -1.279746
v 2.868402 0.200016 -1.279856
v 2.766180 0.258913 -1.279745
v 2.838833 0.095297 -1.273021
v 2.858912 0.107051 -1.312949
v 2.850680 0.048091 -1.310107
v 2.830420 0.036386 -1.283369
v 2.812268 0.047958 -1.282087
v 2.819658 0.062515 -1.283620
v 2.840174 0.086919 -1.288315
v 2.811936 0.036630 -1.281283
v 2.831722 0.047669 -1.284928
v 2.822105 0.030630 -1.262987
v 2.836702 0.066987 -1.286954
v 2.793446 0.210757 -1.294617
v 2.807730 0.201598 -1.294755
v 2.815089 0.181700 -1.294889
v 2.675572 0.135122 -1.294427
v 2.813256 0.155206 -1.294074
v 2.715904 0.155824 -1.294577
v 2.800366 0.127323 -1.291271
v 2.744673 0.179380 -1.294653
v 2.772879 0.095717 -1.288362
v 2.761191 0.198622 -1.294663
v 2.720989 0.068337 -1.284910
v 2.683916 0.044769 -1.281608
v 2.776929 0.209971 -1.294600
v 2.638763 0.122196 -1.291944
v 2.785822 0.197697 -1.295054
v 2.797413 0.200033 -1.295093
v 2.775535 0.185156 -1.294963
v 2.760275 0.164292 -1.294283
v 2.731556 0.138574 -1.293476
v 2.687289 0.115983 -1.292473
v 2.706462 0.087263 -1.288187
v 2.756718 0.112641 -1.290765
v 2.784062 0.141501 -1.292893
v 2.797393 0.166051 -1.294891
v 2.801493 0.185629 -1.295359
v 2.642613 0.101375 -1.289842
v 2.590434 0.067060 -1.244374
v 2.560130 0.067121 -1.226916
v 2.525170 0.067123 -1.220847
v 2.489115 0.067123 -1.226936
v 2.456034 0.067123 -1.244451
v 2.430201 0.067123 -1.271525
v 2.415689 0.067123 -1.310310
v 2.410175 0.042913 -1.309171
v 2.425079 0.042913 -1.268912
v 2.451540 0.042913 -1.241283
v 2.485676 0.042913 -1.223430
v 2.523188 0.042898 -1.217208
v 2.561086 0.043103 -1.223417
v 2.591562 0.043160 -1.241222
v 2.648510 0.072247 -1.285717
v 2.650439 0.045031 -1.282283
v 2.764122 0.266623 -1.294288
v 2.690152 0.202633 -1.294808
v 2.733807 0.245904 -1.294458
v 2.850188 0.248120 -1.294849
v 2.638729 0.180073 -1.296470
v 2.665516 0.189082 -1.295616
v 2.805405 0.270405 -1.294268
v 2.711099 0.222271 -1.294658
v 2.616800 0.174076 -1.282880
v 2.662900 0.365813 -1.183658
v 2.691270 0.288081 -1.283877
v 2.671019 0.257069 -1.290562
v 2.636303 0.223126 -1.299388
v 2.652468 0.235212 -1.295758
v 2.715878 0.330856 -1.274238
v 2.839022 0.366447 -1.212410
v 2.745674 0.358308 -1.266148
v 2.933677 0.358718 -1.262618
v 2.908087 0.365791 -1.241968
v 2.806483 0.360137 -1.262631
v 2.733368 0.366844 -1.189128
v 2.862617 0.363691 -1.240604
v 2.780575 0.364613 -1.235579
v 2.718265 0.364179 -1.236308
v 2.605198 0.367095 -1.150876
v 2.787699 0.030398 -1.233169
v 2.964276 0.358167 -1.299567
v 2.970058 0.375661 -1.297893
v 2.739455 0.443598 -1.206273
v 2.700066 0.443269 -1.143637
v 2.676467 0.443598 -1.157822
v 2.620167 0.443289 -1.125768
v 2.767863 0.443598 -1.283716
v 2.801242 0.443306 -1.181168
v 2.864288 0.444678 -1.271053
v 2.839943 0.444678 -1.210168
v 2.810023 0.444696 -1.274014
v 2.967353 0.444227 -1.299132
v 2.937819 0.444264 -1.250764
v 2.903380 0.444538 -1.285173
v 2.525790 -0.000000 -1.222016
v 2.488044 -0.000000 -1.228078
v 2.455968 -0.000000 -1.244750
v 2.431316 -0.000000 -1.270407
v 2.418269 -0.000000 -1.308359
v 2.832400 -0.000000 -1.307963
v 2.780501 -0.000000 -1.234147
v 2.610542 -0.000000 -1.221752
v 2.818005 -0.000000 -1.264948
v 2.416842 0.303351 -1.219932
v 2.467073 0.303351 -1.194109
v 2.523977 0.303331 -1.184972
v 2.580969 0.303311 -1.193824
v 2.631845 0.303304 -1.219612
v 2.357341 0.303352 -1.307457
v 2.378605 0.303351 -1.259097
v 2.426023 0.254018 -1.276004
v 2.611643 0.254149 -1.245588
v 2.531866 0.254112 -1.218848
v 2.453582 0.253992 -1.245585
v 2.410964 0.254080 -1.313468
v 2.573719 0.254203 -1.225712
v 2.490198 0.254026 -1.225753
v 2.500236 0.237318 -1.239124
v 2.571623 0.237394 -1.239106
v 2.433250 0.237360 -1.315987
v 2.469043 0.237303 -1.256526
v 2.535738 0.237355 -1.233072
v 2.604420 0.237357 -1.256491
v 2.445766 0.237322 -1.283202
v 2.627646 0.235652 -1.282038
v 2.638460 0.250994 -1.276285
v 2.670147 0.302924 -1.257785
v 2.324720 0.443013 -1.295233
v 2.353778 0.443013 -1.231752
v 2.401910 0.443013 -1.188064
v 2.462518 0.443013 -1.159803
v 2.529228 0.443013 -1.149339
v 2.595752 0.443013 -1.159144
v 2.654248 0.443013 -1.188034
v 2.697751 0.443013 -1.231752
v 2.722717 0.443013 -1.295233
v 2.652260 0.428646 -1.196256
v 2.469488 0.428646 -1.171479
v 2.337133 0.428646 -1.295311
v 2.693758 0.428646 -1.234798
v 2.533093 0.428646 -1.162848
v 2.365592 0.428646 -1.234798
v 2.718273 0.428646 -1.295311
v 2.596503 0.428646 -1.171452
v 2.411627 0.428646 -1.196257
v 2.656880 0.367540 -1.195370
v 2.407440 0.367540 -1.195370
v 2.599083 0.367540 -1.169783
v 2.725342 0.367540 -1.295788
v 2.359714 0.367540 -1.235097
v 2.533354 0.367540 -1.160896
v 2.699898 0.367540 -1.235097
v 2.330179 0.367540 -1.295788
v 2.467422 0.367540 -1.169783
v 2.610993 0.170075 -1.288952
v 2.561500 0.209221 -1.265128
v 2.621660 0.209604 -1.297291
v 2.488106 0.208828 -1.320314
v 2.537683 0.208878 -1.268997
v 2.606121 0.209593 -1.280136
v 2.516016 0.208848 -1.280136
v 2.585243 0.209563 -1.268997
v 2.630852 0.209611 -1.320314
v 2.403487 0.306283 -1.256370
v 2.672785 0.306283 -1.304114
v 2.579792 0.306283 -1.204101
v 2.438639 0.306283 -1.224592
v 2.622361 0.306283 -1.224592
v 2.482818 0.306283 -1.204101
v 2.381734 0.306283 -1.304114
v 2.654045 0.306283 -1.256370
v 2.531380 0.306283 -1.196984
v 2.533302 0.365432 -1.161330
v 2.700327 0.365432 -1.235905
v 2.329540 0.365432 -1.296240
v 2.467179 0.365432 -1.170265
v 2.657185 0.365432 -1.195991
v 2.407024 0.365432 -1.195991
v 2.599221 0.365432 -1.170265
v 2.725845 0.365432 -1.296240
v 2.359160 0.365432 -1.235905
v 2.636346 0.181691 -1.325131
v 2.562927 0.133381 -1.309624
v 2.597794 0.156716 -1.286118
v 2.631237 0.179416 -1.309624
v 2.556996 0.130740 -1.325131
v 2.584555 0.143338 -1.288952
v 2.622599 0.175569 -1.297114
v 2.572510 0.137649 -1.297114
v 2.498775 0.208836 -1.297291
v 2.537599 0.167773 -1.289059
v 2.611135 0.185772 -1.289059
v 2.555282 0.168672 -1.279266
v 2.514822 0.167034 -1.323089
v 2.623817 0.186183 -1.304087
v 2.574719 0.176784 -1.275865
v 2.523529 0.167317 -1.304087
v 2.631319 0.186426 -1.323089
v 2.594097 0.184894 -1.279266
v 2.448051 0.254385 -1.275851
v 2.643668 0.254385 -1.311437
v 2.576118 0.254385 -1.237346
v 2.473585 0.254385 -1.252434
v 2.607040 0.254385 -1.252434
v 2.505677 0.254385 -1.237346
v 2.432249 0.254385 -1.311437
v 2.630055 0.254385 -1.275851
v 2.540951 0.254385 -1.232106
v 2.532580 0.349285 -1.174086
v 2.683500 0.349285 -1.244507
v 2.348465 0.349285 -1.299873
v 2.472833 0.349285 -1.182531
v 2.644518 0.349285 -1.206848
v 2.418478 0.349285 -1.206848
v 2.592143 0.349285 -1.182531
v 2.706557 0.349285 -1.299873
v 2.375229 0.349285 -1.244507
v 2.619811 0.219178 -1.378759
v 2.597911 0.218922 -1.401542
v 2.569552 0.218869 -1.416875
v 2.538700 0.218867 -1.422203
v 2.508380 0.218867 -1.416853
v 2.481722 0.218867 -1.401468
v 2.461922 0.218867 -1.377899
v 2.451336 0.218867 -1.348912
v 2.479464 0.273627 -1.455265
v 2.576372 0.273735 -1.455299
v 2.386621 0.273641 -1.356026
v 2.652554 0.272009 -1.398681
v 2.436851 0.273605 -1.432797
v 2.527881 0.273680 -1.463084
v 2.620026 0.273716 -1.432811
v 2.404527 0.273614 -1.398367
v 2.352870 0.341047 -1.417335
v 2.327659 0.341047 -1.362757
v 2.688704 0.339584 -1.421354
v 2.645712 0.339919 -1.463096
v 2.587782 0.339993 -1.493347
v 2.521807 0.340518 -1.502539
v 2.455863 0.341025 -1.490771
v 2.397720 0.341047 -1.461572
v 2.307252 0.371970 -1.367791
v 2.518628 0.371946 -1.534177
v 2.448367 0.371969 -1.519387
v 2.385285 0.371970 -1.484934
v 2.335508 0.371970 -1.432325
v 2.594931 0.372041 -1.530543
v 2.597400 0.434613 -1.551791
v 2.518180 0.434613 -1.555256
v 2.442943 0.434593 -1.539176
v 2.375044 0.434593 -1.501121
v 2.321252 0.434593 -1.442987
v 2.290624 0.434593 -1.371535
v 2.423609 0.101646 -1.354945
v 2.590612 0.100225 -1.418979
v 2.636829 0.031145 -1.428728
v 2.620879 0.030883 -1.445312
v 2.614524 0.119906 -1.391042
v 2.562105 0.101589 -1.434993
v 2.528426 0.101646 -1.440842
v 2.494011 0.101646 -1.434914
v 2.462442 0.101646 -1.417880
v 2.437537 0.101646 -1.391601
v 2.924000 0.373941 -1.429316
v 2.831416 0.372124 -1.474194
v 2.705963 0.372051 -1.508979
v 2.836987 0.434633 -1.491984
v 2.708350 0.434593 -1.530128
v 2.982339 0.434760 -1.371237
v 2.935358 0.434715 -1.438733
v 2.881349 0.359508 -1.406608
v 2.634633 0.173557 -1.384636
v 2.884319 0.188767 -1.351562
v 2.854236 0.073914 -1.355488
v 2.666475 0.182497 -1.386395
v 2.876163 0.210614 -1.370782
v 2.804212 0.262431 -1.387160
v 2.869393 0.147969 -1.353005
v 2.737225 0.239379 -1.387161
v 2.849121 0.036240 -1.357538
v 2.685047 0.031678 -1.401626
v 2.805707 0.036815 -1.400494
v 2.808813 0.031119 -1.401149
v 2.863810 0.146984 -1.388050
v 2.814749 0.063678 -1.398774
v 2.692862 0.196536 -1.387131
v 2.844854 0.240946 -1.387133
v 2.806180 0.048458 -1.400386
v 2.714693 0.216477 -1.387161
v 2.868402 0.200016 -1.387050
v 2.766180 0.258913 -1.387161
v 2.838833 0.095297 -1.393886
v 2.692004 0.042794 -1.400224
v 2.712275 0.161033 -1.387170
v 2.812205 0.205396 -1.387167
v 2.726983 0.063615 -1.397770
v 2.775039 0.215691 -1.387173
v 2.805654 0.123803 -1.391236
v 2.740241 0.183899 -1.387169
v 2.821142 0.182788 -1.387230
v 2.673012 0.140986 -1.387209
v 2.794659 0.216476 -1.387172
v 2.777391 0.091007 -1.394307
v 2.757143 0.203352 -1.387170
v 2.819287 0.153610 -1.388240
v 2.634094 0.128655 -1.388518
v 2.858912 0.107051 -1.353957
v 2.850680 0.048091 -1.356800
v 2.830420 0.036386 -1.383538
v 2.812267 0.047958 -1.384819
v 2.819658 0.062515 -1.383286
v 2.840174 0.086919 -1.378592
v 2.646562 0.031700 -1.401916
v 2.811936 0.036630 -1.385623
v 2.831722 0.047669 -1.381979
v 2.822105 0.030630 -1.403920
v 2.836702 0.066987 -1.379953
v 2.793446 0.210757 -1.372289
v 2.807730 0.201598 -1.372152
v 2.815089 0.181700 -1.372018
v 2.675572 0.135123 -1.372479
v 2.813256 0.155206 -1.372833
v 2.715904 0.155824 -1.372329
v 2.800366 0.127323 -1.375635
v 2.744673 0.179380 -1.372254
v 2.772879 0.095717 -1.378545
v 2.761191 0.198622 -1.372244
v 2.720989 0.068337 -1.381996
v 2.683916 0.044769 -1.385298
v 2.776929 0.209971 -1.372306
v 2.638763 0.122196 -1.374963
v 2.785822 0.197697 -1.371853
v 2.797413 0.200033 -1.371814
v 2.775535 0.185156 -1.371944
v 2.760275 0.164292 -1.372624
v 2.731556 0.138574 -1.373431
v 2.687289 0.115983 -1.374434
v 2.706462 0.087263 -1.378720
v 2.756718 0.112641 -1.376141
v 2.784062 0.141501 -1.374014
v 2.797393 0.166051 -1.372015
v 2.801493 0.185629 -1.371548
v 2.642613 0.101375 -1.377065
v 2.613165 0.096937 -1.393922
v 2.613857 0.067151 -1.396466
v 2.590434 0.067060 -1.422532
v 2.560130 0.067121 -1.439991
v 2.525170 0.067123 -1.446060
v 2.489115 0.067123 -1.439970
v 2.456034 0.067123 -1.422455
v 2.430201 0.067123 -1.395382
v 2.415689 0.067123 -1.356596
v 2.410175 0.042913 -1.357735
v 2.425079 0.042913 -1.397995
v 2.451540 0.042913 -1.425624
v 2.485676 0.042913 -1.443477
v 2.523188 0.042898 -1.449698
v 2.561086 0.043103 -1.443489
v 2.591562 0.043160 -1.425685
v 2.614974 0.043303 -1.399195
v 2.648510 0.072247 -1.381189
v 2.650439 0.045031 -1.384624
v 2.764122 0.266623 -1.372618
v 2.690152 0.202633 -1.372099
v 2.733807 0.245904 -1.372448
v 2.850188 0.248120 -1.372057
v 2.638729 0.180073 -1.370436
v 2.665516 0.189082 -1.371291
v 2.805405 0.270405 -1.372638
v 2.711099 0.222271 -1.372249
v 2.616800 0.174076 -1.384027
v 2.662900 0.365813 -1.483249
v 2.691270 0.288081 -1.383029
v 2.671019 0.257069 -1.376345
v 2.636303 0.223126 -1.367519
v 2.652468 0.235212 -1.371149
v 2.715878 0.330856 -1.392668
v 2.839022 0.366447 -1.454497
v 2.745674 0.358308 -1.400758
v 2.933677 0.358718 -1.404288
v 2.908087 0.365791 -1.424938
v 2.806483 0.360137 -1.404275
v 2.733368 0.366844 -1.477779
v 2.862617 0.363691 -1.426303
v 2.780575 0.364613 -1.431327
v 2.718265 0.364179 -1.430599
v 2.605198 0.367095 -1.516031
v 2.787699 0.030398 -1.433737
v 2.964276 0.358167 -1.367340
v 2.970058 0.375661 -1.369014
v 2.739455 0.443598 -1.460634
v 2.700066 0.443269 -1.523270
v 2.676467 0.443598 -1.509085
v 2.620167 0.443289 -1.541138
v 2.767863 0.443598 -1.383191
v 2.801242 0.443306 -1.485739
v 2.864288 0.444678 -1.395854
v 2.839943 0.444678 -1.456739
v 2.810023 0.444696 -1.392892
v 2.967353 0.444227 -1.367775
v 2.937819 0.444264 -1.416143
v 2.903380 0.444538 -1.381734
v 2.525790 -0.000000 -1.444890
v 2.488044 -0.000000 -1.438829
v 2.455968 -0.000000 -1.422156
v 2.431316 -0.000000 -1.396500
v 2.418269 -0.000000 -1.358548
v 2.832400 -0.000000 -1.358943
v 2.780501 -0.000000 -1.432760
v 2.610542 -0.000000 -1.445154
v 2.818005 -0.000000 -1.401959
v 2.416842 0.303351 -1.446975
v 2.467073 0.303351 -1.472797
v 2.523977 0.303331 -1.481934
v 2.580969 0.303311 -1.473082
v 2.631845 0.303304 -1.447295
v 2.357341 0.303353 -1.359450
v 2.378605 0.303351 -1.407810
v 2.426023 0.254018 -1.390903
v 2.611643 0.254149 -1.421319
v 2.531866 0.254112 -1.448059
v 2.453582 0.253992 -1.421322
v 2.410964 0.254080 -1.353438
v 2.573719 0.254203 -1.441195
v 2.490198 0.254026 -1.441153
v 2.500236 0.237318 -1.427783
v 2.571623 0.237394 -1.427801
v 2.433250 0.237360 -1.350920
v 2.469043 0.237303 -1.410380
v 2.535738 0.237355 -1.433835
v 2.604420 0.237357 -1.410416
v 2.445766 0.237322 -1.383705
v 2.627646 0.235652 -1.384869
v 2.638460 0.250994 -1.390622
v 2.670147 0.302924 -1.409121
v 2.324720 0.443013 -1.371674
v 2.353778 0.443013 -1.435155
v 2.401910 0.443013 -1.478842
v 2.462518 0.443013 -1.507104
v 2.529228 0.443013 -1.517568
v 2.595752 0.443013 -1.507763
v 2.654248 0.443013 -1.478872
v 2.697751 0.443013 -1.435155
v 2.722717 0.443013 -1.371674
v 2.652260 0.428646 -1.470651
v 2.469488 0.428646 -1.495428
v 2.337133 0.428646 -1.371596
v 2.693758 0.428646 -1.432108
v 2.533093 0.428646 -1.504059
v 2.365592 0.428646 -1.432108
v 2.718273 0.428646 -1.371596
v 2.596503 0.428646 -1.495454
v 2.411627 0.428646 -1.470650
v 2.656880 0.367540 -1.471537
v 2.407440 0.367540 -1.471537
v 2.599083 0.367540 -1.497124
v 2.725342 0.367540 -1.371119
v 2.359714 0.367540 -1.431810
v 2.533354 0.367540 -1.506010
v 2.699898 0.367540 -1.431810
v 2.330179 0.367540 -1.371119
v 2.467422 0.367540 -1.497124
v 2.610993 0.170075 -1.377954
v 2.561500 0.209221 -1.401779
v 2.621660 0.209604 -1.369616
v 2.488106 0.208828 -1.346593
v 2.537683 0.208878 -1.397910
v 2.606121 0.209593 -1.386770
v 2.516016 0.208848 -1.386770
v 2.585243 0.209563 -1.397910
v 2.630852 0.209611 -1.346593
v 2.403487 0.306283 -1.410536
v 2.672785 0.306283 -1.362793
v 2.579792 0.306283 -1.462806
v 2.438639 0.306283 -1.442315
v 2.622361 0.306283 -1.442315
v 2.482818 0.306283 -1.462806
v 2.381734 0.306283 -1.362793
v 2.654045 0.306283 -1.410536
v 2.531380 0.306283 -1.469923
v 2.533302 0.365432 -1.505576
v 2.700327 0.365432 -1.431002
v 2.329540 0.365432 -1.370666
v 2.467179 0.365432 -1.496642
v 2.657185 0.365432 -1.470916
v 2.407024 0.365432 -1.470916
v 2.599221 0.365432 -1.496642
v 2.725845 0.365432 -1.370666
v 2.359160 0.365432 -1.431002
v 2.636346 0.181691 -1.341776
v 2.562927 0.133381 -1.357282
v 2.597794 0.156716 -1.380789
v 2.631237 0.179416 -1.357282
v 2.556996 0.130740 -1.341776
v 2.584555 0.143338 -1.377954
v 2.622599 0.175569 -1.369793
v 2.572510 0.137649 -1.369793
v 2.498775 0.208836 -1.369616
v 2.537599 0.167773 -1.377848
v 2.611135 0.185772 -1.377848
v 2.555282 0.168672 -1.387640
v 2.514822 0.167034 -1.343818
v 2.623817 0.186183 -1.362819
v 2.574719 0.176784 -1.391041
v 2.523529 0.167317 -1.362819
v 2.631319 0.186426 -1.343818
v 2.594097 0.184894 -1.387640
v 2.448051 0.254385 -1.391056
v 2.643668 0.254385 -1.355470
v 2.576118 0.254385 -1.429561
v 2.473585 0.254385 -1.414473
v 2.607040 0.254385 -1.414473
v 2.505677 0.254385 -1.429561
v 2.432250 0.254385 -1.355470
v 2.630055 0.254385 -1.391056
v 2.540951 0.254385 -1.434801
v 2.532580 0.349285 -1.492821
v 2.683500 0.349285 -1.422400
v 2.348465 0.349285 -1.367033
v 2.472833 0.349285 -1.484375
v 2.644518 0.349285 -1.460058
v 2.418478 0.349285 -1.460058
v 2.592143 0.349285 -1.484375
v 2.706557 0.349285 -1.367033
v 2.375229 0.349285 -1.422400
v 2.427571 -0.000000 -1.367893
v 2.426363 0.000000 -1.333453
v 2.427571 -0.000000 -1.299014
v 2.437198 -0.000000 -1.375434
v 2.435933 0.000000 -1.333453
v 2.437198 -0.000000 -1.291473
v 2.452185 -0.000000 -1.381729
v 2.450969 0.000000 -1.333453
v 2.452185 -0.000000 -1.285178
v 2.466859 -0.000000 -1.386980
v 2.465777 0.000000 -1.333453
v 2.466859 -0.000000 -1.279927
v 2.485315 0.000000 -1.390590
v 2.484446 0.000000 -1.333453
v 2.485315 0.000000 -1.276317
v 2.502826 0.000000 -1.393008
v 2.502218 0.000000 -1.333453
v 2.502826 0.000000 -1.273899
v 2.524772 0.000000 -1.393651
v 2.524460 0.000000 -1.333453
v 2.524772 0.000000 -1.273256
v 2.558317 0.000000 -1.393875
v 2.558309 0.000000 -1.333453
v 2.558317 0.000000 -1.273032
v 2.611394 0.000000 -1.393567
v 2.611690 0.000000 -1.333453
v 2.611394 0.000000 -1.273339
v 2.669937 0.000000 -1.393648
v 2.670539 0.000000 -1.333453
v 2.669937 0.000000 -1.273259
v 2.755305 0.000000 -1.391397
v 2.756181 0.000000 -1.333453
v 2.755305 0.000000 -1.275510
v 2.783755 0.000000 -1.386596
v 2.784831 0.000000 -1.333453
v 2.783755 0.000000 -1.280311
v 2.807583 0.000000 -1.379413
v 2.808749 -0.000000 -1.333453
v 2.807583 0.000000 -1.287493
v 2.821398 0.000000 -1.369974
v 2.822513 -0.000000 -1.333453
v 2.821398 0.000000 -1.296932
v 2.937693 0.524800 -1.531925
v 2.948432 0.488747 -1.502564
v 2.934642 0.803030 -1.589994
v 3.007487 0.803030 -1.473766
v 2.965529 0.803030 -1.587251
v 2.992809 0.803030 -1.569653
v 2.965529 0.459238 -1.419983
v 2.992809 0.470464 -1.417073
v 3.006342 0.486714 -1.391694
v 2.965529 0.492409 -1.498870
v 2.992809 0.496138 -1.484917
v 3.007487 0.531092 -1.435072
v 2.965529 0.529140 -1.528619
v 2.992809 0.529531 -1.510988
v 3.007487 0.505333 -1.421505
v 2.934642 0.529140 -1.136261
v 2.934642 0.492028 -1.166561
v 2.934642 0.457331 -1.247591
v 2.934642 0.803030 -1.077687
v 3.007487 0.803030 -1.193915
v 2.965529 0.803030 -1.080430
v 2.992809 0.803030 -1.098028
v 2.965529 0.459238 -1.247698
v 2.992809 0.470464 -1.250608
v 3.006342 0.486714 -1.275987
v 2.965529 0.492409 -1.168811
v 2.992809 0.496138 -1.182764
v 3.007487 0.531092 -1.232609
v 2.965529 0.529140 -1.139062
v 2.992809 0.529531 -1.156693
v 3.007487 0.505333 -1.246176
v 2.870647 0.524800 -1.531925
v 2.859909 0.488747 -1.502564
v 2.873698 0.803030 -1.589994
v 2.800854 0.803030 -1.473766
v 2.842812 0.803030 -1.587251
v 2.815532 0.803030 -1.569653
v 2.842812 0.459238 -1.419983
v 2.815532 0.470464 -1.417073
v 2.801998 0.486714 -1.391694
v 2.842812 0.492409 -1.498870
v 2.815532 0.496138 -1.484917
v 2.800854 0.531092 -1.435072
v 2.842812 0.529140 -1.528619
v 2.815532 0.529531 -1.510988
v 2.800854 0.505333 -1.421505
v 2.873698 0.529140 -1.136261
v 2.873698 0.492028 -1.166561
v 2.873698 0.457331 -1.247591
v 2.873698 0.803030 -1.077687
v 2.800854 0.803030 -1.193915
v 2.842812 0.803030 -1.080430
v 2.815532 0.803030 -1.098028
v 2.842812 0.459238 -1.247698
v 2.815532 0.470464 -1.250608
v 2.801998 0.486714 -1.275987
v 2.842812 0.492409 -1.168811
v 2.815532 0.496138 -1.182764
v 2.800854 0.531092 -1.232609
v 2.842812 0.529140 -1.139062
v 2.815532 0.529531 -1.156693
v 2.800854 0.505333 -1.246176
v 2.945539 0.476280 -1.509371
v 2.931749 0.488795 -1.528512
v 2.876592 0.488795 -1.528512
v 2.862802 0.476280 -1.509371
v 2.869388 0.453695 -1.437652
v 2.938953 0.453695 -1.437652
v 2.864569 0.454973 -1.497771
v 2.877769 0.456754 -1.525951
v 2.930572 0.456754 -1.525951
v 2.943772 0.454973 -1.497771
v 2.947322 0.505910 -1.519051
v 2.934969 0.553814 -1.541864
v 2.979396 0.463502 -1.419458
v 2.979396 0.529189 -1.522214
v 2.965529 0.554160 -1.538939
v 2.992809 0.554209 -1.521159
v 3.002219 0.530311 -1.489756
v 3.007487 0.554404 -1.441313
v 2.979396 0.493447 -1.493750
v 2.965529 0.510480 -1.516061
v 2.992809 0.511873 -1.499255
v 3.007291 0.494616 -1.410713
v 3.002219 0.803030 -1.545675
v 2.979396 0.803030 -1.580936
v 3.002071 0.479392 -1.409382
v 2.953185 0.803030 -1.589651
v 2.953928 0.457179 -1.421814
v 2.954909 0.491665 -1.501019
v 2.953799 0.528700 -1.531125
v 3.007487 0.516732 -1.428761
v 3.002219 0.500878 -1.467876
v 2.992809 0.481373 -1.463832
v 2.947701 0.470476 -1.479274
v 2.965529 0.473749 -1.472210
v 2.934642 0.510432 -1.148867
v 2.934642 0.554160 -1.125964
v 2.965529 0.454056 -1.333840
v 2.979396 0.463502 -1.248223
v 2.979396 0.529189 -1.145467
v 2.965529 0.554160 -1.128742
v 2.992809 0.554209 -1.146522
v 3.002219 0.530311 -1.177925
v 3.007487 0.554404 -1.226368
v 2.979396 0.493447 -1.173931
v 2.965529 0.510480 -1.151620
v 2.992809 0.511873 -1.168426
v 3.007290 0.494616 -1.256968
v 3.002219 0.803030 -1.122006
v 2.979396 0.803030 -1.086745
v 3.002071 0.479392 -1.258299
v 2.953185 0.803030 -1.078030
v 2.953185 0.457570 -1.247604
v 2.953185 0.492075 -1.166842
v 2.953185 0.529140 -1.136611
v 3.007487 0.516732 -1.238920
v 3.002219 0.500878 -1.199805
v 2.935098 0.451357 -1.335330
v 2.992809 0.466615 -1.333840
v 3.009203 0.506985 -1.333840
v 3.009203 0.803030 -1.333840
v 3.007094 0.486572 -1.333840
v 3.009203 0.531385 -1.333840
v 2.992809 0.481373 -1.203849
v 2.934642 0.472605 -1.194381
v 2.965529 0.473749 -1.195471
v 2.861018 0.505910 -1.519051
v 2.873372 0.553814 -1.541864
v 2.828945 0.463502 -1.419458
v 2.828945 0.529189 -1.522214
v 2.842812 0.554160 -1.538939
v 2.815532 0.554209 -1.521159
v 2.806121 0.530311 -1.489756
v 2.800854 0.554404 -1.441313
v 2.828945 0.493447 -1.493750
v 2.842812 0.510480 -1.516061
v 2.815532 0.511873 -1.499255
v 2.801050 0.494616 -1.410713
v 2.806121 0.803030 -1.545675
v 2.828945 0.803030 -1.580936
v 2.806270 0.479392 -1.409382
v 2.945318 0.465223 -1.503388
v 2.855156 0.803030 -1.589651
v 2.854413 0.457179 -1.421814
v 2.853432 0.491665 -1.501019
v 2.854542 0.528700 -1.531125
v 2.800854 0.516732 -1.428761
v 2.806122 0.500878 -1.467876
v 2.815532 0.481373 -1.463832
v 2.860640 0.470476 -1.479274
v 2.842812 0.473749 -1.472210
v 2.873698 0.510432 -1.148867
v 2.873698 0.554160 -1.125964
v 2.842812 0.454056 -1.333840
v 2.828945 0.463502 -1.248223
v 2.828945 0.529189 -1.145467
v 2.842812 0.554160 -1.128742
v 2.815532 0.554209 -1.146522
v 2.806121 0.530311 -1.177925
v 2.800854 0.554404 -1.226368
v 2.828945 0.493447 -1.173931
v 2.842812 0.510480 -1.151620
v 2.815532 0.511873 -1.168426
v 2.801050 0.494616 -1.256968
v 2.806121 0.803030 -1.122006
v 2.828945 0.803030 -1.086745
v 2.806270 0.479392 -1.258299
v 2.855156 0.803030 -1.078030
v 2.855156 0.457570 -1.247604
v 2.855156 0.492075 -1.166842
v 2.855156 0.529140 -1.136611
v 2.800854 0.516732 -1.238920
v 2.806122 0.500878 -1.199805
v 2.873243 0.451357 -1.335330
v 2.815532 0.466615 -1.333840
v 2.799138 0.506985 -1.333840
v 2.799138 0.803030 -1.333840
v 2.801246 0.486572 -1.333840
v 2.799138 0.531385 -1.333840
v 2.815532 0.481373 -1.203849
v 2.873698 0.472605 -1.194381
v 2.842812 0.473749 -1.195471
v 2.932378 0.505939 -1.529042
v 2.866219 0.455642 -1.514270
v 2.942122 0.455642 -1.514270
v 2.875963 0.505939 -1.529042
v 2.863023 0.465223 -1.503388
v 2.865064 0.455317 -1.477902
v 2.943276 0.455317 -1.477902
v 2.945900 0.482247 -1.505674
v 2.931602 0.470829 -1.527794
v 2.876739 0.470829 -1.527794
v 2.862441 0.482247 -1.505674
v 2.864526 0.482270 -1.519052
v 2.943815 0.482270 -1.519052
v 2.880111 0.450409 -1.459552
v 2.928230 0.450409 -1.459552
v 2.880917 0.450879 -1.522500
v 2.869384 0.450657 -1.495403
v 2.927423 0.450879 -1.522500
v 2.938957 0.450657 -1.495403
v 2.953267 0.554074 -1.541384
v 2.954703 0.509905 -1.518513
v 3.009203 0.517634 -1.333840
v 3.008938 0.496666 -1.333840
v 2.953299 0.452048 -1.334254
v 2.979396 0.458915 -1.333840
v 2.979396 0.554166 -1.532549
v 3.002219 0.554306 -1.499096
v 2.979396 0.510726 -1.509831
v 3.002145 0.476393 -1.333840
v 3.002219 0.514321 -1.479687
v 3.009203 0.554441 -1.333840
v 2.945543 0.467282 -1.490495
v 3.002182 0.488466 -1.450388
v 2.954735 0.472442 -1.473942
v 2.979396 0.476418 -1.469527
v 2.953185 0.554160 -1.126311
v 2.953185 0.510438 -1.149211
v 2.979396 0.554166 -1.135132
v 3.002219 0.554306 -1.168585
v 2.979396 0.510726 -1.157850
v 3.002219 0.514321 -1.187994
v 3.002182 0.488466 -1.217293
v 2.953185 0.472748 -1.194517
v 2.979396 0.476418 -1.198154
v 2.855074 0.554074 -1.541384
v 2.853638 0.509905 -1.518513
v 2.799138 0.517634 -1.333840
v 2.799403 0.496666 -1.333840
v 2.855042 0.452048 -1.334254
v 2.828945 0.458915 -1.333840
v 2.828945 0.554166 -1.532549
v 2.806121 0.554306 -1.499096
v 2.828945 0.510726 -1.509831
v 2.806196 0.476393 -1.333840
v 2.806122 0.514321 -1.479687
v 2.799138 0.554441 -1.333840
v 2.806159 0.488466 -1.450388
v 2.853606 0.472442 -1.473942
v 2.828945 0.476419 -1.469527
v 2.855156 0.554160 -1.126311
v 2.855156 0.510438 -1.149211
v 2.828945 0.554166 -1.135132
v 2.806121 0.554306 -1.168585
v 2.828945 0.510726 -1.157850
v 2.806122 0.514321 -1.187994
v 2.806159 0.488466 -1.217293
v 2.855156 0.472748 -1.194517
v 2.828945 0.476419 -1.198154
v 2.943603 0.467382 -1.517033
v 2.862798 0.467282 -1.490495
v 2.864738 0.467382 -1.517033
v 2.864083 0.495720 -1.519228
v 2.944258 0.495720 -1.519228
v 2.870818 0.450740 -1.511658
v 2.937523 0.450740 -1.511658
v 2.870616 0.450660 -1.476490
v 2.937725 0.450660 -1.476490
v 2.830958 0.826751 -1.120065
v 2.840734 0.826751 -1.109663
v 2.964594 0.826751 -1.109663
v 2.974370 0.826751 -1.120065
v 2.829913 0.792172 -1.089658
v 2.814705 0.792172 -1.105679
v 2.990623 0.792172 -1.105679
v 2.975415 0.792172 -1.089658
v 2.993127 0.824692 -1.108857
v 2.976214 0.824692 -1.091074
v 2.812202 0.824692 -1.108857
v 2.829114 0.824692 -1.091074
v 2.830958 0.826751 -1.547616
v 2.840734 0.826751 -1.558018
v 2.964594 0.826751 -1.558018
v 2.974370 0.826751 -1.547616
v 2.829913 0.792172 -1.578023
v 2.814705 0.792172 -1.562002
v 2.990623 0.792172 -1.562002
v 2.975415 0.792172 -1.578023
v 2.993127 0.824692 -1.558824
v 2.976214 0.824692 -1.576607
v 2.812202 0.824692 -1.558824
v 2.829114 0.824692 -1.576607
v 2.998032 0.824692 -1.124394
v 2.997421 0.821151 -1.105838
v 2.985791 0.824692 -1.098771
v 2.978948 0.821151 -1.086440
v 2.964415 0.824692 -1.086080
v 2.999398 0.796359 -1.101140
v 2.980738 0.796359 -1.081549
v 2.807389 0.824692 -1.124394
v 2.807907 0.821151 -1.105838
v 2.819537 0.824692 -1.098771
v 2.826381 0.821151 -1.086440
v 2.840913 0.824692 -1.086080
v 2.804141 0.824692 -1.208460
v 3.002790 0.824692 -1.208460
v 2.977308 0.826751 -1.131594
v 2.970194 0.826751 -1.114026
v 2.956906 0.826751 -1.106707
v 2.828039 0.826751 -1.131594
v 2.835135 0.826751 -1.114027
v 2.848423 0.826751 -1.106707
v 2.826142 0.826751 -1.211503
v 2.979506 0.826751 -1.211503
v 2.810374 0.792172 -1.120381
v 2.821286 0.792172 -1.096559
v 2.840771 0.792172 -1.085151
v 2.995110 0.792172 -1.120381
v 2.984042 0.792172 -1.096559
v 2.964557 0.792172 -1.085151
v 2.807940 0.792172 -1.205632
v 3.000085 0.792172 -1.205632
v 2.807968 0.792332 -1.101758
v 2.825757 0.792332 -1.083069
v 2.997360 0.792332 -1.101758
v 2.979572 0.792332 -1.083069
v 2.805930 0.796359 -1.101140
v 2.824590 0.796359 -1.081549
v 2.934283 0.824692 -1.083087
v 2.931508 0.826751 -1.104797
v 2.869414 0.824692 -1.083249
v 2.872445 0.826751 -1.104900
v 2.934756 0.792172 -1.082417
v 2.868959 0.792172 -1.082565
v 2.998032 0.824692 -1.543287
v 2.997421 0.821151 -1.561843
v 2.985791 0.824692 -1.568910
v 2.978948 0.821151 -1.581241
v 2.964415 0.824692 -1.581601
v 2.999398 0.796359 -1.566541
v 2.980738 0.796359 -1.586132
v 2.807389 0.824692 -1.543287
v 2.807907 0.821151 -1.561843
v 2.819537 0.824692 -1.568910
v 2.826381 0.821151 -1.581241
v 2.840913 0.824692 -1.581601
v 2.803854 0.824692 -1.451784
v 3.003211 0.824692 -1.451784
v 2.977308 0.826751 -1.536087
v 2.970194 0.826751 -1.553655
v 2.956906 0.826751 -1.560974
v 2.828039 0.826751 -1.536087
v 2.835135 0.826751 -1.553655
v 2.848423 0.826751 -1.560974
v 2.825974 0.826751 -1.449109
v 2.979701 0.826751 -1.449109
v 2.810374 0.792172 -1.547300
v 2.821286 0.792172 -1.571122
v 2.840771 0.792172 -1.582530
v 2.995110 0.792172 -1.547300
v 2.984042 0.792172 -1.571122
v 2.964557 0.792172 -1.582530
v 2.807724 0.792172 -1.454507
v 3.000525 0.792172 -1.454507
v 2.807968 0.792332 -1.565923
v 2.825757 0.792332 -1.584612
v 2.997360 0.792332 -1.565923
v 2.979572 0.792332 -1.584612
v 2.805930 0.796359 -1.566541
v 2.824590 0.796359 -1.586132
v 2.972960 0.826751 -1.540801
v 2.967130 0.826751 -1.544207
v 2.959127 0.826751 -1.546515
v 2.932692 0.826751 -1.548005
v 2.871217 0.826751 -1.547925
v 2.846214 0.826751 -1.546515
v 2.838212 0.826751 -1.544207
v 2.832385 0.826751 -1.540801
v 2.934283 0.824692 -1.584594
v 2.931508 0.826751 -1.562884
v 2.869414 0.824692 -1.584432
v 2.975226 0.826751 -1.451325
v 2.872445 0.826751 -1.562781
v 2.969225 0.826751 -1.452926
v 2.960985 0.826751 -1.454010
v 2.934756 0.792172 -1.585264
v 2.868959 0.792172 -1.585117
v 2.933761 0.826751 -1.454711
v 3.008075 0.821151 -1.207450
v 3.002757 0.821151 -1.122263
v 2.989395 0.821151 -1.094866
v 2.966246 0.821151 -1.081000
v 2.800653 0.796359 -1.117762
v 2.814039 0.796359 -1.090062
v 2.837430 0.796359 -1.076056
v 2.802680 0.821151 -1.122263
v 2.815934 0.821151 -1.094866
v 2.839082 0.821151 -1.081000
v 2.799136 0.821151 -1.207450
v 2.802920 0.792332 -1.117906
v 2.815691 0.792332 -1.091175
v 2.838100 0.792332 -1.077826
v 3.002520 0.792331 -1.117906
v 2.989637 0.792332 -1.091175
v 2.967229 0.792332 -1.077826
v 2.799460 0.792332 -1.204612
v 3.007808 0.792331 -1.204612
v 2.797071 0.796359 -1.204696
v 3.010180 0.796359 -1.204696
v 2.967898 0.796359 -1.076056
v 2.991289 0.796359 -1.090062
v 3.004786 0.796359 -1.117762
v 2.870450 0.826751 -1.454673
v 2.844699 0.826751 -1.454010
v 2.836457 0.826751 -1.452926
v 2.830453 0.826751 -1.451325
v 2.935000 0.821151 -1.077770
v 2.975042 0.826751 -1.209085
v 2.969055 0.826751 -1.207337
v 2.867890 0.792332 -1.074868
v 2.960834 0.826751 -1.206153
v 2.935927 0.796359 -1.072797
v 2.933674 0.826751 -1.205388
v 2.868637 0.821151 -1.077945
v 2.935733 0.792332 -1.074699
v 2.867671 0.796359 -1.072974
v 2.870512 0.826751 -1.205430
v 2.844822 0.826751 -1.206153
v 3.008546 0.821151 -1.452696
v 3.002757 0.821151 -1.545418
v 2.989395 0.821151 -1.572815
v 2.966246 0.821151 -1.586681
v 2.800653 0.796359 -1.549919
v 2.814039 0.796359 -1.577619
v 2.837430 0.796359 -1.591625
v 2.802680 0.821151 -1.545418
v 2.815934 0.821151 -1.572815
v 2.839082 0.821151 -1.586681
v 2.798823 0.821151 -1.452696
v 2.802920 0.792332 -1.549775
v 2.815691 0.792332 -1.576506
v 2.838100 0.792332 -1.589855
v 3.002520 0.792332 -1.549775
v 2.989637 0.792332 -1.576506
v 2.967229 0.792332 -1.589855
v 2.799154 0.792332 -1.455399
v 3.008276 0.792332 -1.455399
v 2.836600 0.826751 -1.207337
v 2.796755 0.796359 -1.455295
v 3.010657 0.796359 -1.455295
v 2.967898 0.796359 -1.591625
v 2.991289 0.796359 -1.577619
v 3.004786 0.796359 -1.549919
v 2.830610 0.826751 -1.209085
v 2.972960 0.826751 -1.126880
v 2.967130 0.826751 -1.123474
v 2.959127 0.826751 -1.121166
v 2.935000 0.821151 -1.589911
v 2.932692 0.826751 -1.119676
v 2.867890 0.792332 -1.592813
v 2.871217 0.826751 -1.119756
v 2.935927 0.796359 -1.594884
v 2.846214 0.826751 -1.121166
v 2.838212 0.826751 -1.123474
v 2.868637 0.821151 -1.589737
v 2.935733 0.792332 -1.592982
v 2.867671 0.796359 -1.594707
v 2.832385 0.826751 -1.126880
v 2.927761 0.454220 -1.493046
v 2.920851 0.454220 -1.476365
v 2.904170 0.454220 -1.469455
v 2.887489 0.454220 -1.476365
v 2.880579 0.454220 -1.493046
v 2.887489 0.454220 -1.509727
v 2.904170 0.454220 -1.516637
v 2.920851 0.454220 -1.509727
v 2.927761 0.435717 -1.493046
v 2.920851 0.435717 -1.476365
v 2.904170 0.435717 -1.469455
v 2.887489 0.435717 -1.476365
v 2.880579 0.435717 -1.493046
v 2.887489 0.435717 -1.509727
v 2.904170 0.435717 -1.516637
v 2.920851 0.435717 -1.509727
v 2.925940 0.454220 -1.484029
v 2.913188 0.454220 -1.471276
v 2.895153 0.454220 -1.471276
v 2.882401 0.454220 -1.484029
v 2.882401 0.454220 -1.502063
v 2.895153 0.454220 -1.514816
v 2.913188 0.454220 -1.514816
v 2.925940 0.454220 -1.502063
v 2.925940 0.435717 -1.484029
v 2.913188 0.435717 -1.471276
v 2.895153 0.435717 -1.471276
v 2.882401 0.435717 -1.484029
v 2.882401 0.435717 -1.502063
v 2.895153 0.435717 -1.514816
v 2.913188 0.435717 -1.514816
v 2.925940 0.435717 -1.502063
v 2.914257 0.435911 -1.482974
v 2.894098 0.435911 -1.482959
v 2.894083 0.435911 -1.503118
v 2.914243 0.435911 -1.503133
v 2.918251 0.435911 -1.490826
v 2.918248 0.435911 -1.495286
v 2.901951 0.435911 -1.478965
v 2.906411 0.435911 -1.478968
v 2.890090 0.435911 -1.495266
v 2.890093 0.435911 -1.490806
v 2.906390 0.435911 -1.507127
v 2.901930 0.435911 -1.507123
v 2.916876 0.435911 -1.486584
v 2.910651 0.435911 -1.480350
v 2.897708 0.435911 -1.480340
v 2.891474 0.435911 -1.486565
v 2.891465 0.435911 -1.499508
v 2.897690 0.435911 -1.505742
v 2.916867 0.435911 -1.499527
v 2.910633 0.435911 -1.505752
v 2.910633 0.424488 -1.505752
v 2.916867 0.424488 -1.499527
v 2.897690 0.424488 -1.505742
v 2.891465 0.424488 -1.499508
v 2.891474 0.424488 -1.486565
v 2.897708 0.424488 -1.480340
v 2.910651 0.424488 -1.480350
v 2.916876 0.424488 -1.486584
v 2.901930 0.424488 -1.507123
v 2.906390 0.424488 -1.507127
v 2.890093 0.424488 -1.490806
v 2.890090 0.424488 -1.495266
v 2.906411 0.424488 -1.478968
v 2.901951 0.424488 -1.478965
v 2.918248 0.424488 -1.495286
v 2.918251 0.424488 -1.490826
v 2.914243 0.424488 -1.503133
v 2.894083 0.424488 -1.503118
v 2.894098 0.424488 -1.482959
v 2.914257 0.424488 -1.482974
v 2.909021 0.436616 -1.488115
v 2.903935 0.436500 -1.486010
v 2.898848 0.436585 -1.488115
v 2.896740 0.436820 -1.493196
v 2.898847 0.437069 -1.498276
v 2.903933 0.437185 -1.500381
v 2.909020 0.437100 -1.498276
v 2.911127 0.436864 -1.493196
v 2.908819 0.421508 -1.488410
v 2.903736 0.421656 -1.486300
v 2.898650 0.421782 -1.488404
v 2.896540 0.421811 -1.493489
v 2.898642 0.421727 -1.498577
v 2.903725 0.421579 -1.500687
v 2.908811 0.421453 -1.498583
v 2.910921 0.421424 -1.493498
v 2.908212 0.406510 -1.487954
v 2.903137 0.406872 -1.485850
v 2.898052 0.407019 -1.487954
v 2.895934 0.406866 -1.493034
v 2.898026 0.406502 -1.498114
v 2.903100 0.406140 -1.500219
v 2.908186 0.405993 -1.498114
v 2.910303 0.406146 -1.493034
v 2.907327 0.391700 -1.486891
v 2.902261 0.392218 -1.484798
v 2.897175 0.392366 -1.486902
v 2.895049 0.392057 -1.491971
v 2.897128 0.391471 -1.497036
v 2.902194 0.390953 -1.499129
v 2.907279 0.390805 -1.497024
v 2.909405 0.391114 -1.491955
v 2.906282 0.377150 -1.485355
v 2.901224 0.377773 -1.483273
v 2.896137 0.377902 -1.485376
v 2.894001 0.377460 -1.490431
v 2.896068 0.376707 -1.495478
v 2.901127 0.376083 -1.497560
v 2.906214 0.375954 -1.495458
v 2.908349 0.376396 -1.490402
v 2.905187 0.362930 -1.483476
v 2.900133 0.363611 -1.481401
v 2.895043 0.363701 -1.483498
v 2.892900 0.363148 -1.488539
v 2.894958 0.362275 -1.493571
v 2.900012 0.361595 -1.495645
v 2.905101 0.361504 -1.493548
v 2.907245 0.362057 -1.488507
v 2.904141 0.349106 -1.481371
v 2.899088 0.349799 -1.479298
v 2.893994 0.349833 -1.481387
v 2.891843 0.349187 -1.486414
v 2.893895 0.348241 -1.491434
v 2.898949 0.347548 -1.493507
v 2.904042 0.347515 -1.491418
v 2.906193 0.348160 -1.486391
v 2.903233 0.335740 -1.479152
v 2.898177 0.336401 -1.477074
v 2.893078 0.336358 -1.479150
v 2.890923 0.335638 -1.484165
v 2.892973 0.334662 -1.489180
v 2.898028 0.334002 -1.491259
v 2.903127 0.334044 -1.489182
v 2.905283 0.334764 -1.484168
v 2.902542 0.322889 -1.476922
v 2.897482 0.323472 -1.474830
v 2.892378 0.323334 -1.476890
v 2.890220 0.322556 -1.481895
v 2.892271 0.321593 -1.486912
v 2.897330 0.321010 -1.489004
v 2.902434 0.321148 -1.486944
v 2.904593 0.321926 -1.481940
v 2.902138 0.310605 -1.474774
v 2.897075 0.311064 -1.472661
v 2.891968 0.310809 -1.474701
v 2.889808 0.309989 -1.479698
v 2.891860 0.309085 -1.484726
v 2.896924 0.308626 -1.486839
v 2.902031 0.308881 -1.484800
v 2.904191 0.309701 -1.479802
v 2.902082 0.298939 -1.472795
v 2.897018 0.299223 -1.470653
v 2.891911 0.298826 -1.472669
v 2.889750 0.297981 -1.477662
v 2.891804 0.297183 -1.482708
v 2.896868 0.296899 -1.484850
v 2.901975 0.297296 -1.482834
v 2.904135 0.298141 -1.477841
v 2.902423 0.287935 -1.471062
v 2.897367 0.287987 -1.468883
v 2.892265 0.287421 -1.470873
v 2.890105 0.286569 -1.475865
v 2.892153 0.285930 -1.480935
v 2.897209 0.285878 -1.483114
v 2.902311 0.286443 -1.481124
v 2.904471 0.287295 -1.476132
v 2.903201 0.277633 -1.469642
v 2.898168 0.277389 -1.467424
v 2.893081 0.276624 -1.469386
v 2.890920 0.275785 -1.474380
v 2.892951 0.275364 -1.479480
v 2.897984 0.275607 -1.481699
v 2.903071 0.276372 -1.479736
v 2.905232 0.277211 -1.474742
v 2.904444 0.268069 -1.468596
v 2.899460 0.267458 -1.466338
v 2.894405 0.266459 -1.468276
v 2.892239 0.265655 -1.473273
v 2.894232 0.265518 -1.478404
v 2.899216 0.266128 -1.480662
v 2.904272 0.267128 -1.478724
v 2.906438 0.267932 -1.473727
v 2.906173 0.259274 -1.467974
v 2.901278 0.258217 -1.465686
v 2.896277 0.256945 -1.467605
v 2.894099 0.256203 -1.472607
v 2.896021 0.256424 -1.477762
v 2.900916 0.257481 -1.480049
v 2.905917 0.258753 -1.478131
v 2.908095 0.259495 -1.473129
v 2.908397 0.251273 -1.467817
v 2.903651 0.249688 -1.465521
v 2.898737 0.248106 -1.467435
v 2.896534 0.247452 -1.472438
v 2.898332 0.248111 -1.477600
v 2.903079 0.249695 -1.479896
v 2.907993 0.251278 -1.477982
v 2.910195 0.251931 -1.472979
v 2.911115 0.244084 -1.468159
v 2.906599 0.241895 -1.465893
v 2.901817 0.239970 -1.467824
v 2.899568 0.239435 -1.472822
v 2.901172 0.240604 -1.477957
v 2.905687 0.242792 -1.480223
v 2.910470 0.244718 -1.478292
v 2.912718 0.245253 -1.473294
v 2.914319 0.237717 -1.469023
v 2.910137 0.234872 -1.466849
v 2.905538 0.232585 -1.468831
v 2.903216 0.232195 -1.473808
v 2.904532 0.233930 -1.478864
v 2.908715 0.236775 -1.481038
v 2.913314 0.239062 -1.479056
v 2.915635 0.239453 -1.474079
v 2.917996 0.232177 -1.470427
v 2.914259 0.228665 -1.468425
v 2.909898 0.226020 -1.470499
v 2.907469 0.225791 -1.475434
v 2.908394 0.228113 -1.480340
v 2.912131 0.231625 -1.482342
v 2.916492 0.234271 -1.480268
v 2.918921 0.234499 -1.475333
v 2.922127 0.227463 -1.472386
v 2.918935 0.223329 -1.470643
v 2.914859 0.220360 -1.472853
v 2.912285 0.220296 -1.477719
v 2.912722 0.223174 -1.482393
v 2.915914 0.227308 -1.484135
v 2.919990 0.230277 -1.481926
v 2.922564 0.230341 -1.477059
v 2.926685 0.223575 -1.474906
v 2.924105 0.218918 -1.473502
v 2.920337 0.215685 -1.475883
v 2.917589 0.215770 -1.480653
v 2.917470 0.219123 -1.485018
v 2.920050 0.223780 -1.486422
v 2.923818 0.227013 -1.484041
v 2.926566 0.226928 -1.479271
v 2.931636 0.220514 -1.477990
v 2.929684 0.215466 -1.476978
v 2.926224 0.212042 -1.479550
v 2.923281 0.212248 -1.484199
v 2.922581 0.215963 -1.488202
v 2.924532 0.221011 -1.489213
v 2.927993 0.224434 -1.486642
v 2.930935 0.224229 -1.481993
v 2.936930 0.218284 -1.481630
v 2.935580 0.212980 -1.481032
v 2.932403 0.209436 -1.483799
v 2.929259 0.209727 -1.488309
v 2.927991 0.213684 -1.491922
v 2.929341 0.218988 -1.492520
v 2.932518 0.222532 -1.489753
v 2.935662 0.222240 -1.485243
v 2.942505 0.216887 -1.485808
v 2.941701 0.211444 -1.485619
v 2.938770 0.207837 -1.488570
v 2.935428 0.208179 -1.492932
v 2.933633 0.212270 -1.496150
v 2.934437 0.217713 -1.496338
v 2.937368 0.221320 -1.493388
v 2.940711 0.220978 -1.489026
v 2.948285 0.216321 -1.490494
v 2.947961 0.210829 -1.490695
v 2.945234 0.207200 -1.493811
v 2.941701 0.207562 -1.498018
v 2.939432 0.211702 -1.500852
v 2.939756 0.217194 -1.500651
v 2.942483 0.220822 -1.497535
v 2.946016 0.220460 -1.493328
v 2.954180 0.216577 -1.495650
v 2.954272 0.211101 -1.496213
v 2.951710 0.207480 -1.499474
v 2.947996 0.207834 -1.503523
v 2.945306 0.211957 -1.505988
v 2.945214 0.217433 -1.505424
v 2.947776 0.221054 -1.502163
v 2.951490 0.220700 -1.498114
v 2.960098 0.217639 -1.501226
v 2.960545 0.212226 -1.502125
v 2.958115 0.208628 -1.505510
v 2.954231 0.208952 -1.509398
v 2.951168 0.213009 -1.511512
v 2.950720 0.218423 -1.510613
v 2.953150 0.222021 -1.507228
v 2.957034 0.221696 -1.503339
v 2.965946 0.219478 -1.507172
v 2.966697 0.214159 -1.508379
v 2.964368 0.210593 -1.511867
v 2.960325 0.210868 -1.515594
v 2.956936 0.214823 -1.517376
v 2.956185 0.220142 -1.516169
v 2.958513 0.223709 -1.512681
v 2.962556 0.223434 -1.508954
v 2.971645 0.222051 -1.513437
v 2.972650 0.216846 -1.514923
v 2.970399 0.213314 -1.518496
v 2.966209 0.213523 -1.522062
v 2.962536 0.217352 -1.523533
v 2.961531 0.222557 -1.522046
v 2.963783 0.226089 -1.518474
v 2.967972 0.225880 -1.514907
v 2.977124 0.225301 -1.519969
v 2.978340 0.220221 -1.521708
v 2.976144 0.216721 -1.525346
v 2.971821 0.216852 -1.528753
v 2.967904 0.220537 -1.529933
v 2.966687 0.225617 -1.528194
v 2.968884 0.229117 -1.524556
v 2.973207 0.228986 -1.521149
v 2.982321 0.229159 -1.526718
v 2.983710 0.224206 -1.528681
v 2.981550 0.220733 -1.532366
v 2.977105 0.220774 -1.535615
v 2.972980 0.224305 -1.536525
v 2.971591 0.229258 -1.534563
v 2.973752 0.232731 -1.530877
v 2.978196 0.232690 -1.527628
v 2.987185 0.233541 -1.533632
v 2.988712 0.228712 -1.535791
v 2.986572 0.225257 -1.539505
v 2.982018 0.225199 -1.542598
v 2.977718 0.228573 -1.543259
v 2.976190 0.233402 -1.541100
v 2.978330 0.236857 -1.537386
v 2.982885 0.236915 -1.534292
v 2.991672 0.238352 -1.540658
v 2.993307 0.233638 -1.542987
v 2.991174 0.230190 -1.546711
v 2.986520 0.230027 -1.549649
v 2.982074 0.233245 -1.550081
v 2.980438 0.237958 -1.547752
v 2.982572 0.241406 -1.544028
v 2.987226 0.241570 -1.541090
v 2.995750 0.243484 -1.547748
v 2.997466 0.238872 -1.550217
v 2.995326 0.235416 -1.553930
v 2.990583 0.235141 -1.556713
v 2.986017 0.238208 -1.556935
v 2.984300 0.242820 -1.554467
v 2.986440 0.246276 -1.550753
v 2.991183 0.246551 -1.547970
v 2.999394 0.248819 -1.554850
v 3.001167 0.244289 -1.557429
v 2.999009 0.240808 -1.561108
v 2.994186 0.240415 -1.563734
v 2.989522 0.243340 -1.563767
v 2.987749 0.247870 -1.561188
v 2.989906 0.251351 -1.557508
v 2.994730 0.251744 -1.554883
v 3.002589 0.254223 -1.561916
v 3.004396 0.249751 -1.564571
v 3.002211 0.246223 -1.568189
v 2.997314 0.245706 -1.570651
v 2.992574 0.248503 -1.570515
v 2.990767 0.252975 -1.567860
v 2.992952 0.256503 -1.564242
v 2.997849 0.257020 -1.561780
v 3.005330 0.259554 -1.568900
v 3.007151 0.255109 -1.571589
v 3.004928 0.251507 -1.575111
v 2.999963 0.250859 -1.577401
v 2.995165 0.253545 -1.577118
v 2.993344 0.257990 -1.574428
v 2.995567 0.261591 -1.570907
v 3.000532 0.262239 -1.568617
v 3.007621 0.264658 -1.575760
v 3.009435 0.260200 -1.578432
v 3.007164 0.256490 -1.581807
v 3.002136 0.255703 -1.583908
v 2.997297 0.258299 -1.583505
v 2.995482 0.262757 -1.580832
v 2.997754 0.266467 -1.577457
v 3.002782 0.267254 -1.575356
v 3.009472 0.269370 -1.582466
v 3.011262 0.264848 -1.585046
v 3.008930 0.260987 -1.588202
v 3.003843 0.260049 -1.590087
v 2.998980 0.262584 -1.589596
v 2.997191 0.267107 -1.587017
v 2.999523 0.270968 -1.583860
v 3.004610 0.271906 -1.581975
v 3.010908 0.273515 -1.589002
v 3.012652 0.268862 -1.591374
v 3.010247 0.264794 -1.594199
v 3.005103 0.263693 -1.595823
v 3.000232 0.266205 -1.595294
v 2.998488 0.270857 -1.592922
v 3.000893 0.274925 -1.590097
v 3.006037 0.276026 -1.588473
v 3.011955 0.276896 -1.595389
v 3.013634 0.272037 -1.597360
v 3.011145 0.267700 -1.599663
v 3.005945 0.266425 -1.600948
v 3.001081 0.268959 -1.600463
v 2.999403 0.273818 -1.598492
v 3.001892 0.278155 -1.596190
v 3.007092 0.279430 -1.594904
v 3.012648 0.279270 -1.601703
v 3.014247 0.274148 -1.602937
v 3.011665 0.269507 -1.604388
v 3.006415 0.268065 -1.605207
v 3.001572 0.270667 -1.604913
v 2.999973 0.275789 -1.603679
v 3.002555 0.280430 -1.602228
v 3.007805 0.281872 -1.601410
v 3.013009 0.280247 -1.608054
v 3.014536 0.274958 -1.608012
v 3.011877 0.270138 -1.608101
v 3.006590 0.268610 -1.608268
v 3.001772 0.271271 -1.608416
v 3.000245 0.276561 -1.608458
v 3.002904 0.281381 -1.608370
v 3.008191 0.282908 -1.608202
v 3.013050 0.279215 -1.614310
v 3.014562 0.274254 -1.612464
v 3.011888 0.269766 -1.610726
v 3.006594 0.268380 -1.610114
v 3.001782 0.270909 -1.610987
v 3.000271 0.275870 -1.612834
v 3.002944 0.280358 -1.614572
v 3.008238 0.281744 -1.615183
v 3.012824 0.275763 -1.619782
v 3.014399 0.271872 -1.616220
v 3.011786 0.268423 -1.612815
v 3.006516 0.267438 -1.611562
v 3.001676 0.269492 -1.613196
v 3.000102 0.273383 -1.616759
v 3.002715 0.276831 -1.620163
v 3.007985 0.277817 -1.621416
v 3.012470 0.270142 -1.623899
v 3.014124 0.267590 -1.619309
v 3.011586 0.265391 -1.614946
v 3.006341 0.264833 -1.613366
v 3.001463 0.266243 -1.615493
v 2.999809 0.268795 -1.620083
v 3.002347 0.270994 -1.624445
v 3.007591 0.271552 -1.626026
v 3.012109 0.262550 -1.626766
v 3.013813 0.261079 -1.621742
v 3.011320 0.259845 -1.616991
v 3.006088 0.259570 -1.615297
v 3.001184 0.260415 -1.617651
v 2.999479 0.261885 -1.622676
v 3.001973 0.263119 -1.627427
v 3.007204 0.263394 -1.629121
v 3.011827 0.252726 -1.628636
v 3.013553 0.252005 -1.623458
v 3.011077 0.251402 -1.618577
v 3.005850 0.251272 -1.616853
v 3.000934 0.251689 -1.619296
v 2.999208 0.252411 -1.624474
v 3.001684 0.253013 -1.629355
v 3.006911 0.253144 -1.631079
v 3.011713 0.240261 -1.629604
v 3.013443 0.240050 -1.624382
v 3.010971 0.239849 -1.619466
v 3.005744 0.239777 -1.617738
v 3.000825 0.239876 -1.620208
v 2.999095 0.240087 -1.625430
v 3.001567 0.240288 -1.630345
v 3.006793 0.240360 -1.632074
v 3.011866 0.224742 -1.629665
v 3.013592 0.224898 -1.624440
v 3.011118 0.224967 -1.619522
v 3.005891 0.224910 -1.617793
v 3.000974 0.224759 -1.620266
v 2.999247 0.224603 -1.625491
v 3.001722 0.224534 -1.630409
v 3.006948 0.224591 -1.632138
v 3.035269 0.213354 -1.630027
v 3.035269 0.213354 -1.620048
v 3.035269 0.206298 -1.612991
v 3.035269 0.206298 -1.637083
v 3.035269 0.189262 -1.630027
v 3.035269 0.189262 -1.620048
v 3.035269 0.196319 -1.612991
v 3.035269 0.196319 -1.637083
v 2.973745 0.208071 -1.622236
v 2.973745 0.208071 -1.627838
v 2.973745 0.204110 -1.618274
v 2.973745 0.204110 -1.631800
v 2.973745 0.194545 -1.622236
v 2.973745 0.194545 -1.627838
v 2.973745 0.198507 -1.618274
v 2.973745 0.198507 -1.631800
v 3.006436 0.181012 -1.634160
v 3.006437 0.181012 -1.625037
v 3.006436 0.181012 -1.619950
v 3.035269 0.214332 -1.625037
v 3.035269 0.210517 -1.615828
v 3.035269 0.210517 -1.634246
v 3.035269 0.188285 -1.625037
v 3.035269 0.192099 -1.615828
v 3.035269 0.192099 -1.634246
v 3.035269 0.201308 -1.612014
v 3.035269 0.201308 -1.638061
v 2.973745 0.208620 -1.625037
v 2.973745 0.206478 -1.619867
v 2.973745 0.206478 -1.630207
v 2.973745 0.193997 -1.625037
v 2.973745 0.196138 -1.619867
v 2.973745 0.196138 -1.630207
v 2.973745 0.201308 -1.632349
v 2.973745 0.201308 -1.617726
v 2.983865 0.213308 -1.620061
v 2.983865 0.213304 -1.630009
v 2.983988 0.206272 -1.613018
v 2.983988 0.206253 -1.637045
v 3.011378 0.221624 -1.637041
v 3.018366 0.221733 -1.630009
v 3.018366 0.221733 -1.620065
v 2.994507 0.221733 -1.630009
v 2.994507 0.221733 -1.620065
v 3.001453 0.208191 -1.612975
v 3.011420 0.208179 -1.612987
v 3.001453 0.208179 -1.637087
v 3.011420 0.208191 -1.637099
v 3.011378 0.221624 -1.613034
v 3.001495 0.221624 -1.613034
v 3.001495 0.221624 -1.637041
v 2.994415 0.213311 -1.630027
v 2.994415 0.213315 -1.620044
v 3.018458 0.213315 -1.630031
v 3.018458 0.213311 -1.620048
v 3.009712 0.221699 -1.633023
v 3.014351 0.221699 -1.628348
v 3.014351 0.221699 -1.621727
v 2.998522 0.221699 -1.628348
v 2.998522 0.221699 -1.621727
v 3.009712 0.221699 -1.617052
v 3.003161 0.221699 -1.617052
v 3.003161 0.221699 -1.633023
v 3.009680 0.232837 -1.632941
v 3.014259 0.232837 -1.628322
v 3.014259 0.232837 -1.621752
v 2.998614 0.232837 -1.628322
v 2.998614 0.232837 -1.621752
v 3.009680 0.232837 -1.617134
v 3.003193 0.232837 -1.617134
v 3.003193 0.232837 -1.632941
v 2.983865 0.189313 -1.620065
v 2.983865 0.189309 -1.630013
v 2.983988 0.196364 -1.613030
v 2.983988 0.196344 -1.637056
v 3.011378 0.181012 -1.637041
v 3.018366 0.180904 -1.630009
v 3.006436 0.181012 -1.630125
v 3.018366 0.180904 -1.620065
v 2.994507 0.180904 -1.630009
v 2.994507 0.180904 -1.620065
v 3.011420 0.194351 -1.612975
v 3.001453 0.194363 -1.612987
v 3.001453 0.194351 -1.637099
v 3.011420 0.194363 -1.637087
v 3.011378 0.181012 -1.613034
v 3.001495 0.181012 -1.613034
v 3.001495 0.181012 -1.637041
v 2.994415 0.189227 -1.630031
v 2.994415 0.189231 -1.620048
v 3.018458 0.189231 -1.630027
v 3.018458 0.189227 -1.620044
v 3.006436 0.181012 -1.615914
v 2.983832 0.208114 -1.622218
v 2.983832 0.208114 -1.627856
v 2.983832 0.204127 -1.618232
v 2.983832 0.204127 -1.631843
v 2.983832 0.194503 -1.622218
v 2.983832 0.194503 -1.627856
v 2.983832 0.198489 -1.618232
v 2.983832 0.198489 -1.631843
v 2.999436 0.201592 -1.611426
v 3.014776 0.201024 -1.611426
v 2.999436 0.201024 -1.638649
v 3.014776 0.201592 -1.638649
v 3.006437 0.232885 -1.627967
v 3.006437 0.232885 -1.622107
v 3.006593 0.201308 -1.638839
v 3.006436 0.232885 -1.630050
v 3.006593 0.201308 -1.611235
v 3.006436 0.232885 -1.620024
v 3.006437 0.232885 -1.625037
v 2.983842 0.214284 -1.625037
v 2.983927 0.210474 -1.615849
v 2.983927 0.210463 -1.634214
v 3.015556 0.221679 -1.634214
v 3.019334 0.221753 -1.625037
v 2.993539 0.221753 -1.625037
v 3.006436 0.207223 -1.612002
v 3.006436 0.207223 -1.638072
v 3.015556 0.221679 -1.615861
v 2.997316 0.221679 -1.615861
v 2.997316 0.221679 -1.634214
v 2.993441 0.214275 -1.625037
v 3.019433 0.214275 -1.625038
v 3.015630 0.210755 -1.634258
v 2.997243 0.210744 -1.634247
v 2.997243 0.210755 -1.615817
v 3.015630 0.210744 -1.615828
v 3.006436 0.221604 -1.638015
v 3.006436 0.221604 -1.612060
v 3.012485 0.221699 -1.631144
v 3.014994 0.221699 -1.625037
v 2.997879 0.221699 -1.625037
v 3.012485 0.221699 -1.618930
v 3.000388 0.221699 -1.618930
v 3.000388 0.221699 -1.631144
v 3.006436 0.221699 -1.633670
v 3.006436 0.221699 -1.616404
v 3.012419 0.232837 -1.631088
v 3.014893 0.232837 -1.625037
v 2.997980 0.232837 -1.625037
v 3.012419 0.232837 -1.618986
v 3.000454 0.232837 -1.618986
v 3.000454 0.232837 -1.631088
v 3.006436 0.232837 -1.633578
v 3.006436 0.232837 -1.616496
v 2.983842 0.188332 -1.625038
v 2.983927 0.192154 -1.615860
v 2.983927 0.192142 -1.634225
v 3.015556 0.180958 -1.634214
v 3.019334 0.180883 -1.625037
v 2.993539 0.180883 -1.625037
v 3.006436 0.195319 -1.612002
v 3.006436 0.195319 -1.638072
v 3.015556 0.180958 -1.615861
v 2.997316 0.180958 -1.615861
v 2.997316 0.180958 -1.634214
v 2.993441 0.188267 -1.625038
v 3.019433 0.188267 -1.625037
v 3.015630 0.191798 -1.634247
v 2.997243 0.191787 -1.634258
v 2.997243 0.191798 -1.615828
v 3.015630 0.191787 -1.615817
v 3.006436 0.181033 -1.638015
v 3.006436 0.181033 -1.612060
v 2.984011 0.201297 -1.638026
v 2.984011 0.201320 -1.612048
v 2.983832 0.208666 -1.625037
v 2.983832 0.206511 -1.619834
v 2.983832 0.206511 -1.630240
v 2.983832 0.193951 -1.625037
v 2.983832 0.196106 -1.619834
v 2.983832 0.196106 -1.630240
v 2.983832 0.201308 -1.632395
v 2.983832 0.201308 -1.617679
v 2.967230 0.229894 -1.618599
v 2.967612 0.233562 -1.609472
v 2.967612 0.225957 -1.599055
v 2.967230 0.216146 -1.599770
v 2.966478 0.210601 -1.637764
v 2.967230 0.186470 -1.650305
v 2.967612 0.176660 -1.651019
v 2.967612 0.169054 -1.640603
v 2.967230 0.172722 -1.631476
v 2.966478 0.192016 -1.612311
v 2.967510 0.233713 -1.613433
v 2.975227 0.233707 -1.609448
v 2.966751 0.205095 -1.604605
v 2.976064 0.210675 -1.637866
v 2.966751 0.221923 -1.627653
v 2.967510 0.222229 -1.597705
v 2.975510 0.230004 -1.618663
v 2.975227 0.226023 -1.598925
v 2.976064 0.191941 -1.612208
v 2.975510 0.216118 -1.599645
v 2.966632 0.228712 -1.617915
v 2.966632 0.216438 -1.601104
v 2.965806 0.209804 -1.636673
v 2.967018 0.232015 -1.609725
v 2.967018 0.225244 -1.600452
v 2.965806 0.192812 -1.613401
v 2.968442 0.227760 -1.617314
v 2.968804 0.230927 -1.609795
v 2.968804 0.224846 -1.601467
v 2.968442 0.216720 -1.602193
v 2.967627 0.193557 -1.614422
v 2.967627 0.209059 -1.635653
v 2.976928 0.225586 -1.600177
v 2.976928 0.232380 -1.609483
v 2.977322 0.228849 -1.617819
v 2.978142 0.209727 -1.636568
v 2.978142 0.192889 -1.613506
v 2.977322 0.216570 -1.601003
v 2.967510 0.180388 -1.652369
v 2.975227 0.176594 -1.651150
v 2.966751 0.180693 -1.622422
v 2.966751 0.197522 -1.645469
v 2.967510 0.168904 -1.636641
v 2.975510 0.186499 -1.650429
v 2.975227 0.168910 -1.640626
v 2.975510 0.172612 -1.631411
v 2.966632 0.186179 -1.648971
v 2.966632 0.173904 -1.632160
v 2.967018 0.177373 -1.649622
v 2.967018 0.170602 -1.640349
v 2.968442 0.185897 -1.647881
v 2.968804 0.177770 -1.648607
v 2.968804 0.171690 -1.640280
v 2.968442 0.174856 -1.632760
v 2.976928 0.170236 -1.640591
v 2.976928 0.177031 -1.649897
v 2.977322 0.186047 -1.649071
v 2.977322 0.173768 -1.632255
v 2.975303 0.233849 -1.613461
v 2.975863 0.222013 -1.627741
v 2.975863 0.205038 -1.604492
v 2.975303 0.222244 -1.597567
v 2.966924 0.222066 -1.599181
v 2.966108 0.220957 -1.626718
v 2.966108 0.205690 -1.605810
v 2.966924 0.232258 -1.613139
v 2.968722 0.231180 -1.612815
v 2.967926 0.206236 -1.606884
v 2.967926 0.220099 -1.625871
v 2.968722 0.222046 -1.600306
v 2.977843 0.220964 -1.626617
v 2.977843 0.205789 -1.605834
v 2.977026 0.232528 -1.612973
v 2.977026 0.222306 -1.598974
v 2.975303 0.180373 -1.652507
v 2.975863 0.197578 -1.645582
v 2.975863 0.180603 -1.622334
v 2.975303 0.168768 -1.636613
v 2.966924 0.170359 -1.636935
v 2.966108 0.196926 -1.644264
v 2.966108 0.181660 -1.623356
v 2.966924 0.180551 -1.650893
v 2.968722 0.180570 -1.649768
v 2.967926 0.182517 -1.624203
v 2.967926 0.196380 -1.643190
v 2.968722 0.171437 -1.637259
v 2.977843 0.196828 -1.644240
v 2.977843 0.181653 -1.623457
v 2.977026 0.180310 -1.651101
v 2.977026 0.170088 -1.637101
v 2.968504 0.226942 -1.614037
v 2.968504 0.219592 -1.603971
v 2.967953 0.218428 -1.622227
v 2.967953 0.209198 -1.609587
v 2.967627 0.206468 -1.632104
v 2.967627 0.196148 -1.617970
v 2.967953 0.193418 -1.640488
v 2.967953 0.184189 -1.627847
v 2.968504 0.183025 -1.646103
v 2.968504 0.175675 -1.636037
v 3.032480 0.177316 -1.651169
v 3.031778 0.177567 -1.650922
v 3.031073 0.178308 -1.650191
v 3.030338 0.179435 -1.648963
v 3.032480 0.183314 -1.656647
v 3.031705 0.183502 -1.656245
v 3.030930 0.184079 -1.655021
v 3.030131 0.184988 -1.652923
v 3.032480 0.189312 -1.660132
v 3.031656 0.189440 -1.659667
v 3.030827 0.189823 -1.658226
v 3.029941 0.190426 -1.655816
v 3.032478 0.195316 -1.662155
v 3.031622 0.195398 -1.661762
v 3.030742 0.195631 -1.660357
v 3.029724 0.195995 -1.658384
v 3.032475 0.201327 -1.662892
v 3.031601 0.201388 -1.662605
v 3.030672 0.201570 -1.661539
v 3.029512 0.201960 -1.660533
v 3.032472 0.207339 -1.662293
v 3.031596 0.207391 -1.662116
v 3.030640 0.207563 -1.661311
v 3.029463 0.207914 -1.660528
v 3.032473 0.213337 -1.660268
v 3.031616 0.213368 -1.660193
v 3.030681 0.213436 -1.659604
v 3.029600 0.213455 -1.658557
v 3.032476 0.219919 -1.656642
v 3.031674 0.219860 -1.656507
v 3.030810 0.219722 -1.655993
v 3.029868 0.219280 -1.654910
v 3.029495 0.180720 -1.647297
v 3.029015 0.177716 -1.642120
v 3.028716 0.176300 -1.636895
v 3.028654 0.176450 -1.631593
v 3.028769 0.177670 -1.626167
v 3.028926 0.179105 -1.620757
v 3.029055 0.179529 -1.615169
v 3.029255 0.180308 -1.610016
v 3.029176 0.185835 -1.649963
v 3.028358 0.182772 -1.644366
v 3.027849 0.180959 -1.638449
v 3.027738 0.181066 -1.632417
v 3.027945 0.182520 -1.626163
v 3.028259 0.184077 -1.620012
v 3.028470 0.184326 -1.613887
v 3.028775 0.184818 -1.608263
v 3.028913 0.191101 -1.652315
v 3.028013 0.188842 -1.646247
v 3.027473 0.187318 -1.639512
v 3.027347 0.187151 -1.632800
v 3.027557 0.188226 -1.626026
v 3.027909 0.189469 -1.619603
v 3.028147 0.189634 -1.613304
v 3.028499 0.189930 -1.607159
v 3.028637 0.196628 -1.654732
v 3.027849 0.195460 -1.648087
v 3.027399 0.194366 -1.640399
v 3.027309 0.194251 -1.633037
v 3.027479 0.194807 -1.626056
v 3.027736 0.195299 -1.619491
v 3.027986 0.195486 -1.613176
v 3.028360 0.195472 -1.606506
v 3.028410 0.202245 -1.656679
v 3.027735 0.201977 -1.649704
v 3.027503 0.201488 -1.641112
v 3.027449 0.201312 -1.633290
v 3.027532 0.201316 -1.626237
v 3.027683 0.201318 -1.619583
v 3.027930 0.201243 -1.613141
v 3.028308 0.200890 -1.606141
v 3.028397 0.207616 -1.656763
v 3.027772 0.207920 -1.649705
v 3.027650 0.207904 -1.640910
v 3.027591 0.207773 -1.633231
v 3.027624 0.207517 -1.626204
v 3.027754 0.207287 -1.619560
v 3.027993 0.207054 -1.613211
v 3.028344 0.206602 -1.606337
v 3.028583 0.212723 -1.655229
v 3.028050 0.213755 -1.648173
v 3.027906 0.214455 -1.639985
v 3.027813 0.214321 -1.632897
v 3.027847 0.213739 -1.626127
v 3.027978 0.213059 -1.619652
v 3.028185 0.212585 -1.613403
v 3.028478 0.212116 -1.606764
v 3.028935 0.217976 -1.652304
v 3.028534 0.220047 -1.645384
v 3.028349 0.221415 -1.638427
v 3.028254 0.221435 -1.632078
v 3.028287 0.220305 -1.625809
v 3.028390 0.218869 -1.619789
v 3.028537 0.217854 -1.613784
v 3.028749 0.217355 -1.607553
v 3.029564 0.181693 -1.604965
v 3.030316 0.180130 -1.603243
v 3.031061 0.179079 -1.602140
v 3.031777 0.178413 -1.601459
v 3.032480 0.178180 -1.601219
v 3.029272 0.185898 -1.602503
v 3.030105 0.184518 -1.599261
v 3.030921 0.183625 -1.597323
v 3.031705 0.183045 -1.596158
v 3.032480 0.182841 -1.595762
v 3.029057 0.190665 -1.600382
v 3.029903 0.189555 -1.595888
v 3.030787 0.188764 -1.593607
v 3.031647 0.188370 -1.592498
v 3.032478 0.188235 -1.592126
v 3.028910 0.195487 -1.598709
v 3.029751 0.194709 -1.593385
v 3.030667 0.194196 -1.590902
v 3.031600 0.193880 -1.590081
v 3.032474 0.193798 -1.589895
v 3.028841 0.200383 -1.597875
v 3.029697 0.200020 -1.592398
v 3.030629 0.199813 -1.589859
v 3.031579 0.199696 -1.589163
v 3.032471 0.199636 -1.589108
v 3.028851 0.205832 -1.598171
v 3.029709 0.205958 -1.592962
v 3.030662 0.205912 -1.590773
v 3.031595 0.205824 -1.589977
v 3.032472 0.205805 -1.589846
v 3.028978 0.211185 -1.599553
v 3.029811 0.211770 -1.594862
v 3.030735 0.211843 -1.592911
v 3.031631 0.211846 -1.592164
v 3.032475 0.211816 -1.591956
v 3.029185 0.216173 -1.601369
v 3.029985 0.217255 -1.597831
v 3.030839 0.217576 -1.596178
v 3.031677 0.217652 -1.595512
v 3.032473 0.217594 -1.595350
v 3.030079 0.177685 -1.608857
v 3.029940 0.176380 -1.614553
v 3.029860 0.175747 -1.620409
v 3.029787 0.174433 -1.626077
v 3.029747 0.173548 -1.631782
v 3.029821 0.173809 -1.637476
v 3.030033 0.175610 -1.643180
v 3.030903 0.176207 -1.608207
v 3.030812 0.174527 -1.614220
v 3.030764 0.173660 -1.620222
v 3.030732 0.172537 -1.626042
v 3.030734 0.172022 -1.631924
v 3.030791 0.172290 -1.637841
v 3.030907 0.174134 -1.643874
v 3.031701 0.175249 -1.607791
v 3.031655 0.173502 -1.614019
v 3.031629 0.172339 -1.620087
v 3.031619 0.171389 -1.626054
v 3.031627 0.170848 -1.632022
v 3.031654 0.171187 -1.638077
v 3.031704 0.173086 -1.644329
v 3.032480 0.174925 -1.607638
v 3.032480 0.173082 -1.613919
v 3.032480 0.171865 -1.620029
v 3.032480 0.170902 -1.626033
v 3.032480 0.170389 -1.632049
v 3.032480 0.170758 -1.638157
v 3.032480 0.172707 -1.644474
v 3.032471 0.223233 -1.600432
v 3.032473 0.227688 -1.606538
v 3.032478 0.231247 -1.612628
v 3.032480 0.234786 -1.618680
v 3.032480 0.237653 -1.624748
v 3.032480 0.239101 -1.630968
v 3.032480 0.238224 -1.637369
v 3.032480 0.234494 -1.644029
v 3.032479 0.227765 -1.650951
v 3.031747 0.223269 -1.600455
v 3.031684 0.227513 -1.606573
v 3.031649 0.230874 -1.612684
v 3.031628 0.234274 -1.618734
v 3.031621 0.237097 -1.624772
v 3.031630 0.238552 -1.630935
v 3.031656 0.237706 -1.637265
v 3.031700 0.234085 -1.643875
v 3.031765 0.227547 -1.650776
v 3.030995 0.223118 -1.600812
v 3.030873 0.226740 -1.606846
v 3.030809 0.229707 -1.612964
v 3.030775 0.232651 -1.618922
v 3.030761 0.235343 -1.624807
v 3.030775 0.236609 -1.630834
v 3.030820 0.236088 -1.637019
v 3.030898 0.232615 -1.643527
v 3.031017 0.226960 -1.650340
v 3.030227 0.222385 -1.601704
v 3.030054 0.225021 -1.607618
v 3.029962 0.227371 -1.613552
v 3.029918 0.229817 -1.619310
v 3.029894 0.231963 -1.624959
v 3.029904 0.233289 -1.630726
v 3.029952 0.233164 -1.636716
v 3.030045 0.230243 -1.643095
v 3.030217 0.225651 -1.649696
v 3.029490 0.220705 -1.603629
v 3.029255 0.222080 -1.609127
v 3.029135 0.223396 -1.614677
v 3.029059 0.225038 -1.620027
v 3.029008 0.226818 -1.625330
v 3.028994 0.228093 -1.630772
v 3.029038 0.228370 -1.636381
v 3.029169 0.226491 -1.642298
v 3.029404 0.223620 -1.648371
v 2.765736 0.030136 -1.238535
v 2.761960 0.030136 -1.229419
v 2.752843 0.030136 -1.225642
v 2.743726 0.030136 -1.229419
v 2.739950 0.030136 -1.238535
v 2.743726 0.030136 -1.247652
v 2.752843 0.030136 -1.251428
v 2.761960 0.030136 -1.247652
v 2.756789 0.037772 -1.238535
v 2.755633 0.037772 -1.235745
v 2.752843 0.037772 -1.234590
v 2.750053 0.037772 -1.235745
v 2.748898 0.037772 -1.238535
v 2.750053 0.037772 -1.241325
v 2.752843 0.037772 -1.242481
v 2.755633 0.037772 -1.241325
v 2.756771 0.073392 -1.238535
v 2.755621 0.073392 -1.235758
v 2.752843 0.073392 -1.234607
v 2.750066 0.073392 -1.235758
v 2.748915 0.073392 -1.238535
v 2.750009 0.073397 -1.241288
v 2.752842 0.073420 -1.242373
v 2.755677 0.073397 -1.241288
v 2.755584 0.074376 -1.238535
v 2.754781 0.074369 -1.236582
v 2.752832 0.074345 -1.235725
v 2.750849 0.074338 -1.236540
v 2.750022 0.074338 -1.238535
v 2.750849 0.074338 -1.240530
v 2.752832 0.074344 -1.241345
v 2.754781 0.074369 -1.240489
v 2.764741 0.030136 -1.233607
v 2.757771 0.030136 -1.226637
v 2.747915 0.030136 -1.226637
v 2.740945 0.030136 -1.233607
v 2.740945 0.030136 -1.243464
v 2.747915 0.030136 -1.250433
v 2.757771 0.030136 -1.250433
v 2.764741 0.030136 -1.243464
v 2.756484 0.037772 -1.237027
v 2.754351 0.037772 -1.234894
v 2.751335 0.037772 -1.234894
v 2.749202 0.037772 -1.237027
v 2.749202 0.037772 -1.240043
v 2.751335 0.037772 -1.242176
v 2.754351 0.037772 -1.242176
v 2.756484 0.037772 -1.240043
v 2.757115 0.033557 -1.242807
v 2.752843 0.033557 -1.244576
v 2.752843 0.033557 -1.232494
v 2.757115 0.033557 -1.234264
v 2.748571 0.033557 -1.242807
v 2.746802 0.033557 -1.238535
v 2.758884 0.033557 -1.238535
v 2.748571 0.033557 -1.234264
v 2.756468 0.073392 -1.237034
v 2.754345 0.073392 -1.234910
v 2.751342 0.073392 -1.234910
v 2.749218 0.073392 -1.237034
v 2.749211 0.073392 -1.240033
v 2.756475 0.073392 -1.240033
v 2.751177 0.073420 -1.242092
v 2.754509 0.073420 -1.242092
v 2.755373 0.074375 -1.237485
v 2.751763 0.074339 -1.235933
v 2.750240 0.074338 -1.237457
v 2.750240 0.074338 -1.239613
v 2.751763 0.074339 -1.241137
v 2.755373 0.074375 -1.239585
v 2.753889 0.074357 -1.235962
v 2.753889 0.074357 -1.241108
v 2.764741 0.030912 -1.243464
v 2.757771 0.030912 -1.250433
v 2.747915 0.030912 -1.250433
v 2.740945 0.030912 -1.243464
v 2.740945 0.030912 -1.233607
v 2.747915 0.030912 -1.226637
v 2.757771 0.030912 -1.226637
v 2.764741 0.030912 -1.233607
v 2.755152 0.033557 -1.244110
v 2.755152 0.033557 -1.232960
v 2.747268 0.033557 -1.240844
v 2.758418 0.033557 -1.240844
v 2.758418 0.033557 -1.236226
v 2.750534 0.033557 -1.232960
v 2.750534 0.033557 -1.244110
v 2.747268 0.033557 -1.236226
v 2.761960 0.030912 -1.247652
v 2.752843 0.030912 -1.251428
v 2.743726 0.030912 -1.247652
v 2.739950 0.030912 -1.238535
v 2.743726 0.030912 -1.229419
v 2.752843 0.030912 -1.225642
v 2.761960 0.030912 -1.229419
v 2.765736 0.030912 -1.238535
v 2.862880 0.374552 -1.249999
v 2.866657 0.374552 -1.240883
v 2.875774 0.374552 -1.237106
v 2.884890 0.374552 -1.240883
v 2.888667 0.374552 -1.249999
v 2.884890 0.374552 -1.259116
v 2.875774 0.374552 -1.262893
v 2.866657 0.374552 -1.259116
v 2.871828 0.366915 -1.249999
v 2.872984 0.366915 -1.247209
v 2.875774 0.366915 -1.246054
v 2.878563 0.366915 -1.247209
v 2.879719 0.366915 -1.249999
v 2.878563 0.366915 -1.252789
v 2.875774 0.366915 -1.253945
v 2.872984 0.366915 -1.252789
v 2.871846 0.331296 -1.249999
v 2.872996 0.331296 -1.247222
v 2.875774 0.331296 -1.246071
v 2.878551 0.331296 -1.247222
v 2.879702 0.331296 -1.249999
v 2.878608 0.331290 -1.252752
v 2.875775 0.331267 -1.253837
v 2.872939 0.331290 -1.252752
v 2.873033 0.330312 -1.249999
v 2.873836 0.330318 -1.248046
v 2.875785 0.330343 -1.247189
v 2.877769 0.330350 -1.248005
v 2.878594 0.330350 -1.249999
v 2.877769 0.330350 -1.251994
v 2.875785 0.330343 -1.252810
v 2.873836 0.330318 -1.251953
v 2.863876 0.374552 -1.245071
v 2.870845 0.374552 -1.238101
v 2.880702 0.374552 -1.238101
v 2.887671 0.374552 -1.245071
v 2.887671 0.374552 -1.254928
v 2.880702 0.374552 -1.261897
v 2.870845 0.374552 -1.261897
v 2.863876 0.374552 -1.254928
v 2.872133 0.366915 -1.248491
v 2.874265 0.366915 -1.246358
v 2.877282 0.366915 -1.246358
v 2.879415 0.366915 -1.248491
v 2.879415 0.366915 -1.251507
v 2.877282 0.366915 -1.253640
v 2.874265 0.366915 -1.253640
v 2.872133 0.366915 -1.251507
v 2.871502 0.371130 -1.254271
v 2.875774 0.371130 -1.256040
v 2.875774 0.371130 -1.243958
v 2.871502 0.371130 -1.245728
v 2.880045 0.371130 -1.254271
v 2.881815 0.371130 -1.249999
v 2.869733 0.371130 -1.249999
v 2.880045 0.371130 -1.245728
v 2.872149 0.331296 -1.248498
v 2.874272 0.331296 -1.246374
v 2.877275 0.331296 -1.246374
v 2.879398 0.331296 -1.248498
v 2.879405 0.331295 -1.251498
v 2.872142 0.331295 -1.251498
v 2.877440 0.331267 -1.253556
v 2.874107 0.331267 -1.253556
v 2.873244 0.330312 -1.248949
v 2.876853 0.330349 -1.247398
v 2.878377 0.330350 -1.248921
v 2.878377 0.330350 -1.251078
v 2.876853 0.330349 -1.252601
v 2.873244 0.330312 -1.251049
v 2.874728 0.330331 -1.247426
v 2.874728 0.330331 -1.252573
v 2.863876 0.373775 -1.254928
v 2.870845 0.373775 -1.261897
v 2.880702 0.373775 -1.261897
v 2.887671 0.373775 -1.254928
v 2.887671 0.373775 -1.245071
v 2.880702 0.373775 -1.238101
v 2.870845 0.373775 -1.238101
v 2.863876 0.373775 -1.245071
v 2.873465 0.371130 -1.255574
v 2.873465 0.371130 -1.244425
v 2.881348 0.371130 -1.252308
v 2.870199 0.371130 -1.252308
v 2.870199 0.371130 -1.247690
v 2.878083 0.371130 -1.244425
v 2.878083 0.371130 -1.255574
v 2.881348 0.371130 -1.247690
v 2.866657 0.373775 -1.259116
v 2.875774 0.373775 -1.262893
v 2.884890 0.373775 -1.259116
v 2.888667 0.373775 -1.249999
v 2.884890 0.373775 -1.240883
v 2.875774 0.373775 -1.237106
v 2.866657 0.373775 -1.240883
v 2.862880 0.373775 -1.249999
v 2.765736 0.030136 -1.428371
v 2.761960 0.030136 -1.437488
v 2.752843 0.030136 -1.441264
v 2.743726 0.030136 -1.437488
v 2.739950 0.030136 -1.428371
v 2.743726 0.030136 -1.419255
v 2.752843 0.030136 -1.415478
v 2.761960 0.030136 -1.419255
v 2.756789 0.037772 -1.428371
v 2.755633 0.037772 -1.431161
v 2.752843 0.037772 -1.432317
v 2.750053 0.037772 -1.431161
v 2.748898 0.037772 -1.428371
v 2.750053 0.037772 -1.425582
v 2.752843 0.037772 -1.424426
v 2.755633 0.037772 -1.425582
v 2.756771 0.073392 -1.428371
v 2.755621 0.073392 -1.431149
v 2.752843 0.073392 -1.432299
v 2.750066 0.073392 -1.431149
v 2.748915 0.073392 -1.428371
v 2.750009 0.073397 -1.425619
v 2.752842 0.073420 -1.424533
v 2.755677 0.073397 -1.425619
v 2.755584 0.074376 -1.428371
v 2.754781 0.074369 -1.430325
v 2.752832 0.074345 -1.431182
v 2.750849 0.074338 -1.430366
v 2.750022 0.074338 -1.428371
v 2.750849 0.074338 -1.426377
v 2.752832 0.074344 -1.425561
v 2.754781 0.074369 -1.426418
v 2.764741 0.030136 -1.433300
v 2.757771 0.030136 -1.440269
v 2.747915 0.030136 -1.440269
v 2.740945 0.030136 -1.433300
v 2.740945 0.030136 -1.423443
v 2.747915 0.030136 -1.416473
v 2.757771 0.030136 -1.416473
v 2.764741 0.030136 -1.423443
v 2.756484 0.037772 -1.429880
v 2.754351 0.037772 -1.432012
v 2.751335 0.037772 -1.432012
v 2.749202 0.037772 -1.429880
v 2.749202 0.037772 -1.426863
v 2.751335 0.037772 -1.424731
v 2.754351 0.037772 -1.424731
v 2.756484 0.037772 -1.426863
v 2.757115 0.033557 -1.424100
v 2.752843 0.033557 -1.422330
v 2.752843 0.033557 -1.434412
v 2.757115 0.033557 -1.432643
v 2.748571 0.033557 -1.424100
v 2.746802 0.033557 -1.428371
v 2.758884 0.033557 -1.428371
v 2.748571 0.033557 -1.432643
v 2.756468 0.073392 -1.429873
v 2.754345 0.073392 -1.431996
v 2.751342 0.073392 -1.431996
v 2.749218 0.073392 -1.429873
v 2.749211 0.073392 -1.426873
v 2.756475 0.073392 -1.426873
v 2.751177 0.073420 -1.424814
v 2.754509 0.073420 -1.424815
v 2.755373 0.074375 -1.429421
v 2.751763 0.074339 -1.430973
v 2.750240 0.074338 -1.429450
v 2.750240 0.074338 -1.427293
v 2.751763 0.074339 -1.425770
v 2.755373 0.074375 -1.427322
v 2.753889 0.074357 -1.430945
v 2.753889 0.074357 -1.425798
v 2.764741 0.030912 -1.423443
v 2.757771 0.030912 -1.416473
v 2.747915 0.030912 -1.416473
v 2.740945 0.030912 -1.423443
v 2.740945 0.030912 -1.433300
v 2.747915 0.030912 -1.440269
v 2.757771 0.030912 -1.440269
v 2.764741 0.030912 -1.433300
v 2.755152 0.033557 -1.422797
v 2.755152 0.033557 -1.433946
v 2.747268 0.033557 -1.426062
v 2.758418 0.033557 -1.426062
v 2.758418 0.033557 -1.430681
v 2.750534 0.033557 -1.433946
v 2.750534 0.033557 -1.422797
v 2.747268 0.033557 -1.430681
v 2.761960 0.030912 -1.419255
v 2.752843 0.030912 -1.415478
v 2.743726 0.030912 -1.419255
v 2.739950 0.030912 -1.428371
v 2.743726 0.030912 -1.437488
v 2.752843 0.030912 -1.441264
v 2.761960 0.030912 -1.437488
v 2.765736 0.030912 -1.428371
v 2.862880 0.374552 -1.416907
v 2.866657 0.374552 -1.426024
v 2.875774 0.374552 -1.429800
v 2.884890 0.374552 -1.426024
v 2.888667 0.374552 -1.416907
v 2.884890 0.374552 -1.407790
v 2.875774 0.374552 -1.404014
v 2.866657 0.374552 -1.407790
v 2.871828 0.366915 -1.416907
v 2.872984 0.366915 -1.419697
v 2.875774 0.366915 -1.420853
v 2.878563 0.366915 -1.419697
v 2.879719 0.366915 -1.416907
v 2.878563 0.366915 -1.414117
v 2.875774 0.366915 -1.412962
v 2.872984 0.366915 -1.414117
v 2.871846 0.331296 -1.416907
v 2.872996 0.331296 -1.419685
v 2.875774 0.331296 -1.420835
v 2.878551 0.331296 -1.419685
v 2.879702 0.331296 -1.416907
v 2.878608 0.331290 -1.414155
v 2.875775 0.331267 -1.413069
v 2.872939 0.331290 -1.414155
v 2.873033 0.330312 -1.416907
v 2.873836 0.330318 -1.418861
v 2.875785 0.330343 -1.419718
v 2.877769 0.330350 -1.418902
v 2.878594 0.330350 -1.416907
v 2.877769 0.330350 -1.414913
v 2.875785 0.330343 -1.414097
v 2.873836 0.330318 -1.414954
v 2.863876 0.374552 -1.421835
v 2.870845 0.374552 -1.428805
v 2.880702 0.374552 -1.428805
v 2.887671 0.374552 -1.421835
v 2.887671 0.374552 -1.411979
v 2.880702 0.374552 -1.405009
v 2.870845 0.374552 -1.405009
v 2.863876 0.374552 -1.411979
v 2.872133 0.366915 -1.418415
v 2.874265 0.366915 -1.420548
v 2.877282 0.366915 -1.420548
v 2.879415 0.366915 -1.418415
v 2.879415 0.366915 -1.415399
v 2.877282 0.366915 -1.413266
v 2.874265 0.366915 -1.413266
v 2.872133 0.366915 -1.415399
v 2.871502 0.371130 -1.412636
v 2.875774 0.371130 -1.410866
v 2.875774 0.371130 -1.422948
v 2.871502 0.371130 -1.421179
v 2.880045 0.371130 -1.412636
v 2.881815 0.371130 -1.416907
v 2.869733 0.371130 -1.416907
v 2.880045 0.371130 -1.421179
v 2.872149 0.331296 -1.418409
v 2.874272 0.331296 -1.420532
v 2.877275 0.331296 -1.420532
v 2.879398 0.331296 -1.418409
v 2.879405 0.331295 -1.415409
v 2.872142 0.331295 -1.415409
v 2.877440 0.331267 -1.413350
v 2.874107 0.331267 -1.413350
v 2.873244 0.330312 -1.417957
v 2.876853 0.330349 -1.419509
v 2.878377 0.330350 -1.417986
v 2.878377 0.330350 -1.415829
v 2.876853 0.330349 -1.414306
v 2.873244 0.330312 -1.415857
v 2.874728 0.330331 -1.419481
v 2.874728 0.330331 -1.414334
v 2.863876 0.373775 -1.411979
v 2.870845 0.373775 -1.405009
v 2.880702 0.373775 -1.405009
v 2.887671 0.373775 -1.411979
v 2.887671 0.373775 -1.421835
v 2.880702 0.373775 -1.428805
v 2.870845 0.373775 -1.428805
v 2.863876 0.373775 -1.421835
v 2.873465 0.371130 -1.411333
v 2.873465 0.371130 -1.422482
v 2.881348 0.371130 -1.414598
v 2.870199 0.371130 -1.414598
v 2.870199 0.371130 -1.419216
v 2.878083 0.371130 -1.422482
v 2.878083 0.371130 -1.411333
v 2.881348 0.371130 -1.419216
v 2.866657 0.373775 -1.407790
v 2.875774 0.373775 -1.404014
v 2.884890 0.373775 -1.407790
v 2.888667 0.373775 -1.416907
v 2.884890 0.373775 -1.426024
v 2.875774 0.373775 -1.429800
v 2.866657 0.373775 -1.426024
v 2.862880 0.373775 -1.416907
vn 0.5207 -0.0259 0.8533
vn 0.5654 -0.3116 0.7637
vn 0.7143 -0.3575 0.6016
vn 0.7428 -0.0688 0.6660
vn 0.6703 -0.3748 0.6404
vn 0.7256 -0.0696 0.6845
vn 0.5679 -0.3599 0.7402
vn 0.6113 -0.0392 0.7904
vn 0.4466 -0.3454 0.8254
vn 0.4767 -0.0131 0.8790
vn 0.3118 -0.3397 0.8874
vn 0.3310 0.0050 0.9436
vn 0.1626 -0.3405 0.9261
vn 0.1715 0.0186 0.9850
vn 0.0037 -0.3468 0.9379
vn 0.0011 0.0290 0.9996
vn -0.1569 -0.3585 0.9203
vn -0.1717 0.0362 0.9845
vn -0.3115 -0.3746 0.8733
vn -0.3390 0.0406 0.9399
vn -0.4541 -0.3936 0.7993
vn -0.4951 0.0434 0.8678
vn -0.5806 -0.4132 0.7016
vn -0.6361 0.0460 0.7702
vn -0.6872 -0.4319 0.5841
vn -0.7595 0.0485 0.6487
vn -0.7717 -0.4485 0.4510
vn -0.8615 0.0495 0.5053
vn -0.8324 -0.4615 0.3069
vn -0.9373 0.0484 0.3452
vn -0.8692 -0.4693 0.1555
vn -0.9834 0.0467 0.1753
vn -0.8816 -0.4719 -0.0000
vn -0.9989 0.0460 -0.0000
vn -0.3459 -0.6765 0.6502
vn -0.2410 -0.6513 0.7195
vn -0.2487 -0.6142 0.7489
vn -0.3581 -0.6392 0.6806
vn -0.1241 -0.6285 0.7679
vn -0.1279 -0.5924 0.7954
vn -0.1324 -0.5519 0.8233
vn -0.2572 -0.5707 0.7799
vn -0.3715 -0.5938 0.7138
vn 0.1296 -0.5966 0.7920
vn 0.2556 -0.5890 0.7666
vn 0.2596 -0.5587 0.7877
vn 0.1312 -0.5640 0.8153
vn 0.3726 -0.5866 0.7191
vn 0.3791 -0.5586 0.7378
vn 0.3853 -0.5297 0.7556
vn 0.2630 -0.5280 0.8075
vn 0.1323 -0.5307 0.8372
vn -0.6213 -0.7836 -0.0000
vn -0.6144 -0.7792 0.1237
vn -0.6493 -0.7486 0.1344
vn -0.6576 -0.7533 -0.0000
vn -0.5933 -0.7668 0.2448
vn -0.6243 -0.7352 0.2640
vn -0.6643 -0.6902 0.2870
vn -0.6955 -0.7033 0.1473
vn -0.7063 -0.7079 -0.0000
vn 0.5706 -0.5960 0.5650
vn 0.6103 -0.6048 0.5116
vn 0.6222 -0.5812 0.5245
vn 0.5803 -0.5720 0.5798
vn 0.4753 -0.5565 0.6814
vn 0.5016 -0.5378 0.6776
vn 0.5380 -0.5095 0.6715
vn 0.6410 -0.5465 0.5390
vn 0.5927 -0.5419 0.5959
vn -0.5048 -0.7262 0.4668
vn -0.4348 -0.7019 0.5642
vn -0.4516 -0.6655 0.5942
vn -0.5261 -0.6914 0.4951
vn -0.4705 -0.6195 0.6284
vn -0.5513 -0.6458 0.5283
vn 0.0010 -0.6098 0.7926
vn 0.0001 -0.5753 0.8179
vn -0.0013 -0.5385 0.8426
vn 0.4799 -0.5886 0.6505
vn 0.4885 -0.5628 0.6667
vn 0.4975 -0.5347 0.6831
vn -0.5570 -0.7483 0.3602
vn -0.5831 -0.7153 0.3851
vn -0.6155 -0.6702 0.4148
vn -0.7302 -0.5986 0.3294
vn -0.6701 -0.5743 0.4703
vn -0.6836 -0.5441 0.4865
vn -0.7484 -0.5670 0.3441
vn -0.5930 -0.5475 0.5904
vn -0.6010 -0.5218 0.6054
vn -0.5673 -0.6028 0.5610
vn -0.6625 -0.5888 0.4631
vn -0.7431 -0.5784 0.3364
vn -0.7818 -0.6236 -0.0000
vn -0.7685 -0.6167 0.1709
vn -0.7900 -0.5860 0.1802
vn -0.8046 -0.5938 -0.0000
vn -0.8000 -0.5724 0.1799
vn -0.8213 -0.5705 -0.0000
vn 0.6055 -0.5051 0.6150
vn 0.6568 -0.5144 0.5515
vn 0.6456 -0.5253 0.5544
vn 0.5991 -0.5099 0.6174
vn 0.5803 -0.4994 0.6433
vn 0.5638 -0.5368 0.6277
vn 0.5267 -0.6366 0.5634
vn 0.5572 -0.6504 0.5163
vn 0.5322 -0.6333 0.5618
vn 0.3953 -0.4987 0.7714
vn 0.5104 -0.4982 0.7010
vn 0.5116 -0.5027 0.6968
vn 0.3995 -0.5101 0.7617
vn 0.4621 -0.6286 0.6256
vn 0.3624 -0.6410 0.6766
vn 0.1248 -0.4968 0.8589
vn 0.2660 -0.5010 0.8235
vn 0.2662 -0.5204 0.8114
vn 0.1155 -0.5183 0.8474
vn 0.2379 -0.6610 0.7117
vn 0.0922 -0.6701 0.7365
vn -0.1485 -0.4763 0.8666
vn -0.0165 -0.4849 0.8744
vn -0.0315 -0.5000 0.8654
vn -0.1589 -0.4812 0.8621
vn -0.0391 -0.6632 0.7474
vn -0.1475 -0.6537 0.7422
vn -0.3933 -0.4976 0.7732
vn -0.2739 -0.4808 0.8330
vn -0.2772 -0.4765 0.8344
vn -0.3944 -0.4856 0.7801
vn -0.2481 -0.6439 0.7238
vn -0.3552 -0.6324 0.6884
vn -0.5009 -0.5211 0.6911
vn -0.5042 -0.5019 0.7028
vn -0.4637 -0.6182 0.6347
vn -0.8588 -0.5124 -0.0000
vn -0.8276 -0.5316 0.1802
vn -0.9024 -0.3820 0.1994
vn -0.9313 -0.3643 -0.0000
vn -0.7458 -0.5798 0.3281
vn -0.8279 -0.4236 0.3677
vn -0.6182 -0.5187 0.5907
vn -0.7328 0.0025 0.6804
vn -0.8352 0.0022 0.5499
vn -0.7284 -0.4720 0.4967
vn 0.7746 -0.3097 0.5514
vn 0.8115 0.1390 0.5675
vn 0.5817 0.2544 0.7726
vn 0.5484 -0.4170 0.7249
vn -0.1162 -0.8228 0.5564
vn -0.0361 -0.8291 0.5579
vn -0.0586 -0.6301 0.7743
vn -0.1619 -0.6212 0.7668
vn 0.0629 -0.8412 0.5371
vn 0.0327 -0.6386 0.7689
vn 0.1070 -0.6560 0.7471
vn 0.1228 -0.0242 0.9921
vn 0.0323 0.0396 0.9987
vn -0.2703 -0.6102 0.7447
vn -0.3474 0.0211 0.9375
vn -0.4862 0.0164 0.8737
vn -0.3858 -0.5895 0.7097
vn -0.2898 -0.7872 0.5443
vn -0.1955 -0.8116 0.5506
vn -0.0771 0.0395 0.9962
vn -0.5033 -0.5588 0.6591
vn -0.6164 0.0093 0.7873
vn -0.5166 -0.6975 0.4965
vn -0.3988 -0.7485 0.5298
vn -0.2092 0.0256 0.9775
vn -0.9202 0.0105 0.3913
vn -0.6361 -0.6390 0.4326
vn -0.9784 0.0206 0.2056
vn -0.9997 0.0247 -0.0000
vn 0.0657 -0.9368 0.3436
vn 0.0578 -0.9707 0.2332
vn 0.1413 -0.6894 0.7105
vn 0.0294 0.8043 0.5935
vn 0.1031 0.6772 0.7285
vn 0.1882 -0.0838 0.9785
vn 0.1515 0.6236 0.7669
vn 0.4447 0.3067 0.8415
vn 0.3776 -0.5561 0.7404
vn -0.0387 0.8102 0.5849
vn -0.1212 0.7980 0.5904
vn -0.2080 0.7923 0.5737
vn -0.2975 0.7855 0.5427
vn -0.3848 0.7769 0.4983
vn -0.4657 0.7679 0.4398
vn -0.5361 0.7629 0.3613
vn -0.5899 0.7648 0.2591
vn -0.6235 0.7699 0.1363
vn -0.6358 0.7718 -0.0000
vn 0.2055 -0.8868 0.4139
vn 0.1365 -0.8825 0.4501
vn 0.3051 -0.8885 0.3428
vn 0.2649 -0.8854 0.3820
vn 0.3127 -0.7399 0.5957
vn 0.3191 -0.8805 0.3505
vn -0.5182 -0.7304 0.4449
vn -0.5704 -0.7489 0.3375
vn -0.9087 0.2312 0.3475
vn -0.9070 0.2362 0.3486
vn -0.9577 0.2337 0.1678
vn -0.9592 0.2284 0.1669
vn -0.9055 0.2454 0.3463
vn -0.9550 0.2437 0.1689
vn -0.9702 0.2422 -0.0000
vn -0.9727 0.2323 -0.0000
vn -0.9739 0.2271 -0.0000
vn -0.9723 0.2339 -0.0000
vn -0.9570 0.2347 0.1702
vn -0.8320 0.2299 0.5048
vn -0.7303 0.2191 0.6471
vn -0.9103 0.2350 0.3408
vn -0.6127 0.2063 0.7629
vn -0.4802 0.1942 0.8554
vn -0.3323 0.1827 0.9253
vn -0.1704 0.1707 0.9705
vn -0.0005 0.1572 0.9876
vn 0.1691 0.1414 0.9754
vn 0.5013 0.0821 0.8614
vn 0.7325 0.0625 0.6779
vn 0.7036 0.0591 0.7082
vn 0.6224 0.0838 0.7782
vn 0.6350 0.0787 0.7685
vn 0.7141 0.0766 0.6958
vn 0.4830 0.1084 0.8689
vn 0.4910 0.0996 0.8654
vn 0.4954 0.0961 0.8633
vn 0.6404 0.0791 0.7639
vn 0.7075 0.0840 0.7017
vn 0.7047 0.0741 0.7056
vn -0.0425 -0.2885 0.9565
vn -0.0368 -0.7203 0.6927
vn -0.0100 -0.7078 0.7063
vn -0.0009 -0.2831 0.9591
vn 0.5804 -0.5886 0.5628
vn 0.4881 -0.5851 0.6476
vn -0.6058 -0.7628 0.2262
vn 0.1350 -0.5991 0.7892
vn 0.0008 -0.6144 0.7890
vn 0.3819 -0.5843 0.7161
vn -0.3585 -0.6842 0.6350
vn -0.4478 -0.7085 0.5454
vn -0.1306 -0.6349 0.7615
vn 0.6048 -0.5739 0.5522
vn 0.6342 -0.5863 0.5040
vn -0.6263 -0.7713 0.1134
vn 0.2641 -0.5890 0.7638
vn -0.6331 -0.7741 -0.0000
vn -0.2519 -0.6589 0.7088
vn 0.2779 -0.3801 0.8822
vn 0.5682 -0.4922 0.6595
vn 0.2251 -0.3428 0.9120
vn -0.5817 0.8134 -0.0000
vn -0.5719 0.8131 -0.1089
vn -0.0121 0.9999 -0.0021
vn -0.0127 0.9999 -0.0000
vn -0.4624 0.8288 -0.3150
vn -0.3692 0.8462 -0.3841
vn -0.0080 0.9999 -0.0080
vn -0.0095 0.9999 -0.0062
vn -0.5345 0.8174 -0.2150
vn -0.0108 0.9999 -0.0041
vn -0.2765 0.8678 -0.4129
vn -0.1930 0.8890 -0.4153
vn -0.0049 1.0000 -0.0012
vn -0.0064 0.9999 -0.0089
vn -0.1232 0.9092 -0.3976
vn -0.0595 0.9262 -0.3723
vn -0.0000 0.9948 0.1022
vn 0.0014 0.9337 -0.3581
vn 0.0535 0.9345 -0.3518
vn 0.1025 0.9330 -0.3449
vn 0.1516 0.9304 -0.3337
vn 0.2023 0.9268 -0.3165
vn 0.2544 0.9241 -0.2852
vn 0.3028 0.9257 -0.2267
vn 0.3383 0.9287 -0.1520
vn 0.3562 0.9313 -0.0765
vn 0.3592 0.9333 -0.0000
vn -0.0121 0.9999 0.0021
vn -0.5719 0.8131 0.1089
vn -0.0691 -0.2680 0.9609
vn -0.0433 -0.7069 0.7060
vn 0.0819 0.4632 0.8825
vn 0.5177 0.2266 0.8250
vn 0.5982 -0.0366 0.8005
vn 0.2797 -0.2891 0.9155
vn 0.3703 0.3606 0.8560
vn 0.3935 0.0030 0.9193
vn 0.2664 0.0039 0.9639
vn 0.2499 0.3691 0.8952
vn 0.2355 0.9031 0.3592
vn 0.0495 0.9961 0.0729
vn 0.0554 0.9976 0.0421
vn 0.2802 0.9176 0.2818
vn 0.0055 0.9997 0.0244
vn 0.0050 1.0000 0.0025
vn 0.0058 0.9968 0.0795
vn 0.0549 0.9932 0.1024
vn 0.3247 0.8922 0.3139
vn 0.1760 0.7895 0.5880
vn 0.0419 0.9633 0.2652
vn 0.0842 0.2470 0.9653
vn 0.0264 0.5251 0.8507
vn 0.0205 0.5784 0.8155
vn 0.0098 0.9782 0.2076
vn -0.1191 0.9377 0.3265
vn -0.2038 0.7777 0.5946
vn -0.0039 0.8131 0.5820
vn 0.5415 -0.2039 0.8156
vn 0.5507 0.0841 0.8305
vn 0.3351 0.1201 0.9345
vn 0.3372 0.1154 0.9343
vn 0.3316 0.1298 0.9344
vn 0.1696 0.1480 0.9743
vn 0.1701 0.1382 0.9757
vn 0.1703 0.1333 0.9763
vn 0.0001 0.1545 0.9880
vn 0.0003 0.1496 0.9887
vn -0.0002 0.1640 0.9865
vn -0.1682 0.1786 0.9694
vn -0.1665 0.1701 0.9713
vn -0.1650 0.1656 0.9723
vn -0.3227 0.1857 0.9281
vn -0.3199 0.1818 0.9299
vn -0.3264 0.1923 0.9255
vn -0.4699 0.2054 0.8585
vn -0.4647 0.2010 0.8624
vn -0.4613 0.1979 0.8649
vn -0.5917 0.2149 0.7770
vn -0.5890 0.2123 0.7797
vn -0.5979 0.2183 0.7712
vn -0.7135 0.2309 0.6615
vn -0.7073 0.2267 0.6696
vn -0.7060 0.2238 0.6719
vn -0.8170 0.2346 0.5267
vn -0.8177 0.2307 0.5274
vn -0.8198 0.2413 0.5193
vn 0.4761 0.1027 0.8734
vn 0.3289 0.1235 0.9363
vn 0.2051 -0.8847 0.4186
vn 0.3423 -0.7849 0.5165
vn 0.6191 -0.4957 0.6090
vn 0.1991 -0.6751 0.7103
vn 0.2910 0.0815 0.9532
vn 0.2289 -0.0261 0.9731
vn 0.1565 -0.6974 0.6994
vn 0.2720 -0.6324 0.7254
vn 0.3724 0.2533 0.8928
vn 0.0714 -0.9617 0.2648
vn 0.1203 -0.9361 0.3305
vn 0.9837 0.1798 -0.0000
vn 0.9532 0.1580 0.2579
vn 0.9293 -0.2563 0.2661
vn 0.9714 -0.2375 -0.0000
vn 0.0489 -0.9737 0.2227
vn 0.1714 0.9353 0.3097
vn 0.1913 0.8512 0.4888
vn 0.1835 0.7677 0.6140
vn 0.1720 0.6875 0.7056
vn -0.9784 0.0206 -0.2056
vn -0.9024 -0.3820 -0.1994
vn 0.6029 0.7978 -0.0000
vn 0.6121 0.7748 0.1581
vn 0.5491 0.7544 0.3597
vn 0.3509 0.8355 0.4230
vn 0.2800 -0.4991 0.8201
vn 0.0008 -0.5876 0.8092
vn -0.0710 -0.1988 0.9775
vn 0.1656 -0.2481 0.9545
vn 0.5337 -0.5722 0.6227
vn 0.5456 0.5519 0.6306
vn 0.3489 0.5428 0.7640
vn 0.3413 -0.5536 0.7596
vn 0.0441 -0.9383 0.3430
vn 0.0078 -0.9691 0.2464
vn -0.0394 -0.6607 0.7496
vn -0.0107 -0.9801 0.1980
vn 0.7118 -0.3979 0.5788
vn 0.6258 -0.3791 0.6816
vn 0.1515 -0.4362 0.8870
vn -0.1081 0.5140 0.8509
vn -0.2765 0.8542 0.4403
vn -0.1445 0.8707 0.4701
vn -0.1871 0.9154 0.3563
vn -0.2731 0.8968 0.3480
vn 0.0735 0.8711 0.4856
vn 0.0973 0.8375 0.5377
vn -0.1580 0.4902 0.8572
vn 0.7759 -0.2633 0.5732
vn 0.8911 -0.3909 0.2305
vn 0.8648 -0.4330 0.2541
vn 0.9401 -0.1737 0.2932
vn 0.9329 -0.3158 0.1731
vn 0.9360 -0.3520 -0.0000
vn 0.9087 -0.4174 -0.0000
vn 0.8996 -0.4368 -0.0000
vn 0.9903 -0.1392 -0.0000
vn 0.9666 -0.1275 0.2223
vn 0.9670 -0.1250 0.2222
vn 0.9910 -0.1341 -0.0000
vn 0.8055 -0.0821 0.5868
vn 0.7945 -0.0828 0.6016
vn 0.7784 -0.0778 0.6229
vn 0.9665 -0.1248 0.2244
vn 0.9910 -0.1342 -0.0000
vn -0.1932 0.4589 0.8672
vn -0.3485 0.8674 0.3551
vn -0.2372 0.4272 0.8725
vn -0.4480 0.8202 0.3557
vn -0.4328 0.7758 0.4591
vn -0.3443 0.8223 0.4531
vn 0.4236 -0.0625 0.9037
vn 0.1738 0.0764 0.9818
vn 0.6945 0.3952 0.6013
vn 0.8418 0.1097 0.5285
vn -0.0507 0.5035 0.8625
vn 0.1042 0.4865 0.8674
vn 0.1898 0.8947 0.4042
vn -0.0880 0.9132 0.3980
vn 0.2290 0.4348 0.8709
vn 0.4224 0.8093 0.4082
vn 0.3781 0.7244 0.5764
vn 0.1693 0.8001 0.5754
vn -0.0802 0.8132 0.5764
vn 0.9500 -0.2806 0.1367
vn 0.9567 -0.2911 -0.0000
vn 0.9457 -0.2700 0.1809
vn 0.9115 -0.3304 0.2450
vn 0.9551 -0.2552 0.1506
vn 0.9703 -0.2418 -0.0000
vn -0.3602 0.3517 0.8640
vn -0.3424 0.3794 0.8595
vn -0.6216 0.6963 0.3588
vn -0.6675 0.6543 0.3554
vn -0.2904 0.4227 0.8585
vn -0.5203 0.7701 0.3691
vn -0.4766 0.6927 0.5413
vn -0.5750 0.6351 0.5158
vn -0.6236 0.6063 0.4935
vn 0.9916 -0.1295 -0.0000
vn 0.9694 -0.1079 0.2204
vn 0.9753 -0.0690 0.2099
vn 0.9939 -0.1100 -0.0000
vn 0.7811 -0.0196 0.6241
vn 0.8189 0.1330 0.5583
vn 0.8062 0.3331 0.4889
vn 0.9793 -0.0527 0.1957
vn 0.9953 -0.0966 -0.0000
vn 0.1413 0.5531 0.8210
vn 0.1470 -0.5249 0.8383
vn 0.7417 -0.6091 0.2810
vn 0.6767 0.5591 0.4791
vn 0.6765 -0.5839 0.4488
vn 0.7526 -0.6584 -0.0000
vn 0.7556 -0.6426 0.1268
vn -0.7738 -0.5654 0.2856
vn -0.9272 0.1347 0.3495
vn -0.9764 0.1357 0.1679
vn -0.8038 -0.5802 0.1314
vn -0.9907 0.1358 -0.0000
vn -0.8096 -0.5870 -0.0000
vn -0.6038 -0.5566 0.5707
vn -0.7164 0.1231 0.6868
vn -0.8345 0.1309 0.5352
vn -0.7014 -0.5574 0.4443
vn -0.3917 -0.5486 0.7386
vn -0.4602 0.1013 0.8820
vn -0.5926 0.1130 0.7975
vn -0.5001 -0.5523 0.6670
vn -0.1447 -0.5374 0.8308
vn -0.1634 0.0762 0.9836
vn -0.3168 0.0887 0.9443
vn -0.2714 -0.5425 0.7950
vn 0.0022 -0.5244 0.8514
vn -0.0255 0.0888 0.9957
vn -0.0359 -0.5319 0.8460
vn 0.0205 -0.5128 0.8582
vn 0.1545 -0.4956 0.8547
vn 0.1982 -0.5140 0.8346
vn 0.2527 -0.5049 0.8253
vn 0.3083 -0.4780 0.8225
vn -0.2860 0.3940 0.8735
vn 0.3650 -0.4384 0.8213
vn -0.3266 0.3628 0.8727
vn 0.4094 -0.3917 0.8240
vn -0.3530 0.3464 0.8691
vn 0.4189 -0.3681 0.8301
vn 0.3822 -0.3868 0.8392
vn 0.2957 -0.4356 0.8502
vn 0.1724 -0.4835 0.8582
vn -0.1951 0.4717 0.8599
vn 0.0210 -0.4990 0.8664
vn -0.1343 -0.4827 0.8654
vn -0.2631 -0.4336 0.8618
vn -0.3647 -0.3359 0.8684
vn 0.3332 0.3588 0.8719
vn -0.4477 -0.1920 0.8733
vn 0.4290 0.2409 0.8706
vn -0.5069 -0.0492 0.8606
vn 0.4840 0.0928 0.8702
vn -0.5258 0.0620 0.8484
vn 0.4965 -0.0213 0.8678
vn -0.5086 0.1720 0.8436
vn 0.4933 -0.0932 0.8649
vn -0.4609 0.2959 0.8366
vn 0.4778 -0.1435 0.8667
vn -0.4144 0.3864 0.8240
vn 0.4431 -0.1759 0.8790
vn -0.3891 0.4271 0.8162
vn 0.4015 -0.1946 0.8949
vn -0.3387 0.4661 0.8174
vn 0.3695 -0.1908 0.9094
vn -0.2529 0.5317 0.8083
vn 0.3420 -0.1304 0.9306
vn -0.2034 0.5689 0.7969
vn 0.2993 -0.0404 0.9533
vn -0.2683 0.5007 0.8230
vn 0.2567 -0.0042 0.9665
vn -0.3621 0.3236 0.8742
vn 0.2482 0.0418 0.9678
vn -0.2575 0.4782 0.8397
vn 0.2221 0.4006 0.8889
vn 0.0007 -0.5180 0.8554
vn 0.0123 0.9993 0.0347
vn 0.1134 0.9253 0.3619
vn -0.5391 0.5437 0.6432
vn -0.4280 0.6741 0.6020
vn -0.5668 0.4790 0.6703
vn 0.0026 0.9997 0.0228
vn 0.0061 0.9998 0.0169
vn 0.7726 0.0968 0.6274
vn 0.7955 -0.0698 0.6020
vn 0.6117 0.5486 0.5699
vn 0.7435 0.5679 0.3531
vn 0.8716 0.2336 0.4310
vn 0.9095 0.0082 0.4157
vn 0.2100 0.9531 0.2180
vn 0.3497 0.8312 0.4322
vn 0.0193 0.9962 0.0849
vn 0.0426 0.9216 0.3857
vn 0.9049 -0.2428 0.3497
vn 0.9216 -0.0745 0.3809
vn 0.8581 -0.3720 0.3540
vn 0.7486 -0.5247 0.4053
vn 0.7561 -0.5282 0.3863
vn 0.7809 -0.4162 0.4658
vn 0.8465 -0.3779 0.3750
vn 0.7759 -0.5265 0.3475
vn 0.7614 -0.5389 0.3604
vn -0.5517 0.7550 0.3544
vn -0.6292 0.6913 0.3553
vn -0.5983 0.6498 0.4689
vn -0.5286 0.7117 0.4627
vn 0.6151 0.6690 0.4172
vn 0.7837 0.4491 0.4292
vn 0.5460 0.5966 0.5882
vn 0.8039 -0.2257 0.5503
vn 0.9043 -0.1474 0.4007
vn -0.6684 0.6533 0.3556
vn -0.6301 0.6116 0.4784
vn 0.8910 0.1705 0.4209
vn -0.3452 0.8561 0.3846
vn -0.3138 0.7638 0.5640
vn 0.7968 -0.4731 0.3759
vn 0.8090 -0.4520 0.3758
vn 0.3825 -0.7469 0.5440
vn 0.4564 -0.7056 0.5420
vn -0.4534 -0.7328 0.5075
vn -0.6395 -0.5714 0.5144
vn 0.5368 -0.6464 0.5422
vn -0.3857 0.7672 0.5125
vn -0.3072 0.7984 0.5179
vn -0.7895 -0.3212 0.5230
vn 0.4883 -0.7010 0.5198
vn 0.2920 -0.8021 0.5209
vn -0.7615 0.3946 0.5142
vn -0.6825 0.5213 0.5122
vn 0.0361 -0.8529 0.5209
vn 0.6090 -0.5829 0.5379
vn -0.6270 0.5848 0.5146
vn -0.8487 -0.0806 0.5228
vn 0.6398 -0.5572 0.5294
vn 0.2814 -0.7612 0.5843
vn 0.3185 -0.7687 0.5547
vn -0.8503 0.0744 0.5210
vn -0.2338 -0.8255 0.5138
vn -0.5381 0.6645 0.5185
vn 0.6057 -0.6003 0.5223
vn -0.8260 0.2223 0.5181
vn 0.3969 -0.6351 0.6627
vn 0.3154 -0.7017 0.6388
vn 0.0647 0.8076 0.5862
vn 0.9632 -0.1831 0.1966
vn 0.9839 -0.1785 -0.0000
vn 0.8617 -0.2100 0.4619
vn 0.9671 -0.1191 0.2250
vn 0.9911 -0.1330 -0.0000
vn 0.7709 -0.0593 0.6342
vn 0.3266 0.4795 0.8145
vn 0.1838 0.9055 0.3826
vn 0.3439 0.0839 0.9352
vn 0.1346 0.0933 0.9865
vn 0.1016 0.5042 0.8576
vn 0.5631 -0.0530 0.8247
vn 0.5429 -0.1883 0.8184
vn 0.5448 0.0552 0.8367
vn 0.1476 0.0449 0.9880
vn 0.1615 0.0381 0.9861
vn 0.5158 -0.2711 0.8127
vn 0.5201 -0.2729 0.8094
vn 0.1889 0.0169 0.9819
vn 0.2226 0.0081 0.9749
vn 0.6678 -0.2361 0.7059
vn 0.4503 -0.0231 0.8926
vn 0.5190 0.1216 0.8461
vn 0.2596 0.7854 0.5620
vn 0.4723 0.4065 0.7821
vn 0.3424 0.0248 0.9392
vn 0.3600 0.0118 0.9329
vn 0.1377 0.9783 0.1549
vn 0.1241 0.9789 0.1624
vn 0.3967 -0.0028 0.9179
vn -0.1381 -0.4942 0.8583
vn -0.2772 -0.4507 0.8485
vn 0.0192 -0.4958 0.8682
vn 0.0033 -0.0457 0.9989
vn -0.0049 -0.0549 0.9985
vn -0.0276 -0.0638 0.9976
vn -0.3930 -0.3485 0.8510
vn -0.4770 -0.1904 0.8580
vn -0.0369 -0.0480 0.9982
vn -0.0439 -0.0307 0.9986
vn -0.4959 -0.0398 0.8675
vn -0.4826 0.0595 0.8738
vn -0.0457 -0.0033 0.9990
vn -0.0375 0.0293 0.9989
vn 0.1570 -0.3354 0.9289
vn 0.1779 -0.3354 0.9251
vn 0.1714 -0.3132 0.9341
vn 0.0314 0.1040 0.9941
vn -0.0085 0.0818 0.9966
vn -0.0167 0.0577 0.9982
vn -0.4616 0.1581 0.8729
vn -0.4148 0.2706 0.8687
vn -0.0256 0.0649 0.9976
vn -0.0145 0.0983 0.9950
vn 0.2130 -0.3235 0.9220
vn 0.2539 -0.3000 0.9195
vn -0.0160 0.0391 0.9991
vn -0.0096 0.0269 0.9996
vn -0.3627 0.3430 0.8665
vn -0.3381 0.3703 0.8652
vn -0.0160 0.1145 0.9933
vn -0.0316 0.1137 0.9930
vn 0.2968 -0.2778 0.9136
vn 0.3249 -0.2767 0.9043
vn 0.0019 0.0156 0.9999
vn 0.0130 0.0022 0.9999
vn -0.2968 0.4163 0.8594
vn -0.2028 0.4793 0.8539
vn -0.0366 0.1222 0.9918
vn -0.0185 0.1504 0.9884
vn 0.3205 -0.3121 0.8943
vn 0.2679 -0.3827 0.8842
vn 0.0188 -0.0121 0.9998
vn 0.0181 -0.0263 0.9995
vn -0.1487 0.4930 0.8573
vn -0.2083 0.4041 0.8907
vn -0.0072 0.1700 0.9854
vn -0.0142 0.1478 0.9889
vn -0.2541 0.3926 0.8839
vn -0.0164 0.3035 0.9527
vn 0.1630 -0.4527 0.8766
vn 0.0116 -0.0380 0.9992
vn 0.2850 -0.2479 0.9259
vn 0.1955 0.1180 0.9736
vn 0.0167 0.0087 0.9998
vn 0.0110 -0.0085 0.9999
vn 0.0030 -0.0059 1.0000
vn 0.0052 0.0034 1.0000
vn 0.0084 -0.0165 0.9998
vn 0.0055 -0.0075 1.0000
vn 0.0153 -0.0041 0.9999
vn 0.0139 -0.0127 0.9998
vn 0.0160 0.0490 0.9987
vn 0.0195 0.0289 0.9994
vn 0.0051 0.0178 0.9998
vn -0.0003 0.0347 0.9994
vn -0.0152 0.0707 0.9974
vn 0.0030 0.0637 0.9980
vn -0.0117 0.0501 0.9987
vn -0.0250 0.0616 0.9978
vn -0.0171 0.1090 0.9939
vn -0.0235 0.0824 0.9963
vn -0.0307 0.0756 0.9967
vn -0.0267 0.1003 0.9946
vn 0.0054 0.1530 0.9882
vn -0.0092 0.1381 0.9904
vn -0.0180 0.1298 0.9914
vn 0.0107 0.1502 0.9886
vn -0.0006 0.1402 0.9901
vn 0.0030 0.1464 0.9892
vn -0.0079 0.1151 0.9933
vn -0.0165 0.0885 0.9959
vn -0.0064 0.0801 0.9968
vn 0.0148 0.0782 0.9968
vn 0.0272 0.0651 0.9975
vn 0.0272 0.0423 0.9987
vn 0.0207 0.0177 0.9996
vn 0.0145 -0.0033 0.9999
vn 0.1564 0.1543 0.9756
vn 0.1231 0.1539 0.9804
vn 0.4858 0.1282 0.8646
vn 0.6120 0.0771 0.7871
vn 0.7004 0.0822 0.7090
vn 0.4610 0.1219 0.8790
vn 0.4505 0.1338 0.8827
vn 0.6945 0.1245 0.7087
vn 0.6273 0.4727 0.6189
vn 0.4259 0.3735 0.8241
vn 0.6411 0.0786 0.7634
vn 0.6363 0.1323 0.7600
vn 0.4970 0.0965 0.8623
vn 0.4917 0.1441 0.8587
vn 0.3382 0.1152 0.9340
vn 0.3311 0.1478 0.9320
vn 0.1701 0.1326 0.9765
vn 0.1637 0.1465 0.9756
vn 0.0005 0.1488 0.9889
vn -0.0012 0.1507 0.9886
vn -0.1636 0.1647 0.9727
vn -0.1624 0.1638 0.9730
vn -0.3173 0.1810 0.9309
vn -0.3153 0.1800 0.9318
vn -0.4585 0.1972 0.8665
vn -0.4563 0.1961 0.8679
vn -0.5869 0.2118 0.7815
vn -0.5853 0.2108 0.7830
vn -0.7052 0.2233 0.6729
vn -0.7047 0.2224 0.6738
vn -0.8183 0.2301 0.5267
vn -0.8189 0.2293 0.5261
vn -0.9096 0.2304 0.3459
vn -0.9103 0.2296 0.3445
vn -0.9595 0.2275 0.1661
vn -0.9598 0.2268 0.1654
vn -0.9741 0.2262 -0.0000
vn -0.9742 0.2256 -0.0000
vn -0.9120 0.2235 0.3440
vn -0.9611 0.2214 0.1652
vn -0.9754 0.2204 -0.0000
vn -0.7053 0.2153 0.6755
vn -0.8206 0.2225 0.5265
vn -0.4550 0.1893 0.8701
vn -0.5847 0.2037 0.7853
vn -0.1614 0.1576 0.9742
vn -0.3139 0.1736 0.9334
vn 0.1246 0.2118 0.9693
vn -0.0115 0.1617 0.9868
vn 0.4347 0.4742 0.7656
vn 0.2838 0.3531 0.8915
vn 0.5591 0.5043 0.6581
vn 0.0976 0.1428 0.9849
vn 0.0857 0.1307 0.9877
vn 0.0775 0.3046 0.9493
vn -0.0715 0.1651 0.9837
vn -0.1257 0.1723 0.9770
vn -0.0196 0.1590 0.9871
vn 0.0479 -0.2548 0.9658
vn 0.0795 -0.2195 0.9724
vn -0.2546 0.3102 0.9159
vn -0.2300 0.3536 0.9067
vn -0.2640 0.2654 0.9273
vn 0.0024 -0.0905 0.9959
vn -0.0349 -0.0623 0.9974
vn -0.0676 -0.0332 0.9972
vn -0.1800 0.1829 0.9665
vn -0.2264 0.2022 0.9528
vn 0.0835 -0.1850 0.9792
vn 0.0673 -0.1507 0.9863
vn 0.1326 0.1240 0.9834
vn 0.0910 0.1483 0.9848
vn -0.0852 -0.2312 0.9692
vn 0.0061 0.4398 0.8981
vn 0.3828 0.4396 0.8125
vn -0.1713 0.4208 0.8908
vn -0.0933 0.0379 0.9949
vn 0.1032 0.0817 0.9913
vn -0.2048 0.3871 0.8990
vn -0.0955 -0.0022 0.9954
vn 0.0360 0.1585 0.9867
vn -0.2544 0.2289 0.9396
vn 0.0386 -0.1190 0.9921
vn 0.5589 0.4267 0.7110
vn -0.1231 -0.0919 0.9881
vn -0.1517 -0.0603 0.9866
vn -0.1425 -0.0318 0.9893
vn 0.0688 -0.6586 0.7493
vn 0.0821 -0.9859 0.1460
vn 0.0762 -0.9779 0.1947
vn 0.0856 -0.9890 0.1208
vn 0.0182 -0.9983 0.0551
vn 0.0272 -0.9961 0.0835
vn 0.1125 -0.3070 0.9450
vn 0.0448 -0.2231 0.9738
vn 0.1629 -0.4830 0.8603
vn -0.0426 -0.1540 0.9872
vn -0.0874 -0.1242 0.9884
vn 0.0981 -0.0101 0.9951
vn 0.0025 -0.1843 0.9829
vn 0.1710 -0.3283 0.9290
vn 0.1174 -0.3181 0.9407
vn 0.0764 -0.3047 0.9494
vn 0.0616 -0.3046 0.9505
vn 0.2245 -0.2993 0.9274
vn 0.0496 -0.2964 0.9538
vn 0.3395 -0.4845 0.8062
vn 0.4615 -0.5689 0.6808
vn 0.4661 -0.5862 0.6627
vn 0.5135 -0.5933 0.6200
vn -0.7431 -0.5784 -0.3364
vn -0.7458 -0.5798 -0.3281
vn -0.6361 -0.6390 -0.4326
vn -0.6625 -0.5888 -0.4631
vn 0.0369 0.9754 0.2173
vn 0.0050 -0.9972 0.0750
vn 0.0254 -0.9930 0.1152
vn 0.0524 -0.9844 0.1679
vn 0.0236 -0.9930 0.1154
vn 0.0459 -0.9885 0.1444
vn 0.0941 -0.9703 0.2227
vn 0.0087 -0.9734 0.2288
vn 0.1267 -0.9202 0.3703
vn 0.1942 -0.8446 0.4990
vn 0.1273 -0.9552 0.2671
vn 0.0496 -0.9865 0.1558
vn -0.0160 -0.9813 0.1919
vn -0.0014 -0.9988 0.0485
vn 0.0129 -0.9966 0.0819
vn 0.0147 -0.9947 0.1021
vn -0.0045 -0.9975 0.0700
vn -0.0095 -0.9986 0.0520
vn 0.0144 -0.9976 0.0681
vn 0.1160 -0.9771 0.1784
vn 0.0682 -0.9718 0.2259
vn 0.8881 -0.3827 0.2546
vn 0.0841 0.9761 0.2004
vn 0.9076 -0.3204 0.2713
vn 0.9148 -0.4040 -0.0000
vn 0.9464 -0.3230 -0.0000
vn 0.1413 -0.6894 -0.7105
vn 0.1070 -0.6560 -0.7471
vn 0.1228 -0.0242 -0.9921
vn 0.1882 -0.0838 -0.9785
vn -0.0167 0.9998 0.0120
vn -0.0000 1.0000 -0.0000
vn 0.0028 1.0000 0.0062
vn 0.0042 0.9999 0.0105
vn 0.7667 0.5450 0.3393
vn 0.9338 0.1132 0.3393
vn -0.0286 0.0836 0.9961
vn -0.1444 0.4457 0.8834
vn 0.1549 0.7305 0.6651
vn 0.0807 0.2111 0.9741
vn -0.8311 0.1992 0.5193
vn -0.5453 0.7283 0.4150
vn 0.0057 0.9998 0.0172
vn 0.0460 0.9834 0.1755
vn 0.0398 0.9914 0.1246
vn 0.0059 0.9997 0.0217
vn 0.0442 0.9782 0.2030
vn 0.0019 0.9999 0.0171
vn 0.0323 0.9789 0.2015
vn -0.9363 0.0289 0.3500
vn -0.9962 0.0634 0.0604
vn -0.9134 0.4014 0.0670
vn -0.8699 0.2859 0.4019
vn -0.0307 0.9995 0.0016
vn -0.0339 0.9994 -0.0000
vn 0.0182 0.9965 0.0811
vn 0.0330 0.9959 0.0841
vn 0.8603 0.5097 -0.0000
vn 0.8475 0.5299 0.0321
vn 0.3114 0.9502 0.0110
vn 0.3368 0.9416 -0.0000
vn 0.2296 0.9640 0.1341
vn 0.0132 0.9999 0.0089
vn 0.0115 0.9999 -0.0000
vn 0.0241 0.9518 0.3056
vn -0.3752 0.9035 0.2072
vn -0.4066 0.9129 0.0344
vn -0.9052 0.4249 -0.0000
vn -0.4035 0.9150 -0.0000
vn 0.9938 0.1116 -0.0000
vn 0.9920 0.1184 0.0443
vn -0.9972 0.0742 -0.0000
vn -0.9745 0.1919 0.1164
vn -0.7488 0.6542 0.1062
vn 0.8177 0.5757 -0.0000
vn 0.8175 0.5655 0.1091
vn 0.3874 0.9186 0.0773
vn 0.3763 0.9265 -0.0000
vn 0.7114 0.5786 0.3989
vn 0.3420 0.9145 0.2159
vn 0.1329 0.9582 0.2532
vn -0.0555 0.9898 0.1310
vn -0.1906 0.9806 0.0454
vn -0.7605 0.6494 -0.0000
vn -0.2032 0.9791 -0.0000
vn 0.9871 0.1602 -0.0000
vn 0.9829 0.1484 0.1092
vn -0.9794 0.2019 -0.0000
vn -0.8311 0.1992 -0.5193
vn 0.0807 0.2111 -0.9741
vn 0.1549 0.7305 -0.6651
vn -0.5453 0.7283 -0.4150
vn 0.8705 0.1423 0.4712
vn -0.0078 -0.9759 0.2181
vn -0.0007 -0.9756 0.2197
vn -0.0314 -0.9759 0.2160
vn -0.0593 -0.9800 0.1902
vn -0.0861 -0.9808 0.1748
vn -0.1013 -0.9847 0.1418
vn -0.1228 -0.9847 0.1237
vn -0.1279 -0.9881 0.0852
vn -0.1428 -0.9882 0.0559
vn -0.1234 -0.9922 0.0180
vn -0.1126 -0.9936 -0.0000
vn 0.1104 -0.9938 0.0141
vn 0.1018 -0.9948 -0.0000
vn 0.1286 -0.9905 0.0480
vn 0.0674 -0.9822 0.1754
vn 0.1027 -0.9854 0.1355
vn 0.0272 -0.9746 0.2222
vn -0.0000 -0.9760 0.2176
vn 0.0039 -0.9748 0.2230
vn -0.9834 0.0467 -0.1753
vn -0.9570 0.2347 -0.1702
vn 0.1153 -0.9899 0.0820
vn -0.4870 -0.5707 0.6612
vn -0.5737 -0.5971 0.5606
vn -0.3832 -0.5460 0.7450
vn -0.2653 -0.5257 0.8083
vn -0.1384 -0.5126 0.8474
vn -0.0056 -0.5074 0.8617
vn 0.1307 -0.5069 0.8520
vn 0.2648 -0.5075 0.8200
vn 0.3900 -0.5088 0.7675
vn 0.5047 -0.5123 0.6949
vn 0.6024 -0.5177 0.6075
vn -0.7366 -0.6573 0.1594
vn -0.7491 -0.6624 -0.0000
vn -0.7006 -0.6432 0.3089
vn -0.6450 -0.6223 0.4436
vn -0.5697 -0.7910 0.2229
vn -0.5361 -0.7764 0.3313
vn -0.5423 -0.7671 0.3428
vn -0.5767 -0.7834 0.2317
vn -0.4870 -0.7579 0.4340
vn -0.4921 -0.7471 0.4469
vn 0.3665 -0.6161 0.6972
vn 0.4720 -0.6134 0.6332
vn 0.4742 -0.6057 0.6390
vn 0.3680 -0.6063 0.7049
vn 0.5646 -0.6139 0.5516
vn 0.5658 -0.6092 0.5556
vn -0.1217 -0.6671 0.7350
vn 0.0012 -0.6475 0.7620
vn 0.0013 -0.6344 0.7730
vn -0.1219 -0.6536 0.7470
vn 0.1281 -0.6325 0.7639
vn 0.1284 -0.6201 0.7740
vn -0.4205 -0.7369 0.5293
vn -0.4245 -0.7247 0.5427
vn -0.3360 -0.7138 0.6145
vn -0.3385 -0.7008 0.6280
vn -0.5953 -0.8035 -0.0000
vn -0.5890 -0.8003 0.1118
vn -0.5965 -0.7941 0.1165
vn -0.6029 -0.7978 -0.0000
vn 0.2520 -0.6222 0.7412
vn 0.2528 -0.6109 0.7503
vn -0.2354 -0.6899 0.6846
vn -0.2364 -0.6764 0.6976
vn -0.2375 -0.6939 0.6798
vn -0.3380 -0.7178 0.6087
vn -0.1232 -0.6708 0.7313
vn 0.2531 -0.6246 0.7388
vn 0.1288 -0.6354 0.7614
vn 0.3676 -0.6180 0.6950
vn -0.5889 -0.8009 0.1090
vn -0.5950 -0.8037 -0.0000
vn -0.5698 -0.7924 0.2176
vn -0.4220 -0.7407 0.5228
vn -0.4881 -0.7612 0.4270
vn 0.0009 -0.6508 0.7592
vn 0.4724 -0.6146 0.6317
vn 0.5651 -0.6141 0.5509
vn -0.5368 -0.7788 0.3245
vn 0.6133 -0.6211 0.4879
vn 0.6078 -0.6206 0.4953
vn 0.6065 -0.6158 0.5029
vn 0.6554 -0.5203 0.5475
vn -0.6762 0.2048 -0.7077
vn -0.6811 -0.0036 -0.7321
vn -0.5436 -0.0013 -0.8393
vn -0.5385 0.2489 -0.8050
vn 0.9127 0.3491 -0.2123
vn 0.9352 0.3542 -0.0000
vn -0.9707 0.1447 0.1917
vn -0.9896 0.1438 -0.0000
vn 0.7345 0.3345 -0.5904
vn 0.8457 0.3402 -0.4112
vn 0.4877 0.3491 -0.8002
vn 0.6073 0.3377 -0.7191
vn 0.2499 0.3691 -0.8952
vn 0.3703 0.3606 -0.8560
vn -0.0011 0.3737 -0.9275
vn 0.1259 0.3742 -0.9188
vn -0.2665 0.3335 -0.9043
vn -0.1323 0.3616 -0.9229
vn -0.4020 0.2938 -0.8672
vn -0.8105 0.1699 -0.5606
vn -0.9707 0.1447 -0.1917
vn -0.9136 0.1508 -0.3777
vn 0.1343 0.0044 -0.9909
vn 0.2664 0.0039 -0.9639
vn 0.3935 0.0030 -0.9193
vn 0.9014 -0.0034 -0.4330
vn 0.9748 -0.0050 -0.2232
vn 1.0000 -0.0056 -0.0000
vn -0.9235 -0.0084 -0.3835
vn -0.8180 -0.0061 -0.5751
vn -0.1348 0.0039 -0.9909
vn 0.0001 0.0045 -1.0000
vn 0.6422 0.0003 -0.7665
vn 0.7802 -0.0015 -0.6255
vn -0.9999 -0.0107 -0.0000
vn -0.9810 -0.0101 -0.1936
vn -0.4071 0.0009 -0.9134
vn -0.2706 0.0027 -0.9627
vn 0.5163 0.0018 -0.8564
vn -0.5237 0.1692 -0.8349
vn -0.4967 0.4512 -0.7414
vn -0.3744 0.4444 -0.8139
vn -0.3907 0.1894 -0.9008
vn -0.2505 0.4345 -0.8651
vn -0.2594 0.1999 -0.9449
vn 0.4982 0.1521 -0.8536
vn 0.4769 0.4327 -0.7651
vn 0.5924 0.4296 -0.6816
vn 0.6215 0.1160 -0.7748
vn 0.7245 0.4015 -0.5603
vn 0.7560 0.0428 -0.6532
vn -0.1257 0.4254 -0.8962
vn -0.1297 0.2038 -0.9704
vn -0.0001 0.4199 -0.9076
vn -0.0010 0.2030 -0.9792
vn -0.9612 -0.1728 -0.2152
vn -0.9259 0.3305 -0.1830
vn -0.8586 0.3737 -0.3509
vn -0.9069 -0.0549 -0.4177
vn -0.7506 0.4203 -0.5098
vn -0.7959 0.0606 -0.6024
vn 0.8477 0.3494 -0.3992
vn 0.8785 -0.0845 -0.4702
vn 0.9300 0.3002 -0.2122
vn 0.9435 -0.2212 -0.2466
vn 0.1256 0.4189 -0.8993
vn 0.1274 0.1978 -0.9719
vn 0.2485 0.4222 -0.8718
vn 0.2546 0.1883 -0.9485
vn -0.6210 0.4476 -0.6434
vn -0.6590 0.1323 -0.7404
vn 0.9600 0.2801 -0.0000
vn 0.9596 -0.2813 -0.0000
vn -0.9612 -0.1728 0.2152
vn -0.9259 0.3305 0.1830
vn -0.9498 0.3127 -0.0000
vn -0.9746 -0.2240 -0.0000
vn 0.3653 0.4279 -0.8268
vn 0.3780 0.1737 -0.9094
vn -0.3018 0.1857 -0.9351
vn -0.3989 0.1405 -0.9062
vn -0.2957 -0.1057 -0.9494
vn -0.2506 0.0590 -0.9663
vn -0.5245 0.0340 -0.8507
vn -0.3293 -0.3640 -0.8712
vn 0.1193 0.6227 -0.7733
vn -0.0009 0.5871 -0.8095
vn -0.0389 0.4032 -0.9143
vn 0.1157 0.4398 -0.8906
vn -0.1284 0.5518 -0.8240
vn -0.1780 0.3746 -0.9100
vn -0.1127 0.2530 -0.9609
vn 0.0652 0.2953 -0.9532
vn 0.2654 0.3603 -0.8943
vn 0.2650 0.4830 -0.8346
vn -0.6606 0.4149 -0.6257
vn -0.7815 0.3760 -0.4978
vn -0.8386 0.1677 -0.5183
vn -0.7262 0.2105 -0.6545
vn -0.8764 0.3338 -0.3472
vn -0.9213 0.1277 -0.3673
vn -0.8490 -0.0890 -0.5208
vn -0.7523 -0.0065 -0.6588
vn -0.6278 0.0794 -0.7743
vn -0.5945 0.2545 -0.7628
vn 0.6261 0.7798 -0.0000
vn 0.6127 0.7778 -0.1399
vn 0.7376 0.6517 -0.1764
vn 0.7541 0.6568 -0.0000
vn 0.5770 0.7726 -0.2649
vn 0.6962 0.6405 -0.3241
vn 0.8041 0.5601 -0.1992
vn 0.8237 0.5670 -0.0000
vn -0.9751 0.0960 0.1997
vn -0.9528 -0.2207 0.2086
vn -0.9684 -0.2494 -0.0000
vn -0.9966 0.0829 -0.0000
vn 0.3196 0.6884 -0.6512
vn 0.2276 0.6571 -0.7186
vn 0.3868 0.5249 -0.7582
vn 0.4201 0.4146 -0.8073
vn 0.5313 0.4568 -0.7135
vn 0.4842 0.5621 -0.6705
vn -0.3965 0.4825 -0.7811
vn -0.5308 0.4489 -0.7188
vn -0.4518 0.3005 -0.8400
vn -0.4866 0.1622 -0.8584
vn -0.3541 0.2181 -0.9094
vn -0.3106 0.3429 -0.8865
vn 0.4635 0.7406 -0.4865
vn 0.3966 0.7161 -0.5744
vn 0.5667 0.5951 -0.5699
vn 0.6226 0.4928 -0.6078
vn 0.6988 0.5224 -0.4886
vn 0.6380 0.6222 -0.4536
vn -0.2609 0.5168 -0.8153
vn -0.2399 0.2397 -0.9407
vn -0.9361 0.2996 -0.1845
vn -0.9751 0.0960 -0.1997
vn -0.9582 0.2862 -0.0000
vn -0.9528 -0.2207 -0.2086
vn -0.9132 -0.1609 -0.3743
vn 0.0001 0.5500 0.8351
vn 0.0032 0.5156 0.8569
vn -0.1205 0.5115 0.8508
vn -0.1160 0.5578 0.8219
vn 0.6564 0.6843 -0.3177
vn 0.5889 0.6629 -0.4624
vn 0.6239 0.6199 -0.4759
vn 0.6945 0.6410 -0.3268
vn 0.5450 0.7334 -0.4064
vn 0.6050 0.7461 -0.2780
vn -0.8249 0.5653 -0.0000
vn -0.8940 0.4481 -0.0000
vn -0.8739 0.4551 -0.1706
vn -0.8109 0.5626 -0.1611
vn 0.5075 0.6342 -0.5833
vn 0.5363 0.5960 -0.5976
vn -0.6636 0.6948 -0.2773
vn -0.6972 0.7027 -0.1418
vn -0.7685 0.5573 -0.3144
vn -0.8174 0.4739 -0.3275
vn -0.3655 0.5477 -0.7526
vn -0.2407 0.5656 -0.7888
vn -0.2440 0.5124 -0.8233
vn -0.3653 0.5179 -0.7736
vn -0.7083 0.7059 -0.0000
vn -0.1160 0.5578 -0.8219
vn -0.2292 0.5744 -0.7858
vn -0.1205 0.5115 -0.8508
vn -0.1174 0.5853 -0.8022
vn 0.3155 0.6747 -0.6673
vn 0.3976 0.6956 -0.5984
vn 0.4457 0.5741 -0.6868
vn 0.3489 0.5547 -0.7554
vn -0.3367 0.5981 -0.7272
vn 0.4228 0.6064 -0.6734
vn 0.4726 0.7155 -0.5146
vn -0.6092 0.5153 -0.6027
vn -0.4888 0.5314 -0.6919
vn -0.4817 0.5267 -0.7004
vn -0.5916 0.5378 -0.6006
vn 0.3309 0.5822 -0.7426
vn -0.4359 0.6257 -0.6469
vn 0.1165 0.6296 -0.7681
vn 0.2220 0.6526 -0.7245
vn 0.2419 0.5379 -0.8076
vn 0.1252 0.5245 -0.8421
vn -0.5254 0.6541 -0.5441
vn 0.2283 0.5634 -0.7940
vn 0.6425 0.7527 -0.1439
vn 0.7364 0.6551 -0.1690
vn 0.1163 0.5522 -0.8256
vn 0.7125 0.7017 -0.0000
vn 0.6981 0.6967 -0.1649
vn 0.7508 0.6605 -0.0000
vn 0.6560 0.7548 -0.0000
vn -0.7248 0.4965 -0.4777
vn -0.6926 0.5492 -0.4677
vn -0.6046 0.6792 -0.4160
vn 0.0023 0.6068 -0.7948
vn 0.0032 0.5156 -0.8569
vn 0.0001 0.5500 -0.8351
vn 0.6239 0.6199 0.4759
vn 0.5450 0.7334 0.4064
vn 0.4726 0.7155 0.5146
vn 0.5363 0.5960 0.5976
vn 0.1252 -0.9898 -0.0684
vn 0.1215 -0.9911 -0.0545
vn 0.1138 -0.9932 -0.0247
vn 0.1151 -0.9929 -0.0300
vn 0.0723 -0.9544 -0.2895
vn 0.0833 -0.9568 -0.2785
vn 0.1099 -0.9648 -0.2389
vn 0.1002 -0.9614 -0.2564
vn -0.1270 -0.9901 -0.0593
vn -0.1241 -0.9911 -0.0485
vn -0.1318 -0.9876 -0.0857
vn -0.1337 -0.9854 -0.1056
vn 0.1109 -0.9938 -0.0000
vn -0.0367 -0.9505 -0.3084
vn -0.0457 -0.9516 -0.3039
vn -0.0005 -0.9484 -0.3171
vn 0.0005 -0.9484 -0.3172
vn -0.1339 -0.9820 -0.1335
vn -0.1316 -0.9790 -0.1559
vn 0.1305 -0.9766 -0.1710
vn 0.1328 -0.9801 -0.1473
vn 0.1302 -0.9868 -0.0961
vn 0.1325 -0.9839 -0.1200
vn 0.0452 -0.9505 -0.3074
vn 0.0378 -0.9498 -0.3107
vn -0.1143 -0.9935 -0.0000
vn -0.1170 -0.9929 -0.0221
vn -0.1181 -0.9927 -0.0262
vn -0.1001 -0.9635 -0.2483
vn -0.1103 -0.9672 -0.2290
vn -0.0833 -0.9587 -0.2720
vn -0.0715 -0.9559 -0.2847
vn 0.1259 -0.9727 -0.1949
vn 0.1196 -0.9690 -0.2160
vn -0.1267 -0.9751 -0.1820
vn -0.1204 -0.9716 -0.2039
vn 0.1002 -0.9614 0.2564
vn 0.1099 -0.9648 0.2389
vn 0.0833 -0.9568 0.2785
vn 0.0723 -0.9544 0.2895
vn -0.0001 0.4199 0.9076
vn -0.1257 0.4254 0.8962
vn -0.7749 -0.5380 -0.3318
vn -0.7496 -0.6377 -0.1773
vn -0.1717 -0.9773 -0.1240
vn -0.2261 -0.9407 -0.2529
vn -0.7323 -0.6809 -0.0000
vn -0.1488 -0.9889 -0.0000
vn 0.6256 0.7079 -0.3278
vn 0.5741 0.6875 -0.4446
vn 0.1868 0.9085 -0.3739
vn 0.2189 0.9384 -0.2675
vn 0.5076 0.6606 -0.5532
vn 0.1449 0.8676 -0.4758
vn -0.0451 0.3511 -0.9353
vn -0.2008 0.2308 -0.9521
vn -0.2084 0.1762 -0.9620
vn -0.1569 0.3625 -0.9187
vn -0.7342 -0.2642 -0.6254
vn -0.7757 -0.4118 -0.4782
vn -0.2842 -0.8714 -0.3999
vn -0.3284 -0.7543 -0.5685
vn 0.6830 0.7304 -0.0000
vn 0.6651 0.7235 -0.1847
vn 0.2445 0.9584 -0.1472
vn 0.2568 0.9665 -0.0000
vn 0.3199 0.5834 -0.7465
vn 0.1568 0.5027 -0.8501
vn -0.0720 0.5940 -0.8013
vn 0.0269 0.7433 -0.6684
vn -0.6468 -0.1107 -0.7546
vn -0.3439 -0.5854 -0.7343
vn 0.4254 0.6270 -0.6526
vn 0.0932 0.8165 -0.5698
vn -0.0866 0.9375 -0.3371
vn -0.0736 0.9708 -0.2281
vn -0.1402 -0.1327 -0.9812
vn -0.1547 0.0734 -0.9852
vn -0.1669 0.2885 -0.9428
vn 0.2045 -0.9635 -0.1727
vn 0.1655 -0.9465 -0.2771
vn 0.1098 -0.9058 -0.4092
vn -0.0666 0.9907 -0.1188
vn -0.0644 0.9979 -0.0000
vn -0.1709 0.5438 -0.8216
vn -0.1546 0.7273 -0.6687
vn 0.0408 -0.8240 -0.5651
vn -0.0344 -0.6706 -0.7411
vn -0.1294 0.8245 -0.5509
vn -0.1056 0.8889 -0.4457
vn -0.1021 -0.4124 -0.9053
vn 0.2358 -0.9718 -0.0000
vn 0.2278 -0.9699 -0.0860
vn -0.0866 0.9375 0.3371
vn 0.1868 0.9085 0.3739
vn 0.2189 0.9384 0.2675
vn -0.0736 0.9708 0.2281
vn 0.5249 0.7606 -0.3820
vn 0.7590 0.5444 -0.3573
vn 0.7428 -0.0688 -0.6660
vn 0.7256 -0.0696 -0.6845
vn 0.6703 -0.3748 -0.6404
vn 0.7143 -0.3575 -0.6016
vn 0.5207 -0.0259 -0.8533
vn 0.5654 -0.3116 -0.7637
vn 0.6113 -0.0392 -0.7904
vn 0.4767 -0.0131 -0.8790
vn 0.4466 -0.3454 -0.8254
vn 0.5679 -0.3599 -0.7402
vn 0.3310 0.0050 -0.9436
vn 0.1715 0.0186 -0.9850
vn 0.1626 -0.3405 -0.9261
vn 0.3118 -0.3397 -0.8874
vn 0.0011 0.0290 -0.9996
vn -0.1717 0.0362 -0.9845
vn -0.1569 -0.3585 -0.9203
vn 0.0037 -0.3468 -0.9379
vn -0.3390 0.0406 -0.9399
vn -0.4951 0.0434 -0.8678
vn -0.4541 -0.3936 -0.7993
vn -0.3115 -0.3746 -0.8733
vn -0.6361 0.0460 -0.7702
vn -0.7595 0.0485 -0.6487
vn -0.6872 -0.4319 -0.5841
vn -0.5806 -0.4132 -0.7016
vn -0.8615 0.0495 -0.5053
vn -0.9373 0.0484 -0.3452
vn -0.8324 -0.4615 -0.3069
vn -0.7717 -0.4485 -0.4510
vn -0.8692 -0.4693 -0.1555
vn -0.3459 -0.6765 -0.6502
vn -0.3581 -0.6392 -0.6806
vn -0.2487 -0.6142 -0.7489
vn -0.2410 -0.6513 -0.7195
vn -0.3715 -0.5938 -0.7138
vn -0.2572 -0.5707 -0.7799
vn -0.1324 -0.5519 -0.8233
vn -0.1279 -0.5924 -0.7954
vn -0.1241 -0.6285 -0.7679
vn 0.1296 -0.5966 -0.7920
vn 0.1312 -0.5640 -0.8153
vn 0.2596 -0.5587 -0.7877
vn 0.2556 -0.5890 -0.7666
vn 0.1323 -0.5307 -0.8372
vn 0.2630 -0.5280 -0.8075
vn 0.3853 -0.5297 -0.7556
vn 0.3791 -0.5586 -0.7378
vn 0.3726 -0.5866 -0.7191
vn -0.6493 -0.7486 -0.1344
vn -0.6144 -0.7792 -0.1237
vn -0.6955 -0.7033 -0.1473
vn -0.6643 -0.6902 -0.2870
vn -0.6243 -0.7352 -0.2640
vn -0.5933 -0.7668 -0.2448
vn 0.5706 -0.5960 -0.5650
vn 0.5803 -0.5720 -0.5798
vn 0.6222 -0.5812 -0.5245
vn 0.6103 -0.6048 -0.5116
vn 0.5927 -0.5419 -0.5959
vn 0.6410 -0.5465 -0.5390
vn 0.5380 -0.5095 -0.6715
vn 0.5016 -0.5378 -0.6776
vn 0.4753 -0.5565 -0.6814
vn -0.5048 -0.7262 -0.4668
vn -0.5261 -0.6914 -0.4951
vn -0.4516 -0.6655 -0.5942
vn -0.4348 -0.7019 -0.5642
vn -0.5513 -0.6458 -0.5283
vn -0.4705 -0.6195 -0.6284
vn 0.0001 -0.5753 -0.8179
vn 0.0010 -0.6098 -0.7926
vn -0.0013 -0.5385 -0.8426
vn 0.4885 -0.5628 -0.6667
vn 0.4799 -0.5886 -0.6505
vn 0.4975 -0.5347 -0.6831
vn -0.5831 -0.7153 -0.3851
vn -0.5570 -0.7483 -0.3602
vn -0.6155 -0.6702 -0.4148
vn -0.7302 -0.5986 -0.3294
vn -0.7484 -0.5670 -0.3441
vn -0.6836 -0.5441 -0.4865
vn -0.6701 -0.5743 -0.4703
vn -0.5673 -0.6028 -0.5610
vn -0.6010 -0.5218 -0.6054
vn -0.5930 -0.5475 -0.5904
vn -0.7900 -0.5860 -0.1802
vn -0.7685 -0.6167 -0.1709
vn -0.8000 -0.5724 -0.1799
vn 0.6055 -0.5051 -0.6150
vn 0.5991 -0.5099 -0.6174
vn 0.6456 -0.5253 -0.5544
vn 0.6568 -0.5144 -0.5515
vn 0.5322 -0.6333 -0.5618
vn 0.5572 -0.6504 -0.5163
vn 0.5267 -0.6366 -0.5634
vn 0.5638 -0.5368 -0.6277
vn 0.5803 -0.4994 -0.6433
vn 0.3953 -0.4987 -0.7714
vn 0.3995 -0.5101 -0.7617
vn 0.5116 -0.5027 -0.6968
vn 0.5104 -0.4982 -0.7010
vn 0.3624 -0.6410 -0.6766
vn 0.4621 -0.6286 -0.6256
vn 0.1248 -0.4968 -0.8589
vn 0.1155 -0.5183 -0.8474
vn 0.2662 -0.5204 -0.8114
vn 0.2660 -0.5010 -0.8235
vn 0.0922 -0.6701 -0.7365
vn 0.2379 -0.6610 -0.7117
vn -0.1485 -0.4763 -0.8666
vn -0.1589 -0.4812 -0.8621
vn -0.0315 -0.5000 -0.8654
vn -0.0165 -0.4849 -0.8744
vn -0.1475 -0.6537 -0.7422
vn -0.0391 -0.6632 -0.7474
vn -0.3933 -0.4976 -0.7732
vn -0.3944 -0.4856 -0.7801
vn -0.2772 -0.4765 -0.8344
vn -0.2739 -0.4808 -0.8330
vn -0.3552 -0.6324 -0.6884
vn -0.2481 -0.6439 -0.7238
vn -0.5042 -0.5019 -0.7028
vn -0.5009 -0.5211 -0.6911
vn -0.4637 -0.6182 -0.6347
vn -0.8276 -0.5316 -0.1802
vn 0.0327 -0.6386 -0.7689
vn 0.0323 0.0396 -0.9987
vn -0.9202 0.0105 -0.3913
vn -0.8279 -0.4236 -0.3677
vn -0.1162 -0.8228 -0.5564
vn -0.1619 -0.6212 -0.7668
vn -0.0586 -0.6301 -0.7743
vn -0.0361 -0.8291 -0.5579
vn -0.2092 0.0256 -0.9775
vn -0.0771 0.0395 -0.9962
vn 0.0629 -0.8412 -0.5371
vn -0.2898 -0.7872 -0.5443
vn -0.3858 -0.5895 -0.7097
vn -0.2703 -0.6102 -0.7447
vn -0.1955 -0.8116 -0.5506
vn -0.4862 0.0164 -0.8737
vn -0.3474 0.0211 -0.9375
vn -0.5166 -0.6975 -0.4965
vn -0.6182 -0.5187 -0.5907
vn -0.5033 -0.5588 -0.6591
vn -0.3988 -0.7485 -0.5298
vn -0.7328 0.0025 -0.6804
vn -0.6164 0.0093 -0.7873
vn -0.7284 -0.4720 -0.4967
vn -0.8352 0.0022 -0.5499
vn 0.0578 -0.9707 -0.2332
vn 0.0657 -0.9368 -0.3436
vn 0.0294 0.8043 -0.5935
vn 0.1031 0.6772 -0.7286
vn 0.1515 0.6236 -0.7669
vn 0.3776 -0.5561 -0.7404
vn 0.4447 0.3067 -0.8415
vn 0.5817 0.2544 -0.7726
vn 0.5484 -0.4170 -0.7249
vn 0.2289 -0.0261 -0.9731
vn 0.1565 -0.6974 -0.6994
vn -0.1212 0.7980 -0.5904
vn -0.0387 0.8102 -0.5849
vn -0.2975 0.7855 -0.5427
vn -0.2080 0.7923 -0.5737
vn -0.4657 0.7679 -0.4398
vn -0.3848 0.7769 -0.4983
vn -0.5899 0.7648 -0.2591
vn -0.5361 0.7629 -0.3613
vn -0.6235 0.7699 -0.1363
vn 0.1365 -0.8825 -0.4501
vn 0.2055 -0.8868 -0.4139
vn 0.2649 -0.8854 -0.3820
vn 0.3051 -0.8885 -0.3428
vn 0.3191 -0.8805 -0.3505
vn 0.3127 -0.7399 -0.5957
vn -0.6058 -0.7628 -0.2262
vn -0.5704 -0.7489 -0.3375
vn -0.9087 0.2312 -0.3475
vn -0.9592 0.2284 -0.1669
vn -0.9577 0.2337 -0.1678
vn -0.9070 0.2362 -0.3486
vn -0.9550 0.2437 -0.1689
vn -0.9055 0.2454 -0.3463
vn -0.8320 0.2299 -0.5048
vn -0.9103 0.2350 -0.3408
vn -0.6127 0.2063 -0.7629
vn -0.7303 0.2191 -0.6471
vn -0.3323 0.1827 -0.9253
vn -0.4802 0.1942 -0.8554
vn -0.0005 0.1572 -0.9876
vn -0.1704 0.1707 -0.9705
vn 0.7325 0.0625 -0.6779
vn 0.7047 0.0741 -0.7056
vn 0.1691 0.1414 -0.9754
vn 0.7200 0.0419 -0.6927
vn 0.7437 0.0654 -0.6653
vn 0.6350 0.0787 -0.7685
vn 0.6224 0.0838 -0.7782
vn 0.7439 0.0702 -0.6646
vn 0.6404 0.0791 -0.7639
vn 0.4954 0.0961 -0.8633
vn 0.4910 0.0996 -0.8654
vn 0.4830 0.1084 -0.8689
vn -0.0425 -0.2885 -0.9565
vn -0.0368 -0.7203 -0.6927
vn -0.0433 -0.7069 -0.7060
vn -0.0691 -0.2680 -0.9609
vn 0.5013 0.0821 -0.8614
vn -0.5182 -0.7304 -0.4449
vn 0.3819 -0.5843 -0.7161
vn 0.4881 -0.5851 -0.6476
vn 0.5804 -0.5886 -0.5628
vn -0.1306 -0.6349 -0.7615
vn 0.0008 -0.6144 -0.7890
vn 0.1350 -0.5991 -0.7892
vn -0.4478 -0.7085 -0.5454
vn -0.3586 -0.6842 -0.6350
vn 0.6342 -0.5863 -0.5040
vn 0.6048 -0.5739 -0.5522
vn -0.6263 -0.7713 -0.1134
vn 0.2641 -0.5890 -0.7638
vn -0.2519 -0.6589 -0.7088
vn 0.1710 -0.3283 -0.9290
vn 0.5682 -0.4922 -0.6595
vn 0.2251 -0.3428 -0.9120
vn -0.0108 0.9999 0.0041
vn -0.5345 0.8174 0.2149
vn -0.0095 0.9999 0.0062
vn -0.4624 0.8288 0.3150
vn -0.0080 0.9999 0.0080
vn -0.3692 0.8462 0.3841
vn -0.0064 0.9999 0.0089
vn -0.2765 0.8678 0.4129
vn -0.0049 1.0000 0.0012
vn -0.1930 0.8890 0.4153
vn -0.0000 0.9948 -0.1022
vn -0.1232 0.9092 0.3976
vn -0.0595 0.9262 0.3723
vn 0.0014 0.9337 0.3581
vn 0.0535 0.9345 0.3518
vn 0.1025 0.9330 0.3449
vn 0.1516 0.9304 0.3337
vn 0.2023 0.9268 0.3165
vn 0.2544 0.9241 0.2852
vn 0.3028 0.9257 0.2267
vn 0.3383 0.9287 0.1520
vn 0.3562 0.9313 0.0765
vn -0.0009 -0.2831 -0.9591
vn -0.0100 -0.7078 -0.7063
vn 0.5177 0.2266 -0.8250
vn 0.5867 -0.0636 -0.8073
vn 0.2355 0.9031 -0.3592
vn 0.2802 0.9176 -0.2818
vn 0.0554 0.9976 -0.0421
vn 0.0495 0.9961 -0.0729
vn 0.3242 0.9113 -0.2539
vn 0.0631 0.9969 -0.0478
vn -0.0015 0.9996 -0.0286
vn 0.0050 1.0000 -0.0025
vn 0.0055 0.9997 -0.0244
vn 0.0419 0.9633 -0.2652
vn 0.1760 0.7895 -0.5880
vn 0.0098 0.9782 -0.2076
vn 0.0205 0.5784 -0.8155
vn 0.0264 0.5251 -0.8507
vn 0.0842 0.2470 -0.9653
vn 0.5185 0.0938 -0.8499
vn 0.7383 0.0351 -0.6736
vn 0.6667 -0.2325 -0.7082
vn 0.5450 -0.2129 -0.8110
vn 0.2436 -0.2476 -0.9377
vn 0.4319 -0.6469 -0.6286
vn 0.4452 -0.6787 -0.5841
vn 0.3372 0.1154 -0.9343
vn 0.3351 0.1201 -0.9345
vn 0.1703 0.1333 -0.9763
vn 0.1701 0.1382 -0.9757
vn 0.1696 0.1480 -0.9743
vn 0.3316 0.1298 -0.9344
vn 0.0003 0.1496 -0.9887
vn 0.0001 0.1545 -0.9880
vn -0.1650 0.1656 -0.9723
vn -0.1665 0.1701 -0.9713
vn -0.1682 0.1786 -0.9694
vn -0.0002 0.1640 -0.9865
vn -0.3199 0.1818 -0.9299
vn -0.3227 0.1857 -0.9281
vn -0.4613 0.1979 -0.8649
vn -0.4647 0.2010 -0.8624
vn -0.4699 0.2054 -0.8585
vn -0.3264 0.1923 -0.9255
vn -0.5890 0.2123 -0.7797
vn -0.5917 0.2149 -0.7770
vn -0.7060 0.2238 -0.6719
vn -0.7073 0.2267 -0.6696
vn -0.7135 0.2309 -0.6615
vn -0.5979 0.2183 -0.7712
vn -0.8177 0.2307 -0.5274
vn -0.8170 0.2346 -0.5267
vn -0.8198 0.2413 -0.5193
vn 0.3289 0.1235 -0.9363
vn 0.0819 0.4632 -0.8825
vn 0.4761 0.1027 -0.8734
vn 0.1470 -0.5249 -0.8383
vn 0.1413 0.5531 -0.8210
vn 0.3489 0.5428 -0.7640
vn 0.3413 -0.5536 -0.7596
vn 0.2051 -0.8847 -0.4186
vn 0.3423 -0.7849 -0.5165
vn 0.7746 -0.3097 -0.5514
vn 0.8115 0.1390 -0.5675
vn 0.9532 0.1580 -0.2579
vn 0.9293 -0.2563 -0.2661
vn 0.6191 -0.4957 -0.6090
vn 0.0714 -0.9617 -0.2648
vn 0.1991 -0.6751 -0.7103
vn 0.2720 -0.6324 -0.7254
vn 0.1203 -0.9361 -0.3305
vn 0.2910 0.0815 -0.9532
vn 0.3724 0.2533 -0.8928
vn 0.0489 -0.9737 -0.2227
vn 0.1835 0.7677 -0.6140
vn 0.1913 0.8512 -0.4888
vn 0.1714 0.9353 -0.3097
vn 0.1720 0.6875 -0.7056
vn 0.5491 0.7544 -0.3597
vn 0.6121 0.7748 -0.1581
vn 0.3509 0.8355 -0.4230
vn 0.7118 -0.3979 -0.5788
vn 0.6258 -0.3791 -0.6816
vn 0.1656 -0.2481 -0.9545
vn 0.2800 -0.4991 -0.8201
vn -0.0394 -0.6607 -0.7496
vn -0.0107 -0.9801 -0.1980
vn 0.0078 -0.9691 -0.2464
vn 0.0008 -0.5876 -0.8092
vn 0.0441 -0.9383 -0.3430
vn -0.0710 -0.1988 -0.9775
vn -0.1580 0.4902 -0.8572
vn 0.1285 -0.4303 -0.8935
vn 0.1209 -0.3717 -0.9204
vn -0.1081 0.5140 -0.8509
vn -0.2765 0.8542 -0.4403
vn -0.2731 0.8968 -0.3480
vn -0.1871 0.9154 -0.3563
vn -0.1445 0.8707 -0.4701
vn 0.0973 0.8375 -0.5377
vn 0.0735 0.8711 -0.4856
vn 0.8648 -0.4330 -0.2541
vn 0.8911 -0.3909 -0.2305
vn 0.7759 -0.2633 -0.5732
vn 0.9329 -0.3158 -0.1731
vn 0.9401 -0.1737 -0.2932
vn 0.9670 -0.1250 -0.2222
vn 0.9666 -0.1275 -0.2223
vn 0.9665 -0.1248 -0.2244
vn 0.7784 -0.0778 -0.6229
vn 0.7945 -0.0828 -0.6016
vn 0.8055 -0.0821 -0.5868
vn -0.3485 0.8674 -0.3551
vn -0.1932 0.4589 -0.8672
vn -0.3443 0.8223 -0.4531
vn -0.4328 0.7758 -0.4591
vn -0.4480 0.8202 -0.3557
vn -0.2372 0.4272 -0.8725
vn 0.4236 -0.0625 -0.9037
vn 0.8418 0.1097 -0.5285
vn 0.6945 0.3952 -0.6013
vn 0.1738 0.0764 -0.9818
vn -0.0507 0.5035 -0.8625
vn -0.0880 0.9131 -0.3980
vn 0.1898 0.8947 -0.4042
vn 0.1042 0.4865 -0.8674
vn -0.0802 0.8132 -0.5764
vn 0.1693 0.8001 -0.5754
vn 0.3781 0.7244 -0.5764
vn 0.4224 0.8093 -0.4082
vn 0.2290 0.4348 -0.8709
vn 0.9500 -0.2806 -0.1367
vn 0.9551 -0.2552 -0.1506
vn 0.9115 -0.3304 -0.2450
vn 0.9457 -0.2700 -0.1809
vn -0.3602 0.3517 -0.8640
vn -0.6675 0.6543 -0.3554
vn -0.6216 0.6963 -0.3588
vn -0.3424 0.3794 -0.8595
vn -0.6236 0.6063 -0.4935
vn -0.5750 0.6351 -0.5158
vn -0.4766 0.6927 -0.5413
vn -0.5203 0.7701 -0.3691
vn -0.2904 0.4227 -0.8585
vn 0.9753 -0.0690 -0.2099
vn 0.9694 -0.1079 -0.2204
vn 0.9793 -0.0527 -0.1957
vn 0.8062 0.3331 -0.4889
vn 0.8189 0.1330 -0.5583
vn 0.7811 -0.0196 -0.6241
vn 0.5337 -0.5722 -0.6227
vn 0.5456 0.5519 -0.6306
vn 0.6767 0.5591 -0.4791
vn 0.6765 -0.5839 -0.4488
vn 0.7417 -0.6091 -0.2810
vn 0.7556 -0.6426 -0.1268
vn -0.9764 0.1357 -0.1679
vn -0.8038 -0.5802 -0.1314
vn -0.7738 -0.5654 -0.2856
vn -0.9272 0.1347 -0.3495
vn -0.8345 0.1309 -0.5352
vn -0.7014 -0.5574 -0.4443
vn -0.6038 -0.5566 -0.5707
vn -0.7164 0.1231 -0.6868
vn -0.5926 0.1130 -0.7975
vn -0.5001 -0.5523 -0.6670
vn -0.3917 -0.5486 -0.7386
vn -0.4602 0.1013 -0.8820
vn -0.3168 0.0887 -0.9443
vn -0.2714 -0.5425 -0.7950
vn -0.1447 -0.5374 -0.8308
vn -0.1634 0.0762 -0.9836
vn -0.0255 0.0888 -0.9957
vn -0.0359 -0.5319 -0.8460
vn 0.0022 -0.5244 -0.8514
vn 0.0205 -0.5128 -0.8582
vn 0.2235 -0.4472 -0.8661
vn 0.1721 -0.4523 -0.8751
vn -0.3266 0.3628 -0.8727
vn 0.3236 -0.3882 -0.8629
vn 0.2735 -0.4238 -0.8635
vn -0.2860 0.3940 -0.8735
vn 0.3713 -0.3271 -0.8690
vn 0.3629 -0.3468 -0.8649
vn -0.3530 0.3464 -0.8691
vn 0.2582 -0.3838 -0.8866
vn 0.3373 -0.3438 -0.8763
vn 0.0183 -0.4294 -0.9029
vn 0.1490 -0.4205 -0.8950
vn -0.1951 0.4717 -0.8599
vn -0.2245 -0.3721 -0.9007
vn -0.1142 -0.4142 -0.9030
vn 0.4290 0.2409 -0.8706
vn -0.3792 -0.1653 -0.9104
vn -0.3098 -0.2876 -0.9063
vn 0.3332 0.3588 -0.8719
vn 0.4965 -0.0213 -0.8678
vn -0.4528 0.0580 -0.8897
vn -0.4329 -0.0423 -0.9004
vn 0.4840 0.0928 -0.8702
vn 0.4778 -0.1435 -0.8667
vn -0.3999 0.2719 -0.8753
vn -0.4408 0.1589 -0.8834
vn 0.4933 -0.0932 -0.8649
vn 0.4015 -0.1946 -0.8949
vn -0.3394 0.3878 -0.8570
vn -0.3595 0.3532 -0.8637
vn 0.4431 -0.1759 -0.8790
vn 0.3420 -0.1304 -0.9306
vn -0.2258 0.4793 -0.8481
vn -0.2977 0.4197 -0.8574
vn 0.3695 -0.1908 -0.9094
vn 0.2567 -0.0042 -0.9665
vn -0.2169 0.4440 -0.8694
vn -0.1780 0.5168 -0.8374
vn 0.2993 -0.0404 -0.9533
vn -0.2008 0.4262 -0.8821
vn -0.2782 0.2525 -0.9267
vn 0.2482 0.0418 -0.9678
vn 0.2221 0.4006 -0.8889
vn 0.0007 -0.5180 -0.8554
vn 0.1134 0.9253 -0.3619
vn -0.1176 0.9289 -0.3512
vn -0.0081 0.7661 -0.6426
vn -0.2604 0.7303 -0.6316
vn -0.1867 0.9390 -0.2887
vn 0.0011 0.9843 -0.1763
vn -0.6668 0.5621 -0.4892
vn -0.5613 0.5835 -0.5869
vn 0.0123 0.9993 -0.0347
vn 0.0061 0.9998 -0.0169
vn 0.0026 0.9997 -0.0228
vn 0.7955 -0.0698 -0.6020
vn 0.7726 0.0968 -0.6274
vn 0.9095 0.0082 -0.4157
vn 0.8716 0.2336 -0.4310
vn 0.7435 0.5679 -0.3531
vn 0.6117 0.5486 -0.5699
vn 0.3497 0.8312 -0.4322
vn 0.2100 0.9531 -0.2180
vn 0.0426 0.9216 -0.3857
vn 0.0193 0.9962 -0.0849
vn 0.9216 -0.0745 -0.3809
vn 0.9049 -0.2428 -0.3497
vn 0.8581 -0.3720 -0.3540
vn 0.7561 -0.5282 -0.3863
vn 0.7486 -0.5247 -0.4053
vn 0.7614 -0.5389 -0.3604
vn 0.7759 -0.5265 -0.3475
vn 0.8465 -0.3779 -0.3750
vn 0.7809 -0.4162 -0.4658
vn -0.5517 0.7550 -0.3544
vn -0.5286 0.7117 -0.4627
vn -0.5983 0.6498 -0.4689
vn -0.6292 0.6913 -0.3553
vn 0.6151 0.6690 -0.4172
vn 0.5460 0.5966 -0.5882
vn 0.7837 0.4491 -0.4292
vn 0.8039 -0.2257 -0.5503
vn 0.9043 -0.1474 -0.4007
vn -0.6684 0.6533 -0.3556
vn -0.6301 0.6116 -0.4784
vn 0.8910 0.1705 -0.4209
vn -0.3452 0.8561 -0.3846
vn -0.3138 0.7638 -0.5640
vn 0.7968 -0.4731 -0.3759
vn 0.8090 -0.4520 -0.3758
vn -0.6680 0.4610 -0.5841
vn -0.6508 0.5303 -0.5434
vn -0.4602 0.7449 -0.4830
vn -0.4804 0.7284 -0.4886
vn 0.5932 -0.7151 -0.3699
vn 0.5048 -0.7811 -0.3676
vn 0.5639 -0.6807 -0.4676
vn 0.4790 -0.7426 -0.4681
vn 0.4028 -0.7853 -0.4701
vn 0.4225 -0.8279 -0.3689
vn -0.8385 -0.3440 -0.4226
vn -0.6751 -0.6080 -0.4179
vn -0.8405 -0.3345 -0.4263
vn -0.6815 -0.6004 -0.4185
vn -0.4837 -0.7713 -0.4137
vn -0.4806 -0.7753 -0.4098
vn -0.3431 0.8595 -0.3788
vn -0.3227 0.8401 -0.4359
vn -0.4104 0.8016 -0.4348
vn -0.4248 0.8251 -0.3725
vn 0.0360 -0.9134 -0.4054
vn 0.3126 -0.8656 -0.3913
vn 0.0332 -0.9019 -0.4307
vn 0.3037 -0.8470 -0.4363
vn 0.5118 -0.7371 -0.4413
vn 0.5273 -0.7618 -0.3763
vn -0.6847 0.6218 -0.3802
vn -0.7451 0.5495 -0.3780
vn -0.6638 0.6101 -0.4326
vn -0.7226 0.5402 -0.4314
vn -0.8057 0.4043 -0.4329
vn -0.8277 0.4114 -0.3817
vn 0.7011 -0.6122 -0.3656
vn 0.6707 -0.6433 -0.3692
vn 0.6733 -0.5823 -0.4555
vn 0.6409 -0.6120 -0.4633
vn -0.9131 0.0740 -0.4009
vn -0.9067 -0.0885 -0.4124
vn -0.8990 0.0723 -0.4320
vn -0.8993 -0.0832 -0.4293
vn 0.3452 -0.8569 -0.3829
vn 0.3383 -0.8095 -0.4798
vn 0.3020 -0.8060 -0.5091
vn 0.2846 -0.8627 -0.4180
vn -0.2527 -0.8766 -0.4095
vn -0.2524 -0.8712 -0.4210
vn -0.5885 0.7110 -0.3849
vn -0.5701 0.6964 -0.4359
vn 0.6597 -0.6564 -0.3661
vn 0.6368 -0.6277 -0.4478
vn -0.8920 0.2280 -0.3904
vn -0.8733 0.2223 -0.4334
vn 0.2769 -0.8320 -0.4808
vn 0.3392 -0.7520 -0.5652
vn 0.9632 -0.1831 -0.1966
vn 0.8617 -0.2100 -0.4619
vn 0.9671 -0.1191 -0.2250
vn 0.7709 -0.0593 -0.6342
vn 0.1838 0.9055 -0.3826
vn 0.3266 0.4795 -0.8145
vn 0.1016 0.5042 -0.8576
vn 0.1346 0.0933 -0.9865
vn 0.3439 0.0839 -0.9352
vn 0.5429 -0.1883 -0.8184
vn 0.5631 -0.0530 -0.8247
vn 0.1615 0.0381 -0.9861
vn 0.1476 0.0449 -0.9880
vn 0.5448 0.0552 -0.8367
vn 0.5201 -0.2729 -0.8094
vn 0.5158 -0.2711 -0.8127
vn 0.2226 0.0081 -0.9749
vn 0.1889 0.0169 -0.9819
vn 0.6678 -0.2361 -0.7059
vn 0.4503 -0.0231 -0.8926
vn 0.3423 0.8591 -0.3806
vn 0.0672 0.9799 -0.1878
vn 0.2420 0.7338 -0.6348
vn 0.0664 0.7624 -0.6437
vn 0.4723 0.4065 -0.7821
vn 0.3600 0.0118 -0.9329
vn 0.3424 0.0249 -0.9392
vn 0.1377 0.9783 -0.1549
vn 0.1241 0.9789 -0.1624
vn 0.3967 -0.0028 -0.9179
vn -0.2772 -0.4507 -0.8485
vn -0.1381 -0.4942 -0.8583
vn -0.0276 -0.0637 -0.9976
vn -0.0049 -0.0549 -0.9985
vn 0.0033 -0.0457 -0.9989
vn 0.0192 -0.4958 -0.8682
vn -0.4770 -0.1904 -0.8580
vn -0.3930 -0.3485 -0.8510
vn -0.0439 -0.0307 -0.9986
vn -0.0369 -0.0480 -0.9982
vn -0.4826 0.0595 -0.8738
vn -0.4959 -0.0398 -0.8675
vn -0.0375 0.0293 -0.9989
vn -0.0457 -0.0033 -0.9990
vn 0.1779 -0.3354 -0.9251
vn 0.1570 -0.3354 -0.9289
vn -0.0167 0.0577 -0.9982
vn -0.0085 0.0818 -0.9966
vn 0.0314 0.1040 -0.9941
vn 0.1714 -0.3132 -0.9341
vn -0.4148 0.2706 -0.8687
vn -0.4616 0.1581 -0.8729
vn -0.0145 0.0983 -0.9950
vn -0.0256 0.0649 -0.9976
vn 0.2539 -0.3000 -0.9195
vn 0.2130 -0.3235 -0.9220
vn -0.0096 0.0269 -0.9996
vn -0.0160 0.0391 -0.9991
vn -0.3381 0.3703 -0.8652
vn -0.3627 0.3430 -0.8665
vn -0.0316 0.1137 -0.9930
vn -0.0160 0.1145 -0.9933
vn 0.3249 -0.2767 -0.9043
vn 0.2968 -0.2778 -0.9136
vn 0.0130 0.0022 -0.9999
vn 0.0019 0.0156 -0.9999
vn -0.2028 0.4793 -0.8539
vn -0.2968 0.4163 -0.8594
vn -0.0185 0.1504 -0.9884
vn -0.0366 0.1222 -0.9918
vn 0.2679 -0.3827 -0.8842
vn 0.3205 -0.3121 -0.8944
vn 0.0181 -0.0263 -0.9995
vn 0.0188 -0.0121 -0.9998
vn -0.2083 0.4041 -0.8907
vn -0.1487 0.4930 -0.8573
vn -0.0142 0.1478 -0.9889
vn -0.0072 0.1700 -0.9854
vn -0.2541 0.3926 -0.8839
vn -0.0164 0.3035 -0.9527
vn 0.1630 -0.4527 -0.8766
vn 0.0116 -0.0380 -0.9992
vn 0.2850 -0.2479 -0.9259
vn 0.1955 0.1180 -0.9736
vn 0.0167 0.0087 -0.9998
vn 0.0052 0.0034 -1.0000
vn 0.0030 -0.0059 -1.0000
vn 0.0110 -0.0085 -0.9999
vn 0.0055 -0.0075 -1.0000
vn 0.0084 -0.0165 -0.9998
vn 0.0153 -0.0041 -0.9999
vn 0.0139 -0.0127 -0.9998
vn 0.0160 0.0490 -0.9987
vn -0.0003 0.0347 -0.9994
vn 0.0051 0.0178 -0.9998
vn 0.0195 0.0289 -0.9994
vn -0.0152 0.0707 -0.9974
vn -0.0250 0.0616 -0.9978
vn -0.0117 0.0501 -0.9987
vn 0.0030 0.0637 -0.9980
vn -0.0171 0.1090 -0.9939
vn -0.0267 0.1003 -0.9946
vn -0.0307 0.0756 -0.9967
vn -0.0235 0.0824 -0.9963
vn 0.0054 0.1530 -0.9882
vn 0.0107 0.1502 -0.9886
vn -0.0180 0.1298 -0.9914
vn -0.0092 0.1381 -0.9904
vn 0.0030 0.1464 -0.9892
vn -0.0006 0.1402 -0.9901
vn -0.0079 0.1151 -0.9933
vn -0.0165 0.0885 -0.9959
vn -0.0064 0.0801 -0.9968
vn 0.0148 0.0782 -0.9968
vn 0.0272 0.0651 -0.9975
vn 0.0272 0.0423 -0.9987
vn 0.0207 0.0177 -0.9996
vn 0.0145 -0.0033 -0.9999
vn 0.1231 0.1539 -0.9804
vn 0.1564 0.1543 -0.9756
vn 0.4398 0.1298 -0.8887
vn 0.4794 0.1268 -0.8684
vn 0.6120 0.0771 -0.7871
vn 0.7088 0.0861 -0.7002
vn 0.7258 0.0802 -0.6832
vn 0.3933 0.1324 -0.9098
vn 0.6882 0.1196 -0.7156
vn 0.6956 0.0836 -0.7136
vn 0.4082 0.1239 -0.9044
vn 0.7382 0.1182 -0.6641
vn 0.7425 0.0671 -0.6665
vn 0.6363 0.1323 -0.7600
vn 0.6411 0.0786 -0.7634
vn 0.4917 0.1441 -0.8587
vn 0.4970 0.0965 -0.8623
vn 0.3311 0.1478 -0.9320
vn 0.3382 0.1152 -0.9340
vn 0.1637 0.1465 -0.9756
vn 0.1701 0.1326 -0.9765
vn -0.0012 0.1507 -0.9886
vn 0.0005 0.1488 -0.9889
vn -0.1624 0.1638 -0.9730
vn -0.1636 0.1647 -0.9727
vn -0.3153 0.1800 -0.9318
vn -0.3173 0.1810 -0.9309
vn -0.4563 0.1961 -0.8679
vn -0.4585 0.1972 -0.8665
vn -0.5853 0.2108 -0.7830
vn -0.5869 0.2118 -0.7815
vn -0.7047 0.2224 -0.6738
vn -0.7052 0.2233 -0.6729
vn -0.8189 0.2293 -0.5261
vn -0.8183 0.2301 -0.5267
vn -0.9103 0.2296 -0.3445
vn -0.9096 0.2304 -0.3459
vn -0.9598 0.2268 -0.1654
vn -0.9595 0.2275 -0.1661
vn -0.9611 0.2214 -0.1652
vn -0.9120 0.2235 -0.3440
vn -0.8206 0.2225 -0.5265
vn -0.7053 0.2153 -0.6755
vn -0.5847 0.2037 -0.7853
vn -0.4550 0.1893 -0.8701
vn -0.3139 0.1736 -0.9334
vn -0.1614 0.1576 -0.9742
vn -0.0115 0.1617 -0.9868
vn 0.1246 0.2118 -0.9693
vn 0.2838 0.3531 -0.8915
vn 0.4347 0.4742 -0.7656
vn 0.5591 0.5043 -0.6581
vn 0.6536 0.4946 -0.5728
vn 0.6358 0.4384 -0.6353
vn 0.3760 0.3487 -0.8585
vn 0.0976 0.1428 -0.9849
vn 0.0857 0.1307 -0.9877
vn 0.0775 0.3046 -0.9493
vn -0.1257 0.1723 -0.9770
vn -0.0715 0.1651 -0.9837
vn 0.0795 -0.2195 -0.9724
vn 0.0479 -0.2548 -0.9658
vn -0.0196 0.1590 -0.9871
vn -0.2300 0.3536 -0.9067
vn -0.2546 0.3102 -0.9159
vn -0.0676 -0.0332 -0.9972
vn -0.0349 -0.0623 -0.9974
vn 0.0024 -0.0905 -0.9959
vn -0.2640 0.2654 -0.9273
vn -0.2264 0.2022 -0.9528
vn -0.1800 0.1829 -0.9665
vn 0.0673 -0.1507 -0.9863
vn 0.0835 -0.1850 -0.9792
vn 0.0910 0.1483 -0.9848
vn 0.1326 0.1240 -0.9834
vn -0.0852 -0.2312 -0.9692
vn 0.3828 0.4396 -0.8125
vn 0.0061 0.4398 -0.8981
vn 0.1032 0.0817 -0.9913
vn -0.0933 0.0379 -0.9949
vn -0.1713 0.4208 -0.8908
vn -0.2048 0.3871 -0.8990
vn -0.0955 -0.0022 -0.9954
vn 0.0360 0.1585 -0.9867
vn -0.2544 0.2289 -0.9396
vn 0.0386 -0.1190 -0.9921
vn 0.5589 0.4267 -0.7110
vn -0.1425 -0.0318 -0.9893
vn -0.1517 -0.0603 -0.9866
vn 0.0688 -0.6586 -0.7493
vn 0.1629 -0.4830 -0.8603
vn -0.1231 -0.0919 -0.9881
vn 0.0762 -0.9779 -0.1947
vn 0.0821 -0.9859 -0.1460
vn 0.0272 -0.9961 -0.0835
vn 0.0182 -0.9983 -0.0551
vn 0.0856 -0.9890 -0.1208
vn 0.1125 -0.3070 -0.9450
vn 0.0448 -0.2231 -0.9738
vn -0.0874 -0.1242 -0.9884
vn 0.0981 -0.0101 -0.9951
vn -0.0426 -0.1540 -0.9872
vn 0.0025 -0.1843 -0.9829
vn 0.2779 -0.3801 -0.8822
vn 0.0764 -0.3047 -0.9494
vn 0.1174 -0.3181 -0.9407
vn 0.2245 -0.2993 -0.9274
vn 0.0616 -0.3046 -0.9505
vn 0.0496 -0.2964 -0.9538
vn 0.3395 -0.4845 -0.8062
vn 0.4661 -0.5862 -0.6627
vn 0.4615 -0.5689 -0.6808
vn 0.5135 -0.5933 -0.6200
vn 0.0369 0.9754 -0.2173
vn 0.0050 -0.9972 -0.0750
vn 0.0236 -0.9930 -0.1154
vn 0.0524 -0.9844 -0.1679
vn 0.0254 -0.9930 -0.1152
vn 0.0941 -0.9703 -0.2227
vn 0.0459 -0.9885 -0.1444
vn 0.0087 -0.9734 -0.2288
vn 0.1267 -0.9202 -0.3702
vn 0.1942 -0.8446 -0.4990
vn 0.1273 -0.9552 -0.2671
vn 0.0496 -0.9865 -0.1558
vn -0.0160 -0.9813 -0.1919
vn 0.0129 -0.9966 -0.0819
vn -0.0014 -0.9988 -0.0485
vn -0.0045 -0.9975 -0.0700
vn 0.0147 -0.9947 -0.1021
vn 0.0144 -0.9976 -0.0681
vn -0.0095 -0.9986 -0.0520
vn 0.1160 -0.9771 -0.1784
vn 0.0682 -0.9718 -0.2259
vn 0.8881 -0.3827 -0.2546
vn 0.0841 0.9761 -0.2004
vn 0.9076 -0.3204 -0.2713
vn -0.0167 0.9998 -0.0120
vn 0.0028 1.0000 -0.0062
vn 0.0042 0.9999 -0.0105
vn 0.8705 0.1423 -0.4712
vn 0.7114 0.5786 -0.3989
vn -0.9363 0.0289 -0.3500
vn -0.0286 0.0836 -0.9961
vn -0.1444 0.4457 -0.8834
vn -0.8699 0.2859 -0.4019
vn 0.0398 0.9914 -0.1246
vn 0.0460 0.9834 -0.1755
vn 0.0057 0.9998 -0.0172
vn 0.0442 0.9782 -0.2030
vn 0.0059 0.9997 -0.0217
vn 0.0019 0.9999 -0.0171
vn 0.0323 0.9789 -0.2015
vn 0.9338 0.1132 -0.3393
vn 0.7667 0.5450 -0.3393
vn -0.9962 0.0634 -0.0604
vn -0.9134 0.4014 -0.0670
vn -0.0307 0.9995 -0.0016
vn 0.0330 0.9959 -0.0841
vn 0.0182 0.9965 -0.0811
vn 0.3114 0.9502 -0.0110
vn 0.8475 0.5299 -0.0321
vn 0.0132 0.9999 -0.0089
vn 0.2296 0.9640 -0.1341
vn 0.0241 0.9518 -0.3056
vn -0.3752 0.9035 -0.2072
vn -0.4066 0.9129 -0.0344
vn 0.9920 0.1184 -0.0443
vn -0.9745 0.1919 -0.1164
vn -0.7488 0.6542 -0.1062
vn 0.3874 0.9186 -0.0773
vn 0.8175 0.5655 -0.1091
vn 0.3420 0.9145 -0.2159
vn 0.1329 0.9582 -0.2532
vn -0.0555 0.9898 -0.1310
vn -0.1906 0.9806 -0.0454
vn 0.9829 0.1484 -0.1092
vn 0.0272 -0.9746 -0.2222
vn 0.0039 -0.9748 -0.2230
vn -0.0314 -0.9759 -0.2160
vn -0.0078 -0.9759 -0.2181
vn -0.0007 -0.9756 -0.2197
vn -0.0861 -0.9808 -0.1748
vn -0.0593 -0.9800 -0.1902
vn -0.1228 -0.9847 -0.1237
vn -0.1013 -0.9847 -0.1418
vn -0.1428 -0.9882 -0.0559
vn -0.1279 -0.9881 -0.0852
vn -0.1234 -0.9922 -0.0180
vn 0.1286 -0.9905 -0.0480
vn 0.1104 -0.9938 -0.0141
vn 0.0674 -0.9822 -0.1754
vn 0.1027 -0.9854 -0.1355
vn -0.0000 -0.9760 -0.2176
vn 0.1153 -0.9899 -0.0820
vn -0.5737 -0.5971 -0.5606
vn -0.4870 -0.5707 -0.6612
vn -0.3832 -0.5460 -0.7450
vn -0.2653 -0.5257 -0.8083
vn -0.1384 -0.5126 -0.8474
vn -0.0056 -0.5074 -0.8617
vn 0.1307 -0.5069 -0.8520
vn 0.2648 -0.5075 -0.8200
vn 0.3900 -0.5088 -0.7675
vn 0.5047 -0.5123 -0.6949
vn 0.6024 -0.5177 -0.6075
vn -0.7366 -0.6573 -0.1595
vn -0.7006 -0.6432 -0.3089
vn -0.6450 -0.6223 -0.4436
vn -0.5697 -0.7910 -0.2229
vn -0.5767 -0.7834 -0.2317
vn -0.5423 -0.7671 -0.3428
vn -0.5361 -0.7764 -0.3313
vn -0.4921 -0.7471 -0.4469
vn -0.4870 -0.7579 -0.4340
vn 0.3665 -0.6161 -0.6972
vn 0.3680 -0.6063 -0.7049
vn 0.4742 -0.6057 -0.6390
vn 0.4720 -0.6134 -0.6332
vn 0.5658 -0.6092 -0.5557
vn 0.5646 -0.6139 -0.5516
vn -0.1217 -0.6671 -0.7350
vn -0.1219 -0.6536 -0.7470
vn 0.0013 -0.6344 -0.7730
vn 0.0012 -0.6475 -0.7620
vn 0.1284 -0.6201 -0.7740
vn 0.1281 -0.6325 -0.7639
vn -0.4245 -0.7247 -0.5427
vn -0.4205 -0.7369 -0.5293
vn -0.3385 -0.7008 -0.6280
vn -0.3360 -0.7138 -0.6145
vn -0.5965 -0.7941 -0.1165
vn -0.5890 -0.8003 -0.1118
vn 0.2528 -0.6109 -0.7503
vn 0.2520 -0.6222 -0.7412
vn -0.2364 -0.6764 -0.6976
vn -0.2354 -0.6899 -0.6846
vn -0.3380 -0.7178 -0.6087
vn -0.2375 -0.6939 -0.6798
vn -0.1232 -0.6708 -0.7313
vn 0.1288 -0.6354 -0.7614
vn 0.2531 -0.6246 -0.7388
vn 0.3676 -0.6180 -0.6950
vn -0.5889 -0.8009 -0.1090
vn -0.5698 -0.7924 -0.2176
vn -0.4881 -0.7612 -0.4270
vn -0.4220 -0.7407 -0.5228
vn 0.0009 -0.6508 -0.7592
vn 0.4724 -0.6146 -0.6317
vn 0.5651 -0.6141 -0.5509
vn -0.5368 -0.7788 -0.3245
vn 0.6133 -0.6211 -0.4879
vn 0.6078 -0.6206 -0.4953
vn 0.6065 -0.6158 -0.5029
vn 0.6554 -0.5203 -0.5475
vn -0.4020 0.2938 0.8672
vn -0.4071 0.0009 0.9134
vn -0.5436 -0.0013 0.8393
vn -0.5385 0.2489 0.8050
vn 0.9127 0.3491 0.2123
vn 0.8457 0.3402 0.4112
vn 0.7345 0.3345 0.5904
vn 0.6073 0.3377 0.7191
vn 0.4877 0.3491 0.8002
vn 0.1259 0.3742 0.9188
vn -0.0011 0.3737 0.9275
vn -0.1323 0.3616 0.9229
vn -0.2665 0.3335 0.9043
vn -0.6762 0.2048 0.7077
vn -0.8105 0.1699 0.5606
vn -0.9136 0.1508 0.3777
vn 0.9748 -0.0050 0.2232
vn -0.6811 -0.0036 0.7321
vn -0.8180 -0.0061 0.5751
vn 0.1343 0.0044 0.9909
vn 0.0001 0.0045 1.0000
vn 0.9014 -0.0034 0.4330
vn 0.7802 -0.0015 0.6255
vn -0.9235 -0.0084 0.3835
vn -0.9810 -0.0101 0.1936
vn -0.1348 0.0039 0.9909
vn -0.2706 0.0027 0.9627
vn 0.6422 0.0003 0.7665
vn 0.5163 0.0018 0.8564
vn -0.2594 0.1999 0.9449
vn -0.2505 0.4345 0.8651
vn -0.3744 0.4444 0.8139
vn -0.3907 0.1894 0.9008
vn -0.4967 0.4512 0.7414
vn -0.5237 0.1692 0.8349
vn 0.7560 0.0428 0.6532
vn 0.7245 0.4015 0.5603
vn 0.5924 0.4296 0.6816
vn 0.6215 0.1160 0.7748
vn 0.4769 0.4327 0.7651
vn 0.4982 0.1521 0.8536
vn -0.0010 0.2030 0.9792
vn -0.1297 0.2038 0.9704
vn -0.7959 0.0605 0.6024
vn -0.7506 0.4203 0.5098
vn -0.8586 0.3737 0.3509
vn -0.9069 -0.0549 0.4177
vn 0.9435 -0.2212 0.2466
vn 0.9300 0.3002 0.2122
vn 0.8477 0.3493 0.3992
vn 0.8785 -0.0845 0.4702
vn 0.2546 0.1883 0.9485
vn 0.2485 0.4222 0.8718
vn 0.1255 0.4190 0.8993
vn 0.1274 0.1978 0.9719
vn -0.6210 0.4476 0.6434
vn -0.6590 0.1323 0.7404
vn 0.3653 0.4279 0.8268
vn 0.3780 0.1737 0.9094
vn -0.3018 0.1857 0.9351
vn -0.2506 0.0590 0.9663
vn -0.2957 -0.1057 0.9494
vn -0.3989 0.1405 0.9062
vn -0.3293 -0.3640 0.8712
vn -0.5245 0.0340 0.8507
vn 0.1193 0.6227 0.7733
vn 0.1157 0.4398 0.8906
vn -0.0389 0.4032 0.9143
vn -0.0009 0.5871 0.8095
vn 0.2650 0.4830 0.8346
vn 0.2654 0.3603 0.8943
vn 0.0652 0.2953 0.9532
vn -0.1127 0.2530 0.9609
vn -0.1780 0.3746 0.9100
vn -0.1284 0.5518 0.8240
vn -0.6606 0.4149 0.6257
vn -0.7262 0.2105 0.6545
vn -0.8386 0.1677 0.5183
vn -0.7815 0.3760 0.4978
vn -0.5945 0.2545 0.7628
vn -0.6278 0.0794 0.7743
vn -0.7523 -0.0065 0.6588
vn -0.8490 -0.0890 0.5208
vn -0.9213 0.1277 0.3673
vn -0.8764 0.3338 0.3472
vn 0.7376 0.6517 0.1764
vn 0.6127 0.7778 0.1399
vn 0.8041 0.5601 0.1992
vn 0.6962 0.6405 0.3241
vn 0.5770 0.7726 0.2649
vn 0.3196 0.6884 0.6512
vn 0.3868 0.5249 0.7582
vn 0.2276 0.6571 0.7186
vn 0.4842 0.5621 0.6705
vn 0.5313 0.4568 0.7135
vn 0.4201 0.4146 0.8073
vn -0.3965 0.4825 0.7811
vn -0.4518 0.3005 0.8400
vn -0.5308 0.4489 0.7188
vn -0.3106 0.3429 0.8865
vn -0.3541 0.2181 0.9094
vn -0.4866 0.1622 0.8584
vn 0.4635 0.7406 0.4865
vn 0.5667 0.5951 0.5699
vn 0.3966 0.7161 0.5744
vn 0.6380 0.6222 0.4536
vn 0.6988 0.5224 0.4886
vn 0.6226 0.4928 0.6078
vn -0.2609 0.5168 0.8153
vn -0.2399 0.2397 0.9407
vn -0.9361 0.2996 0.1845
vn -0.9132 -0.1609 0.3743
vn -0.8109 0.5626 0.1611
vn -0.8739 0.4551 0.1706
vn 0.6945 0.6410 0.3268
vn 0.6050 0.7461 0.2780
vn 0.6564 0.6843 0.3177
vn 0.5889 0.6629 0.4624
vn 0.5075 0.6342 0.5833
vn -0.2440 0.5124 0.8233
vn -0.2407 0.5656 0.7888
vn -0.3655 0.5477 0.7526
vn -0.3653 0.5179 0.7736
vn -0.7685 0.5573 0.3144
vn -0.8174 0.4739 0.3275
vn -0.6636 0.6948 0.2773
vn -0.6972 0.7027 0.1418
vn 0.4457 0.5741 0.6868
vn 0.3976 0.6956 0.5984
vn 0.3155 0.6747 0.6673
vn 0.3489 0.5547 0.7554
vn -0.1174 0.5853 0.8022
vn -0.2292 0.5744 0.7858
vn -0.3368 0.5981 0.7272
vn -0.4817 0.5267 0.7004
vn -0.4888 0.5314 0.6919
vn -0.6092 0.5153 0.6027
vn -0.5916 0.5378 0.6006
vn 0.4228 0.6064 0.6734
vn 0.3309 0.5822 0.7426
vn 0.2419 0.5379 0.8076
vn 0.2220 0.6526 0.7245
vn 0.1165 0.6296 0.7681
vn 0.1252 0.5245 0.8421
vn -0.4359 0.6257 0.6469
vn -0.5254 0.6541 0.5441
vn 0.7364 0.6551 0.1690
vn 0.6425 0.7527 0.1439
vn 0.2283 0.5634 0.7940
vn 0.1163 0.5522 0.8256
vn -0.6926 0.5492 0.4677
vn -0.7248 0.4965 0.4777
vn 0.6981 0.6967 0.1649
vn 0.0023 0.6068 0.7948
vn -0.6046 0.6792 0.4160
vn 0.0452 -0.9505 0.3074
vn 0.0378 -0.9498 0.3107
vn 0.1138 -0.9932 0.0247
vn 0.1151 -0.9929 0.0300
vn 0.1215 -0.9911 0.0545
vn 0.1252 -0.9898 0.0684
vn -0.1316 -0.9790 0.1560
vn -0.1339 -0.9820 0.1336
vn -0.1318 -0.9876 0.0857
vn -0.1337 -0.9854 0.1056
vn -0.1241 -0.9911 0.0485
vn -0.1270 -0.9901 0.0593
vn -0.0005 -0.9484 0.3171
vn 0.0005 -0.9484 0.3172
vn -0.0457 -0.9516 0.3039
vn -0.0367 -0.9505 0.3085
vn 0.1302 -0.9868 0.0961
vn 0.1325 -0.9839 0.1200
vn 0.1328 -0.9801 0.1473
vn 0.1305 -0.9766 0.1710
vn -0.1170 -0.9929 0.0221
vn -0.1181 -0.9927 0.0262
vn -0.0833 -0.9587 0.2720
vn -0.0715 -0.9559 0.2847
vn -0.1103 -0.9672 0.2290
vn -0.1001 -0.9635 0.2483
vn 0.1259 -0.9727 0.1949
vn 0.1196 -0.9690 0.2160
vn -0.1267 -0.9751 0.1820
vn -0.1204 -0.9716 0.2039
vn -0.7749 -0.5380 0.3318
vn -0.2261 -0.9407 0.2529
vn -0.1717 -0.9773 0.1240
vn -0.7496 -0.6377 0.1773
vn 0.6256 0.7079 0.3278
vn 0.5741 0.6875 0.4446
vn 0.1449 0.8676 0.4758
vn 0.5076 0.6606 0.5532
vn -0.0451 0.3511 0.9353
vn -0.1569 0.3625 0.9187
vn -0.2084 0.1762 0.9620
vn -0.2008 0.2308 0.9521
vn -0.7342 -0.2642 0.6254
vn -0.3284 -0.7543 0.5685
vn -0.2842 -0.8714 0.3999
vn -0.7757 -0.4118 0.4782
vn 0.2445 0.9584 0.1472
vn 0.6651 0.7235 0.1847
vn 0.3199 0.5834 0.7465
vn 0.0269 0.7433 0.6684
vn -0.0720 0.5940 0.8013
vn 0.1568 0.5027 0.8501
vn -0.3439 -0.5854 0.7343
vn -0.6468 -0.1107 0.7546
vn 0.0932 0.8165 0.5698
vn 0.4254 0.6270 0.6526
vn -0.1056 0.8889 0.4457
vn -0.1547 0.0734 0.9852
vn -0.1669 0.2885 0.9428
vn -0.1402 -0.1327 0.9812
vn 0.1655 -0.9465 0.2771
vn 0.1098 -0.9058 0.4092
vn 0.2045 -0.9635 0.1727
vn -0.0666 0.9907 0.1188
vn -0.1709 0.5438 0.8216
vn -0.1546 0.7273 0.6687
vn 0.0408 -0.8240 0.5651
vn -0.0344 -0.6706 0.7411
vn -0.1294 0.8245 0.5509
vn -0.1021 -0.4124 0.9053
vn 0.2278 -0.9699 0.0860
vn 0.5249 0.7606 0.3820
vn 0.7590 0.5444 0.3573
vn -0.0000 -1.0000 -0.0000
vn 0.2897 -0.4466 -0.8465
vn 0.1702 -0.4358 -0.8838
vn 0.1213 -0.2724 -0.9545
vn 0.2988 -0.2713 -0.9150
vn 0.1343 -0.3277 -0.9352
vn 0.0240 -0.2624 -0.9647
vn 0.5178 -0.2457 0.8194
vn 0.5217 -0.1628 0.8375
vn 0.2973 -0.1820 0.9373
vn 0.2943 -0.2732 0.9158
vn 0.1061 -0.1891 -0.9762
vn 0.0116 -0.1898 -0.9818
vn 0.2696 -0.5986 -0.7543
vn 0.2494 -0.5831 -0.7732
vn 0.2394 -0.7327 -0.6370
vn 0.3292 -0.7066 -0.6263
vn 0.7550 -0.4771 -0.4499
vn 0.4990 -0.4322 -0.7511
vn 0.9980 -0.0243 -0.0582
vn 1.0000 -0.0031 -0.0000
vn 1.0000 -0.0050 -0.0000
vn 0.9974 -0.0384 -0.0612
vn 0.9980 -0.0243 0.0582
vn 0.9974 -0.0384 0.0612
vn 0.9956 -0.0685 0.0636
vn 0.9998 -0.0189 -0.0000
vn 0.9956 -0.0685 -0.0636
vn 0.9950 -0.0995 -0.0000
vn 0.9820 -0.1804 -0.0556
vn 0.9820 -0.1804 0.0556
vn 0.9486 -0.3156 0.0239
vn 0.9493 -0.3145 -0.0000
vn 0.9486 -0.3156 -0.0239
vn 0.0086 -0.9850 0.1722
vn 0.0419 -0.9990 0.0180
vn 0.1208 -0.9926 0.0088
vn 0.0743 -0.9828 0.1688
vn 0.2631 -0.9630 -0.0582
vn 0.2061 -0.9695 -0.1327
vn 0.2338 -0.9600 -0.1541
vn 0.2368 -0.9716 0.0015
vn 0.2099 -0.9645 0.1602
vn 0.6031 -0.7889 -0.1177
vn 0.6034 -0.7974 -0.0000
vn 0.3985 -0.9172 -0.0000
vn 0.3774 -0.9147 -0.1444
vn 0.6031 -0.7889 0.1177
vn 0.3774 -0.9147 0.1444
vn 0.5178 -0.2457 -0.8194
vn 0.4899 -0.4107 -0.7690
vn 0.5217 -0.1628 -0.8375
vn 0.7898 -0.1166 -0.6022
vn 0.7888 -0.1782 -0.5882
vn 0.9674 -0.0464 -0.2490
vn 0.9660 -0.0744 -0.2474
vn 0.7632 -0.3050 -0.5696
vn 0.9576 -0.1343 -0.2549
vn 0.9987 -0.0074 -0.0502
vn 0.9985 -0.0126 -0.0529
vn 0.2982 -0.1819 -0.9370
vn 0.4484 -0.5552 -0.7005
vn 0.3994 -0.6909 -0.6026
vn 0.7314 -0.4211 -0.5364
vn 0.6896 -0.5448 -0.4771
vn 0.8109 -0.5852 -0.0000
vn 0.8410 -0.5363 -0.0719
vn 0.8410 -0.5363 0.0719
vn 0.9319 -0.2742 -0.2374
vn 0.9482 -0.1934 -0.2518
vn 1.0000 -0.0016 -0.0000
vn 1.0000 -0.0009 -0.0000
vn 0.9987 -0.0074 0.0502
vn 0.9985 -0.0126 0.0529
vn 0.1028 -0.1895 0.9765
vn 0.1014 -0.2841 0.9534
vn -0.3430 -0.1106 -0.9328
vn 0.3430 -0.1106 -0.9328
vn 0.3450 -0.3898 -0.8538
vn -0.3450 -0.3898 -0.8538
vn 0.0060 -0.7599 0.6501
vn 0.0072 -0.6279 0.7782
vn -0.0072 -0.6279 0.7782
vn -0.0060 -0.7599 0.6501
vn 0.8034 -0.5525 -0.2221
vn 0.9826 -0.1808 -0.0418
vn 0.9778 -0.1284 -0.1656
vn 0.8211 -0.5689 0.0474
vn 0.8777 -0.4779 -0.0342
vn 0.9907 -0.1159 -0.0710
vn 0.9924 -0.0440 -0.1150
vn 0.8933 -0.4175 -0.1665
vn 0.6392 -0.6990 -0.3206
vn 0.0083 -0.4719 0.8816
vn -0.0083 -0.4719 0.8816
vn -0.2631 -0.9630 -0.0582
vn -0.0419 -0.9990 0.0180
vn 0.3402 -0.8546 -0.3924
vn 0.2245 -0.8812 -0.4160
vn 0.3669 -0.8426 -0.3942
vn 0.2752 -0.4517 0.8487
vn 0.0943 -0.4678 0.8788
vn 0.0091 -0.1904 0.9817
vn 0.0090 -0.2868 0.9580
vn -0.5178 -0.2457 -0.8194
vn -0.5217 -0.1628 -0.8375
vn -0.2982 -0.1819 -0.9370
vn -0.2988 -0.2713 -0.9150
vn 0.0827 -0.6233 0.7776
vn 0.2449 -0.6044 0.7581
vn 0.0688 -0.7558 0.6511
vn 0.2080 -0.7389 0.6409
vn 0.4899 -0.4107 0.7690
vn 0.7632 -0.3050 0.5696
vn 0.7888 -0.1782 0.5882
vn 0.9660 -0.0744 0.2474
vn 0.9674 -0.0464 0.2490
vn 0.7898 -0.1166 0.6022
vn 0.9576 -0.1343 0.2549
vn 0.3994 -0.6909 0.6026
vn 0.4484 -0.5552 0.7005
vn 0.6896 -0.5448 0.4771
vn 0.7314 -0.4211 0.5364
vn 0.9482 -0.1934 0.2518
vn 0.9319 -0.2742 0.2374
vn -0.0086 -0.9850 0.1722
vn -0.0091 -0.1904 0.9817
vn -0.0090 -0.2868 0.9580
vn 0.0055 -0.9028 0.4301
vn -0.0055 -0.9028 0.4301
vn -0.0240 -0.2624 -0.9647
vn -0.0116 -0.1898 -0.9818
vn 0.6392 -0.6990 0.3206
vn 0.8933 -0.4175 0.1665
vn 0.0626 -0.9008 0.4297
vn 0.1892 -0.8872 0.4207
vn 0.3669 -0.8426 0.3942
vn -0.2897 -0.4466 -0.8465
vn -0.1213 -0.2724 -0.9545
vn -0.1702 -0.4358 -0.8838
vn -0.1061 -0.1891 -0.9762
vn -0.1343 -0.3277 -0.9352
vn -0.2494 -0.5831 -0.7732
vn -0.2696 -0.5986 -0.7543
vn -0.4990 -0.4322 -0.7511
vn -0.7550 -0.4771 -0.4499
vn -0.3292 -0.7066 -0.6263
vn -0.2394 -0.7327 -0.6370
vn -0.9956 -0.0685 -0.0636
vn -0.9998 -0.0189 -0.0000
vn -1.0000 -0.0050 -0.0000
vn -0.9974 -0.0384 -0.0612
vn -0.9956 -0.0685 0.0636
vn -0.9974 -0.0384 0.0612
vn -0.9980 -0.0243 0.0582
vn -1.0000 -0.0031 -0.0000
vn -0.9980 -0.0243 -0.0582
vn -0.9486 -0.3156 -0.0239
vn -0.9493 -0.3145 -0.0000
vn -0.9950 -0.0995 -0.0000
vn -0.9820 -0.1804 -0.0556
vn -0.9486 -0.3156 0.0239
vn -0.9820 -0.1804 0.0556
vn -0.0743 -0.9828 0.1688
vn -0.1208 -0.9926 0.0088
vn -0.2099 -0.9645 0.1602
vn -0.2368 -0.9716 0.0015
vn -0.2338 -0.9600 -0.1541
vn -0.2061 -0.9695 -0.1327
vn -0.3985 -0.9172 -0.0000
vn -0.3774 -0.9147 -0.1444
vn -0.3774 -0.9147 0.1444
vn -0.6031 -0.7889 0.1177
vn -0.6034 -0.7974 -0.0000
vn -0.6031 -0.7889 -0.1177
vn -0.4899 -0.4107 -0.7690
vn -0.7632 -0.3050 -0.5696
vn -0.7888 -0.1782 -0.5882
vn -0.9660 -0.0744 -0.2475
vn -0.9674 -0.0464 -0.2490
vn -0.7898 -0.1166 -0.6022
vn -0.9576 -0.1343 -0.2549
vn -0.9985 -0.0126 -0.0529
vn -0.9987 -0.0074 -0.0502
vn -0.3994 -0.6909 -0.6026
vn -0.4484 -0.5552 -0.7005
vn -0.6896 -0.5448 -0.4771
vn -0.7314 -0.4211 -0.5364
vn -0.8109 -0.5852 -0.0000
vn -0.8410 -0.5363 -0.0719
vn -0.8410 -0.5363 0.0719
vn -0.9482 -0.1934 -0.2518
vn -0.9319 -0.2742 -0.2374
vn -1.0000 -0.0016 -0.0000
vn -0.9985 -0.0126 0.0529
vn -0.1014 -0.2841 0.9534
vn -0.1028 -0.1895 0.9765
vn -0.2973 -0.1820 0.9373
vn -0.2943 -0.2732 0.9158
vn -0.9987 -0.0074 0.0502
vn -1.0000 -0.0009 -0.0000
vn -0.5217 -0.1628 0.8375
vn -0.5178 -0.2457 0.8194
vn -0.6392 -0.6990 -0.3206
vn -0.8933 -0.4175 -0.1665
vn -0.8034 -0.5525 -0.2221
vn -0.3402 -0.8546 -0.3924
vn -0.2245 -0.8812 -0.4160
vn -0.3669 -0.8426 -0.3942
vn -0.2752 -0.4517 0.8487
vn -0.0943 -0.4678 0.8788
vn -0.2449 -0.6044 0.7581
vn -0.0827 -0.6233 0.7776
vn -0.2080 -0.7389 0.6409
vn -0.0688 -0.7558 0.6511
vn -0.4899 -0.4107 0.7690
vn -0.7898 -0.1166 0.6022
vn -0.7888 -0.1782 0.5882
vn -0.9674 -0.0464 0.2490
vn -0.9660 -0.0744 0.2475
vn -0.7632 -0.3050 0.5696
vn -0.9576 -0.1343 0.2549
vn -0.4484 -0.5552 0.7005
vn -0.3994 -0.6909 0.6026
vn -0.7314 -0.4211 0.5364
vn -0.6896 -0.5448 0.4771
vn -0.9319 -0.2742 0.2374
vn -0.9482 -0.1934 0.2518
vn -0.3883 -0.9004 -0.1963
vn 0.3883 -0.9004 -0.1963
vn 0.3725 -0.9280 -0.0067
vn -0.3725 -0.9280 -0.0067
vn -0.8933 -0.4175 0.1665
vn -0.6392 -0.6990 0.3206
vn -0.0626 -0.9008 0.4297
vn -0.1892 -0.8872 0.4207
vn -0.3669 -0.8426 0.3942
vn 0.1611 -0.8489 -0.5033
vn -0.1611 -0.8489 -0.5033
vn 0.3223 -0.0458 -0.9455
vn 0.8549 -0.0485 -0.5165
vn 0.8645 -0.1372 -0.4835
vn 0.7958 -0.4589 -0.3951
vn -0.9826 -0.1808 -0.0418
vn -0.8211 -0.5689 0.0474
vn -0.9778 -0.1284 -0.1656
vn -0.9924 -0.0440 -0.1150
vn -0.9907 -0.1159 -0.0710
vn -0.8777 -0.4779 -0.0342
vn 0.2844 -0.9583 0.0274
vn -0.2844 -0.9583 0.0274
vn -0.1322 -0.9891 0.0650
vn 0.1322 -0.9891 0.0650
vn -0.8549 -0.0485 -0.5165
vn -0.8645 -0.1372 -0.4835
vn -0.3223 -0.0458 -0.9455
vn -0.7958 -0.4589 -0.3951
vn -0.7946 -0.1528 -0.5876
vn -0.2792 -0.1369 -0.9504
vn 0.7946 -0.1528 -0.5876
vn 0.2792 -0.1369 -0.9504
vn 0.0492 0.9988 0.0074
vn 0.0453 0.9990 0.0009
vn -0.8697 0.4932 -0.0171
vn -0.8698 0.4931 0.0182
vn -0.3518 0.9361 0.0066
vn -0.3517 0.9361 -0.0062
vn -0.3611 0.9308 0.0569
vn -0.8567 0.4942 0.1477
vn 0.5119 -0.1163 0.8512
vn 0.4329 0.5466 0.7168
vn 0.2107 0.5467 0.8104
vn 0.2510 -0.1129 0.9614
vn 0.8519 0.4991 0.1587
vn 0.3542 0.9332 0.0611
vn 0.3234 0.9328 0.1592
vn 0.7639 0.5178 0.3851
vn 0.9633 -0.1921 0.1875
vn 0.8780 -0.1574 0.4520
vn -0.9754 -0.2197 -0.0199
vn -0.9754 -0.2195 0.0212
vn 0.2559 0.9359 0.2419
vn 0.6120 0.5378 0.5798
vn 0.1798 0.9369 0.3000
vn 0.7168 -0.1304 0.6850
vn 0.0416 0.5517 0.8330
vn 0.0499 -0.1175 0.9918
vn 0.0850 0.9362 0.3409
vn -0.0438 0.5519 0.8328
vn -0.0168 0.9399 0.3411
vn -0.0850 0.9362 0.3410
vn -0.2107 0.5467 0.8104
vn 0.2107 0.5467 -0.8104
vn 0.0416 0.5517 -0.8330
vn 0.0160 0.9398 -0.3414
vn 0.0850 0.9362 -0.3409
vn -0.5343 -0.8398 0.0963
vn -0.4999 -0.8266 0.2585
vn -0.8793 -0.1577 0.4495
vn -0.9653 -0.1936 0.1751
vn -0.4082 -0.8233 0.3944
vn -0.7168 -0.1304 0.6850
vn 0.0115 0.9987 -0.0499
vn 0.0020 0.9988 -0.0485
vn -0.2935 -0.8187 0.4936
vn -0.5119 -0.1163 0.8512
vn -0.1417 -0.8157 0.5609
vn -0.2510 -0.1128 0.9614
vn -0.0525 -0.1174 0.9917
vn 0.5322 -0.8402 0.1035
vn 0.4987 -0.8269 0.2598
vn 0.3406 0.9401 0.0095
vn 0.5137 -0.8578 0.0167
vn 0.9757 -0.2166 0.0319
vn -0.7654 0.5172 0.3829
vn -0.3245 0.9325 0.1584
vn -0.6120 0.5378 0.5798
vn -0.2559 0.9359 0.2419
vn -0.4329 0.5466 0.7168
vn -0.1798 0.9369 0.3000
vn 0.0115 0.9987 0.0499
vn 0.0020 0.9988 0.0485
vn 0.0160 0.9398 0.3414
vn 0.0453 0.9990 -0.0009
vn -0.0474 0.9989 -0.0007
vn -0.0474 0.9989 0.0007
vn 0.0256 0.9987 0.0442
vn 0.0373 0.9987 0.0353
vn -0.0503 0.9987 0.0071
vn -0.0021 0.9988 0.0485
vn -0.0115 0.9987 0.0499
vn 0.0472 0.9986 0.0222
vn -0.5099 -0.8602 0.0108
vn -0.0373 0.9987 0.0353
vn -0.0473 0.9986 0.0221
vn -0.0256 0.9987 0.0442
vn -0.0282 -0.8308 0.5559
vn -0.0048 -0.9998 0.0200
vn -0.0010 -0.9998 0.0208
vn 0.0269 -0.8305 0.5564
vn 0.0009 -0.9998 0.0208
vn 0.3404 0.9402 -0.0090
vn -0.5100 -0.8601 -0.0102
vn 0.0204 -0.9998 0.0035
vn 0.0207 -0.9998 0.0006
vn 0.1416 -0.8158 0.5608
vn 0.0048 -0.9998 0.0200
vn 0.4082 -0.8233 0.3944
vn 0.2935 -0.8187 0.4936
vn 0.8644 0.5021 0.0270
vn -0.0192 -0.9998 -0.0003
vn -0.0193 -0.9998 0.0003
vn -0.0199 -0.9998 0.0031
vn 0.9758 -0.2167 -0.0300
vn 0.8643 0.5024 -0.0253
vn 0.0104 -0.9998 0.0176
vn 0.0207 -0.9998 -0.0006
vn 0.5140 -0.8577 -0.0157
vn 0.0183 -0.9998 0.0091
vn 0.0149 -0.9998 0.0141
vn -0.0104 -0.9998 0.0176
vn -0.0148 -0.9998 0.0141
vn -0.0183 -0.9998 0.0090
vn -0.9653 -0.1939 -0.1751
vn -0.8566 0.4944 -0.1477
vn -0.5340 -0.8400 -0.0963
vn -0.0198 -0.9998 -0.0031
vn -0.3607 0.9309 -0.0568
vn -0.0502 0.9987 -0.0071
vn 0.0499 -0.1175 -0.9918
vn 0.0269 -0.8305 -0.5564
vn -0.0282 -0.8308 -0.5559
vn -0.0525 -0.1174 -0.9917
vn 0.0491 0.9988 -0.0074
vn 0.0472 0.9986 -0.0222
vn 0.0373 0.9987 -0.0353
vn 0.0256 0.9987 -0.0442
vn -0.0021 0.9988 -0.0485
vn 0.8780 -0.1574 -0.4520
vn 0.7168 -0.1304 -0.6850
vn 0.6120 0.5378 -0.5798
vn 0.7639 0.5178 -0.3851
vn 0.5119 -0.1163 -0.8512
vn 0.4329 0.5466 -0.7168
vn 0.8517 0.4995 -0.1587
vn 0.3234 0.9328 -0.1592
vn 0.3535 0.9334 -0.0610
vn 0.2510 -0.1129 -0.9614
vn 0.1798 0.9369 -0.3000
vn 0.2559 0.9359 -0.2419
vn 0.5321 -0.8404 -0.1034
vn 0.9633 -0.1923 -0.1875
vn -0.0438 0.5519 -0.8328
vn -0.2107 0.5467 -0.8104
vn -0.0850 0.9362 -0.3410
vn -0.0168 0.9399 -0.3411
vn -0.4999 -0.8266 -0.2585
vn -0.8793 -0.1577 -0.4495
vn -0.7168 -0.1304 -0.6850
vn -0.4082 -0.8233 -0.3944
vn -0.2935 -0.8187 -0.4936
vn -0.5119 -0.1163 -0.8512
vn -0.2510 -0.1128 -0.9614
vn -0.1417 -0.8157 -0.5609
vn 0.4987 -0.8269 -0.2598
vn -0.3245 0.9325 -0.1584
vn -0.7654 0.5172 -0.3829
vn -0.6120 0.5378 -0.5798
vn -0.2559 0.9359 -0.2419
vn -0.1798 0.9369 -0.3000
vn -0.4329 0.5466 -0.7168
vn -0.0115 0.9987 -0.0499
vn -0.0473 0.9986 -0.0221
vn -0.0373 0.9987 -0.0353
vn -0.0256 0.9987 -0.0442
vn -0.0010 -0.9998 -0.0208
vn -0.0048 -0.9998 -0.0200
vn 0.0009 -0.9998 -0.0208
vn 0.0048 -0.9998 -0.0200
vn 0.1417 -0.8158 -0.5608
vn 0.4082 -0.8233 -0.3944
vn 0.2935 -0.8187 -0.4936
vn 0.0203 -0.9998 -0.0035
vn 0.0104 -0.9998 -0.0176
vn 0.0149 -0.9998 -0.0141
vn 0.0183 -0.9998 -0.0091
vn -0.0104 -0.9998 -0.0176
vn -0.0183 -0.9998 -0.0090
vn -0.0149 -0.9998 -0.0141
vn 0.9239 -0.0000 -0.3827
vn 1.0000 -0.0000 -0.0000
vn -0.0000 -0.0000 1.0000
vn -0.3827 -0.0000 0.9239
vn -0.7071 -0.0000 0.7071
vn -0.9239 -0.0000 0.3827
vn -1.0000 -0.0000 -0.0000
vn -0.9239 -0.0000 -0.3827
vn -0.7071 -0.0000 -0.7071
vn -0.3827 -0.0000 -0.9239
vn -0.0000 -0.0000 -1.0000
vn 0.3827 -0.0000 -0.9239
vn 0.7071 -0.0000 -0.7071
vn 0.7071 -0.0000 0.7071
vn 0.3827 -0.0000 0.9239
vn 0.9239 -0.0000 0.3827
vn 0.7066 -0.0000 -0.7076
vn 0.8907 -0.0000 -0.4546
vn -0.1572 -0.0000 -0.9876
vn -0.4546 -0.0000 -0.8907
vn 0.1572 -0.0000 0.9876
vn -0.1557 -0.0000 0.9878
vn -0.7076 -0.0000 -0.7066
vn -0.8913 -0.0000 -0.4533
vn -0.9876 -0.0000 0.1572
vn -0.9878 -0.0000 -0.1557
vn 0.1557 -0.0000 -0.9878
vn 0.4546 -0.0000 0.8907
vn 0.4533 -0.0000 -0.8913
vn -0.4533 -0.0000 0.8913
vn -0.7066 -0.0000 0.7076
vn 0.9878 -0.0000 0.1557
vn 0.8913 -0.0000 0.4533
vn 0.7076 -0.0000 0.7066
vn -0.8907 -0.0000 0.4546
vn 0.9876 -0.0000 -0.1571
vn 0.7126 -0.0232 0.7012
vn 0.7121 -0.0154 0.7019
vn 0.9996 -0.0269 -0.0067
vn 0.9999 -0.0132 -0.0075
vn 0.0041 -0.0196 0.9998
vn 0.0041 0.0053 1.0000
vn -0.7082 -0.0043 0.7060
vn -0.7077 0.0229 0.7061
vn -0.9999 0.0135 -0.0061
vn -0.9996 0.0269 -0.0055
vn -0.7017 0.0233 -0.7121
vn -0.7027 0.0151 -0.7113
vn 0.0039 0.0196 -0.9998
vn 0.0025 -0.0054 -1.0000
vn 0.7054 0.0045 -0.7088
vn 0.7049 -0.0227 -0.7089
vn 0.7117 0.0002 0.7025
vn 0.9987 -0.0503 -0.0050
vn 0.0049 0.0508 0.9987
vn -0.7058 0.0714 0.7048
vn -0.9987 0.0498 -0.0050
vn -0.7043 -0.0009 -0.7099
vn -0.0002 -0.0509 -0.9987
vn 0.7031 -0.0713 -0.7075
vn 0.7116 0.0155 0.7024
vn 0.9978 -0.0659 -0.0029
vn 0.0061 0.0879 0.9961
vn -0.7036 0.1085 0.7023
vn -0.9979 0.0652 -0.0051
vn -0.7062 -0.0163 -0.7079
vn -0.0032 -0.0880 -0.9961
vn 0.7010 -0.1085 -0.7049
vn 0.7118 0.0304 0.7017
vn 0.9972 -0.0743 -0.0012
vn 0.0074 0.1175 0.9930
vn -0.7017 0.1353 0.6995
vn -0.9973 0.0736 -0.0051
vn -0.7081 -0.0312 -0.7055
vn -0.0061 -0.1175 -0.9931
vn 0.6991 -0.1354 -0.7021
vn 0.7122 0.0453 0.7006
vn 0.9971 -0.0761 -0.0002
vn 0.0083 0.1402 0.9901
vn -0.7004 0.1526 0.6973
vn -0.9971 0.0755 -0.0046
vn -0.7099 -0.0457 -0.7028
vn -0.0086 -0.1401 -0.9901
vn 0.6978 -0.1528 -0.6998
vn 0.7125 0.0601 0.6991
vn 0.9974 -0.0717 -0.0001
vn 0.0087 0.1565 0.9876
vn -0.6998 0.1610 0.6960
vn -0.9975 0.0711 -0.0032
vn -0.7118 -0.0602 -0.6998
vn -0.0106 -0.1564 -0.9876
vn 0.6972 -0.1612 -0.6985
vn 0.7127 0.0750 0.6974
vn 0.9981 -0.0609 -0.0011
vn 0.0086 0.1669 0.9859
vn -0.6998 0.1607 0.6960
vn -0.9982 0.0606 -0.0007
vn -0.7135 -0.0749 -0.6966
vn -0.0120 -0.1666 -0.9859
vn 0.6972 -0.1610 -0.6986
vn 0.7127 0.0903 0.6956
vn 0.9990 -0.0438 -0.0033
vn 0.0081 0.1712 0.9852
vn -0.7003 0.1518 0.6975
vn -0.9990 0.0437 0.0029
vn -0.7150 -0.0898 -0.6933
vn -0.0131 -0.1710 -0.9852
vn 0.6976 -0.1522 -0.7002
vn 0.7124 0.1061 0.6937
vn 0.9998 -0.0200 -0.0067
vn 0.0072 0.1696 0.9855
vn -0.7009 0.1338 0.7006
vn -0.9998 0.0201 0.0078
vn -0.7163 -0.1053 -0.6898
vn -0.0139 -0.1695 -0.9854
vn 0.6981 -0.1343 -0.7033
vn 0.7116 0.1225 0.6918
vn 0.9999 0.0113 -0.0111
vn 0.0062 0.1615 0.9869
vn -0.7011 0.1061 0.7052
vn -0.9998 -0.0109 0.0138
vn -0.7172 -0.1216 -0.6861
vn -0.0148 -0.1616 -0.9867
vn 0.6981 -0.1067 -0.7080
vn 0.7100 0.1397 0.6902
vn 0.9986 0.0507 -0.0163
vn 0.0056 0.1463 0.9892
vn -0.6999 0.0676 0.7111
vn -0.9985 -0.0502 0.0208
vn -0.7176 -0.1390 -0.6824
vn -0.0164 -0.1469 -0.9890
vn 0.6967 -0.0684 -0.7141
vn 0.7075 0.1578 0.6888
vn 0.9948 0.0994 -0.0219
vn 0.0062 0.1232 0.9924
vn -0.6960 0.0170 0.7178
vn -0.9947 -0.0988 0.0284
vn -0.7173 -0.1576 -0.6787
vn -0.0194 -0.1246 -0.9920
vn 0.6927 -0.0180 -0.7210
vn 0.7037 0.1768 0.6881
vn 0.9870 0.1585 -0.0270
vn 0.0091 0.0911 0.9958
vn -0.6876 -0.0472 0.7246
vn -0.9868 -0.1580 0.0359
vn -0.7158 -0.1777 -0.6753
vn -0.0249 -0.0938 -0.9953
vn 0.6841 0.0459 -0.7280
vn 0.6983 0.1966 0.6882
vn 0.9730 0.2290 -0.0304
vn 0.0160 0.0489 0.9987
vn -0.6718 -0.1264 0.7298
vn -0.9726 -0.2288 0.0420
vn -0.7129 -0.1995 -0.6723
vn -0.0345 -0.0535 -0.9980
vn 0.6682 0.1248 -0.7334
vn 0.6910 0.2168 0.6896
vn 0.9499 0.3110 -0.0302
vn 0.0292 -0.0041 0.9996
vn -0.6452 -0.2214 0.7313
vn -0.9492 -0.3115 0.0448
vn -0.7079 -0.2227 -0.6703
vn -0.0505 -0.0032 -0.9987
vn 0.6415 0.2194 -0.7351
vn 0.6817 0.2366 0.6923
vn 0.9147 0.4035 -0.0239
vn 0.0517 -0.0677 0.9964
vn -0.6033 -0.3311 0.7256
vn -0.9133 -0.4052 0.0415
vn -0.7003 -0.2470 -0.6698
vn -0.0753 0.0568 -0.9955
vn 0.5996 0.3288 -0.7296
vn 0.6706 0.2551 0.6965
vn 0.8644 0.5028 -0.0084
vn 0.0866 -0.1397 0.9864
vn -0.5422 -0.4514 0.7087
vn -0.8620 -0.5061 0.0288
vn -0.6896 -0.2712 -0.6715
vn -0.1115 0.1245 -0.9859
vn 0.5387 0.4490 -0.7129
vn 0.6585 0.2713 0.7020
vn 0.7978 0.6026 0.0186
vn 0.1358 -0.2152 0.9671
vn -0.4599 -0.5745 0.6771
vn -0.7942 -0.6077 0.0039
vn -0.6761 -0.2935 -0.6759
vn -0.1604 0.1959 -0.9674
vn 0.4566 0.5724 -0.6811
vn 0.6464 0.2842 0.7081
vn 0.7170 0.6946 0.0579
vn 0.1989 -0.2875 0.9369
vn -0.3582 -0.6900 0.6289
vn -0.7118 -0.7015 -0.0346
vn -0.6607 -0.3119 -0.6828
vn -0.2216 0.2651 -0.9384
vn 0.3550 0.6884 -0.6325
vn 0.6355 0.2937 0.7141
vn 0.6274 0.7712 0.1077
vn 0.2723 -0.3496 0.8964
vn -0.2434 -0.7879 0.5657
vn -0.6206 -0.7795 -0.0849
vn -0.6452 -0.3249 -0.6915
vn -0.2917 0.3256 -0.8994
vn 0.2404 0.7868 -0.5685
vn 0.6269 0.3001 0.7190
vn 0.5362 0.8280 0.1641
vn 0.3504 -0.3970 0.8483
vn -0.1241 -0.8617 0.4920
vn -0.5279 -0.8372 -0.1431
vn -0.6316 -0.3324 -0.7004
vn -0.3660 0.3732 -0.8525
vn 0.1216 0.8610 -0.4938
vn 0.6210 0.3040 0.7224
vn 0.4498 0.8649 0.2227
vn 0.4279 -0.4285 0.7958
vn -0.0089 -0.9105 0.4134
vn -0.4403 -0.8744 -0.2040
vn -0.6214 -0.3354 -0.7081
vn -0.4396 0.4062 -0.8011
vn 0.0070 0.9101 -0.4143
vn 0.6181 0.3063 0.7240
vn 0.3724 0.8849 0.2797
vn 0.5007 -0.4456 0.7421
vn 0.0969 -0.9373 0.3348
vn -0.3621 -0.8941 -0.2635
vn -0.6152 -0.3355 -0.7135
vn -0.5093 0.4256 -0.7480
vn -0.0980 0.9371 -0.3350
vn 0.6179 0.3078 0.7235
vn 0.3055 0.8921 0.3331
vn 0.5673 -0.4512 0.6889
vn 0.1910 -0.9468 0.2590
vn -0.2945 -0.9008 -0.3191
vn -0.6127 -0.3343 -0.7162
vn -0.5734 0.4335 -0.6952
vn -0.1914 0.9468 -0.2586
vn 0.6203 0.3092 0.7209
vn 0.2486 0.8901 0.3820
vn 0.6274 -0.4477 0.6371
vn 0.2736 -0.9434 0.1874
vn -0.2371 -0.8983 -0.3700
vn -0.6134 -0.3331 -0.7161
vn -0.6317 0.4323 -0.6435
vn -0.2734 0.9437 -0.1864
vn 0.6246 0.3111 0.7163
vn 0.2008 0.8820 0.4264
vn 0.6814 -0.4373 0.5869
vn 0.3455 -0.9307 0.1201
vn -0.1890 -0.8895 -0.4159
vn -0.6167 -0.3325 -0.7135
vn -0.6845 0.4239 -0.5931
vn -0.3447 0.9312 -0.1187
vn 0.6305 0.3140 0.7098
vn 0.1611 0.8699 0.4661
vn 0.7296 -0.4216 0.5385
vn 0.4076 -0.9114 0.0574
vn -0.1492 -0.8768 -0.4571
vn -0.6220 -0.3331 -0.7086
vn -0.7317 0.4100 -0.5445
vn -0.4063 0.9120 -0.0556
vn 0.6375 0.3182 0.7017
vn 0.1285 0.8557 0.5012
vn 0.7721 -0.4018 0.4923
vn 0.4607 -0.8876 -0.0005
vn -0.1166 -0.8619 -0.4935
vn -0.6287 -0.3351 -0.7017
vn -0.7736 0.3920 -0.4979
vn -0.4590 0.8884 0.0027
vn 0.6452 0.3238 0.6920
vn 0.1023 0.8406 0.5318
vn 0.8095 -0.3792 0.4483
vn 0.5056 -0.8611 -0.0537
vn -0.0905 -0.8462 -0.5252
vn -0.6365 -0.3386 -0.6930
vn -0.8105 0.3709 -0.4534
vn -0.5035 0.8621 0.0562
vn 0.6534 0.3309 0.6808
vn 0.0816 0.8258 0.5580
vn 0.8420 -0.3545 0.4066
vn 0.5432 -0.8334 -0.1021
vn -0.0701 -0.8307 -0.5523
vn -0.6450 -0.3439 -0.6824
vn -0.8427 0.3477 -0.4111
vn -0.5407 0.8346 0.1049
vn 0.6620 0.3397 0.6681
vn 0.0659 0.8121 0.5797
vn 0.8701 -0.3287 0.3671
vn 0.5743 -0.8056 -0.1458
vn -0.0546 -0.8164 -0.5749
vn -0.6540 -0.3509 -0.6702
vn -0.8706 0.3233 -0.3709
vn -0.5714 0.8071 0.1489
vn 0.6708 0.3502 0.6537
vn 0.0545 0.8004 0.5969
vn 0.8944 -0.3023 0.3298
vn 0.5995 -0.7788 -0.1848
vn -0.0436 -0.8041 -0.5929
vn -0.6635 -0.3598 -0.6560
vn -0.8946 0.2982 -0.3328
vn -0.5962 0.7805 0.1881
vn 0.6798 0.3628 0.6374
vn 0.0469 0.7915 0.6094
vn 0.9150 -0.2758 0.2944
vn 0.6195 -0.7538 -0.2190
vn -0.0364 -0.7947 -0.6060
vn -0.6733 -0.3707 -0.6398
vn -0.9152 0.2731 -0.2964
vn -0.6157 0.7559 0.2227
vn 0.6890 0.3776 0.6187
vn 0.0429 0.7861 0.6166
vn 0.9326 -0.2495 0.2608
vn 0.6350 -0.7316 -0.2482
vn -0.0327 -0.7888 -0.6138
vn -0.6834 -0.3840 -0.6209
vn -0.9326 0.2483 -0.2618
vn -0.6305 0.7341 0.2523
vn 0.6984 0.3952 0.5968
vn 0.0421 0.7852 0.6178
vn 0.9474 -0.2238 0.2289
vn 0.6463 -0.7130 -0.2720
vn -0.0323 -0.7875 -0.6154
vn -0.6939 -0.4001 -0.5987
vn -0.9474 0.2243 -0.2285
vn -0.6409 0.7160 0.2767
vn 0.7081 0.4161 0.5705
vn 0.0442 0.7900 0.6115
vn 0.9597 -0.1990 0.1983
vn 0.6539 -0.6990 -0.2896
vn -0.0348 -0.7920 -0.6096
vn -0.7050 -0.4193 -0.5719
vn -0.9596 0.2016 -0.1963
vn -0.6473 0.7028 0.2949
vn 0.7181 0.4415 0.5380
vn 0.0494 0.8021 0.5951
vn 0.9700 -0.1750 0.1688
vn 0.6581 -0.6909 -0.2993
vn -0.0404 -0.8037 -0.5937
vn -0.7169 -0.4426 -0.5386
vn -0.9697 0.1805 -0.1648
vn -0.6499 0.6960 0.3054
vn 0.7286 0.4726 0.4958
vn 0.0577 0.8236 0.5643
vn 0.9783 -0.1522 0.1403
vn 0.6592 -0.6903 -0.2983
vn -0.0489 -0.8247 -0.5635
vn -0.7299 -0.4709 -0.4955
vn -0.9777 0.1619 -0.1337
vn -0.6485 0.6973 0.3054
vn 0.7396 0.5111 0.4380
vn 0.0691 0.8570 0.5107
vn 0.9851 -0.1304 0.1124
vn 0.6574 -0.6991 -0.2812
vn -0.0607 -0.8574 -0.5111
vn -0.7444 -0.5051 -0.4367
vn -0.9838 0.1470 -0.1028
vn -0.6429 0.7093 0.2891
vn 0.7506 0.5583 0.3535
vn 0.0837 0.9043 0.4186
vn 0.9903 -0.1097 0.0848
vn 0.6534 -0.7187 -0.2379
vn -0.0755 -0.9033 -0.4223
vn -0.7607 -0.5451 -0.3523
vn -0.9878 0.1380 -0.0725
vn -0.6324 0.7348 0.2453
vn 0.7602 0.6104 0.2225
vn 0.1001 0.9606 0.2594
vn 0.9943 -0.0900 0.0572
vn 0.6483 -0.7464 -0.1502
vn -0.0925 -0.9577 -0.2724
vn -0.7787 -0.5854 -0.2256
vn -0.9893 0.1386 -0.0459
vn -0.6173 0.7720 0.1516
vn 0.7653 0.6434 0.0204
vn 0.1131 0.9936 -0.0024
vn 0.9969 -0.0732 0.0295
vn 0.6463 -0.7630 0.0094
vn -0.1081 -0.9939 -0.0233
vn -0.7970 -0.6031 -0.0343
vn -0.9881 0.1503 -0.0326
vn -0.6016 0.7985 -0.0231
vn 0.7626 0.6006 -0.2404
vn 0.1137 0.9281 -0.3546
vn 0.9978 -0.0660 0.0075
vn 0.6529 -0.7139 0.2530
vn -0.1148 -0.9314 0.3454
vn -0.8083 -0.5470 0.2178
vn -0.9864 0.1584 -0.0440
vn -0.5966 0.7533 -0.2767
vn 0.7543 0.4570 -0.4713
vn 0.0999 0.7251 -0.6814
vn 0.9975 -0.0704 0.0064
vn 0.6563 -0.5657 0.4994
vn -0.1054 -0.7121 0.6942
vn -0.7976 -0.4091 0.4434
vn -0.9880 0.1386 -0.0678
vn -0.6082 0.5985 -0.5214
vn 0.7487 0.2838 -0.5990
vn 0.0837 0.4721 -0.8775
vn 0.9974 -0.0674 0.0257
vn 0.6574 -0.3787 0.6515
vn -0.0903 -0.4570 0.8849
vn -0.7806 -0.2565 0.5700
vn -0.9917 0.0998 -0.0813
vn -0.6266 0.3980 -0.6700
vn 0.7481 0.1537 -0.6456
vn 0.0741 0.2684 -0.9604
vn 0.9977 -0.0500 0.0452
vn 0.6586 -0.2237 0.7185
vn -0.0811 -0.2622 0.9616
vn -0.7701 -0.1430 0.6217
vn -0.9945 0.0619 -0.0845
vn -0.6404 0.2310 -0.7325
vn 0.7495 0.0738 -0.6579
vn 0.0705 0.1311 -0.9889
vn 0.9980 -0.0263 0.0576
vn 0.6582 -0.1108 0.7447
vn -0.0770 -0.1291 0.9886
vn -0.7647 -0.0704 0.6405
vn -0.9960 0.0301 -0.0836
vn -0.6476 0.1131 -0.7536
vn 0.7513 0.0271 -0.6594
vn 0.0700 0.0407 -0.9967
vn 0.9979 -0.0022 0.0641
vn 0.6567 -0.0302 0.7535
vn -0.0759 -0.0402 0.9963
vn -0.7621 -0.0264 0.6469
vn -0.9967 0.0030 -0.0815
vn -0.6506 0.0308 -0.7588
vn 0.7525 0.0100 -0.6585
vn 0.0703 0.0047 -0.9975
vn 0.9977 0.0096 0.0668
vn 0.6554 0.0036 0.7553
vn -0.0756 -0.0045 0.9971
vn -0.7610 -0.0100 0.6487
vn -0.9968 -0.0095 -0.0798
vn -0.6513 -0.0034 -0.7588
vn -0.0022 0.0010 1.0000
vn 0.0005 0.1941 0.9810
vn -0.0560 0.3037 0.9511
vn -0.0530 0.0082 0.9986
vn -0.9084 0.0101 -0.4180
vn -0.9999 0.0122 -0.0001
vn -0.9999 0.0122 -0.0000
vn -0.9240 0.0105 -0.3822
vn -0.0333 0.0025 0.9994
vn -0.0407 -0.4145 0.9091
vn -0.0602 -0.2972 0.9529
vn -0.0411 0.4208 0.9062
vn -0.0293 0.7423 0.6694
vn -0.0361 0.6987 0.7145
vn -0.0069 0.9125 0.4090
vn -0.0057 0.9284 0.3716
vn 1.0000 0.0089 -0.0000
vn 0.9250 0.0085 0.3798
vn 0.9251 0.0085 0.3796
vn -0.9250 0.0085 -0.3798
vn -0.7096 0.0079 -0.7045
vn -0.7097 0.0079 -0.7044
vn -0.9251 0.0085 -0.3796
vn 0.0230 0.0036 -0.9997
vn 0.0414 0.0080 -0.9991
vn 0.0481 0.3054 -0.9510
vn 0.0283 0.4268 -0.9039
vn 0.0235 0.7025 -0.7113
vn 0.0184 0.7450 -0.6669
vn -0.0075 -1.0000 0.0004
vn -0.0121 -0.9278 -0.3729
vn -0.0131 -0.9121 -0.4098
vn -0.0022 0.0011 -1.0000
vn 0.0005 -0.1920 -0.9814
vn -0.0569 -0.3024 -0.9515
vn -0.0530 -0.0065 -0.9986
vn 0.0014 0.9129 0.4083
vn 0.0006 0.9282 0.3720
vn -0.0030 1.0000 0.0002
vn -0.0001 1.0000 -0.0004
vn 0.0228 0.7024 0.7114
vn 0.0177 0.7448 0.6671
vn -0.0427 -0.4190 -0.9070
vn -0.0333 -0.0013 -0.9994
vn 0.0018 0.9131 -0.4077
vn 0.0010 0.9285 -0.3714
vn -0.0096 -0.1915 0.9814
vn -0.0391 0.4162 -0.9084
vn -0.0593 0.2984 -0.9526
vn -0.0294 0.7414 -0.6705
vn -0.0362 0.6978 -0.7154
vn -0.6654 0.0072 0.7465
vn -0.3399 0.0051 0.9405
vn -0.3837 0.0054 0.9234
vn -0.7082 0.0077 0.7060
vn 0.9085 0.0104 -0.4178
vn 0.6653 0.0072 -0.7465
vn 0.7082 0.0077 -0.7060
vn 0.9241 0.0107 -0.3820
vn -0.0000 0.0081 -1.0000
vn 0.3847 0.0079 -0.9230
vn 0.3846 0.0079 -0.9230
vn 0.3847 0.0079 0.9230
vn -0.0000 0.0081 1.0000
vn 0.3846 0.0079 0.9230
vn -0.9250 0.0085 0.3798
vn -1.0000 0.0089 -0.0000
vn -0.9251 0.0085 0.3796
vn 0.7096 0.0079 -0.7046
vn 0.7097 0.0079 -0.7044
vn -0.3843 0.0047 -0.9232
vn -0.0006 0.0043 -1.0000
vn -0.0008 0.0043 -1.0000
vn -0.3408 0.0046 -0.9401
vn 0.3408 0.0046 0.9401
vn 0.6653 0.0066 0.7466
vn 0.7081 0.0071 0.7061
vn 0.3842 0.0047 0.9232
vn 0.3399 0.0051 -0.9405
vn 0.3837 0.0054 -0.9235
vn 0.9084 0.0101 0.4180
vn 0.9999 0.0122 0.0001
vn 0.9999 0.0122 -0.0000
vn 0.9240 0.0105 0.3822
vn 0.7096 0.0079 0.7046
vn 0.7097 0.0079 0.7044
vn -0.3847 0.0079 -0.9230
vn -0.3846 0.0079 -0.9230
vn 0.0006 0.0043 1.0000
vn 0.0008 0.0043 1.0000
vn -0.9085 0.0104 0.4178
vn -0.9241 0.0107 0.3820
vn -0.0096 0.1936 -0.9810
vn -0.6653 0.0066 -0.7465
vn -0.7081 0.0071 -0.7061
vn 0.0487 -0.3040 0.9514
vn 0.0414 -0.0064 0.9991
vn 0.0515 0.3004 0.9524
vn 0.0261 0.4223 0.9061
vn -0.0070 0.9119 -0.4104
vn -0.0058 0.9278 -0.3729
vn 0.0295 -0.4254 0.9045
vn 0.0230 -0.0024 0.9997
vn -0.3847 0.0079 0.9230
vn -0.3846 0.0079 0.9230
vn 0.9250 0.0085 -0.3798
vn 0.9251 0.0085 -0.3796
vn -0.0000 1.0000 -0.0064
vn 0.0061 1.0000 -0.0049
vn 0.0046 0.9999 -0.0112
vn -0.0000 0.9999 -0.0112
vn -0.0061 1.0000 0.0013
vn -0.0000 1.0000 0.0015
vn -0.0058 1.0000 -0.0000
vn -0.7096 0.0079 0.7045
vn -0.7097 0.0079 0.7044
vn -0.0131 -0.9114 0.4112
vn -0.0121 -0.9273 0.3742
vn 0.0521 -0.2991 -0.9528
vn -0.0335 -0.7400 0.6717
vn -0.0398 -0.6969 0.7161
vn 0.6653 -0.0073 0.7465
vn 0.3399 -0.0052 0.9405
vn 0.3837 -0.0054 0.9235
vn 0.7082 -0.0078 0.7060
vn -0.0061 1.0000 -0.0013
vn -0.0000 1.0000 -0.0015
vn -0.0061 1.0000 -0.0049
vn -0.0046 -0.9239 -0.3827
vn -0.0046 -1.0000 -0.0000
vn -0.0046 0.7071 -0.7071
vn -0.0046 0.3827 -0.9239
vn 0.0058 1.0000 -0.0000
vn 0.0061 1.0000 -0.0013
vn -0.0079 1.0000 -0.0024
vn -0.0078 1.0000 -0.0024
vn -0.0021 1.0000 -0.0086
vn -0.0006 -0.0043 1.0000
vn -0.0008 -0.0043 1.0000
vn -0.9084 -0.0102 0.4180
vn -0.9999 -0.0124 0.0001
vn -0.9999 -0.0124 -0.0000
vn -0.9240 -0.0106 0.3822
vn -0.9085 -0.0105 -0.4178
vn -0.6653 -0.0073 -0.7465
vn -0.7082 -0.0078 -0.7060
vn -0.9241 -0.0108 -0.3820
vn -0.0397 -0.6978 -0.7152
vn -0.0335 -0.7410 -0.6707
vn 0.0212 -0.7441 0.6678
vn 0.0260 -0.7019 0.7118
vn 0.0057 -0.9129 0.4082
vn 0.0050 -0.9281 0.3723
vn 0.0206 -0.7439 -0.6680
vn 0.0253 -0.7018 -0.7119
vn 0.0273 -0.4209 -0.9067
vn 0.0016 -1.0000 -0.0002
vn 0.0053 -0.9126 -0.4088
vn 0.0047 -0.9279 -0.3729
vn 0.6653 -0.0066 -0.7466
vn 0.9084 -0.0102 -0.4180
vn 0.9240 -0.0106 -0.3822
vn 0.7081 -0.0071 -0.7061
vn 0.9999 -0.0124 -0.0001
vn 0.9085 -0.0105 0.4178
vn 0.9241 -0.0108 0.3820
vn 0.9999 -0.0124 -0.0000
vn -0.7081 -0.0071 0.7061
vn -0.6653 -0.0066 0.7465
vn 0.3408 -0.0046 -0.9401
vn 0.3842 -0.0048 -0.9232
vn -0.3842 -0.0048 0.9232
vn -0.3408 -0.0046 0.9401
vn -0.3399 -0.0052 -0.9405
vn -0.3837 -0.0054 -0.9235
vn 0.0006 -0.0043 -1.0000
vn 0.0008 -0.0043 -1.0000
vn -0.0046 0.9239 -0.3827
vn -0.0046 -0.0000 1.0000
vn -0.0046 0.3827 0.9239
vn -0.0046 -0.9239 0.3827
vn -0.0046 -0.3827 0.9239
vn -0.0046 0.7071 0.7071
vn -0.0046 0.9239 0.3827
vn -0.0046 -0.0000 -1.0000
vn -0.0046 -0.3827 -0.9239
vn -0.0046 -0.7071 -0.7071
vn -0.0046 -0.7071 0.7071
vn -0.0046 1.0000 -0.0000
vn -1.0000 0.0032 -0.0000
vn -1.0000 0.0042 0.0082
vn -1.0000 0.0042 0.0083
vn -1.0000 0.0042 -0.0083
vn 0.0011 0.9999 -0.0163
vn -0.0079 1.0000 0.0024
vn -0.0078 1.0000 0.0024
vn -0.0107 0.9999 -0.0000
vn 0.0079 1.0000 0.0024
vn 0.0107 0.9999 -0.0000
vn 0.0079 1.0000 -0.0024
vn 0.0011 0.9999 0.0163
vn -0.0021 1.0000 0.0086
vn -0.0011 0.9999 0.0163
vn 0.0021 1.0000 0.0086
vn 0.0021 1.0000 -0.0086
vn -0.0011 0.9999 -0.0163
vn -0.0000 0.9998 -0.0199
vn -0.0000 0.9998 0.0199
vn -0.0089 -1.0000 -0.0021
vn -0.0000 -1.0000 -0.0025
vn -0.0000 -1.0000 -0.0061
vn -0.0071 -1.0000 -0.0049
vn 0.0061 1.0000 0.0013
vn -0.0000 1.0000 0.0064
vn 0.0061 1.0000 0.0049
vn -0.0061 1.0000 0.0049
vn -0.0046 0.9999 -0.0112
vn -0.0000 0.9999 0.0112
vn 0.0046 0.9999 0.0112
vn -0.0046 0.9999 0.0112
vn -0.0089 -1.0000 0.0021
vn -0.0000 -1.0000 0.0025
vn -0.0096 -1.0000 -0.0000
vn 0.0089 -1.0000 0.0021
vn 0.0096 -1.0000 -0.0000
vn 0.0089 -1.0000 -0.0021
vn -0.0000 -1.0000 0.0061
vn 0.0071 -1.0000 0.0049
vn -0.0071 -1.0000 0.0049
vn 0.0071 -1.0000 -0.0049
vn -0.0000 -1.0000 -0.0082
vn -0.0048 -1.0000 -0.0082
vn 0.0048 -1.0000 -0.0082
vn -0.0048 -1.0000 0.0082
vn -0.0000 -1.0000 0.0082
vn 0.0048 -1.0000 0.0082
vn -0.9998 0.0057 0.0180
vn -0.9996 0.0046 0.0267
vn -0.9996 0.0046 0.0268
vn -0.9996 0.0046 -0.0268
vn -0.9998 0.0058 -0.0181
vn -1.0000 -0.0042 -0.0083
vn -1.0000 -0.0032 -0.0000
vn -1.0000 -0.0042 -0.0082
vn -1.0000 -0.0042 0.0083
vn -0.9998 -0.0058 0.0181
vn -0.9996 -0.0046 0.0268
vn -0.9996 -0.0046 -0.0268
vn -0.9998 -0.0057 -0.0180
vn -0.9996 -0.0046 -0.0267
vn -0.9995 -0.0000 -0.0304
vn -0.9995 -0.0000 0.0304
vn 0.6352 0.7433 -0.2099
vn 0.6175 0.6231 -0.4801
vn 0.6177 0.6246 -0.4778
vn 0.6353 0.7425 -0.2123
vn 0.6352 0.0264 0.7719
vn 0.5869 0.5156 0.6243
vn 0.5944 0.4701 0.6525
vn 0.6353 0.0239 0.7719
vn 0.9987 0.0409 0.0299
vn 0.9987 0.0409 0.0298
vn -0.9594 0.1420 -0.2438
vn -0.9850 0.0245 -0.1711
vn -0.5402 -0.0094 -0.8415
vn -0.5261 0.3352 -0.7816
vn -0.9689 -0.1521 0.1950
vn -0.9760 -0.1284 0.1759
vn -0.5614 -0.4880 0.6684
vn -0.5489 -0.5794 0.6025
vn -0.0179 0.0043 0.9998
vn -0.0179 0.0016 0.9998
vn -0.0151 -0.3624 0.9319
vn -0.0151 -0.3620 0.9321
vn -0.9760 -0.2133 -0.0452
vn -0.9850 -0.1555 0.0754
vn -0.5402 -0.8044 0.2473
vn -0.4986 -0.8056 -0.3201
vn -0.9594 -0.1420 0.2438
vn -0.9850 -0.0245 0.1711
vn -0.5402 0.0094 0.8415
vn -0.5261 -0.3352 0.7816
vn -0.0185 0.5981 0.8012
vn -0.0185 0.5977 0.8015
vn -0.0185 0.9455 0.3252
vn -0.0185 0.9453 0.3257
vn 0.9995 0.0253 0.0185
vn 0.9989 0.0383 0.0280
vn -0.0140 -0.4557 0.8900
vn -0.0140 -0.4559 0.8899
vn -0.0135 -0.5896 0.8076
vn 0.6138 0.5696 -0.5466
vn 0.6136 0.4656 -0.6377
vn 0.6138 -0.3472 0.7090
vn 0.6175 -0.2676 0.7397
vn 0.6177 -0.2649 0.7405
vn -0.0151 0.7773 -0.6290
vn -0.0151 0.7776 -0.6286
vn -0.0140 0.7090 -0.7051
vn -0.0140 0.7088 -0.7053
vn -0.0135 0.5896 -0.8076
vn 0.5869 0.7517 0.3010
vn 0.5944 0.7646 0.2490
vn 0.6136 -0.4656 0.6377
vn -0.9689 0.1394 -0.2043
vn -0.9760 0.1284 -0.1759
vn -0.8995 -0.2576 0.3529
vn -0.9037 -0.1700 0.3931
vn -0.0179 0.9536 -0.3004
vn -0.0179 0.9528 -0.3030
vn -0.9594 -0.1890 0.2095
vn -0.9319 0.3564 -0.0675
vn -0.9146 0.3391 -0.2203
vn -0.9760 -0.1080 -0.1894
vn -0.9299 0.2257 0.2903
vn -0.9299 0.3453 0.1266
vn -0.5489 0.3974 -0.7353
vn -0.9146 -0.1066 0.3901
vn -0.9037 0.3226 -0.2816
vn -0.8995 0.2576 -0.3529
vn -0.9319 0.0442 0.3600
vn -0.9146 0.1066 -0.3901
vn -0.9319 -0.0442 -0.3600
vn -0.5261 -0.6424 0.5572
vn -0.4986 -0.5502 -0.6699
vn -0.9689 -0.1394 0.2043
vn -0.5489 -0.3974 0.7353
vn -0.5614 0.4880 -0.6684
vn 0.6352 -0.7433 0.2099
vn 0.6353 -0.7425 0.2123
vn 0.5944 -0.7646 -0.2490
vn 0.5868 -0.7517 -0.3010
vn 0.6352 -0.0264 -0.7719
vn 0.6353 -0.0239 -0.7719
vn 0.6177 0.2649 -0.7405
vn 0.6175 0.2676 -0.7397
vn -0.0179 -0.0016 -0.9998
vn -0.0179 -0.0043 -0.9998
vn -0.0185 -0.5977 -0.8015
vn -0.0185 -0.5981 -0.8012
vn 0.9989 -0.0383 -0.0280
vn 0.9995 -0.0253 -0.0185
vn -0.9689 0.1521 -0.1950
vn -0.5489 0.5794 -0.6025
vn -0.9850 0.1555 -0.0754
vn -0.9594 0.1890 -0.2095
vn -0.5261 0.6424 -0.5572
vn -0.5402 0.8044 -0.2473
vn -0.4986 0.5502 0.6699
vn -0.9760 0.1080 0.1894
vn -0.9760 0.2133 0.0452
vn -0.4986 0.8056 0.3201
vn -0.0151 -0.7776 0.6286
vn -0.0151 -0.7773 0.6290
vn -0.0179 -0.9528 0.3030
vn -0.0179 -0.9536 0.3004
vn -0.0185 -0.9453 -0.3257
vn -0.0185 -0.9455 -0.3252
vn -0.9146 -0.3391 0.2203
vn -0.9037 -0.3226 0.2816
vn 0.6138 -0.5696 0.5466
vn 0.6177 -0.6246 0.4778
vn 0.6175 -0.6231 0.4801
vn 0.6138 0.3472 -0.7090
vn -0.0140 0.4559 -0.8899
vn -0.0140 0.4557 -0.8900
vn -0.0151 0.3620 -0.9321
vn -0.0151 0.3624 -0.9319
vn -0.0140 -0.7088 0.7053
vn -0.0140 -0.7090 0.7051
vn 0.5868 -0.5156 -0.6243
vn 0.5944 -0.4701 -0.6525
vn 0.9987 -0.0409 -0.0299
vn 0.9987 -0.0409 -0.0298
vn -0.9299 -0.2257 -0.2903
vn -0.9299 -0.3453 -0.1266
vn -0.9037 0.1699 -0.3931
vn -0.9319 -0.3564 0.0675
vn -0.9988 0.0406 0.0290
vn -0.9988 0.0400 0.0299
vn -0.9986 0.0421 0.0311
vn -0.9986 0.0424 0.0306
vn -0.9986 0.0428 0.0300
vn -0.9988 0.0397 0.0276
vn -0.9995 0.0246 0.0183
vn -0.9994 0.0281 0.0204
vn -1.0000 -0.0007 0.0010
vn -1.0000 -0.0004 0.0005
vn -0.9995 -0.0249 -0.0178
vn -0.9994 -0.0279 -0.0205
vn -0.9988 -0.0384 -0.0294
vn -0.9988 -0.0400 -0.0298
vn -0.9986 -0.0416 -0.0316
vn -0.9986 -0.0421 -0.0311
vn -0.9994 0.0279 0.0205
vn -1.0000 0.0004 -0.0005
vn -0.9994 -0.0281 -0.0204
vn -0.9988 -0.0406 -0.0290
vn -0.9986 -0.0424 -0.0306
vn -0.9988 0.0384 0.0294
vn -0.9986 0.0416 0.0316
vn -0.9995 0.0249 0.0178
vn -1.0000 0.0007 -0.0010
vn -0.9995 -0.0246 -0.0183
vn -0.9988 -0.0397 -0.0276
vn -0.9986 -0.0428 -0.0300
vn -0.4590 -0.6685 -0.5851
vn -0.6576 -0.5673 -0.4957
vn -0.6848 -0.4325 -0.5865
vn -0.4823 -0.5137 -0.7096
vn -0.8735 -0.3633 -0.3240
vn -0.8971 -0.2649 -0.3537
vn -0.9216 -0.2802 -0.2686
vn -0.9410 -0.2011 -0.2722
vn -0.9398 -0.2359 -0.2474
vn -0.9576 -0.1670 -0.2346
vn -0.6900 -0.3052 -0.6563
vn -0.4796 -0.3609 -0.7998
vn -0.8968 -0.2007 -0.3943
vn -0.9425 -0.1695 -0.2881
vn -0.9688 -0.1306 -0.2107
vn -0.6451 -0.1824 -0.7420
vn -0.4198 -0.2065 -0.8838
vn -0.8536 -0.1589 -0.4962
vn -0.9201 -0.1590 -0.3579
vn -0.9749 -0.1086 -0.1944
vn -0.5505 -0.0260 -0.8344
vn -0.3159 -0.0217 -0.9485
vn -0.7486 -0.0602 -0.6602
vn -0.8536 -0.0721 -0.5160
vn -0.9797 -0.0508 -0.1937
vn -0.4219 0.1741 -0.8898
vn -0.1916 0.1936 -0.9622
vn -0.6123 0.1352 -0.7790
vn -0.8080 0.1154 -0.5778
vn -0.9810 0.0446 -0.1890
vn -0.3279 0.3751 -0.8670
vn -0.1200 0.3961 -0.9104
vn -0.5758 0.3371 -0.7449
vn -0.8315 0.2559 -0.4931
vn -0.9762 0.1250 -0.1775
vn -0.3678 0.5083 -0.7787
vn -0.1897 0.5306 -0.8261
vn -0.6566 0.4328 -0.6177
vn -0.8712 0.3064 -0.3835
vn -0.9708 0.1727 -0.1667
vn -0.5331 0.5617 -0.6327
vn -0.3444 0.6198 -0.7052
vn -0.7890 0.4223 -0.4462
vn -0.9089 0.3017 -0.2877
vn -0.9678 0.1965 -0.1575
vn -0.9445 -0.2760 -0.1783
vn -0.9739 -0.1517 -0.1687
vn -0.9536 -0.2934 -0.0671
vn -0.9874 -0.1413 -0.0706
vn -0.9620 -0.2712 0.0323
vn -0.9916 -0.1279 0.0198
vn -0.9692 -0.2338 0.0779
vn -0.9912 -0.1157 0.0647
vn -0.9766 -0.2055 0.0635
vn -0.9931 -0.1033 0.0547
vn -0.9784 -0.1998 0.0533
vn -0.9937 -0.1008 0.0499
vn -0.9753 -0.2005 0.0922
vn -0.9910 -0.1053 0.0821
vn -0.9700 -0.1974 0.1421
vn -0.9810 -0.1340 0.1402
vn -0.9872 -0.0830 -0.1364
vn -0.9973 -0.0484 -0.0552
vn -0.9992 -0.0381 0.0096
vn -0.9980 -0.0409 0.0480
vn -0.9978 -0.0451 0.0480
vn -0.9976 -0.0483 0.0491
vn -0.9957 -0.0561 0.0737
vn -0.9885 -0.0874 0.1233
vn -0.9940 -0.0486 -0.0975
vn -0.9993 -0.0088 -0.0367
vn -1.0000 0.0032 0.0053
vn -0.9995 -0.0033 0.0317
vn -0.9991 -0.0144 0.0395
vn -0.9987 -0.0199 0.0476
vn -0.9976 -0.0267 0.0644
vn -0.9923 -0.0498 0.1135
vn -0.9975 -0.0153 -0.0696
vn -0.9997 0.0110 -0.0204
vn -0.9998 0.0181 0.0023
vn -0.9997 0.0119 0.0195
vn -0.9995 0.0042 0.0323
vn -0.9989 0.0003 0.0463
vn -0.9982 -0.0036 0.0597
vn -0.9935 -0.0095 0.1133
vn -0.9978 0.0338 -0.0573
vn -0.9994 0.0307 -0.0136
vn -0.9996 0.0283 -0.0003
vn -0.9996 0.0259 0.0148
vn -0.9992 0.0250 0.0299
vn -0.9987 0.0229 0.0447
vn -0.9980 0.0213 0.0592
vn -0.9927 0.0318 0.1167
vn -0.9951 0.0800 -0.0585
vn -0.9981 0.0582 -0.0190
vn -0.9987 0.0503 -0.0009
vn -0.9985 0.0509 0.0182
vn -0.9981 0.0533 0.0317
vn -0.9978 0.0510 0.0421
vn -0.9968 0.0500 0.0617
vn -0.9900 0.0709 0.1220
vn -0.9906 0.1172 -0.0708
vn -0.9951 0.0939 -0.0294
vn -0.9962 0.0866 0.0039
vn -0.9958 0.0868 0.0286
vn -0.9952 0.0893 0.0390
vn -0.9949 0.0908 0.0430
vn -0.9935 0.0935 0.0645
vn -0.9845 0.1154 0.1318
vn -0.9805 0.1693 -0.0997
vn -0.9875 0.1529 -0.0393
vn -0.9897 0.1424 0.0142
vn -0.9894 0.1383 0.0446
vn -0.9885 0.1396 0.0576
vn -0.9869 0.1494 0.0616
vn -0.9830 0.1666 0.0775
vn -0.9765 0.1754 0.1248
vn -0.9296 -0.3024 0.2109
vn -0.9478 -0.2200 0.2306
vn -0.8543 -0.4308 0.2909
vn -0.8764 -0.3306 0.3502
vn -0.6305 -0.6451 0.4318
vn -0.6513 -0.5097 0.5622
vn -0.4361 -0.7451 0.5046
vn -0.4569 -0.5864 0.6688
vn -0.9600 -0.1600 0.2298
vn -0.8706 -0.2619 0.4165
vn -0.6053 -0.3897 0.6940
vn -0.3938 -0.4347 0.8099
vn -0.9650 -0.0971 0.2436
vn -0.8322 -0.1720 0.5271
vn -0.4807 -0.2454 0.8418
vn -0.2427 -0.2609 0.9344
vn -0.9643 -0.0110 0.2647
vn -0.7979 -0.0082 0.6028
vn -0.3840 -0.0109 0.9233
vn -0.1236 -0.0152 0.9922
vn -0.9551 0.0757 0.2864
vn -0.7827 0.1566 0.6024
vn -0.3826 0.2157 0.8984
vn -0.1353 0.2261 0.9646
vn -0.9427 0.1532 0.2963
vn -0.7609 0.2818 0.5844
vn -0.3936 0.3882 0.8333
vn -0.1707 0.4088 0.8965
vn -0.9268 0.2294 0.2975
vn -0.7185 0.4120 0.5603
vn -0.3343 0.5514 0.7643
vn -0.1154 0.5748 0.8101
vn -0.9189 0.3079 0.2467
vn -0.7159 0.5303 0.4541
vn -0.3119 0.7063 0.6355
vn -0.0733 0.7397 0.6689
vn -0.9288 -0.3423 0.1422
vn -0.9370 -0.3406 0.0778
vn -0.9383 -0.3382 0.0719
vn -0.9215 -0.3798 0.0812
vn -0.8981 -0.4391 0.0220
vn -0.8901 -0.4460 -0.0940
vn -0.9008 -0.3785 -0.2130
vn -0.8434 -0.4982 0.2012
vn -0.8554 -0.5046 0.1170
vn -0.8653 -0.4928 0.0912
vn -0.8465 -0.5263 0.0795
vn -0.8252 -0.5648 0.0111
vn -0.8289 -0.5491 -0.1070
vn -0.8485 -0.4711 -0.2413
vn -0.6188 -0.7303 0.2892
vn -0.6419 -0.7456 0.1788
vn -0.6628 -0.7371 0.1318
vn -0.6565 -0.7484 0.0948
vn -0.6445 -0.7645 0.0102
vn -0.6436 -0.7527 -0.1386
vn -0.6452 -0.6861 -0.3361
vn -0.4283 -0.8401 0.3329
vn -0.4581 -0.8638 0.2096
vn -0.4827 -0.8622 0.1536
vn -0.4852 -0.8679 0.1066
vn -0.4758 -0.8795 0.0107
vn -0.4689 -0.8690 -0.1578
vn -0.4602 -0.8005 -0.3840
vn -0.2088 0.8254 0.5246
vn -0.4581 0.7548 0.4695
vn -0.3807 0.8029 0.4588
vn -0.6165 0.6882 0.3826
vn -0.4767 0.7813 0.4029
vn -0.6912 0.6420 0.3317
vn -0.5215 0.8086 0.2723
vn -0.7266 0.6490 0.2256
vn -0.5426 0.8393 0.0340
vn -0.7379 0.6741 0.0331
vn -0.5298 0.8062 -0.2632
vn -0.7246 0.6534 -0.2191
vn -0.4671 0.7151 -0.5200
vn -0.6684 0.5982 -0.4421
vn -0.8056 0.5130 0.2965
vn -0.8819 0.4196 0.2151
vn -0.9135 0.3654 0.1786
vn -0.9298 0.3481 0.1195
vn -0.9367 0.3497 0.0196
vn -0.9253 0.3599 -0.1196
vn -0.8854 0.3757 -0.2738
vn -0.9435 0.2956 0.1495
vn -0.9622 0.2477 0.1132
vn -0.9700 0.2224 0.0986
vn -0.9746 0.2130 0.0695
vn -0.9754 0.2199 0.0173
vn -0.9687 0.2377 -0.0716
vn -0.9492 0.2615 -0.1753
vn -0.3428 0.4447 0.8275
vn -0.3427 0.4447 0.8275
vn -0.6332 0.4452 0.6332
vn -0.8275 0.4448 0.3427
vn -0.8954 0.4452 -0.0000
vn -0.8275 0.4448 -0.3427
vn -0.6332 0.4452 -0.6332
vn -0.3427 0.4448 -0.8275
vn -0.0000 0.4451 0.8955
vn -0.0000 0.4452 -0.8954
vn 0.3428 0.4447 -0.8275
vn 0.6332 0.4451 -0.6332
vn 0.8275 0.4447 -0.3428
vn 0.8955 0.4451 -0.0000
vn 0.6332 0.4451 0.6332
vn 0.3428 0.4447 0.8275
vn -0.3601 0.9329 -0.0000
vn -0.3330 0.9328 0.1379
vn 0.8275 0.4447 0.3428
vn -0.0000 0.9329 -0.3601
vn -0.1379 0.9328 -0.3330
vn -0.2546 0.9329 -0.2546
vn -0.2546 0.9329 0.2546
vn -0.1379 0.9328 0.3330
vn -0.0000 0.9329 0.3601
vn 0.2546 0.9329 0.2546
vn 0.3330 0.9328 0.1379
vn 0.3601 0.9329 -0.0000
vn 0.3330 0.9328 -0.1379
vn 0.2546 0.9329 -0.2546
vn -0.3330 0.9328 -0.1379
vn 0.1379 0.9328 0.3330
vn 0.1379 0.9328 -0.3330
vn 0.6376 0.7703 0.0010
vn 0.5902 0.7694 0.2443
vn 0.5901 0.7694 0.2444
vn 0.6376 0.7703 0.0009
vn 0.2491 0.7647 0.5942
vn 0.2488 0.7647 0.5943
vn 0.0015 0.7616 0.6480
vn 0.4535 0.7684 0.4515
vn -0.2488 0.7598 0.6007
vn -0.2487 0.7598 0.6008
vn -0.4596 0.7601 0.4594
vn -0.6007 0.7598 0.2488
vn -0.6492 0.7606 0.0010
vn -0.6492 0.7606 0.0009
vn -0.5989 0.7633 -0.2421
vn -0.5990 0.7633 -0.2420
vn -0.4576 0.7698 -0.4451
vn -0.4616 0.7696 -0.4411
vn -0.2360 0.7622 -0.6027
vn -0.2567 0.7641 -0.5919
vn 0.2566 0.7692 -0.5852
vn 0.2366 0.7671 -0.5963
vn 0.4519 0.7775 -0.4373
vn 0.4555 0.7775 -0.4336
vn 0.5885 0.7727 -0.2379
vn 0.5886 0.7727 -0.2377
vn 0.7132 -0.0001 -0.7009
vn 0.3780 0.0011 -0.9258
vn 0.3782 0.0011 -0.9257
vn 0.7126 -0.0001 -0.7015
vn -0.7126 -0.0001 -0.7015
vn -0.7132 -0.0001 -0.7009
vn -0.9261 0.0002 -0.3773
vn -0.9260 0.0002 -0.3774
vn -0.0000 0.0023 -1.0000
vn 0.7071 0.0005 0.7071
vn 0.9239 0.0005 0.3827
vn -0.3781 0.0010 -0.9258
vn -0.3783 0.0010 -0.9257
vn -0.0000 0.0005 1.0000
vn 0.3827 0.0005 0.9239
vn 0.9261 0.0002 -0.3773
vn 0.9260 0.0002 -0.3774
vn -0.3827 0.0005 0.9239
vn -1.0000 0.0004 0.0010
vn -0.9239 0.0005 0.3827
vn -0.7071 0.0005 0.7071
vn 0.0014 0.7513 -0.6599
vn 1.0000 0.0004 0.0010
vn -0.0074 1.0000 -0.0000
vn 0.3428 -0.4447 0.8275
vn 0.6332 -0.4452 0.6332
vn 0.8275 -0.4448 0.3428
vn 0.8954 -0.4452 -0.0000
vn 0.8275 -0.4448 -0.3428
vn 0.8275 -0.4448 -0.3427
vn 0.6332 -0.4452 -0.6332
vn 0.3427 -0.4448 -0.8275
vn 0.3428 -0.4448 -0.8275
vn -0.0000 -0.4451 0.8955
vn -0.0000 -0.4452 -0.8954
vn -0.3428 -0.4447 -0.8275
vn -0.6332 -0.4451 -0.6332
vn -0.8275 -0.4447 -0.3428
vn -0.8955 -0.4451 -0.0000
vn -0.6332 -0.4451 0.6332
vn -0.3428 -0.4447 0.8275
vn 0.3601 -0.9329 -0.0000
vn 0.3330 -0.9328 0.1379
vn -0.8275 -0.4447 0.3428
vn -0.0000 -0.9329 -0.3601
vn 0.1379 -0.9328 -0.3330
vn 0.2546 -0.9329 -0.2546
vn 0.2546 -0.9329 0.2546
vn 0.1379 -0.9328 0.3330
vn -0.0000 -0.9329 0.3601
vn -0.2546 -0.9329 0.2546
vn -0.3330 -0.9328 0.1379
vn -0.3601 -0.9329 -0.0000
vn -0.3330 -0.9328 -0.1379
vn -0.2546 -0.9329 -0.2546
vn 0.3330 -0.9328 -0.1379
vn -0.1379 -0.9328 0.3330
vn -0.1379 -0.9328 -0.3330
vn -0.6377 -0.7703 0.0010
vn -0.5901 -0.7695 0.2443
vn -0.5901 -0.7695 0.2444
vn -0.6377 -0.7703 0.0009
vn -0.2491 -0.7648 0.5942
vn -0.2488 -0.7647 0.5943
vn -0.0015 -0.7616 0.6480
vn -0.4535 -0.7684 0.4515
vn 0.2488 -0.7598 0.6007
vn 0.2487 -0.7598 0.6008
vn 0.4596 -0.7601 0.4594
vn 0.6007 -0.7598 0.2488
vn 0.6492 -0.7606 0.0010
vn 0.6492 -0.7606 0.0009
vn 0.5989 -0.7633 -0.2421
vn 0.5990 -0.7633 -0.2420
vn 0.4576 -0.7697 -0.4451
vn 0.4616 -0.7696 -0.4411
vn 0.2360 -0.7622 -0.6028
vn 0.2567 -0.7641 -0.5919
vn -0.2566 -0.7692 -0.5852
vn -0.2366 -0.7671 -0.5963
vn -0.4519 -0.7776 -0.4373
vn -0.4555 -0.7775 -0.4336
vn -0.5885 -0.7727 -0.2379
vn -0.5886 -0.7727 -0.2377
vn -0.7132 0.0001 -0.7009
vn -0.3780 -0.0011 -0.9258
vn -0.3782 -0.0011 -0.9257
vn -0.7126 0.0001 -0.7016
vn 0.7126 0.0001 -0.7015
vn 0.7132 0.0001 -0.7009
vn 0.9261 -0.0002 -0.3773
vn 0.9260 -0.0002 -0.3774
vn -0.0000 -0.0023 -1.0000
vn -0.7071 -0.0005 0.7071
vn -0.9239 -0.0005 0.3827
vn 0.3781 -0.0010 -0.9258
vn 0.3783 -0.0010 -0.9257
vn -0.0000 -0.0005 1.0000
vn -0.3827 -0.0005 0.9239
vn -0.9261 -0.0002 -0.3773
vn -0.9260 -0.0002 -0.3774
vn 0.3827 -0.0005 0.9239
vn 1.0000 -0.0004 0.0010
vn 0.9239 -0.0005 0.3827
vn 0.7071 -0.0005 0.7071
vn -0.0014 -0.7513 -0.6600
vn -0.0015 -0.7513 -0.6600
vn -1.0000 -0.0004 0.0010
vn 0.0074 -1.0000 -0.0000
vn -0.3428 0.4447 -0.8275
vn -0.3427 0.4447 -0.8275
vn -0.3427 0.4448 0.8275
vn -0.0000 0.4451 -0.8955
vn -0.0000 0.4452 0.8954
vn 0.6377 0.7703 -0.0010
vn 0.6377 0.7703 -0.0009
vn 0.5901 0.7694 -0.2444
vn 0.5902 0.7694 -0.2443
vn 0.2491 0.7647 -0.5942
vn 0.0015 0.7616 -0.6480
vn 0.2488 0.7647 -0.5943
vn 0.4535 0.7684 -0.4515
vn -0.2488 0.7598 -0.6007
vn -0.4596 0.7601 -0.4594
vn -0.2487 0.7598 -0.6008
vn -0.6007 0.7598 -0.2488
vn -0.6492 0.7606 -0.0009
vn -0.6492 0.7606 -0.0010
vn -0.5989 0.7633 0.2421
vn -0.4616 0.7696 0.4411
vn -0.4576 0.7698 0.4451
vn -0.5990 0.7633 0.2420
vn -0.2567 0.7641 0.5919
vn -0.2360 0.7622 0.6027
vn 0.2566 0.7692 0.5852
vn 0.4555 0.7775 0.4336
vn 0.4519 0.7775 0.4373
vn 0.2366 0.7671 0.5963
vn 0.5886 0.7727 0.2379
vn 0.5886 0.7727 0.2377
vn 0.7132 -0.0001 0.7009
vn 0.7126 -0.0001 0.7015
vn 0.3782 0.0011 0.9257
vn 0.3780 0.0011 0.9258
vn -0.7126 -0.0001 0.7015
vn -0.9260 0.0002 0.3774
vn -0.9261 0.0002 0.3773
vn -0.7132 -0.0001 0.7009
vn -0.0000 0.0023 1.0000
vn 0.7071 0.0005 -0.7071
vn 0.9239 0.0005 -0.3827
vn -0.3781 0.0010 0.9258
vn -0.3783 0.0010 0.9257
vn -0.0000 0.0005 -1.0000
vn 0.3827 0.0005 -0.9239
vn 0.9261 0.0002 0.3773
vn 0.9260 0.0002 0.3774
vn -0.3827 0.0005 -0.9239
vn -1.0000 0.0004 -0.0010
vn -0.9239 0.0005 -0.3827
vn -0.7071 0.0005 -0.7071
vn 0.0014 0.7513 0.6599
vn 1.0000 0.0004 -0.0010
vn 0.3428 -0.4447 -0.8275
vn 0.3427 -0.4447 -0.8275
vn 0.8275 -0.4448 0.3427
vn 0.3428 -0.4448 0.8275
vn 0.3427 -0.4448 0.8275
vn -0.0000 -0.4451 -0.8955
vn -0.0000 -0.4452 0.8954
vn -0.6377 -0.7703 -0.0010
vn -0.6377 -0.7703 -0.0009
vn -0.5901 -0.7695 -0.2444
vn -0.5901 -0.7695 -0.2443
vn -0.2491 -0.7648 -0.5942
vn -0.0015 -0.7616 -0.6480
vn -0.2488 -0.7647 -0.5943
vn -0.4535 -0.7684 -0.4515
vn 0.2488 -0.7598 -0.6007
vn 0.4596 -0.7601 -0.4594
vn 0.2487 -0.7598 -0.6008
vn 0.6007 -0.7598 -0.2488
vn 0.6492 -0.7606 -0.0009
vn 0.6492 -0.7606 -0.0010
vn 0.5989 -0.7633 0.2421
vn 0.4616 -0.7696 0.4411
vn 0.4576 -0.7697 0.4451
vn 0.5990 -0.7633 0.2420
vn 0.2567 -0.7641 0.5919
vn 0.2360 -0.7622 0.6028
vn -0.2566 -0.7692 0.5852
vn -0.4555 -0.7775 0.4336
vn -0.4519 -0.7776 0.4373
vn -0.2366 -0.7671 0.5963
vn -0.5885 -0.7727 0.2379
vn -0.5886 -0.7727 0.2377
vn -0.7132 0.0001 0.7009
vn -0.7126 0.0001 0.7015
vn -0.3782 -0.0011 0.9257
vn -0.3780 -0.0011 0.9258
vn 0.7126 0.0001 0.7015
vn 0.9260 -0.0002 0.3774
vn 0.9261 -0.0002 0.3773
vn 0.7132 0.0001 0.7009
vn -0.0000 -0.0023 1.0000
vn -0.7071 -0.0005 -0.7071
vn -0.9239 -0.0005 -0.3827
vn 0.3781 -0.0010 0.9258
vn 0.3783 -0.0010 0.9257
vn -0.0000 -0.0005 -1.0000
vn -0.3827 -0.0005 -0.9239
vn -0.9261 -0.0002 0.3773
vn -0.9260 -0.0002 0.3774
vn 0.3827 -0.0005 -0.9239
vn 1.0000 -0.0004 -0.0010
vn 0.9239 -0.0005 -0.3827
vn 0.7071 -0.0005 -0.7071
vn -0.0015 -0.7513 0.6600
vn -0.0014 -0.7513 0.6600
vn -1.0000 -0.0004 -0.0010
vt 0.155758 0.219937
vt 0.157209 0.219436
vt 0.158747 0.224256
vt 0.157178 0.224959
vt 0.161705 0.231117
vt 0.159928 0.232007
vt 0.165023 0.239437
vt 0.163007 0.240395
vt 0.168404 0.248807
vt 0.166156 0.249745
vt 0.171745 0.258872
vt 0.169297 0.259766
vt 0.174975 0.269469
vt 0.172354 0.270305
vt 0.178036 0.280528
vt 0.175262 0.281289
vt 0.180907 0.292044
vt 0.177987 0.292720
vt 0.183533 0.304028
vt 0.180505 0.304616
vt 0.185916 0.316432
vt 0.182785 0.316920
vt 0.187999 0.329200
vt 0.184782 0.329588
vt 0.189754 0.342271
vt 0.186467 0.342561
vt 0.191150 0.355579
vt 0.187813 0.355772
vt 0.192155 0.369059
vt 0.188789 0.369157
vt 0.192647 0.382676
vt 0.189249 0.382700
vt 0.192677 0.396370
vt 0.189281 0.396364
vt 0.227454 0.315190
vt 0.223071 0.301571
vt 0.231580 0.300523
vt 0.236309 0.314471
vt 0.218313 0.288066
vt 0.226440 0.286631
vt 0.235753 0.284601
vt 0.241262 0.298961
vt 0.246315 0.313321
vt 0.207881 0.261994
vt 0.202252 0.249760
vt 0.208974 0.246963
vt 0.215116 0.259658
vt 0.196339 0.238184
vt 0.202499 0.234952
vt 0.209695 0.230788
vt 0.216807 0.243287
vt 0.223518 0.256543
vt 0.241738 0.396466
vt 0.241285 0.383104
vt 0.251272 0.383133
vt 0.251774 0.396488
vt 0.239908 0.369671
vt 0.249770 0.369671
vt 0.260663 0.369479
vt 0.262255 0.383056
vt 0.262790 0.396513
vt 0.183271 0.218124
vt 0.175963 0.210721
vt 0.180713 0.205854
vt 0.188344 0.213978
vt 0.169893 0.206061
vt 0.174419 0.200504
vt 0.179807 0.194039
vt 0.186288 0.199994
vt 0.194294 0.208800
vt 0.234816 0.342492
vt 0.231382 0.328837
vt 0.240543 0.328388
vt 0.244250 0.342254
vt 0.250838 0.327590
vt 0.254796 0.341734
vt 0.213235 0.274817
vt 0.220938 0.272946
vt 0.229830 0.270392
vt 0.190089 0.227465
vt 0.195660 0.223843
vt 0.202189 0.219200
vt 0.237700 0.356127
vt 0.247373 0.356042
vt 0.258121 0.355714
vt 0.285452 0.368494
vt 0.282736 0.354215
vt 0.294163 0.353444
vt 0.296953 0.368113
vt 0.279129 0.339618
vt 0.290454 0.338363
vt 0.299004 0.337005
vt 0.302752 0.352568
vt 0.305566 0.367661
vt 0.287720 0.396571
vt 0.287147 0.382592
vt 0.298703 0.382467
vt 0.299303 0.396599
vt 0.307329 0.382305
vt 0.307948 0.396620
vt 0.208844 0.195103
vt 0.199710 0.185866
vt 0.206158 0.178705
vt 0.215767 0.187884
vt 0.192697 0.179594
vt 0.199260 0.172683
vt 0.204208 0.169305
vt 0.210760 0.173198
vt 0.220965 0.182160
vt 0.227536 0.218905
vt 0.218327 0.206251
vt 0.226109 0.199330
vt 0.236277 0.212497
vt 0.232273 0.193989
vt 0.243392 0.207634
vt 0.244138 0.247386
vt 0.236169 0.232705
vt 0.245690 0.226920
vt 0.254194 0.242316
vt 0.253497 0.222546
vt 0.262393 0.238400
vt 0.258056 0.278377
vt 0.251398 0.262743
vt 0.261803 0.258462
vt 0.268692 0.274902
vt 0.270126 0.255038
vt 0.277008 0.271978
vt 0.269766 0.309399
vt 0.264181 0.293963
vt 0.275030 0.291114
vt 0.280789 0.307080
vt 0.283408 0.288547
vt 0.289222 0.304856
vt 0.274770 0.324651
vt 0.285955 0.322869
vt 0.294448 0.321051
vt 0.314480 0.396636
vt 0.313953 0.381474
vt 0.316117 0.380968
vt 0.316613 0.396641
vt 0.312326 0.365996
vt 0.314560 0.365022
vt 0.308747 0.332145
vt 0.338210 0.325230
vt 0.341581 0.343261
vt 0.312048 0.348719
vt 0.190543 0.050475
vt 0.213492 0.031593
vt 0.225933 0.049136
vt 0.201906 0.067262
vt 0.285975 0.268295
vt 0.279415 0.251571
vt 0.283497 0.250237
vt 0.289676 0.266574
vt 0.271065 0.232215
vt 0.276751 0.233417
vt 0.269396 0.215436
vt 0.299116 0.203530
vt 0.306302 0.221291
vt 0.295270 0.282766
vt 0.324480 0.272513
vt 0.329588 0.289724
vt 0.300320 0.299028
vt 0.297202 0.300980
vt 0.291841 0.284657
vt 0.312793 0.238525
vt 0.304811 0.315519
vt 0.334180 0.307328
vt 0.306217 0.333858
vt 0.302011 0.317421
vt 0.318872 0.255524
vt 0.344148 0.361229
vt 0.309701 0.350106
vt 0.345757 0.379037
vt 0.346296 0.396714
vt 0.264897 0.214864
vt 0.253908 0.191751
vt 0.260434 0.192687
vt 0.565617 0.236365
vt 0.561887 0.240675
vt 0.561113 0.219809
vt 0.564499 0.216472
vt 0.290345 0.181784
vt 0.561864 0.194460
vt 0.565295 0.193501
vt 0.239612 0.070465
vt 0.213955 0.086788
vt 0.564435 0.261016
vt 0.567881 0.259648
vt 0.569515 0.280585
vt 0.572774 0.279043
vt 0.577203 0.299166
vt 0.580221 0.297234
vt 0.587614 0.316537
vt 0.590313 0.314218
vt 0.600794 0.332354
vt 0.603078 0.329657
vt 0.616460 0.346059
vt 0.618210 0.343009
vt 0.634136 0.357046
vt 0.635238 0.353706
vt 0.653212 0.364742
vt 0.653681 0.361247
vt 0.673051 0.368701
vt 0.673048 0.365192
vt 0.692918 0.368691
vt 0.692562 0.365275
vt 0.250874 0.203747
vt 0.261165 0.217739
vt 0.225144 0.176858
vt 0.238365 0.189673
vt 0.202360 0.161868
vt 0.212914 0.166912
vt 0.198844 0.342507
vt 0.200557 0.355840
vt 0.090954 0.371921
vt 0.102367 0.371648
vt 0.102639 0.383649
vt 0.091224 0.383750
vt 0.116267 0.371359
vt 0.116518 0.383562
vt 0.116605 0.396278
vt 0.102740 0.396270
vt 0.091327 0.396267
vt 0.148950 0.396307
vt 0.148873 0.383374
vt 0.148121 0.358602
vt 0.147431 0.346734
vt 0.148533 0.370737
vt 0.146578 0.334941
vt 0.145543 0.323309
vt 0.144356 0.311982
vt 0.143056 0.300963
vt 0.141678 0.290211
vt 0.140251 0.279713
vt 0.142346 0.224346
vt 0.141313 0.231246
vt 0.106104 0.248677
vt 0.108104 0.257591
vt 0.095832 0.259523
vt 0.094363 0.250790
vt 0.109564 0.266268
vt 0.096895 0.268469
vt 0.086150 0.269934
vt 0.085801 0.260631
vt 0.085361 0.251649
vt 0.136710 0.241583
vt 0.159267 0.133663
vt 0.195671 0.125614
vt 0.198082 0.141958
vt 0.162748 0.145259
vt 0.166100 0.229195
vt 0.170016 0.237479
vt 0.201802 0.369290
vt 0.181487 0.268252
vt 0.185012 0.279635
vt 0.173935 0.247047
vt 0.194226 0.316408
vt 0.196716 0.329344
vt 0.188333 0.291481
vt 0.160290 0.219306
vt 0.162437 0.222812
vt 0.202505 0.382816
vt 0.177779 0.257369
vt 0.202681 0.396388
vt 0.191412 0.303763
vt 0.186790 0.176786
vt 0.186018 0.186994
vt 0.179966 0.184645
vt 0.668203 0.139494
vt 0.648679 0.143522
vt 0.645396 0.132363
vt 0.667001 0.128439
vt 0.617330 0.160270
vt 0.606464 0.172181
vt 0.595761 0.165285
vt 0.609192 0.150911
vt 0.631354 0.150795
vt 0.625685 0.139792
vt 0.597657 0.185965
vt 0.590975 0.201384
vt 0.576154 0.199714
vt 0.584758 0.182063
vt 0.586546 0.217970
vt 0.584596 0.235235
vt 0.569861 0.217034
vt 0.585403 0.252703
vt 0.588819 0.269854
vt 0.594557 0.286242
vt 0.602467 0.301593
vt 0.612409 0.315619
vt 0.624104 0.327835
vt 0.637429 0.337735
vt 0.653030 0.344936
vt 0.671318 0.348983
vt 0.690870 0.349060
vt 0.688935 0.127666
vt 0.688109 0.139269
vt 0.153059 0.121589
vt 0.192949 0.106675
vt 0.130090 0.234556
vt 0.131913 0.238754
vt 0.109812 0.243911
vt 0.111260 0.238987
vt 0.980801 0.745164
vt 0.950021 0.745355
vt 0.949952 0.729142
vt 0.980732 0.728983
vt 0.057027 0.263462
vt 0.048643 0.246113
vt 0.051294 0.241073
vt 0.058807 0.254939
vt 0.041026 0.224762
vt 0.044195 0.221414
vt 0.048839 0.218492
vt 0.055176 0.236445
vt 0.061550 0.247301
vt 0.056457 0.272942
vt 0.046878 0.251280
vt 0.057444 0.285607
vt 0.045694 0.255692
vt 0.036538 0.229244
vt 0.038486 0.227451
vt 0.048575 0.210003
vt 0.060271 0.217885
vt 0.061529 0.222312
vt 0.101135 0.232110
vt 0.097555 0.233279
vt 0.097656 0.277936
vt 0.086542 0.279616
vt 0.110613 0.275662
vt 0.111443 0.285554
vt 0.098282 0.287783
vt 0.087042 0.289534
vt 0.098933 0.297800
vt 0.087662 0.299562
vt 0.112240 0.295648
vt 0.113034 0.305913
vt 0.099611 0.307956
vt 0.088331 0.309677
vt 0.100274 0.318267
vt 0.088981 0.319889
vt 0.113801 0.316375
vt 0.114502 0.327060
vt 0.100877 0.328731
vt 0.089557 0.330184
vt 0.101383 0.339319
vt 0.090031 0.340526
vt 0.115096 0.337949
vt 0.115552 0.348934
vt 0.101770 0.349942
vt 0.090390 0.350840
vt 0.102066 0.360583
vt 0.090667 0.361142
vt 0.115882 0.359957
vt 0.137673 0.259854
vt 0.138842 0.269512
vt 0.210771 0.088008
vt 0.199661 0.070135
vt 0.187981 0.053898
vt 0.238540 0.134557
vt 0.266975 0.123139
vt 0.279390 0.153500
vt 0.250072 0.163698
vt 0.226351 0.109034
vt 0.253716 0.095254
vt 0.233246 0.133055
vt 0.222087 0.108809
vt 0.189361 0.003603
vt 0.201704 0.017050
vt 0.180055 0.036449
vt 0.168482 0.023639
vt 0.243792 0.161095
vt 0.577170 0.090886
vt 0.587546 0.060363
vt 0.595083 0.062744
vt 0.580160 0.096127
vt 0.569579 0.124500
vt 0.572749 0.128000
vt 0.564525 0.161015
vt 0.567889 0.162355
vt 0.345670 0.414389
vt 0.316040 0.412311
vt 0.633541 0.007067
vt 0.653372 0.002527
vt 0.653813 0.006593
vt 0.634934 0.010709
vt 0.615792 0.017324
vt 0.618572 0.019795
vt 0.600701 0.035056
vt 0.605365 0.035390
vt 0.186532 0.063371
vt 0.188776 0.075907
vt 0.134645 0.102411
vt 0.125653 0.097977
vt 0.012913 0.164023
vt 0.024315 0.163218
vt 0.024511 0.175034
vt 0.013017 0.176748
vt 0.193048 0.078359
vt 0.195041 0.092500
vt 0.190688 0.090083
vt 0.197737 0.109417
vt 0.181821 0.053231
vt 0.118574 0.095370
vt 0.112698 0.230129
vt 0.128107 0.226408
vt 0.136963 0.215224
vt 0.137300 0.220938
vt 0.133457 0.223198
vt 0.132546 0.215994
vt 0.137509 0.224772
vt 0.135370 0.228826
vt 0.127079 0.217334
vt 0.103455 0.104186
vt 0.097751 0.098468
vt 0.112543 0.089673
vt 0.095331 0.110578
vt 0.089225 0.103065
vt 0.085263 0.095074
vt 0.093185 0.090810
vt 0.106565 0.081771
vt 0.051275 0.108941
vt 0.053679 0.118685
vt 0.045638 0.121615
vt 0.043237 0.111404
vt 0.053692 0.127555
vt 0.046445 0.130447
vt 0.039756 0.133134
vt 0.038269 0.124085
vt 0.035876 0.113378
vt 0.127147 0.209220
vt 0.132566 0.208932
vt 0.128013 0.201975
vt 0.133315 0.202400
vt 0.137780 0.202995
vt 0.137075 0.209006
vt 0.112599 0.106326
vt 0.123996 0.109547
vt 0.121229 0.113106
vt 0.108773 0.110763
vt 0.141287 0.149835
vt 0.138594 0.142469
vt 0.143668 0.139885
vt 0.146708 0.148365
vt 0.133435 0.135290
vt 0.137919 0.131485
vt 0.142058 0.127934
vt 0.148363 0.137598
vt 0.151608 0.147322
vt 0.078944 0.107931
vt 0.075740 0.099404
vt 0.081660 0.116336
vt 0.068284 0.123568
vt 0.068541 0.112695
vt 0.065914 0.103540
vt 0.136702 0.176840
vt 0.139078 0.170621
vt 0.144283 0.171624
vt 0.141786 0.178251
vt 0.140930 0.164072
vt 0.146282 0.164454
vt 0.151147 0.165262
vt 0.148927 0.172936
vt 0.146247 0.179805
vt 0.028222 0.115196
vt 0.030586 0.126430
vt 0.027902 0.127241
vt 0.025550 0.115790
vt 0.032302 0.136037
vt 0.029549 0.137386
vt 0.026941 0.141398
vt 0.025249 0.128174
vt 0.022857 0.116362
vt 0.025577 0.189326
vt 0.014255 0.191811
vt 0.013166 0.141740
vt 0.024979 0.152971
vt 0.013201 0.152808
vt 0.009866 0.118785
vt 0.012099 0.130388
vt 0.050013 0.373208
vt 0.064365 0.372553
vt 0.064599 0.383976
vt 0.050021 0.384294
vt 0.064710 0.396267
vt 0.050054 0.396272
vt 0.049527 0.354354
vt 0.063883 0.353013
vt 0.064150 0.362477
vt 0.049887 0.363498
vt 0.048502 0.335726
vt 0.062999 0.333776
vt 0.063512 0.343467
vt 0.049087 0.345100
vt 0.046713 0.316984
vt 0.061454 0.314195
vt 0.062320 0.324004
vt 0.047760 0.326341
vt 0.041490 0.289086
vt 0.060281 0.303530
vt 0.045043 0.306488
vt 0.024287 0.233484
vt 0.113612 0.220081
vt 0.114556 0.210587
vt 0.115977 0.201654
vt 0.117927 0.193223
vt 0.129576 0.195303
vt 0.120236 0.185806
vt 0.131680 0.189003
vt 0.122682 0.179748
vt 0.134140 0.182911
vt 0.125048 0.174519
vt 0.127076 0.169547
vt 0.128437 0.164499
vt 0.128783 0.159203
vt 0.141859 0.157069
vt 0.127895 0.154047
vt 0.125775 0.149376
vt 0.122358 0.145117
vt 0.117639 0.141448
vt 0.126071 0.128788
vt 0.111766 0.139099
vt 0.117099 0.124407
vt 0.104926 0.138686
vt 0.107269 0.123163
vt 0.097652 0.139908
vt 0.096794 0.124969
vt 0.090404 0.142279
vt 0.086007 0.129165
vt 0.083327 0.146125
vt 0.075486 0.135236
vt 0.076552 0.151691
vt 0.066026 0.142811
vt 0.070103 0.158683
vt 0.058421 0.150449
vt 0.064166 0.167048
vt 0.052804 0.156502
vt 0.059412 0.177519
vt 0.048535 0.161141
vt 0.056975 0.189720
vt 0.045148 0.164891
vt 0.055184 0.199663
vt 0.042102 0.167619
vt 0.052389 0.205082
vt 0.038961 0.169089
vt 0.049674 0.207662
vt 0.036467 0.169579
vt 0.033405 0.261690
vt 0.032039 0.169325
vt 0.035076 0.169433
vt 0.059614 0.216267
vt 0.064716 0.208211
vt 0.062026 0.214204
vt 0.030138 0.190284
vt 0.030481 0.181657
vt 0.036529 0.158474
vt 0.039390 0.158072
vt 0.034350 0.158445
vt 0.035011 0.154328
vt 0.036331 0.153586
vt 0.038425 0.153158
vt 0.033035 0.157906
vt 0.034533 0.153203
vt 0.030781 0.156799
vt 0.032847 0.151482
vt 0.084130 0.123486
vt 0.096094 0.118770
vt 0.072497 0.130131
vt 0.049177 0.152010
vt 0.054449 0.146422
vt 0.045404 0.155378
vt 0.043169 0.150915
vt 0.046310 0.147954
vt 0.051108 0.142607
vt 0.134744 0.196354
vt 0.136744 0.190491
vt 0.141094 0.191886
vt 0.139142 0.197398
vt 0.129567 0.123778
vt 0.119215 0.118556
vt 0.132646 0.119318
vt 0.042307 0.157216
vt 0.040711 0.152416
vt 0.139171 0.184503
vt 0.143533 0.186079
vt 0.107924 0.116892
vt 0.147307 0.156623
vt 0.152339 0.156625
vt 0.062261 0.138450
vt 0.058505 0.134488
vt 0.106423 0.200140
vt 0.108666 0.190844
vt 0.115665 0.151626
vt 0.112751 0.149594
vt 0.111293 0.182737
vt 0.069208 0.182998
vt 0.066718 0.196365
vt 0.109116 0.148398
vt 0.119368 0.163798
vt 0.119699 0.160214
vt 0.089508 0.153887
vt 0.084293 0.158210
vt 0.119193 0.156904
vt 0.113957 0.176495
vt 0.078852 0.164373
vt 0.104630 0.148385
vt 0.116340 0.171614
vt 0.103753 0.218621
vt 0.104808 0.209661
vt 0.099610 0.149421
vt 0.117818 0.154077
vt 0.073448 0.172402
vt 0.118205 0.167512
vt 0.094565 0.151182
vt 0.102962 0.231313
vt 0.103123 0.226225
vt 0.064001 0.230112
vt 0.060670 0.115931
vt 0.058265 0.106512
vt 0.059997 0.125226
vt 0.033564 0.125557
vt 0.031180 0.114516
vt 0.035309 0.134903
vt 0.032005 0.144636
vt 0.029809 0.147837
vt 0.034409 0.143203
vt 0.036719 0.148356
vt 0.034756 0.149467
vt 0.039953 0.150134
vt 0.042280 0.148578
vt 0.037823 0.150974
vt 0.038963 0.147246
vt 0.041620 0.145492
vt 0.045177 0.145635
vt 0.049343 0.140778
vt 0.045008 0.142659
vt 0.048308 0.139698
vt 0.055050 0.133693
vt 0.050956 0.134739
vt 0.091629 0.234438
vt 0.065752 0.236158
vt 0.036007 0.151718
vt 0.037090 0.141923
vt 0.040653 0.140017
vt 0.027599 0.154775
vt 0.026538 0.164080
vt 0.045676 0.137258
vt 0.116177 0.155011
vt 0.114388 0.153017
vt 0.117333 0.157399
vt 0.115456 0.157429
vt 0.114585 0.155293
vt 0.113656 0.153736
vt 0.111968 0.151358
vt 0.108807 0.150372
vt 0.111795 0.152900
vt 0.108987 0.152201
vt 0.104848 0.150501
vt 0.100330 0.151503
vt 0.105560 0.152453
vt 0.101659 0.153521
vt 0.102315 0.209185
vt 0.103956 0.199521
vt 0.101263 0.218144
vt 0.097787 0.217777
vt 0.098811 0.208244
vt 0.100453 0.198180
vt 0.095703 0.153151
vt 0.091024 0.155736
vt 0.097500 0.155198
vt 0.093182 0.157842
vt 0.106272 0.190058
vt 0.108995 0.181813
vt 0.102902 0.188577
vt 0.105815 0.180344
vt 0.086163 0.159903
vt 0.081026 0.165855
vt 0.088681 0.161995
vt 0.083904 0.167815
vt 0.111771 0.175498
vt 0.114245 0.170677
vt 0.108781 0.174062
vt 0.111471 0.169362
vt 0.075860 0.173590
vt 0.071811 0.183960
vt 0.079052 0.175408
vt 0.075202 0.185671
vt 0.116164 0.166784
vt 0.117368 0.163408
vt 0.113616 0.165688
vt 0.115049 0.162632
vt 0.069435 0.197433
vt 0.067365 0.209833
vt 0.073024 0.199339
vt 0.071423 0.214978
vt 0.064026 0.215966
vt 0.065930 0.220446
vt 0.117753 0.160251
vt 0.115656 0.159890
vt 0.100736 0.225663
vt 0.097250 0.225998
vt 0.107891 0.158684
vt 0.109804 0.157044
vt 0.112805 0.158799
vt 0.111696 0.161004
vt 0.110937 0.156037
vt 0.113023 0.156821
vt 0.112388 0.154812
vt 0.109882 0.154329
vt 0.102019 0.164032
vt 0.105236 0.160914
vt 0.109753 0.163653
vt 0.107136 0.167059
vt 0.094640 0.174368
vt 0.098460 0.168411
vt 0.104058 0.171591
vt 0.100715 0.177742
vt 0.087691 0.192084
vt 0.090792 0.182178
vt 0.097406 0.185787
vt 0.094688 0.195530
vt 0.085427 0.216177
vt 0.086025 0.203983
vt 0.093052 0.206389
vt 0.092181 0.217099
vt 0.078961 0.201529
vt 0.078610 0.215282
vt 0.080773 0.188563
vt 0.084286 0.178468
vt 0.088690 0.170839
vt 0.093002 0.165015
vt 0.097051 0.160776
vt 0.100866 0.157934
vt 0.104318 0.156050
vt 0.107279 0.154789
vt 0.091686 0.226474
vt 0.085145 0.226814
vt 0.084927 0.235456
vt 0.136967 0.250884
vt 0.078262 0.252172
vt 0.078924 0.236129
vt 0.073595 0.236614
vt 0.072189 0.252409
vt 0.066548 0.251720
vt 0.068867 0.236842
vt 0.077939 0.261252
vt 0.071192 0.261602
vt 0.077767 0.270862
vt 0.070646 0.271519
vt 0.077948 0.280798
vt 0.070784 0.281764
vt 0.078445 0.290854
vt 0.071388 0.291995
vt 0.079132 0.300923
vt 0.072219 0.302096
vt 0.079864 0.311006
vt 0.073048 0.312127
vt 0.080549 0.321131
vt 0.073788 0.322161
vt 0.081138 0.331288
vt 0.074403 0.332191
vt 0.081610 0.341438
vt 0.074884 0.342177
vt 0.081962 0.351516
vt 0.075238 0.352060
vt 0.082232 0.361560
vt 0.075504 0.361893
vt 0.082513 0.372125
vt 0.075776 0.372283
vt 0.082778 0.383825
vt 0.076035 0.383881
vt 0.082883 0.396266
vt 0.076140 0.396266
vt 0.069602 0.372423
vt 0.069848 0.383930
vt 0.069953 0.396266
vt 0.069083 0.352565
vt 0.069348 0.362199
vt 0.068226 0.333040
vt 0.068722 0.342867
vt 0.066775 0.313219
vt 0.067579 0.323143
vt 0.064646 0.292259
vt 0.065799 0.303118
vt 0.063778 0.270990
vt 0.063917 0.281475
vt 0.064820 0.260814
vt 0.078909 0.227001
vt 0.073127 0.227469
vt 0.067977 0.228699
vt 0.155547 0.156430
vt 0.154248 0.165381
vt 0.154849 0.146683
vt 0.163461 0.155275
vt 0.161917 0.164202
vt 0.141686 0.197825
vt 0.140326 0.203243
vt 0.143663 0.192444
vt 0.148498 0.192561
vt 0.146127 0.198018
vt 0.144426 0.203388
vt 0.151859 0.173319
vt 0.149003 0.180367
vt 0.158758 0.172476
vt 0.154983 0.180020
vt 0.135276 0.116445
vt 0.144886 0.125871
vt 0.144373 0.110631
vt 0.139430 0.220055
vt 0.138986 0.224839
vt 0.139422 0.214810
vt 0.142912 0.214346
vt 0.142665 0.219356
vt 0.139618 0.209011
vt 0.143412 0.208918
vt 0.151433 0.136312
vt 0.146170 0.186693
vt 0.151480 0.186660
vt 0.137184 0.231069
vt 0.162441 0.203976
vt 0.159294 0.208838
vt 0.157108 0.212958
vt 0.199210 0.152141
vt 0.240020 0.185936
vt 0.252772 0.200314
vt 0.226172 0.172632
vt 0.225583 0.162218
vt 0.239229 0.174977
vt 0.191668 0.167798
vt 0.184048 0.176792
vt 0.197540 0.159452
vt 0.171496 0.191769
vt 0.166545 0.198225
vt 0.155924 0.216499
vt 0.177236 0.184776
vt 0.174034 0.191748
vt 0.168910 0.198361
vt 0.164658 0.204191
vt 0.158968 0.212941
vt 0.157494 0.216216
vt 0.161354 0.208993
vt 0.194359 0.168407
vt 0.166185 0.210506
vt 0.163266 0.214070
vt 0.161167 0.217030
vt 0.305424 0.425565
vt 0.312176 0.427264
vt 0.309472 0.443139
vt 0.302537 0.440642
vt 0.027636 0.189022
vt 0.215766 0.121860
vt 0.209548 0.103503
vt 0.216445 0.106996
vt 0.225415 0.128414
vt 0.205204 0.091857
vt 0.207585 0.089651
vt 0.203284 0.145351
vt 0.204090 0.155308
vt 0.191674 0.065941
vt 0.198843 0.075809
vt 0.199191 0.084787
vt 0.200798 0.128774
vt 0.221853 0.143466
vt 0.233724 0.153081
vt 0.201728 0.097808
vt 0.205805 0.114990
vt 0.210091 0.134958
vt 0.212931 0.152068
vt 0.213452 0.162058
vt 0.260831 0.212153
vt 0.173183 0.042185
vt 0.026619 0.175509
vt 0.177175 0.039034
vt 0.161977 0.030013
vt 0.165678 0.026352
vt 0.259268 0.600147
vt 0.268394 0.577495
vt 0.298003 0.589614
vt 0.289063 0.611284
vt 0.605955 0.109623
vt 0.617575 0.127923
vt 0.601520 0.140419
vt 0.592290 0.125849
vt 0.589837 0.157201
vt 0.583170 0.146603
vt 0.722644 0.259474
vt 0.719731 0.236265
vt 0.728641 0.234707
vt 0.732453 0.256662
vt 0.599269 0.017322
vt 0.590327 0.034605
vt 0.585195 0.032959
vt 0.592771 0.013532
vt 0.576173 0.169681
vt 0.571484 0.165171
vt 0.577024 0.135926
vt 0.572134 0.186273
vt 0.568456 0.190627
vt 0.580511 0.176439
vt 0.573315 0.194169
vt 0.567928 0.207564
vt 0.428471 0.376603
vt 0.450430 0.377545
vt 0.449927 0.400001
vt 0.426437 0.399318
vt 0.415781 0.397234
vt 0.419811 0.375640
vt 0.640083 0.120888
vt 0.634546 0.108079
vt 0.664445 0.104849
vt 0.665764 0.117030
vt 0.592321 0.091650
vt 0.584478 0.109753
vt 0.668414 0.259443
vt 0.698758 0.259761
vt 0.699512 0.266846
vt 0.668414 0.265712
vt 0.723537 0.267537
vt 0.627934 0.071303
vt 0.603437 0.075581
vt 0.627669 0.061514
vt 0.660564 0.069010
vt 0.659641 0.060464
vt 0.734122 0.260784
vt 0.426104 0.404230
vt 0.412171 0.400361
vt 0.597336 0.087586
vt 0.608099 0.097802
vt 0.450072 0.405493
vt 0.480082 0.399973
vt 0.480082 0.405607
vt 0.632563 0.099495
vt 0.663564 0.096683
vt 0.668414 0.237386
vt 0.697831 0.237275
vt 0.480082 0.377726
vt 0.574257 0.031748
vt 0.578307 0.012018
vt 0.744219 0.041016
vt 0.755815 0.052482
vt 0.751352 0.057831
vt 0.739114 0.046120
vt 0.766212 0.061505
vt 0.763641 0.067577
vt 0.637023 0.016561
vt 0.622706 0.023254
vt 0.654540 0.013307
vt 0.774018 0.065298
vt 0.776137 0.073277
vt 0.600829 0.004474
vt 0.605931 0.013218
vt 0.613954 0.034005
vt 0.615430 0.045273
vt 0.583306 0.003107
vt 0.559468 0.011673
vt 0.559468 0.002518
vt 0.633254 0.050172
vt 0.658472 0.049635
vt 0.758131 0.027104
vt 0.768890 0.037537
vt 0.559468 0.031447
vt 0.533741 0.032959
vt 0.528609 0.034605
vt 0.519667 0.017322
vt 0.526165 0.013532
vt 0.777397 0.044791
vt 0.041285 0.305545
vt 0.037959 0.288898
vt 0.043167 0.316145
vt 0.043790 0.324925
vt 0.044666 0.334535
vt 0.044634 0.343375
vt 0.045283 0.353017
vt 0.044844 0.361828
vt 0.045267 0.372099
vt 0.043880 0.382976
vt 0.043086 0.396274
vt 0.005886 0.132565
vt 0.003023 0.120617
vt 0.008194 0.143212
vt 0.009017 0.179832
vt 0.008634 0.166071
vt 0.011385 0.194482
vt 0.030114 0.262718
vt 0.021481 0.235307
vt 0.189204 0.410026
vt 0.148843 0.409236
vt 0.007862 0.154835
vt 0.262615 0.326288
vt 0.266791 0.340796
vt 0.257830 0.311563
vt 0.252485 0.296691
vt 0.246642 0.281756
vt 0.240318 0.266898
vt 0.233506 0.252351
vt 0.226169 0.238396
vt 0.218321 0.225299
vt 0.210012 0.213174
vt 0.201365 0.202350
vt 0.274552 0.382825
vt 0.275105 0.396541
vt 0.272909 0.369007
vt 0.270272 0.355030
vt 0.220698 0.369586
vt 0.218932 0.356147
vt 0.228386 0.356158
vt 0.230385 0.369639
vt 0.216589 0.342721
vt 0.225759 0.342642
vt 0.184768 0.243282
vt 0.179682 0.233222
vt 0.184862 0.230520
vt 0.190541 0.240891
vt 0.174136 0.224589
vt 0.178605 0.221588
vt 0.202922 0.290186
vt 0.198710 0.277683
vt 0.205966 0.276354
vt 0.210619 0.289217
vt 0.194273 0.265639
vt 0.201065 0.263935
vt 0.213761 0.329369
vt 0.222614 0.329154
vt 0.210507 0.316127
vt 0.219008 0.315725
vt 0.222115 0.396425
vt 0.221776 0.383013
vt 0.231622 0.383062
vt 0.232021 0.396445
vt 0.189621 0.254155
vt 0.195925 0.252096
vt 0.206869 0.303038
vt 0.214984 0.302384
vt 0.198618 0.303518
vt 0.201831 0.316367
vt 0.195122 0.290971
vt 0.183271 0.255980
vt 0.187422 0.267135
vt 0.178957 0.245412
vt 0.211579 0.382932
vt 0.211843 0.396405
vt 0.210687 0.369472
vt 0.204695 0.329440
vt 0.207167 0.342681
vt 0.191377 0.278822
vt 0.174497 0.235628
vt 0.169817 0.227216
vt 0.209188 0.356044
vt 0.165045 0.220779
vt 0.168190 0.217984
vt 0.171819 0.214688
vt 0.192805 0.193204
vt 0.980044 0.482905
vt 0.949263 0.482953
vt 0.949363 0.468235
vt 0.980144 0.468201
vt 0.671084 0.339482
vt 0.689901 0.339756
vt 0.687822 0.146870
vt 0.669013 0.146931
vt 0.640152 0.328647
vt 0.653972 0.335469
vt 0.618623 0.308133
vt 0.628724 0.319457
vt 0.603015 0.280812
vt 0.609950 0.295092
vt 0.595171 0.249625
vt 0.598033 0.265566
vt 0.596194 0.217531
vt 0.594548 0.233443
vt 0.605792 0.188520
vt 0.599993 0.202395
vt 0.622603 0.166089
vt 0.613385 0.176368
vt 0.650579 0.150890
vt 0.634647 0.157650
vt 0.980654 0.387816
vt 0.949873 0.387692
vt 0.949951 0.371323
vt 0.980731 0.371482
vt 0.950020 0.355110
vt 0.980800 0.355300
vt 0.981031 0.292555
vt 0.950251 0.292315
vt 0.950336 0.274040
vt 0.981115 0.274264
vt 0.950447 0.254483
vt 0.981227 0.254681
vt 0.979882 0.512650
vt 0.949101 0.512695
vt 0.949174 0.497260
vt 0.979956 0.497209
vt 0.980468 0.420743
vt 0.949687 0.420695
vt 0.949785 0.404202
vt 0.980566 0.404288
vt 0.980916 0.323745
vt 0.950137 0.323511
vt 0.950189 0.308344
vt 0.980969 0.308587
vt 0.979807 0.550232
vt 0.949025 0.550232
vt 0.949046 0.530711
vt 0.979828 0.530684
vt 0.980252 0.452866
vt 0.949471 0.452880
vt 0.949581 0.436982
vt 0.980362 0.436995
vt 0.950081 0.339096
vt 0.980861 0.339312
vt 0.597737 0.610221
vt 0.597835 0.609137
vt 0.612325 0.613964
vt 0.612224 0.615038
vt 0.627686 0.617986
vt 0.627573 0.619051
vt 0.724888 0.623583
vt 0.725040 0.622487
vt 0.740205 0.619236
vt 0.740083 0.620347
vt 0.754308 0.614608
vt 0.754256 0.615729
vt 0.643660 0.621172
vt 0.643532 0.622229
vt 0.659966 0.623472
vt 0.659821 0.624521
vt 0.546819 0.578997
vt 0.547324 0.578042
vt 0.560097 0.588702
vt 0.559817 0.589767
vt 0.572161 0.596946
vt 0.572001 0.598042
vt 0.767976 0.608079
vt 0.768081 0.609182
vt 0.781929 0.599078
vt 0.782323 0.600076
vt 0.676416 0.624902
vt 0.676256 0.625960
vt 0.692846 0.625268
vt 0.692680 0.626336
vt 0.584441 0.603514
vt 0.584328 0.604607
vt 0.795236 0.587745
vt 0.795999 0.588507
vt 0.786412 0.339330
vt 0.785457 0.339835
vt 0.772752 0.326754
vt 0.773555 0.326015
vt 0.709114 0.624483
vt 0.708951 0.625564
vt 0.645401 0.501069
vt 0.640201 0.501700
vt 0.635624 0.494694
vt 0.639854 0.493507
vt 0.635458 0.500670
vt 0.631742 0.494619
vt 0.669298 0.540405
vt 0.661302 0.539540
vt 0.657698 0.524272
vt 0.664508 0.524914
vt 0.653330 0.538098
vt 0.650922 0.523121
vt 0.653580 0.504639
vt 0.659141 0.502828
vt 0.664323 0.502021
vt 0.671310 0.525070
vt 0.623341 0.527492
vt 0.616601 0.523866
vt 0.619675 0.510980
vt 0.625487 0.513985
vt 0.609800 0.519679
vt 0.613850 0.507715
vt 0.622322 0.497661
vt 0.627173 0.500025
vt 0.632099 0.502254
vt 0.631513 0.516771
vt 0.728884 0.521413
vt 0.722114 0.527229
vt 0.710231 0.513123
vt 0.715808 0.508341
vt 0.714893 0.531877
vt 0.704128 0.517009
vt 0.693454 0.493253
vt 0.697402 0.489941
vt 0.711635 0.400415
vt 0.700077 0.405034
vt 0.697794 0.400100
vt 0.708100 0.394600
vt 0.685142 0.540278
vt 0.677249 0.540655
vt 0.678114 0.524697
vt 0.669405 0.501687
vt 0.674494 0.501018
vt 0.684893 0.523740
vt 0.637794 0.533654
vt 0.630398 0.530757
vt 0.637779 0.519283
vt 0.637114 0.504289
vt 0.642269 0.505884
vt 0.644261 0.521434
vt 0.700504 0.537620
vt 0.692940 0.539268
vt 0.691523 0.522181
vt 0.679508 0.499853
vt 0.684359 0.498184
vt 0.697904 0.519983
vt 0.645466 0.536119
vt 0.647774 0.506162
vt 0.602675 0.514837
vt 0.607881 0.504201
vt 0.595769 0.509674
vt 0.602065 0.500667
vt 0.612497 0.492641
vt 0.617453 0.495176
vt 0.820877 0.453972
vt 0.796665 0.457437
vt 0.794719 0.445171
vt 0.818655 0.438989
vt 0.761359 0.598260
vt 0.748456 0.604448
vt 0.735515 0.582343
vt 0.746316 0.577202
vt 0.717847 0.552281
vt 0.726107 0.548385
vt 0.565552 0.539249
vt 0.587564 0.518902
vt 0.595972 0.526364
vt 0.575904 0.549885
vt 0.735221 0.608865
vt 0.724664 0.585872
vt 0.567979 0.579323
vt 0.555935 0.569097
vt 0.586599 0.559050
vt 0.604527 0.533005
vt 0.636933 0.549811
vt 0.645875 0.552643
vt 0.640564 0.584535
vt 0.628788 0.581048
vt 0.544153 0.556936
vt 0.646488 0.611208
vt 0.631765 0.608118
vt 0.652663 0.587271
vt 0.655053 0.554922
vt 0.692002 0.557641
vt 0.700963 0.556602
vt 0.713262 0.588355
vt 0.701426 0.589914
vt 0.617527 0.604183
vt 0.721174 0.612022
vt 0.709603 0.554855
vt 0.620187 0.542664
vt 0.628340 0.546468
vt 0.617490 0.576838
vt 0.606805 0.571935
vt 0.706529 0.614020
vt 0.603989 0.599425
vt 0.673661 0.557633
vt 0.682885 0.557984
vt 0.689382 0.590563
vt 0.677204 0.590322
vt 0.591329 0.593868
vt 0.691616 0.614882
vt 0.734736 0.542739
vt 0.757496 0.569913
vt 0.676567 0.614659
vt 0.786679 0.579190
vt 0.774392 0.589808
vt 0.768193 0.560709
vt 0.743049 0.535574
vt 0.612443 0.538333
vt 0.596724 0.566224
vt 0.579558 0.587388
vt 0.664353 0.556599
vt 0.664929 0.589213
vt 0.661472 0.613426
vt 0.789816 0.528025
vt 0.759749 0.510366
vt 0.762320 0.502122
vt 0.793341 0.517173
vt 0.282583 0.943148
vt 0.282583 0.939743
vt 0.264295 0.939743
vt 0.264295 0.943148
vt 0.356453 0.943148
vt 0.356453 0.939743
vt 0.341472 0.939743
vt 0.341472 0.943148
vt 0.493371 0.943148
vt 0.493371 0.939742
vt 0.478335 0.939742
vt 0.478335 0.943148
vt 0.244425 0.939743
vt 0.244425 0.943148
vt 0.403193 0.943148
vt 0.403193 0.939743
vt 0.386791 0.939743
vt 0.386791 0.943148
vt 0.462564 0.939742
vt 0.462564 0.943148
vt 0.311848 0.943148
vt 0.311848 0.939743
vt 0.297359 0.939743
vt 0.297359 0.943148
vt 0.371440 0.939743
vt 0.371440 0.943148
vt 0.535268 0.943148
vt 0.535268 0.939742
vt 0.513107 0.939742
vt 0.513107 0.943148
vt 0.432789 0.943148
vt 0.432789 0.939742
vt 0.417827 0.939743
vt 0.417827 0.943148
vt 0.326621 0.939743
vt 0.326621 0.943148
vt 0.447638 0.939742
vt 0.447638 0.943148
vt 0.875101 0.534756
vt 0.873601 0.534756
vt 0.873601 0.518542
vt 0.875101 0.518542
vt 0.534238 0.565340
vt 0.830923 0.452464
vt 0.828617 0.436158
vt 0.617234 0.493371
vt 0.612624 0.491176
vt 0.612634 0.488789
vt 0.616543 0.490434
vt 0.608035 0.489168
vt 0.608698 0.487202
vt 0.682175 0.487293
vt 0.678143 0.489337
vt 0.667834 0.478359
vt 0.671383 0.475978
vt 0.673960 0.490982
vt 0.664202 0.480498
vt 0.656370 0.495090
vt 0.651045 0.498165
vt 0.644481 0.490595
vt 0.648988 0.487430
vt 0.626276 0.497403
vt 0.621768 0.495471
vt 0.620394 0.491911
vt 0.624175 0.493137
vt 0.689429 0.481970
vt 0.685998 0.484851
vt 0.674809 0.473373
vt 0.677969 0.470513
vt 0.665296 0.493071
vt 0.660953 0.493695
vt 0.652992 0.485418
vt 0.656761 0.483978
vt 0.630837 0.499148
vt 0.627947 0.494051
vt 0.669652 0.492226
vt 0.660499 0.482377
vt 0.673533 0.157291
vt 0.671588 0.226868
vt 0.668705 0.226926
vt 0.669662 0.155464
vt 0.690938 0.176444
vt 0.694318 0.180666
vt 0.688715 0.227421
vt 0.686327 0.227182
vt 0.683932 0.227004
vt 0.687443 0.172313
vt 0.704728 0.197661
vt 0.708151 0.200034
vt 0.703227 0.230246
vt 0.700486 0.229605
vt 0.698121 0.229049
vt 0.701782 0.194877
vt 0.665539 0.154186
vt 0.665187 0.226974
vt 0.661292 0.226994
vt 0.661291 0.153697
vt 0.685033 0.168646
vt 0.681526 0.226882
vt 0.679091 0.226813
vt 0.682834 0.165348
vt 0.699394 0.191703
vt 0.695798 0.228543
vt 0.693455 0.228097
vt 0.697601 0.188240
vt 0.680185 0.162305
vt 0.676616 0.226796
vt 0.674125 0.226819
vt 0.677063 0.159588
vt 0.696254 0.184584
vt 0.691092 0.227724
vt 0.711952 0.201958
vt 0.716033 0.203206
vt 0.710448 0.231777
vt 0.706636 0.230998
vt 0.650996 0.226869
vt 0.649049 0.157291
vt 0.652920 0.155464
vt 0.653879 0.226926
vt 0.707745 0.535256
vt 0.689027 0.495991
vt 0.607562 0.490360
vt 0.156587 0.567225
vt 0.159362 0.560232
vt 0.161124 0.561127
vt 0.158142 0.567933
vt 0.155145 0.572209
vt 0.156584 0.572716
vt 0.162471 0.551903
vt 0.165652 0.542610
vt 0.167887 0.543556
vt 0.164472 0.552867
vt 0.168829 0.532645
vt 0.171924 0.522158
vt 0.174531 0.523002
vt 0.171264 0.533547
vt 0.174870 0.511222
vt 0.177634 0.499835
vt 0.180544 0.500521
vt 0.177632 0.511993
vt 0.180194 0.487978
vt 0.182516 0.475710
vt 0.185639 0.476208
vt 0.183213 0.488577
vt 0.184557 0.463072
vt 0.186286 0.450123
vt 0.189568 0.450424
vt 0.187768 0.463470
vt 0.187676 0.436931
vt 0.188698 0.423560
vt 0.192061 0.423670
vt 0.191010 0.437136
vt 0.192600 0.410061
vt 0.227105 0.477627
vt 0.235945 0.478388
vt 0.231155 0.492295
vt 0.222663 0.491206
vt 0.245934 0.479586
vt 0.240815 0.493903
vt 0.235239 0.508214
vt 0.225951 0.506138
vt 0.217847 0.504664
vt 0.207300 0.530623
vt 0.214505 0.532994
vt 0.208304 0.545620
vt 0.201618 0.542791
vt 0.222868 0.536151
vt 0.216092 0.549334
vt 0.208920 0.561752
vt 0.201773 0.557554
vt 0.195654 0.554295
vt 0.251212 0.409839
vt 0.241227 0.409824
vt 0.262193 0.409966
vt 0.260540 0.423532
vt 0.249651 0.423291
vt 0.239793 0.423248
vt 0.182506 0.574193
vt 0.187529 0.578358
vt 0.179870 0.586391
vt 0.175179 0.581512
vt 0.193417 0.583558
vt 0.185376 0.592268
vt 0.178876 0.598145
vt 0.173565 0.591667
vt 0.169104 0.586104
vt 0.234584 0.450388
vt 0.244010 0.450669
vt 0.240242 0.464506
vt 0.231091 0.464015
vt 0.254546 0.451238
vt 0.250524 0.465352
vt 0.220387 0.519768
vt 0.212711 0.517859
vt 0.229248 0.522366
vt 0.194885 0.568582
vt 0.189359 0.564936
vt 0.201360 0.573253
vt 0.247194 0.436904
vt 0.237526 0.436775
vt 0.257935 0.437281
vt 0.285318 0.424635
vt 0.296815 0.425071
vt 0.293954 0.439724
vt 0.282534 0.438897
vt 0.298711 0.456183
vt 0.290171 0.454782
vt 0.278856 0.453471
vt 0.298635 0.410728
vt 0.287080 0.410547
vt 0.307259 0.410931
vt 0.207810 0.597320
vt 0.214653 0.604574
vt 0.204995 0.613644
vt 0.198631 0.606451
vt 0.219789 0.610326
vt 0.209534 0.619174
vt 0.202968 0.622996
vt 0.198068 0.619583
vt 0.191590 0.612639
vt 0.226632 0.573727
vt 0.235306 0.580184
vt 0.225060 0.593242
vt 0.217352 0.586280
vt 0.242370 0.585091
vt 0.231167 0.598620
vt 0.243391 0.545417
vt 0.253399 0.550543
vt 0.244804 0.565856
vt 0.235341 0.560018
vt 0.261560 0.554509
vt 0.252568 0.570278
vt 0.257476 0.514554
vt 0.268081 0.518086
vt 0.261101 0.534467
vt 0.250735 0.530128
vt 0.276372 0.521057
vt 0.269392 0.537939
vt 0.269344 0.483625
vt 0.280348 0.486000
vt 0.274506 0.501924
vt 0.263681 0.499018
vt 0.288764 0.488269
vt 0.282864 0.504537
vt 0.285594 0.470247
vt 0.274424 0.468408
vt 0.294074 0.472109
vt 0.313879 0.411795
vt 0.275870 0.559584
vt 0.305317 0.571909
vt 0.343973 0.432190
vt 0.314405 0.428249
vt 0.285310 0.524791
vt 0.288999 0.526534
vt 0.282722 0.542821
vt 0.278651 0.541463
vt 0.318117 0.537762
vt 0.311928 0.554722
vt 0.270181 0.560745
vt 0.296719 0.492187
vt 0.299826 0.494156
vt 0.294686 0.510383
vt 0.291269 0.508473
vt 0.329038 0.503624
vt 0.323829 0.520806
vt 0.305907 0.459367
vt 0.308427 0.461092
vt 0.304405 0.477694
vt 0.301616 0.475778
vt 0.337852 0.468160
vt 0.333727 0.486043
vt 0.311811 0.444538
vt 0.341316 0.450145
vt 0.252745 0.601029
vt 0.263896 0.578033
vt 0.789418 0.212388
vt 0.786286 0.192635
vt 0.790324 0.195186
vt 0.793986 0.215822
vt 0.780540 0.170237
vt 0.784115 0.170429
vt 0.211835 0.705400
vt 0.237259 0.721993
vt 0.223342 0.743127
vt 0.199580 0.724744
vt 0.277867 0.639458
vt 0.248673 0.629005
vt 0.794949 0.256492
vt 0.791435 0.255673
vt 0.792122 0.235664
vt 0.795783 0.236275
vt 0.784888 0.295481
vt 0.781755 0.293789
vt 0.788008 0.275038
vt 0.791368 0.276287
vt 0.763006 0.330533
vt 0.760642 0.327923
vt 0.772577 0.311613
vt 0.775388 0.313761
vt 0.730981 0.356608
vt 0.729790 0.353282
vt 0.746260 0.342019
vt 0.748046 0.345056
vt 0.711646 0.361170
vt 0.712369 0.364606
vt 0.260190 0.575134
vt 0.249809 0.589028
vt 0.237211 0.602976
vt 0.223912 0.615650
vt 0.211625 0.625461
vt 0.201058 0.630392
vt 0.201703 0.423474
vt 0.200409 0.436909
vt 0.090944 0.420602
vt 0.091218 0.408781
vt 0.102629 0.408889
vt 0.102347 0.420882
vt 0.116501 0.408991
vt 0.116235 0.421185
vt 0.148033 0.433986
vt 0.148474 0.421865
vt 0.146436 0.457608
vt 0.147316 0.445837
vt 0.144159 0.480507
vt 0.145374 0.469211
vt 0.141429 0.502202
vt 0.142833 0.491490
vt 0.140860 0.560901
vt 0.136338 0.550615
vt 0.139976 0.512656
vt 0.105849 0.543368
vt 0.094287 0.541256
vt 0.095743 0.532595
vt 0.107888 0.534544
vt 0.085417 0.540381
vt 0.085801 0.531489
vt 0.086128 0.522256
vt 0.096803 0.523716
vt 0.109375 0.525931
vt 0.157852 0.658055
vt 0.194023 0.666466
vt 0.191103 0.685323
vt 0.151533 0.670008
vt 0.141848 0.567754
vt 0.198648 0.450223
vt 0.173385 0.545337
vt 0.169431 0.554842
vt 0.165486 0.563064
vt 0.187949 0.501114
vt 0.184584 0.512915
vt 0.181016 0.524246
vt 0.196471 0.463361
vt 0.193934 0.476265
vt 0.161803 0.569392
vt 0.159646 0.572865
vt 0.202456 0.409957
vt 0.177267 0.535074
vt 0.191074 0.488874
vt 0.173111 0.600378
vt 0.185002 0.605211
vt 0.178955 0.607498
vt 0.709775 0.130732
vt 0.706569 0.142711
vt 0.728280 0.138081
vt 0.722307 0.149020
vt 0.744559 0.149230
vt 0.735591 0.158295
vt 0.758975 0.163264
vt 0.747200 0.169898
vt 0.771240 0.178698
vt 0.757089 0.183543
vt 0.781145 0.194335
vt 0.764996 0.198825
vt 0.770588 0.215309
vt 0.773500 0.232577
vt 0.773790 0.250082
vt 0.771652 0.267333
vt 0.767175 0.284031
vt 0.760433 0.299871
vt 0.751628 0.314348
vt 0.740736 0.326874
vt 0.727018 0.337196
vt 0.709980 0.344956
vt 0.782037 0.047761
vt 0.161443 0.646544
vt 0.196598 0.650195
vt 0.131564 0.553412
vt 0.109649 0.548246
vt 0.057118 0.528702
vt 0.058834 0.537201
vt 0.051367 0.550835
vt 0.048777 0.545848
vt 0.061434 0.544866
vt 0.055155 0.555384
vt 0.048900 0.572916
vt 0.044343 0.570054
vt 0.041243 0.566768
vt 0.047051 0.540729
vt 0.056575 0.519274
vt 0.038757 0.564122
vt 0.036847 0.562352
vt 0.045891 0.536364
vt 0.057568 0.506683
vt 0.097324 0.558816
vt 0.099448 0.551296
vt 0.103380 0.553385
vt 0.100807 0.559962
vt 0.111187 0.553195
vt 0.105285 0.556796
vt 0.102559 0.560760
vt 0.086514 0.512633
vt 0.097567 0.514310
vt 0.087015 0.502768
vt 0.098201 0.504517
vt 0.111295 0.506756
vt 0.110447 0.516595
vt 0.087636 0.492786
vt 0.098859 0.494548
vt 0.088307 0.482712
vt 0.099544 0.484433
vt 0.112917 0.486485
vt 0.112108 0.496708
vt 0.088957 0.472535
vt 0.100214 0.474158
vt 0.089535 0.462270
vt 0.100824 0.463725
vt 0.114413 0.465407
vt 0.113698 0.476059
vt 0.090011 0.451953
vt 0.101338 0.453162
vt 0.090373 0.441658
vt 0.101733 0.442560
vt 0.115491 0.443581
vt 0.115021 0.454544
vt 0.090653 0.431371
vt 0.102038 0.431935
vt 0.115835 0.432575
vt 0.138542 0.522812
vt 0.129742 0.557574
vt 0.137348 0.532426
vt 0.014689 0.599101
vt 0.025819 0.601608
vt 0.024687 0.615691
vt 0.013377 0.613927
vt 0.208671 0.704146
vt 0.197375 0.721851
vt 0.188037 0.741355
vt 0.210703 0.760484
vt 0.198753 0.774849
vt 0.177396 0.755216
vt 0.185523 0.737907
vt 0.231584 0.659433
vt 0.236883 0.657986
vt 0.224452 0.683335
vt 0.220195 0.683514
vt 0.265169 0.669675
vt 0.251630 0.697394
vt 0.242380 0.631547
vt 0.761297 0.103715
vt 0.758962 0.107813
vt 0.744893 0.078315
vt 0.746688 0.072563
vt 0.723215 0.048915
vt 0.730072 0.044987
vt 0.771168 0.140284
vt 0.774165 0.138238
vt 0.693279 0.008935
vt 0.691091 0.011946
vt 0.673156 0.006558
vt 0.673737 0.002700
vt 0.186264 0.788109
vt 0.165686 0.767848
vt 0.707354 0.024347
vt 0.711841 0.023022
vt 0.179370 0.738496
vt 0.116860 0.695685
vt 0.123949 0.693182
vt 0.184194 0.728439
vt 0.188658 0.701844
vt 0.195908 0.682641
vt 0.193028 0.699484
vt 0.186584 0.715962
vt 0.190875 0.713567
vt 0.132963 0.688882
vt 0.126668 0.574614
vt 0.113331 0.571799
vt 0.112468 0.561883
vt 0.127739 0.565634
vt 0.136452 0.576769
vt 0.132078 0.575977
vt 0.133025 0.568843
vt 0.136822 0.571105
vt 0.134952 0.563273
vt 0.137051 0.567304
vt 0.110771 0.701273
vt 0.096182 0.692291
vt 0.101941 0.686693
vt 0.104699 0.709057
vt 0.091512 0.699830
vt 0.083713 0.695448
vt 0.087784 0.687583
vt 0.093962 0.680220
vt 0.050353 0.681134
vt 0.042478 0.678589
vt 0.044983 0.668565
vt 0.052868 0.671564
vt 0.035264 0.676547
vt 0.037755 0.666037
vt 0.039330 0.657140
vt 0.045892 0.659869
vt 0.053003 0.662814
vt 0.132049 0.582977
vt 0.126680 0.582651
vt 0.136520 0.582937
vt 0.137173 0.588905
vt 0.132740 0.589459
vt 0.127481 0.589837
vt 0.111066 0.684695
vt 0.107321 0.680230
vt 0.119743 0.678066
vt 0.122451 0.681643
vt 0.140133 0.641762
vt 0.145510 0.643282
vt 0.142392 0.651689
vt 0.137373 0.649064
vt 0.150375 0.644373
vt 0.147040 0.654017
vt 0.140654 0.663566
vt 0.136576 0.659985
vt 0.132158 0.656149
vt 0.074345 0.690979
vt 0.077666 0.682586
vt 0.064701 0.686708
vt 0.067451 0.677703
vt 0.067358 0.666948
vt 0.080489 0.674301
vt 0.135857 0.614852
vt 0.140924 0.613504
vt 0.143339 0.620115
vt 0.138154 0.621058
vt 0.145373 0.612003
vt 0.147970 0.618858
vt 0.150101 0.626513
vt 0.145254 0.627267
vt 0.139927 0.627590
vt 0.027758 0.674662
vt 0.025137 0.674046
vt 0.027587 0.662807
vt 0.030220 0.663636
vt 0.022495 0.673451
vt 0.024986 0.661857
vt 0.026797 0.648857
vt 0.029322 0.652836
vt 0.032019 0.654194
vt 0.013186 0.626456
vt 0.024412 0.627340
vt 0.024978 0.637440
vt 0.013379 0.637496
vt 0.013241 0.648384
vt 0.012074 0.659537
vt 0.064604 0.408556
vt 0.050030 0.408248
vt 0.009751 0.670922
vt 0.050031 0.419330
vt 0.064375 0.419973
vt 0.064166 0.430041
vt 0.049915 0.429034
vt 0.049566 0.438171
vt 0.063906 0.439495
vt 0.063543 0.449026
vt 0.049139 0.447414
vt 0.048571 0.456775
vt 0.063040 0.458697
vt 0.062375 0.468446
vt 0.047851 0.466143
vt 0.046831 0.475476
vt 0.061525 0.478224
vt 0.060371 0.488847
vt 0.045198 0.485938
vt 0.041719 0.503256
vt 0.024785 0.558152
vt 0.115554 0.590054
vt 0.114212 0.581200
vt 0.130998 0.602729
vt 0.119613 0.605794
vt 0.117415 0.598423
vt 0.128972 0.596464
vt 0.124257 0.617032
vt 0.121970 0.611822
vt 0.133377 0.608798
vt 0.127519 0.627025
vt 0.126217 0.621991
vt 0.126882 0.637428
vt 0.127812 0.632301
vt 0.140778 0.634567
vt 0.121258 0.646263
vt 0.124719 0.642065
vt 0.115779 0.666776
vt 0.110636 0.652143
vt 0.116511 0.649868
vt 0.124756 0.662530
vt 0.095612 0.665956
vt 0.096644 0.651164
vt 0.103843 0.652465
vt 0.105989 0.667887
vt 0.074637 0.655499
vt 0.082530 0.644793
vt 0.089484 0.648687
vt 0.084972 0.661648
vt 0.057947 0.640265
vt 0.069575 0.632251
vt 0.075877 0.639227
vt 0.065372 0.647895
vt 0.048295 0.629595
vt 0.059231 0.613490
vt 0.063801 0.623911
vt 0.052467 0.634226
vt 0.041989 0.623135
vt 0.055198 0.591562
vt 0.056891 0.601406
vt 0.044977 0.625854
vt 0.049647 0.583587
vt 0.052451 0.586175
vt 0.038910 0.621664
vt 0.036460 0.621160
vt 0.033770 0.530416
vt 0.035075 0.621294
vt 0.048614 0.581224
vt 0.061995 0.569456
vt 0.060738 0.573645
vt 0.055922 0.574014
vt 0.056824 0.568512
vt 0.060083 0.575146
vt 0.056407 0.576295
vt 0.032079 0.621380
vt 0.030609 0.609195
vt 0.030318 0.600689
vt 0.039232 0.632540
vt 0.036413 0.632118
vt 0.038234 0.637381
vt 0.036173 0.636938
vt 0.034877 0.636195
vt 0.034264 0.632128
vt 0.034396 0.637299
vt 0.032962 0.632648
vt 0.032717 0.638980
vt 0.030729 0.633719
vt 0.094835 0.672099
vt 0.083037 0.667251
vt 0.071613 0.660513
vt 0.053979 0.644199
vt 0.048835 0.638624
vt 0.050637 0.647928
vt 0.045961 0.642598
vt 0.042893 0.639642
vt 0.045144 0.635258
vt 0.134106 0.595467
vt 0.138478 0.594469
vt 0.140367 0.599956
vt 0.136037 0.601301
vt 0.128174 0.667555
vt 0.131183 0.672029
vt 0.117809 0.672620
vt 0.042104 0.633413
vt 0.040482 0.638136
vt 0.138389 0.607267
vt 0.142736 0.605745
vt 0.106560 0.674127
vt 0.146193 0.635069
vt 0.151200 0.635120
vt 0.061601 0.652162
vt 0.057843 0.656030
vt 0.058297 0.579323
vt 0.062269 0.577208
vt 0.064819 0.583224
vt 0.060259 0.585153
vt 0.114820 0.607303
vt 0.112473 0.599548
vt 0.110675 0.608785
vt 0.108110 0.600724
vt 0.105961 0.591500
vt 0.110429 0.590651
vt 0.109002 0.646573
vt 0.113574 0.644961
vt 0.108110 0.642493
vt 0.111635 0.641345
vt 0.114467 0.639397
vt 0.117238 0.642344
vt 0.062056 0.596322
vt 0.066746 0.594939
vt 0.069114 0.608149
vt 0.064522 0.609661
vt 0.121656 0.635642
vt 0.122475 0.631552
vt 0.117944 0.634358
vt 0.118506 0.631170
vt 0.118268 0.627677
vt 0.122281 0.627198
vt 0.074509 0.629166
vt 0.080311 0.635703
vt 0.078437 0.626611
vt 0.083765 0.632739
vt 0.088876 0.637026
vt 0.086078 0.640457
vt 0.119433 0.618385
vt 0.117241 0.613394
vt 0.115491 0.619921
vt 0.113230 0.615029
vt 0.097626 0.645672
vt 0.103528 0.646755
vt 0.098807 0.641478
vt 0.103735 0.642507
vt 0.108930 0.581405
vt 0.104406 0.582068
vt 0.103378 0.573195
vt 0.107870 0.572232
vt 0.119935 0.639209
vt 0.116568 0.637053
vt 0.068946 0.620682
vt 0.073192 0.618642
vt 0.121193 0.622875
vt 0.117227 0.624013
vt 0.091822 0.643606
vt 0.093828 0.639751
vt 0.106858 0.563561
vt 0.102728 0.565698
vt 0.057202 0.683642
vt 0.059726 0.674384
vt 0.059194 0.665197
vt 0.030659 0.675368
vt 0.033141 0.664531
vt 0.034969 0.655346
vt 0.029687 0.642543
vt 0.031819 0.645719
vt 0.034579 0.640985
vt 0.036504 0.642100
vt 0.034173 0.647156
vt 0.041991 0.641939
vt 0.039711 0.640380
vt 0.041307 0.644976
vt 0.038706 0.643218
vt 0.037619 0.639530
vt 0.048874 0.649713
vt 0.044818 0.644873
vt 0.047840 0.650766
vt 0.044618 0.647808
vt 0.054422 0.656772
vt 0.050393 0.655690
vt 0.064353 0.551359
vt 0.060170 0.559032
vt 0.066060 0.555786
vt 0.064259 0.561791
vt 0.035835 0.638778
vt 0.040294 0.650365
vt 0.036802 0.648447
vt 0.027576 0.635686
vt 0.026609 0.626507
vt 0.045215 0.653143
vt 0.113244 0.638041
vt 0.114995 0.636132
vt 0.112542 0.637338
vt 0.113459 0.635840
vt 0.114332 0.633783
vt 0.116150 0.633844
vt 0.107812 0.640568
vt 0.110888 0.639628
vt 0.107996 0.638791
vt 0.110730 0.638132
vt 0.099523 0.639437
vt 0.103951 0.640435
vt 0.100836 0.637464
vt 0.104654 0.638529
vt 0.103518 0.592097
vt 0.101940 0.582527
vt 0.100043 0.593402
vt 0.098470 0.583442
vt 0.097487 0.574020
vt 0.100918 0.573664
vt 0.090385 0.635218
vt 0.094968 0.637807
vt 0.092525 0.633162
vt 0.096755 0.635797
vt 0.108382 0.609677
vt 0.105739 0.601483
vt 0.105212 0.611099
vt 0.102394 0.602923
vt 0.080601 0.625165
vt 0.085625 0.631079
vt 0.083459 0.623256
vt 0.088124 0.629036
vt 0.113404 0.620799
vt 0.111045 0.615982
vt 0.110644 0.622043
vt 0.108065 0.617357
vt 0.071685 0.607221
vt 0.075586 0.617487
vt 0.075038 0.605561
vt 0.078748 0.615722
vt 0.116307 0.628006
vt 0.115207 0.624675
vt 0.114028 0.628714
vt 0.112685 0.625696
vt 0.067449 0.581660
vt 0.069417 0.593912
vt 0.071502 0.576639
vt 0.072968 0.592060
vt 0.064273 0.575562
vt 0.066200 0.571259
vt 0.116612 0.631088
vt 0.114567 0.631398
vt 0.100386 0.566251
vt 0.096973 0.565918
vt 0.106980 0.632460
vt 0.110727 0.630244
vt 0.111777 0.632412
vt 0.108832 0.634082
vt 0.111962 0.634337
vt 0.109925 0.635076
vt 0.111323 0.636281
vt 0.108882 0.636727
vt 0.101276 0.627151
vt 0.106344 0.624239
vt 0.108865 0.627622
vt 0.104403 0.630247
vt 0.094109 0.616889
vt 0.100140 0.613617
vt 0.103370 0.619733
vt 0.097818 0.622803
vt 0.087395 0.599334
vt 0.094327 0.595983
vt 0.096940 0.605635
vt 0.090381 0.609143
vt 0.085298 0.575542
vt 0.091959 0.574668
vt 0.092773 0.585243
vt 0.085824 0.587574
vt 0.078577 0.576387
vt 0.078840 0.589945
vt 0.080548 0.602754
vt 0.083933 0.612749
vt 0.088208 0.620315
vt 0.092408 0.626096
vt 0.096358 0.630305
vt 0.100085 0.633129
vt 0.103460 0.635003
vt 0.106347 0.636259
vt 0.085064 0.565056
vt 0.091509 0.565420
vt 0.084877 0.556533
vt 0.091529 0.557540
vt 0.136617 0.541355
vt 0.084977 0.548804
vt 0.092484 0.549757
vt 0.073694 0.555382
vt 0.073227 0.547890
vt 0.078673 0.548193
vt 0.078936 0.555865
vt 0.072250 0.539743
vt 0.078351 0.539911
vt 0.071230 0.530571
vt 0.077968 0.530896
vt 0.070691 0.520694
vt 0.077784 0.521341
vt 0.070833 0.510499
vt 0.077963 0.511458
vt 0.071433 0.500320
vt 0.078458 0.501453
vt 0.072257 0.490264
vt 0.079142 0.491430
vt 0.073079 0.480273
vt 0.079870 0.481388
vt 0.073810 0.470272
vt 0.080552 0.471296
vt 0.074419 0.460270
vt 0.081138 0.461168
vt 0.074895 0.450306
vt 0.081608 0.451042
vt 0.075244 0.440440
vt 0.081958 0.440982
vt 0.075508 0.430620
vt 0.082228 0.430951
vt 0.075778 0.420240
vt 0.082509 0.420397
vt 0.076035 0.408648
vt 0.082776 0.408704
vt 0.069850 0.408600
vt 0.069608 0.420101
vt 0.069359 0.430317
vt 0.069098 0.439938
vt 0.068745 0.449620
vt 0.068257 0.459426
vt 0.067619 0.469298
vt 0.066827 0.479190
vt 0.065865 0.489252
vt 0.064725 0.500060
vt 0.064001 0.510788
vt 0.063853 0.521220
vt 0.064872 0.531364
vt 0.066554 0.540528
vt 0.068319 0.548286
vt 0.069091 0.555132
vt 0.078919 0.564852
vt 0.073235 0.564378
vt 0.068175 0.563167
vt 0.153187 0.626426
vt 0.154391 0.635347
vt 0.160808 0.627675
vt 0.162256 0.636577
vt 0.153595 0.645043
vt 0.139701 0.588679
vt 0.141007 0.594066
vt 0.143772 0.588567
vt 0.145418 0.593912
vt 0.147726 0.599351
vt 0.142923 0.599425
vt 0.148116 0.611472
vt 0.150889 0.618506
vt 0.154059 0.611873
vt 0.157743 0.619411
vt 0.143445 0.665652
vt 0.133765 0.674920
vt 0.142752 0.680818
vt 0.138517 0.567246
vt 0.138930 0.571994
vt 0.142135 0.572707
vt 0.142348 0.577680
vt 0.138888 0.577196
vt 0.139042 0.582951
vt 0.142806 0.583071
vt 0.150081 0.655331
vt 0.145361 0.605159
vt 0.150637 0.605241
vt 0.136761 0.561057
vt 0.156441 0.579154
vt 0.158585 0.583264
vt 0.197825 0.640056
vt 0.196231 0.632754
vt 0.161677 0.588121
vt 0.251677 0.592470
vt 0.238831 0.606719
vt 0.237949 0.617649
vt 0.224219 0.630258
vt 0.224901 0.619875
vt 0.190458 0.624382
vt 0.182950 0.615353
vt 0.165713 0.593872
vt 0.155288 0.575628
vt 0.170586 0.600335
vt 0.176238 0.607344
vt 0.185681 0.615384
vt 0.163883 0.587925
vt 0.168066 0.593757
vt 0.156846 0.575919
vt 0.158289 0.579184
vt 0.160634 0.583125
vt 0.193145 0.623800
vt 0.162570 0.578090
vt 0.165449 0.581656
vt 0.160503 0.575134
vt 0.027845 0.601920
vt 0.214026 0.670423
vt 0.223722 0.663984
vt 0.214544 0.685262
vt 0.207624 0.688671
vt 0.205510 0.702471
vt 0.203160 0.700242
vt 0.201818 0.646865
vt 0.202720 0.636947
vt 0.189355 0.725939
vt 0.196626 0.716180
vt 0.197078 0.707226
vt 0.199170 0.663369
vt 0.232256 0.639451
vt 0.220318 0.648930
vt 0.204015 0.677170
vt 0.199760 0.694265
vt 0.211504 0.640263
vt 0.208501 0.657298
vt 0.212118 0.630305
vt 0.259815 0.580710
vt 0.159277 0.761405
vt 0.170613 0.749406
vt 0.026768 0.615237
vt 0.174555 0.752600
vt 0.162923 0.765105
vt 0.722600 0.097018
vt 0.739427 0.109932
vt 0.733539 0.126159
vt 0.715169 0.117389
vt 0.752815 0.128235
vt 0.748596 0.140037
vt 0.719937 0.011217
vt 0.737474 0.003197
vt 0.740444 0.007838
vt 0.723730 0.019023
vt 0.531693 0.376603
vt 0.540353 0.375640
vt 0.544383 0.397234
vt 0.533727 0.399318
vt 0.756505 0.116475
vt 0.768269 0.143825
vt 0.764669 0.149265
vt 0.776811 0.168107
vt 0.772254 0.164644
vt 0.761902 0.156830
vt 0.772817 0.172642
vt 0.781004 0.184629
vt 0.604374 0.256662
vt 0.608187 0.234707
vt 0.617096 0.236265
vt 0.614183 0.259474
vt 0.509734 0.377545
vt 0.510237 0.400001
vt 0.691672 0.115321
vt 0.694338 0.101623
vt 0.743601 0.092541
vt 0.732072 0.076544
vt 0.637316 0.266846
vt 0.638069 0.259761
vt 0.691097 0.054656
vt 0.692932 0.064280
vt 0.717792 0.063236
vt 0.613290 0.267537
vt 0.602705 0.260784
vt 0.726307 0.073652
vt 0.717975 0.085926
vt 0.547993 0.400361
vt 0.534060 0.404230
vt 0.510092 0.405493
vt 0.694446 0.092811
vt 0.638996 0.237275
vt 0.544679 0.031748
vt 0.540629 0.012018
vt 0.727403 0.033883
vt 0.732753 0.029419
vt 0.672368 0.012723
vt 0.687790 0.016219
vt 0.717658 0.021594
vt 0.711957 0.009098
vt 0.698662 0.024828
vt 0.699610 0.036181
vt 0.513005 0.013218
vt 0.518107 0.004474
vt 0.535630 0.003107
vt 0.683205 0.044752
vt 0.747697 0.016345
vt 0.011880 0.596456
vt 0.022030 0.556351
vt 0.043298 0.476323
vt 0.041460 0.486890
vt 0.038215 0.503453
vt 0.044745 0.457971
vt 0.043894 0.467565
vt 0.045328 0.439512
vt 0.044695 0.449145
vt 0.045289 0.420443
vt 0.044878 0.430708
vt 0.043892 0.409571
vt 0.008366 0.646887
vt 0.005988 0.657331
vt 0.003045 0.669046
vt 0.009458 0.610864
vt 0.008989 0.624409
vt 0.030521 0.529406
vt 0.008144 0.635456
vt 0.266530 0.452233
vt 0.262285 0.466711
vt 0.257429 0.481401
vt 0.252013 0.496230
vt 0.246095 0.511114
vt 0.239697 0.525914
vt 0.232810 0.540394
vt 0.225400 0.554272
vt 0.217485 0.567284
vt 0.209113 0.579315
vt 0.200413 0.590039
vt 0.274488 0.410254
vt 0.272780 0.424062
vt 0.270078 0.438022
vt 0.220591 0.423251
vt 0.230274 0.423239
vt 0.228218 0.436704
vt 0.218771 0.436676
vt 0.225535 0.450199
vt 0.216375 0.450080
vt 0.184155 0.549146
vt 0.189893 0.551562
vt 0.184172 0.561860
vt 0.179030 0.559137
vt 0.177883 0.570714
vt 0.173454 0.567697
vt 0.202497 0.502473
vt 0.210174 0.503477
vt 0.205466 0.516289
vt 0.198235 0.514926
vt 0.200514 0.528650
vt 0.193750 0.526915
vt 0.222334 0.463659
vt 0.213493 0.463405
vt 0.218673 0.477054
vt 0.210186 0.476614
vt 0.231566 0.409825
vt 0.221722 0.409834
vt 0.195323 0.540426
vt 0.189052 0.538339
vt 0.214594 0.490356
vt 0.206496 0.489665
vt 0.201526 0.476338
vt 0.198263 0.489150
vt 0.194719 0.501653
vt 0.186927 0.525388
vt 0.182733 0.536486
vt 0.178378 0.546993
vt 0.211527 0.409874
vt 0.210584 0.423326
vt 0.206962 0.450081
vt 0.204440 0.463297
vt 0.190928 0.513755
vt 0.173881 0.556710
vt 0.169172 0.565056
vt 0.209034 0.436739
vt 0.164384 0.571430
vt 0.167494 0.574231
vt 0.171083 0.577534
vt 0.191813 0.599083
vt 0.980253 0.647599
vt 0.949472 0.647585
vt 0.949364 0.632230
vt 0.980145 0.632264
vt 0.708243 0.335624
vt 0.724118 0.328151
vt 0.736150 0.318591
vt 0.745307 0.307158
vt 0.752731 0.293861
vt 0.758474 0.279261
vt 0.762223 0.263816
vt 0.763863 0.247840
vt 0.763289 0.231638
vt 0.760469 0.215672
vt 0.755467 0.200466
vt 0.748493 0.186487
vt 0.739795 0.174174
vt 0.729730 0.163864
vt 0.718370 0.155894
vt 0.704793 0.150123
vt 0.981229 0.845784
vt 0.950449 0.845982
vt 0.950337 0.826426
vt 0.981116 0.826201
vt 0.949263 0.617512
vt 0.980044 0.617559
vt 0.949175 0.603205
vt 0.979956 0.603256
vt 0.949874 0.712773
vt 0.980654 0.712649
vt 0.949786 0.696263
vt 0.980566 0.696177
vt 0.950252 0.808150
vt 0.981032 0.807910
vt 0.950191 0.792121
vt 0.980970 0.791878
vt 0.949101 0.587770
vt 0.979883 0.587815
vt 0.949046 0.569754
vt 0.979828 0.569781
vt 0.949688 0.679770
vt 0.980468 0.679722
vt 0.949582 0.663483
vt 0.980362 0.663469
vt 0.950137 0.776954
vt 0.980917 0.776720
vt 0.950082 0.761369
vt 0.980862 0.761153
vt 0.826491 0.420072
vt 0.825426 0.420185
vt 0.821399 0.404825
vt 0.822473 0.404724
vt 0.816568 0.390337
vt 0.817652 0.390238
vt 0.823208 0.546756
vt 0.822087 0.546809
vt 0.826711 0.532704
vt 0.827822 0.532582
vt 0.829957 0.517538
vt 0.831053 0.517386
vt 0.831971 0.452318
vt 0.829674 0.436030
vt 0.805465 0.364506
vt 0.804369 0.364667
vt 0.796121 0.352605
vt 0.797187 0.352324
vt 0.807563 0.574828
vt 0.806566 0.574434
vt 0.815562 0.560478
vt 0.816665 0.560583
vt 0.833796 0.485177
vt 0.832728 0.485343
vt 0.832357 0.468913
vt 0.833415 0.468753
vt 0.810941 0.376944
vt 0.812034 0.376831
vt 0.831948 0.501612
vt 0.833029 0.501448
vt 0.708515 0.437936
vt 0.700951 0.432391
vt 0.702137 0.428161
vt 0.709144 0.432736
vt 0.702060 0.424279
vt 0.708113 0.427993
vt 0.747858 0.461821
vt 0.732366 0.457035
vt 0.731722 0.450226
vt 0.746990 0.453825
vt 0.732524 0.463838
vt 0.709472 0.456858
vt 0.710277 0.451675
vt 0.712087 0.446113
vt 0.730569 0.443450
vt 0.745546 0.445853
vt 0.734930 0.415868
vt 0.721424 0.418018
vt 0.718418 0.412207
vt 0.731302 0.409129
vt 0.724212 0.424044
vt 0.709695 0.424634
vt 0.707465 0.419708
vt 0.705099 0.414858
vt 0.715151 0.406383
vt 0.727114 0.402329
vt 0.720589 0.502762
vt 0.734698 0.514641
vt 0.700713 0.485991
vt 0.724473 0.496658
vt 0.739344 0.507418
vt 0.747736 0.477665
vt 0.732153 0.470642
vt 0.748111 0.469772
vt 0.731198 0.477421
vt 0.708473 0.467029
vt 0.709140 0.461940
vt 0.741097 0.430319
vt 0.726727 0.430309
vt 0.738198 0.422924
vt 0.728880 0.436790
vt 0.713328 0.434803
vt 0.711733 0.429648
vt 0.745082 0.493028
vt 0.729640 0.484051
vt 0.746729 0.485463
vt 0.727445 0.490433
vt 0.705641 0.476895
vt 0.707310 0.472043
vt 0.743564 0.437990
vt 0.713609 0.440308
vt 0.722270 0.395206
vt 0.702613 0.409990
vt 0.717105 0.388301
vt 0.757310 0.368424
vt 0.733795 0.388499
vt 0.726330 0.380093
vt 0.746670 0.358075
vt 0.784679 0.538828
vt 0.755855 0.518627
vt 0.805741 0.553865
vt 0.811925 0.540959
vt 0.816338 0.527723
vt 0.791979 0.433074
vt 0.760089 0.438394
vt 0.757254 0.429453
vt 0.788489 0.421299
vt 0.766478 0.379116
vt 0.740438 0.397053
vt 0.786745 0.360490
vt 0.776515 0.348449
vt 0.764351 0.336671
vt 0.795821 0.505771
vt 0.764065 0.493481
vt 0.765101 0.484520
vt 0.797376 0.493934
vt 0.762371 0.447572
vt 0.815559 0.424267
vt 0.811620 0.410031
vt 0.784275 0.410002
vt 0.753909 0.420861
vt 0.750102 0.412709
vt 0.779369 0.399318
vt 0.819491 0.513676
vt 0.821485 0.499030
vt 0.798022 0.481889
vt 0.765441 0.475403
vt 0.765087 0.466179
vt 0.797777 0.469711
vt 0.806858 0.396494
vt 0.801298 0.383836
vt 0.777393 0.550010
vt 0.750212 0.527258
vt 0.822343 0.484116
vt 0.822114 0.469068
vt 0.773655 0.389239
vt 0.745769 0.404966
vt 0.797293 0.566900
vt 0.764050 0.456871
vt 0.794814 0.372067
vt 0.873601 0.502321
vt 0.875101 0.502321
vt 0.875101 0.639791
vt 0.873601 0.639791
vt 0.873601 0.618285
vt 0.875101 0.618285
vt 0.873601 0.598492
vt 0.875101 0.598492
vt 0.875101 0.403697
vt 0.873601 0.403697
vt 0.873601 0.386627
vt 0.875101 0.386627
vt 0.873601 0.370353
vt 0.875101 0.370353
vt 0.873601 0.485706
vt 0.875101 0.485706
vt 0.873601 0.467954
vt 0.875101 0.467954
vt 0.873601 0.582500
vt 0.875101 0.582500
vt 0.873601 0.566819
vt 0.875101 0.566819
vt 0.873601 0.348993
vt 0.875101 0.348993
vt 0.873601 0.325007
vt 0.875101 0.325007
vt 0.873601 0.452116
vt 0.875101 0.452116
vt 0.873601 0.435922
vt 0.875101 0.435922
vt 0.873601 0.550830
vt 0.875101 0.550830
vt 0.873601 0.419851
vt 0.875101 0.419851
vt 0.533500 0.566144
vt 0.700809 0.409771
vt 0.697871 0.409081
vt 0.696225 0.405173
vt 0.698611 0.405162
vt 0.694636 0.401237
vt 0.696602 0.400574
vt 0.694750 0.474714
vt 0.683432 0.463926
vt 0.685811 0.460375
vt 0.696793 0.470681
vt 0.687950 0.456743
vt 0.698437 0.466498
vt 0.702539 0.448907
vt 0.694877 0.441527
vt 0.698041 0.437019
vt 0.705612 0.443580
vt 0.704843 0.418812
vt 0.700577 0.416713
vt 0.699349 0.412931
vt 0.702909 0.414305
vt 0.680827 0.467353
vt 0.692309 0.478538
vt 0.700523 0.457834
vt 0.691427 0.449302
vt 0.692865 0.445531
vt 0.701146 0.453490
vt 0.701491 0.420484
vt 0.706589 0.423373
vt 0.689827 0.453040
vt 0.699679 0.462190
vt 0.648459 0.226820
vt 0.645519 0.159588
vt 0.636257 0.227182
vt 0.631645 0.176445
vt 0.635140 0.172314
vt 0.638652 0.227004
vt 0.633869 0.227421
vt 0.628264 0.180667
vt 0.622097 0.229606
vt 0.617855 0.197662
vt 0.620801 0.194878
vt 0.624462 0.229050
vt 0.619356 0.230247
vt 0.614432 0.200035
vt 0.657397 0.226974
vt 0.657043 0.154186
vt 0.641057 0.226883
vt 0.637549 0.168646
vt 0.639749 0.165348
vt 0.643493 0.226813
vt 0.626786 0.228544
vt 0.623189 0.191704
vt 0.624982 0.188241
vt 0.629129 0.228098
vt 0.645968 0.226796
vt 0.642397 0.162306
vt 0.631491 0.227725
vt 0.626328 0.184585
vt 0.615948 0.230999
vt 0.610631 0.201959
vt 0.612136 0.231779
vt 0.606550 0.203207
vt 0.742721 0.500270
vt 0.703450 0.481563
vt 0.763724 0.882807
vt 0.768792 0.874041
vt 0.766882 0.888628
vt 0.762139 0.893393
vt 0.773795 0.866928
vt 0.771792 0.884783
vt 0.781363 0.860958
vt 0.779434 0.881573
vt 0.788639 0.855944
vt 0.786917 0.878895
vt 0.797719 0.852455
vt 0.796328 0.877054
vt 0.806240 0.850077
vt 0.805257 0.875821
vt 0.816967 0.849365
vt 0.816448 0.875493
vt 0.833597 0.849046
vt 0.833554 0.875379
vt 0.860185 0.849230
vt 0.860620 0.875536
vt 0.889558 0.849046
vt 0.890472 0.875495
vt 0.932660 0.851079
vt 0.934004 0.876643
vt 0.946853 0.855550
vt 0.948512 0.879091
vt 0.958857 0.862312
vt 0.960663 0.882753
vt 0.965977 0.871257
vt 0.967707 0.887567
vt 0.971903 0.881762
vt 0.973317 0.893192
vt 0.766266 0.906190
vt 0.761627 0.906190
vt 0.771147 0.906190
vt 0.778814 0.906190
vt 0.786365 0.906190
vt 0.795885 0.906190
vt 0.804947 0.906190
vt 0.816289 0.906190
vt 0.833550 0.906190
vt 0.860771 0.906190
vt 0.890780 0.906190
vt 0.934451 0.906190
vt 0.949060 0.906190
vt 0.961258 0.906190
vt 0.968276 0.906190
vt 0.973782 0.906190
vt 0.766882 0.923752
vt 0.762139 0.918986
vt 0.771792 0.927597
vt 0.779434 0.930807
vt 0.786917 0.933485
vt 0.796328 0.935326
vt 0.805257 0.936559
vt 0.816448 0.936886
vt 0.833554 0.937001
vt 0.860620 0.936844
vt 0.890472 0.936885
vt 0.934004 0.935737
vt 0.948512 0.933289
vt 0.960662 0.929626
vt 0.967707 0.924813
vt 0.973317 0.919188
vt 0.768792 0.938339
vt 0.763724 0.929572
vt 0.773795 0.945451
vt 0.781363 0.951422
vt 0.788639 0.956436
vt 0.797719 0.959924
vt 0.806240 0.962303
vt 0.816967 0.963015
vt 0.833597 0.963333
vt 0.860185 0.963150
vt 0.889558 0.963333
vt 0.932660 0.961300
vt 0.946853 0.956829
vt 0.958857 0.950068
vt 0.965977 0.941123
vt 0.971903 0.930618
vt 0.010728 0.825189
vt 0.004673 0.823060
vt 0.009731 0.809100
vt 0.015435 0.812098
vt 0.890665 0.639424
vt 0.898635 0.638024
vt 0.899705 0.652933
vt 0.890756 0.652887
vt 0.154076 0.960452
vt 0.268650 0.906214
vt 0.272511 0.912918
vt 0.157388 0.967336
vt 0.890207 0.776724
vt 0.899263 0.776798
vt 0.008597 0.836726
vt 0.002711 0.835505
vt 0.008346 0.849726
vt 0.002528 0.849540
vt 0.890330 0.628225
vt 0.890297 0.615711
vt 0.893890 0.615393
vt 0.894236 0.626882
vt 0.052014 0.857105
vt 0.084384 0.891704
vt 0.079626 0.896067
vt 0.049247 0.863844
vt 0.116009 0.926920
vt 0.109070 0.929081
vt 0.102935 0.930068
vt 0.075943 0.899445
vt 0.047728 0.869885
vt 0.072361 0.902731
vt 0.047464 0.876908
vt 0.095931 0.929726
vt 0.087269 0.925786
vt 0.068776 0.906020
vt 0.050653 0.885893
vt 0.899730 0.485693
vt 0.899500 0.529889
vt 0.890390 0.529416
vt 0.890386 0.485688
vt 0.898650 0.580161
vt 0.890760 0.573104
vt 0.044308 0.928192
vt 0.017171 0.893054
vt 0.022699 0.890533
vt 0.049052 0.924123
vt 0.076453 0.958295
vt 0.080311 0.953187
vt 0.035288 0.883366
vt 0.060004 0.914071
vt 0.054437 0.919180
vt 0.028769 0.886719
vt 0.088478 0.941279
vt 0.084601 0.947474
vt 0.021987 0.816045
vt 0.017667 0.828573
vt 0.086596 0.706792
vt 0.093639 0.712257
vt 0.029054 0.820937
vt 0.103557 0.720929
vt 0.037914 0.828352
vt 0.024918 0.832890
vt 0.033505 0.839596
vt 0.131384 0.746410
vt 0.057797 0.847336
vt 0.074925 0.698897
vt 0.080268 0.702328
vt 0.015865 0.839315
vt 0.015710 0.850783
vt 0.023343 0.842687
vt 0.023195 0.852500
vt 0.064793 0.909676
vt 0.042258 0.882330
vt 0.090098 0.934438
vt 0.031454 0.856256
vt 0.031830 0.848145
vt 0.092397 0.884361
vt 0.184864 0.799890
vt 0.233312 0.858010
vt 0.126231 0.922030
vt 0.275434 0.918547
vt 0.159888 0.973314
vt 0.037922 0.060302
vt 0.029594 0.034758
vt 0.036360 0.033083
vt 0.044375 0.057667
vt 0.899705 0.440659
vt 0.899697 0.427774
vt 0.930449 0.427752
vt 0.930457 0.440637
vt 0.038839 0.008666
vt 0.054188 0.011647
vt 0.049503 0.015739
vt 0.039053 0.012666
vt 0.077662 0.014714
vt 0.057732 0.019181
vt 0.048734 0.022627
vt 0.044257 0.019437
vt 0.039027 0.016275
vt 0.032987 0.865683
vt 0.025241 0.863922
vt 0.899688 0.416388
vt 0.930440 0.416367
vt 0.931374 0.580571
vt 0.930722 0.529875
vt 0.890626 0.599466
vt 0.894591 0.601315
vt 0.011220 0.866100
vt 0.005590 0.867296
vt 0.018146 0.864660
vt 0.143942 0.970770
vt 0.145727 0.977251
vt 0.890196 0.274659
vt 0.899575 0.274618
vt 0.899676 0.402730
vt 0.890301 0.402794
vt 0.919865 0.048496
vt 0.796927 0.016928
vt 0.798244 0.009297
vt 0.921707 0.041073
vt 0.890318 0.416482
vt 0.133212 0.978522
vt 0.132322 0.971789
vt 0.890328 0.427888
vt 0.890339 0.440759
vt 0.119051 0.977521
vt 0.119460 0.970849
vt 0.141237 0.963570
vt 0.137626 0.955980
vt 0.149870 0.952977
vt 0.143315 0.943492
vt 0.256139 0.888045
vt 0.263859 0.898707
vt 0.131753 0.946852
vt 0.119075 0.963474
vt 0.130430 0.964359
vt 0.118042 0.955918
vt 0.127772 0.956650
vt 0.123123 0.947749
vt 0.115048 0.947407
vt 0.930502 0.485671
vt 0.930400 0.274603
vt 0.930437 0.402708
vt 0.899720 0.457777
vt 0.930470 0.457758
vt 0.929709 0.653052
vt 0.929059 0.776924
vt 0.106915 0.952894
vt 0.105834 0.945069
vt 0.890360 0.457816
vt 0.101352 0.972654
vt 0.103566 0.966573
vt 0.105576 0.959849
vt 0.934292 0.047001
vt 0.923621 0.034919
vt 0.937069 0.041214
vt 0.938116 0.776927
vt 0.938634 0.653093
vt 0.930933 0.638219
vt 0.938845 0.639702
vt 0.947256 0.048626
vt 0.943957 0.053652
vt 0.935445 0.627211
vt 0.939313 0.628591
vt 0.935921 0.615776
vt 0.939488 0.616132
vt 0.957310 0.058422
vt 0.953327 0.062667
vt 0.939734 0.104768
vt 0.940686 0.145621
vt 0.935692 0.145837
vt 0.934388 0.101571
vt 0.943253 0.186362
vt 0.938217 0.190002
vt 0.931782 0.193380
vt 0.929243 0.146117
vt 0.927667 0.098762
vt 0.948986 0.118156
vt 0.950403 0.145203
vt 0.945542 0.145412
vt 0.944887 0.109548
vt 0.951303 0.172256
vt 0.947964 0.181168
vt 0.939849 0.485655
vt 0.939875 0.529420
vt 0.981938 0.187595
vt 0.975599 0.186711
vt 0.977151 0.144057
vt 0.983382 0.143579
vt 0.972034 0.101671
vt 0.977724 0.099544
vt 0.939355 0.573501
vt 0.969848 0.144369
vt 0.965044 0.103266
vt 0.968525 0.185705
vt 0.961403 0.184066
vt 0.962298 0.144693
vt 0.958063 0.105505
vt 0.931779 0.054299
vt 0.929704 0.062480
vt 0.918328 0.056952
vt 0.917306 0.068461
vt 0.794930 0.038918
vt 0.795811 0.025772
vt 0.928375 0.073293
vt 0.916670 0.095944
vt 0.799596 0.003093
vt 0.793271 0.076612
vt 0.948867 0.068621
vt 0.940649 0.060622
vt 0.944789 0.075128
vt 0.937746 0.068294
vt 0.955804 0.144971
vt 0.952402 0.109701
vt 0.955421 0.180374
vt 0.935603 0.078154
vt 0.941605 0.083624
vt 0.918385 0.146590
vt 0.921096 0.197151
vt 0.933561 0.257212
vt 0.813132 0.300190
vt 0.811218 0.294143
vt 0.931102 0.251218
vt 0.800110 0.227599
vt 0.793271 0.152244
vt 0.809208 0.286672
vt 0.928576 0.244008
vt 0.951419 0.084651
vt 0.947187 0.091374
vt 0.935341 0.601824
vt 0.939313 0.600005
vt 0.967700 0.073142
vt 0.962874 0.076277
vt 0.956958 0.080156
vt 0.943037 0.244139
vt 0.946358 0.249983
vt 0.939811 0.416448
vt 0.939811 0.402761
vt 0.939778 0.274633
vt 0.951975 0.236642
vt 0.956106 0.242033
vt 0.960404 0.226883
vt 0.965412 0.231311
vt 0.939817 0.427853
vt 0.939824 0.440724
vt 0.939859 0.237135
vt 0.807288 0.277976
vt 0.926264 0.235748
vt 0.805207 0.264978
vt 0.924192 0.224407
vt 0.937046 0.229214
vt 0.934743 0.218607
vt 0.948059 0.230051
vt 0.955462 0.221396
vt 0.944487 0.222720
vt 0.950849 0.215322
vt 0.946948 0.207187
vt 0.941480 0.213139
vt 0.053422 0.057453
vt 0.044140 0.028011
vt 0.050843 0.025029
vt 0.060621 0.056028
vt 0.951810 0.199019
vt 0.956579 0.205316
vt 0.939831 0.457782
vt 0.968620 0.212620
vt 0.974486 0.215355
vt 0.962444 0.209287
vt 0.040010 0.033514
vt 0.047070 0.055167
vt 0.024777 0.018945
vt 0.033186 0.016514
vt 0.038188 0.021977
vt 0.031161 0.026199
vt 0.042115 0.025640
vt 0.036806 0.031283
vt 0.088756 0.048953
vt 0.071074 0.065180
vt 0.064832 0.064471
vt 0.069652 0.056884
vt 0.060001 0.076414
vt 0.057907 0.072965
vt 0.055839 0.069983
vt 0.058380 0.064403
vt 0.060260 0.059218
vt 0.059423 0.022419
vt 0.069179 0.053229
vt 0.076207 0.046779
vt 0.068741 0.023710
vt 0.050854 0.073084
vt 0.051922 0.065734
vt 0.042484 0.075797
vt 0.043731 0.066155
vt 0.045612 0.058777
vt 0.053099 0.060515
vt 0.051373 0.086103
vt 0.050661 0.080329
vt 0.042017 0.095748
vt 0.041694 0.085023
vt 0.013282 0.002803
vt 0.026346 0.005519
vt 0.028981 0.010663
vt 0.018991 0.011799
vt 0.021682 0.065996
vt 0.013119 0.039729
vt 0.021200 0.037418
vt 0.029573 0.063100
vt 0.003429 0.040150
vt 0.013605 0.071367
vt 0.521649 0.903292
vt 0.477593 0.904562
vt 0.478929 0.902096
vt 0.524241 0.900895
vt 0.344296 0.803694
vt 0.480097 0.804126
vt 0.479505 0.807525
vt 0.344818 0.807109
vt 0.525858 0.809711
vt 0.527184 0.806481
vt 0.572800 0.925649
vt 0.586520 0.922902
vt 0.587935 0.930401
vt 0.574231 0.933229
vt 0.526978 0.917935
vt 0.525656 0.914697
vt 0.534162 0.911962
vt 0.536134 0.914879
vt 0.570861 0.901023
vt 0.584601 0.898536
vt 0.584925 0.908070
vt 0.571189 0.910669
vt 0.845139 0.561693
vt 0.845153 0.423278
vt 0.858894 0.424798
vt 0.858880 0.560258
vt 0.539685 0.907959
vt 0.542265 0.910381
vt 0.543909 0.902740
vt 0.546957 0.904559
vt 0.571819 0.918225
vt 0.585548 0.915553
vt 0.592199 0.947219
vt 0.578598 0.950434
vt 0.546665 0.896298
vt 0.550041 0.897506
vt 0.552052 0.843326
vt 0.548510 0.843807
vt 0.546798 0.828125
vt 0.550176 0.826929
vt 0.269823 0.896986
vt 0.267849 0.879641
vt 0.271406 0.879197
vt 0.273204 0.895790
vt 0.983993 0.090611
vt 0.985283 0.081576
vt 0.987735 0.081837
vt 0.986430 0.091251
vt 0.984615 0.074637
vt 0.987068 0.074353
vt 0.284533 0.891612
vt 0.283464 0.877634
vt 0.291670 0.878287
vt 0.292491 0.892839
vt 0.982580 0.067988
vt 0.984897 0.067162
vt 0.979120 0.061671
vt 0.981221 0.060371
vt 0.848681 0.343032
vt 0.852810 0.326759
vt 0.866417 0.329951
vt 0.862386 0.345859
vt 0.899586 0.006250
vt 0.898949 0.003811
vt 0.908392 0.002538
vt 0.908653 0.004992
vt 0.479290 0.917518
vt 0.403020 0.952610
vt 0.402994 0.950031
vt 0.451063 0.952243
vt 0.450943 0.954806
vt 0.845322 0.375220
vt 0.845640 0.365593
vt 0.859377 0.368191
vt 0.859061 0.377706
vt 0.536331 0.809510
vt 0.534351 0.812421
vt 0.542448 0.814028
vt 0.539860 0.816441
vt 0.846270 0.358036
vt 0.860000 0.360708
vt 0.847250 0.350612
vt 0.860970 0.353358
vt 0.547118 0.819867
vt 0.544065 0.821675
vt 0.535355 0.892080
vt 0.536475 0.878110
vt 0.548523 0.879716
vt 0.346155 0.904427
vt 0.344940 0.901950
vt 0.346308 0.819418
vt 0.477760 0.819766
vt 0.533715 0.896301
vt 0.531311 0.899375
vt 0.521811 0.821051
vt 0.536486 0.845521
vt 0.535474 0.832303
vt 0.527990 0.901670
vt 0.316732 0.928798
vt 0.316626 0.926238
vt 0.364670 0.924772
vt 0.364637 0.927356
vt 0.531457 0.824995
vt 0.528145 0.822687
vt 0.533849 0.828076
vt 0.968365 0.049286
vt 0.975394 0.063760
vt 0.964946 0.051957
vt 0.941665 0.022516
vt 0.938968 0.025892
vt 0.344618 0.917494
vt 0.502918 0.924635
vt 0.502963 0.927226
vt 0.449632 0.958939
vt 0.402490 0.956886
vt 0.928571 0.011145
vt 0.926484 0.014873
vt 0.915598 0.005657
vt 0.915882 0.003203
vt 0.923075 0.005370
vt 0.922250 0.007689
vt 0.570599 0.852915
vt 0.584342 0.851394
vt 0.502494 0.931959
vt 0.365177 0.932047
vt 0.929870 0.009043
vt 0.318063 0.932942
vt 0.570576 0.714500
vt 0.584319 0.715935
vt 0.920695 0.011700
vt 0.265258 0.956690
vt 0.264798 0.952412
vt 0.908478 0.009208
vt 0.914725 0.009901
vt 0.970249 0.047634
vt 0.943338 0.020635
vt 0.900136 0.010507
vt 0.978570 0.069546
vt 0.980373 0.075514
vt 0.981072 0.081757
vt 0.979716 0.090061
vt 0.862797 0.290405
vt 0.876127 0.294605
vt 0.552078 0.880174
vt 0.845322 0.614001
vt 0.859061 0.611515
vt 0.555098 0.928798
vt 0.553767 0.932942
vt 0.294348 0.809262
vt 0.298350 0.820623
vt 0.243991 0.026967
vt 0.244138 0.024454
vt 0.281947 0.024401
vt 0.282110 0.026901
vt 0.298203 0.902874
vt 0.295618 0.900469
vt 0.291866 0.901231
vt 0.288551 0.898923
vt 0.293752 0.897251
vt 0.344067 0.898632
vt 0.479896 0.898789
vt 0.526118 0.897685
vt 0.286158 0.895840
vt 0.343483 0.894078
vt 0.480551 0.894248
vt 0.527394 0.893279
vt 0.283575 0.845041
vt 0.291773 0.844395
vt 0.293035 0.806026
vt 0.571189 0.652490
vt 0.571819 0.644933
vt 0.585548 0.647606
vt 0.584925 0.655089
vt 0.572800 0.637510
vt 0.586520 0.640257
vt 0.292822 0.917504
vt 0.283673 0.914416
vt 0.285656 0.911504
vt 0.294155 0.914270
vt 0.574231 0.629930
vt 0.587935 0.632757
vt 0.277555 0.909894
vt 0.272882 0.904053
vt 0.275938 0.902244
vt 0.280145 0.907480
vt 0.264837 0.949824
vt 0.212647 0.954806
vt 0.212526 0.952243
vt 0.268013 0.842785
vt 0.269953 0.826390
vt 0.273327 0.827600
vt 0.271555 0.843279
vt 0.578598 0.612725
vt 0.592199 0.615939
vt 0.316740 0.013527
vt 0.318659 0.015076
vt 0.312896 0.019898
vt 0.311362 0.017962
vt 0.322216 0.006226
vt 0.324392 0.007497
vt 0.305222 0.021225
vt 0.306277 0.023448
vt 0.298875 0.025651
vt 0.298309 0.023246
vt 0.206482 0.015057
vt 0.200704 0.007480
vt 0.202879 0.006206
vt 0.208402 0.013506
vt 0.848681 0.646189
vt 0.862386 0.643362
vt 0.866417 0.659270
vt 0.852810 0.662462
vt 0.285841 0.811939
vt 0.283872 0.809018
vt 0.860000 0.628513
vt 0.846270 0.631185
vt 0.845641 0.623628
vt 0.859377 0.621031
vt 0.280314 0.815939
vt 0.277735 0.813515
vt 0.276087 0.821158
vt 0.273039 0.819337
vt 0.847250 0.638609
vt 0.860970 0.635863
vt 0.284638 0.831823
vt 0.292008 0.822234
vt 0.555205 0.926238
vt 0.288685 0.824529
vt 0.286280 0.827602
vt 0.281417 0.020095
vt 0.297151 0.019135
vt 0.244617 0.020160
vt 0.227998 0.019126
vt 0.226838 0.023237
vt 0.570861 0.662136
vt 0.584601 0.664622
vt 0.218868 0.023436
vt 0.212249 0.019882
vt 0.213783 0.017946
vt 0.219924 0.021213
vt 0.226270 0.025642
vt 0.343140 0.879027
vt 0.480984 0.879236
vt 0.213959 0.958939
vt 0.221660 0.017276
vt 0.216166 0.014328
vt 0.211259 0.010401
vt 0.206277 0.003584
vt 0.303488 0.017289
vt 0.313890 0.010422
vt 0.308982 0.014343
vt 0.318802 0.003590
vt 0.862797 0.698816
vt 0.876127 0.694616
vt 0.528268 0.878732
vt 0.343598 0.829762
vt 0.480678 0.830097
vt 0.481029 0.844299
vt 0.343225 0.843997
vt 0.528292 0.844844
vt 0.292602 0.830634
vt 0.479872 0.921047
vt 0.344079 0.921047
vt 0.527518 0.831082
vt 0.293879 0.826228
vt 0.344198 0.825209
vt 0.480040 0.825552
vt 0.526258 0.826673
vt 0.295756 0.823018
vt 0.345083 0.821892
vt 0.479087 0.822240
vt 0.524394 0.823456
vt 0.271238 0.092042
vt 0.282078 0.092042
vt 0.282078 0.097432
vt 0.271238 0.097432
vt 0.282078 0.032756
vt 0.282078 0.038146
vt 0.271238 0.038146
vt 0.271238 0.032756
vt 0.282078 0.043535
vt 0.271238 0.043535
vt 0.282078 0.048925
vt 0.271238 0.048925
vt 0.282078 0.054315
vt 0.271238 0.054315
vt 0.282078 0.059704
vt 0.271238 0.059704
vt 0.282078 0.065094
vt 0.271238 0.065094
vt 0.282078 0.070484
vt 0.271238 0.070484
vt 0.282078 0.075873
vt 0.271238 0.075873
vt 0.282078 0.081263
vt 0.271238 0.081263
vt 0.282078 0.086653
vt 0.271238 0.086653
vt 0.282078 0.108211
vt 0.282078 0.113601
vt 0.271238 0.113601
vt 0.271238 0.108211
vt 0.282078 0.118991
vt 0.271238 0.118991
vt 0.282078 0.102822
vt 0.271238 0.102822
vt 0.243900 0.059847
vt 0.238909 0.057814
vt 0.235098 0.054003
vt 0.233006 0.049035
vt 0.233006 0.043646
vt 0.235040 0.038654
vt 0.238851 0.034843
vt 0.243819 0.032752
vt 0.249208 0.032752
vt 0.254200 0.034786
vt 0.258011 0.038597
vt 0.260102 0.043564
vt 0.260102 0.048954
vt 0.258068 0.053945
vt 0.254257 0.057756
vt 0.249290 0.059847
vt 0.238309 0.009217
vt 0.235696 0.009217
vt 0.235696 0.002524
vt 0.238309 0.002524
vt 0.246148 0.002524
vt 0.248761 0.002524
vt 0.248761 0.009217
vt 0.246148 0.009217
vt 0.220019 0.009217
vt 0.217406 0.009217
vt 0.217406 0.002524
vt 0.220019 0.002524
vt 0.251374 0.009217
vt 0.251374 0.002524
vt 0.253987 0.002524
vt 0.253987 0.009217
vt 0.259213 0.009217
vt 0.256600 0.009217
vt 0.256600 0.002524
vt 0.259213 0.002524
vt 0.243535 0.009217
vt 0.243535 0.002524
vt 0.222632 0.002524
vt 0.222632 0.009217
vt 0.240922 0.009217
vt 0.240922 0.002524
vt 0.267051 0.002524
vt 0.269664 0.002524
vt 0.269664 0.009217
vt 0.267051 0.009217
vt 0.264438 0.009217
vt 0.264438 0.002524
vt 0.230471 0.009217
vt 0.227858 0.009217
vt 0.227858 0.002524
vt 0.230471 0.002524
vt 0.225245 0.002524
vt 0.225245 0.009217
vt 0.261825 0.002524
vt 0.261825 0.009217
vt 0.233084 0.009217
vt 0.233084 0.002524
vt 0.686691 0.025026
vt 0.688223 0.027142
vt 0.689026 0.029629
vt 0.689021 0.032241
vt 0.688209 0.034725
vt 0.686669 0.036836
vt 0.684553 0.038368
vt 0.682066 0.039171
vt 0.679453 0.039167
vt 0.676970 0.038355
vt 0.674859 0.036815
vt 0.673327 0.034699
vt 0.672524 0.032212
vt 0.672528 0.029599
vt 0.673340 0.027116
vt 0.674880 0.025004
vt 0.676996 0.023472
vt 0.679483 0.022669
vt 0.682096 0.022674
vt 0.684579 0.023486
vt 0.023036 0.264728
vt 0.022919 0.272556
vt 0.020104 0.272545
vt 0.020169 0.264603
vt 0.025894 0.264848
vt 0.025762 0.272574
vt 0.005826 0.265017
vt 0.006055 0.272744
vt 0.003186 0.272819
vt 0.002959 0.265089
vt 0.008684 0.264875
vt 0.008916 0.272681
vt 0.011551 0.264704
vt 0.011748 0.272624
vt 0.014425 0.264576
vt 0.014544 0.272577
vt 0.017297 0.264543
vt 0.017319 0.272545
vt 0.022945 0.280261
vt 0.020149 0.280281
vt 0.025775 0.280243
vt 0.006207 0.280445
vt 0.003361 0.280501
vt 0.009042 0.280403
vt 0.011846 0.280366
vt 0.014620 0.280332
vt 0.017380 0.280300
vt 0.023019 0.287863
vt 0.020226 0.287894
vt 0.025839 0.287832
vt 0.006321 0.288050
vt 0.003491 0.288093
vt 0.009138 0.288016
vt 0.011930 0.287985
vt 0.014697 0.287954
vt 0.017456 0.287922
vt 0.023111 0.295349
vt 0.020316 0.295386
vt 0.025926 0.295312
vt 0.006414 0.295538
vt 0.003595 0.295574
vt 0.009220 0.295509
vt 0.012006 0.295480
vt 0.014774 0.295451
vt 0.017539 0.295418
vt 0.023214 0.302694
vt 0.020412 0.302735
vt 0.026028 0.302651
vt 0.006493 0.302883
vt 0.003681 0.302913
vt 0.009292 0.302857
vt 0.012076 0.302831
vt 0.014849 0.302802
vt 0.017625 0.302770
vt 0.023326 0.309864
vt 0.020515 0.309910
vt 0.026142 0.309815
vt 0.006558 0.310054
vt 0.003750 0.310079
vt 0.009354 0.310032
vt 0.012140 0.310007
vt 0.014922 0.309980
vt 0.017712 0.309948
vt 0.023449 0.316828
vt 0.020623 0.316880
vt 0.026270 0.316772
vt 0.006610 0.317020
vt 0.003802 0.317037
vt 0.009406 0.317001
vt 0.012196 0.316980
vt 0.014991 0.316955
vt 0.017801 0.316923
vt 0.023586 0.323557
vt 0.020739 0.323618
vt 0.026415 0.323491
vt 0.006645 0.323749
vt 0.003836 0.323759
vt 0.009444 0.323736
vt 0.012242 0.323719
vt 0.015056 0.323697
vt 0.017891 0.323666
vt 0.023740 0.330025
vt 0.020867 0.330097
vt 0.026582 0.329945
vt 0.006661 0.330218
vt 0.003847 0.330217
vt 0.009465 0.330211
vt 0.012277 0.330201
vt 0.015114 0.330183
vt 0.017983 0.330152
vt 0.023917 0.336211
vt 0.021009 0.336300
vt 0.026778 0.336111
vt 0.006653 0.336404
vt 0.003831 0.336390
vt 0.009466 0.336408
vt 0.012296 0.336407
vt 0.015165 0.336395
vt 0.018078 0.336365
vt 0.024126 0.342103
vt 0.021171 0.342214
vt 0.027011 0.341976
vt 0.006617 0.342296
vt 0.003783 0.342264
vt 0.009442 0.342313
vt 0.012295 0.342324
vt 0.015207 0.342322
vt 0.018179 0.342292
vt 0.024374 0.347694
vt 0.021358 0.347835
vt 0.027290 0.347531
vt 0.006547 0.347886
vt 0.003699 0.347834
vt 0.009387 0.347921
vt 0.012269 0.347948
vt 0.015236 0.347959
vt 0.018285 0.347931
vt 0.024667 0.352989
vt 0.021573 0.353167
vt 0.027624 0.352782
vt 0.006442 0.353179
vt 0.003575 0.353102
vt 0.009299 0.353233
vt 0.012216 0.353281
vt 0.015251 0.353308
vt 0.018398 0.353285
vt 0.025007 0.357998
vt 0.021818 0.358218
vt 0.028013 0.357744
vt 0.006303 0.358187
vt 0.003414 0.358086
vt 0.009178 0.358260
vt 0.012134 0.358330
vt 0.015249 0.358378
vt 0.018515 0.358361
vt 0.025384 0.362743
vt 0.022084 0.363003
vt 0.028450 0.362447
vt 0.006137 0.362936
vt 0.003223 0.362816
vt 0.009030 0.363023
vt 0.012027 0.363111
vt 0.015231 0.363179
vt 0.018635 0.363170
vt 0.025776 0.367258
vt 0.022357 0.367542
vt 0.028913 0.366939
vt 0.005959 0.367465
vt 0.003013 0.367335
vt 0.008871 0.367553
vt 0.011908 0.367648
vt 0.015205 0.367728
vt 0.018753 0.367727
vt 0.026147 0.371587
vt 0.022613 0.371862
vt 0.029361 0.371283
vt 0.005792 0.371823
vt 0.002806 0.371701
vt 0.008723 0.371895
vt 0.011800 0.371976
vt 0.015184 0.372050
vt 0.018866 0.372049
vt 0.026448 0.375790
vt 0.022817 0.376005
vt 0.029742 0.375555
vt 0.005664 0.376071
vt 0.002629 0.375984
vt 0.008614 0.376104
vt 0.011730 0.376147
vt 0.015190 0.376186
vt 0.018973 0.376172
vt 0.026623 0.379930
vt 0.022928 0.380028
vt 0.029986 0.379835
vt 0.005625 0.380264
vt 0.002520 0.380265
vt 0.008562 0.380234
vt 0.011724 0.380225
vt 0.015251 0.380200
vt 0.019078 0.380147
vt 0.026673 0.384039
vt 0.023009 0.384006
vt 0.029986 0.384095
vt 0.005668 0.384422
vt 0.002624 0.384517
vt 0.008629 0.384332
vt 0.011773 0.384263
vt 0.015278 0.384166
vt 0.019112 0.384074
vt 0.026591 0.388147
vt 0.022996 0.388040
vt 0.029834 0.388291
vt 0.005805 0.388559
vt 0.002816 0.388715
vt 0.008767 0.388430
vt 0.011896 0.388303
vt 0.015365 0.388154
vt 0.019139 0.388038
vt 0.026431 0.392293
vt 0.022937 0.392152
vt 0.029597 0.392477
vt 0.006040 0.392715
vt 0.003087 0.392908
vt 0.008975 0.392569
vt 0.012079 0.392404
vt 0.015497 0.392230
vt 0.019195 0.392108
vt 0.026232 0.396513
vt 0.022847 0.396367
vt 0.029326 0.396701
vt 0.006306 0.396938
vt 0.003393 0.397144
vt 0.009219 0.396777
vt 0.012293 0.396601
vt 0.015646 0.396425
vt 0.019236 0.396314
vt 0.026030 0.400829
vt 0.022750 0.400698
vt 0.029056 0.400999
vt 0.006588 0.401248
vt 0.003711 0.401452
vt 0.009478 0.401084
vt 0.012516 0.400911
vt 0.015796 0.400748
vt 0.019271 0.400650
vt 0.025847 0.405247
vt 0.022663 0.405139
vt 0.028813 0.405390
vt 0.006871 0.405656
vt 0.004029 0.405851
vt 0.009735 0.405498
vt 0.012735 0.405337
vt 0.015941 0.405190
vt 0.019305 0.405102
vt 0.025691 0.409763
vt 0.022592 0.409680
vt 0.028603 0.409878
vt 0.007147 0.410162
vt 0.004337 0.410344
vt 0.009983 0.410014
vt 0.012942 0.409866
vt 0.016078 0.409735
vt 0.019342 0.409655
vt 0.025566 0.414367
vt 0.022541 0.414306
vt 0.028431 0.414456
vt 0.007409 0.414758
vt 0.004629 0.414925
vt 0.010218 0.414621
vt 0.013138 0.414487
vt 0.016209 0.414368
vt 0.019384 0.414293
vt 0.025470 0.419048
vt 0.022510 0.419007
vt 0.028293 0.419114
vt 0.007656 0.419432
vt 0.004903 0.419585
vt 0.010439 0.419307
vt 0.013322 0.419184
vt 0.016336 0.419075
vt 0.019434 0.419004
vt 0.025402 0.423791
vt 0.022498 0.423766
vt 0.028188 0.423836
vt 0.007886 0.424169
vt 0.005159 0.424307
vt 0.010646 0.424054
vt 0.013496 0.423942
vt 0.016459 0.423842
vt 0.019490 0.423773
vt 0.025359 0.428577
vt 0.022503 0.428566
vt 0.028112 0.428605
vt 0.008098 0.428950
vt 0.005394 0.429074
vt 0.010837 0.428846
vt 0.013659 0.428743
vt 0.016579 0.428650
vt 0.019554 0.428582
vt 0.025339 0.433383
vt 0.022524 0.433386
vt 0.028064 0.433396
vt 0.008292 0.433752
vt 0.005607 0.433862
vt 0.011012 0.433659
vt 0.013812 0.433566
vt 0.016698 0.433479
vt 0.019627 0.433411
vt 0.025342 0.438186
vt 0.022559 0.438200
vt 0.028045 0.438183
vt 0.008465 0.438550
vt 0.005791 0.438640
vt 0.011164 0.438469
vt 0.013952 0.438386
vt 0.016814 0.438306
vt 0.019711 0.438239
vt 0.025369 0.442959
vt 0.022614 0.442985
vt 0.028055 0.442942
vt 0.008592 0.443321
vt 0.005927 0.443391
vt 0.011299 0.443250
vt 0.014079 0.443177
vt 0.016923 0.443101
vt 0.019788 0.443034
vt 0.025415 0.447671
vt 0.022682 0.447709
vt 0.028089 0.447642
vt 0.008695 0.448034
vt 0.006030 0.448086
vt 0.011412 0.447977
vt 0.014196 0.447911
vt 0.017034 0.447836
vt 0.019879 0.447765
vt 0.025479 0.452279
vt 0.022765 0.452329
vt 0.028143 0.452239
vt 0.008769 0.452653
vt 0.006097 0.452683
vt 0.011503 0.452613
vt 0.014306 0.452552
vt 0.017148 0.452475
vt 0.019983 0.452396
vt 0.025558 0.456737
vt 0.022865 0.456800
vt 0.028213 0.456687
vt 0.008805 0.457137
vt 0.006119 0.457135
vt 0.011573 0.457118
vt 0.014412 0.457062
vt 0.017273 0.456975
vt 0.020103 0.456880
vt 0.025649 0.460992
vt 0.022984 0.461065
vt 0.028294 0.460937
vt 0.008790 0.461445
vt 0.006077 0.461393
vt 0.011618 0.461457
vt 0.014522 0.461401
vt 0.017421 0.461290
vt 0.020249 0.461166
vt 0.025741 0.464984
vt 0.023121 0.465063
vt 0.028375 0.464937
vt 0.008703 0.465537
vt 0.005944 0.465402
vt 0.011636 0.465597
vt 0.014652 0.465527
vt 0.017610 0.465365
vt 0.020431 0.465189
vt 0.025811 0.468656
vt 0.023268 0.468725
vt 0.028430 0.468643
vt 0.008518 0.469372
vt 0.005683 0.469106
vt 0.011632 0.469505
vt 0.014830 0.469392
vt 0.017871 0.469128
vt 0.020662 0.468876
vt 0.025827 0.471964
vt 0.023403 0.472003
vt 0.028430 0.472019
vt 0.008220 0.472894
vt 0.005266 0.472446
vt 0.011619 0.473128
vt 0.015087 0.472911
vt 0.018223 0.472491
vt 0.020937 0.472157
vt 0.025766 0.474909
vt 0.023498 0.474905
vt 0.028362 0.475046
vt 0.007854 0.475980
vt 0.004731 0.475383
vt 0.011624 0.476306
vt 0.015417 0.475928
vt 0.018632 0.475372
vt 0.021220 0.475018
vt 0.025642 0.477565
vt 0.023528 0.477529
vt 0.028268 0.477740
vt 0.007572 0.478438
vt 0.004236 0.477941
vt 0.011664 0.478690
vt 0.015707 0.478256
vt 0.018976 0.477786
vt 0.021436 0.477552
vt 0.025504 0.480086
vt 0.023489 0.480029
vt 0.028254 0.480222
vt 0.007525 0.480237
vt 0.004029 0.480277
vt 0.011716 0.480146
vt 0.015814 0.479964
vt 0.019093 0.479933
vt 0.021505 0.479962
vt 0.025416 0.482652
vt 0.023314 0.482552
vt 0.028032 0.482668
vt 0.007632 0.481930
vt 0.004280 0.482588
vt 0.011728 0.481479
vt 0.015809 0.481692
vt 0.018992 0.482140
vt 0.021330 0.482425
vt 0.025351 0.485478
vt 0.023140 0.485374
vt 0.027935 0.485457
vt 0.008035 0.484383
vt 0.004917 0.485162
vt 0.011808 0.483907
vt 0.015549 0.484231
vt 0.018585 0.484796
vt 0.020990 0.485188
vt 0.025275 0.488940
vt 0.022906 0.488835
vt 0.027856 0.488964
vt 0.008579 0.487999
vt 0.005661 0.488511
vt 0.011883 0.487731
vt 0.015161 0.487925
vt 0.018051 0.488316
vt 0.020563 0.488645
vt 0.025136 0.493406
vt 0.022648 0.493307
vt 0.027721 0.493467
vt 0.008974 0.492755
vt 0.006204 0.492978
vt 0.011918 0.492657
vt 0.014845 0.492754
vt 0.017598 0.492960
vt 0.020169 0.493163
vt 0.024963 0.499156
vt 0.022411 0.499083
vt 0.027556 0.499205
vt 0.009131 0.498686
vt 0.006454 0.498749
vt 0.011881 0.498677
vt 0.014616 0.498751
vt 0.017276 0.498869
vt 0.019862 0.498990
vt 0.024858 0.506458
vt 0.022230 0.506468
vt 0.027477 0.506411
vt 0.009122 0.505913
vt 0.006510 0.505973
vt 0.011744 0.505944
vt 0.014362 0.506059
vt 0.016973 0.506229
vt 0.019594 0.506385
vt 0.450144 0.192308
vt 0.452445 0.190117
vt 0.454837 0.191516
vt 0.453063 0.194915
vt 0.261390 0.082643
vt 0.261903 0.079898
vt 0.265938 0.079898
vt 0.265934 0.082631
vt 0.484842 0.163188
vt 0.490446 0.169449
vt 0.488453 0.171342
vt 0.481186 0.165178
vt 0.461002 0.198773
vt 0.459103 0.200756
vt 0.462964 0.196837
vt 0.457904 0.191674
vt 0.460871 0.190867
vt 0.464940 0.194904
vt 0.008714 0.002738
vt 0.008671 0.004542
vt 0.002663 0.004403
vt 0.002706 0.002584
vt 0.008534 0.018871
vt 0.008543 0.020663
vt 0.002533 0.020700
vt 0.002524 0.018886
vt 0.455176 0.165510
vt 0.462889 0.173447
vt 0.461595 0.177258
vt 0.453201 0.167469
vt 0.458567 0.177087
vt 0.451220 0.169406
vt 0.478955 0.173508
vt 0.482611 0.177224
vt 0.480627 0.179163
vt 0.476632 0.175051
vt 0.466044 0.176388
vt 0.468291 0.174247
vt 0.470634 0.175623
vt 0.468813 0.178955
vt 0.451710 0.181708
vt 0.445299 0.175229
vt 0.447264 0.173285
vt 0.453284 0.179406
vt 0.463178 0.189288
vt 0.466896 0.192951
vt 0.450903 0.184672
vt 0.443340 0.177178
vt 0.476600 0.183007
vt 0.474621 0.184955
vt 0.455604 0.177859
vt 0.449237 0.171343
vt 0.479810 0.162782
vt 0.482034 0.160456
vt 0.472676 0.186939
vt 0.465295 0.180951
vt 0.470754 0.188955
vt 0.465493 0.183989
vt 0.260029 0.074399
vt 0.258673 0.071645
vt 0.265920 0.071715
vt 0.265923 0.074437
vt 0.261593 0.099064
vt 0.260163 0.096345
vt 0.266056 0.096237
vt 0.266134 0.098965
vt 0.008577 0.024231
vt 0.008603 0.026014
vt 0.002594 0.026109
vt 0.002568 0.024308
vt 0.008603 0.008118
vt 0.008577 0.009901
vt 0.002568 0.009824
vt 0.002594 0.008023
vt 0.008534 0.015261
vt 0.008531 0.017066
vt 0.002521 0.017066
vt 0.002524 0.015247
vt 0.008634 0.027798
vt 0.002626 0.027916
vt 0.265921 0.088082
vt 0.265940 0.090799
vt 0.258182 0.090893
vt 0.258667 0.088147
vt 0.258735 0.066167
vt 0.260160 0.063448
vt 0.266059 0.063559
vt 0.265989 0.066281
vt 0.258739 0.093625
vt 0.265986 0.093516
vt 0.261594 0.060732
vt 0.262174 0.058001
vt 0.266208 0.058100
vt 0.266137 0.060832
vt 0.008634 0.006334
vt 0.002626 0.006216
vt 0.008557 0.022448
vt 0.002548 0.022507
vt 0.265941 0.068998
vt 0.258183 0.068900
vt 0.261392 0.077152
vt 0.265934 0.077165
vt 0.463938 0.178607
vt 0.260024 0.085393
vt 0.265924 0.085360
vt 0.477417 0.161400
vt 0.478700 0.157460
vt 0.451064 0.187755
vt 0.441379 0.179119
vt 0.464725 0.186960
vt 0.468833 0.190970
vt 0.468801 0.151700
vt 0.470709 0.149703
vt 0.008557 0.011685
vt 0.002548 0.011626
vt 0.008671 0.029590
vt 0.008714 0.031395
vt 0.002706 0.031549
vt 0.002663 0.029730
vt 0.152998 0.007515
vt 0.153061 0.010790
vt 0.151799 0.009529
vt 0.151128 0.007877
vt 0.156591 0.002521
vt 0.157205 0.006701
vt 0.155653 0.007001
vt 0.154786 0.002522
vt 0.008543 0.013469
vt 0.002533 0.013433
vt 0.480530 0.171206
vt 0.484567 0.175271
vt 0.466931 0.171936
vt 0.486507 0.173299
vt 0.481339 0.168244
vt 0.336976 0.011585
vt 0.336060 0.014515
vt 0.330894 0.009504
vt 0.332769 0.007530
vt 0.446951 0.189211
vt 0.439388 0.181033
vt 0.153111 0.003194
vt 0.154101 0.007302
vt 0.151835 0.004452
vt 0.276286 0.008018
vt 0.274736 0.007997
vt 0.274814 0.002556
vt 0.276354 0.002576
vt 0.284035 0.008080
vt 0.282485 0.008073
vt 0.282514 0.002631
vt 0.284054 0.002638
vt 0.156520 0.011481
vt 0.154715 0.011482
vt 0.067997 0.090956
vt 0.070295 0.091422
vt 0.069240 0.093938
vt 0.067297 0.092630
vt 0.329006 0.011458
vt 0.334522 0.016841
vt 0.326421 0.020407
vt 0.324118 0.021985
vt 0.321300 0.019168
vt 0.323235 0.017238
vt 0.322537 0.024288
vt 0.321554 0.027199
vt 0.317449 0.023041
vt 0.319371 0.021104
vt 0.473667 0.175816
vt 0.478612 0.181087
vt 0.466861 0.153668
vt 0.474349 0.161243
vt 0.471387 0.162052
vt 0.464912 0.155633
vt 0.459078 0.161558
vt 0.466758 0.168899
vt 0.457137 0.163536
vt 0.469085 0.163626
vt 0.462965 0.157602
vt 0.467537 0.165943
vt 0.461020 0.159577
vt 0.313717 0.034850
vt 0.310783 0.035756
vt 0.307677 0.032509
vt 0.309661 0.030636
vt 0.339409 0.006309
vt 0.337886 0.008650
vt 0.334642 0.005546
vt 0.336522 0.003563
vt 0.325172 0.015316
vt 0.329332 0.019428
vt 0.316647 0.033935
vt 0.311635 0.028762
vt 0.327099 0.013394
vt 0.332238 0.018440
vt 0.320566 0.030105
vt 0.315526 0.024968
vt 0.308441 0.037277
vt 0.305695 0.034390
vt 0.313590 0.026874
vt 0.318971 0.032393
vt 0.285584 0.008084
vt 0.285594 0.002642
vt 0.293333 0.008064
vt 0.291784 0.008073
vt 0.291755 0.002631
vt 0.293295 0.002622
vt 0.299455 0.002556
vt 0.299532 0.007997
vt 0.297983 0.008018
vt 0.297915 0.002576
vt 0.294883 0.008051
vt 0.294835 0.002609
vt 0.290234 0.008080
vt 0.288684 0.008084
vt 0.288674 0.002642
vt 0.290214 0.002638
vt 0.280935 0.008064
vt 0.279385 0.008051
vt 0.279434 0.002609
vt 0.280974 0.002622
vt 0.277894 0.002594
vt 0.277835 0.008036
vt 0.296375 0.002594
vt 0.296433 0.008036
vt 0.287134 0.002644
vt 0.287134 0.008086
vt 0.986549 0.110936
vt 0.988240 0.108421
vt 0.989668 0.109022
vt 0.989070 0.111997
vt 0.984618 0.109000
vt 0.987144 0.107325
vt 0.067319 0.095867
vt 0.066022 0.093910
vt 0.067314 0.087450
vt 0.069269 0.086156
vt 0.070295 0.088689
vt 0.067996 0.089137
vt 0.058931 0.089082
vt 0.058932 0.090902
vt 0.056634 0.091349
vt 0.056633 0.088616
vt 0.059614 0.092588
vt 0.057659 0.093882
vt 0.064375 0.085452
vt 0.064843 0.083152
vt 0.067348 0.084219
vt 0.066037 0.086161
vt 0.266206 0.101697
vt 0.262172 0.101796
vt 0.060906 0.086128
vt 0.059631 0.087409
vt 0.057688 0.086100
vt 0.059609 0.084171
vt 0.060890 0.093877
vt 0.059580 0.095819
vt 0.062553 0.094586
vt 0.062085 0.096886
vt 0.064802 0.096892
vt 0.064354 0.094591
vt 0.062574 0.085447
vt 0.062126 0.083146
vt 0.766941 0.074108
vt 0.761564 0.077647
vt 0.760349 0.075840
vt 0.764417 0.073071
vt 0.158195 0.010808
vt 0.158308 0.006488
vt 0.159471 0.009550
vt 0.158245 0.003212
vt 0.151134 0.006093
vt 0.160177 0.006126
vt 0.160172 0.007909
vt 0.159507 0.004473
vt 0.769933 0.078561
vt 0.764626 0.082203
vt 0.763095 0.079925
vt 0.768871 0.076043
vt 0.759249 0.085742
vt 0.757319 0.083807
vt 0.756256 0.081289
vt 0.765840 0.084010
vt 0.761772 0.086779
vt 0.769940 0.081290
vt 0.756249 0.078560
vt 0.759189 0.074114
vt 0.761695 0.073063
vt 0.757269 0.076037
vt 0.768920 0.083813
vt 0.767000 0.085737
vt 0.764494 0.086788
vt 0.991218 0.109023
vt 0.991809 0.111997
vt 0.992654 0.108438
vt 0.994343 0.110969
vt 0.983590 0.103724
vt 0.986560 0.104340
vt 0.986560 0.105889
vt 0.983590 0.106462
vt 0.991841 0.098256
vt 0.994363 0.099318
vt 0.992671 0.101833
vt 0.991243 0.101231
vt 0.996294 0.101254
vt 0.993767 0.102929
vt 0.997321 0.103792
vt 0.994352 0.104364
vt 0.997321 0.106530
vt 0.994351 0.105914
vt 0.986569 0.099284
vt 0.989102 0.098256
vt 0.989693 0.101231
vt 0.988258 0.101816
vt 0.984643 0.101210
vt 0.987162 0.102911
vt 0.993750 0.107342
vt 0.996268 0.109044
vt 0.627756 0.036588
vt 0.630932 0.037841
vt 0.630405 0.039104
vt 0.626922 0.037566
vt 0.627805 0.027031
vt 0.626777 0.028654
vt 0.625610 0.028061
vt 0.627007 0.025999
vt 0.542419 0.037918
vt 0.535358 0.044979
vt 0.535751 0.043004
vt 0.540445 0.038311
vt 0.787597 0.025664
vt 0.789180 0.028940
vt 0.787959 0.029112
vt 0.786462 0.026293
vt 0.772736 0.031773
vt 0.765757 0.026579
vt 0.766621 0.025627
vt 0.773449 0.030725
vt 0.687010 0.073322
vt 0.687011 0.077812
vt 0.683312 0.078001
vt 0.683283 0.073231
vt 0.784060 0.035823
vt 0.782010 0.036317
vt 0.782101 0.035113
vt 0.783660 0.034662
vt 0.755985 0.014380
vt 0.754356 0.011091
vt 0.755600 0.010881
vt 0.757125 0.013755
vt 0.355991 0.006949
vt 0.355953 0.002561
vt 0.363459 0.002561
vt 0.363421 0.006949
vt 0.551220 0.043297
vt 0.540737 0.053779
vt 0.537026 0.048067
vt 0.545507 0.039585
vt 0.676315 0.073089
vt 0.676365 0.078338
vt 0.667623 0.078588
vt 0.667558 0.073065
vt 0.637598 0.039528
vt 0.646218 0.040565
vt 0.646177 0.042095
vt 0.637318 0.040990
vt 0.637974 0.024727
vt 0.631126 0.025997
vt 0.630677 0.024676
vt 0.637785 0.023241
vt 0.292415 0.098068
vt 0.287646 0.098152
vt 0.287340 0.091189
vt 0.292589 0.091115
vt 0.287111 0.082434
vt 0.292633 0.082369
vt 0.626744 0.034932
vt 0.625610 0.035512
vt 0.646658 0.024211
vt 0.646700 0.022680
vt 0.783618 0.019921
vt 0.777720 0.013435
vt 0.778315 0.012778
vt 0.784323 0.019392
vt 0.353708 0.007032
vt 0.353639 0.002543
vt 0.365773 0.002543
vt 0.365704 0.007032
vt 0.292313 0.101770
vt 0.287824 0.101875
vt 0.778712 0.035075
vt 0.782052 0.037278
vt 0.778479 0.035901
vt 0.788763 0.031081
vt 0.789723 0.031392
vt 0.784381 0.036735
vt 0.782628 0.020746
vt 0.788422 0.025343
vt 0.772286 0.032516
vt 0.765165 0.027233
vt 0.790182 0.028917
vt 0.755161 0.014701
vt 0.753353 0.011140
vt 0.779218 0.033921
vt 0.787540 0.030662
vt 0.759891 0.020117
vt 0.760877 0.019301
vt 0.776853 0.014392
vt 0.557882 0.048810
vt 0.546251 0.060441
vt 0.665310 0.028116
vt 0.666155 0.027097
vt 0.667538 0.029207
vt 0.666340 0.029771
vt 0.664946 0.037634
vt 0.665711 0.038680
vt 0.662114 0.039982
vt 0.661665 0.038682
vt 0.348718 0.014624
vt 0.344229 0.014693
vt 0.344247 0.012379
vt 0.348635 0.012341
vt 0.567107 0.061185
vt 0.558625 0.069666
vt 0.552913 0.065955
vt 0.563395 0.055472
vt 0.770704 0.008221
vt 0.769986 0.009278
vt 0.761334 0.003606
vt 0.764671 0.004878
vt 0.764157 0.006045
vt 0.761233 0.004834
vt 0.755904 0.009287
vt 0.754670 0.008922
vt 0.759260 0.004095
vt 0.759662 0.005250
vt 0.651840 0.073601
vt 0.651924 0.078371
vt 0.648222 0.078269
vt 0.648117 0.073781
vt 0.348635 0.004911
vt 0.344247 0.004873
vt 0.764910 0.004044
vt 0.771157 0.007473
vt 0.655290 0.025199
vt 0.655563 0.023730
vt 0.662543 0.025583
vt 0.662018 0.026876
vt 0.654889 0.039998
vt 0.655088 0.041475
vt 0.292384 0.073627
vt 0.287135 0.073677
vt 0.287277 0.066708
vt 0.292048 0.066681
vt 0.658877 0.078545
vt 0.658803 0.073296
vt 0.666092 0.036070
vt 0.667196 0.036725
vt 0.348718 0.002628
vt 0.344229 0.002559
vt 0.568774 0.064273
vt 0.568381 0.066247
vt 0.563688 0.070941
vt 0.561713 0.071334
vt 0.287369 0.062981
vt 0.291859 0.062981
vt 0.753713 0.008654
vt 0.758918 0.003163
vt 0.759188 0.020641
vt 0.761296 0.002628
vt 0.027138 0.102763
vt 0.032216 0.097686
vt 0.034110 0.100458
vt 0.029910 0.104658
vt 0.028213 0.105069
vt 0.025345 0.103520
vt 0.019790 0.099914
vt 0.021716 0.098639
vt 0.013241 0.094497
vt 0.015031 0.092707
vt 0.007824 0.087948
vt 0.009099 0.086022
vt 0.004219 0.082393
vt 0.004975 0.080600
vt 0.002669 0.079526
vt 0.003080 0.077828
vt 0.028091 0.092264
vt 0.022160 0.085579
vt 0.015475 0.079647
vt 0.010052 0.075523
vt 0.007280 0.073628
vt 0.032972 0.095893
vt 0.034522 0.098760
vt 0.029366 0.090338
vt 0.023949 0.083789
vt 0.017400 0.078372
vt 0.011845 0.074766
vt 0.008978 0.073217
vt 0.431405 0.222516
vt 0.431030 0.222233
vt 0.433444 0.218261
vt 0.433942 0.218444
vt 0.430430 0.221806
vt 0.432564 0.218006
vt 0.429545 0.221241
vt 0.431200 0.217678
vt 0.428396 0.220633
vt 0.429358 0.217472
vt 0.434754 0.214466
vt 0.435315 0.214556
vt 0.433757 0.214375
vt 0.432231 0.214277
vt 0.430100 0.214254
vt 0.435275 0.210812
vt 0.435829 0.210829
vt 0.434296 0.210828
vt 0.432998 0.210841
vt 0.430801 0.210897
vt 0.435074 0.207332
vt 0.435610 0.207277
vt 0.434259 0.207373
vt 0.433379 0.207303
vt 0.431183 0.207606
vt 0.434172 0.204039
vt 0.434668 0.203896
vt 0.433470 0.204123
vt 0.432669 0.204149
vt 0.430638 0.204719
vt 0.432530 0.200943
vt 0.432959 0.200699
vt 0.431944 0.201136
vt 0.431147 0.201383
vt 0.429356 0.202117
vt 0.429901 0.197666
vt 0.430255 0.197354
vt 0.429423 0.197991
vt 0.428726 0.198473
vt 0.427344 0.199480
vt 0.425921 0.193912
vt 0.426174 0.193545
vt 0.425622 0.194435
vt 0.425309 0.195332
vt 0.424706 0.196655
vt 0.425759 0.222794
vt 0.426464 0.219723
vt 0.422992 0.224101
vt 0.423338 0.221312
vt 0.420028 0.224609
vt 0.419978 0.221890
vt 0.416829 0.224547
vt 0.416317 0.221756
vt 0.413581 0.224313
vt 0.412671 0.221514
vt 0.410332 0.224597
vt 0.409171 0.221955
vt 0.407321 0.224611
vt 0.405943 0.222188
vt 0.404333 0.224273
vt 0.402586 0.222101
vt 0.426888 0.216140
vt 0.423274 0.217669
vt 0.419554 0.218452
vt 0.415657 0.218550
vt 0.411919 0.218497
vt 0.408355 0.219004
vt 0.404871 0.219404
vt 0.400994 0.219595
vt 0.427215 0.212265
vt 0.423050 0.213663
vt 0.418965 0.214472
vt 0.415015 0.214861
vt 0.411293 0.215232
vt 0.407738 0.215732
vt 0.404010 0.216360
vt 0.399666 0.217045
vt 0.427407 0.208502
vt 0.422724 0.209641
vt 0.418400 0.210516
vt 0.414473 0.211209
vt 0.410761 0.211858
vt 0.407175 0.212521
vt 0.403312 0.213379
vt 0.398789 0.214413
vt 0.426801 0.205254
vt 0.421977 0.206112
vt 0.417733 0.206926
vt 0.413846 0.207753
vt 0.410165 0.208530
vt 0.406652 0.209280
vt 0.402880 0.210198
vt 0.398450 0.211395
vt 0.425423 0.202194
vt 0.420843 0.202565
vt 0.416916 0.203310
vt 0.413195 0.204285
vt 0.409645 0.205298
vt 0.406209 0.206184
vt 0.402575 0.207108
vt 0.398689 0.208326
vt 0.423333 0.198950
vt 0.419335 0.198826
vt 0.415786 0.199406
vt 0.412377 0.200629
vt 0.409136 0.202021
vt 0.405876 0.203200
vt 0.402472 0.204132
vt 0.399191 0.205412
vt 0.421047 0.195606
vt 0.417559 0.195104
vt 0.414434 0.195766
vt 0.411476 0.196981
vt 0.408637 0.198494
vt 0.405774 0.199973
vt 0.402810 0.201322
vt 0.399950 0.202703
vt 0.403456 0.225366
vt 0.400832 0.223204
vt 0.402869 0.226148
vt 0.399746 0.223948
vt 0.402468 0.226717
vt 0.399040 0.224486
vt 0.402231 0.227114
vt 0.398654 0.224849
vt 0.398524 0.220618
vt 0.397223 0.221306
vt 0.396484 0.221727
vt 0.396029 0.222027
vt 0.396756 0.217924
vt 0.395339 0.218435
vt 0.394691 0.218776
vt 0.394227 0.219004
vt 0.395801 0.215098
vt 0.394352 0.215448
vt 0.393711 0.215625
vt 0.393209 0.215751
vt 0.395547 0.211817
vt 0.394234 0.212050
vt 0.393541 0.212162
vt 0.393025 0.212161
vt 0.396013 0.208446
vt 0.394802 0.208559
vt 0.394133 0.208562
vt 0.393631 0.208497
vt 0.397100 0.205146
vt 0.396041 0.205070
vt 0.395437 0.204981
vt 0.394986 0.204852
vt 0.398687 0.201972
vt 0.398021 0.201592
vt 0.397592 0.201381
vt 0.397244 0.201146
vt 0.406862 0.226270
vt 0.410249 0.226534
vt 0.413710 0.226370
vt 0.417132 0.226504
vt 0.420482 0.226334
vt 0.423645 0.225542
vt 0.426649 0.223949
vt 0.406580 0.227284
vt 0.410204 0.227752
vt 0.413806 0.227724
vt 0.417329 0.227737
vt 0.420773 0.227352
vt 0.424087 0.226499
vt 0.427275 0.224801
vt 0.406376 0.228028
vt 0.410160 0.228549
vt 0.413858 0.228672
vt 0.417477 0.228587
vt 0.421005 0.228188
vt 0.424418 0.227255
vt 0.427740 0.225462
vt 0.406240 0.228520
vt 0.410108 0.229109
vt 0.413868 0.229261
vt 0.417542 0.229179
vt 0.421137 0.228751
vt 0.424626 0.227762
vt 0.428033 0.225888
vt 0.400196 0.197950
vt 0.400494 0.198314
vt 0.403345 0.195198
vt 0.403625 0.195662
vt 0.406602 0.192552
vt 0.406855 0.193092
vt 0.409958 0.190367
vt 0.410147 0.190949
vt 0.413490 0.189032
vt 0.413570 0.189620
vt 0.417287 0.188962
vt 0.417236 0.189540
vt 0.421510 0.190432
vt 0.421340 0.190931
vt 0.400879 0.198865
vt 0.404018 0.196438
vt 0.407190 0.194129
vt 0.410369 0.192070
vt 0.413699 0.190847
vt 0.417230 0.190600
vt 0.421231 0.191911
vt 0.401588 0.199813
vt 0.404670 0.197789
vt 0.407730 0.195795
vt 0.410776 0.194050
vt 0.413935 0.192798
vt 0.417316 0.192340
vt 0.421173 0.193373
vt 0.617393 0.005922
vt 0.614780 0.006477
vt 0.614536 0.005826
vt 0.616687 0.004347
vt 0.614025 0.005344
vt 0.615467 0.003133
vt 0.613393 0.005079
vt 0.613866 0.002523
vt 0.612710 0.005093
vt 0.612156 0.002525
vt 0.612071 0.005366
vt 0.610590 0.003223
vt 0.611611 0.005878
vt 0.609374 0.004438
vt 0.617400 0.007651
vt 0.614816 0.007183
vt 0.611330 0.006526
vt 0.608752 0.006049
vt 0.611367 0.007232
vt 0.608747 0.007781
vt 0.611614 0.007887
vt 0.609447 0.009365
vt 0.612121 0.008376
vt 0.610666 0.010592
vt 0.612752 0.008645
vt 0.612277 0.011211
vt 0.615576 0.010498
vt 0.614081 0.008353
vt 0.614541 0.007837
vt 0.616790 0.009270
vt 0.147929 0.029242
vt 0.148234 0.029547
vt 0.146259 0.031522
vt 0.145954 0.031217
vt 0.149904 0.027267
vt 0.150209 0.027572
vt 0.143979 0.033192
vt 0.144284 0.033497
vt 0.142309 0.035472
vt 0.142004 0.035167
vt 0.167680 0.009491
vt 0.167985 0.009796
vt 0.166010 0.011771
vt 0.165705 0.011466
vt 0.163730 0.013441
vt 0.164035 0.013746
vt 0.162060 0.015721
vt 0.161755 0.015416
vt 0.171630 0.005541
vt 0.171935 0.005846
vt 0.169960 0.007821
vt 0.169655 0.007516
vt 0.160084 0.017696
vt 0.159779 0.017391
vt 0.173605 0.003565
vt 0.173910 0.003870
vt 0.158109 0.019671
vt 0.157804 0.019366
vt 0.153854 0.023316
vt 0.154159 0.023621
vt 0.152184 0.025596
vt 0.151879 0.025291
vt 0.155829 0.021341
vt 0.156134 0.021646
vt 0.696682 0.073069
vt 0.699554 0.073071
vt 0.698772 0.077055
vt 0.697485 0.077054
vt 0.614004 0.011210
vt 0.613445 0.008632
vt 0.690911 0.081753
vt 0.690911 0.078877
vt 0.694907 0.079662
vt 0.694898 0.080949
vt 0.691998 0.076214
vt 0.695386 0.078466
vt 0.702211 0.074156
vt 0.704241 0.076185
vt 0.700868 0.078451
vt 0.699962 0.077540
vt 0.705356 0.078834
vt 0.701371 0.079638
vt 0.704270 0.084371
vt 0.702237 0.086403
vt 0.699968 0.083027
vt 0.700884 0.082120
vt 0.699590 0.087515
vt 0.698784 0.083530
vt 0.696720 0.087517
vt 0.697499 0.083531
vt 0.694059 0.086435
vt 0.696306 0.083048
vt 0.694033 0.074181
vt 0.696303 0.077558
vt 0.705356 0.081708
vt 0.701362 0.080924
vt 0.692026 0.084404
vt 0.695401 0.082136
vt 0.307664 0.003600
vt 0.307124 0.003388
vt 0.307298 0.002531
vt 0.308139 0.002880
vt 0.305539 0.002868
vt 0.305995 0.003581
vt 0.305570 0.003976
vt 0.304892 0.003509
vt 0.306542 0.003370
vt 0.306386 0.002526
vt 0.304537 0.004347
vt 0.305343 0.004512
vt 0.305337 0.005104
vt 0.304535 0.005260
vt 0.304880 0.006102
vt 0.305570 0.005647
vt 0.305981 0.006080
vt 0.305519 0.006751
vt 0.306346 0.007111
vt 0.306533 0.006307
vt 0.307129 0.006318
vt 0.307231 0.007149
vt 0.307680 0.006097
vt 0.308032 0.006850
vt 0.309167 0.005179
vt 0.308311 0.005138
vt 0.308300 0.004550
vt 0.309149 0.004323
vt 0.308784 0.003513
vt 0.308071 0.004012
vt 0.466043 0.101606
vt 0.465438 0.102210
vt 0.451517 0.088123
vt 0.452084 0.087576
vt 0.459266 0.080394
vt 0.473296 0.094353
vt 0.472692 0.094958
vt 0.458684 0.080980
vt 0.464833 0.102813
vt 0.450852 0.088787
vt 0.454475 0.085192
vt 0.468462 0.099190
vt 0.467858 0.099794
vt 0.453873 0.085794
vt 0.473899 0.093748
vt 0.459813 0.079827
vt 0.469671 0.097981
vt 0.469067 0.098586
vt 0.455077 0.084591
vt 0.455679 0.083989
vt 0.466648 0.101002
vt 0.452670 0.086994
vt 0.460476 0.079163
vt 0.474503 0.093143
vt 0.470276 0.097377
vt 0.456280 0.083387
vt 0.458085 0.081581
vt 0.472088 0.095563
vt 0.471484 0.096168
vt 0.457484 0.082183
vt 0.470880 0.096772
vt 0.456882 0.082785
vt 0.308097 0.005682
vt 0.308758 0.006124
vt 0.467253 0.100398
vt 0.453271 0.086395
vt 0.370936 0.003173
vt 0.371363 0.002751
vt 0.371912 0.002521
vt 0.372507 0.002520
vt 0.373064 0.002743
vt 0.373500 0.003161
vt 0.373745 0.003710
vt 0.373749 0.004315
vt 0.373519 0.004880
vt 0.373087 0.005312
vt 0.372524 0.005549
vt 0.371913 0.005549
vt 0.371347 0.005319
vt 0.370915 0.004888
vt 0.370684 0.004329
vt 0.370697 0.003727
s 1
usemtl comic
f 993/1/1 1/2/2 618/3/3 1830/4/4
f 1830/4/4 618/3/3 2/5/5 687/6/6
f 687/6/6 2/5/5 619/7/7 1831/8/8
f 1831/8/8 619/7/7 3/9/9 688/10/10
f 688/10/10 3/9/9 620/11/11 1832/12/12
f 1832/12/12 620/11/11 4/13/13 689/14/14
f 689/14/14 4/13/13 622/15/15 1833/16/16
f 1833/16/16 622/15/15 5/17/17 690/18/18
f 690/18/18 5/17/17 624/19/19 1834/20/20
f 1834/20/20 624/19/19 6/21/21 691/22/22
f 691/22/22 6/21/21 626/23/23 1835/24/24
f 1835/24/24 626/23/23 7/25/25 692/26/26
f 692/26/26 7/25/25 628/27/27 1836/28/28
f 1836/28/28 628/27/27 8/29/29 693/30/30
f 693/30/30 8/29/29 630/31/31 1837/32/32
f 1837/32/32 630/31/31 295/33/33 694/34/34
f 244/35/35 1083/36/36 1838/37/37 1072/38/38
f 1083/36/36 241/39/39 639/40/40 1838/37/37
f 1838/37/37 639/40/40 13/41/41 635/42/42
f 1072/38/38 1838/37/37 635/42/42 14/43/43
f 245/44/44 1082/45/45 1839/46/46 1073/47/47
f 1082/45/45 242/48/48 640/49/49 1839/46/46
f 1839/46/46 640/49/49 11/50/50 633/51/51
f 1073/47/47 1839/46/46 633/51/51 12/52/52
f 566/53/53 1081/54/54 1840/55/55 1074/56/56
f 1081/54/54 243/57/57 641/58/58 1840/55/55
f 1840/55/55 641/58/58 16/59/59 638/60/60
f 1074/56/56 1840/55/55 638/60/60 304/61/61
f 246/62/62 1100/63/63 1841/64/64 1075/65/65
f 1100/63/63 202/66/66 695/67/67 1841/64/64
f 1841/64/64 695/67/67 9/68/68 631/69/69
f 1075/65/65 1841/64/64 631/69/69 10/70/70
f 247/71/71 1080/72/72 1842/73/73 1076/74/74
f 1080/72/72 244/35/35 1072/38/38 1842/73/73
f 1842/73/73 1072/38/38 14/43/43 636/75/75
f 1076/74/74 1842/73/73 636/75/75 15/76/76
f 241/39/39 1079/77/77 1843/78/78 639/40/40
f 1079/77/77 245/44/44 1073/47/47 1843/78/78
f 1843/78/78 1073/47/47 12/52/52 634/79/79
f 639/40/40 1843/78/78 634/79/79 13/41/41
f 242/48/48 1078/80/80 1844/81/81 640/49/49
f 1078/80/80 246/62/62 1075/65/65 1844/81/81
f 1844/81/81 1075/65/65 10/70/70 632/82/82
f 640/49/49 1844/81/81 632/82/82 11/50/50
f 243/57/57 1077/83/83 1845/84/84 641/58/58
f 1077/83/83 247/71/71 1076/74/74 1845/84/84
f 1845/84/84 1076/74/74 15/76/76 637/85/85
f 641/58/58 1845/84/84 637/85/85 16/59/59
f 235/86/86 1068/87/87 1846/88/88 1055/89/89
f 1068/87/87 234/90/90 650/91/91 1846/88/88
f 1846/88/88 650/91/91 23/92/92 648/93/93
f 1055/89/89 1846/88/88 648/93/93 24/94/94
f 555/95/95 1067/96/96 1847/97/97 1056/98/98
f 1067/96/96 235/86/86 1055/89/89 1847/97/97
f 1847/97/97 1055/89/89 24/94/94 649/99/99
f 1056/98/98 1847/97/97 649/99/99 313/100/100
f 236/101/101 1101/102/102 1848/103/103 1057/104/104
f 1101/102/102 203/105/105 984/106/106 1848/103/103
f 1848/103/103 984/106/106 17/107/107 642/108/108
f 1057/104/104 1848/103/103 642/108/108 18/109/109
f 237/110/110 1066/111/111 1849/112/112 1058/113/113
f 1066/111/111 236/101/101 1057/104/104 1849/112/112
f 1849/112/112 1057/104/104 18/109/109 643/114/114
f 1058/113/113 1849/112/112 643/114/114 19/115/115
f 238/116/116 1065/117/117 1850/118/118 1059/119/119
f 1065/117/117 237/110/110 1058/113/113 1850/118/118
f 1850/118/118 1058/113/113 19/115/115 644/120/120
f 1059/119/119 1850/118/118 644/120/120 20/121/121
f 239/122/122 1064/123/123 1851/124/124 1060/125/125
f 1064/123/123 238/116/116 1059/119/119 1851/124/124
f 1851/124/124 1059/119/119 20/121/121 645/126/126
f 1060/125/125 1851/124/124 645/126/126 21/127/127
f 240/128/128 1063/129/129 1852/130/130 1061/131/131
f 1063/129/129 239/122/122 1060/125/125 1852/130/130
f 1852/130/130 1060/125/125 21/127/127 646/132/132
f 1061/131/131 1852/130/130 646/132/132 22/133/133
f 234/90/90 1062/134/134 1853/135/135 650/91/91
f 1062/134/134 240/128/128 1061/131/131 1853/135/135
f 1853/135/135 1061/131/131 22/133/133 647/136/136
f 650/91/91 1853/135/135 647/136/136 23/92/92
f 315/137/137 686/138/138 1854/139/139 671/140/140
f 686/138/138 25/141/141 659/142/142 1854/139/139
f 678/143/143 713/144/144 1864/145/145 1858/146/146
f 747/147/147 762/148/148 1881/149/149 1875/150/150
f 30/151/151 682/152/152 1855/153/153 676/154/154
f 682/152/152 29/155/155 675/156/156 1855/153/153
f 675/156/156 1859/157/157 1860/158/158 710/159/159
f 1856/160/160 1862/161/161 712/162/162 677/163/163
f 31/164/164 681/165/165 1856/160/160 677/163/163
f 681/165/165 30/151/151 676/154/154 1856/160/160
f 675/156/156 710/159/159 1861/166/166 1855/153/153
f 1857/167/167 1863/168/168 713/144/144 678/143/143
f 32/169/169 680/170/170 1857/167/167 678/143/143
f 680/170/170 31/164/164 677/163/163 1857/167/167
f 676/154/154 711/171/171 1862/161/161 1856/160/160
f 1858/146/146 1864/145/145 714/172/172 659/142/142
f 25/141/141 679/173/173 1858/146/146 659/142/142
f 679/173/173 32/169/169 678/143/143 1858/146/146
f 677/163/163 712/162/162 1863/168/168 1857/167/167
f 1854/139/139 1865/174/174 669/175/175 671/140/140
f 675/156/156 29/155/155 670/176/176 1859/157/157
f 1859/157/157 670/176/176 79/177/177 755/178/178
f 44/179/179 710/180/159 1860/181/158 674/182/180
f 1859/157/157 755/178/178 761/183/181 1860/158/158
f 674/182/180 1860/181/158 761/184/181 76/185/182
f 1875/150/150 1881/149/149 752/186/183 753/187/184
f 1861/188/166 710/180/159 44/179/179 664/189/185
f 711/190/171 1861/188/166 664/189/185 45/191/186
f 1862/192/161 711/190/171 45/191/186 665/193/187
f 712/194/162 1862/192/161 665/193/187 46/195/188
f 1863/196/168 712/194/162 46/195/188 666/197/189
f 713/198/144 1863/196/168 666/197/189 47/199/190
f 1864/200/145 713/198/144 47/199/190 667/201/191
f 714/202/172 1864/200/145 667/201/191 48/203/192
f 1865/204/174 714/202/172 48/203/192 668/205/193
f 669/206/175 1865/204/174 668/205/193 341/207/194
f 31/164/164 680/170/170 647/136/136 22/133/133
f 648/93/93 679/173/173 25/141/141 24/94/94
f 30/151/151 681/165/165 646/132/132 21/127/127
f 647/136/136 680/170/170 32/169/169 23/92/92
f 29/155/155 682/152/152 645/126/126 20/121/121
f 646/132/132 681/165/165 31/164/164 22/133/133
f 28/208/195 683/209/196 644/120/120 19/115/115
f 645/126/126 682/152/152 30/151/151 21/127/127
f 27/210/197 684/211/198 643/114/114 18/109/109
f 644/120/120 683/209/196 29/155/155 20/121/121
f 17/107/107 207/212/199 980/213/200 642/108/108
f 643/114/114 684/211/198 28/208/195 19/115/115
f 24/94/94 25/141/141 686/138/138 649/99/99
f 642/108/108 980/213/200 27/210/197 18/109/109
f 40/214/201 701/215/202 628/27/27 7/25/25
f 649/99/99 686/138/138 315/137/137 313/100/100
f 180/216/203 932/217/204 1866/218/205 941/219/206
f 932/217/204 63/220/207 737/221/208 1866/218/205
f 1866/218/205 737/221/208 358/222/209 933/223/210
f 941/219/206 1866/218/205 933/223/210 486/224/211
f 1837/32/32 694/34/34 367/225/212 746/226/213
f 692/26/26 1836/28/28 745/227/214 70/228/215
f 1836/28/28 693/30/30 71/229/216 745/227/214
f 691/22/22 1835/24/24 744/230/217 69/231/218
f 1835/24/24 692/26/26 70/228/215 744/230/217
f 690/18/18 1834/20/20 743/232/219 68/233/220
f 1834/20/20 691/22/22 69/231/218 743/232/219
f 689/14/14 1833/16/16 742/234/221 67/235/222
f 1833/16/16 690/18/18 68/233/220 742/234/221
f 194/236/223 993/1/1 1830/4/4 974/237/224
f 199/238/225 731/239/226 1867/240/227 977/241/228
f 731/239/226 58/242/229 923/243/230 1867/240/227
f 1867/240/227 923/243/230 175/244/231 935/245/232
f 977/241/228 1867/240/227 935/245/232 153/246/233
f 1830/4/4 687/6/6 198/247/234 974/237/224
f 961/248/235 1974/249/236 1000/250/237 196/251/238
f 39/252/239 702/253/240 619/7/7 2/5/5
f 628/27/27 701/215/202 38/254/241 8/29/29
f 37/255/242 703/256/243 622/15/15 4/13/13
f 619/7/7 702/253/240 36/257/244 3/9/9
f 35/258/245 704/259/246 626/23/23 6/21/21
f 622/15/15 703/256/243 34/260/247 5/17/17
f 33/261/248 705/262/249 618/3/3 1/2/2
f 626/23/23 704/259/246 40/214/201 7/25/25
f 8/29/29 38/254/241 706/263/250 630/31/31
f 618/3/3 705/262/249 39/252/239 2/5/5
f 3/9/9 36/257/244 707/264/251 620/11/11
f 630/31/31 706/263/250 329/265/252 295/33/33
f 5/17/17 34/260/247 708/266/253 624/19/19
f 620/11/11 707/264/251 37/255/242 4/13/13
f 208/267/254 203/105/105 652/268/255 994/269/256
f 624/19/19 708/266/253 35/258/245 6/21/21
f 709/270/257 2036/271/258 660/272/259 332/273/260
f 2035/274/261 1119/275/262 42/276/263 661/277/264
f 1118/278/265 2035/274/261 661/277/264 41/279/266
f 2034/280/267 1120/281/268 43/282/269 662/283/270
f 1119/275/262 2034/280/267 662/283/270 42/276/263
f 2033/284/271 1121/285/272 44/179/179 663/286/273
f 1120/281/268 2033/284/271 663/286/273 43/282/269
f 2032/287/274 1122/288/275 45/191/186 664/189/185
f 1121/285/272 2032/287/274 664/189/185 44/179/179
f 2031/289/276 1123/290/277 46/195/188 665/193/187
f 1122/288/275 2031/289/276 665/193/187 45/191/186
f 2030/291/278 1124/292/279 47/199/190 666/197/189
f 1123/290/277 2030/291/278 666/197/189 46/195/188
f 2029/293/280 1125/294/281 48/203/192 667/201/191
f 1124/292/279 2029/293/280 667/201/191 47/199/190
f 2028/295/282 1126/296/283 341/207/194 668/205/193
f 1125/294/281 2028/295/282 668/205/193 48/203/192
f 709/270/257 332/273/260 1279/297/284 2344/298/285
f 195/299/286 998/300/287 1974/249/236 961/248/235
f 65/301/288 739/302/289 958/303/290 57/304/291
f 1737/305/292 583/306/293 1719/307/294 2346/308/295
f 51/309/296 878/310/297 1868/311/298 724/312/299
f 878/310/297 151/313/300 876/314/301 1868/311/298
f 1868/311/298 876/314/301 150/315/302 870/316/303
f 724/312/299 1868/311/298 870/316/303 50/317/304
f 51/309/296 725/318/305 1869/319/306 878/310/297
f 725/318/305 52/320/307 871/321/308 1869/319/306
f 1869/319/306 871/321/308 152/322/309 877/323/310
f 878/310/297 1869/319/306 877/323/310 151/313/300
f 150/315/302 879/324/311 840/325/312 148/326/313
f 926/327/314 958/303/290 199/238/225 174/328/315
f 175/244/231 923/243/230 1870/329/316 936/330/317
f 923/243/230 58/242/229 732/331/318 1870/329/316
f 1870/329/316 732/331/318 59/332/319 925/333/320
f 936/330/317 1870/329/316 925/333/320 176/334/321
f 176/334/321 925/333/320 1871/335/322 937/336/323
f 925/333/320 59/332/319 733/337/324 1871/335/322
f 1871/335/322 733/337/324 60/338/325 929/339/326
f 937/336/323 1871/335/322 929/339/326 177/340/327
f 177/340/327 929/339/326 1872/341/328 938/342/329
f 929/339/326 60/338/325 734/343/330 1872/341/328
f 1872/341/328 734/343/330 61/344/331 930/345/332
f 938/342/329 1872/341/328 930/345/332 178/346/333
f 178/346/333 930/345/332 1873/347/334 939/348/335
f 930/345/332 61/344/331 735/349/336 1873/347/334
f 1873/347/334 735/349/336 62/350/337 931/351/338
f 939/348/335 1873/347/334 931/351/338 179/352/339
f 179/352/339 931/351/338 1874/353/340 940/354/341
f 931/351/338 62/350/337 736/355/342 1874/353/340
f 1874/353/340 736/355/342 63/220/207 932/217/204
f 940/354/341 1874/353/340 932/217/204 180/216/203
f 958/303/290 739/302/289 198/247/234 199/238/225
f 66/356/343 741/357/344 732/331/318 58/242/229
f 732/331/318 741/357/344 67/235/222 59/332/319
f 67/235/222 742/234/221 733/337/324 59/332/319
f 733/337/324 742/234/221 68/233/220 60/338/325
f 68/233/220 743/232/219 734/343/330 60/338/325
f 734/343/330 743/232/219 69/231/218 61/344/331
f 69/231/218 744/230/217 735/349/336 61/344/331
f 735/349/336 744/230/217 70/228/215 62/350/337
f 70/228/215 745/227/214 736/355/342 62/350/337
f 736/355/342 745/227/214 71/229/216 63/220/207
f 71/229/216 746/226/213 737/221/208 63/220/207
f 737/221/208 746/226/213 367/225/212 358/222/209
f 77/358/345 758/359/346 1875/150/150 753/187/184
f 758/359/346 72/360/347 747/147/147 1875/150/150
f 754/361/348 759/362/349 1879/363/350 1877/364/351
f 1876/365/352 1878/366/353 759/362/349 754/361/348
f 78/367/354 757/368/355 1876/365/352 754/361/348
f 757/368/355 77/358/345 753/187/184 1876/365/352
f 760/369/356 1880/370/357 1982/371/358 1012/372/359
f 1877/364/351 1879/363/350 761/183/181 755/178/178
f 79/177/177 756/373/360 1877/364/351 755/178/178
f 756/373/360 78/367/354 754/361/348 1877/364/351
f 753/187/184 752/186/183 1878/366/353 1876/365/352
f 1878/374/353 752/375/183 222/376/361 750/377/362
f 759/378/349 1878/374/353 750/377/362 75/379/363
f 1879/380/350 759/378/349 75/379/363 751/381/364
f 761/184/181 1879/380/350 751/381/364 76/185/182
f 671/140/140 669/175/175 2153/382/365 2142/383/366
f 1880/384/357 760/385/356 534/386/367 748/387/368
f 762/388/148 1880/384/357 748/387/368 221/389/369
f 1982/371/358 1880/370/357 762/148/148 747/147/147
f 1881/390/149 762/388/148 221/389/369 749/391/370
f 752/375/183 1881/390/149 749/391/370 222/376/361
f 1972/392/371 715/393/372 197/394/373 972/395/374
f 232/396/375 81/397/376 767/398/377 764/399/378
f 715/393/372 26/400/379 981/401/380 1882/402/381
f 1882/402/381 981/401/380 209/403/382 998/300/287
f 769/404/383 1972/392/371 972/395/374 84/405/384
f 65/301/288 57/304/291 786/406/385 812/407/386
f 119/408/387 777/409/388 1883/410/389 818/411/390
f 777/409/388 64/412/391 740/413/392 1883/410/389
f 1883/410/389 740/413/392 65/301/288 812/407/386
f 818/411/390 1883/410/389 812/407/386 87/414/393
f 84/405/384 781/415/394 1884/416/395 770/417/396
f 781/415/394 126/418/397 782/419/398 1884/416/395
f 1884/416/395 782/419/398 389/420/399 780/421/400
f 770/417/396 1884/416/395 780/421/400 384/422/401
f 388/423/402 774/424/403 1885/425/404 776/426/405
f 774/424/403 86/427/406 775/428/407 1885/425/404
f 1885/425/404 775/428/407 85/429/408 857/430/409
f 776/426/405 1885/425/404 857/430/409 385/431/410
f 87/414/393 787/432/411 1886/433/412 818/411/390
f 787/432/411 89/434/413 783/435/414 1886/433/412
f 1886/433/412 783/435/414 124/436/415 815/437/416
f 818/411/390 1886/433/412 815/437/416 119/408/387
f 84/405/384 972/395/374 1887/438/417 781/415/394
f 972/395/374 197/394/373 778/439/418 1887/438/417
f 1887/438/417 778/439/418 127/440/419 829/441/420
f 781/415/394 1887/438/417 829/441/420 126/418/397
f 97/442/421 797/443/422 1888/444/423 841/445/424
f 797/443/422 99/446/425 824/447/426 1888/444/423
f 1888/444/423 824/447/426 128/448/427 826/449/428
f 841/445/424 1888/444/423 826/449/428 129/450/429
f 389/420/399 782/419/398 1889/451/430 784/452/431
f 782/419/398 126/418/397 839/453/432 1889/451/430
f 1889/451/430 839/453/432 121/454/433 779/455/434
f 784/452/431 1889/451/430 779/455/434 390/456/435
f 93/457/436 793/458/437 1890/459/438 828/460/439
f 793/458/437 95/461/440 819/462/441 1890/459/438
f 1890/459/438 819/462/441 122/463/442 832/464/443
f 828/460/439 1890/459/438 832/464/443 120/465/444
f 447/466/445 860/467/446 1891/468/447 858/469/448
f 860/467/446 143/470/449 859/471/450 1891/468/447
f 1891/468/447 859/471/450 80/472/451 765/473/452
f 858/469/448 1891/468/447 765/473/452 380/474/453
f 767/398/377 82/475/454 231/476/455 764/399/378
f 230/477/456 80/472/451 875/478/457 1007/479/458
f 875/478/457 81/397/376 232/396/375 1007/479/458
f 549/480/459 380/474/453 765/473/452 763/481/460
f 765/473/452 80/472/451 230/477/456 763/481/460
f 229/482/461 56/483/462 730/484/463 629/485/464
f 730/484/463 350/486/465 547/487/466 629/485/464
f 228/488/467 55/489/468 729/490/469 627/491/470
f 729/490/469 56/483/462 229/482/461 627/491/470
f 227/492/471 54/493/472 728/494/473 625/495/474
f 728/494/473 55/489/468 228/488/467 625/495/474
f 225/496/475 53/497/476 727/498/477 623/499/478
f 727/498/477 54/493/472 227/492/471 623/499/478
f 226/500/479 52/320/307 726/501/480 621/502/481
f 726/501/480 53/497/476 225/496/475 621/502/481
f 231/476/455 82/475/454 152/322/309 233/503/482
f 812/407/386 786/406/385 88/504/483 87/414/393
f 87/414/393 88/504/483 788/505/484 787/432/411
f 787/432/411 788/505/484 90/506/485 89/434/413
f 89/434/413 90/506/485 790/507/486 789/508/487
f 789/508/487 790/507/486 92/509/488 91/510/489
f 91/510/489 92/509/488 792/511/490 791/512/491
f 791/512/491 792/511/490 94/513/492 93/457/436
f 93/457/436 94/513/492 794/514/493 793/458/437
f 793/458/437 794/514/493 96/515/494 95/461/440
f 95/461/440 96/515/494 796/516/495 795/517/496
f 795/517/496 796/516/495 98/518/497 97/442/421
f 97/442/421 98/518/497 798/519/498 797/443/422
f 797/443/422 798/519/498 100/520/499 99/446/425
f 99/446/425 100/520/499 800/521/500 799/522/501
f 799/522/501 800/521/500 102/523/502 101/524/503
f 101/524/503 102/523/502 802/525/504 801/526/505
f 801/526/505 802/525/504 104/527/506 103/528/507
f 103/528/507 104/527/506 804/529/508 803/530/509
f 803/530/509 804/529/508 106/531/510 105/532/511
f 105/532/511 106/531/510 806/533/512 805/534/513
f 805/534/513 806/533/512 108/535/514 107/536/515
f 107/536/515 108/535/514 808/537/516 807/538/517
f 807/538/517 808/537/516 110/539/518 109/540/519
f 109/540/519 110/539/518 810/541/520 809/542/521
f 809/542/521 810/541/520 112/543/522 111/544/523
f 111/544/523 112/543/522 814/545/524 811/546/525
f 811/546/525 814/545/524 113/547/526 114/548/527
f 52/320/307 226/500/479 766/549/528 871/321/308
f 145/550/529 865/551/530 879/324/311 150/315/302
f 840/325/312 879/324/311 113/547/526 115/552/531
f 112/543/522 142/553/532 856/554/533 814/545/524
f 213/555/534 1008/556/535 876/314/301 151/313/300
f 879/324/311 865/551/530 114/548/527 113/547/526
f 688/10/10 1832/12/12 741/357/344 66/356/343
f 876/314/301 1008/556/535 145/550/529 150/315/302
f 111/544/523 811/546/525 1892/557/536 835/558/537
f 811/546/525 114/548/527 816/559/538 1892/557/536
f 1892/557/536 816/559/538 116/560/539 842/561/540
f 835/558/537 1892/557/536 842/561/540 117/562/541
f 116/560/539 816/559/538 1893/563/542 866/564/543
f 816/559/538 114/548/527 865/551/530 1893/563/542
f 1893/563/542 865/551/530 145/550/529 813/565/544
f 866/564/543 1893/563/542 813/565/544 146/566/545
f 103/528/507 803/530/509 1894/567/546 821/568/547
f 803/530/509 105/532/511 817/569/548 1894/567/546
f 1894/567/546 817/569/548 121/454/433 839/453/432
f 821/568/547 1894/567/546 839/453/432 126/418/397
f 107/536/515 807/538/517 1895/570/549 823/571/550
f 807/538/517 109/540/519 822/572/551 1895/570/549
f 1895/570/549 822/572/551 118/573/552 837/574/553
f 823/571/550 1895/570/549 837/574/553 125/575/554
f 89/434/413 789/508/487 1896/576/555 783/435/414
f 789/508/487 91/510/489 834/577/556 1896/576/555
f 1896/576/555 834/577/556 123/578/557 825/579/558
f 783/435/414 1896/576/555 825/579/558 124/436/415
f 99/446/425 799/522/501 1897/580/559 824/447/426
f 799/522/501 101/524/503 820/581/560 1897/580/559
f 1897/580/559 820/581/560 127/440/419 830/582/561
f 824/447/426 1897/580/559 830/582/561 128/448/427
f 109/540/519 809/542/521 1898/583/562 822/572/551
f 809/542/521 111/544/523 835/558/537 1898/583/562
f 1898/583/562 835/558/537 117/562/541 836/584/563
f 822/572/551 1898/583/562 836/584/563 118/573/552
f 91/510/489 791/512/491 1899/585/564 834/577/556
f 791/512/491 93/457/436 828/460/439 1899/585/564
f 1899/585/564 828/460/439 120/465/444 833/586/565
f 834/577/556 1899/585/564 833/586/565 123/578/557
f 101/524/503 801/526/505 1900/587/566 820/581/560
f 801/526/505 103/528/507 821/568/547 1900/587/566
f 1900/587/566 821/568/547 126/418/397 829/441/420
f 820/581/560 1900/587/566 829/441/420 127/440/419
f 95/461/440 795/517/496 1901/588/567 819/462/441
f 795/517/496 97/442/421 841/445/424 1901/588/567
f 1901/588/567 841/445/424 129/450/429 831/589/568
f 819/462/441 1901/588/567 831/589/568 122/463/442
f 105/532/511 805/534/513 1902/590/569 817/569/548
f 805/534/513 107/536/515 823/571/550 1902/590/569
f 1902/590/569 823/571/550 125/575/554 838/591/570
f 817/569/548 1902/590/569 838/591/570 121/454/433
f 90/506/485 131/592/571 844/593/572 790/507/486
f 814/545/524 856/554/533 115/552/531 113/547/526
f 100/520/499 136/594/573 849/595/574 800/521/500
f 790/507/486 844/593/572 132/596/575 92/509/488
f 110/539/518 141/597/576 854/598/577 810/541/520
f 800/521/500 849/595/574 137/599/578 102/523/502
f 96/515/494 134/600/579 847/601/580 796/516/495
f 810/541/520 854/598/577 142/553/532 112/543/522
f 106/531/510 139/602/581 852/603/582 806/533/512
f 796/516/495 847/601/580 135/604/583 98/518/497
f 132/596/575 845/605/584 792/511/490 92/509/488
f 806/533/512 852/603/582 140/606/585 108/535/514
f 137/599/578 850/607/586 802/525/504 102/523/502
f 792/511/490 845/605/584 133/608/587 94/513/492
f 88/504/483 130/609/588 843/610/589 788/505/484
f 802/525/504 850/607/586 138/611/590 104/527/506
f 135/604/583 848/612/591 798/519/498 98/518/497
f 788/505/484 843/610/589 131/592/571 90/506/485
f 140/606/585 853/613/592 808/537/516 108/535/514
f 798/519/498 848/612/591 136/594/573 100/520/499
f 133/608/587 846/614/593 794/514/493 94/513/492
f 808/537/516 853/613/592 141/597/576 110/539/518
f 138/611/590 851/615/594 804/529/508 104/527/506
f 794/514/493 846/614/593 134/600/579 96/515/494
f 83/616/595 855/617/596 786/406/385 57/304/291
f 804/529/508 851/615/594 139/602/581 106/531/510
f 150/315/302 148/326/313 868/618/597 870/316/303
f 786/406/385 855/617/596 130/609/588 88/504/483
f 390/456/435 779/455/434 1903/619/598 785/620/599
f 779/455/434 121/454/433 827/621/600 1903/619/598
f 1903/619/598 827/621/600 86/427/406 774/424/403
f 785/620/599 1903/619/598 774/424/403 388/423/402
f 385/431/410 857/430/409 1904/622/601 772/623/602
f 857/430/409 85/429/408 773/624/603 1904/622/601
f 1904/622/601 773/624/603 143/470/449 860/467/446
f 772/623/602 1904/622/601 860/467/446 447/466/445
f 80/472/451 859/471/450 1905/625/604 617/626/605
f 859/471/450 143/470/449 861/627/606 1905/625/604
f 1905/625/604 861/627/606 144/628/607 872/629/608
f 617/626/605 1905/625/604 872/629/608 146/566/545
f 118/573/552 836/584/563 1906/630/609 862/631/610
f 836/584/563 117/562/541 864/632/611 1906/630/609
f 1906/630/609 864/632/611 144/628/607 873/633/612
f 862/631/610 1906/630/609 873/633/612 149/634/613
f 125/575/554 837/574/553 1907/635/614 863/636/615
f 837/574/553 118/573/552 862/631/610 1907/635/614
f 1907/635/614 862/631/610 149/634/613 874/637/616
f 863/636/615 1907/635/614 874/637/616 147/638/617
f 125/575/554 863/636/615 1908/639/618 838/591/570
f 863/636/615 147/638/617 867/640/619 1908/639/618
f 1908/639/618 867/640/619 86/427/406 827/621/600
f 838/591/570 1908/639/618 827/621/600 121/454/433
f 174/328/315 199/238/225 977/241/228 934/641/620
f 870/316/303 868/618/597 49/642/621 50/317/304
f 146/566/545 872/629/608 1909/643/622 866/564/543
f 872/629/608 144/628/607 864/632/611 1909/643/622
f 1909/643/622 864/632/611 117/562/541 842/561/540
f 866/564/543 1909/643/622 842/561/540 116/560/539
f 149/634/613 873/633/612 1910/644/623 869/645/624
f 873/633/612 144/628/607 861/627/606 1910/644/623
f 1910/644/623 861/627/606 143/470/449 773/624/603
f 869/645/624 1910/644/623 773/624/603 85/429/408
f 146/566/545 813/565/544 1911/646/625 617/626/605
f 813/565/544 145/550/529 1010/647/626 1911/646/625
f 1911/646/625 1010/647/626 81/397/376 875/478/457
f 617/626/605 1911/646/625 875/478/457 80/472/451
f 147/638/617 874/637/616 1912/648/627 867/640/619
f 874/637/616 149/634/613 869/645/624 1912/648/627
f 1912/648/627 869/645/624 85/429/408 775/428/407
f 867/640/619 1912/648/627 775/428/407 86/427/406
f 766/549/528 233/503/482 152/322/309 871/321/308
f 136/594/573 848/612/591 1913/649/628 892/650/629
f 848/612/591 135/604/583 893/651/630 1913/649/628
f 1913/649/628 893/651/630 159/652/631 885/653/632
f 892/650/629 1913/649/628 885/653/632 160/654/633
f 137/599/578 849/595/574 1914/655/634 894/656/635
f 849/595/574 136/594/573 892/650/629 1914/655/634
f 1914/655/634 892/650/629 160/654/633 886/657/636
f 894/656/635 1914/655/634 886/657/636 161/658/637
f 138/611/590 850/607/586 1915/659/638 895/660/639
f 850/607/586 137/599/578 894/656/635 1915/659/638
f 1915/659/638 894/656/635 161/658/637 887/661/640
f 895/660/639 1915/659/638 887/661/640 162/662/641
f 131/592/571 843/610/589 1916/663/642 896/664/643
f 843/610/589 130/609/588 897/665/644 1916/663/642
f 1916/663/642 897/665/644 154/666/645 880/667/646
f 896/664/643 1916/663/642 880/667/646 155/668/647
f 139/602/581 851/615/594 1917/669/648 898/670/649
f 851/615/594 138/611/590 895/660/639 1917/669/648
f 1917/669/648 895/660/639 162/662/641 888/671/650
f 898/670/649 1917/669/648 888/671/650 163/672/651
f 132/596/575 844/593/572 1918/673/652 899/674/653
f 844/593/572 131/592/571 896/664/643 1918/673/652
f 1918/673/652 896/664/643 155/668/647 881/675/654
f 899/674/653 1918/673/652 881/675/654 156/676/655
f 140/606/585 852/603/582 1919/677/656 900/678/657
f 852/603/582 139/602/581 898/670/649 1919/677/656
f 1919/677/656 898/670/649 163/672/651 889/679/658
f 900/678/657 1919/677/656 889/679/658 164/680/659
f 133/608/587 845/605/584 1920/681/660 901/682/661
f 845/605/584 132/596/575 899/674/653 1920/681/660
f 1920/681/660 899/674/653 156/676/655 882/683/662
f 901/682/661 1920/681/660 882/683/662 157/684/663
f 141/597/576 853/613/592 1921/685/664 902/686/665
f 853/613/592 140/606/585 900/678/657 1921/685/664
f 1921/685/664 900/678/657 164/680/659 890/687/666
f 902/686/665 1921/685/664 890/687/666 165/688/667
f 134/600/579 846/614/593 1922/689/668 903/690/669
f 846/614/593 133/608/587 901/682/661 1922/689/668
f 1922/689/668 901/682/661 157/684/663 883/691/670
f 903/690/669 1922/689/668 883/691/670 158/692/671
f 142/553/532 854/598/577 1923/693/672 904/694/673
f 854/598/577 141/597/576 902/686/665 1923/693/672
f 1923/693/672 902/686/665 165/688/667 891/695/674
f 904/694/673 1923/693/672 891/695/674 166/696/675
f 115/552/531 856/554/533 1924/697/676 840/325/312
f 856/554/533 142/553/532 904/694/673 1924/697/676
f 1924/697/676 904/694/673 166/696/675 905/698/677
f 840/325/312 1924/697/676 905/698/677 148/326/313
f 135/604/583 847/601/580 1925/699/678 893/651/630
f 847/601/580 134/600/579 903/690/669 1925/699/678
f 1925/699/678 903/690/669 158/692/671 884/700/679
f 893/651/630 1925/699/678 884/700/679 159/652/631
f 130/609/588 855/617/596 1926/701/680 897/665/644
f 855/617/596 83/616/595 926/327/314 1926/701/680
f 1926/701/680 926/327/314 174/328/315 927/702/681
f 897/665/644 1926/701/680 927/702/681 154/666/645
f 167/703/682 922/704/683 1927/705/684 912/706/685
f 922/704/683 168/707/686 913/708/687 1927/705/684
f 1927/705/684 913/708/687 159/652/631 884/700/679
f 912/706/685 1927/705/684 884/700/679 158/692/671
f 160/654/633 885/653/632 1928/709/688 886/657/636
f 885/653/632 159/652/631 913/708/687 1928/709/688
f 1928/709/688 913/708/687 168/707/686 907/710/689
f 886/657/636 1928/709/688 907/710/689 161/658/637
f 169/711/690 921/712/691 1929/713/692 914/714/693
f 921/712/691 167/703/682 912/706/685 1929/713/692
f 1929/713/692 912/706/685 158/692/671 883/691/670
f 914/714/693 1929/713/692 883/691/670 157/684/663
f 170/715/694 920/716/695 1930/717/696 915/718/697
f 920/716/695 169/711/690 914/714/693 1930/717/696
f 1930/717/696 914/714/693 157/684/663 882/683/662
f 915/718/697 1930/717/696 882/683/662 156/676/655
f 171/719/698 919/720/699 1931/721/700 916/722/701
f 919/720/699 170/715/694 915/718/697 1931/721/700
f 1931/721/700 915/718/697 156/676/655 881/675/654
f 916/722/701 1931/721/700 881/675/654 155/668/647
f 172/723/702 918/724/703 1932/725/704 917/726/705
f 918/724/703 171/719/698 916/722/701 1932/725/704
f 1932/725/704 916/722/701 155/668/647 880/667/646
f 917/726/705 1932/725/704 880/667/646 154/666/645
f 166/696/675 891/695/674 1933/727/706 911/728/707
f 891/695/674 165/688/667 910/729/708 1933/727/706
f 1933/727/706 910/729/708 171/719/698 918/724/703
f 911/728/707 1933/727/706 918/724/703 172/723/702
f 165/688/667 890/687/666 1934/730/709 910/729/708
f 890/687/666 164/680/659 909/731/710 1934/730/709
f 1934/730/709 909/731/710 170/715/694 919/720/699
f 910/729/708 1934/730/709 919/720/699 171/719/698
f 164/680/659 889/679/658 1935/732/711 909/731/710
f 889/679/658 163/672/651 908/733/712 1935/732/711
f 1935/732/711 908/733/712 169/711/690 920/716/695
f 909/731/710 1935/732/711 920/716/695 170/715/694
f 163/672/651 888/671/650 1936/734/713 908/733/712
f 888/671/650 162/662/641 906/735/714 1936/734/713
f 1936/734/713 906/735/714 167/703/682 921/712/691
f 908/733/712 1936/734/713 921/712/691 169/711/690
f 162/662/641 887/661/640 1937/736/715 906/735/714
f 887/661/640 161/658/637 907/710/689 1937/736/715
f 1937/736/715 907/710/689 168/707/686 922/704/683
f 906/735/714 1937/736/715 922/704/683 167/703/682
f 172/723/702 917/726/705 1938/737/716 942/738/717
f 917/726/705 154/666/645 927/702/681 1938/737/716
f 1938/737/716 927/702/681 174/328/315 934/641/620
f 942/738/717 1938/737/716 934/641/620 181/739/718
f 1832/12/12 689/14/14 67/235/222 741/357/344
f 687/6/6 1831/8/8 976/740/719 198/247/234
f 181/739/718 153/246/233 928/741/720 949/742/721
f 934/641/620 977/241/228 153/246/233 181/739/718
f 188/743/722 173/744/723 716/745/724 768/746/725
f 949/742/721 928/741/720 173/744/723 188/743/722
f 173/744/723 928/741/720 1939/747/726 956/748/727
f 928/741/720 153/246/233 935/245/232 1939/747/726
f 1939/747/726 935/245/232 175/244/231 924/749/728
f 956/748/727 1939/747/726 924/749/728 182/750/729
f 182/750/729 924/749/728 1940/751/730 955/752/731
f 924/749/728 175/244/231 936/330/317 1940/751/730
f 1940/751/730 936/330/317 176/334/321 943/753/732
f 955/752/731 1940/751/730 943/753/732 183/754/733
f 183/754/733 943/753/732 1941/755/734 954/756/735
f 943/753/732 176/334/321 937/336/323 1941/755/734
f 1941/755/734 937/336/323 177/340/327 944/757/736
f 954/756/735 1941/755/734 944/757/736 184/758/737
f 184/758/737 944/757/736 1942/759/738 953/760/739
f 944/757/736 177/340/327 938/342/329 1942/759/738
f 1942/759/738 938/342/329 178/346/333 945/761/740
f 953/760/739 1942/759/738 945/761/740 185/762/741
f 185/762/741 945/761/740 1943/763/742 952/764/743
f 945/761/740 178/346/333 939/348/335 1943/763/742
f 1943/763/742 939/348/335 179/352/339 946/765/744
f 952/764/743 1943/763/742 946/765/744 186/766/745
f 186/766/745 946/765/744 1944/767/746 951/768/747
f 946/765/744 179/352/339 940/354/341 1944/767/746
f 1944/767/746 940/354/341 180/216/203 947/769/748
f 951/768/747 1944/767/746 947/769/748 187/770/749
f 187/770/749 947/769/748 1945/771/750 950/772/751
f 947/769/748 180/216/203 941/219/206 1945/771/750
f 1945/771/750 941/219/206 486/224/211 948/773/752
f 950/772/751 1945/771/750 948/773/752 494/774/753
f 56/483/462 722/775/754 1946/776/755 730/484/463
f 722/775/754 187/770/749 950/772/751 1946/776/755
f 1946/776/755 950/772/751 494/774/753 723/777/756
f 730/484/463 1946/776/755 723/777/756 350/486/465
f 55/489/468 721/778/757 1947/779/758 729/490/469
f 721/778/757 186/766/745 951/768/747 1947/779/758
f 1947/779/758 951/768/747 187/770/749 722/775/754
f 729/490/469 1947/779/758 722/775/754 56/483/462
f 54/493/472 720/780/759 1948/781/760 728/494/473
f 720/780/759 185/762/741 952/764/743 1948/781/760
f 1948/781/760 952/764/743 186/766/745 721/778/757
f 728/494/473 1948/781/760 721/778/757 55/489/468
f 53/497/476 719/782/761 1949/783/762 727/498/477
f 719/782/761 184/758/737 953/760/739 1949/783/762
f 1949/783/762 953/760/739 185/762/741 720/780/759
f 727/498/477 1949/783/762 720/780/759 54/493/472
f 52/320/307 718/784/763 1950/785/764 726/501/480
f 718/784/763 183/754/733 954/756/735 1950/785/764
f 1950/785/764 954/756/735 184/758/737 719/782/761
f 726/501/480 1950/785/764 719/782/761 53/497/476
f 51/309/296 717/786/765 1951/787/766 725/318/305
f 717/786/765 182/750/729 955/752/731 1951/787/766
f 1951/787/766 955/752/731 183/754/733 718/784/763
f 725/318/305 1951/787/766 718/784/763 52/320/307
f 50/317/304 716/745/724 1952/788/767 724/312/299
f 716/745/724 173/744/723 956/748/727 1952/788/767
f 1952/788/767 956/748/727 182/750/729 717/786/765
f 724/312/299 1952/788/767 717/786/765 51/309/296
f 768/746/725 716/745/724 50/317/304 49/642/621
f 172/723/702 942/738/717 1953/789/768 911/728/707
f 942/738/717 181/739/718 949/742/721 1953/789/768
f 1953/789/768 949/742/721 188/743/722 957/790/769
f 911/728/707 1953/789/768 957/790/769 166/696/675
f 148/326/313 905/698/677 1954/791/770 868/618/597
f 905/698/677 166/696/675 957/790/769 1954/791/770
f 1954/791/770 957/790/769 188/743/722 768/746/725
f 868/618/597 1954/791/770 768/746/725 49/642/621
f 122/463/442 831/589/568 1955/792/771 965/793/772
f 831/589/568 129/450/429 966/794/773 1955/792/771
f 1955/792/771 966/794/773 196/251/238 962/795/774
f 965/793/772 1955/792/771 962/795/774 191/796/775
f 124/436/415 825/579/558 1956/797/776 967/798/777
f 825/579/558 123/578/557 968/799/778 1956/797/776
f 1956/797/776 968/799/778 192/800/779 960/801/780
f 967/798/777 1956/797/776 960/801/780 193/802/781
f 120/465/444 832/464/443 1957/803/782 969/804/783
f 832/464/443 122/463/442 965/793/772 1957/803/782
f 1957/803/782 965/793/772 191/796/775 963/805/784
f 969/804/783 1957/803/782 963/805/784 190/806/785
f 128/448/427 830/582/561 1958/807/786 970/808/787
f 830/582/561 127/440/419 778/439/418 1958/807/786
f 1958/807/786 778/439/418 197/394/373 973/809/788
f 970/808/787 1958/807/786 973/809/788 195/299/286
f 64/412/391 777/409/388 1959/810/789 738/811/790
f 777/409/388 119/408/387 971/812/791 1959/810/789
f 1959/810/789 971/812/791 189/813/792 975/814/793
f 738/811/790 1959/810/789 975/814/793 194/236/223
f 119/408/387 815/437/416 1960/815/794 971/812/791
f 815/437/416 124/436/415 967/798/777 1960/815/794
f 1960/815/794 967/798/777 193/802/781 959/816/795
f 971/812/791 1960/815/794 959/816/795 189/813/792
f 129/450/429 826/449/428 1961/817/796 966/794/773
f 826/449/428 128/448/427 970/808/787 1961/817/796
f 1961/817/796 970/808/787 195/299/286 961/248/235
f 966/794/773 1961/817/796 961/248/235 196/251/238
f 123/578/557 833/586/565 1962/818/797 968/799/778
f 833/586/565 120/465/444 969/804/783 1962/818/797
f 1962/818/797 969/804/783 190/806/785 964/819/798
f 968/799/778 1962/818/797 964/819/798 192/800/779
f 64/412/391 738/811/790 1963/820/799 740/413/392
f 738/811/790 194/236/223 974/237/224 1963/820/799
f 1963/820/799 974/237/224 198/247/234 739/302/289
f 740/413/392 1963/820/799 739/302/289 65/301/288
f 1831/8/8 688/10/10 66/356/343 976/740/719
f 198/247/234 976/740/719 731/239/226 199/238/225
f 731/239/226 976/740/719 66/356/343 58/242/229
f 193/802/781 986/821/800 1968/822/801 959/816/795
f 959/816/795 1968/822/801 985/823/802 189/813/792
f 1000/250/237 1971/824/803 962/795/774 196/251/238
f 28/208/195 684/211/198 1964/825/804 1006/826/805
f 684/211/198 27/210/197 1001/827/806 1964/825/804
f 1964/825/804 1001/827/806 210/828/807 996/829/808
f 1006/826/805 1964/825/804 996/829/808 79/177/177
f 963/805/784 1969/830/809 988/831/810 190/806/785
f 1971/824/803 982/832/811 191/796/775 962/795/774
f 982/832/811 1969/830/809 963/805/784 191/796/775
f 192/800/779 987/833/812 1966/834/813 960/801/780
f 960/801/780 1966/834/813 986/821/800 193/802/781
f 189/813/792 985/823/802 1967/835/814 975/814/793
f 975/814/793 1967/835/814 993/1/1 194/236/223
f 192/800/779 964/819/798 1965/836/815 987/833/812
f 1965/836/815 988/831/810 208/267/254 994/269/256
f 987/833/812 1965/836/815 994/269/256 206/837/816
f 1966/834/813 987/833/812 206/837/816 990/838/817
f 986/821/800 1966/834/813 990/838/817 205/839/818
f 1967/835/814 985/823/802 204/840/819 992/841/820
f 993/1/1 1967/835/814 992/841/820 1/2/2
f 1965/836/815 964/819/798 190/806/785 988/831/810
f 197/394/373 715/393/372 1882/402/381 973/809/788
f 1968/822/801 986/821/800 205/839/818 989/842/821
f 985/823/802 1968/822/801 989/842/821 204/840/819
f 1969/830/809 982/832/811 207/212/199 991/843/822
f 988/831/810 1969/830/809 991/843/822 208/267/254
f 205/839/818 202/66/66 978/844/823 989/842/821
f 994/269/256 652/268/255 9/68/68 206/837/816
f 206/837/816 9/68/68 695/67/67 990/838/817
f 989/842/821 978/844/823 200/845/824 204/840/819
f 17/107/107 984/106/106 991/843/822 207/212/199
f 990/838/817 695/67/67 202/66/66 205/839/818
f 204/840/819 200/845/824 983/846/825 992/841/820
f 991/843/822 984/106/106 203/105/105 208/267/254
f 312/847/826 314/848/827 1296/849/828 1268/850/829
f 992/841/820 983/846/825 33/261/248 1/2/2
f 152/322/309 82/475/454 1009/851/830 877/323/310
f 973/809/788 1882/402/381 998/300/287 195/299/286
f 212/852/831 1004/853/832 1970/854/833 999/855/834
f 1004/853/832 211/856/835 685/857/836 1970/854/833
f 1970/854/833 685/857/836 77/358/345 757/368/355
f 999/855/834 1970/854/833 757/368/355 78/367/354
f 201/858/837 672/859/838 1971/824/803 1000/250/237
f 672/859/838 207/212/199 982/832/811 1971/824/803
f 72/360/347 979/860/839 1972/392/371 769/404/383
f 979/860/839 26/400/379 715/393/372 1972/392/371
f 77/358/345 685/857/836 1973/861/840 758/359/346
f 685/857/836 211/856/835 1002/862/841 1973/861/840
f 1973/861/840 1002/862/841 26/400/379 979/860/839
f 758/359/346 1973/861/840 979/860/839 72/360/347
f 998/300/287 209/403/382 997/863/842 1974/249/236
f 1974/249/236 997/863/842 201/858/837 1000/250/237
f 210/828/807 1005/864/843 1975/865/844 996/829/808
f 1005/864/843 212/852/831 999/855/834 1975/865/844
f 1975/865/844 999/855/834 78/367/354 756/373/360
f 996/829/808 1975/865/844 756/373/360 79/177/177
f 209/403/382 981/401/380 1976/866/845 1003/867/846
f 981/401/380 26/400/379 1002/862/841 1976/866/845
f 1976/866/845 1002/862/841 211/856/835 1004/853/832
f 1003/867/846 1976/866/845 1004/853/832 212/852/831
f 201/858/837 997/863/842 1977/868/847 995/869/848
f 997/863/842 209/403/382 1003/867/846 1977/868/847
f 1977/868/847 1003/867/846 212/852/831 1005/864/843
f 995/869/848 1977/868/847 1005/864/843 210/828/807
f 201/858/837 995/869/848 1978/870/849 672/859/838
f 995/869/848 210/828/807 1001/827/806 1978/870/849
f 1978/870/849 1001/827/806 27/210/197 980/213/200
f 672/859/838 1978/870/849 980/213/200 207/212/199
f 29/155/155 683/209/196 1979/871/850 670/176/176
f 28/208/195 1006/826/805 1979/871/850 683/209/196
f 79/177/177 670/176/176 1979/871/850 1006/826/805
f 769/404/383 84/405/384 770/417/396 1981/872/851
f 877/323/310 1009/851/830 213/555/534 151/313/300
f 81/397/376 1010/647/626 1980/873/852 767/398/377
f 1010/647/626 145/550/529 1008/556/535 1980/873/852
f 1980/873/852 1008/556/535 213/555/534 1009/851/830
f 767/398/377 1980/873/852 1009/851/830 82/475/454
f 72/360/347 769/404/383 1981/872/851 1011/874/853
f 1011/874/853 1981/872/851 771/875/854 382/876/855
f 72/360/347 1011/874/853 1982/371/358 747/147/147
f 1011/874/853 382/876/855 1012/372/359 1982/371/358
f 1369/877/856 2147/878/857 2148/879/858 1374/880/859
f 1981/872/851 770/417/396 384/422/401 771/875/854
f 218/881/860 1018/882/861 1983/883/861 1022/884/862
f 1018/882/861 41/279/266 661/277/264 1983/883/861
f 1983/883/861 661/277/264 42/276/263 1015/885/861
f 1022/884/862 1983/883/861 1015/885/861 215/886/863
f 74/887/864 219/888/865 1031/889/866 1024/890/867
f 1034/891/868 1041/892/869 224/893/870 217/894/871
f 215/886/863 1021/895/872 1984/896/873 1017/897/874
f 1021/895/872 214/898/875 1016/899/876 1984/896/873
f 1984/896/873 1016/899/876 76/185/182 751/381/364
f 1017/897/874 1984/896/873 751/381/364 75/379/363
f 42/276/263 662/283/270 1985/900/861 1015/885/861
f 662/283/270 43/282/269 673/901/877 1985/900/861
f 1985/900/861 673/901/877 214/898/875 1021/895/872
f 1015/885/861 1985/900/861 1021/895/872 215/886/863
f 76/185/182 1016/899/876 1986/902/878 674/182/180
f 1016/899/876 214/898/875 673/901/877 1986/902/878
f 1986/902/878 673/901/877 43/282/269 663/286/273
f 674/182/180 1986/902/878 663/286/273 44/179/179
f 220/903/879 1032/904/880 1025/905/881 216/906/882
f 1024/907/867 1031/908/866 220/903/879 216/906/882
f 41/279/266 1018/882/861 1987/909/861 660/272/259
f 1018/882/861 218/881/860 1020/910/883 1987/909/861
f 1987/909/861 1020/910/883 529/911/884 1014/912/861
f 660/272/259 1987/909/861 1014/912/861 332/273/260
f 222/376/361 1019/913/885 1988/914/886 750/377/362
f 1019/913/885 218/881/860 1022/884/862 1988/914/886
f 1988/914/886 1022/884/862 215/886/863 1017/897/874
f 750/377/362 1988/914/886 1017/897/874 75/379/363
f 521/915/887 1023/916/888 1989/917/889 1026/918/890
f 1023/916/888 74/887/864 1027/919/891 1989/917/889
f 1989/920/889 1027/921/891 222/376/361 1013/922/892
f 1026/923/890 1989/920/889 1013/922/892 527/924/893
f 74/887/864 1024/890/867 1990/925/894 1027/919/891
f 1024/907/867 216/906/882 1028/926/895 1990/927/894
f 1990/928/894 1028/929/895 218/881/860 1019/913/885
f 1027/921/891 1990/928/894 1019/913/885 222/376/361
f 216/906/882 1025/905/881 1991/930/896 1028/926/895
f 1025/905/881 523/931/897 1029/932/898 1991/930/896
f 1991/933/896 1029/934/898 529/911/884 1020/910/883
f 1028/929/895 1991/933/896 1020/910/883 218/881/860
f 521/915/887 530/935/899 1030/936/900 1023/916/888
f 1025/905/881 1032/904/880 531/937/901 523/931/897
f 224/893/870 1042/938/902 1035/939/903 217/894/871
f 1023/916/888 1030/936/900 219/888/865 74/887/864
f 369/940/904 1033/941/905 1992/942/906 1036/943/907
f 1033/941/905 73/944/908 1037/945/909 1992/942/906
f 1992/946/906 1037/947/909 221/389/369 748/387/368
f 1036/948/907 1992/946/906 748/387/368 534/386/367
f 73/944/908 1034/949/868 1993/950/910 1037/945/909
f 1034/891/868 217/894/871 1038/951/911 1993/952/910
f 1993/953/910 1038/954/911 222/376/361 749/391/370
f 1037/947/909 1993/953/910 749/391/370 221/389/369
f 217/894/871 1035/939/903 1994/955/912 1038/951/911
f 1035/939/903 537/956/913 1039/957/914 1994/955/912
f 1994/958/912 1039/959/914 527/924/893 1013/922/892
f 1038/954/911 1994/958/912 1013/922/892 222/376/361
f 369/940/904 538/960/915 1040/961/916 1033/941/905
f 1035/939/903 1042/938/902 539/962/917 537/956/913
f 541/963/918 1658/964/919 1653/965/920 526/966/921
f 1033/941/905 1040/961/916 223/967/922 73/944/908
f 1995/968/923 1044/969/924 226/500/479 621/502/481
f 1043/970/925 1995/968/923 621/502/481 225/496/475
f 1996/971/926 1043/970/925 225/496/475 623/499/478
f 1045/972/927 1996/971/926 623/499/478 227/492/471
f 1997/973/928 1045/972/927 227/492/471 625/495/474
f 1046/974/929 1997/973/928 625/495/474 228/488/467
f 1998/975/930 1046/974/929 228/488/467 627/491/470
f 1047/976/931 1998/975/930 627/491/470 229/482/461
f 1999/977/932 1047/976/931 229/482/461 629/485/464
f 1048/978/933 1999/977/932 629/485/464 547/487/466
f 2000/979/934 1050/980/935 549/480/459 763/481/460
f 1049/981/936 2000/979/934 763/481/460 230/477/456
f 2001/982/937 1052/983/938 232/396/375 764/399/378
f 1051/984/939 2001/982/937 764/399/378 231/476/455
f 2002/985/940 1053/986/941 233/503/482 766/549/528
f 1044/969/924 2002/985/940 766/549/528 226/500/479
f 1053/986/941 1051/984/939 231/476/455 233/503/482
f 694/34/34 2125/987/942 1360/988/943 367/225/212
f 2003/989/944 1049/981/936 230/477/456 1007/479/458
f 1052/983/938 2003/989/944 1007/479/458 232/396/375
f 15/76/76 636/75/75 2004/990/945 1054/991/946
f 636/75/75 14/43/43 658/992/947 2004/990/945
f 2004/990/945 658/992/947 240/128/128 1062/134/134
f 1054/991/946 2004/990/945 1062/134/134 234/90/90
f 14/43/43 635/42/42 2005/993/948 658/992/947
f 635/42/42 13/41/41 657/994/949 2005/993/948
f 2005/993/948 657/994/949 239/122/122 1063/129/129
f 658/992/947 2005/993/948 1063/129/129 240/128/128
f 13/41/41 634/79/79 2006/995/950 657/994/949
f 634/79/79 12/52/52 656/996/951 2006/995/950
f 2006/995/950 656/996/951 238/116/116 1064/123/123
f 657/994/949 2006/995/950 1064/123/123 239/122/122
f 12/52/52 633/51/51 2007/997/952 656/996/951
f 633/51/51 11/50/50 655/998/953 2007/997/952
f 2007/997/952 655/998/953 237/110/110 1065/117/117
f 656/996/951 2007/997/952 1065/117/117 238/116/116
f 11/50/50 632/82/82 2008/999/954 655/998/953
f 632/82/82 10/70/70 654/1000/955 2008/999/954
f 2008/999/954 654/1000/955 236/101/101 1066/111/111
f 655/998/953 2008/999/954 1066/111/111 237/110/110
f 304/61/61 638/60/60 2009/1001/956 653/1002/957
f 638/60/60 16/59/59 651/1003/958 2009/1001/956
f 2009/1001/956 651/1003/958 235/86/86 1067/96/96
f 653/1002/957 2009/1001/956 1067/96/96 555/95/95
f 16/59/59 637/85/85 2010/1004/959 651/1003/958
f 637/85/85 15/76/76 1054/991/946 2010/1004/959
f 2010/1004/959 1054/991/946 234/90/90 1068/87/87
f 651/1003/958 2010/1004/959 1068/87/87 235/86/86
f 254/1005/960 1098/1006/961 2011/1007/962 1071/1008/963
f 1098/1006/961 251/1009/964 1088/1010/965 2011/1007/962
f 2011/1007/962 1088/1010/965 247/71/71 1077/83/83
f 1071/1008/963 2011/1007/962 1077/83/83 243/57/57
f 253/1011/966 1097/1012/967 2012/1013/968 1070/1014/969
f 1097/1012/967 250/1015/970 1087/1016/971 2012/1013/968
f 2012/1013/968 1087/1016/971 246/62/62 1078/80/80
f 1070/1014/969 2012/1013/968 1078/80/80 242/48/48
f 252/1017/972 1096/1018/973 2013/1019/974 1069/1020/975
f 1096/1018/973 249/1021/976 1085/1022/977 2013/1019/974
f 2013/1019/974 1085/1022/977 245/44/44 1079/77/77
f 1069/1020/975 2013/1019/974 1079/77/77 241/39/39
f 251/1009/964 1095/1023/978 2014/1024/979 1088/1010/965
f 1095/1023/978 248/1025/980 1084/1026/981 2014/1024/979
f 2014/1024/979 1084/1026/981 244/35/35 1080/72/72
f 1088/1010/965 2014/1024/979 1080/72/72 247/71/71
f 571/1027/982 1094/1028/983 2015/1029/984 1086/1030/985
f 1094/1028/983 254/1005/960 1071/1008/963 2015/1029/984
f 2015/1029/984 1071/1008/963 243/57/57 1081/54/54
f 1086/1030/985 2015/1029/984 1081/54/54 566/53/53
f 249/1021/976 1093/1031/986 2016/1032/987 1085/1022/977
f 1093/1031/986 253/1011/966 1070/1014/969 2016/1032/987
f 2016/1032/987 1070/1014/969 242/48/48 1082/45/45
f 1085/1022/977 2016/1032/987 1082/45/45 245/44/44
f 248/1025/980 1092/1033/988 2017/1034/989 1084/1026/981
f 1092/1033/988 252/1017/972 1069/1020/975 2017/1034/989
f 2017/1034/989 1069/1020/975 241/39/39 1083/36/36
f 1084/1026/981 2017/1034/989 1083/36/36 244/35/35
f 35/258/245 708/266/253 2018/1035/990 696/1036/991
f 708/266/253 34/260/247 1089/1037/992 2018/1035/990
f 2018/1035/990 1089/1037/992 252/1017/972 1092/1033/988
f 696/1036/991 2018/1035/990 1092/1033/988 248/1025/980
f 37/255/242 707/264/251 2019/1038/993 697/1039/994
f 707/264/251 36/257/244 1090/1040/995 2019/1038/993
f 2019/1038/993 1090/1040/995 253/1011/966 1093/1031/986
f 697/1039/994 2019/1038/993 1093/1031/986 249/1021/976
f 329/265/252 706/263/250 2020/1041/996 698/1042/997
f 706/263/250 38/254/241 1091/1043/998 2020/1041/996
f 2020/1041/996 1091/1043/998 254/1005/960 1094/1028/983
f 698/1042/997 2020/1041/996 1094/1028/983 571/1027/982
f 40/214/201 704/259/246 2021/1044/999 700/1045/1000
f 704/259/246 35/258/245 696/1036/991 2021/1044/999
f 2021/1044/999 696/1036/991 248/1025/980 1095/1023/978
f 700/1045/1000 2021/1044/999 1095/1023/978 251/1009/964
f 34/260/247 703/256/243 2022/1046/1001 1089/1037/992
f 703/256/243 37/255/242 697/1039/994 2022/1046/1001
f 2022/1046/1001 697/1039/994 249/1021/976 1096/1018/973
f 1089/1037/992 2022/1046/1001 1096/1018/973 252/1017/972
f 36/257/244 702/253/240 2023/1047/1002 1090/1040/995
f 702/253/240 39/252/239 699/1048/1003 2023/1047/1002
f 2023/1047/1002 699/1048/1003 250/1015/970 1097/1012/967
f 1090/1040/995 2023/1047/1002 1097/1012/967 253/1011/966
f 38/254/241 701/215/202 2024/1049/1004 1091/1043/998
f 701/215/202 40/214/201 700/1045/1000 2024/1049/1004
f 2024/1049/1004 700/1045/1000 251/1009/964 1098/1006/961
f 1091/1043/998 2024/1049/1004 1098/1006/961 254/1005/960
f 39/252/239 705/262/249 2025/1050/1005 699/1048/1003
f 705/262/249 33/261/248 983/846/825 2025/1050/1005
f 2025/1050/1005 983/846/825 200/845/824 1099/1051/1006
f 699/1048/1003 2025/1050/1005 1099/1051/1006 250/1015/970
f 250/1015/970 1099/1051/1006 2026/1052/1007 1087/1016/971
f 1099/1051/1006 200/845/824 978/844/823 2026/1052/1007
f 2026/1052/1007 978/844/823 202/66/66 1100/63/63
f 1087/1016/971 2026/1052/1007 1100/63/63 246/62/62
f 10/70/70 631/69/69 2027/1053/1008 654/1000/955
f 631/69/69 9/68/68 652/268/255 2027/1053/1008
f 2027/1053/1008 652/268/255 203/105/105 1101/102/102
f 654/1000/955 2027/1053/1008 1101/102/102 236/101/101
f 1116/1054/1009 256/1055/1010 1104/1056/1011 2037/1057/1012
f 2028/295/282 2039/1058/1013 1117/1059/1014 1126/296/283
f 2344/298/285 2351/1060/1015 1127/1061/1016 709/270/257
f 2029/293/280 2042/1062/1017 1114/1063/1018 1125/294/281
f 1114/1063/1018 2039/1058/1013 2028/295/282 1125/294/281
f 2030/291/278 2045/1064/1019 1111/1065/1020 1124/292/279
f 1111/1065/1020 2042/1062/1017 2029/293/280 1124/292/279
f 2031/289/276 2038/1066/1021 1128/1067/1022 1123/290/277
f 1123/290/277 1128/1067/1022 2045/1064/1019 2030/291/278
f 2032/287/274 2041/1068/1023 1115/1069/1024 1122/288/275
f 1115/1069/1024 2038/1066/1021 2031/289/276 1122/288/275
f 2033/284/271 2044/1070/1025 1112/1071/1026 1121/285/272
f 1112/1071/1026 2041/1068/1023 2032/287/274 1121/285/272
f 2034/280/267 2037/1072/1012 1129/1073/1027 1120/281/268
f 1120/281/268 1129/1073/1027 2044/1070/1025 2033/284/271
f 2035/274/261 2040/1074/1028 1116/1075/1009 1119/275/262
f 1116/1075/1009 2037/1072/1012 2034/280/267 1119/275/262
f 2036/271/258 2043/1076/1029 1113/1077/1030 1118/278/265
f 1113/1077/1030 2040/1074/1028 2035/274/261 1118/278/265
f 1115/1078/1024 259/1079/1031 1107/1080/1032 2038/1081/1021
f 2038/1081/1021 1107/1080/1032 260/1082/1033 1128/1083/1022
f 1114/1084/1018 262/1085/1034 1110/1086/1035 2039/1087/1013
f 2039/1087/1013 1110/1086/1035 586/1088/1036 1117/1089/1014
f 1113/1090/1030 255/1091/1037 1103/1092/1038 2040/1093/1028
f 2040/1093/1028 1103/1092/1038 256/1055/1010 1116/1054/1009
f 1112/1094/1026 258/1095/1039 1106/1096/1040 2041/1097/1023
f 2041/1097/1023 1106/1096/1040 259/1079/1031 1115/1078/1024
f 1111/1098/1020 261/1099/1041 1109/1100/1042 2042/1101/1017
f 2042/1101/1017 1109/1100/1042 262/1085/1034 1114/1084/1018
f 1127/1102/1016 577/1103/1043 1102/1104/1044 2043/1105/1029
f 2043/1105/1029 1102/1104/1044 255/1091/1037 1113/1090/1030
f 1129/1106/1027 257/1107/1045 1105/1108/1046 2044/1109/1025
f 2044/1109/1025 1105/1108/1046 258/1095/1039 1112/1094/1026
f 1128/1083/1022 260/1082/1033 1108/1110/1047 2045/1111/1019
f 2045/1111/1019 1108/1110/1047 261/1099/1041 1111/1098/1020
f 2046/1112/1048 2077/1113/1049 1137/1114/1050 1143/1115/1051
f 1137/1114/1050 2079/1116/1052 2048/1117/1053 1143/1115/1051
f 2047/1118/1054 2078/1119/1055 1138/1120/1056 1144/1121/1057
f 1138/1120/1056 2081/1122/1058 2050/1123/1059 1144/1121/1057
f 2048/1117/1053 2079/1116/1052 1156/1124/1060 1145/1125/1061
f 1145/1125/1061 1156/1124/1060 2073/1126/1062 2051/1127/1063
f 2049/1128/1064 2080/1129/1065 1157/1130/1066 1146/1131/1067
f 1146/1131/1067 1157/1130/1066 2074/1132/1068 2052/1133/1069
f 2050/1123/1059 2081/1122/1058 1158/1134/1070 1147/1135/1071
f 1147/1135/1071 1158/1134/1070 2075/1136/1072 2053/1137/1073
f 2051/1127/1063 2073/1126/1062 1133/1138/1074 1148/1139/1075
f 1133/1138/1074 2076/1140/1076 2054/1141/1077 1148/1139/1075
f 2052/1133/1069 2074/1132/1068 1134/1142/1078 1130/1143/1079
f 1130/1143/1079 1134/1142/1078 2077/1113/1049 2046/1112/1048
f 2053/1137/1073 2075/1136/1072 1135/1144/1080 1149/1145/1081
f 2357/1146/1082 2388/1147/1083 1159/1148/1084 1132/1149/1085
f 2054/1141/1077 2076/1140/1076 1136/1150/1086 1131/1151/1087
f 1131/1151/1087 1136/1150/1086 2078/1119/1055 2047/1118/1054
f 275/1152/1088 1207/1153/1089 2055/1154/1090 1184/1155/1091
f 1207/1153/1089 278/1156/1092 1198/1157/1093 2055/1154/1090
f 282/1158/1094 1226/1159/1095 2056/1160/1096 1212/1161/1097
f 1226/1159/1095 279/1162/1098 1169/1163/1099 2056/1160/1096
f 2056/1160/1096 2096/1164/1100 1183/1165/1101 1212/1161/1097
f 1183/1165/1101 2093/1166/1102 2059/1167/1103 1212/1161/1097
f 283/1168/1104 1225/1169/1105 2057/1170/1106 1213/1171/1107
f 1225/1169/1105 280/1172/1108 1170/1173/1109 2057/1170/1106
f 2057/1170/1106 2095/1174/1110 1185/1175/1111 1213/1171/1107
f 1185/1175/1111 2092/1176/1112 2060/1177/1113 1213/1171/1107
f 613/1178/1114 1224/1179/1115 2058/1180/1116 1214/1181/1117
f 1224/1179/1115 281/1182/1118 1171/1183/1119 2058/1180/1116
f 2058/1180/1116 2094/1184/1120 1186/1185/1121 1214/1181/1117
f 2371/1186/1122 2406/1187/1123 1190/1188/1124 1172/1189/1125
f 284/1190/1126 1223/1191/1127 2059/1167/1103 1215/1192/1128
f 1223/1191/1127 282/1158/1094 1212/1161/1097 2059/1167/1103
f 2059/1167/1103 2093/1166/1102 1187/1193/1129 1215/1192/1128
f 1187/1193/1129 2091/1194/1130 2061/1195/1131 1215/1192/1128
f 285/1196/1132 1222/1197/1133 2060/1177/1113 1216/1198/1134
f 1222/1197/1133 283/1168/1104 1213/1171/1107 2060/1177/1113
f 2060/1177/1113 2092/1176/1112 1188/1199/1135 1216/1198/1134
f 1188/1199/1135 2099/1200/1136 2062/1201/1137 1216/1198/1134
f 286/1202/1138 1221/1203/1139 2061/1195/1131 1217/1204/1140
f 1221/1203/1139 284/1190/1126 1215/1192/1128 2061/1195/1131
f 2061/1195/1131 2091/1194/1130 1192/1205/1141 1217/1204/1140
f 1192/1205/1141 2097/1206/1142 2090/1207/1143 1217/1204/1140
f 279/1162/1098 1220/1208/1144 2062/1201/1137 1169/1163/1099
f 1220/1208/1144 285/1196/1132 1216/1198/1134 2062/1201/1137
f 2062/1201/1137 2099/1200/1136 1194/1209/1145 1169/1163/1099
f 1169/1163/1099 1194/1209/1145 2096/1164/1100 2056/1160/1096
f 280/1172/1108 1219/1210/1146 2063/1211/1147 1170/1173/1109
f 1219/1210/1146 610/1212/1148 1172/1213/1125 2063/1211/1147
f 2063/1211/1147 2098/1214/1149 1179/1215/1150 1170/1173/1109
f 1170/1173/1109 1179/1215/1150 2095/1174/1110 2057/1170/1106
f 2417/1216/1151 2380/1217/1152 1746/1218/1153 1822/1219/1154
f 1229/1220/1155 2117/1221/1156 2064/1222/1157 1141/1223/1158
f 2064/1222/1157 2100/1224/1159 1210/1225/1160 1141/1223/1158
f 1142/1226/1161 1211/1227/1162 2101/1228/1163 2065/1229/1164
f 2117/1221/1156 1155/1230/1165 1236/1231/1166 2064/1222/1157
f 1228/1232/1167 2116/1233/1168 2065/1229/1164 1140/1234/1169
f 2065/1229/1164 2101/1228/1163 1209/1235/1170 1140/1234/1169
f 1177/1236/1171 2102/1237/1172 2066/1238/1173 1235/1239/1174
f 2116/1233/1168 1230/1240/1175 1142/1226/1161 2065/1229/1164
f 1227/1241/1176 2115/1242/1177 2066/1238/1173 1139/1243/1178
f 2066/1238/1173 2102/1237/1172 1208/1244/1179 1139/1243/1178
f 1176/1245/1180 2103/1246/1181 2067/1247/1182 1234/1248/1183
f 2115/1242/1177 1154/1249/1184 1235/1239/1174 2066/1238/1173
f 1155/1230/1165 2114/1250/1185 2067/1247/1182 1236/1231/1166
f 2067/1247/1182 2103/1246/1181 1178/1251/1186 1236/1231/1166
f 1174/1252/1187 2104/1253/1188 2068/1254/1189 1232/1255/1190
f 2114/1250/1185 1153/1256/1191 1234/1248/1183 2067/1247/1182
f 1154/1249/1184 2113/1257/1192 2068/1254/1189 1235/1239/1174
f 2068/1254/1189 2104/1253/1188 1177/1236/1171 1235/1239/1174
f 1173/1258/1193 2105/1259/1194 2069/1260/1195 1231/1261/1196
f 2113/1257/1192 1151/1262/1197 1232/1255/1190 2068/1254/1189
f 1153/1256/1191 2112/1263/1198 2069/1260/1195 1234/1248/1183
f 2069/1260/1195 2105/1259/1194 1176/1245/1180 1234/1248/1183
f 1141/1223/1158 1210/1225/1160 2106/1264/1199 2070/1265/1200
f 2112/1263/1198 1150/1266/1201 1231/1261/1196 2069/1260/1195
f 1152/1267/1202 2111/1268/1203 2070/1265/1200 1233/1269/1204
f 2070/1265/1200 2106/1264/1199 1175/1270/1205 1233/1269/1204
f 1140/1234/1169 1209/1235/1170 2107/1271/1206 2071/1272/1207
f 2111/1268/1203 1229/1220/1155 1141/1223/1158 2070/1265/1200
f 1151/1262/1197 2110/1273/1208 2071/1272/1207 1232/1255/1190
f 2071/1272/1207 2107/1271/1206 1174/1252/1187 1232/1255/1190
f 1139/1243/1178 1208/1244/1179 2108/1274/1209 2072/1275/1210
f 2110/1273/1208 1228/1232/1167 1140/1234/1169 2071/1272/1207
f 1150/1266/1201 2109/1276/1211 2072/1275/1210 1231/1261/1196
f 2072/1275/1210 2108/1274/1209 1173/1258/1193 1231/1261/1196
f 2372/1277/1212 2408/1278/1213 1779/1279/1214 1829/1280/1215
f 262/1281/1216 1147/1282/1217 2053/1283/1218 1110/1284/1219
f 1107/1285/1220 2054/1286/1221 1131/1287/1222 260/1288/1223
f 255/1289/1224 1146/1290/1225 2052/1291/1226 1103/1292/1227
f 1110/1284/1219 2053/1283/1218 1149/1293/1228 586/1294/1228
f 258/1295/1229 1145/1296/1230 2051/1297/1231 1106/1298/1232
f 1103/1292/1227 2052/1291/1226 1130/1299/1233 256/1300/1234
f 261/1301/1235 1144/1302/1236 2050/1303/1237 1109/1304/1238
f 1106/1298/1232 2051/1297/1231 1148/1305/1239 259/1306/1240
f 577/1307/1241 1132/1308/1241 2049/1309/1242 1102/1310/1243
f 1109/1304/1238 2050/1303/1237 1147/1282/1217 262/1281/1216
f 257/1311/1244 1143/1312/1245 2048/1313/1246 1105/1314/1247
f 1102/1310/1243 2049/1309/1242 1146/1290/1225 255/1289/1224
f 260/1288/1223 1131/1287/1222 2047/1315/1248 1108/1316/1249
f 1105/1314/1247 2048/1313/1246 1145/1296/1230 258/1295/1229
f 256/1300/1234 1130/1299/1233 2046/1317/1250 1104/1318/1251
f 1108/1316/1249 2047/1315/1248 1144/1302/1236 261/1301/1235
f 583/1319/1252 1740/1320/1253 2362/1321/1254 1719/1322/1255
f 1104/1318/1251 2046/1317/1250 1143/1312/1245 257/1311/1244
f 2073/1126/1062 2109/1276/1211 1150/1266/1201 1133/1138/1074
f 1157/1130/1066 1228/1232/1167 2110/1273/1208 2074/1132/1068
f 2074/1132/1068 2110/1273/1208 1151/1262/1197 1134/1142/1078
f 1158/1134/1070 1229/1220/1155 2111/1268/1203 2075/1136/1072
f 2075/1136/1072 2111/1268/1203 1152/1267/1202 1135/1144/1080
f 1133/1138/1074 1150/1266/1201 2112/1263/1198 2076/1140/1076
f 2076/1140/1076 2112/1263/1198 1153/1256/1191 1136/1150/1086
f 1134/1142/1078 1151/1262/1197 2113/1257/1192 2077/1113/1049
f 2077/1113/1049 2113/1257/1192 1154/1249/1184 1137/1114/1050
f 1136/1150/1086 1153/1256/1191 2114/1250/1185 2078/1119/1055
f 2078/1119/1055 2114/1250/1185 1155/1230/1165 1138/1120/1056
f 1137/1114/1050 1154/1249/1184 2115/1242/1177 2079/1116/1052
f 2079/1116/1052 2115/1242/1177 1227/1241/1176 1156/1124/1060
f 1159/1323/1084 1230/1240/1175 2116/1233/1168 2080/1129/1065
f 2080/1129/1065 2116/1233/1168 1228/1232/1167 1157/1130/1066
f 1138/1120/1056 1155/1230/1165 2117/1221/1156 2081/1122/1058
f 2081/1122/1058 2117/1221/1156 1229/1220/1155 1158/1134/1070
f 2381/1324/1256 2417/1216/1151 1822/1219/1154 1760/1325/1257
f 271/1326/1258 1206/1327/1259 2082/1328/1260 1189/1329/1261
f 1206/1327/1259 598/1330/1262 1180/1331/1263 2082/1328/1260
f 272/1332/1264 1205/1333/1265 2083/1334/1266 1191/1335/1267
f 1205/1333/1265 273/1336/1268 1182/1337/1269 2083/1334/1266
f 274/1338/1270 1204/1339/1271 2084/1340/1272 1193/1341/1273
f 1204/1339/1271 275/1152/1088 1184/1155/1091 2084/1340/1272
f 276/1342/1274 1203/1343/1275 2085/1344/1276 1195/1345/1277
f 1203/1343/1275 271/1326/1258 1189/1329/1261 2085/1344/1276
f 604/1346/1278 1202/1347/1279 2086/1348/1280 1196/1349/1281
f 1202/1347/1279 272/1332/1264 1191/1335/1267 2086/1348/1280
f 277/1350/1282 1201/1351/1283 2087/1352/1284 1197/1353/1285
f 1201/1351/1283 274/1338/1270 1193/1341/1273 2087/1352/1284
f 278/1156/1092 1200/1354/1286 2088/1355/1287 1198/1157/1093
f 1200/1354/1286 276/1342/1274 1195/1345/1277 2088/1355/1287
f 273/1336/1268 1199/1356/1288 2089/1357/1289 1182/1337/1269
f 1199/1356/1288 277/1350/1282 1197/1353/1285 2089/1357/1289
f 2083/1358/1266 1167/1359/1290 270/1360/1291 1191/1361/1267
f 2084/1362/1272 1184/1363/1091 266/1364/1292 1164/1365/1293
f 2084/1362/1272 1164/1365/1293 267/1366/1294 1193/1367/1273
f 2085/1368/1276 1189/1369/1261 263/1370/1295 1161/1371/1296
f 2085/1368/1276 1161/1371/1296 264/1372/1297 1195/1373/1277
f 2086/1374/1280 1191/1361/1267 270/1360/1291 1168/1375/1298
f 2086/1374/1280 1168/1375/1298 596/1376/1299 1196/1377/1281
f 2087/1378/1284 1193/1367/1273 267/1366/1294 1165/1379/1300
f 2087/1378/1284 1165/1379/1300 268/1380/1301 1197/1381/1285
f 2088/1382/1287 1195/1373/1277 264/1372/1297 1162/1383/1302
f 2088/1382/1287 1162/1383/1302 265/1384/1303 1198/1385/1093
f 2089/1386/1289 1197/1381/1285 268/1380/1301 1166/1387/1304
f 2089/1386/1289 1166/1387/1304 269/1388/1305 1182/1389/1269
f 2055/1390/1090 1198/1385/1093 265/1384/1303 1163/1391/1306
f 2055/1390/1090 1163/1391/1306 266/1364/1292 1184/1363/1091
f 2082/1392/1260 1180/1393/1263 587/1394/1307 1160/1395/1308
f 2082/1392/1260 1160/1395/1308 263/1370/1295 1189/1369/1261
f 1770/1396/1309 2391/1397/1310 1789/1398/1311 595/1399/1312
f 281/1182/1118 1218/1400/1313 2090/1207/1143 1171/1183/1119
f 1218/1400/1313 286/1202/1138 1217/1204/1140 2090/1207/1143
f 2090/1207/1143 2097/1206/1142 1181/1401/1314 1171/1183/1119
f 1171/1183/1119 1181/1401/1314 2094/1184/1120 2058/1180/1116
f 2091/1194/1130 1187/1193/1129 277/1350/1282 1199/1356/1288
f 1192/1205/1141 2091/1194/1130 1199/1356/1288 273/1336/1268
f 2092/1176/1112 1185/1175/1111 276/1342/1274 1200/1354/1286
f 1188/1199/1135 2092/1176/1112 1200/1354/1286 278/1156/1092
f 2093/1166/1102 1183/1165/1101 274/1338/1270 1201/1351/1283
f 1187/1193/1129 2093/1166/1102 1201/1351/1283 277/1350/1282
f 2094/1184/1120 1181/1401/1314 272/1332/1264 1202/1347/1279
f 1186/1185/1121 2094/1184/1120 1202/1347/1279 604/1346/1278
f 2095/1174/1110 1179/1215/1150 271/1326/1258 1203/1343/1275
f 1185/1175/1111 2095/1174/1110 1203/1343/1275 276/1342/1274
f 2096/1164/1100 1194/1209/1145 275/1152/1088 1204/1339/1271
f 1183/1165/1101 2096/1164/1100 1204/1339/1271 274/1338/1270
f 2097/1206/1142 1192/1205/1141 273/1336/1268 1205/1333/1265
f 1181/1401/1314 2097/1206/1142 1205/1333/1265 272/1332/1264
f 2098/1214/1149 1190/1402/1124 598/1330/1262 1206/1327/1259
f 1179/1215/1150 2098/1214/1149 1206/1327/1259 271/1326/1258
f 2099/1200/1136 1188/1199/1135 278/1156/1092 1207/1153/1089
f 1194/1209/1145 2099/1200/1136 1207/1153/1089 275/1152/1088
f 2100/1224/1159 1178/1251/1186 286/1202/1138 1218/1400/1313
f 1210/1225/1160 2100/1224/1159 1218/1400/1313 281/1182/1118
f 2101/1228/1163 1211/1227/1162 610/1212/1148 1219/1210/1146
f 1209/1235/1170 2101/1228/1163 1219/1210/1146 280/1172/1108
f 2102/1237/1172 1177/1236/1171 285/1196/1132 1220/1208/1144
f 1208/1244/1179 2102/1237/1172 1220/1208/1144 279/1162/1098
f 2103/1246/1181 1176/1245/1180 284/1190/1126 1221/1203/1139
f 1178/1251/1186 2103/1246/1181 1221/1203/1139 286/1202/1138
f 2104/1253/1188 1174/1252/1187 283/1168/1104 1222/1197/1133
f 1177/1236/1171 2104/1253/1188 1222/1197/1133 285/1196/1132
f 2105/1259/1194 1173/1258/1193 282/1158/1094 1223/1191/1127
f 1176/1245/1180 2105/1259/1194 1223/1191/1127 284/1190/1126
f 2106/1264/1199 1210/1225/1160 281/1182/1118 1224/1179/1115
f 1175/1270/1205 2106/1264/1199 1224/1179/1115 613/1178/1114
f 2107/1271/1206 1209/1235/1170 280/1172/1108 1225/1169/1105
f 1174/1252/1187 2107/1271/1206 1225/1169/1105 283/1168/1104
f 2108/1274/1209 1208/1244/1179 279/1162/1098 1226/1159/1095
f 1173/1258/1193 2108/1274/1209 1226/1159/1095 282/1158/1094
f 2118/1403/1315 1304/1404/1316 288/1405/1317 1238/1406/1318
f 1616/1407/1319 2118/1403/1315 1238/1406/1318 287/1408/1320
f 2119/1409/1321 1305/1410/1322 289/1411/1323 1239/1412/1324
f 1304/1404/1316 2119/1409/1321 1239/1412/1324 288/1405/1317
f 2120/1413/1325 1306/1414/1326 290/1415/1327 1240/1416/1328
f 1305/1410/1322 2120/1413/1325 1240/1416/1328 289/1411/1323
f 2121/1417/1329 1307/1418/1330 291/1419/1331 1242/1420/1332
f 1306/1414/1326 2121/1417/1329 1242/1420/1332 290/1415/1327
f 2122/1421/1333 1308/1422/1334 292/1423/1335 1244/1424/1336
f 1307/1418/1330 2122/1421/1333 1244/1424/1336 291/1419/1331
f 2123/1425/1337 1309/1426/1338 293/1427/1339 1246/1428/1340
f 1308/1422/1334 2123/1425/1337 1246/1428/1340 292/1423/1335
f 2124/1429/1341 1310/1430/1342 294/1431/1343 1248/1432/1344
f 1309/1426/1338 2124/1429/1341 1248/1432/1344 293/1427/1339
f 2125/987/942 694/34/34 295/33/33 1250/1433/1345
f 1310/1430/1342 2125/987/942 1250/1433/1345 294/1431/1343
f 564/1434/1346 1686/1435/1347 2126/1436/1348 1696/1437/1349
f 1686/1435/1347 301/1438/1350 1255/1439/1351 2126/1436/1348
f 2126/1436/1348 1255/1439/1351 300/1440/1352 1259/1441/1353
f 1696/1437/1349 2126/1436/1348 1259/1441/1353 561/1442/1354
f 565/1443/1355 1687/1444/1356 2127/1445/1357 1695/1446/1358
f 1687/1444/1356 299/1447/1359 1253/1448/1360 2127/1445/1357
f 2127/1445/1357 1253/1448/1360 298/1449/1361 1260/1450/1362
f 1695/1446/1358 2127/1445/1357 1260/1450/1362 562/1451/1363
f 566/53/53 1074/56/56 2128/1452/1364 1694/1453/1365
f 1074/56/56 304/61/61 1258/1454/1366 2128/1452/1364
f 2128/1452/1364 1258/1454/1366 303/1455/1367 1261/1456/1368
f 1694/1453/1365 2128/1452/1364 1261/1456/1368 563/1457/1369
f 567/1458/1370 1688/1459/1371 2129/1460/1372 1712/1461/1373
f 1688/1459/1371 297/1462/1374 1251/1463/1375 2129/1460/1372
f 2129/1460/1372 1251/1463/1375 296/1464/1376 1311/1465/1377
f 1712/1461/1373 2129/1460/1372 1311/1465/1377 509/1466/1378
f 568/1467/1379 1689/1468/1380 2130/1469/1381 1693/1470/1382
f 1689/1468/1380 302/1471/1383 1256/1472/1384 2130/1469/1381
f 2130/1469/1381 1256/1472/1384 301/1438/1350 1686/1435/1347
f 1693/1470/1382 2130/1469/1381 1686/1435/1347 564/1434/1346
f 561/1442/1354 1259/1441/1353 2131/1473/1385 1692/1474/1386
f 1259/1441/1353 300/1440/1352 1254/1475/1387 2131/1473/1385
f 2131/1473/1385 1254/1475/1387 299/1447/1359 1687/1444/1356
f 1692/1474/1386 2131/1473/1385 1687/1444/1356 565/1443/1355
f 562/1451/1363 1260/1450/1362 2132/1476/1388 1691/1477/1389
f 1260/1450/1362 298/1449/1361 1252/1478/1390 2132/1476/1388
f 2132/1476/1388 1252/1478/1390 297/1462/1374 1688/1459/1371
f 1691/1477/1389 2132/1476/1388 1688/1459/1371 567/1458/1370
f 563/1457/1369 1261/1456/1368 2133/1479/1391 1690/1480/1392
f 1261/1456/1368 303/1455/1367 1257/1481/1393 2133/1479/1391
f 2133/1479/1391 1257/1481/1393 302/1471/1383 1689/1468/1380
f 1690/1480/1392 2133/1479/1391 1689/1468/1380 568/1467/1379
f 554/1482/1394 1670/1483/1395 2134/1484/1396 1682/1485/1397
f 1670/1483/1395 312/847/826 1268/850/829 2134/1484/1396
f 2134/1484/1396 1268/850/829 311/1486/1398 1270/1487/1399
f 1682/1485/1397 2134/1484/1396 1270/1487/1399 553/1488/1400
f 555/95/95 1056/98/98 2135/1489/1401 1681/1490/1402
f 1056/98/98 313/100/100 1269/1491/1403 2135/1489/1401
f 2135/1489/1401 1269/1491/1403 312/847/826 1670/1483/1395
f 1681/1490/1402 2135/1489/1401 1670/1483/1395 554/1482/1394
f 556/1492/1404 1671/1493/1405 2136/1494/1406 1713/1495/1407
f 1671/1493/1405 306/1496/1408 1262/1497/1409 2136/1494/1406
f 2136/1494/1406 1262/1497/1409 305/1498/1410 1607/1499/1411
f 1713/1495/1407 2136/1494/1406 1607/1499/1411 510/1500/1412
f 557/1501/1413 1672/1502/1414 2137/1503/1415 1680/1504/1416
f 1672/1502/1414 307/1505/1417 1263/1506/1418 2137/1503/1415
f 2137/1503/1415 1263/1506/1418 306/1496/1408 1671/1493/1405
f 1680/1504/1416 2137/1503/1415 1671/1493/1405 556/1492/1404
f 558/1507/1419 1673/1508/1420 2138/1509/1421 1679/1510/1422
f 1673/1508/1420 308/1511/1423 1264/1512/1424 2138/1509/1421
f 2138/1509/1421 1264/1512/1424 307/1505/1417 1672/1502/1414
f 1679/1510/1422 2138/1509/1421 1672/1502/1414 557/1501/1413
f 559/1513/1425 1674/1514/1426 2139/1515/1427 1678/1516/1428
f 1674/1514/1426 309/1517/1429 1265/1518/1430 2139/1515/1427
f 2139/1515/1427 1265/1518/1430 308/1511/1423 1673/1508/1420
f 1678/1516/1428 2139/1515/1427 1673/1508/1420 558/1507/1419
f 560/1519/1431 1675/1520/1432 2140/1521/1433 1677/1522/1434
f 1675/1520/1432 310/1523/1435 1266/1524/1436 2140/1521/1433
f 2140/1521/1433 1266/1524/1436 309/1517/1429 1674/1514/1426
f 1677/1522/1434 2140/1521/1433 1674/1514/1426 559/1513/1425
f 553/1488/1400 1270/1487/1399 2141/1525/1437 1676/1526/1438
f 1270/1487/1399 311/1486/1398 1267/1527/1439 2141/1525/1437
f 2141/1525/1437 1267/1527/1439 310/1523/1435 1675/1520/1432
f 1676/1526/1438 2141/1525/1437 1675/1520/1432 560/1519/1431
f 315/137/137 671/140/140 2142/383/366 1303/1528/1440
f 2148/879/858 2147/878/857 1292/1529/1441 1324/1530/1442
f 2153/382/365 1328/1531/1443 1278/1532/1444 2142/383/366
f 1303/1528/1440 2142/383/366 1278/1532/1444 314/848/827
f 320/1533/1445 1293/1534/1446 2143/1535/1447 1299/1536/1448
f 1293/1534/1446 1325/1537/1449 2149/1538/1450 2143/1535/1447
f 2149/1538/1450 1324/1530/1442 1292/1529/1441 2143/1535/1447
f 1299/1536/1448 2143/1535/1447 1292/1529/1441 319/1539/1451
f 321/1540/1452 1294/1541/1453 2144/1542/1454 1298/1543/1455
f 1294/1541/1453 1326/1544/1456 2150/1545/1457 2144/1542/1454
f 2150/1545/1457 1325/1537/1449 1293/1534/1446 2144/1542/1454
f 1298/1543/1455 2144/1542/1454 1293/1534/1446 320/1533/1445
f 322/1546/1458 1295/1547/1459 2145/1548/1460 1297/1549/1461
f 1295/1547/1459 1327/1550/1462 2151/1551/1463 2145/1548/1460
f 2151/1551/1463 1326/1544/1456 1294/1541/1453 2145/1548/1460
f 1297/1549/1461 2145/1548/1460 1294/1541/1453 321/1540/1452
f 314/848/827 1278/1532/1444 2146/1552/1464 1296/849/828
f 1278/1532/1444 1328/1531/1443 2152/1553/1465 2146/1552/1464
f 2152/1553/1465 1327/1550/1462 1295/1547/1459 2146/1552/1464
f 1296/849/828 2146/1552/1464 1295/1547/1459 322/1546/1458
f 2147/878/857 1369/877/856 376/1554/1466 1288/1555/1467
f 1292/1529/1441 2147/878/857 1288/1555/1467 319/1539/1451
f 336/1556/1468 1291/1557/1469 2148/1558/858 1324/1559/1442
f 1291/1557/1469 373/1560/1470 1374/1561/859 2148/1558/858
f 1367/1562/1471 1366/1563/1472 2170/1564/1473 2164/1565/1474
f 1369/877/856 1374/880/859 2168/1566/1475 2166/1567/1476
f 1325/1568/1449 337/1569/1477 1283/1570/1478 2149/1571/1450
f 2149/1571/1450 1283/1570/1478 336/1556/1468 1324/1559/1442
f 1326/1572/1456 338/1573/1479 1284/1574/1480 2150/1575/1457
f 2150/1575/1457 1284/1574/1480 337/1569/1477 1325/1568/1449
f 1327/1576/1462 339/1577/1481 1285/1578/1482 2151/1579/1463
f 2151/1579/1463 1285/1578/1482 338/1573/1479 1326/1572/1456
f 1328/1580/1443 340/1581/1483 1286/1582/1484 2152/1583/1465
f 2152/1583/1465 1286/1582/1484 339/1577/1481 1327/1576/1462
f 669/206/175 341/207/194 1287/1584/1485 2153/1585/365
f 2153/1585/365 1287/1584/1485 340/1581/1483 1328/1580/1443
f 1268/850/829 1296/849/828 322/1546/1458 311/1486/1398
f 322/1546/1458 1297/1549/1461 1267/1527/1439 311/1486/1398
f 1267/1527/1439 1297/1549/1461 321/1540/1452 310/1523/1435
f 321/1540/1452 1298/1543/1455 1266/1524/1436 310/1523/1435
f 1266/1524/1436 1298/1543/1455 320/1533/1445 309/1517/1429
f 320/1533/1445 1299/1536/1448 1265/1518/1430 309/1517/1429
f 1265/1518/1430 1299/1536/1448 319/1539/1451 308/1511/1423
f 319/1539/1451 1300/1586/1486 1264/1512/1424 308/1511/1423
f 1264/1512/1424 1300/1586/1486 318/1587/1487 307/1505/1417
f 318/1587/1487 1301/1588/1488 1263/1506/1418 307/1505/1417
f 1263/1506/1418 1301/1588/1488 317/1589/1489 306/1496/1408
f 317/1589/1489 1603/1590/1490 1262/1497/1409 306/1496/1408
f 1262/1497/1409 1603/1590/1490 514/1591/1491 305/1498/1410
f 315/137/137 1303/1528/1440 1269/1491/1403 313/100/100
f 1269/1491/1403 1303/1528/1440 314/848/827 312/847/826
f 294/1431/1343 328/1592/1492 1316/1593/1493 1248/1432/1344
f 485/1594/1494 1563/1595/1495 2154/1596/1496 1554/1597/1497
f 1563/1595/1495 486/224/211 933/223/210 2154/1596/1496
f 2154/1596/1496 933/223/210 358/222/209 1351/1598/1498
f 1554/1597/1497 2154/1596/1496 1351/1598/1498 357/1599/1499
f 1310/1430/1342 2124/1429/1341 1359/1600/1500 366/1601/1501
f 1360/988/943 2125/987/942 1310/1430/1342 366/1601/1501
f 1309/1426/1338 2123/1425/1337 1358/1602/1502 365/1603/1503
f 1359/1600/1500 2124/1429/1341 1309/1426/1338 365/1603/1503
f 1308/1422/1334 2122/1421/1333 1357/1604/1504 364/1605/1505
f 1358/1602/1502 2123/1425/1337 1308/1422/1334 364/1605/1505
f 1307/1418/1330 2121/1417/1329 1356/1606/1506 363/1607/1507
f 1357/1604/1504 2122/1421/1333 1307/1418/1330 363/1607/1507
f 1304/1404/1316 2118/1403/1315 1596/1608/1508 505/1609/1509
f 1356/1606/1506 2121/1417/1329 1306/1414/1326 362/1610/1510
f 506/1611/1511 1599/1612/1512 2155/1613/1513 1345/1614/1514
f 1599/1612/1512 458/1615/1515 1557/1616/1516 2155/1613/1513
f 2155/1613/1513 1557/1616/1516 480/1617/1517 1545/1618/1518
f 1345/1614/1514 2155/1613/1513 1545/1618/1518 352/1619/1519
f 1583/1620/1520 2282/1621/1521 1621/1622/1522 502/1623/1523
f 1596/1608/1508 2118/1403/1315 1616/1407/1319 501/1624/1524
f 1248/1432/1344 1316/1593/1493 331/1625/1525 293/1427/1339
f 289/1411/1323 326/1626/1526 1317/1627/1527 1239/1412/1324
f 1239/1412/1324 1317/1627/1527 330/1628/1528 288/1405/1317
f 291/1419/1331 324/1629/1529 1318/1630/1530 1242/1420/1332
f 1242/1420/1332 1318/1630/1530 327/1631/1531 290/1415/1327
f 331/1625/1525 1319/1632/1532 1246/1428/1340 293/1427/1339
f 1246/1428/1340 1319/1632/1532 325/1633/1533 292/1423/1335
f 330/1628/1528 1320/1634/1534 1238/1406/1318 288/1405/1317
f 1238/1406/1318 1320/1634/1534 323/1635/1535 287/1408/1320
f 329/265/252 1321/1636/1536 1250/1433/1345 295/33/33
f 1250/1433/1345 1321/1636/1536 328/1592/1492 294/1431/1343
f 327/1631/1531 1322/1637/1537 1240/1416/1328 290/1415/1327
f 1240/1416/1328 1322/1637/1537 326/1626/1526 289/1411/1323
f 325/1633/1533 1323/1638/1538 1244/1424/1336 292/1423/1335
f 1244/1424/1336 1323/1638/1538 324/1629/1529 291/1419/1331
f 513/1639/1539 296/1464/1376 1272/1640/1540 1617/1641/1541
f 2036/271/258 1118/278/265 41/279/266 660/272/259
f 2344/298/285 1279/297/284 333/1642/1542 1729/1643/1543
f 1729/1643/1543 333/1642/1542 1280/1644/1544 2343/1645/1545
f 2343/1645/1545 1280/1644/1544 334/1646/1546 1730/1647/1547
f 1730/1647/1547 334/1646/1546 1281/1648/1548 2342/1649/1549
f 2342/1649/1549 1281/1648/1548 335/1650/1550 1731/1651/1551
f 1731/1651/1551 335/1650/1550 1282/1652/1552 2341/1653/1553
f 2341/1653/1553 1282/1652/1552 336/1556/1468 1732/1654/1554
f 1732/1654/1554 336/1556/1468 1283/1570/1478 2340/1655/1555
f 2340/1655/1555 1283/1570/1478 337/1569/1477 1733/1656/1556
f 1733/1656/1556 337/1569/1477 1284/1574/1480 2339/1657/1557
f 2339/1657/1557 1284/1574/1480 338/1573/1479 1734/1658/1558
f 1734/1658/1558 338/1573/1479 1285/1578/1482 2338/1659/1559
f 2338/1659/1559 1285/1578/1482 339/1577/1481 1735/1660/1560
f 1735/1660/1560 339/1577/1481 1286/1582/1484 2337/1661/1561
f 2337/1661/1561 1286/1582/1484 340/1581/1483 1736/1662/1562
f 1736/1662/1562 340/1581/1483 1287/1584/1485 2336/1663/1563
f 2336/1663/1563 1287/1584/1485 341/207/194 1126/296/283
f 73/944/908 223/967/922 1041/1664/869 1034/949/868
f 503/1665/1564 1623/1666/1565 2282/1621/1521 1583/1620/1520
f 505/1609/1509 1353/1667/1566 1580/1668/1567 506/1611/1511
f 344/1669/1568 1338/1670/1569 2156/1671/1570 1500/1672/1571
f 1338/1670/1569 343/1673/1572 1491/1674/1573 2156/1671/1570
f 2156/1671/1570 1491/1674/1573 455/1675/1574 1497/1676/1575
f 1500/1672/1571 2156/1671/1570 1497/1676/1575 456/1677/1576
f 344/1669/1568 1500/1672/1571 2157/1678/1577 1339/1679/1578
f 1500/1672/1571 456/1677/1576 1498/1680/1579 2157/1678/1577
f 2157/1678/1577 1498/1680/1579 457/1681/1580 1492/1682/1581
f 1339/1679/1578 2157/1678/1577 1492/1682/1581 345/1683/1582
f 479/1684/1583 1600/1685/1584 2158/1686/1585 1548/1687/1586
f 1600/1685/1584 506/1611/1511 1580/1668/1567 2158/1686/1585
f 2158/1686/1585 1580/1668/1567 351/1688/1587 1381/1689/1588
f 1548/1687/1586 2158/1686/1585 1381/1689/1588 381/1690/1589
f 480/1617/1517 1558/1691/1590 2159/1692/1591 1545/1618/1518
f 1558/1691/1590 481/1693/1592 1547/1694/1593 2159/1692/1591
f 2159/1692/1591 1547/1694/1593 353/1695/1594 1346/1696/1595
f 1545/1618/1518 2159/1692/1591 1346/1696/1595 352/1619/1519
f 481/1693/1592 1559/1697/1596 2160/1698/1597 1547/1694/1593
f 1559/1697/1596 482/1699/1598 1551/1700/1599 2160/1698/1597
f 2160/1698/1597 1551/1700/1599 354/1701/1600 1347/1702/1601
f 1547/1694/1593 2160/1698/1597 1347/1702/1601 353/1695/1594
f 482/1699/1598 1560/1703/1602 2161/1704/1603 1551/1700/1599
f 1560/1703/1602 483/1705/1604 1552/1706/1605 2161/1704/1603
f 2161/1704/1603 1552/1706/1605 355/1707/1606 1348/1708/1607
f 1551/1700/1599 2161/1704/1603 1348/1708/1607 354/1701/1600
f 483/1705/1604 1561/1709/1608 2162/1710/1609 1552/1706/1605
f 1561/1709/1608 484/1711/1610 1553/1712/1611 2162/1710/1609
f 2162/1710/1609 1553/1712/1611 356/1713/1612 1349/1714/1613
f 1552/1706/1605 2162/1710/1609 1349/1714/1613 355/1707/1606
f 484/1711/1610 1562/1715/1614 2163/1716/1615 1553/1712/1611
f 1562/1715/1614 485/1594/1494 1554/1597/1497 2163/1716/1615
f 2163/1716/1615 1554/1597/1497 357/1599/1499 1350/1717/1616
f 1553/1712/1611 2163/1716/1615 1350/1717/1616 356/1713/1612
f 362/1610/1510 1355/1718/1617 1346/1696/1595 353/1695/1594
f 1580/1668/1567 1353/1667/1566 360/1719/1618 351/1688/1587
f 363/1607/1507 1356/1606/1506 1347/1702/1601 354/1701/1600
f 1346/1696/1595 1355/1718/1617 361/1720/1619 352/1619/1519
f 364/1605/1505 1357/1604/1504 1348/1708/1607 355/1707/1606
f 1347/1702/1601 1356/1606/1506 362/1610/1510 353/1695/1594
f 365/1603/1503 1358/1602/1502 1349/1714/1613 356/1713/1612
f 1348/1708/1607 1357/1604/1504 363/1607/1507 354/1701/1600
f 366/1601/1501 1359/1600/1500 1350/1717/1616 357/1599/1499
f 1349/1714/1613 1358/1602/1502 364/1605/1505 355/1707/1606
f 367/225/212 1360/988/943 1351/1598/1498 358/222/209
f 1350/1717/1616 1359/1600/1500 365/1603/1503 356/1713/1612
f 550/1721/1620 379/1722/1621 1380/1723/1622 1377/1724/1623
f 1351/1598/1498 1360/988/943 366/1601/1501 357/1599/1499
f 374/1725/1624 1367/1562/1471 2164/1565/1474 1372/1726/1625
f 1361/1727/1626 1375/1728/1627 2169/1729/1628 2290/1730/1629
f 2170/1564/1473 1375/1728/1627 1361/1727/1626 2164/1565/1474
f 1372/1726/1625 2164/1565/1474 1361/1727/1626 368/1731/1630
f 375/1732/1631 1368/1733/1632 2165/1734/1633 1371/1735/1634
f 1368/1733/1632 1373/1736/1635 2167/1737/1636 2165/1734/1633
f 2167/1737/1636 1366/1563/1472 1367/1562/1471 2165/1734/1633
f 1371/1735/1634 2165/1734/1633 1367/1562/1471 374/1725/1624
f 376/1554/1466 1369/877/856 2166/1567/1476 1370/1738/1637
f 2168/1566/1475 1373/1736/1635 1368/1733/1632 2166/1567/1476
f 1370/1738/1637 2166/1567/1476 1368/1733/1632 375/1732/1631
f 1373/1739/1635 372/1740/1638 1364/1741/1639 2167/1742/1636
f 2167/1742/1636 1364/1741/1639 536/1743/1640 1366/1744/1472
f 1374/1561/859 373/1560/1470 1365/1745/1641 2168/1746/1475
f 2168/1746/1475 1365/1745/1641 372/1740/1638 1373/1739/1635
f 1375/1747/1627 535/1748/1642 1362/1749/1643 2169/1750/1628
f 2169/1750/1628 1362/1749/1643 534/386/367 760/385/356
f 2290/1730/1629 2169/1729/1628 760/1751/356 1012/1752/359
f 1366/1744/1472 536/1743/1640 1363/1753/1644 2170/1754/1473
f 2170/1754/1473 1363/1753/1644 535/1748/1642 1375/1747/1627
f 1383/1755/1645 383/1756/1646 1594/1757/1647 2280/1758/1648
f 2171/1759/1649 1621/1622/1522 516/1760/1650 1604/1761/1651
f 1329/1762/1652 2171/1759/1649 1604/1761/1651 316/1763/1653
f 2280/1758/1648 1594/1757/1647 504/1764/1654 1329/1762/1652
f 391/1765/1655 392/1766/1656 1394/1767/1657 1420/1768/1658
f 423/1769/1659 1427/1770/1660 2172/1771/1661 1388/1772/1662
f 1427/1770/1660 391/1765/1655 1420/1768/1658 2172/1771/1661
f 2172/1771/1661 1420/1768/1658 360/1719/1618 1354/1773/1663
f 1388/1772/1662 2172/1771/1661 1354/1773/1663 359/1774/1664
f 383/1756/1646 1384/1775/1665 2173/1776/1666 1391/1777/1667
f 1384/1775/1665 384/1778/401 780/1779/400 2173/1776/1666
f 2173/1776/1666 780/1779/400 389/1780/399 1392/1781/1668
f 1391/1777/1667 2173/1776/1666 1392/1781/1668 430/1782/1669
f 388/1783/402 776/1784/405 2174/1785/1670 1386/1786/1671
f 776/1784/405 385/1787/410 1479/1788/1672 2174/1785/1670
f 2174/1785/1670 1479/1788/1672 386/1789/1673 1387/1790/1674
f 1386/1786/1671 2174/1785/1670 1387/1790/1674 387/1791/1675
f 391/1765/1655 1427/1770/1660 2175/1792/1676 1395/1793/1677
f 1427/1770/1660 423/1769/1659 1424/1794/1678 2175/1792/1676
f 2175/1792/1676 1424/1794/1678 428/1795/1679 1393/1796/1680
f 1395/1793/1677 2175/1792/1676 1393/1796/1680 393/1797/1681
f 383/1756/1646 1391/1777/1667 2176/1798/1682 1594/1757/1647
f 1391/1777/1667 430/1782/1669 1438/1799/1683 2176/1798/1682
f 2176/1798/1682 1438/1799/1683 431/1800/1684 1389/1801/1685
f 1594/1757/1647 2176/1798/1682 1389/1801/1685 504/1764/1654
f 401/1802/1686 1450/1803/1687 2177/1804/1688 1405/1805/1689
f 1450/1803/1687 433/1806/1690 1435/1807/1691 2177/1804/1688
f 2177/1804/1688 1435/1807/1691 432/1808/1692 1433/1809/1693
f 1405/1805/1689 2177/1804/1688 1433/1809/1693 403/1810/1694
f 389/1780/399 784/1811/431 2178/1812/1695 1392/1781/1668
f 784/1811/431 390/1813/435 1390/1814/1696 2178/1812/1695
f 2178/1812/1695 1390/1814/1696 425/1815/1697 1448/1816/1698
f 1392/1781/1668 2178/1812/1695 1448/1816/1698 430/1782/1669
f 397/1817/1699 1437/1818/1700 2179/1819/1701 1401/1820/1702
f 1437/1818/1700 424/1821/1703 1441/1822/1704 2179/1819/1701
f 2179/1819/1701 1441/1822/1704 426/1823/1705 1428/1824/1706
f 1401/1820/1702 2179/1819/1701 1428/1824/1706 399/1825/1707
f 447/1826/445 858/1827/448 2180/1828/1708 1481/1829/1709
f 858/1827/448 380/1830/453 1378/1831/1710 2180/1828/1708
f 2180/1828/1708 1378/1831/1710 377/1832/1711 1480/1833/1712
f 1481/1829/1709 2180/1828/1708 1480/1833/1712 448/1834/1713
f 551/1835/1714 378/1836/1715 1496/1837/1716 1630/1838/1717
f 1377/1724/1623 1380/1723/1622 378/1836/1715 551/1835/1714
f 548/1839/1718 377/1832/1711 1378/1831/1710 1376/1840/1719
f 1630/1838/1717 1496/1837/1716 377/1832/1711 548/1839/1718
f 547/487/466 350/486/465 1344/1841/1720 1249/1842/1721
f 1376/1840/1719 1378/1831/1710 380/1830/453 549/1843/459
f 546/1844/1722 349/1845/1723 1343/1846/1724 1247/1847/1725
f 1249/1842/1721 1344/1841/1720 349/1845/1723 546/1844/1722
f 545/1848/1726 348/1849/1727 1342/1850/1728 1245/1851/1729
f 1247/1847/1725 1343/1846/1724 348/1849/1727 545/1848/1726
f 544/1852/1730 347/1853/1731 1341/1854/1732 1243/1855/1733
f 1245/1851/1729 1342/1850/1728 347/1853/1731 544/1852/1730
f 542/1856/1734 346/1857/1735 1340/1858/1736 1241/1859/1737
f 1243/1855/1733 1341/1854/1732 346/1857/1735 542/1856/1734
f 1241/1859/1737 1340/1858/1736 345/1683/1582 543/1860/1738
f 550/1721/1620 552/1861/1739 457/1681/1580 379/1722/1621
f 393/1797/1681 394/1862/1740 1396/1863/1741 1395/1793/1677
f 1420/1768/1658 1394/1767/1657 351/1688/1587 360/1719/1618
f 395/1864/1742 396/1865/1743 1398/1866/1744 1397/1867/1745
f 1395/1793/1677 1396/1863/1741 392/1766/1656 391/1765/1655
f 397/1817/1699 398/1868/1746 1400/1869/1747 1399/1870/1748
f 1397/1867/1745 1398/1866/1744 394/1862/1740 393/1797/1681
f 399/1825/1707 400/1871/1749 1402/1872/1750 1401/1820/1702
f 1399/1870/1748 1400/1869/1747 396/1865/1743 395/1864/1742
f 401/1802/1686 402/1873/1751 1404/1874/1752 1403/1875/1753
f 1401/1820/1702 1402/1872/1750 398/1868/1746 397/1817/1699
f 403/1810/1694 404/1876/1754 1406/1877/1755 1405/1805/1689
f 1403/1875/1753 1404/1874/1752 400/1871/1749 399/1825/1707
f 405/1878/1756 406/1879/1757 1408/1880/1758 1407/1881/1759
f 1405/1805/1689 1406/1877/1755 402/1873/1751 401/1802/1686
f 407/1882/1760 408/1883/1761 1410/1884/1762 1409/1885/1763
f 1407/1881/1759 1408/1880/1758 404/1876/1754 403/1810/1694
f 409/1886/1764 410/1887/1765 1412/1888/1766 1411/1889/1767
f 1409/1885/1763 1410/1884/1762 406/1879/1757 405/1878/1756
f 411/1890/1768 412/1891/1769 1414/1892/1770 1413/1893/1771
f 1411/1889/1767 1412/1888/1766 408/1883/1761 407/1882/1760
f 413/1894/1772 414/1895/1773 1416/1896/1774 1415/1897/1775
f 1413/1893/1771 1414/1892/1770 410/1887/1765 409/1886/1764
f 415/1898/1776 416/1899/1777 1418/1900/1778 1417/1901/1779
f 1415/1897/1775 1416/1896/1774 412/1891/1769 411/1890/1768
f 417/1902/1780 1422/1903/1781 1419/1904/1782 418/1905/1783
f 1417/1901/1779 1418/1900/1778 414/1895/1773 413/1894/1772
f 1419/1904/1782 1422/1903/1781 416/1899/1777 415/1898/1776
f 457/1681/1580 552/1861/1739 1379/1906/1784 1492/1682/1581
f 417/1902/1780 418/1905/1783 1486/1907/1785 1501/1908/1786
f 453/1909/1787 1449/1910/1788 2181/1911/1789 1499/1912/1790
f 1449/1910/1788 419/1913/1791 1423/1914/1792 2181/1911/1789
f 2181/1911/1789 1423/1914/1792 417/1902/1780 1501/1908/1786
f 1499/1912/1790 2181/1911/1789 1501/1908/1786 455/1675/1574
f 1501/1908/1786 1486/1907/1785 450/1915/1793 455/1675/1574
f 450/1915/1793 1631/1916/1794 1497/1676/1575 455/1675/1574
f 1497/1676/1575 1631/1916/1794 520/1917/1795 456/1677/1576
f 1306/1414/1326 2120/1413/1325 1355/1718/1617 362/1610/1510
f 415/1898/1776 1444/1918/1796 2182/1919/1797 1419/1904/1782
f 1444/1918/1796 421/1920/1798 1451/1921/1799 2182/1919/1797
f 2182/1919/1797 1451/1921/1799 420/1922/1800 1425/1923/1801
f 1419/1904/1782 2182/1919/1797 1425/1923/1801 418/1905/1783
f 420/1922/1800 1487/1924/1802 2183/1925/1803 1425/1923/1801
f 1487/1924/1802 451/1926/1804 1421/1927/1805 2183/1925/1803
f 2183/1925/1803 1421/1927/1805 450/1915/1793 1486/1907/1785
f 1425/1923/1801 2183/1925/1803 1486/1907/1785 418/1905/1783
f 407/1882/1760 1430/1928/1806 2184/1929/1807 1411/1889/1767
f 1430/1928/1806 430/1782/1669 1448/1816/1698 2184/1929/1807
f 2184/1929/1807 1448/1816/1698 425/1815/1697 1426/1930/1808
f 1411/1889/1767 2184/1929/1807 1426/1930/1808 409/1886/1764
f 411/1890/1768 1432/1931/1809 2185/1932/1810 1415/1897/1775
f 1432/1931/1809 429/1933/1811 1446/1934/1812 2185/1932/1810
f 2185/1932/1810 1446/1934/1812 422/1935/1813 1431/1936/1814
f 1415/1897/1775 2185/1932/1810 1431/1936/1814 413/1894/1772
f 393/1797/1681 1393/1796/1680 2186/1937/1815 1397/1867/1745
f 1393/1796/1680 428/1795/1679 1434/1938/1816 2186/1937/1815
f 2186/1937/1815 1434/1938/1816 427/1939/1817 1443/1940/1818
f 1397/1867/1745 2186/1937/1815 1443/1940/1818 395/1864/1742
f 403/1810/1694 1433/1809/1693 2187/1941/1819 1407/1881/1759
f 1433/1809/1693 432/1808/1692 1439/1942/1820 2187/1941/1819
f 2187/1941/1819 1439/1942/1820 431/1800/1684 1429/1943/1821
f 1407/1881/1759 2187/1941/1819 1429/1943/1821 405/1878/1756
f 413/1894/1772 1431/1936/1814 2188/1944/1822 1417/1901/1779
f 1431/1936/1814 422/1935/1813 1445/1945/1823 2188/1944/1822
f 2188/1944/1822 1445/1945/1823 421/1920/1798 1444/1918/1796
f 1417/1901/1779 2188/1944/1822 1444/1918/1796 415/1898/1776
f 395/1864/1742 1443/1940/1818 2189/1946/1824 1399/1870/1748
f 1443/1940/1818 427/1939/1817 1442/1947/1825 2189/1946/1824
f 2189/1946/1824 1442/1947/1825 424/1821/1703 1437/1818/1700
f 1399/1870/1748 2189/1946/1824 1437/1818/1700 397/1817/1699
f 405/1878/1756 1429/1943/1821 2190/1948/1826 1409/1885/1763
f 1429/1943/1821 431/1800/1684 1438/1799/1683 2190/1948/1826
f 2190/1948/1826 1438/1799/1683 430/1782/1669 1430/1928/1806
f 1409/1885/1763 2190/1948/1826 1430/1928/1806 407/1882/1760
f 399/1825/1707 1428/1824/1706 2191/1949/1827 1403/1875/1753
f 1428/1824/1706 426/1823/1705 1440/1950/1828 2191/1949/1827
f 2191/1949/1827 1440/1950/1828 433/1806/1690 1450/1803/1687
f 1403/1875/1753 2191/1949/1827 1450/1803/1687 401/1802/1686
f 409/1886/1764 1426/1930/1808 2192/1951/1829 1413/1893/1771
f 1426/1930/1808 425/1815/1697 1447/1952/1830 2192/1951/1829
f 2192/1951/1829 1447/1952/1830 429/1933/1811 1432/1931/1809
f 1413/1893/1771 2192/1951/1829 1432/1931/1809 411/1890/1768
f 417/1902/1780 1423/1914/1792 2193/1953/1831 1422/1903/1781
f 1423/1914/1792 419/1913/1791 1478/1954/1832 2193/1953/1831
f 2193/1953/1831 1478/1954/1832 446/1955/1833 1465/1956/1834
f 1422/1903/1781 2193/1953/1831 1465/1956/1834 416/1899/1777
f 396/1865/1743 1466/1957/1835 2194/1958/1836 1398/1866/1744
f 1466/1957/1835 436/1959/1837 1453/1960/1838 2194/1958/1836
f 2194/1958/1836 1453/1960/1838 435/1961/1839 1467/1962/1840
f 1398/1866/1744 2194/1958/1836 1467/1962/1840 394/1862/1740
f 406/1879/1757 1468/1963/1841 2195/1964/1842 1408/1880/1758
f 1468/1963/1841 441/1965/1843 1458/1966/1844 2195/1964/1842
f 2195/1964/1842 1458/1966/1844 440/1967/1845 1469/1968/1846
f 1408/1880/1758 2195/1964/1842 1469/1968/1846 404/1876/1754
f 416/1899/1777 1465/1956/1834 2196/1969/1847 1418/1900/1778
f 1465/1956/1834 446/1955/1833 1463/1970/1848 2196/1969/1847
f 2196/1969/1847 1463/1970/1848 445/1971/1849 1470/1972/1850
f 1418/1900/1778 2196/1969/1847 1470/1972/1850 414/1895/1773
f 402/1873/1751 1471/1973/1851 2197/1974/1852 1404/1874/1752
f 1471/1973/1851 439/1975/1853 1456/1976/1854 2197/1974/1852
f 2197/1974/1852 1456/1976/1854 438/1977/1855 1472/1978/1856
f 1404/1874/1752 2197/1974/1852 1472/1978/1856 400/1871/1749
f 412/1891/1769 1473/1979/1857 2198/1980/1858 1414/1892/1770
f 1473/1979/1857 444/1981/1859 1461/1982/1860 2198/1980/1858
f 2198/1980/1858 1461/1982/1860 443/1983/1861 1474/1984/1862
f 1414/1892/1770 2198/1980/1858 1474/1984/1862 410/1887/1765
f 398/1868/1746 1475/1985/1863 2199/1986/1864 1400/1869/1747
f 1475/1985/1863 437/1987/1865 1454/1988/1866 2199/1986/1864
f 2199/1986/1864 1454/1988/1866 436/1959/1837 1466/1957/1835
f 1400/1869/1747 2199/1986/1864 1466/1957/1835 396/1865/1743
f 408/1883/1761 1476/1989/1867 2200/1990/1868 1410/1884/1762
f 1476/1989/1867 442/1991/1869 1459/1992/1870 2200/1990/1868
f 2200/1990/1868 1459/1992/1870 441/1965/1843 1468/1963/1841
f 1410/1884/1762 2200/1990/1868 1468/1963/1841 406/1879/1757
f 394/1862/1740 1467/1962/1840 2201/1993/1871 1396/1863/1741
f 1467/1962/1840 435/1961/1839 1452/1994/1872 2201/1993/1871
f 2201/1993/1871 1452/1994/1872 434/1995/1873 1477/1996/1874
f 1396/1863/1741 2201/1993/1871 1477/1996/1874 392/1766/1656
f 404/1876/1754 1469/1968/1846 2202/1997/1875 1406/1877/1755
f 1469/1968/1846 440/1967/1845 1457/1998/1876 2202/1997/1875
f 2202/1997/1875 1457/1998/1876 439/1975/1853 1471/1973/1851
f 1406/1877/1755 2202/1997/1875 1471/1973/1851 402/1873/1751
f 414/1895/1773 1470/1972/1850 2203/1999/1877 1416/1896/1774
f 1470/1972/1850 445/1971/1849 1462/2000/1878 2203/1999/1877
f 2203/1999/1877 1462/2000/1878 444/1981/1859 1473/1979/1857
f 1416/1896/1774 2203/1999/1877 1473/1979/1857 412/1891/1769
f 400/1871/1749 1472/1978/1856 2204/2001/1879 1402/1872/1750
f 1472/1978/1856 438/1977/1855 1455/2002/1880 2204/2001/1879
f 2204/2001/1879 1455/2002/1880 437/1987/1865 1475/1985/1863
f 1402/1872/1750 2204/2001/1879 1475/1985/1863 398/1868/1746
f 410/1887/1765 1474/1984/1862 2205/2003/1881 1412/1888/1766
f 1474/1984/1862 443/1983/1861 1460/2004/1882 2205/2003/1881
f 2205/2003/1881 1460/2004/1882 442/1991/1869 1476/1989/1867
f 1412/1888/1766 2205/2003/1881 1476/1989/1867 408/1883/1761
f 392/1766/1656 1477/1996/1874 2206/2005/1883 1394/1767/1657
f 1477/1996/1874 434/1995/1873 1464/2006/1884 2206/2005/1883
f 2206/2005/1883 1464/2006/1884 381/1690/1589 1381/1689/1588
f 1394/1767/1657 2206/2005/1883 1381/1689/1588 351/1688/1587
f 390/1813/435 785/2007/599 2207/2008/1885 1390/1814/1696
f 785/2007/599 388/1783/402 1386/1786/1671 2207/2008/1885
f 2207/2008/1885 1386/1786/1671 387/1791/1675 1436/2009/1886
f 1390/1814/1696 2207/2008/1885 1436/2009/1886 425/1815/1697
f 385/1787/410 772/2010/602 2208/2011/1887 1479/1788/1672
f 772/2010/602 447/1826/445 1481/1829/1709 2208/2011/1887
f 2208/2011/1887 1481/1829/1709 448/1834/1713 1385/2012/1888
f 1479/1788/1672 2208/2011/1887 1385/2012/1888 386/1789/1673
f 377/1832/1711 1237/2013/1889 2209/2014/1890 1480/1833/1712
f 1237/2013/1889 451/1926/1804 1493/2015/1891 2209/2014/1890
f 2209/2014/1890 1493/2015/1891 449/2016/1892 1482/2017/1893
f 1480/1833/1712 2209/2014/1890 1482/2017/1893 448/1834/1713
f 422/1935/1813 1483/2018/1894 2210/2019/1895 1445/1945/1823
f 1483/2018/1894 454/2020/1896 1494/2021/1897 2210/2019/1895
f 2210/2019/1895 1494/2021/1897 449/2016/1892 1485/2022/1898
f 1445/1945/1823 2210/2019/1895 1485/2022/1898 421/1920/1798
f 429/1933/1811 1484/2023/1899 2211/2024/1900 1446/1934/1812
f 1484/2023/1899 452/2025/1901 1495/2026/1902 2211/2024/1900
f 2211/2024/1900 1495/2026/1902 454/2020/1896 1483/2018/1894
f 1446/1934/1812 2211/2024/1900 1483/2018/1894 422/1935/1813
f 429/1933/1811 1447/1952/1830 2212/2027/1903 1484/2023/1899
f 1447/1952/1830 425/1815/1697 1436/2009/1886 2212/2027/1903
f 2212/2027/1903 1436/2009/1886 387/1791/1675 1488/2028/1904
f 1484/2023/1899 2212/2027/1903 1488/2028/1904 452/2025/1901
f 343/1673/1572 1337/2029/1905 2213/2030/1906 1491/1674/1573
f 1337/2029/1905 342/2031/1907 1489/2032/1908 2213/2030/1906
f 2213/2030/1906 1489/2032/1908 453/1909/1787 1499/1912/1790
f 1491/1674/1573 2213/2030/1906 1499/1912/1790 455/1675/1574
f 451/1926/1804 1487/1924/1802 2214/2033/1909 1493/2015/1891
f 1487/1924/1802 420/1922/1800 1451/1921/1799 2214/2033/1909
f 2214/2033/1909 1451/1921/1799 421/1920/1798 1485/2022/1898
f 1493/2015/1891 2214/2033/1909 1485/2022/1898 449/2016/1892
f 454/2020/1896 1490/2034/1910 2215/2035/1911 1494/2021/1897
f 1490/2034/1910 386/1789/1673 1385/2012/1888 2215/2035/1911
f 2215/2035/1911 1385/2012/1888 448/1834/1713 1482/2017/1893
f 1494/2021/1897 2215/2035/1911 1482/2017/1893 449/2016/1892
f 451/1926/1804 1237/2013/1889 2216/2036/1912 1421/1927/1805
f 1237/2013/1889 377/1832/1711 1496/1837/1716 2216/2036/1912
f 2216/2036/1912 1496/1837/1716 378/1836/1715 1633/2037/1913
f 1421/1927/1805 2216/2036/1912 1633/2037/1913 450/1915/1793
f 452/2025/1901 1488/2028/1904 2217/2038/1914 1495/2026/1902
f 1488/2028/1904 387/1791/1675 1387/1790/1674 2217/2038/1914
f 2217/2038/1914 1387/1790/1674 386/1789/1673 1490/2034/1910
f 1495/2026/1902 2217/2038/1914 1490/2034/1910 454/2020/1896
f 1492/1682/1581 1379/1906/1784 543/1860/1738 345/1683/1582
f 440/1967/1845 1514/2039/1915 2218/2040/1916 1457/1998/1876
f 1514/2039/1915 465/2041/1917 1507/2042/1918 2218/2040/1916
f 2218/2040/1916 1507/2042/1918 464/2043/1919 1515/2044/1920
f 1457/1998/1876 2218/2040/1916 1515/2044/1920 439/1975/1853
f 441/1965/1843 1516/2045/1921 2219/2046/1922 1458/1966/1844
f 1516/2045/1921 466/2047/1923 1508/2048/1924 2219/2046/1922
f 2219/2046/1922 1508/2048/1924 465/2041/1917 1514/2039/1915
f 1458/1966/1844 2219/2046/1922 1514/2039/1915 440/1967/1845
f 442/1991/1869 1517/2049/1925 2220/2050/1926 1459/1992/1870
f 1517/2049/1925 467/2051/1927 1509/2052/1928 2220/2050/1926
f 2220/2050/1926 1509/2052/1928 466/2047/1923 1516/2045/1921
f 1459/1992/1870 2220/2050/1926 1516/2045/1921 441/1965/1843
f 435/1961/1839 1518/2053/1929 2221/2054/1930 1452/1994/1872
f 1518/2053/1929 460/2055/1931 1502/2056/1932 2221/2054/1930
f 2221/2054/1930 1502/2056/1932 459/2057/1933 1519/2058/1934
f 1452/1994/1872 2221/2054/1930 1519/2058/1934 434/1995/1873
f 443/1983/1861 1520/2059/1935 2222/2060/1936 1460/2004/1882
f 1520/2059/1935 468/2061/1937 1510/2062/1938 2222/2060/1936
f 2222/2060/1936 1510/2062/1938 467/2051/1927 1517/2049/1925
f 1460/2004/1882 2222/2060/1936 1517/2049/1925 442/1991/1869
f 436/1959/1837 1521/2063/1939 2223/2064/1940 1453/1960/1838
f 1521/2063/1939 461/2065/1941 1503/2066/1942 2223/2064/1940
f 2223/2064/1940 1503/2066/1942 460/2055/1931 1518/2053/1929
f 1453/1960/1838 2223/2064/1940 1518/2053/1929 435/1961/1839
f 444/1981/1859 1522/2067/1943 2224/2068/1944 1461/1982/1860
f 1522/2067/1943 469/2069/1945 1511/2070/1946 2224/2068/1944
f 2224/2068/1944 1511/2070/1946 468/2061/1937 1520/2059/1935
f 1461/1982/1860 2224/2068/1944 1520/2059/1935 443/1983/1861
f 437/1987/1865 1523/2071/1947 2225/2072/1948 1454/1988/1866
f 1523/2071/1947 462/2073/1949 1504/2074/1950 2225/2072/1948
f 2225/2072/1948 1504/2074/1950 461/2065/1941 1521/2063/1939
f 1454/1988/1866 2225/2072/1948 1521/2063/1939 436/1959/1837
f 445/1971/1849 1524/2075/1951 2226/2076/1952 1462/2000/1878
f 1524/2075/1951 470/2077/1953 1512/2078/1954 2226/2076/1952
f 2226/2076/1952 1512/2078/1954 469/2069/1945 1522/2067/1943
f 1462/2000/1878 2226/2076/1952 1522/2067/1943 444/1981/1859
f 438/1977/1855 1525/2079/1955 2227/2080/1956 1455/2002/1880
f 1525/2079/1955 463/2081/1957 1505/2082/1958 2227/2080/1956
f 2227/2080/1956 1505/2082/1958 462/2073/1949 1523/2071/1947
f 1455/2002/1880 2227/2080/1956 1523/2071/1947 437/1987/1865
f 446/1955/1833 1526/2083/1959 2228/2084/1960 1463/1970/1848
f 1526/2083/1959 471/2085/1961 1513/2086/1962 2228/2084/1960
f 2228/2084/1960 1513/2086/1962 470/2077/1953 1524/2075/1951
f 1463/1970/1848 2228/2084/1960 1524/2075/1951 445/1971/1849
f 419/1913/1791 1449/1910/1788 2229/2087/1963 1478/1954/1832
f 1449/1910/1788 453/1909/1787 1527/2088/1964 2229/2087/1963
f 2229/2087/1963 1527/2088/1964 471/2085/1961 1526/2083/1959
f 1478/1954/1832 2229/2087/1963 1526/2083/1959 446/1955/1833
f 439/1975/1853 1515/2044/1920 2230/2089/1965 1456/1976/1854
f 1515/2044/1920 464/2043/1919 1506/2090/1966 2230/2089/1965
f 2230/2089/1965 1506/2090/1966 463/2081/1957 1525/2079/1955
f 1456/1976/1854 2230/2089/1965 1525/2079/1955 438/1977/1855
f 434/1995/1873 1519/2058/1934 2231/2091/1967 1464/2006/1884
f 1519/2058/1934 459/2057/1933 1549/2092/1968 2231/2091/1967
f 2231/2091/1967 1549/2092/1968 479/1684/1583 1548/1687/1586
f 1464/2006/1884 2231/2091/1967 1548/1687/1586 381/1690/1589
f 472/2093/1969 1534/2094/1970 2232/2095/1971 1544/2096/1972
f 1534/2094/1970 463/2081/1957 1506/2090/1966 2232/2095/1971
f 2232/2095/1971 1506/2090/1966 464/2043/1919 1535/2097/1973
f 1544/2096/1972 2232/2095/1971 1535/2097/1973 473/2098/1974
f 465/2041/1917 1508/2048/1924 2233/2099/1975 1507/2042/1918
f 1508/2048/1924 466/2047/1923 1529/2100/1976 2233/2099/1975
f 2233/2099/1975 1529/2100/1976 473/2098/1974 1535/2097/1973
f 1507/2042/1918 2233/2099/1975 1535/2097/1973 464/2043/1919
f 474/2101/1977 1536/2102/1978 2234/2103/1979 1543/2104/1980
f 1536/2102/1978 462/2073/1949 1505/2082/1958 2234/2103/1979
f 2234/2103/1979 1505/2082/1958 463/2081/1957 1534/2094/1970
f 1543/2104/1980 2234/2103/1979 1534/2094/1970 472/2093/1969
f 475/2105/1981 1537/2106/1982 2235/2107/1983 1542/2108/1984
f 1537/2106/1982 461/2065/1941 1504/2074/1950 2235/2107/1983
f 2235/2107/1983 1504/2074/1950 462/2073/1949 1536/2102/1978
f 1542/2108/1984 2235/2107/1983 1536/2102/1978 474/2101/1977
f 476/2109/1985 1538/2110/1986 2236/2111/1987 1541/2112/1988
f 1538/2110/1986 460/2055/1931 1503/2066/1942 2236/2111/1987
f 2236/2111/1987 1503/2066/1942 461/2065/1941 1537/2106/1982
f 1541/2112/1988 2236/2111/1987 1537/2106/1982 475/2105/1981
f 477/2113/1989 1539/2114/1990 2237/2115/1991 1540/2116/1992
f 1539/2114/1990 459/2057/1933 1502/2056/1932 2237/2115/1991
f 2237/2115/1991 1502/2056/1932 460/2055/1931 1538/2110/1986
f 1540/2116/1992 2237/2115/1991 1538/2110/1986 476/2109/1985
f 471/2085/1961 1533/2117/1993 2238/2118/1994 1513/2086/1962
f 1533/2117/1993 477/2113/1989 1540/2116/1992 2238/2118/1994
f 2238/2118/1994 1540/2116/1992 476/2109/1985 1532/2119/1995
f 1513/2086/1962 2238/2118/1994 1532/2119/1995 470/2077/1953
f 470/2077/1953 1532/2119/1995 2239/2120/1996 1512/2078/1954
f 1532/2119/1995 476/2109/1985 1541/2112/1988 2239/2120/1996
f 2239/2120/1996 1541/2112/1988 475/2105/1981 1531/2121/1997
f 1512/2078/1954 2239/2120/1996 1531/2121/1997 469/2069/1945
f 469/2069/1945 1531/2121/1997 2240/2122/1998 1511/2070/1946
f 1531/2121/1997 475/2105/1981 1542/2108/1984 2240/2122/1998
f 2240/2122/1998 1542/2108/1984 474/2101/1977 1530/2123/1999
f 1511/2070/1946 2240/2122/1998 1530/2123/1999 468/2061/1937
f 468/2061/1937 1530/2123/1999 2241/2124/2000 1510/2062/1938
f 1530/2123/1999 474/2101/1977 1543/2104/1980 2241/2124/2000
f 2241/2124/2000 1543/2104/1980 472/2093/1969 1528/2125/2001
f 1510/2062/1938 2241/2124/2000 1528/2125/2001 467/2051/1927
f 467/2051/1927 1528/2125/2001 2242/2126/2002 1509/2052/1928
f 1528/2125/2001 472/2093/1969 1544/2096/1972 2242/2126/2002
f 2242/2126/2002 1544/2096/1972 473/2098/1974 1529/2100/1976
f 1509/2052/1928 2242/2126/2002 1529/2100/1976 466/2047/1923
f 477/2113/1989 1564/2127/2003 2243/2128/2004 1539/2114/1990
f 1564/2127/2003 487/2129/2005 1555/2130/2006 2243/2128/2004
f 2243/2128/2004 1555/2130/2006 479/1684/1583 1549/2092/1968
f 1539/2114/1990 2243/2128/2004 1549/2092/1968 459/2057/1933
f 1305/1410/1322 2119/1409/1321 1598/2131/2007 361/1720/1619
f 1355/1718/1617 2120/1413/1325 1305/1410/1322 361/1720/1619
f 487/2129/2005 1556/2132/2008 2244/2133/2009 1555/2130/2006
f 1556/2132/2008 458/1615/1515 1599/1612/1512 2244/2133/2009
f 2244/2133/2009 1599/1612/1512 506/1611/1511 1600/1685/1584
f 1555/2130/2006 2244/2133/2009 1600/1685/1584 479/1684/1583
f 495/2134/2010 1578/2135/2011 2245/2136/2012 1570/2137/2013
f 1578/2135/2011 478/2138/2014 1550/2139/2015 2245/2136/2012
f 2245/2136/2012 1550/2139/2015 458/1615/1515 1556/2132/2008
f 1570/2137/2013 2245/2136/2012 1556/2132/2008 487/2129/2005
f 478/2138/2014 1577/2140/2016 2246/2141/2017 1550/2139/2015
f 1577/2140/2016 488/2142/2018 1546/2143/2019 2246/2141/2017
f 2246/2141/2017 1546/2143/2019 480/1617/1517 1557/1616/1516
f 1550/2139/2015 2246/2141/2017 1557/1616/1516 458/1615/1515
f 488/2142/2018 1576/2144/2020 2247/2145/2021 1546/2143/2019
f 1576/2144/2020 489/2146/2022 1565/2147/2023 2247/2145/2021
f 2247/2145/2021 1565/2147/2023 481/1693/1592 1558/1691/1590
f 1546/2143/2019 2247/2145/2021 1558/1691/1590 480/1617/1517
f 489/2146/2022 1575/2148/2024 2248/2149/2025 1565/2147/2023
f 1575/2148/2024 490/2150/2026 1566/2151/2027 2248/2149/2025
f 2248/2149/2025 1566/2151/2027 482/1699/1598 1559/1697/1596
f 1565/2147/2023 2248/2149/2025 1559/1697/1596 481/1693/1592
f 490/2150/2026 1574/2152/2028 2249/2153/2029 1566/2151/2027
f 1574/2152/2028 491/2154/2030 1567/2155/2031 2249/2153/2029
f 2249/2153/2029 1567/2155/2031 483/1705/1604 1560/1703/1602
f 1566/2151/2027 2249/2153/2029 1560/1703/1602 482/1699/1598
f 491/2154/2030 1573/2156/2032 2250/2157/2033 1567/2155/2031
f 1573/2156/2032 492/2158/2034 1568/2159/2035 2250/2157/2033
f 2250/2157/2033 1568/2159/2035 484/1711/1610 1561/1709/1608
f 1567/2155/2031 2250/2157/2033 1561/1709/1608 483/1705/1604
f 492/2158/2034 1572/2160/2036 2251/2161/2037 1568/2159/2035
f 1572/2160/2036 493/2162/2038 1569/2163/2039 2251/2161/2037
f 2251/2161/2037 1569/2163/2039 485/1594/1494 1562/1715/1614
f 1568/2159/2035 2251/2161/2037 1562/1715/1614 484/1711/1610
f 493/2162/2038 1571/2164/2040 2252/2165/2041 1569/2163/2039
f 1571/2164/2040 494/774/753 948/773/752 2252/2165/2041
f 2252/2165/2041 948/773/752 486/224/211 1563/1595/1495
f 1569/2163/2039 2252/2165/2041 1563/1595/1495 485/1594/1494
f 349/1845/1723 1344/1841/1720 2253/2166/2042 1336/2167/2043
f 1344/1841/1720 350/486/465 723/777/756 2253/2166/2042
f 2253/2166/2042 723/777/756 494/774/753 1571/2164/2040
f 1336/2167/2043 2253/2166/2042 1571/2164/2040 493/2162/2038
f 348/1849/1727 1343/1846/1724 2254/2168/2044 1335/2169/2045
f 1343/1846/1724 349/1845/1723 1336/2167/2043 2254/2168/2044
f 2254/2168/2044 1336/2167/2043 493/2162/2038 1572/2160/2036
f 1335/2169/2045 2254/2168/2044 1572/2160/2036 492/2158/2034
f 347/1853/1731 1342/1850/1728 2255/2170/2046 1334/2171/2047
f 1342/1850/1728 348/1849/1727 1335/2169/2045 2255/2170/2046
f 2255/2170/2046 1335/2169/2045 492/2158/2034 1573/2156/2032
f 1334/2171/2047 2255/2170/2046 1573/2156/2032 491/2154/2030
f 346/1857/1735 1341/1854/1732 2256/2172/2048 1333/2173/2049
f 1341/1854/1732 347/1853/1731 1334/2171/2047 2256/2172/2048
f 2256/2172/2048 1334/2171/2047 491/2154/2030 1574/2152/2028
f 1333/2173/2049 2256/2172/2048 1574/2152/2028 490/2150/2026
f 345/1683/1582 1340/1858/1736 2257/2174/2050 1332/2175/2051
f 1340/1858/1736 346/1857/1735 1333/2173/2049 2257/2174/2050
f 2257/2174/2050 1333/2173/2049 490/2150/2026 1575/2148/2024
f 1332/2175/2051 2257/2174/2050 1575/2148/2024 489/2146/2022
f 344/1669/1568 1339/1679/1578 2258/2176/2052 1331/2177/2053
f 1339/1679/1578 345/1683/1582 1332/2175/2051 2258/2176/2052
f 2258/2176/2052 1332/2175/2051 489/2146/2022 1576/2144/2020
f 1331/2177/2053 2258/2176/2052 1576/2144/2020 488/2142/2018
f 343/1673/1572 1338/1670/1569 2259/2178/2054 1330/2179/2055
f 1338/1670/1569 344/1669/1568 1331/2177/2053 2259/2178/2054
f 2259/2178/2054 1331/2177/2053 488/2142/2018 1577/2140/2016
f 1330/2179/2055 2259/2178/2054 1577/2140/2016 478/2138/2014
f 342/2031/1907 1337/2029/1905 2260/2180/2056 1382/2181/2057
f 1337/2029/1905 343/1673/1572 1330/2179/2055 2260/2180/2056
f 2260/2180/2056 1330/2179/2055 478/2138/2014 1578/2135/2011
f 1382/2181/2057 2260/2180/2056 1578/2135/2011 495/2134/2010
f 477/2113/1989 1533/2117/1993 2261/2182/2058 1564/2127/2003
f 1533/2117/1993 471/2085/1961 1579/2183/2059 2261/2182/2058
f 2261/2182/2058 1579/2183/2059 495/2134/2010 1570/2137/2013
f 1564/2127/2003 2261/2182/2058 1570/2137/2013 487/2129/2005
f 453/1909/1787 1489/2032/1908 2262/2184/2060 1527/2088/1964
f 1489/2032/1908 342/2031/1907 1382/2181/2057 2262/2184/2060
f 2262/2184/2060 1382/2181/2057 495/2134/2010 1579/2183/2059
f 1527/2088/1964 2262/2184/2060 1579/2183/2059 471/2085/1961
f 426/1823/1705 1587/2185/2061 2263/2186/2062 1440/1950/1828
f 1587/2185/2061 498/2187/2063 1584/2188/2064 2263/2186/2062
f 2263/2186/2062 1584/2188/2064 503/1665/1564 1588/2189/2065
f 1440/1950/1828 2263/2186/2062 1588/2189/2065 433/1806/1690
f 428/1795/1679 1589/2190/2066 2264/2191/2067 1434/1938/1816
f 1589/2190/2066 500/2192/2068 1582/2193/2069 2264/2191/2067
f 2264/2191/2067 1582/2193/2069 499/2194/2070 1590/2195/2071
f 1434/1938/1816 2264/2191/2067 1590/2195/2071 427/1939/1817
f 424/1821/1703 1591/2196/2072 2265/2197/2073 1441/1822/1704
f 1591/2196/2072 497/2198/2074 1585/2199/2075 2265/2197/2073
f 2265/2197/2073 1585/2199/2075 498/2187/2063 1587/2185/2061
f 1441/1822/1704 2265/2197/2073 1587/2185/2061 426/1823/1705
f 432/1808/1692 1592/2200/2076 2266/2201/2077 1439/1942/1820
f 1592/2200/2076 502/1623/1523 1595/2202/2078 2266/2201/2077
f 2266/2201/2077 1595/2202/2078 504/1764/1654 1389/1801/1685
f 1439/1942/1820 2266/2201/2077 1389/1801/1685 431/1800/1684
f 359/1774/1664 1352/2203/2079 2267/2204/2080 1388/1772/1662
f 1352/2203/2079 501/1624/1524 1597/2205/2081 2267/2204/2080
f 2267/2204/2080 1597/2205/2081 496/2206/2082 1593/2207/2083
f 1388/1772/1662 2267/2204/2080 1593/2207/2083 423/1769/1659
f 423/1769/1659 1593/2207/2083 2268/2208/2084 1424/1794/1678
f 1593/2207/2083 496/2206/2082 1581/2209/2085 2268/2208/2084
f 2268/2208/2084 1581/2209/2085 500/2192/2068 1589/2190/2066
f 1424/1794/1678 2268/2208/2084 1589/2190/2066 428/1795/1679
f 433/1806/1690 1588/2189/2065 2269/2210/2086 1435/1807/1691
f 1588/2189/2065 503/1665/1564 1583/1620/1520 2269/2210/2086
f 2269/2210/2086 1583/1620/1520 502/1623/1523 1592/2200/2076
f 1435/1807/1691 2269/2210/2086 1592/2200/2076 432/1808/1692
f 427/1939/1817 1590/2195/2071 2270/2211/2087 1442/1947/1825
f 1590/2195/2071 499/2194/2070 1586/2212/2088 2270/2211/2087
f 2270/2211/2087 1586/2212/2088 497/2198/2074 1591/2196/2072
f 1442/1947/1825 2270/2211/2087 1591/2196/2072 424/1821/1703
f 359/1774/1664 1354/1773/1663 2271/2213/2089 1352/2203/2079
f 1354/1773/1663 360/1719/1618 1353/1667/1566 2271/2213/2089
f 2271/2213/2089 1353/1667/1566 505/1609/1509 1596/1608/1508
f 1352/2203/2079 2271/2213/2089 1596/1608/1508 501/1624/1524
f 361/1720/1619 1598/2131/2007 1345/1614/1514 352/1619/1519
f 1598/2131/2007 2119/1409/1321 1304/1404/1316 505/1609/1509
f 496/2206/2082 1608/2214/2090 2276/2215/2091 1581/2209/2085
f 1345/1614/1514 1598/2131/2007 505/1609/1509 506/1611/1511
f 2279/2216/2092 1584/2188/2064 498/2187/2063 1605/2217/2093
f 1581/2209/2085 2276/2215/2091 1609/2218/2094 500/2192/2068
f 318/1587/1487 1629/2219/2095 2272/2220/2096 1301/1588/1488
f 1629/2219/2095 376/1554/1466 1619/2221/2097 2272/2220/2096
f 2272/2220/2096 1619/2221/2097 517/2222/2098 1624/2223/2099
f 1301/1588/1488 2272/2220/2096 1624/2223/2099 317/1589/1489
f 1623/1666/1565 503/1665/1564 1584/2188/2064 2279/2216/2092
f 1585/2199/2075 2277/2224/2100 1605/2217/2093 498/2187/2063
f 497/2198/2074 1611/2225/2101 2277/2224/2100 1585/2199/2075
f 500/2192/2068 1609/2218/2094 2274/2226/2102 1582/2193/2069
f 501/1624/1524 1616/1407/1319 2275/2227/2103 1597/2205/2081
f 1582/2193/2069 2274/2226/2102 1610/2228/2104 499/2194/2070
f 497/2198/2074 1586/2212/2088 2273/2229/2105 1611/2225/2101
f 1597/2205/2081 2275/2227/2103 1608/2214/2090 496/2206/2082
f 1610/2228/2104 513/1639/1539 1617/1641/1541 2273/2229/2105
f 2273/2229/2105 1617/1641/1541 515/2230/2106 1611/2225/2101
f 1609/2218/2094 512/2231/2107 1613/2232/2108 2274/2226/2102
f 2274/2226/2102 1613/2232/2108 513/1639/1539 1610/2228/2104
f 1616/1407/1319 287/1408/1320 1615/2233/2109 2275/2227/2103
f 2275/2227/2103 1615/2233/2109 511/2234/2110 1608/2214/2090
f 2273/2229/2105 1586/2212/2088 499/2194/2070 1610/2228/2104
f 502/1623/1523 1621/1622/1522 2171/1759/1649 1595/2202/2078
f 1608/2214/2090 511/2234/2110 1612/2235/2111 2276/2215/2091
f 2276/2215/2091 1612/2235/2111 512/2231/2107 1609/2218/2094
f 1611/2225/2101 515/2230/2106 1614/2236/2112 2277/2224/2100
f 2277/2224/2100 1614/2236/2112 514/1591/1491 1605/2217/2093
f 1617/1641/1541 1272/1640/1540 510/1500/1412 515/2230/2106
f 511/2234/2110 507/2237/2113 1601/2238/2114 1612/2235/2111
f 1612/2235/2111 1601/2238/2114 509/1466/1378 512/2231/2107
f 512/2231/2107 509/1466/1378 1311/1465/1377 1613/2232/2108
f 1613/2232/2108 1311/1465/1377 296/1464/1376 513/1639/1539
f 515/2230/2106 510/1500/1412 1607/1499/1411 1614/2236/2112
f 1614/2236/2112 1607/1499/1411 305/1498/1410 514/1591/1491
f 323/1635/1535 1606/2239/2115 1615/2233/2109 287/1408/1320
f 1615/2233/2109 1606/2239/2115 507/2237/2113 511/2234/2110
f 709/270/257 1127/1061/1016 2043/1076/1029 2036/271/258
f 2171/1759/1649 1329/1762/1652 504/1764/1654 1595/2202/2078
f 520/1917/1795 1632/2240/2116 1498/1680/1579 456/1677/1576
f 519/2241/2117 1622/2242/2118 2278/2243/2119 1627/2244/2120
f 1622/2242/2118 375/1732/1631 1371/1735/1634 2278/2243/2119
f 2278/2243/2119 1371/1735/1634 374/1725/1624 1302/2245/2121
f 1627/2244/2120 2278/2243/2119 1302/2245/2121 518/2246/2122
f 508/2247/2123 1623/1666/1565 2279/2216/2092 1289/2248/2124
f 1289/2248/2124 2279/2216/2092 1605/2217/2093 514/1591/1491
f 368/1731/1630 1383/1755/1645 2280/1758/1648 1602/2249/2125
f 1602/2249/2125 2280/1758/1648 1329/1762/1652 316/1763/1653
f 374/1725/1624 1372/1726/1625 2281/2250/2126 1302/2245/2121
f 1372/1726/1625 368/1731/1630 1602/2249/2125 2281/2250/2126
f 2281/2250/2126 1602/2249/2125 316/1763/1653 1625/2251/2127
f 1302/2245/2121 2281/2250/2126 1625/2251/2127 518/2246/2122
f 2282/1621/1521 1623/1666/1565 508/2247/2123 1620/2252/2128
f 1621/1622/1522 2282/1621/1521 1620/2252/2128 516/1760/1650
f 517/2222/2098 1619/2221/2097 2283/2253/2129 1628/2254/2130
f 1619/2221/2097 376/1554/1466 1370/1738/1637 2283/2253/2129
f 2283/2253/2129 1370/1738/1637 375/1732/1631 1622/2242/2118
f 1628/2254/2130 2283/2253/2129 1622/2242/2118 519/2241/2117
f 516/1760/1650 1626/2255/2131 2284/2256/2132 1604/1761/1651
f 1626/2255/2131 519/2241/2117 1627/2244/2120 2284/2256/2132
f 2284/2256/2132 1627/2244/2120 518/2246/2122 1625/2251/2127
f 1604/1761/1651 2284/2256/2132 1625/2251/2127 316/1763/1653
f 508/2247/2123 1618/2257/2133 2285/2258/2134 1620/2252/2128
f 1618/2257/2133 517/2222/2098 1628/2254/2130 2285/2258/2134
f 2285/2258/2134 1628/2254/2130 519/2241/2117 1626/2255/2131
f 1620/2252/2128 2285/2258/2134 1626/2255/2131 516/1760/1650
f 508/2247/2123 1289/2248/2124 2286/2259/2135 1618/2257/2133
f 1289/2248/2124 514/1591/1491 1603/1590/1490 2286/2259/2135
f 2286/2259/2135 1603/1590/1490 317/1589/1489 1624/2223/2099
f 1618/2257/2133 2286/2259/2135 1624/2223/2099 517/2222/2098
f 319/1539/1451 1288/1555/1467 2287/2260/2136 1300/1586/1486
f 376/1554/1466 1629/2219/2095 2287/2260/2136 1288/1555/1467
f 318/1587/1487 1300/1586/1486 2287/2260/2136 1629/2219/2095
f 1498/1680/1579 1632/2240/2116 379/1722/1621 457/1681/1580
f 771/2261/854 384/1778/401 1384/1775/1665 2289/2262/2137
f 378/1836/1715 1380/1723/1622 2288/2263/2138 1633/2037/1913
f 1380/1723/1622 379/1722/1621 1632/2240/2116 2288/2263/2138
f 2288/2263/2138 1632/2240/2116 520/1917/1795 1631/1916/1794
f 1633/2037/1913 2288/2263/2138 1631/1916/1794 450/1915/1793
f 368/1731/1630 1634/2264/2139 2289/2262/2137 1383/1755/1645
f 1634/2264/2139 382/2265/855 771/2261/854 2289/2262/2137
f 693/30/30 1837/32/32 746/226/213 71/229/216
f 368/1731/1630 1361/1727/1626 2290/1730/1629 1634/2264/2139
f 659/142/142 714/172/172 1865/174/174 1854/139/139
f 1634/2264/2139 2290/1730/1629 1012/1752/359 382/2265/855
f 2289/2262/2137 1384/1775/1665 383/1756/1646 1383/1755/1645
f 528/2266/2140 1643/2267/2141 2291/2268/861 1639/2269/861
f 1643/2267/2141 524/2270/2142 1636/2271/861 2291/2268/861
f 2291/2268/861 1636/2271/861 334/1646/1546 1280/1644/1544
f 1639/2269/861 2291/2268/861 1280/1644/1544 333/1642/1542
f 1653/2272/920 1658/2273/919 540/2274/2143 370/2275/2144
f 533/2276/2145 1650/2277/2146 1645/2278/2147 525/2279/2148
f 524/2270/2142 1638/2280/2149 2292/2281/2150 1642/2282/2151
f 1638/2280/2149 372/1740/1638 1365/1745/1641 2292/2281/2150
f 2292/2281/2150 1365/1745/1641 373/1560/1470 1637/2283/2152
f 1642/2282/2151 2292/2281/2150 1637/2283/2152 522/2284/2153
f 334/1646/1546 1636/2271/861 2293/2285/861 1281/1648/1548
f 1636/2271/861 524/2270/2142 1642/2282/2151 2293/2285/861
f 2293/2285/861 1642/2282/2151 522/2284/2153 1290/2286/2154
f 1281/1648/1548 2293/2285/861 1290/2286/2154 335/1650/1550
f 373/1560/1470 1291/1557/1469 2294/2287/2155 1637/2283/2152
f 1291/1557/1469 336/1556/1468 1282/1652/1552 2294/2287/2155
f 2294/2287/2155 1282/1652/1552 335/1650/1550 1290/2286/2154
f 1637/2283/2152 2294/2287/2155 1290/2286/2154 522/2284/2153
f 1645/2288/2147 1650/2289/2146 532/2290/2156 371/2291/2157
f 531/937/901 1651/2292/2158 1646/2293/2159 523/931/897
f 333/1642/1542 1279/297/284 2295/2294/861 1639/2269/861
f 1279/297/284 332/273/260 1014/912/861 2295/2294/861
f 2295/2294/861 1014/912/861 529/911/884 1641/2295/2160
f 1639/2269/861 2295/2294/861 1641/2295/2160 528/2266/2140
f 536/1743/1640 1364/1741/1639 2296/2296/2161 1640/2297/2162
f 1364/1741/1639 372/1740/1638 1638/2280/2149 2296/2296/2161
f 2296/2296/2161 1638/2280/2149 524/2270/2142 1643/2267/2141
f 1640/2297/2162 2296/2296/2161 1643/2267/2141 528/2266/2140
f 521/915/887 1026/918/890 2297/2298/2163 1644/2299/2164
f 1026/923/890 527/924/893 1635/2300/2165 2297/2301/2163
f 2297/2301/2163 1635/2300/2165 536/1743/1640 1647/2302/2166
f 1644/2299/2164 2297/2298/2163 1647/2303/2166 371/2291/2157
f 371/2291/2157 1647/2303/2166 2298/2304/2167 1645/2288/2147
f 1647/2302/2166 536/1743/1640 1640/2297/2162 2298/2305/2167
f 2298/2305/2167 1640/2297/2162 528/2266/2140 1648/2306/2168
f 1645/2278/2147 2298/2307/2167 1648/2308/2168 525/2279/2148
f 525/2279/2148 1648/2308/2168 2299/2309/2169 1646/2293/2159
f 1648/2306/2168 528/2266/2140 1641/2295/2160 2299/2310/2169
f 2299/2310/2169 1641/2295/2160 529/911/884 1029/934/898
f 1646/2293/2159 2299/2309/2169 1029/932/898 523/931/897
f 1646/2293/2159 1651/2292/2158 533/2276/2145 525/2279/2148
f 371/2291/2157 532/2290/2156 1649/2311/2170 1644/2299/2164
f 1644/2299/2164 1649/2311/2170 530/935/899 521/915/887
f 539/962/917 1659/2312/2171 1654/2313/2172 537/956/913
f 369/940/904 1036/943/907 2300/2314/2173 1652/2315/2174
f 1036/948/907 534/386/367 1362/1749/1643 2300/2316/2173
f 2300/2316/2173 1362/1749/1643 535/1748/1642 1655/2317/2175
f 1652/2315/2174 2300/2314/2173 1655/2318/2175 370/2275/2144
f 370/2275/2144 1655/2318/2175 2301/2319/2176 1653/2272/920
f 1655/2317/2175 535/1748/1642 1363/1753/1644 2301/2320/2176
f 2301/2320/2176 1363/1753/1644 536/1743/1640 1656/2321/2177
f 1653/965/920 2301/2322/2176 1656/2323/2177 526/966/921
f 526/966/921 1656/2323/2177 2302/2324/2178 1654/2313/2172
f 1656/2321/2177 536/1743/1640 1635/2300/2165 2302/2325/2178
f 2302/2325/2178 1635/2300/2165 527/924/893 1039/959/914
f 1654/2313/2172 2302/2324/2178 1039/957/914 537/956/913
f 1654/2313/2172 1659/2312/2171 541/963/918 526/966/921
f 370/2275/2144 540/2274/2143 1657/2326/2179 1652/2315/2174
f 1652/2315/2174 1657/2326/2179 538/960/915 369/940/904
f 552/1861/1739 550/1721/1620 1666/2327/2180 1668/2328/2181
f 1660/2329/2182 542/1856/1734 1241/1859/1737 2303/2330/2183
f 2303/2330/2183 1241/1859/1737 543/1860/1738 1661/2331/2184
f 1662/2332/2185 544/1852/1730 1243/1855/1733 2304/2333/2186
f 2304/2333/2186 1243/1855/1733 542/1856/1734 1660/2329/2182
f 1663/2334/2187 545/1848/1726 1245/1851/1729 2305/2335/2188
f 2305/2335/2188 1245/1851/1729 544/1852/1730 1662/2332/2185
f 1664/2336/2189 546/1844/1722 1247/1847/1725 2306/2337/2190
f 2306/2337/2190 1247/1847/1725 545/1848/1726 1663/2334/2187
f 1048/978/933 547/487/466 1249/1842/1721 2307/2338/2191
f 2307/2338/2191 1249/1842/1721 546/1844/1722 1664/2336/2189
f 1665/2339/2192 548/1839/1718 1376/1840/1719 2308/2340/2193
f 2308/2340/2193 1376/1840/1719 549/1843/459 1050/2341/935
f 1666/2327/2180 550/1721/1620 1377/1724/1623 2309/2342/2194
f 2309/2342/2194 1377/1724/1623 551/1835/1714 1667/2343/2195
f 1661/2331/2184 543/1860/1738 1379/1906/1784 2310/2344/2196
f 2310/2344/2196 1379/1906/1784 552/1861/1739 1668/2328/2181
f 83/616/595 57/304/291 958/303/290 926/327/314
f 1667/2343/2195 551/1835/1714 1630/1838/1717 2311/2345/2197
f 2311/2345/2197 1630/1838/1717 548/1839/1718 1665/2339/2192
f 302/1471/1383 1669/2346/2198 2312/2347/2199 1256/1472/1384
f 1669/2346/2198 553/1488/1400 1676/1526/1438 2312/2347/2199
f 2312/2347/2199 1676/1526/1438 560/1519/1431 1277/2348/2200
f 1256/1472/1384 2312/2347/2199 1277/2348/2200 301/1438/1350
f 301/1438/1350 1277/2348/2200 2313/2349/2201 1255/1439/1351
f 1277/2348/2200 560/1519/1431 1677/1522/1434 2313/2349/2201
f 2313/2349/2201 1677/1522/1434 559/1513/1425 1276/2350/2202
f 1255/1439/1351 2313/2349/2201 1276/2350/2202 300/1440/1352
f 300/1440/1352 1276/2350/2202 2314/2351/2203 1254/1475/1387
f 1276/2350/2202 559/1513/1425 1678/1516/1428 2314/2351/2203
f 2314/2351/2203 1678/1516/1428 558/1507/1419 1275/2352/2204
f 1254/1475/1387 2314/2351/2203 1275/2352/2204 299/1447/1359
f 299/1447/1359 1275/2352/2204 2315/2353/2205 1253/1448/1360
f 1275/2352/2204 558/1507/1419 1679/1510/1422 2315/2353/2205
f 2315/2353/2205 1679/1510/1422 557/1501/1413 1274/2354/2206
f 1253/1448/1360 2315/2353/2205 1274/2354/2206 298/1449/1361
f 298/1449/1361 1274/2354/2206 2316/2355/2207 1252/1478/1390
f 1274/2354/2206 557/1501/1413 1680/1504/1416 2316/2355/2207
f 2316/2355/2207 1680/1504/1416 556/1492/1404 1273/2356/2208
f 1252/1478/1390 2316/2355/2207 1273/2356/2208 297/1462/1374
f 304/61/61 653/1002/957 2317/2357/2209 1258/1454/1366
f 653/1002/957 555/95/95 1681/1490/1402 2317/2357/2209
f 2317/2357/2209 1681/1490/1402 554/1482/1394 1271/2358/2210
f 1258/1454/1366 2317/2357/2209 1271/2358/2210 303/1455/1367
f 303/1455/1367 1271/2358/2210 2318/2359/2211 1257/1481/1393
f 1271/2358/2210 554/1482/1394 1682/1485/1397 2318/2359/2211
f 2318/2359/2211 1682/1485/1397 553/1488/1400 1669/2346/2198
f 1257/1481/1393 2318/2359/2211 1669/2346/2198 302/1471/1383
f 576/2360/2212 1685/2361/2213 2319/2362/2214 1710/2363/2215
f 1685/2361/2213 563/1457/1369 1690/1480/1392 2319/2362/2214
f 2319/2362/2214 1690/1480/1392 568/1467/1379 1700/2364/2216
f 1710/2363/2215 2319/2362/2214 1700/2364/2216 573/2365/2217
f 575/2366/2218 1684/2367/2219 2320/2368/2220 1709/2369/2221
f 1684/2367/2219 562/1451/1363 1691/1477/1389 2320/2368/2220
f 2320/2368/2220 1691/1477/1389 567/1458/1370 1699/2370/2222
f 1709/2369/2221 2320/2368/2220 1699/2370/2222 572/2371/2223
f 574/2372/2224 1683/2373/2225 2321/2374/2226 1708/2375/2227
f 1683/2373/2225 561/1442/1354 1692/1474/1386 2321/2374/2226
f 2321/2374/2226 1692/1474/1386 565/1443/1355 1698/2376/2228
f 1708/2375/2227 2321/2374/2226 1698/2376/2228 570/2377/2229
f 573/2365/2217 1700/2364/2216 2322/2378/2230 1707/2379/2231
f 1700/2364/2216 568/1467/1379 1693/1470/1382 2322/2378/2230
f 2322/2378/2230 1693/1470/1382 564/1434/1346 1697/2380/2232
f 1707/2379/2231 2322/2378/2230 1697/2380/2232 569/2381/2233
f 571/1027/982 1086/1030/985 2323/2382/2234 1706/2383/2235
f 1086/1030/985 566/53/53 1694/1453/1365 2323/2382/2234
f 2323/2382/2234 1694/1453/1365 563/1457/1369 1685/2361/2213
f 1706/2383/2235 2323/2382/2234 1685/2361/2213 576/2360/2212
f 570/2377/2229 1698/2376/2228 2324/2384/2236 1705/2385/2237
f 1698/2376/2228 565/1443/1355 1695/1446/1358 2324/2384/2236
f 2324/2384/2236 1695/1446/1358 562/1451/1363 1684/2367/2219
f 1705/2385/2237 2324/2384/2236 1684/2367/2219 575/2366/2218
f 569/2381/2233 1697/2380/2232 2325/2386/2238 1704/2387/2239
f 1697/2380/2232 564/1434/1346 1696/1437/1349 2325/2386/2238
f 2325/2386/2238 1696/1437/1349 561/1442/1354 1683/2373/2225
f 1704/2387/2239 2325/2386/2238 1683/2373/2225 574/2372/2224
f 325/1633/1533 1312/2388/2240 2326/2389/2241 1323/1638/1538
f 1312/2388/2240 569/2381/2233 1704/2387/2239 2326/2389/2241
f 2326/2389/2241 1704/2387/2239 574/2372/2224 1701/2390/2242
f 1323/1638/1538 2326/2389/2241 1701/2390/2242 324/1629/1529
f 327/1631/1531 1313/2391/2243 2327/2392/2244 1322/1637/1537
f 1313/2391/2243 570/2377/2229 1705/2385/2237 2327/2392/2244
f 2327/2392/2244 1705/2385/2237 575/2366/2218 1702/2393/2245
f 1322/1637/1537 2327/2392/2244 1702/2393/2245 326/1626/1526
f 329/265/252 698/1042/997 2328/2394/2246 1321/1636/1536
f 698/1042/997 571/1027/982 1706/2383/2235 2328/2394/2246
f 2328/2394/2246 1706/2383/2235 576/2360/2212 1703/2395/2247
f 1321/1636/1536 2328/2394/2246 1703/2395/2247 328/1592/1492
f 331/1625/1525 1315/2396/2248 2329/2397/2249 1319/1632/1532
f 1315/2396/2248 573/2365/2217 1707/2379/2231 2329/2397/2249
f 2329/2397/2249 1707/2379/2231 569/2381/2233 1312/2388/2240
f 1319/1632/1532 2329/2397/2249 1312/2388/2240 325/1633/1533
f 324/1629/1529 1701/2390/2242 2330/2398/2250 1318/1630/1530
f 1701/2390/2242 574/2372/2224 1708/2375/2227 2330/2398/2250
f 2330/2398/2250 1708/2375/2227 570/2377/2229 1313/2391/2243
f 1318/1630/1530 2330/2398/2250 1313/2391/2243 327/1631/1531
f 326/1626/1526 1702/2393/2245 2331/2399/2251 1317/1627/1527
f 1702/2393/2245 575/2366/2218 1709/2369/2221 2331/2399/2251
f 2331/2399/2251 1709/2369/2221 572/2371/2223 1314/2400/2252
f 1317/1627/1527 2331/2399/2251 1314/2400/2252 330/1628/1528
f 328/1592/1492 1703/2395/2247 2332/2401/2253 1316/1593/1493
f 1703/2395/2247 576/2360/2212 1710/2363/2215 2332/2401/2253
f 2332/2401/2253 1710/2363/2215 573/2365/2217 1315/2396/2248
f 1316/1593/1493 2332/2401/2253 1315/2396/2248 331/1625/1525
f 330/1628/1528 1314/2400/2252 2333/2402/2254 1320/1634/1534
f 1314/2400/2252 572/2371/2223 1711/2403/2255 2333/2402/2254
f 2333/2402/2254 1711/2403/2255 507/2237/2113 1606/2239/2115
f 1320/1634/1534 2333/2402/2254 1606/2239/2115 323/1635/1535
f 572/2371/2223 1699/2370/2222 2334/2404/2256 1711/2403/2255
f 1699/2370/2222 567/1458/1370 1712/1461/1373 2334/2404/2256
f 2334/2404/2256 1712/1461/1373 509/1466/1378 1601/2238/2114
f 1711/2403/2255 2334/2404/2256 1601/2238/2114 507/2237/2113
f 297/1462/1374 1273/2356/2208 2335/2405/2257 1251/1463/1375
f 1273/2356/2208 556/1492/1404 1713/1495/1407 2335/2405/2257
f 2335/2405/2257 1713/1495/1407 510/1500/1412 1272/1640/1540
f 1251/1463/1375 2335/2405/2257 1272/1640/1540 296/1464/1376
f 1738/2406/2258 580/2407/2259 1716/2408/2260 2345/2409/2261
f 1117/1059/1014 2347/2410/2262 2336/1663/1563 1126/296/283
f 1726/2411/2263 2350/2412/2264 2337/1661/1561 1736/1662/1562
f 2336/1663/1563 2347/2410/2262 1726/2411/2263 1736/1662/1562
f 1723/2413/2265 2353/2414/2266 2338/1659/1559 1735/1660/1560
f 2337/1661/1561 2350/2412/2264 1723/2413/2265 1735/1660/1560
f 1734/1658/1558 1737/2415/292 2346/2416/295 2339/1657/1557
f 2338/1659/1559 2353/2414/2266 1737/2415/292 1734/1658/1558
f 1727/2417/2267 2349/2418/2268 2340/1655/1555 1733/1656/1556
f 2339/1657/1557 2346/2416/295 1727/2417/2267 1733/1656/1556
f 1724/2419/2269 2352/2420/2270 2341/1653/1553 1732/1654/1554
f 2340/1655/1555 2349/2418/2268 1724/2419/2269 1732/1654/1554
f 1731/1651/1551 1738/2421/2258 2345/2422/2261 2342/1649/1549
f 2341/1653/1553 2352/2420/2270 1738/2421/2258 1731/1651/1551
f 1728/2423/2271 2348/2424/2272 2343/1645/1545 1730/1647/1547
f 2342/1649/1549 2345/2422/2261 1728/2423/2271 1730/1647/1547
f 1725/2425/2273 2351/1060/1015 2344/298/285 1729/1643/1543
f 2343/1645/1545 2348/2424/2272 1725/2425/2273 1729/1643/1543
f 1117/2426/1014 586/2427/1036 1722/2428/2274 2347/2429/2262
f 1716/2408/2260 579/2430/2275 1728/2431/2271 2345/2409/2261
f 1728/2431/2271 579/2430/2275 1715/2432/2276 2348/2433/2272
f 1719/307/294 582/2434/2277 1727/2435/2267 2346/308/295
f 1727/2435/2267 582/2434/2277 1718/2436/2278 2349/2437/2268
f 1722/2428/2274 585/2438/2279 1726/2439/2263 2347/2429/2262
f 1726/2439/2263 585/2438/2279 1721/2440/2280 2350/2441/2264
f 1715/2432/2276 578/2442/2281 1725/2443/2273 2348/2433/2272
f 1725/2443/2273 578/2442/2281 1714/2444/2282 2351/2445/1015
f 1718/2436/2278 581/2446/2283 1724/2447/2269 2349/2437/2268
f 1724/2447/2269 581/2446/2283 1717/2448/2284 2352/2449/2270
f 1721/2440/2280 584/2450/2285 1723/2451/2265 2350/2441/2264
f 1723/2451/2265 584/2450/2285 1720/2452/2286 2353/2453/2266
f 1714/2444/2282 577/1103/1043 1127/1102/1016 2351/2445/1015
f 1717/2448/2284 580/2407/2259 1738/2406/2258 2352/2449/2270
f 1720/2452/2286 583/306/293 1737/305/292 2353/2453/2266
f 259/1306/1240 1148/1305/1239 2054/1286/1221 1107/1285/1220
f 2356/2454/2287 2387/2455/2288 1744/2456/2289 1749/2457/2290
f 1744/2456/2289 2385/2458/2291 2354/2459/2292 1749/2457/2290
f 2358/2460/2293 2389/2461/2294 1745/2462/2295 1750/2463/2296
f 1745/2462/2295 2386/2464/2297 2355/2465/2298 1750/2463/2296
f 2359/2466/2299 2381/1324/1256 1760/1325/1257 1751/2467/2300
f 1751/2467/2300 1760/1325/1257 2387/2455/2288 2356/2454/2287
f 2360/2468/2301 2382/2469/2302 1761/2470/2303 1752/2471/2304
f 1752/2471/2304 1761/2470/2303 2388/1147/1083 2357/1146/1082
f 2361/2472/2305 2383/2473/2306 1762/2474/2307 1753/2475/2308
f 1753/2475/2308 1762/2474/2307 2389/2461/2294 2358/2460/2293
f 2362/2476/2309 2384/2477/2310 1741/2478/2311 1754/2479/2312
f 1741/2478/2311 2381/1324/1256 2359/2466/2299 1754/2479/2312
f 2354/2459/2292 2385/2458/2291 1742/2480/2313 1739/2481/2314
f 1739/2481/2314 1742/2480/2313 2382/2469/2302 2360/2468/2301
f 1135/1144/1080 2383/2473/2306 2361/2472/2305 1149/1145/1081
f 2355/2465/2298 2386/2464/2297 1743/2482/2315 1740/2483/2316
f 1740/2483/2316 1743/2482/2315 2384/2477/2310 2362/2476/2309
f 602/2484/2317 1784/2485/2318 2363/2486/2319 1804/2487/2320
f 1804/2487/2320 2363/2486/2319 1795/2488/2321 606/2489/2322
f 611/2490/2323 1808/2491/2324 2364/2492/2325 1821/2493/2326
f 2367/2494/2327 2401/2495/2328 1783/2496/2329 1808/2491/2324
f 1783/2496/2329 2404/2497/2330 2364/2492/2325 1808/2491/2324
f 1821/2493/2326 2364/2492/2325 1772/2498/2331 607/2499/2332
f 612/2500/2333 1809/2501/2334 2365/2502/2335 1820/2503/2336
f 2368/2504/2337 2400/2505/2338 1785/2506/2339 1809/2501/2334
f 1785/2506/2339 2403/2507/2340 2365/2502/2335 1809/2501/2334
f 1820/2503/2336 2365/2502/2335 1773/2508/2341 608/2509/2342
f 613/1178/1114 1214/1181/1117 2366/2510/2343 1819/2511/2344
f 1186/1185/1121 2402/2512/2345 2366/2510/2343 1214/1181/1117
f 1819/2511/2344 2366/2510/2343 1774/2513/2346 609/2514/2347
f 614/2515/2348 1810/2516/2349 2367/2494/2327 1818/2517/2350
f 2369/2518/2351 2399/2519/2352 1786/2520/2353 1810/2516/2349
f 1786/2520/2353 2401/2495/2328 2367/2494/2327 1810/2516/2349
f 1818/2517/2350 2367/2494/2327 1808/2491/2324 611/2490/2323
f 615/2521/2354 1811/2522/2355 2368/2504/2337 1817/2523/2356
f 2370/2524/2357 2407/2525/2358 1787/2526/2359 1811/2522/2355
f 1787/2526/2359 2400/2505/2338 2368/2504/2337 1811/2522/2355
f 1817/2523/2356 2368/2504/2337 1809/2501/2334 612/2500/2333
f 616/2527/2360 1812/2528/2361 2369/2518/2351 1816/2529/2362
f 2398/2530/2363 2405/2531/2364 1790/2532/2365 1812/2528/2361
f 1790/2532/2365 2399/2519/2352 2369/2518/2351 1812/2528/2361
f 1816/2529/2362 2369/2518/2351 1810/2516/2349 614/2515/2348
f 607/2499/2332 1772/2498/2331 2370/2524/2357 1815/2533/2366
f 2364/2492/2325 2404/2497/2330 1792/2534/2367 1772/2498/2331
f 1772/2498/2331 1792/2534/2367 2407/2525/2358 2370/2524/2357
f 1815/2533/2366 2370/2524/2357 1811/2522/2355 615/2521/2354
f 608/2509/2342 1773/2508/2341 2371/1186/1122 1814/2535/2368
f 2365/2502/2335 2403/2507/2340 1780/2536/2369 1773/2508/2341
f 1773/2508/2341 1780/2536/2369 2406/1187/1123 2371/1186/1122
f 1814/2535/2368 2371/1186/1122 1172/1189/1125 610/2537/1148
f 1178/1251/1186 2100/1224/1159 2064/1222/1157 1236/1231/1166
f 2373/2538/2370 2409/2539/2371 1211/2540/1162 1142/2541/1161
f 1748/2542/2372 1807/2543/2373 2408/1278/1213 2372/1277/1212
f 1824/2544/2374 1748/2542/2372 2372/1277/1212 2425/2545/2375
f 2425/2545/2375 2372/1277/1212 1829/1280/1215 1759/2546/2376
f 2374/2547/2377 2410/2548/2378 1778/2549/2379 1828/2550/2380
f 1747/2551/2381 1806/2552/2382 2409/2539/2371 2373/2538/2370
f 1823/2553/2383 1747/2551/2381 2373/2538/2370 2424/2554/2384
f 2424/2554/2384 2373/2538/2370 1142/2541/1161 1230/2555/1175
f 2375/2556/2385 2411/2557/2386 1777/2558/2387 1827/2559/2388
f 1746/1218/1153 1805/2560/2389 2410/2548/2378 2374/2547/2377
f 1822/1219/1154 1746/1218/1153 2374/2547/2377 2423/2561/2390
f 2423/2561/2390 2374/2547/2377 1828/2550/2380 1758/2562/2391
f 2376/2563/2392 2412/2564/2393 1776/2565/2394 1826/2566/2395
f 1779/1279/1214 2411/2557/2386 2375/2556/2385 1829/1280/1215
f 1759/2546/2376 1829/1280/1215 2375/2556/2385 2422/2567/2396
f 2422/2567/2396 2375/2556/2385 1827/2559/2388 1757/2568/2397
f 2377/2569/2398 2413/2570/2399 1775/2571/2400 1825/2572/2401
f 1778/2549/2379 2412/2564/2393 2376/2563/2392 1828/2550/2380
f 1758/2562/2391 1828/2550/2380 2376/2563/2392 2421/2573/2402
f 2421/2573/2402 2376/2563/2392 1826/2566/2395 1756/2574/2403
f 2378/2575/2404 2414/2576/2405 1807/2543/2373 1748/2542/2372
f 1777/2558/2387 2413/2570/2399 2377/2569/2398 1827/2559/2388
f 1757/2568/2397 1827/2559/2388 2377/2569/2398 2420/2577/2406
f 2420/2577/2406 2377/2569/2398 1825/2572/2401 1755/2578/2407
f 2379/2579/2408 2415/2580/2409 1806/2552/2382 1747/2551/2381
f 1175/1270/1205 2414/2576/2405 2378/2575/2404 1233/1269/1204
f 1152/1267/1202 1233/1269/1204 2378/2575/2404 2419/2581/2410
f 2419/2581/2410 2378/2575/2404 1748/2542/2372 1824/2544/2374
f 2380/1217/1152 2416/2582/2411 1805/2560/2389 1746/1218/1153
f 1776/2565/2394 2415/2580/2409 2379/2579/2408 1826/2566/2395
f 1756/2574/2403 1826/2566/2395 2379/2579/2408 2418/2583/2412
f 2418/2583/2412 2379/2579/2408 1747/2551/2381 1823/2553/2383
f 1775/2571/2400 2416/2582/2411 2380/1217/1152 1825/2572/2401
f 1755/2578/2407 1825/2572/2401 2380/1217/1152 2417/1216/1151
f 2362/1321/1254 1754/2584/2413 582/2585/2414 1719/1322/1255
f 586/2586/1228 1149/2587/1228 2361/2588/2415 1722/2589/2416
f 2361/2588/2415 1753/2590/2417 585/2591/2418 1722/2589/2416
f 579/2592/2419 1739/2593/2420 2360/2594/2421 1715/2595/2422
f 2360/2594/2421 1752/2596/2423 578/2597/2424 1715/2595/2422
f 582/2585/2414 1754/2584/2413 2359/2598/2425 1718/2599/2426
f 2359/2598/2425 1751/2600/2427 581/2601/2428 1718/2599/2426
f 585/2591/2418 1753/2590/2417 2358/2602/2429 1721/2603/2430
f 2358/2602/2429 1750/2604/2431 584/2605/2432 1721/2603/2430
f 578/2597/2424 1752/2596/2423 2357/2606/2433 1714/2607/2434
f 2357/2606/2433 1132/2608/1241 577/2609/1241 1714/2607/2434
f 581/2601/2428 1751/2600/2427 2356/2610/2435 1717/2611/2436
f 2356/2610/2435 1749/2612/2437 580/2613/2438 1717/2611/2436
f 584/2605/2432 1750/2604/2431 2355/2614/2439 1720/2615/2440
f 2355/2614/2439 1740/1320/1253 583/1319/1252 1720/2615/2440
f 580/2613/2438 1749/2612/2437 2354/2616/2441 1716/2617/2442
f 2354/2616/2441 1739/2593/2420 579/2592/2419 1716/2617/2442
f 1132/2618/1085 1159/1323/1084 2080/1129/1065 2049/1128/1064
f 2382/2469/2302 2418/2583/2412 1823/2553/2383 1761/2470/2303
f 1741/2478/2311 1755/2578/2407 2417/1216/1151 2381/1324/1256
f 2383/2473/2306 2419/2581/2410 1824/2544/2374 1762/2474/2307
f 1742/2480/2313 1756/2574/2403 2418/2583/2412 2382/2469/2302
f 2384/2477/2310 2420/2577/2406 1755/2578/2407 1741/2478/2311
f 1135/1144/1080 1152/1267/1202 2419/2581/2410 2383/2473/2306
f 2385/2458/2291 2421/2573/2402 1756/2574/2403 1742/2480/2313
f 1743/2482/2315 1757/2568/2397 2420/2577/2406 2384/2477/2310
f 2386/2464/2297 2422/2567/2396 1757/2568/2397 1743/2482/2315
f 1744/2456/2289 1758/2562/2391 2421/2573/2402 2385/2458/2291
f 2387/2455/2288 2423/2561/2390 1758/2562/2391 1744/2456/2289
f 1745/2462/2295 1759/2546/2376 2422/2567/2396 2386/2464/2297
f 2388/1147/1083 2424/2554/2384 1230/2555/1175 1159/1148/1084
f 1760/1325/1257 1822/1219/1154 2423/2561/2390 2387/2455/2288
f 2389/2461/2294 2425/2545/2375 1759/2546/2376 1745/2462/2295
f 1761/2470/2303 1823/2553/2383 2424/2554/2384 2388/1147/1083
f 2109/1276/1211 1227/1241/1176 1139/1243/1178 2072/1275/1210
f 1762/2474/2307 1824/2544/2374 2425/2545/2375 2389/2461/2294
f 597/2619/2443 1788/2620/2444 2390/2621/2445 1803/2622/2446
f 1803/2622/2446 2390/2621/2445 1180/2623/1263 598/2624/1262
f 599/2625/2447 1789/2626/1311 2391/2627/1310 1802/2628/2448
f 1802/2628/2448 2391/2627/1310 1782/2629/2449 600/2630/2450
f 601/2631/2451 1791/2632/2452 2392/2633/2453 1801/2634/2454
f 1801/2634/2454 2392/2633/2453 1784/2485/2318 602/2484/2317
f 603/2635/2455 1793/2636/2456 2393/2637/2457 1800/2638/2458
f 1800/2638/2458 2393/2637/2457 1788/2620/2444 597/2619/2443
f 604/1346/1278 1196/1349/1281 2394/2639/2459 1799/2640/2460
f 2083/1358/1266 1182/1389/1269 269/1388/1305 1167/1359/1290
f 1799/2640/2460 2394/2639/2459 1789/2626/1311 599/2625/2447
f 605/2641/2461 1794/2642/2462 2395/2643/2463 1798/2644/2464
f 1798/2644/2464 2395/2643/2463 1791/2632/2452 601/2631/2451
f 606/2489/2322 1795/2488/2321 2396/2645/2465 1797/2646/2466
f 1797/2646/2466 2396/2645/2465 1793/2636/2456 603/2635/2455
f 600/2630/2450 1782/2629/2449 2397/2647/2467 1796/2648/2468
f 1796/2648/2468 2397/2647/2467 1794/2642/2462 605/2641/2461
f 2391/1397/1310 1770/1396/1309 594/2649/2469 1782/2650/2449
f 1767/2651/2470 2392/2652/2453 1791/2653/2452 592/2654/2471
f 2392/2652/2453 1767/2651/2470 591/2655/2472 1784/2656/2318
f 1764/2657/2473 2393/2658/2457 1793/2659/2456 589/2660/2474
f 2393/2658/2457 1764/2657/2473 588/2661/2475 1788/2662/2444
f 1771/2663/2476 2394/2664/2459 1196/1377/1281 596/1376/1299
f 2394/2664/2459 1771/2663/2476 595/1399/1312 1789/1398/1311
f 1768/2665/2477 2395/2666/2463 1794/2667/2462 593/2668/2478
f 2395/2666/2463 1768/2665/2477 592/2654/2471 1791/2653/2452
f 1765/2669/2479 2396/2670/2465 1795/2671/2321 590/2672/2480
f 2396/2670/2465 1765/2669/2479 589/2660/2474 1793/2659/2456
f 1769/2673/2481 2397/2674/2467 1782/2650/2449 594/2649/2469
f 2397/2674/2467 1769/2673/2481 593/2668/2478 1794/2667/2462
f 1766/2675/2482 2363/2676/2319 1784/2656/2318 591/2655/2472
f 2363/2676/2319 1766/2675/2482 590/2672/2480 1795/2671/2321
f 1763/2677/2483 2390/2678/2445 1788/2662/2444 588/2661/2475
f 2390/2678/2445 1763/2677/2483 587/2679/1307 1180/2680/1263
f 609/2514/2347 1774/2513/2346 2398/2530/2363 1813/2681/2484
f 2366/2510/2343 2402/2512/2345 1781/2682/2485 1774/2513/2346
f 1774/2513/2346 1781/2682/2485 2405/2531/2364 2398/2530/2363
f 1813/2681/2484 2398/2530/2363 1812/2528/2361 616/2527/2360
f 1790/2532/2365 600/2630/2450 1796/2648/2468 2399/2519/2352
f 2399/2519/2352 1796/2648/2468 605/2641/2461 1786/2520/2353
f 1787/2526/2359 606/2489/2322 1797/2646/2466 2400/2505/2338
f 2400/2505/2338 1797/2646/2466 603/2635/2455 1785/2506/2339
f 1786/2520/2353 605/2641/2461 1798/2644/2464 2401/2495/2328
f 2401/2495/2328 1798/2644/2464 601/2631/2451 1783/2496/2329
f 1186/1185/1121 604/1346/1278 1799/2640/2460 2402/2512/2345
f 2402/2512/2345 1799/2640/2460 599/2625/2447 1781/2682/2485
f 1785/2506/2339 603/2635/2455 1800/2638/2458 2403/2507/2340
f 2403/2507/2340 1800/2638/2458 597/2619/2443 1780/2536/2369
f 1783/2496/2329 601/2631/2451 1801/2634/2454 2404/2497/2330
f 2404/2497/2330 1801/2634/2454 602/2484/2317 1792/2534/2367
f 1781/2682/2485 599/2625/2447 1802/2628/2448 2405/2531/2364
f 2405/2531/2364 1802/2628/2448 600/2630/2450 1790/2532/2365
f 1780/2536/2369 597/2619/2443 1803/2622/2446 2406/1187/1123
f 2406/1187/1123 1803/2622/2446 598/2624/1262 1190/1188/1124
f 1792/2534/2367 602/2484/2317 1804/2487/2320 2407/2525/2358
f 2407/2525/2358 1804/2487/2320 606/2489/2322 1787/2526/2359
f 1807/2543/2373 609/2514/2347 1813/2681/2484 2408/1278/1213
f 2408/1278/1213 1813/2681/2484 616/2527/2360 1779/1279/1214
f 1806/2552/2382 608/2509/2342 1814/2535/2368 2409/2539/2371
f 2409/2539/2371 1814/2535/2368 610/2537/1148 1211/2540/1162
f 1805/2560/2389 607/2499/2332 1815/2533/2366 2410/2548/2378
f 2410/2548/2378 1815/2533/2366 615/2521/2354 1778/2549/2379
f 1779/1279/1214 616/2527/2360 1816/2529/2362 2411/2557/2386
f 2411/2557/2386 1816/2529/2362 614/2515/2348 1777/2558/2387
f 1778/2549/2379 615/2521/2354 1817/2523/2356 2412/2564/2393
f 2412/2564/2393 1817/2523/2356 612/2500/2333 1776/2565/2394
f 1777/2558/2387 614/2515/2348 1818/2517/2350 2413/2570/2399
f 2413/2570/2399 1818/2517/2350 611/2490/2323 1775/2571/2400
f 1175/1270/1205 613/1178/1114 1819/2511/2344 2414/2576/2405
f 2414/2576/2405 1819/2511/2344 609/2514/2347 1807/2543/2373
f 1776/2565/2394 612/2500/2333 1820/2503/2336 2415/2580/2409
f 2415/2580/2409 1820/2503/2336 608/2509/2342 1806/2552/2382
f 1775/2571/2400 611/2490/2323 1821/2493/2326 2416/2582/2411
f 2416/2582/2411 1821/2493/2326 607/2499/2332 1805/2560/2389
f 1855/153/153 1861/166/166 711/171/171 676/154/154
f 32/169/169 679/173/173 648/93/93 23/92/92
f 2037/1057/1012 1104/1056/1011 257/1107/1045 1129/1106/1027
f 1156/1124/1060 1227/1241/1176 2109/1276/1211 2073/1126/1062
f 1172/1213/1125 1190/1402/1124 2098/1214/1149 2063/1211/1147
f 1664/2683/2189 2306/2684/2190 2426/2685/2486 2307/2686/2191
f 2306/2684/2190 1663/2687/2187 2429/2688/2486 2426/2685/2486
f 1663/2687/2187 2305/2689/2188 2432/2690/2486 2429/2688/2486
f 2305/2689/2188 1662/2691/2185 2435/2692/2486 2432/2690/2486
f 1662/2691/2185 2304/2693/2186 2438/2694/2486 2435/2692/2486
f 2304/2693/2186 1660/2695/2182 2441/2696/2486 2438/2694/2486
f 1660/2695/2182 2303/2697/2183 2444/2698/2486 2441/2696/2486
f 2303/2697/2183 1661/2699/2184 2447/2700/2486 2444/2698/2486
f 1661/2699/2184 2310/2701/2196 2450/2702/2486 2447/2700/2486
f 2310/2701/2196 1668/2703/2181 2453/2704/2486 2450/2702/2486
f 1668/2703/2181 1666/2705/2180 2456/2706/2486 2453/2704/2486
f 1666/2705/2180 2309/2707/2194 2459/2708/2486 2456/2706/2486
f 2309/2707/2194 1667/2709/2195 2462/2710/2486 2459/2708/2486
f 1667/2709/2195 2311/2711/2197 2465/2712/2486 2462/2710/2486
f 2311/2711/2197 1665/2713/2192 2308/2714/2193 2465/2712/2486
f 2307/2686/2191 2426/2685/2486 2427/2715/2486 1048/2716/933
f 2426/2685/2486 2429/2688/2486 2430/2717/2486 2427/2715/2486
f 2429/2688/2486 2432/2690/2486 2433/2718/2486 2430/2717/2486
f 2432/2690/2486 2435/2692/2486 2436/2719/2486 2433/2718/2486
f 2435/2692/2486 2438/2694/2486 2439/2720/2486 2436/2719/2486
f 2438/2694/2486 2441/2696/2486 2442/2721/2486 2439/2720/2486
f 2441/2696/2486 2444/2698/2486 2445/2722/2486 2442/2721/2486
f 2444/2698/2486 2447/2700/2486 2448/2723/2486 2445/2722/2486
f 2447/2700/2486 2450/2702/2486 2451/2724/2486 2448/2723/2486
f 2450/2702/2486 2453/2704/2486 2454/2725/2486 2451/2724/2486
f 2453/2704/2486 2456/2706/2486 2457/2726/2486 2454/2725/2486
f 2456/2706/2486 2459/2708/2486 2460/2727/2486 2457/2726/2486
f 2459/2708/2486 2462/2710/2486 2463/2728/2486 2460/2727/2486
f 2462/2710/2486 2465/2712/2486 2466/2729/2486 2463/2728/2486
f 2465/2712/2486 2308/2714/2193 1050/2730/935 2466/2729/2486
f 1048/2716/933 2427/2715/2486 2428/2731/2486 1999/2732/932
f 2427/2715/2486 2430/2717/2486 2431/2733/2486 2428/2731/2486
f 2430/2717/2486 2433/2718/2486 2434/2734/2486 2431/2733/2486
f 2433/2718/2486 2436/2719/2486 2437/2735/2486 2434/2734/2486
f 2436/2719/2486 2439/2720/2486 2440/2736/2486 2437/2735/2486
f 2439/2720/2486 2442/2721/2486 2443/2737/2486 2440/2736/2486
f 2442/2721/2486 2445/2722/2486 2446/2738/2486 2443/2737/2486
f 2445/2722/2486 2448/2723/2486 2449/2739/2486 2446/2738/2486
f 2448/2723/2486 2451/2724/2486 2452/2740/2486 2449/2739/2486
f 2451/2724/2486 2454/2725/2486 2455/2741/2486 2452/2740/2486
f 2454/2725/2486 2457/2726/2486 2458/2742/2486 2455/2741/2486
f 2457/2726/2486 2460/2727/2486 2461/2743/2486 2458/2742/2486
f 2460/2727/2486 2463/2728/2486 2464/2744/2486 2461/2743/2486
f 2463/2728/2486 2466/2729/2486 2467/2745/2486 2464/2744/2486
f 2466/2729/2486 1050/2730/935 2000/2746/934 2467/2745/2486
f 1999/2732/932 2428/2731/2486 1998/2747/930 1047/2748/931
f 2428/2731/2486 2431/2733/2486 1046/2749/929 1998/2747/930
f 2431/2733/2486 2434/2734/2486 1997/2750/928 1046/2749/929
f 2434/2734/2486 2437/2735/2486 1045/2751/927 1997/2750/928
f 2437/2735/2486 2440/2736/2486 1996/2752/926 1045/2751/927
f 2440/2736/2486 2443/2737/2486 1043/2753/925 1996/2752/926
f 2443/2737/2486 2446/2738/2486 1995/2754/923 1043/2753/925
f 2446/2738/2486 2449/2739/2486 1044/2755/924 1995/2754/923
f 2449/2739/2486 2452/2740/2486 2002/2756/940 1044/2755/924
f 2452/2740/2486 2455/2741/2486 1053/2757/941 2002/2756/940
f 2455/2741/2486 2458/2742/2486 1051/2758/939 1053/2757/941
f 2458/2742/2486 2461/2743/2486 2001/2759/937 1051/2758/939
f 2461/2743/2486 2464/2744/2486 1052/2760/938 2001/2759/937
f 2464/2744/2486 2467/2745/2486 2003/2761/944 1052/2760/938
f 2467/2745/2486 2000/2746/934 1049/2762/936 2003/2761/944
f 2480/2763/2487 2558/2764/2488 2670/2765/2489 2544/2766/2490
f 2558/2767/2488 2468/2768/2491 2541/2769/2492 2670/2770/2489
f 2688/2771/2493 2578/2772/2494 2488/2773/2495 2569/2774/2496
f 2555/2775/2497 2670/2770/2489 2541/2769/2492 2470/2776/2498
f 2480/2763/2487 2549/2777/2499 2671/2778/2500 2558/2764/2488
f 2549/2777/2499 2477/2779/2501 2557/2780/2502 2671/2778/2500
f 2671/2781/2500 2557/2782/2502 2469/2783/2503 2540/2784/2504
f 2558/2767/2488 2671/2781/2500 2540/2784/2504 2468/2768/2491
f 2479/2785/2505 2591/2786/2506 2672/2787/2507 2559/2788/2508
f 2591/2786/2506 2495/2789/2509 2584/2790/2510 2672/2787/2507
f 2672/2787/2507 2584/2790/2510 2498/2791/2511 2588/2792/2512
f 2559/2788/2508 2672/2787/2507 2588/2792/2512 2482/2793/2513
f 2482/2793/2513 2588/2792/2512 2673/2794/2514 2551/2795/2515
f 2588/2792/2512 2498/2791/2511 2576/2796/2516 2673/2794/2514
f 2673/2794/2514 2576/2796/2516 2492/2797/2517 2590/2798/2518
f 2551/2795/2515 2673/2794/2514 2590/2798/2518 2476/2799/2519
f 2485/2800/2520 2586/2801/2521 2674/2802/2522 2581/2803/2523
f 2586/2801/2521 2535/2804/2524 2556/2805/2525 2674/2802/2522
f 2674/2806/2522 2556/2807/2525 2474/2808/2526 2566/2809/2527
f 2581/2810/2523 2674/2806/2522 2566/2809/2527 2490/2811/2528
f 2475/2812/2529 2587/2813/2530 2675/2814/2531 2542/2815/2532
f 2587/2813/2530 2491/2816/2533 2567/2817/2534 2675/2814/2531
f 2675/2814/2531 2567/2817/2534 2490/2811/2528 2566/2809/2527
f 2542/2815/2532 2675/2814/2531 2566/2809/2527 2474/2808/2526
f 2480/2763/2487 2544/2766/2490 2676/2818/2535 2543/2819/2536
f 2676/2818/2535 2553/2820/2537 2473/2821/2538 2545/2822/2539
f 2552/2823/2540 2677/2824/2541 2545/2822/2539 2473/2821/2538
f 2543/2819/2536 2676/2818/2535 2545/2822/2539 2481/2825/2542
f 2481/2825/2542 2545/2822/2539 2677/2824/2541 2546/2826/2543
f 2471/2827/2544 2547/2828/2545 2677/2824/2541 2552/2823/2540
f 2670/2765/2489 2555/2829/2497 2472/2830/2546 2544/2766/2490
f 2546/2826/2543 2677/2824/2541 2547/2828/2545 2479/2785/2505
f 2477/2779/2501 2549/2777/2499 2678/2831/2547 2548/2832/2548
f 2549/2777/2499 2480/2763/2487 2543/2819/2536 2678/2831/2547
f 2678/2831/2547 2543/2819/2536 2481/2825/2542 2550/2833/2549
f 2548/2832/2548 2678/2831/2547 2550/2833/2549 2478/2834/2550
f 2476/2799/2519 2590/2798/2518 2679/2835/2551 2554/2836/2552
f 2590/2798/2518 2492/2797/2517 2579/2837/2553 2679/2835/2551
f 2679/2835/2551 2579/2837/2553 2491/2816/2533 2587/2813/2530
f 2554/2836/2552 2679/2835/2551 2587/2813/2530 2475/2812/2529
f 2482/2793/2513 2560/2838/2554 2680/2839/2555 2559/2788/2508
f 2560/2838/2554 2478/2834/2550 2550/2833/2549 2680/2839/2555
f 2680/2839/2555 2550/2833/2549 2481/2825/2542 2546/2826/2543
f 2559/2788/2508 2680/2839/2555 2546/2826/2543 2479/2785/2505
f 2681/2840/2556 2589/2841/2557 2487/2842/2558 2572/2843/2559
f 2580/2844/2560 2686/2845/2561 2569/2774/2496 2488/2773/2495
f 2681/2840/2556 2572/2843/2559 2495/2789/2509 2591/2786/2506
f 2547/2828/2545 2681/2840/2556 2591/2786/2506 2479/2785/2505
f 2660/2846/2562 2659/2847/2563 2538/2848/2564 2537/2849/2565
f 2484/2850/2566 2564/2851/2567 2620/2852/2568 2515/2853/2569
f 2469/2854/2503 2562/2855/2570 2682/2856/2571 2658/2857/2572
f 2562/2855/2570 2535/2858/2524 2657/2859/2573 2682/2856/2571
f 2682/2856/2571 2657/2859/2573 2539/2860/2574 2610/2861/2575
f 2658/2857/2572 2682/2856/2571 2610/2861/2575 2530/2862/2576
f 2478/2834/2550 2560/2838/2554 2683/2863/2577 2561/2864/2578
f 2560/2838/2554 2482/2793/2513 2551/2795/2515 2683/2863/2577
f 2683/2863/2577 2551/2795/2515 2476/2799/2519 2554/2836/2552
f 2561/2864/2578 2683/2863/2577 2554/2836/2552 2475/2812/2529
f 2620/2852/2568 2564/2851/2567 2483/2865/2579 2514/2866/2580
f 2534/2867/2581 2535/2804/2524 2586/2801/2521 2642/2868/2582
f 2469/2783/2503 2557/2782/2502 2684/2869/2583 2562/2870/2570
f 2557/2780/2502 2477/2779/2501 2563/2871/2584 2684/2872/2583
f 2684/2872/2583 2563/2871/2584 2474/2808/2526 2556/2807/2525
f 2562/2870/2570 2684/2869/2583 2556/2805/2525 2535/2804/2524
f 2477/2779/2501 2548/2832/2548 2685/2873/2585 2563/2871/2584
f 2548/2832/2548 2478/2834/2550 2561/2864/2578 2685/2873/2585
f 2685/2873/2585 2561/2864/2578 2475/2812/2529 2542/2815/2532
f 2563/2871/2584 2685/2873/2585 2542/2815/2532 2474/2808/2526
f 2496/2874/2586 2569/2774/2496 2686/2845/2561 2583/2875/2587
f 2580/2876/2560 2486/2877/2588 2565/2878/2589 2686/2879/2561
f 2701/2880/2590 2608/2881/2591 2503/2882/2592 2599/2883/2593
f 2583/2884/2587 2686/2879/2561 2565/2878/2589 2483/2865/2579
f 2496/2874/2586 2583/2875/2587 2687/2885/2594 2574/2886/2595
f 2583/2884/2587 2483/2865/2579 2564/2851/2567 2687/2887/2594
f 2687/2887/2594 2564/2851/2567 2484/2850/2566 2582/2888/2596
f 2574/2886/2595 2687/2885/2594 2582/2889/2596 2493/2890/2597
f 2496/2874/2586 2568/2891/2598 2688/2771/2493 2569/2774/2496
f 2568/2891/2598 2497/2892/2599 2570/2893/2600 2688/2771/2493
f 2689/2894/2601 2577/2895/2602 2489/2896/2603 2570/2893/2600
f 2578/2772/2494 2688/2771/2493 2570/2893/2600 2489/2896/2603
f 2497/2892/2599 2571/2897/2604 2689/2894/2601 2570/2893/2600
f 2571/2897/2604 2495/2789/2509 2572/2843/2559 2689/2894/2601
f 2471/2827/2544 2589/2841/2557 2681/2840/2556 2547/2828/2545
f 2577/2895/2602 2689/2894/2601 2572/2843/2559 2487/2842/2558
f 2493/2890/2597 2573/2898/2605 2690/2899/2606 2574/2886/2595
f 2573/2898/2605 2494/2900/2607 2575/2901/2608 2690/2899/2606
f 2690/2899/2606 2575/2901/2608 2497/2892/2599 2568/2891/2598
f 2574/2886/2595 2690/2899/2606 2568/2891/2598 2496/2874/2586
f 2498/2791/2511 2584/2790/2510 2691/2902/2609 2585/2903/2610
f 2584/2790/2510 2495/2789/2509 2571/2897/2604 2691/2902/2609
f 2691/2902/2609 2571/2897/2604 2497/2892/2599 2575/2901/2608
f 2585/2903/2610 2691/2902/2609 2575/2901/2608 2494/2900/2607
f 2642/2868/2582 2586/2801/2521 2485/2800/2520 2516/2904/2611
f 2565/2878/2589 2486/2877/2588 2517/2905/2612 2621/2906/2613
f 2593/2907/2614 2649/2908/2615 2516/2904/2611 2485/2800/2520
f 2470/2776/2498 2541/2769/2492 2596/2909/2616 2501/2910/2617
f 2494/2900/2607 2592/2911/2618 2692/2912/2619 2585/2903/2610
f 2592/2911/2618 2491/2816/2533 2579/2837/2553 2692/2912/2619
f 2692/2912/2619 2579/2837/2553 2492/2797/2517 2576/2796/2516
f 2585/2903/2610 2692/2912/2619 2576/2796/2516 2498/2791/2511
f 2484/2850/2566 2593/2907/2614 2693/2913/2620 2582/2888/2596
f 2593/2907/2614 2485/2800/2520 2581/2803/2523 2693/2913/2620
f 2693/2914/2620 2581/2810/2523 2490/2811/2528 2594/2915/2621
f 2582/2889/2596 2693/2914/2620 2594/2915/2621 2493/2890/2597
f 2493/2890/2597 2594/2915/2621 2694/2916/2622 2573/2898/2605
f 2594/2915/2621 2490/2811/2528 2567/2817/2534 2694/2916/2622
f 2694/2916/2622 2567/2817/2534 2491/2816/2533 2592/2911/2618
f 2573/2898/2605 2694/2916/2622 2592/2911/2618 2494/2900/2607
f 2511/2917/2623 2599/2883/2593 2695/2918/2624 2614/2919/2625
f 2611/2920/2626 2501/2910/2617 2596/2909/2616 2695/2921/2624
f 2596/2909/2616 2541/2769/2492 2468/2768/2491 2499/2922/2627
f 2614/2923/2625 2695/2921/2624 2596/2909/2616 2499/2922/2627
f 2511/2917/2623 2614/2919/2625 2696/2924/2628 2604/2925/2629
f 2614/2923/2625 2499/2922/2627 2595/2926/2630 2696/2927/2628
f 2696/2927/2628 2595/2926/2630 2500/2928/2631 2613/2929/2632
f 2604/2925/2629 2696/2924/2628 2613/2930/2632 2508/2931/2633
f 2513/2932/2634 2644/2933/2635 2697/2934/2636 2615/2935/2637
f 2644/2933/2635 2529/2936/2638 2640/2937/2639 2697/2934/2636
f 2697/2934/2636 2640/2937/2639 2526/2938/2640 2647/2939/2641
f 2615/2935/2637 2697/2934/2636 2647/2939/2641 2510/2940/2642
f 2507/2941/2643 2646/2942/2644 2698/2943/2645 2606/2944/2646
f 2646/2942/2644 2523/2945/2647 2632/2946/2648 2698/2943/2645
f 2698/2943/2645 2632/2946/2648 2529/2936/2638 2644/2933/2635
f 2606/2944/2646 2698/2943/2645 2644/2933/2635 2513/2932/2634
f 2516/2904/2611 2637/2947/2649 2699/2948/2650 2642/2868/2582
f 2637/2949/2649 2521/2950/2651 2622/2951/2652 2699/2952/2650
f 2699/2952/2650 2622/2951/2652 2505/2953/2653 2612/2954/2654
f 2642/2868/2582 2699/2948/2650 2612/2955/2654 2534/2867/2581
f 2505/2953/2653 2622/2951/2652 2700/2956/2655 2597/2957/2656
f 2622/2951/2652 2521/2950/2651 2623/2958/2657 2700/2956/2655
f 2700/2956/2655 2623/2958/2657 2522/2959/2658 2643/2960/2659
f 2597/2957/2656 2700/2956/2655 2643/2960/2659 2506/2961/2660
f 2511/2917/2623 2598/2962/2661 2701/2880/2590 2599/2883/2593
f 2598/2962/2661 2512/2963/2662 2600/2964/2663 2701/2880/2590
f 2702/2965/2664 2607/2966/2665 2504/2967/2666 2600/2964/2663
f 2608/2881/2591 2701/2880/2590 2600/2964/2663 2504/2967/2666
f 2512/2963/2662 2601/2968/2667 2702/2965/2664 2600/2964/2663
f 2601/2968/2667 2510/2940/2642 2602/2969/2668 2702/2965/2664
f 2611/2970/2626 2695/2918/2624 2599/2883/2593 2503/2882/2592
f 2607/2966/2665 2702/2965/2664 2602/2969/2668 2502/2971/2669
f 2508/2931/2633 2603/2972/2670 2703/2973/2671 2604/2925/2629
f 2603/2972/2670 2509/2974/2672 2605/2975/2673 2703/2973/2671
f 2703/2973/2671 2605/2975/2673 2512/2963/2662 2598/2962/2661
f 2604/2925/2629 2703/2973/2671 2598/2962/2661 2511/2917/2623
f 2506/2961/2660 2643/2960/2659 2704/2976/2674 2609/2977/2675
f 2643/2960/2659 2522/2959/2658 2635/2978/2676 2704/2976/2674
f 2704/2976/2674 2635/2978/2676 2523/2945/2647 2646/2942/2644
f 2609/2977/2675 2704/2976/2674 2646/2942/2644 2507/2941/2643
f 2513/2932/2634 2615/2935/2637 2705/2979/2677 2616/2980/2678
f 2615/2935/2637 2510/2940/2642 2601/2968/2667 2705/2979/2677
f 2705/2979/2677 2601/2968/2667 2512/2963/2662 2605/2975/2673
f 2616/2980/2678 2705/2979/2677 2605/2975/2673 2509/2974/2672
f 2510/2940/2642 2647/2939/2641 2706/2981/2679 2602/2969/2668
f 2647/2939/2641 2526/2938/2640 2628/2982/2680 2706/2981/2679
f 2710/2983/2681 2636/2984/2682 2519/2985/2683 2625/2986/2684
f 2518/2987/2685 2645/2988/2686 2706/2981/2679 2628/2982/2680
f 2483/2865/2579 2565/2878/2589 2621/2906/2613 2514/2866/2580
f 2634/2989/2687 2712/2990/2688 2625/2986/2684 2519/2985/2683
f 2509/2974/2672 2617/2991/2689 2707/2992/2690 2616/2980/2678
f 2617/2991/2689 2506/2961/2660 2609/2977/2675 2707/2992/2690
f 2707/2992/2690 2609/2977/2675 2507/2941/2643 2606/2944/2646
f 2616/2980/2678 2707/2992/2690 2606/2944/2646 2513/2932/2634
f 2500/2928/2631 2618/2993/2691 2708/2994/2692 2613/2929/2632
f 2618/2993/2691 2534/2867/2581 2612/2955/2654 2708/2994/2692
f 2708/2995/2692 2612/2954/2654 2505/2953/2653 2619/2996/2693
f 2613/2930/2632 2708/2995/2692 2619/2996/2693 2508/2931/2633
f 2508/2931/2633 2619/2996/2693 2709/2997/2694 2603/2972/2670
f 2619/2996/2693 2505/2953/2653 2597/2957/2656 2709/2997/2694
f 2709/2997/2694 2597/2957/2656 2506/2961/2660 2617/2991/2689
f 2603/2972/2670 2709/2997/2694 2617/2991/2689 2509/2974/2672
f 2527/2998/2695 2639/2999/2696 2710/2983/2681 2625/2986/2684
f 2639/3000/2696 2514/2866/2580 2621/2906/2613 2710/3001/2681
f 2484/2850/2566 2515/2853/2569 2649/2908/2615 2593/2907/2614
f 2636/3002/2682 2710/3001/2681 2621/2906/2613 2517/2905/2612
f 2527/2998/2695 2630/3003/2697 2711/3004/2698 2639/2999/2696
f 2630/3003/2697 2524/3005/2699 2638/3006/2700 2711/3004/2698
f 2711/3007/2698 2638/3008/2700 2515/2853/2569 2620/2852/2568
f 2639/3000/2696 2711/3007/2698 2620/2852/2568 2514/2866/2580
f 2527/2998/2695 2625/2986/2684 2712/2990/2688 2624/3009/2701
f 2712/2990/2688 2634/2989/2687 2520/3010/2702 2626/3011/2703
f 2633/3012/2704 2713/3013/2705 2626/3011/2703 2520/3010/2702
f 2624/3009/2701 2712/2990/2688 2626/3011/2703 2528/3014/2706
f 2528/3014/2706 2626/3011/2703 2713/3013/2705 2627/3015/2707
f 2518/2987/2685 2628/2982/2680 2713/3013/2705 2633/3012/2704
f 2645/2988/2686 2502/2971/2669 2602/2969/2668 2706/2981/2679
f 2627/3015/2707 2713/3013/2705 2628/2982/2680 2526/2938/2640
f 2524/3005/2699 2630/3003/2697 2714/3016/2708 2629/3017/2709
f 2630/3003/2697 2527/2998/2695 2624/3009/2701 2714/3016/2708
f 2714/3016/2708 2624/3009/2701 2528/3014/2706 2631/3018/2710
f 2629/3017/2709 2714/3016/2708 2631/3018/2710 2525/3019/2711
f 2529/2936/2638 2641/3020/2712 2715/3021/2713 2640/2937/2639
f 2641/3020/2712 2525/3019/2711 2631/3018/2710 2715/3021/2713
f 2715/3021/2713 2631/3018/2710 2528/3014/2706 2627/3015/2707
f 2640/2937/2639 2715/3021/2713 2627/3015/2707 2526/2938/2640
f 2724/3022/2714 2725/3023/2715 2669/3024/2716 2667/3025/2717
f 2525/3019/2711 2641/3020/2712 2716/3026/2718 2648/3027/2719
f 2641/3020/2712 2529/2936/2638 2632/2946/2648 2716/3026/2718
f 2716/3026/2718 2632/2946/2648 2523/2945/2647 2635/2978/2676
f 2648/3027/2719 2716/3026/2718 2635/2978/2676 2522/2959/2658
f 2515/2853/2569 2638/3008/2700 2717/3028/2720 2649/2908/2615
f 2638/3006/2700 2524/3005/2699 2650/3029/2721 2717/3030/2720
f 2717/3030/2720 2650/3029/2721 2521/2950/2651 2637/2949/2649
f 2649/2908/2615 2717/3028/2720 2637/2947/2649 2516/2904/2611
f 2524/3005/2699 2629/3017/2709 2718/3031/2722 2650/3029/2721
f 2629/3017/2709 2525/3019/2711 2648/3027/2719 2718/3031/2722
f 2718/3031/2722 2648/3027/2719 2522/2959/2658 2623/2958/2657
f 2650/3029/2721 2718/3031/2722 2623/2958/2657 2521/2950/2651
f 2553/2820/2537 2676/2818/2535 2544/2766/2490 2472/2830/2546
f 2668/3032/2723 2666/3033/2724 2537/2849/2565 2538/2848/2564
f 2531/3034/2725 2663/3035/2726 2719/3036/2727 2659/3037/2563
f 2663/3035/2726 2530/2862/2576 2610/2861/2575 2719/3036/2727
f 2719/3036/2727 2610/2861/2575 2539/2860/2574 2653/3038/2728
f 2659/3037/2563 2719/3036/2727 2653/3038/2728 2538/3039/2564
f 2534/3040/2581 2618/3041/2691 2720/3042/2729 2656/3043/2730
f 2618/3041/2691 2500/3044/2631 2661/3045/2731 2720/3042/2729
f 2720/3042/2729 2661/3045/2731 2533/3046/2732 2655/3047/2733
f 2656/3043/2730 2720/3042/2729 2655/3047/2733 2536/3048/2734
f 2667/3025/2717 2669/3024/2716 2727/3049/2735 2726/3050/2736
f 2664/3051/2737 2665/3052/2738 2535/2858/2524 2534/3040/2581
f 2533/3046/2732 2662/3053/2739 2721/3054/2740 2655/3047/2733
f 2662/3053/2739 2532/3055/2741 2660/3056/2562 2721/3054/2740
f 2721/3054/2740 2660/3056/2562 2537/3057/2565 2652/3058/2742
f 2655/3047/2733 2721/3054/2740 2652/3058/2742 2536/3048/2734
f 2500/3044/2631 2595/3059/2630 2722/3060/2743 2661/3045/2731
f 2595/3059/2630 2499/3061/2627 2654/3062/2744 2722/3060/2743
f 2722/3060/2743 2654/3062/2744 2532/3055/2741 2662/3053/2739
f 2661/3045/2731 2722/3060/2743 2662/3053/2739 2533/3046/2732
f 2468/3063/2491 2540/3064/2504 2723/3065/2745 2651/3066/2746
f 2540/3064/2504 2469/2854/2503 2658/2857/2572 2723/3065/2745
f 2723/3065/2745 2658/2857/2572 2530/2862/2576 2663/3035/2726
f 2651/3066/2746 2723/3065/2745 2663/3035/2726 2531/3034/2725
f 2654/3067/2744 2651/3068/2746 2531/3069/2725 2532/3070/2741
f 2665/3052/2738 2664/3051/2737 2726/3050/2736 2727/3049/2735
f 2666/3033/2724 2668/3032/2723 2725/3023/2715 2724/3022/2714
f 2724/3022/2714 2667/3025/2717 2536/3048/2734 2652/3058/2742
f 2666/3033/2724 2724/3022/2714 2652/3058/2742 2537/3057/2565
f 2468/3071/2491 2651/3068/2746 2654/3067/2744 2499/3072/2627
f 2725/3023/2715 2668/3032/2723 2538/3039/2564 2653/3038/2728
f 2669/3024/2716 2725/3023/2715 2653/3038/2728 2539/2860/2574
f 2726/3050/2736 2664/3051/2737 2534/3040/2581 2656/3043/2730
f 2667/3025/2717 2726/3050/2736 2656/3043/2730 2536/3048/2734
f 2531/3069/2725 2659/2847/2563 2660/2846/2562 2532/3070/2741
f 2727/3049/2735 2669/3024/2716 2539/2860/2574 2657/2859/2573
f 2665/3052/2738 2727/3049/2735 2657/2859/2573 2535/2858/2524
f 2766/3073/2747 2773/3074/2748 2877/3075/861 2914/3076/861
f 2898/3077/2749 2858/3078/2750 2764/3079/2751 2806/3080/2752
f 2759/3081/2753 2764/3079/2751 2858/3078/2750 2855/3082/2754
f 2758/3083/2755 2755/3084/2756 2851/3085/2757 2869/3086/2758
f 2849/3087/2759 2752/3088/2760 2736/3089/2761 2753/3090/2762
f 2871/3091/2763 2849/3092/2759 2753/3093/2762 2757/3094/2764
f 2908/3095/2765 2867/3096/2766 2858/3097/2750 2898/3098/2749
f 2753/3090/2762 2736/3089/2761 2754/3099/2767 2850/3100/2768
f 2850/3100/2768 2754/3099/2767 2737/3101/2769 2755/3102/2756
f 2870/3103/2770 2850/3104/2768 2755/3084/2756 2758/3083/2755
f 2851/3085/2757 2876/3105/2771 2881/3106/2772 2869/3086/2758
f 2755/3102/2756 2737/3101/2769 2756/3107/2773 2851/3108/2757
f 2883/3109/2774 2790/3110/2775 2763/3111/2776 2857/3112/2777
f 2891/3113/2778 2917/3114/2779 2838/3115/2780 2798/3116/2781
f 2859/3117/2782 2782/3118/2783 2786/3119/2784 2852/3120/2785
f 2782/3118/2783 2860/3121/2786 2853/3122/2787 2786/3119/2784
f 2810/3123/2788 2839/3124/2789 2833/3125/861 2832/3126/861
f 2860/3121/2786 2783/3127/2790 2787/3128/2791 2853/3122/2787
f 2783/3127/2790 2861/3129/2792 2854/3130/2793 2787/3128/2791
f 2854/3131/2793 2885/3132/2794 2883/3133/2774 2857/3134/2777
f 2862/3135/2795 2871/3136/2763 2757/3137/2764 2784/3138/2796
f 2752/3088/2760 2765/3139/2797 2773/3074/2748 2766/3073/2747
f 2866/3140/2798 2868/3141/2799 2871/3142/2763 2862/3143/2795
f 2852/3144/2785 2786/3145/2784 2760/3146/2800 2855/3147/2754
f 2759/3081/2753 2855/3082/2754 2760/3148/2800 2738/3149/2801
f 2738/3149/2801 2760/3148/2800 2856/3150/2802 2761/3151/2803
f 2760/3146/2800 2786/3145/2784 2853/3152/2787 2856/3153/2802
f 2853/3152/2787 2787/3154/2791 2762/3155/2804 2856/3153/2802
f 2761/3151/2803 2856/3150/2802 2762/3156/2804 2739/3157/2805
f 2739/3157/2805 2762/3156/2804 2857/3112/2777 2763/3111/2776
f 2762/3155/2804 2787/3154/2791 2854/3131/2793 2857/3134/2777
f 2768/3158/2806 2789/3159/2807 2788/3160/2808 2756/3107/2773
f 2773/3074/2748 2815/3161/2809 2841/3162/861 2877/3075/861
f 2814/3163/2810 2806/3080/2752 2764/3079/2751 2772/3164/2811
f 2730/3165/2812 2737/3101/2769 2754/3099/2767 2767/3166/2813
f 2772/3164/2811 2764/3079/2751 2759/3081/2753 2769/3167/2814
f 2790/3110/2775 2791/3168/2815 2771/3169/2816 2763/3111/2776
f 2767/3166/2813 2754/3099/2767 2736/3089/2761 2731/3170/2817
f 2859/3171/2782 2852/3172/2785 2867/3173/2766 2865/3174/2818
f 2768/3158/2806 2756/3107/2773 2737/3101/2769 2730/3165/2812
f 2738/3149/2801 2761/3151/2803 2770/3175/2819 2728/3176/2820
f 2769/3167/2814 2759/3081/2753 2738/3149/2801 2728/3176/2820
f 2739/3157/2805 2763/3111/2776 2771/3169/2816 2729/3177/2821
f 2770/3175/2819 2761/3151/2803 2739/3157/2805 2729/3177/2821
f 2879/3178/2822 2861/3129/2792 2776/3179/2823 2793/3180/2824
f 2884/3181/2825 2879/3178/2822 2793/3180/2824 2792/3182/2826
f 2765/3139/2797 2807/3183/2827 2815/3161/2809 2773/3074/2748
f 2867/3173/2766 2908/3184/2765 2905/3185/2828 2865/3174/2818
f 2862/3143/2795 2777/3186/2829 2781/3187/2830 2866/3140/2798
f 2855/3147/2754 2858/3097/2750 2867/3096/2766 2852/3144/2785
f 2864/3188/2831 2884/3181/2825 2792/3182/2826 2779/3189/2832
f 2863/3190/2833 2870/3191/2770 2758/3192/2755 2785/3193/2834
f 2868/3194/2799 2848/3195/2835 2849/3092/2759 2871/3091/2763
f 2757/3137/2764 2870/3191/2770 2863/3190/2833 2784/3138/2796
f 2865/3174/2818 2905/3185/2828 2822/3196/2836 2780/3197/2837
f 2758/3192/2755 2869/3198/2758 2864/3188/2831 2785/3193/2834
f 2774/3199/2838 2859/3171/2782 2865/3174/2818 2780/3197/2837
f 2909/3200/2839 2888/3201/2840 2848/3195/2835 2868/3194/2799
f 2735/3202/2841 2785/3193/2834 2864/3188/2831 2779/3189/2832
f 2866/3140/2798 2781/3187/2830 2823/3203/2842 2906/3204/2843
f 2734/3205/2844 2784/3138/2796 2863/3190/2833 2778/3206/2845
f 2861/3129/2792 2879/3178/2822 2885/3207/2794 2854/3130/2793
f 2778/3206/2845 2863/3190/2833 2785/3193/2834 2735/3202/2841
f 2864/3188/2831 2869/3198/2758 2881/3208/2772 2884/3181/2825
f 2777/3209/2829 2862/3135/2795 2784/3138/2796 2734/3205/2844
f 2732/3210/2846 2783/3127/2790 2860/3121/2786 2775/3211/2847
f 2776/3179/2823 2861/3129/2792 2783/3127/2790 2732/3210/2846
f 2733/3212/2848 2782/3118/2783 2859/3117/2782 2774/3213/2838
f 2775/3211/2847 2860/3121/2786 2782/3118/2783 2733/3212/2848
f 2881/3214/2772 2876/3215/2771 2883/3133/2774 2885/3132/2794
f 2788/3160/2808 2790/3110/2775 2883/3109/2774 2876/3216/2771
f 2892/3217/2849 2908/3095/2765 2898/3098/2749 2895/3218/2850
f 2899/3219/2851 2816/3220/2852 2822/3196/2836 2905/3185/2828
f 2789/3159/2807 2791/3168/2815 2790/3110/2775 2788/3160/2808
f 2801/3221/2853 2806/3080/2752 2814/3163/2810 2811/3222/2854
f 2921/3223/2855 2925/3224/2856 2919/3225/2857 2926/3226/2858
f 2815/3161/2809 2808/3227/2859 2830/3228/861 2841/3162/861
f 2808/3227/2859 2743/3229/2860 2809/3230/2861 2830/3228/861
f 2841/3162/861 2830/3228/861 2831/3231/861 2843/3232/861
f 2877/3075/861 2841/3162/861 2843/3232/861 2878/3233/861
f 2914/3076/861 2877/3075/861 2878/3233/861 2915/3234/861
f 2731/3170/2817 2766/3073/2747 2914/3076/861 2767/3166/2813
f 2830/3228/861 2809/3230/2861 2742/3235/2862 2831/3231/861
f 2843/3232/861 2831/3231/861 2832/3126/861 2844/3236/861
f 2878/3233/861 2843/3232/861 2844/3236/861 2880/3237/861
f 2915/3234/861 2878/3233/861 2880/3237/861 2916/3238/861
f 2767/3166/2813 2914/3076/861 2915/3234/861 2730/3165/2812
f 2839/3124/2789 2842/3239/2863 2834/3240/861 2833/3125/861
f 2895/3241/2850 2898/3077/2749 2806/3080/2752 2801/3221/2853
f 2799/3242/2864 2911/3243/2865 2890/3244/2866 2795/3245/2867
f 2911/3243/2865 2800/3246/2868 2797/3247/2869 2890/3244/2866
f 2889/3248/2870 2795/3249/2867 2748/3250/2871 2794/3251/2872
f 2800/3246/2868 2910/3252/2873 2891/3253/2778 2797/3247/2869
f 2890/3254/2866 2797/3255/2869 2749/3256/2874 2796/3257/2875
f 2795/3249/2867 2890/3254/2866 2796/3257/2875 2748/3250/2871
f 2909/3258/2839 2906/3204/2843 2902/3259/2876 2912/3260/2877
f 2924/3261/2878 2897/3262/2879 2805/3263/2880 2840/3264/2881
f 2797/3255/2869 2891/3113/2778 2798/3116/2781 2749/3256/2874
f 2910/3252/2873 2921/3265/2855 2917/3266/2779 2891/3253/2778
f 2824/3267/2882 2828/3268/2883 2893/3269/2884 2900/3270/2885
f 2899/3271/2851 2892/3272/2849 2828/3268/2883 2824/3267/2882
f 2825/3273/2886 2829/3274/2887 2894/3275/2888 2901/3276/2889
f 2900/3270/2885 2893/3269/2884 2829/3274/2887 2825/3273/2886
f 2799/3277/2864 2912/3278/2877 2902/3279/2876 2826/3280/2890
f 2894/3281/2888 2897/3282/2879 2924/3283/2878 2926/3284/2858
f 2815/3161/2809 2807/3183/2827 2794/3251/2872 2808/3227/2859
f 2801/3221/2853 2750/3285/2891 2802/3286/2892 2895/3241/2850
f 2896/3287/2893 2893/3288/2884 2828/3289/2883 2802/3290/2892
f 2750/3285/2891 2803/3291/2894 2896/3292/2893 2802/3286/2892
f 2803/3291/2894 2751/3293/2895 2804/3294/2896 2896/3292/2893
f 2802/3290/2892 2828/3289/2883 2892/3217/2849 2895/3218/2850
f 2897/3282/2879 2894/3281/2888 2829/3295/2887 2804/3296/2896
f 2751/3293/2895 2805/3263/2880 2897/3262/2879 2804/3294/2896
f 2838/3115/2780 2839/3124/2789 2810/3123/2788 2798/3116/2781
f 2804/3296/2896 2829/3295/2887 2893/3288/2884 2896/3287/2893
f 2808/3227/2859 2794/3251/2872 2748/3250/2871 2743/3229/2860
f 2743/3229/2860 2748/3250/2871 2796/3257/2875 2809/3230/2861
f 2809/3230/2861 2796/3257/2875 2749/3256/2874 2742/3235/2862
f 2742/3235/2862 2749/3256/2874 2798/3116/2781 2810/3123/2788
f 2813/3297/2897 2842/3239/2863 2840/3264/2881 2805/3263/2880
f 2750/3285/2891 2801/3221/2853 2811/3222/2854 2740/3298/2898
f 2905/3185/2828 2908/3184/2765 2892/3299/2849 2899/3219/2851
f 2751/3293/2895 2803/3291/2894 2812/3300/2899 2741/3301/2900
f 2812/3300/2899 2803/3291/2894 2750/3285/2891 2740/3298/2898
f 2919/3225/2857 2846/3302/2901 2818/3303/2902 2901/3276/2889
f 2813/3297/2897 2805/3263/2880 2751/3293/2895 2741/3301/2900
f 2925/3224/2856 2845/3304/2903 2846/3302/2901 2919/3225/2857
f 2906/3204/2843 2909/3258/2839 2868/3141/2799 2866/3140/2798
f 2821/3305/2904 2845/3304/2903 2925/3224/2856 2904/3306/2905
f 2888/3201/2840 2909/3200/2839 2912/3307/2877 2889/3308/2870
f 2800/3309/2868 2911/3310/2865 2903/3311/2906 2827/3312/2907
f 2903/3311/2906 2911/3310/2865 2799/3277/2864 2826/3280/2890
f 2904/3306/2905 2910/3313/2873 2800/3309/2868 2827/3312/2907
f 2831/3231/861 2742/3235/2862 2810/3123/2788 2832/3126/861
f 2847/3314/861 2844/3236/861 2832/3126/861 2833/3125/861
f 2882/3315/861 2880/3237/861 2844/3236/861 2847/3314/861
f 2902/3259/2876 2906/3204/2843 2823/3203/2842 2819/3316/2908
f 2894/3275/2888 2926/3226/2858 2919/3225/2857 2901/3276/2889
f 2904/3306/2905 2827/3312/2907 2747/3317/2909 2821/3305/2904
f 2747/3317/2909 2827/3312/2907 2903/3311/2906 2820/3318/2910
f 2903/3311/2906 2826/3280/2890 2746/3319/2911 2820/3318/2910
f 2746/3319/2911 2826/3280/2890 2902/3279/2876 2819/3320/2908
f 2744/3321/2912 2825/3273/2886 2901/3276/2889 2818/3303/2902
f 2910/3313/2873 2904/3306/2905 2925/3224/2856 2921/3223/2855
f 2745/3322/2913 2824/3267/2882 2900/3270/2885 2817/3323/2914
f 2900/3270/2885 2825/3273/2886 2744/3321/2912 2817/3323/2914
f 2899/3271/2851 2824/3267/2882 2745/3322/2913 2816/3324/2852
f 2921/3325/2855 2926/3284/2858 2924/3283/2878 2917/3326/2779
f 2917/3114/2779 2924/3261/2878 2840/3264/2881 2838/3115/2780
f 2918/3327/861 2916/3238/861 2880/3237/861 2882/3315/861
f 2730/3165/2812 2915/3234/861 2916/3238/861 2768/3158/2806
f 2873/3328/861 2887/3329/861 2886/3330/861 2872/3331/861
f 2886/3330/861 2882/3315/861 2847/3314/861 2872/3331/861
f 2918/3327/861 2920/3332/861 2791/3168/2815 2789/3159/2807
f 2916/3238/861 2918/3327/861 2789/3159/2807 2768/3158/2806
f 2813/3297/2897 2835/3333/861 2834/3240/861 2842/3239/2863
f 2833/3125/861 2834/3240/861 2872/3331/861 2847/3314/861
f 2886/3330/861 2920/3332/861 2918/3327/861 2882/3315/861
f 2848/3334/2835 2888/3335/2840 2807/3183/2827 2765/3139/2797
f 2835/3333/861 2873/3328/861 2872/3331/861 2834/3240/861
f 2887/3329/861 2922/3336/861 2920/3332/861 2886/3330/861
f 2873/3328/861 2835/3333/861 2836/3337/861 2874/3338/861
f 2887/3329/861 2873/3328/861 2874/3338/861 2907/3339/861
f 2922/3336/861 2887/3329/861 2907/3339/861 2923/3340/861
f 2920/3332/861 2922/3336/861 2771/3169/2816 2791/3168/2815
f 2888/3335/2840 2889/3248/2870 2794/3251/2872 2807/3183/2827
f 2840/3264/2881 2842/3239/2863 2839/3124/2789 2838/3115/2780
f 2835/3333/861 2813/3297/2897 2741/3301/2900 2836/3337/861
f 2874/3338/861 2836/3337/861 2837/3341/861 2875/3342/861
f 2907/3339/861 2874/3338/861 2875/3342/861 2913/3343/861
f 2923/3340/861 2907/3339/861 2913/3343/861 2927/3344/861
f 2771/3169/2816 2922/3336/861 2923/3340/861 2729/3177/2821
f 2836/3337/861 2741/3301/2900 2812/3300/2899 2837/3341/861
f 2731/3170/2817 2736/3089/2761 2752/3088/2760 2766/3073/2747
f 2912/3307/2877 2799/3242/2864 2795/3245/2867 2889/3308/2870
f 2875/3342/861 2837/3341/861 2811/3222/2854 2814/3163/2810
f 2913/3343/861 2875/3342/861 2814/3163/2810 2772/3164/2811
f 2927/3344/861 2913/3343/861 2772/3164/2811 2769/3167/2814
f 2729/3177/2821 2923/3340/861 2927/3344/861 2770/3175/2819
f 2837/3341/861 2812/3300/2899 2740/3298/2898 2811/3222/2854
f 2752/3088/2760 2849/3087/2759 2848/3334/2835 2765/3139/2797
f 2879/3178/2822 2884/3181/2825 2881/3208/2772 2885/3207/2794
f 2770/3175/2819 2927/3344/861 2769/3167/2814 2728/3176/2820
f 2757/3094/2764 2753/3093/2762 2850/3104/2768 2870/3103/2770
f 2756/3107/2773 2788/3160/2808 2876/3216/2771 2851/3108/2757
f 2959/3345/2915 2951/3346/2915 2928/3347/2916 2936/3348/2916
f 2930/3349/2917 2946/3350/2918 2954/3351/2918 2938/3352/2917
f 2954/3351/2918 2946/3350/2918 2931/3353/2919 2939/3354/2919
f 2931/3353/2919 2947/3355/2920 2955/3356/2920 2939/3354/2919
f 2955/3356/2920 2947/3355/2920 2932/3357/2921 2940/3358/2921
f 2932/3357/2921 2948/3359/2922 2956/3360/2922 2940/3358/2921
f 2956/3360/2922 2948/3359/2922 2933/3361/2923 2941/3362/2923
f 2933/3361/2923 2949/3363/2924 2957/3364/2924 2941/3362/2923
f 2957/3364/2924 2949/3363/2924 2934/3365/2925 2942/3366/2925
f 2934/3365/2925 2950/3367/2926 2958/3368/2926 2942/3366/2925
f 2958/3368/2926 2950/3367/2926 2935/3369/2927 2943/3370/2927
f 2929/3371/2928 2945/3372/2929 2953/3373/2929 2937/3374/2928
f 2953/3373/2929 2945/3372/2929 2930/3375/2917 2938/3376/2917
f 2936/3348/2916 2928/3347/2916 2944/3377/2930 2952/3378/2930
f 2952/3378/2930 2944/3377/2930 2929/3371/2928 2937/3374/2928
f 2953/3379/2486 2938/3380/2486 2954/3381/2486 2939/3382/2486 2955/3383/2486 2940/3384/2486 2956/3385/2486 2941/3386/2486 2957/3387/2486 2942/3388/2486 2958/3389/2486 2943/3390/2486 2959/3391/2486 2936/3392/2486 2952/3393/2486 2937/3394/2486
f 2943/3370/2927 2935/3369/2927 2951/3346/2915 2959/3345/2915
f 2963/3395/2931 2978/3396/2932 2981/3397/2932 2996/3398/2931
f 2988/3399/2933 2982/3400/2934 2977/3401/2934 2971/3402/2933
f 2967/3403/2935 2966/3404/2936 2993/3405/2936 2992/3406/2935
f 2962/3407/2937 2997/3408/2937 2983/3409/2938 2976/3410/2938
f 2969/3411/2939 2968/3412/2940 2991/3413/2940 2990/3414/2939
f 2971/3402/2933 2970/3415/2941 2989/3416/2941 2988/3399/2933
f 2967/3403/2935 2992/3406/2935 2986/3417/2942 2973/3418/2942
f 2979/3419/2943 2980/3420/2943 2989/3416/2941 2970/3415/2941
f 2985/3421/2944 2993/3422/2936 2966/3423/2936 2974/3424/2944
f 2985/3421/2944 2974/3424/2944 2961/3425/2945 2998/3426/2945
f 2964/3427/2946 2972/3428/2947 2987/3429/2947 2995/3430/2946
f 2986/3417/2942 2999/3431/2948 2960/3432/2948 2973/3418/2942
f 2983/3409/2938 2991/3413/2940 2968/3412/2940 2976/3410/2938
f 2990/3414/2939 2984/3433/2949 2975/3434/2949 2969/3411/2939
f 2978/3396/2932 2965/3435/2950 2994/3436/2950 2981/3397/2932
f 2962/3407/2937 2977/3401/2934 2982/3400/2934 2997/3408/2937
f 2961/3425/2945 2975/3434/2949 2984/3433/2949 2998/3426/2945
f 2972/3428/2947 2960/3432/2948 2999/3431/2948 2987/3429/2947
f 2963/3395/2931 2996/3398/2931 2980/3420/2943 2979/3419/2943
f 2985/3437/2486 2998/3438/2486 2984/3439/2486 2990/3440/2486 2991/3441/2486 2983/3442/2486 2997/3443/2486 2982/3444/2486 2988/3445/2486 2989/3446/2486 2980/3447/2486 2996/3448/2486 2981/3449/2486 2994/3450/2486 2995/3451/2486 2987/3452/2486 2999/3453/2486 2986/3454/2486 2992/3455/2486 2993/3456/2486
f 2994/3436/2950 2965/3435/2950 2964/3427/2946 2995/3430/2946
f 3000/3457/2951 3008/3458/2952 3015/3459/2953 3007/3460/2954
f 3001/3461/2955 3009/3462/2956 3008/3458/2952 3000/3457/2951
f 3002/3463/2957 3010/3464/2958 3009/3465/2956 3001/3466/2955
f 3003/3467/2959 3011/3468/2960 3010/3464/2958 3002/3463/2957
f 3004/3469/2961 3012/3470/2962 3011/3468/2960 3003/3467/2959
f 3005/3471/2963 3013/3472/2964 3012/3470/2962 3004/3469/2961
f 3006/3473/2965 3014/3474/2966 3013/3472/2964 3005/3471/2963
f 3007/3460/2954 3015/3459/2953 3014/3474/2966 3006/3473/2965
f 3008/3458/2952 3016/3475/2967 3023/3476/2968 3015/3459/2953
f 3009/3462/2956 3017/3477/2969 3016/3475/2967 3008/3458/2952
f 3010/3464/2958 3018/3478/2970 3017/3479/2969 3009/3465/2956
f 3011/3468/2960 3019/3480/2971 3018/3478/2970 3010/3464/2958
f 3012/3470/2962 3020/3481/2972 3019/3480/2971 3011/3468/2960
f 3013/3472/2964 3021/3482/2973 3020/3481/2972 3012/3470/2962
f 3014/3474/2966 3022/3483/2974 3021/3482/2973 3013/3472/2964
f 3015/3459/2953 3023/3476/2968 3022/3483/2974 3014/3474/2966
f 3016/3475/2967 3024/3484/2975 3031/3485/2976 3023/3476/2968
f 3017/3477/2969 3025/3486/2977 3024/3484/2975 3016/3475/2967
f 3018/3478/2970 3026/3487/2978 3025/3488/2977 3017/3479/2969
f 3019/3480/2971 3027/3489/2979 3026/3487/2978 3018/3478/2970
f 3020/3481/2972 3028/3490/2980 3027/3489/2979 3019/3480/2971
f 3021/3482/2973 3029/3491/2981 3028/3490/2980 3020/3481/2972
f 3022/3483/2974 3030/3492/2982 3029/3491/2981 3021/3482/2973
f 3023/3476/2968 3031/3485/2976 3030/3492/2982 3022/3483/2974
f 3024/3484/2975 3032/3493/2983 3039/3494/2984 3031/3485/2976
f 3025/3486/2977 3033/3495/2985 3032/3493/2983 3024/3484/2975
f 3026/3487/2978 3034/3496/2986 3033/3497/2985 3025/3488/2977
f 3027/3489/2979 3035/3498/2987 3034/3496/2986 3026/3487/2978
f 3028/3490/2980 3036/3499/2988 3035/3498/2987 3027/3489/2979
f 3029/3491/2981 3037/3500/2989 3036/3499/2988 3028/3490/2980
f 3030/3492/2982 3038/3501/2990 3037/3500/2989 3029/3491/2981
f 3031/3485/2976 3039/3494/2984 3038/3501/2990 3030/3492/2982
f 3032/3493/2983 3040/3502/2991 3047/3503/2992 3039/3494/2984
f 3033/3495/2985 3041/3504/2993 3040/3502/2991 3032/3493/2983
f 3034/3496/2986 3042/3505/2994 3041/3506/2993 3033/3497/2985
f 3035/3498/2987 3043/3507/2995 3042/3505/2994 3034/3496/2986
f 3036/3499/2988 3044/3508/2996 3043/3507/2995 3035/3498/2987
f 3037/3500/2989 3045/3509/2997 3044/3508/2996 3036/3499/2988
f 3038/3501/2990 3046/3510/2998 3045/3509/2997 3037/3500/2989
f 3039/3494/2984 3047/3503/2992 3046/3510/2998 3038/3501/2990
f 3040/3502/2991 3048/3511/2999 3055/3512/3000 3047/3503/2992
f 3041/3504/2993 3049/3513/3001 3048/3511/2999 3040/3502/2991
f 3042/3505/2994 3050/3514/3002 3049/3515/3001 3041/3506/2993
f 3043/3507/2995 3051/3516/3003 3050/3514/3002 3042/3505/2994
f 3044/3508/2996 3052/3517/3004 3051/3516/3003 3043/3507/2995
f 3045/3509/2997 3053/3518/3005 3052/3517/3004 3044/3508/2996
f 3046/3510/2998 3054/3519/3006 3053/3518/3005 3045/3509/2997
f 3047/3503/2992 3055/3512/3000 3054/3519/3006 3046/3510/2998
f 3048/3511/2999 3056/3520/3007 3063/3521/3008 3055/3512/3000
f 3049/3513/3001 3057/3522/3009 3056/3520/3007 3048/3511/2999
f 3050/3514/3002 3058/3523/3010 3057/3524/3009 3049/3515/3001
f 3051/3516/3003 3059/3525/3011 3058/3523/3010 3050/3514/3002
f 3052/3517/3004 3060/3526/3012 3059/3525/3011 3051/3516/3003
f 3053/3518/3005 3061/3527/3013 3060/3526/3012 3052/3517/3004
f 3054/3519/3006 3062/3528/3014 3061/3527/3013 3053/3518/3005
f 3055/3512/3000 3063/3521/3008 3062/3528/3014 3054/3519/3006
f 3056/3520/3007 3064/3529/3015 3071/3530/3016 3063/3521/3008
f 3057/3522/3009 3065/3531/3017 3064/3529/3015 3056/3520/3007
f 3058/3523/3010 3066/3532/3018 3065/3533/3017 3057/3524/3009
f 3059/3525/3011 3067/3534/3019 3066/3532/3018 3058/3523/3010
f 3060/3526/3012 3068/3535/3020 3067/3534/3019 3059/3525/3011
f 3061/3527/3013 3069/3536/3021 3068/3535/3020 3060/3526/3012
f 3062/3528/3014 3070/3537/3022 3069/3536/3021 3061/3527/3013
f 3063/3521/3008 3071/3530/3016 3070/3537/3022 3062/3528/3014
f 3064/3529/3015 3072/3538/3023 3079/3539/3024 3071/3530/3016
f 3065/3531/3017 3073/3540/3025 3072/3538/3023 3064/3529/3015
f 3066/3532/3018 3074/3541/3026 3073/3542/3025 3065/3533/3017
f 3067/3534/3019 3075/3543/3027 3074/3541/3026 3066/3532/3018
f 3068/3535/3020 3076/3544/3028 3075/3543/3027 3067/3534/3019
f 3069/3536/3021 3077/3545/3029 3076/3544/3028 3068/3535/3020
f 3070/3537/3022 3078/3546/3030 3077/3545/3029 3069/3536/3021
f 3071/3530/3016 3079/3539/3024 3078/3546/3030 3070/3537/3022
f 3072/3538/3023 3080/3547/3031 3087/3548/3032 3079/3539/3024
f 3073/3540/3025 3081/3549/3033 3080/3547/3031 3072/3538/3023
f 3074/3541/3026 3082/3550/3034 3081/3551/3033 3073/3542/3025
f 3075/3543/3027 3083/3552/3035 3082/3550/3034 3074/3541/3026
f 3076/3544/3028 3084/3553/3036 3083/3552/3035 3075/3543/3027
f 3077/3545/3029 3085/3554/3037 3084/3553/3036 3076/3544/3028
f 3078/3546/3030 3086/3555/3038 3085/3554/3037 3077/3545/3029
f 3079/3539/3024 3087/3548/3032 3086/3555/3038 3078/3546/3030
f 3080/3547/3031 3088/3556/3039 3095/3557/3040 3087/3548/3032
f 3081/3549/3033 3089/3558/3041 3088/3556/3039 3080/3547/3031
f 3082/3550/3034 3090/3559/3042 3089/3560/3041 3081/3551/3033
f 3083/3552/3035 3091/3561/3043 3090/3559/3042 3082/3550/3034
f 3084/3553/3036 3092/3562/3044 3091/3561/3043 3083/3552/3035
f 3085/3554/3037 3093/3563/3045 3092/3562/3044 3084/3553/3036
f 3086/3555/3038 3094/3564/3046 3093/3563/3045 3085/3554/3037
f 3087/3548/3032 3095/3557/3040 3094/3564/3046 3086/3555/3038
f 3088/3556/3039 3096/3565/3047 3103/3566/3048 3095/3557/3040
f 3089/3558/3041 3097/3567/3049 3096/3565/3047 3088/3556/3039
f 3090/3559/3042 3098/3568/3050 3097/3569/3049 3089/3560/3041
f 3091/3561/3043 3099/3570/3051 3098/3568/3050 3090/3559/3042
f 3092/3562/3044 3100/3571/3052 3099/3570/3051 3091/3561/3043
f 3093/3563/3045 3101/3572/3053 3100/3571/3052 3092/3562/3044
f 3094/3564/3046 3102/3573/3054 3101/3572/3053 3093/3563/3045
f 3095/3557/3040 3103/3566/3048 3102/3573/3054 3094/3564/3046
f 3096/3565/3047 3104/3574/3055 3111/3575/3056 3103/3566/3048
f 3097/3567/3049 3105/3576/3057 3104/3574/3055 3096/3565/3047
f 3098/3568/3050 3106/3577/3058 3105/3578/3057 3097/3569/3049
f 3099/3570/3051 3107/3579/3059 3106/3577/3058 3098/3568/3050
f 3100/3571/3052 3108/3580/3060 3107/3579/3059 3099/3570/3051
f 3101/3572/3053 3109/3581/3061 3108/3580/3060 3100/3571/3052
f 3102/3573/3054 3110/3582/3062 3109/3581/3061 3101/3572/3053
f 3103/3566/3048 3111/3575/3056 3110/3582/3062 3102/3573/3054
f 3104/3574/3055 3112/3583/3063 3119/3584/3064 3111/3575/3056
f 3105/3576/3057 3113/3585/3065 3112/3583/3063 3104/3574/3055
f 3106/3577/3058 3114/3586/3066 3113/3587/3065 3105/3578/3057
f 3107/3579/3059 3115/3588/3067 3114/3586/3066 3106/3577/3058
f 3108/3580/3060 3116/3589/3068 3115/3588/3067 3107/3579/3059
f 3109/3581/3061 3117/3590/3069 3116/3589/3068 3108/3580/3060
f 3110/3582/3062 3118/3591/3070 3117/3590/3069 3109/3581/3061
f 3111/3575/3056 3119/3584/3064 3118/3591/3070 3110/3582/3062
f 3112/3583/3063 3120/3592/3071 3127/3593/3072 3119/3584/3064
f 3113/3585/3065 3121/3594/3073 3120/3592/3071 3112/3583/3063
f 3114/3586/3066 3122/3595/3074 3121/3596/3073 3113/3587/3065
f 3115/3588/3067 3123/3597/3075 3122/3595/3074 3114/3586/3066
f 3116/3589/3068 3124/3598/3076 3123/3597/3075 3115/3588/3067
f 3117/3590/3069 3125/3599/3077 3124/3598/3076 3116/3589/3068
f 3118/3591/3070 3126/3600/3078 3125/3599/3077 3117/3590/3069
f 3119/3584/3064 3127/3593/3072 3126/3600/3078 3118/3591/3070
f 3120/3592/3071 3128/3601/3079 3135/3602/3080 3127/3593/3072
f 3121/3594/3073 3129/3603/3081 3128/3601/3079 3120/3592/3071
f 3122/3595/3074 3130/3604/3082 3129/3605/3081 3121/3596/3073
f 3123/3597/3075 3131/3606/3083 3130/3604/3082 3122/3595/3074
f 3124/3598/3076 3132/3607/3084 3131/3606/3083 3123/3597/3075
f 3125/3599/3077 3133/3608/3085 3132/3607/3084 3124/3598/3076
f 3126/3600/3078 3134/3609/3086 3133/3608/3085 3125/3599/3077
f 3127/3593/3072 3135/3602/3080 3134/3609/3086 3126/3600/3078
f 3128/3601/3079 3136/3610/3087 3143/3611/3088 3135/3602/3080
f 3129/3603/3081 3137/3612/3089 3136/3610/3087 3128/3601/3079
f 3130/3604/3082 3138/3613/3090 3137/3614/3089 3129/3605/3081
f 3131/3606/3083 3139/3615/3091 3138/3613/3090 3130/3604/3082
f 3132/3607/3084 3140/3616/3092 3139/3615/3091 3131/3606/3083
f 3133/3608/3085 3141/3617/3093 3140/3616/3092 3132/3607/3084
f 3134/3609/3086 3142/3618/3094 3141/3617/3093 3133/3608/3085
f 3135/3602/3080 3143/3611/3088 3142/3618/3094 3134/3609/3086
f 3136/3610/3087 3144/3619/3095 3151/3620/3096 3143/3611/3088
f 3137/3612/3089 3145/3621/3097 3144/3619/3095 3136/3610/3087
f 3138/3613/3090 3146/3622/3098 3145/3623/3097 3137/3614/3089
f 3139/3615/3091 3147/3624/3099 3146/3622/3098 3138/3613/3090
f 3140/3616/3092 3148/3625/3100 3147/3624/3099 3139/3615/3091
f 3141/3617/3093 3149/3626/3101 3148/3625/3100 3140/3616/3092
f 3142/3618/3094 3150/3627/3102 3149/3626/3101 3141/3617/3093
f 3143/3611/3088 3151/3620/3096 3150/3627/3102 3142/3618/3094
f 3144/3619/3095 3152/3628/3103 3159/3629/3104 3151/3620/3096
f 3145/3621/3097 3153/3630/3105 3152/3628/3103 3144/3619/3095
f 3146/3622/3098 3154/3631/3106 3153/3632/3105 3145/3623/3097
f 3147/3624/3099 3155/3633/3107 3154/3631/3106 3146/3622/3098
f 3148/3625/3100 3156/3634/3108 3155/3633/3107 3147/3624/3099
f 3149/3626/3101 3157/3635/3109 3156/3634/3108 3148/3625/3100
f 3150/3627/3102 3158/3636/3110 3157/3635/3109 3149/3626/3101
f 3151/3620/3096 3159/3629/3104 3158/3636/3110 3150/3627/3102
f 3152/3628/3103 3160/3637/3111 3167/3638/3112 3159/3629/3104
f 3153/3630/3105 3161/3639/3113 3160/3637/3111 3152/3628/3103
f 3154/3631/3106 3162/3640/3114 3161/3641/3113 3153/3632/3105
f 3155/3633/3107 3163/3642/3115 3162/3640/3114 3154/3631/3106
f 3156/3634/3108 3164/3643/3116 3163/3642/3115 3155/3633/3107
f 3157/3635/3109 3165/3644/3117 3164/3643/3116 3156/3634/3108
f 3158/3636/3110 3166/3645/3118 3165/3644/3117 3157/3635/3109
f 3159/3629/3104 3167/3638/3112 3166/3645/3118 3158/3636/3110
f 3160/3637/3111 3168/3646/3119 3175/3647/3120 3167/3638/3112
f 3161/3639/3113 3169/3648/3121 3168/3646/3119 3160/3637/3111
f 3162/3640/3114 3170/3649/3122 3169/3650/3121 3161/3641/3113
f 3163/3642/3115 3171/3651/3123 3170/3649/3122 3162/3640/3114
f 3164/3643/3116 3172/3652/3124 3171/3651/3123 3163/3642/3115
f 3165/3644/3117 3173/3653/3125 3172/3652/3124 3164/3643/3116
f 3166/3645/3118 3174/3654/3126 3173/3653/3125 3165/3644/3117
f 3167/3638/3112 3175/3647/3120 3174/3654/3126 3166/3645/3118
f 3168/3646/3119 3176/3655/3127 3183/3656/3128 3175/3647/3120
f 3169/3648/3121 3177/3657/3129 3176/3655/3127 3168/3646/3119
f 3170/3649/3122 3178/3658/3130 3177/3659/3129 3169/3650/3121
f 3171/3651/3123 3179/3660/3131 3178/3658/3130 3170/3649/3122
f 3172/3652/3124 3180/3661/3132 3179/3660/3131 3171/3651/3123
f 3173/3653/3125 3181/3662/3133 3180/3661/3132 3172/3652/3124
f 3174/3654/3126 3182/3663/3134 3181/3662/3133 3173/3653/3125
f 3175/3647/3120 3183/3656/3128 3182/3663/3134 3174/3654/3126
f 3176/3655/3127 3184/3664/3135 3191/3665/3136 3183/3656/3128
f 3177/3657/3129 3185/3666/3137 3184/3664/3135 3176/3655/3127
f 3178/3658/3130 3186/3667/3138 3185/3668/3137 3177/3659/3129
f 3179/3660/3131 3187/3669/3139 3186/3667/3138 3178/3658/3130
f 3180/3661/3132 3188/3670/3140 3187/3669/3139 3179/3660/3131
f 3181/3662/3133 3189/3671/3141 3188/3670/3140 3180/3661/3132
f 3182/3663/3134 3190/3672/3142 3189/3671/3141 3181/3662/3133
f 3183/3656/3128 3191/3665/3136 3190/3672/3142 3182/3663/3134
f 3184/3664/3135 3192/3673/3143 3199/3674/3144 3191/3665/3136
f 3185/3666/3137 3193/3675/3145 3192/3673/3143 3184/3664/3135
f 3186/3667/3138 3194/3676/3146 3193/3677/3145 3185/3668/3137
f 3187/3669/3139 3195/3678/3147 3194/3676/3146 3186/3667/3138
f 3188/3670/3140 3196/3679/3148 3195/3678/3147 3187/3669/3139
f 3189/3671/3141 3197/3680/3149 3196/3679/3148 3188/3670/3140
f 3190/3672/3142 3198/3681/3150 3197/3680/3149 3189/3671/3141
f 3191/3665/3136 3199/3674/3144 3198/3681/3150 3190/3672/3142
f 3192/3673/3143 3200/3682/3151 3207/3683/3152 3199/3674/3144
f 3193/3675/3145 3201/3684/3153 3200/3682/3151 3192/3673/3143
f 3194/3676/3146 3202/3685/3154 3201/3686/3153 3193/3677/3145
f 3195/3678/3147 3203/3687/3155 3202/3685/3154 3194/3676/3146
f 3196/3679/3148 3204/3688/3156 3203/3687/3155 3195/3678/3147
f 3197/3680/3149 3205/3689/3157 3204/3688/3156 3196/3679/3148
f 3198/3681/3150 3206/3690/3158 3205/3689/3157 3197/3680/3149
f 3199/3674/3144 3207/3683/3152 3206/3690/3158 3198/3681/3150
f 3200/3682/3151 3208/3691/3159 3215/3692/3160 3207/3683/3152
f 3201/3684/3153 3209/3693/3161 3208/3691/3159 3200/3682/3151
f 3202/3685/3154 3210/3694/3162 3209/3695/3161 3201/3686/3153
f 3203/3687/3155 3211/3696/3163 3210/3694/3162 3202/3685/3154
f 3204/3688/3156 3212/3697/3164 3211/3696/3163 3203/3687/3155
f 3205/3689/3157 3213/3698/3165 3212/3697/3164 3204/3688/3156
f 3206/3690/3158 3214/3699/3166 3213/3698/3165 3205/3689/3157
f 3207/3683/3152 3215/3692/3160 3214/3699/3166 3206/3690/3158
f 3208/3691/3159 3216/3700/3167 3223/3701/3168 3215/3692/3160
f 3209/3693/3161 3217/3702/3169 3216/3700/3167 3208/3691/3159
f 3210/3694/3162 3218/3703/3170 3217/3704/3169 3209/3695/3161
f 3211/3696/3163 3219/3705/3171 3218/3703/3170 3210/3694/3162
f 3212/3697/3164 3220/3706/3172 3219/3705/3171 3211/3696/3163
f 3213/3698/3165 3221/3707/3173 3220/3706/3172 3212/3697/3164
f 3214/3699/3166 3222/3708/3174 3221/3707/3173 3213/3698/3165
f 3215/3692/3160 3223/3701/3168 3222/3708/3174 3214/3699/3166
f 3216/3700/3167 3224/3709/3175 3231/3710/3176 3223/3701/3168
f 3217/3702/3169 3225/3711/3177 3224/3709/3175 3216/3700/3167
f 3218/3703/3170 3226/3712/3178 3225/3713/3177 3217/3704/3169
f 3219/3705/3171 3227/3714/3179 3226/3712/3178 3218/3703/3170
f 3220/3706/3172 3228/3715/3180 3227/3714/3179 3219/3705/3171
f 3221/3707/3173 3229/3716/3181 3228/3715/3180 3220/3706/3172
f 3222/3708/3174 3230/3717/3182 3229/3716/3181 3221/3707/3173
f 3223/3701/3168 3231/3710/3176 3230/3717/3182 3222/3708/3174
f 3224/3709/3175 3232/3718/3183 3239/3719/3184 3231/3710/3176
f 3225/3711/3177 3233/3720/3185 3232/3718/3183 3224/3709/3175
f 3226/3712/3178 3234/3721/3186 3233/3722/3185 3225/3713/3177
f 3227/3714/3179 3235/3723/3187 3234/3721/3186 3226/3712/3178
f 3228/3715/3180 3236/3724/3188 3235/3723/3187 3227/3714/3179
f 3229/3716/3181 3237/3725/3189 3236/3724/3188 3228/3715/3180
f 3230/3717/3182 3238/3726/3190 3237/3725/3189 3229/3716/3181
f 3231/3710/3176 3239/3719/3184 3238/3726/3190 3230/3717/3182
f 3232/3718/3183 3240/3727/3191 3247/3728/3192 3239/3719/3184
f 3233/3720/3185 3241/3729/3193 3240/3727/3191 3232/3718/3183
f 3234/3721/3186 3242/3730/3194 3241/3731/3193 3233/3722/3185
f 3235/3723/3187 3243/3732/3195 3242/3730/3194 3234/3721/3186
f 3236/3724/3188 3244/3733/3196 3243/3732/3195 3235/3723/3187
f 3237/3725/3189 3245/3734/3197 3244/3733/3196 3236/3724/3188
f 3238/3726/3190 3246/3735/3198 3245/3734/3197 3237/3725/3189
f 3239/3719/3184 3247/3728/3192 3246/3735/3198 3238/3726/3190
f 3240/3727/3191 3248/3736/3199 3255/3737/3200 3247/3728/3192
f 3241/3729/3193 3249/3738/3201 3248/3736/3199 3240/3727/3191
f 3242/3730/3194 3250/3739/3202 3249/3740/3201 3241/3731/3193
f 3243/3732/3195 3251/3741/3203 3250/3739/3202 3242/3730/3194
f 3244/3733/3196 3252/3742/3204 3251/3741/3203 3243/3732/3195
f 3245/3734/3197 3253/3743/3205 3252/3742/3204 3244/3733/3196
f 3246/3735/3198 3254/3744/3206 3253/3743/3205 3245/3734/3197
f 3247/3728/3192 3255/3737/3200 3254/3744/3206 3246/3735/3198
f 3248/3736/3199 3256/3745/3207 3263/3746/3208 3255/3737/3200
f 3249/3738/3201 3257/3747/3209 3256/3745/3207 3248/3736/3199
f 3250/3739/3202 3258/3748/3210 3257/3749/3209 3249/3740/3201
f 3251/3741/3203 3259/3750/3211 3258/3748/3210 3250/3739/3202
f 3252/3742/3204 3260/3751/3212 3259/3750/3211 3251/3741/3203
f 3253/3743/3205 3261/3752/3213 3260/3751/3212 3252/3742/3204
f 3254/3744/3206 3262/3753/3214 3261/3752/3213 3253/3743/3205
f 3255/3737/3200 3263/3746/3208 3262/3753/3214 3254/3744/3206
f 3256/3745/3207 3264/3754/3215 3271/3755/3216 3263/3746/3208
f 3257/3747/3209 3265/3756/3217 3264/3754/3215 3256/3745/3207
f 3258/3748/3210 3266/3757/3218 3265/3758/3217 3257/3749/3209
f 3259/3750/3211 3267/3759/3219 3266/3757/3218 3258/3748/3210
f 3260/3751/3212 3268/3760/3220 3267/3759/3219 3259/3750/3211
f 3261/3752/3213 3269/3761/3221 3268/3760/3220 3260/3751/3212
f 3262/3753/3214 3270/3762/3222 3269/3761/3221 3261/3752/3213
f 3263/3746/3208 3271/3755/3216 3270/3762/3222 3262/3753/3214
f 3264/3754/3215 3272/3763/3223 3279/3764/3224 3271/3755/3216
f 3265/3756/3217 3273/3765/3225 3272/3763/3223 3264/3754/3215
f 3266/3757/3218 3274/3766/3226 3273/3767/3225 3265/3758/3217
f 3267/3759/3219 3275/3768/3227 3274/3766/3226 3266/3757/3218
f 3268/3760/3220 3276/3769/3228 3275/3768/3227 3267/3759/3219
f 3269/3761/3221 3277/3770/3229 3276/3769/3228 3268/3760/3220
f 3270/3762/3222 3278/3771/3230 3277/3770/3229 3269/3761/3221
f 3271/3755/3216 3279/3764/3224 3278/3771/3230 3270/3762/3222
f 3272/3763/3223 3280/3772/3231 3287/3773/3232 3279/3764/3224
f 3273/3765/3225 3281/3774/3233 3280/3772/3231 3272/3763/3223
f 3274/3766/3226 3282/3775/3234 3281/3776/3233 3273/3767/3225
f 3275/3768/3227 3283/3777/3235 3282/3775/3234 3274/3766/3226
f 3276/3769/3228 3284/3778/3236 3283/3777/3235 3275/3768/3227
f 3277/3770/3229 3285/3779/3237 3284/3778/3236 3276/3769/3228
f 3278/3771/3230 3286/3780/3238 3285/3779/3237 3277/3770/3229
f 3279/3764/3224 3287/3773/3232 3286/3780/3238 3278/3771/3230
f 3280/3772/3231 3288/3781/3239 3295/3782/3240 3287/3773/3232
f 3281/3774/3233 3289/3783/3241 3288/3781/3239 3280/3772/3231
f 3282/3775/3234 3290/3784/3242 3289/3785/3241 3281/3776/3233
f 3283/3777/3235 3291/3786/3243 3290/3784/3242 3282/3775/3234
f 3284/3778/3236 3292/3787/3244 3291/3786/3243 3283/3777/3235
f 3285/3779/3237 3293/3788/3245 3292/3787/3244 3284/3778/3236
f 3286/3780/3238 3294/3789/3246 3293/3788/3245 3285/3779/3237
f 3287/3773/3232 3295/3782/3240 3294/3789/3246 3286/3780/3238
f 3288/3781/3239 3296/3790/3247 3303/3791/3248 3295/3782/3240
f 3289/3783/3241 3297/3792/3249 3296/3790/3247 3288/3781/3239
f 3290/3784/3242 3298/3793/3250 3297/3794/3249 3289/3785/3241
f 3291/3786/3243 3299/3795/3251 3298/3793/3250 3290/3784/3242
f 3292/3787/3244 3300/3796/3252 3299/3795/3251 3291/3786/3243
f 3293/3788/3245 3301/3797/3253 3300/3796/3252 3292/3787/3244
f 3294/3789/3246 3302/3798/3254 3301/3797/3253 3293/3788/3245
f 3295/3782/3240 3303/3791/3248 3302/3798/3254 3294/3789/3246
f 3296/3790/3247 3304/3799/3255 3311/3800/3256 3303/3791/3248
f 3297/3792/3249 3305/3801/3257 3304/3799/3255 3296/3790/3247
f 3298/3793/3250 3306/3802/3258 3305/3803/3257 3297/3794/3249
f 3299/3795/3251 3307/3804/3259 3306/3802/3258 3298/3793/3250
f 3300/3796/3252 3308/3805/3260 3307/3804/3259 3299/3795/3251
f 3301/3797/3253 3309/3806/3261 3308/3805/3260 3300/3796/3252
f 3302/3798/3254 3310/3807/3262 3309/3806/3261 3301/3797/3253
f 3303/3791/3248 3311/3800/3256 3310/3807/3262 3302/3798/3254
f 3304/3799/3255 3312/3808/3263 3319/3809/3264 3311/3800/3256
f 3305/3801/3257 3313/3810/3265 3312/3808/3263 3304/3799/3255
f 3306/3802/3258 3314/3811/3266 3313/3812/3265 3305/3803/3257
f 3307/3804/3259 3315/3813/3267 3314/3811/3266 3306/3802/3258
f 3308/3805/3260 3316/3814/3268 3315/3813/3267 3307/3804/3259
f 3309/3806/3261 3317/3815/3269 3316/3814/3268 3308/3805/3260
f 3310/3807/3262 3318/3816/3270 3317/3815/3269 3309/3806/3261
f 3311/3800/3256 3319/3809/3264 3318/3816/3270 3310/3807/3262
f 3312/3808/3263 3320/3817/3271 3327/3818/3272 3319/3809/3264
f 3313/3810/3265 3321/3819/3273 3320/3817/3271 3312/3808/3263
f 3314/3811/3266 3322/3820/3274 3321/3821/3273 3313/3812/3265
f 3315/3813/3267 3323/3822/3275 3322/3820/3274 3314/3811/3266
f 3316/3814/3268 3324/3823/3276 3323/3822/3275 3315/3813/3267
f 3317/3815/3269 3325/3824/3277 3324/3823/3276 3316/3814/3268
f 3318/3816/3270 3326/3825/3278 3325/3824/3277 3317/3815/3269
f 3319/3809/3264 3327/3818/3272 3326/3825/3278 3318/3816/3270
f 3320/3817/3271 3328/3826/3279 3335/3827/3280 3327/3818/3272
f 3321/3819/3273 3329/3828/3281 3328/3826/3279 3320/3817/3271
f 3322/3820/3274 3330/3829/3282 3329/3830/3281 3321/3821/3273
f 3323/3822/3275 3331/3831/3283 3330/3829/3282 3322/3820/3274
f 3324/3823/3276 3332/3832/3284 3331/3831/3283 3323/3822/3275
f 3325/3824/3277 3333/3833/3285 3332/3832/3284 3324/3823/3276
f 3326/3825/3278 3334/3834/3286 3333/3833/3285 3325/3824/3277
f 3327/3818/3272 3335/3827/3280 3334/3834/3286 3326/3825/3278
f 3328/3826/3279 3336/3835/3287 3343/3836/3288 3335/3827/3280
f 3329/3828/3281 3337/3837/3289 3336/3835/3287 3328/3826/3279
f 3330/3829/3282 3338/3838/3290 3337/3839/3289 3329/3830/3281
f 3331/3831/3283 3339/3840/3291 3338/3838/3290 3330/3829/3282
f 3332/3832/3284 3340/3841/3292 3339/3840/3291 3331/3831/3283
f 3333/3833/3285 3341/3842/3293 3340/3841/3292 3332/3832/3284
f 3334/3834/3286 3342/3843/3294 3341/3842/3293 3333/3833/3285
f 3335/3827/3280 3343/3836/3288 3342/3843/3294 3334/3834/3286
f 3336/3835/3287 3344/3844/3295 3351/3845/3296 3343/3836/3288
f 3337/3837/3289 3345/3846/3297 3344/3844/3295 3336/3835/3287
f 3338/3838/3290 3346/3847/3298 3345/3848/3297 3337/3839/3289
f 3339/3840/3291 3347/3849/3299 3346/3847/3298 3338/3838/3290
f 3340/3841/3292 3348/3850/3300 3347/3849/3299 3339/3840/3291
f 3341/3842/3293 3349/3851/3301 3348/3850/3300 3340/3841/3292
f 3342/3843/3294 3350/3852/3302 3349/3851/3301 3341/3842/3293
f 3343/3836/3288 3351/3845/3296 3350/3852/3302 3342/3843/3294
f 3344/3844/3295 3352/3853/3303 3359/3854/3304 3351/3845/3296
f 3345/3846/3297 3353/3855/3305 3352/3853/3303 3344/3844/3295
f 3346/3847/3298 3354/3856/3306 3353/3857/3305 3345/3848/3297
f 3347/3849/3299 3355/3858/3307 3354/3856/3306 3346/3847/3298
f 3348/3850/3300 3356/3859/3308 3355/3858/3307 3347/3849/3299
f 3349/3851/3301 3357/3860/3309 3356/3859/3308 3348/3850/3300
f 3350/3852/3302 3358/3861/3310 3357/3860/3309 3349/3851/3301
f 3351/3845/3296 3359/3854/3304 3358/3861/3310 3350/3852/3302
f 3352/3853/3303 3360/3862/3311 3367/3863/3312 3359/3854/3304
f 3353/3855/3305 3361/3864/3313 3360/3862/3311 3352/3853/3303
f 3354/3856/3306 3362/3865/3314 3361/3866/3313 3353/3857/3305
f 3355/3858/3307 3363/3867/3315 3362/3865/3314 3354/3856/3306
f 3356/3859/3308 3364/3868/3316 3363/3867/3315 3355/3858/3307
f 3357/3860/3309 3365/3869/3317 3364/3868/3316 3356/3859/3308
f 3358/3861/3310 3366/3870/3318 3365/3869/3317 3357/3860/3309
f 3359/3854/3304 3367/3863/3312 3366/3870/3318 3358/3861/3310
f 3360/3862/3311 3368/3871/3319 3375/3872/3320 3367/3863/3312
f 3361/3864/3313 3369/3873/3321 3368/3871/3319 3360/3862/3311
f 3362/3865/3314 3370/3874/3322 3369/3875/3321 3361/3866/3313
f 3363/3867/3315 3371/3876/3323 3370/3874/3322 3362/3865/3314
f 3364/3868/3316 3372/3877/3324 3371/3876/3323 3363/3867/3315
f 3365/3869/3317 3373/3878/3325 3372/3877/3324 3364/3868/3316
f 3366/3870/3318 3374/3879/3326 3373/3878/3325 3365/3869/3317
f 3367/3863/3312 3375/3872/3320 3374/3879/3326 3366/3870/3318
f 3368/3871/3319 3376/3880/3327 3383/3881/3328 3375/3872/3320
f 3369/3873/3321 3377/3882/3329 3376/3880/3327 3368/3871/3319
f 3370/3874/3322 3378/3883/3330 3377/3884/3329 3369/3875/3321
f 3371/3876/3323 3379/3885/3331 3378/3883/3330 3370/3874/3322
f 3372/3877/3324 3380/3886/3332 3379/3885/3331 3371/3876/3323
f 3373/3878/3325 3381/3887/3333 3380/3886/3332 3372/3877/3324
f 3374/3879/3326 3382/3888/3334 3381/3887/3333 3373/3878/3325
f 3375/3872/3320 3383/3881/3328 3382/3888/3334 3374/3879/3326
f 3376/3880/3327 3384/3889/3335 3391/3890/3336 3383/3881/3328
f 3377/3882/3329 3385/3891/3337 3384/3889/3335 3376/3880/3327
f 3378/3883/3330 3386/3892/3338 3385/3893/3337 3377/3884/3329
f 3379/3885/3331 3387/3894/3339 3386/3892/3338 3378/3883/3330
f 3380/3886/3332 3388/3895/3340 3387/3894/3339 3379/3885/3331
f 3381/3887/3333 3389/3896/3341 3388/3895/3340 3380/3886/3332
f 3382/3888/3334 3390/3897/3342 3389/3896/3341 3381/3887/3333
f 3383/3881/3328 3391/3890/3336 3390/3897/3342 3382/3888/3334
f 3384/3889/3335 3392/3898/3343 3399/3899/3344 3391/3890/3336
f 3385/3891/3337 3393/3900/3345 3392/3898/3343 3384/3889/3335
f 3386/3892/3338 3394/3901/3346 3393/3902/3345 3385/3893/3337
f 3387/3894/3339 3395/3903/3347 3394/3901/3346 3386/3892/3338
f 3388/3895/3340 3396/3904/3348 3395/3903/3347 3387/3894/3339
f 3389/3896/3341 3397/3905/3349 3396/3904/3348 3388/3895/3340
f 3390/3897/3342 3398/3906/3350 3397/3905/3349 3389/3896/3341
f 3391/3890/3336 3399/3899/3344 3398/3906/3350 3390/3897/3342
f 3509/3907/3351 3518/3908/3352 3444/3909/3353 3501/3910/3354
f 3451/3911/3355 3523/3912/3356 3517/3913/3357 3442/3914/3358
f 3501/3915/3354 3567/3916/3359 3473/3917/3360 3482/3918/3361
f 3437/3919/3362 3567/3920/3359 3501/3910/3354 3444/3909/3353
f 3513/3921/3363 3527/3922/3364 3452/3923/3365 3435/3924/3366
f 3540/3925/3367 3465/3926/3368 3457/3927/3369 3532/3928/3367
f 3466/3929/3370 3544/3930/3371 3536/3931/3372 3458/3932/3373
f 3426/3933/3374 3504/3934/3375 3447/3935/3376 3403/3936/3377
f 3525/3937/3378 3421/3938/3379 3403/3936/3377 3447/3935/3376
f 3558/3939/3380 3547/3940/3380 3472/3941/3381 3488/3942/3382
f 3507/3943/3383 3554/3944/3384 3483/3945/3385 3503/3946/3386
f 3454/3947/3387 3401/3948/3388 3419/3949/3389 3524/3950/3389
f 3452/3923/3365 3523/3951/3390 3512/3952/3390 3435/3924/3366
f 3528/3953/3391 3420/3954/3392 3401/3948/3388 3454/3947/3387
f 3474/3955/3393 3566/3956/3394 3503/3946/3386 3483/3945/3385
f 3453/3957/3395 3400/3958/3396 3421/3938/3379 3525/3937/3378
f 3553/3959/3397 3509/3960/3351 3501/3915/3354 3482/3918/3361
f 3503/3946/3386 3566/3956/3394 3438/3961/3398 3446/3962/3399
f 3514/3963/3400 3526/3964/3401 3446/3962/3399 3438/3961/3398
f 3527/3965/3402 3444/3966/3403 3449/3967/3404 3521/3968/3405
f 3453/3969/3406 3525/3970/3407 3515/3971/3408 3440/3972/3409
f 3545/3973/3410 3463/3974/3411 3455/3975/3412 3537/3976/3410
f 3468/3977/3413 3546/3978/3414 3538/3979/3414 3460/3980/3415
f 3467/3981/3416 3541/3982/3417 3533/3983/3417 3459/3984/3418
f 3463/3974/3411 3539/3985/3419 3531/3986/3420 3455/3975/3412
f 3450/3987/3421 3529/3988/3422 3519/3989/3423 3446/3990/3424
f 3445/3991/3425 3528/3992/3426 3520/3993/3427 3448/3994/3428
f 3524/3950/3389 3419/3949/3389 3400/3958/3396 3453/3957/3395
f 3515/3971/3408 3525/3970/3407 3447/3995/3429 3439/3996/3430
f 3454/3997/3431 3524/3998/3432 3516/3999/3433 3441/4000/3434
f 3542/4001/3435 3468/3977/3413 3460/3980/3415 3534/4002/3436
f 3470/4003/3437 3545/3973/3410 3537/3976/3410 3462/4004/3438
f 3448/3994/3428 3530/4005/3439 3518/4006/3440 3445/3991/3425
f 3452/4007/3441 3527/3965/3402 3521/3968/3405 3443/4008/3442
f 3519/4009/3443 3507/3943/3383 3503/3946/3386 3446/3962/3399
f 3526/4010/3444 3451/3911/3355 3442/3914/3358 3522/4011/3445
f 3481/4012/3446 3502/4013/3447 3509/3960/3351 3553/3959/3397
f 3444/3909/3353 3527/3922/3364 3513/3921/3363 3437/3919/3362
f 3528/3953/3391 3445/4014/3448 3402/4015/3449 3420/3954/3392
f 3512/3952/3390 3523/3951/3390 3451/4016/3450 3436/4017/3451
f 3451/4016/3450 3526/3964/3401 3514/3963/3400 3436/4017/3451
f 3481/4012/3446 3406/4018/3452 3425/4019/3453 3502/4013/3447
f 3446/3990/3424 3526/4010/3444 3522/4011/3445 3450/3987/3421
f 3538/3979/3414 3546/3978/3414 3469/4020/3454 3461/4021/3455
f 3464/4022/3456 3540/4023/3367 3532/4024/3367 3456/4025/3457
f 3508/4026/3458 3539/4027/3459 3463/4028/3460 3545/4029/3461
f 3467/4030/3462 3506/4031/3463 3511/4032/861 3541/4033/3464
f 3533/3983/3417 3541/3982/3417 3466/3929/3370 3458/3932/3373
f 3469/4020/3454 3543/4034/3465 3535/4035/3466 3461/4021/3455
f 3536/3931/3372 3544/3930/3371 3470/4003/3437 3462/4004/3438
f 3465/3926/3368 3542/4001/3435 3534/4002/3436 3457/3927/3369
f 3489/4036/3467 3471/4037/3468 3547/3940/3380 3558/3939/3380
f 3484/4038/3469 3554/3944/3384 3507/3943/3383 3504/3934/3375
f 3482/3918/3361 3473/3917/3360 3548/4039/3470 3562/4040/3471
f 3563/4041/3472 3481/4042/3473 3485/4043/3474 3555/4044/3475
f 3502/4045/3447 3425/4046/3453 3402/4015/3449 3445/4014/3448
f 3466/4047/3476 3505/4048/3477 3508/4026/3458 3544/4049/3478
f 3498/4050/3479 3571/4051/3480 3430/4052/3480 3413/4053/3479
f 3570/4054/3481 3496/4055/3482 3411/4056/3482 3429/4057/3481
f 3511/4032/861 3540/4058/3483 3464/4059/3484 3505/4048/3477
f 3541/4033/3464 3511/4032/861 3505/4048/3477 3466/4047/3476
f 3456/4060/3485 3440/4061/3486 3515/4062/3487 3531/4063/3487
f 3535/4035/3466 3543/4034/3465 3467/3981/3416 3459/3984/3418
f 3565/4064/3488 3485/4043/3474 3481/4042/3473 3553/4065/3489
f 3489/4066/3490 3558/4067/3491 3552/4068/3492 3480/4069/3493
f 3488/4070/3494 3561/4071/3495 3557/4072/3496 3479/4073/3497
f 3561/4074/3498 3549/4075/3499 3474/3955/3393 3483/3945/3385
f 3423/4076/3500 3563/4077/3501 3491/4078/3502 3405/4079/3503
f 3488/3942/3382 3472/3941/3381 3549/4075/3499 3561/4074/3498
f 3424/4080/3504 3560/4081/3505 3484/4038/3469 3407/4082/3506
f 3481/4012/3446 3563/4077/3501 3423/4076/3500 3406/4018/3452
f 3562/4040/3471 3548/4039/3470 3471/4037/3468 3489/4036/3467
f 3491/4078/3502 3559/4083/3507 3422/4084/3507 3405/4079/3503
f 3422/4084/3507 3559/4083/3507 3490/4085/3508 3404/4086/3509
f 3560/4087/3510 3490/4088/3511 3476/4089/3512 3550/4090/3513
f 3559/4091/3514 3491/4092/3515 3478/4093/3516 3551/4094/3517
f 3556/4095/3518 3562/4096/3519 3489/4066/3490 3480/4069/3493
f 3484/4097/3520 3560/4087/3510 3550/4090/3513 3475/4098/3521
f 3407/4082/3506 3484/4038/3469 3504/3934/3375 3426/3933/3374
f 3490/4085/3508 3560/4081/3505 3424/4080/3504 3404/4086/3509
f 3486/4099/3522 3565/4064/3488 3553/4065/3489 3482/4100/3523
f 3491/4092/3515 3563/4041/3472 3555/4044/3475 3478/4093/3516
f 3557/4072/3496 3561/4071/3495 3483/4101/3524 3487/4102/3525
f 3490/4088/3511 3559/4103/3514 3551/4104/3517 3476/4089/3512
f 3475/4098/3521 3564/4105/3526 3554/4106/3527 3484/4097/3520
f 3482/4100/3523 3562/4096/3519 3556/4095/3518 3486/4099/3522
f 3552/4068/3492 3558/4067/3491 3488/4070/3494 3479/4073/3497
f 3554/4106/3527 3564/4105/3526 3487/4102/3525 3483/4101/3524
f 3494/4107/3528 3570/4054/3481 3429/4057/3481 3409/4108/3528
f 3575/4109/3529 3495/4110/3530 3410/4111/3530 3434/4112/3529
f 3430/4113/3480 3571/4114/3480 3497/4115/3531 3412/4116/3531
f 3499/4117/3532 3575/4109/3529 3434/4112/3529 3414/4118/3532
f 3569/4119/3533 3493/4120/3534 3408/4121/3534 3428/4122/3533
f 3495/4110/3530 3569/4119/3533 3428/4122/3533 3410/4111/3530
f 3574/4123/3535 3500/4124/3536 3415/4125/3536 3433/4126/3535
f 3496/4055/3482 3574/4123/3535 3433/4126/3535 3411/4056/3482
f 3432/4127/3537 3573/4128/3537 3498/4050/3479 3413/4053/3479
f 3500/4124/3536 3573/4128/3537 3432/4127/3537 3415/4125/3536
f 3431/4129/3538 3572/4130/3538 3499/4117/3532 3414/4118/3532
f 3497/4115/3531 3572/4130/3538 3431/4129/3538 3412/4116/3531
f 3494/4107/3528 3409/4108/3528 3427/4131/3539 3568/4132/3539
f 3512/4133/3540 3568/4134/3540 3493/4135/3541 3435/4136/3542
f 3436/4137/3543 3494/4138/3543 3568/4134/3540 3512/4133/3540
f 3529/3988/3422 3439/3996/3430 3447/3995/3429 3519/3989/3423
f 3531/4063/3487 3515/4062/3487 3439/4139/3544 3455/4140/3544
f 3523/3912/3356 3452/4007/3441 3443/4008/3442 3517/3913/3357
f 3457/4141/3545 3441/4142/3546 3516/4143/3547 3532/4144/3547
f 3532/4144/3547 3516/4143/3547 3440/4061/3486 3456/4060/3485
f 3459/4145/3548 3533/4146/3549 3517/4147/3549 3443/4148/3548
f 3517/4147/3549 3533/4146/3549 3458/4149/3550 3442/4150/3550
f 3460/4151/3551 3448/4152/3551 3520/4153/3552 3534/4154/3552
f 3534/4154/3552 3520/4153/3552 3441/4142/3546 3457/4141/3545
f 3447/3935/3376 3504/3934/3375 3507/3943/3383 3519/4009/3443
f 3518/4006/3440 3530/4005/3439 3449/3967/3404 3444/3966/3403
f 3516/4155/3433 3524/4156/3432 3453/3969/3406 3440/3972/3409
f 3461/4157/3553 3535/4158/3554 3521/4159/3554 3449/4160/3553
f 3521/4159/3554 3535/4158/3554 3459/4145/3548 3443/4148/3548
f 3458/4149/3550 3536/4161/3555 3522/4162/3555 3442/4150/3550
f 3522/4162/3555 3536/4161/3555 3462/4163/3556 3450/4164/3556
f 3455/4140/3544 3439/4139/3544 3529/4165/3557 3537/4166/3557
f 3537/4166/3557 3529/4165/3557 3450/4164/3556 3462/4163/3556
f 3460/4151/3551 3538/4167/3558 3530/4168/3558 3448/4152/3551
f 3530/4168/3558 3538/4167/3558 3461/4157/3553 3449/4160/3553
f 3476/4169/3559 3477/4170/3560 3416/4171/3561 3550/4172/3562
f 3539/3985/3419 3464/4022/3456 3456/4025/3457 3531/3986/3420
f 3465/4173/3563 3540/4058/3483 3511/4032/861 3506/4031/3463
f 3510/4174/3564 3542/4175/3565 3465/4173/3563 3506/4031/3463
f 3543/4176/3566 3510/4174/3564 3506/4031/3463 3467/4030/3462
f 3544/4049/3478 3508/4026/3458 3545/4029/3461 3470/4177/3567
f 3510/4174/3564 3546/4178/3568 3468/4179/3569 3542/4175/3565
f 3546/4178/3568 3510/4174/3564 3543/4176/3566 3469/4180/3570
f 3478/4181/3571 3418/4182/3572 3417/4183/2486 3551/4184/3573
f 3417/4183/2486 3477/4170/3560 3476/4169/3559 3551/4184/3573
f 3417/4183/2486 3418/4182/3572 3480/4185/3574 3552/4186/3575
f 3417/4183/2486 3552/4186/3575 3479/4187/3576 3477/4170/3560
f 3418/4182/3572 3492/4188/3577 3556/4189/3578 3480/4185/3574
f 3492/4188/3577 3418/4182/3572 3478/4181/3571 3555/4190/3579
f 3477/4170/3560 3479/4187/3576 3557/4191/3580 3416/4171/3561
f 3416/4171/3561 3564/4192/3581 3475/4193/3582 3550/4172/3562
f 3416/4171/3561 3557/4191/3580 3487/4194/3583 3564/4192/3581
f 3492/4188/3577 3555/4190/3579 3485/4195/3584 3565/4196/3585
f 3486/4197/3586 3556/4189/3578 3492/4188/3577 3565/4196/3585
f 3435/4136/3542 3493/4135/3541 3569/4198/3587 3513/4199/3587
f 3513/4199/3587 3569/4198/3587 3495/4200/3588 3437/4201/3589
f 3438/4202/3590 3496/4203/3590 3570/4204/3591 3514/4205/3591
f 3514/4205/3591 3570/4204/3591 3494/4138/3543 3436/4137/3543
f 3472/4206/3592 3547/4207/3593 3571/4208/3593 3498/4209/3594
f 3547/4207/3593 3471/4210/3595 3497/4211/3595 3571/4208/3593
f 3497/4211/3595 3471/4210/3595 3548/4212/3596 3572/4213/3596
f 3548/4212/3596 3473/4214/3597 3499/4215/3597 3572/4213/3596
f 3474/4216/3598 3549/4217/3599 3573/4218/3599 3500/4219/3600
f 3549/4217/3599 3472/4206/3592 3498/4209/3594 3573/4218/3599
f 3566/4220/3601 3474/4216/3598 3500/4219/3600 3574/4221/3601
f 3566/4220/3601 3574/4221/3601 3496/4203/3590 3438/4202/3590
f 3437/4201/3589 3495/4200/3588 3575/4222/3602 3567/4223/3602
f 3567/4223/3602 3575/4222/3602 3499/4215/3597 3473/4214/3597
f 3568/4132/3539 3427/4131/3539 3408/4121/3534 3493/4120/3534
f 3520/3993/3427 3528/3992/3426 3454/3997/3431 3441/4000/3434
f 3464/4059/3484 3539/4027/3459 3508/4026/3458 3505/4048/3477
f 3509/3907/3351 3502/4045/3447 3445/4014/3448 3518/3908/3352
f 3648/4224/3603 3610/4225/3604 3592/4226/3605 3634/4227/3606
f 3649/4228/3607 3608/4229/3608 3593/4230/3609 3637/4231/3610
f 3649/4232/3611 3648/4233/3611 3609/4234/3612 3608/4235/3612
f 3597/4236/3613 3638/4237/3614 3645/4238/3615 3605/4239/3616
f 3639/4240/3617 3598/4241/3618 3607/4242/3619 3644/4243/3620
f 3637/4244/3621 3591/4245/3622 3579/4246/3623 3595/4247/3624
f 3599/4248/3625 3641/4249/3626 3642/4250/3627 3603/4251/3628
f 3622/4252/3629 3657/4253/3630 3658/4254/3631 3626/4255/3632
f 3578/4256/3633 3593/4257/3634 3587/4258/3635 3577/4259/3636
f 3647/4260/3637 3646/4261/3637 3610/4262/3638 3613/4263/3638
f 3636/4264/3639 3588/4265/3640 3585/4266/3641 3594/4267/3641
f 3595/4247/3624 3579/4246/3623 3588/4265/3640 3636/4264/3639
f 3646/4268/3642 3611/4269/3643 3589/4270/3643 3635/4271/3642
f 3647/4272/3644 3613/4273/3645 3595/4274/3646 3636/4275/3644
f 3576/4276/3647 3592/4277/3648 3635/4278/3649 3590/4279/3650
f 3590/4279/3650 3635/4278/3649 3589/4280/3651 3580/4281/3651
f 3609/4282/3652 3648/4224/3603 3634/4227/3606 3587/4283/3653
f 3612/4284/3654 3647/4272/3644 3636/4275/3644 3594/4285/3654
f 3640/4286/3655 3601/4287/3656 3585/4288/3657 3588/4289/3658
f 3610/4225/3604 3646/4268/3642 3635/4271/3642 3592/4226/3605
f 3593/4257/3634 3578/4256/3633 3591/4290/3622 3637/4291/3621
f 3613/4273/3645 3649/4228/3607 3637/4231/3610 3595/4274/3646
f 3577/4259/3636 3587/4258/3635 3634/4292/3659 3586/4293/3660
f 3586/4294/3660 3634/4295/3659 3592/4277/3648 3576/4276/3647
f 3596/4296/3661 3641/4249/3626 3586/4297/3662 3576/4298/3663
f 3599/4248/3625 3600/4299/3664 3578/4300/3665 3577/4301/3666
f 3605/4239/3616 3643/4302/3667 3640/4286/3655 3597/4236/3613
f 3597/4236/3613 3640/4286/3655 3588/4289/3658 3579/4303/3668
f 3639/4240/3617 3596/4296/3661 3576/4298/3663 3590/4304/3669
f 3598/4241/3618 3639/4240/3617 3590/4304/3669 3580/4305/3670
f 3638/4237/3614 3597/4236/3613 3579/4303/3668 3591/4306/3671
f 3600/4299/3664 3638/4237/3614 3591/4306/3671 3578/4300/3665
f 3622/4252/3629 3581/4307/3672 3614/4308/3673 3657/4253/3630
f 3596/4296/3661 3639/4240/3617 3644/4243/3620 3602/4309/3674
f 3604/4310/3675 3600/4299/3664 3599/4248/3625 3603/4251/3628
f 3638/4237/3614 3600/4299/3664 3604/4310/3675 3645/4238/3615
f 3598/4241/3618 3655/4311/3676 3660/4312/3677 3607/4242/3619
f 3601/4287/3656 3640/4286/3655 3643/4302/3667 3606/4313/3678
f 3608/4229/3608 3609/4282/3652 3587/4283/3653 3593/4230/3609
f 3612/4314/2916 3611/4315/2916 3646/4261/3637 3647/4260/3637
f 3613/4263/3638 3610/4262/3638 3648/4233/3611 3649/4232/3611
f 3665/4316/3679 3653/4317/3680 3620/4318/3681 3630/4319/3682
f 3664/4320/3683 3650/4321/3684 3619/4322/3685 3632/4323/3686
f 3614/4324/3687 3650/4325/3688 3615/4326/3689 3582/4327/3690
f 3633/4328/3691 3632/4329/3691 3662/4330/3692 3663/4331/3692
f 3656/4332/3693 3601/4287/3656 3606/4313/3678 3659/4333/3694
f 3641/4249/3626 3599/4248/3625 3577/4301/3666 3586/4297/3662
f 3654/4334/3695 3623/4335/3696 3629/4336/3697 3661/4337/3698
f 3627/4338/3699 3624/4339/3700 3625/4340/3701 3628/4341/3702
f 3621/4342/3703 3584/4343/3704 3618/4344/3705 3653/4345/3706
f 3583/4346/3707 3582/4327/3690 3615/4326/3689 3620/4347/3708
f 3623/4335/3696 3584/4348/3709 3616/4349/3710 3656/4332/3693
f 3663/4350/3711 3652/4351/3711 3621/4352/3712 3633/4353/3713
f 3662/4354/3714 3651/4355/3714 3589/4270/3643 3611/4269/3643
f 3617/4356/3715 3651/4357/3716 3619/4358/3717 3581/4359/3718
f 3594/4267/3641 3585/4266/3641 3616/4360/3719 3652/4361/3720
f 3580/4281/3651 3589/4280/3651 3651/4357/3716 3617/4356/3715
f 3631/4362/3721 3615/4363/3722 3650/4321/3684 3664/4320/3683
f 3616/4360/3719 3584/4343/3704 3621/4342/3703 3652/4361/3720
f 3612/4284/3654 3594/4285/3654 3652/4351/3711 3663/4350/3711
f 3632/4323/3686 3619/4322/3685 3651/4355/3714 3662/4354/3714
f 3618/4364/3705 3583/4346/3707 3620/4347/3708 3653/4365/3706
f 3633/4353/3713 3621/4352/3712 3653/4317/3680 3665/4316/3679
f 3665/4366/3723 3630/4367/3724 3631/4368/3724 3664/4369/3723
f 3581/4359/3718 3619/4358/3717 3650/4370/3688 3614/4371/3687
f 3657/4253/3630 3614/4308/3673 3582/4372/3725 3624/4339/3700
f 3624/4339/3700 3582/4372/3725 3583/4373/3726 3625/4340/3701
f 3623/4335/3696 3656/4332/3693 3659/4333/3694 3629/4336/3697
f 3656/4332/3693 3616/4349/3710 3585/4288/3657 3601/4287/3656
f 3598/4241/3618 3580/4305/3670 3617/4374/3727 3655/4311/3676
f 3655/4311/3676 3617/4374/3727 3581/4307/3672 3622/4252/3629
f 3625/4340/3701 3583/4373/3726 3618/4375/3728 3654/4334/3695
f 3654/4334/3695 3618/4375/3728 3584/4348/3709 3623/4335/3696
f 3657/4253/3630 3624/4339/3700 3627/4338/3699 3658/4254/3631
f 3625/4340/3701 3654/4334/3695 3661/4337/3698 3628/4341/3702
f 3655/4311/3676 3622/4252/3629 3626/4255/3632 3660/4312/3677
f 3630/4319/3682 3620/4318/3681 3615/4363/3722 3631/4362/3721
f 3666/4376/3729 3667/4377/3730 3604/4378/3731 3603/4379/3732
f 3663/4331/3692 3662/4330/3692 3611/4315/2916 3612/4314/2916
f 3665/4366/3723 3664/4369/3723 3632/4329/3691 3633/4328/3691
f 3642/4380/3733 3602/4381/3734 3666/4376/3729 3603/4379/3732
f 3602/4381/3734 3644/4382/3735 3668/4383/3736 3666/4376/3729
f 3644/4382/3735 3607/4384/3737 3670/4385/3738 3668/4383/3736
f 3607/4384/3737 3660/4386/3739 3672/4387/3740 3670/4385/3738
f 3660/4386/3739 3626/4388/3741 3674/4389/3742 3672/4387/3740
f 3626/4388/3741 3658/4390/3743 3627/4391/3744 3674/4389/3742
f 3668/4383/3736 3669/4392/3745 3667/4377/3730 3666/4376/3729
f 3670/4385/3738 3671/4393/3746 3669/4392/3745 3668/4383/3736
f 3672/4387/3740 3673/4394/3747 3671/4393/3746 3670/4385/3738
f 3674/4389/3742 3675/4395/3748 3673/4394/3747 3672/4387/3740
f 3627/4391/3744 3628/4396/3749 3675/4395/3748 3674/4389/3742
f 3641/4249/3626 3596/4296/3661 3602/4309/3674 3642/4250/3627
f 3604/4378/3731 3667/4377/3730 3605/4397/3750 3645/4398/3751
f 3667/4377/3730 3669/4392/3745 3643/4399/3752 3605/4397/3750
f 3669/4392/3745 3671/4393/3746 3606/4400/3753 3643/4399/3752
f 3671/4393/3746 3673/4394/3747 3659/4401/3754 3606/4400/3753
f 3673/4394/3747 3675/4395/3748 3629/4402/3755 3659/4401/3754
f 3675/4395/3748 3628/4396/3749 3661/4403/3756 3629/4402/3755
f 3676/4404/3757 3677/4405/3758 3681/4406/3759 3680/4407/3760
f 3677/4405/3758 3678/4408/3761 3682/4409/3762 3681/4406/3759
f 3678/4408/3761 3679/4410/3763 3683/4411/3764 3682/4409/3762
f 3679/4410/3763 3708/4412/3765 3716/4413/3766 3683/4411/3764
f 3680/4407/3760 3681/4406/3759 3685/4414/3767 3684/4415/3768
f 3681/4406/3759 3682/4409/3762 3686/4416/3769 3685/4414/3767
f 3682/4409/3762 3683/4411/3764 3687/4417/3770 3686/4416/3769
f 3683/4411/3764 3716/4413/3766 3724/4418/3771 3687/4417/3770
f 3684/4415/3768 3685/4414/3767 3689/4419/3772 3688/4420/3773
f 3685/4414/3767 3686/4416/3769 3690/4421/3774 3689/4419/3772
f 3686/4416/3769 3687/4417/3770 3691/4422/3775 3690/4421/3774
f 3687/4417/3770 3724/4418/3771 3732/4423/3776 3691/4422/3775
f 3688/4420/3773 3689/4419/3772 3693/4424/3777 3692/4425/3778
f 3689/4419/3772 3690/4421/3774 3694/4426/3779 3693/4424/3777
f 3690/4421/3774 3691/4422/3775 3695/4427/3780 3694/4426/3779
f 3691/4422/3775 3732/4423/3776 3740/4428/3781 3695/4427/3780
f 3692/4425/3778 3693/4424/3777 3697/4429/3782 3696/4430/3783
f 3693/4424/3777 3694/4426/3779 3698/4431/3784 3697/4429/3782
f 3694/4426/3779 3695/4427/3780 3699/4432/3785 3698/4431/3784
f 3695/4427/3780 3740/4428/3781 3748/4433/3786 3699/4432/3785
f 3696/4430/3783 3697/4429/3782 3701/4434/3787 3700/4435/3788
f 3697/4429/3782 3698/4431/3784 3702/4436/3789 3701/4434/3787
f 3698/4431/3784 3699/4432/3785 3703/4437/3790 3702/4436/3789
f 3699/4432/3785 3748/4433/3786 3756/4438/3791 3703/4437/3790
f 3700/4435/3788 3701/4434/3787 3705/4439/3792 3704/4440/3793
f 3701/4434/3787 3702/4436/3789 3706/4441/3794 3705/4439/3792
f 3702/4436/3789 3703/4437/3790 3707/4442/3795 3706/4441/3794
f 3703/4437/3790 3756/4438/3791 3764/4443/3796 3707/4442/3795
f 3704/4440/3793 3705/4439/3792 3857/4444/3797 3848/4445/3798
f 3705/4439/3792 3706/4441/3794 3866/4446/3799 3857/4444/3797
f 3706/4441/3794 3707/4442/3795 3875/4447/3800 3866/4446/3799
f 3707/4442/3795 3764/4443/3796 3884/4448/3801 3875/4447/3800
f 3708/4412/3765 3709/4449/3802 3717/4450/3803 3716/4413/3766
f 3709/4449/3802 3710/4451/3804 3718/4452/3805 3717/4450/3803
f 3710/4451/3804 3711/4453/3806 3719/4454/3807 3718/4452/3805
f 3711/4453/3806 3712/4455/3808 3720/4456/3809 3719/4454/3807
f 3712/4455/3808 3713/4457/3810 3721/4458/3811 3720/4456/3809
f 3713/4457/3810 3714/4459/3812 3722/4460/3813 3721/4458/3811
f 3714/4459/3812 3715/4461/3814 3723/4462/3815 3722/4460/3813
f 3715/4461/3814 3772/4463/3816 3777/4464/3817 3723/4462/3815
f 3716/4413/3766 3717/4450/3803 3725/4465/3818 3724/4418/3771
f 3717/4450/3803 3718/4452/3805 3726/4466/3819 3725/4465/3818
f 3718/4452/3805 3719/4454/3807 3727/4467/3820 3726/4466/3819
f 3719/4454/3807 3720/4456/3809 3728/4468/3821 3727/4467/3820
f 3720/4456/3809 3721/4458/3811 3729/4469/3822 3728/4468/3821
f 3721/4458/3811 3722/4460/3813 3730/4470/3823 3729/4469/3822
f 3722/4460/3813 3723/4462/3815 3731/4471/3824 3730/4470/3823
f 3723/4462/3815 3777/4464/3817 3782/4472/3825 3731/4471/3824
f 3724/4418/3771 3725/4465/3818 3733/4473/3826 3732/4423/3776
f 3725/4465/3818 3726/4466/3819 3734/4474/3827 3733/4473/3826
f 3726/4466/3819 3727/4467/3820 3735/4475/3828 3734/4474/3827
f 3727/4467/3820 3728/4468/3821 3736/4476/3829 3735/4475/3828
f 3728/4468/3821 3729/4469/3822 3737/4477/3830 3736/4476/3829
f 3729/4469/3822 3730/4470/3823 3738/4478/3831 3737/4477/3830
f 3730/4470/3823 3731/4471/3824 3739/4479/3832 3738/4478/3831
f 3731/4471/3824 3782/4472/3825 3787/4480/3833 3739/4479/3832
f 3732/4423/3776 3733/4473/3826 3741/4481/3834 3740/4428/3781
f 3733/4473/3826 3734/4474/3827 3742/4482/3835 3741/4481/3834
f 3734/4474/3827 3735/4475/3828 3743/4483/3836 3742/4482/3835
f 3735/4475/3828 3736/4476/3829 3744/4484/3837 3743/4483/3836
f 3736/4476/3829 3737/4477/3830 3745/4485/3838 3744/4484/3837
f 3737/4477/3830 3738/4478/3831 3746/4486/3839 3745/4485/3838
f 3738/4478/3831 3739/4479/3832 3747/4487/3840 3746/4486/3839
f 3739/4479/3832 3787/4480/3833 3792/4488/3841 3747/4487/3840
f 3740/4428/3781 3741/4481/3834 3749/4489/3842 3748/4433/3786
f 3741/4481/3834 3742/4482/3835 3750/4490/3843 3749/4489/3842
f 3742/4482/3835 3743/4483/3836 3751/4491/3844 3750/4490/3843
f 3743/4483/3836 3744/4484/3837 3752/4492/3845 3751/4491/3844
f 3744/4484/3837 3745/4485/3838 3753/4493/3846 3752/4492/3845
f 3745/4485/3838 3746/4486/3839 3754/4494/3847 3753/4493/3846
f 3746/4486/3839 3747/4487/3840 3755/4495/3848 3754/4494/3847
f 3747/4487/3840 3792/4488/3841 3797/4496/3849 3755/4495/3848
f 3748/4433/3786 3749/4489/3842 3757/4497/3850 3756/4438/3791
f 3749/4489/3842 3750/4490/3843 3758/4498/3851 3757/4497/3850
f 3750/4490/3843 3751/4491/3844 3759/4499/3852 3758/4498/3851
f 3751/4491/3844 3752/4492/3845 3760/4500/3853 3759/4499/3852
f 3752/4492/3845 3753/4493/3846 3761/4501/3854 3760/4500/3853
f 3753/4493/3846 3754/4494/3847 3762/4502/3855 3761/4501/3854
f 3754/4494/3847 3755/4495/3848 3763/4503/3856 3762/4502/3855
f 3755/4495/3848 3797/4496/3849 3802/4504/3857 3763/4503/3856
f 3756/4438/3791 3757/4497/3850 3765/4505/3858 3764/4443/3796
f 3757/4497/3850 3758/4498/3851 3766/4506/3859 3765/4505/3858
f 3758/4498/3851 3759/4499/3852 3767/4507/3860 3766/4506/3859
f 3759/4499/3852 3760/4500/3853 3768/4508/3861 3767/4507/3860
f 3760/4500/3853 3761/4501/3854 3769/4509/3862 3768/4508/3861
f 3761/4501/3854 3762/4502/3855 3770/4510/3863 3769/4509/3862
f 3762/4502/3855 3763/4503/3856 3771/4511/3864 3770/4510/3863
f 3763/4503/3856 3802/4504/3857 3807/4512/3865 3771/4511/3864
f 3764/4443/3796 3765/4505/3858 3883/4513/3866 3884/4448/3801
f 3765/4505/3858 3766/4506/3859 3882/4514/3867 3883/4513/3866
f 3766/4506/3859 3767/4507/3860 3881/4515/3868 3882/4514/3867
f 3767/4507/3860 3768/4508/3861 3880/4516/3869 3881/4515/3868
f 3768/4508/3861 3769/4509/3862 3879/4517/3870 3880/4516/3869
f 3769/4509/3862 3770/4510/3863 3878/4518/3871 3879/4517/3870
f 3770/4510/3863 3771/4511/3864 3877/4519/3872 3878/4518/3871
f 3771/4511/3864 3807/4512/3865 3876/4520/3873 3877/4519/3872
f 3772/4463/3816 3773/4521/3874 3778/4522/3875 3777/4464/3817
f 3773/4521/3874 3774/4523/3876 3779/4524/3877 3778/4522/3875
f 3774/4523/3876 3775/4525/3878 3780/4526/3879 3779/4524/3877
f 3775/4525/3878 3776/4527/3880 3781/4528/3881 3780/4526/3879
f 3777/4464/3817 3778/4522/3875 3783/4529/3882 3782/4472/3825
f 3778/4522/3875 3779/4524/3877 3784/4530/3883 3783/4529/3882
f 3779/4524/3877 3780/4526/3879 3785/4531/3884 3784/4530/3883
f 3780/4526/3879 3781/4528/3881 3786/4532/3885 3785/4531/3884
f 3782/4472/3825 3783/4529/3882 3788/4533/3886 3787/4480/3833
f 3783/4529/3882 3784/4530/3883 3789/4534/3887 3788/4533/3886
f 3784/4530/3883 3785/4531/3884 3790/4535/3888 3789/4534/3887
f 3785/4531/3884 3786/4532/3885 3791/4536/3889 3790/4535/3888
f 3787/4480/3833 3788/4533/3886 3793/4537/3890 3792/4488/3841
f 3788/4533/3886 3789/4534/3887 3794/4538/3891 3793/4537/3890
f 3789/4534/3887 3790/4535/3888 3795/4539/3892 3794/4538/3891
f 3790/4535/3888 3791/4536/3889 3796/4540/3893 3795/4539/3892
f 3792/4488/3841 3793/4537/3890 3798/4541/3894 3797/4496/3849
f 3793/4537/3890 3794/4538/3891 3799/4542/3895 3798/4541/3894
f 3794/4538/3891 3795/4539/3892 3800/4543/3896 3799/4542/3895
f 3795/4539/3892 3796/4540/3893 3801/4544/3897 3800/4543/3896
f 3797/4496/3849 3798/4541/3894 3803/4545/3898 3802/4504/3857
f 3798/4541/3894 3799/4542/3895 3804/4546/3899 3803/4545/3898
f 3799/4542/3895 3800/4543/3896 3805/4547/3900 3804/4546/3899
f 3800/4543/3896 3801/4544/3897 3806/4548/3901 3805/4547/3900
f 3802/4504/3857 3803/4545/3898 3808/4549/3902 3807/4512/3865
f 3803/4545/3898 3804/4546/3899 3809/4550/3903 3808/4549/3902
f 3804/4546/3899 3805/4547/3900 3810/4551/3904 3809/4550/3903
f 3805/4547/3900 3806/4548/3901 3811/4552/3905 3810/4551/3904
f 3807/4512/3865 3808/4549/3902 3867/4553/3906 3876/4520/3873
f 3808/4549/3902 3809/4550/3903 3858/4554/3907 3867/4553/3906
f 3809/4550/3903 3810/4551/3904 3849/4555/3908 3858/4554/3907
f 3810/4551/3904 3811/4552/3905 3840/4556/3909 3849/4555/3908
f 3772/4463/3816 3715/4461/3814 3812/4557/3910 3773/4521/3874
f 3715/4461/3814 3714/4459/3812 3813/4558/3911 3812/4557/3910
f 3714/4459/3812 3713/4457/3810 3814/4559/3912 3813/4558/3911
f 3713/4457/3810 3712/4455/3808 3815/4560/3913 3814/4559/3912
f 3712/4455/3808 3711/4453/3806 3816/4561/3914 3815/4560/3913
f 3711/4453/3806 3710/4451/3804 3817/4562/3915 3816/4561/3914
f 3710/4451/3804 3709/4449/3802 3818/4563/3916 3817/4562/3915
f 3709/4449/3802 3708/4412/3765 3679/4410/3763 3818/4563/3916
f 3773/4521/3874 3812/4557/3910 3819/4564/3917 3774/4523/3876
f 3812/4557/3910 3813/4558/3911 3820/4565/3918 3819/4564/3917
f 3813/4558/3911 3814/4559/3912 3821/4566/3919 3820/4565/3918
f 3814/4559/3912 3815/4560/3913 3822/4567/3920 3821/4566/3919
f 3815/4560/3913 3816/4561/3914 3823/4568/3921 3822/4567/3920
f 3816/4561/3914 3817/4562/3915 3824/4569/3922 3823/4568/3921
f 3817/4562/3915 3818/4563/3916 3825/4570/3923 3824/4569/3922
f 3818/4563/3916 3679/4410/3763 3678/4408/3761 3825/4570/3923
f 3774/4523/3876 3819/4564/3917 3826/4571/3924 3775/4525/3878
f 3819/4564/3917 3820/4565/3918 3827/4572/3925 3826/4571/3924
f 3820/4565/3918 3821/4566/3919 3828/4573/3926 3827/4572/3925
f 3821/4566/3919 3822/4567/3920 3829/4574/3927 3828/4573/3926
f 3822/4567/3920 3823/4568/3921 3830/4575/3928 3829/4574/3927
f 3823/4568/3921 3824/4569/3922 3831/4576/3929 3830/4575/3928
f 3824/4569/3922 3825/4570/3923 3832/4577/3930 3831/4576/3929
f 3825/4570/3923 3678/4408/3761 3677/4405/3758 3832/4577/3930
f 3775/4525/3878 3826/4571/3924 3833/4578/3931 3776/4527/3880
f 3826/4571/3924 3827/4572/3925 3834/4579/3932 3833/4578/3931
f 3827/4572/3925 3828/4573/3926 3835/4580/3933 3834/4579/3932
f 3828/4573/3926 3829/4574/3927 3836/4581/3934 3835/4580/3933
f 3829/4574/3927 3830/4575/3928 3837/4582/3935 3836/4581/3934
f 3830/4575/3928 3831/4576/3929 3838/4583/3936 3837/4582/3935
f 3831/4576/3929 3832/4577/3930 3839/4584/3937 3838/4583/3936
f 3832/4577/3930 3677/4405/3758 3676/4404/3757 3839/4584/3937
f 3840/4556/3909 3841/4585/3938 3850/4586/3939 3849/4555/3908
f 3841/4585/3938 3842/4587/3940 3851/4588/3941 3850/4586/3939
f 3842/4587/3940 3843/4589/3942 3852/4590/3943 3851/4588/3941
f 3843/4589/3942 3844/4591/3944 3853/4592/3945 3852/4590/3943
f 3844/4591/3944 3845/4593/3946 3854/4594/3947 3853/4592/3945
f 3845/4593/3946 3846/4595/3948 3855/4596/3949 3854/4594/3947
f 3846/4595/3948 3847/4597/3950 3856/4598/3951 3855/4596/3949
f 3847/4597/3950 3848/4445/3798 3857/4444/3797 3856/4598/3951
f 3849/4555/3908 3850/4586/3939 3859/4599/3952 3858/4554/3907
f 3850/4586/3939 3851/4588/3941 3860/4600/3953 3859/4599/3952
f 3851/4588/3941 3852/4590/3943 3861/4601/3954 3860/4600/3953
f 3852/4590/3943 3853/4592/3945 3862/4602/3955 3861/4601/3954
f 3853/4592/3945 3854/4594/3947 3863/4603/3956 3862/4602/3955
f 3854/4594/3947 3855/4596/3949 3864/4604/3957 3863/4603/3956
f 3855/4596/3949 3856/4598/3951 3865/4605/3958 3864/4604/3957
f 3856/4598/3951 3857/4444/3797 3866/4446/3799 3865/4605/3958
f 3858/4554/3907 3859/4599/3952 3868/4606/3959 3867/4553/3906
f 3859/4599/3952 3860/4600/3953 3869/4607/3960 3868/4606/3959
f 3860/4600/3953 3861/4601/3954 3870/4608/3961 3869/4607/3960
f 3861/4601/3954 3862/4602/3955 3871/4609/3962 3870/4608/3961
f 3862/4602/3955 3863/4603/3956 3872/4610/3963 3871/4609/3962
f 3863/4603/3956 3864/4604/3957 3873/4611/3964 3872/4610/3963
f 3864/4604/3957 3865/4605/3958 3874/4612/3965 3873/4611/3964
f 3865/4605/3958 3866/4446/3799 3875/4447/3800 3874/4612/3965
f 3867/4553/3906 3868/4606/3959 3877/4519/3872 3876/4520/3873
f 3868/4606/3959 3869/4607/3960 3878/4518/3871 3877/4519/3872
f 3869/4607/3960 3870/4608/3961 3879/4517/3870 3878/4518/3871
f 3870/4608/3961 3871/4609/3962 3880/4516/3869 3879/4517/3870
f 3871/4609/3962 3872/4610/3963 3881/4515/3868 3880/4516/3869
f 3872/4610/3963 3873/4611/3964 3882/4514/3867 3881/4515/3868
f 3873/4611/3964 3874/4612/3965 3883/4513/3866 3882/4514/3867
f 3874/4612/3965 3875/4447/3800 3884/4448/3801 3883/4513/3866
f 3970/4613/3966 3927/4614/3967 3896/4615/3968 3940/4616/3968
f 3940/4616/3968 3896/4615/3968 3928/4617/3969 3972/4618/3969
f 3972/4618/3969 3928/4617/3969 3897/4619/3970 3938/4620/3970
f 3938/4620/3970 3897/4619/3970 3929/4621/3971 3967/4622/3971
f 3967/4622/3971 3929/4621/3971 3898/4623/3972 3937/4624/3972
f 3937/4624/3972 3898/4623/3972 3930/4625/3973 3971/4626/3973
f 3935/4627/3974 3895/4628/3974 3927/4614/3967 3970/4613/3966
f 3971/4626/3973 3930/4625/3973 3899/4629/3975 3934/4630/3975
f 3934/4630/3975 3899/4629/3975 3931/4631/3976 3965/4632/3976
f 3965/4632/3976 3931/4631/3976 3900/4633/3977 3933/4634/3977
f 3933/4634/3977 3900/4633/3977 3932/4635/3978 3968/4636/3978
f 3968/4636/3978 3932/4635/3978 3893/4637/3979 3939/4638/3979
f 3936/4639/3980 3894/4640/3980 3926/4641/3981 3966/4642/3981
f 3921/4643/2922 3960/4644/2922 3975/4645/2923 3890/4646/2923
f 3889/4647/2921 3976/4648/2921 3960/4644/2922 3921/4643/2922
f 3922/4649/2924 3959/4650/2924 3974/4651/2925 3891/4652/2925
f 3924/4653/2915 3957/4654/2915 3980/4655/2916 3885/4656/2916
f 3917/4657/2930 3964/4658/2930 3979/4659/2928 3886/4660/2928
f 3890/4646/2923 3975/4645/2923 3959/4650/2924 3922/4649/2924
f 3923/4661/2926 3958/4662/2926 3973/4663/2927 3892/4664/2927
f 3886/4660/2928 3979/4659/2928 3963/4665/2929 3918/4666/2929
f 3891/4667/2925 3974/4668/2925 3958/4662/2926 3923/4661/2926
f 3885/4656/2916 3980/4655/2916 3964/4658/2930 3917/4657/2930
f 3918/4666/2929 3963/4665/2929 3978/4669/2917 3887/4670/2917
f 3892/4664/2927 3973/4663/2927 3957/4654/2915 3924/4653/2915
f 3888/4671/2919 3977/4672/2919 3961/4673/2920 3920/4674/2920
f 3920/4674/2920 3961/4673/2920 3976/4648/2921 3889/4647/2921
f 3919/4675/2918 3962/4676/2918 3977/4672/2919 3888/4671/2919
f 3887/4670/2917 3978/4669/2917 3962/4676/2918 3919/4675/2918
f 3976/4677/3982 3961/4678/3983 3972/4679/3983 3938/4680/3982
f 3966/4642/3981 3926/4641/3981 3895/4628/3974 3935/4627/3974
f 3969/4681/3984 3925/4682/3984 3894/4640/3980 3936/4639/3980
f 3974/4683/3985 3959/4684/3986 3971/4685/3986 3934/4686/3985
f 3959/4684/3986 3975/4687/3987 3937/4688/3987 3971/4685/3986
f 3977/4689/3988 3962/4690/3989 3970/4691/3989 3940/4692/3988
f 3962/4690/3989 3978/4693/3990 3935/4694/3990 3970/4691/3989
f 3979/4695/3991 3964/4696/3992 3969/4697/3992 3936/4698/3991
f 3964/4696/3992 3980/4699/3993 3939/4700/3993 3969/4697/3992
f 3980/4699/3993 3957/4701/3994 3968/4702/3994 3939/4700/3993
f 3957/4701/3994 3973/4703/3995 3933/4704/3995 3968/4702/3994
f 3975/4687/3987 3960/4705/3996 3967/4706/3996 3937/4688/3987
f 3960/4705/3996 3976/4677/3982 3938/4680/3982 3967/4706/3996
f 3978/4693/3990 3963/4707/3997 3966/4708/3997 3935/4694/3990
f 3963/4707/3997 3979/4695/3991 3936/4698/3991 3966/4708/3997
f 3973/4703/3995 3958/4709/3998 3965/4710/3998 3933/4704/3995
f 3958/4709/3998 3974/4683/3985 3934/4686/3985 3965/4710/3998
f 3909/4711/3999 3949/4712/4000 3941/4713/4001 3901/4714/4002
f 3942/4715/4003 3955/4716/4004 3911/4717/4005 3903/4718/4005
f 3910/4719/4006 3955/4716/4004 3942/4715/4003 3902/4720/4006
f 3943/4721/4007 3950/4722/4008 3912/4723/4009 3904/4724/4009
f 3911/4717/4005 3950/4722/4008 3943/4721/4007 3903/4718/4005
f 3944/4725/4010 3951/4726/4010 3913/4727/4011 3905/4728/4012
f 3912/4723/4009 3951/4726/4010 3944/4725/4010 3904/4724/4009
f 3945/4729/4013 3952/4730/4014 3914/4731/4015 3906/4732/4016
f 3913/4727/4011 3952/4730/4014 3945/4729/4013 3905/4728/4012
f 3914/4731/4015 3953/4733/4017 3947/4734/4018 3906/4732/4016
f 3948/4735/4019 3956/4736/4020 3916/4737/4021 3908/4738/4022
f 3946/4739/4023 3954/4740/4024 3909/4711/3999 3901/4714/4002
f 3916/4737/4021 3954/4740/4024 3946/4739/4023 3908/4738/4022
f 3900/4741/4025 3931/4742/4026 3948/4743/4027 3908/4744/4028
f 3906/4745/4029 3898/4746/4030 3929/4747/4031 3945/4748/4032
f 3931/4742/4026 3899/4749/4033 3907/4750/4033 3948/4743/4027
f 3902/4751/4034 3894/4752/4034 3925/4753/4035 3941/4754/4035
f 3930/4755/4036 3898/4746/4030 3906/4745/4029 3947/4756/4037
f 3895/4757/4038 3926/4758/4039 3942/4759/4039 3903/4760/4038
f 3932/4761/4040 3900/4741/4025 3908/4744/4028 3946/4762/4041
f 3907/4763/4033 3899/4764/4033 3930/4755/4036 3947/4756/4037
f 3927/4765/4042 3895/4757/4038 3903/4760/4038 3943/4766/4042
f 3926/4758/4039 3894/4752/4034 3902/4751/4034 3942/4759/4039
f 3905/4767/4043 3897/4768/4043 3928/4769/4044 3944/4770/4044
f 3928/4769/4044 3896/4771/4045 3904/4772/4045 3944/4770/4044
f 3904/4772/4045 3896/4771/4045 3927/4765/4042 3943/4766/4042
f 3929/4747/4031 3897/4768/4043 3905/4767/4043 3945/4748/4032
f 3947/4734/4018 3953/4733/4017 3915/4773/4046 3907/4774/4046
f 3915/4773/4046 3956/4736/4020 3948/4735/4019 3907/4774/4046
f 3941/4713/4001 3949/4712/4000 3910/4719/4006 3902/4720/4006
f 3893/4775/4047 3932/4761/4040 3946/4762/4041 3901/4776/4047
f 3925/4753/4035 3893/4775/4047 3901/4776/4047 3941/4754/4035
f 3910/4777/4048 3949/4778/4048 3909/4779/4048 3954/4780/4048 3916/4781/4048 3956/4782/4048 3915/4783/4048 3953/4784/4048 3914/4785/4048 3952/4786/4048 3913/4787/4048 3951/4788/4048 3912/4789/4048 3950/4790/4048 3911/4791/4048 3955/4792/4048
f 3961/4678/3983 3977/4689/3988 3940/4692/3988 3972/4679/3983
f 3939/4638/3979 3893/4637/3979 3925/4682/3984 3969/4681/3984
f 4066/4613/4049 4023/4614/4049 3992/4615/4050 4036/4616/4050
f 4036/4616/4050 3992/4615/4050 4024/4617/4051 4068/4618/4051
f 4068/4618/4051 4024/4617/4051 3993/4619/4052 4034/4620/4052
f 4034/4620/4052 3993/4619/4052 4025/4621/4053 4063/4622/4054
f 4063/4622/4054 4025/4621/4053 3994/4623/4055 4033/4624/4055
f 4033/4624/4055 3994/4623/4055 4026/4625/4056 4067/4626/4057
f 4031/4627/4058 3991/4628/4058 4023/4614/4049 4066/4613/4049
f 4067/4626/4057 4026/4625/4056 3995/4629/4059 4030/4630/4059
f 4030/4630/4059 3995/4629/4059 4027/4631/4060 4061/4632/4060
f 4061/4632/4060 4027/4631/4060 3996/4633/4061 4029/4634/4061
f 4029/4634/4061 3996/4633/4061 4028/4635/4062 4064/4636/4062
f 4064/4636/4062 4028/4635/4062 3989/4637/4063 4035/4638/4063
f 4032/4639/4064 3990/4640/4064 4022/4641/4065 4062/4642/4065
f 4017/4643/2915 4056/4644/2915 4071/4645/2927 3986/4646/2927
f 3985/4647/2916 4072/4648/2916 4056/4644/2915 4017/4643/2915
f 4018/4649/2926 4055/4650/2926 4070/4651/2925 3987/4652/2925
f 4020/4653/2922 4053/4654/2922 4076/4655/2921 3981/4656/2921
f 4013/4657/2920 4060/4658/2920 4075/4659/2919 3982/4660/2919
f 3986/4646/2927 4071/4645/2927 4055/4650/2926 4018/4649/2926
f 4019/4661/2924 4054/4662/2924 4069/4663/2923 3988/4664/2923
f 3982/4660/2919 4075/4659/2919 4059/4665/2918 4014/4666/2918
f 3987/4667/2925 4070/4668/2925 4054/4662/2924 4019/4661/2924
f 3981/4656/2921 4076/4655/2921 4060/4658/2920 4013/4657/2920
f 4014/4666/2918 4059/4665/2918 4074/4669/2917 3983/4670/2917
f 3988/4664/2923 4069/4663/2923 4053/4654/2922 4020/4653/2922
f 3984/4671/2928 4073/4672/2928 4057/4673/2930 4016/4674/2930
f 4016/4674/2930 4057/4673/2930 4072/4648/2916 3985/4647/2916
f 4015/4675/2929 4058/4676/2929 4073/4672/2928 3984/4671/2928
f 3983/4670/2917 4074/4669/2917 4058/4676/2929 4015/4675/2929
f 4072/4677/4066 4057/4678/4067 4068/4679/4067 4034/4680/4066
f 4062/4642/4065 4022/4641/4065 3991/4628/4058 4031/4627/4058
f 4065/4681/4068 4021/4682/4068 3990/4640/4064 4032/4639/4064
f 4070/4683/4069 4055/4684/4070 4067/4685/4070 4030/4686/4069
f 4055/4684/4070 4071/4687/4071 4033/4688/4071 4067/4685/4070
f 4073/4689/4072 4058/4690/4073 4066/4691/4073 4036/4692/4072
f 4058/4690/4073 4074/4693/4074 4031/4694/4074 4066/4691/4073
f 4075/4695/4075 4060/4696/4076 4065/4697/4076 4032/4698/4075
f 4060/4696/4076 4076/4699/4077 4035/4700/4077 4065/4697/4076
f 4076/4699/4077 4053/4701/4078 4064/4702/4078 4035/4700/4077
f 4053/4701/4078 4069/4703/4079 4029/4704/4079 4064/4702/4078
f 4071/4687/4071 4056/4705/4080 4063/4706/4080 4033/4688/4071
f 4056/4705/4080 4072/4677/4066 4034/4680/4066 4063/4706/4080
f 4074/4693/4074 4059/4707/4081 4062/4708/4081 4031/4694/4074
f 4059/4707/4081 4075/4695/4075 4032/4698/4075 4062/4708/4081
f 4069/4703/4079 4054/4709/4082 4061/4710/4082 4029/4704/4079
f 4054/4709/4082 4070/4683/4069 4030/4686/4069 4061/4710/4082
f 4005/4711/4083 4045/4712/4084 4037/4713/4085 3997/4714/4086
f 4038/4715/4087 4051/4716/4088 4007/4717/4089 3999/4718/4089
f 4006/4719/4090 4051/4716/4088 4038/4715/4087 3998/4720/4090
f 4039/4721/4091 4046/4722/4092 4008/4723/4093 4000/4724/4093
f 4007/4717/4089 4046/4722/4092 4039/4721/4091 3999/4718/4089
f 4040/4725/4094 4047/4726/4094 4009/4727/4095 4001/4728/4096
f 4008/4723/4093 4047/4726/4094 4040/4725/4094 4000/4724/4093
f 4041/4729/4097 4048/4730/4098 4010/4731/4099 4002/4732/4100
f 4009/4727/4095 4048/4730/4098 4041/4729/4097 4001/4728/4096
f 4010/4731/4099 4049/4733/4101 4043/4734/4102 4002/4732/4100
f 4044/4735/4103 4052/4736/4104 4012/4737/4105 4004/4738/4106
f 4042/4739/4107 4050/4740/4108 4005/4711/4083 3997/4714/4086
f 4012/4737/4105 4050/4740/4108 4042/4739/4107 4004/4738/4106
f 3996/4741/4109 4027/4742/4110 4044/4743/4111 4004/4744/4112
f 4002/4745/4113 3994/4746/4114 4025/4747/4115 4041/4748/4116
f 4027/4742/4110 3995/4749/4117 4003/4750/4117 4044/4743/4111
f 3998/4751/4118 3990/4752/4118 4021/4753/4119 4037/4754/4119
f 4026/4755/4120 3994/4746/4114 4002/4745/4113 4043/4756/4121
f 3991/4757/4122 4022/4758/4123 4038/4759/4123 3999/4760/4122
f 4028/4761/4124 3996/4741/4109 4004/4744/4112 4042/4762/4125
f 4003/4763/4117 3995/4764/4117 4026/4755/4120 4043/4756/4121
f 4023/4765/4126 3991/4757/4122 3999/4760/4122 4039/4766/4126
f 4022/4758/4123 3990/4752/4118 3998/4751/4118 4038/4759/4123
f 4001/4767/4127 3993/4768/4127 4024/4769/4128 4040/4770/4128
f 4024/4769/4128 3992/4771/4129 4000/4772/4129 4040/4770/4128
f 4000/4772/4129 3992/4771/4129 4023/4765/4126 4039/4766/4126
f 4025/4747/4115 3993/4768/4127 4001/4767/4127 4041/4748/4116
f 4043/4734/4102 4049/4733/4101 4011/4773/4130 4003/4774/4131
f 4011/4773/4130 4052/4736/4104 4044/4735/4103 4003/4774/4131
f 4037/4713/4085 4045/4712/4084 4006/4719/4090 3998/4720/4090
f 3989/4775/4132 4028/4761/4124 4042/4762/4125 3997/4776/4132
f 4021/4753/4119 3989/4775/4132 3997/4776/4132 4037/4754/4119
f 4006/4777/4133 4045/4778/4133 4005/4779/4133 4050/4780/4133 4012/4781/4133 4052/4782/4133 4011/4783/4133 4049/4784/4133 4010/4785/4133 4048/4786/4133 4009/4787/4133 4047/4788/4133 4008/4789/4133 4046/4790/4133 4007/4791/4133 4051/4792/4133
f 4057/4678/4067 4073/4689/4072 4036/4692/4072 4068/4679/4067
f 4035/4638/4063 3989/4637/4063 4021/4682/4068 4065/4681/4068
f 4162/4613/4134 4132/4616/3972 4088/4615/3972 4119/4614/4135
f 4132/4616/3972 4164/4618/3971 4120/4617/3971 4088/4615/3972
f 4164/4618/3971 4130/4620/3970 4089/4619/3970 4120/4617/3971
f 4130/4620/3970 4159/4622/3969 4121/4621/3969 4089/4619/3970
f 4159/4622/3969 4129/4624/3968 4090/4623/3968 4121/4621/3969
f 4129/4624/3968 4163/4626/4136 4122/4625/4136 4090/4623/3968
f 4127/4627/4137 4162/4613/4134 4119/4614/4135 4087/4628/4137
f 4163/4626/4136 4126/4630/4138 4091/4629/4138 4122/4625/4136
f 4126/4630/4138 4157/4632/3981 4123/4631/3981 4091/4629/4138
f 4157/4632/3981 4125/4634/3980 4092/4633/3980 4123/4631/3981
f 4125/4634/3980 4160/4636/3984 4124/4635/3984 4092/4633/3980
f 4160/4636/3984 4131/4638/3979 4085/4637/3979 4124/4635/3984
f 4128/4639/3977 4158/4642/3976 4118/4641/3976 4086/4640/3977
f 4113/4643/2920 4082/4646/2919 4167/4645/2919 4152/4644/2920
f 4081/4647/2921 4113/4643/2920 4152/4644/2920 4168/4648/2921
f 4114/4649/2918 4083/4652/2917 4166/4651/2917 4151/4650/2918
f 4116/4653/2930 4077/4656/2916 4172/4655/2916 4149/4654/2930
f 4109/4657/2915 4078/4660/2927 4171/4659/2927 4156/4658/2915
f 4082/4646/2919 4114/4649/2918 4151/4650/2918 4167/4645/2919
f 4115/4661/2929 4084/4664/2928 4165/4663/2928 4150/4662/2929
f 4078/4660/2927 4110/4666/2926 4155/4665/2926 4171/4659/2927
f 4083/4667/2917 4115/4661/2929 4150/4662/2929 4166/4668/2917
f 4077/4656/2916 4109/4657/2915 4156/4658/2915 4172/4655/2916
f 4110/4666/2926 4079/4670/2925 4170/4669/2925 4155/4665/2926
f 4084/4664/2928 4116/4653/2930 4149/4654/2930 4165/4663/2928
f 4080/4671/2923 4112/4674/2922 4153/4673/2922 4169/4672/2923
f 4112/4674/2922 4081/4647/2921 4168/4648/2921 4153/4673/2922
f 4111/4675/2924 4080/4671/2923 4169/4672/2923 4154/4676/2924
f 4079/4670/2925 4111/4675/2924 4154/4676/2924 4170/4669/2925
f 4168/4677/3982 4130/4680/3982 4164/4679/3996 4153/4678/3996
f 4158/4642/3976 4127/4627/4137 4087/4628/4137 4118/4641/3976
f 4161/4681/3978 4128/4639/3977 4086/4640/3977 4117/4682/3978
f 4166/4683/3990 4126/4686/3990 4163/4685/3989 4151/4684/3989
f 4151/4684/3989 4163/4685/3989 4129/4688/3988 4167/4687/3988
f 4169/4689/3987 4132/4692/3987 4162/4691/3986 4154/4690/3986
f 4154/4690/3986 4162/4691/3986 4127/4694/3985 4170/4693/3985
f 4171/4695/3995 4128/4698/3995 4161/4697/3994 4156/4696/3994
f 4156/4696/3994 4161/4697/3994 4131/4700/3993 4172/4699/3993
f 4172/4699/3993 4131/4700/3993 4160/4702/3992 4149/4701/3992
f 4149/4701/3992 4160/4702/3992 4125/4704/3991 4165/4703/3991
f 4167/4687/3988 4129/4688/3988 4159/4706/3983 4152/4705/3983
f 4152/4705/3983 4159/4706/3983 4130/4680/3982 4168/4677/3982
f 4170/4693/3985 4127/4694/3985 4158/4708/3998 4155/4707/3998
f 4155/4707/3998 4158/4708/3998 4128/4698/3995 4171/4695/3995
f 4165/4703/3991 4125/4704/3991 4157/4710/3997 4150/4709/3997
f 4150/4709/3997 4157/4710/3997 4126/4686/3990 4166/4683/3990
f 4101/4711/4139 4093/4714/4140 4133/4713/4141 4141/4712/4142
f 4134/4715/4143 4095/4718/4144 4103/4717/4144 4147/4716/4145
f 4102/4719/4146 4094/4720/4146 4134/4715/4143 4147/4716/4145
f 4135/4721/4147 4096/4724/4148 4104/4723/4148 4142/4722/4149
f 4103/4717/4144 4095/4718/4144 4135/4721/4147 4142/4722/4149
f 4136/4725/4150 4097/4728/4151 4105/4727/4152 4143/4726/4150
f 4104/4723/4148 4096/4724/4148 4136/4725/4150 4143/4726/4150
f 4137/4729/4153 4098/4732/4154 4106/4731/4155 4144/4730/4156
f 4105/4727/4152 4097/4728/4151 4137/4729/4153 4144/4730/4156
f 4106/4731/4155 4098/4732/4154 4139/4734/4157 4145/4733/4158
f 4140/4735/4159 4100/4738/4160 4108/4737/4161 4148/4736/4162
f 4138/4739/4163 4093/4714/4140 4101/4711/4139 4146/4740/4164
f 4108/4737/4161 4100/4738/4160 4138/4739/4163 4146/4740/4164
f 4092/4741/4165 4100/4744/4166 4140/4743/4167 4123/4742/4168
f 4098/4745/4169 4137/4748/4170 4121/4747/4171 4090/4746/4172
f 4123/4742/4168 4140/4743/4167 4099/4750/4173 4091/4749/4173
f 4094/4751/4174 4133/4754/4175 4117/4753/4175 4086/4752/4174
f 4122/4755/4176 4139/4756/4177 4098/4745/4169 4090/4746/4172
f 4087/4757/4178 4095/4760/4178 4134/4759/4179 4118/4758/4179
f 4124/4761/4180 4138/4762/4181 4100/4744/4166 4092/4741/4165
f 4099/4763/4173 4139/4756/4177 4122/4755/4176 4091/4764/4173
f 4119/4765/4182 4135/4766/4182 4095/4760/4178 4087/4757/4178
f 4118/4758/4179 4134/4759/4179 4094/4751/4174 4086/4752/4174
f 4097/4767/4183 4136/4770/4184 4120/4769/4184 4089/4768/4183
f 4120/4769/4184 4136/4770/4184 4096/4772/4185 4088/4771/4185
f 4096/4772/4185 4135/4766/4182 4119/4765/4182 4088/4771/4185
f 4121/4747/4171 4137/4748/4170 4097/4767/4183 4089/4768/4183
f 4139/4734/4157 4099/4774/4186 4107/4773/4186 4145/4733/4158
f 4107/4773/4186 4099/4774/4186 4140/4735/4159 4148/4736/4162
f 4133/4713/4141 4094/4720/4146 4102/4719/4146 4141/4712/4142
f 4085/4775/4187 4093/4776/4187 4138/4762/4181 4124/4761/4180
f 4117/4753/4175 4133/4754/4175 4093/4776/4187 4085/4775/4187
f 4102/4777/4048 4147/4792/4048 4103/4791/4048 4142/4790/4048 4104/4789/4048 4143/4788/4048 4105/4787/4048 4144/4786/4048 4106/4785/4048 4145/4784/4048 4107/4783/4048 4148/4782/4048 4108/4781/4048 4146/4780/4048 4101/4779/4048 4141/4778/4048
f 4153/4678/3996 4164/4679/3996 4132/4692/3987 4169/4689/3987
f 4131/4638/3979 4161/4681/3978 4117/4682/3978 4085/4637/3979
f 4258/4613/4188 4228/4616/4055 4184/4615/4055 4215/4614/4189
f 4228/4616/4055 4260/4618/4053 4216/4617/4053 4184/4615/4055
f 4260/4618/4053 4226/4620/4052 4185/4619/4052 4216/4617/4053
f 4226/4620/4052 4255/4622/4190 4217/4621/4051 4185/4619/4052
f 4255/4622/4190 4225/4624/4050 4186/4623/4050 4217/4621/4051
f 4225/4624/4050 4259/4626/4191 4218/4625/4192 4186/4623/4050
f 4223/4627/4193 4258/4613/4188 4215/4614/4189 4183/4628/4193
f 4259/4626/4191 4222/4630/4194 4187/4629/4194 4218/4625/4192
f 4222/4630/4194 4253/4632/4065 4219/4631/4065 4187/4629/4194
f 4253/4632/4065 4221/4634/4064 4188/4633/4064 4219/4631/4065
f 4221/4634/4064 4256/4636/4068 4220/4635/4068 4188/4633/4064
f 4256/4636/4068 4227/4638/4063 4181/4637/4063 4220/4635/4068
f 4224/4639/4061 4254/4642/4060 4214/4641/4060 4182/4640/4061
f 4209/4643/2930 4178/4646/2928 4263/4645/2928 4248/4644/2930
f 4177/4647/2916 4209/4643/2930 4248/4644/2930 4264/4648/2916
f 4210/4649/2929 4179/4652/2917 4262/4651/2917 4247/4650/2929
f 4212/4653/2920 4173/4656/2921 4268/4655/2921 4245/4654/2920
f 4205/4657/2922 4174/4660/2923 4267/4659/2923 4252/4658/2922
f 4178/4646/2928 4210/4649/2929 4247/4650/2929 4263/4645/2928
f 4211/4661/2918 4180/4664/2919 4261/4663/2919 4246/4662/2918
f 4174/4660/2923 4206/4666/2924 4251/4665/2924 4267/4659/2923
f 4179/4667/2917 4211/4661/2918 4246/4662/2918 4262/4668/2917
f 4173/4656/2921 4205/4657/2922 4252/4658/2922 4268/4655/2921
f 4206/4666/2924 4175/4670/2925 4266/4669/2925 4251/4665/2924
f 4180/4664/2919 4212/4653/2920 4245/4654/2920 4261/4663/2919
f 4176/4671/2927 4208/4674/2915 4249/4673/2915 4265/4672/2927
f 4208/4674/2915 4177/4647/2916 4264/4648/2916 4249/4673/2915
f 4207/4675/2926 4176/4671/2927 4265/4672/2927 4250/4676/2926
f 4175/4670/2925 4207/4675/2926 4250/4676/2926 4266/4669/2925
f 4264/4677/4066 4226/4680/4066 4260/4679/4080 4249/4678/4080
f 4254/4642/4060 4223/4627/4193 4183/4628/4193 4214/4641/4060
f 4257/4681/4062 4224/4639/4061 4182/4640/4061 4213/4682/4062
f 4262/4683/4074 4222/4686/4074 4259/4685/4073 4247/4684/4073
f 4247/4684/4073 4259/4685/4073 4225/4688/4072 4263/4687/4072
f 4265/4689/4071 4228/4692/4071 4258/4691/4070 4250/4690/4070
f 4250/4690/4070 4258/4691/4070 4223/4694/4069 4266/4693/4069
f 4267/4695/4079 4224/4698/4079 4257/4697/4078 4252/4696/4078
f 4252/4696/4078 4257/4697/4078 4227/4700/4077 4268/4699/4077
f 4268/4699/4077 4227/4700/4077 4256/4702/4076 4245/4701/4076
f 4245/4701/4076 4256/4702/4076 4221/4704/4075 4261/4703/4075
f 4263/4687/4072 4225/4688/4072 4255/4706/4067 4248/4705/4067
f 4248/4705/4067 4255/4706/4067 4226/4680/4066 4264/4677/4066
f 4266/4693/4069 4223/4694/4069 4254/4708/4082 4251/4707/4082
f 4251/4707/4082 4254/4708/4082 4224/4698/4079 4267/4695/4079
f 4261/4703/4075 4221/4704/4075 4253/4710/4081 4246/4709/4081
f 4246/4709/4081 4253/4710/4081 4222/4686/4074 4262/4683/4074
f 4197/4711/4195 4189/4714/4196 4229/4713/4197 4237/4712/4198
f 4230/4715/4199 4191/4718/4200 4199/4717/4200 4243/4716/4201
f 4198/4719/4202 4190/4720/4202 4230/4715/4199 4243/4716/4201
f 4231/4721/4203 4192/4724/4204 4200/4723/4204 4238/4722/4205
f 4199/4717/4200 4191/4718/4200 4231/4721/4203 4238/4722/4205
f 4232/4725/4206 4193/4728/4207 4201/4727/4208 4239/4726/4206
f 4200/4723/4204 4192/4724/4204 4232/4725/4206 4239/4726/4206
f 4233/4729/4209 4194/4732/4210 4202/4731/4211 4240/4730/4212
f 4201/4727/4208 4193/4728/4207 4233/4729/4209 4240/4730/4212
f 4202/4731/4211 4194/4732/4210 4235/4734/4213 4241/4733/4214
f 4236/4735/4215 4196/4738/4216 4204/4737/4217 4244/4736/4218
f 4234/4739/4219 4189/4714/4196 4197/4711/4195 4242/4740/4220
f 4204/4737/4217 4196/4738/4216 4234/4739/4219 4242/4740/4220
f 4188/4741/4221 4196/4744/4222 4236/4743/4223 4219/4742/4224
f 4194/4745/4225 4233/4748/4226 4217/4747/4227 4186/4746/4228
f 4219/4742/4224 4236/4743/4223 4195/4750/4229 4187/4749/4229
f 4190/4751/4230 4229/4754/4231 4213/4753/4231 4182/4752/4230
f 4218/4755/4232 4235/4756/4233 4194/4745/4225 4186/4746/4228
f 4183/4757/4234 4191/4760/4234 4230/4759/4235 4214/4758/4235
f 4220/4761/4236 4234/4762/4237 4196/4744/4222 4188/4741/4221
f 4195/4763/4229 4235/4756/4233 4218/4755/4232 4187/4764/4229
f 4215/4765/4238 4231/4766/4238 4191/4760/4234 4183/4757/4234
f 4214/4758/4235 4230/4759/4235 4190/4751/4230 4182/4752/4230
f 4193/4767/4239 4232/4770/4240 4216/4769/4240 4185/4768/4239
f 4216/4769/4240 4232/4770/4240 4192/4772/4241 4184/4771/4241
f 4192/4772/4241 4231/4766/4238 4215/4765/4238 4184/4771/4241
f 4217/4747/4227 4233/4748/4226 4193/4767/4239 4185/4768/4239
f 4235/4734/4213 4195/4774/4242 4203/4773/4243 4241/4733/4214
f 4203/4773/4243 4195/4774/4242 4236/4735/4215 4244/4736/4218
f 4229/4713/4197 4190/4720/4202 4198/4719/4202 4237/4712/4198
f 4181/4775/4244 4189/4776/4244 4234/4762/4237 4220/4761/4236
f 4213/4753/4231 4229/4754/4231 4189/4776/4244 4181/4775/4244
f 4198/4777/4133 4243/4792/4133 4199/4791/4133 4238/4790/4133 4200/4789/4133 4239/4788/4133 4201/4787/4133 4240/4786/4133 4202/4785/4133 4241/4784/4133 4203/4783/4133 4244/4782/4133 4204/4781/4133 4242/4780/4133 4197/4779/4133 4237/4778/4133
f 4249/4678/4080 4260/4679/4080 4228/4692/4071 4265/4689/4071
f 4227/4638/4063 4257/4681/4062 4213/4682/4062 4181/4637/4063
o ToiletFlushHandle
v 2.788116 0.740593 -1.522944
v 2.789008 0.735779 -1.516436
v 2.788116 0.733781 -1.507860
v 2.788496 0.734554 -1.500907
v 2.783047 0.743225 -1.515733
v 2.782449 0.743079 -1.508269
v 2.782282 0.743719 -1.502772
v 2.790130 0.736511 -1.495142
v 2.802654 0.735995 -1.493915
v 2.788604 0.740695 -1.493780
v 2.802409 0.742376 -1.489658
v 2.788308 0.756681 -1.493516
v 2.802409 0.755813 -1.489658
v 2.803020 0.731731 -1.500286
v 2.803406 0.730387 -1.506993
v 2.803792 0.731732 -1.513703
v 2.802654 0.762194 -1.493915
v 2.803020 0.766458 -1.500286
v 2.803406 0.767802 -1.506993
v 2.803792 0.766457 -1.513703
v 2.790130 0.761678 -1.495142
v 2.788496 0.763635 -1.500907
v 2.788116 0.764409 -1.507860
v 2.789076 0.762773 -1.515939
v 2.788115 0.757571 -1.522936
v 2.787230 0.741629 -1.589634
v 2.787231 0.753097 -1.589658
v 2.804316 0.758197 -1.523458
v 2.783768 0.743250 -1.521989
v 2.786447 0.740292 -1.579428
v 2.786449 0.752975 -1.579481
v 2.801402 0.734069 -1.492057
v 2.801123 0.739450 -1.488506
v 2.801069 0.757693 -1.487815
v 2.801402 0.764121 -1.492057
v 2.801711 0.729249 -1.499335
v 2.802091 0.727727 -1.507068
v 2.802777 0.731239 -1.517232
v 2.803494 0.738863 -1.526567
v 2.801711 0.768941 -1.499335
v 2.802091 0.770463 -1.507068
v 2.802722 0.767526 -1.516520
v 2.803494 0.759299 -1.526557
v 2.784335 0.742873 -1.531194
v 2.784331 0.754060 -1.531128
v 2.783046 0.754964 -1.515726
v 2.782449 0.755111 -1.508269
v 2.782282 0.754470 -1.502772
v 2.783766 0.754904 -1.521945
v 2.805905 0.739302 -1.590330
v 2.805906 0.755613 -1.590336
v 2.805331 0.736708 -1.578469
v 2.805332 0.756564 -1.578485
v 2.803408 0.739288 -1.534628
v 2.803407 0.757645 -1.534606
v 2.804316 0.739992 -1.523458
v 2.782827 0.746396 -1.515628
v 2.782412 0.746327 -1.508308
v 2.787447 0.746274 -1.492748
v 2.782827 0.751597 -1.515625
v 2.782412 0.751662 -1.508308
v 2.787447 0.751711 -1.492748
v 2.800914 0.745940 -1.486098
v 2.800914 0.752021 -1.486098
v 2.806033 0.743848 -1.592998
v 2.806033 0.751084 -1.593000
v 2.805651 0.737249 -1.585021
v 2.804998 0.755267 -1.571674
v 2.783165 0.746398 -1.521073
v 2.783164 0.751561 -1.521049
v 2.804516 0.745694 -1.528174
v 2.804514 0.752204 -1.528144
v 2.804997 0.737264 -1.571664
v 2.805651 0.756955 -1.585033
v 2.786242 0.749342 -1.579772
v 2.806630 0.743037 -1.578748
v 2.806632 0.749971 -1.578782
v 2.786241 0.743715 -1.579744
v 2.802350 0.746361 -1.488637
v 2.802350 0.751630 -1.488637
v 2.804390 0.746173 -1.525169
v 2.804390 0.751804 -1.525169
v 2.803947 0.738906 -1.547624
v 2.803946 0.755868 -1.547609
v 2.783664 0.750850 -1.530257
v 2.783666 0.745897 -1.530293
v 2.804825 0.751531 -1.535571
v 2.804827 0.745161 -1.535618
v 2.786817 0.740734 -1.585660
v 2.782172 0.746393 -1.502276
v 2.782172 0.751601 -1.502276
v 2.787170 0.744570 -1.590796
v 2.787170 0.750095 -1.590806
v 2.786222 0.751963 -1.572520
v 2.785086 0.742177 -1.545885
v 2.786220 0.740567 -1.572488
v 2.786819 0.753428 -1.585702
v 2.785084 0.752595 -1.545841
v 2.786618 0.744137 -1.586037
v 2.806892 0.750471 -1.585011
v 2.806891 0.743449 -1.584983
v 2.786620 0.749835 -1.586059
v 2.805359 0.744357 -1.548345
v 2.805358 0.750194 -1.548313
v 2.784468 0.744997 -1.545439
v 2.784467 0.749602 -1.545415
v 2.785888 0.748693 -1.572774
v 2.806350 0.743035 -1.572047
v 2.806351 0.749259 -1.572068
v 2.785887 0.743648 -1.572756
v 2.793013 0.739046 -1.579095
v 2.790967 0.741627 -1.532388
v 2.790964 0.755307 -1.532337
v 2.793723 0.740820 -1.589876
v 2.793724 0.753972 -1.589894
v 2.793015 0.754223 -1.579134
v 2.793728 0.744319 -1.591561
v 2.793729 0.750439 -1.591569
v 2.793366 0.754654 -1.585470
v 2.793365 0.739523 -1.585438
v 2.791644 0.741039 -1.546489
v 2.792749 0.739419 -1.572201
v 2.792750 0.753112 -1.572226
v 2.791642 0.753733 -1.546456
vn -0.7342 -0.6774 -0.0456
vn -0.9978 -0.0382 -0.0541
vn -0.9953 -0.0342 -0.0908
vn -0.7244 -0.6693 -0.1652
vn -0.9958 0.0315 -0.0860
vn -0.6745 0.1493 -0.7230
vn -0.6719 -0.1536 -0.7245
vn 0.9940 0.1070 0.0217
vn 0.9935 -0.1068 0.0384
vn 0.9918 -0.1182 0.0481
vn 0.9930 0.1130 0.0337
vn -0.6129 -0.5816 -0.5348
vn 0.9984 -0.0520 -0.0209
vn 0.9666 -0.2132 -0.1423
vn 0.6261 -0.7296 -0.2751
vn 0.9971 -0.0765 0.0044
vn -0.9969 0.0359 -0.0695
vn -0.9987 0.0145 -0.0499
vn -0.9499 0.3096 -0.0440
vn -0.9228 0.3571 -0.1450
vn 0.9936 -0.1047 0.0415
vn 0.5404 -0.8412 0.0186
vn 0.5485 -0.8207 -0.1599
vn 0.9961 -0.0846 -0.0260
vn -0.4208 0.8412 -0.3397
vn -0.8416 0.5104 -0.1769
vn -0.5331 0.7703 -0.3498
vn -0.9325 -0.2900 0.2153
vn -0.9493 -0.3112 -0.0453
vn -0.6274 -0.7762 -0.0616
vn -0.6352 -0.7198 0.2802
vn -0.6812 -0.1309 0.7204
vn -0.9660 -0.0678 0.2495
vn -0.6373 -0.3798 0.6706
vn -0.5317 -0.6137 0.5837
vn -0.9218 -0.3601 -0.1433
vn -0.9986 -0.0155 -0.0499
vn -0.9969 -0.0379 -0.0693
vn -0.9671 0.0569 0.2479
vn -0.9347 0.2828 0.2153
vn -0.6314 0.7736 -0.0527
vn -0.6353 0.7195 0.2807
vn -0.1762 -0.9830 0.0522
vn -0.1721 -0.9841 0.0431
vn -0.7050 -0.7092 0.0028
vn -0.7230 -0.6908 0.0049
vn -0.6840 0.1096 0.7212
vn -0.6457 0.3554 0.6759
vn -0.1364 -0.7510 -0.6460
vn -0.1130 -0.2252 -0.9677
vn -0.5332 0.6128 0.5832
vn 0.3423 -0.6538 0.6749
vn 0.3183 -0.3980 0.8604
vn 0.2675 -0.1472 0.9522
vn 0.2743 0.1235 0.9537
vn 0.3094 0.3700 0.8760
vn 0.3405 0.6544 0.6751
vn 0.3292 -0.8789 0.3453
vn 0.3009 -0.9530 -0.0353
vn -0.5299 -0.7701 -0.3551
vn 0.3973 -0.8148 -0.4223
vn -0.4150 -0.8664 -0.2776
vn 0.3292 0.8789 0.3453
vn 0.3075 0.9513 -0.0217
vn 0.3890 0.8264 -0.4071
vn 0.6005 0.7235 -0.3405
vn -0.9951 0.0692 -0.0708
vn -0.9981 0.0356 -0.0494
vn 0.5405 -0.6566 -0.5260
vn 0.5746 -0.2194 -0.7885
vn 0.5763 0.2229 -0.7863
vn 0.9965 0.0821 -0.0155
vn -0.7435 0.6677 0.0369
vn -0.7322 0.6772 -0.0728
vn -0.6107 0.6147 -0.4992
vn 0.9923 -0.1137 0.0486
vn 0.9935 0.1027 0.0483
vn 0.5736 0.8148 0.0836
vn 0.5575 0.8294 -0.0369
vn 0.9936 0.0990 0.0544
vn -0.9940 0.0899 -0.0620
vn -0.9949 0.0839 -0.0564
vn -0.9946 -0.0934 -0.0459
vn -0.9940 -0.0979 -0.0494
vn -0.9953 -0.0708 -0.0657
vn -0.8462 -0.5150 -0.1366
vn 0.5531 0.8230 -0.1297
vn 0.5613 -0.8276 -0.0006
vn 0.5505 -0.8322 0.0665
vn -0.9971 -0.0616 -0.0452
vn -0.7349 -0.6764 -0.0492
vn -0.7427 0.6544 -0.1419
vn -0.7168 0.6925 -0.0815
vn -0.9974 0.0547 -0.0465
vn 0.8978 -0.2850 0.3356
vn 0.8670 -0.1663 0.4698
vn -0.7452 0.6668 0.0070
vn 0.8693 0.0576 0.4909
vn 0.8645 -0.0699 0.4977
vn 0.5335 0.6913 -0.4873
vn 0.5464 0.8358 -0.0540
vn 0.9968 0.0796 -0.0055
vn 0.9984 0.0511 -0.0234
vn 0.8779 0.1599 0.4514
vn 0.8976 -0.3904 0.2047
vn 0.8775 -0.4792 0.0190
vn 0.8767 -0.4661 -0.1188
vn 0.8927 0.4364 -0.1121
vn 0.9661 0.2136 -0.1453
vn 0.8975 0.2852 0.3364
vn 0.8976 0.3904 0.2047
vn 0.8843 0.4661 0.0285
vn 0.5505 -0.8312 0.0776
vn -0.1814 -0.9833 -0.0177
vn -0.1644 -0.9676 -0.1914
vn -0.2040 -0.9783 -0.0362
vn -0.1152 0.2213 -0.9684
vn -0.1797 0.9818 0.0606
vn -0.1865 0.9769 0.1041
vn -0.1487 0.7878 -0.5977
vn -0.2250 0.9580 -0.1777
vn -0.1732 0.9831 -0.0583
vn -0.1830 0.9802 -0.0763
vn 0.5428 0.8310 0.1216
vt 0.134706 0.020520
vt 0.133528 0.019206
vt 0.135609 0.016765
vt 0.136713 0.018095
vt 0.133573 0.014729
vt 0.135210 0.013011
vt 0.137015 0.014886
vt 0.965599 0.026266
vt 0.968328 0.024377
vt 0.972485 0.029565
vt 0.969990 0.031299
vt 0.137923 0.016262
vt 0.964755 0.020217
vt 0.966835 0.017630
vt 0.968324 0.018582
vt 0.965868 0.021349
vt 0.107459 0.042657
vt 0.105393 0.045116
vt 0.104252 0.044245
vt 0.106262 0.041636
vt 0.982160 0.042111
vt 0.984808 0.040044
vt 0.986531 0.043003
vt 0.983840 0.044875
vt 0.106461 0.037001
vt 0.108105 0.039175
vt 0.102527 0.038967
vt 0.106177 0.048850
vt 0.107939 0.047586
vt 0.110542 0.051225
vt 0.108056 0.052731
vt 0.102646 0.051304
vt 0.105330 0.048263
vt 0.104345 0.052744
vt 0.105812 0.053858
vt 0.110353 0.045318
vt 0.107019 0.046592
vt 0.109270 0.044292
vt 0.103880 0.046951
vt 0.103164 0.046117
vt 0.100397 0.042000
vt 0.099125 0.044608
vt 0.134861 0.025587
vt 0.124944 0.035832
vt 0.121897 0.033666
vt 0.132227 0.023160
vt 0.101139 0.049903
vt 0.099716 0.048542
vt 0.140915 0.014308
vt 0.139576 0.012714
vt 0.098221 0.046954
vt 0.105058 0.059151
vt 0.101802 0.058231
vt 0.098621 0.056600
vt 0.096265 0.054536
vt 0.094506 0.052022
vt 0.092966 0.048185
vt 0.109785 0.059081
vt 0.113842 0.057773
vt 0.113498 0.048547
vt 0.118656 0.054046
vt 0.122894 0.048627
vt 0.115049 0.044669
vt 0.092627 0.043436
vt 0.093592 0.039261
vt 0.096560 0.034513
vt 0.102062 0.029522
vt 0.109166 0.040626
vt 0.131457 0.017170
vt 0.987237 0.045891
vt 0.986102 0.048398
vt 0.983024 0.050575
vt 0.980893 0.046984
vt 0.130037 0.015918
vt 0.132171 0.013545
vt 0.133786 0.012113
vt 0.980155 0.039264
vt 0.977514 0.041140
vt 0.974761 0.042797
vt 0.967278 0.032730
vt 0.979233 0.044203
vt 0.112577 0.037132
vt 0.118546 0.031139
vt 0.120510 0.032817
vt 0.114642 0.038896
vt 0.111141 0.042375
vt 0.112676 0.043190
vt 0.962630 0.027720
vt 0.970584 0.022124
vt 0.974642 0.027545
vt 0.131057 0.021940
vt 0.116256 0.039642
vt 0.111512 0.035608
vt 0.117419 0.029831
vt 0.129049 0.020057
vt 0.959972 0.002535
vt 0.959710 0.004039
vt 0.955778 0.004145
vt 0.956613 0.002607
vt 0.127652 0.018894
vt 0.951619 0.006454
vt 0.950562 0.005349
vt 0.953151 0.003523
vt 0.953820 0.004892
vt 0.980295 0.050807
vt 0.978111 0.048973
vt 0.963073 0.023296
vt 0.962354 0.021899
vt 0.950177 0.008123
vt 0.948681 0.007798
vt 0.964202 0.004164
vt 0.963370 0.005462
vt 0.967165 0.007015
vt 0.965898 0.007881
vt 0.968690 0.012313
vt 0.967266 0.011062
vt 0.952791 0.021348
vt 0.959118 0.023063
vt 0.959536 0.024770
vt 0.953048 0.022964
vt 0.947250 0.011538
vt 0.948755 0.011797
vt 0.948866 0.015735
vt 0.947360 0.016078
vt 0.950281 0.018948
vt 0.949028 0.019839
vt 0.982542 0.037303
vt 0.137350 0.022824
vt 0.139511 0.020158
vt 0.141026 0.018131
vt 0.130656 0.039880
vt 0.125719 0.045148
vt 0.119543 0.041539
vt 0.137247 0.010421
vt 0.124883 0.016414
vt 0.127422 0.013507
vt 0.135636 0.009110
vt 0.109482 0.032455
vt 0.129788 0.010979
vt 0.124932 0.006116
vt 0.127151 0.004052
vt 0.131543 0.009253
vt 0.115087 0.026915
vt 0.105527 0.026532
vt 0.110705 0.021446
vt 0.976280 0.046080
vt 0.122412 0.008764
vt 0.119846 0.011674
vt 0.139981 0.030120
vt 0.142524 0.027287
vt 0.141607 0.005440
vt 0.139403 0.003665
vt 0.144425 0.008189
vt 0.146677 0.021899
vt 0.144840 0.024458
vt 0.146258 0.010370
s 1
usemtl comic
f 4298/4793/4245 4346/4794/4246 4367/4795/4247 4357/4796/4248
f 4367/4795/4247 4370/4797/4249 4361/4798/4250 4360/4799/4251
f 4355/4800/4252 4356/4801/4253 4371/4802/4254 4372/4803/4255
f 4357/4796/4248 4367/4795/4247 4360/4799/4251 4294/4804/4256
f 4349/4805/4257 4324/4806/4258 4307/4807/4259 4339/4808/4260
f 4328/4809/4261 4329/4810/4262 4315/4811/4263 4314/4812/4264
f 4344/4813/4265 4320/4814/4266 4335/4815/4267 4369/4816/4268
f 4293/4817/4269 4317/4818/4270 4314/4812/4264 4292/4819/4271
f 4275/4820/4272 4274/4821/4273 4271/4822/4274 4272/4823/4275
f 4327/4824/4276 4358/4825/4277 4275/4820/4272 4278/4826/4278
f 4272/4823/4275 4276/4827/4279 4278/4826/4278 4275/4820/4272
f 4273/4828/4280 4274/4821/4273 4326/4829/4281 4325/4830/4282
f 4274/4821/4273 4275/4820/4272 4358/4825/4277 4326/4829/4281
f 4329/4810/4262 4359/4831/4283 4316/4832/4284 4315/4811/4263
f 4315/4811/4263 4291/4833/4285 4292/4819/4271 4314/4812/4264
f 4291/4833/4285 4315/4811/4263 4316/4832/4284 4290/4834/4286
f 4390/4835/4287 4389/4836/4288 4363/4837/4289 4364/4838/4290
f 4326/4829/4281 4329/4810/4262 4328/4809/4261 4325/4830/4282
f 4358/4825/4277 4359/4831/4283 4329/4810/4262 4326/4829/4281
f 4359/4831/4283 4330/4839/4291 4280/4840/4292 4316/4832/4284
f 4359/4831/4283 4358/4825/4277 4327/4824/4276 4330/4839/4291
f 4382/4841/4293 4294/4804/4256 4360/4799/4251 4385/4842/4294
f 4316/4832/4284 4280/4840/4292 4289/4843/4295 4290/4834/4286
f 4278/4826/4278 4276/4827/4279 4300/4844/4296 4301/4845/4297
f 4278/4826/4278 4301/4845/4297 4331/4846/4298 4327/4824/4276
f 4330/4839/4291 4332/4847/4299 4302/4848/4300 4280/4840/4292
f 4330/4839/4291 4327/4824/4276 4331/4846/4298 4332/4847/4299
f 4303/4849/4301 4289/4843/4295 4280/4840/4292 4302/4848/4300
f 4272/4823/4275 4304/4850/4302 4300/4844/4296 4276/4827/4279
f 4271/4822/4274 4305/4851/4303 4304/4850/4302 4272/4823/4275
f 4270/4852/4304 4306/4853/4305 4305/4851/4303 4271/4822/4274
f 4307/4854/4259 4306/4853/4305 4270/4852/4304 4269/4855/4306
f 4308/4856/4307 4290/4834/4286 4289/4843/4295 4303/4849/4301
f 4309/4857/4308 4291/4833/4285 4290/4834/4286 4308/4856/4307
f 4310/4858/4309 4292/4819/4271 4291/4833/4285 4309/4857/4308
f 4311/4859/4310 4293/4817/4269 4292/4819/4271 4310/4858/4309
f 4338/4860/4311 4328/4809/4261 4314/4812/4264 4317/4818/4270
f 4343/4861/4312 4370/4797/4249 4367/4795/4247 4346/4794/4246
f 4318/4862/4313 4333/4863/4314 4369/4816/4268 4335/4815/4267
f 4369/4816/4268 4333/4863/4314 4334/4864/4315 4368/4865/4316
f 4343/4861/4312 4299/4866/4317 4365/4867/4318 4370/4797/4249
f 4370/4797/4249 4365/4867/4318 4295/4868/4319 4361/4798/4250
f 4376/4869/4320 4377/4870/4321 4372/4803/4255 4371/4802/4254
f 4377/4870/4321 4336/4871/4322 4352/4872/4323 4372/4803/4255
f 4377/4870/4321 4376/4869/4320 4344/4813/4265 4345/4873/4324
f 4353/4874/4325 4374/4875/4326 4373/4876/4327 4354/4877/4328
f 4273/4828/4280 4325/4830/4282 4337/4878/4329 4297/4879/4330
f 4372/4803/4255 4352/4872/4323 4323/4880/4331 4355/4800/4252
f 4337/4878/4329 4325/4830/4282 4328/4809/4261 4338/4860/4311
f 4322/4881/4332 4351/4882/4333 4371/4802/4254 4356/4801/4253
f 4373/4876/4327 4378/4883/4334 4364/4838/4290 4363/4837/4289
f 4354/4877/4328 4373/4876/4327 4363/4837/4289 4312/4884/4335
f 4313/4885/4336 4366/4886/4337 4374/4875/4326 4353/4874/4325
f 4378/4883/4334 4375/4887/4338 4343/4861/4312 4346/4794/4246
f 4300/4888/4296 4277/4889/4339 4279/4890/4340 4301/4891/4297
f 4375/4887/4338 4362/4892/4341 4299/4866/4317 4343/4861/4312
f 4348/4893/4342 4332/4894/4299 4331/4895/4298 4347/4896/4343
f 4368/4865/4316 4334/4864/4315 4319/4897/4344 4342/4898/4345
f 4375/4887/4338 4378/4883/4334 4373/4876/4327 4374/4875/4326
f 4339/4808/4260 4307/4807/4259 4322/4881/4332 4356/4801/4253
f 4364/4838/4290 4378/4883/4334 4346/4794/4246 4298/4793/4245
f 4339/4808/4260 4340/4899/4346 4350/4900/4347 4349/4805/4257
f 4281/4901/4348 4302/4902/4300 4332/4894/4299 4348/4893/4342
f 4347/4896/4343 4331/4895/4298 4301/4891/4297 4279/4890/4340
f 4300/4888/4296 4304/4903/4302 4282/4904/4349 4277/4889/4339
f 4304/4903/4302 4305/4905/4303 4283/4906/4350 4282/4904/4349
f 4305/4905/4303 4306/4907/4305 4284/4908/4351 4283/4906/4350
f 4288/4909/4352 4296/4910/4353 4311/4911/4310 4310/4912/4309
f 4303/4913/4301 4285/4914/4354 4286/4915/4355 4308/4916/4307
f 4308/4916/4307 4286/4915/4355 4287/4917/4356 4309/4918/4308
f 4309/4918/4308 4287/4917/4356 4288/4909/4352 4310/4912/4309
f 4340/4899/4346 4311/4911/4310 4296/4910/4353 4350/4900/4347
f 4339/4808/4260 4356/4801/4253 4355/4800/4252 4340/4899/4346
f 4371/4802/4254 4351/4882/4333 4341/4919/4357 4376/4869/4320
f 4337/4878/4329 4354/4877/4328 4312/4884/4335 4297/4879/4330
f 4353/4874/4325 4354/4877/4328 4337/4878/4329 4338/4860/4311
f 4376/4869/4320 4341/4919/4357 4320/4814/4266 4344/4813/4265
f 4355/4800/4252 4323/4880/4331 4311/4911/4310 4340/4899/4346
f 4379/4920/4358 4298/4793/4245 4357/4796/4248 4388/4921/4359
f 4382/4922/4293 4388/4921/4359 4357/4796/4248 4294/4804/4256
f 4389/4836/4288 4351/4923/4333 4322/4924/4332 4380/4925/4360
f 4386/4926/4361 4385/4842/4294 4360/4799/4251 4361/4798/4250
f 4391/4927/4362 4384/4928/4363 4299/4866/4317 4362/4892/4341
f 4386/4926/4361 4361/4798/4250 4295/4868/4319 4383/4929/4364
f 4381/4930/4365 4313/4885/4336 4317/4818/4270 4293/4817/4269
f 4380/4925/4360 4322/4924/4332 4307/4854/4259 4269/4855/4306
f 4297/4879/4330 4269/4855/4306 4270/4852/4304 4273/4828/4280
f 4387/4931/4366 4342/4932/4345 4319/4933/4344 4383/4934/4364
f 4390/4835/4287 4364/4838/4290 4298/4793/4245 4379/4920/4358
f 4391/4927/4362 4362/4892/4341 4366/4886/4337 4392/4935/4367
f 4384/4928/4363 4387/4931/4366 4365/4867/4318 4299/4866/4317
f 4381/4930/4365 4323/4936/4331 4352/4937/4323 4392/4935/4367
f 4345/4873/4324 4321/4938/4368 4336/4871/4322 4377/4870/4321
f 4362/4892/4341 4375/4887/4338 4374/4875/4326 4366/4886/4337
f 4368/4865/4316 4342/4898/4345 4321/4938/4368 4345/4873/4324
f 4344/4813/4265 4369/4816/4268 4368/4865/4316 4345/4873/4324
f 4313/4885/4336 4353/4874/4325 4338/4860/4311 4317/4818/4270
f 4307/4807/4259 4324/4806/4258 4284/4908/4351 4306/4907/4305
f 4302/4902/4300 4281/4901/4348 4285/4914/4354 4303/4913/4301
f 4273/4828/4280 4270/4852/4304 4271/4822/4274 4274/4821/4273
f 4313/4885/4336 4381/4930/4365 4392/4935/4367 4366/4886/4337
f 4321/4939/4368 4342/4932/4345 4387/4931/4366 4384/4928/4363
f 4336/4940/4322 4391/4927/4362 4392/4935/4367 4352/4937/4323
f 4341/4941/4357 4390/4835/4287 4379/4920/4358 4320/4942/4266
f 4365/4867/4318 4387/4931/4366 4383/4934/4364 4295/4868/4319
f 4334/4943/4315 4386/4926/4361 4383/4929/4364 4319/4944/4344
f 4336/4940/4322 4321/4939/4368 4384/4928/4363 4391/4927/4362
f 4334/4943/4315 4333/4945/4314 4385/4842/4294 4386/4926/4361
f 4363/4837/4289 4389/4836/4288 4380/4925/4360 4312/4884/4335
f 4318/4946/4313 4335/4947/4267 4388/4921/4359 4382/4922/4293
f 4320/4942/4266 4379/4920/4358 4388/4921/4359 4335/4947/4267
f 4318/4948/4313 4382/4841/4293 4385/4842/4294 4333/4945/4314
f 4341/4941/4357 4351/4923/4333 4389/4836/4288 4390/4835/4287
f 4323/4936/4331 4381/4930/4365 4293/4817/4269 4311/4859/4310
f 4312/4884/4335 4380/4925/4360 4269/4855/4306 4297/4879/4330
o ToiletSeat
v 2.647747 0.465528 -1.138383
v 2.546830 0.465528 -1.120485
v 2.449746 0.465528 -1.136701
v 2.368313 0.465528 -1.182866
v 2.313905 0.465528 -1.251956
v 2.764270 0.464429 -1.240649
v 2.741540 0.465434 -1.200321
v 2.724827 0.465434 -1.179745
v 2.742380 0.464429 -1.190287
v 2.743968 0.464429 -1.239222
v 2.649682 0.449457 -1.134922
v 2.546821 0.449457 -1.116630
v 2.447982 0.449457 -1.133139
v 2.365086 0.449457 -1.180139
v 2.309677 0.449457 -1.250502
v 2.603667 0.449935 -1.208017
v 2.481680 0.449935 -1.209099
v 2.424599 0.449935 -1.233629
v 2.545078 0.449940 -1.200539
v 2.376092 0.449940 -1.277904
v 2.767374 0.449457 -1.238011
v 2.745911 0.449457 -1.198473
v 2.728368 0.449457 -1.177391
v 2.745425 0.449457 -1.189028
v 2.746711 0.449457 -1.236851
v 2.683468 0.449936 -1.303724
v 2.647979 0.449934 -1.233701
v 2.672795 0.449934 -1.269303
v 2.647747 0.465528 -1.528523
v 2.546830 0.465528 -1.546422
v 2.449746 0.465528 -1.530206
v 2.368313 0.465528 -1.484040
v 2.313905 0.465528 -1.414950
v 2.763498 0.465528 -1.333453
v 2.294799 0.465528 -1.333453
v 2.764270 0.464429 -1.426258
v 2.741540 0.465434 -1.466586
v 2.724827 0.465434 -1.487162
v 2.742380 0.464429 -1.476620
v 2.743968 0.464429 -1.427684
v 2.649682 0.449457 -1.531985
v 2.546821 0.449457 -1.550277
v 2.447982 0.449457 -1.533768
v 2.365086 0.449457 -1.486768
v 2.309677 0.449457 -1.416405
v 2.768076 0.449457 -1.333453
v 2.290225 0.449457 -1.333453
v 2.603667 0.449935 -1.458889
v 2.481680 0.449935 -1.457808
v 2.424599 0.449935 -1.433278
v 2.358785 0.449937 -1.333453
v 2.545078 0.449940 -1.466368
v 2.376092 0.449940 -1.389002
v 2.685948 0.449940 -1.333453
v 2.767374 0.449457 -1.428896
v 2.745911 0.449457 -1.468433
v 2.728368 0.449457 -1.489516
v 2.745425 0.449457 -1.477879
v 2.746711 0.449457 -1.430055
v 2.683468 0.449936 -1.363182
v 2.650871 0.449451 -1.435025
v 2.647979 0.449934 -1.433206
v 2.672795 0.449934 -1.397603
v 2.597924 0.465528 -1.124799
v 2.496970 0.465528 -1.124593
v 2.406357 0.465528 -1.156393
v 2.337112 0.465528 -1.215145
v 2.299638 0.465528 -1.291909
v 2.701456 0.466488 -1.333453
v 2.611616 0.466488 -1.196006
v 2.694432 0.469488 -1.208032
v 2.545429 0.466488 -1.187064
v 2.475953 0.466488 -1.196453
v 2.413079 0.466488 -1.223646
v 2.360978 0.466488 -1.271754
v 2.342214 0.466488 -1.333453
v 2.731516 0.469497 -1.333453
v 2.629585 0.469497 -1.168094
v 2.546201 0.469497 -1.154713
v 2.463314 0.469497 -1.167363
v 2.391221 0.469497 -1.203690
v 2.337919 0.469497 -1.261841
v 2.318904 0.469497 -1.333453
v 2.698863 0.466488 -1.294433
v 2.662874 0.466488 -1.225646
v 2.688951 0.466488 -1.262043
v 2.728697 0.469488 -1.276141
v 2.716414 0.469488 -1.249434
v 2.763520 0.465516 -1.290622
v 2.741411 0.465505 -1.215940
v 2.692563 0.465516 -1.160014
v 2.598858 0.449457 -1.121030
v 2.496058 0.449457 -1.120813
v 2.403815 0.449457 -1.153184
v 2.333314 0.449457 -1.213015
v 2.295150 0.449457 -1.291172
v 2.397908 0.449939 -1.253619
v 2.373635 0.449458 -1.276915
v 2.422563 0.449453 -1.231833
v 2.575662 0.449939 -1.202018
v 2.545135 0.449458 -1.197880
v 2.605106 0.449453 -1.205636
v 2.452425 0.449934 -1.219015
v 2.480584 0.449453 -1.206663
v 2.513094 0.449939 -1.202970
v 2.362990 0.449939 -1.304985
v 2.356174 0.449454 -1.333453
v 2.768076 0.449457 -1.289005
v 2.745911 0.449457 -1.212966
v 2.695501 0.449457 -1.157095
v 2.686540 0.449453 -1.302497
v 2.675694 0.449451 -1.268106
v 2.688796 0.449458 -1.333453
v 2.685424 0.449939 -1.318985
v 2.650871 0.449451 -1.231881
v 2.662632 0.449934 -1.251029
v 2.628106 0.449934 -1.218906
v 2.650004 0.455670 -1.134417
v 2.546835 0.455670 -1.116061
v 2.728959 0.455670 -1.177035
v 2.447743 0.455670 -1.132609
v 2.364622 0.455670 -1.179734
v 2.309082 0.455670 -1.250261
v 2.289578 0.455670 -1.333453
v 2.768752 0.455670 -1.333453
v 2.545161 0.458277 -1.197400
v 2.605554 0.458274 -1.205225
v 2.651595 0.458273 -1.231851
v 2.421848 0.458274 -1.231254
v 2.480335 0.458274 -1.206136
v 2.372422 0.458276 -1.276411
v 2.354739 0.458275 -1.333453
v 2.687118 0.458274 -1.301270
v 2.689618 0.458277 -1.333453
v 2.768048 0.455670 -1.237451
v 2.746587 0.455670 -1.198182
v 2.746094 0.455670 -1.188727
v 2.747346 0.455670 -1.236321
v 2.676733 0.458273 -1.267488
v 2.597924 0.465528 -1.542108
v 2.496970 0.465528 -1.542313
v 2.406357 0.465528 -1.510514
v 2.337112 0.465528 -1.451761
v 2.299638 0.465528 -1.374998
v 2.611616 0.466488 -1.470901
v 2.694432 0.469488 -1.458875
v 2.545429 0.466488 -1.479842
v 2.475953 0.466488 -1.470453
v 2.413079 0.466488 -1.443261
v 2.360978 0.466488 -1.395153
v 2.629585 0.469497 -1.498813
v 2.546201 0.469497 -1.512194
v 2.463314 0.469497 -1.499543
v 2.391221 0.469497 -1.463217
v 2.337919 0.469497 -1.405065
v 2.698863 0.466488 -1.372473
v 2.662874 0.466488 -1.441261
v 2.688951 0.466488 -1.404863
v 2.728698 0.469488 -1.390765
v 2.716414 0.469488 -1.417472
v 2.763520 0.465516 -1.376285
v 2.741411 0.465505 -1.450967
v 2.692563 0.465516 -1.506893
v 2.598858 0.449457 -1.545877
v 2.496058 0.449457 -1.546093
v 2.403815 0.449457 -1.513722
v 2.333314 0.449457 -1.453892
v 2.295150 0.449457 -1.375734
v 2.397908 0.449939 -1.413288
v 2.373635 0.449458 -1.389992
v 2.422563 0.449453 -1.435074
v 2.575662 0.449939 -1.464889
v 2.545135 0.449458 -1.469027
v 2.605106 0.449453 -1.461270
v 2.452425 0.449934 -1.447892
v 2.480584 0.449453 -1.460243
v 2.513094 0.449939 -1.463936
v 2.362990 0.449939 -1.361921
v 2.768076 0.449457 -1.377902
v 2.745911 0.449457 -1.453941
v 2.695500 0.449457 -1.509811
v 2.686540 0.449453 -1.364410
v 2.675694 0.449451 -1.398801
v 2.685424 0.449939 -1.347921
v 2.662632 0.449934 -1.415878
v 2.628106 0.449934 -1.448001
v 2.650004 0.455670 -1.532489
v 2.546835 0.455670 -1.550846
v 2.728959 0.455670 -1.489871
v 2.447743 0.455670 -1.534297
v 2.364622 0.455670 -1.487173
v 2.309082 0.455670 -1.416646
v 2.545161 0.458277 -1.469507
v 2.605554 0.458274 -1.461682
v 2.651595 0.458273 -1.435055
v 2.421848 0.458274 -1.435652
v 2.480335 0.458274 -1.460770
v 2.372422 0.458276 -1.390496
v 2.687118 0.458274 -1.365637
v 2.768048 0.455670 -1.429456
v 2.746587 0.455670 -1.468725
v 2.746094 0.455670 -1.478180
v 2.747346 0.455670 -1.430586
v 2.676733 0.458273 -1.399418
v 2.695975 0.455670 -1.156667
v 2.768752 0.455670 -1.288766
v 2.708782 0.469492 -1.230753
v 2.666435 0.469495 -1.185890
v 2.425541 0.469497 -1.182604
v 2.361214 0.469497 -1.230413
v 2.588707 0.469497 -1.157768
v 2.323659 0.469497 -1.296749
v 2.503927 0.469497 -1.158017
v 2.450350 0.458273 -1.216309
v 2.700833 0.466488 -1.313153
v 2.579631 0.466488 -1.188897
v 2.630968 0.458273 -1.216588
v 2.510316 0.466488 -1.189658
v 2.394628 0.458276 -1.251623
v 2.443664 0.466488 -1.207540
v 2.512445 0.458276 -1.199864
v 2.384299 0.466488 -1.245318
v 2.359049 0.458276 -1.304182
v 2.346827 0.466488 -1.301698
v 2.689065 0.458276 -1.317436
v 2.640014 0.466488 -1.208845
v 2.666572 0.458273 -1.249393
v 2.746587 0.455670 -1.212660
v 2.678766 0.466488 -1.244111
v 2.731029 0.469495 -1.301680
v 2.403456 0.455670 -1.152710
v 2.495941 0.455670 -1.120252
v 2.599021 0.455670 -1.120478
v 2.576596 0.458276 -1.198960
v 2.332772 0.455670 -1.212685
v 2.294518 0.455670 -1.291045
v 2.630267 0.449452 -1.216813
v 2.512547 0.449456 -1.200362
v 2.395607 0.449456 -1.252206
v 2.360423 0.449456 -1.304474
v 2.688337 0.449456 -1.318330
v 2.665414 0.449451 -1.249647
v 2.576404 0.449456 -1.199433
v 2.450810 0.449452 -1.216864
v 2.695975 0.455670 -1.510239
v 2.768752 0.455670 -1.378141
v 2.708782 0.469492 -1.436154
v 2.666435 0.469495 -1.481016
v 2.425541 0.469497 -1.484303
v 2.361214 0.469497 -1.436494
v 2.588707 0.469497 -1.509139
v 2.323659 0.469497 -1.370158
v 2.503927 0.469497 -1.508889
v 2.450350 0.458273 -1.450597
v 2.700833 0.466488 -1.353754
v 2.579631 0.466488 -1.478010
v 2.630968 0.458273 -1.450319
v 2.510316 0.466488 -1.477248
v 2.394628 0.458276 -1.415283
v 2.443664 0.466488 -1.459366
v 2.512445 0.458276 -1.467043
v 2.384299 0.466488 -1.421588
v 2.359049 0.458276 -1.362724
v 2.346827 0.466488 -1.365208
v 2.689065 0.458276 -1.349470
v 2.640014 0.466488 -1.458062
v 2.666572 0.458273 -1.417514
v 2.746587 0.455670 -1.454246
v 2.678766 0.466488 -1.422796
v 2.731029 0.469495 -1.365227
v 2.403456 0.455670 -1.514197
v 2.495941 0.455670 -1.546655
v 2.599021 0.455670 -1.546429
v 2.576596 0.458276 -1.467946
v 2.332772 0.455670 -1.454222
v 2.294518 0.455670 -1.375862
v 2.630267 0.449452 -1.450093
v 2.512547 0.449456 -1.466545
v 2.395607 0.449456 -1.414701
v 2.360423 0.449456 -1.362432
v 2.688337 0.449456 -1.348576
v 2.665414 0.449451 -1.417260
v 2.576404 0.449456 -1.467473
v 2.450810 0.449452 -1.450042
v 2.752595 0.450703 -1.197506
v 2.752595 0.462694 -1.197506
v 2.761118 0.451895 -1.197506
v 2.763108 0.456698 -1.197506
v 2.756493 0.449829 -1.197506
v 2.756493 0.463567 -1.197506
v 2.761118 0.461501 -1.197506
v 2.734490 0.451385 -1.197506
v 2.734490 0.462012 -1.197506
v 2.751579 0.451357 -1.197509
v 2.762583 0.454102 -1.197506
v 2.758932 0.450420 -1.197506
v 2.754282 0.450101 -1.197506
v 2.754282 0.463295 -1.197506
v 2.758932 0.462976 -1.197506
v 2.762583 0.459294 -1.197506
v 2.752595 0.450703 -1.208293
v 2.752595 0.462694 -1.208293
v 2.761118 0.451895 -1.208293
v 2.763108 0.456698 -1.208293
v 2.756493 0.449829 -1.208293
v 2.756493 0.463567 -1.208293
v 2.761118 0.461501 -1.208293
v 2.734490 0.451385 -1.208293
v 2.751579 0.462040 -1.208290
v 2.751579 0.462040 -1.197509
v 2.734490 0.462012 -1.208293
v 2.751579 0.451357 -1.208290
v 2.762583 0.454102 -1.208293
v 2.758932 0.450420 -1.208293
v 2.754282 0.450101 -1.208293
v 2.754282 0.463295 -1.208293
v 2.758932 0.462976 -1.208293
v 2.762583 0.459294 -1.208293
v 2.752595 0.450703 -1.469401
v 2.752595 0.462694 -1.469401
v 2.761118 0.451895 -1.469401
v 2.763108 0.456698 -1.469401
v 2.756493 0.449829 -1.469401
v 2.756493 0.463567 -1.469401
v 2.761118 0.461501 -1.469401
v 2.734490 0.451385 -1.469401
v 2.734490 0.462012 -1.469401
v 2.751579 0.451357 -1.469397
v 2.762583 0.454102 -1.469401
v 2.758932 0.450420 -1.469401
v 2.754282 0.450101 -1.469401
v 2.754282 0.463295 -1.469401
v 2.758932 0.462976 -1.469401
v 2.762583 0.459294 -1.469401
v 2.752595 0.450703 -1.458614
v 2.752595 0.462694 -1.458614
v 2.761118 0.451895 -1.458614
v 2.763108 0.456698 -1.458614
v 2.756493 0.449829 -1.458614
v 2.756493 0.463567 -1.458614
v 2.761118 0.461501 -1.458614
v 2.734490 0.451385 -1.458614
v 2.751579 0.462040 -1.458617
v 2.751579 0.462040 -1.469397
v 2.734490 0.462012 -1.458614
v 2.751579 0.451357 -1.458617
v 2.762583 0.454102 -1.458614
v 2.758932 0.450420 -1.458614
v 2.754282 0.450101 -1.458614
v 2.754282 0.463295 -1.458614
v 2.758932 0.462976 -1.458614
v 2.762583 0.459294 -1.458614
v 2.382686 0.445058 -1.195803
v 2.378853 0.450489 -1.193379
v 2.397698 0.445058 -1.216223
v 2.398869 0.450489 -1.220604
v 2.390672 0.445058 -1.189932
v 2.389501 0.450489 -1.185551
v 2.405684 0.445058 -1.210352
v 2.409517 0.450489 -1.212776
v 2.634328 0.445058 -1.159407
v 2.637226 0.450489 -1.155918
v 2.626345 0.445058 -1.183460
v 2.626583 0.450489 -1.187990
v 2.624921 0.445058 -1.156285
v 2.624683 0.450489 -1.151756
v 2.616938 0.445058 -1.180339
v 2.614040 0.450489 -1.183827
v 2.382686 0.445058 -1.471103
v 2.378853 0.450489 -1.473528
v 2.397698 0.445058 -1.450684
v 2.398869 0.450489 -1.446302
v 2.390672 0.445058 -1.476974
v 2.389501 0.450489 -1.481356
v 2.405684 0.445058 -1.456555
v 2.409517 0.450489 -1.454130
v 2.634328 0.445058 -1.507500
v 2.637226 0.450489 -1.510989
v 2.626345 0.445058 -1.483446
v 2.626583 0.450489 -1.478917
v 2.624921 0.445058 -1.510622
v 2.624683 0.450489 -1.515151
v 2.616938 0.445058 -1.486568
v 2.614040 0.450489 -1.483079
v 2.389317 0.444661 -1.206656
v 2.379510 0.447097 -1.193794
v 2.386865 0.450489 -1.208459
v 2.398669 0.447097 -1.219854
v 2.403336 0.444661 -1.215524
v 2.407946 0.450489 -1.221795
v 2.408860 0.447097 -1.212361
v 2.399053 0.444661 -1.199499
v 2.401505 0.450489 -1.197696
v 2.389701 0.447097 -1.186301
v 2.385034 0.444661 -1.190631
v 2.380424 0.450489 -1.184360
v 2.631367 0.444661 -1.171775
v 2.636729 0.447097 -1.156516
v 2.634256 0.450489 -1.172734
v 2.626542 0.447097 -1.187214
v 2.620767 0.444661 -1.184535
v 2.618316 0.450489 -1.191922
v 2.614537 0.447097 -1.183230
v 2.619899 0.444661 -1.167970
v 2.617010 0.450489 -1.167011
v 2.624724 0.447097 -1.152531
v 2.630499 0.444661 -1.155210
v 2.632950 0.450489 -1.147823
v 2.389317 0.444661 -1.460250
v 2.379510 0.447097 -1.473113
v 2.386865 0.450489 -1.458447
v 2.398669 0.447097 -1.447053
v 2.403336 0.444661 -1.451382
v 2.407946 0.450489 -1.445112
v 2.408860 0.447097 -1.454546
v 2.399053 0.444661 -1.467408
v 2.401505 0.450489 -1.469211
v 2.389701 0.447097 -1.480605
v 2.385034 0.444661 -1.476276
v 2.380424 0.450489 -1.482547
v 2.631367 0.444661 -1.495131
v 2.636729 0.447097 -1.510391
v 2.634256 0.450489 -1.494172
v 2.626542 0.447097 -1.479693
v 2.620767 0.444661 -1.482372
v 2.618316 0.450489 -1.474985
v 2.614537 0.447097 -1.483677
v 2.619899 0.444661 -1.498937
v 2.617010 0.450489 -1.499896
v 2.624724 0.447097 -1.514375
v 2.630499 0.444661 -1.511696
v 2.632950 0.450489 -1.519083
v 2.387173 0.447058 -1.208233
v 2.407367 0.447058 -1.221007
v 2.401197 0.447058 -1.197922
v 2.381003 0.447058 -1.185148
v 2.394185 0.443828 -1.203078
v 2.633893 0.447058 -1.172614
v 2.618624 0.447058 -1.190994
v 2.617373 0.447058 -1.167131
v 2.632642 0.447058 -1.148751
v 2.625633 0.443828 -1.169873
v 2.387173 0.447058 -1.458674
v 2.407367 0.447058 -1.445899
v 2.401197 0.447058 -1.468984
v 2.381003 0.447058 -1.481759
v 2.394185 0.443828 -1.463829
v 2.633893 0.447058 -1.494293
v 2.618624 0.447058 -1.475913
v 2.617373 0.447058 -1.499775
v 2.632642 0.447058 -1.518155
v 2.625633 0.443828 -1.497034
vn 0.2854 0.8051 0.5200
vn 0.0067 0.9999 0.0155
vn 0.0056 0.9998 0.0170
vn 0.2111 0.7953 0.5683
vn 0.9941 -0.1085 0.0067
vn 0.9839 0.1788 0.0048
vn 0.7142 0.1740 0.6780
vn 0.7115 -0.1374 0.6891
vn 0.4762 0.1661 0.8635
vn 0.5349 0.1573 0.8301
vn 0.3214 0.8138 0.4842
vn -0.0000 -1.0000 -0.0000
vn -0.0485 -0.9976 -0.0495
vn 0.0001 -1.0000 -0.0000
vn 0.3485 0.1641 0.9229
vn 0.1052 0.7934 0.5996
vn 0.1734 0.1626 0.9713
vn -0.1993 0.7953 -0.5726
vn -0.0996 0.7945 -0.5990
vn -0.1643 0.1632 -0.9728
vn -0.3289 0.1656 -0.9297
vn 0.8663 0.1635 0.4721
vn 0.5414 -0.0992 0.8349
vn 0.8643 -0.1171 0.4892
vn 0.0247 0.9996 -0.0099
vn 0.0125 0.9999 0.0093
vn 0.5461 0.8371 0.0315
vn 0.5572 0.8298 0.0315
vn -0.7599 0.6475 -0.0582
vn -0.9087 0.4118 -0.0687
vn -0.8813 0.4371 -0.1798
vn -0.7242 0.6726 -0.1524
vn -0.2549 0.9516 -0.1719
vn 0.0140 0.9999 0.0075
vn -0.2782 0.9530 -0.1198
vn -0.3335 0.9424 -0.0245
vn 0.0151 0.9999 0.0008
vn 0.0128 0.9999 -0.0000
vn -0.3406 0.9402 -0.0000
vn -0.0031 0.9999 0.0161
vn -0.0064 0.9999 0.0156
vn -0.1993 0.7953 0.5726
vn -0.0996 0.7945 0.5990
vn 0.4798 0.7488 0.4572
vn 0.5696 0.8219 0.0071
vn 0.0200 0.9997 0.0152
vn -0.2190 0.9488 -0.2274
vn -0.1729 0.9423 -0.2868
vn 0.0006 0.7941 0.6078
vn -0.1643 0.1632 0.9728
vn 0.0011 0.1623 0.9867
vn -0.3289 0.1656 0.9297
vn 0.0030 0.9999 0.0169
vn -0.0098 0.9998 0.0148
vn -0.0136 0.9998 0.0134
vn -0.3884 0.7971 0.4623
vn -0.2963 0.7963 0.5273
vn -0.4889 0.1691 0.8558
vn -0.6402 0.1731 0.7484
vn 0.0001 0.9999 0.0163
vn -0.0185 0.9998 0.0119
vn -0.0243 0.9997 0.0099
vn -0.5413 0.7972 0.2673
vn -0.4719 0.7975 0.3758
vn -0.7756 0.1776 0.6058
vn -0.8850 0.1820 0.4285
vn -0.0280 0.9996 0.0057
vn -0.0291 0.9996 -0.0000
vn -0.6040 0.7970 -0.0000
vn -0.5876 0.7971 0.1392
vn -0.9571 0.1854 0.2225
vn -0.9824 0.1866 -0.0000
vn -0.0503 0.9331 -0.3560
vn 0.0036 0.9315 -0.3636
vn 0.9848 0.1733 0.0149
vn 0.9837 0.1789 0.0189
vn 0.5663 0.8242 -0.0000
vn -0.3040 0.9503 -0.0667
vn -0.1134 0.9370 -0.3304
vn -0.6664 0.6887 -0.2858
vn 0.1444 0.9346 -0.3251
vn 0.0958 0.9327 -0.3477
vn 0.2055 0.5999 -0.7733
vn 0.3118 0.6093 -0.7291
vn 0.2353 0.9401 -0.2466
vn 0.1911 0.9369 -0.2928
vn 0.4166 0.6228 -0.6622
vn 0.5180 0.6404 -0.5670
vn -0.2462 0.6078 -0.7550
vn -0.1048 0.5965 -0.7957
vn 0.3139 0.9450 -0.0923
vn 0.2785 0.9438 -0.1779
vn 0.6240 0.6600 -0.4184
vn 0.7088 0.6711 -0.2176
vn 0.0102 0.5933 -0.8049
vn 0.1072 0.5951 -0.7965
vn 0.0496 0.9317 -0.3597
vn 0.1242 0.3541 -0.9269
vn 0.2374 0.3590 -0.9026
vn 0.3623 0.3687 -0.8561
vn -0.7683 0.6401 -0.0000
vn -0.6017 0.6791 -0.4204
vn -0.5130 0.6569 -0.5525
vn 0.6129 0.4023 -0.6800
vn 0.7493 0.4213 -0.5110
vn 0.0030 0.9999 -0.0169
vn 0.1052 0.7934 -0.5996
vn 0.0006 0.7941 -0.6078
vn 0.0001 0.9999 -0.0163
vn -0.4580 0.3831 -0.8022
vn -0.3910 0.6282 -0.6727
vn -0.6140 0.4155 -0.6711
vn 0.3274 0.9449 -0.0000
vn -0.1189 0.3532 -0.9280
vn 0.0129 0.3518 -0.9360
vn 0.4880 0.3839 -0.7839
vn 0.8602 0.4337 -0.2682
vn 0.8994 0.4372 -0.0000
vn 0.7393 0.6734 -0.0000
vn 0.3001 0.9190 0.2557
vn -0.8177 0.4575 -0.3492
vn -0.9147 0.4040 -0.0000
vn -0.7319 0.4459 -0.5152
vn -0.2834 0.3623 -0.8879
vn 0.5837 0.7413 0.3314
vn 0.9819 0.1892 -0.0000
vn 0.9839 0.1788 -0.0048
vn 0.5696 0.8219 -0.0071
vn 0.6825 0.2204 0.6968
vn 0.7113 -0.1351 0.6898
vn -0.0647 -0.9975 -0.0278
vn -0.0692 -0.9975 -0.0156
vn 0.1734 -0.0917 0.9806
vn 0.3485 -0.0939 0.9326
vn -0.3302 -0.0927 0.9393
vn -0.1649 -0.0917 0.9820
vn 0.0231 -0.9962 -0.0837
vn 0.0120 -0.9962 -0.0859
vn -0.0000 -1.0000 0.0001
vn -0.0118 -0.9964 -0.0842
vn -0.0263 -0.9967 -0.0770
vn 0.0010 -0.0911 0.9958
vn -0.6444 -0.0977 0.7584
vn -0.4915 -0.0946 0.8657
vn 0.0477 -0.9962 -0.0728
vn 0.0353 -0.9962 -0.0792
vn 0.0010 -0.9963 -0.0865
vn -0.8943 -0.1026 0.4356
vn -0.7822 -0.1007 0.6149
vn 0.0701 -0.9965 -0.0449
vn 0.0595 -0.9963 -0.0625
vn -0.9946 -0.1035 -0.0000
vn -0.9685 -0.1033 0.2265
vn 0.0788 -0.9966 -0.0232
vn 0.0823 -0.9966 -0.0000
vn -0.0515 -0.9846 -0.1668
vn -0.0791 -0.9865 -0.1432
vn -0.0388 -0.9972 -0.0644
vn -0.1016 -0.9885 -0.1122
vn 0.0456 -0.9836 -0.1748
vn 0.0238 -0.9838 -0.1780
vn 0.0026 -0.9838 -0.1793
vn 0.1496 -0.9833 -0.1038
vn 0.1216 -0.9831 -0.1367
vn 0.0956 -0.9832 -0.1554
vn 0.1807 -0.9835 -0.0000
vn 0.1725 -0.9835 -0.0546
vn -0.1482 -0.9885 -0.0303
vn -0.1595 -0.9871 -0.0116
vn -0.0774 -0.9970 -0.0063
vn -0.1646 -0.9864 -0.0000
vn -0.0810 -0.9967 -0.0000
vn 0.7142 0.1740 -0.6780
vn 0.6825 0.2204 -0.6968
vn 0.3001 0.9190 -0.2557
vn 0.4798 0.7488 -0.4572
vn 0.9937 -0.1090 0.0250
vn 0.9941 -0.1081 -0.0000
vn 0.9941 -0.1076 0.0168
vn 0.4779 -0.0968 0.8731
vn 0.3485 -0.0939 -0.9326
vn 0.1734 -0.0917 -0.9806
vn 0.1734 0.1626 -0.9713
vn 0.3485 0.1641 -0.9229
vn -0.1234 -0.9886 -0.0858
vn -0.0592 -0.9975 -0.0397
vn -0.1379 -0.9887 -0.0596
vn -0.0774 -0.9970 0.0063
vn -0.0692 -0.9975 0.0156
vn -0.0647 -0.9975 0.0278
vn -0.0220 -0.9839 -0.1774
vn 0.0701 -0.9834 -0.1677
vn -0.0118 -0.9964 0.0842
vn -0.0000 -1.0000 -0.0001
vn -0.0264 -0.9967 0.0770
vn 0.9941 -0.1085 -0.0067
vn 0.7115 -0.1374 -0.6891
vn 0.2111 0.7953 -0.5683
vn 0.2854 0.8051 -0.5200
vn 0.4762 0.1661 -0.8635
vn -0.0485 -0.9976 0.0495
vn 0.3214 0.8138 -0.4842
vn 0.5349 0.1573 -0.8301
vn 0.0151 0.9999 -0.0008
vn -0.3335 0.9424 0.0245
vn 0.0067 0.9999 -0.0155
vn 0.0125 0.9999 -0.0093
vn 0.0011 0.1623 -0.9867
vn 0.0056 0.9998 -0.0170
vn 0.0247 0.9996 0.0099
vn 0.5572 0.8298 -0.0315
vn 0.5461 0.8371 -0.0315
vn -0.2190 0.9488 0.2274
vn -0.2549 0.9516 0.1719
vn -0.1729 0.9423 0.2868
vn -0.3884 0.7971 -0.4623
vn -0.2963 0.7963 -0.5273
vn -0.4889 0.1691 -0.8558
vn -0.6402 0.1731 -0.7484
vn -0.0031 0.9999 -0.0161
vn -0.0064 0.9999 -0.0156
vn -0.5413 0.7972 -0.2673
vn -0.4719 0.7975 -0.3758
vn -0.7756 0.1776 -0.6058
vn -0.8850 0.1820 -0.4285
vn -0.0098 0.9998 -0.0148
vn -0.0136 0.9998 -0.0134
vn -0.5876 0.7971 -0.1392
vn -0.9571 0.1854 -0.2225
vn -0.0185 0.9998 -0.0119
vn -0.0243 0.9997 -0.0099
vn 0.9837 0.1789 -0.0189
vn 0.9848 0.1733 -0.0149
vn -0.0280 0.9996 -0.0057
vn 0.0036 0.9315 0.3636
vn -0.0503 0.9331 0.3559
vn 0.0200 0.9997 -0.0152
vn -0.2782 0.9530 0.1198
vn 0.0140 0.9999 -0.0075
vn -0.6664 0.6887 0.2858
vn -0.7242 0.6726 0.1524
vn -0.3040 0.9503 0.0667
vn -0.1134 0.9370 0.3304
vn 0.1444 0.9346 0.3251
vn 0.3118 0.6093 0.7291
vn 0.2055 0.5999 0.7733
vn 0.0958 0.9327 0.3477
vn 0.2353 0.9401 0.2466
vn 0.5180 0.6404 0.5670
vn 0.4166 0.6228 0.6622
vn 0.1911 0.9369 0.2928
vn -0.1048 0.5965 0.7957
vn -0.2462 0.6078 0.7550
vn 0.3139 0.9450 0.0923
vn 0.7088 0.6711 0.2176
vn 0.6240 0.6600 0.4184
vn 0.2785 0.9438 0.1779
vn 0.0496 0.9317 0.3597
vn 0.1072 0.5951 0.7965
vn 0.0102 0.5933 0.8049
vn 0.3623 0.3687 0.8561
vn 0.2374 0.3590 0.9026
vn 0.1242 0.3541 0.9269
vn -0.7599 0.6475 0.0582
vn -0.6017 0.6791 0.4204
vn -0.5130 0.6569 0.5525
vn 0.7493 0.4213 0.5110
vn 0.6129 0.4023 0.6800
vn -0.3910 0.6282 0.6727
vn -0.6140 0.4155 0.6711
vn -0.4580 0.3831 0.8022
vn 0.4880 0.3839 0.7839
vn 0.0129 0.3518 0.9360
vn -0.1189 0.3532 0.9280
vn 0.8602 0.4337 0.2682
vn -0.8177 0.4575 0.3492
vn -0.8813 0.4371 0.1798
vn -0.9087 0.4118 0.0687
vn -0.7319 0.4459 0.5152
vn -0.2834 0.3623 0.8879
vn 0.5837 0.7413 -0.3314
vn 0.8663 0.1635 -0.4721
vn 0.7113 -0.1351 -0.6898
vn 0.0010 -0.0911 -0.9958
vn -0.1649 -0.0917 -0.9820
vn 0.0010 -0.9963 0.0865
vn 0.0120 -0.9962 0.0859
vn -0.3302 -0.0927 -0.9393
vn -0.4915 -0.0946 -0.8657
vn 0.0231 -0.9962 0.0837
vn 0.0353 -0.9962 0.0792
vn -0.6444 -0.0977 -0.7584
vn -0.7822 -0.1007 -0.6149
vn 0.0477 -0.9962 0.0728
vn 0.0595 -0.9963 0.0624
vn -0.8943 -0.1026 -0.4356
vn -0.9685 -0.1033 -0.2265
vn 0.0701 -0.9965 0.0449
vn 0.0788 -0.9966 0.0232
vn 0.8643 -0.1171 -0.4892
vn 0.5414 -0.0992 -0.8349
vn -0.0515 -0.9846 0.1668
vn -0.0388 -0.9972 0.0644
vn -0.0791 -0.9865 0.1432
vn -0.1016 -0.9885 0.1122
vn 0.0456 -0.9836 0.1747
vn 0.0238 -0.9837 0.1780
vn 0.0026 -0.9838 0.1794
vn 0.1496 -0.9833 0.1038
vn 0.1216 -0.9831 0.1367
vn 0.0956 -0.9832 0.1554
vn 0.1725 -0.9835 0.0546
vn -0.1482 -0.9885 0.0303
vn -0.1595 -0.9871 0.0116
vn 0.9937 -0.1090 -0.0250
vn 0.9941 -0.1076 -0.0168
vn 0.4779 -0.0968 -0.8731
vn -0.0592 -0.9975 0.0397
vn -0.1234 -0.9886 0.0858
vn -0.1379 -0.9887 0.0596
vn -0.0220 -0.9839 0.1774
vn 0.0701 -0.9834 0.1676
vn -0.4415 -0.8973 -0.0000
vn -0.2832 -0.9591 -0.0000
vn -0.4415 0.8973 -0.0000
vn -0.2832 0.9591 -0.0000
vn -0.0016 -1.0000 -0.0000
vn 0.0002 -0.0000 1.0000
vn -0.0001 -0.0000 1.0000
vn 0.7097 -0.7045 -0.0000
vn 0.9238 -0.3828 -0.0000
vn 0.0002 -0.0000 -1.0000
vn -0.0001 -0.0000 -1.0000
vn 1.0000 -0.0000 -0.0000
vn 0.0577 -0.9983 -0.0000
vn 0.4038 -0.9148 -0.0000
vn -0.2304 -0.9731 -0.0000
vn 0.0577 0.9983 -0.0000
vn -0.2304 0.9731 -0.0000
vn 0.7097 0.7045 -0.0000
vn 0.4038 0.9148 -0.0000
vn 0.9238 0.3828 -0.0000
vn -0.0003 -0.0000 -1.0000
vn -0.0003 -0.0000 1.0000
vn -0.0016 1.0000 -0.0000
vn -0.4253 -0.8953 -0.1326
vn -0.8394 -0.5294 -0.1232
vn -0.7290 -0.4258 -0.5359
vn -0.3602 -0.8945 -0.2648
vn -0.9770 -0.1711 -0.1270
vn -0.8006 -0.1124 -0.5886
vn -0.4127 -0.1710 -0.8947
vn -0.3680 -0.5293 -0.7645
vn -0.2534 -0.8953 -0.3664
vn 0.4780 -0.5907 -0.6501
vn 0.1494 -0.9677 -0.2032
vn 0.5690 -0.2778 -0.7740
vn 0.9770 -0.1711 0.1270
vn 0.8394 -0.5294 0.1232
vn 0.4253 -0.8953 0.1326
vn 0.7290 -0.4258 0.5359
vn 0.3602 -0.8945 0.2648
vn 0.8006 -0.1124 0.5886
vn 0.4127 -0.1710 0.8947
vn 0.3680 -0.5294 0.7645
vn 0.2534 -0.8953 0.3664
vn -0.4780 -0.5907 0.6501
vn -0.1494 -0.9677 0.2032
vn -0.5690 -0.2778 0.7740
vn 0.4455 -0.8953 0.0050
vn 0.4243 -0.8945 -0.1408
vn 0.8587 -0.4258 -0.2850
vn 0.8365 -0.5294 0.1417
vn 0.3541 -0.8953 -0.2704
vn 0.5858 -0.5294 -0.6137
vn 0.6685 -0.1710 -0.7238
vn 0.9431 -0.1124 -0.3130
vn 0.9686 -0.1710 0.1805
vn -0.0794 -0.9677 -0.2393
vn -0.2542 -0.5906 -0.7659
vn -0.4455 -0.8953 -0.0050
vn -0.8365 -0.5294 -0.1417
vn -0.9686 -0.1710 -0.1805
vn -0.3026 -0.2778 -0.9117
vn -0.4243 -0.8945 0.1408
vn -0.8587 -0.4258 0.2850
vn -0.3541 -0.8953 0.2704
vn -0.5858 -0.5294 0.6137
vn -0.6685 -0.1710 0.7238
vn -0.9431 -0.1124 0.3130
vn 0.0794 -0.9677 0.2393
vn 0.2542 -0.5906 0.7659
vn 0.3026 -0.2778 0.9117
vn -0.4253 -0.8953 0.1326
vn -0.3602 -0.8945 0.2648
vn -0.7290 -0.4258 0.5359
vn -0.8394 -0.5294 0.1232
vn -0.2534 -0.8953 0.3664
vn -0.3680 -0.5294 0.7645
vn -0.4127 -0.1710 0.8947
vn -0.8006 -0.1124 0.5886
vn -0.9770 -0.1711 0.1270
vn 0.1494 -0.9677 0.2032
vn 0.4780 -0.5906 0.6501
vn 0.4253 -0.8953 -0.1326
vn 0.8394 -0.5294 -0.1232
vn 0.9770 -0.1711 -0.1270
vn 0.5690 -0.2778 0.7740
vn 0.3602 -0.8945 -0.2648
vn 0.7290 -0.4258 -0.5359
vn 0.2534 -0.8953 -0.3664
vn 0.3680 -0.5294 -0.7645
vn 0.4127 -0.1710 -0.8947
vn 0.8006 -0.1124 -0.5886
vn -0.1494 -0.9677 -0.2032
vn -0.4780 -0.5906 -0.6501
vn -0.5690 -0.2778 -0.7740
vn 0.4455 -0.8953 -0.0050
vn 0.8365 -0.5294 -0.1417
vn 0.8587 -0.4258 0.2850
vn 0.4243 -0.8945 0.1408
vn 0.9686 -0.1710 -0.1805
vn 0.9431 -0.1124 0.3130
vn 0.6685 -0.1710 0.7238
vn 0.5858 -0.5293 0.6137
vn 0.3541 -0.8953 0.2704
vn -0.2542 -0.5906 0.7659
vn -0.0794 -0.9677 0.2393
vn -0.3026 -0.2778 0.9117
vn -0.9686 -0.1710 0.1805
vn -0.8365 -0.5293 0.1417
vn -0.4455 -0.8953 0.0050
vn -0.8587 -0.4258 -0.2850
vn -0.4243 -0.8945 -0.1408
vn -0.9431 -0.1124 -0.3130
vn -0.6685 -0.1710 -0.7238
vn -0.5858 -0.5293 -0.6137
vn -0.3541 -0.8953 -0.2704
vn 0.2542 -0.5906 -0.7659
vn 0.0794 -0.9677 -0.2393
vn 0.3026 -0.2778 -0.9117
vt 0.317653 0.068334
vt 0.334605 0.081663
vt 0.326617 0.104021
vt 0.308488 0.095398
vt 0.390393 0.005796
vt 0.390647 0.009358
vt 0.364212 0.013451
vt 0.362632 0.010308
vt 0.312035 0.065189
vt 0.321649 0.044702
vt 0.326761 0.048685
vt 0.364224 0.341074
vt 0.373949 0.334443
vt 0.418128 0.365523
vt 0.363946 0.346458
vt 0.302469 0.093429
vt 0.303597 0.124380
vt 0.297331 0.123648
vt 0.544124 0.191658
vt 0.549178 0.164050
vt 0.555500 0.164844
vt 0.550231 0.193701
vt 0.327964 0.035662
vt 0.318395 0.043001
vt 0.325473 0.032941
vt 0.358190 0.053192
vt 0.345676 0.063746
vt 0.335886 0.038138
vt 0.344579 0.035212
vt 0.411759 0.062069
vt 0.413303 0.067206
vt 0.404777 0.068939
vt 0.402326 0.064006
vt 0.368224 0.070665
vt 0.369007 0.047190
vt 0.378409 0.063575
vt 0.408451 0.053824
vt 0.400137 0.036114
vt 0.419357 0.034390
vt 0.420564 0.052557
vt 0.327022 0.176169
vt 0.334203 0.198867
vt 0.317224 0.208139
vt 0.308187 0.181740
vt 0.366104 0.017569
vt 0.392309 0.016059
vt 0.384503 0.039084
vt 0.358185 0.081218
vt 0.349630 0.095602
vt 0.303645 0.153554
vt 0.302077 0.183467
vt 0.297310 0.154067
vt 0.311526 0.211038
vt 0.322903 0.127951
vt 0.344643 0.219694
vt 0.358278 0.238275
vt 0.347409 0.252486
vt 0.330482 0.232018
vt 0.325420 0.236001
vt 0.343194 0.257413
vt 0.323206 0.152284
vt 0.374928 0.254124
vt 0.393927 0.265982
vt 0.389308 0.280307
vt 0.367289 0.268755
vt 0.364088 0.274441
vt 0.387248 0.286537
vt 0.414465 0.272648
vt 0.435645 0.273900
vt 0.436602 0.287987
vt 0.412666 0.286783
vt 0.411832 0.293334
vt 0.437050 0.294558
vt 0.341184 0.131560
vt 0.341681 0.151221
vt 0.332239 0.032901
vt 0.340085 0.029386
vt 0.418074 0.014463
vt 0.397317 0.055984
vt 0.343714 0.112790
vt 0.383000 0.071757
vt 0.358082 0.208169
vt 0.350255 0.190312
vt 0.357023 0.186870
vt 0.364127 0.203265
vt 0.382390 0.240213
vt 0.368673 0.224840
vt 0.373788 0.218643
vt 0.386470 0.233021
vt 0.350844 0.116132
vt 0.348656 0.132884
vt 0.416412 0.259131
vt 0.398629 0.252317
vt 0.401480 0.244416
vt 0.417677 0.250803
vt 0.349150 0.150762
vt 0.352034 0.169099
vt 0.344795 0.171092
vt 0.356897 0.167913
vt 0.361640 0.184912
vt 0.368353 0.200512
vt 0.421136 0.061060
vt 0.372950 0.078608
vt 0.363618 0.088294
vt 0.389517 0.228856
vt 0.403621 0.239698
vt 0.526706 0.113079
vt 0.545147 0.106768
vt 0.549439 0.135454
vt 0.529942 0.137096
vt 0.360310 0.103825
vt 0.355985 0.101008
vt 0.367284 0.092090
vt 0.434733 0.260451
vt 0.353667 0.133441
vt 0.354211 0.150374
vt 0.377487 0.215149
vt 0.418605 0.245744
vt 0.433816 0.247018
vt 0.434160 0.252031
vt 0.359965 0.027937
vt 0.385611 0.076443
vt 0.421494 0.066360
vt 0.375997 0.083028
vt 0.355648 0.117794
vt 0.330802 0.039050
vt 0.417652 0.007660
vt 0.444574 0.006063
vt 0.443757 0.012865
vt 0.355035 0.022014
vt 0.352591 0.018435
vt 0.403968 0.386169
vt 0.397779 0.405771
vt 0.351704 0.368993
vt 0.363483 0.368335
vt 0.293646 0.123379
vt 0.298861 0.092597
vt 0.308092 0.212531
vt 0.298459 0.184353
vt 0.515220 0.351161
vt 0.497000 0.347564
vt 0.506409 0.302209
vt 0.533818 0.309243
vt 0.460590 0.347031
vt 0.444225 0.350566
vt 0.418815 0.310239
vt 0.447794 0.302323
vt 0.293654 0.154367
vt 0.340498 0.260049
vt 0.322290 0.238083
vt 0.548296 0.365518
vt 0.532193 0.356981
vt 0.558996 0.320678
vt 0.581073 0.336052
vt 0.478419 0.346145
vt 0.477464 0.299818
vt 0.385827 0.290053
vt 0.361967 0.277571
vt 0.576185 0.391226
vt 0.563661 0.377137
vt 0.599182 0.354799
vt 0.612650 0.376171
vt 0.437309 0.298440
vt 0.411206 0.297095
vt 0.583716 0.406935
vt 0.620925 0.399356
vt 0.623727 0.423457
vt 0.586133 0.423448
vt 0.445053 0.351947
vt 0.431121 0.358148
vt 0.429878 0.356935
vt 0.419790 0.366575
vt 0.514589 0.352574
vt 0.496684 0.349075
vt 0.478451 0.347686
vt 0.574763 0.391805
vt 0.562333 0.377961
vt 0.547121 0.366563
vt 0.584621 0.423448
vt 0.582228 0.407234
vt 0.399550 0.406475
vt 0.398434 0.415172
vt 0.396751 0.414797
vt 0.398134 0.423418
vt 0.396487 0.423418
vt 0.471043 0.006856
vt 0.481084 0.014066
vt 0.477019 0.020482
vt 0.469705 0.011128
vt 0.330513 0.029576
vt 0.351295 0.398066
vt 0.417423 0.003872
vt 0.351289 0.423412
vt 0.338574 0.025856
vt 0.392689 0.322876
vt 0.308538 0.063911
vt 0.545168 0.075102
vt 0.554737 0.104323
vt 0.551173 0.105131
vt 0.541780 0.076422
vt 0.411435 0.376449
vt 0.409831 0.375648
vt 0.405639 0.386860
vt 0.396749 0.432040
vt 0.397774 0.441066
vt 0.351693 0.477825
vt 0.351290 0.448757
vt 0.363943 0.354719
vt 0.403955 0.460668
vt 0.363470 0.478486
vt 0.461016 0.348529
vt 0.531263 0.358230
vt 0.460553 0.499812
vt 0.447743 0.544511
vt 0.418773 0.536586
vt 0.444190 0.496272
vt 0.444392 0.002526
vt 0.472198 0.003579
vt 0.536203 0.079189
vt 0.523580 0.054167
vt 0.528602 0.050353
vt 0.363927 0.500358
vt 0.418104 0.481314
vt 0.373925 0.512374
vt 0.364204 0.505741
vt 0.512124 0.036324
vt 0.516554 0.031780
vt 0.438597 0.033638
vt 0.432724 0.052227
vt 0.508887 0.069481
vt 0.495684 0.053527
vt 0.555762 0.135007
vt 0.519712 0.090174
vt 0.482065 0.044926
vt 0.492990 0.025617
vt 0.501861 0.027299
vt 0.485858 0.072308
vt 0.474595 0.063401
vt 0.496117 0.085149
vt 0.520428 0.240317
vt 0.534399 0.217427
vt 0.540033 0.220670
vt 0.525342 0.244643
vt 0.529668 0.161320
vt 0.525856 0.184925
vt 0.482481 0.273942
vt 0.502851 0.259378
vt 0.506838 0.264612
vt 0.485383 0.279866
vt 0.518478 0.207186
vt 0.507536 0.227670
vt 0.460155 0.283561
vt 0.461866 0.289951
vt 0.493158 0.245837
vt 0.475888 0.260291
vt 0.496611 0.019346
vt 0.504708 0.021728
vt 0.456448 0.269763
vt 0.511528 0.138720
vt 0.509211 0.119221
vt 0.454403 0.034548
vt 0.463634 0.057843
vt 0.470704 0.040493
vt 0.460243 0.066577
vt 0.440133 0.061479
vt 0.443997 0.052901
vt 0.504138 0.101118
vt 0.503444 0.197643
vt 0.496744 0.193629
vt 0.501449 0.176304
vt 0.508661 0.178748
vt 0.483737 0.233025
vt 0.478674 0.226460
vt 0.489288 0.210302
vt 0.495251 0.215754
vt 0.502032 0.121556
vt 0.497545 0.105276
vt 0.452670 0.256619
vt 0.450278 0.248554
vt 0.465211 0.239868
vt 0.469239 0.247315
vt 0.511313 0.158876
vt 0.503862 0.157949
vt 0.504087 0.139341
vt 0.492163 0.191494
vt 0.496591 0.175023
vt 0.498883 0.157479
vt 0.430553 0.060821
vt 0.471085 0.071859
vt 0.481551 0.079953
vt 0.462354 0.235645
vt 0.475069 0.222784
vt 0.490622 0.091241
vt 0.478522 0.084155
vt 0.486765 0.094488
vt 0.485130 0.207343
vt 0.499039 0.139687
vt 0.497174 0.122783
vt 0.448678 0.243717
vt 0.458348 0.071620
vt 0.438397 0.066666
vt 0.429717 0.066114
vt 0.468736 0.076644
vt 0.493014 0.107393
vt 0.506921 0.027506
vt 0.509228 0.023840
vt 0.483020 0.010261
vt 0.559412 0.134751
vt 0.559225 0.165178
vt 0.478382 0.500704
vt 0.477408 0.547029
vt 0.496964 0.499293
vt 0.506352 0.544651
vt 0.553875 0.194679
vt 0.543463 0.222294
vt 0.515186 0.495704
vt 0.533764 0.537630
vt 0.532162 0.489891
vt 0.558948 0.526207
vt 0.528411 0.246895
vt 0.509390 0.267444
vt 0.548268 0.481362
vt 0.581032 0.510844
vt 0.563639 0.469751
vt 0.599150 0.492106
vt 0.487276 0.283173
vt 0.462994 0.293598
vt 0.576171 0.455668
vt 0.612629 0.470739
vt 0.583708 0.439960
vt 0.620915 0.447557
vt 0.511283 0.020869
vt 0.519484 0.029698
vt 0.445018 0.494891
vt 0.429848 0.489902
vt 0.431091 0.488690
vt 0.419766 0.480262
vt 0.514555 0.494291
vt 0.496649 0.497781
vt 0.478415 0.499163
vt 0.574749 0.455089
vt 0.562310 0.468926
vt 0.547094 0.480317
vt 0.582220 0.439661
vt 0.399545 0.440362
vt 0.398432 0.431665
vt 0.505945 0.018270
vt 0.497625 0.015715
vt 0.392657 0.523943
vt 0.531818 0.048641
vt 0.363927 0.492099
vt 0.409813 0.471188
vt 0.411416 0.470389
vt 0.405626 0.459977
vt 0.460980 0.498314
vt 0.531232 0.488642
vt 0.865567 0.002515
vt 0.866235 0.002517
vt 0.866235 0.008470
vt 0.865567 0.008472
vt 0.849595 0.008472
vt 0.848927 0.008470
vt 0.848927 0.002517
vt 0.849595 0.002515
vt 0.875671 0.008472
vt 0.875671 0.002515
vt 0.021909 0.068917
vt 0.031345 0.068902
vt 0.031345 0.074801
vt 0.021909 0.074785
vt 0.860506 0.002515
vt 0.860506 0.008472
vt 0.859044 0.008472
vt 0.859044 0.002515
vt 0.064138 0.009286
vt 0.064138 0.003418
vt 0.073575 0.003403
vt 0.073575 0.009302
vt 0.857581 0.008472
vt 0.857581 0.002515
vt 0.863348 0.002515
vt 0.863348 0.008472
vt 0.861962 0.008472
vt 0.861962 0.002515
vt 0.864579 0.008472
vt 0.864579 0.002515
vt 0.851814 0.002515
vt 0.851814 0.008472
vt 0.850584 0.008472
vt 0.850584 0.002515
vt 0.854656 0.002515
vt 0.854656 0.008472
vt 0.853200 0.008472
vt 0.853200 0.002515
vt 0.856118 0.008472
vt 0.856118 0.002515
vt 0.074136 0.003041
vt 0.075067 0.002709
vt 0.076288 0.002559
vt 0.077635 0.002885
vt 0.078842 0.003700
vt 0.079651 0.004919
vt 0.079941 0.006352
vt 0.079651 0.007786
vt 0.078842 0.009004
vt 0.077635 0.009819
vt 0.076288 0.010145
vt 0.075067 0.009995
vt 0.074136 0.009663
vt 0.031906 0.068541
vt 0.032838 0.068208
vt 0.034059 0.068058
vt 0.035406 0.068385
vt 0.036612 0.069199
vt 0.037422 0.070418
vt 0.037711 0.071851
vt 0.037422 0.073285
vt 0.036612 0.074504
vt 0.035406 0.075318
vt 0.034059 0.075644
vt 0.032838 0.075494
vt 0.031906 0.075162
vt 0.839491 0.002515
vt 0.839491 0.008472
vt 0.295368 0.037551
vt 0.295158 0.035168
vt 0.301576 0.041874
vt 0.299713 0.042989
vt 0.295732 0.032823
vt 0.303584 0.040673
vt 0.306789 0.051302
vt 0.304452 0.050700
vt 0.302451 0.049388
vt 0.302746 0.054883
vt 0.300955 0.051891
vt 0.303900 0.056812
vt 0.297678 0.056754
vt 0.298253 0.054409
vt 0.298042 0.052026
vt 0.291834 0.047703
vt 0.293697 0.046588
vt 0.289827 0.048904
vt 0.286621 0.038275
vt 0.288959 0.038877
vt 0.290959 0.040189
vt 0.290665 0.034694
vt 0.292455 0.037686
vt 0.289511 0.032765
vt 0.296705 0.044788
vt 0.556148 0.080510
vt 0.558885 0.086909
vt 0.557022 0.088024
vt 0.554148 0.079197
vt 0.563230 0.092348
vt 0.563440 0.094731
vt 0.562865 0.097075
vt 0.555015 0.089225
vt 0.551810 0.078595
vt 0.566143 0.092213
vt 0.567933 0.095205
vt 0.567639 0.089710
vt 0.569639 0.091022
vt 0.571977 0.091624
vt 0.569087 0.097134
vt 0.564901 0.083310
vt 0.566765 0.082196
vt 0.560557 0.077872
vt 0.560347 0.075489
vt 0.560922 0.073144
vt 0.568772 0.080995
vt 0.557644 0.078007
vt 0.555854 0.075015
vt 0.554700 0.073086
vt 0.561893 0.085110
vt 0.095852 0.007315
vt 0.091507 0.012753
vt 0.089644 0.011638
vt 0.096062 0.004932
vt 0.088770 0.019153
vt 0.086770 0.020465
vt 0.084432 0.021067
vt 0.087637 0.010438
vt 0.095487 0.002587
vt 0.090266 0.021656
vt 0.088476 0.024648
vt 0.093179 0.021791
vt 0.092969 0.024173
vt 0.093544 0.026518
vt 0.087322 0.026577
vt 0.097524 0.016352
vt 0.099387 0.017467
vt 0.100261 0.009953
vt 0.102261 0.008640
vt 0.104599 0.008038
vt 0.101394 0.018668
vt 0.098765 0.007450
vt 0.100555 0.004457
vt 0.101709 0.002528
vt 0.094515 0.014553
vt 0.990998 0.010390
vt 0.992534 0.008556
vt 0.992330 0.017836
vt 0.990224 0.017307
vt 0.994598 0.007305
vt 0.994598 0.018407
vt 0.989348 0.028189
vt 0.988121 0.026110
vt 0.987634 0.023768
vt 0.983956 0.027861
vt 0.984806 0.024480
vt 0.983408 0.030041
vt 0.979051 0.025600
vt 0.981115 0.024349
vt 0.982651 0.022515
vt 0.981319 0.015068
vt 0.983425 0.015598
vt 0.979051 0.014498
vt 0.984301 0.004716
vt 0.985528 0.006795
vt 0.986014 0.009137
vt 0.989693 0.005044
vt 0.988842 0.008425
vt 0.990240 0.002864
vt 0.986824 0.016452
s 1
usemtl comic
f 4483/4949/4369 4600/4950/4370 4470/4951/4371 4393/4952/4372
f 4500/4953/4373 4598/4954/4374 4527/4955/4375 4413/4956/4376
f 4483/4949/4369 4597/4957/4377 4512/4958/4378 4400/4959/4379
f 4416/4960/4380 4415/4961/4380 4507/4962/4381 4414/4963/4382
f 4510/4964/4383 4393/4952/4372 4456/4965/4384 4625/4966/4385
f 4423/4967/4386 4533/4968/4387 4664/4969/4388 4582/4970/4389
f 4529/4971/4390 4512/4958/4378 4415/4972/4391 4416/4973/4392
f 4599/4974/4393 4463/4975/4394 4399/4976/4395 4482/4977/4396
f 4617/4978/4397 4506/4979/4398 4418/4980/4399 4525/4981/4400
f 4621/4982/4401 4599/4974/4393 4480/4983/4402 4478/4984/4403
f 4483/4949/4369 4393/4952/4372 4510/4964/4383 4597/4957/4377
f 4607/4985/4404 4622/4986/4405 4469/4987/4406 4461/4988/4407
f 4605/4989/4408 4472/4990/4409 4395/4991/4410 4457/4992/4411
f 4463/4975/4394 4600/4950/4370 4483/4949/4369 4400/4959/4379
f 4398/4993/4412 4481/4994/4413 4622/4986/4405 4479/4995/4414
f 4477/4996/4415 4463/4975/4394 4599/4974/4393 4621/4982/4401
f 4463/4975/4394 4477/4996/4415 4618/4997/4416 4600/4950/4370
f 4394/4998/4417 4457/4992/4411 4624/4999/4418 4511/5000/4419
f 4456/4965/4384 4394/4998/4417 4511/5000/4419 4625/4966/4385
f 4457/4992/4411 4395/4991/4410 4513/5001/4420 4624/4999/4418
f 4470/4951/4371 4603/5002/4421 4456/4965/4384 4393/4952/4372
f 4601/5003/4422 4473/5004/4423 4396/5005/4424 4458/5006/4425
f 4395/4991/4410 4458/5006/4425 4623/5007/4426 4513/5001/4420
f 4458/5006/4425 4396/5005/4424 4514/5008/4427 4623/5007/4426
f 4471/5009/4428 4605/4989/4408 4457/4992/4411 4394/4998/4417
f 4602/5010/4429 4474/5011/4430 4397/5012/4431 4459/5013/4432
f 4396/5005/4424 4459/5013/4432 4627/5014/4433 4514/5008/4427
f 4459/5013/4432 4397/5012/4431 4515/5015/4434 4627/5014/4433
f 4472/4990/4409 4601/5003/4422 4458/5006/4425 4395/4991/4410
f 4604/5016/4435 4475/5017/4436 4427/5018/4437 4460/5019/4438
f 4397/5012/4431 4460/5019/4438 4628/5020/4439 4515/5015/4434
f 4460/5019/4438 4427/5018/4437 4516/5021/4440 4628/5020/4439
f 4473/5004/4423 4602/5010/4429 4459/5013/4432 4396/5005/4424
f 4603/5002/4421 4608/5022/4441 4464/5023/4442 4471/5009/4428
f 4482/4977/4396 4399/4976/4395 4528/5024/4443 4620/5025/4444
f 4474/5011/4430 4604/5016/4435 4460/5019/4438 4397/5012/4431
f 4398/4993/4412 4527/4955/4375 4598/4954/4374 4481/4994/4413
f 4622/4986/4405 4481/4994/4413 4426/5026/4445 4469/4987/4406
f 4525/4981/4400 4476/5027/4446 4607/4985/4404 4617/4978/4397
f 4600/4950/4370 4618/4997/4416 4462/5028/4447 4470/4951/4371
f 4525/4981/4400 4531/5029/4448 4478/4984/4403 4476/5027/4446
f 4612/5030/4449 4465/5031/4450 4522/5032/4451 4606/5033/4452
f 4465/5031/4450 4612/5030/4449 4601/5003/4422 4472/4990/4409
f 4614/5034/4453 4466/5035/4454 4521/5036/4455 4611/5037/4456
f 4466/5035/4454 4614/5034/4453 4602/5010/4429 4473/5004/4423
f 4462/5028/4447 4519/5038/4457 4626/5039/4458 4608/5022/4441
f 4462/5028/4447 4608/5022/4441 4603/5002/4421 4470/4951/4371
f 4616/5040/4459 4467/5041/4460 4523/5042/4461 4615/5043/4462
f 4467/5041/4460 4616/5040/4459 4604/5016/4435 4474/5011/4430
f 4464/5023/4442 4518/5044/4463 4613/5045/4464 4610/5046/4465
f 4464/5023/4442 4610/5046/4465 4605/4989/4408 4471/5009/4428
f 4602/5010/4429 4614/5034/4453 4467/5041/4460 4474/5011/4430
f 4466/5035/4454 4612/5030/4449 4606/5033/4452 4521/5036/4455
f 4613/5045/4464 4497/5047/4466 4409/5048/4467 4522/5032/4451
f 4522/5032/4451 4409/5048/4467 4495/5049/4468 4606/5033/4452
f 4617/4978/4397 4607/4985/4404 4461/4988/4407 4526/5050/4469
f 4476/5027/4446 4478/4984/4403 4480/4983/4402 4479/4995/4414
f 4476/5027/4446 4479/4995/4414 4622/4986/4405 4607/4985/4404
f 4477/4996/4415 4621/4982/4401 4619/5051/4470 4520/5052/4471
f 4608/5022/4441 4626/5039/4458 4518/5044/4463 4464/5023/4442
f 4605/4989/4408 4610/5046/4465 4465/5031/4450 4472/4990/4409
f 4611/5037/4456 4489/5053/4472 4412/5054/4473 4523/5042/4461
f 4643/5055/4474 4532/5056/4475 4422/5057/4476 4544/5058/4477
f 4509/5059/4478 4609/5060/4479 4520/5052/4471 4419/5061/4480
f 4477/4996/4415 4520/5052/4471 4609/5060/4479 4618/4997/4416
f 4610/5046/4465 4613/5045/4464 4522/5032/4451 4465/5031/4450
f 4601/5003/4422 4612/5030/4449 4466/5035/4454 4473/5004/4423
f 4604/5016/4435 4616/5040/4459 4468/5062/4481 4475/5017/4436
f 4467/5041/4460 4614/5034/4453 4611/5037/4456 4523/5042/4461
f 4626/5039/4458 4492/5063/4482 4411/5064/4483 4518/5044/4463
f 4521/5036/4455 4410/5065/4484 4489/5053/4472 4611/5037/4456
f 4615/5043/4462 4498/5066/4485 4443/5067/4486 4524/5068/4487
f 4411/5064/4483 4497/5047/4466 4613/5045/4464 4518/5044/4463
f 4479/4995/4414 4480/4983/4402 4402/5069/4488 4398/4993/4412
f 4468/5062/4481 4616/5040/4459 4615/5043/4462 4524/5068/4487
f 4420/5070/4489 4531/5029/4448 4525/4981/4400 4418/4980/4399
f 4412/5054/4473 4498/5066/4485 4615/5043/4462 4523/5042/4461
f 4506/4979/4398 4617/4978/4397 4526/5050/4469 4446/5071/4490
f 4419/5061/4480 4520/5052/4471 4619/5051/4470 4508/5072/4491
f 4618/4997/4416 4609/5060/4479 4519/5038/4457 4462/5028/4447
f 4609/5060/4479 4509/5059/4478 4408/5073/4492 4519/5038/4457
f 4508/5072/4491 4619/5051/4470 4531/5029/4448 4420/5070/4489
f 4619/5051/4470 4621/4982/4401 4478/4984/4403 4531/5029/4448
f 4401/5074/4493 4399/4976/4395 4463/4975/4394 4400/4959/4379
f 4517/5075/4494 4638/5076/4495 4553/5077/4496 4426/5026/4445
f 4529/4971/4390 4401/5074/4493 4400/4959/4379 4512/4958/4378
f 4527/4955/4375 4530/5078/4497 4417/5079/4498 4413/4956/4376
f 4480/4983/4402 4599/4974/4393 4482/4977/4396 4402/5069/4488
f 4606/5033/4452 4495/5049/4468 4410/5065/4484 4521/5036/4455
f 4519/5038/4457 4408/5073/4492 4492/5063/4482 4626/5039/4458
f 4504/5080/4499 4503/5081/4500 4413/5082/4382 4417/5083/4382
f 4625/4966/4385 4484/5084/4501 4403/5085/4502 4510/4964/4383
f 4405/5086/4503 4485/5087/4504 4624/4999/4418 4513/5001/4420
f 4496/5088/4505 4630/5089/4506 4485/5090/4380 4405/5091/4507
f 4635/5092/4508 4494/5093/4509 4403/5094/4507 4484/5095/4380
f 4624/4999/4418 4485/5087/4504 4404/5096/4510 4511/5000/4419
f 4406/5097/4511 4486/5098/4512 4623/5007/4426 4514/5008/4427
f 4491/5099/4513 4636/5100/4514 4486/5101/4507 4406/5102/4380
f 4630/5089/4506 4493/5103/4515 4404/5104/4380 4485/5090/4380
f 4623/5007/4426 4486/5098/4512 4405/5086/4503 4513/5001/4420
f 4407/5105/4516 4487/5106/4517 4627/5014/4433 4515/5015/4434
f 4490/5107/4518 4631/5108/4519 4487/5109/4380 4407/5110/4380
f 4636/5100/4514 4496/5088/4505 4405/5091/4507 4486/5101/4507
f 4627/5014/4433 4487/5106/4517 4406/5097/4511 4514/5008/4427
f 4439/5111/4520 4488/5112/4521 4628/5020/4439 4516/5021/4440
f 4632/5113/4522 4488/5114/4380 4439/5115/4380 4499/5116/4523
f 4631/5108/4519 4491/5099/4513 4406/5102/4380 4487/5109/4380
f 4628/5020/4439 4488/5112/4521 4407/5105/4516 4515/5015/4434
f 4490/5107/4518 4407/5110/4380 4488/5114/4380 4632/5113/4522
f 4408/5117/4524 4509/5118/4525 4629/5119/4526 4494/5093/4509
f 4509/5118/4525 4419/5120/4527 4507/4962/4381 4629/5119/4526
f 4409/5121/4528 4497/5122/4529 4630/5089/4506 4496/5088/4505
f 4497/5122/4529 4411/5123/4530 4493/5103/4515 4630/5089/4506
f 4412/5124/4531 4489/5125/4532 4631/5108/4519 4490/5107/4518
f 4489/5125/4532 4410/5126/4533 4491/5099/4513 4631/5108/4519
f 4443/5127/4534 4498/5128/4535 4632/5113/4522 4499/5116/4523
f 4498/5128/4535 4412/5124/4531 4490/5107/4518 4632/5113/4522
f 4418/5129/4536 4506/5130/4537 4633/5131/4538 4503/5081/4500
f 4506/5130/4537 4446/5132/4539 4505/5133/4540 4633/5131/4538
f 4592/5134/4541 4595/5135/4542 4432/5136/4543 4428/5137/4544
f 4414/5138/4545 4528/5024/4443 4529/4971/4390 4416/4973/4392
f 4503/5081/4500 4633/5131/4538 4500/5139/4380 4413/5082/4382
f 4438/5140/4546 4517/5075/4494 4598/4954/4374 4500/4953/4373
f 4500/5139/4380 4633/5131/4538 4505/5133/4540 4438/5141/4380
f 4399/4976/4395 4401/5074/4493 4529/4971/4390 4528/5024/4443
f 4530/5078/4497 4620/5025/4444 4501/5142/4547 4417/5079/4498
f 4507/4962/4381 4415/4961/4380 4502/5143/4507 4629/5119/4526
f 4415/4972/4391 4512/4958/4378 4597/4957/4377 4502/5144/4548
f 4501/5142/4547 4620/5025/4444 4528/5024/4443 4414/5138/4545
f 4629/5119/4526 4502/5143/4507 4403/5094/4507 4494/5093/4509
f 4433/5145/4549 4556/5146/4550 4665/5147/4551 4579/5148/4552
f 4502/5144/4548 4597/4957/4377 4510/4964/4383 4403/5085/4502
f 4419/5120/4527 4508/5149/4553 4634/5150/4554 4507/4962/4381
f 4508/5149/4553 4420/5151/4555 4504/5080/4499 4634/5150/4554
f 4420/5151/4555 4418/5129/4536 4503/5081/4500 4504/5080/4499
f 4673/5152/4556 4574/5153/4557 4447/5154/4382 4571/5155/4380
f 4504/5080/4499 4417/5083/4382 4501/5156/4382 4634/5150/4554
f 4574/5153/4557 4575/5157/4558 4451/5158/4382 4447/5154/4382
f 4411/5123/4530 4492/5159/4559 4635/5092/4508 4493/5103/4515
f 4492/5159/4559 4408/5117/4524 4494/5093/4509 4635/5092/4508
f 4410/5126/4533 4495/5160/4560 4636/5100/4514 4491/5099/4513
f 4495/5160/4560 4409/5121/4528 4496/5088/4505 4636/5100/4514
f 4634/5150/4554 4501/5156/4382 4414/4963/4382 4507/4962/4381
f 4675/5161/4561 4556/5162/4380 4433/5163/4562 4566/5164/4563
f 4638/5076/4495 4571/5165/4564 4447/5166/4565 4592/5134/4541
f 4421/5167/4566 4555/5168/4567 4637/5169/4568 4579/5148/4552
f 4448/5170/4382 4453/5171/4569 4449/5172/4380 4450/5173/4380
f 4404/5096/4510 4484/5084/4501 4625/4966/4385 4511/5000/4419
f 4637/5169/4568 4555/5168/4567 4430/5174/4570 4581/5175/4571
f 4461/4988/4407 4469/4987/4406 4662/5176/4572 4647/5177/4573
f 4555/5168/4567 4640/5178/4574 4538/5179/4575 4430/5174/4570
f 4422/5057/4476 4532/5056/4475 4665/5147/4551 4580/5180/4576
f 4543/5181/4577 4421/5167/4566 4532/5056/4475 4643/5055/4474
f 4421/5167/4566 4543/5181/4577 4640/5178/4574 4555/5168/4567
f 4639/5182/4578 4554/5183/4579 4429/5184/4580 4538/5179/4575
f 4549/5185/4581 4661/5186/4582 4639/5182/4578 4538/5179/4575
f 4640/5178/4574 4658/5187/4583 4549/5185/4581 4538/5179/4575
f 4532/5056/4475 4421/5167/4566 4579/5148/4552 4665/5147/4551
f 4424/5188/4584 4534/5189/4585 4663/5190/4586 4583/5191/4587
f 4544/5058/4477 4422/5057/4476 4533/4968/4387 4645/5192/4588
f 4645/5192/4588 4533/4968/4387 4423/4967/4386 4545/5193/4589
f 4533/4968/4387 4422/5057/4476 4580/5180/4576 4664/4969/4388
f 4425/5194/4590 4535/5195/4591 4667/5196/4592 4584/5197/4593
f 4545/5193/4589 4423/4967/4386 4534/5189/4585 4641/5198/4594
f 4641/5198/4594 4534/5189/4585 4424/5188/4584 4546/5199/4595
f 4534/5189/4585 4423/4967/4386 4582/4970/4389 4663/5190/4586
f 4427/5018/4437 4536/5200/4596 4668/5201/4597 4516/5021/4440
f 4546/5199/4595 4424/5188/4584 4535/5195/4591 4642/5202/4598
f 4642/5202/4598 4535/5195/4591 4425/5194/4590 4547/5203/4599
f 4535/5195/4591 4424/5188/4584 4583/5191/4587 4667/5196/4592
f 4429/5184/4580 4554/5183/4579 4660/5204/4600 4593/5205/4601
f 4547/5203/4599 4425/5194/4590 4536/5200/4596 4644/5206/4602
f 4644/5206/4602 4536/5200/4596 4427/5018/4437 4475/5017/4436
f 4536/5200/4596 4425/5194/4590 4584/5197/4593 4668/5201/4597
f 4539/5207/4603 4648/5208/4604 4643/5055/4474 4544/5058/4477
f 4553/5077/4496 4428/5137/4544 4551/5209/4605 4662/5176/4572
f 4638/5076/4495 4592/5134/4541 4428/5137/4544 4553/5077/4496
f 4662/5176/4572 4469/4987/4406 4426/5026/4445 4553/5077/4496
f 4661/5186/4582 4550/5210/4606 4552/5211/4607 4639/5182/4578
f 4550/5210/4606 4596/5212/4608 4591/5213/4609 4548/5214/4610
f 4537/5215/4611 4658/5187/4583 4640/5178/4574 4543/5181/4577
f 4652/5216/4612 4646/5217/4613 4589/5218/4614 4540/5219/4615
f 4641/5198/4594 4652/5216/4612 4540/5219/4615 4545/5193/4589
f 4654/5220/4616 4651/5221/4617 4588/5222/4618 4541/5223/4619
f 4642/5202/4598 4654/5220/4616 4541/5223/4619 4546/5199/4595
f 4648/5208/4604 4666/5224/4620 4586/5225/4621 4537/5215/4611
f 4643/5055/4474 4648/5208/4604 4537/5215/4611 4543/5181/4577
f 4656/5226/4622 4655/5227/4623 4590/5228/4624 4542/5229/4625
f 4644/5206/4602 4656/5226/4622 4542/5229/4625 4547/5203/4599
f 4650/5230/4626 4653/5231/4627 4585/5232/4628 4539/5207/4603
f 4645/5192/4588 4650/5230/4626 4539/5207/4603 4544/5058/4477
f 4542/5229/4625 4654/5220/4616 4642/5202/4598 4547/5203/4599
f 4646/5217/4613 4567/5233/4629 4441/5234/4630 4589/5218/4614
f 4589/5218/4614 4441/5234/4630 4569/5235/4631 4653/5231/4627
f 4541/5223/4619 4588/5222/4618 4646/5217/4613 4652/5216/4612
f 4591/5213/4609 4657/5236/4632 4647/5177/4573 4548/5214/4610
f 4657/5236/4632 4526/5050/4469 4461/4988/4407 4647/5177/4573
f 4659/5237/4633 4661/5186/4582 4549/5185/4581 4587/5238/4634
f 4647/5177/4573 4662/5176/4572 4551/5209/4605 4548/5214/4610
f 4550/5210/4606 4548/5214/4610 4551/5209/4605 4552/5211/4607
f 4540/5219/4615 4650/5230/4626 4645/5192/4588 4545/5193/4589
f 4539/5207/4603 4585/5232/4628 4666/5224/4620 4648/5208/4604
f 4445/5239/4635 4561/5240/4636 4651/5221/4617 4590/5228/4624
f 4549/5185/4581 4658/5187/4583 4649/5241/4637 4587/5238/4634
f 4454/5242/4638 4587/5238/4634 4649/5241/4637 4578/5243/4639
f 4517/5075/4494 4426/5026/4445 4481/4994/4413 4598/4954/4374
f 4541/5223/4619 4652/5216/4612 4641/5198/4594 4546/5199/4595
f 4540/5219/4615 4589/5218/4614 4653/5231/4627 4650/5230/4626
f 4468/5062/4481 4656/5226/4622 4644/5206/4602 4475/5017/4436
f 4651/5221/4617 4561/5240/4636 4442/5244/4640 4588/5222/4618
f 4444/5245/4641 4564/5246/4642 4666/5224/4620 4585/5232/4628
f 4542/5229/4625 4590/5228/4624 4651/5221/4617 4654/5220/4616
f 4653/5231/4627 4569/5235/4631 4444/5245/4641 4585/5232/4628
f 4443/5067/4486 4570/5247/4643 4655/5227/4623 4524/5068/4487
f 4552/5211/4607 4551/5209/4605 4428/5137/4544 4432/5136/4543
f 4655/5227/4623 4570/5247/4643 4445/5239/4635 4590/5228/4624
f 4455/5248/4644 4452/5249/4645 4591/5213/4609 4596/5212/4608
f 4468/5062/4481 4524/5068/4487 4655/5227/4623 4656/5226/4622
f 4657/5236/4632 4576/5250/4646 4446/5071/4490 4526/5050/4469
f 4577/5251/4647 4659/5237/4633 4587/5238/4634 4454/5242/4638
f 4658/5187/4583 4537/5215/4611 4586/5225/4621 4649/5241/4637
f 4550/5210/4606 4661/5186/4582 4659/5237/4633 4596/5212/4608
f 4455/5248/4644 4596/5212/4608 4659/5237/4633 4577/5251/4647
f 4578/5243/4639 4649/5241/4637 4586/5225/4621 4440/5252/4648
f 4431/5253/4649 4430/5174/4570 4538/5179/4575 4429/5184/4580
f 4594/5254/4650 4581/5175/4571 4430/5174/4570 4431/5253/4649
f 4576/5250/4646 4657/5236/4632 4591/5213/4609 4452/5249/4645
f 4592/5134/4541 4447/5166/4565 4451/5255/4651 4595/5135/4542
f 4552/5211/4607 4432/5136/4543 4554/5183/4579 4639/5182/4578
f 4666/5224/4620 4564/5246/4642 4440/5252/4648 4586/5225/4621
f 4588/5222/4618 4442/5244/4640 4567/5233/4629 4646/5217/4613
f 4665/5147/4551 4556/5146/4550 4434/5256/4652 4580/5180/4576
f 4434/5256/4652 4557/5257/4653 4664/4969/4388 4580/5180/4576
f 4565/5258/4654 4434/5259/4380 4556/5162/4380 4675/5161/4561
f 4670/5260/4655 4557/5261/4380 4434/5259/4380 4565/5258/4654
f 4664/4969/4388 4557/5257/4653 4435/5262/4656 4582/4970/4389
f 4435/5262/4656 4558/5263/4657 4663/5190/4586 4582/4970/4389
f 4568/5264/4658 4435/5265/4562 4557/5261/4380 4670/5260/4655
f 4676/5266/4659 4558/5267/4562 4435/5265/4562 4568/5264/4658
f 4663/5190/4586 4558/5263/4657 4436/5268/4660 4583/5191/4587
f 4436/5268/4660 4559/5269/4661 4667/5196/4592 4583/5191/4587
f 4563/5270/4662 4436/5271/4380 4558/5267/4562 4676/5266/4659
f 4671/5272/4663 4559/5273/4380 4436/5271/4380 4563/5270/4662
f 4667/5196/4592 4559/5269/4661 4437/5274/4664 4584/5197/4593
f 4437/5274/4664 4560/5275/4665 4668/5201/4597 4584/5197/4593
f 4562/5276/4666 4437/5277/4380 4559/5273/4380 4671/5272/4663
f 4672/5278/4667 4560/5279/4380 4437/5277/4380 4562/5276/4666
f 4668/5201/4597 4560/5275/4665 4439/5111/4520 4516/5021/4440
f 4499/5116/4523 4439/5115/4380 4560/5279/4380 4672/5278/4667
f 4581/5175/4571 4594/5254/4650 4450/5280/4668 4449/5281/4669
f 4440/5282/4670 4566/5164/4563 4669/5283/4671 4578/5284/4672
f 4578/5284/4672 4669/5283/4671 4453/5171/4569 4454/5285/4673
f 4441/5286/4674 4568/5264/4658 4670/5260/4655 4569/5287/4675
f 4569/5287/4675 4670/5260/4655 4565/5258/4654 4444/5288/4676
f 4445/5289/4677 4562/5276/4666 4671/5272/4663 4561/5290/4678
f 4561/5290/4678 4671/5272/4663 4563/5270/4662 4442/5291/4679
f 4443/5127/4534 4499/5116/4523 4672/5278/4667 4570/5292/4680
f 4570/5292/4680 4672/5278/4667 4562/5276/4666 4445/5289/4677
f 4452/5293/4681 4574/5153/4557 4673/5152/4556 4576/5294/4682
f 4576/5294/4682 4673/5152/4556 4505/5133/4540 4446/5132/4539
f 4432/5136/4543 4595/5135/4542 4660/5204/4600 4554/5183/4579
f 4448/5295/4683 4450/5280/4668 4594/5254/4650 4593/5205/4601
f 4673/5152/4556 4571/5155/4380 4438/5141/4380 4505/5133/4540
f 4402/5069/4488 4482/4977/4396 4620/5025/4444 4530/5078/4497
f 4638/5076/4495 4517/5075/4494 4438/5140/4546 4571/5165/4564
f 4660/5204/4600 4595/5135/4542 4451/5255/4651 4572/5296/4684
f 4448/5295/4683 4593/5205/4601 4660/5204/4600 4572/5296/4684
f 4566/5164/4563 4433/5163/4562 4573/5297/4562 4669/5283/4671
f 4431/5253/4649 4429/5184/4580 4593/5205/4601 4594/5254/4650
f 4433/5145/4549 4579/5148/4552 4637/5169/4568 4573/5298/4685
f 4493/5103/4515 4635/5092/4508 4484/5095/4380 4404/5104/4380
f 4669/5283/4671 4573/5297/4562 4449/5172/4380 4453/5171/4569
f 4572/5299/4382 4674/5300/4686 4453/5171/4569 4448/5170/4382
f 4637/5169/4568 4581/5175/4571 4449/5281/4669 4573/5298/4685
f 4454/5285/4673 4453/5171/4569 4674/5300/4686 4577/5301/4687
f 4577/5301/4687 4674/5300/4686 4575/5157/4558 4455/5302/4688
f 4575/5157/4558 4574/5153/4557 4452/5293/4681 4455/5302/4688
f 4575/5157/4558 4674/5300/4686 4572/5299/4382 4451/5158/4382
f 4444/5288/4676 4565/5258/4654 4675/5161/4561 4564/5303/4689
f 4564/5303/4689 4675/5161/4561 4566/5164/4563 4440/5282/4670
f 4603/5002/4421 4471/5009/4428 4394/4998/4417 4456/4965/4384
f 4442/5291/4679 4563/5270/4662 4676/5266/4659 4567/5304/4690
f 4567/5304/4690 4676/5266/4659 4568/5264/4658 4441/5286/4674
f 4527/4955/4375 4398/4993/4412 4402/5069/4488 4530/5078/4497
f 4677/5305/4691 4686/5306/4692 4704/5307/4692 4693/5308/4691
f 4694/5309/4693 4701/5310/4694 4702/5311/4694 4678/5312/4693
f 4700/5313/4695 4704/5307/4692 4686/5306/4692 4684/5314/4695
f 4684/5315/4696 4686/5316/4697 4702/5317/4697 4685/5318/4696
f 4679/5319/4698 4695/5320/4698 4705/5321/4699 4687/5322/4699
f 4700/5323/4700 4703/5324/4700 4701/5325/4701 4704/5326/4701
f 4687/5322/4699 4705/5321/4699 4696/5327/4702 4680/5328/4702
f 4681/5329/4703 4697/5330/4703 4706/5331/4704 4688/5332/4704
f 4688/5332/4704 4706/5331/4704 4695/5320/4698 4679/5319/4698
f 4677/5305/4691 4693/5308/4691 4707/5333/4705 4689/5334/4705
f 4689/5334/4705 4707/5333/4705 4697/5330/4703 4681/5329/4703
f 4682/5335/4706 4698/5336/4706 4708/5337/4707 4690/5338/4707
f 4690/5338/4707 4708/5337/4707 4694/5309/4693 4678/5312/4693
f 4683/5339/4708 4699/5340/4708 4709/5341/4709 4691/5342/4709
f 4691/5342/4709 4709/5341/4709 4698/5336/4706 4682/5335/4706
f 4680/5328/4702 4696/5327/4702 4710/5343/4710 4692/5344/4710
f 4692/5344/4710 4710/5343/4710 4699/5340/4708 4683/5339/4708
f 4701/5325/4701 4694/5345/4711 4708/5346/4711 4698/5347/4711 4709/5348/4711 4699/5349/4711 4710/5350/4711 4696/5351/4711 4705/5352/4711 4695/5353/4711 4706/5354/4711 4697/5355/4711 4707/5356/4711 4693/5357/4711 4704/5326/4701
f 4686/5316/4697 4677/5358/4712 4689/5359/4712 4681/5360/4712 4688/5361/4712 4679/5362/4712 4687/5363/4712 4680/5364/4712 4692/5365/4712 4683/5366/4712 4691/5367/4712 4682/5368/4712 4690/5369/4712 4678/5370/4712 4702/5317/4697
f 4685/5371/4713 4702/5311/4694 4701/5310/4694 4703/5372/4713
f 4711/5305/4691 4727/5308/4691 4738/5307/4692 4720/5306/4692
f 4728/5309/4693 4712/5312/4693 4736/5311/4694 4735/5310/4694
f 4734/5313/4695 4718/5314/4695 4720/5306/4692 4738/5307/4692
f 4718/5315/4700 4719/5318/4700 4736/5317/4701 4720/5316/4701
f 4713/5319/4698 4721/5322/4699 4739/5321/4699 4729/5320/4698
f 4734/5323/4696 4738/5326/4697 4735/5325/4697 4737/5324/4696
f 4721/5322/4699 4714/5328/4702 4730/5327/4702 4739/5321/4699
f 4715/5329/4703 4722/5332/4704 4740/5331/4704 4731/5330/4703
f 4722/5332/4704 4713/5319/4698 4729/5320/4698 4740/5331/4704
f 4711/5305/4691 4723/5334/4705 4741/5333/4705 4727/5308/4691
f 4723/5334/4705 4715/5329/4703 4731/5330/4703 4741/5333/4705
f 4716/5335/4706 4724/5338/4707 4742/5337/4707 4732/5336/4706
f 4724/5338/4707 4712/5312/4693 4728/5309/4693 4742/5337/4707
f 4717/5339/4708 4725/5342/4709 4743/5341/4709 4733/5340/4708
f 4725/5342/4709 4716/5335/4706 4732/5336/4706 4743/5341/4709
f 4714/5328/4702 4726/5344/4710 4744/5343/4710 4730/5327/4702
f 4726/5344/4710 4717/5339/4708 4733/5340/4708 4744/5343/4710
f 4735/5325/4697 4738/5326/4697 4727/5357/4712 4741/5356/4712 4731/5355/4712 4740/5354/4712 4729/5353/4712 4739/5352/4712 4730/5351/4712 4744/5350/4712 4733/5349/4712 4743/5348/4712 4732/5347/4712 4742/5346/4712 4728/5345/4712
f 4720/5316/4701 4736/5317/4701 4712/5370/4711 4724/5369/4711 4716/5368/4711 4725/5367/4711 4717/5366/4711 4726/5365/4711 4714/5364/4711 4721/5363/4711 4713/5362/4711 4722/5361/4711 4715/5360/4711 4723/5359/4711 4711/5358/4711
f 4719/5371/4713 4737/5372/4713 4735/5310/4694 4736/5311/4694
f 4745/5373/4714 4778/5374/4715 4825/5375/4716 4777/5376/4717
f 4778/5374/4715 4746/5377/4718 4779/5378/4719 4825/5375/4716
f 4825/5375/4716 4779/5378/4719 4748/5379/4720 4780/5380/4721
f 4777/5376/4717 4825/5375/4716 4780/5380/4721 4747/5381/4722
f 4747/5381/4722 4780/5380/4721 4826/5382/4723 4781/5383/4724
f 4780/5380/4721 4748/5379/4720 4782/5384/4725 4826/5382/4723
f 4826/5382/4723 4782/5384/4725 4752/5385/4726 4783/5386/4727
f 4781/5383/4724 4826/5382/4723 4783/5386/4727 4751/5387/4728
f 4751/5387/4728 4783/5386/4727 4827/5388/4729 4784/5389/4730
f 4783/5386/4727 4752/5385/4726 4785/5390/4731 4827/5388/4729
f 4827/5388/4729 4785/5390/4731 4750/5391/4732 4786/5392/4733
f 4784/5389/4730 4827/5388/4729 4786/5392/4733 4749/5393/4734
f 4749/5393/4734 4786/5392/4733 4828/5394/4735 4787/5395/4736
f 4786/5392/4733 4750/5391/4732 4788/5396/4737 4828/5394/4735
f 4828/5394/4735 4788/5396/4737 4746/5377/4718 4778/5374/4715
f 4787/5395/4736 4828/5394/4735 4778/5374/4715 4745/5373/4714
f 4747/5381/4722 4781/5383/4724 4829/5397/4380 4777/5376/4717
f 4781/5383/4724 4751/5387/4728 4784/5389/4730 4829/5397/4380
f 4829/5397/4380 4784/5389/4730 4749/5393/4734 4787/5395/4736
f 4777/5376/4717 4829/5397/4380 4787/5395/4736 4745/5373/4714
f 4753/5398/4738 4789/5399/4739 4830/5400/4740 4790/5401/4741
f 4789/5399/4739 4755/5402/4742 4792/5403/4743 4830/5400/4740
f 4830/5400/4740 4792/5403/4743 4756/5404/4744 4791/5405/4745
f 4790/5401/4741 4830/5400/4740 4791/5405/4745 4754/5406/4746
f 4755/5402/4742 4793/5407/4747 4831/5408/4748 4792/5403/4743
f 4793/5407/4747 4759/5409/4749 4795/5410/4750 4831/5408/4748
f 4831/5408/4748 4795/5410/4750 4760/5411/4751 4794/5412/4752
f 4792/5403/4743 4831/5408/4748 4794/5412/4752 4756/5404/4744
f 4759/5409/4749 4796/5413/4753 4832/5414/4754 4795/5410/4750
f 4796/5413/4753 4757/5415/4755 4798/5416/4756 4832/5414/4754
f 4832/5414/4754 4798/5416/4756 4758/5417/4757 4797/5418/4758
f 4795/5410/4750 4832/5414/4754 4797/5418/4758 4760/5411/4751
f 4757/5415/4755 4799/5419/4759 4833/5420/4760 4798/5416/4756
f 4799/5419/4759 4753/5398/4738 4790/5401/4741 4833/5420/4760
f 4833/5420/4760 4790/5401/4741 4754/5406/4746 4800/5421/4761
f 4798/5416/4756 4833/5420/4760 4800/5421/4761 4758/5417/4757
f 4755/5402/4742 4789/5399/4739 4834/5422/4380 4793/5407/4747
f 4789/5399/4739 4753/5398/4738 4799/5419/4759 4834/5422/4380
f 4834/5422/4380 4799/5419/4759 4757/5415/4755 4796/5413/4753
f 4793/5407/4747 4834/5422/4380 4796/5413/4753 4759/5409/4749
f 4761/5423/4762 4801/5424/4763 4835/5425/4764 4802/5426/4765
f 4801/5424/4763 4763/5427/4766 4804/5428/4767 4835/5425/4764
f 4835/5425/4764 4804/5428/4767 4764/5429/4768 4803/5430/4769
f 4802/5426/4765 4835/5425/4764 4803/5430/4769 4762/5431/4770
f 4763/5427/4766 4805/5432/4771 4836/5433/4772 4804/5428/4767
f 4805/5432/4771 4767/5434/4773 4807/5435/4774 4836/5433/4772
f 4836/5433/4772 4807/5435/4774 4768/5436/4775 4806/5437/4776
f 4804/5428/4767 4836/5433/4772 4806/5437/4776 4764/5429/4768
f 4767/5434/4773 4808/5438/4777 4837/5439/4778 4807/5435/4774
f 4808/5438/4777 4765/5440/4779 4810/5441/4780 4837/5439/4778
f 4837/5439/4778 4810/5441/4780 4766/5442/4781 4809/5443/4782
f 4807/5435/4774 4837/5439/4778 4809/5443/4782 4768/5436/4775
f 4765/5440/4779 4811/5444/4783 4838/5445/4784 4810/5441/4780
f 4811/5444/4783 4761/5423/4762 4802/5426/4765 4838/5445/4784
f 4838/5445/4784 4802/5426/4765 4762/5431/4770 4812/5446/4785
f 4810/5441/4780 4838/5445/4784 4812/5446/4785 4766/5442/4781
f 4763/5427/4766 4801/5424/4763 4839/5447/4380 4805/5432/4771
f 4801/5424/4763 4761/5423/4762 4811/5444/4783 4839/5447/4380
f 4839/5447/4380 4811/5444/4783 4765/5440/4779 4808/5438/4777
f 4805/5432/4771 4839/5447/4380 4808/5438/4777 4767/5434/4773
f 4769/5448/4786 4814/5449/4787 4840/5450/4788 4813/5451/4789
f 4814/5449/4787 4770/5452/4790 4815/5453/4791 4840/5450/4788
f 4840/5450/4788 4815/5453/4791 4772/5454/4792 4816/5455/4793
f 4813/5451/4789 4840/5450/4788 4816/5455/4793 4771/5456/4794
f 4771/5456/4794 4816/5455/4793 4841/5457/4795 4817/5458/4796
f 4816/5455/4793 4772/5454/4792 4818/5459/4797 4841/5457/4795
f 4841/5457/4795 4818/5459/4797 4776/5460/4798 4819/5461/4799
f 4817/5458/4796 4841/5457/4795 4819/5461/4799 4775/5462/4800
f 4775/5462/4800 4819/5461/4799 4842/5463/4801 4820/5464/4802
f 4819/5461/4799 4776/5460/4798 4821/5465/4803 4842/5463/4801
f 4842/5463/4801 4821/5465/4803 4774/5466/4804 4822/5467/4805
f 4820/5464/4802 4842/5463/4801 4822/5467/4805 4773/5468/4806
f 4773/5468/4806 4822/5467/4805 4843/5469/4807 4823/5470/4808
f 4822/5467/4805 4774/5466/4804 4824/5471/4809 4843/5469/4807
f 4843/5469/4807 4824/5471/4809 4770/5452/4790 4814/5449/4787
f 4823/5470/4808 4843/5469/4807 4814/5449/4787 4769/5448/4786
f 4771/5456/4794 4817/5458/4796 4844/5472/4380 4813/5451/4789
f 4817/5458/4796 4775/5462/4800 4820/5464/4802 4844/5472/4380
f 4844/5472/4380 4820/5464/4802 4773/5468/4806 4823/5470/4808
f 4813/5451/4789 4844/5472/4380 4823/5470/4808 4769/5448/4786
